Community Index,Community Size,Term,Overlap,Adjusted P-value,Category,Gene_set,P-value,Old P-value,Old Adjusted P-value,Odds Ratio,Combined Score,Genes,Overlap (value)
0,1018,Collagen-Containing Extracellular Matrix (GO:0062023),90/373,4.036256088698363e-34,None,GO_Cellular_Component_2023,1.9312230089465853e-36,0.0,0.0,6.408058669428536,526.9661270719487,SRPX;SPON1;ECM1;SPARC;SERPINA1;TINAGL1;SERPINE2;COL14A1;ELN;TGFB1I1;LOXL3;LOXL1;HAPLN1;LOXL2;EFEMP2;EFEMP1;ADAMTS1;ANXA6;CTSH;ANXA8;CTSF;EDIL3;CTSC;SBSPON;SERPINB1;POSTN;COL27A1;DST;SERPINF1;ANXA4;ANXA5;P3H2;ANXA11;PCOLCE;NPNT;SERPINB6;ADAM19;VCAN;CCDC80;LOX;MMRN1;PXDN;COL6A1;MMRN2;ANGPTL2;COL21A1;MXRA7;MFGE8;MXRA5;MATN4;FREM2;MATN3;MATN2;ITIH5;CSTB;LRRC15;COL15A1;COL13A1;C17ORF58;SEMA3B;HTRA1;FBLN1;LTBP2;AEBP1;NID1;NID2;FBLN5;THBS4;CLEC3B;SRPX2;ABI3BP;SERPINH1;NDP;S100A10;CTHRC1;GDF10;LUM;PRG4;SULF1;KAZALD1;MFAP5;SMOC2;MFAP4;FRAS1;SMOC1;MFAP2;MGP;TGFBI;AGRN;FBN1,0.24128686327077747
0,1018,Extracellular Matrix Organization R-HSA-1474244,62/291,1.2395299398171236e-19,Extracellular matrix organization,Reactome_2022,2.6599354931697934e-22,0.0,0.0,5.310911549213426,263.8384920858116,DDR1;SPARC;COL14A1;LOXL3;PLOD2;CTSV;PLOD1;LOXL1;HAPLN1;LOXL2;ADAMTS5;EFEMP2;ADAMTS2;CAPN9;EFEMP1;CAPN6;ADAMTS1;CAPN5;COL27A1;DST;P3H2;PCOLCE;ADAM19;MMP11;VCAN;MMP16;LOX;CEACAM6;PXDN;ADAM12;COL6A1;COL21A1;MATN4;MATN3;DDR2;PLEC;COL15A1;COL13A1;PCOLCE2;HTRA1;NTN4;LRP4;FBLN1;LTBP3;NID1;NID2;KLK7;FBLN5;SPOCK3;SERPINH1;DMD;CRTAP;LUM;MFAP5;MFAP4;BMP1;P4HA2;MFAP3;MFAP2;SDC1;AGRN;FBN1,0.21305841924398625
0,1018,Post-translational Protein Phosphorylation R-HSA-8957275,23/106,3.052713647088939e-07,Metabolism of proteins,Reactome_2022,2.770476959508622e-09,0.0,0.0,5.263389235333293,103.71111809747816,SERPINA1;IGFBP5;IGFBP4;TMEM132A;MSLN;CHRDL1;PRSS23;FSTL1;CST3;VCAN;EVA1A;STC2;MXRA8;CALU;SPARCL1;FAM20C;SCG3;QSOX1;MELTF;MFGE8;SCG2;MATN3;FBN1,0.2169811320754717
0,1018,Elastic Fibre Formation R-HSA-1566948,14/39,3.052713647088939e-07,Extracellular matrix organization,Reactome_2022,3.275443827348647e-09,0.0,0.0,10.573625498007967,206.5749383476732,LOXL3;FBLN1;LTBP3;FBLN5;LOXL1;LOXL2;MFAP5;MFAP4;EFEMP2;EFEMP1;LOX;MFAP3;MFAP2;FBN1,0.358974358974359
0,1018,Platelet Degranulation R-HSA-114608,23/125,5.755691189487678e-06,Hemostasis,Reactome_2022,7.41076118818156e-08,0.0,0.0,4.278648142674155,70.24576521346093,ECM1;SPARC;SERPINA1;WDR1;PCDH7;ANXA5;ENDOD1;RAB27B;LHFPL2;ISLR;CLEC3B;SCCPDH;MMRN1;SELENOP;HABP4;CALU;PHACTR2;CD9;SCG3;TAGLN2;MAGED2;QSOX1;FAM3C,0.184
0,1018,Crosslinking Of Collagen Fibrils R-HSA-2243919,7/10,6.05334725996743e-06,Extracellular matrix organization,Reactome_2022,9.093010905530477e-08,0.0,0.0,43.80250576986482,710.1776764994747,BMP1;LOX;PXDN;LOXL3;PCOLCE;LOXL1;LOXL2,0.7
0,1018,Response To Elevated Platelet Cytosolic Ca2+ R-HSA-76005,23/130,9.04829350781036e-06,Hemostasis,Reactome_2022,1.5650080056487372e-07,0.0,0.0,4.077631146386136,63.897314802058105,ECM1;SPARC;SERPINA1;WDR1;PCDH7;ANXA5;ENDOD1;RAB27B;LHFPL2;ISLR;CLEC3B;SCCPDH;MMRN1;SELENOP;HABP4;CALU;PHACTR2;CD9;SCG3;TAGLN2;MAGED2;QSOX1;FAM3C,0.17692307692307693
0,1018,Collagen Biosynthesis And Modifying Enzymes R-HSA-1650814,16/67,9.04829350781036e-06,Extracellular matrix organization,Reactome_2022,1.7475244972165933e-07,0.0,0.0,5.927282689522915,92.22789887745029,COL15A1;CRTAP;COL27A1;COL13A1;PCOLCE2;COL14A1;P3H2;PLOD2;PCOLCE;PLOD1;ADAMTS2;BMP1;P4HA2;COL6A1;SERPINH1;COL21A1,0.23880597014925373
0,1018,Collagen Formation R-HSA-1474290,24/90,2.870522356799493e-09,Extracellular matrix organization,Reactome_2022,1.2319838441199544e-11,0.0,0.0,6.920065849643314,173.83074120896774,COL15A1;CRTAP;COL27A1;DST;COL13A1;PCOLCE2;COL14A1;LOXL3;P3H2;PLOD2;PCOLCE;CTSV;PLOD1;LOXL1;LOXL2;ADAMTS2;BMP1;LOX;P4HA2;COL6A1;PXDN;SERPINH1;COL21A1;PLEC,0.26666666666666666
0,1018,Vesicle (GO:0031982),32/235,8.90289944269106e-06,cellular anatomical structure,GO_Cellular_Component_2023,3.8337844490057205e-07,0.0,0.0,3.0022682081155887,44.35624074488912,RIPOR1;SERPINE2;AHNAK;CORO1C;CST3;EFEMP2;MUC1;OLFML3;BASP1;PEG10;HAS2;STOM;CD59;CTSF;KCNN4;PROM1;EDIL3;SLC12A2;ANXA4;SLC4A11;ATP1B1;MYO1D;MYO1E;MYO1B;GPRC5A;MYO5C;CD9;TAGLN2;ANXA2P2;MFGE8;GPRC5C;DDR2,0.13617021276595745
0,1018,Actin Cytoskeleton (GO:0015629),40/327,6.938288401728495e-06,cellular anatomical structure,GO_Cellular_Component_2023,2.6558041729104285e-07,0.0,0.0,2.664187027496918,40.33938332574911,MACF1;LAD1;CLIC4;AHNAK;WDR1;SYNPO2;FAM107A;NEXN;RCSD1;CORO1C;LIMA1;CNN1;LASP1;ABLIM1;CALD1;SH3PXD2B;COTL1;TSPAN5;PLS3;SYNPO;SVIL;TPM4;TPM2;TPM1;MICAL2;SORBS2;MTSS1;AIF1L;CTTNBP2NL;MYO1D;MYO1E;MARCKS;MYO1B;AXL;PALLD;MYO5C;CDC42EP3;TAGLN2;DDR2;GAS7,0.12232415902140673
0,1018,Regulation Of IGF Transport And Uptake By IGFBPs R-HSA-381426,25/123,3.052713647088939e-07,Metabolism of proteins,Reactome_2022,2.42035928008757e-09,0.0,0.0,4.851306081344925,96.24675855274138,SERPINA1;MSLN;CHRDL1;PRSS23;FSTL1;CST3;EVA1A;STC2;QSOX1;IGFBP5;IGFBP4;IGFBP2;TMEM132A;VCAN;PAPPA;MXRA8;CALU;SPARCL1;FAM20C;SCG3;MELTF;MFGE8;SCG2;MATN3;FBN1,0.2032520325203252
0,1018,Extracellular Structure Organization (GO:0043062),24/109,6.850257588926603e-07,cellular process,GO_Biological_Process_2023,9.158261549931987e-10,0.0,0.0,5.367830512486685,111.71096514109564,POSTN;COL15A1;ECM2;MIA;COL13A1;COL14A1;NDNF;NPNT;ADAMTS5;MMP11;SMOC2;ADAMTS2;CCDC80;SPINT1;MMP16;ADAMTS1;SPOCK2;SMOC1;PXDN;TGFBI;MATN4;RECK;MATN3;MATN2,0.22018348623853212
0,1018,Extracellular Matrix Organization (GO:0030198),44/176,1.2958758362562166e-15,cellular process,GO_Biological_Process_2023,5.27636741146668e-19,0.0,0.0,6.451060917180014,271.4985685124155,COL15A1;ECM2;COL13A1;COL14A1;ELN;LOXL3;NDNF;CTSV;NID1;NID2;LOXL1;KLK7;LOXL2;ADAMTS5;ADAMTS2;FLRT2;ADAMTS1;SPOCK2;SH3PXD2B;SERPINH1;HAS2;QSOX1;GPM6B;POSTN;CRTAP;COL27A1;MIA;LUM;NPNT;MMP11;SMOC2;CCDC80;BMP1;LOX;SPINT1;MMP16;SMOC1;PXDN;TGFBI;MATN4;RECK;MATN3;DDR2;MATN2,0.25
0,1018,Cell-Substrate Junction (GO:0030055),54/395,3.445283122073432e-09,cellular anatomical structure,GO_Cellular_Component_2023,3.470110025928381e-11,0.0,0.0,3.062185906718098,73.75045007172436,SCARB2;TES;TGFB1I1;FHL1;FAM107A;RND3;MRC2;AKAP12;LASP1;ALCAM;CSRP2;CSRP1;ADGRE5;CAPN5;ANXA6;PRSS8;SCARF2;TNS3;TNS1;TPM4;DST;MME;ANXA5;PALLD;PHLDB2;DDR2;PLEC;FBLN7;AHNAK;FBLIM1;SYNPO2;NEDD9;NEXN;LPP;CORO1C;PDLIM1;LIMA1;CNN1;EFS;FLRT2;EPB41L2;DMD;CD59;SVIL;LAYN;IGF2R;AIF1L;EHD3;DAB2;MARCKS;PTK7;CD9;SNTB1;SNTB2,0.13670886075949368
0,1018,Supramolecular Fiber Organization (GO:0097435),45/316,4.956831730857627e-07,cellular process,GO_Biological_Process_2023,4.0365079241511613e-10,0.0,0.0,3.193209270222199,69.07062047484949,KRT80;COL14A1;LOXL3;KRT23;LTBP2;LOXL1;FBLN5;LOXL2;CORO1C;CST3;CNN1;EFEMP2;ADAMTS2;SERPINH1;PRSS8;MAP4;KRT6B;CRTAP;COL27A1;TPM4;LUM;TPM2;TPM1;KRT13;KRT7;KRT34;RHOF;KLHL24;MYO1D;MFAP4;MYO1E;KRT19;MARCKS;MYO1B;BIN3;BMP1;KRT17;LOX;KRT16;KRT15;MYO5C;PXDN;KRT14;TAGLN2;DDR2,0.14240506329113925
0,1018,Focal Adhesion (GO:0005925),53/387,3.445283122073432e-09,cellular anatomical structure,GO_Cellular_Component_2023,4.94538247187574e-11,0.0,0.0,3.066439142440508,72.76654478235494,SCARB2;TES;TGFB1I1;FHL1;FAM107A;RND3;MRC2;AKAP12;LASP1;ALCAM;CSRP2;CSRP1;ADGRE5;CAPN5;ANXA6;PRSS8;SCARF2;TNS3;TNS1;TPM4;DST;MME;ANXA5;PALLD;PHLDB2;DDR2;PLEC;FBLN7;AHNAK;FBLIM1;SYNPO2;NEDD9;NEXN;LPP;CORO1C;PDLIM1;LIMA1;CNN1;EFS;FLRT2;EPB41L2;CD59;SVIL;LAYN;IGF2R;AIF1L;EHD3;DAB2;MARCKS;PTK7;CD9;SNTB1;SNTB2,0.13695090439276486
0,1018,Basement Membrane (GO:0005604),15/46,2.176811943522316e-07,cellular anatomical structure,GO_Cellular_Component_2023,4.1661472603297915e-09,0.0,0.0,9.142411475251665,176.4144781874551,COL15A1;DST;P3H2;NID1;NID2;THBS4;LOXL2;SMOC2;EFEMP2;CCDC80;FRAS1;SMOC1;PXDN;AGRN;FBN1,0.32608695652173914
0,1018,Cell-Cell Junction (GO:0005911),41/299,3.113942912006043e-07,cellular anatomical structure,GO_Cellular_Component_2023,7.449624191402016e-09,0.0,0.0,3.0455674307522638,56.99810587559861,CLIC4;COL13A1;AHNAK;WDR1;CTNND2;PTPRM;LDB3;AQP3;NDRG1;TMEM47;PDLIM1;PDLIM3;PDZD2;PDLIM2;FLRT2;TRIM29;EPB41L3;CCN3;STXBP6;PCDH1;PDLIM4;CXADR;NIBAN2;CADM1;HEG1;FRMD4A;FRMD4B;KLHL24;MYO1E;GJB2;FRMD5;KRT18;GJB3;PTK7;CDH11;PKP2;DCHS1;PKP3;STEAP1;DSC2;JCAD,0.13712374581939799
0,1018,Cytoskeleton (GO:0005856),64/599,4.951320222209392e-07,cellular anatomical structure,GO_Cellular_Component_2023,1.6402116341472287e-08,0.0,0.0,2.3131487685887264,41.46517049529661,FHOD3;LAD1;RIPOR2;CLIC4;SYNM;FAM107A;LDB3;SEPTIN11;EPB41L4B;BASP1;SYNPO;TPM4;DST;TPM2;TPM1;KRT8;MTUS1;KRT7;NAV1;RHOF;EML1;MTSS1;CTTNBP2NL;FRMD5;PALLD;CDC42EP3;TAGLN2;PHLDB2;DDR2;PLEC;MACF1;KRT80;AHNAK;GYPC;SYNPO2;NEXN;PPL;NDRG1;CORO1C;PDLIM1;LIMA1;CNN1;ABLIM1;NUAK1;CALD1;EPB41L2;EPB41L3;TSPAN5;STOM;PDLIM4;MPZL2;SVIL;DTNA;KRT13;SORBS2;AIF1L;MYO1D;MYO1E;MARCKS;MYO1B;KRT17;AXL;KRT16;MYO5C,0.10684474123539232
0,1018,Endoplasmic Reticulum Lumen (GO:0005788),39/284,4.951320222209392e-07,cellular anatomical structure,GO_Cellular_Component_2023,1.6583369165294614e-08,0.0,0.0,3.046603156073461,54.57948577686463,SPON1;COL15A1;SERPINA1;COL13A1;COL14A1;MSLN;CHRDL1;PRSS23;FSTL1;TSPAN33;CST3;ADAMTS5;EVA1A;STC2;SERPINH1;TSPAN5;QSOX1;CTSC;CRTAP;COL27A1;IGFBP5;IGFBP4;RNASET2;TMEM132A;P3H2;SELENOM;VCAN;P4HA2;EOGT;COL6A1;MXRA8;CALU;SPARCL1;COL21A1;FAM20C;MELTF;MFGE8;MATN3;FBN1,0.13732394366197184
0,1018,External Encapsulating Structure Organization (GO:0045229),24/110,6.850257588926603e-07,cellular process,GO_Biological_Process_2023,1.1156771317470039e-09,0.0,0.0,5.30513312432736,109.35897613402354,POSTN;COL15A1;ECM2;MIA;COL13A1;COL14A1;NDNF;NPNT;ADAMTS5;MMP11;SMOC2;ADAMTS2;CCDC80;SPINT1;MMP16;ADAMTS1;SPOCK2;SMOC1;PXDN;TGFBI;MATN4;RECK;MATN3;MATN2,0.21818181818181817
1,872,Membrane Trafficking R-HSA-199991,88/599,1.4189334259506044e-21,Vesicle-mediated transport,Reactome_2022,4.944018905751235e-24,0.0,0.0,4.08936059746795,219.450889672495,ARF3;ARF4;DENND1B;SCOC;MCFD2;C2CD5;GOLIM4;GCC1;FNBP1L;CLINT1;BICD1;RABEPK;BICD2;GOLGA4;AP1G2;CAPZB;GOLGA1;AP1S2;TMED3;KIF1C;KIF21A;KIF1B;AP3S1;KIFAP3;SNAP29;TPD52;NAA30;GAPVD1;ARFGAP3;RAB33A;VAMP8;TRAPPC6A;KIFC2;RAB36;DNAJC6;KIF16B;TBC1D24;PLIN3;PREB;VAMP4;SEC23A;COPA;TMF1;RABGAP1;STX16;GOSR2;GOSR1;GGA2;TGOLN2;ARFRP1;GGA1;BLOC1S6;SCFD1;VPS51;KIF3B;MAN2A2;BLOC1S1;MAN2A1;LMAN2;PACSIN2;TBC1D13;AP4S1;CHML;RAB6A;YKT6;RAB6B;TBC1D15;TBC1D16;TBC1D8B;GALNT2;SEC16A;GALNT1;SURF4;M6PR;HIP1R;TOR1B;PUM1;SEC23IP;CNIH1;NECAP1;CAPZA2;RAB18;YIPF6;RAB9A;CNIH2;SEC24D;ACBD3;BET1,0.14691151919866444
1,872,Intra-Golgi And Retrograde Golgi-to-ER Traffic R-HSA-6811442,45/181,5.589590179125915e-20,Vesicle-mediated transport,Reactome_2022,5.842777190723952e-22,0.0,0.0,7.598691229817199,371.5126722449765,ARF3;ARF4;SCOC;COPA;TMF1;STX16;GOSR2;GOSR1;GOLIM4;GCC1;BICD1;RABEPK;BICD2;TGOLN2;ARFRP1;GOLGA4;KIF3B;MAN2A2;CAPZB;VPS51;MAN2A1;GOLGA1;TMED3;KIF1C;KIF21A;KIF1B;KIFAP3;RAB6A;RAB6B;SNAP29;YKT6;NAA30;GALNT2;GALNT1;SURF4;M6PR;ARFGAP3;RAB36;KIFC2;KIF16B;CAPZA2;RAB18;PLIN3;RAB9A;VAMP4,0.24861878453038674
1,872,Retrograde Transport At Trans-Golgi-Network R-HSA-6811440,17/48,5.432252346838004e-10,Vesicle-mediated transport,Reactome_2022,7.571083410227183e-12,0.0,0.0,12.248594604791547,313.6459030002234,SCOC;NAA30;TMF1;STX16;M6PR;GCC1;RABEPK;TGOLN2;ARFRP1;GOLGA4;VPS51;GOLGA1;PLIN3;RAB9A;RAB6A;VAMP4;RAB6B,0.3541666666666667
1,872,trans-Golgi Network Vesicle Budding R-HSA-199992,18/71,5.4853739800372445e-08,Vesicle-mediated transport,Reactome_2022,9.556400662085791e-10,0.0,0.0,7.585833591091865,157.54744523550343,TPD52;TBC1D8B;HIP1R;M6PR;PUM1;CLINT1;VAMP8;TGOLN2;BLOC1S6;NECAP1;AP1G2;DNAJC6;BLOC1S1;AP1S2;YIPF6;AP4S1;AP3S1;ACBD3,0.2535211267605634
1,872,Golgi-to-ER Retrograde Transport R-HSA-8856688,22/112,1.2280196830802814e-07,Vesicle-mediated transport,Reactome_2022,2.567288536056337e-09,0.0,0.0,5.474980392156863,108.2973872265269,ARF3;ARF4;COPA;GALNT2;GALNT1;SURF4;ARFGAP3;BICD1;BICD2;KIF3B;CAPZB;KIFC2;KIF16B;CAPZA2;TMED3;RAB18;KIF1C;KIF21A;KIF1B;KIFAP3;RAB6A;RAB6B,0.19642857142857142
1,872,Transport To Golgi And Subsequent Modification R-HSA-948021,25/164,1.7076137707600352e-06,Metabolism of proteins,Reactome_2022,4.759899012571527e-08,0.0,0.0,4.032216965506698,67.9850098414672,ARF3;ARF4;COPA;MCFD2;SEC23A;GOSR2;GOSR1;SCFD1;MAN2A2;CAPZB;MAN2A1;LMAN2;MGAT5;TMED3;YKT6;SEC16A;ARFGAP3;TRAPPC6A;SEC23IP;CNIH1;CAPZA2;PREB;CNIH2;SEC24D;BET1,0.1524390243902439
1,872,ER To Golgi Anterograde Transport R-HSA-199977,22/133,2.181334764508584e-06,Metabolism of proteins,Reactome_2022,6.840422606472911e-08,0.0,0.0,4.434276629570747,73.15594746025906,ARF3;ARF4;COPA;MCFD2;SEC23A;SEC16A;GOSR2;GOSR1;ARFGAP3;SCFD1;TRAPPC6A;SEC23IP;CNIH1;CAPZB;LMAN2;CAPZA2;TMED3;PREB;CNIH2;SEC24D;YKT6;BET1,0.16541353383458646
1,872,Vesicle-mediated Transport R-HSA-5653656,88/637,5.1762643084426804e-20,Vesicle-mediated transport,Reactome_2022,3.607152828183052e-22,0.0,0.0,3.798539087766254,187.54889143247263,ARF3;ARF4;DENND1B;SCOC;MCFD2;C2CD5;GOLIM4;GCC1;FNBP1L;CLINT1;BICD1;RABEPK;BICD2;GOLGA4;AP1G2;CAPZB;GOLGA1;AP1S2;TMED3;KIF1C;KIF21A;KIF1B;AP3S1;KIFAP3;SNAP29;TPD52;NAA30;GAPVD1;ARFGAP3;RAB33A;VAMP8;TRAPPC6A;KIFC2;RAB36;DNAJC6;KIF16B;TBC1D24;PLIN3;PREB;VAMP4;SEC23A;COPA;TMF1;RABGAP1;STX16;GOSR2;GOSR1;GGA2;TGOLN2;ARFRP1;GGA1;BLOC1S6;SCFD1;VPS51;KIF3B;MAN2A2;BLOC1S1;MAN2A1;LMAN2;PACSIN2;TBC1D13;AP4S1;CHML;RAB6A;YKT6;RAB6B;TBC1D15;TBC1D16;TBC1D8B;GALNT2;SEC16A;GALNT1;SURF4;M6PR;HIP1R;TOR1B;PUM1;SEC23IP;CNIH1;NECAP1;CAPZA2;RAB18;YIPF6;RAB9A;CNIH2;SEC24D;ACBD3;BET1,0.13814756671899528
1,872,Golgi Associated Vesicle Biogenesis R-HSA-432722,15/55,3.3054899587326335e-07,Vesicle-mediated transport,Reactome_2022,8.062170631055203e-09,0.0,0.0,8.352392065344224,155.65587184195107,TPD52;TBC1D8B;HIP1R;PUM1;CLINT1;VAMP8;TGOLN2;BLOC1S6;NECAP1;DNAJC6;BLOC1S1;AP1S2;YIPF6;AP3S1;ACBD3,0.2727272727272727
1,872,Golgi Membrane (GO:0000139),46/427,1.2200627683447462e-06,cellular anatomical structure,GO_Cellular_Component_2023,1.6053457478220345e-08,0.0,0.0,2.740214676555261,49.1795688338118,ARF3;MARCHF2;COPA;TMED10;STX16;PGAP4;PITPNB;GOSR2;GOSR1;GOLIM4;ATP2C1;CLN3;SCFD1;AP1G2;GNPTAB;MAN2A2;MAN2A1;LMAN2;MGAT5;AP1S2;TMED3;RAB6A;YKT6;RAB6B;SNAP29;ARMH3;ARFGEF1;GALNT7;SLC35A1;GALNT2;GALNT1;SURF4;GOLPH3L;VPS13B;ZDHHC13;ARFGAP3;ZDHHC17;RAB33A;RAB36;VAPA;RER1;VAMP4;ACBD3;DIPK2A;RNF121;BET1,0.10772833723653395
1,872,Endomembrane System Organization (GO:0010256),28/196,5.786667352794176e-06,cellular process,GO_Biological_Process_2023,3.2094660858536755e-08,0.0,0.0,3.744075829383886,64.60244150588075,WASHC4;PLEKHF2;TMED10;TOR1AIP2;RAB22A;LAPTM4B;SYNGR1;SYNGR2;SERP1;VPS51;FHIP1B;TMED3;TMED1;RAB6B;TMED4;ARFGEF1;BCAS3;SEC16A;AKTIP;SURF4;GOLPH3L;VPS13B;TOR1B;SEC23IP;HOOK2;VAPA;REEP4;REEP3,0.14285714285714285
1,872,Endosomal Transport (GO:0016197),27/180,3.963779513252498e-06,localization,GO_Biological_Process_2023,1.978592103121047e-08,0.0,0.0,3.962756700313261,70.2925482003098,WASHC4;TMEM87A;DENND1B;STX12;STX16;GOSR1;LAPTM4B;ARFRP1;GGA1;AP5M1;VPS51;BLOC1S1;ENTR1;RAB6A;SNX7;AP5S1;CCDC93;RAB6B;YKT6;SNX6;VTI1B;CMTM6;LMTK2;BLTP1;PREPL;RAB9A;VAMP4,0.15
1,872,Early Endosome (GO:0005769),37/307,1.3025347333447576e-06,cellular anatomical structure,GO_Cellular_Component_2023,2.2851486549908027e-08,0.0,0.0,3.094903526280772,54.452505329957646,WASHC4;PLEKHF2;TGFBRAP1;CLCN3;SNX31;RAB22A;ECPAS;GGA2;GGA1;LAPTM4B;CLN3;ZFYVE26;RPS6KC1;VPS8;AP1S2;AP3S2;AP3S1;ENTR1;SNX7;SNX6;VTI1B;TBC1D16;RABGAP1L;TMEM30A;PPP1R21;STX8;STX7;CMTM6;LMTK2;ATP11B;HPS6;TMEM230;VAMP8;SNX16;KIF16B;WDFY1;ATP13A3,0.12052117263843648
1,872,Cytosolic Transport (GO:0016482),24/127,2.510968207694261e-07,localization,GO_Biological_Process_2023,1.11412898843894e-09,0.0,0.0,5.227605788605972,107.76810180836138,TMEM87A;STX16;STX8;VPS13C;GOSR1;VPS13A;LMTK2;KLHL20;ARFRP1;CLN3;GGA1;PREPL;CCDC91;HOOK2;VPS51;SNX16;KIF16B;FHIP1B;RAB9A;RAB6A;RAB6B;YKT6;SNX6;VTI1B,0.1889763779527559
1,872,COPII-coated ER To Golgi Transport Vesicle (GO:0030134),19/76,4.8377097455248854e-08,cellular anatomical structure,GO_Cellular_Component_2023,4.2436050399341084e-10,0.0,0.0,7.452520515826495,160.82865527124616,MCFD2;SEC23A;TMED10;GOSR2;SEC16A;TEX261;IER3IP1;ECPAS;SEC23IP;CNIH1;LMAN2;TMED3;TMED1;SEC24D;ERGIC2;TMED5;ERGIC1;TMED4;VTI1B,0.25
1,872,"Retrograde Vesicle-Mediated Transport, Golgi To Endoplasmic Reticulum (GO:0006890)",17/48,1.9500947698056587e-09,localization,GO_Biological_Process_2023,7.571083410227183e-12,0.0,0.0,12.248594604791547,313.6459030002234,ARF3;ARF4;COPA;TMED10;PITPNB;GOLPH3L;USE1;BICD2;SCFD1;RER1;LMAN2;KIF1C;RAB6A;ATP9B;RAB6B;ERGIC2;ERGIC1,0.3541666666666667
1,872,trans-Golgi Network (GO:0005802),38/241,1.282768227035898e-09,cellular anatomical structure,GO_Cellular_Component_2023,5.626176434367974e-12,0.0,0.0,4.24773481707245,110.03158557252708,SCOC;STX16;ATP2C1;BICD1;RABEPK;ECPAS;TMEM165;TGOLN2;GGA2;ARFRP1;GGA1;CLN3;GOLGA4;CCDC91;VPS51;GOLGA1;AP1S2;AP4S1;RAB6A;ARL5A;ATP9B;ARFGEF1;YIPF2;YIPF4;STX8;YIPF5;GOLPH3L;M6PR;SCAMP1;TMEM230;KLHL20;PREPL;TRAPPC6A;HOOK2;YIPF6;RAB9A;PHIP;VAMP4,0.15767634854771784
1,872,Protein Localization (GO:0008104),48/351,6.097034803333865e-10,localization,GO_Biological_Process_2023,2.028963328896461e-12,0.0,0.0,3.61914832259925,97.44012585281656,CUTA;ARF3;ARF4;STX12;COPA;TMED10;SAR1A;STX16;WDR45;SNX31;BICD1;RAB22A;RPGR;GGA2;ARFRP1;GGA1;ARL17A;SCFD1;ODR4;FHIP1B;TMED3;TBC1D13;TMED1;AP4S1;SPTSSA;RAB6A;RAB6B;ARL5A;TMED5;SNX6;TMED4;LRBA;STX8;AKTIP;STX7;VPS13A;RABL2B;HPS6;DNAJC15;ARFGAP3;TM9SF1;RAP2A;SEC23IP;NIN;HOOK2;UNC50;RAB18;PHIP,0.13675213675213677
1,872,Endoplasmic Reticulum To Golgi Vesicle-Mediated Transport (GO:0006888),27/115,1.6741584249027796e-10,localization,GO_Biological_Process_2023,4.642702232120853e-13,0.0,0.0,6.913394298009683,196.3287119008756,ARF4;COPA;TMED10;SAR1A;GOSR2;GOSR1;MIA2;TEX261;IER3IP1;USE1;SCFD1;LMAN2;TMED3;TMED1;YKT6;TMED5;TMED4;SEC16A;YIPF4;YIPF5;TRAPPC6A;VAPA;PREB;SEC24D;ERGIC2;ERGIC1;BET1,0.23478260869565218
1,872,Vesicle-Mediated Transport (GO:0016192),55/411,5.36606976788212e-11,localization,GO_Biological_Process_2023,1.1904758220481684e-13,0.0,0.0,3.54977789391168,105.63873890465948,ARF3;PLEKHF2;WASHC4;ARF4;DENND1B;MIA2;FNBP1L;CLINT1;RAB22A;GOLGA4;AP1G2;SCRN1;AP1S2;KIF1C;AP3S2;KIF1B;AP3S1;AP5S1;ARL5A;SNAP29;STX8;AKTIP;STX7;VPS13B;ARFGAP3;VAMP8;RAB36;PLIN3;SNAP47;STX12;TMED10;STX16;GOSR2;GOSR1;TGFBRAP1;ARL17A;AP5M1;VPS51;BLOC1S1;FHIP1B;AP4S1;CHML;ATP9B;VTI1B;TBC1D8B;ARFGEF1;M6PR;HIP1R;TVP23B;TVP23C;BLTP1;NECAP1;SNX16;HOOK2;SGSM3,0.13381995133819952
1,872,Intracellular Protein Transport (GO:0006886),48/325,5.36606976788212e-11,localization,GO_Biological_Process_2023,1.1204732783468309e-13,0.0,0.0,3.9643195121096353,118.21543319493104,IPO13;ARF3;RTN2;ARF4;STX12;C2CD5;COPA;TMED10;SAR1A;STX16;KATNB1;PTTG1IP;NXT2;SNX31;RAB22A;TRAK2;RPGR;GGA2;ARFRP1;GGA1;ARL17A;SCFD1;TMED3;TBC1D13;FAM53B;TMED1;AP4S1;RAB6A;RAB6B;ARL5A;TMED5;SNX6;TMED4;AKIRIN2;DESI1;STX8;SEC16A;SURF4;STX7;XPO7;RABL2B;RANBP6;DNAJC15;ARFGAP3;SEC23IP;RAB18;PREB;PHIP,0.1476923076923077
1,872,Protein Transport (GO:0015031),48/313,2.358350855946619e-11,localization,GO_Biological_Process_2023,2.6160297902902042e-14,0.0,0.0,4.146473713134274,129.67903096809823,ARF3;ARF4;STX12;COPA;TMED10;SAR1A;STX16;RAB3D;MIA2;SNX31;RAB22A;RPGR;GGA2;ARFRP1;GGA1;ARL17A;GOLGA4;SCFD1;KIF3B;TMED3;TBC1D13;TMED1;SNX7;RAB6A;RAB6B;ARL5A;TMED5;SNX6;TMED4;STX8;SURF4;STX7;CMTM6;GOLPH3L;LMTK2;RABL2B;TVP23B;SCAMP1;DNAJC15;TVP23C;ARFGAP3;ZDHHC17;PDIA4;SEC23IP;PREPL;RAB18;PREB;PHIP,0.15335463258785942
1,872,Golgi Vesicle Transport (GO:0048193),41/197,7.312155594715207e-14,localization,GO_Biological_Process_2023,4.0555494147061603e-17,0.0,0.0,6.000277700638711,226.4736439651222,ARF3;ARF4;COPA;TMED10;SAR1A;PITPNB;GOSR2;GOSR1;MIA2;TEX261;IER3IP1;USE1;BICD2;GOLGA4;SCFD1;VPS51;LMAN2;TMED3;KIF1C;TMED1;RAB6A;YKT6;RAB6B;ATP9B;TMED5;VTI1B;TMED4;YIPF4;SEC16A;SURF4;YIPF5;GOLPH3L;SCAMP1;TRAPPC6A;RER1;VAPA;PREB;SEC24D;ERGIC2;ERGIC1;BET1,0.20812182741116753
1,872,SNARE interactions in vesicular transport,12/33,5.260043205686671e-07,"Folding, sorting and degradation",KEGG_2021_Human,6.658282538843888e-09,0.0,0.0,12.695681063122924,239.02671976572765,VAMP8;STX16;GOSR2;STX8;GOSR1;STX7;VAMP4;USE1;SNAP29;YKT6;VTI1B;BET1,0.36363636363636365
2,942,Ribosome,35/158,1.6215885551119418e-13,Translation,KEGG_2021_Human,1.1106770925424261e-14,0.0,0.0,5.940472028755568,190.8746224474201,MRPS17;MRPS15;MRPS16;MRPS14;MRPS11;MRPL19;MRPS12;MRPL16;MRPL17;MRPS10;MRPL36;MRPL15;MRPL12;MRPL34;MRPL13;MRPL35;MRPL11;MRPL4;MRPL20;MRPL3;MRPL2;MRPL1;MRPL9;MRPL27;MRPS18A;MRPL28;MRPS2;MRPL23;MRPS7;MRPL24;MRPS5;MRPS18C;MRPL22;MRPL30;RSL24D1,0.22151898734177214
2,942,Aminoacyl-tRNA biosynthesis,16/66,5.852360062505448e-07,Translation,KEGG_2021_Human,4.81015895548393e-08,0.0,0.0,6.568639308855292,110.68124795212336,AARS1;RARS1;MARS1;GATB;YARS1;QRSL1;DARS1;GARS1;SARS1;NARS1;EPRS1;IARS1;FARSA;TARS1;VARS1;FARSB,0.24242424242424243
2,942,Regulation Of RNA Metabolic Process (GO:0051252),19/91,1.175258333165653e-06,biological regulation,GO_Biological_Process_2023,3.72735652589754e-08,0.0,0.0,5.428162995064404,92.84862743445562,SF3B5;ENY2;SF3B3;FUS;SRSF1;RRP1B;RC3H2;PQBP1;HNRNPL;SNRNP70;TRA2B;METTL4;HNRNPH2;SUPT20H;HNRNPH3;HNRNPA1;RBM12;GRSF1;FAM50A,0.2087912087912088
2,942,Protein Insertion Into Mitochondrial Inner Membrane (GO:0045039),7/12,8.331912158509394e-06,localization,GO_Biological_Process_2023,3.235694042139571e-07,0.0,0.0,28.52855614973262,426.326526706433,TIMM8B;TIMM8A;TIMM29;TIMM9;TIMM13;TIMM22;TIMM10,0.5833333333333334
2,942,Chromosome (GO:0005694),27/164,1.0225979791426265e-07,cellular anatomical structure,GO_Cellular_Component_2023,1.2917027104959492e-08,0.0,0.0,4.075361971999522,74.02780694094108,DDX27;RRP1;HP1BP3;HNRNPU;DDX21;NOL8;MACROH2A1;EMG1;BMS1;PES1;DDX18;IK;UTP6;NIFK;UTP4;KRR1;DNTTIP1;DNTTIP2;RRP1B;PUM3;FTSJ3;BOP1;RSL1D1;EBNA1BP2;CCDC86;MPHOSPH10;PIN4,0.16463414634146342
2,942,pre-mRNA Binding (GO:0036002),12/30,2.284260188330886e-07,binding,GO_Molecular_Function_2023,4.380772963922247e-09,0.0,0.0,13.64874551971326,262.68431112593686,HNRNPL;ZRSR2;ERI1;U2AF2;TRA2B;HNRNPU;U2AF1;HNRNPC;RNPC3;HNRNPA1;SRSF6;PRPF8,0.4
2,942,aminoacyl-tRNA Ligase Activity (GO:0004812),13/37,2.9303186884362255e-07,catalytic activity,GO_Molecular_Function_2023,6.422616303421864e-09,0.0,0.0,11.098044492285611,209.347299486838,RARS1;MARS1;YARS1;DARS1;GARS1;SARS1;NARS1;EPRS1;IARS1;FARSA;TARS1;VARS1;FARSB,0.35135135135135137
2,942,mRNA 3'-End Processing (GO:0031124),13/40,6.251645865782637e-07,cellular process,GO_Biological_Process_2023,1.9017951824710932e-08,0.0,0.0,9.863373599649163,175.34989662187138,ZNF473;CSTF3;CSTF2;SSU72;CSTF2T;WDR33;LSM10;NUDT21;PCF11;PAPOLA;RPRD1A;MTPAP;GRSF1,0.325
2,942,Protein Insertion Into Mitochondrial Membrane (GO:0051204),11/28,7.890373419907943e-07,localization,GO_Biological_Process_2023,2.4513781498743124e-08,0.0,0.0,13.23377772161496,231.90912266890265,TIMM8B;TIMM8A;SAMM50;TIMM29;HSPA4;MTX2;TIMM9;TIMM13;TIMM22;TIMM10;TOMM20,0.39285714285714285
2,942,U2-type Prespliceosome (GO:0071004),8/15,8.229289331615086e-07,protein-containing complex,GO_Cellular_Component_2023,1.126113276957854e-07,0.0,0.0,23.31110431324564,372.96189963485153,SF3A1;SNRNP70;U2AF2;SNRPG;LUC7L;LUC7L3;PRPF40A;SF3B1,0.5333333333333333
2,942,Prespliceosome (GO:0071010),8/15,8.229289331615086e-07,protein-containing complex,GO_Cellular_Component_2023,1.126113276957854e-07,0.0,0.0,23.31110431324564,372.96189963485153,SF3A1;SNRNP70;U2AF2;SNRPG;LUC7L;LUC7L3;PRPF40A;SF3B1,0.5333333333333333
2,942,U6 snRNA Binding (GO:0017070),8/13,9.940043314923685e-07,binding,GO_Molecular_Function_2023,2.45096958450173e-08,0.0,0.0,32.6389721627409,571.9717796536751,LSM8;PRPF4;LSM7;SART3;METTL16;PRPF8;LSM3;LSM2,0.6153846153846154
2,942,RNA transport,42/186,2.0647122524746158e-16,None,KEGG_2021_Human,1.1313491794381456e-17,0.0,0.0,6.1295370370370375,239.1778187553635,POP5;NXT1;RBM8A;POP1;GEMIN2;RPP30;EIF4A3;PHAX;NMD3;CASC3;PNN;MAGOH;EIF4EBP2;PAIP1;UPF2;EIF5B;EIF1AX;FUS;RPP40;THOC1;UPF3B;UPF3A;THOC2;THOC5;MAGOHB;THOC7;SNUPN;SRRM1;THOC6;DDX19A;DDX19B;DDX39B;XPOT;CLNS1A;EIF3J;GEMIN4;GEMIN5;EIF3H;GEMIN6;RNPS1;EIF3E;EIF3B,0.22580645161290322
2,942,Ribosome Assembly (GO:0042255),14/50,1.4241194341585688e-06,cellular process,GO_Biological_Process_2023,4.608800757794721e-08,0.0,0.0,7.971384099616858,134.65830428661465,RRP7BP;MRPS11;PPAN;MRPS2;PWP2;MRPS7;MRPL22;RRP7A;NGRN;MRPL20;DHX37;RRS1;DHX29;MDN1,0.28
2,942,RNA Capping (GO:0036260),6/7,2.029288448749098e-06,cellular process,GO_Biological_Process_2023,7.224004186485462e-08,0.0,0.0,122.1602564102564,2008.7142441333733,SNRPD2;SNRPD1;SNRPG;SNRPE;SNRPD3;SNRPF,0.8571428571428571
2,942,Establishment Of Protein Localization To Mitochondrion (GO:0072655),13/44,2.029288448749098e-06,localization,GO_Biological_Process_2023,6.88491699636951e-08,0.0,0.0,8.588874613701865,141.64211732767336,DNAJC19;TIMM8B;TIMM9;TIMM13;TOMM34;TIMM23;TIMM10;TOMM20;GDAP1;HSPD1;GRPEL1;TIMM17A;TIMM17B,0.29545454545454547
2,942,Viral mRNA Export From Host Cell Nucleus (GO:0046784),6/7,2.029288448749098e-06,viral process,GO_Biological_Process_2023,7.224004186485462e-08,0.0,0.0,122.1602564102564,2008.7142441333733,DDX39B;THOC1;THOC2;THOC5;THOC7;THOC6,0.8571428571428571
2,942,Translocation Of Molecules Into Host (GO:0044417),6/7,2.029288448749098e-06,biological process involved in interspecies interaction between organisms,GO_Biological_Process_2023,7.224004186485462e-08,0.0,0.0,122.1602564102564,2008.7142441333733,DDX39B;THOC1;THOC2;THOC5;THOC7;THOC6,0.8571428571428571
2,942,7-Methylguanosine Cap Hypermethylation (GO:0036261),6/7,2.029288448749098e-06,cellular process,GO_Biological_Process_2023,7.224004186485462e-08,0.0,0.0,122.1602564102564,2008.7142441333733,SNRPD2;SNRPD1;SNRPG;SNRPE;SNRPD3;SNRPF,0.8571428571428571
2,942,Mitochondrial Transport (GO:0006839),14/53,2.856237241861451e-06,localization,GO_Biological_Process_2023,1.0352704565970306e-07,0.0,0.0,7.357040229885057,118.32646323055606,DNAJC19;TIMM8B;MTX2;TIMM9;TOMM34;TIMM13;TIMM23;TIMM10;TOMM20;GDAP1;OXA1L;KIFBP;TIMM17A;TIMM17B,0.2641509433962264
2,942,Positive Regulation Of Transcription By RNA Polymerase I (GO:0045943),11/34,6.823780628263472e-06,biological regulation,GO_Biological_Process_2023,2.517511299747689e-07,0.0,0.0,9.778405641432776,148.58116070994348,UTP15;DHX33;HEATR1;MARS1;DDX21;WDR75;NOL11;PWP1;LYAR;SF3B1;WDR43,0.3235294117647059
2,942,Translational Termination (GO:0006415),6/8,7.388838342163363e-06,cellular process,GO_Biological_Process_2023,2.7738033905856e-07,0.0,0.0,61.07692307692308,922.1318237416954,GFM2;ETF1;MRPL58;APEH;MTRF1L;GSPT1,0.75
2,942,tRNA Aminoacylation (GO:0043039),9/22,8.211261297709135e-06,cellular process,GO_Biological_Process_2023,3.1356920166009e-07,0.0,0.0,14.131832797427652,211.6276692129992,GARS1;RARS1;EPRS1;NARS1;MARS1;GATB;IARS1;QRSL1;VARS1,0.4090909090909091
2,942,tRNA Processing (GO:0008033),13/50,9.164695691445275e-06,cellular process,GO_Biological_Process_2023,3.6184235416062257e-07,0.0,0.0,7.193814912867658,106.69907431498764,PUS3;SSB;POP1;METTL1;RPP30;NSUN2;DDX1;WDR4;RPP40;ELP5;FTSJ1;SARS1;FAM98A,0.26
2,942,mRNA surveillance pathway,32/98,1.6774713543423165e-17,Translation,KEGG_2021_Human,6.893717894557467e-19,0.0,0.0,10.11894771894772,423.1592781252689,DAZAP1;NXT1;RBM8A;CSTF3;EIF4A3;CSTF2;CSTF2T;CASC3;SMG7;GSPT1;SMG5;PNN;PABPN1;CLP1;PCF11;MAGOH;PAPOLA;UPF2;RNGTT;FUS;SSU72;UPF3B;UPF3A;MAGOHB;SRRM1;WDR33;DDX19A;NUDT21;DDX19B;DDX39B;RNPS1;ETF1,0.32653061224489793
2,942,Processing Of Capped Intron-Containing Pre-mRNA R-HSA-72203,117/242,1.1300540393196874e-87,Metabolism of RNA,Reactome_2022,6.766790654608908e-90,0.0,0.0,21.48034909090909,4410.358839088499,EIF4A3;HNRNPU;HNRNPR;CASC3;CWC27;CCAR1;SNRPD2;MAGOH;PAPOLA;SNRPD3;SNRNP35;TXNL4A;METTL3;THOC1;THOC2;THOC5;WBP11;CDC40;THOC7;SRRM1;THOC6;PRPF4;PRPF6;DDX39B;HNRNPUL1;SARNP;ZC3H11A;PRPF3;SNRPG;SRSF2;SNRNP27;SRSF3;PPIH;SNRPE;SRSF4;SNRNP25;SNRPF;SRSF5;SRSF6;SRSF7;SRSF9;RBM8A;CSTF3;CSTF2;SNU13;RNPC3;PRPF8;PCBP1;DHX38;ZRSR2;CHTOP;PRPF38A;FUS;UPF3B;MAGOHB;LSM5;LSM3;CHERP;LSM2;HNRNPL;HNRNPM;LSM8;LSM7;HNRNPK;HNRNPD;RNPS1;HNRNPC;NXT1;DDX46;PPWD1;PQBP1;PCF11;SNRNP70;DHX15;BCAS2;CTNNBL1;BUD31;PRPF40A;TFIP11;WDR33;GCFC2;HNRNPH2;DNAJC8;FYTTD1;SF3B4;SF3B5;SF3B2;SF3B3;LUZP4;SRRT;DDX23;SRSF1;WBP4;CSTF2T;U2AF1;PABPN1;PUF60;U2AF2;TRA2B;HNRNPA1;SF3B1;SMNDC1;SRSF11;HNRNPA0;SF3A3;SF3A1;HNRNPA3;GPKOW;U2SURP;NUDT21;SNRNP40;PHF5A;HNRNPA2B1;RBM42;SNRNP48;PPIL3;PPIL4,0.4834710743801653
2,942,Spliceosome,78/150,3.476946807110862e-61,Transcription,KEGG_2021_Human,4.762940831658715e-63,0.0,0.0,23.805748456790123,3416.172409333961,RBM25;DDX46;EIF4A3;HNRNPU;PQBP1;SNRPD2;SNRPD1;SNRNP70;MAGOH;DHX15;SNRPD3;TXNL4A;BCAS2;CTNNBL1;BUD31;THOC1;PRPF40A;THOC2;WBP11;CDC40;PRPF4;PRPF6;RBMXL1;PRPF18;DDX39B;PRPF3;SNRPG;SRSF2;SNRNP27;SRSF3;PPIH;SNRPE;SRSF4;SNRPF;SRSF5;SRSF6;SRSF7;SRSF8;SRSF9;SF3B4;SF3B5;SF3B2;SF3B3;DHX8;RBM8A;DDX23;SRSF1;SNU13;U2AF1;PRPF8;PUF60;U2AF2;PCBP1;TRA2B;TRA2A;DHX38;HNRNPA1;SF3B1;SMNDC1;SF3A3;HNRNPA3;SF3A1;PRPF38A;FUS;LSM5;MAGOHB;LSM3;U2SURP;CHERP;LSM2;HNRNPM;LSM8;LSM7;SNRNP40;HNRNPK;PHF5A;HNRNPC;HNRNPA1L2,0.52
2,942,Metabolism Of Non-Coding RNA R-HSA-194441,13/52,8.255994478027883e-06,Metabolism of RNA,Reactome_2022,5.932451121936203e-07,0.0,0.0,6.824183710082526,97.8428133974478,GEMIN2;PHAX;SNUPN;WDR77;SNRPD2;CLNS1A;GEMIN4;SNRPG;GEMIN5;GEMIN6;SNRPE;SNRPD3;SNRPF,0.25
2,942,Mitochondrial Protein Import R-HSA-1268020,17/65,8.022639425588514e-08,Protein localization,Reactome_2022,5.284373274339738e-09,0.0,0.0,7.278603603603604,138.71935274250413,DNAJC19;HSPA9;TIMM8B;TIMM8A;MTX2;TIMM9;TIMM13;TIMM23;TIMM22;TIMM10;TOMM20;HSPD1;CHCHD3;SAMM50;GRPEL1;TIMM17A;TIMM17B,0.26153846153846155
2,942,Processing Of Capped Intronless Pre-mRNA R-HSA-75067,14/29,1.530562562223568e-10,Metabolism of RNA,Reactome_2022,9.623297546914647e-12,0.0,0.0,19.152442528735637,485.8368328039406,ZNF473;CSTF3;CSTF2;CSTF2T;WDR33;LSM10;NUDT21;PABPN1;PCF11;PAPOLA;SNRPG;SNRPE;SNRPD3;SNRPF,0.4827586206896552
2,942,tRNA Aminoacylation R-HSA-379724,19/42,1.3691069833509166e-13,Metabolism of proteins,Reactome_2022,8.198245409286924e-15,0.0,0.0,17.036365349286353,552.5720609223773,AARS1;RARS1;MARS1;YARS1;DARS1;AIMP1;AIMP2;GARS1;SARS1;NARS1;EPRS1;PPA2;PPA1;IARS1;EEF1E1;FARSA;TARS1;VARS1;FARSB,0.4523809523809524
2,942,mRNA Splicing - Minor Pathway R-HSA-72165,24/49,3.85325699751756e-18,Metabolism of RNA,Reactome_2022,2.191972543498013e-19,0.0,0.0,19.903790849673204,855.1527382399421,SF3B4;SF3B5;ZRSR2;SF3B2;SF3B3;DDX23;SRSF1;RNPC3;PRPF8;SNRNP40;PRPF6;SNRPD2;SNRPG;SRSF2;SNRPE;SNRNP48;SNRPD3;SNRNP25;SNRPF;SNRNP35;TXNL4A;SRSF6;SRSF7;SF3B1,0.4897959183673469
2,942,Cytosolic tRNA Aminoacylation R-HSA-379716,18/24,2.1238618507919163e-18,Metabolism of proteins,Reactome_2022,1.1445962070136076e-19,0.0,0.0,61.85714285714285,2697.8414399891444,AARS1;RARS1;MARS1;YARS1;DARS1;AIMP1;AIMP2;GARS1;SARS1;EPRS1;NARS1;PPA1;IARS1;EEF1E1;FARSA;TARS1;FARSB;VARS1,0.75
2,942,Transport Of Mature Transcript To Cytoplasm R-HSA-72202,34/83,2.0227421575083476e-22,Metabolism of RNA,Reactome_2022,1.0295394214862847e-23,0.0,0.0,14.526341814258744,768.884292535853,FYTTD1;NXT1;LUZP4;RBM8A;EIF4A3;SRSF1;U2AF1;CASC3;U2AF2;MAGOH;DHX38;SRSF11;CHTOP;THOC1;UPF3B;THOC2;THOC5;MAGOHB;CDC40;THOC7;SRRM1;THOC6;WDR33;DDX39B;SARNP;ZC3H11A;SRSF2;SRSF3;SRSF4;RNPS1;SRSF5;SRSF6;SRSF7;SRSF9,0.40963855421686746
2,942,Transport Of Mature mRNA Derived From An Intron-Containing Transcript R-HSA-159236,33/74,3.5116550296336444e-23,Metabolism of RNA,Reactome_2022,1.6822299543155183e-24,0.0,0.0,16.838686307655156,921.7820518440434,FYTTD1;NXT1;LUZP4;RBM8A;EIF4A3;SRSF1;U2AF1;CASC3;U2AF2;MAGOH;DHX38;SRSF11;CHTOP;THOC1;UPF3B;THOC2;THOC5;MAGOHB;CDC40;THOC7;SRRM1;THOC6;DDX39B;SARNP;ZC3H11A;SRSF2;SRSF3;SRSF4;RNPS1;SRSF5;SRSF6;SRSF7;SRSF9,0.44594594594594594
2,942,rRNA Processing R-HSA-72312,65/199,8.949343070606649e-36,Metabolism of RNA,Reactome_2022,4.0191660496736455e-37,0.0,0.0,10.466992290542724,877.181830074882,LTV1;RBM28;DDX49;RPP30;WDR3;FCF1;NAT10;PWP2;WDR46;WDR43;RRP9;FBL;NOB1;UTP14A;UTP14C;UTP15;WDR36;DIMT1;WDR75;IMP4;UTP18;FTSJ3;EBNA1BP2;XRN2;C1D;UTP25;NIP7;HEATR1;TSR3;ISG20L2;SNU13;MRPL13;NOL6;RRP7A;EMG1;EXOSC10;PDCD11;ERI1;PES1;BMS1;DHX37;UTP20;DCAF13;NOP56;UTP6;NOP14;NOP58;UTP4;PNO1;UTP3;KRR1;WDR18;RPP40;RRP1B;WDR12;RCL1;BOP1;TBL3;LAS1L;MPHOSPH10;TSR1;NOL11;NOL12;RSL24D1;MPHOSPH6,0.32663316582914576
2,942,Major Pathway Of rRNA Processing In Nucleolus And Cytosol R-HSA-6791226,62/179,8.763411744166079e-36,Metabolism of RNA,Reactome_2022,3.673286359830093e-37,0.0,0.0,11.40580808080808,956.8852699278028,LTV1;RBM28;DDX49;RPP30;WDR3;FCF1;PWP2;WDR46;WDR43;RRP9;FBL;NOB1;UTP14A;UTP14C;UTP15;WDR36;WDR75;IMP4;UTP18;FTSJ3;EBNA1BP2;XRN2;C1D;UTP25;NIP7;HEATR1;ISG20L2;SNU13;MRPL13;NOL6;RRP7A;EMG1;EXOSC10;PDCD11;ERI1;BMS1;PES1;DHX37;UTP20;DCAF13;NOP56;NOP14;NOP58;UTP6;UTP4;PNO1;KRR1;UTP3;WDR18;RPP40;RRP1B;WDR12;RCL1;BOP1;TBL3;LAS1L;MPHOSPH10;TSR1;NOL11;NOL12;RSL24D1;MPHOSPH6,0.3463687150837989
2,942,rRNA Processing In Nucleus And Cytosol R-HSA-8868773,65/189,2.754502709763683e-37,Metabolism of RNA,Reactome_2022,1.0721118331415531e-38,0.0,0.0,11.317081693456432,989.4366442454576,LTV1;RBM28;DDX49;RPP30;WDR3;FCF1;NAT10;PWP2;WDR46;WDR43;RRP9;FBL;NOB1;UTP14A;UTP14C;UTP15;WDR36;DIMT1;WDR75;IMP4;UTP18;FTSJ3;EBNA1BP2;XRN2;C1D;UTP25;NIP7;HEATR1;TSR3;ISG20L2;SNU13;MRPL13;NOL6;RRP7A;EMG1;EXOSC10;PDCD11;ERI1;BMS1;PES1;DHX37;UTP20;DCAF13;NOP56;NOP14;NOP58;UTP6;UTP4;PNO1;KRR1;UTP3;WDR18;RPP40;RRP1B;WDR12;RCL1;BOP1;TBL3;LAS1L;MPHOSPH10;TSR1;NOL11;NOL12;RSL24D1;MPHOSPH6,0.3439153439153439
2,942,mRNA 3-End Processing R-HSA-72187,40/58,2.0728405438642846e-38,Metabolism of RNA,Reactome_2022,7.447331295320784e-40,0.0,0.0,46.90810544469081,4226.211464130327,FYTTD1;LUZP4;RBM8A;CSTF3;EIF4A3;CSTF2;SRSF1;CSTF2T;U2AF1;CASC3;PABPN1;PCF11;U2AF2;MAGOH;PAPOLA;DHX38;SRSF11;CHTOP;THOC1;UPF3B;THOC2;THOC5;MAGOHB;CDC40;THOC7;SRRM1;THOC6;WDR33;NUDT21;DDX39B;SARNP;ZC3H11A;SRSF2;SRSF3;SRSF4;RNPS1;SRSF5;SRSF6;SRSF7;SRSF9,0.6896551724137931
2,942,rRNA Modification In Nucleus And Cytosol R-HSA-6790901,41/60,4.4400419104694414e-39,Metabolism of RNA,Reactome_2022,1.4622892519510134e-40,0.0,0.0,45.598399439219584,4182.440255347537,UTP25;DDX49;WDR3;HEATR1;TSR3;FCF1;NAT10;SNU13;PWP2;WDR46;WDR43;RRP9;NOL6;RRP7A;FBL;EMG1;PDCD11;BMS1;DHX37;UTP20;UTP14A;DCAF13;UTP14C;UTP15;NOP56;WDR36;NOP14;NOP58;UTP6;UTP4;DIMT1;KRR1;PNO1;UTP3;WDR75;IMP4;UTP18;RCL1;TBL3;MPHOSPH10;NOL11,0.6833333333333333
2,942,RNA Polymerase II Transcription Termination R-HSA-73856,46/67,5.259909338438413e-44,Gene expression (Transcription),Reactome_2022,1.5748231552210818e-45,0.0,0.0,46.54028486394558,4801.197532989285,FYTTD1;ZNF473;LUZP4;RBM8A;CSTF3;EIF4A3;CSTF2;SRSF1;CSTF2T;U2AF1;CASC3;LSM10;PABPN1;PCF11;U2AF2;MAGOH;PAPOLA;DHX38;SNRPD3;SRSF11;CHTOP;THOC1;UPF3B;THOC2;THOC5;MAGOHB;CDC40;THOC7;SRRM1;THOC6;WDR33;NUDT21;DDX39B;SARNP;ZC3H11A;SNRPG;SRSF2;SRSF3;SNRPE;SRSF4;RNPS1;SNRPF;SRSF5;SRSF6;SRSF7;SRSF9,0.6865671641791045
2,942,Mitochondrial Translation Initiation R-HSA-5368286,61/82,4.5135832075629995e-62,Metabolism of proteins,Reactome_2022,1.2162349960499098e-63,0.0,0.0,62.76725582400951,9092.910378933317,MRPS17;MRPS15;MRPS16;MRPS14;MRPS11;MRPL38;MRPL39;MRPS10;MRPL36;MRPL37;MRPL34;MRPL35;MRPL4;MRPL41;MRPL3;MRPL42;MRPL1;MRPL40;MRPL9;CHCHD1;MRPS26;MRPS27;MRPS25;MRPS22;MRPS23;MRPL49;MRPS18B;MRPS18A;MRPS2;MRPL48;MRPS7;MRPL46;MRPL43;MRPS5;MRPL44;MRPS18C;MRPL52;OXA1L;MRPL50;MRPL51;AURKAIP1;MRPS35;MRPS33;MRPL19;MRPS34;MRPL16;MRPS31;MRPL17;MRPL58;MTIF2;MRPL15;MRPS30;MRPL12;MRPL13;MRPL57;MRPL11;MRPL20;PTCD3;MRPL23;MRPL24;MRPL30,0.7439024390243902
2,942,Mitochondrial Translation Elongation R-HSA-5389840,61/82,4.5135832075629995e-62,Metabolism of proteins,Reactome_2022,1.2162349960499098e-63,0.0,0.0,62.76725582400951,9092.910378933317,MRPS17;GFM1;MRPS15;MRPS16;MRPS14;MRPS11;MRPL38;MRPL39;MRPS10;MRPL36;MRPL37;MRPL34;MRPL35;MRPL4;MRPL41;MRPL3;MRPL42;MRPL1;MRPL40;MRPL9;CHCHD1;MRPS26;MRPS27;MRPS25;MRPS22;MRPS23;MRPL49;MRPS18B;MRPS18A;MRPS2;MRPL48;MRPS7;MRPL46;MRPL43;MRPS5;MRPL44;MRPS18C;MRPL52;OXA1L;MRPL50;MRPL51;AURKAIP1;MRPS35;MRPS33;MRPL19;MRPS34;MRPL16;MRPS31;MRPL17;MRPL58;MRPL15;MRPS30;MRPL12;MRPL13;MRPL57;MRPL11;MRPL20;PTCD3;MRPL23;MRPL24;MRPL30,0.7439024390243902
2,942,Translation R-HSA-72766,103/281,1.466173006771681e-62,Metabolism of proteins,Reactome_2022,3.0728176788628046e-64,0.0,0.0,13.02138715163852,1904.2847810335904,SRP19;APEH;YARS1;NARS1;CHCHD1;RARS1;EIF1AX;MRPS18B;MRPS18A;MRPS18C;OXA1L;PPA2;PPA1;AURKAIP1;TARS1;AARS1;MRPL19;MRPL16;MRPL17;MRPL15;MRPL12;MRPL13;GSPT1;MRPL11;MRPL20;SSR1;VARS1;MRPL23;MRPL24;AIMP1;MRPL30;AIMP2;EPRS1;SRPRB;FARSA;RSL24D1;FARSB;MRPS17;GFM1;MRPS15;MRPS16;GFM2;MRPS14;MRPS11;MRPL38;SRP54;MRPL39;MRPS10;MRPL36;MRPL37;MRPL34;MRPL35;MRPL41;MRPL4;MRPL42;MRPL3;MRPL40;MRPL1;SEC61G;SEC61B;MRPL9;EIF5B;MRPS26;MRPS27;MRPS25;MRPS22;MRPS23;SSR3;MARS1;MRPL49;MRPS2;MRPL48;MRPS7;MRPL46;MRPL43;MRPS5;DARS1;MRPL44;MRPL52;MRPL50;SARS1;MRPL51;ETF1;EEF1E1;MTRF1L;MRPS35;MRPS33;MRPS34;MRPS31;MRPL58;MTIF2;MRPS30;MRPL57;SRP72;EIF4H;IARS1;PTCD3;GARS1;EIF3M;EIF3J;EIF3H;EIF3E;EIF3B,0.3665480427046263
2,942,Mitochondrial Translation Termination R-HSA-5419276,62/82,1.0595010077031256e-63,Metabolism of proteins,Reactome_2022,1.9032952234187884e-65,0.0,0.0,67.06568181818182,9994.425966737195,MRPS17;MRPS15;MRPS16;GFM2;MRPS14;MRPS11;MRPL38;MRPL39;MRPS10;MRPL36;MRPL37;MRPL34;MRPL35;MRPL4;MRPL41;MRPL3;MRPL42;MRPL1;MRPL40;MRPL9;CHCHD1;MRPS26;MRPS27;MRPS25;MRPS22;MRPS23;MRPL49;MRPS18B;MRPS18A;MRPS2;MRPL48;MRPS7;MRPL46;MRPL43;MRPS5;MRPL44;MRPS18C;MRPL52;OXA1L;MRPL50;MRPL51;AURKAIP1;MTRF1L;MRPS35;MRPS33;MRPL19;MRPS34;MRPL16;MRPS31;MRPL17;MRPL58;MRPL15;MRPS30;MRPL12;MRPL13;MRPL57;MRPL11;MRPL20;PTCD3;MRPL23;MRPL24;MRPL30,0.7560975609756098
2,942,Mitochondrial Translation R-HSA-5368287,64/88,7.872985164026248e-64,Metabolism of proteins,Reactome_2022,1.178590593417103e-65,0.0,0.0,57.81017463933181,8642.835684476788,MRPS17;GFM1;MRPS15;MRPS16;GFM2;MRPS14;MRPS11;MRPL38;MRPL39;MRPS10;MRPL36;MRPL37;MRPL34;MRPL35;MRPL4;MRPL41;MRPL3;MRPL42;MRPL1;MRPL40;MRPL9;CHCHD1;MRPS26;MRPS27;MRPS25;MRPS22;MRPS23;MRPL49;MRPS18B;MRPS18A;MRPS2;MRPL48;MRPS7;MRPL46;MRPL43;MRPS5;MRPL44;MRPS18C;MRPL52;OXA1L;MRPL50;MRPL51;AURKAIP1;MTRF1L;MRPS35;MRPS33;MRPL19;MRPS34;MRPL16;MRPS31;MRPL17;MRPL58;MTIF2;MRPL15;MRPS30;MRPL12;MRPL13;MRPL57;MRPL11;MRPL20;PTCD3;MRPL23;MRPL24;MRPL30,0.7272727272727273
2,942,mRNA Splicing - Major Pathway R-HSA-72163,99/181,5.189899812500674e-81,Metabolism of RNA,Reactome_2022,6.215448877246317e-83,0.0,0.0,27.17680756878743,5144.230635882596,EIF4A3;HNRNPU;HNRNPR;CASC3;CWC27;CCAR1;SNRPD2;MAGOH;PAPOLA;SNRPD3;TXNL4A;WBP11;CDC40;SRRM1;PRPF4;PRPF6;HNRNPUL1;PRPF3;SNRPG;SRSF2;SNRNP27;SRSF3;PPIH;SNRPE;SRSF4;SNRPF;SRSF5;SRSF6;SRSF7;SRSF9;RBM8A;CSTF3;CSTF2;SNU13;PRPF8;PCBP1;DHX38;PRPF38A;FUS;UPF3B;LSM5;MAGOHB;LSM3;CHERP;LSM2;HNRNPL;HNRNPM;LSM8;LSM7;HNRNPK;HNRNPD;RNPS1;HNRNPC;DDX46;PPWD1;PQBP1;PCF11;SNRNP70;DHX15;BCAS2;CTNNBL1;BUD31;PRPF40A;TFIP11;WDR33;GCFC2;HNRNPH2;DNAJC8;SF3B4;SF3B5;SF3B2;SF3B3;DDX23;SRRT;SRSF1;WBP4;CSTF2T;U2AF1;PABPN1;PUF60;U2AF2;TRA2B;HNRNPA1;SF3B1;SMNDC1;SRSF11;HNRNPA0;SF3A3;HNRNPA3;SF3A1;GPKOW;U2SURP;NUDT21;SNRNP40;PHF5A;HNRNPA2B1;RBM42;PPIL3;PPIL4,0.5469613259668509
2,942,mRNA Splicing R-HSA-72172,104/189,1.7879017697406008e-85,Metabolism of RNA,Reactome_2022,1.6058997931801803e-87,0.0,0.0,27.701698722448405,5536.21825451134,EIF4A3;HNRNPU;HNRNPR;CASC3;CWC27;CCAR1;SNRPD2;MAGOH;PAPOLA;SNRPD3;SNRNP35;TXNL4A;WBP11;CDC40;SRRM1;PRPF4;PRPF6;HNRNPUL1;PRPF3;SNRPG;SRSF2;SNRNP27;SRSF3;PPIH;SNRPE;SRSF4;SNRNP25;SNRPF;SRSF5;SRSF6;SRSF7;SRSF9;RBM8A;CSTF3;CSTF2;SNU13;RNPC3;PRPF8;PCBP1;DHX38;ZRSR2;PRPF38A;FUS;UPF3B;LSM5;MAGOHB;LSM3;CHERP;LSM2;HNRNPL;HNRNPM;LSM8;LSM7;HNRNPK;HNRNPD;RNPS1;HNRNPC;DDX46;PPWD1;PQBP1;PCF11;SNRNP70;DHX15;BCAS2;CTNNBL1;BUD31;PRPF40A;TFIP11;WDR33;GCFC2;HNRNPH2;DNAJC8;SF3B4;SF3B5;SF3B2;SF3B3;DDX23;SRRT;SRSF1;WBP4;CSTF2T;U2AF1;PABPN1;PUF60;U2AF2;TRA2B;HNRNPA1;SF3B1;SMNDC1;SRSF11;HNRNPA0;SF3A3;HNRNPA3;SF3A1;GPKOW;U2SURP;NUDT21;SNRNP40;PHF5A;HNRNPA2B1;RBM42;SNRNP48;PPIL3;PPIL4,0.5502645502645502
2,942,tRNA Aminoacylation For Protein Translation (GO:0006418),13/35,9.760170273339636e-08,cellular process,GO_Biological_Process_2023,2.905940663906946e-09,0.0,0.0,12.108229768079068,238.005523662616,RARS1;MARS1;YARS1;DARS1;GARS1;SARS1;NARS1;EPRS1;IARS1;FARSA;TARS1;VARS1;FARSB,0.37142857142857144
2,942,Metabolism Of RNA R-HSA-8953854,219/666,7.508749958998784e-126,Metabolism of RNA,Reactome_2022,2.2481287302391568e-128,0.0,0.0,12.611536569290893,3706.7928383298113,LTV1;POP5;EIF4A3;FCF1;HNRNPU;HNRNPR;PHAX;PWP2;RRP9;CCAR1;LSM10;SNRPD2;MAGOH;SNRPD3;METTL1;METTL3;WDR75;IMP4;CDC40;WDR77;SRRM1;DDX39B;CLNS1A;SARNP;ZC3H11A;XRN2;CSTF3;CSTF2;SNU13;RNPC3;MRPL13;GSPT1;RRP7A;PDCD11;ERI1;PCBP1;DHX37;DHX38;ZRSR2;PRPF38A;PNO1;UPF3B;UPF3A;MAGOHB;SNUPN;HNRNPL;HNRNPM;TBL3;HNRNPK;LAS1L;EPRS1;HNRNPD;MPHOSPH10;RNPS1;HNRNPC;NOL11;NOL12;NAT10;SMG9;SMG7;WDR46;SMG5;WDR43;PQBP1;PCF11;DHX15;UTP14A;UTP14C;UPF2;WDR36;NSUN2;PRPF40A;WDR33;GCFC2;HNRNPH2;SF3B4;FYTTD1;SF3B5;ZNF473;SF3B2;SF3B3;NIP7;SRRT;TSR3;HEATR1;NOL6;EXOSC10;PES1;SF3B1;SRSF11;PAIP1;SF3A3;SF3A1;UTP6;UTP4;UTP3;WDR18;RRP1B;WDR12;NUDT21;BOP1;PHF5A;XPOT;TRMT6;HNRNPA2B1;TSR1;MPHOSPH6;GEMIN2;RPP30;CASC3;CWC27;FBL;PAPOLA;SNRNP35;TXNL4A;PUS3;DIMT1;THOC1;CDKAL1;THOC2;THOC5;PUS7;WBP11;FTSJ1;THOC7;FTSJ3;THOC6;PRPF4;EBNA1BP2;PRPF6;HNRNPUL1;PRPF3;SNRPG;SRSF2;GEMIN4;SNRNP27;SRSF3;GEMIN5;SNRPE;SRSF4;GEMIN6;PPIH;SNRNP25;SNRPF;SRSF5;SRSF6;SRSF7;SRSF9;UTP25;RBM8A;DDX1;ISG20L2;THADA;PRPF8;EMG1;UTP20;CHTOP;NOP14;FUS;RPP40;LSM1;LSM5;LSM3;CHERP;LSM2;RCL1;LSM8;LSM7;RSL24D1;RBM28;NXT1;DDX49;DDX46;TSEN15;WDR3;WDR4;PPWD1;NOB1;SNRNP70;TNPO1;BCAS2;CTNNBL1;UTP15;BUD31;TFIP11;UTP18;SKIC8;C1D;ETF1;DNAJC8;LUZP4;SRSF1;WBP4;DDX23;CSTF2T;U2AF1;LAGE3;PUF60;PABPN1;U2AF2;BMS1;TRA2B;HNRNPA1;SMNDC1;DCAF13;HNRNPA0;NOP56;HNRNPA3;NOP58;RNGTT;GPKOW;KRR1;U2SURP;PNRC2;SNRNP40;RBM42;SNRNP48;PPIL3;PPIL4,0.32882882882882886
2,942,Ribosome biogenesis in eukaryotes,43/108,1.7820049159249195e-27,Translation,KEGG_2021_Human,4.8822052491093683e-29,0.0,0.0,13.9761957730812,911.0994069997276,POP5;RBM28;NXT1;POP1;NVL;RPP30;WDR3;HEATR1;FCF1;NAT10;NMD3;SNU13;PWP2;AK6;WDR43;NOL6;RRP7A;FBL;EMG1;NOB1;TCOF1;BMS1;UTP14A;MDN1;UTP14C;UTP15;NOP56;WDR36;NOP58;UTP6;UTP4;IMP3;RPP40;WDR75;IMP4;GNL2;UTP18;GTPBP4;RCL1;TBL3;GNL3L;XRN2;MPHOSPH10,0.39814814814814814
2,942,mRNA Splice Site Recognition (GO:0006376),12/29,9.427612922323775e-08,cellular process,GO_Biological_Process_2023,2.7459066764049827e-09,0.0,0.0,14.45237191650854,284.90184070508576,SF3A3;SF3A1;PUF60;YTHDC1;SRSF1;LUC7L;LUC7L3;KHDC4;HNRNPC;SRSF5;SRSF6;SRSF9,0.41379310344827586
2,942,90S Preribosome (GO:0030686),7/12,2.276969881505624e-06,protein-containing complex,GO_Cellular_Component_2023,3.235694042139571e-07,0.0,0.0,28.52855614973262,426.326526706433,RSL1D1;NOP14;TBL3;UTP4;HEATR1;SRFBP1;UTP20,0.5833333333333334
2,942,"Endonucleolytic Cleavage Of Tricistronic rRNA Transcript (SSU-rRNA, 5.8S rRNA, LSU-rRNA) (GO:0000479)",9/13,2.3795557242894603e-08,cellular process,GO_Biological_Process_2023,6.622711724559662e-10,0.0,0.0,45.95016077170418,971.1725474834608,RCL1;NOP14;TBL3;BMS1;RPP40;RRS1;SDE2;TSR1;UTP20,0.6923076923076923
2,942,U2-type Precatalytic Spliceosome (GO:0071005),32/49,1.314731775293761e-29,protein-containing complex,GO_Cellular_Component_2023,6.227676830338867e-31,0.0,0.0,39.386683904330965,2739.388550526364,SF3B4;SF3B5;SF3B2;SF3B3;WBP4;SNU13;CWC27;PRPF8;SNRPD2;RBMX2;SNRPD1;SNRPD3;TXNL4A;SF3B1;SF3A3;IK;SF3A1;PRPF38A;LSM5;MAGOHB;LSM3;LSM2;PRPF4;LSM8;LSM7;PRPF6;PHF5A;MFAP1;PRPF3;SNRPG;SNRPE;SNRPF,0.6530612244897959
2,942,Precatalytic Spliceosome (GO:0071011),32/52,2.0033334361699654e-28,protein-containing complex,GO_Cellular_Component_2023,1.0543860190368239e-29,0.0,0.0,33.473406593406594,2233.412938388921,SF3B4;SF3B5;SF3B2;SF3B3;WBP4;SNU13;CWC27;PRPF8;SNRPD2;RBMX2;SNRPD1;SNRPD3;TXNL4A;SF3B1;SF3A3;IK;SF3A1;PRPF38A;LSM5;MAGOHB;LSM3;LSM2;PRPF4;LSM8;LSM7;PRPF6;PHF5A;MFAP1;PRPF3;SNRPG;SNRPE;SNRPF,0.6153846153846154
2,942,Mitochondrial Membrane (GO:0031966),95/540,3.0428135838685077e-28,cellular anatomical structure,GO_Cellular_Component_2023,1.7616289169765046e-29,0.0,0.0,4.691336242919491,310.60740899266494,MRPS17;MRS2;SLC25A3;MRPS15;MRPS16;MRPS14;MRPS11;MRPS12;MRPL38;MRPL39;MRPS10;MRPL36;MRPL37;MRPL34;MRPL35;TOMM20;MRPL41;MRPL4;MRPL42;MRPL3;NGRN;MRPL2;MRPL40;MRPL1;CHCHD3;OPA1;TIMM17A;TIMM17B;MRPL9;CHCHD1;TMEM14A;SLC25A46;MRPS28;MRPS26;TIMM29;MRPS27;MRPS25;MRPS22;MRPS23;MRPL49;MRPS18B;TOMM34;TIMM23;MRPS18A;MRPS2;TIMM22;MRPL48;MRPS7;MRPL46;CLPX;MRPL43;MRPS5;MRPL44;MRPS18C;MRPL52;IMMP1L;OXA1L;MRPL50;MRPL51;AURKAIP1;DAP3;TIMM9;MRPS33;MRPL19;MRPS34;MRPL16;TIMM13;MRPS31;MRPL17;MRPL58;MIEF1;TIMM10;MRPS30;MRPL12;MRPL13;MRPL57;MRPL11;HSPD1;MRPL20;SAMM50;ATP5MJ;DNAJC19;PTCD3;MTX2;MRPL27;MRPL28;IMMT;MRPL23;MRPL24;GDAP1;MRPL22;MRPL30;SFXN1;SLC25A32;ALDH18A1,0.17592592592592593
2,942,protein-RNA Complex Assembly (GO:0022618),49/150,3.324792007578729e-26,cellular process,GO_Biological_Process_2023,3.012756511721825e-28,0.0,0.0,10.29894781191445,652.6394530816145,GEMIN2;MRPS11;PPAN;PWP2;SART3;SNRPD2;SNRPD1;LUC7L;SNRPD3;TXNL4A;RRP7BP;MRPS7;WDR77;GCFC2;PRPF6;PRPF18;DDX39B;CLNS1A;GEMIN4;SNRPG;GEMIN5;LUC7L3;GEMIN6;SNRPE;SNRPF;SRSF5;SRSF6;SRSF9;YTHDC1;DDX1;DDX23;SRSF1;RRP7A;MRPL20;PUF60;RRS1;KHDC4;SF3B1;MDN1;ZRSR2;BOP1;NUDT21;EIF3M;EIF3J;EIF3H;EIF3E;DHX29;HNRNPC;EIF3B,0.32666666666666666
2,942,Spliceosomal Complex Assembly (GO:0000245),33/62,1.0723985109817425e-25,cellular process,GO_Biological_Process_2023,1.0411636028948956e-27,0.0,0.0,23.82144076476613,1480.0132171721427,SF3B4;SF3B5;SF3B2;SF3B3;DDX46;YTHDC1;DDX1;DDX23;SRSF1;HTATSF1;SNRPD2;PUF60;RBMX2;SNRPD1;LUC7L;KHDC4;SNRPD3;TXNL4A;SF3B1;SF3A3;ZRSR2;SF3A1;GCFC2;PRPF6;PHF5A;DDX39B;SNRPG;LUC7L3;SNRPE;SNRPF;SRSF5;SRSF6;SRSF9,0.532258064516129
2,942,ncRNA Processing (GO:0034470),38/100,6.075049083791951e-23,None,GO_Biological_Process_2023,6.291312967033734e-25,0.0,0.0,12.879103625463888,717.6939421970154,INTS12;INTS13;DDX49;DDX27;POP1;NVL;RPP30;NOLC1;NOL8;RRP9;NOL6;RRP7A;FBL;EMG1;EXOSC10;NOB1;PES1;UTP20;RRP12;LYAR;DCAF13;UTP15;NOP56;NOP14;WDR36;NOP58;RRP7BP;SSB;WDR18;INTS2;WDR74;DDX10;EBNA1BP2;MRTO4;XRN2;ESF1;PIN4;INTS8,0.38
2,942,U4/U6 X U5 tri-snRNP Complex (GO:0046540),23/35,1.652511275975407e-21,protein-containing complex,GO_Cellular_Component_2023,1.1306656098779101e-22,0.0,0.0,39.72234312658687,2007.3314914088912,DDX23;SNU13;LSM5;PRPF8;LSM3;LSM2;LSM8;PRPF4;LSM7;SNRNP40;PRPF18;PRPF6;SNRPD2;SNRPD1;PRPF3;SNRPG;RBM42;SNRNP27;PPIH;SNRPE;SNRPD3;SNRPF;TXNL4A,0.6571428571428571
2,942,Spliceosomal tri-snRNP Complex (GO:0097526),23/36,4.062242730764091e-21,protein-containing complex,GO_Cellular_Component_2023,2.9932314858261722e-22,0.0,0.0,36.66485310119696,1817.1291295996843,DDX23;SNU13;LSM5;PRPF8;LSM3;LSM2;LSM8;PRPF4;LSM7;SNRNP40;PRPF18;PRPF6;SNRPD2;SNRPD1;PRPF3;SNRPG;RBM42;SNRNP27;PPIH;SNRPE;SNRPD3;SNRPF;TXNL4A,0.6388888888888888
2,942,rRNA Processing (GO:0006364),46/101,4.2257576332785656e-32,cellular process,GO_Biological_Process_2023,3.555653672014327e-34,0.0,0.0,17.738189935064934,1366.18393421108,DDX49;DDX27;NVL;WDR3;MAK16;TSR3;NOLC1;NAT10;NOL8;SNU13;RRP9;NOL6;RRP7A;FBL;EMG1;EXOSC10;NOB1;ERI1;PES1;UTP20;RRP12;LYAR;RRP15;DCAF13;UTP15;NOP56;NOP14;WDR36;NOP58;RRP7BP;UTP4;WDR18;WDR74;DDX10;EBNA1BP2;NSA2;LAS1L;MRTO4;XRN2;C1D;MPHOSPH10;ESF1;SRFBP1;PIN4;NOL11;MPHOSPH6,0.45544554455445546
2,942,mRNA Binding (GO:0003729),60/282,4.950043674788522e-21,binding,GO_Molecular_Function_2023,2.712352698514259e-23,0.0,0.0,5.771894343322915,299.91710017713643,DAZAP1;RBM25;SLC4A1AP;MRPS11;EIF4A3;HNRNPU;HNRNPR;SYNCRIP;PCF11;SNRNP70;LUC7L;SNRNP35;CLUH;METTL3;THOC2;MRPS7;THOC5;CDC40;GEMIN5;LUC7L3;ETF1;NCBP3;SRSF7;FYTTD1;RBM8A;YTHDC1;CSTF3;CSTF2;UTP23;SRSF1;CSTF2T;MRPL12;MRPL13;DHX33;PCBP1;TRA2B;G3BP1;SF3B1;CHTOP;SSB;YTHDF3;UPF3B;UPF3A;LARP4;HNRNPAB;PUM3;LRPPRC;HNRNPL;HNRNPM;NUDT21;RSL1D1;HNRNPK;FUBP1;CAPRIN1;HNRNPA2B1;SERBP1;RBM42;RNPS1;HNRNPC;GRSF1,0.2127659574468085
2,942,"RNA Splicing, Via Transesterification Reactions (GO:0000375)",19/24,1.4994461379273896e-19,cellular process,GO_Biological_Process_2023,1.7469275393328812e-21,0.0,0.0,78.44138678223186,3749.218126916591,SF3A3;SF3B4;DBR1;SF3B3;GEMIN2;DDX23;LSM1;PRPF8;SRRM1;PRPF4;SNRNP40;PRPF6;PRPF3;TRA2B;MPHOSPH10;SRSF4;TXNL4A;SF3B1;SMNDC1,0.7916666666666666
2,942,mRNA Metabolic Process (GO:0016071),32/85,3.838303645054652e-19,cellular process,GO_Biological_Process_2023,4.720243964792129e-21,0.0,0.0,12.609579100145138,590.1588986163463,SF3B4;SF3B2;GEMIN2;CSTF3;SRSF1;HNRNPR;U2AF1;PRPF8;TBRG4;PCF11;U2AF2;DHX15;METTL16;HNRNPA0;SF3A3;SF3A1;SSB;METTL3;LSM5;FBXO11;HNRNPAB;LSM3;LSM2;NUDT21;PRPF18;PRPF3;HNRNPA2B1;SRSF2;SRSF4;SRSF5;SRSF7;SRSF9,0.3764705882352941
2,942,Maturation Of SSU-rRNA (GO:0030490),22/38,4.22526774631289e-18,cellular process,GO_Biological_Process_2023,5.469602260599211e-20,0.0,0.0,28.459510869565214,1262.2503408364005,UTP25;NOP14;UTP6;UTP4;UTP3;MRPS11;WDR3;HEATR1;TSR3;NGDN;NAT10;SNU13;PWP2;WDR46;WDR43;NOB1;DHX37;MPHOSPH10;TSR1;SRFBP1;NOL11;DCAF13,0.5789473684210527
2,942,mRNA Export From Nucleus (GO:0006406),27/62,4.387261926441888e-18,localization,GO_Biological_Process_2023,5.963268637882178e-20,0.0,0.0,16.038126463700234,709.94503880984,FYTTD1;ENY2;NXT1;RBM8A;YTHDC1;EIF4A3;CASC3;SMG7;SMG5;PABPN1;MAGOH;UPF2;CHTOP;THOC1;THOC2;THOC5;MAGOHB;THOC7;THOC6;DDX19A;DDX19B;DDX39B;SARNP;ZC3H11A;HNRNPA2B1;SRSF3;NCBP3,0.43548387096774194
2,942,Mitochondrial Ribosome (GO:0005761),17/22,6.412083389329887e-18,cellular anatomical structure,GO_Cellular_Component_2023,5.062171096839386e-19,0.0,0.0,70.03264864864865,2950.2878914681205,MRPS14;MRPS22;MRPS12;MRPL49;MRPL28;MRPL39;MRPL37;MRPL48;MRPL34;MRPL13;MRPL35;MRPL57;MRPL43;MRPL20;MRPL40;MRPL51;MRPL9,0.7727272727272727
2,942,U12-type Spliceosomal Complex (GO:0005689),18/28,1.108140812907656e-16,protein-containing complex,GO_Cellular_Component_2023,9.331712108696053e-18,0.0,0.0,37.10649350649351,1455.0611292162112,SF3B4;SF3B5;ZRSR2;SF3B2;SF3B3;RNPC3;LSM7;PHF5A;SNRPD2;SNRPD1;SNRPG;SNRNP48;SNRPE;SNRPD3;SNRNP25;SNRPF;SNRNP35;SF3B1,0.6428571428571429
2,942,"Maturation Of SSU-rRNA From Tricistronic rRNA Transcript (SSU-rRNA, 5.8S rRNA, LSU-rRNA) (GO:0000462)",19/30,1.2050674898485647e-16,cellular process,GO_Biological_Process_2023,1.7159537072277296e-18,0.0,0.0,35.64394760169408,1458.071375673813,UTP25;NOP14;UTP6;UTP4;UTP3;MRPS11;HEATR1;NGDN;RPP40;PWP2;WDR46;WDR43;TBL3;BMS1;DHX37;RRS1;TSR1;UTP20;DCAF13,0.6333333333333333
2,942,U2-type Prespliceosome Assembly (GO:1903241),17/23,1.2466134306358966e-16,cellular process,GO_Biological_Process_2023,1.8557999291019826e-18,0.0,0.0,58.35747747747748,2382.631686454404,SF3A3;SF3B4;SF3B5;SF3A1;SF3B2;SF3B3;DDX46;HTATSF1;PHF5A;SNRPD2;RBMX2;SNRPD1;SNRPG;SNRPE;SNRPD3;SNRPF;SF3B1,0.7391304347826086
2,942,rRNA Metabolic Process (GO:0016072),34/91,3.3525804281700035e-20,cellular process,GO_Biological_Process_2023,3.688923448471849e-22,0.0,0.0,12.482301568900224,616.0207724505967,DDX49;DDX27;NVL;DIS3L;NOL8;NOLC1;RRP9;NOL6;RRP7A;FBL;EMG1;EXOSC10;NOB1;PES1;UTP20;RRP12;LYAR;DCAF13;UTP15;NOP56;WDR36;NOP14;NOP58;RRP7BP;NIFK;WDR18;MARS1;WDR74;DDX10;EBNA1BP2;MRTO4;XRN2;ESF1;PIN4,0.37362637362637363
2,942,U2 snRNP (GO:0005686),17/25,1.919595460136903e-16,protein-containing complex,GO_Cellular_Component_2023,1.8185641201296977e-17,0.0,0.0,43.76351351351352,1686.9039864892104,SF3B4;SF3A3;SF3B5;SF3B2;SF3A1;SF3B3;DDX46;HTATSF1;PHF5A;SNRPD2;RBMX2;SNRPD1;SNRPG;SNRPE;SNRPD3;SNRPF;SF3B1,0.68
2,942,Organelle Inner Membrane (GO:0019866),87/398,6.0326703928374476e-33,cellular anatomical structure,GO_Cellular_Component_2023,2.54007174435261e-34,0.0,0.0,6.133728211203249,474.4788445112335,MRPS17;MRS2;SLC25A3;MRPS15;MRPS16;MRPS14;MRPS11;MRPS12;MRPL38;MRPL39;MRPS10;MRPL36;MRPL37;MRPL34;MRPL35;MRPL41;MRPL4;MRPL42;MRPL3;MRPL2;MRPL40;MRPL1;CHCHD3;OPA1;TIMM17A;TIMM17B;MRPL9;CHCHD1;MRPS28;MRPS26;TIMM29;MRPS27;MRPS25;MRPS22;MRPS23;MRPL49;MRPS18B;TIMM23;MRPS18A;MRPS2;TIMM22;MRPL48;MRPS7;MRPL46;CLPX;MRPL43;MRPS5;MRPL44;MRPS18C;MRPL52;IMMP1L;MRPL50;MRPL51;MATR3;AURKAIP1;DAP3;TIMM9;MRPS33;MRPL19;MRPS34;MRPL16;TIMM13;MRPS31;MRPL17;MRPL58;TIMM10;MRPS30;MRPL12;MRPL13;MRPL57;MRPL11;HSPD1;MRPL20;ATP5MJ;DNAJC19;PTCD3;MRPL27;MRPL28;IMMT;MRPL23;MRPL24;MRPL22;MRPL30;GARS1;SFXN1;SLC25A32;ALDH18A1,0.2185929648241206
2,942,RNA Modification (GO:0009451),16/51,2.7548748620637723e-08,cellular process,GO_Biological_Process_2023,7.845598312673525e-10,0.0,0.0,9.391175563097809,196.89443158469552,PUS3;AARS1;SSB;METTL1;NSUN2;WDR4;METTL3;TSR3;NAT10;PUS7;ELP5;FTSJ1;HNRNPAB;FTSJ3;SARS1;ALKBH1,0.3137254901960784
2,942,RNA Binding (GO:0003723),366/1411,6.617979943398589e-183,binding,GO_Molecular_Function_2023,1.813145189972216e-185,0.0,0.0,10.952880781499202,4659.171248151788,POP5;SLC4A1AP;POP1;RTCA;RRP1;EIF4A3;PPAN;FCF1;HNRNPU;GPATCH4;HNRNPR;PWP2;CCAR1;RRP9;LSM10;PNN;SNRPD2;SNRPD1;ALKBH1;MAGOH;LUC7L;SNRPD3;ABT1;DDX18;NGDN;METTL3;DNTTIP2;DDX10;WDR75;RC3H2;CDC40;GTPBP4;SRRM1;DDX39B;LACTB2;CLNS1A;ZC3H11A;SUB1;SARNP;GRWD1;XRN2;CCDC86;SRFBP1;AARS1;DHX8;CSTF3;MRPL19;CSTF2;MRPL16;NOLC1;SNU13;NMD3;MRPL12;HTATSF1;MRPL13;GSPT1;MRPL11;RRP7A;MRPL20;DHX33;PDCD11;ERI1;DHX35;PCBP1;ERI3;DHX37;RRS1;DHX38;RBM12;LYAR;RBM10;TRMT1L;PRPF38A;PNO1;MRPL27;KNOP1;MRPL28;UPF3B;PRRC2C;UPF3A;PA2G4;LARP4;MRPL23;MAGOHB;SNUPN;PUM3;MRPL22;AIMP1;HNRNPL;HNRNPM;TBL3;TBL2;HNRNPK;LAS1L;EPRS1;FUBP1;HNRNPD;MPHOSPH10;RNPS1;DHX29;NOL11;HNRNPC;ALDH18A1;NOL12;FARSA;DZIP3;SUGP2;MRPS15;DAZAP1;GFM1;MRPS14;FASTKD2;MRPS11;MRPS12;SRP54;MRPL39;NAT10;MRPL37;SMG7;ZCCHC17;WDR46;WDR43;SMG5;MRPL41;MRPL42;SYNCRIP;MRPL40;PCF11;DHX15;RRP12;SEC61B;UTP14A;MRPS28;MRPS26;WDR36;MRPS27;CLUH;NSUN2;STRBP;MRPS23;PRPF40A;MRPS7;GNL2;MRPL43;MRPS5;MRPL44;WDR33;NME1;NSA2;SDE2;FAM32A;HNRNPH2;HNRNPH3;SF3B4;FYTTD1;SF3B5;SF3B2;NIP7;SRRT;HEATR1;MRPS31;NOL8;MRPS30;NOL6;BCLAF1;EXOSC10;TCOF1;SRP72;PES1;SF3B1;SRSF11;TEFM;TSNAX;SF3A3;UTP6;SF3A1;UTP4;YTHDF3;UTP3;RSRC2;NOC3L;RRP1B;NPM3;ELP5;LRPPRC;NUDT21;BOP1;RSL1D1;PHF5A;XPOT;SERBP1;HNRNPA2B1;TRMT6;TSR1;UBAP2;SRP19;DBR1;RPP30;BCCIP;NUCKS1;CASC3;APEH;YARS1;FBL;HMGN5;RBMX2;ZNF207;MTPAP;SNRNP35;CHCHD1;EIF1AX;DIMT1;THOC2;WBP11;THOC5;PUS7;ILF2;FTSJ3;EBNA1BP2;ILF3;RBMXL1;PRPF6;HNRNPUL1;PSPC1;RPL7L1;PRPF3;MRTO4;SRSF2;SNRPG;SRSF3;GEMIN5;SRSF4;ERH;MATR3;SRSF5;SNRPF;SRSF6;SRSF7;FKBP3;SRSF8;SRSF9;DAP3;LRRC59;UTP25;RBM8A;YTHDC1;DDX1;UTP23;ISG20L2;UBFD1;PRPF8;EMG1;G3BP1;KHDC4;UTP20;GCN1;HSPA9;NOP14;CHTOP;NOP16;FUS;API5;NONO;RPP40;LSM1;TBCA;LSM5;LSM3;CHERP;LSM2;LSM8;LSM7;GNL3L;CAPRIN1;PIN4;GRSF1;RBM27;RBM28;DIDO1;RBM25;DDX49;RBM26;DDX46;NVL;CCDC47;WDR3;MRPL4;DUSP11;NGRN;MRPL3;MRPL2;MRPL1;SART3;SNRNP70;MRPL9;TNPO1;METTL16;UTP15;EIF5B;RBM14;RBM19;EDF1;URB1;UTP18;DARS1;TSN;SUPV3L1;DNAJC2;DDX19A;SARS1;DDX19B;C1D;LUC7L3;ETF1;NCBP3;DDX27;NUFIP1;USP10;SRSF1;MAK16;DDX23;WBP4;GTPBP10;DDX21;CSTF2T;U2AF1;MTIF2;TBRG4;HSPD1;PABPN1;PUF60;U2AF2;BMS1;TRA2B;TRA2A;EIF4H;HNRNPA1;SMNDC1;DCAF13;HNRNPA0;NOP56;PTCD3;NOP58;HNRNPA3;SSB;GPKOW;NIFK;KRR1;IMMT;HSPE1;HNRNPAB;TPD52L2;U2SURP;SNRNP40;MFAP1;EIF3H;RBM42;ESF1;EIF3E;FAM98A;SLIRP;NAA15;R3HDM1;PPIL4;EIF3B;FAM50A,0.2593905031892275
2,942,mRNA Processing (GO:0006397),111/214,1.916065236154892e-86,cellular process,GO_Biological_Process_2023,1.2401716738866616e-89,0.0,0.0,24.58150783358452,5032.199036526795,DBR1;GEMIN2;EIF4A3;HNRNPU;HNRNPR;CASC3;CWC27;PNN;SNRPD2;SNRPD1;RBMX2;MAGOH;PAPOLA;SNRPD3;SNRNP35;TXNL4A;IK;METTL3;FBXO11;CDC40;SRRM1;PRPF4;PRPF6;DDX39B;PRPF3;SNRPG;SRSF2;GEMIN5;SNRNP27;SRSF3;GEMIN6;PPIH;SNRPE;SRSF4;SNRPF;SRSF5;SRSF6;SRSF7;SRSF8;SRSF9;DHX8;RBM8A;YTHDC1;CWF19L2;SNU13;C9ORF78;HTATSF1;RNPC3;PRPF8;DHX35;DHX38;RPRD1A;RBM10;ZRSR2;PRPF38A;MAGOHB;LSM5;LSM3;LSM2;HNRNPM;LSM8;LSM7;HNRNPK;CWF19L1;RNPS1;HNRNPC;DDX46;PPWD1;SYNCRIP;SART3;RSRC1;SNRNP70;DHX15;BCAS2;CTNNBL1;RBM14;BUD31;RBM19;CENATAC;PRPF40A;TFIP11;GCFC2;PRPF18;HNRNPH3;SF3B4;SF3B5;SF3B2;SF3B3;DDX23;SRSF1;WBP4;U2AF1;TBRG4;U2AF2;TRA2B;TRA2A;HNRNPA1;SF3B1;HNRNPA0;SF3A3;SF3A1;HNRNPA3;RNGTT;GPKOW;NUDT21;SNRNP40;PHF5A;MFAP1;HNRNPA2B1;RBM42;PPIL3,0.5186915887850467
2,942,"mRNA Splicing, Via Spliceosome (GO:0000398)",110/211,2.995718079937611e-86,cellular process,GO_Biological_Process_2023,3.877952207038979e-89,0.0,0.0,24.815189451637472,5051.746386950954,DBR1;GEMIN2;EIF4A3;HNRNPU;HNRNPR;CASC3;CWC27;PNN;SNRPD2;SNRPD1;RBMX2;MAGOH;SNRPD3;SNRNP35;TXNL4A;IK;METTL3;CDC40;SRRM1;WDR77;PRPF4;PRPF6;DDX39B;CLNS1A;PRPF3;GEMIN4;SNRPG;SRSF2;GEMIN5;SNRNP27;SRSF3;GEMIN6;PPIH;SNRPE;SRSF4;SNRPF;SRSF5;SRSF6;SRSF7;SRSF8;SRSF9;DHX8;RBM8A;YTHDC1;DDX1;CWF19L2;SNU13;C9ORF78;HTATSF1;RNPC3;PRPF8;DHX35;DHX38;RBM10;ZRSR2;PRPF38A;MAGOHB;LSM5;LSM3;LSM2;HNRNPM;LSM8;LSM7;HNRNPK;CWF19L1;RNPS1;HNRNPC;DDX46;PPWD1;PQBP1;SYNCRIP;SART3;RSRC1;SNRNP70;DHX15;BCAS2;CTNNBL1;RBM14;BUD31;RBM19;CENATAC;PRPF40A;TFIP11;GCFC2;SDE2;HNRNPH3;SF3B4;SF3B5;SF3B2;SF3B3;DDX23;SRSF1;WBP4;U2AF1;PUF60;U2AF2;TRA2B;TRA2A;HNRNPA1;SF3B1;SF3A3;SF3A1;HNRNPA3;GPKOW;SNRNP40;PHF5A;MFAP1;HNRNPA2B1;RBM42;PPIL3,0.5213270142180095
2,942,"RNA Splicing, Via Transesterification Reactions With Bulged Adenosine As Nucleophile (GO:0000377)",102/180,6.538950251516595e-85,cellular process,GO_Biological_Process_2023,1.2696990779643874e-87,0.0,0.0,29.547619047619047,5912.068543981772,DBR1;EIF4A3;HNRNPU;HNRNPR;CASC3;CWC27;PNN;SNRPD2;RBMX2;SNRPD1;MAGOH;SNRPD3;SNRNP35;TXNL4A;IK;METTL3;CDC40;SRRM1;PRPF4;PRPF6;DDX39B;PRPF3;SNRPG;SRSF2;GEMIN5;SNRNP27;SRSF3;GEMIN6;PPIH;SNRPE;SRSF4;SNRPF;SRSF5;SRSF6;SRSF7;SRSF8;SRSF9;DHX8;RBM8A;YTHDC1;CWF19L2;SNU13;C9ORF78;HTATSF1;RNPC3;PRPF8;DHX35;DHX38;RBM10;ZRSR2;PRPF38A;LSM5;MAGOHB;LSM3;LSM2;HNRNPM;LSM8;LSM7;HNRNPK;CWF19L1;RNPS1;HNRNPC;DDX46;PPWD1;SYNCRIP;SART3;RSRC1;SNRNP70;DHX15;BCAS2;CTNNBL1;RBM14;BUD31;RBM19;CENATAC;PRPF40A;TFIP11;GCFC2;HNRNPH3;SF3B4;SF3B5;SF3B2;SF3B3;DDX23;SRSF1;WBP4;U2AF1;U2AF2;TRA2B;TRA2A;HNRNPA1;SF3B1;SF3A3;HNRNPA3;SF3A1;GPKOW;SNRNP40;PHF5A;MFAP1;HNRNPA2B1;RBM42;PPIL3,0.5666666666666667
2,942,Mitochondrial Translation (GO:0032543),70/98,3.012396925398345e-68,cellular process,GO_Biological_Process_2023,7.799085890998952e-71,0.0,0.0,54.55848623853211,8807.35106756619,MRPS17;GFM1;MRPS15;MRPS16;FASTKD2;GFM2;MRPS14;MRPS11;MRPS12;MRPL38;MRPL39;MRPS10;MRPL36;MRPL37;MRPL34;MRPL35;MRPL4;MRPL41;MRPL3;MRPL42;MRPL2;MRPL1;MRPL40;MRPL9;CHCHD1;MRPS28;MRPS26;MRPS27;MRPS25;MRPS22;MRPS23;MRPS18B;MRPL49;MRPS18A;MRPS2;MRPL48;MRPS7;QRSL1;MRPL46;MRPL43;MRPS5;MRPS18C;MRPL44;MRPL52;MRPL50;MRPL51;MTRF1L;DAP3;MRPS33;MRPL19;MRPS34;MRPL16;MRPS31;MRPL17;MRPL58;MTIF2;MRPS30;MRPL12;MRPL13;MRPL57;MRPL11;MRPL20;PTCD3;MRPL27;MRPL28;GATB;MRPL23;MRPL24;MRPL22;MRPL30,0.7142857142857143
2,942,Mitochondrial Gene Expression (GO:0140053),70/103,7.134357171530005e-66,cellular process,GO_Biological_Process_2023,2.3088534535695804e-68,0.0,0.0,46.27988601612455,7207.584800220123,MRPS17;MRPS15;MRPS16;FASTKD2;GFM2;MRPS14;MRPS11;MRPS12;MRPL38;MRPL39;MRPS10;MRPL36;MRPL37;MRPL34;MRPL35;MRPL4;MRPL41;MRPL3;MRPL42;MRPL2;MRPL1;MRPL40;MRPL9;CHCHD1;MRPS28;MRPS26;MRPS27;MRPS25;MRPS22;MRPS23;TWNK;MRPS18B;MRPL49;MRPS18A;MRPS2;MRPL48;MRPS7;QRSL1;MRPL46;MRPL43;MRPS5;MRPS18C;MRPL44;MRPL52;MRPL50;MRPL51;DAP3;MRPS33;MRPL19;MRPS34;MRPL16;MRPS31;MRPL17;MRPL58;MRPS30;MRPL12;MRPL13;MRPL57;MRPL11;TBRG4;MRPL20;TEFM;PTCD3;MRPL27;MRPL28;GATB;MRPL23;MRPL24;MRPL22;MRPL30,0.6796116504854369
2,942,Nuclear Lumen (GO:0031981),161/780,5.423922687577986e-58,cellular anatomical structure,GO_Cellular_Component_2023,2.854696151356834e-60,0.0,0.0,6.14075198732415,841.934802717399,POP5;SRP19;ZNF330;POP1;GEMIN2;EIF4A3;RRP1;FCF1;THUMPD3;HNRNPU;GPATCH4;HNRNPR;NUCKS1;PWP1;RRP9;FBL;RBMX2;ZNF207;SNRNP35;ABT1;DDX18;IK;RARS1;DIMT1;METTL1;NGDN;DNTTIP1;WDR74;DNTTIP2;WDR75;FBXO11;ILF2;MIF4GD;GTPBP4;FTSJ3;EBNA1BP2;ILF3;SUB1;MORF4L2;GRWD1;MRTO4;XRN2;GEMIN4;CCDC86;SRSF5;SRSF9;UTP25;UTP23;NOLC1;SNU13;NMD3;MACROH2A1;RRP7A;EMG1;DHX33;PDCD11;ERI1;OARD1;DHX37;RRS1;UTP20;LYAR;MDN1;ZNF300;NAA50;NOP14;NOP16;PNO1;UPF3B;UPF3A;PA2G4;TBCA;PUM3;RCL1;TBL3;GNL3L;C6ORF89;RIOX2;MPHOSPH10;PIN4;NOL11;ANP32B;NOL12;RSL24D1;RBM28;MRPS15;NVL;PAK1IP1;WDR3;SRP54;NAT10;WDR46;WDR43;MRPL40;SFR1;XPO6;RRP12;UTP14A;UTP14C;UTP15;WDR36;MRPS27;ACTR6;NSUN2;RBM19;MARS1;TFIP11;EDF1;URB2;URB1;GNL2;UTP18;GON7;GCFC2;DNAJC2;RCN2;C1D;FAM32A;EEF1E1;ZNF593;DDX27;SF3B3;NUFIP1;NIP7;MAK16;HEATR1;DDX23;MRPS31;DDX21;NOL8;NOL6;EXOSC10;TCOF1;PNMA1;PES1;BMS1;ZNF506;TRA2A;BEND3;METTL5;SF3B1;DCAF13;NOP56;UTP6;NOP58;UTP4;NAA10;NIFK;UTP3;KRR1;MTX2;NOC3L;RRP1B;NPM3;WDR12;BOP1;RSL1D1;KLHL7;TSR1;CIAPIN1;MPHOSPH6,0.2064102564102564
2,942,Nucleolus (GO:0005730),159/771,1.8617854756340982e-57,cellular anatomical structure,GO_Cellular_Component_2023,1.9597741848779977e-59,0.0,0.0,6.120489319610347,827.3658564127048,POP5;SRP19;ZNF330;POP1;GEMIN2;EIF4A3;RRP1;FCF1;THUMPD3;GPATCH4;HNRNPR;NUCKS1;PWP1;RRP9;FBL;RBMX2;ZNF207;SNRNP35;ABT1;DDX18;RARS1;DIMT1;METTL1;NGDN;DNTTIP1;WDR74;DNTTIP2;WDR75;FBXO11;ILF2;MIF4GD;GTPBP4;FTSJ3;EBNA1BP2;ILF3;SUB1;MORF4L2;GRWD1;MRTO4;XRN2;GEMIN4;CCDC86;SRSF5;SRSF9;UTP25;UTP23;NOLC1;SNU13;NMD3;MACROH2A1;RRP7A;EMG1;DHX33;PDCD11;ERI1;OARD1;DHX37;RRS1;UTP20;LYAR;MDN1;ZNF300;NAA50;NOP14;NOP16;PNO1;UPF3B;UPF3A;PA2G4;TBCA;PUM3;RCL1;TBL3;GNL3L;C6ORF89;RIOX2;MPHOSPH10;PIN4;NOL11;ANP32B;NOL12;RSL24D1;RBM28;MRPS15;NVL;PAK1IP1;WDR3;SRP54;NAT10;WDR46;WDR43;MRPL40;SFR1;XPO6;RRP12;UTP14A;UTP14C;UTP15;WDR36;MRPS27;ACTR6;NSUN2;RBM19;MARS1;TFIP11;EDF1;URB2;URB1;GNL2;UTP18;GON7;GCFC2;DNAJC2;RCN2;C1D;FAM32A;EEF1E1;ZNF593;DDX27;SF3B3;NUFIP1;NIP7;MAK16;HEATR1;DDX23;MRPS31;DDX21;NOL8;NOL6;EXOSC10;TCOF1;PNMA1;PES1;BMS1;ZNF506;TRA2A;BEND3;METTL5;SF3B1;DCAF13;NOP56;UTP6;NOP58;UTP4;NAA10;NIFK;UTP3;KRR1;MTX2;NOC3L;RRP1B;NPM3;WDR12;BOP1;RSL1D1;KLHL7;TSR1;CIAPIN1;MPHOSPH6,0.20622568093385213
2,942,Mitochondrial Inner Membrane (GO:0005743),85/370,7.971680240053792e-34,cellular anatomical structure,GO_Cellular_Component_2023,2.936934825282976e-35,0.0,0.0,6.533214600094167,519.4762228697573,MRPS17;MRS2;MRPS15;SLC25A3;MRPS16;MRPS14;MRPS11;MRPS12;MRPL38;MRPL39;MRPS10;MRPL36;MRPL37;MRPL34;MRPL35;MRPL41;MRPL4;MRPL42;MRPL3;MRPL2;MRPL40;CHCHD3;MRPL1;OPA1;TIMM17A;TIMM17B;MRPL9;CHCHD1;MRPS28;MRPS26;MRPS27;TIMM29;MRPS25;MRPS22;MRPS23;MRPS18B;MRPL49;MRPS18A;MRPS2;TIMM23;TIMM22;MRPL48;MRPS7;MRPL46;CLPX;MRPL43;MRPS5;MRPS18C;MRPL44;MRPL52;IMMP1L;MRPL50;MRPL51;AURKAIP1;DAP3;MRPS33;TIMM9;MRPL19;MRPS34;MRPL16;MRPS31;TIMM13;MRPL17;MRPL58;MRPS30;TIMM10;MRPL12;MRPL13;MRPL57;MRPL11;HSPD1;MRPL20;ATP5MJ;DNAJC19;PTCD3;MRPL27;MRPL28;IMMT;MRPL23;MRPL24;MRPL22;MRPL30;SFXN1;SLC25A32;ALDH18A1,0.22972972972972974
2,942,RNA Processing (GO:0006396),77/183,5.593486153788151e-51,cellular process,GO_Biological_Process_2023,2.1722276325390876e-53,0.0,0.0,15.915628749045698,1929.9491437400416,FASTKD2;GEMIN2;DIS3L;HNRNPU;HNRNPR;DUSP11;SYNCRIP;SNRPD2;SNRPD1;RSRC1;MAGOH;DHX15;SNRPD3;SNRNP35;BCAS2;METTL3;THOC1;DNTTIP2;TFIP11;FBXO11;SRRM1;PRPF4;PRPF6;PRPF18;DDX39B;HNRNPUL1;PRPF3;XRN2;SNRPG;SRSF2;LUC7L3;SRSF4;SNRNP25;SNRPF;SRSF5;HNRNPH3;SRSF7;SRSF9;SF3B4;SF3B2;NUFIP1;SF3B3;DHX8;RBM8A;CSTF3;DDX23;SRSF1;WBP4;U2AF1;RNPC3;PRPF8;TBRG4;EXOSC10;PABPN1;U2AF2;SF3B1;HNRNPA0;SF3A3;ZRSR2;SF3A1;RNGTT;FUS;YJU2;LSM1;LSM5;MAGOHB;LSM3;HNRNPL;NUDT21;SNRNP40;HNRNPK;HNRNPA2B1;HNRNPD;MPHOSPH10;RNPS1;SNRNP48;HNRNPC,0.4207650273224044
2,942,Ribosome Biogenesis (GO:0042254),70/155,6.708579705364374e-49,cellular process,GO_Biological_Process_2023,3.473698229314886e-51,0.0,0.0,17.918375607123583,2081.8754966810843,LTV1;DDX49;NVL;PAK1IP1;WDR3;MRPS12;FCF1;NAT10;MRPL36;PWP2;WDR46;WDR43;RRP9;FBL;NOB1;RRP12;UTP15;WDR36;RRP7BP;DIMT1;NGDN;WDR74;DDX10;DNTTIP2;WDR75;URB2;UTP18;GTPBP4;EBNA1BP2;GRWD1;MRTO4;XRN2;DDX27;NIP7;HEATR1;NOLC1;NOL8;SNU13;NOL6;RRP7A;EMG1;EXOSC10;BMS1;PES1;DHX37;RRS1;HEATR3;UTP20;LYAR;DCAF13;NOP56;NOP14;NOP58;UTP6;NOP16;UTP4;PNO1;KRR1;UTP3;WDR18;WDR12;MRPL22;RCL1;BOP1;TBL3;MPHOSPH10;ESF1;PIN4;DHX29;RSL24D1,0.45161290322580644
2,942,U2-type Spliceosomal Complex (GO:0005684),50/90,7.952125186345142e-41,protein-containing complex,GO_Cellular_Component_2023,1.2555987136334436e-42,0.0,0.0,26.65078475336323,2571.293334649683,EIF4A3;CASC3;CWC27;SNRPD2;RBMX2;SNRNP70;SNRPD1;LUC7L;SNRPD3;TXNL4A;BCAS2;IK;BUD31;PRPF40A;TFIP11;CDC40;GCFC2;PRPF4;PRPF18;PRPF6;PRPF3;SNRPG;LUC7L3;SNRPE;SNRPF;SF3B4;SF3B5;SF3B2;SF3B3;DHX8;RBM8A;WBP4;SNU13;HTATSF1;PRPF8;U2AF2;SF3B1;SF3A3;SF3A1;PRPF38A;YJU2;LSM5;MAGOHB;LSM3;LSM2;LSM8;LSM7;SNRNP40;PHF5A;MFAP1,0.5555555555555556
2,942,Intracellular Non-Membrane-Bounded Organelle (GO:0043232),171/1195,3.3386810470062355e-39,cellular anatomical structure,GO_Cellular_Component_2023,7.028802204223654e-41,0.0,0.0,3.906014409046693,361.13436080663325,POP5;SRP19;ZNF330;POP1;GEMIN2;RRP1;EIF4A3;FCF1;THUMPD3;GPATCH4;HNRNPR;NUCKS1;PWP1;RRP9;FBL;RBMX2;ZNF207;SNRNP35;ABT1;DDX18;RARS1;DIMT1;METTL1;NGDN;DNTTIP1;WDR74;DNTTIP2;WDR75;FBXO11;ILF2;MIF4GD;GTPBP4;FTSJ3;EBNA1BP2;ILF3;SUB1;MORF4L2;GRWD1;MRTO4;XRN2;GEMIN4;CCDC86;SRSF5;SRSF9;UTP25;DCUN1D5;UTP23;NOLC1;SNU13;NMD3;MRPL13;MACROH2A1;RRP7A;EMG1;DHX33;PDCD11;ERI1;OARD1;DHX37;RRS1;EIF4EBP2;UTP20;LYAR;SAC3D1;MDN1;GCN1;ZNF300;NAA50;NOP14;NOP16;FUS;PNO1;UPF3B;UPF3A;PA2G4;TBCA;PUM3;RCL1;TBL3;GNL3L;CAPRIN1;C6ORF89;RIOX2;MPHOSPH10;PIN4;NOL11;ANP32B;NOL12;RSL24D1;RBM28;MRPS15;NVL;PAK1IP1;WDR3;MRPS12;HP1BP3;SRP54;NAT10;WDR46;WDR43;MRPL40;SFR1;XPO6;RRP12;UTP14A;UTP14C;UTP15;WDR36;MRPS27;ACTR6;NSUN2;MARS1;RBM19;TFIP11;EDF1;URB2;URB1;MRPS7;GNL2;UTP18;GON7;GCFC2;DNAJC2;RCN2;C1D;FAM32A;EEF1E1;ZNF593;DDX27;SF3B3;NUFIP1;NIP7;MAK16;HEATR1;DDX23;MRPS31;DDX21;NOL8;NOL6;EXOSC10;TCOF1;PNMA1;PES1;BMS1;ZNF506;TRA2A;BEND3;METTL5;HNRNPA1;SF3B1;DCAF13;NOP56;UTP6;NOP58;UTP4;NAA10;NIFK;UTP3;KRR1;MTX2;NOC3L;RRP1B;NPM3;WDR12;LRPPRC;BOP1;RSL1D1;KLHL7;TSR1;CIAPIN1;MPHOSPH6,0.14309623430962343
2,942,Gene Expression (GO:0010467),82/296,2.631530666267386e-38,cellular process,GO_Biological_Process_2023,1.5329304852043022e-40,0.0,0.0,8.39604433818735,769.7176285862138,MRPS17;MRPS15;MRPS16;NXT1;FASTKD2;MRPS14;MRPS11;EIF4A3;DIS3L;MRPS12;HNRNPU;MRPL36;MRPL37;CASC3;MRPL34;SMG7;MRPL35;SMG5;MRPL41;DUSP11;MRPL42;SYNCRIP;MRPL3;MAGOH;MRPL9;UPF2;DHPS;MRPS18B;THOC1;DNTTIP2;MRPS18A;TFIP11;THOC2;MRPS7;THOC5;MRPL43;MRPS5;THOC7;DARS1;MRPS18C;THOC6;MRPL52;PRPF4;DDX19B;SARS1;MRPL51;DDX39B;HNRNPUL1;SARNP;XRN2;SRSF3;NCBP3;HNRNPH3;FYTTD1;NUFIP1;DHX8;RBM8A;YTHDC1;MRPS33;MRPL12;MRPL13;GSPT1;MRPL11;HSPD1;EXOSC10;PABPN1;EIF4EBP2;TASP1;CHTOP;RNGTT;MRPL27;MRPL28;MAGOHB;MRPL23;MRPL24;HNRNPL;SNRNP40;HNRNPK;HNRNPA2B1;HNRNPD;MPHOSPH10;FARSB,0.27702702702702703
2,942,RNA Splicing (GO:0008380),50/98,5.652189908590504e-38,cellular process,GO_Biological_Process_2023,3.658375345366022e-40,0.0,0.0,22.19964499252616,2015.869500411298,DBR1;GEMIN2;SYNCRIP;SNRPD2;SNRPD1;RSRC1;MAGOH;DHX15;SNRPD3;SNRNP35;TXNL4A;BCAS2;SRRM1;PRPF4;PRPF6;PRPF18;DDX39B;PRPF3;SNRPG;SRSF2;LUC7L3;SRSF4;SNRNP25;SNRPF;HNRNPH3;SRSF7;SF3B4;SF3B2;SF3B3;DHX8;RBM8A;DDX23;WBP4;U2AF1;RNPC3;PRPF8;TRA2B;SF3B1;SMNDC1;SF3A3;ZRSR2;FUS;YJU2;LSM1;MAGOHB;SNRNP40;MPHOSPH10;RNPS1;SNRNP48;HNRNPC,0.5102040816326531
2,942,Ribonucleoprotein Complex Biogenesis (GO:0022613),54/118,6.423353778601975e-38,cellular process,GO_Biological_Process_2023,4.573261589943153e-40,0.0,0.0,18.047508445945947,1634.8006532961508,LTV1;NVL;PAK1IP1;WDR3;MRPS12;FCF1;NAT10;MRPL36;PWP2;WDR46;WDR43;RRP9;FBL;UTP15;WDR36;DIMT1;NGDN;WDR74;DNTTIP2;WDR75;URB2;UTP18;GTPBP4;EBNA1BP2;GRWD1;MRTO4;NIP7;HEATR1;SNU13;NOL6;RRP7A;EMG1;EXOSC10;BMS1;PES1;DHX37;RRS1;HEATR3;UTP20;NOP56;NOP14;NOP58;UTP6;NOP16;UTP4;PNO1;KRR1;UTP3;WDR12;RCL1;BOP1;TBL3;MPHOSPH10;RSL24D1,0.4576271186440678
2,942,Small-Subunit Processome (GO:0032040),42/73,2.766734355039272e-35,protein-containing complex,GO_Cellular_Component_2023,7.280879881682293e-37,0.0,0.0,28.642795698924733,2383.378393363536,UTP25;WDR3;MRPS12;HEATR1;UTP23;FCF1;NAT10;SNU13;PWP2;WDR46;WDR43;RRP9;NOL6;RRP7A;FBL;EMG1;EXOSC10;PDCD11;BMS1;DHX37;UTP20;UTP14A;DCAF13;UTP14C;UTP15;NOP56;WDR36;NOP14;NOP58;UTP6;UTP4;DIMT1;KRR1;PNO1;UTP3;NGDN;DNTTIP2;WDR75;UTP18;RCL1;TBL3;MPHOSPH10,0.5753424657534246
2,942,Ribosomal Small Subunit Biogenesis (GO:0042274),44/84,5.022307312989672e-34,cellular process,GO_Biological_Process_2023,3.900821213972561e-36,0.0,0.0,23.295991091314036,1899.3658627578748,LTV1;MRPS11;WDR3;MRPS12;HEATR1;TSR3;FCF1;NAT10;SNU13;PWP2;WDR46;WDR43;RRP9;NOL6;RRP7A;FBL;EMG1;EXOSC10;NOB1;BMS1;DHX37;UTP20;UTP15;NOP56;WDR36;NOP14;NOP58;UTP6;RRP7BP;UTP4;DIMT1;KRR1;PNO1;UTP3;NGDN;DNTTIP2;WDR75;MRPS7;UTP18;RCL1;TBL3;MPHOSPH10;SRFBP1;NOL11,0.5238095238095238
2,942,Translation (GO:0006412),85/234,2.69720494912689e-50,cellular process,GO_Biological_Process_2023,1.2220346047824097e-52,0.0,0.0,12.586946817758218,1504.5669385998644,MRPS17;MRPS15;MRPS16;FASTKD2;GFM2;MRPS14;MRPS11;MRPS12;MRPL38;MRPL39;MRPS10;MRPL36;MRPL37;MRPL34;APEH;MRPL35;MRPL41;MRPL4;MRPL42;MRPL3;MRPL2;MRPL40;MRPL1;NARS1;MRPL9;CHCHD1;MRPS28;MRPS26;MRPS27;RARS1;MRPS25;MRPS22;MRPS23;DHPS;MARS1;MRPS18B;MRPL49;MRPS18A;MRPS2;MRPL48;MRPS7;QRSL1;MRPL46;FTSJ1;MRPL43;MRPS5;DARS1;MRPS18C;MRPL44;MRPL52;MRPL50;SARS1;MRPL51;ETF1;AURKAIP1;DAP3;MRPS33;MRPL19;MRPS34;MRPL16;MRPS31;MRPL17;MRPL58;MRPS30;MRPL12;MRPL13;MRPL57;GSPT1;MRPL11;MRPL20;EIF4EBP2;IARS1;VARS1;PTCD3;MRPL27;MRPL28;GATB;MRPL23;MRPL24;MRPL22;MRPL30;GARS1;EPRS1;ABCE1;FARSB,0.36324786324786323
2,942,"Preribosome, Large Subunit Precursor (GO:0030687)",14/18,6.174956496829372e-15,protein-containing complex,GO_Cellular_Component_2023,6.1749564968293715e-16,0.0,0.0,71.86314655172414,2516.7091694286123,NIP7;MAK16;PPAN;WDR74;WDR12;FTSJ3;EBNA1BP2;NSA2;LAS1L;PES1;MRTO4;RRS1;MDN1;RRP15,0.7777777777777778
2,942,Spliceosomal snRNP Complex (GO:0097525),37/57,6.239140718265058e-34,protein-containing complex,GO_Cellular_Component_2023,1.9702549636626492e-35,0.0,0.0,38.91745856353591,3109.984219296444,SF3B4;SF3B5;SF3B2;SF3B3;DDX46;DDX23;SNU13;HTATSF1;PRPF8;SNRPD2;RBMX2;SNRNP70;SNRPD1;LUC7L;SNRPD3;TXNL4A;SF3B1;SF3A3;SF3A1;PRPF40A;LSM5;LSM3;LSM2;PRPF4;LSM8;LSM7;SNRNP40;PRPF18;PRPF6;PHF5A;DDX39B;SNRPG;LUC7L3;PPIH;SNRPE;SNRPF;HNRNPC,0.6491228070175439
2,942,RNA Export From Nucleus (GO:0006405),24/65,4.1417740087186345e-14,localization,GO_Biological_Process_2023,6.701899690483228e-16,0.0,0.0,12.12625538020086,423.6788785896286,UPF2;FYTTD1;CHTOP;NXT1;RBM8A;YTHDC1;EIF4A3;THOC1;CASC3;THOC2;SMG7;THOC5;MAGOHB;SMG5;THOC7;THOC6;DDX19B;DDX39B;SARNP;MAGOH;HNRNPA2B1;SRSF3;NCBP3;HNRNPA1,0.36923076923076925
2,942,"Nuclear-Transcribed mRNA Catabolic Process, Nonsense-Mediated Decay (GO:0000184)",15/28,1.1008536734954647e-11,cellular process,GO_Biological_Process_2023,2.351337943388372e-13,0.0,0.0,23.705501618122977,689.3233138845895,UPF2;RBM8A;EIF4A3;UPF3B;SMG9;UPF3A;SMG7;MAGOHB;GSPT1;SMG5;PNRC2;SKIC8;MAGOH;EIF3E;RNPS1,0.5357142857142857
2,942,RNA Methylation (GO:0001510),21/62,1.4536174147690529e-11,cellular process,GO_Biological_Process_2023,3.19889916518756e-13,0.0,0.0,10.575911654882022,304.2774334263861,DIMT1;METTL1;NSUN2;METTL3;THUMPD3;THADA;FTSJ1;FTSJ3;TARBP1;FBL;SNRPD2;SNRPD1;TRMT6;SNRPG;METTL4;METTL5;SNRPE;SNRPD3;SNRPF;METTL16;METTL8,0.3387096774193548
2,942,snRNA Binding (GO:0017069),18/43,2.0186750393138348e-11,binding,GO_Molecular_Function_2023,2.2122466184261202e-13,0.0,0.0,14.83090909090909,432.16672354934593,SF3B3;DDX21;HNRNPU;SNU13;RNPC3;PRPF8;LSM2;LSM10;LSM8;PRPF4;LSM7;SART3;DDX39B;SNRNP70;GEMIN5;SNRPD3;HNRNPC;SNRNP35,0.4186046511627907
2,942,U5 snRNP (GO:0005682),12/19,3.923520939765854e-11,protein-containing complex,GO_Cellular_Component_2023,4.130022041858794e-12,0.0,0.0,35.11705069124424,920.5140621643732,SNRNP40;PRPF18;PRPF6;SNRPD2;SNRPD1;DDX23;SNRPG;SNRPE;SNRPD3;SNRPF;TXNL4A;PRPF8,0.631578947368421
2,942,snoRNA Binding (GO:0030515),15/31,1.2061191257368315e-10,binding,GO_Molecular_Function_2023,1.6522179804614132e-12,0.0,0.0,19.2576860841424,522.4398881542793,NOP56;UTP25;NOP14;NOP58;UTP6;NUFIP1;WDR3;HEATR1;DDX21;SNU13;RRP9;TBL3;DHX37;SDE2;TSR1,0.4838709677419355
2,942,rRNA Binding (GO:0019843),17/46,7.014781818543031e-10,binding,GO_Molecular_Function_2023,1.1531148194865255e-11,0.0,0.0,12.059384902143522,303.72729675680654,PTCD3;UTP25;MRPS27;FASTKD2;MRPS11;UTP23;MRPL16;PPAN;DDX21;MRPS18A;MRPS7;MRPL11;MRPS18C;NGRN;EMG1;ERI1;RRS1,0.3695652173913043
2,942,"Maturation Of 5.8S rRNA From Tricistronic rRNA Transcript (SSU-rRNA, 5.8S rRNA, LSU-rRNA) (GO:0000466)",12/21,9.47215704012133e-10,cellular process,GO_Biological_Process_2023,2.2071045530379805e-11,0.0,0.0,27.310394265232976,670.1084400234914,NOP14;EXOSC10;ERI1;ERI2;PES1;RPP40;ERI3;RRS1;UTP20;URB1;WDR12;FTSJ3,0.5714285714285714
2,942,Nuclear-Transcribed mRNA Catabolic Process (GO:0000956),22/85,1.5697923054327032e-09,cellular process,GO_Biological_Process_2023,3.7593731586414255e-11,0.0,0.0,7.209972394755003,173.06950250296978,UPF2;RBM8A;EIF4A3;LSM1;UPF3B;SMG9;UPF3A;SMG7;MAGOHB;SMG5;RC3H2;GSPT1;PNRC2;PAN2;EXOSC10;ERI1;MAGOH;MRTO4;XRN2;EIF3E;RNPS1;MTPAP,0.25882352941176473
2,942,Regulation Of RNA Splicing (GO:0043484),24/102,1.7740879060863556e-09,biological regulation,GO_Biological_Process_2023,4.363452455099128e-11,0.0,0.0,6.36165577342048,151.75839542428147,SF3B5;ENY2;SF3B3;YTHDC1;FUS;SRSF1;RRP1B;SRRM1;PQBP1;HNRNPL;HNRNPK;SNRNP70;U2AF2;TRA2B;METTL4;SRSF3;HNRNPH2;SUPT20H;HNRNPH3;RBM12;GRSF1;METTL16;HNRNPA1;FAM50A,0.23529411764705882
2,942,Inner Mitochondrial Membrane Organization (GO:0007007),14/34,5.486359903459295e-09,cellular process,GO_Biological_Process_2023,1.3849063833974918e-10,0.0,0.0,14.360560344827586,325.9878559700525,HSPA9;TIMM8B;TIMM8A;TIMM29;MTX2;TIMM9;TIMM13;IMMT;TIMM22;TIMM10;CHCHD3;SAMM50;OPA1;SLC25A46,0.4117647058823529
2,942,tRNA Modification (GO:0006400),19/67,5.593135886978954e-09,cellular process,GO_Biological_Process_2023,1.4480610710625124e-10,0.0,0.0,8.152537016973637,184.70082521119537,PUS3;SSB;METTL1;NSUN2;WDR4;THUMPD3;CDKAL1;THADA;PUS7;ELP5;FTSJ1;TARBP1;GON7;SARS1;ALKBH1;TRMT6;DUS1L;DUS4L;METTL8,0.2835820895522388
2,942,Maturation Of LSU-rRNA (GO:0000470),11/20,1.0229761881663187e-08,cellular process,GO_Biological_Process_2023,2.71469409157405e-10,0.0,0.0,25.00763814297649,550.8475380953809,DDX18;NSA2;NIFK;LAS1L;PES1;RPL7L1;MAK16;URB1;WDR12;RRP15;FTSJ3,0.55
2,942,Maturation Of 5.8S rRNA (GO:0000460),10/16,1.1660385646805261e-08,cellular process,GO_Biological_Process_2023,3.1698135738888087e-10,0.0,0.0,34.07010014306152,745.187300029112,NSA2;EXOSC10;LAS1L;PES1;MAK16;URB1;WDR12;RRP15;FTSJ3;MPHOSPH6,0.625
2,942,U1 snRNP (GO:0005685),10/18,1.3720702020659691e-08,protein-containing complex,GO_Cellular_Component_2023,1.5887128655500691e-09,0.0,0.0,25.54989270386266,517.6495557373207,SNRPD2;SNRNP70;SNRPD1;SNRPG;LUC7L;LUC7L3;PRPF40A;SNRPE;SNRPD3;SNRPF,0.5555555555555556
2,942,Mitochondrial Matrix (GO:0005759),45/355,1.3720702020659691e-08,cellular anatomical structure,GO_Cellular_Component_2023,1.534166655097356e-09,0.0,0.0,3.033984248570504,61.57555528641025,GFM1;POLDIP2;FASTKD2;GFM2;MRPS14;MRPS12;MRPL39;MRPL58;ETFA;MRPL37;LIAS;MRPL34;MRPL13;MRPL35;MRPL57;MRPL11;HSPD1;TBRG4;GCSH;MRPL20;MRPL40;GRPEL1;METTL4;IDH3B;MRPL9;TEFM;DNAJC19;HSPA9;MRPS22;TWNK;MRPL49;MRPL28;MRPL48;HSPE1;CLPX;MRPL43;SUPV3L1;GARS1;OXA1L;MRPL51;PPA2;LACTB2;MTHFD2;ABCE1;MTRF1L,0.1267605633802817
2,942,U2-type Catalytic Step 2 Spliceosome (GO:0071007),12/29,2.268357689204116e-08,protein-containing complex,GO_Cellular_Component_2023,2.7459066764049827e-09,0.0,0.0,14.45237191650854,284.90184070508576,SNRNP40;DHX8;SNRPD2;SNRPD1;BUD31;SNRPG;SNRPE;SNRPD3;SNRPF;PRPF8;BCAS2;CDC40,0.41379310344827586
2,942,mRNA Transport (GO:0051028),23/58,2.7250470957770604e-14,localization,GO_Biological_Process_2023,4.2330828672265023e-16,0.0,0.0,13.602642623970151,481.5122056632321,UPF2;FYTTD1;CHTOP;NXT1;RBM8A;YTHDC1;EIF4A3;THOC1;CASC3;THOC2;SMG7;THOC5;MAGOHB;SMG5;THOC7;THOC6;DDX19B;DDX39B;SARNP;MAGOH;HNRNPA2B1;SRSF3;NCBP3,0.39655172413793105
2,942,Macromolecule Biosynthetic Process (GO:0009059),36/183,1.0516459043657468e-11,cellular process,GO_Biological_Process_2023,2.1781662744144922e-13,0.0,0.0,5.111771861062306,149.03433656294027,MRPS17;MRPS15;MRPS16;MRPS14;MRPS11;MRPS33;MRPS12;MRPL36;MRPL37;MRPL12;MRPL34;MRPL13;MRPL35;GSPT1;MRPL11;MRPL41;MRPL3;MRPL42;EIF4EBP2;MRPL9;DHPS;MRPS18B;MRPL27;MRPS18A;MRPL28;MRPL23;MRPS7;MRPL24;DARS1;MRPL43;MRPS5;MRPS18C;MRPL52;SARS1;MRPL51;FARSB,0.19672131147540983
2,942,Ribosomal Large Subunit Biogenesis (GO:0042273),20/54,8.275602746428765e-12,cellular process,GO_Biological_Process_2023,1.6604769264679076e-13,0.0,0.0,12.137297435243076,357.15819927513843,NOP16;NVL;PAK1IP1;NIP7;MAK16;PPAN;WDR74;WDR12;GTPBP4;MRPL20;EBNA1BP2;NSA2;LAS1L;PES1;MRTO4;RRS1;HEATR3;RSL24D1;RRP15;MDN1,0.37037037037037035
2,942,Regulation Of Translation (GO:0006417),37/202,4.4054996975791805e-11,biological regulation,GO_Biological_Process_2023,9.980096402282932e-13,0.0,0.0,4.681339360455382,129.35951355407107,DDX1;EIF4A3;NOLC1;NAT10;MTIF2;BZW2;MRPL13;GSPT1;SYNCRIP;TCOF1;ALKBH1;EIF4H;METTL5;GCN1;PAIP1;EIF5B;SSB;YTHDF3;METTL3;UPF3B;UPF3A;LARP4;ELP5;PUS7;MIF4GD;PUM3;LRPPRC;ILF3;EPRS1;CAPRIN1;SERBP1;HNRNPD;GEMIN5;EIF3H;ETF1;EIF3E;EIF3B,0.18316831683168316
2,942,Protein Targeting To Mitochondrion (GO:0006626),21/59,5.496102260838401e-12,localization,GO_Biological_Process_2023,1.0316308450764637e-13,0.0,0.0,11.412652151551518,341.2664351038329,MIPEP;DNAJC19;TIMM8B;TIMM8A;TIMM29;HSPA4;MTX2;TIMM9;TOMM34;TIMM13;TIMM23;TIMM22;TIMM10;TOMM20;GDAP1;HSPD1;IMMP1L;SAMM50;GRPEL1;TIMM17A;TIMM17B,0.3559322033898305
2,942,Ribosome Binding (GO:0043022),27/85,1.0111156246219837e-13,binding,GO_Molecular_Function_2023,8.310539380454659e-16,0.0,0.0,9.66647823629169,335.6572143872806,SRP19;CCDC47;MTIF2;NMD3;TMEM147;NCLN;DHX33;SRP72;ERI1;SEC61G;G3BP1;SEC61B;GCN1;PTCD3;MRPS27;NAA10;YTHDF3;GTPBP6;NME1;TMCO1;DNAJC2;OXA1L;SERBP1;GEMIN5;ETF1;DHX29;NAA15,0.3176470588235294
2,942,Peptide Biosynthetic Process (GO:0043043),36/158,1.07261542694273e-13,cellular process,GO_Biological_Process_2023,1.805048614919805e-15,0.0,0.0,6.167408533275432,209.37234972617637,MRPS17;MRPS15;MRPS16;MRPS14;MRPS11;MRPS33;MRPS12;MRPL36;MRPL37;MRPL12;MRPL34;MRPL13;MRPL35;GSPT1;MRPL11;MRPL41;MRPL3;MRPL42;EIF4EBP2;MRPL9;DHPS;MRPS18B;MRPL27;MRPS18A;MRPL28;MRPL23;MRPS7;MRPL24;DARS1;MRPL43;MRPS5;MRPS18C;MRPL52;SARS1;MRPL51;FARSB,0.22784810126582278
2,942,RNA Metabolic Process (GO:0016070),30/111,1.6758631940202746e-13,cellular process,GO_Biological_Process_2023,2.9286929604237805e-15,0.0,0.0,7.70670890188434,257.8990034017001,NUFIP1;DHX8;FASTKD2;DIS3L;HNRNPU;LAGE3;NUDT3;TBRG4;DUSP11;SYNCRIP;EXOSC10;PABPN1;ALKBH1;PAPOLA;RNGTT;THOC1;WDR74;DNTTIP2;TFIP11;HNRNPL;SUPV3L1;PRPF4;SNRNP40;HNRNPK;DDX39B;HNRNPUL1;XRN2;HNRNPD;MPHOSPH10;HNRNPH3,0.2702702702702703
2,942,"Regulation Of mRNA Splicing, Via Spliceosome (GO:0048024)",26/94,5.880257977384339e-12,biological regulation,GO_Biological_Process_2023,1.141797665511522e-13,0.0,0.0,7.926727459542769,236.22442316567967,SF3B4;DAZAP1;RBM25;RBM8A;YTHDC1;HNRNPU;PUF60;U2AF2;TRA2B;MAGOH;TRA2A;METTL16;HNRNPA1;HNRNPA0;SRRM1;WDR77;HNRNPL;RBMXL1;HNRNPK;CLNS1A;SRSF3;SRSF4;RNPS1;SRSF6;SRSF7;SRSF9,0.2765957446808511
2,942,Spliceosomal snRNP Assembly (GO:0000387),18/37,4.636739434856207e-13,cellular process,GO_Biological_Process_2023,8.403152373849436e-15,0.0,0.0,19.520505809979493,632.6629015754891,GEMIN2;PRPF8;LSM2;WDR77;SART3;PRPF6;SNRPD2;SNRPD1;CLNS1A;PRPF3;GEMIN4;SNRPG;GEMIN5;GEMIN6;SNRPE;SNRPD3;HNRNPC;SNRPF,0.4864864864864865
3,1150,Cellular Component Disassembly (GO:0022411),14/46,4.112244767983875e-06,cellular process,GO_Biological_Process_2023,1.6899636032810445e-07,0.0,0.0,7.24724911971831,113.00917223073508,MMP3;MMP8;CTSS;MMP10;MMP12;MMP14;MMP13;MMP15;CTSK;MMP19;CTSG;ADAM8;LCP1;TPSAB1,0.30434782608695654
3,1150,IL-6-type Cytokine Receptor Ligand Interactions R-HSA-6788467,11/17,6.181286019330093e-09,Immune System,Reactome_2022,1.9476688949796311e-10,0.0,0.0,30.33128475270705,678.1837992383927,CNTFR;IL11;CTF1;IL11RA;CLCF1;IL31RA;LIF;LIFR;OSMR;IL6ST;CRLF1,0.6470588235294118
3,1150,GPCR Ligand Binding R-HSA-500792,62/458,8.650037968503118e-09,Signal Transduction,Reactome_2022,2.8690009845781485e-10,0.0,0.0,2.655572266785502,58.34793389829448,CXCL6;CXCL9;CXCL8;GPR68;GPR65;CXCL1;CXCL13;CXCL3;CXCL2;CX3CL1;CXCL5;CXCL16;ADGRE1;C1QTNF1;CCRL2;C3AR1;CCR9;CCR7;CCR5;CCR2;EDN2;CD200R1;XCL1;CX3CR1;PTGER4;CCL13;CCL11;PTAFR;C5AR1;FPR1;CXCR5;CXCR6;C3;HCAR2;HCAR3;GPNMB;CCL7;CCL5;CXCR3;UBD;CCL4;CCL3;CCL2;CCL1;CCL19;CCL17;CCL16;CD55;CCR1;CCL23;CCL22;CCL20;SMOX;PPBP;CXCL11;GPR183;PNOC;ACKR4;SAA2;CCL28;GPR18;CCL27,0.13537117903930132
3,1150,Interleukin-6 Family Signaling R-HSA-6783589,12/24,5.0303370177385953e-08,Immune System,Reactome_2022,1.751858662894038e-09,0.0,0.0,16.553602811950793,333.76348201343785,CNTFR;IL11;CTF1;IL11RA;CLCF1;IL31RA;LIF;LIFR;OSMR;IL6ST;IL6R;CRLF1,0.5
3,1150,Interleukin-36 Pathway R-HSA-9014826,7/7,5.5975388051002164e-08,Immune System,Reactome_2022,2.0422197962223012e-09,0.0,0.0,131950.0,2640217.6986323544,IL1RL2;IL36A;IL36B;IL36G;IL36RN;IL1RAP;IL1F10,1.0
3,1150,G Alpha (I) Signaling Events R-HSA-418594,46/312,1.0437616684343684e-07,Signal Transduction,Reactome_2022,3.981180493199084e-09,0.0,0.0,2.911027568922306,56.30418541185004,CX3CR1;CCL13;CXCL6;CXCL9;CXCL8;RGS16;C5AR1;FPR1;CXCR5;CXCL1;CXCR6;CXCL13;CXCL3;CXCL2;CX3CL1;CXCL5;CXCL16;C3;HCAR2;HCAR3;RGS1;CXCR3;UBD;CCL5;CCL4;C3AR1;CCR9;PDE4B;CCR7;CCL1;CCL19;CCR5;CCL16;CCR2;CCR1;CCL23;CCL20;PPBP;CXCL11;GPR183;PNOC;ACKR4;SAA2;CCL28;GPR18;CCL27,0.14743589743589744
3,1150,Other Interleukin Signaling R-HSA-449836,11/24,6.788788815348528e-07,Immune System,Reactome_2022,2.7020054986461804e-08,0.0,0.0,13.99385425812116,243.8665106545909,IL32;CSF3;CSF3R;TXLNA;CSF1;PTPRZ1;IL10RB;IL34;IL16;PRTN3;STX3,0.4583333333333333
3,1150,Activation Of Matrix Metalloproteinases R-HSA-1592389,12/33,3.4191543176193204e-06,Extracellular matrix organization,Reactome_2022,1.417559833175506e-07,0.0,0.0,9.454682400200854,149.0923870838743,MMP14;MMP13;MMP15;CTSK;MMP28;MMP3;TIMP2;CTSG;TIMP1;TPSAB1;MMP8;MMP10,0.36363636363636365
3,1150,Collagen Degradation R-HSA-1442490,13/40,4.56348905602316e-06,Extracellular matrix organization,Reactome_2022,1.9676735564942317e-07,0.0,0.0,7.970911104596241,123.08078121070764,MMP3;MMP8;MMP10;MMP12;MMP14;MMP13;CTSL;MMP15;CTSK;MMP28;MMP19;CTSD;CTSB,0.325
3,1150,Serine-Type Endopeptidase Activity (GO:0004252),24/125,6.875663646638542e-06,catalytic activity,GO_Molecular_Function_2023,1.614005550854118e-07,0.0,0.0,3.956667780454777,61.87981766550394,CELA2B;KLK1;C1S;GZMA;MMP3;CD5L;GZMB;CELA1;MMP8;CTSS;MMP10;GZMH;MMP12;GZMK;MMP14;MMP13;PLAU;CTSK;MMP19;ADAM8;PRTN3;CTSG;TPSAB1;HGFAC,0.192
3,1150,Regulation Of Chemokine Production (GO:0032642),13/41,6.238975273281178e-06,biological regulation,GO_Biological_Process_2023,2.730145191884838e-07,0.0,0.0,7.68582736524689,116.16160308792747,EGR1;IL33;TSLP;IL18;AIF1;LILRB4;SIGIRR;IL7;TNFSF4;LGALS9;LCP1;IL6R;TLR2,0.3170731707317073
3,1150,Antigen Processing And Presentation Of Peptide Antigen Via MHC Class I (GO:0002474),9/18,4.738580955271721e-06,immune system process,GO_Biological_Process_2023,2.0194865562801855e-07,0.0,0.0,16.51270815074496,254.5475631572365,CLEC4A;ERAP2;ERAP1;TAP2;TAP1;HLA-A;IFI30;B2M;TAPBP,0.5
3,1150,Ficolin-1-Rich Granule (GO:0101002),30/184,5.887179170685259e-06,cellular anatomical structure,GO_Cellular_Component_2023,2.2037569088126642e-07,0.0,0.0,3.251855287569573,49.844216920745424,SERPINB10;SERPINB12;TNFAIP6;GMFG;MVP;ITGB2;FGL2;FPR1;SLC2A3;LILRA3;CTSS;FCAR;LGALS3;ITGAX;TIMP2;CD58;CTSD;CD55;CTSB;CR1;CD300A;SLC11A1;PRG2;LILRB2;CLEC4C;CLEC4D;LRG1;ADAM8;MNDA;PLEKHO2,0.16304347826086957
3,1150,Regulation Of Interleukin-2 Production (GO:0032663),14/47,5.25641465262814e-06,biological regulation,GO_Biological_Process_2023,2.2801798721446266e-07,0.0,0.0,7.027262057191635,107.47383081542606,CR1;LAPTM5;LILRB4;ZFP36;NAV3;CLEC7A;IRF4;TBX21;PDE4B;XCL1;VSIG4;GBP1;CCR2;HAVCR2,0.2978723404255319
3,1150,Regulation Of Response To External Stimulus (GO:0032101),24/127,5.119318779433146e-06,biological regulation,GO_Biological_Process_2023,2.2012291555401278e-07,0.0,0.0,3.879425408267085,59.46802142695872,SEMA7A;IL20;IL1R1;IL37;ELMOD2;ERAP1;SAMHD1;USP18;CX3CL1;HERC5;NLRP14;CYLD;IL1RL2;TNFSF4;IRF1;DHX58;CASP4;CASP1;XCL1;NLRP1;FCGR2B;CD55;CCR2;BIRC3,0.1889763779527559
3,1150,Neutrophil Activation (GO:0042119),9/18,4.738580955271721e-06,cellular process,GO_Biological_Process_2023,2.0194865562801855e-07,0.0,0.0,16.51270815074496,254.5475631572365,CXCL6;CXCL8;TYROBP;IL15;CCL5;CTSG;PRG3;LILRA2;CAMP,0.5
3,1150,Positive Regulation Of Chemokine Production (GO:0032722),15/53,4.323806194928101e-06,biological regulation,GO_Biological_Process_2023,1.7933594948522188e-07,0.0,0.0,6.542545791792256,101.63193889425158,EGR1;IL33;CD84;TSLP;IL18;AIF1;IL17RA;OAS1;CLEC7A;IL7;TNFSF4;LGALS9;LCP1;IL6R;TLR2,0.2830188679245283
3,1150,Regulation Of Lymphocyte Proliferation (GO:0050670),9/18,4.738580955271721e-06,biological regulation,GO_Biological_Process_2023,2.0194865562801855e-07,0.0,0.0,16.51270815074496,254.5475631572365,TNFSF18;LGALS3;CD209;LST1;MZB1;TNFSF9;TNFSF8;TNFRSF1B;CD22,0.5
3,1150,Antigen Processing And Presentation Of Peptide Antigen Via MHC Class Ib (GO:0002428),8/13,2.9846516063678583e-06,immune system process,GO_Biological_Process_2023,1.1584264225628673e-07,0.0,0.0,26.40280210157618,421.6800262715777,RAET1E;HLA-B;HLA-A;HLA-F;ULBP2;HLA-G;ULBP1;MICA,0.6153846153846154
3,1150,Antigen Processing And Presentation Of Endogenous Peptide Antigen Via MHC Class Ib (GO:0002476),8/13,2.9846516063678583e-06,immune system process,GO_Biological_Process_2023,1.1584264225628673e-07,0.0,0.0,26.40280210157618,421.6800262715777,RAET1E;HLA-B;HLA-A;HLA-F;ULBP2;HLA-G;ULBP1;MICA,0.6153846153846154
3,1150,"Antigen Processing And Presentation Of Endogenous Peptide Antigen Via MHC Class I Via ER Pathway, TAP-independent (GO:0002486)",8/13,2.9846516063678583e-06,immune system process,GO_Biological_Process_2023,1.1584264225628673e-07,0.0,0.0,26.40280210157618,421.6800262715777,RAET1E;HLA-B;HLA-A;HLA-F;ULBP2;HLA-G;ULBP1;MICA,0.6153846153846154
3,1150,Antigen Processing And Presentation Of Endogenous Peptide Antigen Via MHC Class I Via ER Pathway (GO:0002484),8/13,2.9846516063678583e-06,immune system process,GO_Biological_Process_2023,1.1584264225628673e-07,0.0,0.0,26.40280210157618,421.6800262715777,RAET1E;HLA-B;HLA-A;HLA-F;ULBP2;HLA-G;ULBP1;MICA,0.6153846153846154
3,1150,Inhibitory MHC Class I Receptor Activity (GO:0032396),7/9,3.14080815063853e-06,molecular transducer activity,GO_Molecular_Function_2023,6.635510177405346e-08,0.0,0.0,57.71478565179353,953.9241281839884,KIR3DL1;LILRB1;LILRA1;LILRB2;LILRA2;LILRA3;LILRB4,0.7777777777777778
3,1150,Negative Regulation Of Endopeptidase Activity (GO:0010951),17/66,3.207253312200054e-06,biological regulation,GO_Biological_Process_2023,1.2570285051621217e-07,0.0,0.0,5.757101428391303,91.47657105171824,SERPINA11;SERPINB3;SERPINB10;SERPINA3;SERPINB4;SERPINB12;CR1;SERPINB2;SERPINB13;SERPINA10;SERPINB9;SERPINB7;SERPINB8;CST4;IFI16;TIMP2;TIMP1,0.25757575757575757
3,1150,Dendritic Cell Differentiation (GO:0097028),10/22,3.2888032947842103e-06,cellular process,GO_Biological_Process_2023,1.3015051090470237e-07,0.0,0.0,13.77046783625731,218.32490518038605,BATF2;BATF3;UBD;IRF8;LILRB1;CCR7;PRTN3;CCL19;LGALS9;BATF,0.45454545454545453
3,1150,Positive Regulation Of T Cell Mediated Cytotoxicity (GO:0001916),12/33,3.5144785297973866e-06,biological regulation,GO_Biological_Process_2023,1.417559833175506e-07,0.0,0.0,9.454682400200854,149.0923870838743,RAET1E;HLA-B;XCL1;CD1E;CD1D;HLA-A;CD1C;HLA-F;ULBP2;HLA-G;ULBP1;MICA,0.36363636363636365
3,1150,Positive Regulation Of Cytokine Production Involved In Immune Response (GO:0002720),12/33,3.5144785297973866e-06,biological regulation,GO_Biological_Process_2023,1.417559833175506e-07,0.0,0.0,9.454682400200854,149.0923870838743,CLEC7A;TNFSF4;LAPTM5;XCL1;TNFRSF14;CD226;IRF5;HLA-A;HLA-F;HLA-G;SCIMP;CD55,0.36363636363636365
3,1150,Interleukin-4 And Interleukin-13 Signaling R-HSA-6785807,29/107,4.0683749325716585e-11,Immune System,Reactome_2022,1.2144402783795994e-12,0.0,0.0,6.2259887005649714,170.8208196570893,CXCL8;ITGAM;CCL11;CEBPD;ITGB2;F13A1;RORA;ICAM1;ITGAX;CCL2;LBP;TIMP1;IL13RA2;IL6R;IL13RA1;MCL1;IL4R;VCAM1;CCL22;MMP3;LIF;IL18;TNFRSF1B;BATF;FCER2;IRF4;FSCN1;LCN2;SAA2,0.27102803738317754
3,1150,Regulation Of Interleukin-10 Production (GO:0032653),14/46,4.112244767983875e-06,biological regulation,GO_Biological_Process_2023,1.6899636032810445e-07,0.0,0.0,7.24724911971831,113.00917223073508,TSLP;ISG15;LILRB1;PDCD1LG2;MMP8;LILRB4;TYROBP;CLEC7A;IRF4;TNFSF4;XCL1;LGALS9;FCGR2B;TNFRSF21,0.30434782608695654
3,1150,TNF Receptor Superfamily (TNFSF) Members Mediating Non-Canonical NF-kB Pathway R-HSA-5676594,13/17,4.784461331171864e-12,Immune System,Reactome_2022,1.348853111607325e-13,0.0,0.0,53.86939313984169,1596.3845327175209,CD40;TNFRSF12A;TNFSF14;TNFSF12;TNFRSF11A;TNFRSF13C;TANK;TNFSF13B;LTA;TNFSF11;LTB;LTBR;BIRC3,0.7647058823529411
3,1150,Immunoregulatory Interactions Between A Lymphoid And A non-Lymphoid Cell R-HSA-198933,57/123,1.1267149778667944e-35,Immune System,Reactome_2022,7.474062871421521e-38,0.0,0.0,14.842219080096482,1268.813736739235,IFITM1;CD40;SIGLEC9;ITGB2;ICAM2;ICAM4;ICAM5;TREM1;ICAM1;B2M;CD33;CD96;CD300A;HLA-B;HLA-A;HLA-F;HLA-G;NCR1;CD200R1;NCR3;TYROBP;JAML;CD8A;CD226;CD300C;HCST;CLEC4G;LILRA6;KLRB1;CD1E;CD1D;LILRA1;CD1C;LILRA2;LILRA3;C3;KLRK1;NCR3LG1;SLAMF7;KLRC1;MICA;KLRG1;VCAM1;CRTAM;SH2D1A;SH2D1B;KIR3DL1;LILRB1;KIR3DL2;LILRB2;LILRB4;RAET1E;SELL;FCGR2B;ULBP1;SIGLEC7;CD22,0.4634146341463415
3,1150,Class A/1 (Rhodopsin-like Receptors) R-HSA-373076,57/327,1.8918976874725778e-12,Signal Transduction,Reactome_2022,4.7062131529168594e-14,0.0,0.0,3.588695740571312,110.12741049996798,CXCL6;CXCL9;CXCL8;GPR68;GPR65;CXCL1;CXCL13;CXCL3;CXCL2;CX3CL1;CXCL5;CXCL16;CCRL2;C3AR1;CCR9;CCR7;CCR5;CCR2;EDN2;CD200R1;XCL1;PTGER4;CX3CR1;CCL13;CCL11;PTAFR;C5AR1;FPR1;CXCR5;CXCR6;C3;HCAR2;HCAR3;GPNMB;CCL7;CXCR3;CCL5;CCL4;CCL3;CCL2;CCL1;CCL19;CCL17;CCL16;CCR1;CCL23;CCL22;CCL20;PPBP;CXCL11;GPR183;PNOC;ACKR4;SAA2;CCL28;GPR18;CCL27,0.1743119266055046
3,1150,Cytokine-cytokine receptor interaction,145/295,3.818950942902833e-98,Signaling molecules and interaction,KEGG_2021_Human,2.1334921468730912e-100,0.0,0.0,17.986733001658376,4127.968698760897,CNTFR;CSF3;TNFRSF6B;CSF3R;CSF1;CXCL17;IL1RAP;CXCL13;IL27RA;CXCL16;IL36A;IL18RAP;IL36B;TNFSF10;TNFSF11;TNFRSF8;IL13RA2;IL6R;TNFRSF4;IL13RA1;IL15RA;IL4R;IL1R1;IL11RA;IL1R2;LIFR;EDAR;IL6ST;CSH2;EBI3;IL20RA;IL20RB;TNFRSF11B;TNFRSF11A;CSF2RA;TNFRSF17;IL36RN;TNFRSF14;CCR1;TNFSF18;TNFSF14;TSLP;TNFSF15;TNFSF12;TNFRSF9;TNFSF13;IL31RA;LIF;GDF1;IL36G;PPBP;INHBA;INHBC;IL1F10;INHBE;IL22RA1;BMP3;CXCL11;IL7;TNFSF4;CD27;TNFSF9;TNFSF8;IL7R;CXCL6;CD40;CXCL9;IL20;CXCL8;EDA;TNFRSF13B;IL24;CXCL1;TNFRSF13C;CXCL3;CXCL2;CX3CL1;EDA2R;CXCL5;TNFSF13B;CCR9;CCR7;CCR5;CCR2;IL11;TNFRSF12A;IFNGR1;IL15;IFNGR2;TNFRSF18;IL18;IL16;OSMR;TNFRSF1B;IL17RB;IL17RA;LTA;XCL1;TNFRSF25;LTB;TNFRSF21;CCL14;CX3CR1;CCL13;CCL11;CTF1;CXCR5;CXCR6;IL1RL1;IL1RL2;CCL8;CCL7;CXCR3;CCL5;CCL4;CCL3;IL21R;CCL2;CCL1;CCL19;CCL18;CCL17;CCL16;CCL15;IL32;CCL24;GDF11;IL33;CCL23;CCL22;CCL20;CD70;IL10RB;IL37;IL10RA;IL34;CLCF1;ACKR4;LTBR;IL17D;CCL28;IL17C;CCL27;IL18R1;CCL26,0.4915254237288136
3,1150,Viral protein interaction with cytokine and cytokine receptor,64/100,1.8580445033612382e-52,Signaling molecules and interaction,KEGG_2021_Human,2.076027378057249e-54,0.0,0.0,30.79844485369347,3806.969246856282,CXCL6;CXCL9;CXCL8;IL20;CSF1;IL24;CXCL1;CXCL13;CXCL3;CXCL2;CX3CL1;CXCL5;IL18RAP;TNFSF10;CCR9;CCR7;CCR5;IL6R;CCR2;IL18;TNFRSF1B;LTA;XCL1;IL6ST;CCL14;CX3CR1;CCL13;CCL11;IL20RA;CXCR5;IL20RB;CCL8;CCL7;CCL5;CXCR3;CCL4;CCL3;CCL2;TNFRSF14;CCL1;CCL19;CCL18;CCL17;CCL16;CCL15;CCR1;CCL24;CCL23;CCL22;TNFSF14;CCL20;IL10RB;IL37;IL10RA;IL34;PPBP;IL22RA1;CXCL11;ACKR4;LTBR;CCL28;CCL27;IL18R1;CCL26,0.64
3,1150,Hematopoietic cell lineage,34/99,2.570202286855869e-16,Immune system,KEGG_2021_Human,4.307601598082463e-18,0.0,0.0,8.804659498207885,352.0644389022962,CSF3;CSF3R;ITGAM;CSF1;CD1E;CD1D;CD1C;CSF2RA;CD1A;HLA-DMA;ANPEP;CD38;CD37;CD14;IL6R;HLA-DQA1;CD33;CD55;IL11;CR2;IL4R;CR1;IL11RA;IL1R1;IL1R2;CD2;FCER2;CD8A;IL7;CD5;CD7;IL7R;MS4A1;CD22,0.3434343434343434
3,1150,Chemokine signaling pathway,44/192,7.36374481171212e-14,Immune system,KEGG_2021_Human,1.6455295668630435e-15,0.0,0.0,5.027173647426812,171.1285810509025,CCL14;CX3CR1;CXCL6;CCL13;CXCL9;CXCL8;CCL11;CXCR5;CXCL1;CXCR6;CXCL13;CXCL3;CXCL2;CX3CL1;CXCL5;CXCL16;CCL8;CCL7;CCL5;CXCR3;CCL4;CCR9;CCL3;CCL2;CCR7;CCL1;CCL19;CCR5;CCL18;CCL17;CCL16;CCR2;CCL15;CCR1;CCL24;CCL23;CCL22;CCL20;PPBP;CXCL11;XCL1;CCL28;CCL27;CCL26,0.22916666666666666
3,1150,NF-kappa B signaling pathway,31/104,4.121467674802463e-13,Signal transduction,KEGG_2021_Human,1.1512479538554368e-14,0.0,0.0,7.1258217341804695,228.7057053327497,CCL13;CD40;CXCL8;EDA;BCL2A1;CXCL1;TNFRSF11A;TNFRSF13C;CXCL3;CXCL2;EDA2R;ICAM1;TNFSF13B;RELB;PLAU;CCL4;TNFSF11;CD14;LBP;CCL19;VCAM1;TNFSF14;IL1R1;TRAF1;NFKB2;EDAR;CYLD;LTA;LTB;LTBR;BIRC3,0.2980769230769231
3,1150,Rheumatoid arthritis,27/93,3.58019222851717e-11,Immune disease,KEGG_2021_Human,1.2000644341398336e-12,0.0,0.0,6.842710272808224,187.82313103825535,CXCL6;CXCL8;CSF1;ITGB2;CXCL1;TNFRSF11A;CXCL3;CXCL2;CXCL5;ICAM1;TNFSF13B;HLA-DMA;CTSL;CTSK;CCL5;CCL3;TNFSF11;CCL2;HLA-DQA1;IL11;IL15;CCL20;MMP3;TNFSF13;IL18;LTB;TLR2,0.2903225806451613
3,1150,JAK-STAT signaling pathway,36/162,4.1522346761664166e-11,Signal transduction,KEGG_2021_Human,1.623778923640498e-12,0.0,0.0,4.802256988971531,130.36334088900625,CNTFR;CSF3;CSF3R;IL20;CTF1;CSH2;IL24;IL20RA;IL20RB;CSF2RA;IL27RA;IL21R;STAT4;IL13RA2;IL6R;IL13RA1;MCL1;IL15RA;IL11;IL4R;TSLP;IL11RA;IFNGR1;IL15;IL10RB;IFNGR2;IL10RA;LIF;LIFR;OSMR;IL22RA1;IL7;IL6ST;IL7R;IL17D;IRF9,0.2222222222222222
3,1150,Natural killer cell mediated cytotoxicity,31/131,2.254323855983865e-10,Immune system,KEGG_2021_Human,1.0075190417804983e-11,0.0,0.0,5.194369973190349,131.52635696306436,ITGB2;ICAM2;PRF1;KIR2DL1;ICAM1;KLRK1;SH3BP2;TNFSF10;KLRC1;MICA;KLRC3;IFNGR1;IFNGR2;SH2D1A;HLA-B;SH2D1B;GZMB;KIR3DL1;HLA-A;KIR3DL2;HLA-G;NCR1;NCR3;TYROBP;RAET1E;RAET1L;CD48;ULBP2;ULBP1;HCST;CD244,0.2366412213740458
3,1150,Antigen processing and presentation,22/78,5.397544909007319e-09,Immune system,KEGG_2021_Human,2.7138493955902715e-10,0.0,0.0,6.545529381965552,144.18153628228728,CIITA;KLRC3;HLA-B;TAP2;TAP1;KIR3DL1;HLA-A;KIR2DL1;KIR3DL2;IFI30;HLA-F;HLA-G;CTSS;TAPBP;HLA-DMA;CTSL;CD8A;KLRC1;B2M;HLA-DQA1;CTSB;LGMN,0.28205128205128205
3,1150,Osteoclast differentiation,28/127,1.0432324459476947e-08,Development and regeneration,KEGG_2021_Human,5.828114223171481e-10,0.0,0.0,4.726660544842363,100.50372734349013,LILRA6;CSF1;NCF2;TNFRSF11B;TNFRSF11A;LILRA1;LILRA2;LILRA3;RELB;CTSK;TNFSF11;JUNB;IL1R1;IFNGR1;IFNGR2;LILRB1;LILRB2;LILRB3;LILRB4;FOSL2;NFKB2;FOSL1;CYLD;TYROBP;FCGR2A;FOSB;FCGR2B;IRF9,0.2204724409448819
3,1150,NOD-like receptor signaling pathway,34/181,1.3464373843582296e-08,Immune system,KEGG_2021_Human,8.27419621672655e-10,0.0,0.0,3.876222173457197,81.0623069039241,RNASEL;CXCL8;CXCL1;ANTXR2;CXCL3;CXCL2;TANK;PSTPIP1;IFI16;CCL5;NAMPT;CASP4;CASP1;CCL2;NLRP1;GBP2;GBP1;CAMP;GBP4;CTSB;GBP3;GBP5;GABARAPL1;GBP7;IL18;CYBB;AIM2;OAS1;OAS2;CARD18;TXNIP;NAIP;IRF9;BIRC3,0.1878453038674033
3,1150,IL-17 signaling pathway,23/94,3.4636249050757744e-08,Immune system,KEGG_2021_Human,2.3219831765871115e-09,0.0,0.0,5.397815464213855,107.31312825856828,CXCL6;CSF3;CXCL8;CCL11;CCL20;MMP3;CXCL1;CXCL3;CXCL2;CXCL5;IL17RB;IL17RA;FOSL1;MMP13;CCL7;LCN2;CCL2;FOSB;IL17D;S100A9;CCL17;IL17C;S100A7,0.24468085106382978
3,1150,TNF signaling pathway,24/112,2.429934287161676e-07,Signal transduction,KEGG_2021_Human,1.764756744866021e-08,0.0,0.0,4.544324237041821,81.1283113641687,CXCL6;VCAM1;CSF1;IL15;CCL20;MMP3;LIF;CXCL1;TRAF1;CXCL3;TNFRSF1B;CXCL2;CX3CL1;CXCL5;ICAM1;MMP14;IRF1;CCL5;BCL3;LTA;CCL2;JUNB;IL18R1;BIRC3,0.21428571428571427
3,1150,Adaptive Immune System R-HSA-1280218,95/733,2.3817375854669905e-12,Immune System,Reactome_2022,6.319701719315398e-14,0.0,0.0,2.5704437742352435,78.12226199534462,IFITM1;CD40;SIGLEC9;NCF2;ITGB2;ICAM2;RNF19B;ICAM4;ICAM5;IFI30;TREM1;CTSS;ICAM1;HERC5;CTSL;CTSK;B2M;TRIM21;CTSD;CD33;HERC6;CTSB;CD96;LAG3;DTX3L;BTN3A1;S100A1;CD300A;HLA-B;CYBB;BTN3A3;RNASE3;HLA-A;PDCD1LG2;HLA-F;RNASE1;HLA-G;TAPBP;NCR1;RNF144B;CD200R1;NCR3;TYROBP;JAML;CD8A;CD226;CD300C;HCST;S100A9;CLEC4G;TLR2;LILRA6;KLRB1;DAPP1;CD1E;CD1D;LILRA1;CD1C;LILRA2;LILRA3;RASGRP3;C3;HLA-DMA;KLRK1;NCR3LG1;SLAMF7;TNFRSF14;KLRC1;HLA-DQA1;MICA;KLRG1;FYB1;VCAM1;ERAP2;ERAP1;SH2D1A;CRTAM;SH2D1B;KIR3DL1;LILRB1;KIR3DL2;LILRB2;FBXO32;LILRB4;SPSB1;RAET1E;SELL;CD209;TRIM36;FCGR2B;NFKBIE;SIGLEC7;ULBP1;CD22;LGMN,0.1296043656207367
3,1150,Intestinal immune network for IgA production,14/48,3.8991551884331095e-06,Immune system,KEGG_2021_Human,3.0496185831320405e-07,0.0,0.0,6.820215410107705,102.3242314328618,PIGR;IL15RA;CD40;TNFRSF13B;IL15;TNFSF13;TNFRSF13C;TNFSF13B;HLA-DMA;CCR9;TNFRSF17;LTBR;CCL28;HLA-DQA1,0.2916666666666667
3,1150,Immune System R-HSA-168256,356/1943,2.8976140188126867e-94,Immune System,Reactome_2022,4.805330047782235e-97,0.0,0.0,4.877180618977556,1081.6661328424354,IFITM3;CNTFR;IFITM1;TNFRSF6B;IFITM2;GMFG;CLEC10A;ICAM2;IFIT5;ICAM4;IFI35;ICAM5;IFI30;IFIT1;IFIT3;IL27RA;ICAM1;IFIT2;HERC5;LGALS3;IL36A;IL36B;ANPEP;DHX58;C3AR1;TNFSF11;TRIM26;LGALS9;TRIM21;B2M;TRIM22;HERC6;GBP6;GBP5;IL15RA;GBP7;RSAD2;NHLRC3;IL1R1;IL1R2;SLC11A1;RNASE6;HLA-B;MCEMP1;RNASE3;HLA-A;HLA-F;RNASE1;HLA-G;SIGIRR;RNF125;IFI27;SLPI;TXNIP;TRIM14;CD226;EBI3;IL20RA;FPR1;IL20RB;CD1E;CD1D;CD1C;C3;CRACR2A;KLRK1;SLAMF7;S100A11;HLA-DQA1;TNFSF18;CCR1;EGR1;FYB1;TSLP;TNFSF14;BCL11B;TNFSF15;TNFSF12;TNFSF13;SH2D1A;IL31RA;SH2D1B;LIF;IL36G;PPBP;LYZ;HRNR;IL1F10;IL22RA1;BST2;CYLD;RAET1E;CD209;TNFSF4;CD27;TNFSF9;TNFSF8;CD22;LGMN;PIGR;SERPINA3;CD40;SIGLEC9;IL20;TNFRSF13B;IL24;TNFRSF13C;EDA2R;CTSS;IL18BP;GLIPR1;CTSL;GNLY;CTSK;MMP28;TIMP2;OLR1;CTSG;TIMP1;CCR5;CTSD;CD33;CTSB;CCR2;HAVCR2;DUSP4;CD53;SERPINB3;IL11;SERPINB2;TNFRSF12A;BTN3A1;IL15;IFNGR1;NFAM1;IFNGR2;IL18;IL16;BTN3A3;PDCD1LG2;OSMR;DUSP6;IL17RB;IL17RA;MMP12;NCR1;RNF144B;FCER2;NCR3;CD200R1;CEACAM1;PELI1;PLEKHO2;HCST;TLR2;SERPINB10;LILRA6;SERPINB12;RNASEL;SP100;CTF1;CCL11;PTAFR;LILRA1;LILRA2;TANK;LILRA3;RELB;HLA-DMA;NCR3LG1;STAT4;STX3;CD58;CCL19;CCL17;CD55;MICA;IL32;IL33;CCL22;IL37;CD70;IL10RB;CCL20;IL34;IL10RA;KIR3DL1;LILRB1;KIR3DL2;LILRB2;LILRB4;BATF;SPSB1;LRG1;CLCF1;SAA2;CD68;SIGLEC7;IL17C;CRLF1;IL18R1;CSF3;CSF3R;CSF1;NCF2;F13A1;RNF19B;RORA;IL1RAP;EPX;MPO;IL18RAP;PLAU;CLEC5A;TNFRSF8;IL13RA2;TNFRSF4;IL6R;IL13RA1;CD96;LAG3;IL4R;IL11RA;S100A1;CD300A;CD180;IRAG2;CYBB;LIFR;EDAR;CLEC4A;CLEC4C;TXLNA;TYROBP;CLEC4D;JAML;CD8A;FSCN1;ADAM8;PRTN3;CD300C;IL6ST;CLEC4E;S100A9;CLEC4G;S100A7;KLRB1;C5AR1;DAPP1;TNFRSF11B;GPR84;TNFRSF11A;CSF2RA;RASGRP3;CNN2;ADGRG3;CLEC7A;TNFRSF17;TNFRSF14;IL36RN;PI3;NLRP1;KLRC1;MCL1;VCAM1;TNFRSF9;CRTAM;LY86;ISG15;ADA2;FBXO32;NFKB2;ISG20;RCAN1;SELL;IL7;LCN2;IL7R;XAF1;NFKBIE;ULBP1;CIITA;ITGAM;EDA;CXCL8;TNFAIP6;CRISP3;ITGB2;ADAR;SLC2A3;CXCL1;TREM1;CXCL2;FCAR;TNFSF13B;OASL;PSTPIP1;CASP4;ITGAX;CASP1;LBP;CR2;CR1;DTX3L;TNFRSF18;MMP3;PLAUR;IRAK3;TNFRSF1B;MMP8;TAPBP;AIM2;OAS1;IRF4;OAS2;IRF1;IRF2;LTA;IRF8;CHI3L1;TNFRSF25;IRF5;IRF6;LTB;IRF9;BIRC3;C1S;CEBPD;CLEC12A;UNC93B1;FGL2;SAMHD1;USP18;IL1RL1;IL1RL2;PTPRZ1;IFI16;CCL5;CCL4;CCL3;IL21R;CCL2;GBP2;GBP1;GBP4;KLRG1;ERAP2;MX2;ERAP1;FCGR2A;TRIM36;PTX3;MNDA;TRIM38;LTBR;FCGR2B,0.18322182192485847
3,1150,Cytokine Signaling In Immune System R-HSA-1280215,197/702,2.4205243835860955e-81,Immune System,Reactome_2022,8.028273245725027e-84,0.0,0.0,7.509303606121367,1436.7864354170538,IFITM3;CNTFR;IFITM1;IFITM2;TNFRSF6B;IFIT5;IFI35;IFI30;IFIT1;IFIT3;ICAM1;IFIT2;IL27RA;HERC5;IL36A;IL36B;TNFSF11;TRIM26;LGALS9;B2M;TRIM21;TRIM22;GBP6;GBP5;IL15RA;GBP7;RSAD2;IL1R1;IL1R2;HLA-B;HLA-A;HLA-F;HLA-G;SIGIRR;IFI27;TRIM14;EBI3;FPR1;IL20RA;IL20RB;HLA-DQA1;CCR1;TNFSF18;EGR1;TSLP;BCL11B;TNFSF14;TNFSF15;TNFSF12;TNFSF13;IL31RA;LIF;IL36G;IL1F10;IL22RA1;BST2;TNFSF4;TNFSF9;CD27;TNFSF8;CD40;IL20;TNFRSF13B;IL24;TNFRSF13C;EDA2R;IL18BP;CTSG;TIMP1;CCR5;HAVCR2;CCR2;DUSP4;IL11;SERPINB2;TNFRSF12A;IFNGR1;IL15;IFNGR2;IL18;IL16;OSMR;DUSP6;IL17RB;IL17RA;FCER2;PELI1;RNASEL;SP100;CCL11;CTF1;PTAFR;TANK;RELB;STAT4;CCL19;STX3;IL32;IL33;CCL22;CCL20;IL10RB;CD70;IL37;IL10RA;IL34;BATF;CLCF1;SAA2;IL17C;CRLF1;IL18R1;CSF3;CSF3R;CSF1;F13A1;RORA;IL1RAP;IL18RAP;TNFRSF8;IL13RA2;TNFRSF4;IL6R;IL13RA1;IL4R;IL11RA;LIFR;EDAR;TXLNA;FSCN1;PRTN3;IL6ST;S100A9;TNFRSF11B;TNFRSF11A;CSF2RA;CNN2;TNFRSF17;TNFRSF14;IL36RN;MCL1;VCAM1;TNFRSF9;ISG15;NFKB2;ISG20;IL7;LCN2;XAF1;IL7R;CIITA;ITGAM;CXCL8;EDA;ITGB2;ADAR;CXCL1;CXCL2;TNFSF13B;OASL;ITGAX;CASP1;LBP;TNFRSF18;MMP3;IRAK3;TNFRSF1B;OAS1;IRF4;OAS2;IRF1;IRF2;LTA;IRF8;TNFRSF25;IRF5;IRF6;LTB;IRF9;BIRC3;CEBPD;SAMHD1;USP18;IL1RL1;IL1RL2;PTPRZ1;CCL5;CCL4;CCL3;IL21R;CCL2;GBP2;GBP1;GBP4;MX2;TRIM38;LTBR,0.28062678062678065
3,1150,Signaling By Interleukins R-HSA-449147,111/453,3.9732239977194077e-38,Immune System,Reactome_2022,1.9767283570743323e-40,0.0,0.0,5.781503807642301,528.5564132335223,CNTFR;CSF3;CSF3R;CSF1;F13A1;RORA;IL1RAP;ICAM1;IL27RA;IL36A;IL18RAP;IL36B;LGALS9;IL13RA2;IL6R;IL13RA1;IL15RA;IL4R;IL1R1;IL11RA;IL1R2;LIFR;SIGIRR;TXLNA;FSCN1;PRTN3;IL6ST;S100A9;EBI3;FPR1;IL20RA;IL20RB;CSF2RA;CNN2;IL36RN;MCL1;CCR1;VCAM1;TSLP;IL31RA;LIF;IL36G;NFKB2;IL1F10;IL22RA1;IL7;LCN2;IL7R;ITGAM;IL20;CXCL8;ITGB2;IL24;CXCL1;CXCL2;IL18BP;ITGAX;CASP1;CTSG;TIMP1;LBP;CCR5;HAVCR2;CCR2;DUSP4;IL11;SERPINB2;IL15;MMP3;IL18;IL16;IRAK3;TNFRSF1B;OSMR;DUSP6;IL17RB;IL17RA;FCER2;IRF4;PELI1;CCL11;CTF1;CEBPD;PTAFR;TANK;USP18;IL1RL1;IL1RL2;PTPRZ1;CCL5;CCL4;STAT4;CCL3;IL21R;CCL2;CCL19;STX3;IL32;IL33;CCL22;CCL20;IL10RB;IL37;IL10RA;IL34;BATF;CLCF1;SAA2;IL17C;CRLF1;IL18R1,0.24503311258278146
3,1150,Chemokine Receptors Bind Chemokines R-HSA-380108,39/56,1.0455993546425055e-33,Signal Transduction,Reactome_2022,8.669978065029066e-36,0.0,0.0,38.88849473182612,3139.5925096005603,CX3CR1;CXCL6;CCL13;CXCL9;CXCL8;CCL11;CXCR5;CXCL1;CXCR6;CXCL13;CXCL3;CXCL2;CX3CL1;CXCL5;CXCL16;CCL7;CCL5;CXCR3;CCRL2;CCL4;CCR9;CCL3;CCL2;CCR7;CCL1;CCL19;CCR5;CCL17;CCL16;CCR2;CCR1;CCL22;CCL20;PPBP;CXCL11;ACKR4;XCL1;CCL28;CCL27,0.6964285714285714
3,1150,TNFs Bind Their Physiological Receptors R-HSA-5669034,26/29,1.3372262508788462e-27,Immune System,Reactome_2022,1.330573383959051e-29,0.0,0.0,145.3208778173191,9662.291831086017,EDA;TNFRSF6B;TNFRSF13B;TNFRSF11B;EDA2R;TNFSF13B;TNFRSF17;TNFRSF8;TNFSF11;TNFRSF14;TNFRSF4;TNFSF18;TNFSF14;CD70;TNFSF15;TNFRSF18;TNFRSF9;TNFSF13;TNFRSF1B;EDAR;TNFSF4;LTA;CD27;TNFSF9;TNFRSF25;TNFSF8,0.896551724137931
3,1150,Interferon Signaling R-HSA-913531,57/200,8.213470727193784e-23,Immune System,Reactome_2022,9.534708970208373e-25,0.0,0.0,6.822174166181486,377.3323287646492,IFITM3;IFITM1;CIITA;IFITM2;IFIT5;ADAR;IFI35;IFI30;IFIT1;IFIT3;ICAM1;IFIT2;OASL;HERC5;TRIM26;B2M;TRIM21;TRIM22;GBP6;GBP5;GBP7;RSAD2;IFNGR1;IFNGR2;HLA-B;HLA-A;HLA-F;HLA-G;IFI27;OAS1;IRF4;OAS2;IRF1;IRF2;TRIM14;IRF8;IRF5;IRF6;IRF9;RNASEL;SP100;PTAFR;SAMHD1;USP18;GBP2;GBP1;HLA-DQA1;GBP4;EGR1;VCAM1;BCL11B;MX2;ISG15;BST2;ISG20;TRIM38;XAF1,0.285
3,1150,Interferon Alpha/Beta Signaling R-HSA-909733,35/72,8.876516778609629e-23,Immune System,Reactome_2022,1.2900524590055899e-24,0.0,0.0,15.960610835050296,877.9510556238105,IFITM3;IFITM1;RNASEL;IFITM2;IFIT5;ADAR;IFI35;IFIT1;SAMHD1;USP18;IFIT3;IFIT2;OASL;GBP2;EGR1;RSAD2;MX2;HLA-B;ISG15;HLA-A;HLA-F;HLA-G;BST2;ISG20;IFI27;OAS1;IRF4;OAS2;IRF1;IRF2;IRF8;IRF5;IRF6;XAF1;IRF9,0.4861111111111111
3,1150,Neutrophil Degranulation R-HSA-6798695,90/468,8.876516778609629e-23,Immune System,Reactome_2022,1.3248532505387504e-24,0.0,0.0,4.149146451033244,228.1231444571081,PIGR;SERPINA3;SIGLEC9;ITGAM;TNFAIP6;GMFG;CRISP3;ITGB2;CXCL1;SLC2A3;EPX;MPO;FCAR;CTSS;LGALS3;GLIPR1;PLAU;ANPEP;MMP28;CLEC5A;C3AR1;TIMP2;ITGAX;OLR1;CTSG;B2M;CTSD;CD33;CTSB;SERPINB3;CD53;CR1;NHLRC3;CD300A;NFAM1;SLC11A1;HLA-B;PLAUR;CYBB;IRAG2;MCEMP1;RNASE3;HLA-A;TNFRSF1B;MMP8;RNASE1;MMP12;CLEC4C;CEACAM1;CLEC4D;TYROBP;SLPI;CHI3L1;ADAM8;PRTN3;PLEKHO2;S100A9;S100A7;TLR2;SERPINB10;LILRA6;SERPINB12;CLEC12A;PTAFR;FGL2;C5AR1;FPR1;GPR84;LILRA3;C3;ADGRG3;CNN2;CRACR2A;CD58;S100A11;CD55;ADA2;PPBP;LILRB2;LYZ;HRNR;BST2;RCAN1;LRG1;FCGR2A;SELL;LCN2;MNDA;PTX3;CD68,0.19230769230769232
3,1150,Interleukin-10 Signaling R-HSA-6783783,27/45,9.197994058299735e-21,Immune System,Reactome_2022,1.525372148971764e-22,0.0,0.0,25.15405164737311,1263.6045689031205,CSF3;CXCL8;CSF1;PTAFR;FPR1;CXCL1;CXCL2;ICAM1;CCL5;CCL4;CCL3;CCL2;CCL19;TIMP1;CCR5;CCR2;CCR1;CCL22;CCL20;IL10RB;IL1R1;IL10RA;IL1R2;IL18;LIF;TNFRSF1B;FCER2,0.6
3,1150,Interferon Gamma Signaling R-HSA-877300,36/89,3.89898300737397e-20,Immune System,Reactome_2022,7.112572650267607e-22,0.0,0.0,11.461197113918905,558.1030855188438,CIITA;SP100;PTAFR;IFI30;ICAM1;OASL;TRIM26;GBP2;B2M;TRIM21;GBP1;TRIM22;GBP4;HLA-DQA1;GBP6;GBP5;GBP7;VCAM1;BCL11B;IFNGR1;IFNGR2;HLA-B;HLA-A;HLA-F;HLA-G;OAS1;IRF4;OAS2;IRF1;IRF2;IRF8;TRIM14;IRF5;IRF6;TRIM38;IRF9,0.4044943820224719
3,1150,Innate Immune System R-HSA-168249,139/1035,9.562280343305908e-20,Immune System,Reactome_2022,1.902941361851922e-21,0.0,0.0,2.7549698848382085,131.4420546008927,NCF2;GMFG;CLEC10A;ICAM2;EPX;MPO;HERC5;LGALS3;PLAU;ANPEP;DHX58;CLEC5A;C3AR1;TRIM21;B2M;NHLRC3;S100A1;CD300A;SLC11A1;CD180;RNASE6;HLA-B;CYBB;IRAG2;MCEMP1;RNASE3;HLA-A;RNASE1;SIGIRR;CLEC4A;CLEC4C;TYROBP;RNF125;CLEC4D;SLPI;TXNIP;ADAM8;PRTN3;CLEC4E;S100A9;S100A7;C5AR1;FPR1;GPR84;C3;ADGRG3;CNN2;CRACR2A;KLRK1;CLEC7A;PI3;NLRP1;S100A11;LY86;ADA2;ISG15;PPBP;LYZ;HRNR;NFKB2;BST2;CYLD;RCAN1;SELL;CD209;LCN2;LGMN;PIGR;SERPINA3;SIGLEC9;ITGAM;TNFAIP6;CRISP3;ITGB2;CXCL1;SLC2A3;TREM1;CTSS;FCAR;PSTPIP1;GLIPR1;CTSL;GNLY;CTSK;MMP28;CASP4;ITGAX;TIMP2;CASP1;OLR1;CTSG;LBP;CTSD;CD33;CCR2;CTSB;DUSP4;CD53;SERPINB3;CR2;CR1;NFAM1;PLAUR;IRAK3;TNFRSF1B;MMP8;DUSP6;MMP12;CEACAM1;AIM2;PELI1;CHI3L1;PLEKHO2;BIRC3;TLR2;SERPINB10;LILRA6;SERPINB12;C1S;CLEC12A;UNC93B1;PTAFR;FGL2;TANK;LILRA3;USP18;RELB;IFI16;CD58;CCL17;CD55;CCL22;LILRB2;LRG1;FCGR2A;SAA2;PTX3;MNDA;CD68,0.13429951690821257
3,1150,TNFR2 Non-Canonical NF-kB Pathway R-HSA-5668541,37/100,3.4711603221969204e-19,Immune System,Reactome_2022,7.483430213691535e-21,0.0,0.0,9.91341861692266,459.4036373647861,CD40;TNFRSF6B;EDA;TNFRSF13B;TNFRSF11B;TNFRSF11A;TNFRSF13C;TANK;EDA2R;TNFSF13B;RELB;TNFRSF8;TNFSF11;TNFRSF17;TNFRSF14;TNFRSF4;TNFSF18;TNFSF14;TNFRSF12A;TNFSF15;CD70;TNFRSF9;TNFSF12;TNFRSF18;TNFSF13;TNFRSF1B;NFKB2;EDAR;TNFSF4;LTA;CD27;TNFSF9;TNFSF8;TNFRSF25;LTB;LTBR;BIRC3,0.37
3,1150,Peptide Ligand-Binding Receptors R-HSA-375276,49/196,3.6416311842199903e-17,Signal Transduction,Reactome_2022,8.454865104325018e-19,0.0,0.0,5.662428095670602,235.63840470705776,CXCL6;CXCL9;CXCL8;CXCL1;CXCL13;CXCL3;CXCL2;CX3CL1;CXCL5;CXCL16;CCRL2;C3AR1;CCR9;CCR7;CCR5;CCR2;EDN2;CD200R1;XCL1;CX3CR1;CCL13;CCL11;C5AR1;FPR1;CXCR5;CXCR6;C3;GPNMB;CCL7;CXCR3;CCL5;CCL4;CCL3;CCL2;CCL1;CCL19;CCL17;CCL16;CCR1;CCL23;CCL22;CCL20;PPBP;CXCL11;PNOC;ACKR4;SAA2;CCL28;CCL27,0.25
3,1150,CXCR Chemokine Receptor Binding (GO:0045236),9/16,2.810510365545773e-06,binding,GO_Molecular_Function_2023,5.2779537381141276e-08,0.0,0.0,21.2328784274446,355.8023646304858,CXCL6;CXCL9;CXCL11;CXCL8;PPBP;CXCL13;CXCL3;CXCL2;CXCL5,0.5625
3,1150,Regulation Of Tyrosine Phosphorylation Of STAT Protein (GO:0042509),17/65,2.6431109321972477e-06,biological regulation,GO_Biological_Process_2023,9.856349747158685e-08,0.0,0.0,5.877353633421595,94.81678864978608,TNFSF18;CD40;IL20;CTF1;TSLP;IL15;CSH2;TNFRSF18;IL18;IL31RA;LIF;CSHL1;CCL5;CLCF1;IL6ST;IL6R;CRLF1,0.26153846153846155
3,1150,Regulation Of Defense Response (GO:0031347),22/97,7.414787030002893e-07,biological regulation,GO_Biological_Process_2023,2.313594126561025e-08,0.0,0.0,4.882387706855792,85.84154759650318,SEMA7A;IL20;IL1R1;IL37;ELMOD2;ERAP1;SAMHD1;USP18;HERC5;NLRP14;CYLD;IL1RL2;TNFSF4;IRF1;DHX58;CASP4;CASP1;XCL1;NLRP1;FCGR2B;CCR2;BIRC3,0.2268041237113402
3,1150,Regulation Of Cytokine Production (GO:0001817),29/167,2.374887583481999e-06,biological regulation,GO_Biological_Process_2023,8.675388432810954e-08,0.0,0.0,3.507789370256888,57.03732389588459,PTGER4;LITAF;GPNMB;IFI16;CCR7;LGALS9;TRIM21;CD276;CCR2;SRGN;IL33;GBP7;BTN3A1;IL15;SLC11A1;NFAM1;CRTAM;HLA-B;ZBTB32;ISG15;BTN3A3;TNFRSF1B;AGT;BATF;CLEC4A;BCL6B;SAA1;IRF8;FCGR2B,0.17365269461077845
3,1150,Regulation Of Dendritic Cell Differentiation (GO:2001198),9/10,3.4636241885104573e-09,biological regulation,GO_Biological_Process_2023,6.326254225589877e-11,0.0,0.0,148.6774758983348,3491.501360821143,LGALS3;LGALS1;TMEM176B;HLA-B;LILRB1;LGALS9;LILRB2;FCGR2B;HLA-G,0.9
3,1150,Regulation Of Interleukin-6 Production (GO:0032675),28/114,2.183088115894533e-09,biological regulation,GO_Biological_Process_2023,3.904305230100574e-11,0.0,0.0,5.4449280769390205,130.49508563101188,CD84;LILRA2;AIF1;CX3CL1;CLEC7A;LGALS9;IL6R;IL33;TSLP;IL37;HLA-B;IL16;IRAK3;LILRB2;POU2F2;MMP8;LILRB4;SCIMP;IL17RA;CD200R1;TYROBP;ELF4;TNFSF4;POU2AF1;LCP1;IL17D;TMEM106A;TLR2,0.24561403508771928
3,1150,Regulation Of T Cell Mediated Cytotoxicity (GO:0001914),16/36,1.804227032140787e-09,biological regulation,GO_Biological_Process_2023,3.1580838462129453e-11,0.0,0.0,13.283950617283953,321.18560888114354,HLA-B;CD1E;LILRB1;CD1D;HLA-A;CD1C;HLA-F;HLA-G;CD1A;CEACAM1;RAET1E;XCL1;KLRC1;ULBP2;ULBP1;MICA,0.4444444444444444
3,1150,Regulation Of T Cell Activation (GO:0050863),21/62,8.38388350268684e-10,biological regulation,GO_Biological_Process_2023,1.435596490186103e-11,0.0,0.0,8.53310721769751,213.04485561679917,TNFSF18;CRTAM;LAPTM5;THY1;TNFRSF1B;CD2;LGALS3;HLA-DMA;GPNMB;SIT1;CD209;CCL5;TBX21;TNFSF11;CCL2;TNFSF9;CTSG;TNFSF8;B2M;HLA-DQA1;CCR2,0.3387096774193548
3,1150,Tertiary Granule Membrane (GO:0070821),23/72,2.888394093418833e-10,cellular anatomical structure,GO_Cellular_Component_2023,6.178383087526915e-12,0.0,0.0,7.8304872969596,202.1045992697968,CD53;ITGAM;CLEC12A;CD300A;SLC11A1;ITGB2;PTAFR;CYBB;SLC2A3;MCEMP1;GPR84;LILRB2;LILRA3;FCAR;CEACAM1;CLEC4C;CLEC4D;PLAU;CLEC5A;ITGAX;OLR1;ADAM8;CD33,0.3194444444444444
3,1150,Cellular Response To Lipid (GO:0071396),43/228,2.536986417282986e-10,cellular process,GO_Biological_Process_2023,4.2476180502454866e-12,0.0,0.0,3.919016577553163,102.61812739047484,CX3CR1;CXCL6;CXCL9;CXCL8;GFI1;RORA;CXCL1;AHR;CXCL13;CXCL3;CXCL2;CXCL5;ZFP36;IL36A;IL36B;SPP1;CASP1;PDE4B;CCL2;CTSG;IL36RN;CD14;CCR5;GBP2;NKX3-1;GBP3;IL37;CD180;ACOD1;IL36G;LILRB1;PPBP;PDCD1LG2;LILRB2;TNFRSF1B;IRGM;IL1F10;CXCL11;TNIP1;TNFSF4;TNIP3;LCP1;CD68,0.18859649122807018
3,1150,Regulation Of Tumor Necrosis Factor Production (GO:0032680),31/127,2.536986417282986e-10,biological regulation,GO_Biological_Process_2023,4.213478888462349e-12,0.0,0.0,5.4119563598451,141.7539250736166,CX3CR1;CD84;LILRA2;CX3CL1;SPN;ZFP36;CLEC7A;CCL3;TNFRSF8;LGALS9;CD14;CCL19;CD33;CCR2;HAVCR2;IL33;IFNGR1;IL37;IRAK3;LILRB1;MMP8;LILRB4;CLEC4A;CD2;TYROBP;OAS1;ELF4;OAS2;LCP1;TMEM106A;TLR2,0.2440944881889764
3,1150,Positive Regulation Of Leukocyte Mediated Cytotoxicity (GO:0001912),20/51,1.1658034389471112e-10,biological regulation,GO_Biological_Process_2023,1.863156180965703e-12,0.0,0.0,10.74450471024836,290.19563294119104,ITGAM;KLRC3;CRTAM;HLA-B;CD1E;HLA-A;CD1D;HLA-F;CD1C;HLA-G;CD1A;NCR3;TYROBP;KLRK1;RAET1E;XCL1;CD226;ULBP2;ULBP1;MICA,0.39215686274509803
3,1150,Positive Regulation Of ERK1 And ERK2 Cascade (GO:0070374),38/179,1.1303052716254276e-10,biological regulation,GO_Biological_Process_2023,1.7634138560366258e-12,0.0,0.0,4.534300219398949,122.7152559576712,CCL14;CCL13;SEMA7A;CCL11;C5AR1;CXCL17;TNFRSF11A;CX3CL1;ICAM1;CCL8;CCL7;GPNMB;CCL5;CCL4;CCL3;TNFSF11;CCL2;CCR7;CCL1;CCN2;LGALS9;CCL19;CCL18;CCL17;CCL16;CCL15;CCR1;CCL24;CCL23;CCL22;CCL20;SCIMP;MFHAS1;GPR183;CHI3L1;XCL1;S100A7;CCL26,0.2122905027932961
3,1150,Defense Response To Protozoan (GO:0042832),12/15,3.1443558418910566e-11,biological process involved in interspecies interaction between organisms,GO_Biological_Process_2023,4.785929744126419e-13,0.0,0.0,66.24604569420035,1879.2629153548148,GBP6;BATF2;CD40;GBP7;CLEC7A;IRF4;SLC11A1;NKG7;GBP2;LYST;GBP1;GBP4,0.8
3,1150,Antimicrobial Humoral Response (GO:0019730),29/100,1.224234121470656e-11,immune system process,GO_Biological_Process_2023,1.8167857967030286e-13,0.0,0.0,6.842369112085537,200.73141677900813,CXCL6;IGHM;WFDC9;CCL13;CXCL9;CXCL8;CXCL1;CXCL13;CXCL3;CXCL2;CXCL5;JCHAIN;GNLY;IL36RN;CTSG;PI3;CAMP;TSLP;SLC11A1;RNASE6;HLA-A;RNASE3;PPBP;LYZ;CXCL11;SLPI;PRTN3;S100A9;S100A7,0.29
3,1150,Regulation Of Viral Genome Replication (GO:0045069),24/67,8.375739481950409e-12,biological regulation,GO_Biological_Process_2023,1.2111038824738037e-13,0.0,0.0,9.322318146143996,277.2650758338533,IFITM3;IFITM1;RNASEL;CXCL8;IFITM2;GBP7;APOBEC3F;RSAD2;IFIT5;ISG15;ZC3HAV1;IFIT1;OASL;BST2;ISG20;PLSCR1;ZNFX1;OAS1;SLPI;IFI16;TNIP1;OAS2;CCL5;SHFL,0.3582089552238806
3,1150,Regulation Of T Cell Proliferation (GO:0042129),26/77,4.157352763723558e-12,biological regulation,GO_Biological_Process_2023,5.853198335531645e-14,0.0,0.0,8.526515944456074,259.79614575754096,TNFRSF13C;CD1D;SPN;LGALS3;GPNMB;CCL5;VSIG4;CCL19;CD276;TNFSF18;CR1;VCAM1;IL15;CD70;LILRB1;PDCD1LG2;LILRB2;TNFRSF1B;HLA-G;LILRB4;CD209;TNFSF9;TNFSF8;IL6ST;TNFRSF21;IDO1,0.33766233766233766
3,1150,Negative Regulation Of Viral Genome Replication (GO:0045071),22/53,2.5790290929180294e-12,biological regulation,GO_Biological_Process_2023,3.5329165656411366e-14,0.0,0.0,11.839910775566231,366.7301961429644,IFITM3;IFITM1;RNASEL;IFITM2;APOBEC3F;RSAD2;IFIT5;ISG15;ZC3HAV1;IFIT1;OASL;BST2;ISG20;PLSCR1;ZNFX1;OAS1;SLPI;IFI16;TNIP1;OAS2;CCL5;SHFL,0.41509433962264153
3,1150,Secretory Granule Membrane (GO:0030667),52/279,2.449884459290838e-12,cellular anatomical structure,GO_Cellular_Component_2023,3.9302959239959974e-14,0.0,0.0,3.885302071046276,119.9294706848042,PIGR;SIGLEC9;ITGAM;ITGB2;SLC2A3;FCAR;LGALS3;GLIPR1;PLAU;ANPEP;CLEC5A;C3AR1;ITGAX;OLR1;CD33;CD53;CR1;CD300A;SLC11A1;NFAM1;HLA-B;PLAUR;CYBB;IRAG2;MCEMP1;TNFRSF1B;CEACAM3;CEACAM1;CLEC4C;CLEC4D;TYROBP;ADAM8;TLR2;SERPINB10;SERPINB12;CLEC12A;PTAFR;C5AR1;FPR1;GPR84;LILRA3;ADGRG3;CD14;CD58;CD55;LILRB2;LILRB3;BST2;SELP;FCGR2A;SELL;CD68,0.1863799283154122
3,1150,Specific Granule (GO:0042581),38/159,2.449884459290838e-12,cellular anatomical structure,GO_Cellular_Component_2023,3.334073895182206e-14,0.0,0.0,5.2894197039062965,164.14125296487163,ITGAM;CLEC12A;CRISP3;ITGB2;CXCL1;SLC2A3;GPR84;LILRA3;FCAR;ADGRG3;CNN2;CRACR2A;PLAU;CLEC5A;C3AR1;TIMP2;OLR1;STX3;B2M;CTSD;CAMP;CD33;CD53;PLAUR;CYBB;MCEMP1;PRG3;LYZ;MMP8;TNFRSF1B;CEACAM3;CEACAM1;CLEC4D;LRG1;SLPI;LCN2;CHI3L1;ADAM8,0.2389937106918239
3,1150,Receptor Ligand Activity (GO:0048018),57/319,9.489976484555825e-13,binding,GO_Molecular_Function_2023,1.5593858073213798e-14,0.0,0.0,3.699866604275648,117.62578640088184,CSF3;CXCL9;EDA;CSF1;CXCL1;CXCL13;CX3CL1;TNFSF13B;LGALS3;IL36A;IL36B;TNFSF11;CTSG;TIMP1;IL11;SEMA6C;EDN2;IL15;IL18;IL16;S100A4;SEMA7A;CCL11;CSH2;SEMA3D;GPNMB;CCL5;CCL4;CCL3;CCL16;CCL15;CCL24;GDF11;IL33;SEMA4A;TSLP;CD70;IL37;TNFSF12;IL34;TNFSF13;SEMA4C;LIF;GDF1;IL36G;CSHL1;INHBA;INHBC;AGT;IL1F10;INHBE;BMP3;IL7;CLCF1;IL17D;CRLF1;CCL26,0.1786833855799373
3,1150,Defense Response To Bacterium (GO:0042742),45/204,2.6739842905020854e-13,biological process involved in interspecies interaction between organisms,GO_Biological_Process_2023,3.5612423960263694e-15,0.0,0.0,4.787244941517971,159.26525743952283,IGHM;WFDC9;CXCL13;EPX;LYST;MPO;JCHAIN;SPN;GNLY;STAB1;CASP4;SLAMF8;CASP1;CTSG;TNFRSF14;NLRP1;PI3;GBP2;IL6R;GBP1;CAMP;MICA;GBP4;GBP3;GBP6;GBP7;SLC11A1;RNASE6;IL18;ISG15;HLA-A;RNASE3;LYZ;RNASE1;IRGM;MPEG1;SELP;ZNFX1;SLPI;OAS1;OAS2;LCN2;S100A9;NAIP;TLR2,0.22058823529411764
3,1150,Cytokine Receptor Binding (GO:0005126),31/100,2.418151192295478e-13,binding,GO_Molecular_Function_2023,3.405846749711941e-15,0.0,0.0,7.540518837989405,251.19943656820115,CSF3;IL20;CSF1;CSH2;IL1RAP;IL36A;IL36B;CCL5;CCRL2;TNFSF11;IL36RN;CCL19;IL6R;TNFSF18;IL11;TSLP;IL37;IL34;ERAP1;LIF;IL18;LIFR;CSHL1;OSMR;INHBC;TNFSF4;CLCF1;TNFSF9;XCL1;IL6ST;CRLF1,0.31
3,1150,Positive Regulation Of Inflammatory Response (GO:0050729),32/104,1.201335176107707e-13,biological regulation,GO_Biological_Process_2023,1.5542388123159069e-15,0.0,0.0,7.46491751142914,254.5371932469316,PTGER4;IFI35;PLA2G7;CX3CL1;LGALS1;CASP4;NFKBIZ;CASP1;CCL3;CCL1;NLRP1;CCR2;IL33;TSLP;IL15;IL18;NKG7;IL16;MMP8;OSMR;AGT;IL17RA;AIM2;TNIP1;TNFSF4;NINJ1;ADAM8;LCP1;IL6ST;S100A9;NAIP;TLR2,0.3076923076923077
3,1150,Negative Regulation Of Viral Process (GO:0048525),25/61,7.235366734454567e-14,biological regulation,GO_Biological_Process_2023,9.085506173401849e-16,0.0,0.0,11.61358024691358,402.2326479596413,IFITM3;IFITM1;RNASEL;IFITM2;IFIT5;ZC3HAV1;IFIT1;OASL;ZFP36;IFI16;CCL5;TRIM21;APOBEC3F;RSAD2;ISG15;BST2;ISG20;PLSCR1;ZNFX1;OAS1;SLPI;TNIP1;OAS2;TRIM14;SHFL,0.4098360655737705
3,1150,Negative Regulation Of Cytokine Production (GO:0001818),43/178,3.6899291577745755e-14,biological regulation,GO_Biological_Process_2023,4.493064423469803e-16,0.0,0.0,5.384890762487872,190.29572048087724,PTGER4;CD84;CX3CL1;ZFP36;GPNMB;TBX21;DHX58;IL36RN;CCR7;LGALS9;VSIG4;GBP1;CD33;HAVCR2;SRGN;GBP7;CR1;IL37;SLC11A1;LAPTM5;ACOD1;IRAK3;LILRB1;INHBA;PDCD1LG2;MMP8;IRGM;LILRB4;CLEC4A;SIGIRR;CYLD;CD200R1;CEACAM1;RNF125;TYROBP;NAV3;ELF4;TNFSF4;BCL3;XCL1;XAF1;FCGR2B;TNFRSF21,0.24157303370786518
3,1150,Regulation Of Type II Interferon Production (GO:0032649),30/87,2.974514719935535e-14,biological regulation,GO_Biological_Process_2023,3.508750240411019e-16,0.0,0.0,8.831296992481203,314.2714317753936,EBI3;CLEC7A;PDE4B;CCR7;IL36RN;LGALS9;CD14;CCR2;HAVCR2;CD276;CR1;BTN3A1;IL1R1;SLC11A1;CRTAM;IL18;LAPTM5;ISG15;LILRB1;HLA-A;PDCD1LG2;INHBA;IRGM;LILRB4;CD2;TNFSF4;XCL1;CD226;CD244;IL18R1,0.3448275862068966
3,1150,Negative Regulation Of Natural Killer Cell Mediated Cytotoxicity (GO:0045953),11/16,3.889507230767527e-09,biological regulation,GO_Biological_Process_2023,7.252125354170808e-11,0.0,0.0,36.39947322212467,849.8236498305789,SERPINB4;CEACAM1;HLA-B;LILRB1;SERPINB9;HLA-A;KLRC1;LGALS9;HLA-F;HLA-G;MICA,0.6875
3,1150,Negative Regulation Of Lymphocyte Proliferation (GO:0050672),16/39,7.269603640217721e-09,biological regulation,GO_Biological_Process_2023,1.3831057154143305e-10,0.0,0.0,11.549421056667434,262.18940664998377,CR1;TNFRSF13B;CD300A;LST1;LILRB1;LILRB2;PDCD1LG2;HLA-G;LILRB4;SPN;TYROBP;GPNMB;MNDA;VSIG4;FCGR2B;TNFRSF21,0.41025641025641024
3,1150,Regulation Of Interleukin-1 Beta Production (GO:0032651),23/84,1.0625332152753736e-08,biological regulation,GO_Biological_Process_2023,2.0619936826120264e-10,0.0,0.0,6.286048845767815,140.19257781131148,CX3CR1;GBP5;EGR1;LILRA2;LILRB4;CX3CL1;AIM2;TYROBP;IFI16;ELF4;CLEC7A;CASP1;CCL3;CARD18;CCR7;MNDA;LGALS9;LCP1;CCL19;NLRP1;CD33;NAIP;TMEM106A,0.27380952380952384
3,1150,Antigen Processing And Presentation Of Endogenous Peptide Antigen (GO:0002483),12/21,1.1309409869457877e-08,immune system process,GO_Biological_Process_2023,2.237782774778575e-10,0.0,0.0,22.074985354422964,490.5142404872793,RAET1E;ERAP2;ERAP1;HLA-B;TAP2;TAP1;HLA-A;HLA-F;ULBP2;HLA-G;ULBP1;MICA,0.5714285714285714
3,1150,Negative Regulation Of Leukocyte Mediated Cytotoxicity (GO:0001911),9/14,3.643826316285808e-07,biological regulation,GO_Biological_Process_2023,1.0260393736877845e-08,0.0,0.0,29.729184925503944,546.8676022381661,CX3CR1;CEACAM1;LILRB1;KLRC1;LGALS9;HLA-F;FCGR2B;HLA-G;MICA,0.6428571428571429
3,1150,Regulation Of Interleukin-12 Production (GO:0032655),16/50,3.564971174978503e-07,biological regulation,GO_Biological_Process_2023,9.902697708273622e-09,0.0,0.0,7.808278867102397,143.91016056245957,CD40;HLA-B;LAPTM5;IL16;IRAK3;LILRB1;HLA-G;SCIMP;CLEC7A;TNFSF4;CCR7;IRF5;LGALS9;LTB;CCL19;TLR2,0.32
3,1150,Natural Killer Cell Mediated Immunity (GO:0002228),11/22,3.1013983309325655e-07,immune system process,GO_Biological_Process_2023,8.496981728582371e-09,0.0,0.0,16.539947322212466,307.37101790240706,CD2;KLRK1;RAET1E;GZMB;NKG7;SLAMF7;KIR3DL1;ULBP2;LYST;ULBP1;MICA,0.5
3,1150,Positive Regulation Of T Cell Mediated Immunity (GO:0002711),15/43,2.771203006414969e-07,biological regulation,GO_Biological_Process_2023,7.486887878822785e-09,0.0,0.0,8.883889238514788,166.2185682384624,HLA-B;CD1E;CD1D;HLA-A;CD1C;HLA-F;HLA-G;CD1A;RAET1E;TNFSF4;XCL1;ULBP2;ULBP1;CD55;MICA,0.3488372093023256
3,1150,Negative Regulation Of T Cell Activation (GO:0050868),16/49,2.669856468838388e-07,biological regulation,GO_Biological_Process_2023,7.111489833283377e-09,0.0,0.0,8.045320934209823,150.9427237541711,CR1;LAPTM5;LILRB1;PDCD1LG2;LILRB2;HLA-G;LILRB4;SPN;LGALS3;CEACAM1;GPNMB;CTSG;VSIG4;FCGR2B;TNFRSF21;HAVCR2,0.32653061224489793
3,1150,Positive Regulation Of Interleukin-6 Production (GO:0032755),20/76,2.514543408727927e-07,biological regulation,GO_Biological_Process_2023,6.602111689582456e-09,0.0,0.0,5.9399494310998735,111.8841526300122,IL33;TSLP;IL16;LILRB2;MMP8;LILRA2;POU2F2;AIF1;SCIMP;IL17RA;TYROBP;CLEC7A;POU2AF1;TNFSF4;LGALS9;LCP1;IL17D;IL6R;TMEM106A;TLR2,0.2631578947368421
3,1150,Positive Regulation Of Tyrosine Phosphorylation Of STAT Protein (GO:0042531),17/55,2.404344239135095e-07,biological regulation,GO_Biological_Process_2023,6.221286463515467e-09,0.0,0.0,7.427974171970084,140.35371958980235,TNFSF18;CD40;IL20;CTF1;TSLP;IL15;CSH2;TNFRSF18;IL18;IL31RA;LIF;CSHL1;CCL5;CLCF1;IL6ST;IL6R;CRLF1,0.3090909090909091
3,1150,Specific Granule Membrane (GO:0035579),22/90,1.9673814602378497e-07,cellular anatomical structure,GO_Cellular_Component_2023,5.260378235930081e-09,0.0,0.0,5.386994159365874,102.69260852783869,CD53;ITGAM;CLEC12A;ITGB2;PLAUR;CYBB;SLC2A3;MCEMP1;GPR84;TNFRSF1B;LILRA3;FCAR;CEACAM3;ADGRG3;CEACAM1;CLEC4D;PLAU;CLEC5A;C3AR1;OLR1;ADAM8;CD33,0.24444444444444444
3,1150,Extracellular Matrix Disassembly (GO:0022617),14/44,2.444979275264593e-06,cellular process,GO_Biological_Process_2023,9.024466883586969e-08,0.0,0.0,7.731220657276995,125.40613031192429,MMP3;MMP8;CTSS;MMP10;MMP12;MMP14;MMP13;MMP15;CTSK;MMP19;CTSG;ADAM8;LCP1;TPSAB1,0.3181818181818182
3,1150,Positive Regulation Of Tumor Necrosis Factor Superfamily Cytokine Production (GO:1903557),21/82,1.858694526340069e-07,biological regulation,GO_Biological_Process_2023,4.738680870045077e-09,0.0,0.0,5.729268611421685,109.81579642875307,IL33;CD84;IFNGR1;MMP8;LILRA2;SPN;CD2;TYROBP;OAS1;OAS2;CLEC7A;CCL3;TNFRSF8;LGALS9;LCP1;CCL19;CD14;TMEM106A;CCR2;HAVCR2;TLR2,0.25609756097560976
3,1150,Positive Regulation Of Lymphocyte Proliferation (GO:0050671),20/74,1.5858288921148889e-07,biological regulation,GO_Biological_Process_2023,3.982675299831913e-09,0.0,0.0,6.160603080957063,119.15414665166946,CD40;VCAM1;IL15;CD70;IL18;TNFRSF13C;PDCD1LG2;CD1D;LILRB2;TNFSF13B;CD209;IL7;CCL5;CLCF1;GPR183;CD38;CCL19;IL6ST;TNFRSF4;CD276,0.2702702702702703
3,1150,Positive Regulation Of Defense Response (GO:0031349),36/124,1.8575123683256814e-14,biological regulation,GO_Biological_Process_2023,2.120447909047582e-16,0.0,0.0,6.889913497633426,248.6551464025717,PTGER4;IFI35;CD1D;PLA2G7;CX3CL1;LGALS1;CCL5;CASP4;NFKBIZ;CASP1;CCL3;CCL1;NLRP1;CCR2;GBP5;IL33;TSLP;IL15;SH2D1B;IL18;ACOD1;NKG7;IL16;IRGM;AGT;IL17RA;PLSCR1;AIM2;TNIP1;TNFSF4;NINJ1;ADAM8;LCP1;S100A9;NAIP;TLR2,0.2903225806451613
3,1150,Response To Interferon-Beta (GO:0035456),13/29,8.12258263767413e-08,response to stimulus,GO_Biological_Process_2023,2.0090101653303595e-09,0.0,0.0,13.45877308707124,269.52032518735285,IFITM3;IFITM1;IFITM2;IRGM;BST2;PLSCR1;AIM2;IFI16;OAS1;IRF1;MNDA;XAF1;SHFL,0.4482758620689655
3,1150,Negative Regulation Of Antigen Receptor-Mediated Signaling Pathway (GO:0050858),12/24,7.353476276403822e-08,biological regulation,GO_Biological_Process_2023,1.751858662894038e-09,0.0,0.0,16.553602811950793,333.76348201343785,LGALS3;CEACAM1;CD300A;SH2D1A;LAPTM5;LPXN;THY1;UBASH3A;FCGR2B;LILRB4;GBP1;CD22,0.5
3,1150,Positive Regulation Of Tumor Necrosis Factor Production (GO:0032760),21/78,7.353476276403822e-08,biological regulation,GO_Biological_Process_2023,1.762819655302286e-09,0.0,0.0,6.132627849517505,123.61140091600632,IL33;CD84;IFNGR1;MMP8;LILRA2;SPN;CD2;TYROBP;OAS1;OAS2;CLEC7A;CCL3;TNFRSF8;LGALS9;LCP1;CCL19;CD14;TMEM106A;CCR2;HAVCR2;TLR2,0.2692307692307692
3,1150,Positive Regulation Of Hydrolase Activity (GO:0051345),33/176,6.618607540301257e-08,biological regulation,GO_Biological_Process_2023,1.536282572139942e-09,0.0,0.0,3.864816472694718,78.43219999264574,CCL14;CCL13;CD40;CCL11;RGS16;THY1;CTSS;CX3CL1;RASGRP3;CCL8;CCL7;RGS1;CTSL;RASGEF1B;CTSK;CCL5;CCL4;CCL3;CCL2;CCL1;CCL19;CCL18;CCL17;CCL16;CCL15;CCL24;CCL23;CCL22;CCL20;XCL1;PRTN3;RGL1;CCL26,0.1875
3,1150,Regulation Of I-kappaB kinase/NF-kappaB Signaling (GO:0043122),39/232,6.252937930401552e-08,biological regulation,GO_Biological_Process_2023,1.4276113996350575e-09,0.0,0.0,3.393399961757834,69.1142699575711,CD40;IFIT5;SECTM1;RORA;LITAF;TANK;CX3CL1;EDA2R;LGALS1;CLEC7A;UBD;MIER1;TNFSF10;CASP1;CCR7;LGALS9;CCL19;PIM2;TRIM21;TRIM22;APOL2;NDFIP2;GBP7;RHOH;TRAF1;LILRB4;IRGM;BST2;EDAR;TNIP1;TNIP3;PELI1;S100A4;TNFRSF25;LTB;LTBR;TRIM38;TMEM106A;BIRC3,0.16810344827586207
3,1150,Macrophage Migration (GO:1905517),9/12,5.579565182715376e-08,cellular process,GO_Biological_Process_2023,1.2526421072306206e-09,0.0,0.0,49.55390008764242,1015.7563806919288,LGALS3;EDN2;KLF5;CCL5;CCL3;CXCL17;SAA1;CCL2;CCR2,0.75
3,1150,Regulation Of B Cell Proliferation (GO:0030888),16/44,5.2693270232383946e-08,biological regulation,GO_Biological_Process_2023,1.1629412760571795e-09,0.0,0.0,9.48450491307634,195.11820806751848,CD40;TNFRSF13B;CD300A;TNFRSF13C;TNFSF13B;TYROBP;IL7;CLCF1;GPR183;MZB1;CD38;MNDA;FCGR2B;TNFRSF4;CD22;TNFRSF21,0.36363636363636365
3,1150,Positive Regulation Of MAPK Cascade (GO:0043410),47/310,4.914194793657455e-08,biological regulation,GO_Biological_Process_2023,1.0658641675741055e-09,0.0,0.0,3.01145165793946,62.2150251230815,CCL14;CCL13;CD40;SEMA7A;CCL11;C5AR1;CXCL17;CX3CL1;ICAM1;CCL8;GPNMB;CCL7;CCL5;CCL4;ARL6IP5;CCL3;TNFSF11;CCL2;CCR7;CCL1;CCN2;LGALS9;CCL19;CCL18;CCL17;CCL16;CCL15;CCR1;IL11;CCL24;CCL23;CCL22;CCL20;IL34;SEMA4C;LIF;LAPTM5;MMP8;SCIMP;MFHAS1;GPR183;CHI3L1;XCL1;ADAM8;TMEM106A;CCL26;S100A7,0.15161290322580645
3,1150,Regulation Of Natural Killer Cell Mediated Cytotoxicity (GO:0042269),14/32,3.328609982518355e-08,biological regulation,GO_Biological_Process_2023,7.092928425457681e-10,0.0,0.0,12.89358372456964,271.62593895112406,KLRB1;KLRC3;CRTAM;LILRB1;HLA-F;HLA-G;NCR1;NCR3;KLRK1;RAET1E;CD226;KLRC1;LGALS9;MICA,0.4375
3,1150,Regulation Of ERK1 And ERK2 Cascade (GO:0070372),41/244,2.628181937866804e-08,biological regulation,GO_Biological_Process_2023,5.500380767986081e-10,0.0,0.0,3.3959809352054617,72.40582365692514,CCL14;CCL13;SEMA7A;CCL11;C5AR1;CXCL17;CX3CL1;ICAM1;CCL8;GPNMB;CCL7;CCL5;CCL4;CCL3;CCL2;CCR7;CCL1;CCN2;LGALS9;CCL19;CCL18;CCL17;GBP1;CCL16;CCL15;CCR1;DUSP4;CCL24;CCL23;CCL22;CCL20;SCIMP;DUSP6;MFHAS1;CEACAM1;TNIP1;GPR183;CHI3L1;XCL1;CCL26;S100A7,0.1680327868852459
3,1150,Positive Regulation Of Type II Interferon Production (GO:0032729),19/58,1.2641945425222595e-08,biological regulation,GO_Biological_Process_2023,2.5976600188813554e-10,0.0,0.0,8.102858826996759,178.84014090781855,IL1R1;SLC11A1;EBI3;CRTAM;IL18;ISG15;LILRB1;HLA-A;CD2;CLEC7A;TNFSF4;PDE4B;CD226;LGALS9;CD14;CD244;IL18R1;CCR2;CD276,0.3275862068965517
3,1150,Positive Regulation Of T Cell Activation (GO:0050870),26/107,1.2394373271533876e-08,biological regulation,GO_Biological_Process_2023,2.4996262686122353e-10,0.0,0.0,5.359979789991653,118.5075971642118,CD1D;THY1;TNFRSF13C;AIF1;HLA-DMA;IL36B;CCL5;TNFSF11;CCL2;CCR7;LGALS9;CCL19;B2M;HLA-DQA1;CD276;CCR2;VCAM1;IL15;CD70;RHOH;HLA-A;PDCD1LG2;LILRB2;CD209;IL7;IL6ST,0.24299065420560748
3,1150,Myeloid Leukocyte Differentiation (GO:0002573),20/71,7.381634454871319e-08,cellular process,GO_Biological_Process_2023,1.7976583147327415e-09,0.0,0.0,6.524032621898317,131.37301585211148,BATF2;IL33;CSF3;BATF3;CSF1;IL15;IL31RA;LIF;SNX10;TNFRSF11A;IL1RL1;TYROBP;IFI16;UBD;GPR183;TNFSF11;CCR7;PRTN3;LGALS9;CCL19,0.28169014084507044
3,1150,Tertiary Granule (GO:0070820),44/162,3.1041197652760083e-16,cellular anatomical structure,GO_Cellular_Component_2023,1.6599570937304858e-18,0.0,0.0,6.315382965028964,258.55013607722395,SERPINB10;SERPINB12;ITGAM;TNFAIP6;CLEC12A;CRISP3;ITGB2;PTAFR;FPR1;CXCL1;SLC2A3;GPR84;LILRA3;CTSS;FCAR;CNN2;LGALS3;PLAU;CLEC5A;ITGAX;TIMP2;OLR1;CD58;B2M;CTSD;CAMP;CD33;CD55;CD53;CR1;CD300A;SLC11A1;CYBB;MCEMP1;PPBP;PRG3;LILRB2;LYZ;MMP8;CLEC4C;CEACAM1;CLEC4D;LRG1;ADAM8,0.2716049382716049
3,1150,Response To Cytokine (GO:0034097),39/125,6.502482493026194e-17,response to stimulus,GO_Biological_Process_2023,7.175494379671219e-19,0.0,0.0,7.659096142172356,319.98512772602567,IFITM3;NFAT5;CSF3;IFITM1;CD40;CIITA;SP100;IFITM2;ADAR;TNFRSF11A;CXCL16;RELB;LAMP3;UBD;KYNU;TIMP2;CCR7;LGALS9;TIMP1;IL6R;TRIM21;MCL1;GCH1;IL1R1;SLC11A1;MX2;LIFR;ISG15;IRAK3;OSMR;NFKB2;BST2;SELP;PLSCR1;SELL;CHI3L1;IL6ST;XAF1;SHFL,0.312
3,1150,Cellular Defense Response (GO:0006968),25/48,6.181436293257468e-17,response to stimulus,GO_Biological_Process_2023,6.586005183074928e-19,0.0,0.0,18.19033816425121,761.5234055539487,CX3CR1;LGALS3BP;CXCL9;FCMR;NCF2;C5AR1;CD5L;PRF1;LSP1;SPN;IL1RL2;GNLY;CLEC5A;CCR5;CCR2;KLRG1;KLRC3;KIR3DL2;LILRB2;HLA-G;FOSL1;NCR1;TYROBP;MNDA;CD300C,0.5208333333333334
3,1150,Inflammatory Response (GO:0006954),77/236,8.457889971131953e-35,response to stimulus,GO_Biological_Process_2023,1.287350071709582e-37,0.0,0.0,8.435802751352524,716.5629207099178,SERPINA3;CXCL6;CD40;CIITA;CXCL9;CXCL8;TNFAIP6;GPR68;ITGB2;LY75;CXCL1;CXCL13;CXCL3;CXCL2;CX3CL1;CXCL5;CCRL2;C3AR1;OLR1;CCR7;LGALS9;CCR5;TNFRSF4;CCR2;CD96;SLC11A1;NFAM1;IL18;CYBB;NCR3;CARD18;CHI3L1;XCL1;ADAM8;S100A9;NAIP;TLR2;CCL14;PTGER4;CCL13;CCL11;C5AR1;FPR1;AIF1;RELB;IL1RL1;CCL8;CCL7;CCL5;CCL4;CCL3;CCL2;CCL1;CD14;CCL19;CCL18;CCL17;CCL16;APOL2;CCL15;KLRG1;CCR1;CCL24;CCL23;CCL22;VCAM1;CCL20;IL10RB;PPBP;LYZ;NFKB2;MFHAS1;CXCL11;TNFSF4;IL17D;FCGR2B;CCL26,0.326271186440678
3,1150,Response To Type II Interferon (GO:0034341),47/80,8.457889971131953e-35,response to stimulus,GO_Biological_Process_2023,1.0424355242973684e-37,0.0,0.0,24.297343333608065,2069.018127343958,IFITM3;CCL14;CCL13;CD40;CIITA;IFITM1;SP100;IFITM2;CCL11;AIF1;CX3CL1;CXCL16;CCL8;CCL7;KYNU;CCL5;UBD;CCL4;CASP1;CCL3;CCL2;CCL1;LGALS9;CCL19;CD58;CCL18;GBP2;TRIM21;CCL17;GBP1;CCL16;GBP4;CCL15;GBP6;GBP5;CCL24;CCL23;CCL22;GCH1;CCL20;SLC11A1;BST2;IRF8;XCL1;SHFL;TLR2;CCL26,0.5875
3,1150,Cellular Response To Cytokine Stimulus (GO:0071345),94/308,7.452350350728985e-40,response to stimulus,GO_Biological_Process_2023,5.6714995058820295e-43,0.0,0.0,7.751805437553101,754.0623424712164,CD40;CSF3;IFITM2;CSF3R;CXCL8;IFIT1;CX3CL1;IL27RA;TCL1A;ZFP36;IL36A;IL36B;CASP1;TNFSF11;CCR7;CTSG;LGALS9;IL13RA2;IL6R;CCR2;IL13RA1;NKX3-1;GBP6;GBP5;EDN2;IL4R;DUSP1;IL11RA;LIFR;IRAK3;OSMR;AIM2;OAS1;IRF1;CHI3L1;IRF8;XCL1;IRF5;IL6ST;TNFRSF21;TLR2;CCL14;CCL13;NFAT5;CCL11;SELPLG;EBI3;LILRA1;LILRA2;AIF1;LILRA3;TANK;CSF2RA;ZFP36L2;CCL8;CCL7;IFI16;CCL5;CCL4;STAT4;CCL3;IL21R;CCL2;CCL1;CCL19;CD58;CCL18;GBP2;CCL17;GBP1;CCL16;GBP4;CCL15;GBP3;CCR1;EGR1;CCL24;CCL23;CCL22;CCL20;IL37;IL31RA;IL36G;LILRB1;LILRB2;LILRB4;IRGM;IL1F10;IL7;CLCF1;MNDA;IL7R;CRLF1;CCL26,0.3051948051948052
3,1150,Cytokine-Mediated Signaling Pathway (GO:0019221),94/257,2.4983786266248703e-47,cellular process,GO_Biological_Process_2023,9.506767985634968e-51,0.0,0.0,10.205068321249303,1175.4180933468024,CNTFR;CXCL6;CSF3;CXCL9;CSF3R;CXCL8;CXCL1;IL1RAP;CXCL13;CXCL3;CXCL2;CX3CL1;CXCL5;IL27RA;OASL;IL36A;IL18RAP;IL36B;TNFSF11;CTSG;IL13RA2;IL6R;CCR2;IL13RA1;IL15RA;IL11;EDN2;IL4R;IL1R1;IL15;IL11RA;IL18;LIFR;IRAK3;TRAF1;OSMR;TNFRSF1B;IL17RA;CEACAM1;AIM2;OAS1;OAS2;XCL1;IRF5;IL6ST;BIRC3;CCL14;CCL13;CCL11;EBI3;LILRA1;TNFRSF11A;LILRA2;LILRA3;CSF2RA;IL1RL1;CCL8;CCL7;CCL5;CCL4;STAT4;CCL3;IL21R;CCL2;CCL1;CCL19;CCL18;CCL17;CCL16;CCL15;CCR1;TNFSF18;EGR1;CCL24;IL33;CCL23;CCL22;CCL20;IL37;IL34;IL31RA;IL36G;LILRB1;PPBP;LILRB2;LILRB4;IL1F10;CXCL11;IL7;CLCF1;IL7R;CRLF1;IL18R1;CCL26,0.3657587548638132
3,1150,T Cell Activation (GO:0042110),24/111,5.001560947781471e-07,cellular process,GO_Biological_Process_2023,1.4654497449740233e-08,0.0,0.0,4.596802841918295,82.91951335964139,CD84;TNFSF14;CRTAM;RHOH;CD1C;LY9;CD2;TRGC1;JAML;CD8A;CLEC7A;IRF4;TRBC2;TNFSF4;TRBC1;CD7;SLAMF7;TRDC;CCR7;LCP1;CCL19;TNFRSF4;MICA;CD276,0.21621621621621623
3,1150,Antimicrobial Humoral Immune Response Mediated By Antimicrobial Peptide (GO:0061844),18/65,5.197929983807191e-07,immune system process,GO_Biological_Process_2023,1.562543640489985e-08,0.0,0.0,6.361438989549658,114.34283085147148,CXCL6;CCL13;CXCL9;CXCL8;TSLP;RNASE6;CXCL1;RNASE3;PPBP;CXCL13;CXCL3;CXCL2;CXCL5;CXCL11;GNLY;S100A9;CAMP;S100A7,0.27692307692307694
3,1150,Positive Regulation Of T Cell Proliferation (GO:0042102),18/65,5.197929983807191e-07,biological regulation,GO_Biological_Process_2023,1.562543640489985e-08,0.0,0.0,6.361438989549658,114.34283085147148,VCAM1;IL15;CD70;EBI3;IL18;TNFRSF13C;PDCD1LG2;CD1D;LILRB2;AIF1;CD209;CCL5;TNFSF4;TNFSF9;CCL19;IL6ST;CCR2;CD276,0.27692307692307694
3,1150,Negative Regulation Of Type II Interferon Production (GO:0032689),12/28,5.221674285373357e-07,biological regulation,GO_Biological_Process_2023,1.5895507718031527e-08,0.0,0.0,12.41256590509666,222.89529217280509,CR1;TNFSF4;LAPTM5;XCL1;IL36RN;LILRB1;LGALS9;INHBA;PDCD1LG2;IRGM;LILRB4;HAVCR2,0.42857142857142855
3,1150,Macrophage Chemotaxis (GO:0048246),8/11,5.346389081499318e-07,cellular process,GO_Biological_Process_2023,1.647859648407324e-08,0.0,0.0,44.00934033858727,788.7003432677035,LGALS3;EDN2;KLF5;CCL5;CCL3;CXCL17;SAA1;CCL2,0.7272727272727273
3,1150,Ficolin-1-Rich Granule Membrane (GO:0101003),17/60,8.368986887130281e-07,cellular anatomical structure,GO_Cellular_Component_2023,2.6852364343733522e-08,0.0,0.0,6.562511545803486,114.40368603005273,SERPINB10;SERPINB12;CR1;CD300A;SLC11A1;ITGB2;FPR1;SLC2A3;LILRB2;LILRA3;FCAR;LGALS3;CLEC4C;CLEC4D;ITGAX;CD58;CD55,0.2833333333333333
3,1150,Negative Regulation Of Peptidase Activity (GO:0010466),17/60,8.453417202907336e-07,biological regulation,GO_Biological_Process_2023,2.6852364343733522e-08,0.0,0.0,6.562511545803486,114.40368603005273,SERPINA11;SERPINB3;SERPINB10;SERPINA3;SERPINB4;CSTA;SERPINB12;SERPINB2;SERPINB13;SERPINA10;SERPINB9;SERPINB7;CST7;SERPINB8;TIMP2;TIMP1;CTSB,0.2833333333333333
3,1150,Natural Killer Cell Mediated Cytotoxicity (GO:0042267),11/24,8.453417202907336e-07,cellular process,GO_Biological_Process_2023,2.7020054986461804e-08,0.0,0.0,13.99385425812116,243.8665106545909,CD2;KLRK1;RAET1E;GZMB;NKG7;SLAMF7;KIR3DL1;ULBP2;LYST;ULBP1;MICA,0.4583333333333333
3,1150,Positive Regulation Of Leukocyte Chemotaxis (GO:0002690),16/54,1.0546314980279575e-06,biological regulation,GO_Biological_Process_2023,3.4110988330432426e-08,0.0,0.0,6.984869581360809,120.09537679700762,CCR1;EDN2;CSF1;IL34;CXCL17;AIF1;PLA2G7;CCL5;XCL1;CCR7;CCL1;LGALS9;IL6R;CCR2;S100A7;LGMN,0.2962962962962963
3,1150,Regulation Of Natural Killer Cell Chemotaxis (GO:2000501),6/6,1.0907496168831862e-06,biological regulation,GO_Biological_Process_2023,3.5694241648384335e-08,0.0,0.0,113100.0,1939470.067573452,KLRK1;CCL7;CCL5;CCL4;CCL3;XCL1,1.0
3,1150,Negative Regulation Of B Cell Activation (GO:0050869),10/20,1.2346397496559958e-06,biological regulation,GO_Biological_Process_2023,4.1342579136121626e-08,0.0,0.0,16.526315789473685,280.970057337976,TYROBP;TNFRSF13B;CD300A;ID2;LAPTM5;MNDA;INHBA;FCGR2B;SAMSN1;TNFRSF21,0.5
3,1150,T Cell Mediated Immunity (GO:0002456),10/20,1.2346397496559958e-06,response to stimulus,GO_Biological_Process_2023,4.1342579136121626e-08,0.0,0.0,16.526315789473685,280.970057337976,CR2;CR1;CD70;CD8A;CRTAM;PRF1;BTN3A3;HLA-A;MICA;MYO1G,0.5
3,1150,Response To Molecule Of Bacterial Origin (GO:0002237),18/69,1.2819724884839424e-06,response to stimulus,GO_Biological_Process_2023,4.3415354442568834e-08,0.0,0.0,5.861255456246103,99.3626557053293,CXCL8;GCH1;SLC11A1;IRAK3;AHR;TNFRSF11A;CXCL2;SELP;SLPI;NOCT;PELI1;IRF5;LGALS9;CD14;TRIB1;FCGR2B;S100A9;S100A7,0.2608695652173913
3,1150,Negative Regulation Of T Cell Proliferation (GO:0042130),13/36,1.3688514551338188e-06,biological regulation,GO_Biological_Process_2023,4.687847449088422e-08,0.0,0.0,9.359144965775688,157.94219039298653,CR1;CRTAM;LILRB1;LILRB2;PDCD1LG2;HLA-G;LILRB4;SPN;GPNMB;TNFRSF14;LGALS9;VSIG4;TNFRSF21,0.3611111111111111
3,1150,Regulation Of Immune Response (GO:0050776),19/77,1.4152908375367605e-06,biological regulation,GO_Biological_Process_2023,4.9007407235861946e-08,0.0,0.0,5.442970822281168,91.61224422344,LAG3;RSAD2;IL15;ERAP1;SH2D1A;AHR;CXCL13;SAMHD1;HLA-G;SPN;PLSCR1;IRF4;IRF1;TNFSF4;DHX58;FCGR2B;CD22;BIRC3;CD276,0.24675324675324675
3,1150,Positive Regulation Of Mononuclear Cell Migration (GO:0071677),12/31,1.7929273184649777e-06,biological regulation,GO_Biological_Process_2023,6.276610095082876e-08,0.0,0.0,10.451022107113126,173.31819031801183,CCR1;LGALS3;CCL5;CXCL17;CCL1;CCR7;LGALS9;AIF1;PLA2G7;CCR2;LGMN;S100A7,0.3870967741935484
3,1150,Positive Regulation Of I-kappaB kinase/NF-kappaB Signaling (GO:0043123),30/175,1.988543006793436e-06,biological regulation,GO_Biological_Process_2023,7.037081416734764e-08,0.0,0.0,3.455357142857143,56.90796034361635,CD40;IFIT5;SECTM1;LITAF;CX3CL1;EDA2R;LGALS1;CLEC7A;UBD;MIER1;TNFSF10;CASP1;CCR7;LGALS9;PIM2;CCL19;TRIM21;TRIM22;APOL2;NDFIP2;EDAR;BST2;PELI1;S100A4;TNFRSF25;LTB;LTBR;TRIM38;TMEM106A;BIRC3,0.17142857142857143
3,1150,Negative Regulation Of Interleukin-2 Production (GO:0032703),10/21,2.092698740799838e-06,biological regulation,GO_Biological_Process_2023,7.485299910014641e-08,0.0,0.0,15.023125996810208,246.49554021618965,ZFP36;CR1;NAV3;TBX21;LAPTM5;XCL1;VSIG4;LILRB4;GBP1;HAVCR2,0.47619047619047616
3,1150,Positive Regulation Of Interleukin-1 Beta Production (GO:0032731),16/57,2.1993933859719187e-06,biological regulation,GO_Biological_Process_2023,7.95062297059864e-08,0.0,0.0,6.472749171936163,105.8128169556082,GBP5;EGR1;LILRA2;AIM2;TYROBP;IFI16;CLEC7A;CASP1;CCL3;MNDA;LGALS9;LCP1;CCL19;NLRP1;NAIP;TMEM106A,0.2807017543859649
3,1150,Chemokine Receptor Binding (GO:0042379),37/50,5.3821025936075496e-33,binding,GO_Molecular_Function_2023,1.2634043646966078e-35,0.0,0.0,48.16981132075472,3870.76555040401,CCL14;CX3CR1;CXCL6;CCL13;CXCL9;CXCL8;CCL11;CXCL1;CXCL13;CXCL3;CXCL2;CX3CL1;CXCL5;CXCL16;CCL8;CCL7;CCL5;CCRL2;CCL4;CCL3;CCL2;CCL1;CCL19;CCL18;CCL17;CCL16;CCL15;CCL24;CCL23;CCL22;CCL20;PPBP;CXCL11;KLF5;XCL1;CCL27;CCL26,0.74
3,1150,Positive Regulation Of Interleukin-12 Production (GO:0032735),13/33,4.7272448041775094e-07,biological regulation,GO_Biological_Process_2023,1.3670875384988227e-08,0.0,0.0,10.764731750219877,194.9277426324317,CD40;LAPTM5;IL16;HLA-G;SCIMP;CLEC7A;TNFSF4;CCR7;IRF5;CCL19;LGALS9;LTB;TLR2,0.3939393939393939
3,1150,Chemokine Activity (GO:0008009),35/46,3.6301682730799856e-32,binding,GO_Molecular_Function_2023,1.7043043535586787e-34,0.0,0.0,53.75988585405626,4180.085739396312,CCL14;CCL13;CXCL6;CXCL9;CCL11;CXCL8;CXCL1;CXCL13;CXCL3;CXCL2;CX3CL1;CXCL5;CXCL16;CCL8;CCL7;CCL5;CCL4;CCL3;CCL2;CCL1;CCL19;CCL18;CCL17;CCL16;CCL15;CCL24;CCL23;CCL22;CCL20;PPBP;CXCL11;KLF5;XCL1;CCL27;CCL26,0.7608695652173914
3,1150,Neutrophil Chemotaxis (GO:0030593),41/70,2.987110441902974e-30,cellular process,GO_Biological_Process_2023,5.683239044716465e-33,0.0,0.0,23.993688007213706,1781.4782303677243,CCL14;CXCL6;CCL13;CXCL9;CXCL8;CCL11;ITGB2;CXCL1;CXCL13;CXCL3;CXCL2;TREM1;CX3CL1;CXCL5;LGALS3;CCL8;CCL7;CCL5;CCL4;PDE4B;CCL3;CCL2;CCL1;CCL19;CCL18;CCL17;CCL16;CCL15;CCL24;CCL23;EDN2;CCL22;CCL20;PPBP;CXCL11;KLF5;JAML;SAA1;XCL1;S100A9;CCL26,0.5857142857142857
3,1150,Regulation Of Inflammatory Response (GO:0050727),56/240,8.750260047265749e-18,biological regulation,GO_Biological_Process_2023,8.989993199245634e-20,0.0,0.0,5.19283045862809,227.73464232773307,IL20;TNFAIP6;CXCL17;RORA;IFI35;AHR;CX3CL1;LGALS1;CASP4;NFKBIZ;CASP1;CCR2;IL1R1;IL15;MMP3;IL18;ACOD1;IL16;MMP8;TNFRSF1B;IL17RA;ACE2;CD200R1;AIM2;ELF4;NINJ1;XCL1;LCP1;S100A9;NAIP;TLR2;BIRC3;PTGER4;SEMA7A;AOAH;PLA2G7;USP18;IL1RL2;CCL5;CCL3;CCL1;NLRP1;IL33;TSLP;IL37;IL10RA;NKG7;IRGM;AGT;IL22RA1;NLRP14;CYLD;MFHAS1;TNIP1;TNFSF4;SAA1,0.23333333333333334
3,1150,Eosinophil Chemotaxis (GO:0048245),19/24,7.676345693016591e-18,cellular process,GO_Biological_Process_2023,7.594558143775927e-20,0.0,0.0,63.316534040671975,2787.4641839149044,CCL14;CCL13;CCL24;CCL23;CCL11;CCL22;CX3CL1;LGALS3;CCL8;CCL7;CCL5;CCL4;CCL3;CCL2;XCL1;CCL18;CCL16;CCL15;CCL26,0.7916666666666666
3,1150,Eosinophil Migration (GO:0072677),19/24,7.676345693016591e-18,cellular process,GO_Biological_Process_2023,7.594558143775927e-20,0.0,0.0,63.316534040671975,2787.4641839149044,CCL14;CCL13;CCL24;CCL23;CCL11;CCL22;CX3CL1;LGALS3;CCL8;CCL7;CCL5;CCL4;CCL3;CCL2;XCL1;CCL18;CCL16;CCL15;CCL26,0.7916666666666666
3,1150,Cellular Response To Lipopolysaccharide (GO:0071222),40/124,7.153165773693894e-18,cellular process,GO_Biological_Process_2023,6.532571482825472e-20,0.0,0.0,8.050622050622051,355.63543367578285,CX3CR1;CXCL6;CXCL9;CXCL8;GFI1;CXCL1;CXCL13;CXCL3;CXCL2;CXCL5;ZFP36;IL36A;IL36B;CCL5;CASP1;PDE4B;CCL3;CCL2;IL36RN;CTSG;CD14;CCR5;GBP2;GBP3;IL37;CD180;IL18;IL36G;LILRB1;PPBP;PDCD1LG2;LILRB2;TNFRSF1B;IRGM;IL1F10;CXCL11;TNIP1;TNFSF4;TNIP3;CD68,0.3225806451612903
3,1150,Positive Regulation Of Response To External Stimulus (GO:0032103),45/155,4.200570219363364e-18,biological regulation,GO_Biological_Process_2023,3.6762981371901593e-20,0.0,0.0,6.937885643767997,310.4689641424431,PTGER4;IFI35;CD1D;PLA2G7;AIF1;CX3CL1;THBD;LGALS1;PLAU;CCL5;CASP4;NFKBIZ;CASP1;CCL3;CCL1;NLRP1;CCL19;STX3;CCR2;GBP5;IL33;TSLP;IL15;CD180;LY86;SH2D1B;IL18;ACOD1;NKG7;IL16;IRGM;SCIMP;AGT;IL17RA;PLSCR1;AIM2;TNIP1;TNFSF4;NINJ1;ADAM8;LCP1;S100A9;NAIP;TLR2;CCL26,0.2903225806451613
3,1150,Cellular Response To Interleukin-1 (GO:0071347),33/81,3.3337950115163096e-18,response to stimulus,GO_Biological_Process_2023,2.790848183156728e-20,0.0,0.0,11.57240376007162,521.0516025672379,CCL14;CCL13;CD40;CXCL8;CCL11;IL1RAP;TANK;CX3CL1;CCL8;CCL7;CCL5;CCL4;CCL3;CCL2;CCL1;CCL19;CCL18;GBP2;CCL17;GBP1;CCL16;NKX3-1;CCL15;GBP3;CCL24;EGR1;CCL23;CCL22;IL1R1;CCL20;IRAK3;XCL1;CCL26,0.4074074074074074
3,1150,Defense Response To Virus (GO:0051607),50/189,3.296496079293575e-18,biological process involved in interspecies interaction between organisms,GO_Biological_Process_2023,2.6341863647323092e-20,0.0,0.0,6.118705035971223,275.85035930558854,IFITM3;RTP4;IFITM1;CD40;IFITM2;IFIT5;PRF1;DDX60L;IFIT1;LYST;IFI44L;IFIT3;IFIT2;OASL;DHX58;CASP1;TRIM26;TRIM21;GBP5;GBP7;RSAD2;RNASE6;ACOD1;RNASE1;PLSCR1;AIM2;IFI27;OAS1;OAS2;IRF1;IFIT1B;IRF2;TLR2;RNASEL;DDX60;SAMHD1;TANK;USP18;IFI16;NLRP1;GBP2;MICA;APOBEC3F;MX2;ISG15;LILRB1;BST2;ISG20;ZNFX1;SHFL,0.26455026455026454
3,1150,CCR Chemokine Receptor Binding (GO:0048020),25/44,3.1896092173685457e-18,binding,GO_Molecular_Function_2023,3.7436727903386686e-20,0.0,0.0,22.024561403508773,985.1946351477028,CCL14;CCL13;CCL11;CXCL13;CX3CL1;CCL8;CCL7;CCL5;CCL4;CCRL2;CCL3;CCL2;CCL19;CCL18;CCL17;CCL16;CCL15;CCR2;CCL24;CCL23;CCL22;CCL20;XCL1;CCL27;CCL26,0.5681818181818182
3,1150,Response To Interleukin-1 (GO:0070555),34/85,1.984248715942189e-18,response to stimulus,GO_Biological_Process_2023,1.510082736637891e-20,0.0,0.0,11.229988052568698,512.5314599297973,CCL14;CCL13;CD40;CXCL8;CCL11;TNFRSF11A;TANK;CX3CL1;CCL8;CCL7;CCL5;CCL4;CCL3;CCL2;CCL1;LGALS9;CCL19;CCL18;GBP2;CCL17;GBP1;CCL16;NKX3-1;CCL15;GBP3;CCL24;CCL23;CCL22;IL1R1;CCL20;IRAK3;CHI3L1;XCL1;CCL26,0.4
3,1150,Cellular Response To Molecule Of Bacterial Origin (GO:0071219),40/117,8.03571419087928e-19,cellular process,GO_Biological_Process_2023,5.80968681988989e-21,0.0,0.0,8.785772785772785,409.3709768899869,CX3CR1;CXCL6;CXCL9;CXCL8;GFI1;CXCL1;AHR;CXCL13;CXCL3;CXCL2;CXCL5;ZFP36;IL36A;IL36B;CASP1;PDE4B;CCL2;IL36RN;CTSG;CD14;CCR5;GBP2;GBP3;IL37;CD180;IL36G;LILRB1;PPBP;PDCD1LG2;LILRB2;TNFRSF1B;IRGM;IL1F10;CXCL11;TNIP1;TNFSF4;TNIP3;CD68;FCGR2B;TLR2,0.3418803418803419
3,1150,Response To Tumor Necrosis Factor (GO:0034612),39/108,2.6954275823971563e-19,response to stimulus,GO_Biological_Process_2023,1.8461832756144904e-21,0.0,0.0,9.554768520330294,456.1557951721905,CCL14;CCL13;CD40;CXCL8;CCL11;TNFRSF11A;TANK;ZFP36L2;CX3CL1;CXCL16;TCL1A;ZFP36;CCL8;CCL7;UBD;CCL5;CCL4;CCL3;CCL2;CCL1;CCL19;CD58;CCL18;GBP2;CCL17;GBP1;CCL16;NKX3-1;CCL15;GBP3;CCL24;CCL23;CCL22;GCH1;CCL20;CHI3L1;XCL1;TNFRSF21;CCL26,0.3611111111111111
3,1150,Defense Response To Symbiont (GO:0140546),46/148,9.442473916445844e-20,biological process involved in interspecies interaction between organisms,GO_Biological_Process_2023,6.10814522753346e-22,0.0,0.0,7.658496732026144,374.0964959326842,IFITM3;RTP4;IFITM1;CD40;RNASEL;IFITM2;IFIT5;PRF1;DDX60L;IFIT1;DDX60;SAMHD1;LYST;TANK;IFI44L;IFIT3;IFIT2;OASL;IFI16;CASP1;NLRP1;GBP2;MICA;GBP5;GBP7;APOBEC3F;RSAD2;MX2;RNASE6;ACOD1;ISG15;LILRB1;RNASE1;BST2;ISG20;PLSCR1;AIM2;ZNFX1;IFI27;OAS1;OAS2;IRF1;IFIT1B;IRF2;SHFL;TLR2,0.3108108108108108
3,1150,Cellular Response To Tumor Necrosis Factor (GO:0071356),42/119,2.4083308194517108e-20,response to stimulus,GO_Biological_Process_2023,1.466259250807739e-22,0.0,0.0,9.241713160485723,464.61934406973705,CCL14;CCL13;CD40;CXCL8;CCL11;TNFRSF11A;TANK;ZFP36L2;CX3CL1;TCL1A;ZFP36;CCL8;CCL7;CCL5;CCL4;CCL3;TNFSF11;CCL2;CCL1;CCL19;CD58;CCL18;GBP2;CCL17;GBP1;CCL16;NKX3-1;CCL15;GBP3;TNFSF18;CCL24;CCL23;CCL22;CCL20;TRAF1;TNFRSF1B;AIM2;CHI3L1;XCL1;TNFRSF21;BIRC3;CCL26,0.35294117647058826
3,1150,Response To Lipopolysaccharide (GO:0032496),49/159,7.35173448879477e-21,response to stimulus,GO_Biological_Process_2023,4.1961954844719023e-23,0.0,0.0,7.582032862686813,390.6663575841331,CXCL6;CXCL9;CXCL8;GFI1;CXCL1;CXCL13;CXCL3;CXCL2;CXCL5;ZFP36;IL36A;IL36B;CASP1;PDE4B;CTSG;LGALS9;CCR5;SLC11A1;CD180;IRAK3;PDCD1LG2;TNFRSF1B;SLPI;PELI1;TRIB1;S100A9;S100A7;CX3CR1;TNFRSF11A;NOCT;CCL2;IL36RN;CD14;GBP2;GBP3;GCH1;IL37;IL36G;LILRB1;PPBP;LILRB2;IRGM;IL1F10;SELP;CXCL11;TNIP1;TNFSF4;TNIP3;CD68,0.3081761006289308
3,1150,Monocyte Chemotaxis (GO:0002548),27/42,1.9458885017517745e-21,cellular process,GO_Biological_Process_2023,1.036622489517688e-23,0.0,0.0,30.18967052537845,1597.742705529426,CCL14;CCL13;CCL11;TNFRSF11A;CX3CL1;LGALS3;CCL8;CCL7;CCL5;CCL4;CCL3;CCL2;TNFSF11;CCL1;CTSG;CCL19;CCL18;CCL17;IL6R;CCL16;CCL15;CCL24;CCL23;CCL22;CCL20;XCL1;CCL26,0.6428571428571429
3,1150,Cytokine Receptor Activity (GO:0004896),35/76,1.3923867674127502e-21,molecular transducer activity,GO_Molecular_Function_2023,1.3074054154110333e-23,0.0,0.0,14.40041561850596,758.7782404557241,CX3CR1;CNTFR;CSF3R;EBI3;IL1RAP;CSF2RA;IL1RL1;IL1RL2;IL18RAP;CXCR3;IL21R;CCR5;IL13RA2;IL6R;CCR2;IL13RA1;CCR1;IL15RA;IL4R;IL11RA;IL1R1;IL10RB;IL1R2;IL10RA;IL31RA;LIFR;OSMR;IL17RB;IL17RA;IL22RA1;ACKR4;IL6ST;IL7R;CRLF1;IL18R1,0.4605263157894737
3,1150,Lymphocyte Migration (GO:0072676),27/41,7.912663461800408e-22,cellular process,GO_Biological_Process_2023,3.9141790336151175e-24,0.0,0.0,32.34779290166645,1743.4631177815982,CCL14;CCL13;CCL11;CX3CL1;CCL8;CCL7;CCL5;TBX21;CCL4;CCL3;CCL2;CCL1;CCL19;CCL18;CCL17;CCL16;CCL15;CCL24;CCL23;CCL22;CCL20;CRTAM;KLF5;SAA1;XCL1;CCL26;MYO1G,0.6585365853658537
3,1150,Lymphocyte Chemotaxis (GO:0048247),28/44,5.095928458719669e-22,cellular process,GO_Biological_Process_2023,2.3269079720181142e-24,0.0,0.0,29.37566844919786,1598.5504935371591,CCL14;CCL13;CCL11;CXCL13;CX3CL1;CXCL16;CCL8;CCL7;CCL5;CCL4;CCL3;CCL2;CCL1;CCL19;CCL18;CCL17;CCL16;CCL15;CCL24;CCL23;CCL22;CCL20;CXCL11;KLF5;GPR183;SAA1;XCL1;CCL26,0.6363636363636364
3,1150,Positive Regulation Of Cytokine Production (GO:0001819),73/320,2.1139510491455945e-22,biological regulation,GO_Biological_Process_2023,8.848349140259337e-25,0.0,0.0,5.104969945755754,282.7356791933106,CD40;TRAF3IP3;CXCL17;RORA;DHX58;CASP1;PDE4B;CCR7;LGALS9;IL6R;CCR2;HAVCR2;CCBE1;GBP5;BTN3A1;IL1R1;IL15;SLC11A1;NFAM1;IL18;IL16;HLA-A;MMP8;HLA-G;IL17RA;TYROBP;IRF4;IRF1;CHI3L1;XCL1;CD226;IRF5;LCP1;LTB;IL6ST;TMEM106A;TLR2;PTGER4;EBI3;LILRA2;LY9;AIF1;TANK;C3;IFI16;CLEC7A;TNFRSF14;CCL1;CD14;CCL19;CD58;CD276;EGR1;IL33;TSLP;CRTAM;LAPTM5;LILRB1;ISG15;PRG3;LILRB2;POU2F2;SCIMP;AGT;BATF;CD2;IL7;TNFSF4;POU2AF1;SAA1;IL17D;IL18R1;CD244,0.228125
3,1150,Chemokine-Mediated Signaling Pathway (GO:0070098),34/57,1.633748569410825e-25,cellular process,GO_Biological_Process_2023,6.216699274774828e-28,0.0,0.0,24.93836683808633,1562.2675692563191,CCL14;CXCL6;CCL13;CXCL9;CXCL8;CCL11;CXCL1;CXCL13;CXCL3;CXCL2;CX3CL1;CXCL5;CCL8;CCL7;CCL5;CCL4;CCL3;CCL2;CCL1;CCL19;CCL18;CCL17;CCL16;CCR2;CCL15;CCR1;CCL24;CCL23;CCL22;CCL20;PPBP;CXCL11;XCL1;CCL26,0.5964912280701754
3,1150,Cellular Response To Chemokine (GO:1990869),35/59,3.908674721945971e-26,response to stimulus,GO_Biological_Process_2023,1.3385872335431407e-28,0.0,0.0,24.622944693572496,1580.3194971459343,CCL14;CXCL6;CCL13;CXCL9;CXCL8;CCL11;CXCL1;CXCL13;CXCL3;CXCL2;CX3CL1;CXCL5;CCL8;CCL7;CCL5;CCL4;CCL3;CCL2;CCL1;CCL19;CCL18;CCL17;CCL16;CCR2;CCL15;CCR1;CCL24;CCL23;CCL22;DUSP1;CCL20;PPBP;CXCL11;XCL1;CCL26,0.5932203389830508
3,1150,Cellular Response To Type II Interferon (GO:0071346),37/66,2.1437595211940948e-26,response to stimulus,GO_Biological_Process_2023,6.525904174106834e-29,0.0,0.0,21.575022461814918,1400.2014427904353,CCL14;CCL13;SP100;CCL11;AIF1;CX3CL1;CCL8;CCL7;CCL5;CCL4;CASP1;CCL3;CCL2;CCL1;LGALS9;CCL19;CD58;CCL18;GBP2;CCL17;GBP1;CCL16;GBP4;CCL15;GBP6;GBP5;CCL24;CCL23;CCL22;IFNGR1;CCL20;IFNGR2;IRF1;IRF8;XCL1;TLR2;CCL26,0.5606060606060606
3,1150,Granulocyte Chemotaxis (GO:0071621),41/73,2.2635133687773665e-29,cellular process,GO_Biological_Process_2023,6.029145198417641e-32,0.0,0.0,21.740813796212805,1562.8627001714087,CCL14;CXCL6;CCL13;CXCL9;CXCL8;CCL11;ITGB2;CXCL1;CXCL13;CXCL3;CXCL2;TREM1;CX3CL1;CXCL5;LGALS3;CCL8;CCL7;CCL5;CCL4;PDE4B;CCL3;CCL2;CCL1;CCL19;CCL18;CCL17;CCL16;CCL15;CCL24;CCL23;EDN2;CCL22;CCL20;PPBP;CXCL11;KLF5;JAML;SAA1;XCL1;S100A9;CCL26,0.5616438356164384
3,1150,Neutrophil Migration (GO:1990266),42/77,2.2635133687773665e-29,cellular process,GO_Biological_Process_2023,5.582934202524892e-32,0.0,0.0,20.37725631768953,1466.4086694921712,CCL14;CXCL6;CCL13;CXCL9;CXCL8;CCL11;ITGB2;CXCL1;CXCL13;CXCL3;CXCL2;TREM1;CX3CL1;CXCL5;LGALS3;CCL8;CCL7;CCL5;CCL4;PDE4B;CCL3;CCL2;CCL1;CCL19;CCL18;CCL17;CCL16;CCL15;CCL24;CCL23;EDN2;CCL22;CCL20;PPBP;CXCL11;KLF5;JAML;SAA1;XCL1;PRTN3;S100A9;CCL26,0.5454545454545454
3,1150,Cytokine Activity (GO:0005125),63/178,3.733828483077761e-31,binding,GO_Molecular_Function_2023,2.6294566782237758e-33,0.0,0.0,9.4420623175073,708.329643066425,CXCL6;CSF3;CXCL9;CXCL8;CSF1;CXCL1;CXCL13;CXCL3;CXCL2;CX3CL1;CXCL5;CXCL16;IL36A;IL36B;TNFSF11;TIMP1;IL11;IL15;IL18;IL16;XCL1;CCL14;CCL13;CCL11;CCL8;CCL7;CCL5;CCL4;CCL3;CCL2;CCL1;CCL19;CCL18;CCL17;CCL16;CCL15;CCL24;GDF11;IL33;CCL23;CCL22;TSLP;CCL20;CD70;IL37;IL34;LIF;GDF1;IL36G;INHBA;PPBP;INHBC;IL1F10;INHBE;BMP3;CXCL11;KLF5;IL7;CLCF1;IL17D;CCL27;CRLF1;CCL26,0.3539325842696629
3,1150,Positive Regulation Of Interleukin-1 Production (GO:0032732),18/64,4.182031016673418e-07,biological regulation,GO_Biological_Process_2023,1.1935020024752909e-08,0.0,0.0,6.500076816715318,118.58602927364454,GBP5;EGR1;IL16;LILRA2;AIM2;TYROBP;IFI16;CLEC7A;CASP1;CCL3;SAA1;MNDA;LGALS9;LCP1;CCL19;NLRP1;NAIP;TMEM106A,0.28125
4,993,Herpes simplex virus 1 infection,81/498,2.759170454574742e-19,Infectious disease: viral,KEGG_2021_Human,1.7686990093427833e-21,0.0,0.0,3.959437712987505,189.1979407434896,ZNF254;ZNF331;ZNF253;ZNF175;ZNF45;ZNF607;ZNF528;ZNF649;ZNF41;ZNF208;ZNF564;ZNF761;ZNF320;ZNF440;ZNF285;ZNF705D;ZNF282;ZNF480;ZNF705A;ZNF99;ZNF12;ZNF317;ZNF713;ZNF558;ZNF679;ZNF479;ZNF676;ZNF433;ZNF675;ZNF510;ZNF157;ZNF234;ZNF233;ZNF155;ZNF595;ZNF430;ZNF670;ZNF273;ZNF350;ZNF195;ZNF2;ZNF23;ZNF25;ZNF7;ZNF708;ZNF749;ZNF669;ZNF225;ZNF786;ZNF224;ZNF620;ZNF101;ZNF860;ZNF584;ZNF141;POU2F1;ZNF184;ZNF79;PML;ZNF33A;ZFP69;ZNF619;ZNF37A;ZNF419;ZNF737;ZNF417;ZNF615;ZNF735;ZNF778;ZNF337;ZNF777;ZNF214;ZNF354A;ZNF136;ZNF257;ZNF334;ZNF730;ZNF333;ZNF454;ZNF354C;ZNF772,0.16265060240963855
4,993,PTEN Regulation R-HSA-6807070,49/139,5.1358816409018835e-27,Signal Transduction,Reactome_2022,5.895782495933284e-29,0.0,0.0,10.910228342749528,709.1728114665603,KDM1A;ATN1;CHD4;CHD3;SALL4;SCMH1;USP7;RING1;EED;PSME3;PSME4;PSME1;PSME2;PSMD10;USP13;HDAC2;HDAC3;HDAC1;PSMB10;RNF2;HDAC7;MTA1;RBBP4;TNKS2;RBBP7;MTA2;MTA3;CBX8;SUZ12;CBX6;PHC2;PHC1;CBX4;CBX2;PHC3;GATAD2B;PML;PSMB8;GATAD2A;PSMB9;RNF146;REST;NEDD4;AGO2;MKRN1;RCOR1;TNRC6A;OTUD3;TNRC6B,0.35251798561151076
4,993,Generic Transcription Pathway R-HSA-212436,325/1190,1.1059490315586963e-158,Gene expression (Transcription),Reactome_2022,2.821298549894634e-161,0.0,0.0,10.204129313627082,3772.252348230364,ZNF175;SMARCB1;TP53RK;HDAC11;CCNC;NOC2L;ZNF607;TRIM28;MYB;EPC1;TP63;RNF111;SKP1;ZNF285;SMARCC1;SMARCC2;ZNF705D;ZNF282;MED8;ZNF705A;ZNF12;MED4;MED6;MED7;RUNX1;PSME3;PSME4;PSME1;ZNF713;PSME2;ZSCAN25;ZFPM1;ZNF157;ZNF28;L3MBTL1;ZNF155;ZNF274;ZNF273;MEAF6;NEDD4L;ZNF23;GATA2;ZNF25;ZNF708;PRDX5;PCBP4;PRDX1;TP53BP2;PPARGC1B;ZNF266;BANP;NFE2;PLK3;ZNF263;PRELID1;PHC2;PHC1;SETD1A;NR1D2;NR1D1;SMARCA2;PHC3;NR2F6;SMARCA4;ZNF37A;AGO2;CDK13;ZNF257;ZNF136;ZNF254;ZNF253;PHF20;ASH2L;ZNF45;MED16;MED15;MED17;MED12;MECP2;ING5;MED14;MED13;AIFM2;MED10;ZNF41;ELOB;ELOC;VENTX;H3-3B;ZNF485;TEAD4;PRMT6;BRD2;PRMT5;PBRM1;BRD1;ACTL6B;RING1;ZNF480;PRMT1;ACTL6A;TCF12;MED27;MED23;NCOR2;KAT2B;MED25;MED24;NCOR1;MED20;RARA;RARB;ZNF479;ZNF234;ZNF233;ZNF595;ZNF350;SATB2;GPS2;PLAGL1;TBL1X;ZNF225;BRD7;ZNF224;ZNF586;ZNF101;ZNF584;SUZ12;NPM1;TIGAR;NFYA;USP9X;PCGF5;PCGF2;WWP1;ZNF79;HIPK1;POU4F1;GATAD2B;PSMB8;POU4F2;GATAD2A;PSMB9;HIPK2;ZNF33A;ITCH;RYBP;TTC5;CCNG2;CCNG1;ZNF337;ZNF214;ZNF354A;ZNF334;ZNF454;ZNF333;ZNF354C;ZNF331;CCNT2;CCNT1;UBE2D3;YEATS4;YY1;CCND3;CCND2;SESN3;SESN1;ZNF208;SCMH1;SESN2;KMT5A;ZNF202;ZNF564;MEN1;ZNF320;LMO1;ZNF440;BNIP3L;USP7;H2AC6;FBXW7;USP2;KCTD1;ZNF99;NRBP1;KCTD6;TBL1XR1;KAT6A;ZNF317;ZNF679;ZNF558;MAPKAPK5;ZNF676;ZNF433;ZNF675;ZNF430;PSMD10;KMT2D;ZNF670;KMT2A;CBFB;MAX;KMT2C;DLX6;KMT2B;CUL1;ZKSCAN7;MED30;MOBP;ZKSCAN8;MED31;ZNF669;ZKSCAN3;SMYD2;ZKSCAN5;ZNF786;TFAP2A;CBX8;TFAP2C;ZFHX3;CBX6;CBX5;CBX4;CBX2;CNOT4;CDK8;CNOT6;ZFP69;TP53I3;BCL6;ZNF419;CNOT2;ZNF417;CNOT3;JMY;ZNF778;ZNF777;ZNF655;ZNF775;ZNF774;ZNF772;KDM5B;DYRK2;THRA;DPY30;CHD4;TRIAP1;CHD3;YBX1;PIDD1;SIN3B;SIN3A;ZNF649;H2BC21;ZNF528;WDR5;YAF2;ZNF385A;ZNF761;TGIF1;TGIF2;TBP;EED;RABGGTB;ARID1A;RABGGTA;ARID1B;ZNF75A;RBL2;PPM1A;CCNA1;ELF2;RBL1;TFDP2;POLR1B;ZNF510;HDAC4;SMARCD1;SMARCD2;HDAC2;ZNF197;RNF34;SMARCD3;HDAC3;ZNF195;HDAC1;CXXC1;PPM1D;HDAC9;NR2C1;PSMB10;RNF2;HDAC6;HDAC7;RBBP4;RBBP5;ZNF749;TP53INP1;RBBP7;E2F5;MTA2;RFFL;ZNF620;E2F6;ZNF860;SMARCE1;TAF15;ZNF184;MGA;TXNRD1;ZNF804B;ARID3A;PML;ZNF619;CARM1;ZNF737;ZNF615;ZNF735;ZNF732;PTPN4;ZNF730;TRIM33;TNRC6A;TAF1;TNRC6B,0.27310924369747897
4,993,Formation Of Senescence-Associated Heterochromatin Foci (SAHF) R-HSA-2559584,9/17,3.219548198335446e-07,Cellular responses to stimuli,Reactome_2022,2.9977936030419334e-08,0.0,0.0,21.72141768292683,376.275865283659,H1-4;HIRA;UBN1;HMGA1;EP400;H1-0;H1-3;CABIN1;H1-2,0.5294117647058824
4,993,KEAP1-NFE2L2 Pathway R-HSA-9755511,20/100,8.875423749708452e-07,Cellular responses to stimuli,Reactome_2022,8.377313233143182e-08,0.0,0.0,4.863052415210689,79.24418557193933,PSMD10;SRXN1;TXNRD1;CUL1;KEAP1;MUL1;PSMB10;PSMB8;PSMB9;SESN1;PSME3;PRDX1;MAFG;SESN2;PSME4;PSME1;PSME2;UBXN7;PHGDH;SKP1,0.2
4,993,NR1H3 And NR1H2 Regulate Gene Expression Linked To Cholesterol Transport And Efflux R-HSA-9029569,12/36,9.085639737735444e-07,Signal Transduction,Reactome_2022,8.691619647068348e-08,0.0,0.0,9.675331294597347,157.30464624038942,NCOR2;KDM3A;HDAC3;NCOR1;KDM1A;KDM1B;TBL1XR1;AGO2;GPS2;TBL1X;TNRC6A;TNRC6B,0.3333333333333333
4,993,Class I MHC Mediated Antigen Processing And Presentation R-HSA-983169,44/378,1.451141923914914e-06,Immune System,Reactome_2022,1.406719211958335e-07,0.0,0.0,2.592113980679316,40.8953557610494,PSMD10;RNF34;CUL5;UBE2D3;CUL2;CUL1;KEAP1;NEDD4L;UBE3A;UBR2;RNF6;RCHY1;RNF4;FBXO22;PSMB10;HERC4;NPEPPS;ELOB;ELOC;RNF111;SKP1;FBXW7;SIAH1;HUWE1;WWP1;LMO7;PSMB8;FBXW2;KCTD6;PSMB9;KLHL9;ITCH;CDC34;PSME3;NEDD4;PSME4;MKRN1;PSME1;UBA3;PSME2;FBXL3;FBXL7;UBE2M;ASB1,0.1164021164021164
4,993,Downregulation Of SMAD2/3:SMAD4 Transcriptional Activity R-HSA-2173795,11/31,1.4743503077809289e-06,Gene expression (Transcription),Reactome_2022,1.4480226237134126e-07,0.0,0.0,10.634266802443992,167.4673354361153,TGIF1;NCOR2;PPM1A;TGIF2;NCOR1;HDAC1;USP9X;UBE2D3;NEDD4L;RNF111;TRIM33,0.3548387096774194
4,993,Formation Of beta-catenin:TCF Transactivating Complex R-HSA-201722,15/60,1.615720483018415e-06,Signal Transduction,Reactome_2022,1.6074770111662802e-07,0.0,0.0,6.462849352419904,101.10112999044308,TLE3;KMT2D;H2AC6;TRRAP;HDAC1;ASH2L;CDC73;SMARCA4;TERT;RBBP5;H2BC21;RUVBL1;LEO1;H3-3B;MEN1,0.25
4,993,HCMV Early Events R-HSA-9609690,19/96,2.0740233308365167e-06,Disease,Reactome_2022,2.089895958368429e-07,0.0,0.0,4.795727886076962,73.76300125649963,SUZ12;HDAC3;H2AC6;EED;GPS2;H2BC18;PML;H2AC11;NCOR2;H2AC12;NCOR1;H2AC25;TRIM28;RBBP4;TBL1XR1;H2BC21;H2AC21;RBBP7;TBL1X,0.19791666666666666
4,993,NR1H2 And NR1H3-mediated Signaling R-HSA-9024446,13/46,2.226693588736519e-06,Signal Transduction,Reactome_2022,2.2721363150372647e-07,0.0,0.0,7.627149041434755,116.67536024293592,KDM3A;HDAC3;KDM1A;KDM1B;GPS2;NCOR2;NCOR1;TBL1XR1;NRIP1;AGO2;TBL1X;TNRC6A;TNRC6B,0.2826086956521739
4,993,Transcriptional Regulation By MECP2 R-HSA-8986944,16/60,2.540961449208081e-07,Gene expression (Transcription),Reactome_2022,2.3011258022165022e-08,0.0,0.0,7.057969665953289,124.13050470856818,HDAC2;HDAC3;HDAC1;GPS2;HIPK2;MECP2;NCOR2;NCOR1;MOBP;SIN3A;TBL1XR1;AGO2;TBL1X;PTPN4;TNRC6A;TNRC6B,0.26666666666666666
4,993,RUNX1 Regulates Transcription Of Genes Involved In Differentiation Of HSCs R-HSA-8939236,19/98,2.84033810032705e-06,Gene expression (Transcription),Reactome_2022,2.934532986307284e-07,0.0,0.0,4.673823200686195,70.30153288117278,LMO1;PSMD10;H2AC6;CBFB;KMT2A;TCF12;GATA2;PSMB10;PSMB8;RUNX1;PSMB9;ITCH;PSME3;H2BC21;MYB;PSME4;PSME1;PSME2;H3-3B,0.19387755102040816
4,993,MAPK6/MAPK4 Signaling R-HSA-5687128,18/90,3.4832293558395005e-06,Signal Transduction,Reactome_2022,3.687602506819879e-07,0.0,0.0,4.855128205128205,71.91959249990617,PSMD10;ETV4;CDC14A;PSMB10;PSMB8;PSMB9;DNAJB1;CCND3;XPO1;PSME3;PSME4;AGO2;PSME1;IGF2BP1;PSME2;MAPKAPK5;TNRC6A;TNRC6B,0.2
4,993,Transcriptional Regulation By RUNX2 R-HSA-8878166,21/119,3.490180448457355e-06,Gene expression (Transcription),Reactome_2022,3.739479051918594e-07,0.0,0.0,4.1686507936507935,61.692485642233855,PSMD10;HDAC4;HDAC3;CBFB;FBXW7;DLX6;SATB2;CUL1;WWP1;PPM1D;HDAC6;PSMB10;PSMB8;RUNX1;PSMB9;PSME3;PSME4;PSME1;PSME2;PPARGC1B;SKP1,0.17647058823529413
4,993,Cyclin E Associated Events During G1/S Transition R-HSA-69202,17/82,4.171576280854364e-06,Cell Cycle,Reactome_2022,4.522754896334452e-07,0.0,0.0,5.075882723833543,74.1534405284699,PSMD10;LIN37;MAX;CUL1;CABLES1;PSMB10;PSMB8;PSMB9;RBL2;CCNA1;TFDP2;RBBP4;PSME3;PSME1;PSME2;E2F5;SKP1,0.2073170731707317
4,993,Signaling By WNT R-HSA-195721,36/294,5.170512827725091e-06,Signal Transduction,Reactome_2022,5.671736010004563e-07,0.0,0.0,2.733688124225414,39.31754392393089,PSMD10;KMT2D;CTBP2;TRRAP;CTBP1;HDAC1;CUL1;ASH2L;CDC73;PSMB10;SNX3;XPO1;TERT;TNKS2;RBBP5;H2BC21;RUVBL1;LEO1;SKP1;H3-3B;MEN1;TLE3;ZRANB1;H2AC6;PSMB8;SMARCA4;PSMB9;RNF146;PSME3;PSME4;AGO2;PSME1;PSME2;CSNK1G2;TNRC6A;TNRC6B,0.12244897959183673
4,993,TCF Dependent Signaling In Response To WNT R-HSA-201681,28/198,5.172584126960252e-06,Signal Transduction,Reactome_2022,5.739984936805382e-07,0.0,0.0,3.215092959463578,46.20294048048866,PSMD10;KMT2D;TRRAP;CTBP1;HDAC1;ASH2L;CDC73;PSMB10;XPO1;TERT;TNKS2;RBBP5;H2BC21;RUVBL1;LEO1;H3-3B;MEN1;TLE3;H2AC6;PSMB8;SMARCA4;PSMB9;RNF146;PSME3;PSME4;PSME1;PSME2;CSNK1G2,0.1414141414141414
4,993,Regulation Of RUNX1 Expression And Activity R-HSA-8934593,8/17,5.207179318480899e-06,Gene expression (Transcription),Reactome_2022,5.844793112580601e-07,0.0,0.0,17.14427523970671,246.06397248008653,CCND3;CCND2;CBFB;AGO2;PML;TNRC6A;RUNX1;TNRC6B,0.47058823529411764
4,993,Cyclin A:Cdk2-associated Events At S Phase Entry R-HSA-69656,17/84,5.720114681810038e-06,Cell Cycle,Reactome_2022,6.493497534197619e-07,0.0,0.0,4.9238438952777095,70.15145332977966,PSMD10;LIN37;MAX;CUL1;CABLES1;PSMB10;PSMB8;PSMB9;RBL2;CCNA1;TFDP2;RBBP4;PSME3;PSME1;PSME2;E2F5;SKP1,0.20238095238095238
4,993,SUMOylation Of DNA Damage Response And Repair Proteins R-HSA-3108214,16/76,6.868739484819612e-06,Metabolism of proteins,Reactome_2022,7.885032571859249e-07,0.0,0.0,5.171477311497783,72.67543932888266,CBX8;PHC2;PHC1;RING1;CBX4;CBX2;PCGF2;NSMCE1;SMC5;PHC3;PIAS2;RNF2;PML;PIAS1;HDAC7;SCMH1,0.21052631578947367
4,993,G0 And Early G1 R-HSA-1538133,10/27,3.238649635009121e-06,Cell Cycle,Reactome_2022,3.387363138657499e-07,0.0,0.0,11.36377236550775,169.29797920094828,RBL2;CCNA1;RBL1;LIN37;RBBP4;TFDP2;HDAC1;MAX;DYRK1A;E2F5,0.37037037037037035
4,993,TP53 Regulates Transcription Of Cell Death Genes R-HSA-5633008,12/44,8.73151538613165e-06,Gene expression (Transcription),Reactome_2022,1.0134794644617094e-06,0.0,0.0,7.253440366972477,100.11286257783856,PIDD1;BNIP3L;PRELID1;TP53I3;BCL6;AIFM2;TP53INP1;TP53BP2;TRIAP1;RABGGTB;RABGGTA;TP63,0.2727272727272727
4,993,SMAD2/SMAD3:SMAD4 Heterotrimer Regulates Transcription R-HSA-2173796,13/36,9.181611926405037e-08,Gene expression (Transcription),Reactome_2022,8.197867791433068e-09,0.0,0.0,10.949068322981368,203.86499231467727,TGIF1;CCNT2;TGIF2;CCNT1;HDAC1;CCNC;YBX1;CDK8;RBL1;TFDP2;E2F5;RNF111;MEN1,0.3611111111111111
4,993,ERCC6 (CSB) And EHMT2 (G9a) Positively Regulate rRNA Expression R-HSA-427389,15/45,2.4198269735356546e-08,Gene expression (Transcription),Reactome_2022,2.0988295178625572e-09,0.0,0.0,9.7019427402863,193.8631140094834,HDAC2;H2AC6;HDAC1;CHD4;CHD3;TTF1;GATAD2B;GATAD2A;MTA1;RBBP4;H2BC21;RBBP7;MTA2;MTA3;H3-3B,0.3333333333333333
4,993,Transcriptional misregulation in cancer,36/192,3.534210008137844e-10,Cancer: overview,KEGG_2021_Human,4.531038471971594e-12,0.0,0.0,4.545695683626718,118.733889270677,CEBPA;DDX5;HDAC2;CCNT2;CCNT1;KMT2A;MAX;HDAC1;DOT1L;PRCC;JMJD1C;BMI1;CCND2;SIN3A;MEN1;H3-3B;KDM6A;ZBTB17;SS18;CDKN2C;TAF15;TFE3;ASPSCR1;PAX3;ETV4;ETV5;PML;RUNX1;GADD45G;PER2;CCNA1;NCOR1;BCL6;EWSR1;RARA;TCF3,0.1875
4,993,SUMOylation Of DNA Methylation Proteins R-HSA-4655427,11/16,2.2859422938746964e-10,Metabolism of proteins,Reactome_2022,1.4870287881072638e-11,0.0,0.0,42.57067209775968,1061.3573522507902,CBX8;PHC2;PHC1;CBX4;RING1;CBX2;PCGF2;DNMT3A;SCMH1;PHC3;RNF2,0.6875
4,993,Signaling By NOTCH R-HSA-157118,36/203,3.6742173434037964e-10,Signal Transduction,Reactome_2022,2.4369808910331303e-11,0.0,0.0,4.243800799654609,103.70862933034918,PSMD10;HDAC4;HDAC2;HDAC3;HDAC1;HDAC11;CUL1;CCNC;YBX1;HDAC9;HDAC6;PSMB10;HDAC7;H2BC21;TBL1X;SKP1;H3-3B;TLE3;H2AC6;FBXW7;PSMB8;RUNX1;PSMB9;NCOR2;KAT2B;CDK8;ITCH;NCOR1;TFDP2;TBL1XR1;PSME3;AGO2;PSME1;PSME2;TNRC6A;TNRC6B,0.17733990147783252
4,993,HDMs Demethylate Histones R-HSA-3214842,13/26,8.68178021609628e-10,Chromatin organization,Reactome_2022,5.869060605269168e-11,0.0,0.0,19.381632653061224,456.6068722630776,KDM5A;KDM6B;KDM5B;KDM3A;KDM5C;KDM4B;KDM3B;KDM4C;KDM1A;KDM2B;KDM4D;KDM1B;KDM6A,0.5
4,993,Regulation Of MECP2 Expression And Activity R-HSA-9022692,14/31,8.814635422413608e-10,Gene expression (Transcription),Reactome_2022,6.071305010335904e-11,0.0,0.0,15.974283482545214,375.7928216243325,HDAC2;HDAC3;HDAC1;GPS2;HIPK2;MECP2;NCOR2;NCOR1;SIN3A;TBL1XR1;AGO2;TBL1X;TNRC6A;TNRC6B,0.45161290322580644
4,993,Circadian Clock R-HSA-400253,20/69,1.1141287624576248e-09,None,Reactome_2022,7.815954328465479e-11,0.0,0.0,7.952681586509218,185.07694476727943,NCOA2;CRTC3;HDAC3;SMARCD3;CHD9;NCOA6;CUL1;NR1D1;PER2;NCOR1;TBL1XR1;CARM1;CRY2;NRIP1;CRY1;FBXL3;TBL1X;CLOCK;BMAL1;SKP1,0.2898550724637681
4,993,UCH Proteinases R-HSA-5689603,23/95,2.3617671532235982e-09,Metabolism of proteins,Reactome_2022,1.686976538016856e-10,0.0,0.0,6.235753150057274,140.3226108371774,PSMD10;USP15;H2AC6;KDM1B;MCRS1;ACTL6A;FOXK2;NEDD8;PSMB10;PSMB8;PSMB9;H2AC11;YY1;ASXL1;H2AC12;H2AC25;PSME3;RUVBL1;PSME4;H2AC21;PSME1;PSME2;OGT,0.24210526315789474
4,993,Notch-HLH Transcription Pathway R-HSA-350054,13/28,2.6482821205725647e-09,Gene expression (Transcription),Reactome_2022,1.9254091948040327e-10,0.0,0.0,16.7956462585034,375.73057229086834,HDAC4;HDAC2;HDAC3;HDAC1;HDAC11;HDAC9;HDAC6;HDAC7;NCOR2;KAT2B;NCOR1;TBL1XR1;TBL1X,0.4642857142857143
4,993,Signaling By TGFB Family Members R-HSA-9006936,24/119,4.144993164210553e-08,Signal Transduction,Reactome_2022,3.64801694299143e-09,0.0,0.0,4.930617565585791,95.7973735854848,TGIF1;USP15;CCNT2;TGIF2;CCNT1;HDAC1;USP9X;UBE2D3;NEDD4L;CCNC;NEDD8;YBX1;NCOR2;CDK8;PPM1A;XPO1;NCOR1;RBL1;TFDP2;E2F5;RNF111;TRIM33;MEN1;UBE2M,0.20168067226890757
4,993,Constitutive Signaling By NOTCH1 HD+PEST Domain Mutants R-HSA-2894862,18/58,2.666334920665412e-09,Disease,Reactome_2022,1.9725436913085958e-10,0.0,0.0,8.754,195.6214974125204,HDAC4;HDAC2;HDAC3;FBXW7;HDAC1;HDAC11;CUL1;CCNC;HDAC9;HDAC6;HDAC7;NCOR2;KAT2B;CDK8;NCOR1;TBL1XR1;TBL1X;SKP1,0.3103448275862069
4,993,Transcriptional Activation Of Mitochondrial Biogenesis R-HSA-2151201,17/52,3.2712346507085533e-09,Organelle biogenesis and maintenance,Reactome_2022,2.503495906154505e-10,0.0,0.0,9.441569086651054,208.7357465722305,NCOA2;CRTC3;HDAC3;SMARCD3;CHD9;NCOA6;NR1D1;POLRMT;PPRC1;NCOR1;POLG2;TBL1XR1;CARM1;TFAM;TBL1X;GABPA;PPARGC1B,0.3269230769230769
4,993,Signaling By NOTCH1 R-HSA-1980143,20/74,4.039216399507188e-09,Signal Transduction,Reactome_2022,3.142757657779828e-10,0.0,0.0,7.214418941037646,157.85689926761867,HDAC4;TLE3;HDAC2;HDAC3;FBXW7;HDAC1;HDAC11;CUL1;CCNC;HDAC9;HDAC6;HDAC7;NCOR2;KAT2B;CDK8;ITCH;NCOR1;TBL1XR1;TBL1X;SKP1,0.2702702702702703
4,993,Disorders Of Developmental Biology R-HSA-9675151,9/12,4.300346777385287e-09,Disease,Reactome_2022,3.4007844412995885e-10,0.0,0.0,57.9390243902439,1263.1776180193124,MECP2;NCOR2;HDAC3;NCOR1;HDAC1;SIN3A;TBL1XR1;GPS2;TBL1X,0.75
4,993,Loss Of MECP2 Binding Ability To NCoR/SMRT Complex R-HSA-9022537,7/7,9.032749586216976e-09,Disease,Reactome_2022,7.287768645148623e-10,0.0,0.0,133049.0,2799304.860532538,MECP2;NCOR2;HDAC3;NCOR1;TBL1XR1;GPS2;TBL1X,1.0
4,993,Mitotic G1 Phase And G1/S Transition R-HSA-453279,28/147,9.032749586216976e-09,Cell Cycle,Reactome_2022,7.373673131605695e-10,0.0,0.0,4.605425175251448,96.842581040319,PSMD10;CDKN1C;LIN37;MAX;HDAC1;CUL1;PPP2R2A;PSMB10;CCND3;CCND2;RBBP4;E2F5;E2F6;SKP1;CDKN2D;CDKN2C;DYRK1A;CABLES1;PSMB8;PSMB9;RBL2;CCNA1;RBL1;TFDP2;PSME3;POLR1B;PSME1;PSME2,0.19047619047619047
4,993,TP53 Regulates Transcription Of Cell Cycle Genes R-HSA-6791312,16/49,1.0399049953496596e-08,Gene expression (Transcription),Reactome_2022,8.621661313485698e-10,0.0,0.0,9.416085109022672,196.528509008256,PLK3;NPM1;PRMT1;ARID3A;RBL2;CNOT4;CCNA1;CNOT6;RBL1;TFDP2;PCBP4;PLAGL1;CARM1;CNOT2;CNOT3;ZNF385A,0.32653061224489793
4,993,ESR-mediated Signaling R-HSA-8939211,32/188,1.0861788705253777e-08,Signal Transduction,Reactome_2022,9.143852736565677e-10,0.0,0.0,4.023799994663678,83.74642022772932,DDX5;HSP90AB1;CCNT1;KDM1A;CBFB;HDAC1;YY1;XPO1;H2BC21;MYB;NRIP1;H3-3B;TLE3;NCOA2;KDM4B;POU2F1;TBP;H2AC6;PRMT1;PTGES3;KCTD6;USF1;RUNX1;KAT2B;PPP5C;CARM1;AGO2;FKBP4;EBAG9;PPID;TNRC6A;TNRC6B,0.1702127659574468
4,993,Heme Signaling R-HSA-9707616,15/45,2.4198269735356546e-08,Cellular responses to stimuli,Reactome_2022,2.0988295178625572e-09,0.0,0.0,9.7019427402863,193.8631140094834,NCOA2;CRTC3;HDAC3;SMARCD3;CHD9;NCOA6;NR1D1;XPO1;NCOR1;TBL1XR1;CARM1;NRIP1;TBL1X;BMAL1;CLOCK,0.3333333333333333
4,993,Antigen Processing: Ubiquitination And Proteasome Degradation R-HSA-983168,44/307,3.127226423836942e-09,Immune System,Reactome_2022,2.353397436305862e-10,0.0,0.0,3.3044028735471,73.25858172982555,PSMD10;RNF34;CUL5;UBE2D3;CUL2;CUL1;KEAP1;NEDD4L;UBE3A;UBR2;RNF6;RCHY1;RNF4;FBXO22;PSMB10;HERC4;NPEPPS;ELOB;ELOC;RNF111;SKP1;FBXW7;SIAH1;HUWE1;WWP1;LMO7;PSMB8;FBXW2;KCTD6;PSMB9;KLHL9;ITCH;CDC34;PSME3;NEDD4;PSME4;MKRN1;PSME1;UBA3;PSME2;FBXL3;FBXL7;UBE2M;ASB1,0.14332247557003258
4,993,NoRC Negatively Regulates rRNA Expression R-HSA-427413,22/74,8.220130153958986e-11,Gene expression (Transcription),Reactome_2022,5.0327327473218276e-12,0.0,0.0,8.258932108056722,214.85659772342456,HDAC2;TBP;H2AC6;HDAC1;SMARCA5;ARID4B;BAZ2A;TTF1;SAP30;TAF1D;SIN3B;TAF1B;SIN3A;H2BC21;POLR1B;SAP30L;UBTF;POLR1E;SAP18;POLR1F;SUDS3;H3-3B,0.2972972972972973
4,993,Negative Epigenetic Regulation Of rRNA Expression R-HSA-5250941,23/77,2.466729327631862e-11,Gene expression (Transcription),Reactome_2022,1.4787790612078764e-12,0.0,0.0,8.322241313478427,226.696224943404,HDAC2;TBP;H2AC6;HDAC1;SMARCA5;ARID4B;BAZ2A;TTF1;RRP8;SAP30;TAF1D;SIN3B;TAF1B;SIN3A;H2BC21;POLR1B;SAP30L;UBTF;POLR1E;SAP18;POLR1F;SUDS3;H3-3B,0.2987012987012987
4,993,SUMOylation Of Chromatin Organization Proteins R-HSA-4551638,20/57,2.4604011141697596e-11,Metabolism of proteins,Reactome_2022,1.443602694538379e-12,0.0,0.0,10.538596150106942,287.3230129600776,HDAC4;CBX8;SUZ12;HDAC2;PHC2;CBX5;PHC1;RING1;CBX4;HDAC1;SATB2;CBX2;PCGF2;CHD3;PHC3;PIAS2;RNF2;PIAS1;SCMH1;ZBED1,0.3508771929824561
4,993,Regulation Of PTEN Gene Transcription R-HSA-8943724,30/61,9.76895622355624e-22,Signal Transduction,Reactome_2022,2.616684702738278e-23,0.0,0.0,19.069440257260577,991.5641542365804,HDAC2;HDAC3;KDM1A;HDAC1;ATN1;CHD4;CHD3;RNF2;HDAC7;MTA1;RBBP4;SALL4;SCMH1;RBBP7;MTA2;MTA3;CBX8;SUZ12;CBX6;PHC2;PHC1;RING1;CBX4;EED;CBX2;PHC3;GATAD2B;GATAD2A;REST;RCOR1,0.4918032786885246
4,993,Regulation Of TP53 Activity R-HSA-5633007,46/157,8.997606119183943e-22,Gene expression (Transcription),Reactome_2022,2.2953076834652912e-23,0.0,0.0,8.269033553088464,431.0530617488168,L3MBTL1;HDAC2;DYRK2;RNF34;TP53RK;MEAF6;PHF20;HDAC1;CHD4;CHD3;NOC2L;ING5;RBBP4;TP53INP1;SMYD2;TP53BP2;KMT5A;RBBP7;BRD7;MTA2;RFFL;TP63;ZNF385A;BANP;PLK3;PRMT5;USP7;BRD1;TBP;TAF15;USP2;HIPK1;POU4F1;GATAD2B;PML;POU4F2;GATAD2A;HIPK2;CCNA1;TTC5;KAT6A;POLR1B;JMY;CCNG1;MAPKAPK5;TAF1,0.2929936305732484
4,993,Epigenetic Regulation Of Gene Expression R-HSA-212165,41/116,7.230538683811611e-23,Gene expression (Transcription),Reactome_2022,1.75229891571965e-24,0.0,0.0,10.871316526610643,594.6731207374581,HDAC2;HDAC1;ARID4B;BAZ2A;CHD4;CHD3;TTF1;RRP8;TAF1D;MTA1;SIN3B;RBBP4;TAF1B;SIN3A;H2BC21;SAP30L;UBTF;SAP18;SUDS3;RBBP7;JARID2;MTA2;MTA3;H3-3B;SUZ12;TBP;H2AC6;EED;DNMT3A;SMARCA5;BAZ1B;GATAD2B;SAP30;GATAD2A;KAT2B;AEBP2;MYBBP1A;POLR1B;TET3;POLR1E;POLR1F,0.35344827586206895
4,993,Post-translational Protein Modification R-HSA-597592,162/1383,6.75628963197811e-24,Metabolism of proteins,Reactome_2022,1.5511889461174229e-25,0.0,0.0,2.839727157416688,162.22113367988706,RAB3B;TRRAP;KDM1B;UBE2D3;KEAP1;SMC5;FBXO22;DCAF4;DCAF7;YY1;H2AC11;H2AC12;TRIM28;TFG;RUVBL1;SCMH1;MEN1;SKP1;DDX17;RAB2A;PIAS3;USP7;H2AC6;FBXW7;USP4;USP2;NSMCE1;SHISA5;MUL1;LMO7;FBXW2;PIAS2;HIC1;KCTD6;PIAS1;CDC34;DMTF1;POLG2;PSME3;PSME4;PSME1;PSME2;STAMBP;PSMD10;DDX5;CUL5;CTBP1;DCUN1D3;CUL2;EIF5A2;CUL1;SNX3;ZBED1;SUDS3;NAE1;RCE1;TFAP2A;CBX8;HSPA8;TFAP2C;PHC2;ZRANB1;PHC1;ICMT;CBX5;CBX4;CBX2;PHC3;PUM2;H2AC25;COPS5;SP3;H2AC21;TADA3;UBA3;FBXL3;CCDC22;OGT;FBXL7;UBE2M;TOP2B;ZNF131;WDR48;THRA;IDE;CHD3;HIF3A;MYSM1;CDC73;LMNB2;SIN3A;H2BC21;WDR5;UBXN7;ELOB;ELOC;NCOA2;USP47;USP48;USP49;RING1;USP42;ACTL6A;DNMT3A;COMMD2;COMMD1;RABGGTB;COMMD6;SAFB;RABGGTA;H2BC18;NCOR2;DNAJC3;CCNA1;KAT2B;PTRH2;RARA;TOP1;OTUB1;HDAC4;USP13;HDAC2;USP15;ZNF350;UHRF2;HDAC1;SATB2;USP11;CXXC1;FOXK2;NEDD8;ABRAXAS2;NR2C1;PSMB10;RNF2;USP19;HDAC7;DCAF17;MTA1;TNKS2;RBBP5;NRIP1;LEO1;RBBP7;SUZ12;USP24;NPM1;USP20;USP9X;MCRS1;MBD1;PCGF2;USP22;PSMB8;PML;PSMB9;HIPK2;KLHL9;RNF146;ASXL1;OTUD3;ASB1,0.11713665943600868
4,993,SUMOylation R-HSA-2990846,51/174,4.0784463832353705e-24,Metabolism of proteins,Reactome_2022,8.843569963648125e-26,0.0,0.0,8.312050126870696,479.501572735926,TOP2B;ZNF131;THRA;SMC5;CHD3;TRIM28;SIN3A;SCMH1;DDX17;PIAS3;NCOA2;RING1;DNMT3A;NSMCE1;SAFB;HIC1;PIAS2;PIAS1;NCOR2;RARA;TOP1;HDAC4;DDX5;HDAC2;ZNF350;UHRF2;CTBP1;HDAC1;SATB2;NR2C1;RNF2;HDAC7;MTA1;NRIP1;ZBED1;CBX8;TFAP2A;SUZ12;PHC2;TFAP2C;NPM1;CBX5;PHC1;CBX4;CBX2;MBD1;PCGF2;PHC3;PML;HIPK2;SP3,0.29310344827586204
4,993,SUMOylation Of Transcription Cofactors R-HSA-3899300,28/43,7.688651238564213e-25,Metabolism of proteins,Reactome_2022,1.5691124976661662e-26,0.0,0.0,36.73754749568221,2182.823920815076,DDX5;ZNF131;ZNF350;UHRF2;CTBP1;RNF2;TRIM28;SIN3A;NRIP1;SCMH1;CBX8;DDX17;NCOA2;PIAS3;NPM1;PHC2;PHC1;CBX4;RING1;CBX2;MBD1;PCGF2;SAFB;PHC3;PIAS2;HIPK2;PIAS1;NCOR2,0.6511627906976745
4,993,SUMO E3 Ligases SUMOylate Target Proteins R-HSA-3108232,51/168,7.396302423580578e-25,Metabolism of proteins,Reactome_2022,1.415108882062611e-26,0.0,0.0,8.741085524525015,520.2694623527577,TOP2B;ZNF131;THRA;SMC5;CHD3;TRIM28;SIN3A;SCMH1;DDX17;PIAS3;NCOA2;RING1;DNMT3A;NSMCE1;SAFB;HIC1;PIAS2;PIAS1;NCOR2;RARA;TOP1;HDAC4;DDX5;HDAC2;ZNF350;UHRF2;CTBP1;HDAC1;SATB2;NR2C1;RNF2;HDAC7;MTA1;NRIP1;ZBED1;CBX8;TFAP2A;SUZ12;PHC2;TFAP2C;NPM1;CBX5;PHC1;CBX4;CBX2;MBD1;PCGF2;PHC3;PML;HIPK2;SP3,0.30357142857142855
4,993,PPARA Activates Gene Expression R-HSA-1989781,43/116,7.396302423580578e-25,Metabolism,Reactome_2022,1.3500044629874407e-26,0.0,0.0,11.739899062725309,699.311794517547,HDAC3;SMARCD3;CHD9;GPS2;CCNC;MED16;MED15;MED17;MED12;MED14;MED13;MED30;MED10;MED31;TBL1X;PPARGC1B;NCOA2;CDK19;NFYA;NCOA6;TXNRD1;MED8;MED9;NR1D1;MED4;MED27;MED6;MED7;MED13L;MED23;NCOR2;CDK8;MED22;MED25;MED24;NCOR1;TBL1XR1;THRAP3;MED21;CARM1;MED20;CLOCK;BMAL1,0.3706896551724138
4,993,HATs Acetylate Histones R-HSA-3214847,38/106,1.7219014635781435e-21,Chromatin organization,Reactome_2022,4.831866351877444e-23,0.0,0.0,11.082260548198336,569.4533621761225,MEAF6;TRRAP;PHF20;YEATS4;H2AC11;H2AC12;ING5;H2BC21;RUVBL1;EP400;WDR5;EPC1;KAT8;KAT7;DMAP1;RBBP7;ATXN7L3;NCOA2;BRD1;H2AC6;MCRS1;USP22;ACTL6A;PAX3;ELP3;ELP6;H2BC18;MORF4L1;KAT2B;H2AC25;ZZZ3;KANSL1;KAT6A;KANSL3;H2AC21;TADA3;CLOCK;OGT,0.3584905660377358
4,993,Cellular Responses To Stimuli R-HSA-8953897,113/736,1.075073521128493e-25,Cellular responses to stimuli,Reactome_2022,1.7826474202385727e-27,0.0,0.0,3.7892018094265287,233.3833732675912,CRTC3;UBE2D3;KEAP1;SESN1;SCMH1;SESN2;SKP1;H2AC6;MUL1;TBL1XR1;PSME3;PSME4;PSME1;PSME2;MAPKAPK5;TNIK;FKBP4;CLOCK;AJUBA;PSMD10;HSPA4L;CUL2;CUL1;STIP1;PRDX5;HSPH1;BAG5;PRDX1;BAG1;EP400;CBX8;ZBTB17;HSPA8;PHC2;CBX6;PHC1;CBX4;CBX2;HMGA1;NR1D1;HSPA2;H1-0;PHC3;H1-3;H1-2;H1-4;MAFG;HSP90AB1;SRXN1;CHD9;HIF3A;CABIN1;XPO1;SIN3B;SIN3A;H2BC21;UBXN7;ELOB;PHGDH;ELOC;H3-3B;VENTX;KDM6B;NCOA2;RING1;NCOA6;EED;MINK1;NCOR2;DNAJC3;CCNA1;NCOR1;DNAJC7;TFDP2;CTDSP2;POLR1B;HDAC3;SMARCD3;HM13;CXXC1;HSPA13;HDAC6;PSMB10;RNF2;DNAJB1;HIRA;DNAJB6;RBBP4;UBN1;HSF1;LMNA;NRIP1;RBBP7;TBL1X;MAP4K4;CDKN2D;SUZ12;CDKN2C;NFYA;TXNRD2;TXNRD1;PTGES3;PSMB8;ATOX1;PSMB9;DNAJA1;CCS;CARM1;DNAJA2;HDGF;BMAL1;TNRC6A;TNRC6B,0.15353260869565216
4,993,Regulation Of Lipid Metabolism By PPARalpha R-HSA-400206,45/118,1.5232968712126376e-26,Metabolism,Reactome_2022,2.137278773385078e-28,0.0,0.0,12.311860586093289,784.4237167108752,HDAC3;SMARCD3;CHD9;GPS2;CCNC;MED16;MED15;MED17;MED12;MED14;MED13;MED30;SIN3B;SIN3A;MED10;MED31;TBL1X;PPARGC1B;NCOA2;CDK19;NFYA;NCOA6;TXNRD1;MED8;MED9;NR1D1;MED4;MED27;MED6;MED7;MED13L;MED23;NCOR2;CDK8;MED22;MED25;MED24;NCOR1;TBL1XR1;THRAP3;MED21;CARM1;MED20;CLOCK;BMAL1,0.3813559322033898
4,993,Transcriptional Regulation Of White Adipocyte Differentiation R-HSA-381340,39/84,8.357799290898877e-27,Developmental Biology,Reactome_2022,1.066045827920775e-28,0.0,0.0,17.226135569531795,1109.5082830653605,CEBPA;HDAC3;SMARCD3;CHD9;CCNC;MED16;MED15;MED17;MED12;CCND3;MED14;MED13;MED30;MED10;MED31;TBL1X;NCOA2;CDK19;NCOA6;MED8;MED9;MED27;MED4;MED6;MED7;MED13L;MED23;NCOR2;MED22;CDK8;MED25;MED24;NCOR1;TBL1XR1;THRAP3;MED21;ZNF638;CARM1;MED20,0.4642857142857143
4,993,HDACs Deacetylate Histones R-HSA-3214815,35/60,1.9660289498486767e-28,Chromatin organization,Reactome_2022,2.0061519896415073e-30,0.0,0.0,27.739874739039667,1896.8896489588692,HDAC2;HDAC3;KDM1A;HDAC1;ARID4A;GPS2;ARID4B;CHD4;CHD3;PHF21A;H2AC11;H2AC12;MTA1;RBBP4;H2BC21;SAP30L;HMG20B;SAP18;RBBP7;SUDS3;TBL1X;MTA2;MTA3;H2AC6;H2BC18;GATAD2B;SAP30;GATAD2A;NCOR2;REST;NCOR1;H2AC25;TBL1XR1;H2AC21;RCOR1,0.5833333333333334
4,993,Transcriptional Regulation By TP53 R-HSA-3700989,83/354,2.046461047415422e-31,Gene expression (Transcription),Reactome_2022,1.8271973637637698e-33,0.0,0.0,6.305859454198938,475.3516065092188,CCNT2;DYRK2;TP53RK;CCNT1;PHF20;CHD4;CHD3;TRIAP1;NOC2L;ING5;PIDD1;SESN3;AIFM2;SESN1;SESN2;ELOB;ELOC;KMT5A;TP63;ZNF385A;PRMT5;BNIP3L;BRD1;USP7;TBP;PRMT1;USP2;RABGGTB;RABGGTA;RBL2;CCNA1;RBL1;TFDP2;KAT6A;POLR1B;MAPKAPK5;L3MBTL1;HDAC2;RNF34;MEAF6;HDAC1;PRDX5;RBBP4;PCBP4;PRDX1;PLAGL1;TP53INP1;TP53BP2;SMYD2;RBBP7;BRD7;MTA2;RFFL;BANP;PLK3;PRELID1;NPM1;TIGAR;TAF15;TXNRD1;ARID3A;HIPK1;POU4F1;GATAD2B;POU4F2;PML;GATAD2A;HIPK2;CNOT4;CNOT6;TP53I3;BCL6;TTC5;CNOT2;CARM1;AGO2;CCNG1;CNOT3;JMY;CDK13;TNRC6A;TAF1;TNRC6B,0.2344632768361582
4,993,RUNX1 Interacts With Co-Factors Whose Precise Effect On RUNX1 Targets Is Not Known R-HSA-8939243,30/35,1.649616325454877e-32,Gene expression (Transcription),Reactome_2022,1.262461473562406e-34,0.0,0.0,118.39252336448598,9241.108260344085,SMARCD1;SMARCD2;SMARCB1;SMARCD3;CBFB;RNF2;SCMH1;YAF2;CBX8;SMARCE1;CBX6;PBRM1;PHC2;SMARCC1;PHC1;SMARCC2;ACTL6B;CBX4;RING1;PCGF5;CBX2;ACTL6A;ARID1A;ARID1B;PHC3;SMARCA2;HIPK2;RUNX1;SMARCA4;RYBP,0.8571428571428571
4,993,Transcriptional Regulation By RUNX1 R-HSA-8878171,71/204,7.251538270645226e-39,Gene expression (Transcription),Reactome_2022,4.62470552974823e-41,0.0,0.0,10.927976122518878,1014.9311501526043,SMARCB1;DPY30;ASH2L;CCND3;CCND2;SIN3B;SIN3A;H2BC21;MYB;SCMH1;WDR5;YAF2;H3-3B;PRMT6;LMO1;SMARCC1;PBRM1;SMARCC2;ACTL6B;RING1;H2AC6;PRMT1;ACTL6A;TCF12;ARID1A;ARID1B;KCTD6;RUNX1;KAT2B;ELF2;PSME3;PSME4;PSME1;PSME2;ZFPM1;PSMD10;KMT2D;SMARCD1;SMARCD2;SMARCD3;CBFB;KMT2A;HDAC1;KMT2C;KMT2B;GATA2;PSMB10;RNF2;RBBP5;CBX8;SMARCE1;NFE2;PHC2;CBX6;PHC1;CBX4;PCGF5;CBX2;SETD1A;PHC3;SMARCA2;PSMB8;PML;SMARCA4;HIPK2;PSMB9;ITCH;RYBP;AGO2;TNRC6A;TNRC6B,0.3480392156862745
4,993,Chromatin Modifying Enzymes R-HSA-3247509,113/238,9.295107811257788e-81,Chromatin organization,Reactome_2022,4.74240194451928e-83,0.0,0.0,19.39696363636364,3676.8500009770896,SMARCB1;KDM1A;TRRAP;KDM1B;ARID4A;ARID4B;YEATS4;H2AC11;H2AC12;RUVBL1;EPC1;KAT8;KAT7;KMT5A;ATXN7L3;SMARCC1;SMARCC2;H2AC6;KDM2B;SAP30;MORF4L1;TBL1XR1;KAT6A;CLOCK;KMT2D;MEAF6;KMT2A;KMT2C;KMT2B;PHF21A;EP400;SMYD2;DMAP1;SUDS3;SETDB1;SETD1A;SMARCA2;SMARCA4;H2AC25;ZZZ3;H2AC21;TADA3;BRWD1;OGT;RCOR1;KDM5A;KDM5B;SETD2;KDM5C;PHF20;DPY30;ASH2L;CHD4;CHD3;ING5;H2BC21;WDR5;HMG20B;KDM6A;PRMT6;KDM6B;NCOA2;PRMT5;BRD1;PBRM1;ACTL6B;PRMT1;EED;ACTL6A;DNMT3A;PAX3;ARID1A;ARID1B;H2BC18;NCOR2;KAT2B;NCOR1;AEBP2;SMARCD1;HDAC2;KDM3A;SMARCD2;HDAC3;KDM3B;SMARCD3;HDAC1;DOT1L;GPS2;MTA1;RBBP4;RBBP5;NSD1;SAP30L;SAP18;TBL1X;RBBP7;MTA2;MTA3;SUZ12;SMARCE1;KDM4B;KDM4C;KDM4D;MCRS1;USP22;ELP3;ELP6;GATAD2B;GATAD2A;REST;KANSL1;CARM1;KANSL3,0.47478991596638653
4,993,RNA Polymerase II Transcription R-HSA-73857,336/1312,2.071322719633333e-155,Gene expression (Transcription),Reactome_2022,7.925979794515304e-158,0.0,0.0,9.448087431693988,3417.735073959192,ZNF175;SMARCB1;TP53RK;HDAC11;CCNC;NOC2L;ZNF607;TRIM28;MYB;EPC1;TP63;RNF111;SKP1;ZNF285;SMARCC1;SMARCC2;ZNF705D;ZNF282;MED8;ZNF705A;ZNF12;MED4;MED6;MED7;RUNX1;PSME3;PSME4;PSME1;ZNF713;PSME2;ZSCAN25;ZFPM1;ZNF157;ZNF28;L3MBTL1;ZNF155;ZNF274;ZNF273;MEAF6;NEDD4L;ZNF23;GATA2;ZNF25;ZNF708;PRDX5;PCBP4;PRDX1;TP53BP2;PPARGC1B;ZNF266;BANP;NFE2;PLK3;ZNF263;PRELID1;PHC2;PHC1;INTS3;SETD1A;NR1D2;NR1D1;SMARCA2;PHC3;NR2F6;SMARCA4;ZNF37A;AGO2;INTS6;INTS9;CDK13;ZNF257;ZNF136;ZNF254;ZNF253;PHF20;INTS10;ASH2L;ZNF45;MED16;MED15;MED17;MED12;MECP2;ING5;MED14;MED13;AIFM2;MED10;ZNF41;ELOB;ELOC;VENTX;H3-3B;ZNF485;TEAD4;PRMT6;BRD2;PRMT5;PBRM1;BRD1;ACTL6B;RING1;ZNF480;PRMT1;ACTL6A;TCF12;MED27;MED23;NCOR2;KAT2B;MED25;MED24;NCOR1;MED20;RARA;RARB;ZNF479;ZNF234;ZNF233;ZNF595;ZNF350;SATB2;GPS2;PLAGL1;LEO1;TBL1X;ZNF225;BRD7;ZNF224;ZNF586;ZNF101;ZNF584;SUZ12;NPM1;TIGAR;NFYA;USP9X;PCGF5;PCGF2;WWP1;ZNF79;HIPK1;POU4F1;GATAD2B;PSMB8;POU4F2;GATAD2A;PSMB9;HIPK2;ZNF33A;ITCH;RYBP;TTC5;CCNG2;CCNG1;ZNF337;ZNF214;ZNF354A;ZNF334;ZNF454;ZNF333;ZNF354C;ZNF331;CCNT2;CCNT1;ICE1;UBE2D3;YEATS4;YY1;CCND3;CCND2;SESN3;SESN1;ZNF208;SCMH1;SESN2;KMT5A;ZNF202;ZNF564;MEN1;ZNF320;LMO1;ZNF440;BNIP3L;USP7;H2AC6;FBXW7;USP2;KCTD1;ZNF99;NRBP1;KCTD6;TBL1XR1;KAT6A;ZNF317;ZNF679;ZNF558;MAPKAPK5;ZNF676;ZNF433;ZNF675;ZNF430;PSMD10;KMT2D;ZNF670;KMT2A;CBFB;MAX;KMT2C;DLX6;KMT2B;CUL1;SUPT6H;ZKSCAN7;MED30;MOBP;ZKSCAN8;MED31;ZNF669;ZKSCAN3;SMYD2;ZKSCAN5;DMAP1;ZNF786;TFAP2A;CBX8;TFAP2C;ZFHX3;CBX6;POU2F1;CBX5;CBX4;CBX2;CNOT4;CDK8;CNOT6;ZFP69;TP53I3;BCL6;ZNF419;CNOT2;ZNF417;CNOT3;JMY;ZNF778;ZNF777;ZNF655;ZNF775;ZNF774;ZNF772;KDM5B;DYRK2;THRA;DPY30;CHD4;TRIAP1;CHD3;YBX1;AFF4;CDC73;PIDD1;SIN3B;SIN3A;ZNF649;H2BC21;ZNF528;WDR5;YAF2;ZNF385A;ZNF761;TGIF1;TGIF2;TBP;EED;RABGGTB;ARID1A;RABGGTA;ARID1B;ZNF75A;RBL2;PPM1A;CCNA1;ELF2;RBL1;TFDP2;POLR1B;ZNF510;HDAC4;SMARCD1;SMARCD2;HDAC2;ZNF197;RNF34;SMARCD3;HDAC3;ZNF195;HDAC1;CXXC1;PPM1D;HDAC9;NR2C1;PSMB10;RNF2;HDAC6;HDAC7;RBBP4;RBBP5;ZNF749;TP53INP1;RBBP7;E2F5;MTA2;RFFL;ZNF620;E2F6;ZNF860;SMARCE1;TAF15;ZNF184;MGA;TXNRD1;ZNF804B;ARID3A;PML;ZNF619;CARM1;ZNF737;ZNF615;ZNF735;ZNF732;PTPN4;ZNF730;TRIM33;TNRC6A;TAF1;TNRC6B,0.25609756097560976
4,993,Cellular Responses To Stress R-HSA-2262752,113/722,2.1061213474324503e-26,Cellular responses to stimuli,Reactome_2022,3.2236551236210983e-28,0.0,0.0,3.879261830123899,245.5645154840496,CRTC3;UBE2D3;KEAP1;SESN1;SCMH1;SESN2;SKP1;H2AC6;MUL1;TBL1XR1;PSME3;PSME4;PSME1;PSME2;MAPKAPK5;TNIK;FKBP4;CLOCK;AJUBA;PSMD10;HSPA4L;CUL2;CUL1;STIP1;PRDX5;HSPH1;BAG5;PRDX1;BAG1;EP400;CBX8;ZBTB17;HSPA8;PHC2;CBX6;PHC1;CBX4;CBX2;HMGA1;NR1D1;HSPA2;H1-0;PHC3;H1-3;H1-2;H1-4;MAFG;HSP90AB1;SRXN1;CHD9;HIF3A;CABIN1;XPO1;SIN3B;SIN3A;H2BC21;UBXN7;ELOB;PHGDH;ELOC;H3-3B;VENTX;KDM6B;NCOA2;RING1;NCOA6;EED;MINK1;NCOR2;DNAJC3;CCNA1;NCOR1;DNAJC7;TFDP2;CTDSP2;POLR1B;HDAC3;SMARCD3;HM13;CXXC1;HSPA13;HDAC6;PSMB10;RNF2;DNAJB1;HIRA;DNAJB6;RBBP4;UBN1;HSF1;LMNA;NRIP1;RBBP7;TBL1X;MAP4K4;CDKN2D;SUZ12;CDKN2C;NFYA;TXNRD2;TXNRD1;PTGES3;PSMB8;ATOX1;PSMB9;DNAJA1;CCS;CARM1;DNAJA2;HDGF;BMAL1;TNRC6A;TNRC6B,0.15650969529085873
4,993,Deubiquitination R-HSA-5688426,60/279,7.551415245427041e-21,Metabolism of proteins,Reactome_2022,2.215338656183953e-22,0.0,0.0,5.517038864173604,275.0876499499722,WDR48;TRRAP;KDM1B;KEAP1;IDE;MYSM1;H2AC11;YY1;H2AC12;H2BC21;RUVBL1;USP47;USP7;USP48;USP49;H2AC6;USP42;USP4;ACTL6A;USP2;MUL1;H2BC18;KAT2B;CCNA1;POLG2;PSME3;PTRH2;PSME4;PSME1;PSME2;STAMBP;OTUB1;PSMD10;USP13;USP15;USP11;FOXK2;NEDD8;ABRAXAS2;PSMB10;USP19;SNX3;TNKS2;RCE1;SUDS3;USP24;ZRANB1;USP20;USP9X;MCRS1;USP22;PSMB8;PSMB9;RNF146;ASXL1;H2AC25;H2AC21;TADA3;OGT;OTUD3,0.21505376344086022
4,993,RMTs Methylate Histone Arginines R-HSA-3214858,26/49,5.760210343143095e-20,Chromatin organization,Reactome_2022,1.7633296968805393e-21,0.0,0.0,22.19252731441932,1060.5161460396594,SMARCD1;SMARCD2;SMARCB1;SMARCD3;H2AC11;H2AC12;WDR5;RBBP7;PRMT6;SMARCE1;PRMT5;PBRM1;SMARCC1;SMARCC2;ACTL6B;H2AC6;PRMT1;ACTL6A;DNMT3A;ARID1A;ARID1B;SMARCA2;SMARCA4;H2AC25;CARM1;H2AC21,0.5306122448979592
4,993,Ub-specific Processing Proteases R-HSA-5689880,46/201,4.3897538671593317e-17,Metabolism of proteins,Reactome_2022,1.399793962742134e-18,0.0,0.0,5.90790612119767,242.8752413196546,PSMD10;USP13;USP15;WDR48;TRRAP;USP11;KEAP1;IDE;PSMB10;USP19;H2AC11;SNX3;H2AC12;TNKS2;H2BC21;RUVBL1;RCE1;SUDS3;USP24;USP47;USP7;USP48;USP49;H2AC6;USP42;USP20;USP9X;USP4;USP22;USP2;MUL1;PSMB8;H2BC18;PSMB9;RNF146;CCNA1;H2AC25;POLG2;PSME3;PTRH2;PSME4;H2AC21;TADA3;PSME1;PSME2;OTUB1,0.22885572139303484
4,993,Regulation Of TP53 Activity Thru Acetylation R-HSA-6804758,15/29,1.738706596808505e-11,Gene expression (Transcription),Reactome_2022,9.979821027599838e-13,0.0,0.0,20.80740578439965,574.9718982231548,HDAC2;BRD1;MEAF6;HDAC1;CHD4;CHD3;GATAD2B;PML;GATAD2A;ING5;RBBP4;KAT6A;RBBP7;BRD7;MTA2,0.5172413793103449
4,993,Estrogen-dependent Gene Expression R-HSA-9018519,29/119,1.0540777393781866e-11,Signal Transduction,Reactome_2022,5.91574241487758e-13,0.0,0.0,6.323109727985247,178.03340924597515,DDX5;HSP90AB1;CCNT1;KDM1A;CBFB;HDAC1;YY1;H2BC21;MYB;NRIP1;H3-3B;TLE3;NCOA2;KDM4B;POU2F1;TBP;H2AC6;PRMT1;PTGES3;KCTD6;USF1;RUNX1;KAT2B;CARM1;AGO2;FKBP4;EBAG9;TNRC6A;TNRC6B,0.24369747899159663
4,993,NOTCH1 Intracellular Domain Regulates Transcription R-HSA-2122947,19/48,7.540070242283428e-12,Signal Transduction,Reactome_2022,4.135497709415656e-13,0.0,0.0,12.765772144728455,364.003208075353,HDAC4;TLE3;HDAC2;HDAC3;HDAC1;FBXW7;HDAC11;CUL1;CCNC;HDAC9;HDAC6;HDAC7;NCOR2;CDK8;KAT2B;NCOR1;TBL1XR1;TBL1X;SKP1,0.3958333333333333
4,993,Intracellular Signaling By Second Messengers R-HSA-9006925,49/306,6.4215003487767306e-12,Signal Transduction,Reactome_2022,3.440089472558963e-13,0.0,0.0,3.786973224295984,108.67896934242624,KDM1A;ATN1;CHD4;CHD3;SALL4;SCMH1;USP7;RING1;EED;PSME3;PSME4;PSME1;PSME2;PSMD10;USP13;HDAC2;HDAC3;HDAC1;PSMB10;RNF2;HDAC7;MTA1;RBBP4;TNKS2;RBBP7;MTA2;MTA3;SUZ12;CBX8;PHC2;CBX6;PHC1;CBX4;CBX2;PHC3;GATAD2B;PSMB8;PML;GATAD2A;PSMB9;RNF146;REST;NEDD4;AGO2;MKRN1;RCOR1;TNRC6A;OTUD3;TNRC6B,0.16013071895424835
4,993,RNA Polymerase I Transcription R-HSA-73864,24/79,6.096111409350643e-12,Gene expression (Transcription),Reactome_2022,3.188017446216536e-13,0.0,0.0,8.5345341964537,245.57445340862705,HDAC2;TBP;RRN3;H2AC6;HDAC1;CHD4;CHD3;TTF1;GATAD2B;GATAD2A;KAT2B;TAF1D;MTA1;RBBP4;TAF1B;H2BC21;POLR1B;UBTF;POLR1E;POLR1F;RBBP7;MTA2;MTA3;H3-3B,0.3037974683544304
4,993,RNA Polymerase I Promoter Clearance R-HSA-73854,24/78,4.562203130529486e-12,Gene expression (Transcription),Reactome_2022,2.327654658433412e-13,0.0,0.0,8.693039789015021,252.86961798137935,HDAC2;TBP;RRN3;H2AC6;HDAC1;CHD4;CHD3;TTF1;GATAD2B;GATAD2A;KAT2B;TAF1D;MTA1;RBBP4;TAF1B;H2BC21;POLR1B;UBTF;POLR1E;POLR1F;RBBP7;MTA2;MTA3;H3-3B,0.3076923076923077
4,993,Cellular Response To Chemical Stress R-HSA-9711123,37/182,3.457057865495037e-12,Cellular responses to stimuli,Reactome_2022,1.7197099075804394e-13,0.0,0.0,5.034583754148031,147.97371965480855,PSMD10;HDAC3;SMARCD3;SRXN1;CHD9;HM13;CUL1;KEAP1;PSMB10;PRDX5;SIN3B;SIN3A;SESN1;PRDX1;SESN2;UBXN7;PHGDH;TBL1X;SKP1;NCOA2;NCOA6;TXNRD2;TXNRD1;MUL1;ATOX1;PSMB8;PSMB9;NCOR2;CCS;NCOR1;TBL1XR1;PSME3;MAFG;CARM1;PSME4;PSME1;PSME2,0.2032967032967033
4,993,Activation Of HOX Genes During Differentiation R-HSA-5619507,26/91,3.422397451489463e-12,Developmental Biology,Reactome_2022,1.658815091283158e-13,0.0,0.0,7.835367114788004,230.5752866270962,KMT2D;HDAC3;KMT2C;ASH2L;CTCF;YY1;RBBP4;RBBP5;H2BC21;WDR5;RBBP7;PKNOX1;H3-3B;KDM6A;SUZ12;H2AC6;EED;NCOA6;PCGF2;PIAS2;CNOT6;NCOR1;RARA;RARB;ZNF335;AJUBA,0.2857142857142857
4,993,Transcriptional Activity Of SMAD2/SMAD3:SMAD4 Heterotrimer R-HSA-2173793,20/51,2.6037266200065687e-12,Gene expression (Transcription),Reactome_2022,1.2287995528092222e-13,0.0,0.0,12.5823028213374,374.0412688761336,TGIF1;CCNT2;TGIF2;CCNT1;HDAC1;USP9X;UBE2D3;NEDD4L;CCNC;YBX1;NCOR2;PPM1A;CDK8;NCOR1;RBL1;TFDP2;E2F5;RNF111;TRIM33;MEN1,0.39215686274509803
4,993,Transcriptional Regulation By E2F6 R-HSA-8953750,17/34,1.352850080858799e-12,Gene expression (Transcription),Reactome_2022,6.212066697821015e-14,0.0,0.0,19.456967213114755,591.6804903266036,SUZ12;CBX5;PHC1;RING1;MAX;EED;MGA;PCGF2;PHC3;RNF2;RYBP;RBBP4;TFDP2;EPC1;RBBP7;E2F6;YAF2,0.5
4,993,Oxidative Stress Induced Senescence R-HSA-2559580,27/93,8.219968702493576e-13,Cellular responses to stimuli,Reactome_2022,3.669628885041775e-14,0.0,0.0,8.021315640880859,248.1482289438288,RNF2;RBBP4;H2BC21;SCMH1;RBBP7;H3-3B;MAP4K4;KDM6B;CBX8;CDKN2D;SUZ12;CBX6;PHC2;CDKN2C;PHC1;H2AC6;RING1;CBX4;EED;CBX2;MINK1;PHC3;TFDP2;MAPKAPK5;TNIK;TNRC6A;TNRC6B,0.2903225806451613
4,993,PKMTs Methylate Histone Lysines R-HSA-3214841,20/47,4.442743171265564e-13,Chromatin organization,Reactome_2022,1.8700322021908624e-14,0.0,0.0,14.449392866659052,456.7487135257271,SUZ12;KMT2D;SETD2;KMT2A;SETDB1;EED;KMT2C;DOT1L;KMT2B;SETD1A;DPY30;ASH2L;RBBP4;AEBP2;RBBP5;NSD1;SMYD2;WDR5;KMT5A;RBBP7,0.425531914893617
4,993,Potential Therapeutics For SARS R-HSA-9679191,28/97,3.554809756810002e-13,Disease,Reactome_2022,1.4509427578816335e-14,0.0,0.0,7.963715551550649,253.75565537216036,HDAC2;HSP90AB1;KDM1A;HDAC1;ARID4A;KEAP1;ARID4B;CHD4;CHD3;PHF21A;MTA1;FNTA;RBBP4;SAP30L;HMG20B;SAP18;SUDS3;RBBP7;MTA2;MTA3;PTGES3;SIGMAR1;GATAD2B;SAP30;GATAD2A;REST;FKBP4;RCOR1,0.28865979381443296
4,993,Positive Epigenetic Regulation Of rRNA Expression R-HSA-5250913,25/74,1.603231111479905e-13,Gene expression (Transcription),Reactome_2022,6.339306690800644e-15,0.0,0.0,9.992199359082475,326.66505126466484,HDAC2;HDAC1;CHD4;CHD3;TTF1;TAF1D;MTA1;RBBP4;TAF1B;H2BC21;RBBP7;MTA2;MTA3;H3-3B;TBP;H2AC6;SMARCA5;BAZ1B;GATAD2B;GATAD2A;KAT2B;MYBBP1A;POLR1B;POLR1E;POLR1F,0.33783783783783783
4,993,Neddylation R-HSA-8951664,45/237,1.5294735071643318e-13,Metabolism of proteins,Reactome_2022,5.852577195781881e-15,0.0,0.0,4.651651503164557,152.44343130953942,PSMD10;CUL5;DCUN1D3;UBE2D3;CUL2;CUL1;KEAP1;NEDD8;HIF3A;DCAF4;FBXO22;DCAF7;PSMB10;DCAF17;RBBP5;WDR5;UBXN7;ELOB;ELOC;NAE1;RBBP7;SKP1;FBXW7;COMMD2;MUL1;LMO7;COMMD1;COMMD6;PSMB8;FBXW2;KCTD6;PUM2;PSMB9;KLHL9;COPS5;PSME3;PSME4;PSME1;UBA3;PSME2;FBXL3;CCDC22;FBXL7;UBE2M;ASB1,0.189873417721519
4,993,RUNX1 Regulates Genes Involved In Megakaryocyte Differentiation And Platelet Function R-HSA-8936459,24/66,8.7973907583232e-14,Gene expression (Transcription),Reactome_2022,3.2541368876450615e-15,0.0,0.0,11.183841957835766,373.0800986845298,PRMT6;KMT2D;NFE2;H2AC6;CBFB;KMT2A;PRMT1;HDAC1;KMT2C;KMT2B;SETD1A;DPY30;ASH2L;RUNX1;KAT2B;SIN3B;SIN3A;RBBP5;H2BC21;WDR5;ZFPM1;TNRC6A;H3-3B;TNRC6B,0.36363636363636365
4,993,PIP3 Activates AKT Signaling R-HSA-1257604,49/268,4.815491730352357e-14,Signal Transduction,Reactome_2022,1.719818475125842e-15,0.0,0.0,4.453080256946057,151.38939966364234,KDM1A;ATN1;CHD4;CHD3;SALL4;SCMH1;USP7;RING1;EED;PSME3;PSME4;PSME1;PSME2;PSMD10;USP13;HDAC2;HDAC3;HDAC1;PSMB10;RNF2;HDAC7;MTA1;RBBP4;TNKS2;RBBP7;MTA2;MTA3;SUZ12;CBX8;PHC2;CBX6;PHC1;CBX4;CBX2;PHC3;GATAD2B;PSMB8;PML;GATAD2A;PSMB9;RNF146;REST;NEDD4;AGO2;MKRN1;RCOR1;TNRC6A;OTUD3;TNRC6B,0.1828358208955224
4,993,Cellular Senescence R-HSA-2559583,38/165,3.2604175871767915e-14,Cellular responses to stimuli,Reactome_2022,1.1228478935430276e-15,0.0,0.0,5.915323411798656,203.6226346289533,RNF2;CABIN1;HIRA;RBBP4;H2BC21;SCMH1;UBN1;EP400;RBBP7;H3-3B;VENTX;MAP4K4;CBX8;KDM6B;CDKN2D;SUZ12;CBX6;PHC2;PHC1;CDKN2C;H2AC6;CBX4;RING1;EED;CBX2;MINK1;HMGA1;H1-0;PHC3;H1-3;H1-2;H1-4;CCNA1;TFDP2;MAPKAPK5;TNIK;TNRC6A;TNRC6B,0.23030303030303031
4,993,RNA Polymerase I Transcription Initiation R-HSA-73762,21/46,2.1434418882918413e-14,Gene expression (Transcription),Reactome_2022,7.108353200967841e-16,0.0,0.0,16.4041975308642,572.1799008248756,HDAC2;RRN3;TBP;HDAC1;CHD4;CHD3;TTF1;GATAD2B;GATAD2A;KAT2B;TAF1D;MTA1;RBBP4;TAF1B;POLR1B;UBTF;POLR1E;POLR1F;RBBP7;MTA2;MTA3,0.45652173913043476
4,993,Gene Expression (Transcription) R-HSA-74160,366/1449,5.597832833279553e-169,Gene expression (Transcription),Reactome_2022,7.140092899591268e-172,0.0,0.0,9.660954198641909,3807.178302165972,ZNF175;SMARCB1;TP53RK;HDAC11;CCNC;NOC2L;RRP8;ZNF607;TRIM28;MYB;EPC1;TP63;RNF111;SKP1;ZNF285;SMARCC1;SMARCC2;ZNF705D;ZNF282;MED8;ZNF705A;ZNF12;MED4;MED6;MED7;RUNX1;PSME3;PSME4;PSME1;ZNF713;PSME2;TFAM;ZSCAN25;ZFPM1;ZNF157;ZNF28;L3MBTL1;ZNF155;ZNF274;ZNF273;MEAF6;NEDD4L;BAZ2A;ZNF23;GATA2;ZNF25;ZNF708;PRDX5;PCBP4;PRDX1;TP53BP2;PPARGC1B;ZNF266;BANP;NFE2;PLK3;ZNF263;PRELID1;PHC2;PHC1;INTS3;SETD1A;SMARCA5;NR1D2;NR1D1;SMARCA2;PHC3;NR2F6;SMARCA4;ZNF37A;AGO2;INTS6;INTS9;CDK13;ZNF257;ZNF136;ZNF254;ZNF253;PHF20;INTS10;ASH2L;ZNF45;MED16;MED15;MED17;MED12;MECP2;ING5;MED14;MED13;AIFM2;MED10;ZNF41;ELOB;ELOC;JARID2;VENTX;H3-3B;ZNF485;TEAD4;PRMT6;BRD2;PRMT5;PBRM1;BRD1;ACTL6B;RING1;ZNF480;PRMT1;ACTL6A;TCF12;BAZ1B;MED27;MED23;NCOR2;KAT2B;MED25;MED24;NCOR1;AEBP2;MED20;TET3;RARA;RARB;ZNF479;ZNF234;ZNF233;ZNF595;ZNF350;SATB2;GPS2;PLAGL1;LEO1;TBL1X;ZNF225;BRD7;ZNF224;ZNF586;ZNF101;ZNF584;SUZ12;NPM1;TIGAR;NFYA;USP9X;PCGF5;PCGF2;WWP1;ZNF79;HIPK1;POU4F1;GATAD2B;PSMB8;POU4F2;TARBP2;GATAD2A;PSMB9;HIPK2;ZNF33A;ITCH;RYBP;MYBBP1A;TTC5;PRKRA;CCNG2;CCNG1;ZNF337;ZNF214;ZNF354A;ZNF334;ZNF454;ZNF333;ZNF354C;ZNF331;CCNT2;CCNT1;ICE1;UBE2D3;YEATS4;ARID4B;TTF1;YY1;CCND3;CCND2;SESN3;SESN1;ZNF208;SCMH1;SESN2;KMT5A;ZNF202;ZNF564;MEN1;ZNF320;LMO1;ZNF440;BNIP3L;USP7;H2AC6;FBXW7;USP2;KCTD1;ZNF99;POLRMT;NRBP1;KCTD6;SAP30;TBL1XR1;KAT6A;ZNF317;ZNF679;ZNF558;MAPKAPK5;ZNF676;ZNF433;ZNF675;ZNF430;PSMD10;KMT2D;ZNF670;KMT2A;CBFB;MAX;KMT2C;DLX6;KMT2B;CUL1;SUPT6H;ZKSCAN7;MED30;MOBP;ZKSCAN8;MED31;ZNF669;ZKSCAN3;SMYD2;ZKSCAN5;SUDS3;DMAP1;ZNF786;TFAP2A;CBX8;TFAP2C;ZFHX3;CBX6;POU2F1;CBX5;CBX4;CBX2;CNOT4;CDK8;CNOT6;ZFP69;TP53I3;BCL6;ZNF419;CNOT2;ZNF417;CNOT3;JMY;ZNF778;ZNF777;ZNF655;ZNF775;ZNF774;ZNF772;PIWIL2;KDM5B;PIWIL4;DYRK2;THRA;DPY30;CHD4;TRIAP1;CHD3;YBX1;AFF4;CDC73;PIDD1;SIN3B;SIN3A;ZNF649;H2BC21;ZNF528;WDR5;UBTF;YAF2;MYBL1;ZNF385A;ZNF761;TGIF1;TGIF2;TBP;EED;DNMT3A;RABGGTB;ARID1A;RABGGTA;ARID1B;ZNF75A;RBL2;PPM1A;CCNA1;ELF2;RBL1;TFDP2;POLR1B;POLR1E;POLR1F;ZNF510;HDAC4;SMARCD1;SMARCD2;HDAC2;ZNF197;RRN3;RNF34;SMARCD3;HDAC3;ZNF195;HDAC1;CXXC1;PPM1D;HDAC9;NR2C1;PSMB10;RNF2;HDAC6;HDAC7;TAF1D;MTA1;TAF1B;RBBP4;RBBP5;ZNF749;SAP30L;TP53INP1;SAP18;RBBP7;E2F5;MTA2;RFFL;ZNF620;E2F6;MTA3;ZNF860;SMARCE1;TAF15;ZNF184;MGA;TXNRD1;ZNF804B;ARID3A;PML;ZNF619;CARM1;ZNF737;ZNF615;ZNF735;ZNF732;PTPN4;ZNF730;TRIM33;TNRC6A;TAF1;TNRC6B,0.2525879917184265
4,993,Ubiquitin mediated proteolysis,29/140,2.2991159113984543e-09,"Folding, sorting and degradation",KEGG_2021_Human,4.421376752689335e-11,0.0,0.0,5.121154349370117,122.09848463156678,CUL5;UBE2D3;CUL2;CUL1;KEAP1;NEDD4L;UBE3A;RCHY1;HERC4;ELOB;ELOC;SKP1;PIAS3;FBXW7;SIAH1;HUWE1;WWP1;MID1;PIAS2;PML;PIAS1;KLHL9;ITCH;CDC34;NEDD4;UBA3;BIRC6;BIRC7;UBE2M,0.20714285714285716
4,993,SUMO Transferase Activity (GO:0019789),13/24,3.2180033109346245e-10,catalytic activity,GO_Molecular_Function_2023,1.5457657825450166e-11,0.0,0.0,22.907977736549164,570.2463788867987,HDAC4;PIAS3;ZNF451;UHRF2;MUL1;HDAC9;PIAS2;PML;PIAS1;TRIM28;ZMIZ1;ZMIZ2;ZBED1,0.5416666666666666
4,993,Regulation Of Myoblast Differentiation (GO:0045661),16/54,1.50710997190978e-07,biological regulation,GO_Biological_Process_2023,4.297258575710167e-09,0.0,0.0,8.174971717933524,157.4931891002533,SMARCE1;SMARCD1;PBRM1;SMARCC1;SMARCD2;SMARCB1;SMARCC2;SMARCD3;ACTL6B;ACTL6A;ARID1A;ARID1B;SMARCA2;SMARCA4;DPF3;BRD7,0.2962962962962963
4,993,Positive Regulation Of Myoblast Differentiation (GO:0045663),16/38,4.530480281415168e-10,biological regulation,GO_Biological_Process_2023,9.596129312977138e-12,0.0,0.0,14.13231599516144,358.53207011575284,SMARCE1;SMARCD1;SMARCD2;PBRM1;SMARCC1;SMARCB1;SMARCD3;SMARCC2;ACTL6B;ACTL6A;ARID1A;ARID1B;SMARCA2;SMARCA4;DPF3;BRD7,0.42105263157894735
4,993,Negative Regulation Of Cellular Process (GO:0048523),66/537,4.530480281415168e-10,biological regulation,GO_Biological_Process_2023,9.460112304603102e-12,0.0,0.0,2.80194312177492,71.12434729240415,BTG4;PIWIL2;BTG3;PHB1;PIWIL4;PINX1;CTCF;ING1;RRP8;CDC73;TIAL1;ING5;BCL7A;BCL7C;SESN2;BCL7B;MYBL1;MEN1;SS18;SMARCC1;PBRM1;ACTL6B;H2AC6;ACTL6A;MUL1;CGRRF1;CBFA2T3;KAT2B;CEBPA;SMARCD1;CTBP2;CTBP1;DCUN1D3;PPM1D;TOB2;TOB1;RNF2;SERTAD3;RBBP4;CCDC85B;TP53INP1;LMNA;SMYD2;TP53BP2;RBBP7;CDKN2D;SUZ12;TFAP2A;ZBTB17;NPM1;CDKN2C;BICRAL;HMGA1;OSGIN2;SMARCA2;POU4F2;PML;SMARCA4;REST;BCL6;PRKRA;DNAJA3;PHF14;CDK10;ZNF777;CRLF3,0.12290502793296089
4,993,Signaling By Nuclear Receptors R-HSA-9006931,42/260,1.992573906804816e-10,Signal Transduction,Reactome_2022,1.2707741752581732e-11,0.0,0.0,3.8064133360344976,95.49837990865136,DDX5;KDM3A;HSP90AB1;HDAC3;CCNT1;KDM1A;CBFB;KDM1B;HDAC1;GPS2;YY1;XPO1;H2BC21;MYB;NRIP1;TBL1X;H3-3B;NCOA2;TLE3;KDM4B;POU2F1;TBP;H2AC6;PRMT1;PTGES3;KCTD6;USF1;RUNX1;NCOR2;KAT2B;PPP5C;NCOR1;TBL1XR1;CARM1;AGO2;RARA;RARB;FKBP4;EBAG9;PPID;TNRC6A;TNRC6B,0.16153846153846155
4,993,Double-Stranded DNA Binding (GO:0003690),75/650,1.7344716863766736e-10,binding,GO_Molecular_Function_2023,7.952817775962914e-12,0.0,0.0,2.6189258312020463,66.93318334613882,KDM5B;WDR48;ZSCAN9;YBX1;H1-10;MECP2;YY1;DPF1;PKNOX1;ZNF444;GABPA;MEN1;VENTX;TGIF1;HES6;TGIF2;ZNF282;TCF12;TFE3;PAX3;ZNF12;ZBTB33;OXSR1;SAFB;POU3F2;ETV4;HIC1;ZNF75A;ETV5;ELF1;ELF2;POLG2;ZNF638;RFX5;DMC1;RARA;ZNF713;CRY1;RARB;ATF7;TOP1;CLOCK;ZNF274;MAX;DLX6;ZNF23;GATA2;NR2C1;PURA;HSF2;HSF1;IGF2BP1;ZBED1;TFAP2A;NFE2;ZNF263;TFAP2C;ZNF76;NR1D2;NR1D1;H1-0;POU4F1;H1-3;USF1;H1-2;NR2F6;TBX2;H1-4;TFCP2;BCL6;PRKRA;NFIC;MAFG;BMAL1;ZNF454,0.11538461538461539
4,993,Regulation Of T Cell Differentiation (GO:0045580),18/47,1.6519436156699036e-10,biological regulation,GO_Biological_Process_2023,3.364447282423429e-12,0.0,0.0,12.081485411140584,319.1657508789771,SMARCE1;SMARCD1;SMARCD2;PBRM1;PRELID1;SMARCC1;SMARCB1;SMARCD3;SMARCC2;ACTL6B;ACTL6A;ARID1A;ARID1B;SMARCA2;SMARCA4;ZMIZ1;CLPTM1;BRD7,0.3829787234042553
4,993,Nucleosome Disassembly (GO:0006337),12/18,1.4829642115753194e-10,cellular process,GO_Biological_Process_2023,2.95988783573078e-12,0.0,0.0,38.73802242609582,1028.3344973720525,SMARCE1;NFE2;SMARCD1;SMARCC1;SMARCD2;SET;SMARCB1;SMARCC2;SMARCD3;H2AC25;HMGA1;SMARCA4,0.6666666666666666
4,993,Regulation Of Cell Fate Specification (GO:0042659),11/14,6.948724745351336e-11,biological regulation,GO_Biological_Process_2023,1.358610133510648e-12,0.0,0.0,70.95858791581806,1938.9121149234816,MBD3;HDAC2;MTA1;RBBP4;HDAC1;CHD4;RBBP7;MTA2;MTA3;GATAD2B;GATAD2A,0.7857142857142857
4,993,PRC1 Complex (GO:0035102),11/15,6.872810744158707e-11,protein-containing complex,GO_Cellular_Component_2023,4.865706721528288e-12,0.0,0.0,53.21614052953157,1386.2170880521203,CBX8;CBX6;PHC2;PHC1;CBX4;RING1;PCGF5;CBX2;PCGF2;PHC3;RNF2,0.7333333333333333
4,993,MLL1/2 Complex (GO:0044665),15/31,5.3054616510882317e-11,protein-containing complex,GO_Cellular_Component_2023,3.521324104704579e-12,0.0,0.0,18.20456288343558,480.0940825648197,KMT2A;MAX;PHF20;MCRS1;KMT2B;DPY30;RNF2;KANSL1;RBBP5;RUVBL1;WDR5;KAT8;E2F6;MEN1;TAF1,0.4838709677419355
4,993,bBAF Complex (GO:0140092),9/9,2.858208807230477e-11,protein-containing complex,GO_Cellular_Component_2023,1.7705718274879059e-12,0.0,0.0,171063.0,4628916.635197943,SMARCE1;SMARCD2;SMARCB1;SMARCC2;ACTL6B;ARID1A;ARID1B;SMARCA2;SMARCA4,1.0
4,993,Histone Demethylase Activity (GO:0032452),15/29,2.2853790153203628e-11,catalytic activity,GO_Molecular_Function_2023,9.979821027599838e-13,0.0,0.0,20.80740578439965,574.9718982231548,KDM5A;KDM6B;KDM5B;KDM3A;KDM5C;KDM4B;KDM3B;KDM4C;KDM1A;KDM2B;KDM4D;KDM1B;JMJD1C;JARID2;KDM6A,0.5172413793103449
4,993,Ubiquitin-Like Protein Transferase Activity (GO:0019787),42/240,2.024640381726555e-11,catalytic activity,GO_Molecular_Function_2023,8.399163155634182e-13,0.0,0.0,4.195360545518274,116.65398912435484,HDAC4;MAGEL2;CUL5;UHRF2;UBE2D3;CUL2;NEDD4L;UBE3A;RNF6;RCHY1;RNF4;FBXO22;HDAC9;RNF2;TRIM28;ZBED1;ARIH1;MARCHF9;TRIM23;PIAS3;CBX4;SIAH1;NSMCE1;HUWE1;WWP1;MUL1;LMO7;FBXW2;PIAS2;PML;PIAS1;KLHL9;RNF146;CNOT4;ITCH;CDC34;UBA3;FBXL3;BIRC6;BIRC7;TRIM33;UBE2M,0.175
4,993,Histone Lysine Methylation (GO:0034968),16/32,1.7958062403904006e-11,None,GO_Biological_Process_2023,3.437999727020319e-13,0.0,0.0,19.438075742067557,557.8478227210422,KMT2D;KMT2A;SETDB1;NCOA6;KMT2C;DOT1L;KMT2B;SETD1A;CXXC1;DPY30;MLLT10;RBBP5;SMYD2;WDR5;KDM6A;MEN1,0.5
4,993,Transcription Regulatory Region Nucleic Acid Binding (GO:0001067),41/224,8.655762794646357e-12,binding,GO_Molecular_Function_2023,3.401828172568438e-13,0.0,0.0,4.430040868806539,127.18334229684362,KDM5A;HDAC4;KMT2D;CEBPA;THRA;ARID4A;FOXK2;ASH2L;ARID4B;CTCF;CHD3;GABPB1;YY1;RBBP5;HSF1;TBL1X;BRD7;GABPA;MEN1;TFAP2A;ZNF263;TBP;NFYA;TCF12;TFE3;NR1D1;SMARCA2;ETV5;RUNX1;PER2;SFPQ;REST;NCOR1;TBL1XR1;CARM1;CRY2;TFAM;ATF7;ZNF335;MZF1;BMAL1,0.18303571428571427
4,993,Nuclear Thyroid Hormone Receptor Binding (GO:0046966),15/27,6.618411143121376e-12,binding,GO_Molecular_Function_2023,2.4566154898048775e-13,0.0,0.0,24.277862985685072,704.9034211875904,MED1;PRMT2;NCOA6;JMJD1C;MED16;MED4;MED17;MED12;MED22;MED13;NCOR1;MED30;THRAP3;NSD1;TRIP6,0.5555555555555556
4,993,Transcription Initiation At RNA Polymerase II Promoter (GO:0006367),24/76,6.510640741985836e-12,cellular process,GO_Biological_Process_2023,1.2199163915737208e-13,0.0,0.0,9.02834008097166,268.4561022727562,MED1;TBP;MAZ;MED8;MED9;MED16;MED27;MED4;MED15;MED6;MED17;MED7;MED23;MED22;MED14;MED30;MED10;MED21;MED20;MED31;TAF4B;ELOB;ELOC;TAF1,0.3157894736842105
4,993,GBAF Complex (GO:0140288),11/13,5.299513469242062e-12,protein-containing complex,GO_Cellular_Component_2023,3.048392703546319e-13,0.0,0.0,106.44348268839104,3067.593848336442,SMARCD1;SS18;SMARCC1;ACTL6B;BCL7A;BICRAL;BCL7C;ACTL6A;BCL7B;SMARCA2;SMARCA4,0.8461538461538461
4,993,RNA Polymerase II Preinitiation Complex Assembly (GO:0051123),21/56,4.679893440614978e-12,cellular process,GO_Biological_Process_2023,8.578216082593646e-14,0.0,0.0,11.71111111111111,352.351793926777,MED1;TBP;MED8;MED9;MED16;MED27;MED4;MED15;MED6;MED17;MED7;MED23;MED22;MED14;MED30;MED10;MED21;MED20;MED31;TAF4B;TAF1,0.375
4,993,Nucleolus (GO:0005730),88/771,3.823809358791177e-12,cellular anatomical structure,GO_Cellular_Component_2023,2.0303412524554925e-13,0.0,0.0,2.6087572700872816,76.24198078745393,TOP2B;ZNF175;SMARCB1;CCNT1;FMR1;PINX1;CTCF;CHD3;NOC2L;MYSM1;RRP8;CDC14A;H1-10;CDC14B;SYNE1;PIDD1;CCND2;XPO1;UBTF;KAT7;ZNF202;PRMT6;MED1;SCAF11;AEN;ZBTB33;BAZ1B;MED27;ZFX;ETV4;RBL2;ARL4A;PPM1B;EWSR1;NFX1;KAT6A;NCL;POLR1B;RARA;POLR1E;POLR1F;TOP1;PPID;L3MBTL1;DDX5;RRN3;MEAF6;BAZ2A;PPM1D;FXR1;TAF1D;RBM15B;TAF1B;TERT;RBBP5;SAP30L;NRIP1;BNIP2;E2F5;ZNF146;DEDD;SRPK2;SUZ12;PLK3;NPM1;NPM2;TAF15;CBX5;MCRS1;SMARCA5;ELP3;PML;SMARCA4;CDK8;ZZZ3;MYBBP1A;STK24;BCL6;STAG3;NEDD4;SNX15;RGS12;ZNF655;ZNF354A;BRWD1;INKA2;TAF1;ZPR1,0.11413748378728923
4,993,Nuclear Lumen (GO:0031981),89/780,3.0674817960147056e-12,cellular anatomical structure,GO_Cellular_Component_2023,1.4930221131045028e-13,0.0,0.0,2.6096013216705303,77.06884403602308,TOP2B;ZNF175;SMARCB1;CCNT1;FMR1;PINX1;CTCF;CHD3;NOC2L;MYSM1;RRP8;CDC14A;H1-10;CDC14B;SYNE1;PIDD1;CCND2;XPO1;UBTF;KAT7;ZNF202;PRMT6;MED1;PBRM1;SCAF11;AEN;BAZ1A;ZBTB33;BAZ1B;MED27;ZFX;ETV4;RBL2;ARL4A;PPM1B;EWSR1;NFX1;KAT6A;NCL;RARA;POLR1E;TOP1;PPID;L3MBTL1;DDX5;RRN3;MEAF6;BAZ2A;PPM1D;FXR1;TAF1D;RBM15B;TAF1B;TERT;RBBP5;SAP30L;NRIP1;BNIP2;E2F5;ZNF146;DEDD;SMARCE1;SRPK2;SUZ12;PLK3;NPM1;NPM2;TAF15;CBX5;MCRS1;SMARCA5;ELP3;PML;SMARCA4;CDK8;ZZZ3;MYBBP1A;STK24;BCL6;STAG3;NEDD4;SNX15;RGS12;ZNF655;ZNF354A;BRWD1;INKA2;TAF1;ZPR1,0.1141025641025641
4,993,Regulation Of Cell Cycle Process (GO:0010564),32/130,1.5469850997187177e-12,biological regulation,GO_Biological_Process_2023,2.772600586053913e-14,0.0,0.0,6.4249400072203695,200.56353310811468,L3MBTL1;SMARCD1;SETD2;SMARCD2;SMARCB1;SMARCD3;DCUN1D3;RRP8;USP19;BCL7A;BCL7C;DPF1;BCL7B;DPF2;DPF3;BRD7;SMARCE1;PLK3;PRMT5;SMARCC1;PBRM1;SMARCC2;ACTL6B;ACTL6A;ARID1A;SMARCA2;ARID1B;PUM2;SMARCA4;KLHL9;MYBBP1A;BIRC6,0.24615384615384617
4,993,npBAF Complex (GO:0071564),11/12,1.1098125667514912e-12,protein-containing complex,GO_Cellular_Component_2023,4.910675074121642e-14,0.0,0.0,212.89816700611,6524.217464741376,SMARCE1;SMARCD1;SMARCC1;SMARCB1;SMARCC2;SMARCD3;ACTL6A;ARID1A;ARID1B;SMARCA2;SMARCA4,0.9166666666666666
4,993,Sin3 Complex (GO:0016580),14/21,1.066220412311881e-12,None,GO_Cellular_Component_2023,4.24601049150749e-14,0.0,0.0,38.81511746680286,1195.1256749473712,HDAC2;HDAC1;ARID4B;ING1;SAP30;MORF4L1;ING2;RBBP4;SIN3B;SIN3A;SAP30L;RBBP7;SUDS3;OGT,0.6666666666666666
4,993,Sin3-type Complex (GO:0070822),14/21,1.066220412311881e-12,protein-containing complex,GO_Cellular_Component_2023,4.24601049150749e-14,0.0,0.0,38.81511746680286,1195.1256749473712,HDAC2;HDAC1;ARID4B;ING1;SAP30;MORF4L1;ING2;RBBP4;SIN3B;SIN3A;SAP30L;RBBP7;SUDS3;OGT,0.6666666666666666
4,993,RSC-type Complex (GO:0016586),12/14,5.637222908712519e-13,protein-containing complex,GO_Cellular_Component_2023,1.7460424938490103e-14,0.0,0.0,116.23853211009174,3682.301803240984,SMARCE1;SUZ12;SMARCD1;PBRM1;SMARCC1;SMARCD2;SMARCB1;SMARCC2;ACTL6B;ACTL6A;BRD7;SMARCA4,0.8571428571428571
4,993,Histone H4 Acetylation (GO:0043967),19/39,2.1582664083735407e-13,None,GO_Biological_Process_2023,3.780262955603351e-15,0.0,0.0,18.519147843942505,615.0020626409782,MEAF6;ACTL6B;PHF20;TRRAP;MCRS1;ACTL6A;YEATS4;ING5;MORF4L1;KANSL1;KANSL3;RUVBL1;EP400;WDR5;EPC1;KAT8;KAT7;DMAP1;OGT,0.48717948717948717
4,993,Regulation Of Cell Fate Commitment (GO:0010453),12/13,1.5270865222565133e-13,biological regulation,GO_Biological_Process_2023,2.612530913840064e-15,0.0,0.0,232.48929663608564,7806.631837184657,MBD3;HDAC2;MTA1;RBBP4;HDAC1;CHD4;CHD3;RBBP7;MTA2;MTA3;GATAD2B;GATAD2A,0.9230769230769231
4,993,MLL1 Complex (GO:0071339),14/30,4.63754691397367e-10,protein-containing complex,GO_Cellular_Component_2023,3.488420245024442e-11,0.0,0.0,16.973569969356486,408.7063713325481,KMT2A;MAX;PHF20;MCRS1;DPY30;RNF2;KANSL1;RBBP5;RUVBL1;WDR5;KAT8;E2F6;MEN1;TAF1,0.4666666666666667
4,993,Transcription Preinitiation Complex Assembly (GO:0070897),23/59,1.2351405212827754e-13,cellular process,GO_Biological_Process_2023,2.062760137376529e-15,0.0,0.0,12.495217640320734,422.5224287471194,MED1;TBP;MED8;MED9;MED16;MED27;MED4;MED15;MED6;MED17;MED7;MED23;MED22;MED14;MED30;TAF1B;MED10;MED21;MED20;MED31;POLR1E;TAF4B;TAF1,0.3898305084745763
4,993,Positive Regulation Of Lymphocyte Differentiation (GO:0045621),16/39,7.191433445727775e-10,biological regulation,GO_Biological_Process_2023,1.5525294200552836e-11,0.0,0.0,13.517155444795517,336.4224064201258,SMARCE1;SMARCD1;SMARCD2;PBRM1;SMARCC1;SMARCB1;SMARCD3;SMARCC2;ACTL6B;ACTL6A;ARID1A;ARID1B;SMARCA2;SMARCA4;ZMIZ1;BRD7,0.41025641025641024
4,993,Negative Regulation Of Stem Cell Population Maintenance (GO:1902455),12/20,8.026904081568786e-10,biological regulation,GO_Biological_Process_2023,1.8309842304189488e-11,0.0,0.0,29.05045871559633,718.2314089364007,HDAC2;ING2;RBBP4;HDAC1;SIN3A;SAP30L;ARID4B;RBBP7;SUDS3;ING1;OGT;SAP30,0.6
4,993,Protein Sumoylation (GO:0016925),15/46,1.0730520480846797e-07,cellular process,GO_Biological_Process_2023,2.972201192250844e-09,0.0,0.0,9.388482089847615,184.33311013285936,HDAC4;ZNF451;PIAS3;UHRF2;CBX4;NSMCE1;SMC5;HDAC9;PIAS2;PML;PIAS1;TRIM28;ZMIZ1;ZMIZ2;ZBED1,0.32608695652173914
4,993,Ubiquitin-Like Protein Ligase Activity (GO:0061659),42/319,1.0496610299879773e-07,catalytic activity,GO_Molecular_Function_2023,8.021427085060961e-09,0.0,0.0,2.986254256397408,55.66721200900197,ZNF451;RNF34;PPP1R11;UHRF2;UBE2D3;NEDD4L;UBE3A;UBR2;RNF6;RCHY1;RNF4;RNF2;HERC4;TRIM28;ZMIZ1;ZMIZ2;ZBED1;MKRN4P;ARIH1;RFFL;RNF111;TRIM23;PIAS3;RNF44;RING1;CBX4;SIAH1;NSMCE1;HUWE1;WWP1;MUL1;PIAS2;PML;PIAS1;RNF146;ITCH;NFX1;NEDD4;MKRN1;BIRC7;TRIM31;ASB1,0.13166144200626959
4,993,Transcription Corepressor Binding (GO:0001222),14/42,9.76433370894502e-08,binding,GO_Molecular_Function_2023,7.248632011007221e-09,0.0,0.0,9.69305413687436,181.67161230430904,SUZ12;HDAC3;CTBP2;CTBP1;HDAC1;EED;USP11;NR1D1;HDAC6;PER2;CNOT2;ELOB;HDGF;ELOC,0.3333333333333333
4,993,Regulation Of Stem Cell Differentiation (GO:2000736),15/45,7.690487263212806e-08,biological regulation,GO_Biological_Process_2023,2.0988295178625572e-09,0.0,0.0,9.7019427402863,193.8631140094834,MBD3;HDAC2;HDAC1;SMYD5;SETD1A;CHD4;CHD3;GATAD2B;GATAD2A;ITCH;MTA1;RBBP4;RBBP7;MTA2;MTA3,0.3333333333333333
4,993,Core Promoter Sequence-Specific DNA Binding (GO:0001046),13/35,7.614035621241887e-08,binding,GO_Molecular_Function_2023,5.486095534955944e-09,0.0,0.0,11.447356215213356,217.74072383646237,ZBTB17;NPM1;RRN3;SMARCB1;POU2F1;TBP;HDAC1;BAZ2A;SMARCA4;TAF1B;AGO2;UBTF;TAF1,0.37142857142857144
4,993,Regulation Of Androgen Receptor Signaling Pathway (GO:0060765),12/27,6.800768204319972e-08,biological regulation,GO_Biological_Process_2023,1.8283124296746158e-09,0.0,0.0,15.487869520897044,311.6139595170186,NCOR2;DDX5;PHB1;KDM4C;NCOR1;KDM1A;PRMT2;HDAC1;RNF6;HDAC6;PIAS2;SMARCA4,0.4444444444444444
4,993,Positive Regulation Of Multicellular Organismal Process (GO:0051240),49/387,6.551557466457299e-08,biological regulation,GO_Biological_Process_2023,1.7346282497748444e-09,0.0,0.0,2.8670049393240395,57.83457890301001,SMARCB1;NUMA1;KDM1A;THRA;ARID4A;ARID4B;ING1;ING2;BCL7A;SIN3A;C1QBP;BCL7C;BCL7B;DPF2;KDM6B;MED1;SS18;NCOA2;SMARCC1;ACTL6B;ACTL6A;ARID1A;ETV4;SAP30;ZNF516;SMARCD1;HDAC2;KDM3A;HDAC3;HDAC1;TERT;RBBP4;SAP30L;HSF1;RBBP7;SUDS3;PPARGC1B;SMARCE1;BICRAL;GPR3;SMARCA2;GADD45G;SMARCA4;PER2;REST;AGO2;CNOT3;LPIN1;OGT,0.12661498708010335
4,993,MLL3/4 Complex (GO:0044666),8/11,5.859433989490765e-08,protein-containing complex,GO_Cellular_Component_2023,5.1853398137086415e-09,0.0,0.0,51.44906937394247,981.5160431910234,KDM6B;KMT2D;NCOA6;RBBP5;KMT2C;WDR5;DPY30;KDM6A,0.7272727272727273
4,993,Histone Deacetylase Binding (GO:0042826),22/99,3.561474847348125e-08,binding,GO_Molecular_Function_2023,2.410605246021657e-09,0.0,0.0,5.570104457849051,110.52974385483766,HDAC4;PHB1;HDAC2;HSP90AB1;HDAC3;HDAC1;SATB2;CHD4;HDAC9;HIC1;HDAC6;USF1;NCOR2;KAT2B;SFPQ;NCOR1;MTA1;RBBP4;SUDS3;ANKRA2;MTA2;MTA3,0.2222222222222222
4,993,Cysteine-Type Deubiquitinase Activity (GO:0004843),22/98,3.0012503471922285e-08,catalytic activity,GO_Molecular_Function_2023,1.9658845068944723e-09,0.0,0.0,5.643693425117893,113.14094817902156,OTUD4;USP46;USP13;USP24;USP47;USP7;ZRANB1;USP48;USP15;USP49;USP16;USP42;USP20;USP4;USP9X;USP11;USP22;USP2;RNF2;USP19;OTUB1;OTUD3,0.22448979591836735
4,993,Histone Acetyltransferase Complex (GO:0000123),12/27,2.1747295216129642e-08,protein-containing complex,GO_Cellular_Component_2023,1.8283124296746158e-09,0.0,0.0,15.487869520897044,311.6139595170186,ING5;KAT2B;BRPF1;MEAF6;KANSL1;PHF20;MCRS1;KANSL3;WDR5;KAT8;KAT7;OGT,0.4444444444444444
4,993,Methylated Histone Binding (GO:0035064),19/71,1.6683498248501303e-08,None,GO_Molecular_Function_2023,1.0478373100785122e-09,0.0,0.0,7.110744748065077,147.02558044748082,KDM5A;L3MBTL1;CBX8;SUZ12;CBX6;CBX5;FMR1;CBX2;CXXC1;CDYL;ING1;RRP8;ZZEF1;ING5;ING2;ZZZ3;DPF2;WDR5;TAF1,0.2676056338028169
4,993,Nuclear Vitamin D Receptor Binding (GO:0042809),9/13,1.6683498248501303e-08,binding,GO_Molecular_Function_2023,1.0563787100579426e-09,0.0,0.0,43.451981707317074,898.0837681745999,MED12;MED22;MED14;MED13;MED30;THRAP3;MED16;MED4;MED17,0.6923076923076923
4,993,Histone H3 Methyltransferase Activity (GO:0140938),14/36,1.16776512145303e-08,catalytic activity,GO_Molecular_Function_2023,6.884204864461094e-10,0.0,0.0,12.340514439595134,260.3431596870725,PRMT6;KMT2D;SETD2;KMT2A;PRMT2;SETDB1;KMT2C;DOT1L;KMT2B;SETD1A;NSD1;CARM1;SMYD2;JARID2,0.3888888888888889
4,993,Transcription Initiation-Coupled Chromatin Remodeling (GO:0045815),14/34,1.0628772936441638e-08,cellular process,GO_Biological_Process_2023,2.7708410099073924e-10,0.0,0.0,13.57599591419816,298.7628698570437,SMARCD1;SMARCB1;KMT2A;DPY30;ASH2L;NOC2L;ARID1B;SMARCA4;KAT2B;RBBP5;WDR5;KAT7;BRD7;MEN1,0.4117647058823529
4,993,Protein Modification By Small Protein Removal (GO:0070646),25/114,1.04289957699388e-08,cellular process,GO_Biological_Process_2023,2.67627997354845e-10,0.0,0.0,5.489715851053951,121.00115015202032,OTUD4;USP13;USP15;USPL1;USP16;USP11;RNF2;USP19;HINT1;USP46;USP24;USP47;USP7;ZRANB1;USP48;USP49;USP42;USP20;USP4;USP9X;USP22;USP2;COPS5;STAMBP;OTUD3,0.21929824561403508
4,993,Histone H4-K8 Acetylation (GO:0043982),10/15,8.247015210604622e-09,None,GO_Biological_Process_2023,2.0827492588899656e-10,0.0,0.0,38.66124109867752,861.8426554881006,ING5;MEAF6;KANSL1;PHF20;MCRS1;KANSL3;WDR5;KAT8;KAT7;OGT,0.6666666666666666
4,993,Histone H4-K5 Acetylation (GO:0043981),10/15,8.247015210604622e-09,None,GO_Biological_Process_2023,2.0827492588899656e-10,0.0,0.0,38.66124109867752,861.8426554881006,ING5;MEAF6;KANSL1;PHF20;MCRS1;KANSL3;WDR5;KAT8;KAT7;OGT,0.6666666666666666
4,993,"DNA-binding Transcription Activator Activity, RNA Polymerase II-specific (GO:0001228)",47/348,7.757701577148479e-09,transcription regulator activity,GO_Molecular_Function_2023,4.403935393141057e-10,0.0,0.0,3.0876008793802194,66.51727375707831,CEBPA;ZNF175;ZNF197;PLAG1;SATB2;FOXK2;YY1;HSF2;PLAGL1;MYB;HSF1;ZNF208;ZBED1;PLAGL2;ZNF786;ZNF224;MYBL1;GABPA;VENTX;GTF2I;ZNF485;TFAP2A;ZBTB17;TFAP2C;POU2F1;TCF12;ZNF76;ZNF99;ZFX;POU4F1;ETV4;POU4F2;ETV5;RUNX1;ZNF33A;ELF1;TFCP2;TFDP2;PRKRA;NFIC;RFX5;ZNF615;TCF3;MZF1;CLOCK;NFE2L1;ZNF574,0.13505747126436782
4,993,Deubiquitinase Activity (GO:0101005),25/113,4.01415371156575e-09,catalytic activity,GO_Molecular_Function_2023,2.191131938627593e-10,0.0,0.0,5.552392468069121,123.49316313985436,OTUD4;USP13;USP15;USP16;USP11;MYSM1;RNF2;USP19;USP46;USP24;USP47;USP7;ZRANB1;USP48;USP49;USP42;USP20;USP4;USP9X;USP22;USP2;COPS5;STAMBP;OTUB1;OTUD3,0.22123893805309736
4,993,Transcription By RNA Polymerase II (GO:0006366),34/192,3.7143200425121523e-09,cellular process,GO_Biological_Process_2023,9.077767924673286e-11,0.0,0.0,4.229524425495968,97.79763397985484,SETD2;CCNT2;CCNT1;ICE1;CBFB;SRCAP;THRA;MAZ;MED16;SUPT6H;CDC73;MED17;MNT;LEO1;ELOB;ELOC;PKNOX1;MED1;NCOA2;PBRM1;ZNF141;TBP;NFYA;MED4;MED27;MED7;MED23;TFCP2;NFX1;NFIC;MED20;RARA;TAF4B;TAF1,0.17708333333333334
4,993,Acetylation-Dependent Protein Binding (GO:0140033),12/23,3.2645664325150547e-09,binding,GO_Molecular_Function_2023,1.7106898336323431e-10,0.0,0.0,21.124270225187654,475.0627462214732,BRD2;ZZZ3;KMT2A;CARM1;PSME4;DPF2;BAZ2A;YEATS4;BRD7;ZZEF1;SMARCA4;TAF1,0.5217391304347826
4,993,Lysine-Acetylated Histone Binding (GO:0070577),12/23,3.2645664325150547e-09,None,GO_Molecular_Function_2023,1.7106898336323431e-10,0.0,0.0,21.124270225187654,475.0627462214732,BRD2;ZZZ3;KMT2A;CARM1;PSME4;DPF2;BAZ2A;YEATS4;BRD7;ZZEF1;SMARCA4;TAF1,0.5217391304347826
4,993,Histone H3-K4 Methylation (GO:0051568),13/26,2.442126065412849e-09,None,GO_Biological_Process_2023,5.869060605269168e-11,0.0,0.0,19.381632653061224,456.6068722630776,KMT2D;KMT2A;NFYA;NCOA6;KMT2C;KMT2B;SETD1A;CXXC1;DPY30;RBBP5;WDR5;KDM6A;MEN1,0.5
4,993,Protein Deubiquitination (GO:0016579),26/112,1.2839238722833931e-09,cellular process,GO_Biological_Process_2023,3.033302834722477e-11,0.0,0.0,5.915514297395445,143.2665627372399,OTUD4;USP13;USP15;USP16;USP11;ABRAXAS2;RNF2;USP19;ATXN7L3;USP46;USP24;USP47;USP7;ZRANB1;USP48;USP49;USP42;USP20;USP4;USP9X;USP22;USP2;COPS5;STAMBP;OTUB1;OTUD3,0.23214285714285715
4,993,Regulation Of Cell Cycle (GO:0051726),45/298,1.0733286211003683e-09,biological regulation,GO_Biological_Process_2023,2.492046085650549e-11,0.0,0.0,3.51866213038475,85.90930385843487,L3MBTL1;BTG4;HSP90AB1;MEAF6;UHRF2;TRRAP;CTBP1;DCUN1D3;PRCC;YEATS4;RRP8;RNF2;YY1;ING5;PLAGL1;RUVBL1;TP53INP1;TP53BP2;EP400;WDR5;EPC1;KAT7;DMAP1;BRD7;MEN1;SRPK2;ZBTB17;MCRS1;ACTL6A;POU4F1;CDK11B;GADD45G;HIPK2;PER2;KAT2B;MORF4L1;PPM1A;ZZZ3;TADA3;RARA;CDK10;HBP1;BIRC7;BMAL1;ZPR1,0.15100671140939598
4,993,protein-DNA Complex Disassembly (GO:0032986),12/20,8.026904081568786e-10,cellular process,GO_Biological_Process_2023,1.8309842304189488e-11,0.0,0.0,29.05045871559633,718.2314089364007,SMARCE1;NFE2;SMARCD1;SMARCC1;SMARCD2;SET;SMARCB1;SMARCC2;SMARCD3;H2AC25;HMGA1;SMARCA4,0.6
4,993,"Negative Regulation Of Gene Expression, Epigenetic (GO:0045814)",18/51,7.734819872242083e-10,cellular process,GO_Biological_Process_2023,1.701345307947342e-11,0.0,0.0,10.614825174825176,263.2159974165984,L3MBTL1;KMT2D;USP7;UHRF2;CTBP1;SMYD5;SMARCA5;BAZ2A;UBR2;BMI1;PPM1D;HDAC9;H1-0;LMNB2;SCMH1;LMNA;TASOR;EPC1,0.35294117647058826
4,993,Transcription Coregulator Binding (GO:0001221),29/99,9.132711053126247e-14,binding,GO_Molecular_Function_2023,3.190466743450217e-15,0.0,0.0,8.138307646710137,271.645390279394,CCNT2;HDAC3;SMARCD3;CTBP2;CTBP1;HDAC1;USP11;CHD4;CTCF;GATA2;HDAC6;TERT;ELOB;ELOC;SUZ12;MED1;ZBTB17;EED;HMGA1;MED9;NR1D1;MED6;SMARCA4;PER2;BCL6;CNOT2;RARA;ATF7;HDGF,0.29292929292929293
4,993,Positive Regulation Of DNA Repair (GO:0045739),28/89,7.546857640929462e-14,biological regulation,GO_Biological_Process_2023,1.2296305728601976e-15,0.0,0.0,9.011942580480762,309.3985769820548,SMARCD1;SMARCD2;SMARCB1;SMARCD3;YY1;BCL7A;TRIM28;BCL7C;BCL7B;DPF1;RUVBL1;DPF2;DPF3;BRD7;SMARCE1;PBRM1;SMARCC1;TIGAR;SMARCC2;ACTL6B;EYA2;EYA3;MCRS1;ACTL6A;ARID1A;ARID1B;SMARCA2;SMARCA4,0.3146067415730337
4,993,Nucleosome Organization (GO:0034728),26/75,5.5695155734016487e-14,cellular process,GO_Biological_Process_2023,8.847702947562699e-16,0.0,0.0,10.402633856024313,360.56781023179,SMARCD1;SETD2;SMARCD2;SMARCB1;SET;SMARCD3;SUPT6H;CABIN1;HIRA;RBBP4;H2BC21;UBN1;SMARCE1;BRD2;NFE2;SMARCC1;NPM1;SMARCC2;ATRX;HMGA1;SMARCA5;BAZ1A;ARID1A;NAP1L4;SMARCA4;H2AC25,0.3466666666666667
4,993,Regulation Of Metaphase/Anaphase Transition Of Cell Cycle (GO:1902099),22/32,8.45696898784469e-20,biological regulation,GO_Biological_Process_2023,6.5451083816313275e-22,0.0,0.0,43.04160659114315,2099.490118462972,SMARCE1;SMARCD1;SMARCD2;PBRM1;SMARCC1;SMARCB1;SMARCD3;SMARCC2;ACTL6B;ACTL6A;ARID1A;ARID1B;SMARCA2;SMARCA4;BCL7A;BCL7C;BCL7B;DPF1;DPF2;MAP3K20;DPF3;BRD7,0.6875
4,993,SWI/SNF Complex (GO:0016514),21/29,7.419506486266865e-20,protein-containing complex,GO_Cellular_Component_2023,9.848902415398494e-22,0.0,0.0,51.30902777777778,2481.792636180769,SMARCE1;SMARCD1;SS18;SMARCD2;PBRM1;SMARCC1;SMARCB1;SMARCD3;SMARCC2;ACTL6B;BICRAL;ACTL6A;ARID1A;ARID1B;SMARCA2;SMARCA4;BCL7A;BCL7C;BCL7B;DPF2;DPF3,0.7241379310344828
4,993,Regulation Of Double-Strand Break Repair (GO:2000779),35/88,5.8111329271379734e-21,biological regulation,GO_Biological_Process_2023,4.26070845981603e-23,0.0,0.0,13.065545357860325,673.0065247396277,SMARCD1;SETD2;SMARCD2;SMARCB1;SMARCD3;KDM1A;MEAF6;TRRAP;YEATS4;PPP4C;BCL7A;BCL7C;BCL7B;DPF1;RUVBL1;DPF2;EP400;DPF3;EPC1;DMAP1;BRD7;SMARCE1;PBRM1;SMARCC1;SMARCC2;ACTL6B;ACTL6A;PPP4R3B;ARID1A;ARID1B;SMARCA2;PML;SMARCA4;MORF4L1;OTUB1,0.3977272727272727
4,993,Regulation Of DNA Repair (GO:0006282),43/129,2.836659384944799e-22,biological regulation,GO_Biological_Process_2023,1.964285521143038e-24,0.0,0.0,9.95842105263158,543.599470141399,SMARCD1;SMARCD2;SMARCB1;SMARCD3;MEAF6;TRRAP;YEATS4;YY1;PPP4C;TRIM28;BCL7A;BCL7C;DPF1;RUVBL1;BCL7B;DPF2;EP400;DPF3;EPC1;KAT7;DMAP1;BRD7;ATXN7L3;SMARCE1;SMARCC1;PBRM1;TIGAR;SMARCC2;ACTL6B;EYA2;EYA3;MCRS1;USP22;ACTL6A;PPP4R3B;ARID1A;SMARCA2;ARID1B;PML;SMARCA4;MORF4L1;KAT2B;TADA3,0.3333333333333333
4,993,Histone Modification (GO:0016570),35/81,2.2176882248507893e-22,None,GO_Biological_Process_2023,1.4453365212876835e-24,0.0,0.0,15.059340110737953,826.6628990003594,HDAC4;HDAC2;HDAC3;MEAF6;TRRAP;HDAC1;HDAC11;CHD4;YEATS4;CHD3;HDAC6;ING5;MTA1;RBBP4;RUVBL1;EP400;EPC1;KAT7;DMAP1;RBBP7;SUDS3;TBL1X;MTA2;ATXN7L3;MTA3;MBD3;ACTL6A;MBD2;GATAD2B;GATAD2A;KAT2B;MORF4L1;TBL1XR1;CARM1;TADA3,0.43209876543209874
4,993,Regulation Of Nucleotide-Excision Repair (GO:2000819),22/26,3.301504495983928e-23,biological regulation,GO_Biological_Process_2023,2.0172125230044369e-25,0.0,0.0,107.63800205973224,6120.610099645019,SMARCE1;SMARCD1;SMARCD2;PBRM1;SMARCC1;SMARCB1;SMARCD3;SMARCC2;ACTL6B;ACTL6A;ARID1A;ARID1B;SMARCA2;SMARCA4;BCL7A;BCL7C;BCL7B;DPF1;DPF2;DPF3;KAT7;BRD7,0.8461538461538461
4,993,Nucleosome Binding (GO:0031491),32/62,1.1311039382236775e-23,binding,GO_Molecular_Function_2023,1.234829626881744e-25,0.0,0.0,21.06361429066944,1208.0760952641483,L3MBTL1;HDAC2;SMARCD2;SMARCB1;HDAC1;CHD4;NOC2L;RNF4;SUPT6H;H1-10;CABIN1;HIRA;RBBP4;SAP30L;MTA2;MBD3;SMARCE1;SMARCC1;SMARCC2;EED;ACTL6A;MBD2;ARID1A;ARID1B;H1-0;GATAD2B;H1-3;H1-2;NAP1L4;SMARCA4;H1-4;MLLT10,0.5161290322580645
4,993,Regulation Of Stem Cell Population Maintenance (GO:2000036),32/56,2.785436023348923e-25,biological regulation,GO_Biological_Process_2023,1.5884360214617075e-27,0.0,0.0,26.337842525147416,1625.230502722799,SMARCD1;HDAC2;SMARCB1;HDAC1;ARID4A;ARID4B;ELAVL1;ING1;ING2;BCL7A;RBBP4;SIN3A;BCL7C;SAP30L;BCL7B;DPF2;RBBP7;SUDS3;SMARCE1;SS18;SMARCC1;ACTL6B;BICRAL;ACTL6A;ARID1A;SMARCA2;SAP30;SMARCA4;REST;CNOT2;CNOT3;OGT,0.5714285714285714
4,993,Positive Regulation Of Stem Cell Population Maintenance (GO:1902459),29/40,2.6427691809683056e-27,biological regulation,GO_Biological_Process_2023,1.399429708863054e-29,0.0,0.0,51.95058468502452,3451.539851175288,SMARCD1;HDAC2;SMARCB1;HDAC1;ARID4A;ARID4B;ING1;ING2;BCL7A;RBBP4;SIN3A;BCL7C;SAP30L;BCL7B;DPF2;RBBP7;SUDS3;SMARCE1;SS18;SMARCC1;ACTL6B;BICRAL;ACTL6A;ARID1A;SMARCA2;SAP30;SMARCA4;REST;OGT,0.725
4,993,DNA Binding (GO:0003677),130/846,1.372851703306179e-29,binding,GO_Molecular_Function_2023,1.1989971207914223e-31,0.0,0.0,3.8481942295616816,273.9862433494743,ZNF451;SMARCB1;CCNT1;FMR1;JMJD1C;ARID4A;SMC5;H2AC15;H2AC18;YY1;H2AC12;H2AC13;TRIM28;ZFPL1;TP63;HMGN1;MEN1;H2AC6;KDM2B;ZBTB33;POLRMT;POU3F2;HIC1;MYCL;POLG2;KAT6A;RFX5;ERF;TFAM;NOBOX;CLOCK;ZNF675;KHDRBS1;KMT2D;ZNF274;CBFB;MAX;TERT;ZKSCAN3;ZBED1;ZNF148;PATZ1;ZNF146;TFAP2A;NFE2;ZNF263;TFAP2C;POU2F1;SMARCA5;HMGA1;H1-0;SMARCA2;H1-3;H1-2;NR2F6;SMARCA4;H1-4;TFCP2;H2AC25;BCL6;H2AC21;TAF4B;TCF3;KDM5A;KDM5B;WDR48;CHD4;CTCF;CHD3;YBX1;H1-10;MECP2;ING2;AIFM2;H2BC21;YAF2;VENTX;KDM6A;POLG;KDM6B;ATRX;DNMT3A;PAX3;BAZ1A;ARID1A;SAFB;ETV5;SFPQ;THRAP3;ZNF638;DMC1;CRY2;CRY1;RARA;RARB;TOP1;HDAC4;CEBPA;HDAC2;KDM3A;ZNF350;KDM3B;FOXK2;RNF4;NR2C1;ZNF7;PURB;PURA;PLAGL1;SAP30L;HSF1;IGF2BP1;PLAGL2;ZNF224;DEDD;MBD3;SUZ12;NFYA;HUWE1;ZNF76;ARID3A;POU4F1;USF1;TBX2;RYBP;MYBBP1A;ZNF219;CRLF3;BMAL1;TAF1,0.1536643026004728
4,993,Cis-Regulatory Region Sequence-Specific DNA Binding (GO:0000987),165/1098,5.968243617618543e-37,binding,GO_Molecular_Function_2023,3.909329880536164e-39,0.0,0.0,3.860346086335182,341.39917423643374,ZNF331;ZNF175;ZSCAN9;BACH1;YY1;ZNF607;SALL4;ZNF208;MYB;PKNOX1;ZNF444;ZNF202;TP63;ZNF564;ZNF320;HES6;MED8;ZNF99;ZNF12;POU3F2;RUNX1;MYCL;DMTF1;RFX5;ZNF713;ZNF317;ZNF679;NOBOX;ZSCAN25;ZNF676;MZF1;ZNF675;CLOCK;ZNF157;ZNF28;ZNF430;ZNF274;ZNF670;ZNF273;DLX6;MAZ;MYNN;ZNF23;GATA2;ZNF708;ZKSCAN7;ZKSCAN8;ZKSCAN3;ZBED1;ZKSCAN5;ZNF148;ZNF786;ZNF146;TFAP2A;ZNF264;ZBTB17;NFE2;ZNF263;TFAP2C;ZFHX3;ZNF141;POU2F1;HMGA1;NR1D2;NR1D1;NR2F6;TFCP2;ZNF37A;ZNF419;MAFG;ZNF417;HBP1;ZNF655;TCF3;ZNF257;ZNF136;ZNF774;SLC2A4RG;NFE2L1;ZNF772;ZNF254;ZNF253;THRA;CTCF;HIF3A;ZNF280D;ZNF649;ZNF528;ZNF41;MYBL1;GABPA;ZNF761;VENTX;KDM6A;ZNF485;TGIF1;TEAD4;KDM6B;TGIF2;ZNF480;TCF12;DNMT3A;TFE3;PAX3;SAFB;ZFX;ETV4;ELF1;THRAP3;ZNF516;RARA;RARB;ZNF479;TOP1;ZNF595;HDAC4;CEBPA;ZNF197;ZNF350;ZNF195;PLAG1;HDAC1;SATB2;FOXK2;ZNF2;NR2C1;HDAC6;ZNF7;MNT;MTA1;HSF2;NSD1;HSF1;NRIP1;E2F5;ZNF224;E2F6;ZNF586;ZNF860;ZNF584;NFYA;ZNF184;ZNF76;POU4F1;USF1;POU4F2;TBX2;ZNF33A;REST;PRKRA;NFIC;ZNF737;ZNF219;ZNF615;ZNF735;ZNF732;ZNF335;ZNF354A;ZNF334;ZNF730;BMAL1;ZNF454;ZNF333;ZNF354C;ZNF574,0.15027322404371585
4,993,Regulation Of Gene Expression (GO:0010468),168/1127,4.2060552713543455e-37,biological regulation,GO_Biological_Process_2023,2.055912963594792e-39,0.0,0.0,3.8323556735235567,341.3866213173877,ZNF331;PHB1;TRRAP;NAB2;JMJD1C;YEATS4;BACH1;YY1;RUVBL1;MYB;KAT8;KAT7;ZFPL1;ATXN7L3;HES6;MED1;ZNF282;FBXW7;ZBTB33;HIC1;SAP30;DMTF1;KAT6A;ZNF713;ZNF679;ATF7;ZNF676;MZF1;ANKRA2;AJUBA;ZNF675;CLOCK;ZNF430;KMT2D;ZNF274;ZNF273;MEAF6;SRCAP;MAZ;BAZ2A;GATA2;ZNF708;HNRNPDL;TERT;ZBED1;ZKSCAN5;DMAP1;ZNF148;PATZ1;SLC38A2;PPARGC1B;ZNF146;TFAP2A;SRPK2;ZBTB17;ZNF263;TFAP2C;ZFHX3;BRPF1;ZNF141;SETDB1;SMARCA5;HMGA1;NR1D2;SMARCA2;PRDX6;CLK3;CLK2;PUM2;ZZZ3;ZNF37A;BCL6;HNRNPF;CDK3;TADA3;TCF3;ZNF257;OGT;SLC2A4RG;ZNF253;ZNF131;SETD2;PHF20;CHD4;CTCF;CHD3;YBX1;BMI1;AFF4;YBX3;MECP2;ZNF280D;ING5;RO60;ING2;HINT1;WDR5;HMG20B;ERC1;YAF2;KDM6A;KDM6B;NCOA2;PRMT5;BRD1;TGIF2;ACTL6A;ATRX;BAZ1A;OXSR1;MLF2;MED23;RBL2;KAT2B;SFPQ;RBL1;HNRNPH1;PTRH2;ZNF638;ZNF516;ZNF479;HDAC4;USP13;CEBPA;ZNF350;MYCBP;ZNF195;PLAG1;HDAC1;CXXC1;FOXK2;RNF6;ZNF2;TOB2;TOB1;RNF2;HDAC6;SERTAD3;MTA1;RBBP4;NSD1;SAP30L;IGF2BP1;RBBP7;APBB1;RBM38;NFYA;MCRS1;USP22;CDK11B;POU4F1;PML;ZNF33A;REST;RYBP;MYBBP1A;KANSL1;CARM1;ZNF737;KANSL3;ZNF219;ZNF735;ZNF732;ZNF335;ZNF730;BMAL1;TAF1;ZPR1,0.14906832298136646
4,993,RNA Polymerase II Cis-Regulatory Region Sequence-Specific DNA Binding (GO:0000978),168/1122,2.6171599787005166e-37,binding,GO_Molecular_Function_2023,1.1428646195198762e-39,0.0,0.0,3.853508671621879,345.53364370770174,ZNF331;ZNF175;ZSCAN9;BACH1;YY1;ZNF607;SALL4;ZNF208;MYB;PKNOX1;ZNF444;ZNF202;TP63;ZNF564;ZNF320;HES6;MED8;ZNF99;ZNF12;POU3F2;RUNX1;MYCL;DMTF1;RFX5;ZNF713;ZNF317;ZNF679;NOBOX;ATF7;ZSCAN25;ZNF676;MZF1;ZNF675;CLOCK;ZNF157;ZNF28;ZNF430;ZNF274;ZNF670;ZNF273;MAX;DLX6;MAZ;MYNN;ZNF23;GATA2;ZNF708;ZKSCAN7;ZKSCAN8;ZKSCAN3;ZBED1;ZKSCAN5;ZNF148;ZNF786;ZNF146;TFAP2A;ZNF264;ZBTB17;NFE2;ZNF263;TFAP2C;ZFHX3;ZNF141;POU2F1;HMGA1;NR1D2;NR1D1;NR2F6;TFCP2;ZNF37A;ZNF419;MAFG;ZNF417;HBP1;ZNF655;TCF3;ZNF257;ZNF136;ZNF774;SLC2A4RG;NFE2L1;ZNF772;ZNF254;ZNF253;THRA;CTCF;HIF3A;ZNF280D;ZNF649;ZNF528;ZNF41;MYBL1;GABPA;ZNF761;VENTX;KDM6A;ZNF485;TGIF1;TEAD4;KDM6B;PRMT5;TGIF2;ZNF480;TCF12;DNMT3A;TFE3;PAX3;SAFB;ZFX;ETV4;ELF1;THRAP3;ZNF516;RARA;RARB;ZNF479;TOP1;ZNF595;HDAC4;CEBPA;ZNF197;ZNF350;ZNF195;PLAG1;HDAC1;SATB2;FOXK2;ZNF2;NR2C1;HDAC6;ZNF7;MNT;MTA1;HSF2;NSD1;HSF1;NRIP1;E2F5;ZNF224;E2F6;ZNF586;ZNF860;ZNF584;NFYA;ZNF184;ZNF76;POU4F1;USF1;POU4F2;TBX2;ZNF33A;REST;PRKRA;NFIC;ZNF737;ZNF219;ZNF615;ZNF735;ZNF732;ZNF335;ZNF354A;ZNF334;ZNF730;BMAL1;ZNF454;ZNF333;ZNF354C;ZNF574,0.1497326203208556
4,993,Positive Regulation Of Transcription By RNA Polymerase II (GO:0045944),153/938,3.29070811473442e-38,biological regulation,GO_Biological_Process_2023,1.474451701102999e-40,0.0,0.0,4.2280345768880805,387.7746881281181,ZNF175;CCNT2;SMARCB1;CRTC3;CCNT1;KDM1A;KDM1B;FHOD1;CCNC;GABPB1;YY1;ZMIZ1;ZMIZ2;MYB;EPC1;TP63;GTF2I;MEN1;DDX17;LMO1;MED1;MED8;PTOV1;MED9;LMO7;MED4;POU3F2;MED6;MED7;RUNX1;TBL1XR1;RFX5;ATF7;MZF1;ZFPM1;KMT2D;KMT2A;CTBP2;MAX;KMT2C;MEPCE;GATA2;SUPT6H;BCL2L12;MED30;MED31;ZBED1;PPARGC1B;TFAP2A;ZBTB17;ZNF263;TFAP2C;ZFHX3;POU2F1;SS18L1;SMARCA5;HMGA1;NR1D2;NR1D1;SMARCA2;SMARCA4;MLLT10;TFCP2;COPS5;AGO2;TAF4B;TCF3;CDK13;OGT;NFE2L1;THRA;TCF20;TRIAP1;YBX1;MED16;MED15;MYSM1;CDC73;MED17;MED12;MED14;MED13;SIN3A;MED10;MYBL1;GABPA;VENTX;KDM6B;SS18;NCOA2;TBP;NCOA6;ATRX;TCF12;TFE3;PAX3;OXSR1;BAZ1B;MED27;PPRC1;ZFX;ETV4;ETV5;MED23;MED22;KAT2B;ELF1;SFPQ;TFDP2;THRAP3;MED21;MED20;TET3;RARA;RARB;PTMA;HDAC4;CEBPA;HDAC2;HDAC3;USP16;HDAC1;PLAG1;SATB2;DOT1L;FOXK2;GPS2;RNF4;PLAGL1;HSF2;HSF1;NRIP1;LEO1;APBB1;TBL1X;NPM1;NFYA;PCGF5;MCRS1;ZNF76;POU4F1;USF1;POU4F2;HIPK2;ASXL1;MYBBP1A;PRKRA;NFIC;KANSL3;CRLF3;LPIN1;BMAL1;TAF1,0.1631130063965885
4,993,Positive Regulation Of Nucleic Acid-Templated Transcription (GO:1903508),116/557,9.01284415979549e-39,None,GO_Biological_Process_2023,3.67121961702464e-41,0.0,0.0,5.568499083403791,518.4576958730116,PHB1;TRRAP;YEATS4;YY1;TRIM28;ZMIZ1;MYB;RUVBL1;EPC1;KAT8;ATXN7L3;RNF111;TP63;MED1;SMARCC1;SMARCC2;DYRK1A;MED4;RUNX1;MORF4L1;TBL1XR1;KAT6A;ZNF318;TFAM;CLOCK;MEAF6;KMT2A;MAX;KMT2B;MAZ;MED30;ZKSCAN3;EP400;DMAP1;TFAP2A;NFE2;ZFHX3;BRPF1;BICRAL;SS18L1;HMGA1;NR1D2;NR1D1;SMARCA2;SMARCA4;MLLT11;TADA3;TCF3;OGT;CDKN1C;KDM5A;PHF20;CHD4;CTCF;CHD3;MED16;ING1;MED17;MED12;ING2;MED14;MED13;WDR5;YAF2;MYBL1;PRMT2;NCOA6;ACTL6A;TFE3;PAX3;ARID1A;ARID1B;KAT2B;MED22;PPM1A;ELF1;ELF2;THRAP3;ZNF516;RARA;HDAC4;HDAC2;KDM3A;SMARCD3;USP16;HDAC1;CXXC1;FOXK2;RNF6;RNF4;SERTAD3;MTA1;RBBP4;NSD1;TP53INP1;RBBP7;APBB1;TBL1X;MTA2;MTA3;MBD3;NPM1;TAF15;NFYA;MCRS1;USP22;MBD2;GATAD2B;GATAD2A;HIPK2;REST;RYBP;KANSL1;KANSL3;CRLF3;BMAL1,0.20825852782764812
4,993,RNA Polymerase II Transcription Regulatory Region Sequence-Specific DNA Binding (GO:0000977),181/1225,2.0827337070126577e-39,binding,GO_Molecular_Function_2023,4.5474535087612613e-42,0.0,0.0,3.8353139214465015,365.0988983595265,ZNF331;ZNF175;ZSCAN9;BACH1;YY1;ZNF607;SALL4;ZNF208;MYB;PKNOX1;ZNF444;ZNF202;TP63;ZNF564;ZNF320;HES6;MED8;ZNF99;ZNF12;POU3F2;RUNX1;MYCL;DMTF1;RFX5;ZNF713;ZNF317;ZNF679;NOBOX;ZSCAN25;ZNF676;MZF1;ZNF433;ZNF675;CLOCK;ZNF157;ZNF28;ZNF430;ZNF274;ZNF670;ZNF273;MAX;DLX6;MAZ;MYNN;ZNF23;GATA2;ZNF708;ZKSCAN7;ZKSCAN8;ZKSCAN3;ZBED1;ZKSCAN5;ZNF148;ZNF786;ZNF146;TFAP2A;ZNF264;ZBTB17;NFE2;ZNF263;TFAP2C;ZFHX3;ZNF141;POU2F1;HMGA1;NR1D2;NR1D1;NR2F6;TFCP2;ZNF37A;ZNF419;MAFG;ZNF417;HBP1;ZNF655;TCF3;ZNF257;ZNF136;ZNF774;SLC2A4RG;NFE2L1;ZNF772;ZNF254;ZNF253;THRA;CTCF;HIF3A;ZNF280D;ZNF649;ZNF528;ZNF41;CIC;MYBL1;GABPA;ZNF761;VENTX;KDM6A;ZNF485;TGIF1;TEAD4;KDM6B;TGIF2;TBP;ZNF480;TCF12;DNMT3A;TFE3;PAX3;OXSR1;SAFB;ZFX;ETV4;ETV5;RBL2;ELF1;RBL1;TFDP2;NFX1;THRAP3;ZNF516;RARA;RARB;ZNF479;TOP1;ZNF510;ZNF595;HDAC4;CEBPA;ZNF197;ZNF350;ZNF195;PLAG1;HDAC1;SATB2;FOXK2;ZNF2;NR2C1;HDAC6;ZNF7;PURB;PURA;MNT;MTA1;PLAGL1;HSF2;NSD1;HSF1;NRIP1;E2F5;ZNF224;E2F6;ZNF586;ZNF860;ZNF101;ZNF584;NFYA;ZNF184;ZNF76;POU4F1;USF1;POU4F2;TBX2;ZNF33A;REST;PRKRA;NFIC;ZNF737;ZNF219;ZNF615;ZNF735;ZNF732;ZNF335;ZNF354A;ZNF334;ZNF730;BMAL1;ZNF454;ZNF333;ZNF354C;TAF1;ZNF574,0.14775510204081632
4,993,Negative Regulation Of Nucleic Acid-Templated Transcription (GO:1903507),106/456,7.975020466539712e-40,None,GO_Biological_Process_2023,2.9236327575909336e-42,0.0,0.0,6.370243195361572,609.2229663539892,PHB1;KDM1A;ARID4A;RRP8;TRIM28;MYB;SCMH1;EPC1;KAT8;KMT5A;TP63;MEN1;SMARCC2;ZNF282;SFMBT1;KCTD1;ZNF12;ZBTB33;KAT6A;ZNF318;CLOCK;L3MBTL1;KHDRBS1;MAGEL2;SET;CTBP2;CTBP1;ZKSCAN3;DMAP1;SUDS3;ZNF148;PATZ1;HEXIM1;TFAP2A;HSPA8;CBX5;POU2F1;CBX4;HMGA1;NR1D2;NR1D1;SMARCA2;SMARCA4;BCL6;ZNF777;RCOR1;CDKN1C;ZNF253;KDM5C;THRA;CHD4;CTCF;CHD3;MECP2;BCL7A;SIN3A;CIC;YAF2;PRMT6;USP47;RING1;PRMT2;EED;DNMT3A;CBFA2T3;NCOR2;SFPQ;NCOR1;TFDP2;CRY2;RARA;CRY1;HDAC4;CEBPA;HDAC2;ZNF350;HDAC3;HDAC1;FOXK2;HDAC9;HDAC6;RNF2;RBM15B;MTA1;RBBP4;CCDC85B;SAP18;RBBP7;BRD7;MTA2;ZNF224;MTA3;MBD3;SMARCE1;MBD2;WWP1;GATAD2B;PML;GATAD2A;TBX2;PER2;REST;MYBBP1A;ZNF219;BMAL1;TRIM33,0.2324561403508772
4,993,Regulation Of Nucleic Acid-Templated Transcription (GO:1903506),108/452,8.641032710589598e-42,None,GO_Biological_Process_2023,2.8158151399069975e-44,0.0,0.0,6.620693732755223,663.9131855135763,ZNF331;PHB1;TRRAP;NAB2;JMJD1C;YEATS4;BACH1;ZMIZ1;MYB;RUVBL1;KAT7;ZFPL1;HES6;ZNF282;HIC1;SAP30;DMTF1;KAT6A;ZNF713;ZNF679;ATF7;ZNF676;MZF1;CLOCK;AJUBA;ZNF675;ZNF430;KMT2D;ZNF274;ZNF273;MEAF6;SRCAP;BAZ2A;ZNF708;ZBED1;ZKSCAN5;DMAP1;PATZ1;PPARGC1B;ZNF146;ZNF263;ZFHX3;ZNF141;BRPF1;SMARCA5;HMGA1;NR1D2;SMARCA2;ZZZ3;ZNF37A;TADA3;TCF3;ZNF257;SLC2A4RG;ZNF253;CHD3;YBX1;ZNF280D;ING5;ING2;HINT1;WDR5;ERC1;YAF2;NCOA2;PRMT5;BRD1;TGIF2;ACTL6A;ATRX;BAZ1A;MLF2;MED23;KAT2B;SFPQ;ZNF516;ZNF479;USP13;CEBPA;ZNF350;MYCBP;ZNF195;PLAG1;CXXC1;FOXK2;ZNF2;RNF6;SERTAD3;RBBP4;NSD1;SAP30L;RALY;RBBP7;APBB1;NFYA;CDK11B;PML;ZNF33A;REST;RYBP;MYBBP1A;ZNF737;CARM1;ZNF219;ZNF735;ZNF732;ZNF730;BMAL1,0.23893805309734514
4,993,Chromatin Organization (GO:0006325),94/268,5.352477112262645e-52,cellular process,GO_Biological_Process_2023,1.5261645533946442e-54,0.0,0.0,11.317185122677817,1402.3897871048491,KDM5A;KDM5B;KDM5C;SMARCB1;HDAC11;YEATS4;CHD4;CTCF;CHD3;BMI1;MYSM1;CABIN1;YY1;ING5;TRIM28;BCL7A;BCL7C;H2BC21;DPF1;RUVBL1;BCL7B;DPF2;DPF3;KAT7;JARID2;SKP1;HMGN1;KDM6A;KDM6B;BRD2;SS18;SMARCC1;PBRM1;SMARCC2;ACTL6B;RING1;KDM2B;ACTL6A;ATRX;BAZ1A;BAZ1B;ARID1A;SAFB;ARID1B;KAT2B;SFPQ;TOP1;L3MBTL1;HDAC4;SMARCD1;ZNF274;HDAC2;SMARCD2;HDAC3;SMARCD3;HDAC1;SATB2;BAZ2A;RNF2;HIRA;MTA1;RBBP4;UBN1;SUDS3;RBBP7;BRD7;MTA2;MTA3;MBD3;SMARCE1;NPM1;KDM4B;PHC1;NPM2;BRPF1;CBX5;KDM4C;KDM4D;BICRAL;MCRS1;PCGF2;MBD2;SMARCA5;SMARCA2;GATAD2B;SMARCA4;GATAD2A;NAP1L4;PER2;REST;ZZZ3;RYBP;MYBBP1A;HDGF,0.35074626865671643
4,993,Chromatin Remodeling (GO:0006338),89/228,1.1231471826389823e-53,cellular process,GO_Biological_Process_2023,2.7449625644944578e-56,0.0,0.0,13.363882345451072,1709.708258070574,KDM5A;KDM5B;PHB1;SETD2;KDM5C;SMARCB1;KDM1A;YEATS4;CHD4;CTCF;CHD3;BMI1;MYSM1;YY1;BCL7A;BCL7C;DPF1;RUVBL1;BCL7B;DPF2;DPF3;JARID2;SKP1;KDM6A;KDM6B;SS18;SMARCC1;PBRM1;SMARCC2;ACTL6B;RING1;KDM2B;ACTL6A;ATRX;BAZ1A;BAZ1B;ARID1A;ARID1B;KAT2B;SFPQ;TOP1;HDAC4;SMARCD1;ZNF274;HDAC2;SMARCD2;USP15;SMARCD3;HDAC1;SATB2;BAZ2A;SUPT6H;HDAC6;RNF2;HIRA;MTA1;RBBP4;SUDS3;RBBP7;BRD7;MTA2;MTA3;SRPK2;MBD3;SMARCE1;NPM1;TFAP2C;KDM4B;PHC1;NPM2;BRPF1;KDM4C;SETDB1;KDM4D;BICRAL;MCRS1;PCGF2;MBD2;SMARCA5;SMARCA2;GATAD2B;SMARCA4;GATAD2A;PER2;REST;RYBP;MYBBP1A;HDGF;ZNF335,0.39035087719298245
4,993,Positive Regulation Of DNA-templated Transcription (GO:0045893),213/1243,1.2535970124323698e-58,biological regulation,GO_Biological_Process_2023,2.5531507381514658e-61,0.0,0.0,4.766120238984317,664.9708234263275,PHB1;ZNF175;SMARCB1;TRRAP;CCNC;GABPB1;TRIM28;ZMIZ1;ZMIZ2;MYB;EPC1;KAT8;KAT7;ATXN7L3;TP63;RNF111;DDX17;MED1;SMARCC1;SMARCC2;PTOV1;MED9;MED4;MED6;RUNX1;RFX5;TFAM;ATF7;ZFPM1;CLOCK;MEAF6;CTBP2;GATA2;TERT;ZBED1;PPARGC1B;NFE2;ZNF263;SS18L1;SMARCA5;NR1D2;NR1D1;SMARCA2;SMARCA4;MLLT11;MLLT10;AGO2;CDK13;CDKN1C;PHF20;TCF20;CTCF;MED16;ING1;MED17;MED12;MED14;ING2;MED13;MED10;GABPA;VENTX;SS18;NCOA2;PRMT2;NCOA6;ACTL6A;TCF12;TFE3;PAX3;BAZ1B;PPRC1;ZFX;MED22;KAT2B;MED21;TET3;RARA;RARB;PTMA;SATB2;DOT1L;GPS2;SERTAD3;PLAGL1;HSF2;NSD1;HSF1;LEO1;APBB1;TBL1X;MBD3;NPM1;NFYA;PCGF5;MCRS1;MBD2;ZNF76;POU4F1;GATAD2B;POU4F2;GATAD2A;HIPK2;RYBP;MYBBP1A;PRKRA;NFIC;CRLF3;BMAL1;CCNT2;CRTC3;CCNT1;ICE1;KDM1A;KDM1B;FHOD1;YEATS4;YY1;RUVBL1;GTF2I;HMGN1;MEN1;LMO1;DYRK1A;LMO7;POU3F2;MORF4L1;TBL1XR1;KAT6A;ZNF318;MZF1;KMT2D;KMT2A;MAX;KMT2C;MAZ;KMT2B;BCL2L12;MED30;ZKSCAN3;EP400;DMAP1;TFAP2A;ZBTB17;TFAP2C;ZFHX3;BRPF1;POU2F1;BICRAL;HMGA1;TFCP2;COPS5;TADA3;TCF3;OGT;NFE2L1;KDM5A;THRA;CHD4;TRIAP1;CHD3;YBX1;MYSM1;CDC73;SIN3A;WDR5;UBTF;YAF2;MYBL1;KDM6B;ATRX;OXSR1;ARID1A;ETV4;ARID1B;ETV5;PPM1A;ELF1;SFPQ;ELF2;TFDP2;THRAP3;ZNF516;HDAC4;CEBPA;HDAC2;KDM3A;SMARCD3;HDAC3;USP16;PLAG1;HDAC1;CXXC1;FOXK2;RNF6;RNF4;MTA1;RBBP4;TP53INP1;NRIP1;RBBP7;MTA2;MTA3;TAF15;USP22;USF1;ASXL1;REST;KANSL1;CARM1;KANSL3;LPIN1;ZPR1,0.17135961383748993
4,993,Negative Regulation Of Transcription By RNA Polymerase II (GO:0000122),166/763,1.6872887702306218e-59,biological regulation,GO_Biological_Process_2023,2.749146672473518e-62,0.0,0.0,6.189877237862023,877.4088169982413,ZNF451;PHB1;ZNF175;KDM1A;KDM1B;UBE2D3;ATN1;ARID4A;ARID4B;NOC2L;BACH1;YY1;MYB;DPF2;EPC1;KMT5A;ZNF202;MEN1;MED1;ZNF440;ZNF705D;KDM2B;USP2;MED9;ZNF705A;ZBTB33;HIC1;SAP30;RUNX1;ZNF705EP;TBL1XR1;ERF;ZNF558;BCORL1;MZF1;ZNF675;ZFPM1;PPID;PSMD10;ZNF274;MAGEL2;DDX5;CTBP2;CBFB;CTBP1;MAX;MAZ;GATA2;ZNF25;PHF21A;SMYD2;ZKSCAN3;ZNF669;NDN;DMAP1;SUDS3;ZNF148;PATZ1;ZNF266;HEXIM1;CBX8;TFAP2A;PLK3;ZBTB17;ZNF263;CBX6;ZFHX3;ZNF141;CBX5;CBX4;CBX2;NR1D2;NR1D1;SMARCA2;NR2F6;SMARCA4;ZFP69;BCL6;CNOT2;MAFG;PHF14;ZNF778;TCF3;ZNF136;OGT;ZNF254;ZNF131;THRA;CHD4;CTCF;CHD3;BMI1;ING1;CDC73;MECP2;ING2;SIN3B;SIN3A;C1QBP;TGIF1;TGIF2;EED;DNMT3A;OXSR1;ZNF75A;ETV5;NCOR2;PPM1A;SFPQ;NCOR1;NFX1;CRY2;RARA;CRY1;RARB;HDAC4;CEBPA;HDAC2;ZNF350;HDAC3;LIN37;HDAC1;GPS2;HDAC9;NR2C1;HDAC6;RNF2;DNAJB1;PURA;MNT;MTA1;RBBP4;ZNF749;NSD1;SAP30L;HSF1;NRIP1;RBBP7;APBB1;TBL1X;SAMD1;MTA2;ZNF224;E2F6;ZNF620;MTA3;MBD3;USP9X;PCGF2;MBD2;ZNF79;POU4F1;GATAD2B;POU4F2;GATAD2A;TBX2;PER2;REST;ZNF619;NFIC;DNAJA3;ZNF219;ZNF337;HDGF;TRIM33;TAF1,0.21756225425950196
4,993,Negative Regulation Of DNA-templated Transcription (GO:0045892),212/1025,2.0599303760951184e-73,biological regulation,GO_Biological_Process_2023,2.5172265288331383e-76,0.0,0.0,6.074666943852537,1057.4373781513486,PHB1;ZNF175;NOC2L;BACH1;RRP8;TRIM28;MYB;DPF2;EPC1;KAT8;TP63;MED1;SMARCC2;ZNF705D;ZNF282;SFMBT1;ZNF705A;MED9;ZNF12;RUNX1;ZNF705EP;BCORL1;ZFPM1;CLOCK;L3MBTL1;ZNF274;SET;CTBP2;CTBP1;BAZ2A;GATA2;ZNF25;PRDX5;ZNF148;PATZ1;ZNF266;HEXIM1;PLK3;ZNF263;ZNF141;SMARCA5;NR1D2;NR1D1;SMARCA2;NR2F6;SMARCA4;ZNF136;RCOR1;ZNF254;CDKN1C;ZNF253;ZNF131;CTCF;BMI1;ING1;MECP2;ING2;C1QBP;CIC;PRMT6;RING1;PRMT2;CBFA2T3;NCOR2;NCOR1;NFX1;RARA;RARB;ZNF350;LIN37;GPS2;PURA;MNT;RBM15B;NSD1;HSF1;APBB1;TBL1X;SAMD1;BRD7;ZNF224;MBD3;USP9X;PCGF2;MBD2;WWP1;ZNF79;POU4F1;GATAD2B;POU4F2;GATAD2A;PER2;MYBBP1A;NFIC;ZNF219;HDGF;ZNF337;BMAL1;KDM1A;KDM1B;UBE2D3;NAB2;ATN1;ARID4A;ARID4B;YY1;SCMH1;KMT5A;ZNF202;MEN1;ZNF440;KDM2B;USP2;KCTD1;ZBTB33;HIC1;SAP30;TBL1XR1;KAT6A;ZNF318;ERF;ZNF558;MZF1;ZNF675;PPID;PSMD10;KHDRBS1;DDX5;MAGEL2;CBFB;MAX;MAZ;PHF21A;ZNF669;ZKSCAN3;SMYD2;NDN;SUDS3;DMAP1;TFAP2A;CBX8;ZBTB17;HSPA8;ZFHX3;CBX6;POU2F1;CBX5;CBX4;CBX2;HMGA1;ZFP69;BCL6;CNOT2;MAFG;PHF14;ZNF778;ZNF777;TCF3;OGT;KDM5C;THRA;CHD4;CHD3;CDC73;BCL7A;SIN3B;SIN3A;YAF2;TGIF1;USP47;TGIF2;EED;DNMT3A;OXSR1;ETV5;ZNF75A;PPM1A;SFPQ;TFDP2;CRY2;CRY1;HDAC4;CEBPA;HDAC2;HDAC3;HDAC1;FOXK2;HDAC9;NR2C1;RNF2;HDAC6;DNAJB1;MTA1;RBBP4;CCDC85B;ZNF749;SAP30L;NRIP1;SAP18;RBBP7;MTA2;ZNF620;E2F6;MTA3;SMARCE1;PML;TBX2;REST;ZNF619;DNAJA3;TRIM33;TAF1,0.20682926829268292
4,993,Regulation Of Transcription By RNA Polymerase II (GO:0006357),350/2028,4.297305592505241e-105,biological regulation,GO_Biological_Process_2023,3.500859953161093e-108,0.0,0.0,5.621323986008672,1390.8627282936131,PHB1;ZNF175;SMARCB1;TRRAP;JMJD1C;CCNC;NOC2L;GABPB1;BACH1;TIAL1;ZMIZ1;ZMIZ2;ZXDB;MYB;DPF1;DPF2;EPC1;DPF3;PKNOX1;ATXN7L3;TP63;DDX17;HES6;MED1;SMARCC1;SMARCC2;ZNF705D;MED8;PTOV1;ZNF705A;MED9;MED4;MED6;MED7;RUNX1;ZNF705EP;RFX5;NOBOX;ATF7;ZSCAN25;BCORL1;ZFPM1;CLOCK;ZNF274;CTBP2;SRCAP;CTBP1;MYNN;GATA2;ZNF25;CIAO1;ZBED1;ZNF148;PATZ1;PPARGC1B;ZNF266;HEXIM1;NFE2;PLK3;ZNF263;ZNF141;SS18L1;SMARCA5;NR1D2;NR1D1;SMARCA2;NR2F6;SMARCA4;MLLT10;ZZZ3;AGO2;HBP1;CDK13;ZNF136;SLC2A4RG;RCOR1;ZNF254;ZNF131;PHF20;TCF20;CTCF;HIF3A;MED16;BMI1;AATF;ING1;MED17;MED12;MECP2;MED14;ING2;MED13;MED10;C1QBP;ELOC;CIC;GABPA;VENTX;ZNF485;TEAD4;SS18;NCOA2;BRD2;PBRM1;BRD1;ACTL6B;NCOA6;ACTL6A;TCF12;TFE3;PAX3;BAZ1A;BAZ1B;MED27;PPRC1;ZFX;MED23;NCOR2;KAT2B;NCOR1;AEBP2;NFX1;MED21;MED20;TET3;RARA;RARB;PTMA;ZNF350;LIN37;SATB2;DOT1L;GPS2;PURB;HIRA;PURA;MNT;PLAGL1;CREG1;HSF2;NSD1;HSF1;LEO1;PLAGL2;APBB1;TBL1X;SAMD1;BRD7;ZNF224;ZNF101;MBD3;NPM1;NFYA;USP9X;PCGF5;MCRS1;PCGF2;MBD2;ZNF76;ELP3;ZNF79;POU4F1;GATAD2B;POU4F2;GATAD2A;HIPK2;PER2;MYBBP1A;PRKRA;NFIC;ZNF219;HDGF;ZNF337;CRLF3;ZNF354A;BMAL1;CCNT2;CRTC3;CCNT1;KDM1A;KDM1B;FHOD1;UBE2D3;ZSCAN9;ATN1;ARID4A;YEATS4;ARID4B;YY1;SALL4;RUVBL1;KMT5A;ZNF444;ZNF202;ZNF564;GTF2I;MEN1;LMO1;ZNF440;PIAS3;KDM2B;USP2;LMO7;ZBTB33;POU3F2;PIAS2;HIC1;SAP30;PIAS1;MYCL;DMTF1;TBL1XR1;ERF;ZNF558;MZF1;ZNF433;ZNF675;PPID;PSMD10;KMT2D;DDX5;MAGEL2;KMT2A;CBFB;MAX;KMT2C;DLX6;MAZ;PHF21A;BCL2L12;ZKSCAN8;MED31;ZNF669;ZKSCAN3;SMYD2;NDN;SUDS3;DMAP1;TFAP2A;CBX8;ZBTB17;TFAP2C;ZFHX3;CBX6;BRPF1;POU2F1;CBX5;CBX4;BICRAL;CBX2;HMGA1;ZFP69;TFCP2;COPS5;BCL6;CNOT2;MAFG;TADA3;JMY;PHF14;ZNF778;TCF3;BRWD1;OGT;NFE2L1;THRA;CHD4;TRIAP1;CHD3;YBX1;MYSM1;CDC73;BCL7A;SIN3B;SIN3A;ZNF649;BCL7C;BCL7B;WDR5;MYBL1;TGIF1;KDM6B;TGIF2;EED;ATRX;DNMT3A;OXSR1;SAFB;ARID1A;ETV4;ARID1B;ETV5;ZNF75A;PPM1A;ELF1;SFPQ;ELF2;TFDP2;CTDSP1;THRAP3;CRY2;CRY1;ZNF510;HDAC4;SMARCD1;CEBPA;SMARCD2;HDAC2;KDM3A;SMARCD3;HDAC3;KDM3B;USP16;PLAG1;HDAC1;FOXK2;PPM1D;RNF4;HDAC9;NR2C1;RNF2;HDAC6;DNAJB1;MTA1;RBBP4;ZNF749;SAP30L;NRIP1;SAP18;RBBP7;E2F5;MTA2;ZNF620;E2F6;MTA3;SMARCE1;KDM4C;USP22;ARID3A;USF1;TBX2;ASXL1;REST;ZNF619;DNAJA3;KANSL3;CDK2AP1;LPIN1;TRIM33;TAF1,0.17258382642998027
4,993,Regulation Of DNA-templated Transcription (GO:0006355),349/1922,2.505801680536361e-111,biological regulation,GO_Biological_Process_2023,1.0206931488946484e-114,0.0,0.0,6.006311869948234,1576.5020150153443,PHB1;SMARCB1;TRRAP;JMJD1C;BACH1;RRP8;TIAL1;TRIM28;ZMIZ1;ZMIZ2;ZXDB;MYB;DPF1;DPF2;EPC1;DPF3;KAT8;KAT7;PKNOX1;ZFPL1;ATXN7L3;TP63;RNF111;DDX17;HES6;MED1;SMARCC1;SMARCC2;ZNF282;SFMBT1;MED8;ZNF12;MED4;MED6;MED7;RUNX1;RFX5;ZNF713;TFAM;NOBOX;ATF7;ZSCAN25;CLOCK;L3MBTL1;ZNF274;ZNF273;SET;MEAF6;CTBP2;SRCAP;CTBP1;MYNN;BAZ2A;CIAO1;ZNF708;ZBED1;ZNF148;PATZ1;PPARGC1B;ZNF146;HEXIM1;NFE2;ZNF263;ZNF141;SS18L1;SMARCA5;NR1D2;NR1D1;SMARCA2;SMARCA4;MLLT11;MLLT10;ZZZ3;ZNF37A;HBP1;ZNF257;SLC2A4RG;RCOR1;CDK16;CDKN1C;ZNF253;PHF20;TCF20;CTCF;HIF3A;MED16;ING1;MED17;MED12;MECP2;ZNF280D;ING5;MED14;ING2;HINT1;MED13;ELOC;CIC;GABPA;VENTX;ZNF485;TEAD4;PRMT6;SS18;NCOA2;BRD2;PRMT5;PBRM1;BRD1;ACTL6B;RING1;PRMT2;NCOA6;ACTL6A;TCF12;TFE3;PAX3;BAZ1A;BAZ1B;MED27;ZFX;CBFA2T3;MLF2;MED23;NCOR2;MED22;KAT2B;NCOR1;AEBP2;MED21;MED20;RARA;ZNF479;ZNF350;MYCBP;SATB2;GPS2;ZNF2;PURB;HIRA;PURA;MNT;SERTAD3;RBM15B;CREG1;HSF2;NSD1;HSF1;PLAGL2;APBB1;TBL1X;BRD7;ZNF224;ZNF101;MBD3;NPM1;NFYA;PCGF5;MCRS1;MBD2;ZNF76;WWP1;ELP3;POU4F1;GATAD2B;POU4F2;GATAD2A;HIPK2;PER2;ZNF33A;RYBP;MYBBP1A;PRKRA;NFIC;ZNF219;CRLF3;ZNF354A;BMAL1;ZNF331;CCNT2;CCNT1;KDM1A;NAB2;ZSCAN9;ARID4A;YEATS4;ARID4B;YY1;SALL4;RUVBL1;SCMH1;KMT5A;ZNF444;ZNF202;ZNF564;MEN1;PIAS3;KDM2B;DYRK1A;KCTD1;ZBTB33;POU3F2;PIAS2;HIC1;SAP30;PIAS1;MORF4L1;MYCL;DMTF1;TBL1XR1;KAT6A;ZNF318;ERF;ZNF679;ZNF676;MZF1;AJUBA;ZNF433;ZNF675;ZNF430;PSMD10;KMT2D;KHDRBS1;DDX5;MAGEL2;KMT2A;CBFB;MAX;DLX6;MAZ;KMT2B;MED30;ZKSCAN8;MED31;ZKSCAN3;EP400;ZKSCAN5;SUDS3;DMAP1;TFAP2A;HSPA8;TFAP2C;ZFHX3;BRPF1;POU2F1;CBX5;CBX4;BICRAL;HMGA1;TFCP2;BCL6;CNOT2;MAFG;TADA3;JMY;PHF14;ZNF777;TCF3;BRWD1;OGT;NFE2L1;KDM5A;KDM5C;THRA;CHD4;CHD3;YBX1;BCL7A;SIN3A;ZNF649;BCL7C;BCL7B;WDR5;ERC1;YAF2;MYBL1;USP47;TGIF2;EED;ATRX;DNMT3A;OXSR1;SAFB;ARID1A;ETV4;ARID1B;ETV5;PPM1A;ELF1;SFPQ;ELF2;TFDP2;CTDSP1;THRAP3;CRY2;ZNF516;CRY1;ZNF510;HDAC4;USP13;SMARCD1;CEBPA;SMARCD2;HDAC2;KDM3A;SMARCD3;HDAC3;KDM3B;USP16;ZNF195;PLAG1;HDAC1;CXXC1;FOXK2;RNF6;RNF4;HDAC9;RNF2;HDAC6;MTA1;RBBP4;CCDC85B;SAP30L;TP53INP1;SAP18;RBBP7;E2F5;MTA2;E2F6;MTA3;SMARCE1;TAF15;KDM4C;USP22;ARID3A;CDK11B;USF1;PML;TBX2;REST;KANSL1;CARM1;ZNF737;KANSL3;ZNF735;CDK2AP1;ZNF732;ZNF730;TRIM33,0.18158168574401665
4,993,Intracellular Membrane-Bounded Organelle (GO:0043231),598/5175,8.339586661039148e-120,cellular anatomical structure,GO_Cellular_Component_2023,7.380165186760308e-122,0.0,0.0,4.77297881814134,1331.2629537791995,PHB1;TRRAP;TESK2;SMC5;NOC2L;GABPB1;H2AC15;BACH1;DCAF7;GPATCH8;H2AC18;H2AC13;TFG;ZMIZ1;ZMIZ2;ZXDB;MYB;RNF111;DDX17;HES6;MED1;MED8;MED9;ZNF12;MED4;MED6;MED7;EWSR1;PSME3;RFX5;PSME4;ATF7;CLOCK;SET;MEAF6;CTBP2;SRCAP;CTBP1;MEPCE;HSPA4L;BAZ2A;GATA2;OAZ1;PRDX5;HSPH1;PPP4C;TERT;PRDX1;PPARGC1B;ZNF146;HEXIM1;BTF3;NFE2;PLK3;ZNF263;CDK19;PHC2;PHC1;SETD1A;NR1D2;NR1D1;H1-0;PHC3;PRDX6;H1-3;H1-2;NR2F6;H1-4;MLLT10;PPP5C;ZNF37A;HNRNPF;AGO2;TRIP6;H2AC21;FAT1;CDK10;HBP1;CDK13;CDK16;BTG4;CDKN1C;BTG3;SETD2;WDR48;CHM;TCF20;ASH2L;CTCF;MED16;MED15;ING1;MED17;MED12;MECP2;ING5;MED14;ING2;MED13;AIFM2;MED10;JARID2;CIC;ZNF485;TEAD4;SS18;UPF1;BRD2;BRD1;ACTL6B;RING1;ACTL6A;TCF12;PAWR;AEN;BAZ1A;BAZ1B;MED27;GNL1;MED23;NCOR2;MED22;KAT2B;NCOR1;MED21;MED20;TET3;RARA;RARB;ZNF350;GPS2;HSPA13;PLAGL1;PPP1R7;NSD1;PPP1R8;UBN1;LEO1;PLAGL2;SAMD1;BRD7;ZNF224;ZNF101;MBD3;CDKN2D;TIGAR;CDKN2C;USP9X;PCGF5;MCRS1;PCGF2;MBD2;YLPM1;ZFTRAF1;ZNF76;ELP3;HIPK1;ELP6;POU4F1;GATAD2B;PSMB8;POU4F2;TARBP2;GATAD2A;HIPK2;RNF146;ZNF33A;RYBP;MYBBP1A;NFIC;SNX15;ZNF219;CRLF3;ZNF335;ZNF451;CCNT2;CCNT1;FMR1;UBE2D3;NAB2;ATN1;YEATS4;CDC14B;YY1;EIF4ENIF1;SESN1;SALL4;RUVBL1;KPNA6;KPNA4;KMT5A;KPNA3;GTF2I;HMGN1;MEN1;RAB2A;CDKL3;BNIP3L;TLE3;USP7;CDKL5;KHNYN;FBXW7;USP4;DYRK1A;ZBTB33;PIAS2;HIC1;SAP30;PIAS1;DMTF1;KAT6A;NCL;ZNF317;ERF;MAPKAPK5;RAD54L2;STAMBP;TNIK;AJUBA;ZNF433;ZNF675;KPNB1;CSNK1G2;KMT2D;KHDRBS1;MAGEL2;KMT2A;MAX;KMT2C;MAZ;KMT2B;CUL1;BCL2L12;STIP1;BAG5;MED30;MED31;BAG1;ZKSCAN3;SMYD2;NDN;ZKSCAN5;NAE1;ZNF786;TIA1;BRPF1;ZC3HC1;MOB1A;CDK8;CNOT6;ZFP69;TFCP2;COPS5;STK24;BCL6;CNOT2;MAFG;CDK3;TADA3;ZNF777;ZNF655;OGT;NFE2L1;PIWIL2;PIWIL4;HSP90AB1;NUMA1;CDC73;H1-10;SYNE1;SIN3B;SIN3A;ZNF649;WDR5;TLK2;UBTF;HMG20B;TLK1;DNM1L;YAF2;ATRX;DNMT3A;PTP4A1;PPM1A;ARL4A;PPM1B;TFDP2;TRAF4;CTDSP1;ZNF638;ZNF516;BIRC6;BIRC7;TOP1;HDAC4;SMARCD1;CEBPA;SMARCD2;HDAC2;RNF34;SMARCD3;HDAC3;UHRF2;HDAC1;PRCC;CXXC1;FOXK2;RCHY1;PPM1D;HDAC9;HDAC6;DNAJB1;RBBP4;DNAJB6;CCDC85B;RBBP5;TP53INP1;IGF2BP1;SAP18;ASCC3;RBBP7;DRAM2;E2F5;E2F6;SMARCE1;CIZ1;EXOG;PML;TBX2;DNAJA3;TRIM33;TNRC6A;EIF4A1;SMARCB1;CCNI;TP53RK;HDAC11;CCNC;TIAL1;TRIM28;DPF2;EPC1;KAT8;UBAP2L;KAT7;ZFPL1;ATXN7L3;TP63;SKP1;SMARCC1;SFMBT1;IFRD2;NSMCE1;RUNX1;CDC34;TFAM;SIK2;BCORL1;ANKRA2;ZFPM1;L3MBTL1;TEX264;DCUN1D3;EIF5A2;TXN;FXR1;FXR2;PCBP4;TP53BP2;ZBED1;PATZ1;SRPK2;ZRANB1;SETDB1;STK11IP;INTS3;SS18L1;SIAH1;SMARCA5;SMARCA2;SMARCA4;GADD45G;STAG3;FBXL3;INTS6;INTS9;SLC2A4RG;RCOR1;INKA2;TOP2B;HIP1;PPP1R11;PPP1R10;PYROXD1;FAF1;INTS10;IDE;BMI1;AATF;HINT1;XPO1;C1QBP;UBXN7;ARIH1;GABPA;TOP3B;PRMT6;NCOA2;PRMT5;PBRM1;PRMT2;NCOA6;PRMT1;NCOA4;TFE3;COMMD1;PPRC1;CBFA2T3;MLF2;NFX1;HNRNPH1;DMC1;PTMA;MYCBP;DOT1L;NEDD8;PTPA;PURB;HIRA;PURA;SERTAD3;RBM15B;HSF2;HSF1;LMNA;APBB1;TBL1X;SUZ12;NPM1;NPM2;MYEF2;NFYA;PTGES3;HUWE1;PER2;ITCH;PRKRA;CCNG2;NEDD4;CCNG1;HDGF;ZNF354A;BMAL1;CRTC3;KDM1A;KDM1B;FHOD1;ARID4A;ARID4B;CCND3;CCND2;CMTR2;LMO1;H2AC6;KDM2B;ANGEL1;KCTD1;LMO7;CDYL;CGRRF1;TBL1XR1;PPID;PSMD10;DDX5;STK3;SUDS3;DMAP1;TFAP2A;SPECC1;CBX8;HSPA8;TFAP2C;ZFHX3;CBX6;POU2F1;CBX5;CBX4;CBX2;HMGA1;ASPSCR1;HSPA2;CLK3;CLK2;APPBP2;JMY;UBA3;TAF4B;TCF3;BRWD1;UBE2M;KDM5A;KDM5B;KDM5C;DYRK2;THRA;DPY30;CHD4;TRIAP1;CHD3;YBX1;MYSM1;ELAVL1;YBX3;CABIN1;RBM3;FYCO1;PIDD1;H2BC21;MYBL1;ZNF385A;KDM6A;POLG;USP46;KDM6B;USP47;SUN1;USP48;TGIF2;TBP;USP42;EED;STPG4;OXSR1;SAFB;ARID1A;ETV4;ETV5;H2BC18;CCNA1;ELF1;SFPQ;ELF2;RABEP1;RABEP2;THRAP3;DPPA2;CAT;CRY2;CRY1;OTUB1;USP13;KDM3A;USP15;RRN3;USP16;USP11;RNF6;ABRAXAS2;TOB2;RNF4;TOB1;PSMB10;RNF2;MTA1;TAF1B;TNKS2;TGS1;SAP30L;NRIP1;BNIP2;RALY;MTA2;MTA3;USP24;KDM4B;TAF15;KDM4C;KDM4D;WTAP;EYA2;EYA3;ZNF804B;ARID3A;CDK11B;USF1;NAP1L4;REST;CCS;KANSL1;CARM1;KANSL3;CDK2AP1;RGS12;LPIN1;OTUD3;TAF1;ZPR1,0.11555555555555555
4,993,Nucleus (GO:0005634),577/4487,1.835939888911069e-135,cellular anatomical structure,GO_Cellular_Component_2023,8.123627827040129e-138,0.0,0.0,5.355455070824316,1690.513476492055,PHB1;TRRAP;TESK2;SMC5;NOC2L;GABPB1;H2AC15;BACH1;DCAF7;GPATCH8;H2AC18;H2AC13;ZMIZ1;ZMIZ2;ZXDB;MYB;RNF111;DDX17;HES6;MED1;MED8;MED9;ZNF12;MED4;MED6;MED7;EWSR1;PSME3;RFX5;PSME4;ATF7;CLOCK;SET;MEAF6;CTBP2;SRCAP;CTBP1;MEPCE;HSPA4L;BAZ2A;GATA2;OAZ1;PRDX5;HSPH1;PPP4C;TERT;PRDX1;PPARGC1B;ZNF146;HEXIM1;BTF3;NFE2;PLK3;ZNF263;CDK19;PHC2;PHC1;SETD1A;NR1D2;NR1D1;H1-0;PHC3;PRDX6;H1-3;H1-2;NR2F6;H1-4;MLLT10;PPP5C;ZNF37A;HNRNPF;AGO2;TRIP6;H2AC21;FAT1;CDK10;HBP1;CDK13;CDK16;BTG4;CDKN1C;BTG3;SETD2;WDR48;CHM;TCF20;ASH2L;CTCF;MED16;MED15;ING1;MED17;MED12;MECP2;ING5;MED14;ING2;MED13;AIFM2;MED10;JARID2;CIC;ZNF485;TEAD4;SS18;UPF1;BRD2;BRD1;ACTL6B;RING1;ACTL6A;TCF12;PAWR;AEN;BAZ1A;BAZ1B;MED27;GNL1;MED23;NCOR2;MED22;KAT2B;NCOR1;MED21;MED20;TET3;RARA;RARB;ZNF350;GPS2;HSPA13;PPP1R7;NSD1;PPP1R8;UBN1;LEO1;PLAGL2;SAMD1;BRD7;ZNF224;ZNF101;MBD3;CDKN2D;TIGAR;CDKN2C;USP9X;PCGF5;MCRS1;PCGF2;MBD2;YLPM1;ZFTRAF1;ZNF76;ELP3;HIPK1;ELP6;POU4F1;GATAD2B;PSMB8;POU4F2;TARBP2;GATAD2A;HIPK2;RNF146;ZNF33A;RYBP;MYBBP1A;NFIC;ZNF219;CRLF3;ZNF335;ZNF451;CCNT2;CCNT1;FMR1;UBE2D3;NAB2;ATN1;YEATS4;CDC14B;YY1;EIF4ENIF1;SESN1;SALL4;RUVBL1;KPNA6;KPNA4;KMT5A;KPNA3;GTF2I;HMGN1;MEN1;RAB2A;CDKL3;BNIP3L;TLE3;USP7;CDKL5;KHNYN;FBXW7;USP4;DYRK1A;ZBTB33;PIAS2;HIC1;SAP30;PIAS1;DMTF1;KAT6A;NCL;ZNF317;ERF;MAPKAPK5;RAD54L2;STAMBP;TNIK;AJUBA;ZNF433;ZNF675;KPNB1;CSNK1G2;KMT2D;KHDRBS1;MAGEL2;KMT2A;MAX;KMT2C;MAZ;KMT2B;CUL1;BCL2L12;STIP1;BAG5;MED30;MED31;BAG1;ZKSCAN3;SMYD2;NDN;ZKSCAN5;NAE1;ZNF786;TIA1;BRPF1;ZC3HC1;MOB1A;CDK8;CNOT6;ZFP69;TFCP2;COPS5;STK24;BCL6;CNOT2;MAFG;CDK3;TADA3;ZNF777;ZNF655;OGT;NFE2L1;PIWIL2;PIWIL4;HSP90AB1;NUMA1;CDC73;H1-10;SYNE1;SIN3B;SIN3A;ZNF649;WDR5;TLK2;UBTF;HMG20B;TLK1;YAF2;ATRX;DNMT3A;PTP4A1;PPM1A;ARL4A;PPM1B;TFDP2;TRAF4;CTDSP1;ZNF638;ZNF516;BIRC6;BIRC7;TOP1;HDAC4;SMARCD1;CEBPA;SMARCD2;HDAC2;RNF34;SMARCD3;HDAC3;UHRF2;HDAC1;PRCC;CXXC1;FOXK2;RCHY1;PPM1D;HDAC9;HDAC6;DNAJB1;RBBP4;DNAJB6;CCDC85B;RBBP5;TP53INP1;IGF2BP1;SAP18;ASCC3;RBBP7;E2F6;SMARCE1;CIZ1;EXOG;PML;TBX2;TRIM33;EIF4A1;SMARCB1;CCNI;TP53RK;HDAC11;CCNC;TIAL1;TRIM28;DPF2;EPC1;KAT8;UBAP2L;KAT7;ZFPL1;ATXN7L3;TP63;SKP1;SMARCC1;SFMBT1;IFRD2;NSMCE1;RUNX1;CDC34;TFAM;SIK2;BCORL1;ANKRA2;ZFPM1;L3MBTL1;TEX264;DCUN1D3;TXN;FXR1;FXR2;PCBP4;TP53BP2;ZBED1;PATZ1;SRPK2;ZRANB1;SETDB1;INTS3;SS18L1;SIAH1;SMARCA5;SMARCA2;SMARCA4;GADD45G;STAG3;FBXL3;INTS6;INTS9;SLC2A4RG;RCOR1;INKA2;TOP2B;HIP1;PPP1R11;PPP1R10;PYROXD1;FAF1;INTS10;IDE;BMI1;AATF;HINT1;XPO1;C1QBP;UBXN7;ARIH1;GABPA;TOP3B;PRMT6;NCOA2;PRMT5;PBRM1;PRMT2;NCOA6;PRMT1;NCOA4;TFE3;COMMD1;PPRC1;CBFA2T3;MLF2;NFX1;HNRNPH1;DMC1;PTMA;MYCBP;DOT1L;NEDD8;PTPA;PURB;HIRA;PURA;SERTAD3;RBM15B;HSF2;HSF1;LMNA;APBB1;TBL1X;SUZ12;NPM1;NPM2;MYEF2;NFYA;PTGES3;HUWE1;PER2;PRKRA;CCNG2;NEDD4;CCNG1;HDGF;ZNF354A;BMAL1;CRTC3;KDM1A;KDM1B;FHOD1;ARID4A;ARID4B;CCND3;CCND2;CMTR2;LMO1;H2AC6;KDM2B;ANGEL1;KCTD1;LMO7;CDYL;TBL1XR1;PPID;PSMD10;DDX5;STK3;SUDS3;DMAP1;TFAP2A;CBX8;HSPA8;TFAP2C;ZFHX3;CBX6;POU2F1;CBX5;CBX4;CBX2;HMGA1;ASPSCR1;HSPA2;CLK3;CLK2;APPBP2;JMY;UBA3;TAF4B;TCF3;BRWD1;UBE2M;KDM5A;KDM5B;KDM5C;DYRK2;THRA;DPY30;CHD4;TRIAP1;CHD3;YBX1;MYSM1;ELAVL1;YBX3;CABIN1;RBM3;PIDD1;H2BC21;MYBL1;ZNF385A;KDM6A;USP46;KDM6B;USP47;USP48;TGIF2;TBP;USP42;EED;STPG4;OXSR1;SAFB;ARID1A;ETV4;ETV5;H2BC18;CCNA1;ELF1;SFPQ;ELF2;THRAP3;DPPA2;CRY2;CRY1;OTUB1;USP13;KDM3A;USP15;RRN3;USP16;USP11;RNF6;ABRAXAS2;TOB2;RNF4;TOB1;PSMB10;RNF2;MTA1;TAF1B;TNKS2;TGS1;SAP30L;NRIP1;RALY;MTA2;MTA3;USP24;KDM4B;TAF15;KDM4C;KDM4D;WTAP;EYA2;EYA3;ZNF804B;ARID3A;CDK11B;USF1;NAP1L4;REST;CCS;KANSL1;CARM1;CDK2AP1;RGS12;LPIN1;OTUD3;TAF1;ZPR1,0.12859371517717852
4,993,Regulation Of Cell Differentiation (GO:0045595),48/193,7.151545417874677e-19,biological regulation,GO_Biological_Process_2023,5.8261062467410805e-21,0.0,0.0,6.6073782156540775,307.85055654854807,SMARCD1;DDX5;HDAC2;SMARCD2;SMARCB1;HSP90AB1;SMARCD3;SMYD5;HDAC1;GPS2;CHD4;CHD3;SUPT6H;MTA1;BCL7A;RBBP4;BCL7C;DPF1;BCL7B;DPF3;RBBP7;BRD7;MTA2;MTA3;DDX17;MBD3;SUZ12;TFAP2A;SMARCE1;SS18;SMARCC1;PBRM1;ZFHX3;SMARCC2;ACTL6B;BICRAL;ACTL6A;NR1D2;NR1D1;ARID1A;SMARCA2;ARID1B;GATAD2B;POU4F2;RUNX1;SMARCA4;GATAD2A;REST,0.24870466321243523
4,993,Chromatin DNA Binding (GO:0031490),32/83,7.411269016682676e-19,binding,GO_Molecular_Function_2023,9.709086048055908e-21,0.0,0.0,12.376650139764545,570.331197359161,HDAC2;KDM3A;SMARCD2;SMARCB1;KDM3B;HDAC1;JMJD1C;CHD4;CTCF;H1-10;RBBP4;HSF1;MTA2;KDM6A;KDM6B;MBD3;SMARCE1;SUZ12;SMARCC1;SMARCC2;ACTL6A;ATRX;MBD2;ZFX;H1-0;GATAD2B;H1-3;H1-2;SMARCA4;H1-4;RARA;CLOCK,0.3855421686746988
4,993,Positive Regulation Of Double-Strand Break Repair (GO:2000781),32/84,1.74798819872804e-18,biological regulation,GO_Biological_Process_2023,1.4952241211115618e-20,0.0,0.0,12.137997278475948,554.0926055234037,SMARCD1;SMARCD2;SMARCB1;WDR48;SMARCD3;MEAF6;TRRAP;YEATS4;BCL7A;BCL7C;BCL7B;DPF1;RUVBL1;DPF2;EP400;DPF3;EPC1;DMAP1;BRD7;SMARCE1;PARP3;PBRM1;SMARCC1;SMARCC2;ACTL6B;KDM4D;ACTL6A;ARID1A;ARID1B;SMARCA2;SMARCA4;MORF4L1,0.38095238095238093
4,993,Regulation Of Cell Cycle G1/S Phase Transition (GO:1902806),30/74,3.1639262869879684e-18,biological regulation,GO_Biological_Process_2023,2.8352903590116213e-20,0.0,0.0,13.42608326253186,604.3020667193911,SMARCD1;SMARCD2;SMARCB1;SMARCD3;CDC73;BCL7A;BCL7C;BCL7B;DPF1;DPF2;DPF3;APBB1;BRD7;CDKN2D;SMARCE1;PBRM1;SMARCC1;SMARCC2;CDKN2C;ACTL6B;FBXW7;ACTL6A;ARID1A;ARID1B;SMARCA2;SMARCA4;PSME3;PSME1;PSME2;TAF1,0.40540540540540543
4,993,Protein Modification By Small Protein Conjugation (GO:0032446),59/364,4.647927890737759e-14,cellular process,GO_Biological_Process_2023,7.194348669981051e-16,0.0,0.0,3.873408923368554,135.0582767340109,ZNF451;UBE2D3;KEAP1;SMC5;HERC4;TRIM28;ZMIZ1;ZMIZ2;ARIH1;ELOC;RNF111;SKP1;TRIM23;PIAS3;RNF44;USP7;FBXW7;NSMCE1;MUL1;LMO7;PIAS2;PIAS1;CDC34;NFX1;BIRC6;BIRC7;HDAC4;RNF34;CUL5;UHRF2;DCUN1D3;CUL2;CUL1;NEDD4L;NEDD8;RNF6;RCHY1;HDAC9;ZBED1;MKRN4P;NAE1;CBX4;USP9X;WWP1;PML;KLHL9;CNOT4;ITCH;COPS5;NEDD4;MKRN1;UBA3;FBXL3;LZTR1;TRIM31;FBXL7;TRIM33;UBE2M;ASB1,0.1620879120879121
4,993,Positive Regulation Of DNA-templated Transcription Initiation (GO:2000144),23/56,3.4670821246034934e-14,biological regulation,GO_Biological_Process_2023,5.225337621602005e-16,0.0,0.0,13.633302093095908,479.7264810203541,MED1;TBP;MED8;MED9;MED16;MED27;MED4;MED15;MED6;MED17;MED7;MED12;MED23;MED22;MED14;MED13;MED30;MED10;MED21;MED20;MED31;TAF4B;TAF1,0.4107142857142857
4,993,Regulation Of Mitotic Metaphase/Anaphase Transition (GO:0030071),22/49,1.5326373432856643e-14,biological regulation,GO_Biological_Process_2023,2.2474519086877363e-16,0.0,0.0,15.927070221611933,573.8772563688336,SMARCE1;SMARCD1;PBRM1;SMARCC1;SMARCD2;SMARCB1;SMARCC2;SMARCD3;ACTL6B;ACTL6A;ARID1A;ARID1B;SMARCA2;SMARCA4;BCL7A;BCL7C;BCL7B;DPF1;DPF2;MAP3K20;DPF3;BRD7,0.4489795918367347
4,993,Negative Regulation Of Developmental Process (GO:0051093),32/109,7.688575631843783e-15,biological regulation,GO_Biological_Process_2023,1.0961309454767106e-16,0.0,0.0,8.186277822073867,300.8422294073316,SMARCD1;HDAC2;HDAC1;ARID4A;ARID4B;ING1;ING2;BCL7A;RBBP4;SIN3A;BCL7C;SAP30L;BCL7B;SUDS3;RBBP7;SUZ12;SS18;SMARCC1;PARP3;ACTL6B;SFMBT1;BICRAL;ACTL6A;HUWE1;MUL1;SMARCA2;POU4F2;SAP30;SMARCA4;TBX2;PHF14;OGT,0.29357798165137616
4,993,Positive Regulation Of Transcription Initiation By RNA Polymerase II (GO:0060261),23/52,5.084542587724311e-15,biological regulation,GO_Biological_Process_2023,7.041729042062182e-17,0.0,0.0,15.517028083896196,577.1107490710634,MED1;TBP;MED8;MED9;MED16;MED27;MED4;MED15;MED6;MED17;MED7;MED12;MED23;MED22;MED14;MED13;MED30;MED10;MED21;MED20;MED31;TAF4B;TAF1,0.4423076923076923
4,993,"DNA-binding Transcription Repressor Activity, RNA Polymerase II-specific (GO:0001227)",48/243,4.279172406426656e-15,transcription regulator activity,GO_Molecular_Function_2023,1.401475678960695e-16,0.0,0.0,4.90015466015466,178.8744408639338,ZNF175;ZNF350;MAX;FOXK2;CTCF;BACH1;ZNF25;YY1;MNT;ZNF749;HSF1;ZKSCAN3;ZNF669;ZNF148;ZNF224;ZNF202;E2F6;ZNF620;ZNF266;TFAP2A;TGIF1;ZNF440;ZNF263;TFAP2C;ZFHX3;TGIF2;ZNF705D;ZNF705A;NR1D1;ZNF79;POU4F1;POU4F2;HIC1;ZNF75A;TBX2;ZFP69;REST;ZNF619;BCL6;ZNF705EP;NFX1;ZNF219;ERF;ZNF558;ZNF778;ZNF337;TCF3;MZF1,0.19753086419753085
4,993,Sequence-Specific DNA Binding (GO:0043565),91/717,3.771791157019778e-15,binding,GO_Molecular_Function_2023,1.1529492619711114e-16,0.0,0.0,2.9623042156939143,108.7137157282259,ZNF451;KDM5B;KDM1A;ZSCAN9;CTCF;YBX1;MECP2;YY1;DPF1;PKNOX1;ZNF444;GABPA;VENTX;TGIF1;HES6;UPF1;PRMT5;TGIF2;KDM2B;ZNF282;PRMT1;TCF12;TFE3;PAX3;ZNF12;ZBTB33;OXSR1;POLRMT;SAFB;POU3F2;ETV4;HIC1;ZNF75A;ETV5;ELF1;ELF2;NCL;RFX5;TET3;RARA;ERF;ZNF713;RARB;TFAM;ATF7;NOBOX;CLOCK;HDAC4;ZNF274;HDAC2;CBFB;KMT2A;MAX;DLX6;KMT2B;CXXC1;FOXK2;ZNF23;GATA2;NR2C1;TERT;HSF2;HSF1;ZKSCAN3;PLAGL2;ZBED1;ZNF148;ZNF224;MBD3;TFAP2A;NFE2;ZNF263;TFAP2C;POU2F1;MBD2;ZNF76;NR1D2;NR1D1;POU4F1;USF1;NR2F6;TBX2;TFCP2;MYBBP1A;BCL6;PRKRA;NFIC;MAFG;BMAL1;ZNF454;TAF1,0.12691771269177127
4,993,Sequence-Specific Double-Stranded DNA Binding (GO:1990837),91/715,3.401372319357283e-15,binding,GO_Molecular_Function_2023,9.654550251450801e-17,0.0,0.0,2.9721221359940877,109.60151321125208,KDM5A;KDM5B;THRA;ZSCAN9;ARID4A;ASH2L;ARID4B;CTCF;CHD3;YBX1;GABPB1;YY1;DPF1;KAT7;PKNOX1;ZNF444;GABPA;MEN1;VENTX;TGIF1;HES6;TBP;TGIF2;ZNF282;TCF12;TFE3;PAX3;ZNF12;ZBTB33;OXSR1;POU3F2;ETV4;HIC1;ZNF75A;ETV5;RUNX1;ELF1;SFPQ;NCOR1;ELF2;TBL1XR1;RFX5;CRY2;RARA;ZNF713;RARB;TFAM;ATF7;MZF1;CLOCK;HDAC4;KMT2D;CEBPA;ZNF274;MAX;DLX6;FOXK2;ZNF23;GATA2;NR2C1;RBBP5;HSF2;HSF1;ZBED1;TBL1X;BRD7;TFAP2A;NFE2;ZNF263;TFAP2C;NFYA;MBD2;ZNF76;NR1D2;NR1D1;POU4F1;SMARCA2;USF1;NR2F6;TBX2;PER2;REST;TFCP2;BCL6;PRKRA;NFIC;MAFG;CARM1;ZNF335;BMAL1;ZNF454,0.12727272727272726
4,993,Positive Regulation Of Developmental Process (GO:0051094),48/233,1.7753232412547924e-15,biological regulation,GO_Biological_Process_2023,2.3863815462895374e-17,0.0,0.0,5.167773487773488,197.79223251519508,SMARCD1;HDAC2;SMARCD2;SMARCB1;HSP90AB1;SMARCD3;NUMA1;HDAC1;FMR1;ARID4A;ARID4B;ING1;LRP8;ING2;BCL7A;RBBP4;SIN3A;C1QBP;BCL7C;SAP30L;DPF1;BCL7B;DPF2;DPF3;C21ORF91;SUDS3;RBBP7;BRD7;DNM1L;SMARCE1;NCOA2;SS18;SMARCC1;PBRM1;SMARCC2;ACTL6B;BICRAL;ACTL6A;MUL1;ARID1A;SMARCA2;ARID1B;POU4F2;SMARCA4;SAP30;REST;AGO2;OGT,0.20600858369098712
4,993,Nuclear Receptor Coactivator Activity (GO:0030374),23/50,9.050430847623845e-16,None,GO_Molecular_Function_2023,2.371291925141619e-17,0.0,0.0,16.668193967163038,638.0669934807908,MED1;NCOA2;SS18;KDM1A;NCOA6;USP22;HMGA1;MED4;PPRC1;RNF4;MED17;MED12;MED22;MED14;CNOT6;MED13;MED30;ZMIZ1;THRAP3;ZMIZ2;CARM1;ATXN7L3;PPARGC1B,0.46
4,993,Brahma Complex (GO:0035060),13/13,3.890693156502684e-16,protein-containing complex,GO_Cellular_Component_2023,1.0329273866821285e-17,0.0,0.0,247091.0,9664111.923675956,SMARCE1;SMARCD1;SMARCC1;SMARCD2;SMARCB1;SMARCC2;SMARCD3;ACTL6B;ACTL6A;ARID1A;ARID1B;SMARCA2;DPF3,1.0
4,993,Regulation Of Transcription Initiation By RNA Polymerase II (GO:0060260),25/57,3.096184996024936e-16,biological regulation,GO_Biological_Process_2023,4.035760483617024e-18,0.0,0.0,15.314275568181818,613.3572104386931,ZNF451;MED16;PPM1D;MED15;MED17;MED12;MED14;MED13;MED30;MED10;MED31;MED1;TBP;MED8;MED9;MED27;MED4;MED6;MED7;MED23;MED22;MED21;MED20;TAF4B;TAF1,0.43859649122807015
4,993,Nucleosomal DNA Binding (GO:0031492),20/34,2.0559826032863087e-16,binding,GO_Molecular_Function_2023,4.937949483875415e-18,0.0,0.0,27.885773014241668,1111.236384786829,MBD3;SMARCE1;HDAC2;SMARCD2;SMARCC1;SMARCB1;SMARCC2;HDAC1;ACTL6A;MBD2;CHD4;H1-0;H1-10;GATAD2B;H1-3;H1-2;SMARCA4;H1-4;RBBP4;MTA2,0.5882352941176471
4,993,Cysteine-Type Peptidase Activity (GO:0008234),26/144,1.2240781335278216e-07,catalytic activity,GO_Molecular_Function_2023,9.6215748486903e-09,0.0,0.0,4.3040155644751374,79.44893322410306,OTUD4;USP13;USP15;USPL1;USP16;USP11;RNF2;USP19;HINT1;CAPN7;RCE1;USP46;USP24;USP47;USP7;ZRANB1;USP48;USP49;USP42;USP20;USP4;USP9X;USP22;USP2;OTUB1;OTUD3,0.18055555555555555
4,993,Core Mediator Complex (GO:0070847),17/23,2.040053740862698e-16,protein-containing complex,GO_Cellular_Component_2023,4.51339323199712e-18,0.0,0.0,55.16000683060109,2203.06212330051,MED8;MED9;MED16;MED27;MED4;MED15;MED6;MED17;MED7;MED23;MED22;MED14;MED30;MED10;MED21;MED20;MED31,0.7391304347826086
4,993,RNA Polymerase II-specific DNA-binding Transcription Factor Binding (GO:0061629),49/228,7.934446939660194e-17,binding,GO_Molecular_Function_2023,1.732411995558995e-18,0.0,0.0,5.459781270713001,223.28876755008804,SMARCB1;KDM1A;FAF1;KEAP1;CHD4;SIN3A;KAT8;UBXN7;GTF2I;HES6;MED1;NCOA2;TBP;DNMT3A;COMMD6;ARID1A;PIAS2;NCOR1;CRY1;ZFPM1;PSMD10;HDAC4;CEBPA;HDAC2;HDAC3;SMARCD3;UHRF2;HDAC1;BAZ2A;GATA2;HDAC9;HIRA;MTA1;NRIP1;TP53BP2;DMAP1;MTA2;SMARCE1;NPM1;SETD1A;SMARCA4;HIPK2;DNAJA1;REST;TADA3;TAF4B;TCF3;BMAL1;TAF1,0.2149122807017544
4,993,DNA-binding Transcription Factor Binding (GO:0140297),55/282,7.636195888881847e-17,binding,GO_Molecular_Function_2023,1.5005625109156468e-18,0.0,0.0,4.850981092022581,199.0876190948635,CRTC3;CCNT1;KDM1A;HDAC11;KEAP1;CHD4;NOC2L;YY1;SIN3A;KAT8;UBXN7;GTF2I;LMO1;HES6;MED1;TBP;TCF12;DNMT3A;PIAS2;KAT2B;NCOR1;KAT6A;ZFPM1;PTMA;PSMD10;HDAC4;CEBPA;HDAC2;HDAC3;SMARCD3;CTBP2;UHRF2;CTBP1;MAX;HDAC1;GATA2;HDAC9;PURB;HIRA;PURA;MTA1;DMAP1;MTA2;ZBTB17;NPM1;CBX5;SETD1A;USF1;HIPK2;REST;BCL6;CARM1;TCF3;BMAL1;TAF1,0.1950354609929078
4,993,Histone Deacetylation (GO:0016575),21/36,7.498751121814045e-17,None,GO_Biological_Process_2023,9.163443326045677e-19,0.0,0.0,27.354732510288063,1136.1485809934238,HDAC4;MBD3;HDAC2;HDAC3;HDAC1;HDAC11;MBD2;CHD4;CHD3;HDAC6;GATAD2B;GATAD2A;MORF4L1;MTA1;RBBP4;TBL1XR1;RBBP7;SUDS3;TBL1X;MTA2;MTA3,0.5833333333333334
4,993,Protein Deacetylation (GO:0006476),22/40,6.657419515637582e-17,cellular process,GO_Biological_Process_2023,7.864161545967e-19,0.0,0.0,23.90193385970935,996.3951565432252,HDAC4;MBD3;HDAC2;HDAC3;HDAC1;HDAC11;MBD2;CHD4;CHD3;HDAC9;HDAC6;GATAD2B;GATAD2A;MORF4L1;MTA1;RBBP4;TBL1XR1;RBBP7;SUDS3;TBL1X;MTA2;MTA3,0.55
4,993,Transcription Cis-Regulatory Region Binding (GO:0000976),74/474,6.622175710868933e-17,binding,GO_Molecular_Function_2023,1.1567119145622593e-18,0.0,0.0,3.74569640914037,154.70082104606897,KDM5A;ZNF175;THRA;ARID4A;ASH2L;ARID4B;CTCF;HIF3A;CHD3;GABPB1;YY1;CIC;GABPA;MEN1;TBP;TCF12;TFE3;OXSR1;POLRMT;ETV5;RUNX1;RBL2;SFPQ;NCOR1;RBL1;TFDP2;NFX1;TBL1XR1;RFX5;ZNF516;CRY2;RARA;TFAM;ATF7;MZF1;ZNF433;ZNF510;HDAC4;KMT2D;CEBPA;MAX;HDAC1;SATB2;FOXK2;PURB;PURA;PRDX5;MNT;RBBP5;PLAGL1;HSF2;HSF1;TBL1X;BRD7;E2F6;ZNF101;TFAP2A;NFE2;ZBTB17;ZNF263;NPM1;TFAP2C;NFYA;HMGA1;NR1D1;SMARCA2;PER2;REST;TFCP2;CARM1;AGO2;TCF3;ZNF335;BMAL1,0.15611814345991562
4,993,Regulation Of G1/S Transition Of Mitotic Cell Cycle (GO:2000045),34/106,4.736695502132285e-17,biological regulation,GO_Biological_Process_2023,5.402341102228268e-19,0.0,0.0,9.323803730738035,392.1804839306656,SMARCD1;SMARCD2;SMARCB1;SMARCD3;DCUN1D3;CDC73;CCND2;BCL7A;BCL7C;DPF1;BCL7B;DPF2;DPF3;BRD7;CDKN2D;SMARCE1;SMARCC1;PBRM1;SMARCC2;CDKN2C;ACTL6B;PRMT2;ACTL6A;ARID1A;SMARCA2;ARID1B;SMARCA4;RBL2;RBL1;PSME3;PSME1;PSME2;ZNF655;CRLF3,0.32075471698113206
4,993,Regulation Of Mitotic Cell Cycle Phase Transition (GO:1901990),31/86,3.634848054515497e-17,biological regulation,GO_Biological_Process_2023,3.997592565047593e-19,0.0,0.0,11.103987903987903,470.4029526165,SMARCD1;SMARCD2;SMARCB1;SMARCD3;CDC14A;CDC14B;BCL7A;BCL7C;BCL7B;DPF1;DPF2;MAP3K20;DPF3;BRD7;CDKN2D;SMARCE1;PBRM1;SMARCC1;SMARCC2;CDKN2C;NPM2;ACTL6B;ACTL6A;ARID1A;ARID1B;SMARCA2;SMARCA4;PSME3;CDK3;PSME1;PSME2,0.36046511627906974
4,993,nBAF Complex (GO:0071565),14/14,2.8611852320788346e-17,protein-containing complex,GO_Cellular_Component_2023,5.064044658546611e-19,0.0,0.0,266098.0,11209897.477249775,SMARCE1;SMARCD1;SMARCC1;SMARCB1;SMARCC2;SMARCD3;ACTL6B;ARID1A;ARID1B;SMARCA2;SMARCA4;DPF1;DPF2;DPF3,1.0
4,993,Positive Regulation Of Transcription Elongation By RNA Polymerase II (GO:0032968),23/43,2.777414092971102e-17,biological regulation,GO_Biological_Process_2023,2.9414568805396604e-19,0.0,0.0,22.510360824742268,960.5218634260806,MED1;CCNT1;MED8;MED9;MED16;MED27;MED4;MED15;SUPT6H;CDC73;MED6;MED17;MED7;MED23;MED22;MED14;MED30;MED10;MED21;MED31;MED20;LEO1;CDK13,0.5348837209302325
4,993,"Positive Regulation Of DNA-templated Transcription, Elongation (GO:0032786)",26/56,1.412777152733208e-17,biological regulation,GO_Biological_Process_2023,1.4386732716224113e-19,0.0,0.0,17.00799724233023,737.8986856121893,CCNT2;CCNT1;MED16;MED15;SUPT6H;CDC73;MED17;MED14;MED30;MED10;MED31;LEO1;KAT7;HMGN1;MED1;MED8;MED9;MED27;MED4;MED6;MED7;MED23;MED22;MED21;MED20;CDK13,0.4642857142857143
4,993,Epigenetic Regulation Of Gene Expression (GO:0040029),31/83,1.2097918784175065e-17,cellular process,GO_Biological_Process_2023,1.1826885980456275e-19,0.0,0.0,11.746461698384776,511.9263818776906,HDAC4;SMARCD1;PHB1;SMARCB1;KMT2A;KDM1B;SMYD5;DPY30;ASH2L;CTCF;BMI1;NOC2L;PPM1D;HDAC9;HDAC6;RNF2;MECP2;MTA1;RBBP5;TASOR;WDR5;EPC1;KAT7;BRD7;MEN1;TFAP2C;DNMT3A;ARID1B;SMARCA4;KAT2B;ZNF335,0.37349397590361444
4,993,Nuclear Receptor Binding (GO:0016922),36/115,8.087808395096892e-18,binding,GO_Molecular_Function_2023,1.2361279206479966e-19,0.0,0.0,9.01297567556843,392.3991199697485,DDX5;KDM3A;SMARCD3;KDM1A;JMJD1C;BAZ2A;RNF6;MED16;MED17;MED12;MED14;MED13;MED30;NSD1;NRIP1;PPARGC1B;SMARCE1;MED1;NCOA2;KDM4C;PRMT2;NCOA6;HMGA1;MED9;MED4;ARID1A;SMARCA4;ASXL1;MED22;NCOR1;THRAP3;TADA3;TRIP6;CRY1;PPID;TAF1,0.3130434782608696
4,993,Regulation Of G0 To G1 Transition (GO:0070316),21/33,7.187190277274319e-18,biological regulation,GO_Biological_Process_2023,6.733416553047225e-20,0.0,0.0,34.19881687242798,1509.69374740592,SMARCE1;SMARCD1;SMARCD2;PBRM1;SMARCC1;SMARCB1;SMARCD3;SMARCC2;ACTL6B;ACTL6A;ARID1A;ARID1B;SMARCA2;SMARCA4;BCL7A;BCL7C;BCL7B;DPF1;DPF2;DPF3;BRD7,0.6363636363636364
4,993,Regulation Of Transcription Elongation By RNA Polymerase II (GO:0034243),29/77,1.0841176538316844e-16,biological regulation,GO_Biological_Process_2023,1.3689469355919438e-18,0.0,0.0,11.882153354080222,488.7425527054649,CCNT1;SRCAP;INTS10;MED16;MED15;SUPT6H;CDC73;MED17;MED14;MED30;MED10;MED31;LEO1;HEXIM1;MED1;INTS3;MED8;MED9;MED27;MED4;MED6;MED7;MED23;MED22;MED21;MED20;INTS6;CDK13;INTS9,0.37662337662337664
4,993,Regulation Of Signal Transduction By P53 Class Mediator (GO:1901796),15/47,1.4823026970721409e-07,biological regulation,GO_Biological_Process_2023,4.166146073237381e-09,0.0,0.0,9.09461273006135,175.4921430877978,HEXIM1;PLK3;PRMT5;USP7;DYRK2;RNF34;TP53RK;USP2;HIPK2;KAT6A;SMYD2;MAPKAPK5;KMT5A;RFFL;TAF1,0.3191489361702128
4,993,Signaling By TGF-beta Receptor Complex R-HSA-170834,24/91,1.5164899754804283e-10,Signal Transduction,Reactome_2022,9.478062346752678e-12,0.0,0.0,7.001524883323322,177.712993151847,TGIF1;USP15;CCNT2;TGIF2;CCNT1;HDAC1;USP9X;UBE2D3;NEDD4L;CCNC;NEDD8;YBX1;NCOR2;PPM1A;CDK8;XPO1;NCOR1;RBL1;TFDP2;E2F5;RNF111;TRIM33;MEN1;UBE2M,0.26373626373626374
4,993,"Regulation Of mRNA Splicing, Via Spliceosome (GO:0048024)",19/94,4.018975834907371e-06,biological regulation,GO_Biological_Process_2023,1.4733516299049425e-07,0.0,0.0,4.924134154688569,77.4593672107402,DDX17;RBM38;SRPK2;PRMT5;KHDRBS1;DDX5;TIA1;WTAP;FMR1;PRDX6;RBM3;FXR1;RBM15B;REST;FXR2;THRAP3;PCBP4;NCL;SAP18,0.20212765957446807
4,993,Regulation Of Transforming Growth Factor Beta Receptor Signaling Pathway (GO:0017015),21/111,3.053845775321988e-06,biological regulation,GO_Biological_Process_2023,1.0946575487915885e-07,0.0,0.0,4.5411179698216735,72.78346794511691,CDKN1C;ZNF451;HDAC2;HSP90AB1;HDAC1;ARID4A;ARID4B;ING1;SAP30;HIPK2;PPM1A;ING2;RBBP4;SIN3A;SAP30L;SUDS3;RBBP7;OGT;RNF111;TRIM33;MEN1,0.1891891891891892
4,993,Histone H3K9 Demethylase Activity (GO:0032454),7/13,9.358062956745492e-06,catalytic activity,GO_Molecular_Function_2023,9.603252379192972e-07,0.0,0.0,22.48258958755916,311.5186223909428,KDM3A;KDM4B;KDM3B;KDM4C;KDM1A;KDM4D;JMJD1C,0.5384615384615384
4,993,Peptidyl-Lysine Modification (GO:0018205),19/94,4.018975834907371e-06,cellular process,GO_Biological_Process_2023,1.4733516299049425e-07,0.0,0.0,4.924134154688569,77.4593672107402,HDAC4;ZNF451;PIAS3;USPL1;UHRF2;CBX4;NSMCE1;SMC5;HDAC9;PIAS2;HDAC6;PML;PIAS1;KAT2B;HINT1;TRIM28;ZMIZ1;ZMIZ2;ZBED1,0.20212765957446807
4,993,Histone Acetylation (GO:0016573),15/60,4.336655013640899e-06,None,GO_Biological_Process_2023,1.6074770111662802e-07,0.0,0.0,6.462849352419904,101.10112999044308,ACTL6B;MEAF6;TRRAP;USP22;ACTL6A;YEATS4;KAT2B;MORF4L1;RUVBL1;TADA3;WDR5;EP400;EPC1;DMAP1;ATXN7L3,0.25
4,993,2-Oxoglutarate-Dependent Dioxygenase Activity (GO:0016706),12/41,4.535268782208565e-06,catalytic activity,GO_Molecular_Function_2023,4.357026777667618e-07,0.0,0.0,8.005061689338817,117.24458111327756,KDM5A;KDM6B;KDM5B;KDM3A;KDM4B;KDM4C;KDM2B;KDM4D;TET3;JARID2;HSPBAP1;KDM6A,0.2926829268292683
4,993,Heterochromatin (GO:0000792),13/49,5.014925006432653e-06,cellular anatomical structure,GO_Cellular_Component_2023,5.10368474105978e-07,0.0,0.0,6.990447845804988,101.27853723779177,CBX5;UHRF2;CBX2;ATRX;HMGA1;SMARCA5;BAZ2A;BAZ1A;BAZ1B;RRP8;MECP2;H1-4;TASOR,0.2653061224489796
4,993,DNA-templated Transcription (GO:0006351),29/199,5.051565616480724e-06,cellular process,GO_Biological_Process_2023,1.8930510660538766e-07,0.0,0.0,3.333371979497193,51.60028424843725,DDX5;CCNT2;CCNT1;CBFB;THRA;BAZ2A;MED16;RO60;MNT;TAF1B;HSF1;UBTF;EPC1;PKNOX1;PRMT5;ZNF141;TBP;NFYA;NCOA6;SMARCA5;MED4;POLRMT;PPP5C;NFX1;NFIC;MED20;TFAM;PTMA;TAF1,0.1457286432160804
4,993,Heterochromatin Formation (GO:0031507),11/32,5.564037276729806e-06,cellular process,GO_Biological_Process_2023,2.1077615752988679e-07,0.0,0.0,10.127339734264378,155.68221744790594,L3MBTL1;KMT2D;CTBP1;LMNA;SCMH1;SMARCA5;BAZ2A;UBR2;PPM1D;H1-0;LMNB2,0.34375
4,993,Nuclear Retinoic Acid Receptor Binding (GO:0042974),8/17,5.948700545693145e-06,binding,GO_Molecular_Function_2023,5.844793112580601e-07,0.0,0.0,17.14427523970671,246.06397248008653,ASXL1;MED1;PRMT2;NCOA6;NSD1;NRIP1;HMGA1;MED9,0.47058823529411764
4,993,Internal Peptidyl-Lysine Acetylation (GO:0018393),12/39,6.177279826255516e-06,cellular process,GO_Biological_Process_2023,2.365231379503131e-07,0.0,0.0,8.598935326764073,131.19584631709358,KAT2B;MORF4L1;MEAF6;TRRAP;RUVBL1;ACTL6A;TADA3;EP400;EPC1;YEATS4;KAT7;DMAP1,0.3076923076923077
4,993,H4/H2A Histone Acetyltransferase Complex (GO:0043189),10/29,6.638979280877708e-06,protein-containing complex,GO_Cellular_Component_2023,7.344003629289501e-07,0.0,0.0,10.166514964930128,143.5940076177232,MORF4L1;MEAF6;ACTL6B;TRRAP;RUVBL1;ACTL6A;EP400;EPC1;YEATS4;DMAP1,0.3448275862068966
4,993,Positive Regulation Of Histone Methylation (GO:0031062),10/19,1.845899945489232e-07,None,GO_Biological_Process_2023,5.3384479075248646e-09,0.0,0.0,21.47394597038544,409.0428281483828,KANSL1;PHF20;MCRS1;KANSL3;SMARCA5;WDR5;KAT8;BAZ2A;OGT;RRP8,0.5263157894736842
4,993,NuA4 Histone Acetyltransferase Complex (GO:0035267),10/29,6.638979280877708e-06,protein-containing complex,GO_Cellular_Component_2023,7.344003629289501e-07,0.0,0.0,10.166514964930128,143.5940076177232,MORF4L1;MEAF6;ACTL6B;TRRAP;RUVBL1;ACTL6A;EP400;EPC1;YEATS4;DMAP1,0.3448275862068966
4,993,Signal Transduction By P53 Class Mediator (GO:0072331),11/33,7.580929839530127e-06,cellular process,GO_Biological_Process_2023,3.020193529267835e-07,0.0,0.0,9.666496945010184,145.12094115149816,DDX5;HINT1;MYBBP1A;SESN2;ATRX;JMY;TP53BP2;TRIAP1;POU4F1;RRP8;POU4F2,0.3333333333333333
4,993,Monoubiquitinated Protein Deubiquitination (GO:0035520),11/33,7.580929839530127e-06,cellular process,GO_Biological_Process_2023,3.020193529267835e-07,0.0,0.0,9.666496945010184,145.12094115149816,USP47;KAT2B;USP15;USP7;USP16;TRRAP;USP9X;USP22;TADA3;ATXN7L3;RNF2,0.3333333333333333
4,993,Regulation Of Histone Deacetylation (GO:0031063),9/21,7.580929839530127e-06,None,GO_Biological_Process_2023,3.026196025555815e-07,0.0,0.0,14.477896341463415,217.32465087028885,KAT2B;ING2;ZZZ3;CTBP1;TADA3;SMARCA5;WDR5;BAZ2A;RRP8,0.42857142857142855
4,993,Histone H2A Acetylation (GO:0043968),9/21,7.580929839530127e-06,None,GO_Biological_Process_2023,3.026196025555815e-07,0.0,0.0,14.477896341463415,217.32465087028885,MORF4L1;MEAF6;TRRAP;ACTL6A;RUVBL1;EP400;EPC1;YEATS4;DMAP1,0.42857142857142855
4,993,Regulation Of Chromatin Organization (GO:1902275),10/27,8.39997626808501e-06,biological regulation,GO_Biological_Process_2023,3.387363138657499e-07,0.0,0.0,11.36377236550775,169.29797920094828,KANSL1;PHF20;MCRS1;KANSL3;SETD1A;TLK2;WDR5;KAT8;TLK1;OGT,0.37037037037037035
4,993,Regulation Of Proteasomal Ubiquitin-Dependent Protein Catabolic Process (GO:0032434),20/109,9.025502200606812e-06,biological regulation,GO_Biological_Process_2023,3.676375641795035e-07,0.0,0.0,4.369204475905632,64.73486869500324,PSMD10;CEBPA;USP7;HSP90AB1;USP9X;KEAP1;COMMD1;RCHY1;FBXO22;CBFA2T3;GABARAP;PIAS1;BAG5;XPO1;RYBP;TLK2;ELOB;ARIH1;OGT;TAF1,0.1834862385321101
4,993,Negative Regulation Of Circadian Rhythm (GO:0042754),6/7,2.7929849907941334e-06,biological regulation,GO_Biological_Process_2023,9.897747217885525e-08,0.0,0.0,115.53799392097264,1863.439927076258,PER2;PIWIL2;SFPQ;SIN3A;CRY2;CRY1,0.8571428571428571
4,993,Histone Lysine Demethylation (GO:0070076),6/7,2.7929849907941334e-06,None,GO_Biological_Process_2023,9.897747217885525e-08,0.0,0.0,115.53799392097264,1863.439927076258,KDM6B;KDM3A;KDM3B;KDM4C;JMJD1C;KDM6A,0.8571428571428571
4,993,SUMO Ligase Activity (GO:0061665),7/13,9.358062956745492e-06,catalytic activity,GO_Molecular_Function_2023,9.603252379192972e-07,0.0,0.0,22.48258958755916,311.5186223909428,PIAS3;ZNF451;ZMIZ1;ZMIZ2;ZBED1;PIAS2;PIAS1,0.5384615384615384
4,993,Ubiquitin-Like Protein Peptidase Activity (GO:0019783),11/32,2.2450111662485607e-06,catalytic activity,GO_Molecular_Function_2023,2.1077615752988679e-07,0.0,0.0,10.127339734264378,155.68221744790594,USP47;USP15;HINT1;USP48;USP7;ZRANB1;USPL1;COPS5;USP9X;STAMBP;OTUB1,0.34375
4,993,Methylation-Dependent Protein Binding (GO:0140034),17/68,2.993529064515391e-07,binding,GO_Molecular_Function_2023,2.4183531743901623e-08,0.0,0.0,6.474043715846994,113.53914985052867,KDM5A;L3MBTL1;CBX8;SUZ12;CBX6;CBX5;FMR1;CBX2;CXXC1;CDYL;ING1;RRP8;ZZEF1;ING5;ING2;ZZZ3;WDR5,0.25
4,993,Positive Regulation Of T Cell Differentiation (GO:0045582),17/64,3.052907625069434e-07,biological regulation,GO_Biological_Process_2023,8.953537637678176e-09,0.0,0.0,7.026508545517963,130.20975542426322,SMARCE1;SMARCD1;PBRM1;SMARCC1;SMARCD2;SMARCB1;SMARCC2;SMARCD3;ACTL6B;ACTL6A;ARID1A;ARID1B;SMARCA2;SMARCA4;BCL6;ZMIZ1;BRD7,0.265625
4,993,Intracellular Steroid Hormone Receptor Signaling Pathway (GO:0030518),14/43,3.450176743726109e-07,cellular process,GO_Biological_Process_2023,1.0259181356089854e-08,0.0,0.0,9.35831777676024,172.14712386407547,DDX17;MED1;DDX5;KDM3A;PHB1;NCOA4;UBE3A;ARID1A;SAFB;POU4F2;ZMIZ1;NEDD4;TADA3;PPARGC1B,0.32558139534883723
4,993,Protein Ubiquitination (GO:0016567),51/434,3.460812270558259e-07,cellular process,GO_Biological_Process_2023,1.0431776294147094e-08,0.0,0.0,2.632652043039364,48.38395672877011,UBE2D3;KEAP1;UBE3A;FBXO22;NPEPPS;HERC4;ELOC;ARIH1;RNF111;SKP1;TRIM23;RNF44;USP7;FBXW7;MUL1;LMO7;CDC34;NFX1;BIRC6;BIRC7;RNF34;CBFB;CUL5;UHRF2;CUL2;CUL1;NEDD4L;NEDD8;RNF6;RCHY1;RNF4;FAAP20;TNKS2;MKRN4P;NAE1;USP9X;HUWE1;WWP1;RNF146;CNOT4;KLHL9;ITCH;NEDD4;MKRN1;FBXL3;LZTR1;TRIM31;TRIM33;FBXL7;ASB1;TAF1,0.1175115207373272
4,993,DNA Damage Response (GO:0006974),47/384,3.622147666635781e-07,cellular process,GO_Biological_Process_2023,1.1065624236158191e-08,0.0,0.0,2.7524607750265053,50.42349171381985,WDR48;DYRK2;USP16;KDM1A;TRRAP;FMR1;DOT1L;SMC5;ASH2L;BACH1;FAAP20;YY1;PIDD1;ING2;TRIM28;RBBP5;EP400;TLK2;APBB1;NAE1;ZNF385A;MEN1;PLK3;UPF1;USP47;NPM1;TIGAR;CBX5;NCOA6;INTS3;ATRX;NSMCE1;SMARCA5;PPP4R3A;PPP4R3B;BAZ1B;GNL1;HIC1;PML;BCL6;TTC5;CDK3;PSME4;CRY1;BCL2L2;OTUB1;TAF1,0.12239583333333333
4,993,Positive Regulation Of DNA Metabolic Process (GO:0051054),22/108,4.32474843433233e-07,biological regulation,GO_Biological_Process_2023,1.3388223259032872e-08,0.0,0.0,4.984815462361986,90.36917307012835,OTUD4;USP7;PARP3;TIGAR;NPM2;PPP1R10;STPG4;EYA2;USP9X;FAF1;EYA3;MCRS1;ACTL6A;ATRX;SMARCA5;BAZ1A;PML;YY1;MECP2;TRIM28;RUVBL1;KAT7,0.2037037037037037
4,993,Ubiquitin-Protein Transferase Activity (GO:0004842),48/412,4.472868912048302e-07,catalytic activity,GO_Molecular_Function_2023,3.7111139444942253e-08,0.0,0.0,2.6015000872143728,44.5099720254992,MAGEL2;RNF34;CUL5;UHRF2;PPP1R11;UBE2D3;CUL2;NEDD4L;UBR2;UBE3A;RNF6;RCHY1;RNF4;FBXO22;RNF2;HERC4;TRIM28;MKRN4P;ARIH1;MARCHF9;RFFL;RNF111;TRIM23;RNF44;RING1;SIAH1;NSMCE1;HUWE1;WWP1;MUL1;LMO7;FBXW2;RNF146;CNOT4;KLHL9;ITCH;CDC34;NFX1;NEDD4;MKRN1;BIRC6;FBXL3;BIRC7;TRIM31;TRIM33;UBE2M;ASB1;TAF1,0.11650485436893204
4,993,DNA-templated Transcription Initiation (GO:0006352),16/59,5.565814513582689e-07,cellular process,GO_Biological_Process_2023,1.7683646927065164e-08,0.0,0.0,7.2224893480278975,128.92595272333236,TBP;RRN3;NCOA6;MAZ;SMARCA5;MED27;POLRMT;MED17;MED7;MED23;UBTF;TFAM;TAF4B;ELOB;ELOC;TAF1,0.2711864406779661
4,993,Zinc Ion Binding (GO:0008270),42/341,6.553140334012686e-07,binding,GO_Molecular_Function_2023,5.5801850005784895e-08,0.0,0.0,2.763280335081185,46.15081270757179,ZNF331;KDM5A;HDAC4;KDM5B;KDM5C;USP16;KMT2A;ZNF195;KDM1B;KMT2B;ZNF2;CHD4;CTCF;IDE;CHD3;BMI1;RCHY1;RNF2;NPEPPS;TRIM28;NSD1;SAP30L;ZNF208;DPF3;ZKSCAN5;ARIH1;ZFPL1;ZNF146;KDM4C;KDM2B;ZNF184;ZNF282;SIAH1;BAZ1B;RABGGTB;RABIF;KAT6A;TET3;PHF14;ZNF214;ZNF675;KPNB1,0.12316715542521994
4,993,Heterochromatin Organization (GO:0070828),13/39,7.718408393343228e-07,cellular process,GO_Biological_Process_2023,2.5075104492850777e-08,0.0,0.0,9.684183673469388,169.48667855388638,L3MBTL1;KMT2D;HDAC2;SETDB1;CTBP1;SMARCA5;BAZ2A;UBR2;PPM1D;H1-0;LMNB2;LMNA;SCMH1,0.3333333333333333
4,993,NSL Complex (GO:0044545),7/10,8.246467304556764e-07,protein-containing complex,GO_Cellular_Component_2023,7.662646610428852e-08,0.0,0.0,44.97227856659905,736.8403519944357,KANSL1;PHF20;KANSL3;MCRS1;WDR5;KAT8;OGT,0.7
4,993,Ubiquitin Protein Ligase Binding (GO:0031625),36/271,8.497606398289929e-07,binding,GO_Molecular_Function_2023,7.421490304183346e-08,0.0,0.0,3.004922297071967,49.329708481603305,USP13;HSP90AB1;RNF34;CUL5;FAF1;HM13;UBE2D3;CUL2;CUL1;NEDD8;GABARAP;HDAC6;BAG5;TRIM28;BAG1;UBXN7;ELOB;ARIH1;APBB1;NAE1;PATZ1;DNM1L;RFFL;HSPA8;FBXW7;USP2;MUL1;PRDX6;MID1;PML;DNAJA1;TRAF4;ANKRA2;EIF4E2;ZNF675;OTUB1,0.13284132841328414
4,993,Regulation Of Histone H3-K4 Methylation (GO:0051569),8/14,2.3838631031372022e-06,None,GO_Biological_Process_2023,8.253701171758136e-08,0.0,0.0,25.720473773265653,419.5014163766733,KDM1A;KANSL1;PHF20;MCRS1;KANSL3;WDR5;KAT8;OGT,0.5714285714285714
4,993,Negative Regulation Of Gene Expression (GO:0010629),42/336,1.1086277795224723e-06,biological regulation,GO_Biological_Process_2023,3.6577943031087694e-08,0.0,0.0,2.811025987682139,48.135504230467625,PIWIL2;PIWIL4;RNH1;PPP1R11;SMYD5;HDAC1;FMR1;CHD4;YBX1;GATA2;BMI1;PPM1D;HDAC9;TOB1;FXR1;MECP2;YY1;EIF4ENIF1;FXR2;TERT;TASOR;IGF2BP1;EPC1;ZNF148;PAIP2;TIA1;SETDB1;FBXW7;IFRD2;POU4F1;RBL2;KAT2B;REST;RBL1;PTRH2;NCL;AGO2;EIF4E2;LSM14A;ASB1;TAF1;TNRC6B,0.125
4,993,Histone Methyltransferase Activity (GO:0042054),9/19,1.1627001317869148e-06,catalytic activity,GO_Molecular_Function_2023,1.0408450961411249e-07,0.0,0.0,17.37530487804878,279.36124083234216,PRMT6;SUZ12;PRMT5;PRMT2;EED;PRMT1;KMT2C;DOT1L;KMT5A,0.47368421052631576
4,993,Ubiquitin-Like Protein Ligase Binding (GO:0044389),37/289,1.3966777311036437e-06,binding,GO_Molecular_Function_2023,1.2807961726277956e-07,0.0,0.0,2.8804501228664408,45.7145113449606,USP13;HSP90AB1;RNF34;CUL5;FAF1;HM13;UBE2D3;CUL2;CUL1;NEDD8;GABARAP;HDAC6;BAG5;TRIM28;BAG1;UBXN7;ELOB;ARIH1;APBB1;NAE1;PATZ1;DNM1L;RFFL;HSPA8;FBXW7;USP2;MUL1;PRDX6;MID1;PML;DNAJA1;ITCH;TRAF4;ANKRA2;EIF4E2;ZNF675;OTUB1,0.12802768166089964
4,993,Chromosome (GO:0005694),26/164,1.5328541522257672e-06,cellular anatomical structure,GO_Cellular_Component_2023,1.492158909246322e-07,0.0,0.0,3.676348485529728,57.784373626340695,L3MBTL1;SETD2;FMR1;PINX1;SMC5;CTCF;NOC2L;FAAP20;PPP1R7;KAT7;KMT5A;ZNF202;SMARCE1;PBRM1;SMARCA5;CDYL;BAZ1A;ETV4;ZFX;RBL2;MYCL;NCL;POLR1B;DMC1;TOP1;CLOCK,0.15853658536585366
4,993,Regulation Of Cellular Response To Stress (GO:0080135),21/107,1.6729937819322056e-06,biological regulation,GO_Biological_Process_2023,5.6415827743571474e-08,0.0,0.0,4.753337639965547,79.3356583328195,NPM1;TRRAP;MCRS1;USP22;ACTL6A;USP19;YY1;KAT2B;DNAJB1;DNAJC7;DNAJB6;AIFM2;RUVBL1;TADA3;HSF1;SMYD2;CRY1;KMT5A;ATXN7L3;AJUBA;SLC38A2,0.19626168224299065
4,993,Negative Regulation Of Cell Population Proliferation (GO:0008285),45/379,1.6729937819322056e-06,biological regulation,GO_Biological_Process_2023,5.6561500570416736e-08,0.0,0.0,2.6538221026301825,44.286816814546285,BTG4;CDKN1C;BTG3;CEBPA;PHB1;CTBP2;CTBP1;PINX1;CTCF;GATA2;PPM1D;TOB2;ING1;TOB1;CDC73;RNF2;TIAL1;ING5;RBBP4;LMNA;TP53INP1;SMYD2;MEN1;CDKN2D;TFAP2A;ZBTB17;PBRM1;NPM1;CDKN2C;H2AC6;KDM2B;HMGA1;MED9;CGRRF1;SMARCA2;CBFA2T3;PML;PER2;KAT2B;REST;PRKRA;DNAJA3;PHF14;CDK10;ZNF777,0.11873350923482849
4,993,Intrinsic Apoptotic Signaling Pathway By P53 Class Mediator (GO:0072332),12/35,1.7733436389651567e-06,cellular process,GO_Biological_Process_2023,6.067652369575282e-08,0.0,0.0,10.09652971679298,167.78119247327953,DDX5;HINT1;DYRK2;MYBBP1A;JMY;TP53BP2;HIPK1;POU4F1;RRP8;PML;POU4F2;HIPK2,0.34285714285714286
5,966,Cholinergic synapse,30/113,3.8727166493539354e-14,Nervous system,KEGG_2021_Human,9.681791623384835e-15,0.0,0.0,7.318118628359592,236.14492629989635,CAMK2B;CAMK2D;CAMK2A;ITPR1;GNAI3;CACNA1A;ITPR2;PIK3R3;CACNA1D;ITPR3;CACNA1C;GNAI1;GNAI2;GNG10;GNG2;GNA11;FYN;PRKACA;PRKACB;CAMK2G;PRKCB;PRKCA;FOS;GNG12;GNG11;GNAO1;CREB1;GNB1;GNB4;GNB5,0.26548672566371684
5,966,"Parathyroid hormone synthesis, secretion and action",28/106,3.3983463987742783e-13,Endocrine system,KEGG_2021_Human,8.647577889738118e-14,0.0,0.0,7.254496747034061,218.20736949722,ITPR1;GNAI3;ITPR2;ITPR3;ARRB1;ARRB2;GNAI1;GNAI2;AKAP13;GNA11;GNA12;PDE4A;PRKACA;PRKACB;MEF2D;MEF2A;MEF2C;JUND;PRKCB;PDE4D;PDE4C;PRKCA;FOS;RUNX2;CREB1;GNAS;FGFR1;HBEGF,0.2641509433962264
5,966,"Growth hormone synthesis, secretion and action",29/119,1.1479554327595817e-12,Endocrine system,KEGG_2021_Human,2.97238460268106e-13,0.0,0.0,6.514597414917586,187.90862229506524,SHC4;SHC3;CSH1;ITPR1;GNAI3;ITPR2;PIK3R3;IRS2;CACNA1D;ITPR3;CACNA1C;GNAI1;GNAI2;SOCS2;GHR;SOCS1;GNA11;PLCG2;PRKACA;PRKACB;MAP2K3;PRKCB;PRKCA;FOS;PTK2;MAPK12;MAPK13;CREB1;GNAS,0.24369747899159663
5,966,Relaxin signaling pathway,30/129,1.6497408069577837e-12,Endocrine system,KEGG_2021_Human,4.3452994468977334e-13,0.0,0.0,6.13021238021238,174.49350100853692,SHC4;SHC3;GNAI3;PIK3R3;ARRB1;ARRB2;PRKCZ;GNAI1;GNAI2;GNG10;GNA15;EDNRB;GNG2;PRKACA;PRKACB;JUN;MMP2;PRKCA;FOS;GNG12;GNG11;MAPK12;MAPK13;GNAO1;ACTA2;CREB1;GNB1;GNAS;GNB4;GNB5,0.23255813953488372
5,966,Fluid shear stress and atherosclerosis,31/139,2.198171492587544e-12,Cardiovascular disease,KEGG_2021_Human,5.887959355145206e-13,0.0,0.0,5.8101208160031685,163.61705026713665,PRKAA1;PRKAA2;CALML5;NCF1;CALML6;ITGA2B;PDGFA;PIK3R3;CALML3;CALML4;PRKCZ;ACTB;CDH5;MAPK7;RAC3;ITGAV;MAP2K5;MAP3K5;MEF2A;MEF2C;JUN;HSP90AA1;CAV3;CAV2;MMP2;FOS;PTK2;MAPK12;MAPK13;ARHGEF2;CALM1,0.22302158273381295
5,966,Glucagon signaling pathway,27/107,2.923632428486779e-12,Endocrine system,KEGG_2021_Human,7.961677595432747e-13,0.0,0.0,6.812539936102237,189.7903217104301,CAMK2B;CAMK2D;PRKAA1;PRKAA2;CALML5;CALML6;PDE3B;CAMK2A;ITPR1;PRKAG1;ITPR2;PRKAG2;CALML3;ITPR3;CALML4;PPP3CA;PPP3R1;PPP3CB;PPP3CC;PRKACA;PRKACB;CAMK2G;PRKAB2;PRKAB1;CREB1;GNAS;CALM1,0.2523364485981308
5,966,C-type lectin receptor signaling pathway,29/104,2.6848062488538623e-14,Immune system,KEGG_2021_Human,6.5921582003108236e-15,0.0,0.0,7.823706865884027,255.4666835261152,CALML5;CALML6;ITPR1;ITPR2;PIK3R3;CALML3;CBLB;ITPR3;CALML4;MALT1;PPP3CA;PPP3R1;PPP3CB;PAK1;PPP3CC;RRAS;PLCG2;JUN;FCER1G;KSR1;SYK;PRKCD;NFATC3;MAPK12;NFATC4;MAPK13;MRAS;MAPKAPK2;CALM1,0.27884615384615385
5,966,Human immunodeficiency virus 1 infection,50/212,1.842295568819061e-20,Infectious disease: viral,KEGG_2021_Human,3.289813515748324e-21,0.0,0.0,6.358833360288965,299.9045578561873,CALML5;CALML6;CALML3;CALML4;PPP3CA;PPP3CB;PPP3CC;CFL2;CFL1;RAC3;MAP2K3;PRKCB;PRKCA;FOS;PXN;GNAI3;ITPR1;PIK3R3;CXCR4;ITPR2;ITPR3;GNAI1;GNAI2;GNG10;PPP3R1;PAK1;GNG2;GNA11;PLCG2;PAK6;PTK2B;PAK3;PAK2;PAK5;PAK4;JUN;LIMK2;LIMK1;NFATC3;GNG12;GNG11;PTK2;MAPK12;NFATC4;MAPK13;GNAO1;GNB1;GNB4;GNB5;CALM1,0.2358490566037736
5,966,Gap junction,28/88,1.964913163043437e-15,Cellular community - eukaryotes,KEGG_2021_Human,4.3859668817933863e-16,0.0,0.0,9.439800995024877,333.8192237072772,GUCY1B1;GNAI3;ITPR1;LPAR1;ITPR2;PDGFA;ITPR3;GNAI1;GNAI2;GJA1;MAPK7;GNA11;PDGFD;PDGFC;PRKG2;PRKACA;PRKACB;PRKG1;MAP2K5;PDGFRB;MAP3K2;GUCY1A2;PDGFRA;GUCY1A1;PRKCB;PRKCA;TJP1;GNAS,0.3181818181818182
5,966,Chemokine signaling pathway,51/192,2.756888235320835e-23,Immune system,KEGG_2021_Human,3.8153363970957996e-24,0.0,0.0,7.468457156144634,402.721715259759,ITK;NCF1;ARRB1;ARRB2;PREX1;RAC3;PRKACA;PRKACB;JAK3;VAV3;PRKCB;PRKCD;VAV1;VAV2;FGR;TIAM1;HCK;PARD3;ELMO1;DOCK2;SHC4;SHC3;PXN;GNAI3;WAS;PIK3R3;CXCR4;FOXO3;RASGRP2;PRKCZ;GNAI1;GNAI2;RAP1B;CDC42;GNG10;GRK3;PAK1;GRK2;RAP1A;GNG2;GRK5;GRK6;PLCG2;PTK2B;LYN;GNG12;GNG11;PTK2;GNB1;GNB4;GNB5,0.265625
5,966,Apelin signaling pathway,39/137,3.3215098293018053e-19,Signal transduction,KEGG_2021_Human,6.227830929940885e-20,0.0,0.0,8.129185654844463,359.4943250921097,MYLK2;PRKAA1;PRKAA2;CALML5;CALML6;PDE3B;ITPR1;PRKAG1;GNAI3;ITPR2;PRKAG2;CALML3;ITPR3;CALML4;MYLK3;GNAI1;MYLK;SLC9A1;GNAI2;GNG10;GNG2;RRAS;CDH1;PRKACA;PRKACB;MEF2D;MEF2A;MEF2C;PRKAB2;PRKCE;GNG12;PRKAB1;GNG11;ACTA2;MRAS;GNB1;GNB4;GNB5;CALM1,0.2846715328467153
5,966,Phosphatidylinositol signaling system,33/97,5.114421636867402e-19,Signal transduction,KEGG_2021_Human,9.817862963629385e-20,0.0,0.0,10.483822347266882,458.8506776212737,DGKG;DGKD;CALML5;CALML6;INPP1;DGKA;INPPL1;ITPR1;ITPR2;PIK3R3;CALML3;ITPR3;PIK3C2G;CALML4;PIK3C2A;PIK3C2B;INPP5D;PLCG2;PIP4K2A;PIP5K1A;PIP4K2B;PIP5K1B;PIP4K2C;PIP5K1C;PRKCB;PRKCA;SYNJ2;DGKZ;ITPKB;SYNJ1;ITPKA;CALM1;PLCD1,0.3402061855670103
5,966,GnRH signaling pathway,32/93,1.218457361995921e-18,Endocrine system,KEGG_2021_Human,2.3933983896348453e-19,0.0,0.0,10.656369572085511,456.90679086095474,CAMK2B;CAMK2D;CALML5;CALML6;CAMK2A;ITPR1;ITPR2;CALML3;CACNA1D;ITPR3;CALML4;CACNA1C;CDC42;MAPK7;GNA11;PTK2B;PRKACA;PRKACB;CAMK2G;MAP3K4;MAP2K3;MAP3K2;JUN;PRKCB;MMP2;PRKCD;PRKCA;MAPK12;MAPK13;GNAS;CALM1;HBEGF,0.34408602150537637
5,966,Oocyte meiosis,37/129,2.1051940038037144e-18,Cell growth and death,KEGG_2021_Human,4.2291843826413907e-19,0.0,0.0,8.200191884681987,346.9264004859444,YWHAE;CAMK2B;CAMK2D;CALML5;CALML6;YWHAB;CAMK2A;ITPR1;ITPR2;CALML3;ITPR3;CALML4;PPP1CB;PPP2CA;RPS6KA3;PPP3CA;PPP2CB;RPS6KA6;PPP3R1;PPP3CB;PPP3CC;PPP2R1B;YWHAQ;PPP2R1A;RPS6KA2;RPS6KA1;PRKACA;PRKACB;CAMK2G;YWHAG;YWHAH;YWHAZ;MAPK12;MAPK13;PPP1CA;MOS;CALM1,0.2868217054263566
5,966,Nicotine addiction,22/40,2.125484136563225e-18,Substance dependence,KEGG_2021_Human,4.3648334947280515e-19,0.0,0.0,24.620527306967983,1040.846006326536,GABRB3;GRIA1;GABRA2;GABRQ;GABRB2;GRIA2;GABRA1;GABRB1;GABRA6;GABRA5;GABRA4;GABRA3;CACNA1A;GABRG3;GRIN2B;GABRG2;GABRG1;GABRR2;GABRR1;GABRE;GABRD;GRIA3,0.55
5,966,Aldosterone synthesis and secretion,31/98,6.694624502042624e-17,Endocrine system,KEGG_2021_Human,1.4046756767678722e-17,0.0,0.0,9.385856812195708,364.21010307254096,ATF1;CAMK2B;CAMK2D;DAGLA;CALML5;CALML6;CAMK2A;ITPR1;ITPR2;CALML3;CACNA1D;ITPR3;CALML4;CACNA1C;CACNA1H;CACNA1I;GNA11;NPPA;PRKACA;PRKACB;CAMK2G;PRKCB;PRKCE;PRKCA;ATP2B1;CREB1;PRKD3;GNAS;ORAI1;CALM1;DAGLB,0.3163265306122449
5,966,Adrenergic signaling in cardiomyocytes,38/150,6.919317717249683e-17,Circulatory system,KEGG_2021_Human,1.4827109394106465e-17,0.0,0.0,6.918064963054187,268.07553238800546,CAMK2B;CAMK2D;CALML5;CALML6;CAMK2A;GNAI3;CALML3;CACNA1D;CALML4;ADRB2;CACNA1C;GNAI1;SLC9A1;GNAI2;PPP1CB;PPP2CA;PPP2CB;RPS6KA5;PPP2R1B;PPP2R1A;PRKACA;PRKACB;CACNG3;CAMK2G;SCN1B;PRKCA;ATP2B1;PPP2R3A;MAPK12;MAPK13;PPP1CA;CACNB3;CREB1;PPP2R2C;PPP2R2B;GNAS;CALM1;RAPGEF4,0.25333333333333335
5,966,Human cytomegalovirus infection,45/225,1.27848570910363e-15,Infectious disease: viral,KEGG_2021_Human,2.796687488664191e-16,0.0,0.0,5.117806731813246,183.2836328005957,CALML5;CALML6;PXN;GNAI3;ITPR1;PIK3R3;CXCR4;ITPR2;CALML3;ITPR3;CALML4;GNAI1;GNAI2;AKAP13;PPP3CA;GNG10;PPP3R1;PPP3CB;PPP3CC;GNG2;GNA11;GNA12;EIF4EBP1;RAC3;PTK2B;ITGAV;PRKACA;PRKACB;PDGFRA;PRKCB;NFATC3;PRKCA;GNG12;GNG11;PTK2;MAPK12;NFATC4;MAPK13;GNAO1;CREB1;GNB1;GNAS;GNB4;GNB5;CALM1,0.2
5,966,Serotonergic synapse,27/113,1.1708270484375965e-11,Nervous system,KEGG_2021_Human,3.2406820090683478e-12,0.0,0.0,6.335240359610669,167.6002871398405,GABRB3;GABRB2;GABRB1;ITPR1;GNAI3;CACNA1A;ITPR2;CACNA1D;ITPR3;CACNA1C;GNAI1;GNAI2;GNG10;GNG2;PRKACA;PRKACB;PRKCB;TRPC1;PRKCA;HTR3B;GNG12;GNG11;GNAO1;GNB1;GNAS;GNB4;GNB5,0.23893805309734514
5,966,Gastric acid secretion,26/76,2.9165977116984e-15,Digestive system,KEGG_2021_Human,6.64046800431332e-16,0.0,0.0,10.501787234042553,367.0183405407033,CAMK2B;MYLK2;CAMK2D;CALML5;CALML6;CAMK2A;GNAI3;ITPR1;ITPR2;CALML3;ITPR3;CALML4;ACTB;MYLK3;GNAI1;MYLK;GNAI2;SLC9A1;PRKACA;PRKACB;CAMK2G;PRKCB;PRKCA;GNAS;EZR;CALM1,0.34210526315789475
5,966,Inflammatory mediator regulation of TRP channels,29/98,4.977097741321604e-15,Sensory system,KEGG_2021_Human,1.155397689949658e-15,0.0,0.0,8.506720492475214,292.58296706212406,CAMK2B;CAMK2D;CALML5;CALML6;CAMK2A;ITPR1;ITPR2;PIK3R3;CALML3;ITPR3;CALML4;PPP1CB;PLCG2;PRKACA;PRKACB;CAMK2G;MAP2K3;PRKCH;PRKCB;PRKCE;PRKCD;PRKCA;NGF;MAPK12;MAPK13;PPP1CA;GNAS;PRKCQ;CALM1,0.29591836734693877
5,966,ErbB signaling pathway,27/85,6.519828356572421e-15,Signal transduction,KEGG_2021_Human,1.5426379593675818e-15,0.0,0.0,9.407513495648342,320.84590523454983,CAMK2B;SHC4;CAMK2D;SHC3;CAMK2A;PIK3R3;TGFA;CBLB;AREG;PAK1;ERBB3;NCK2;EIF4EBP1;PLCG2;ABL2;PAK6;PAK3;CAMK2G;PAK2;PAK5;NCK1;PAK4;JUN;PRKCB;PRKCA;PTK2;HBEGF,0.3176470588235294
5,966,B cell receptor signaling pathway,26/81,1.6094452925870473e-14,Immune system,KEGG_2021_Human,3.879912758915203e-15,0.0,0.0,9.544564796905222,316.71694743944545,INPPL1;PIK3R3;MALT1;CD79B;PPP3CA;CD79A;PPP3CB;PPP3R1;PPP3CC;CD19;INPP5D;BLNK;PLCG2;RAC3;VAV3;LYN;JUN;SYK;PRKCB;NFATC3;FOS;VAV1;VAV2;BTK;PTPN6;PIK3AP1,0.32098765432098764
5,966,Phospholipase D signaling pathway,42/148,1.5079665628017613e-20,Signal transduction,KEGG_2021_Human,2.6254774977352087e-21,0.0,0.0,8.11663807890223,384.6395580959769,DGKG;SHC4;ARF1;RALA;DGKD;SHC3;RALB;DGKA;LPAR1;LPAR2;PDGFA;PIK3R3;CYTH3;CYTH2;RRAS;PDGFD;PDGFC;GNA12;PLCG2;PIP5K1A;FCER1A;PTK2B;PIP5K1B;FYN;PIP5K1C;RALGDS;CYTH1;PDGFRB;PDGFRA;FCER1G;SYK;PRKCA;DGKZ;DNM1;DNM2;DNM3;KITLG;MRAS;KIT;GNAS;ARF6;RAPGEF4,0.28378378378378377
5,966,Pathways in cancer,83/531,7.648407468788976e-21,Cancer: overview,KEGG_2021_Human,1.2974976955981302e-21,0.0,0.0,3.899647104028474,187.5490405064126,RET;SPI1;CALML5;CALML6;LAMC3;ITGA2B;CALML3;CALML4;ETS1;EDNRB;RPS6KA5;MECOM;CDH1;RASSF5;PIM1;RAC3;ITGAV;PRKACA;PRKACB;JAK3;APPL1;APC2;PDGFRB;PDGFRA;HSP90AA1;PRKCB;DCC;MMP2;FLT3LG;PRKCA;MITF;FOS;PGF;IL3RA;KIT;ITGA6;MET;CAMK2B;CAMK2D;RALA;RALB;LAMA2;CAMK2A;LPAR1;GNAI3;PDGFA;LPAR2;PIK3R3;TGFA;CXCR4;CSF2RB;IL2RG;RASGRP2;STK4;RASGRP1;GNAI1;RASGRP4;GNAI2;CDC42;GNG10;GNG2;GNA11;GNA12;PLCG2;CTNNA1;CTNNA3;CTNNA2;RALGDS;CAMK2G;RUNX1T1;JUN;ZBTB16;GNG12;GNG11;PTK2;EPOR;KITLG;GNB1;GNAS;GNB4;GNB5;CALM1;FGFR1,0.15630885122410546
5,966,Amphetamine addiction,30/69,6.694464859554602e-21,Substance dependence,KEGG_2021_Human,1.1057821419800012e-21,0.0,0.0,15.610618014464167,753.2706099870018,CAMK2B;GRIA1;GRIA2;CAMK2D;CALML5;CALML6;CAMK2A;CALML3;CACNA1D;CALML4;CACNA1C;PPP1CB;PPP3CA;PPP3CB;PPP3R1;PPP3CC;PRKACA;PRKACB;CAMK2G;GRIA3;JUN;PRKCB;PRKCA;FOS;GRIN2B;PPP1CA;ARC;CREB1;GNAS;CALM1,0.43478260869565216
5,966,T cell receptor signaling pathway,36/104,6.605327142328129e-21,Immune system,KEGG_2021_Human,1.0615704335884492e-21,0.0,0.0,10.796584440227704,521.4160532004657,ITK;PIK3R3;CBLB;RASGRP1;MALT1;CDC42;PPP3CA;PPP3R1;PPP3CB;PAK1;PPP3CC;NCK2;PAK6;MAP3K8;FYN;ICOS;PAK3;PAK2;PAK5;NCK1;PAK4;VAV3;JUN;NFATC3;FOS;VAV1;MAPK12;VAV2;MAPK13;ZAP70;TEC;LCK;PRKCQ;LCP2;PTPN6;LAT,0.34615384615384615
5,966,Glutamatergic synapse,38/114,2.351266123660816e-21,Nervous system,KEGG_2021_Human,3.6738533182200247e-22,0.0,0.0,10.214439655172416,504.1401143305206,GRIA1;GRIA2;ITPR1;GNAI3;CACNA1A;ITPR2;CACNA1D;ITPR3;GRIK1;CACNA1C;GRIK2;GNAI1;GNAI2;PPP3CA;GNG10;GRK3;PPP3R1;PPP3CB;GRK2;PPP3CC;GNG2;PRKACA;PRKACB;GRIA3;HOMER1;PRKCB;TRPC1;PRKCA;GNG12;GNG11;GRIN2B;GNAO1;GNB1;GNAS;GNB4;GNB5;SHANK3;SHANK1,0.3333333333333333
5,966,Proteoglycans in cancer,51/205,6.484264185773384e-22,Cancer: overview,KEGG_2021_Human,9.842186710548888e-23,0.0,0.0,6.833297849691292,346.26219332158024,ACTB;PPP1CB;ITGAV;PRKACA;PRKACB;VAV3;PPP1R12A;PRKCB;MMP2;PRKCA;VAV1;VAV2;TIAM1;MRAS;CTTN;EZR;PPP1R12B;MET;PPP1R12C;HBEGF;CAMK2B;CAMK2D;PXN;CAMK2A;ITPR1;PIK3R3;TWIST1;ITPR2;ITPR3;IQGAP1;SLC9A1;CDC42;PAK1;RRAS;ERBB3;PLCG2;FLNA;FLNB;FLNC;CAMK2G;CAV3;CAV2;RDX;MSN;PTK2;MAPK12;PPP1CA;MAPK13;PDCD4;PTPN6;FGFR1,0.24878048780487805
5,966,cAMP signaling pathway,53/216,1.9273457671578828e-22,Signal transduction,KEGG_2021_Human,2.8393933176879524e-23,0.0,0.0,6.720667387900739,348.90927244719734,CALML5;CALML6;PDE3B;CALML3;CALML4;PPP1CB;NPPA;RAC3;PDE4A;PRKACA;PRKACB;VAV3;PPP1R12A;PDE4D;PDE4C;ARAP3;FOS;VAV1;VAV2;TIAM1;CREB1;ORAI1;MYL9;RAPGEF4;GRIA1;CAMK2B;GRIA2;CAMK2D;CAMK2A;GNAI3;PIK3R3;CACNA1D;ADRB2;CACNA1C;GNAI1;GNAI2;SLC9A1;RAP1B;PAK1;RAP1A;RRAS;NPY;CAMK2G;GRIA3;JUN;ATP2B1;GRIN2B;TSHR;PPP1CA;AFDN;PDE3A;GNAS;CALM1,0.24537037037037038
5,966,Vascular smooth muscle contraction,42/133,1.8170480727149985e-22,Circulatory system,KEGG_2021_Human,2.5957829610214266e-23,0.0,0.0,9.462037962037964,492.0786676296968,MYLK2;GUCY1B1;CALML5;CALML6;ITPR1;ITPR2;CALML3;CACNA1D;ITPR3;CALML4;CACNA1C;MYLK3;MYLK;PPP1CB;GNA11;NPPA;GNA12;MYH14;MYH11;PRKACA;PRKACB;MYH10;PRKG1;GUCY1A2;PPP1R14A;GUCY1A1;PRKCH;PPP1R12A;PRKCB;PRKCE;PRKCD;PRKCA;PPP1CA;ACTA2;MYL6;GNAS;MYH9;PRKCQ;CALM1;PPP1R12B;MYL9;PPP1R12C,0.3157894736842105
5,966,Shigellosis,58/246,1.56411780464759e-23,Infectious disease: bacterial,KEGG_2021_Human,2.094800631224451e-24,0.0,0.0,6.403294591808042,349.1241662795662,ARF1;ARPC1B;ARPC1A;ARPC5L;ILK;WASL;ACTB;RPS6KA5;CAPNS1;CAPN2;CAPN1;ACTR3;ACTR2;FNBP1;ACTN1;PRKCE;PRKCD;ACTN4;CTTN;RRAGD;ELMO1;PFN4;ELMO2;PRKCQ;TLN2;ARHGEF2;PFN1;TLN1;MYL9;DOCK1;PFN3;VCL;ARF6;PXN;ITPR1;PIK3R3;ITPR2;ITPR3;FOXO3;MYL12A;MALT1;CDC42;CYTH3;CYTH2;PLCG2;WASF1;WASF2;CYTH1;JUN;ARPC4;ARPC5;PTK2;MAPK12;MAPK13;DIAPH1;ARPC2;ARPC3;PLCD1,0.23577235772357724
5,966,Choline metabolism in cancer,24/98,1.051042717428564e-10,Cancer: overview,KEGG_2021_Human,2.9560576427678364e-11,0.0,0.0,6.527801687037356,158.26380709072416,DGKG;PDGFRB;PDGFRA;JUN;DGKD;PRKCB;DGKA;WAS;PDGFA;PIK3R3;PRKCA;FOS;DGKZ;PDGFD;PDGFC;EIF4EBP1;PIP5K1A;RAC3;PIP5K1B;PIP5K1C;WASF1;RALGDS;WASF2;WASF3,0.24489795918367346
5,966,Glioma,19/75,5.171306705685856e-09,Cancer: specific types,KEGG_2021_Human,1.8238090613802794e-09,0.0,0.0,6.799328707195656,136.81839471670466,PDGFRB;CAMK2B;SHC4;PDGFRA;CAMK2D;SHC3;CALML5;CALML6;PRKCB;CAMK2A;PDGFA;PIK3R3;TGFA;CALML3;PRKCA;CALML4;PLCG2;CALM1;CAMK2G,0.25333333333333335
5,966,Melanogenesis,24/101,2.0205468326017127e-10,Endocrine system,KEGG_2021_Human,5.863193933888898e-11,0.0,0.0,6.2724791132434445,147.77798664724915,CAMK2B;CAMK2D;CALML5;CALML6;PRKCB;ASIP;CAMK2A;GNAI3;CALML3;MITF;PRKCA;CALML4;GNAI1;GNAI2;GNAO1;KITLG;EDNRB;CREB1;KIT;GNAS;PRKACA;CALM1;PRKACB;CAMK2G,0.2376237623762376
5,966,Chagas disease,19/102,9.011412144195932e-07,Infectious disease: parasitic,KEGG_2021_Human,3.701115702080472e-07,0.0,0.0,4.580972252261422,67.84173144959543,JUN;GNAI3;PIK3R3;FOS;GNAI1;MAPK12;GNAI2;MAPK13;GNAO1;PPP2CA;GNA14;PPP2CB;GNA15;PPP2R1B;PPP2R2C;PPP2R1A;PPP2R2B;GNA11;GNAS,0.18627450980392157
5,966,Cushing syndrome,24/155,1.0199763449199018e-06,Endocrine and metabolic disease,KEGG_2021_Human,4.234723217747807e-07,0.0,0.0,3.676374775125201,53.94998249660824,APC2;CAMK2B;USP8;CAMK2D;CAMK2A;ITPR1;GNAI3;ITPR2;CACNA1D;ITPR3;CACNA1C;CACNA1H;GNAI1;GNAI2;RAP1B;CACNA1I;RAP1A;CREB1;GNA11;GNAS;ORAI1;PRKACA;PRKACB;CAMK2G,0.15483870967741936
5,966,Taste transduction,17/86,1.4994492384028396e-06,Sensory system,KEGG_2021_Human,6.292331625440488e-07,0.0,0.0,4.923641972480567,70.30352155482367,GABRA2;GABRA1;PDE1C;GABRA6;PDE1B;GABRA5;PDE1A;GABRA4;GABRA3;CACNA1A;ITPR3;HTR3B;CACNA1C;PRKACA;SCN2A;PRKACB;SCN3A,0.19767441860465115
5,966,Synaptic vesicle cycle,16/78,1.8605615783837512e-06,Nervous system,KEGG_2021_Human,7.935467296542618e-07,0.0,0.0,5.153684210526316,72.39253124879272,ATP6V0B;CLTB;CACNA1A;AP2A1;AP2B1;AP2A2;DNM1;DNM2;DNM3;CLTCL1;ATP6V1B2;AP2S1;ATP6V0D1;ATP6V0C;AP2M1;ATP6V0A1,0.20512820512820512
5,966,Renal cell carcinoma,15/69,1.8605615783837512e-06,Cancer: specific types,KEGG_2021_Human,7.973835335930362e-07,0.0,0.0,5.543871947657436,77.84666210810222,JUN;PIK3R3;TGFA;ETS1;CDC42;RAP1B;PAK1;RAP1A;RAPGEF1;PAK6;PAK3;MET;PAK2;PAK5;PAK4,0.21739130434782608
5,966,GnRH secretion,14/64,3.948700361533873e-06,Endocrine system,KEGG_2021_Human,1.7099282815570789e-06,0.0,0.0,5.583529411764706,74.14401720699428,PRKCB;TRPC1;ITPR1;ITPR2;PIK3R3;ARRB1;PRKCA;CACNA1D;ITPR3;ARRB2;CACNA1C;CACNA1H;CACNA1I;GNA11,0.21875
5,966,Autophagy,21/137,5.946129576706911e-06,None,KEGG_2021_Human,2.6014316898092738e-06,0.0,0.0,3.6241379310344826,46.604415496223815,PRKAA1;PRKAA2;PRKCD;ITPR1;PIK3R3;IRS2;CAMKK2;PPP2CA;PPP2CB;DEPTOR;MRAS;RRAS;RB1CC1;LAMP2;RRAGD;ATG2A;ULK2;PRKCQ;PRKACA;PRKACB;ATG2B,0.15328467153284672
5,966,Cocaine addiction,12/49,5.996548807700524e-06,Substance dependence,KEGG_2021_Human,2.650260410546214e-06,0.0,0.0,6.458269590345062,82.9296882137149,GRIA2;JUN;CREB1;CDK5;GNAI3;GNAS;PRKACA;PRKACB;GRIN2B;GNAI1;GNAI2;CDK5R1,0.24489795918367346
5,966,Neuroactive ligand-receptor interaction,37/341,8.588108069188875e-06,Signaling molecules and interaction,KEGG_2021_Human,3.833976816602176e-06,0.0,0.0,2.4538623874001475,30.603609683813342,GABRB3;GRIA1;GABRB2;GRIA2;GABRB1;CSH1;LPAR1;LPAR2;GRIK1;GRIK2;ADRB2;GHR;GABRR2;GABRR1;EDNRB;CNR1;NPY;S1PR1;S1PR3;GABRE;GABRD;GRIA3;GABRA2;GABRQ;GABRA1;GABRA6;GABRA5;GABRA4;GABRA3;GABRG3;GRIN2B;PRLR;GABRG2;TSHR;GABRG1;PARD3;F2RL2,0.10850439882697947
5,966,JAK-STAT signaling pathway,25/162,6.42824437058593e-07,Signal transduction,KEGG_2021_Human,2.611474275550534e-07,0.0,0.0,3.6645671245840346,55.54817078105112,CSH1;MPL;PDGFA;PIK3R3;CSF2RB;IL2RG;SOCS2;GHR;SOCS1;PIM1;SOCS6;SOCS7;JAK3;SOCS4;SOCS5;PDGFRB;PDGFRA;CISH;STAM;PRLR;EPOR;IL3RA;PTPN6;STAM2;PTPN2,0.15432098765432098
5,966,Estrogen-dependent Nuclear Events Downstream Of ESR-membrane Signaling R-HSA-9634638,9/24,4.029808678471328e-06,Signal Transduction,Reactome_2022,9.342189077792076e-07,0.0,0.0,11.924137931034483,165.54942538385166,CREB1;SRF;TGFA;FOS;FOXO3;AREG;PTK2;UHMK1;HBEGF,0.375
5,966,G Beta:Gamma Signaling Thru BTK R-HSA-8964315,8/18,3.598546906451363e-06,Signal Transduction,Reactome_2022,8.165661447841502e-07,0.0,0.0,15.88643006263048,222.69848536599176,GNG10;GNG2;GNB1;BTK;GNB4;GNB5;GNG12;GNG11,0.4444444444444444
5,966,Signal Regulatory Protein Family Interactions R-HSA-391160,7/13,3.528408576923348e-06,Cell-Cell communication,Reactome_2022,7.971846490101867e-07,0.0,0.0,23.148418491484183,325.0542477125903,SIRPG;PTK2B;SIRPA;PTPN6;CD47;PTK2;SKAP2,0.5384615384615384
5,966,TCR Signaling R-HSA-202403,20/116,2.994869908185213e-06,Immune System,Reactome_2022,6.736986335701511e-07,0.0,0.0,4.170630725863284,59.266676850774246,VASP;ITK;TRAT1;WAS;PTPRJ;MALT1;ENAH;ZAP70;LCK;INPP5D;PLCG2;PRKCQ;EVL;LCP2;CSK;PKN2;PKN1;ARHGEF7;PAG1;NCK1,0.1724137931034483
5,966,DAP12 Interactions R-HSA-2172127,12/43,2.571741520862538e-06,Immune System,Reactome_2022,5.759892600753032e-07,0.0,0.0,7.710691823899371,110.78087285489084,VAV3;NCR2;SIGLEC15;SIGLEC14;SYK;KIR2DS2;LCK;PLCG2;BTK;FYN;LCP2;VAV2,0.27906976744186046
5,966,Energy Dependent Regulation Of mTOR By LKB1-AMPK R-HSA-380972,10/29,2.558003823293575e-06,Signal Transduction,Reactome_2022,5.703996737599623e-07,0.0,0.0,10.468509138956176,150.50500780897497,PRKAA1;PRKAB2;PRKAA2;CAB39;CAB39L;RRAGD;PRKAG1;PRKAG2;PRKAB1;LAMTOR3,0.3448275862068966
5,966,Downregulation Of ERBB2 Signaling R-HSA-8863795,10/29,2.558003823293575e-06,Signal Transduction,Reactome_2022,5.703996737599623e-07,0.0,0.0,10.468509138956176,150.50500780897497,PTPN18;USP8;HSP90AA1;ERBB3;CDC37;ERBIN;MATK;PTPN12;RNF41;HBEGF,0.3448275862068966
5,966,Ion Homeostasis R-HSA-5578775,13/50,2.180009983385888e-06,Muscle contraction,Reactome_2022,4.818293185283151e-07,0.0,0.0,7.003800232551544,101.87500822684126,CAMK2B;CAMK2D;AHCYL1;TRPC1;CAMK2A;ITPR1;ITPR2;PRKCA;ITPR3;ATP2B1;ORAI1;CALM1;CAMK2G,0.26
5,966,PKA Activation R-HSA-163615,8/17,2.152920094061992e-06,Signal Transduction,Reactome_2022,4.737270148034247e-07,0.0,0.0,17.652516817443747,257.0671521702924,NBEA;PRKAR1B;PRKAR1A;PRKAR2B;PRKAR2A;PRKCA;CALM1;PRKACB,0.47058823529411764
5,966,Cell Surface Interactions At Vascular Wall R-HSA-202733,22/134,2.0768905113654832e-06,Hemostasis,Reactome_2022,4.5495735170383373e-07,0.0,0.0,3.9373108353510897,57.49679485182342,LYN;GRB7;YES1;FCER1G;SIRPG;GP6;L1CAM;DOK2;MAG;GRB14;LCK;INPP5D;TSPAN7;SIRPA;PICK1;ITGAV;ITGA6;FYN;PTPN6;CD47;TEK;JAM3,0.16417910447761194
5,966,Cooperation Of PDCL (PhLP1) And TRiC/CCT In G-protein Beta Folding R-HSA-6814122,11/37,3.716909304857453e-06,Metabolism of proteins,Reactome_2022,8.470755979635845e-07,0.0,0.0,8.42078131292791,117.73495092257426,GNA14;GNA15;GNG10;GNG2;GNA11;GNB1;GNB4;GNB5;RGS11;GNG12;GNG11,0.2972972972972973
5,966,PD-L1 expression and PD-1 checkpoint pathway in cancer,18/89,5.126097545306001e-07,Cancer: overview,KEGG_2021_Human,2.059592763739018e-07,0.0,0.0,5.071224817257979,78.07448477340277,MAP2K3;JUN;CSNK2A1;NFATC3;PIK3R3;FOS;RASGRP1;MAPK12;MAPK13;PPP3CA;ZAP70;PPP3CB;PPP3R1;PPP3CC;LCK;PRKCQ;PTPN6;LAT,0.20224719101123595
5,966,Prolactin signaling pathway,16/70,4.1625772823535574e-07,Endocrine system,KEGG_2021_Human,1.6453283195896388e-07,0.0,0.0,5.919688109161793,92.46644996219749,SHC4;SHC3;CISH;PIK3R3;CSN2;FOS;FOXO3;PRLR;MAPK12;MAPK13;SOCS2;SOCS1;SOCS6;SOCS7;SOCS4;SOCS5,0.22857142857142856
5,966,Type II diabetes mellitus,13/46,4.1625772823535574e-07,Endocrine and metabolic disease,KEGG_2021_Human,1.6538811523636906e-07,0.0,0.0,7.854399185983656,122.6462148173538,PRKCE;PRKCD;CACNA1A;PIK3R3;CACNA1D;IRS2;CACNA1C;SLC2A4;CACNA1E;PRKCZ;SOCS2;SOCS1;SOCS4,0.2826086956521739
5,966,Cellular senescence,30/156,2.4924657294756285e-10,Cell growth and death,KEGG_2021_Human,7.343872238633549e-11,0.0,0.0,4.80972730972731,112.23291746651768,CALML5;CALML6;ITPR1;ITPR2;PIK3R3;CALML3;CACNA1D;ITPR3;CALML4;FOXO3;ETS1;PPP1CB;PPP3CA;PPP3R1;PPP3CB;PPP3CC;RRAS;RASSF5;CAPN2;EIF4EBP1;CAPN1;MAP2K3;NFATC3;MAPK12;NFATC4;MAPK13;PPP1CA;MRAS;MAPKAPK2;CALM1,0.19230769230769232
5,966,VEGF signaling pathway,18/59,5.79650656075638e-10,Signal transduction,KEGG_2021_Human,1.7337765159405244e-10,0.0,0.0,8.795770299475146,197.68976586101235,PRKCB;SH2D2A;PXN;HSPB1;PIK3R3;PRKCA;MAPK12;PTK2;MAPK13;CDC42;PPP3CA;PPP3CB;PPP3R1;PPP3CC;MAPKAPK3;MAPKAPK2;PLCG2;RAC3,0.3050847457627119
5,966,Kaposi sarcoma-associated herpesvirus infection,33/193,7.205353724487146e-10,Infectious disease: viral,KEGG_2021_Human,2.1873395235050267e-10,0.0,0.0,4.172307073954984,92.80531448499411,CALML5;CALML6;ITPR1;PIK3R3;ITPR2;CALML3;ITPR3;CALML4;PREX1;PPP3CA;GNG10;PPP3R1;PPP3CB;PPP3CC;GNG2;PLCG2;LYN;JUN;SYK;NFATC3;FOS;GNG12;GNG11;MAPK12;NFATC4;MAPK13;HCK;CREB1;MAPKAPK2;GNB1;GNB4;GNB5;CALM1,0.17098445595854922
5,966,Endocrine and other factor-regulated calcium reabsorption,17/53,7.465917699533508e-10,Excretory system,KEGG_2021_Human,2.2997692913741607e-10,0.0,0.0,9.453401241072472,209.79973192165545,PRKCB;CLTB;AP2A1;PRKCA;KLK2;AP2B1;ATP2B1;AP2A2;DNM1;DNM2;DNM3;CLTCL1;AP2S1;GNAS;PRKACA;PRKACB;AP2M1,0.32075471698113206
5,966,Insulin resistance,24/108,8.360473324420415e-10,Endocrine and metabolic disease,KEGG_2021_Human,2.6126479138813803e-10,0.0,0.0,5.747649378222627,126.8246808913099,PTPN1;PRKAB2;PRKAA1;PRKAA2;PRKCB;PRKCE;PRKCD;PRKAG1;PIK3R3;PRKAG2;IRS2;SLC2A4;PRKAB1;PRKCZ;PTPRF;PPP1CA;PPP1CB;RPS6KA3;RPS6KA6;CREB1;TBC1D4;RPS6KA2;RPS6KA1;PRKCQ,0.2222222222222222
5,966,Fc epsilon RI signaling pathway,19/68,9.268029150314011e-10,Immune system,KEGG_2021_Human,2.9376342396084586e-10,0.0,0.0,7.773527573648256,170.61529821768116,MAP2K3;VAV3;LYN;FCER1G;SYK;PIK3R3;PRKCA;VAV1;MAPK12;VAV2;MAPK13;INPP5D;BTK;PLCG2;FCER1A;RAC3;LCP2;FYN;LAT,0.27941176470588236
5,966,Sphingolipid signaling pathway,25/119,1.2346397291520743e-09,Signal transduction,KEGG_2021_Human,3.968484843703096e-10,0.0,0.0,5.353064869875868,115.88029276173432,GNAI3;PIK3R3;PRKCZ;GNAI1;GNAI2;PPP2CA;PPP2CB;PPP2R1B;PPP2R1A;GNA12;S1PR1;FCER1A;RAC3;FYN;S1PR3;MAP3K5;FCER1G;PRKCB;PRKCE;PRKCA;PPP2R3A;MAPK12;MAPK13;PPP2R2C;PPP2R2B,0.21008403361344538
5,966,AMPK signaling pathway,25/120,1.4687437445405943e-09,Signal transduction,KEGG_2021_Human,4.78653095319033e-10,0.0,0.0,5.29643716091504,113.6617798541576,PRKAA1;PRKAA2;CAB39;CAB39L;PRKAG1;PIK3R3;PRKAG2;IRS2;SLC2A4;FOXO3;CAMKK2;PPP2CA;PPP2CB;EEF2K;PPP2R1B;PPP2R1A;EIF4EBP1;PRKAB2;PPP2R3A;PRKAB1;RAB10;TBC1D1;CREB1;PPP2R2C;PPP2R2B,0.20833333333333334
5,966,Epithelial cell signaling in Helicobacter pylori infection,19/70,1.5366681664077911e-09,Infectious disease: bacterial,KEGG_2021_Human,5.076493049740022e-10,0.0,0.0,7.46789655672195,159.8221737031994,LYN;ATP6V0B;JUN;ADAM10;MAPK12;MAPK13;CDC42;TJP1;PAK1;ATP6V1B2;PLCG2;CSK;ATP6V0D1;ATP6V0C;MET;GIT1;HBEGF;ATP6V0A1;JAM3,0.2714285714285714
5,966,Natural killer cell mediated cytotoxicity,26/131,1.9667555350647674e-09,Immune system,KEGG_2021_Human,6.585118979011498e-10,0.0,0.0,4.986362715298886,105.416886272341,SHC4;SHC3;PIK3R3;PPP3CA;PPP3R1;PPP3CB;PAK1;PPP3CC;PLCG2;RAC3;PTK2B;FYN;VAV3;FCER1G;SYK;PRKCB;KIR2DS2;PRKCA;VAV1;VAV2;NCR2;ZAP70;LCK;LCP2;PTPN6;LAT,0.1984732824427481
5,966,Inositol phosphate metabolism,19/73,3.2695836627002347e-09,Carbohydrate metabolism,KEGG_2021_Human,1.109323028416151e-09,0.0,0.0,7.051898783683367,145.40673903884317,INPP1;INPPL1;PIK3C2G;SYNJ2;PIK3C2A;PIK3C2B;ITPKB;SYNJ1;PIP5KL1;INPP5D;ITPKA;PLCG2;PIP4K2A;PIP5K1A;PIP4K2B;PIP5K1B;PIP4K2C;PIP5K1C;PLCD1,0.2602739726027397
5,966,Osteoclast differentiation,25/127,4.876489130257351e-09,Development and regeneration,KEGG_2021_Human,1.676293138525964e-09,0.0,0.0,4.931132920755975,99.64182963462328,SPI1;NCF1;SIRPG;PIK3R3;PPP3CA;PPP3R1;PPP3CB;SOCS1;PPP3CC;PLCG2;BLNK;SIRPA;FYN;JUN;JUND;SYK;MITF;FOS;MAPK12;MAPK13;CREB1;TEC;LCK;BTK;LCP2,0.1968503937007874
5,966,Estrogen signaling pathway,26/137,5.171306705685856e-09,Endocrine system,KEGG_2021_Human,1.811352266012678e-09,0.0,0.0,4.71533448341959,94.91587392637086,SHC4;SHC3;CALML5;CALML6;ITPR1;GNAI3;ITPR2;PIK3R3;TGFA;CALML3;ITPR3;CALML4;GNAI1;GNAI2;PRKACA;PRKACB;JUN;HSP90AA1;MMP2;PRKCD;FOS;GNAO1;CREB1;GNAS;CALM1;HBEGF,0.1897810218978102
5,966,Salivary secretion,21/93,7.0120060009007125e-09,Digestive system,KEGG_2021_Human,2.5042878574645403e-09,0.0,0.0,5.852469135802469,115.9096812529746,GUCY1A2;GUCY1A1;GUCY1B1;CALML5;CALML6;PRKCB;ITPR1;ITPR2;CALML3;PRKCA;ITPR3;CALML4;ADRB2;ATP2B1;SLC9A1;GNAS;PRKG2;PRKACA;CALM1;PRKACB;PRKG1,0.22580645161290322
5,966,Lipid and atherosclerosis,33/215,1.0519575501221706e-08,Cardiovascular disease,KEGG_2021_Human,3.8039536410667776e-09,0.0,0.0,3.663686795519593,71.02871979179837,CAMK2B;CAMK2D;CALML5;NCF1;CALML6;CAMK2A;ITPR1;PIK3R3;CALML3;CALML4;RAP1B;CDC42;PPP3CA;PPP3R1;PPP3CB;PPP3CC;RAP1A;CAMK2G;MAP3K5;LYN;VAV3;MAP2K3;JUN;HSP90AA1;NFATC3;PRKCA;FOS;PTK2;VAV1;MAPK12;VAV2;MAPK13;CALM1,0.15348837209302327
5,966,Regulation of lipolysis in adipocytes,16/55,1.0664929586119028e-08,Endocrine system,KEGG_2021_Human,3.904126009204287e-09,0.0,0.0,8.202968960863698,158.81958425390306,PDE3B;GNAI3;PIK3R3;IRS2;ADRB2;GNAI1;TSHR;GNAI2;NPY;NPPA;GNAS;PRKG2;PRKACA;PRKACB;PRKG1;MGLL,0.2909090909090909
5,966,Tuberculosis,29/180,2.9515769874331817e-08,Infectious disease: bacterial,KEGG_2021_Human,1.0936646873078309e-08,0.0,0.0,3.8703697159456345,70.94831461461524,CAMK2B;RAB5B;CAMK2D;RAB5C;CALML5;CALML6;CAMK2A;CALML3;CALML4;MALT1;EEA1;PPP3CA;PPP3R1;PPP3CB;PPP3CC;LAMP2;CAMK2G;ATP6V0A1;ATP6V0B;FCER1G;KSR1;SYK;MAPK12;MAPK13;CREB1;ATP6V0D1;CALM1;RAB5A;ATP6V0C,0.16111111111111112
5,966,Vibrio cholerae infection,14/50,1.680295051819916e-07,Infectious disease: bacterial,KEGG_2021_Human,6.301106444324685e-08,0.0,0.0,7.76062091503268,128.67074942277335,ARF1;ATP6V0B;PRKCA;ACTB;TJP1;ATP6V1B2;PLCG2;GNAS;PRKACA;ATP6V0D1;PRKACB;ATP6V0C;ATP6V0A1;TJP2,0.28
5,966,Amoebiasis,20/102,1.9924871790381506e-07,Infectious disease: parasitic,KEGG_2021_Human,7.560777241885839e-08,0.0,0.0,4.886299180116537,80.1241010447603,RAB5B;RAB5C;LAMA2;PRKCB;LAMC3;ACTN1;PIK3R3;HSPB1;PRKCA;ACTN4;PTK2;GNA14;GNA15;MUC2;GNA11;GNAS;PRKACA;PRKACB;RAB5A;VCL,0.19607843137254902
5,966,Alcoholism,28/186,2.270120247819208e-07,Substance dependence,KEGG_2021_Human,8.71564023716303e-08,0.0,0.0,3.5662195352352164,57.970901347912026,SHC4;SHC3;CALML5;CALML6;GNAI3;CALML3;CALML4;GNAI1;CAMKK2;GNAI2;PPP1CB;GNG10;GNG2;NPY;PRKACA;PRKACB;NTRK2;GNG12;GNG11;GRIN2B;PPP1CA;GNAO1;CREB1;GNB1;GNAS;GNB4;GNB5;CALM1,0.15053763440860216
5,966,Arrhythmogenic right ventricular cardiomyopathy,17/77,3.007480644341397e-07,Cardiovascular disease,KEGG_2021_Human,1.1680840002575965e-07,0.0,0.0,5.6648753073410605,90.42687983618154,DSP;ACTN3;LAMA2;ACTN2;ITGA2B;CACNA1D;CACNA1C;ACTB;GJA1;CACNB3;DAG1;CTNNA1;ITGAV;ITGA6;CTNNA3;CTNNA2;CACNG3,0.22077922077922077
5,966,Hippo signaling pathway,31/163,1.6720199372957023e-10,Signal transduction,KEGG_2021_Human,4.777199820844864e-11,0.0,0.0,4.747707016690974,112.82727014458342,YWHAE;YAP1;YWHAB;PRKCZ;AREG;ACTB;SAV1;PPP1CB;PPP2CA;PPP2CB;PAK1;PARD6B;PARD6A;PPP2R1B;YWHAQ;CDH1;PPP2R1A;CTNNA1;CTNNA3;CTNNA2;YWHAG;YWHAH;APC2;PRKCI;YWHAZ;PPP1CA;LATS1;PPP2R2C;PPP2R2B;PARD3;NF2,0.1901840490797546
5,966,Long-term depression,27/60,2.1465168950335512e-19,Nervous system,KEGG_2021_Human,3.928892531088196e-20,0.0,0.0,16.55620098751089,739.786428568292,GRIA1;GNAZ;GRIA2;GUCY1B1;GNAI3;ITPR1;CACNA1A;ITPR2;ITPR3;GNAI1;GNAI2;PPP2CA;PPP2CB;PPP2R1B;PPP2R1A;GNA11;GNA12;PRKG2;PRKG1;GRIA3;LYN;GUCY1A2;GUCY1A1;PRKCB;PRKCA;GNAO1;GNAS,0.45
5,966,Role Of Nef In HIV-1 Replication And Disease Pathogenesis R-HSA-164952,11/27,1.080001956650171e-07,Disease,Reactome_2022,2.0157207442390223e-08,0.0,0.0,13.690968586387434,242.59990977071013,HCK;LCK;AP2S1;ELMO1;AP2A1;FYN;PKN2;AP2B1;DOCK2;AP2A2;AP2M1,0.4074074074074074
5,966,Signaling By Receptor Tyrosine Kinases R-HSA-9006934,194/496,1.7420498298945012e-124,Signal Transduction,Reactome_2022,3.4224947542131653e-127,0.0,0.0,15.586967710942591,4538.892842522129,CYFIP2;CYFIP1;NCKAP1;AHCYL1;RPS6KA3;SYNGAP1;RPS6KA5;PPP2R1B;PPP2R1A;RPS6KA2;RPS6KA1;PRKACB;MEF2A;MEF2C;PRKCB;PRKCE;PRKCD;FLT3LG;PRKCA;GABRG3;GABRG2;TIAM1;ARC;CDC37;ATP6V0D1;GRB7;SH2D2A;PDGFA;PIK3R3;TGFA;PRKCZ;FLRT3;PDGFD;PDGFC;NCKAP1L;RALGDS;PAG1;ATP6V0A1;LYN;JUND;YES1;PTK6;STAM;GRIN2B;PTK2;RANBP10;GRAP;CALM1;GABRB3;GABRB2;PTPRU;GABRB1;NRP2;PTPRS;SH3KBP1;AP2A1;PTPRJ;SHB;AREG;AP2A2;JAK3;VAV3;ATP6V0B;DUSP3;EPS15L1;FOS;VAV1;DUSP7;VAV2;KIT;RAPGEF1;ARHGEF7;SGK1;ATP6V0C;ARF6;HBEGF;YAP1;ASCL1;PPP2CA;PPP2CB;AP2S1;CTNNA1;MEF2D;EPS15;GABRQ;GABRA1;KIDINS220;ERBIN;RANBP9;AP2B1;KITLG;ABI2;ABI1;PKN2;PKN1;CDK5R2;CDK5R1;SH3GL3;NCF1;NAB1;IRS2;CDH5;GRB10;AP2M1;SH3GL2;SH3GL1;PDGFRB;USP8;PDGFRA;MATK;ADAM10;VRK3;PGF;RNF41;MAPKAPK3;HGS;MAPKAPK2;ELMO1;ELMO2;STAM2;SHC3;ITPR1;ITPR2;ITPR3;STK4;RAP1B;RAP1A;SOCS1;THEM4;SOCS6;MAP2K5;RAB4A;ADAP1;DIAPH1;FER;CDK5;FES;FGF13;FGFR1;PRR5;DOCK3;LAMC3;YWHAB;DOCK7;PDE3B;HSPB1;SPRED2;SPRED1;NCK2;ITGAV;NCK1;HSP90AA1;NGF;DNM1;EPN1;DNM2;DNM3;CREB1;VGF;LCK;ATP6V1B2;DOCK1;RALA;RALB;LAMA2;SRF;IL2RG;CDC42;MAPK7;ERBB3;MKNK1;LRIG1;PTK2B;CSK;FYN;WASF1;AAMP;SH2B3;WASF2;SH2B2;WASF3;NTRK2;PTPN1;PTPN18;PTPN12;BAIAP2;MAPK12;MAPK13;TEC;SPRY2;PTPN6;SPRY1;PTPN2;PTPN3,0.3911290322580645
5,966,Sema4D Induced Cell Migration And Growth-Cone Collapse R-HSA-416572,12/20,9.510169266062132e-11,Developmental Biology,Reactome_2022,1.3265658504723209e-11,0.0,0.0,29.91509433962264,749.2487408229116,MYL6;LIMK2;LIMK1;MYH14;MYH9;MYH11;PLXNB1;RHOC;MYH10;MYL9;RHOB;RND1,0.6
5,966,Negative Regulation Of MAPK Pathway R-HSA-5675221,16/41,1.8227752632983659e-10,Signal Transduction,Reactome_2022,2.560479986755072e-11,0.0,0.0,12.806063157894735,312.3173582337541,KSR1;YWHAB;PEBP1;DUSP8;DUSP16;DUSP9;MAPK12;DUSP7;PPP2CA;PPP2CB;DUSP10;PPP2R1B;PPP2R1A;PTPN7;MARK3;PTPN3,0.3902439024390244
5,966,Costimulation By CD28 Family R-HSA-388841,20/68,2.5144337732985124e-10,Immune System,Reactome_2022,3.5567629013259894e-11,0.0,0.0,8.362403100775193,201.19594978879968,PRR5;LYN;YES1;PIK3R3;VAV1;CDC42;PPP2CA;PPP2CB;PPP2R1B;PPP2R1A;LCK;THEM4;MAP3K8;CSK;FYN;PKN2;PTPN6;PKN1;ARHGEF7;ICOS,0.29411764705882354
5,966,Ca2+ Pathway R-HSA-4086398,19/61,2.5197301269972606e-10,Signal Transduction,Reactome_2022,3.5890065659587704e-11,0.0,0.0,9.072459395585057,218.19773431493203,CAMK2A;ITPR1;ITPR2;PRKCA;ITPR3;GNG12;GNG11;GNAO1;PPP3CA;PPP3CB;GNG10;PPP3R1;GNG2;GNB1;GNB4;PRKG2;GNB5;CALM1;PRKG1,0.3114754098360656
5,966,Cardiac Conduction R-HSA-5576891,27/126,3.4166034934239275e-10,Muscle contraction,Reactome_2022,4.900040373672824e-11,0.0,0.0,5.499564333430148,130.55521680819575,CAMK2B;CAMK2D;AHCYL1;CAMK2A;ITPR1;ITPR2;ITPR3;CACNA1C;SCN11A;NPPA;SCN3B;SCN3A;CAMK2G;SCN1B;SCN1A;TRPC1;PRKCA;ATP2B1;SCN10A;SCN8A;ORAI1;CALM1;FGF13;SCN2A;FGF12;FGF11;SCN2B,0.21428571428571427
5,966,Retrograde Neurotrophin Signaling R-HSA-177504,10/14,3.8346129951028714e-10,Signal Transduction,Reactome_2022,5.537211299411809e-11,0.0,0.0,49.76464435146443,1175.288869810775,DNM3;AP2S1;AP2A1;AP2B1;NGF;AP2A2;DNM1;AP2M1;SH3GL2;DNM2,0.7142857142857143
5,966,CLEC7A (Dectin-1) Induces NFAT Activation R-HSA-5607763,9/11,4.781493940021765e-10,Immune System,Reactome_2022,6.951484313587637e-11,0.0,0.0,89.4921630094044,2093.175229878308,PPP3CA;PPP3CB;PPP3R1;AHCYL1;ITPR1;NFATC3;ITPR2;ITPR3;CALM1,0.8181818181818182
5,966,Thrombin Signaling Thru Proteinase Activated Receptors (PARs) R-HSA-456926,14/32,4.886693052260377e-10,Hemostasis,Reactome_2022,7.152428927178742e-11,0.0,0.0,15.5359477124183,362.9350261493794,ARRB1;ARRB2;GNG12;GNG11;GNA14;GNA15;GNG10;GNG2;GNA11;GNA12;GNB1;GNB4;GNB5;F2RL2,0.4375
5,966,Programmed Cell Death R-HSA-5357801,35/208,6.682212833767038e-10,Programmed Cell Death,Reactome_2022,9.846089637181292e-11,0.0,0.0,4.098613585988091,94.43763784803,YWHAE;MAGED1;SATB1;YWHAB;UACA;SDCBP;PPP3R1;PPP3CC;YWHAQ;FLOT1;FLOT2;SPTAN1;YWHAG;APPL1;YWHAH;HSP90AA1;DBNL;GSN;PDCD6IP;UNC5A;UNC5B;DCC;PRKCD;BMX;YWHAZ;PTK2;TJP1;ARHGAP10;OCLN;CDC37;PRKCQ;PKN2;MAPT;VIM;TJP2,0.16826923076923078
5,966,Signal Amplification R-HSA-392518,14/33,8.003896615982601e-10,Hemostasis,Reactome_2022,1.1872184567911322e-10,0.0,0.0,14.71749226006192,336.3570677860272,GNAI3;GNG12;GNG11;GNAI1;GNAI2;GNA14;GNA15;GNG10;GNG2;GNA11;GNB1;GNB4;GNB5;AAMP,0.42424242424242425
5,966,NGF-stimulated Transcription R-HSA-9031628,15/39,9.232917743890647e-10,Signal Transduction,Reactome_2022,1.3785888969266978e-10,0.0,0.0,12.493427970557308,283.660664603136,SH3GL3;JUND;NAB1;SRF;FOS;ASCL1;DNM2;ARC;CREB1;CDK5;VGF;SGK1;MEF2D;CDK5R2;CDK5R1,0.38461538461538464
5,966,EPHA-mediated Growth Cone Collapse R-HSA-3928663,10/15,1.0573066879915747e-09,Developmental Biology,Reactome_2022,1.589075867020736e-10,0.0,0.0,39.80962343096234,898.2125228453156,LYN;MYL6;YES1;MYH14;MYH9;FYN;MYH11;MYH10;MYL9;NGEF,0.6666666666666666
5,966,RHO GTPases Activate CIT R-HSA-5625900,11/19,1.103820136978348e-09,Signal Transduction,Reactome_2022,1.669826140419112e-10,0.0,0.0,27.3934554973822,616.7124635636462,PPP1CB;MYL6;PPP1R12A;MYH14;MYH9;MYH11;RHOC;PPP1R12B;MYH10;MYL9;RHOB,0.5789473684210527
5,966,CREB1 Phosphorylation Thru Activation Of Adenylate Cyclase R-HSA-442720,9/12,1.747655309816159e-09,Neuronal System,Reactome_2022,2.6609683008006347e-10,0.0,0.0,59.65830721003135,1315.2962951298778,CREB1;PRKAR1B;PRKAR1A;PRKAR2B;PRKAR2A;PRKCA;PRKX;CALM1;PRKACB,0.75
5,966,MTOR Signaling R-HSA-165159,15/41,2.072539038633202e-09,Signal Transduction,Reactome_2022,3.1759930258033357e-10,0.0,0.0,11.531181752001942,252.18960380458057,PRKAA1;PRKAB2;PRKAA2;CAB39;CAB39L;YWHAB;PRKAG1;PRKAG2;PRKAB1;FKBP1A;EEF2K;RRAGD;EIF4EBP1;EIF4E;LAMTOR3,0.36585365853658536
5,966,Toll Like Receptor 4 (TLR4) Cascade R-HSA-166016,27/140,3.946097651091566e-09,Immune System,Reactome_2022,6.085828400995833e-10,0.0,0.0,4.814639938929571,102.16612062338662,PPP2CA;RPS6KA3;PPP2CB;RPS6KA5;SOCS1;MAPK7;PPP2R1B;PPP2R1A;RPS6KA2;RPS6KA1;PLCG2;MAP3K8;MAP2K3;MEF2A;MEF2C;JUN;DUSP3;FOS;VRK3;DNM1;DNM2;DUSP7;DNM3;CREB1;MAPKAPK3;MAPKAPK2;BTK,0.19285714285714287
5,966,"Unblocking Of NMDA Receptors, Glutamate Binding And Activation R-HSA-438066",11/21,4.591758556090154e-09,Neuronal System,Reactome_2022,7.126697955424797e-10,0.0,0.0,21.912460732984293,461.52031200042927,CAMK2B;GRIA1;GRIA2;CAMK2D;ACTN2;CAMK2A;NEFL;CALM1;GRIN2B;CAMK2G;GRIA3,0.5238095238095238
5,966,FLT3 Signaling R-HSA-9607240,14/37,4.729703732120275e-09,Immune System,Reactome_2022,7.387258284942275e-10,0.0,0.0,12.15537084398977,255.5799732186236,SYK;FLT3LG;PTPRJ;FOXO3;SLA2;SOCS2;HCK;LCK;GRB10;ABL2;CSK;FYN;SOCS6;SH2B3,0.3783783783783784
5,966,NCAM Signaling For Neurite Out-Growth R-HSA-375165,17/57,5.268126934076565e-09,Developmental Biology,Reactome_2022,8.279963747075152e-10,0.0,0.0,8.50626975763962,177.8832181384943,CACNA1D;CACNA1C;GFRA2;CACNA1H;PTK2;CACNB3;RPS6KA5;CREB1;ARTN;PTPRA;CNTN2;NRTN;FYN;NCAM1;SPTAN1;SPTBN1;FGFR1,0.2982456140350877
5,966,Generation Of Second Messenger Molecules R-HSA-202433,13/32,6.6639851460787614e-09,Immune System,Reactome_2022,1.060477007529233e-09,0.0,0.0,13.65190257911305,282.11038279870775,VASP;ITK;WAS;ENAH;ZAP70;LCK;PLCG2;EVL;LCP2;PKN2;PKN1;ARHGEF7;NCK1,0.40625
5,966,Glucagon Signaling In Metabolic Regulation R-HSA-163359,13/32,6.6639851460787614e-09,Metabolism,Reactome_2022,1.060477007529233e-09,0.0,0.0,13.65190257911305,282.11038279870775,PRKCA;GNG12;GNG11;GNG10;GNG2;PRKAR1B;PRKAR2B;PRKAR1A;PRKAR2A;GNB1;GNAS;GNB4;PRKACB,0.40625
5,966,Integrin Signaling R-HSA-354192,12/27,8.297412213569288e-09,Hemostasis,Reactome_2022,1.3367147377459362e-09,0.0,0.0,15.948846960167716,325.88360207698344,RAP1B;APBB1IP;PTPN1;RAP1A;SYK;ITGA2B;CSK;RASGRP2;TLN1;RASGRP1;PTK2;RAPGEF4,0.4444444444444444
5,966,VEGFR2 Mediated Vascular Permeability R-HSA-5218920,12/27,8.297412213569288e-09,Signal Transduction,Reactome_2022,1.3367147377459362e-09,0.0,0.0,15.948846960167716,325.88360207698344,PRR5;VAV3;CDH5;HSP90AA1;CTNNA1;THEM4;PKN2;PKN1;ARHGEF7;CALM1;VAV1;VAV2,0.4444444444444444
5,966,Activation Of AMPK Downstream Of NMDARs R-HSA-9619483,9/10,9.510169266062132e-11,Neuronal System,Reactome_2022,1.320738337246644e-11,0.0,0.0,178.99373040752351,4483.836817411861,PRKAA1;PRKAB2;PRKAA2;PRKAG1;PRKAG2;MAPT;CALM1;PRKAB1;CAMKK2,0.9
5,966,CRMPs In Sema3A Signaling R-HSA-399956,11/16,8.023716222131286e-11,Developmental Biology,Reactome_2022,1.103458026619234e-11,0.0,0.0,43.83643979057592,1105.992811019554,CDK5;DPYSL4;DPYSL5;FES;SEMA3A;DPYSL2;PLXNA2;PLXNA1;FYN;PLXNA4;CDK5R1,0.6875
5,966,Sema3A PAK Dependent Axon Repulsion R-HSA-399954,11/16,8.023716222131286e-11,Developmental Biology,Reactome_2022,1.103458026619234e-11,0.0,0.0,43.83643979057592,1105.992811019554,HSP90AA1;FES;SEMA3A;LIMK1;PLXNA2;PLXNA1;FYN;PKN2;PKN1;ARHGEF7;PLXNA4,0.6875
5,966,Beta-catenin Independent WNT Signaling R-HSA-3858494,30/142,4.493005342791383e-11,Signal Transduction,Reactome_2022,6.090714511839006e-12,0.0,0.0,5.414949633699634,139.83704402809886,CAMK2A;ITPR1;CLTB;ITPR2;ITPR3;AP2A1;ARRB2;AP2A2;PPP3CA;GNG10;PPP3R1;PPP3CB;GNG2;PARD6A;AP2S1;PRKG2;AP2M1;PRKG1;PRKCB;PRKCA;AP2B1;GNG12;GNG11;GNAO1;DAAM1;GNB1;GNB4;GNB5;PFN1;CALM1,0.2112676056338028
5,966,Signaling By High-Kinase Activity BRAF Mutants R-HSA-6802948,17/33,1.851706559150254e-13,Disease,Reactome_2022,2.073620311818556e-14,0.0,0.0,21.29254478398314,670.861978739861,KSR1;YWHAB;ITGA2B;PEBP1;ARRB1;ARRB2;IQGAP1;KSR2;RAP1B;APBB1IP;CNKSR2;CNKSR1;RAP1A;CSK;TLN1;MARK3;VCL,0.5151515151515151
5,966,RHOJ GTPase Cycle R-HSA-9013409,21/54,1.8790899525473602e-13,Signal Transduction,Reactome_2022,2.1227440524847385e-14,0.0,0.0,12.795286195286195,402.8401585941255,GIT2;TRIO;FNBP1;WIPF2;SNAP23;ARHGAP1;WAS;WWP2;WASL;ARHGAP5;ARHGAP26;ARHGAP35;CDC42;PREX1;GJA1;RHOJ;PKN2;PKN1;ARHGEF7;GIT1;PAK4,0.3888888888888889
5,966,Smooth Muscle Contraction R-HSA-445355,19/43,1.9408417599711345e-13,Muscle contraction,Reactome_2022,2.2115682137195637e-14,0.0,0.0,15.891851460753257,499.6793717219264,GUCY1A2;GUCY1A1;GUCY1B1;CAV3;MYL11;SORBS1;CACNA1H;MYL12A;MYLK;ACTA2;MYL6;MYH11;PDE5A;PKN2;PKN1;CALM1;TLN1;MYL9;VCL,0.4418604651162791
5,966,"Interleukin-3, Interleukin-5 And GM-CSF Signaling R-HSA-512988",19/44,3.23452974073934e-13,Immune System,Reactome_2022,3.717485065486275e-14,0.0,0.0,15.255374868004225,471.7441525957259,LYN;YES1;SYK;INPPL1;PIK3R3;CSF2RB;PRKCA;IL2RG;YWHAZ;VAV1;HCK;TEC;INPP5D;IL3RA;BLNK;RAPGEF1;FYN;PTPN6;JAK3,0.4318181818181818
5,966,ERK/MAPK Targets R-HSA-198753,14/22,6.587746233981638e-13,Immune System,Reactome_2022,7.636090919546496e-14,0.0,0.0,34.974264705882355,1056.3384011798128,MEF2A;MEF2C;DUSP3;VRK3;DUSP7;PPP2CA;PPP2CB;RPS6KA3;MAPK7;RPS6KA5;PPP2R1B;PPP2R1A;RPS6KA2;RPS6KA1,0.6363636363636364
5,966,Fc Epsilon Receptor (FCERI) Signaling R-HSA-2454202,31/130,7.299221163954903e-13,Immune System,Reactome_2022,8.532488394014079e-14,0.0,0.0,6.341327715659267,190.8252010820366,ITK;AHCYL1;ITPR1;ITPR2;ITPR3;RASGRP2;RASGRP1;RASGRP4;MALT1;PPP3CA;PPP3R1;PPP3CB;PLCG2;FCER1A;FYN;LYN;VAV3;JUN;FCER1G;SYK;NFATC3;FOS;VAV1;VAV2;TEC;BTK;PRKCQ;LCP2;PKN2;PKN1;CALM1,0.23846153846153847
5,966,Anti-inflammatory Response Favoring Leishmania Infection R-HSA-9662851,35/165,7.895294313158033e-13,Disease,Reactome_2022,9.306830231620472e-14,0.0,0.0,5.466743782533256,164.03206752910322,GNAZ;AHCYL1;ITPR1;GNAI3;ITPR2;ITPR3;PRKX;ADRB2;GNAI1;GNAI2;GNG10;GNG2;PRKAR2B;PRKAR2A;PLCG2;FYN;PRKACB;LYN;YES1;SYK;PRKCA;GNG12;GNG11;TSHR;FGR;HCK;CREB1;PRKAR1B;PRKAR1A;GNB1;GNAS;GNB4;MYH9;GNB5;CALM1,0.21212121212121213
5,966,CREB1 Phosphorylation Thru NMDA Receptor-Mediated Activation Of RAS Signaling R-HSA-442742,15/27,1.384576190016455e-12,Neuronal System,Reactome_2022,1.6457143319449025e-13,0.0,0.0,25.002628811777075,735.9631720749155,CAMK2B;CAMK2D;ACTN2;RASGRF2;CAMK2A;RASGRF1;GRIN2B;RPS6KA3;RPS6KA6;CREB1;RPS6KA2;RPS6KA1;NEFL;CALM1;CAMK2G,0.5555555555555556
5,966,RAF Activation R-HSA-5673000,16/32,1.8788271448806325e-12,Signal Transduction,Reactome_2022,2.2516396038844517e-13,0.0,0.0,20.018947368421053,582.9907351742987,CAMK2B;CAMK2D;KSR1;YWHAB;CAMK2A;PPP1CB;PPP2CA;PPP2CB;MRAS;PPP2R1B;PPP2R1A;SHOC2;CALM1;CAMK2G;MARK3;MAP3K11,0.5
5,966,Rap1 Signaling R-HSA-392517,12/16,1.883581693435856e-12,Immune System,Reactome_2022,2.2943431236350306e-13,0.0,0.0,59.84276729559748,1741.6136091262276,RAP1B;RAP1A;YWHAB;PRKCA;RASGRP2;RASGRP1;YWHAZ;PRKACB;RAP1GAP;PRKG1;SIPA1;RAPGEF4,0.75
5,966,Regulation Of KIT Signaling R-HSA-1433559,12/16,1.883581693435856e-12,Signal Transduction,Reactome_2022,2.2943431236350306e-13,0.0,0.0,59.84276729559748,1741.6136091262276,LYN;KITLG;YES1;SOCS1;LCK;KIT;PRKCA;FYN;PTPN6;SOCS6;SH2B3;SH2B2,0.75
5,966,Signaling To ERKs R-HSA-187687,13/33,1.0319614217609676e-08,Signal Transduction,Reactome_2022,1.6726290234829042e-09,0.0,0.0,12.968625393494229,262.0812540580728,RALA;RALB;SHC3;YWHAB;KIDINS220;NGF;MAPK12;MAPK13;RAP1A;MAPKAPK3;MAPKAPK2;RAPGEF1;RALGDS,0.3939393939393939
5,966,RHOV GTPase Cycle R-HSA-9013424,17/37,1.9167891452664758e-12,Signal Transduction,Reactome_2022,2.3536212490993065e-13,0.0,0.0,17.0304531085353,495.20557373110086,GIT2;IQGAP1;WASL;CDC42;PARD6B;PARD6A;NCK2;PKN2;PKN1;ARHGEF7;SPTAN1;GIT1;SPTBN1;MAP3K11;NCK1;PAK4;EPHA2,0.4594594594594595
5,966,GPER1 Signaling R-HSA-9634597,18/43,2.7185505507102237e-12,Signal Transduction,Reactome_2022,3.3915119836954655e-13,0.0,0.0,14.437215189873418,414.5260922132581,GNAZ;GNAI3;PRKCA;GNG12;GNG11;GNAI1;GNAI2;GNG10;GNG2;PRKAR1B;PRKAR2B;PRKAR1A;PRKAR2A;GNB1;GNAS;GNB4;GNB5;PRKACB,0.4186046511627907
5,966,Sema4D In Semaphorin Signaling R-HSA-400685,14/24,3.4015956292192042e-12,Developmental Biology,Reactome_2022,4.277055408055581e-13,0.0,0.0,27.97647058823529,796.7794342158819,LIMK2;LIMK1;RHOC;ARHGAP35;RHOB;RND1;MYL6;RRAS;MYH14;MYH9;MYH11;PLXNB1;MYH10;MYL9,0.5833333333333334
5,966,MAP Kinase Activation R-HSA-450294,21/62,4.099750525734731e-12,Immune System,Reactome_2022,5.195165204516506e-13,0.0,0.0,10.294308943089431,291.1835646370261,MAP2K3;MEF2A;MEF2C;JUN;DUSP3;FOS;VRK3;DUSP7;PPP2CA;RPS6KA3;PPP2CB;RPS6KA5;CREB1;MAPK7;PPP2R1B;MAPKAPK3;PPP2R1A;RPS6KA2;RPS6KA1;MAPKAPK2;MAP3K8,0.3387096774193548
5,966,Synthesis Of PIPs At Plasma Membrane R-HSA-1660499,19/51,7.258846985870188e-12,Metabolism,Reactome_2022,9.269647427928533e-13,0.0,0.0,11.913872756071806,330.0960148006983,RAB4A;INPPL1;PIK3R3;PIK3C2G;SYNJ2;PIK3C2A;BMX;PTPN13;PIK3C2B;SYNJ1;INPP5D;PIP4K2A;PIP5K1A;PIP4K2B;PIP5K1B;PIP4K2C;PIP5K1C;SBF2;RAB5A,0.37254901960784315
5,966,DCC Mediated Attractive Signaling R-HSA-418885,11/14,7.75500132544591e-12,Developmental Biology,Reactome_2022,1.0055600932798234e-12,0.0,0.0,73.06841186736474,2018.5496893013,CDC42;TRIO;ABLIM2;ABLIM3;DCC;FYN;WASL;NTN1;DOCK1;PTK2;NCK1,0.7857142857142857
5,966,SEMA3A-Plexin Repulsion Signaling By Inhibiting Integrin Adhesion R-HSA-399955,11/14,7.75500132544591e-12,Developmental Biology,Reactome_2022,1.0055600932798234e-12,0.0,0.0,73.06841186736474,2018.5496893013,FARP2;RRAS;FES;SEMA3A;PLXNA2;PLXNA1;FYN;PIP5K1C;TLN1;PLXNA4;RND1,0.7857142857142857
5,966,Negative Regulation Of MET Activity R-HSA-6807004,13/21,7.813380709885976e-12,Signal Transduction,Reactome_2022,1.020805141861331e-12,0.0,0.0,32.44202518363064,895.7382473934299,PTPN1;SH3GL3;USP8;SH3KBP1;PTPRJ;STAM;HGS;LRIG1;EPS15;STAM2;PTPN2;SH3GL2;SH3GL1,0.6190476190476191
5,966,Constitutive Signaling By Aberrant PI3K In Cancer R-HSA-2219530,23/78,8.618554818990914e-12,Disease,Reactome_2022,1.1344659584919278e-12,0.0,0.0,8.41640798226164,231.4921156539413,PDGFRB;PDGFRA;TRAT1;RHOG;FLT3LG;PDGFA;PIK3R3;TGFA;IRS2;AREG;VAV1;KITLG;ERBB3;LCK;CD19;KIT;FYN;STRN;ICOS;FGF13;PIK3AP1;HBEGF;FGFR1,0.2948717948717949
5,966,PI3K/AKT Signaling In Cancer R-HSA-2219528,26/105,2.5501584468739943e-11,Disease,Reactome_2022,3.38184076943015e-12,0.0,0.0,6.636547266361433,175.28847462118495,PRR5;PDGFA;PIK3R3;TGFA;IRS2;FOXO3;AREG;ERBB3;CD19;FYN;ICOS;PDGFRB;PDGFRA;TRAT1;RHOG;FLT3LG;VAV1;KITLG;CREB1;LCK;KIT;STRN;FGF13;PIK3AP1;FGFR1;HBEGF,0.24761904761904763
5,966,Signaling By ERBB2 R-HSA-1227986,18/49,3.661770918682289e-11,Signal Transduction,Reactome_2022,4.8919532901845895e-12,0.0,0.0,11.639240506329116,303.1257389357221,USP8;GRB7;PTPN18;HSP90AA1;YES1;PRKCE;PRKCD;MATK;ERBIN;PRKCA;PTK6;PTPN12;RNF41;DIAPH1;ERBB3;CDC37;FYN;HBEGF,0.3673469387755102
5,966,Interleukin-17 Signaling R-HSA-448424,21/69,4.0973695875445744e-11,Immune System,Reactome_2022,5.514141782844859e-12,0.0,0.0,8.789814814814815,227.8645670585792,MAP2K3;MEF2A;MEF2C;JUN;DUSP3;FOS;VRK3;DUSP7;PPP2CA;RPS6KA3;PPP2CB;RPS6KA5;CREB1;MAPK7;PPP2R1B;MAPKAPK3;PPP2R1A;RPS6KA2;RPS6KA1;MAPKAPK2;MAP3K8,0.30434782608695654
5,966,G Alpha (S) Signaling Events R-HSA-418555,33/153,2.333198502911092e-12,Signal Transduction,Reactome_2022,2.887848834644377e-13,0.0,0.0,5.57486602357985,160.9636325861718,GNAZ;PDE1B;PDE1A;PDE3B;GNAI3;ARRB1;ADRB2;ARRB2;GNAI1;GNAI2;GNG10;GRK3;GRK2;GNG2;GRK5;PRKAR2B;PRKAR2A;GRK6;PDE4A;PRKACB;PDE4D;PDE4C;PRKCA;GNG12;GNG11;TSHR;PRKAR1B;PRKAR1A;GNB1;GNAS;GNB4;PDE3A;GNB5,0.21568627450980393
5,966,ESR-mediated Signaling R-HSA-8939211,31/188,1.1790222026319158e-08,Signal Transduction,Reactome_2022,1.9225705858241456e-09,0.0,0.0,3.9864232432984776,80.0059306853696,SRF;GNAI3;PIK3R3;TGFA;ZDHHC7;ZDHHC21;FOXO3;PRKCZ;AREG;GNAI1;GNAI2;GNG10;GNG2;S1PR3;JUN;HSP90AA1;JUND;CAV2;MMP2;FOS;GNG12;GNG11;PTK2;UHMK1;CREB1;GNB1;GNB4;STRN;GNB5;CALM1;HBEGF,0.16489361702127658
5,966,VEGFR2 Mediated Cell Proliferation R-HSA-5218921,10/18,1.2356857688379564e-08,Signal Transduction,Reactome_2022,2.0271073025141328e-09,0.0,0.0,24.877092050209207,497.9561947017822,AHCYL1;SYNGAP1;PRKCB;PRKCD;ITPR1;ITPR2;ITPR3;PRKCA;CALM1;PRKCZ,0.5555555555555556
5,966,"Adrenaline,noradrenaline Inhibits Insulin Secretion R-HSA-400042",12/28,1.3552623775468531e-08,Metabolism,Reactome_2022,2.236582312650995e-09,0.0,0.0,14.95125786163522,297.80389198478474,GNG10;CACNB3;GNG2;GNB1;GNB4;CACNA1D;CACNA1C;GNB5;GNG12;GNG11;GNAI1;GNAI2,0.42857142857142855
5,966,Aquaporin-mediated Transport R-HSA-445717,14/50,3.242016425077487e-07,Transport of small molecules,Reactome_2022,6.301106444324685e-08,0.0,0.0,7.76062091503268,128.67074942277335,PRKCA;GNG12;GNG11;GNG10;GNG2;PRKAR1B;PRKAR1A;PRKAR2B;PRKAR2A;GNB1;GNAS;GNB4;GNB5;PRKACB,0.28
5,966,CaMK IV-mediated Phosphorylation Of CREB R-HSA-111932,7/10,3.242016425077487e-07,Signal Transduction,Reactome_2022,6.337537019552259e-08,0.0,0.0,46.30413625304136,767.4535767564361,CAMK2B;CAMK2D;CREB1;CAMK2A;CALM1;CAMK2G;CAMKK2,0.7
5,966,Gap Junction Degradation R-HSA-190873,7/10,3.242016425077487e-07,Vesicle-mediated transport,Reactome_2022,6.337537019552259e-08,0.0,0.0,46.30413625304136,767.4535767564361,GJA1;CLTCL1;MYO6;CLTB;AP2M1;DNM1;DNM2,0.7
5,966,G-protein Activation R-HSA-202040,10/24,3.545697642917822e-07,Signal Transduction,Reactome_2022,6.966007157009474e-08,0.0,0.0,14.210998206814107,234.1921138060965,GNA14;GNA15;GNG10;GNG2;GNA11;GNB1;GNB4;GNB5;GNG12;GNG11,0.4166666666666667
5,966,Signaling To RAS R-HSA-167044,9/19,4.140816363709681e-07,Signal Transduction,Reactome_2022,8.216551134276577e-08,0.0,0.0,17.89090909090909,291.88177654327774,RALA;RALB;SHC3;MAPKAPK3;MAPKAPK2;NGF;RALGDS;MAPK12;MAPK13,0.47368421052631576
5,966,Listeria Monocytogenes Entry Into Host Cells R-HSA-8876384,9/19,4.140816363709681e-07,Disease,Reactome_2022,8.216551134276577e-08,0.0,0.0,17.89090909090909,291.88177654327774,SH3GL3;SH3KBP1;HGS;STAM;CBLL1;EPS15;STAM2;SH3GL2;SH3GL1,0.47368421052631576
5,966,CREB Phosphorylation R-HSA-199920,6/7,4.210123122325289e-07,Immune System,Reactome_2022,8.395432159450234e-08,0.0,0.0,118.95625,1938.153345767016,RPS6KA3;CREB1;RPS6KA5;RPS6KA2;MAPKAPK2;RPS6KA1,0.8571428571428571
5,966,Signaling By WNT R-HSA-195721,37/294,4.987732410724031e-07,Signal Transduction,Reactome_2022,9.995062984162105e-08,0.0,0.0,2.909906891222309,46.90359458849377,CAMK2A;CLTB;ITPR1;ITPR2;AP2A1;ITPR3;ARRB2;AP2A2;PPP2CA;PPP3CA;PPP2CB;GNG10;PPP3R1;PPP3CB;GNG2;PARD6A;PPP2R1B;PPP2R1A;AP2S1;PRKG2;PIP5K1B;AP2M1;PRKG1;USP8;PRKCB;PRKCA;AP2B1;GNG12;GNG11;YWHAZ;GNAO1;DAAM1;GNB1;GNB4;GNB5;PFN1;CALM1,0.12585034013605442
5,966,Apoptotic Execution Phase R-HSA-75153,14/52,5.392261981331173e-07,Programmed Cell Death,Reactome_2022,1.0858680807199316e-07,0.0,0.0,7.351393188854489,117.88485271519916,DBNL;GSN;SATB1;PRKCD;BMX;PTK2;TJP1;OCLN;PRKCQ;PKN2;MAPT;VIM;SPTAN1;TJP2,0.2692307692307692
5,966,ADP Signaling Thru P2Y Purinoceptor 1 R-HSA-418592,10/25,5.489195188222457e-07,Hemostasis,Reactome_2022,1.110780165789613e-07,0.0,0.0,13.262900976290098,212.37927141300312,GNA14;GNA15;GNG10;GNG2;GNA11;GNB1;GNB4;GNB5;GNG12;GNG11,0.4
5,966,Activation Of BAD And Translocation To Mitochondria R-HSA-111447,8/15,6.661038543149935e-07,Programmed Cell Death,Reactome_2022,1.3675413119040634e-07,0.0,0.0,22.69847897405309,358.7513029904043,YWHAE;PPP3R1;PPP3CC;YWHAQ;YWHAB;YWHAZ;YWHAG;YWHAH,0.5333333333333333
5,966,FCERI Mediated MAPK Activation R-HSA-2871796,11/29,2.541297378047403e-07,Immune System,Reactome_2022,4.892871179737632e-08,0.0,0.0,12.168470040721347,204.83065710775725,LYN;VAV3;JUN;SYK;PLCG2;LCP2;PKN2;FOS;PKN1;VAV1;VAV2,0.3793103448275862
5,966,InlB-mediated Entry Of Listeria Monocytogenes Into Host Cell R-HSA-8875360,8/15,6.661038543149935e-07,Disease,Reactome_2022,1.3675413119040634e-07,0.0,0.0,22.69847897405309,358.7513029904043,SH3GL3;SH3KBP1;HGS;STAM;EPS15;STAM2;SH3GL2;SH3GL1,0.5333333333333333
5,966,G-protein Beta:Gamma Signaling R-HSA-397795,11/32,7.739543124666241e-07,Signal Transduction,Reactome_2022,1.5965658705107177e-07,0.0,0.0,10.428471702817252,163.2080918579235,CDC42;GNG10;GNG2;GNB1;BTK;GNB4;GNB5;PKN1;GNG12;GNG11;ARHGEF6,0.34375
5,966,Potential Therapeutics For SARS R-HSA-9679191,19/97,7.82302421508807e-07,Disease,Reactome_2022,1.6214716202196296e-07,0.0,0.0,4.875910432404624,76.23369673781605,HSP90AA1;SYK;SH3KBP1;AP2A1;AP2B1;AP2A2;VAV1;CD79B;FKBP1A;CD79A;BTK;PLCG2;BLNK;AP2S1;S1PR1;JAK3;AP2M1;NCK1;BRD4,0.1958762886597938
5,966,Protein-protein Interactions At Synapses R-HSA-6794362,18/88,8.258100149491972e-07,Neuronal System,Reactome_2022,1.7197615242556958e-07,0.0,0.0,5.143942133815552,80.12157981634306,GRIA1;PTPRS;DBNL;SYT2;HOMER1;EPB41;CASK;SYT9;GRIN2B;PTPRF;PTPRD;EPB41L1;FLOT1;FLOT2;SLITRK5;SHANK3;GRIA3;SHANK1,0.20454545454545456
5,966,Deregulated CDK5 Triggers Neurodegenerative Pathways In Alzheimers Disease Models R-HSA-8862803,9/21,1.1392721592709535e-06,Disease,Reactome_2022,2.3949336157562284e-07,0.0,0.0,14.907523510971789,227.2613220307602,YWHAE;JUN;CAPNS1;CDK5;CAPNS2;CAPN2;CAPN1;FOXO3;CDK5R1,0.42857142857142855
5,966,Nitric Oxide Stimulates Guanylate Cyclase R-HSA-392154,9/21,1.1392721592709535e-06,Hemostasis,Reactome_2022,2.3949336157562284e-07,0.0,0.0,14.907523510971789,227.2613220307602,GUCY1A2;GUCY1A1;GUCY1B1;PDE1B;PDE1A;ITPR1;PRKG2;PDE5A;PRKG1,0.42857142857142855
5,966,C-type Lectin Receptors (CLRs) R-HSA-5621481,23/141,1.3383591002161984e-06,Immune System,Reactome_2022,2.826593384543052e-07,0.0,0.0,3.90988011575031,58.9571738169554,LYN;AHCYL1;FCER1G;SYK;PRKCD;ITPR1;NFATC3;ITPR2;PRKCA;ITPR3;MALT1;PPP3CA;PPP3R1;PPP3CB;RPS6KA5;MUC2;PLCG2;FYN;PKN2;PKN1;CALM1;ARHGEF7;PRKACB,0.16312056737588654
5,966,ADORA2B Mediated Anti-Inflammatory Cytokine Production R-HSA-9660821,22/131,1.4304944574263185e-06,Disease,Reactome_2022,3.035233819293564e-07,0.0,0.0,4.0463186129684345,60.72636956651106,GNAZ;GNAI3;PRKCA;PRKX;ADRB2;GNG12;GNG11;GNAI1;TSHR;GNAI2;GNG10;CREB1;GNG2;PRKAR1B;PRKAR1A;PRKAR2B;PRKAR2A;GNB1;GNAS;GNB4;GNB5;PRKACB,0.16793893129770993
5,966,ROBO Receptors Bind AKAP5 R-HSA-9010642,6/8,1.4968537958509666e-06,Developmental Biology,Reactome_2022,3.220147163962296e-07,0.0,0.0,59.475,889.0720643517386,ROBO3;PPP3CB;PRKAR2A;PRKCA;AKAP5;PRKACB,0.75
5,966,Nef And Signal Transduction R-HSA-164944,6/8,1.4968537958509666e-06,Disease,Reactome_2022,3.220147163962296e-07,0.0,0.0,59.475,889.0720643517386,HCK;LCK;ELMO1;FYN;PKN2;DOCK2,0.75
5,966,Nef Mediated CD4 Down-regulation R-HSA-167590,6/8,1.4968537958509666e-06,Disease,Reactome_2022,3.220147163962296e-07,0.0,0.0,59.475,889.0720643517386,LCK;AP2S1;AP2A1;AP2B1;AP2A2;AP2M1,0.75
5,966,CD28 Dependent Vav1 Pathway R-HSA-389359,7/12,1.7608230328550434e-06,Immune System,Reactome_2022,3.839908774988405e-07,0.0,0.0,27.77956204379562,410.37766503084,CDC42;LCK;FYN;PKN2;PKN1;ARHGEF7;VAV1,0.5833333333333334
5,966,Negative Regulation Of FLT3 R-HSA-9706369,8/15,6.661038543149935e-07,Immune System,Reactome_2022,1.3675413119040634e-07,0.0,0.0,22.69847897405309,358.7513029904043,SOCS2;FLT3LG;ABL2;PTPRJ;CSK;SLA2;SOCS6;SH2B3,0.5333333333333333
5,966,Trafficking Of GluR2-containing AMPA Receptors R-HSA-416993,13/17,1.288773734474759e-13,Neuronal System,Reactome_2022,1.4305641649867167e-14,0.0,0.0,64.89769150052466,2068.8165540707555,GRIA1;GRIA2;PRKCB;AP2A1;PRKCA;AP2B1;AP2A2;GRIP2;TSPAN7;AP2S1;PICK1;AP2M1;GRIA3,0.7647058823529411
5,966,Regulation Of Signaling By CBL R-HSA-912631,9/18,2.358832672105934e-07,Immune System,Reactome_2022,4.5183926430319954e-08,0.0,0.0,19.87983281086729,336.21815794493585,LYN;HCK;YES1;SYK;BLNK;RAPGEF1;PIK3R3;FYN;VAV1,0.5
5,966,MyD88-independent TLR4 Cascade R-HSA-166166,21/107,1.8605264032447362e-07,Immune System,Reactome_2022,3.5273241240298034e-08,0.0,0.0,4.896124031007752,84.01817969982248,MAP2K3;MEF2A;MEF2C;JUN;DUSP3;FOS;VRK3;DUSP7;PPP2CA;RPS6KA3;PPP2CB;RPS6KA5;CREB1;MAPK7;PPP2R1B;MAPKAPK3;PPP2R1A;RPS6KA2;RPS6KA1;MAPKAPK2;MAP3K8,0.19626168224299065
5,966,CD28 Co-Stimulation R-HSA-389356,13/34,1.5593330916702627e-08,Immune System,Reactome_2022,2.588676743539041e-09,0.0,0.0,12.350422225553393,244.1940179639479,PRR5;LYN;YES1;PIK3R3;VAV1;CDC42;LCK;THEM4;FYN;MAP3K8;PKN2;PKN1;ARHGEF7,0.38235294117647056
5,966,MyD88:MAL(TIRAP) Cascade Initiated On Plasma Membrane R-HSA-166058,23/112,1.898417023316754e-08,Immune System,Reactome_2022,3.1702445379552872e-09,0.0,0.0,5.191833379007948,101.60136063650906,MAP2K3;MEF2A;MEF2C;JUN;DUSP3;FOS;VRK3;DUSP7;PPP2CA;RPS6KA3;PPP2CB;RPS6KA5;SOCS1;CREB1;MAPK7;PPP2R1B;MAPKAPK3;PPP2R1A;RPS6KA2;RPS6KA1;MAPKAPK2;BTK;MAP3K8,0.20535714285714285
5,966,Interaction Between L1 And Ankyrins R-HSA-445095,12/29,2.171693301264321e-08,Developmental Biology,Reactome_2022,3.647932755561876e-09,0.0,0.0,14.07103218645949,273.3875645971122,SCN10A;SCN11A;SCN8A;SCN3B;L1CAM;SCN2A;SCN3A;SPTAN1;SCN1B;SPTBN1;SCN1A;SCN2B,0.41379310344827586
5,966,Toll-like Receptor Cascades R-HSA-168898,28/162,2.3334387552249272e-08,Immune System,Reactome_2022,3.942548780930132e-09,0.0,0.0,4.210291824459791,81.47520298840789,EEA1;PPP2CA;RPS6KA3;PPP2CB;RPS6KA5;SOCS1;MAPK7;PPP2R1B;PPP2R1A;RPS6KA2;RPS6KA1;PLCG2;MAP3K8;MAP2K3;MEF2A;MEF2C;JUN;DUSP3;FOS;VRK3;DNM1;DNM2;DUSP7;DNM3;CREB1;MAPKAPK3;MAPKAPK2;BTK,0.1728395061728395
5,966,PKA-mediated Phosphorylation Of CREB R-HSA-111931,10/19,2.3951996943142583e-08,Signal Transduction,Reactome_2022,4.0939562555076715e-09,0.0,0.0,22.111808461180846,427.06202988362185,CREB1;NBEA;PRKAR1B;PRKAR1A;PRKAR2B;PRKAR2A;PRKCA;PRKX;CALM1;PRKACB,0.5263157894736842
5,966,Ras Activation Upon Ca2+ Influx Thru NMDA Receptor R-HSA-442982,10/19,2.3951996943142583e-08,Neuronal System,Reactome_2022,4.0939562555076715e-09,0.0,0.0,22.111808461180846,427.06202988362185,CAMK2B;CAMK2D;ACTN2;RASGRF2;CAMK2A;RASGRF1;NEFL;CALM1;GRIN2B;CAMK2G,0.5263157894736842
5,966,Growth Hormone Receptor Signaling R-HSA-982772,11/24,2.551659929585265e-08,Immune System,Reactome_2022,4.411514220108121e-09,0.0,0.0,16.85308095046315,324.2372307560056,LYN;GHR;SOCS2;PTPN1;SOCS1;CISH;CSH1;IRS2;PTPN6;PRLR;SH2B1,0.4583333333333333
5,966,Thromboxane Signaling Thru TP Receptor R-HSA-428930,11/24,2.551659929585265e-08,Hemostasis,Reactome_2022,4.411514220108121e-09,0.0,0.0,16.85308095046315,324.2372307560056,GNA14;GNA15;GNG10;GNG2;GNA11;GNB1;GNB4;GNB5;GNG12;GNG11;AAMP,0.4583333333333333
5,966,MyD88 Cascade Initiated On Plasma Membrane R-HSA-975871,21/96,2.6550567836152662e-08,Immune System,Reactome_2022,4.6163560972485474e-09,0.0,0.0,5.617481481481481,107.82003054771356,MAP2K3;MEF2A;MEF2C;JUN;DUSP3;FOS;VRK3;DUSP7;PPP2CA;RPS6KA3;PPP2CB;RPS6KA5;CREB1;MAPK7;PPP2R1B;MAPKAPK3;PPP2R1A;RPS6KA2;RPS6KA1;MAPKAPK2;MAP3K8,0.21875
5,966,Vasopressin Regulates Renal Water Homeostasis Via Aquaporins R-HSA-432040,14/42,2.9161720710251238e-08,Transport of small molecules,Reactome_2022,5.09900421063332e-09,0.0,0.0,9.982142857142858,190.60123746652624,PRKCA;GNG12;GNG11;GNG10;GNG2;PRKAR1B;PRKAR2B;PRKAR1A;PRKAR2A;GNB1;GNAS;GNB4;GNB5;PRKACB,0.3333333333333333
5,966,WNT5A-dependent Internalization Of FZD4 R-HSA-5099900,9/15,3.017582189326886e-08,Signal Transduction,Reactome_2022,5.3059647533350955e-09,0.0,0.0,29.82445141065831,568.288047672672,PRKCB;CLTB;AP2S1;AP2A1;PRKCA;AP2B1;ARRB2;AP2A2;AP2M1,0.6
5,966,Long-term Potentiation R-HSA-9620244,10/23,2.228734117323239e-07,Neuronal System,Reactome_2022,4.24729291513466e-08,0.0,0.0,15.304956549726423,259.79243800648186,CAMK2B;GRIA1;GRIA2;CAMK2D;ACTN2;CAMK2A;NEFL;CALM1;GRIN2B;CAMK2G,0.43478260869565216
5,966,Toll Like Receptor 9 (TLR9) Cascade R-HSA-168138,22/106,3.193314283269363e-08,Immune System,Reactome_2022,5.646331738590228e-09,0.0,0.0,5.25751614205004,99.85211222250804,MAP2K3;MEF2A;MEF2C;JUN;DUSP3;FOS;VRK3;DUSP7;EEA1;PPP2CA;RPS6KA3;PPP2CB;RPS6KA5;CREB1;MAPK7;PPP2R1B;MAPKAPK3;PPP2R1A;RPS6KA2;RPS6KA1;MAPKAPK2;MAP3K8,0.20754716981132076
5,966,G Beta:Gamma Signaling Thru CDC42 R-HSA-8964616,10/20,4.381383949531489e-08,Signal Transduction,Reactome_2022,7.833122581677123e-09,0.0,0.0,19.89958158995816,371.423792141414,CDC42;GNG10;GNG2;GNB1;GNB4;GNB5;PKN1;GNG12;GNG11;ARHGEF6,0.5
5,966,Apoptosis R-HSA-109581,29/178,4.6915469331495576e-08,Programmed Cell Death,Reactome_2022,8.433723858215804e-09,0.0,0.0,3.9227364213934233,72.92770038589494,YWHAE;MAGED1;YWHAB;SATB1;UACA;PPP3R1;PPP3CC;YWHAQ;SPTAN1;YWHAG;APPL1;YWHAH;DBNL;GSN;UNC5A;UNC5B;DCC;PRKCD;BMX;YWHAZ;PTK2;TJP1;ARHGAP10;OCLN;PRKCQ;PKN2;MAPT;VIM;TJP2,0.16292134831460675
5,966,PI Metabolism R-HSA-1483255,19/82,5.030930707853693e-08,Metabolism,Reactome_2022,9.09323428531512e-09,0.0,0.0,6.041618477732522,111.86500782295704,RAB4A;INPPL1;PIK3R3;PIK3C2G;SYNJ2;PIK3C2A;BMX;PTPN13;PIK3C2B;SYNJ1;INPP5D;PIP4K2A;PIP5K1A;PIP4K2B;PIP5K1B;PIP4K2C;PIP5K1C;SBF2;RAB5A,0.23170731707317074
5,966,TRAF6 Mediated Induction Of NFkB And MAP Kinases Upon TLR7/8 Or 9 Activation R-HSA-975138,21/101,6.651637573942001e-08,Immune System,Reactome_2022,1.2087946475238413e-08,0.0,0.0,5.265,95.98651531513204,MAP2K3;MEF2A;MEF2C;JUN;DUSP3;FOS;VRK3;DUSP7;PPP2CA;RPS6KA3;PPP2CB;RPS6KA5;CREB1;MAPK7;PPP2R1B;MAPKAPK3;PPP2R1A;RPS6KA2;RPS6KA1;MAPKAPK2;MAP3K8,0.2079207920792079
5,966,Apoptotic Cleavage Of Cellular Proteins R-HSA-111465,13/38,6.903724965390397e-08,Programmed Cell Death,Reactome_2022,1.2613878620457896e-08,0.0,0.0,10.372172088142706,188.653921685572,DBNL;GSN;SATB1;PRKCD;BMX;PTK2;TJP1;OCLN;PRKCQ;MAPT;VIM;SPTAN1;TJP2,0.34210526315789475
5,966,MyD88 Dependent Cascade Initiated On Endosome R-HSA-975155,21/102,7.914475090268086e-08,Immune System,Reactome_2022,1.4538377621612296e-08,0.0,0.0,5.199725651577503,93.83671352574136,MAP2K3;MEF2A;MEF2C;JUN;DUSP3;FOS;VRK3;DUSP7;PPP2CA;RPS6KA3;PPP2CB;RPS6KA5;CREB1;MAPK7;PPP2R1B;MAPKAPK3;PPP2R1A;RPS6KA2;RPS6KA1;MAPKAPK2;MAP3K8,0.20588235294117646
5,966,Toll Like Receptor 3 (TLR3) Cascade R-HSA-168164,21/103,9.394536346634937e-08,Immune System,Reactome_2022,1.7441722686778028e-08,0.0,0.0,5.136043360433605,91.7523363230979,MAP2K3;MEF2A;MEF2C;JUN;DUSP3;FOS;VRK3;DUSP7;PPP2CA;RPS6KA3;PPP2CB;RPS6KA5;CREB1;MAPK7;PPP2R1B;MAPKAPK3;PPP2R1A;RPS6KA2;RPS6KA1;MAPKAPK2;MAP3K8,0.20388349514563106
5,966,Toll Like Receptor 7/8 (TLR7/8) Cascade R-HSA-168181,21/103,9.394536346634937e-08,Immune System,Reactome_2022,1.7441722686778028e-08,0.0,0.0,5.136043360433605,91.7523363230979,MAP2K3;MEF2A;MEF2C;JUN;DUSP3;FOS;VRK3;DUSP7;PPP2CA;RPS6KA3;PPP2CB;RPS6KA5;CREB1;MAPK7;PPP2R1B;MAPKAPK3;PPP2R1A;RPS6KA2;RPS6KA1;MAPKAPK2;MAP3K8,0.20388349514563106
5,966,GABAergic synapse,36/89,1.529220808617295e-23,Nervous system,KEGG_2021_Human,1.9797947968706052e-24,0.0,0.0,13.863177115033476,756.6390234794403,GABRB3;GABRB2;GABRB1;GNAI3;CACNA1A;CACNA1D;CACNA1C;GNAI1;GNAI2;GABRR2;GABRR1;GNG10;GNG2;PRKACA;GABRE;PRKACB;GABRD;GABRA2;GABRQ;GABRA1;SLC12A5;GABRA6;PRKCB;GABRA5;GABRA4;GABRA3;PRKCA;GNG12;GABRG3;GNG11;GABRG2;GABRG1;GNAO1;GNB1;GNB4;GNB5,0.4044943820224719
5,966,ADP Signaling Thru P2Y Purinoceptor 12 R-HSA-392170,10/22,1.3373974841296185e-07,Hemostasis,Reactome_2022,2.5092624702235472e-08,0.0,0.0,16.58124128312413,290.183194527222,GNG10;GNG2;GNB1;GNAI3;GNB4;GNB5;GNG12;GNG11;GNAI1;GNAI2,0.45454545454545453
5,966,ERKs Are Inactivated R-HSA-202670,8/13,1.5816287461749234e-07,Immune System,Reactome_2022,2.9830326057523114e-08,0.0,0.0,31.781210855949897,550.696568384284,PPP2CA;PPP2CB;DUSP3;MAPK7;PPP2R1B;PPP2R1A;VRK3;DUSP7,0.6153846153846154
5,966,Platelet Aggregation (Plug Formation) R-HSA-76009,13/36,3.31296488603153e-08,Hemostasis,Reactome_2022,5.890438549820304e-09,0.0,0.0,11.275286281308452,213.6659464824444,PTPN1;SYK;ITGA2B;MPL;RASGRP2;RASGRP1;PTK2;RAP1B;APBB1IP;RAP1A;CSK;TLN1;RAPGEF4,0.3611111111111111
5,966,Signal Transduction R-HSA-162582,523/2465,6.617418659842147e-229,Signal Transduction,Reactome_2022,6.500411257212324e-232,0.0,0.0,10.390623801298608,5531.218699804654,ITSN2;CYFIP2;CYFIP1;NCKAP1;TRIO;WIPF1;WIPF2;ITSN1;WIPF3;WDR83;MYLK;PREX2;PREX1;GJA1;SYNGAP1;PIP4K2A;PIP4K2B;PIP4K2C;PRKACB;MEF2A;PRKAB2;MEF2C;PRKCI;PRKCH;FNBP1;PRKCB;STARD8;PRKCE;PRKCD;PRKCA;PRKAB1;GABRG3;GABRG2;MYL6;PRKAR1B;DAAM1;PRKAR1A;PARD3;PRKCQ;MYL9;NGEF;PDGFA;IQGAP1;IQGAP2;PRKCZ;ABR;PPP3R1;PRKAR2B;FLRT3;PDGFD;PRKAR2A;PDGFC;MYO6;PLCG2;PIP5K1A;PIP5K1B;NCKAP1L;PIP5K1C;ICOS;LYN;NGFR;JUN;SRMS;JUND;GRIN2B;NOX3;SNAI1;STRN;ARHGAP9;GABRB3;RET;GABRB2;GABRB1;ARPC1B;ARPC1A;PRKAG1;ARHGAP1;CLTB;PRKAG2;SHB;ARHGAP5;AREG;ARHGAP4;MECOM;NEFL;JAK3;DUSP3;EPS15L1;FOS;DUSP8;DUSP9;DUSP7;APBB1IP;MRAS;CDC42EP5;CDC42EP4;RAPGEF1;MGLL;RAPGEF4;ARF6;HBEGF;PHLPP2;PHLPP1;PKN3;ASCL1;FGD1;FGD5;AP2S1;FLNA;MEF2D;FARP2;GABRA1;KIDINS220;WWP2;DEF6;KTN1;TMEM59;TAOK3;ABI2;ABI1;PKN2;PKN1;LAMTOR3;FRK;DGKG;DGKD;NCF1;PLXND1;NAB1;DGKA;ITGA2B;IRS2;PPP1CB;STK10;CDH5;GRB10;MAF1;AP2M1;USP8;RALGAPA1;SWAP70;VRK3;DGKZ;PGF;RNF41;MAG;OBSCN;MAPKAPK3;MAPKAPK2;SHC3;ITPR1;ITPR2;RASAL1;ITPR3;RASAL2;FOXO3;RASAL3;SAV1;RAP1B;SOCS1;RAP1A;EIF4EBP1;THEM4;ABL2;PLXNA1;SOCS6;SRGAP2;SRGAP1;MAP2K5;RAB4A;ARPC5;ADAP1;ARPC2;NBEA;CDK5;ARPC3;PTPRA;NOXA1;PLXNB1;NF2;MAP3K11;DAGLA;RASGRF2;RASGRF1;SNAP23;ARRB1;ARRB2;DUSP16;DUSP10;NCK2;PRKG2;ITGAV;PRKG1;NCK1;ACTR3;ACTR2;HSP90AA1;PLEKHG1;PPP1R12A;TRPC6;PLEKHG2;KSR1;TRPC3;KSR2;NGF;LCK;IL3RA;NUMB;EVL;PPP1R12B;DAGLB;PRKAA1;PRKAA2;SRF;IL2RG;CDC42;PARD6B;PARD6A;NHS;SLITRK5;FYN;CSK;WASF1;SH2B3;EIF4E;AAMP;WASF2;SH2B2;WASF3;SH2B1;PTPN1;LINGO1;PPP1R14A;NTRK2;PTPN18;SEMA4F;PTPN12;BAIAP2;PTPN13;PTPN6;PTPN7;PIK3AP1;PTPN2;PTPN3;AHCYL1;ZDHHC7;RPS6KA3;EDNRB;RPS6KA5;PPP2R1B;PPP2R1A;RPS6KA2;RPS6KA1;PDK2;ACTN2;ACTN1;FLT3LG;UHMK1;TIAM2;TIAM1;ARC;CDC37;SPATA13;RRAGD;BTK;PFN1;TLN1;ATP6V0D1;EPHA2;GRB7;BEX3;GARRE1;PDE1C;MAGED1;PDE1B;SH2D2A;PDE1A;LPAR1;LPAR2;TGFA;PIK3R3;KLK2;KALRN;GNG10;CD19;RALGDS;PAG1;SPTBN1;ATP6V0A1;YES1;PTK6;STAM;GNG12;GNG11;PTK2;ARTN;RANBP10;PDE3A;GRAP;CALM1;PTPRU;NRP2;PTPRS;CAB39L;SH3KBP1;PTPRJ;AP2A1;WASL;AP2A2;PPP3CA;AKAP13;PPP3CB;PPP3CC;SPTAN1;GIT1;VAV3;ATP6V0B;SYK;RHOG;IL17RD;RHOC;GFRA3;RHOD;GFRA2;VAV1;VAV2;RHOB;CNKSR2;CNKSR1;ARHGEF9;CTTN;KIT;RHOJ;ARHGEF3;ARHGEF4;RHOU;ARHGEF2;ARHGEF7;SGK1;ATP6V0C;ARHGEF5;RHOQ;ARHGEF6;YAP1;CAB39;GNAI3;WAS;NOXO1;CXCR4;PRKX;ZDHHC21;GNAI1;CAMKK2;GNAI2;PPP2CA;PPP2CB;NPY;CTNNA1;SHOC2;EPS15;PAK4;GABRQ;GIT2;ERBIN;RANBP9;MYO9B;AP2B1;PPP1CA;FKBP1A;TJP1;KITLG;TRIP10;F2RL2;CDK5R2;TJP2;CDK5R1;SH3GL3;PRDM4;PEBP1;ARHGAP35;DOCK10;DOCK11;RGS3;ARHGDIA;NRTN;SH3GL2;SH3GL1;PDGFRB;PDGFRA;MATK;ADAM10;DOK1;HGS;ELMO1;ELMO2;STAM2;VCL;GNAZ;ARHGEF26;ARHGEF25;ARHGEF28;CSF2RB;ADRB2;RASGRP2;STK4;RASGRP1;RASGRP4;NCKIPSD;GRK3;GRK2;GRK5;GRK6;MYH14;MYH11;RHPN2;MYH10;MARK3;CAV2;ARHGAP26;GNAO1;DIAPH1;ARHGAP31;DIAPH2;FER;DNMBP;FES;GNB1;GNAS;GNB4;GNB5;FGF13;FGFR1;YWHAE;PRR5;DOCK6;DOCK4;DOCK3;YWHAB;LAMC3;DOCK7;PDE3B;HSPB1;RND1;SPRED2;SPRED1;EEF2K;YWHAQ;MCF2L;FLOT1;FLOT2;PDE4A;YWHAG;YWHAH;ARHGEF10;ARHGEF15;MMP2;PDE4D;ARHGEF16;PDE4C;ARAP2;ARHGEF18;ARAP3;ARAP1;YWHAZ;EPN1;DNM1;DNM2;LATS1;ACTA2;DNM3;ARHGAP10;ZAP70;CREB1;VGF;ALS2;RASA3;RASA4;RASA2;ATP6V1B2;MYH9;PDE5A;DOCK2;DOCK1;CAMK2B;RALA;CAMK2D;RALB;RGS19;LAMA2;CAMK2A;UACA;GNA14;GNA15;GNG2;MAPK7;ERBB3;MKNK1;GNA11;GNA12;S1PR1;LRIG1;PTK2B;RGS20;S1PR3;NCAM1;MAPK6;CAMK2G;MAPK4;TRAT1;LIMK2;LIMK1;MAPK12;EPOR;TSHR;MAPK13;FMNL1;TEC;ABHD17A;SPRY2;SPRY1;TEK;VIM;RGS11,0.21217038539553754
5,966,G Alpha (Z) Signaling Events R-HSA-418597,20/47,1.0100690119625537e-13,Signal Transduction,Reactome_2022,1.1112743550079176e-14,0.0,0.0,14.88293790619372,478.1989730330166,GNAZ;RGS19;PRKCH;PRKCB;PRKCE;PRKCD;GNAI3;PRKCA;GNG12;GNG11;GNAI1;GNAI2;GNG10;GNG2;GNB1;GNAS;GNB4;RGS20;PRKCQ;GNB5,0.425531914893617
5,966,RET Signaling R-HSA-8853659,19/40,3.8531408200526795e-14,Developmental Biology,Reactome_2022,4.1635116916089845e-15,0.0,0.0,18.164982149142656,601.4864731675852,RET;GRB7;SHC3;PIK3R3;IRS2;PRKCA;GFRA3;GFRA2;RAP1GAP;DOK1;DOK2;MAPK7;DOK4;ARTN;DOK6;GRB10;NRTN;PRKACB;SHANK3,0.475
5,966,Leishmania Infection R-HSA-9658195,75/247,6.364439692185584e-38,Disease,Reactome_2022,1.9380906724730167e-39,0.0,0.0,9.230874637851382,822.831998919639,CYFIP2;CYFIP1;NCKAP1;AHCYL1;WIPF1;WIPF2;ARPC1B;WIPF3;ARPC1A;WASL;PRKACB;NCK1;VAV3;ACTR3;ACTR2;SYK;PRKCA;VAV1;VAV2;FGR;HCK;MYH2;CREB1;PRKAR1B;PRKAR1A;BTK;ELMO1;ELMO2;MYH9;DOCK1;GNAZ;GNAI3;WAS;ITPR1;NOXO1;ITPR2;PRKX;ITPR3;ADRB2;GNAI1;GNAI2;NCKIPSD;CDC42;GNG10;GNG2;PRKAR2B;PRKAR2A;PLCG2;NCKAP1L;FYN;WASF1;WASF2;WASF3;LYN;JUN;YES1;MYO10;MYO5A;MYO9B;ARPC5;GNG12;BAIAP2;GNG11;PTK2;TSHR;ABI2;ARPC2;ARPC3;ABI1;GNB1;NOXA1;GNAS;GNB4;GNB5;CALM1,0.30364372469635625
5,966,Signaling By NTRK1 (TRKA) R-HSA-187037,53/114,9.980900405953905e-38,Signal Transduction,Reactome_2022,3.1374146659187116e-39,0.0,0.0,18.05557251360135,1600.7604670264595,SH3GL3;YWHAB;NAB1;IRS2;AP2A1;AP2A2;RPS6KA3;RPS6KA5;PPP2R1B;PPP2R1A;RPS6KA2;RPS6KA1;AP2M1;SH3GL2;MEF2A;MEF2C;DUSP3;FOS;VRK3;NGF;DNM1;DNM2;DUSP7;DNM3;ARC;CREB1;MAPKAPK3;VGF;MAPKAPK2;RAPGEF1;SGK1;RALA;SHC3;RALB;SRF;ASCL1;PPP2CA;PPP2CB;RAP1A;MAPK7;AP2S1;RALGDS;MEF2D;MAP2K5;NTRK2;JUND;KIDINS220;AP2B1;MAPK12;MAPK13;CDK5;CDK5R2;CDK5R1,0.4649122807017544
5,966,Innate Immune System R-HSA-168249,154/1035,6.972410598952247e-36,Immune System,Reactome_2022,2.260211687283145e-37,0.0,0.0,3.90784375122314,329.74459808152216,CYFIP2;CYFIP1;NCKAP1;AHCYL1;NCF1;CALML5;WIPF1;WIPF2;WIPF3;STK10;RPS6KA3;RPS6KA5;PPP2R1B;PPP2R1A;RPS6KA2;LAMP2;RPS6KA1;SIRPA;MAP3K8;CAPN1;PRKACB;MEF2A;MAP2K3;MEF2C;PRKCE;PRKCD;ADAM10;PRKCA;VRK3;PLPP4;MAPKAPK3;MAPKAPK2;BTK;ELMO1;ELMO2;PRKCQ;ATP6V0D1;VCL;RAB5B;RAB5C;ITPR1;ITPR2;ITPR3;IQGAP1;IQGAP2;RASGRP2;RASGRP1;RASGRP4;RAP1B;NCKIPSD;SDCBP;PPP3R1;SOCS1;RAP1A;CD19;PLCG2;NCKAP1L;ATP6V0A1;LYN;JUN;SIGLEC15;YES1;SIGLEC14;KIR2DS2;NFATC3;MYO5A;RAB27A;ARPC5;PTK2;DIAPH1;PTPRB;ARPC2;ARPC3;NF2;CALM1;ARHGAP9;ITK;ARPC1B;SNAP23;ARPC1A;GDI2;PTPRJ;WASL;AP2A2;EEA1;PPP3CA;PPP3CB;FCER1A;ITGAV;LRRFIP1;SPTAN1;NCK1;ACTR3;CAP1;VAV3;ACTR2;HSP90AA1;ATP6V0B;DUSP3;FCER1G;DBNL;SYK;DYNLT1;RHOG;FOS;VAV1;DNM1;DUSP7;VAV2;DNM2;DNM3;FGR;NCR2;HCK;MYH2;CREB1;LCK;ATP6V1B2;MYH9;LCP2;CD47;ARHGEF7;DOCK2;ATP6V0C;DOCK1;CAB39;WAS;MALT1;CDC42;PPP2CA;PPP2CB;MUC2;MAPK7;FYN;WASF1;AAMP;WASF2;WASF3;GSN;MYO10;LIMK1;MYO9B;BAIAP2;MAPK12;MAPK13;RAB10;TEC;ABI2;ABI1;PKN2;PTPN6;PKN1;LAMTOR3;FRK,0.14879227053140096
5,966,EPH-ephrin Mediated Repulsion Of Cells R-HSA-3928665,35/49,5.0422029402340145e-34,Developmental Biology,Reactome_2022,1.684036345461262e-35,0.0,0.0,51.07411385606874,4089.467766021796,EPHB6;EPHA10;CLTB;AP2A1;EFNA5;AP2A2;EFNA4;EFNB2;EFNB1;EFNB3;CLTCL1;AP2S1;FYN;EPHB2;EPHB1;AP2M1;EPHB4;EPHB3;EPHA5;VAV3;LYN;EPHA4;EPHA7;YES1;EPHA8;MMP2;ADAM10;AP2B1;DNM1;VAV2;TIAM1;EFNA3;EFNA2;EPHA3;EPHA2,0.7142857142857143
5,966,RHOA GTPase Cycle R-HSA-8980692,55/147,4.299818143266858e-33,Signal Transduction,Reactome_2022,1.4783264736182714e-34,0.0,0.0,12.430320240538348,968.284437934398,ARHGAP9;TRIO;RASGRF2;SNAP23;ARHGAP1;ARHGAP5;ARHGAP35;ARHGAP4;PREX2;PREX1;STK10;AKAP13;ARHGDIA;MCF2L;FLOT1;FLOT2;VAV3;ARHGEF10;ARHGEF15;STARD8;ARAP2;ARAP3;ARHGEF18;ARAP1;VAV1;VAV2;TIAM1;ARHGAP10;OBSCN;DAAM1;ARHGEF3;ARHGEF4;ARHGEF2;ARHGEF7;DOCK2;NGEF;ARHGEF5;ARHGEF25;PKN3;ARHGEF28;IQGAP1;KALRN;ABR;RHPN2;SRGAP1;ERBIN;MYO9B;ARHGAP26;DEF6;KTN1;DIAPH1;ARHGAP31;PKN2;PKN1;TJP2,0.3741496598639456
5,966,Clathrin-mediated Endocytosis R-HSA-8856828,54/142,6.308296752861689e-33,Vesicle-mediated transport,Reactome_2022,2.2308318575935244e-34,0.0,0.0,12.747757177033494,987.7665760478336,ITSN2;SH3GL3;SH3KBP1;ITSN1;ARPC1A;CLTB;AP2A1;ARRB1;ARRB2;WASL;PIK3C2A;AP2A2;AREG;AP2M1;SH3GL2;SH3GL1;ACTR3;ACTR2;FNBP1;EPS15L1;DNM1;EPN1;DNM2;DNM3;CTTN;BIN1;HGS;AMPH;STAM2;ARF6;HBEGF;RAB5B;RAB5C;TGFA;ADRB2;GRK3;GRK2;CLTCL1;AP2S1;REPS2;PIP5K1C;EPS15;SYT2;TOR1A;ARPC5;STAM;SYNJ2;AP2B1;SYT9;ARPC2;SYNJ1;ARPC3;TRIP10;RAB5A,0.38028169014084506
5,966,G Alpha (12/13) Signaling Events R-HSA-416482,41/78,5.898114536290046e-32,Signal Transduction,Reactome_2022,2.143715499437443e-33,0.0,0.0,22.75754565376187,1711.8855662789847,TRIO;ARHGEF26;RASGRF2;ITSN1;KALRN;FGD1;AKAP13;PREX1;ABR;GNG10;GNG2;MCF2L;GNA12;VAV3;ARHGEF10;PLEKHG2;ARHGEF15;ARHGEF16;ARHGEF18;RHOC;GNG12;GNG11;VAV1;RHOB;VAV2;TIAM2;TIAM1;ARHGEF9;OBSCN;GNB1;ARHGEF3;BTK;GNB4;ARHGEF4;PLXNB1;ARHGEF2;GNB5;ARHGEF7;ARHGEF5;NGEF;ARHGEF6,0.5256410256410257
5,966,L1CAM Interactions R-HSA-373760,45/99,1.6537589979607806e-31,Developmental Biology,Reactome_2022,6.173167182957727e-33,0.0,0.0,17.173362287368803,1273.6640634209102,NRP2;ITGA2B;AP2A1;AP2A2;RPS6KA4;RPS6KA3;SDCBP;RPS6KA6;RPS6KA5;SCN11A;DPYSL2;RPS6KA2;RPS6KA1;AP2S1;ITGAV;NCAM1;EPHB2;SCN3B;SCN3A;SPTAN1;AP2M1;SCN1B;SH3GL2;SPTBN1;SCN1A;CNTN6;RDX;MSN;RANBP9;AP2B1;L1CAM;DNM1;DNM2;VAV2;DNM3;SCN10A;GAP43;SCN8A;NUMB;CNTN2;PKN1;EZR;SCN2A;FGFR1;SCN2B,0.45454545454545453
5,966,Disease R-HSA-1643685,200/1736,3.917703378754605e-31,Disease,Reactome_2022,1.5008883278136503e-32,0.0,0.0,2.9743934943429067,217.95363811538644,CYFIP2;CYFIP1;NCKAP1;AHCYL1;WIPF1;WIPF2;WIPF3;GJA1;CAPNS1;PPP2R1B;CAPNS2;PPP2R1A;DAG1;PRKACB;FLT3LG;PRKCA;SND1;PRKAR1B;PRKAR1A;CDC37;BTK;TLN1;CBLL1;PDGFA;TGFA;PIK3R3;IQGAP1;CD79B;CD79A;GNG10;PRKAR2B;PRKAR2A;CD19;PLCG2;NCKAP1L;ICOS;SPTBN1;LYN;JUN;YES1;MYO5A;STAM;GNG12;GNG11;PTK2;ARTN;NOX4;STRN;CALM1;SH3KBP1;ARPC1B;ARPC1A;AP2A1;WASL;AREG;AP2A2;JAK3;VAV3;MAP4K2;SYK;RHOG;AGTRAP;DUSP8;DUSP9;VAV1;DUSP7;VAV2;CNKSR2;APBB1IP;CNKSR1;HCK;MRAS;KIT;HBEGF;GNAI3;WAS;NOXO1;CXCR4;PRKX;GNAI1;GNAI2;PPP2CA;PPP2CB;CUX1;AP2S1;SHOC2;MAP4K5;EPS15;BRD4;ERBIN;MYO9B;AP2B1;FKBP1A;TJP1;KITLG;ABI2;ABI1;PKN2;CDK5R1;SH3GL3;ITGA2B;PEBP1;IRS2;PPP1CB;CAPN2;CAPN1;AP2M1;SH3GL2;SH3GL1;PDGFRB;MAP2K3;PDGFRA;ADAM10;HGS;ELMO1;ELMO2;STAM2;VCL;GNAZ;FAM114A2;ITPR1;ITPR2;ITPR3;CSF2RB;ADRB2;FOXO3;RAP1B;NCKIPSD;RAP1A;MARK3;SYT2;MSN;ARPC5;ARPC2;CDK5;ARPC3;NOXA1;GNB1;GNAS;GNB4;GNB5;FGF13;RAB5A;MAP3K11;FGFR1;YWHAE;PRR5;YWHAB;ARRB1;ARRB2;DUSP16;SPRED2;KIAA1549;SPRED1;DUSP10;YWHAQ;BLNK;LRRFIP1;YWHAG;NCK1;YWHAH;ACTR3;ACTR2;HSP90AA1;PDCD6IP;KSR1;KSR2;YWHAZ;ETV6;FGR;MYH2;CREB1;LCK;MYH9;DOCK2;DOCK1;CAMK2B;CAMK2D;CAMK2A;CDC42;MUC2;GNG2;ERBB3;S1PR1;LRIG1;FYN;CSK;WASF1;WASF2;CAMK2G;WASF3;MYO10;TRAT1;PTPN12;BAIAP2;TSHR;CLCN6;FAM131B;PTPN6;PIK3AP1,0.1152073732718894
5,966,Membrane Trafficking R-HSA-199991,104/599,2.1197001919177339e-29,Vesicle-mediated transport,Reactome_2022,8.32888091126811e-31,0.0,0.0,4.518634137195623,312.9624474696449,ITSN2;USP6NL;SH3GL3;ITSN1;RABGEF1;GJA1;ARFIP2;SBF2;AP2M1;SH3GL2;SH3GL1;PRKAB2;FNBP1;PRKAB1;BIN1;HGS;AMPH;RIN1;STAM2;GRIA1;RAB5B;RAB5C;STXBP3;TGFA;ADRB2;GRK3;GRK2;MYO6;CLTCL1;PIP5K1C;SPTBN1;RAB4A;TOR1A;SYT2;HPS1;MYO5A;RAB27A;LNPEP;ARPC5;SYNJ2;STAM;SYT9;ARPC2;SYNJ1;ARPC3;CALM1;RAB5A;YWHAE;GDI1;SH3KBP1;YWHAB;DENND1A;ARPC1A;SNAP23;GDI2;CLTB;PRKAG1;PRKAG2;ARRB1;AP2A1;ARRB2;WASL;SLC2A4;PIK3C2A;AREG;AP2A2;YWHAQ;SPTAN1;YWHAG;YWHAH;ACTR3;ACTR2;EXOC7;DENND2B;EPS15L1;YWHAZ;DNM1;EPN1;DNM2;DNM3;TBC1D1;CTTN;ALS2;TBC1D4;MYH9;EXOC2;RHOQ;ARF6;HBEGF;RALA;PRKAA2;CYTH3;CYTH2;CUX1;AP2S1;REPS2;STX4;EPS15;CYTH1;SORT1;AP2B1;RAB10;TJP1;TRIP10,0.17362270450751252
5,966,Oncogenic MAPK Signaling R-HSA-6802957,39/78,2.4893641183573706e-29,Disease,Reactome_2022,1.0025926213423594e-30,0.0,0.0,20.490830636461705,1415.4033787803016,CAMK2B;CAMK2D;YWHAB;FAM114A2;ITGA2B;CAMK2A;PEBP1;ARRB1;ARRB2;IQGAP1;DUSP16;PPP1CB;RAP1B;SPRED2;KIAA1549;SPRED1;DUSP10;RAP1A;CSK;SHOC2;CAMK2G;MARK3;KSR1;AGTRAP;KSR2;DUSP8;DUSP9;SND1;DUSP7;APBB1IP;CNKSR2;CNKSR1;CLCN6;MRAS;FAM131B;TLN1;CALM1;VCL;MAP3K11,0.5
5,966,Intracellular Signaling By Second Messengers R-HSA-9006925,72/306,1.3181021534523568e-28,Signal Transduction,Reactome_2022,5.438142479862377e-30,0.0,0.0,6.470487007399759,436.0080421860629,PRR5;AHCYL1;IRS2;AREG;PREX2;PPP2R1B;MECOM;PPP2R1A;PIP4K2A;PIP4K2B;PIP4K2C;MAF1;PRKACB;PDGFRB;PDGFRA;PRKCE;PRKCD;RHOG;FLT3LG;PRKCA;VAV1;CREB1;PRKAR1B;PRKAR1A;LCK;RRAGD;KIT;HBEGF;PHLPP2;CAMK2B;CAMK2D;PHLPP1;PDE1C;PDE1B;PDE1A;CAMK2A;ITPR1;PDGFA;PIK3R3;TGFA;ITPR2;PRKX;ITPR3;FOXO3;CAMKK2;PPP2CA;PPP2CB;GRK2;ERBB3;PRKAR2B;CD19;PRKAR2A;PIP5K1A;THEM4;PIP5K1B;FYN;PIP5K1C;ICOS;CAMK2G;JUN;TRAT1;WWP2;KITLG;NBEA;SNAI1;STRN;CALM1;FGF13;PIK3AP1;LAMTOR3;FRK;FGFR1,0.23529411764705882
5,966,Diseases Of Signal Transduction By Growth Factor Receptors And Second Messengers R-HSA-5663202,85/424,1.7808018585653231e-28,Disease,Reactome_2022,7.522051072525432e-30,0.0,0.0,5.320700196545224,356.8046331410524,PRR5;YWHAB;ITGA2B;PEBP1;IRS2;ARRB1;ARRB2;AREG;DUSP16;PPP1CB;SPRED2;KIAA1549;SPRED1;DUSP10;PPP2R1B;PPP2R1A;LRRFIP1;PDGFRB;PDGFRA;HSP90AA1;KSR1;RHOG;FLT3LG;AGTRAP;ADAM10;KSR2;DUSP8;DUSP9;SND1;VAV1;DUSP7;ETV6;APBB1IP;CNKSR2;CNKSR1;MRAS;CREB1;PRKAR1A;LCK;CDC37;KIT;MYH9;TLN1;VCL;HBEGF;CAMK2B;CAMK2D;FAM114A2;CAMK2A;PDGFA;PIK3R3;TGFA;IQGAP1;FOXO3;RAP1B;PPP2CA;PPP2CB;RAP1A;CUX1;ERBB3;CD19;CSK;FYN;SHOC2;ICOS;MARK3;CAMK2G;SPTBN1;LYN;YES1;TRAT1;ERBIN;MSN;PTPN12;FKBP1A;CLCN6;KITLG;FAM131B;NOX4;STRN;PIK3AP1;CALM1;FGF13;MAP3K11;FGFR1,0.20047169811320756
5,966,RAC2 GTPase Cycle R-HSA-9013404,40/87,2.730839249751772e-28,Signal Transduction,Reactome_2022,1.1803234478298427e-29,0.0,0.0,17.450484812278848,1162.3624697712285,CYFIP1;NCKAP1;DOCK4;DOCK3;TRIO;NCF1;GARRE1;ARHGAP1;PIK3R3;IQGAP1;ARHGAP35;DOCK10;CDC42;PREX1;ABR;ARHGDIA;NHS;SLITRK5;NCKAP1L;WASF2;GIT1;PAK4;VAV3;GIT2;SWAP70;ERBIN;ARHGAP26;VAV1;DEF6;VAV2;TIAM1;ABI2;TAOK3;CDC42EP4;ABI1;PKN2;PKN1;DOCK2;DOCK1;EPHA2,0.45977011494252873
5,966,Semaphorin Interactions R-HSA-373755,35/64,3.9099477248858996e-28,Developmental Biology,Reactome_2022,1.728365890175496e-29,0.0,0.0,24.637023593466424,1631.6556569702786,PLXND1;SEMA3A;SEMA3E;ARHGAP35;RND1;DPYSL4;RRAS;DPYSL5;DPYSL2;PLXNA2;MYH14;PLXNA1;FYN;MYH11;PIP5K1C;MYH10;PLXNA4;FARP2;HSP90AA1;SEMA6D;LIMK2;LIMK1;RHOC;RHOB;MYL6;CDK5;FES;MYH9;PKN2;PLXNB1;PKN1;ARHGEF7;TLN1;MYL9;CDK5R1,0.546875
5,966,RAC3 GTPase Cycle R-HSA-9013423,41/93,4.129236650319372e-28,Signal Transduction,Reactome_2022,1.865863319397752e-29,0.0,0.0,16.18008316008316,1070.3326265549763,CYFIP1;NCKAP1;TRIO;NCF1;GARRE1;SNAP23;ARHGAP1;NOXO1;ARHGAP5;ARHGAP35;DOCK10;CDC42;PREX1;ABR;NHS;ABL2;SLITRK5;NCKAP1L;SRGAP2;WASF1;WASF2;GIT1;PAK4;GIT2;SWAP70;ARAP2;ERBIN;ARAP3;ARHGAP26;BAIAP2;VAV2;TIAM1;ABI2;TAOK3;ABI1;NOXA1;RAPGEF1;NOX3;PKN2;PKN1;EPHA2,0.44086021505376344
5,966,Activation Of NMDA Receptors And Postsynaptic Events R-HSA-442755,37/74,7.059260915966457e-28,Neuronal System,Reactome_2022,3.2591872598273425e-29,0.0,0.0,20.44886975242196,1341.3127303313183,CAMK2B;GRIA1;GRIA2;CAMK2D;PRKAA1;PRKAA2;RASGRF2;RASGRF1;CAMK2A;PRKAG1;PRKAG2;PRKX;CAMKK2;RPS6KA3;RPS6KA6;PRKAR2B;RPS6KA2;PRKAR2A;RPS6KA1;NEFL;PRKACB;CAMK2G;GIT1;GRIA3;PRKAB2;ACTN2;CASK;PRKCA;PRKAB1;GRIN2B;CREB1;PRKAR1B;NBEA;PRKAR1A;MAPT;ARHGEF7;CALM1,0.5
5,966,Vesicle-mediated Transport R-HSA-5653656,105/637,8.273142980771319e-28,Vesicle-mediated transport,Reactome_2022,3.900892564607304e-29,0.0,0.0,4.2412433522831465,277.43568453305943,ITSN2;USP6NL;SH3GL3;ITSN1;RABGEF1;GJA1;ARFIP2;SBF2;AP2M1;SH3GL2;SH3GL1;PRKAB2;FNBP1;PRKAB1;BIN1;HGS;AMPH;RIN1;STAM2;GRIA1;RAB5B;RAB5C;STXBP3;TGFA;ADRB2;GRK3;GRK2;MYO6;CLTCL1;PIP5K1C;SPTBN1;RAB4A;TOR1A;SYT2;HPS1;MYO5A;RAB27A;LNPEP;ARPC5;SYNJ2;STAM;SYT9;ARPC2;SYNJ1;ARPC3;CALM1;RAB5A;YWHAE;GDI1;SH3KBP1;YWHAB;DENND1A;ARPC1A;SNAP23;GDI2;CLTB;PRKAG1;PRKAG2;ARRB1;AP2A1;ARRB2;WASL;SLC2A4;PIK3C2A;AREG;AP2A2;YWHAQ;SPTAN1;YWHAG;YWHAH;ACTR3;ACTR2;HSP90AA1;EXOC7;DENND2B;EPS15L1;YWHAZ;DNM1;EPN1;DNM2;DNM3;TBC1D1;CTTN;ALS2;TBC1D4;MYH9;EXOC2;RHOQ;ARF6;HBEGF;RALA;PRKAA2;CYTH3;CYTH2;CUX1;AP2S1;REPS2;STX4;EPS15;CYTH1;SORT1;AP2B1;RAB10;TJP1;TRIP10,0.16483516483516483
5,966,Post NMDA Receptor Activation Events R-HSA-438064,34/61,9.59431082730284e-28,Neuronal System,Reactome_2022,4.6180867439866313e-29,0.0,0.0,25.68105229693213,1675.5599284519851,CAMK2B;GRIA1;GRIA2;CAMK2D;PRKAA1;PRKAA2;RASGRF2;RASGRF1;CAMK2A;PRKAG1;PRKAG2;PRKX;CAMKK2;RPS6KA3;RPS6KA6;PRKAR2B;RPS6KA2;PRKAR2A;RPS6KA1;NEFL;PRKACB;CAMK2G;GIT1;PRKAB2;ACTN2;PRKCA;PRKAB1;GRIN2B;CREB1;PRKAR1B;PRKAR1A;MAPT;ARHGEF7;CALM1,0.5573770491803278
5,966,RHO GTPases Activate WASPs And WAVEs R-HSA-5663213,27/36,2.6020375242898838e-27,Signal Transduction,Reactome_2022,1.2780145011246974e-28,0.0,0.0,60.78274760383387,3903.8980830527416,CYFIP2;CYFIP1;NCKAP1;WIPF1;ARPC1B;WIPF2;ARPC1A;WIPF3;WAS;WASL;CDC42;NCKIPSD;NCKAP1L;WASF1;WASF2;WASF3;NCK1;ACTR3;ACTR2;ARPC5;BAIAP2;PTK2;ABI2;ARPC2;ARPC3;ABI1;BTK,0.75
5,966,NRAGE Signals Death Thru JNK R-HSA-193648,32/57,2.910268380126124e-26,Signal Transduction,Reactome_2022,1.4579929998667224e-27,0.0,0.0,26.05087794432548,1609.755041056226,TRIO;ARHGEF26;MAGED1;RASGRF2;ITSN1;KALRN;FGD1;AKAP13;PREX1;ABR;MCF2L;VAV3;ARHGEF10;NGFR;PLEKHG2;ARHGEF15;ARHGEF16;ARHGEF18;NGF;VAV1;VAV2;TIAM2;TIAM1;ARHGEF9;OBSCN;ARHGEF3;ARHGEF4;ARHGEF2;ARHGEF7;ARHGEF5;NGEF;ARHGEF6,0.5614035087719298
5,966,P75 NTR Receptor-Mediated Signaling R-HSA-193704,39/95,2.3363179458816443e-25,Signal Transduction,Reactome_2022,1.1934040588000542e-26,0.0,0.0,14.257628294036062,851.0435735725351,YWHAE;BEX3;TRIO;PRDM4;ARHGEF26;MAGED1;RASGRF2;ITSN1;KALRN;FGD1;AKAP13;PREX1;ABR;ARHGDIA;MCF2L;VAV3;ARHGEF10;LINGO1;NGFR;PRKCI;PLEKHG2;ARHGEF15;ARHGEF16;ARHGEF18;NGF;VAV1;VAV2;TIAM2;TIAM1;ARHGEF9;MAG;OBSCN;ARHGEF3;ARHGEF4;ARHGEF2;ARHGEF7;ARHGEF5;NGEF;ARHGEF6,0.4105263157894737
5,966,G-protein Mediated Events R-HSA-112040,30/52,3.9970443224707918e-25,Signal Transduction,Reactome_2022,2.0809759242726127e-26,0.0,0.0,27.6981351981352,1637.9119257890704,CAMK2B;CAMK2D;AHCYL1;PDE1C;PDE1B;PDE1A;CAMK2A;GNAI3;ITPR1;ITPR2;ITPR3;PRKX;GNAI1;CAMKK2;GNAI2;GNA14;GNA15;GRK2;PRKAR2B;GNA11;PRKAR2A;PRKACB;CAMK2G;PRKCD;PRKCA;CREB1;PRKAR1B;NBEA;PRKAR1A;CALM1,0.5769230769230769
5,966,VEGFA-VEGFR2 Pathway R-HSA-4420097,50/93,1.3512594187340704e-39,Signal Transduction,Reactome_2022,3.982100448135768e-41,0.0,0.0,24.107596222199653,2242.589355439908,CYFIP2;PRR5;CYFIP1;NCKAP1;AHCYL1;NCF1;HSPB1;SHB;CDH5;SYNGAP1;NCK2;ITGAV;PRKACB;NCK1;VAV3;HSP90AA1;PRKCB;PRKCD;PRKCA;VAV1;VAV2;MAPKAPK3;MAPKAPK2;ELMO1;ELMO2;ARHGEF7;DOCK1;SH2D2A;ITPR1;ITPR2;ITPR3;PRKCZ;CDC42;CTNNA1;PTK2B;THEM4;FYN;NCKAP1L;WASF1;WASF2;WASF3;BAIAP2;MAPK12;PTK2;MAPK13;ABI2;ABI1;PKN2;PKN1;CALM1,0.5376344086021505
5,966,Neuronal System R-HSA-112316,96/386,1.881837268753061e-40,Neuronal System,Reactome_2022,5.360833083874142e-42,0.0,0.0,7.132080856123662,677.7577533260643,GABRB3;GABRB2;GABRB1;PTPRS;RASGRF2;RASGRF1;PRKAG1;PRKAG2;AP2A1;GRIK1;AP2A2;PTPRF;RPS6KA3;GABRR2;RPS6KA6;GABRR1;RPS6KA2;RPS6KA1;FLOT1;NPTN;NEFL;FLOT2;PRKACB;AP2M1;GIT1;PRKAB2;DBNL;PRKCB;ACTN2;CASK;PRKCA;HTR3B;GABRG3;PRKAB1;GABRG2;GRIP2;CACNB3;ARHGEF9;CREB1;PRKAR1B;PRKAR1A;PICK1;MAPT;ARHGEF7;SHANK3;SHANK1;GRIA1;CAMK2B;GRIA2;PRKAA1;CAMK2D;PRKAA2;EPB41;KCNA2;CAMK2A;KCNA3;GNAI3;CACNA1A;PRKX;AKAP5;CACNA1E;GNAI1;CAMKK2;GNAI2;GNG10;GNG2;EPB41L1;PRKAR2B;PRKAR2A;MYO6;TSPAN7;AP2S1;SLITRK5;CACNG3;CAMK2G;GRIA3;GABRA2;GABRQ;GABRA1;SYT2;HOMER1;GABRA6;GABRA5;GABRA4;GABRA3;AP2B1;GNG12;SYT9;GRIN2B;GNG11;PTPRD;NBEA;GNB1;GNB4;GNB5;CALM1,0.24870466321243523
5,966,Signaling By NTRKs R-HSA-166520,59/132,9.27092597149897e-41,Signal Transduction,Reactome_2022,2.5499599921608174e-42,0.0,0.0,16.895968947757925,1618.1691224535866,SH3GL3;PTPRU;DOCK3;PTPRS;YWHAB;NAB1;IRS2;AP2A1;AP2A2;RPS6KA3;RPS6KA5;PPP2R1B;PPP2R1A;RPS6KA2;RPS6KA1;AP2M1;SH3GL2;MEF2A;MEF2C;DUSP3;FOS;VRK3;NGF;DNM1;DNM2;DUSP7;DNM3;TIAM1;ARC;CREB1;MAPKAPK3;VGF;MAPKAPK2;RAPGEF1;SGK1;RALA;SHC3;RALB;SRF;ASCL1;PPP2CA;PPP2CB;RAP1A;MAPK7;AP2S1;FYN;RALGDS;MEF2D;MAP2K5;NTRK2;JUND;KIDINS220;AP2B1;GRIN2B;MAPK12;MAPK13;CDK5;CDK5R2;CDK5R1,0.44696969696969696
5,966,Regulation Of Actin Dynamics For Phagocytic Cup Formation R-HSA-2029482,43/62,6.945087436135186e-41,Immune System,Reactome_2022,1.842017296420924e-42,0.0,0.0,46.62399498203798,4480.45926901914,CYFIP2;CYFIP1;NCKAP1;WIPF1;ARPC1B;WIPF2;ARPC1A;WIPF3;WAS;WASL;CDC42;NCKIPSD;NCKAP1L;WASF1;WASF2;WASF3;NCK1;ACTR3;VAV3;ACTR2;HSP90AA1;SYK;MYO10;LIMK1;MYO5A;MYO9B;ARPC5;BAIAP2;VAV1;PTK2;VAV2;MYH2;ABI2;ARPC2;ARPC3;ABI1;BTK;ELMO1;ELMO2;MYH9;NF2;PKN1;DOCK1,0.6935483870967742
5,966,Nervous System Development R-HSA-9675108,195/545,1.0160066722059176e-116,Developmental Biology,Reactome_2022,2.994125753062626e-119,0.0,0.0,13.501500833796554,3684.707740035948,EPHB6;TRIO;ITSN1;PITPNA;RPS6KA4;RPS6KA3;RPS6KA6;SYNGAP1;RPS6KA5;DPYSL4;DPYSL5;SCN11A;DPYSL2;RPS6KA2;RPS6KA1;DAG1;EPHB2;PRKACB;EPHB1;EPHB4;SCN1B;EPHB3;SCN1A;EPHA5;EPHA4;EPHA7;UNC5A;UNC5B;EPHA8;PRKCA;UNC5C;TIAM1;MYL6;SCN10A;PRKCQ;EZR;PFN1;TLN1;MYL9;NGEF;EPHA3;EPHA2;GRB7;EPHA10;AGAP2;PIK3R3;KALRN;MYL12A;RRAS;FLRT3;PRKAR2A;PIP5K1C;SCN3B;SCN3A;SPTBN1;LYN;VASP;YES1;RDX;L1CAM;GRIN2B;PTK2;ARTN;SCN2A;SCN2B;RET;ROBO3;NRP2;SH3KBP1;ARPC1B;ARPC1A;CLTB;AP2A1;WASL;AP2A2;PPP3CB;SPTAN1;GIT1;CAP1;VAV3;GFRA3;RGMB;RHOC;GFRA2;RGMA;RHOB;VAV2;ENAH;ARHGEF7;YAP1;CXCR4;AKAP5;DRP2;RELN;AP2S1;PAK4;FARP2;RANBP9;MYO9B;AP2B1;PKN2;PKN1;CDK5R1;PLXND1;NAB1;ITGA2B;IRS2;ARHGAP35;GRB10;NRTN;AP2M1;SH3GL2;SEMA6D;ADAM10;DOK1;CACNB3;MAG;DOK2;DOK4;DOK6;SCN8A;SHC3;ARHGEF28;CACNA1D;CACNA1C;EFNA5;EFNA4;RAP1GAP;CACNA1H;EFNB2;EFNB1;SDCBP;EFNB3;CLTCL1;PLXNA2;ABL2;PLXNA1;MYH14;MYH11;SRGAP2;SRGAP1;MYH10;PLXNA4;CNTN6;MSN;ARPC5;EFNA3;EFNA2;ARPC2;CDK5;ARPC3;PTPRA;FES;CNTN2;PLXNB1;FGFR1;RND1;NCK2;ITGAV;NEO1;NCK1;ACTR3;ACTR2;HSP90AA1;TRPC6;TRPC3;DCC;TRPC1;MMP2;DNM1;DNM2;DNM3;GAP43;CREB1;NUMB;MYH9;EVL;DOCK1;SHANK3;LAMA2;SEMA3A;SEMA3E;NTN1;CDC42;ABLIM2;MAPK7;ABLIM3;FYN;NCAM1;SLIT3;MYO10;LIMK2;LIMK1;MAPK12;MAPK13,0.3577981651376147
5,966,Axon Guidance R-HSA-422475,190/519,9.079310294890965e-116,Developmental Biology,Reactome_2022,3.567508956735153e-118,0.0,0.0,13.920463447497886,3764.555105198149,EPHB6;TRIO;PLXND1;ITSN1;ITGA2B;PITPNA;IRS2;ARHGAP35;RPS6KA4;RPS6KA3;RPS6KA6;SYNGAP1;RPS6KA5;DPYSL4;DPYSL5;SCN11A;DPYSL2;RPS6KA2;RPS6KA1;GRB10;DAG1;NRTN;EPHB2;PRKACB;EPHB1;AP2M1;EPHB4;SCN1B;SH3GL2;EPHB3;SCN1A;EPHA5;EPHA4;EPHA7;UNC5A;UNC5B;EPHA8;SEMA6D;ADAM10;PRKCA;UNC5C;TIAM1;DOK1;MYL6;SCN10A;CACNB3;DOK2;DOK4;DOK6;SCN8A;PRKCQ;EZR;PFN1;TLN1;MYL9;NGEF;EPHA3;EPHA2;GRB7;SHC3;EPHA10;ARHGEF28;AGAP2;PIK3R3;CACNA1D;CACNA1C;EFNA5;KALRN;EFNA4;RAP1GAP;MYL12A;CACNA1H;EFNB2;EFNB1;SDCBP;EFNB3;RRAS;FLRT3;PRKAR2A;CLTCL1;PLXNA2;ABL2;PLXNA1;MYH14;MYH11;PIP5K1C;SRGAP2;SCN3B;SRGAP1;SCN3A;MYH10;PLXNA4;SPTBN1;LYN;VASP;YES1;CNTN6;RDX;MSN;ARPC5;L1CAM;GRIN2B;PTK2;EFNA3;EFNA2;ARPC2;CDK5;ARPC3;PTPRA;ARTN;FES;CNTN2;PLXNB1;SCN2A;SCN2B;FGFR1;RET;ROBO3;NRP2;SH3KBP1;ARPC1B;ARPC1A;CLTB;AP2A1;WASL;AP2A2;RND1;PPP3CB;NCK2;ITGAV;NEO1;SPTAN1;GIT1;NCK1;ACTR3;CAP1;VAV3;ACTR2;HSP90AA1;TRPC6;TRPC3;DCC;TRPC1;MMP2;GFRA3;RGMB;RHOC;GFRA2;DNM1;RGMA;RHOB;VAV2;DNM2;ENAH;DNM3;GAP43;CREB1;NUMB;MYH9;EVL;ARHGEF7;DOCK1;SHANK3;SEMA3A;CXCR4;SEMA3E;AKAP5;NTN1;CDC42;ABLIM2;RELN;MAPK7;ABLIM3;AP2S1;FYN;NCAM1;SLIT3;PAK4;FARP2;MYO10;LIMK2;LIMK1;RANBP9;MYO9B;AP2B1;MAPK12;MAPK13;PKN2;PKN1;CDK5R1,0.36608863198458574
5,966,Signaling By Rho GTPases R-HSA-194315,206/644,5.413495782479797e-113,Signal Transduction,Reactome_2022,2.6588879088800577e-115,0.0,0.0,11.507978851237684,3036.027819559152,CYFIP2;ITSN2;CYFIP1;NCKAP1;TRIO;WIPF1;WIPF2;ITSN1;WIPF3;MYLK;PREX2;PREX1;GJA1;PPP2R1B;PPP2R1A;FNBP1;PRKCB;STARD8;ACTN1;PRKCD;PRKCA;TIAM2;TIAM1;MYL6;DAAM1;CDC37;SPATA13;BTK;PFN1;MYL9;NGEF;EPHA2;GRB7;GARRE1;PIK3R3;IQGAP1;KLK2;IQGAP2;PRKCZ;KALRN;ABR;MYO6;NCKAP1L;SPTBN1;STAM;PTK2;NOX3;CALM1;ARHGAP9;ARPC1B;ARPC1A;ARHGAP1;WASL;ARHGAP5;AREG;ARHGAP4;AKAP13;SPTAN1;GIT1;VAV3;RHOG;RHOC;RHOD;VAV1;RHOB;VAV2;ARHGEF9;CTTN;CDC42EP5;CDC42EP4;RHOJ;RAPGEF1;ARHGEF3;ARHGEF4;RHOU;ARHGEF2;ARHGEF7;ARHGEF5;RHOQ;ARHGEF6;PKN3;WAS;NOXO1;FGD1;PPP2CA;PPP2CB;FGD5;CTNNA1;FLNA;PAK4;FARP2;GIT2;KIDINS220;ERBIN;WWP2;MYO9B;DEF6;KTN1;TMEM59;ABI2;TAOK3;ABI1;TRIP10;PKN2;PKN1;TJP2;NCF1;PLXND1;ARHGAP35;PPP1CB;DOCK10;STK10;DOCK11;ARHGDIA;RALGAPA1;SWAP70;OBSCN;HGS;ELMO2;STAM2;ARHGEF26;ARHGEF25;ARHGEF28;RASAL2;NCKIPSD;ABL2;PLXNA1;MYH14;MYH11;RHPN2;SRGAP2;SRGAP1;MYH10;ARPC5;ARHGAP26;DIAPH1;ARHGAP31;DIAPH2;DNMBP;ARPC2;ARPC3;NOXA1;PLXNB1;NF2;MAP3K11;DOCK6;YWHAE;DOCK4;DOCK3;YWHAB;RASGRF2;SNAP23;DOCK7;RND1;YWHAQ;MCF2L;NCK2;FLOT1;FLOT2;YWHAG;NCK1;YWHAH;ACTR3;ACTR2;ARHGEF10;HSP90AA1;PLEKHG1;PLEKHG2;PPP1R12A;ARHGEF15;ARHGEF16;ARAP2;ARAP3;ARHGEF18;ARAP1;YWHAZ;ARHGAP10;ZAP70;ALS2;LCK;MYH9;EVL;PDE5A;PPP1R12B;DOCK2;DOCK1;SRF;UACA;CDC42;PARD6B;PARD6A;NHS;SLITRK5;PTK2B;CSK;WASF1;WASF2;WASF3;PPP1R14A;LIMK2;LIMK1;SEMA4F;BAIAP2;PTPN13;FMNL1;VIM,0.3198757763975155
5,966,"Signaling By Rho GTPases, Miro GTPases And RHOBTB3 R-HSA-9716542",206/660,1.0335156321821745e-110,Signal Transduction,Reactome_2022,6.091447733883151e-113,0.0,0.0,11.092858798979828,2866.230869155973,CYFIP2;ITSN2;CYFIP1;NCKAP1;TRIO;WIPF1;WIPF2;ITSN1;WIPF3;MYLK;PREX2;PREX1;GJA1;PPP2R1B;PPP2R1A;FNBP1;PRKCB;STARD8;ACTN1;PRKCD;PRKCA;TIAM2;TIAM1;MYL6;DAAM1;CDC37;SPATA13;BTK;PFN1;MYL9;NGEF;EPHA2;GRB7;GARRE1;PIK3R3;IQGAP1;KLK2;IQGAP2;PRKCZ;KALRN;ABR;MYO6;NCKAP1L;SPTBN1;STAM;PTK2;NOX3;CALM1;ARHGAP9;ARPC1B;ARPC1A;ARHGAP1;WASL;ARHGAP5;AREG;ARHGAP4;AKAP13;SPTAN1;GIT1;VAV3;RHOG;RHOC;RHOD;VAV1;RHOB;VAV2;ARHGEF9;CTTN;CDC42EP5;CDC42EP4;RHOJ;RAPGEF1;ARHGEF3;ARHGEF4;RHOU;ARHGEF2;ARHGEF7;ARHGEF5;RHOQ;ARHGEF6;PKN3;WAS;NOXO1;FGD1;PPP2CA;PPP2CB;FGD5;CTNNA1;FLNA;PAK4;FARP2;GIT2;KIDINS220;ERBIN;WWP2;MYO9B;DEF6;KTN1;TMEM59;ABI2;TAOK3;ABI1;TRIP10;PKN2;PKN1;TJP2;NCF1;PLXND1;ARHGAP35;PPP1CB;DOCK10;STK10;DOCK11;ARHGDIA;RALGAPA1;SWAP70;OBSCN;HGS;ELMO2;STAM2;ARHGEF26;ARHGEF25;ARHGEF28;RASAL2;NCKIPSD;ABL2;PLXNA1;MYH14;MYH11;RHPN2;SRGAP2;SRGAP1;MYH10;ARPC5;ARHGAP26;DIAPH1;ARHGAP31;DIAPH2;DNMBP;ARPC2;ARPC3;NOXA1;PLXNB1;NF2;MAP3K11;DOCK6;YWHAE;DOCK4;DOCK3;YWHAB;RASGRF2;SNAP23;DOCK7;RND1;YWHAQ;MCF2L;NCK2;FLOT1;FLOT2;YWHAG;NCK1;YWHAH;ACTR3;ACTR2;ARHGEF10;HSP90AA1;PLEKHG1;PLEKHG2;PPP1R12A;ARHGEF15;ARHGEF16;ARAP2;ARAP3;ARHGEF18;ARAP1;YWHAZ;ARHGAP10;ZAP70;ALS2;LCK;MYH9;EVL;PDE5A;PPP1R12B;DOCK2;DOCK1;SRF;UACA;CDC42;PARD6B;PARD6A;NHS;SLITRK5;PTK2B;CSK;WASF1;WASF2;WASF3;PPP1R14A;LIMK2;LIMK1;SEMA4F;BAIAP2;PTPN13;FMNL1;VIM,0.31212121212121213
5,966,RHO GTPase Cycle R-HSA-9012999,159/441,7.999359143108519e-95,Signal Transduction,Reactome_2022,5.500541650467548e-97,0.0,0.0,13.101531809433416,2903.9009069017125,CYFIP2;ITSN2;CYFIP1;NCKAP1;TRIO;NCF1;PLXND1;WIPF1;WIPF2;ITSN1;WIPF3;ARHGAP35;PREX2;DOCK10;PREX1;STK10;DOCK11;GJA1;ARHGDIA;FNBP1;RALGAPA1;STARD8;SWAP70;ACTN1;TIAM2;TIAM1;OBSCN;DAAM1;HGS;CDC37;SPATA13;ELMO2;STAM2;NGEF;EPHA2;GRB7;GARRE1;ARHGEF26;ARHGEF25;ARHGEF28;PIK3R3;IQGAP1;RASAL2;IQGAP2;KALRN;ABR;MYO6;ABL2;PLXNA1;NCKAP1L;RHPN2;SRGAP2;SRGAP1;SPTBN1;STAM;ARHGAP26;DIAPH1;ARHGAP31;DIAPH2;DNMBP;NOXA1;NOX3;PLXNB1;MAP3K11;ARHGAP9;DOCK6;DOCK4;DOCK3;RASGRF2;SNAP23;DOCK7;ARHGAP1;WASL;ARHGAP5;ARHGAP4;RND1;AKAP13;MCF2L;NCK2;FLOT1;FLOT2;SPTAN1;GIT1;NCK1;VAV3;ARHGEF10;HSP90AA1;PLEKHG1;PLEKHG2;ARHGEF15;ARHGEF16;RHOG;ARAP2;ARAP3;ARHGEF18;ARAP1;RHOC;RHOD;VAV1;RHOB;VAV2;ARHGAP10;ZAP70;ARHGEF9;ALS2;CDC42EP5;LCK;CDC42EP4;RHOJ;RAPGEF1;ARHGEF3;ARHGEF4;RHOU;PDE5A;ARHGEF2;ARHGEF7;DOCK2;DOCK1;ARHGEF5;RHOQ;ARHGEF6;PKN3;WAS;NOXO1;UACA;FGD1;CDC42;FGD5;PARD6B;PARD6A;NHS;SLITRK5;PTK2B;CSK;WASF1;WASF2;WASF3;PAK4;FARP2;GIT2;KIDINS220;ERBIN;WWP2;SEMA4F;MYO9B;BAIAP2;PTPN13;DEF6;KTN1;TMEM59;FMNL1;ABI2;TAOK3;ABI1;TRIP10;PKN2;PKN1;VIM;TJP2,0.36054421768707484
5,966,Developmental Biology R-HSA-1266738,209/1073,2.1370247668407536e-70,Developmental Biology,Reactome_2022,1.6793907794426354e-72,0.0,0.0,5.8061946523802535,959.5764103993224,EPHB6;SPI1;TRIO;ITSN1;PITPNA;RPS6KA4;RPS6KA3;RPS6KA6;SYNGAP1;RPS6KA5;CAPNS1;DPYSL4;DPYSL5;SCN11A;DPYSL2;RPS6KA2;RPS6KA1;DAG1;EPHB2;PRKACB;EPHB1;EPHB4;SCN1B;EPHB3;SCN1A;MEF2A;EPHA5;EPHA4;MEF2C;EPHA7;UNC5A;UNC5B;EPHA8;UNC5C;PRKCA;TIAM1;MYL6;SCN10A;PRKCQ;PFN1;TLN1;EZR;MYL9;NGEF;EPHA3;EPHA2;GRB7;EPHA10;AGAP2;PIK3R3;KALRN;MYL12A;RRAS;FLRT3;PRKAR2A;PIP5K1C;SCN3B;SCN3A;SPTBN1;LYN;VASP;JUN;YES1;RDX;L1CAM;GRIN2B;PTK2;ARTN;SCN2A;SCN2B;RET;ROBO3;NRP2;SH3KBP1;ARPC1B;ARPC1A;CLTB;AP2A1;WASL;AP2A2;PPP3CB;SPTAN1;GIT1;CAP1;VAV3;MAP4K2;RGMB;RHOC;GFRA3;GFRA2;RGMA;VAV2;RHOB;ENAH;ARHGEF7;YAP1;CXCR4;AKAP5;DRP2;RELN;AP2S1;CTNNA1;CTNNA2;MEF2D;PAK4;FARP2;RANBP9;MYO9B;AP2B1;PKN2;PKN1;CDK5R1;PLXND1;NAB1;ITGA2B;IRS2;ARHGAP35;GRB10;NRTN;CAPN1;AP2M1;SH3GL2;SEMA6D;ADAM10;DOK1;MAG;DOK2;CACNB3;DOK4;DOK6;SCN8A;SHC3;ARHGEF28;CACNA1D;CACNA1C;FOXO3;EFNA5;EFNA4;RAP1GAP;CACNA1H;EFNB2;EFNB1;SDCBP;EFNB3;CLTCL1;PLXNA2;ABL2;PLXNA1;MYH14;MYH11;SRGAP2;SRGAP1;MYH10;PLXNA4;CNTN6;MSN;ARPC5;EFNA3;EFNA2;ARPC2;CDK5;ARPC3;PTPRA;FES;CNTN2;PLXNB1;FGF13;FGFR1;SLC2A4;RND1;NCK2;ITGAV;NEO1;NCK1;ACTR3;ACTR2;HSP90AA1;TRPC6;TRPC3;DCC;MMP2;TRPC1;DNM1;DNM2;DNM3;GAP43;CREB1;NUMB;MYH9;EVL;SHANK3;DOCK1;LAMA2;SEMA3A;SEMA3E;NTN1;CDC42;ABLIM2;MAPK7;ABLIM3;FYN;SLIT3;NCAM1;CACNG3;MYO10;LIMK2;LIMK1;MAPK12;MAPK13,0.19478098788443615
5,966,RAC1 GTPase Cycle R-HSA-9013149,91/178,1.3561494304106483e-69,Signal Transduction,Reactome_2022,1.1989533274750328e-71,0.0,0.0,22.64928735632184,3698.676022397788,CYFIP2;ARHGAP9;DOCK6;CYFIP1;NCKAP1;DOCK4;TRIO;DOCK3;NCF1;WIPF1;WIPF2;RASGRF2;WIPF3;DOCK7;SNAP23;ARHGAP1;WASL;ARHGAP5;ARHGAP35;ARHGAP4;DOCK10;PREX2;DOCK11;PREX1;ARHGDIA;MCF2L;GIT1;VAV3;ARHGEF10;PLEKHG1;PLEKHG2;ARHGEF15;SWAP70;ARAP2;ARAP3;ARHGEF18;ARAP1;VAV1;VAV2;TIAM2;TIAM1;ARHGAP10;ALS2;CDC42EP4;SPATA13;ARHGEF4;ARHGEF7;DOCK2;DOCK1;NGEF;ARHGEF5;EPHA2;ARHGEF6;GARRE1;ARHGEF25;WAS;PIK3R3;NOXO1;IQGAP1;IQGAP2;KALRN;CDC42;ABR;FGD5;PARD6A;NHS;ABL2;NCKAP1L;SRGAP2;WASF1;SRGAP1;WASF2;WASF3;PAK4;FARP2;GIT2;ERBIN;MYO9B;ARHGAP26;BAIAP2;DEF6;KTN1;ARHGAP31;FMNL1;ABI2;TAOK3;NOXA1;ABI1;NOX3;PKN2;PKN1,0.5112359550561798
5,966,EPH-Ephrin Signaling R-HSA-2682334,66/91,8.192957458022392e-65,Developmental Biology,Reactome_2022,8.04809180552298e-67,0.0,0.0,55.75973333333334,8485.949260468728,EPHB6;ARPC1B;ARPC1A;ITSN1;CLTB;AP2A1;WASL;AP2A2;SYNGAP1;NCK2;EPHB2;EPHB1;AP2M1;EPHB4;GIT1;EPHB3;ACTR3;EPHA5;VAV3;ACTR2;EPHA4;EPHA7;EPHA8;MMP2;ADAM10;DNM1;VAV2;TIAM1;MYL6;MYH9;ARHGEF7;MYL9;EPHA3;NGEF;EPHA2;EPHA10;ARHGEF28;EFNA5;EFNA4;KALRN;MYL12A;CDC42;EFNB2;EFNB1;SDCBP;EFNB3;CLTCL1;AP2S1;MYH14;FYN;MYH11;MYH10;LYN;YES1;LIMK2;LIMK1;AP2B1;ARPC5;GRIN2B;PTK2;EFNA3;EFNA2;ARPC2;ARPC3;PKN2;PKN1,0.7252747252747253
5,966,MAPK Family Signaling Cascades R-HSA-5683057,107/318,2.9639584539351225e-59,Signal Transduction,Reactome_2022,3.202705598554651e-61,0.0,0.0,11.112121997914471,1547.848529274631,ITGA2B;PEBP1;WDR83;IRS2;PPP1CB;SYNGAP1;PPP2R1B;PPP2R1A;NRTN;PRKACB;PDGFRB;PDGFRA;ACTN2;FLT3LG;PRKCA;PRKCQ;TLN1;VCL;SHC3;PDGFA;TGFA;CSF2RB;RASAL1;IQGAP1;RASAL2;FOXO3;RASAL3;KALRN;RASGRP1;RASGRP4;RAP1B;RAP1A;RALGDS;MARK3;SPTBN1;JUN;GRIN2B;PTK2;ARTN;PTPRA;CALM1;FGF13;MAP3K11;FGFR1;ARHGAP9;RET;YWHAB;RASGRF2;RASGRF1;HSPB1;ARRB1;ARRB2;AREG;DUSP16;SPRED2;SPRED1;DUSP10;NEFL;PRKG2;JAK3;SPTAN1;KSR1;MMP2;KSR2;DUSP8;GFRA3;IL17RD;DUSP9;GFRA2;DUSP7;APBB1IP;CNKSR2;CNKSR1;MRAS;RASA3;CDC42EP5;RASA4;KIT;IL3RA;RASA2;ARHGEF7;HBEGF;CAMK2B;CAMK2D;CAMK2A;IL2RG;PPP2CA;CDC42;PPP2CB;ERBB3;SHOC2;CSK;FYN;NCAM1;MAPK6;CAMK2G;MAPK4;RANBP9;MAPK12;KITLG;ABHD17A;PKN2;PKN1;PTPN7;TEK;LAMTOR3;PTPN3,0.33647798742138363
5,966,Hemostasis R-HSA-109582,134/576,4.1141444298163783e-53,Hemostasis,Reactome_2022,4.8496790921214666e-55,0.0,0.0,6.774625826662025,847.2568425039489,DGKG;DGKD;GUCY1B1;DGKA;ITGA2B;SIRPG;MPL;DOCK10;DOCK11;GRB14;PPP2R1B;PPP2R1A;LAMP2;SIRPA;PRKACB;GUCY1A2;GUCY1A1;PRKCH;PRKCB;ACTN2;PRKCE;ACTN1;APLP2;PRKCD;PRKCA;ACTN4;GTPBP2;DGKZ;MAG;DOK2;TMX3;PRKAR1B;PRKAR1A;ORAI1;PRKCQ;PFN1;TLN1;VCL;GRB7;STXBP3;PDE1B;PDE1A;STXBP2;ITPR1;PDGFA;ITPR2;PIK3R3;ITPR3;RASGRP2;PRKCZ;RASGRP1;RAP1B;GNG10;RAP1A;PRKAR2B;PRKAR2A;INPP5D;TSPAN7;PLCG2;LYN;YES1;GP6;L1CAM;GNG12;GNG11;PTK2;EHD2;CDK5;GNB1;GNAS;GNB4;GNB5;CALM1;RAB5A;DOCK6;DOCK4;DAGLA;DOCK3;DOCK7;ARRB1;ARRB2;PRKG2;ITGAV;PRKG1;CAP1;VAV3;TRPC6;FCER1G;TRPC3;SYK;RHOG;YWHAZ;VAV1;RHOB;VAV2;APBB1IP;FGR;LCK;PICK1;ITGA6;LCP2;PDE5A;CD47;DAGLB;DOCK2;DOCK1;MGLL;RAPGEF4;TOR4A;GNAI3;GNAI1;GNAI2;CDC42;PPP2CA;PPP2CB;GNA14;GNA15;GNG2;GNA11;GNA12;FLNA;STX4;CSK;FYN;AAMP;SH2B3;SH2B2;JAM3;SH2B1;PTPN1;ATP2B1;PTPN6;TEK;F2RL2,0.2326388888888889
5,966,RAF/MAP Kinase Cascade R-HSA-5673001,93/271,3.619898467963024e-52,Signal Transduction,Reactome_2022,4.622660126082447e-54,0.0,0.0,11.284914475462372,1385.8848265595293,ARHGAP9;RET;YWHAB;RASGRF2;ITGA2B;RASGRF1;PEBP1;WDR83;IRS2;ARRB1;ARRB2;AREG;DUSP16;PPP1CB;SPRED2;SPRED1;SYNGAP1;DUSP10;PPP2R1B;PPP2R1A;NEFL;PRKG2;NRTN;JAK3;SPTAN1;PDGFRB;PDGFRA;KSR1;ACTN2;FLT3LG;KSR2;DUSP8;GFRA3;IL17RD;DUSP9;GFRA2;DUSP7;APBB1IP;CNKSR2;CNKSR1;MRAS;RASA3;RASA4;KIT;IL3RA;RASA2;PRKCQ;TLN1;VCL;HBEGF;CAMK2B;CAMK2D;SHC3;CAMK2A;PDGFA;TGFA;CSF2RB;RASAL1;IQGAP1;RASAL2;RASAL3;IL2RG;RASGRP1;RASGRP4;PPP2CA;RAP1B;PPP2CB;RAP1A;ERBB3;SHOC2;CSK;FYN;NCAM1;RALGDS;MARK3;CAMK2G;SPTBN1;RANBP9;GRIN2B;PTK2;MAPK12;KITLG;ARTN;PTPRA;ABHD17A;PTPN7;TEK;CALM1;FGF13;LAMTOR3;MAP3K11;FGFR1;PTPN3,0.34317343173431736
5,966,Netrin-1 Signaling R-HSA-373752,29/49,9.591633790321732e-25,Developmental Biology,Reactome_2022,5.087900045946695e-26,0.0,0.0,29.42401280683031,1713.6647229774385,TRIO;PITPNA;AGAP2;WASL;NTN1;CDC42;ABLIM2;ABLIM3;FYN;SLIT3;NEO1;NCK1;TRPC6;TRPC3;UNC5A;MYO10;DCC;UNC5B;TRPC1;UNC5C;RGMB;MAPK12;PTK2;RGMA;MAPK13;PRKCQ;PKN1;EZR;DOCK1,0.5918367346938775
5,966,Neurotransmitter Receptors And Postsynaptic Signal Transmission R-HSA-112314,78/182,3.9859774158142044e-52,Neuronal System,Reactome_2022,5.481697821355487e-54,0.0,0.0,15.988175675675675,1960.7607687400025,GABRB3;GABRB2;GABRB1;RASGRF2;RASGRF1;PRKAG1;PRKAG2;AP2A1;GRIK1;AP2A2;RPS6KA3;GABRR2;RPS6KA6;GABRR1;RPS6KA2;RPS6KA1;NPTN;NEFL;PRKACB;AP2M1;GIT1;PRKAB2;ACTN2;PRKCB;CASK;PRKCA;HTR3B;GABRG3;PRKAB1;GABRG2;GRIP2;ARHGEF9;CREB1;PRKAR1B;PRKAR1A;PICK1;MAPT;ARHGEF7;GRIA1;CAMK2B;GRIA2;CAMK2D;PRKAA1;PRKAA2;CAMK2A;GNAI3;PRKX;AKAP5;GNAI1;CAMKK2;GNAI2;GNG10;GNG2;EPB41L1;PRKAR2B;PRKAR2A;MYO6;TSPAN7;AP2S1;CACNG3;CAMK2G;GRIA3;GABRA2;GABRQ;GABRA1;GABRA6;GABRA5;GABRA4;GABRA3;AP2B1;GNG12;GNG11;GRIN2B;NBEA;GNB1;GNB4;GNB5;CALM1,0.42857142857142855
5,966,Fcgamma Receptor (FCGR) Dependent Phagocytosis R-HSA-2029480,56/87,2.335405995173678e-50,Immune System,Reactome_2022,3.6705791672670776e-52,0.0,0.0,37.72307692307693,4467.697735678215,CYFIP2;CYFIP1;NCKAP1;AHCYL1;WIPF1;ARPC1B;WIPF2;ARPC1A;WIPF3;WASL;NCK1;ACTR3;VAV3;ACTR2;HSP90AA1;SYK;PRKCE;PRKCD;VAV1;VAV2;FGR;HCK;MYH2;PLPP4;BTK;ELMO1;ELMO2;MYH9;DOCK1;ITPR1;WAS;ITPR2;ITPR3;CDC42;NCKIPSD;PLCG2;FYN;NCKAP1L;WASF1;WASF2;WASF3;LYN;YES1;MYO10;LIMK1;MYO5A;MYO9B;ARPC5;BAIAP2;PTK2;ABI2;ARPC2;ARPC3;ABI1;NF2;PKN1,0.6436781609195402
5,966,CDC42 GTPase Cycle R-HSA-9013148,70/149,3.8306645033773524e-50,Signal Transduction,Reactome_2022,6.396983944736245e-52,0.0,0.0,18.745055379746837,2209.6408516277943,ARHGAP9;DOCK6;TRIO;WIPF1;WIPF2;RASGRF2;ITSN1;WIPF3;DOCK7;SNAP23;ARHGAP1;WASL;ARHGAP5;ARHGAP35;ARHGAP4;DOCK10;PREX2;DOCK11;PREX1;ARHGDIA;MCF2L;GIT1;VAV3;ARHGEF10;PLEKHG1;PLEKHG2;ARHGEF15;FNBP1;STARD8;ARHGEF16;ARAP2;ARAP3;ARAP1;VAV2;TIAM1;ARHGAP10;ARHGEF9;DAAM1;CDC42EP5;CDC42EP4;SPATA13;ARHGEF4;ARHGEF7;NGEF;ARHGEF5;ARHGEF6;ARHGEF26;ARHGEF25;WAS;IQGAP1;IQGAP2;FGD1;CDC42;ABR;PARD6A;SRGAP2;SRGAP1;PAK4;GIT2;MYO9B;ARHGAP26;BAIAP2;DEF6;KTN1;ARHGAP31;FMNL1;DNMBP;PKN2;PKN1;MAP3K11,0.4697986577181208
5,966,GPCR Downstream Signaling R-HSA-388396,130/619,3.137444077368862e-46,Signal Transduction,Reactome_2022,5.547543555269106e-48,0.0,0.0,5.897324879404311,641.6922206730537,DGKG;TRIO;DGKD;AHCYL1;DGKA;ITSN1;PREX1;RPS6KA3;EDNRB;RGS3;PPP2R1B;PPP2R1A;RPS6KA2;RPS6KA1;PRKACB;PRKCH;PRKCB;PRKCE;PRKCD;PRKCA;DGKZ;TIAM2;TIAM1;OBSCN;PRKAR1B;PRKAR1A;BTK;PRKCQ;NGEF;GNAZ;PDE1C;ARHGEF26;PDE1B;ARHGEF25;PDE1A;ITPR1;LPAR1;ITPR2;LPAR2;PIK3R3;ITPR3;ADRB2;RASGRP2;KALRN;RASGRP1;ABR;PPP3R1;GNG10;GRK3;GRK2;GRK5;PRKAR2B;PRKAR2A;GRK6;GNG12;GNG11;CDK5;NBEA;GNB1;PDE3A;GNAS;GNB4;PLXNB1;GNB5;CALM1;DAGLA;RASGRF2;PDE3B;ARRB1;ARRB2;AKAP13;PPP3CA;PPP3CB;PPP3CC;MCF2L;PDE4A;VAV3;ARHGEF10;PLEKHG2;TRPC6;TRPC3;ARHGEF15;PDE4D;ARHGEF16;PDE4C;ARHGEF18;RHOC;VAV1;RHOB;VAV2;ARHGEF9;CREB1;ARHGEF3;ARHGEF4;ARHGEF2;DAGLB;ARHGEF7;MGLL;ARHGEF5;HBEGF;ARHGEF6;CAMK2B;CAMK2D;RGS19;CAMK2A;GNAI3;CXCR4;PRKX;FGD1;GNAI1;CAMKK2;GNAI2;CDC42;PPP2CA;PPP2CB;GNA14;GNA15;GNG2;MAPK7;NPY;GNA11;GNA12;RGS20;S1PR3;CAMK2G;TSHR;PPP1CA;PKN1;RGS11;F2RL2,0.210016155088853
5,966,RHO GTPase Effectors R-HSA-195258,86/269,1.959966121667053e-45,Signal Transduction,Reactome_2022,3.658090010969942e-47,0.0,0.0,10.066977148534525,1076.4070841619853,CYFIP2;YWHAE;CYFIP1;NCKAP1;NCF1;WIPF1;YWHAB;WIPF2;ARPC1B;WIPF3;ARPC1A;WASL;AREG;MYLK;PPP1CB;PPP2R1B;YWHAQ;PPP2R1A;YWHAG;NCK1;YWHAH;ACTR3;ACTR2;PPP1R12A;PRKCB;PRKCD;RHOG;PRKCA;RHOC;RHOD;YWHAZ;RHOB;MYL6;DAAM1;CTTN;BTK;MYH9;EVL;PFN1;ARHGEF7;PPP1R12B;MYL9;RHOQ;PKN3;SRF;WAS;NOXO1;IQGAP1;KLK2;IQGAP2;PRKCZ;PPP2CA;NCKIPSD;CDC42;PPP2CB;CTNNA1;FLNA;MYH14;NCKAP1L;MYH11;RHPN2;SRGAP2;WASF1;MYH10;WASF2;WASF3;PPP1R14A;LIMK2;LIMK1;ARPC5;BAIAP2;PTK2;KTN1;DIAPH1;DIAPH2;FMNL1;ABI2;ARPC2;ARPC3;ABI1;NOXA1;NOX3;PKN2;PKN1;NF2;CALM1,0.31970260223048325
5,966,"Platelet Activation, Signaling And Aggregation R-HSA-76002",83/254,1.1488979309989745e-44,Hemostasis,Reactome_2022,2.257166858544154e-46,0.0,0.0,10.3688846502818,1089.81958734508,DGKG;DGKD;DAGLA;DGKA;ITGA2B;MPL;ARRB1;ARRB2;LAMP2;CAP1;VAV3;PRKCH;FCER1G;TRPC6;SYK;TRPC3;ACTN2;PRKCB;ACTN1;PRKCE;APLP2;PRKCD;RHOG;PRKCA;ACTN4;GTPBP2;DGKZ;YWHAZ;VAV1;RHOB;VAV2;APBB1IP;TMX3;LCK;PRKCQ;LCP2;PFN1;TLN1;DAGLB;MGLL;VCL;RAPGEF4;TOR4A;STXBP3;STXBP2;GNAI3;ITPR1;PDGFA;PIK3R3;ITPR2;ITPR3;RASGRP2;PRKCZ;RASGRP1;GNAI1;GNAI2;RAP1B;CDC42;GNA14;GNG10;GNA15;RAP1A;GNG2;GNA11;GNA12;PLCG2;FLNA;STX4;CSK;FYN;AAMP;LYN;PTPN1;GNG12;GP6;GNG11;PTK2;GNB1;GNB4;PTPN6;GNB5;CALM1;F2RL2,0.32677165354330706
5,966,Immune System R-HSA-168256,242/1943,2.434245239568275e-44,Immune System,Reactome_2022,5.0215275079502735e-46,0.0,0.0,3.4060123879031186,355.2647355630092,CYFIP2;CYFIP1;NCKAP1;AHCYL1;CALML5;WIPF1;WIPF2;WIPF3;PITPNA;CBLB;SLA2;RPS6KA3;RPS6KA5;PPP2R1B;PPP2R1A;RPS6KA2;RPS6KA1;PRKACB;MEF2A;MEF2C;PRKCB;PRKCE;PRKCD;FLT3LG;PRKCA;PLPP4;BTK;ORAI1;PRKCQ;ATP6V0D1;STXBP2;PIK3R3;TWIST1;IQGAP1;IQGAP2;CD79B;CD79A;PPP3R1;CD19;INPP5D;PLCG2;NCKAP1L;ICOS;PAG1;ATP6V0A1;LYN;VASP;JUN;SIGLEC15;YES1;SIGLEC14;KIR2DS2;NFATC3;MYO5A;RAB27A;LNPEP;PTK2;CALM1;ARHGAP9;ITK;SH3KBP1;ARPC1B;ARPC1A;GDI2;PTPRJ;AP2A1;WASL;AP2A2;EEA1;PPP3CA;PPP3CB;FCER1A;JAK3;SPTAN1;CAP1;VAV3;ATP6V0B;DUSP3;FCER1G;DBNL;SYK;RHOG;FOS;VAV1;DUSP7;VAV2;ENAH;NCR2;HCK;RAPGEF1;RHOU;CD47;ARHGEF7;ATP6V0C;RAPGEF4;CAB39;WAS;PPP2CA;PPP2CB;AP2S1;FLNA;FLNB;STX4;GSN;MYO9B;AP2B1;FKBP1A;ABI2;ABI1;PKN2;PKN1;LAMTOR3;FRK;SIPA1;NCF1;INPPL1;IRS2;STK10;LAMP2;GRB10;SIRPA;MAP3K8;CAPN1;AP2M1;SH3GL2;MAP2K3;CISH;ADAM10;VRK3;PRLR;RNF41;MAPKAPK3;MAPKAPK2;ELMO1;ELMO2;VCL;BLK;RAB5B;RAB5C;CSH1;ITPR1;ITPR2;ITPR3;CSF2RB;FOXO3;RASGRP2;RASGRP1;RAP1GAP;RASGRP4;SOCS2;RAP1B;NCKIPSD;SDCBP;SOCS1;RAP1A;THEM4;ABL2;SOCS6;SOCS5;ZBTB16;MSN;ARPC5;DIAPH1;PTPRB;ARPC2;ARPC3;NF2;FGF13;EIF4G3;PRR5;YWHAB;SNAP23;GHR;BLNK;ITGAV;LRRFIP1;PRKG1;NCK1;ACTR3;ACTR2;HSP90AA1;TRIM63;DYNLT1;MMP2;TRPC1;YWHAZ;DNM1;DNM2;DNM3;FGR;ZAP70;MYH2;CREB1;LCK;IL3RA;ATP6V1B2;MYH9;LCP2;EVL;DOCK2;DOCK1;CAMK2B;RALA;CAMK2D;CAMK2A;IL2RG;MALT1;CDC42;MUC2;MAPK7;S1PR1;PTK2B;FYN;CSK;NCAM1;WASF1;SH2B3;EIF4E;AAMP;WASF2;CAMK2G;WASF3;SH2B1;PTPN1;PTPN18;MYO10;TRAT1;LIMK1;PTPN12;BAIAP2;PTPN13;MAPK12;MAPK13;RAB10;TEC;PDCD4;PTPN6;PTPN7;VIM;PIK3AP1;PTPN5;PTPN2,0.12454966546577458
5,966,Transmission Across Chemical Synapses R-HSA-112315,81/246,6.881007633219418e-44,Neuronal System,Reactome_2022,1.4870546948018388e-45,0.0,0.0,10.46662557781202,1080.3601909972958,GABRB3;GABRB2;GABRB1;RASGRF2;RASGRF1;PRKAG1;PRKAG2;AP2A1;GRIK1;AP2A2;RPS6KA3;GABRR2;RPS6KA6;GABRR1;RPS6KA2;RPS6KA1;NPTN;NEFL;PRKACB;GIT1;AP2M1;PRKAB2;ACTN2;PRKCB;CASK;PRKCA;HTR3B;GABRG3;PRKAB1;GABRG2;GRIP2;ARHGEF9;CACNB3;CREB1;PRKAR1B;PRKAR1A;PICK1;MAPT;ARHGEF7;GRIA1;CAMK2B;GRIA2;CAMK2D;PRKAA1;PRKAA2;CAMK2A;GNAI3;CACNA1A;PRKX;AKAP5;CACNA1E;GNAI1;CAMKK2;GNAI2;GNG10;GNG2;EPB41L1;PRKAR2B;PRKAR2A;MYO6;TSPAN7;AP2S1;CACNG3;CAMK2G;GRIA3;GABRA2;GABRQ;GABRA1;GABRA6;GABRA5;GABRA4;GABRA3;AP2B1;GNG12;GNG11;GRIN2B;NBEA;GNB1;GNB4;GNB5;CALM1,0.32926829268292684
5,966,FCGR3A-mediated Phagocytosis R-HSA-9664422,44/60,1.5132679142422277e-43,Disease,Reactome_2022,3.418974658896978e-45,0.0,0.0,56.72396963123644,5807.796425510715,CYFIP2;CYFIP1;NCKAP1;WIPF1;ARPC1B;WIPF2;ARPC1A;WIPF3;WAS;WASL;CDC42;NCKIPSD;FYN;NCKAP1L;WASF1;WASF2;WASF3;NCK1;ACTR3;VAV3;LYN;ACTR2;YES1;SYK;MYO10;MYO5A;MYO9B;ARPC5;BAIAP2;VAV1;PTK2;VAV2;FGR;HCK;MYH2;ABI2;ARPC2;ARPC3;ABI1;BTK;ELMO1;ELMO2;MYH9;DOCK1,0.7333333333333333
5,966,Signaling By GPCR R-HSA-372790,131/689,1.1655035482125346e-41,Signal Transduction,Reactome_2022,2.7477490331140305e-43,0.0,0.0,5.1946773120425815,509.08033474318745,DGKG;TRIO;DGKD;AHCYL1;DGKA;ITSN1;PREX1;RPS6KA3;EDNRB;RGS3;PPP2R1B;PPP2R1A;RPS6KA2;RPS6KA1;PRKACB;PRKCH;PRKCB;PRKCE;PRKCD;PRKCA;DGKZ;TIAM2;TIAM1;OBSCN;PRKAR1B;PRKAR1A;BTK;PRKCQ;NGEF;GNAZ;PDE1C;ARHGEF26;PDE1B;ARHGEF25;PDE1A;ITPR1;LPAR1;ITPR2;LPAR2;PIK3R3;ITPR3;ADRB2;RASGRP2;KALRN;RASGRP1;ABR;PPP3R1;GNG10;GRK3;GRK2;GRK5;PRKAR2B;PRKAR2A;GRK6;GNG12;GNG11;CDK5;NBEA;GNB1;PDE3A;GNAS;GNB4;PLXNB1;GNB5;CALM1;DAGLA;RASGRF2;PDE3B;ARRB1;ARRB2;AKAP13;PPP3CA;PPP3CB;PPP3CC;MCF2L;PDE4A;VAV3;ARHGEF10;PLEKHG2;TRPC6;TRPC3;ARHGEF15;PDE4D;ARHGEF16;PDE4C;ARHGEF18;RHOC;VAV1;RHOB;VAV2;ARHGEF9;CREB1;ARHGEF3;ARHGEF4;ARHGEF2;DAGLB;ARHGEF7;MGLL;ARHGEF5;HBEGF;ARHGEF6;CAMK2B;CAMK2D;RGS19;CAMK2A;GNAI3;CXCR4;PRKX;FGD1;GNAI1;CAMKK2;GNAI2;CDC42;PPP2CA;PPP2CB;GNA14;GNA15;GNG2;MAPK7;NPY;GNA11;GNA12;S1PR1;RGS20;S1PR3;CAMK2G;TSHR;PPP1CA;PKN1;RGS11;F2RL2,0.19013062409288825
5,966,Opioid Signaling R-HSA-111885,50/88,3.780893739790576e-41,Signal Transduction,Reactome_2022,9.28510250439729e-43,0.0,0.0,27.286830613652032,2640.89444456597,AHCYL1;PPP3CA;PPP3CB;PPP3CC;PPP2R1B;PPP2R1A;PDE4A;PRKACB;PDE4D;PDE4C;PRKCD;PRKCA;CREB1;PRKAR1B;PRKAR1A;CAMK2B;CAMK2D;PDE1C;PDE1B;PDE1A;CAMK2A;GNAI3;ITPR1;ITPR2;ITPR3;PRKX;GNAI1;CAMKK2;GNAI2;PPP2CA;GNA14;PPP2CB;GNA15;GNG10;PPP3R1;GNG2;GRK2;PRKAR2B;GNA11;PRKAR2A;CAMK2G;GNG12;GNG11;PPP1CA;CDK5;NBEA;GNB1;GNB4;GNB5;CALM1,0.5681818181818182
5,966,Signaling By VEGF R-HSA-194138,53/102,6.728483990839496e-41,Signal Transduction,Reactome_2022,1.7184733178961388e-42,0.0,0.0,22.491561794487783,2162.949118265754,CYFIP2;PRR5;CYFIP1;NCKAP1;NRP2;AHCYL1;NCF1;HSPB1;SHB;CDH5;SYNGAP1;NCK2;ITGAV;PRKACB;NCK1;VAV3;HSP90AA1;PRKCB;PRKCD;PRKCA;PGF;VAV1;VAV2;MAPKAPK3;MAPKAPK2;ELMO1;ELMO2;ARHGEF7;DOCK1;SH2D2A;ITPR1;ITPR2;ITPR3;PRKCZ;CDC42;CTNNA1;THEM4;PTK2B;NCKAP1L;FYN;WASF1;AAMP;WASF2;WASF3;BAIAP2;PTK2;MAPK12;MAPK13;ABI2;ABI1;PKN2;PKN1;CALM1,0.5196078431372549
5,966,MAPK1/MAPK3 Signaling R-HSA-5684996,93/277,2.872031298986152e-51,Signal Transduction,Reactome_2022,4.23187323033323e-53,0.0,0.0,10.913454355296578,1316.1011000026913,ARHGAP9;RET;YWHAB;RASGRF2;ITGA2B;RASGRF1;PEBP1;WDR83;IRS2;ARRB1;ARRB2;AREG;DUSP16;PPP1CB;SPRED2;SPRED1;SYNGAP1;DUSP10;PPP2R1B;PPP2R1A;NEFL;PRKG2;NRTN;JAK3;SPTAN1;PDGFRB;PDGFRA;KSR1;ACTN2;FLT3LG;KSR2;DUSP8;GFRA3;IL17RD;DUSP9;GFRA2;DUSP7;APBB1IP;CNKSR2;CNKSR1;MRAS;RASA3;RASA4;KIT;IL3RA;RASA2;PRKCQ;TLN1;VCL;HBEGF;CAMK2B;CAMK2D;SHC3;CAMK2A;PDGFA;TGFA;CSF2RB;RASAL1;IQGAP1;RASAL2;RASAL3;IL2RG;RASGRP1;RASGRP4;PPP2CA;RAP1B;PPP2CB;RAP1A;ERBB3;SHOC2;CSK;FYN;NCAM1;RALGDS;MARK3;CAMK2G;SPTBN1;RANBP9;GRIN2B;PTK2;MAPK12;KITLG;ARTN;PTPRA;ABHD17A;PTPN7;TEK;CALM1;FGF13;LAMTOR3;MAP3K11;FGFR1;PTPN3,0.33574007220216606
5,966,"Cell Death Signaling Via NRAGE, NRIF And NADE R-HSA-204998",34/74,4.0679186377320115e-24,Signal Transduction,Reactome_2022,2.197794941800203e-25,0.0,0.0,17.32285407725322,983.5426787497196,YWHAE;BEX3;TRIO;ARHGEF26;MAGED1;RASGRF2;ITSN1;KALRN;FGD1;AKAP13;PREX1;ABR;MCF2L;VAV3;ARHGEF10;NGFR;PLEKHG2;ARHGEF15;ARHGEF16;ARHGEF18;NGF;VAV1;VAV2;TIAM2;TIAM1;ARHGEF9;OBSCN;ARHGEF3;ARHGEF4;ARHGEF2;ARHGEF7;ARHGEF5;NGEF;ARHGEF6,0.4594594594594595
5,966,Integration Of Energy Metabolism R-HSA-163685,39/105,1.8658822129287904e-23,Metabolism,Reactome_2022,1.0264185061297866e-24,0.0,0.0,12.091007158968324,667.8584684100775,AHCYL1;PRKAA2;ITPR1;CACNA1A;ITPR2;PRKAG2;CACNA1D;ITPR3;CACNA1C;IQGAP1;AKAP5;CACNA1E;GNAI1;GNAI2;PPP2CA;GNA14;PPP2CB;GNG10;GNA15;RAP1A;GNG2;PPP2R1B;PPP2R1A;PRKAR2B;PRKAR2A;GNA11;PRKACB;PRKAB2;PRKCA;GNG12;GNG11;CACNB3;PRKAR1B;PRKAR1A;GNB1;GNAS;GNB4;GNB5;RAPGEF4,0.37142857142857144
5,966,DAG And IP3 Signaling R-HSA-1489509,25/39,1.2871410045667272e-22,Signal Transduction,Reactome_2022,7.333416332501981e-24,0.0,0.0,36.09382116289662,1922.7034428591744,CAMK2B;CAMK2D;AHCYL1;PDE1C;PDE1B;PDE1A;CAMK2A;ITPR1;ITPR2;ITPR3;PRKX;CAMKK2;GRK2;PRKAR2B;PRKAR2A;CAMK2G;PRKACB;PRKCE;PRKCD;PRKCA;CREB1;NBEA;PRKAR1B;PRKAR1A;CALM1,0.6410256410256411
5,966,FCERI Mediated Ca+2 Mobilization R-HSA-2871809,19/29,1.2470812792016793e-17,Immune System,Reactome_2022,1.0535264244729314e-18,0.0,0.0,38.168532206969374,1579.963055893993,LYN;VAV3;ITK;AHCYL1;SYK;ITPR1;NFATC3;ITPR2;ITPR3;VAV1;VAV2;PPP3CA;PPP3CB;PPP3R1;TEC;PLCG2;BTK;LCP2;CALM1,0.6551724137931034
5,966,CaM Pathway R-HSA-111997,20/33,1.4548473459689792e-17,Signal Transduction,Reactome_2022,1.2433371227829193e-18,0.0,0.0,30.933485119531632,1275.348388887805,CAMK2B;CAMK2D;PDE1C;PDE1B;PDE1A;CAMK2A;PRKCD;PRKX;PRKCA;CAMKK2;GRK2;CREB1;NBEA;PRKAR1B;PRKAR2B;PRKAR1A;PRKAR2A;CALM1;CAMK2G;PRKACB,0.6060606060606061
5,966,"PI5P, PP2A And IER3 Regulate PI3K/AKT Signaling R-HSA-6811558",33/106,2.5300381519294493e-17,Signal Transduction,Reactome_2022,2.1870663788781093e-18,0.0,0.0,9.186935647271286,373.5772808910185,PDGFA;PIK3R3;TGFA;IRS2;AREG;PPP2CA;PPP2CB;PPP2R1B;ERBB3;PPP2R1A;CD19;PIP4K2A;PIP5K1A;PIP4K2B;PIP5K1B;FYN;PIP4K2C;PIP5K1C;ICOS;PDGFRB;PDGFRA;TRAT1;RHOG;FLT3LG;VAV1;KITLG;LCK;KIT;STRN;FGF13;PIK3AP1;FGFR1;HBEGF,0.3113207547169811
5,966,Signaling By RAF1 Mutants R-HSA-9656223,21/38,2.808875837797504e-17,Disease,Reactome_2022,2.4556969505302344e-18,0.0,0.0,24.858823529411765,1007.9785859468636,CAMK2B;CAMK2D;KSR1;YWHAB;CAMK2A;ITGA2B;ARRB1;ARRB2;IQGAP1;KSR2;RAP1B;APBB1IP;CNKSR2;CNKSR1;RAP1A;CSK;CALM1;TLN1;CAMK2G;MARK3;VCL,0.5526315789473685
5,966,Signaling By Interleukins R-HSA-449147,70/453,4.742541112391161e-17,Immune System,Reactome_2022,4.192816307614975e-18,0.0,0.0,3.804463120104439,152.22858779509994,PITPNA;INPPL1;IRS2;RPS6KA3;RPS6KA5;PPP2R1B;PPP2R1A;RPS6KA2;RPS6KA1;BLNK;MAP3K8;JAK3;MEF2A;MAP2K3;MEF2C;HSP90AA1;DUSP3;CISH;SYK;MMP2;PRKCA;FOS;VRK3;YWHAZ;VAV1;DUSP7;HCK;CREB1;MAPKAPK3;LCK;MAPKAPK2;IL3RA;RAPGEF1;RHOU;RALA;STXBP2;PIK3R3;TWIST1;CSF2RB;FOXO3;IL2RG;RAP1B;SOCS2;CDC42;PPP2CA;PPP2CB;SOCS1;MAPK7;INPP5D;S1PR1;PTK2B;STX4;FYN;SOCS5;LYN;PTPN18;JUN;YES1;MSN;PTPN12;PTPN13;TEC;PDCD4;PKN2;PTPN6;PTPN7;VIM;FGF13;PTPN5;PTPN2,0.1545253863134658
5,966,Effects Of PIP2 Hydrolysis R-HSA-114508,18/27,6.091685791595113e-17,Hemostasis,Reactome_2022,5.445416572054572e-18,0.0,0.0,40.13713080168776,1595.5214869630754,DGKG;DAGLA;DGKD;PRKCH;TRPC6;TRPC3;DGKA;PRKCE;PRKCD;ITPR1;ITPR2;ITPR3;RASGRP2;RASGRP1;DGKZ;PRKCQ;DAGLB;MGLL,0.6666666666666666
5,966,RHOQ GTPase Cycle R-HSA-9013406,25/59,6.453842860109024e-17,Signal Transduction,Reactome_2022,5.8325495395877235e-18,0.0,0.0,14.846533725073453,589.1561477548328,ITSN1;SNAP23;ARHGAP1;WASL;IQGAP1;ARHGAP5;ARHGAP35;CDC42;PREX1;GJA1;SRGAP2;GIT1;PAK4;GIT2;FNBP1;WWP2;ARHGAP26;ARHGEF9;OBSCN;CDC42EP4;TRIP10;PKN2;PKN1;ARHGEF7;RHOQ,0.423728813559322
5,966,Ca-dependent Events R-HSA-111996,20/35,7.033406393472706e-17,Signal Transduction,Reactome_2022,6.4254105559230036e-18,0.0,0.0,26.8062015503876,1061.157562951845,CAMK2B;CAMK2D;PDE1C;PDE1B;PDE1A;CAMK2A;PRKCD;PRKX;PRKCA;CAMKK2;GRK2;CREB1;NBEA;PRKAR1B;PRKAR2B;PRKAR1A;PRKAR2A;CALM1;CAMK2G;PRKACB,0.5714285714285714
5,966,EGFR Downregulation R-HSA-182971,19/31,7.331967056966196e-17,Signal Transduction,Reactome_2022,6.7701856911082755e-18,0.0,0.0,31.803766279479056,1257.3301965553194,SH3GL3;SH3KBP1;TGFA;EPS15L1;PTPN12;STAM;AREG;EPN1;CDC42;HGS;SPRY2;SPRY1;ARHGEF7;EPS15;STAM2;SH3GL2;SH3GL1;HBEGF;PTPN3,0.6129032258064516
5,966,RHOC GTPase Cycle R-HSA-9013106,27/73,1.953877974630502e-16,Signal Transduction,Reactome_2022,1.8233635323172657e-17,0.0,0.0,11.869148492846229,457.4757201445127,ARHGEF25;PKN3;ARHGEF28;ARHGAP1;IQGAP1;ARHGAP5;ARHGAP35;AKAP13;PREX1;STK10;ABR;ARHGDIA;MCF2L;FLOT1;FLOT2;ARHGEF10;ERBIN;MYO9B;RHOC;ARHGAP26;VAV2;DIAPH1;DAAM1;PKN2;PKN1;ARHGEF5;TJP2,0.3698630136986301
5,966,MAP2K And MAPK Activation R-HSA-5674135,20/37,3.0429799486106173e-16,Signal Transduction,Reactome_2022,2.869607810084669e-17,0.0,0.0,23.650043526924517,900.8247470944758,KSR1;YWHAB;ITGA2B;PEBP1;ARRB1;WDR83;ARRB2;IQGAP1;KSR2;IL17RD;RAP1B;APBB1IP;CNKSR2;CNKSR1;RAP1A;CSK;TLN1;MARK3;LAMTOR3;VCL,0.5405405405405406
5,966,Platelet Homeostasis R-HSA-418346,30/83,7.610275560008073e-18,Hemostasis,Reactome_2022,6.354355821224817e-19,0.0,0.0,11.478592162554426,480.9527387998381,GUCY1B1;PDE1B;PDE1A;ITPR1;ITPR2;ITPR3;PPP2CA;PPP2CB;GNG10;GNG2;PPP2R1B;PPP2R1A;PRKG2;PRKG1;GUCY1A2;GUCY1A1;TRPC6;TRPC3;ATP2B1;GNG12;GNG11;FGR;GNB1;GNAS;GNB4;ORAI1;PDE5A;PTPN6;GNB5;CALM1,0.3614457831325301
5,966,Glucagon-like Peptide-1 (GLP1) Regulates Insulin Secretion R-HSA-381676,21/42,3.9668498943078056e-16,Metabolism,Reactome_2022,3.818774947369007e-17,0.0,0.0,20.11957671957672,760.6008184106128,ITPR1;ITPR2;ITPR3;PRKCA;AKAP5;IQGAP1;GNG12;GNG11;GNG10;GNG2;RAP1A;PRKAR1B;PRKAR2B;PRKAR1A;PRKAR2A;GNB1;GNAS;GNB4;GNB5;PRKACB;RAPGEF4,0.5
5,966,Nephrin Family Interactions R-HSA-373753,16/22,4.538501726862606e-16,Cell-Cell communication,Reactome_2022,4.413670638108036e-17,0.0,0.0,53.411929824561405,2011.452678432829,KIRREL1;ACTN3;ACTN2;ACTN1;MAGI2;CASK;ACTN4;IQGAP1;WASL;CD2AP;NPHS1;NCK2;FYN;SPTAN1;SPTBN1;NCK1,0.7272727272727273
5,966,FCGR3A-mediated IL10 Synthesis R-HSA-9664323,20/38,5.889461326496593e-16,Disease,Reactome_2022,5.785325468071311e-17,0.0,0.0,22.33497768381489,835.0740371308594,LYN;AHCYL1;YES1;SYK;ITPR1;ITPR2;ITPR3;PRKX;PRKCA;FGR;HCK;CREB1;PRKAR1B;PRKAR2B;PRKAR1A;PRKAR2A;PLCG2;FYN;CALM1;PRKACB,0.5263157894736842
5,966,MAPK Targets/ Nuclear Events Mediated By MAP Kinases R-HSA-450282,18/30,8.825545550036195e-16,Immune System,Reactome_2022,8.756189592864986e-17,0.0,0.0,30.098101265822784,1112.8527868816295,MEF2A;JUN;MEF2C;DUSP3;FOS;VRK3;DUSP7;PPP2CA;PPP2CB;RPS6KA3;MAPK7;RPS6KA5;CREB1;PPP2R1B;PPP2R1A;RPS6KA2;RPS6KA1;MAPKAPK2,0.6
5,966,Cargo Recognition For Clathrin-Mediated Endocytosis R-HSA-8856825,31/104,9.459681867044075e-16,Vesicle-mediated transport,Reactome_2022,9.478266703718032e-17,0.0,0.0,8.611691451175737,317.72788346866315,ITSN2;SH3GL3;SH3KBP1;ITSN1;CLTB;TGFA;AP2A1;ARRB1;ADRB2;ARRB2;AP2A2;AREG;GRK3;GRK2;CLTCL1;AP2S1;REPS2;EPS15;AP2M1;SH3GL2;SH3GL1;SYT2;TOR1A;STAM;EPS15L1;AP2B1;SYT9;EPN1;HGS;STAM2;HBEGF,0.2980769230769231
5,966,Adaptive Immune System R-HSA-1280218,90/733,2.451707880324519e-15,Immune System,Reactome_2022,2.480608169680014e-16,0.0,0.0,2.938547902596988,105.59042371117144,PRR5;ITK;AHCYL1;NCF1;SH3KBP1;YWHAB;SNAP23;CBLB;AP2A1;PTPRJ;AP2A2;PPP3CA;PPP3CB;PPP2R1B;PPP2R1A;BLNK;MAP3K8;ITGAV;PRKACB;AP2M1;PRKG1;SH3GL2;NCK1;TRIM63;SYK;PRKCB;TRPC1;PRKCA;YWHAZ;VAV1;DNM1;RNF41;DNM2;ENAH;DNM3;NCR2;ZAP70;LCK;BTK;ORAI1;PRKCQ;EVL;LCP2;ARHGEF7;RAPGEF4;BLK;ITPR1;WAS;ITPR2;PIK3R3;ITPR3;RASGRP2;RASGRP1;RAP1GAP;MALT1;RAP1B;CDC42;CD79B;PPP2CA;CD79A;PPP2CB;PPP3R1;RAP1A;SOCS1;CD19;INPP5D;PLCG2;AP2S1;THEM4;STX4;CSK;FYN;ICOS;PAG1;LYN;VASP;YES1;KIR2DS2;TRAT1;ZBTB16;NFATC3;LNPEP;AP2B1;FKBP1A;PKN2;PTPN6;PKN1;PIK3AP1;CALM1;SIPA1,0.12278308321964529
5,966,Phase 0 - Rapid Depolarisation R-HSA-5576892,18/32,4.261810681273128e-15,Muscle contraction,Reactome_2022,4.3539126802790303e-16,0.0,0.0,25.795660036166364,912.3998880085148,CAMK2B;CAMK2D;CAMK2A;CACNA1C;SCN10A;SCN11A;SCN8A;SCN3B;CALM1;FGF13;SCN2A;CAMK2G;SCN3A;FGF12;SCN1B;FGF11;SCN1A;SCN2B,0.5625
5,966,Signaling By MET R-HSA-6806834,24/63,4.9281500735012544e-15,Signal Transduction,Reactome_2022,5.083062453021924e-16,0.0,0.0,12.40894986117916,436.98672314663,SH3GL3;USP8;PTPN1;RAB4A;LAMA2;LAMC3;SH3KBP1;DOCK7;RANBP9;PTPRJ;STAM;PTK2;RAP1B;RAP1A;HGS;RAPGEF1;LRIG1;RANBP10;STAM2;EPS15;SH3GL2;PTPN2;SH3GL1;ARF6,0.38095238095238093
5,966,PIP3 Activates AKT Signaling R-HSA-1257604,48/268,2.576883173510625e-14,Signal Transduction,Reactome_2022,2.6831985893136178e-15,0.0,0.0,4.471538918597743,150.02803107224466,PHLPP2;PRR5;PHLPP1;PDGFA;PIK3R3;TGFA;IRS2;FOXO3;AREG;PREX2;PPP2CA;PPP2CB;PPP2R1B;MECOM;ERBB3;PPP2R1A;CD19;PIP4K2A;PIP5K1A;THEM4;PIP4K2B;PIP5K1B;FYN;PIP4K2C;PIP5K1C;ICOS;MAF1;PDGFRB;PDGFRA;JUN;TRAT1;RHOG;FLT3LG;WWP2;VAV1;KITLG;CREB1;LCK;RRAGD;KIT;SNAI1;STRN;FGF13;PIK3AP1;LAMTOR3;FRK;HBEGF;FGFR1,0.1791044776119403
5,966,RHO GTPases Activate ROCKs R-HSA-5627117,14/19,3.027274111506373e-14,Signal Transduction,Reactome_2022,3.181908938420255e-15,0.0,0.0,55.96764705882353,1868.272541578665,PPP1R12A;LIMK2;LIMK1;RHOC;RHOB;PPP1CB;MYL6;MYH14;MYH9;MYH11;PKN1;PPP1R12B;MYH10;MYL9,0.7368421052631579
5,966,Signaling By B Cell Receptor (BCR) R-HSA-983705,30/109,3.1355083886143674e-14,Immune System,Reactome_2022,3.326472553736264e-15,0.0,0.0,7.690279130152548,256.36978906510706,BLK;AHCYL1;SH3KBP1;ITPR1;ITPR2;ITPR3;RASGRP1;MALT1;CD79B;CD79A;PPP3CA;PPP3R1;PPP3CB;CD19;PLCG2;BLNK;FYN;NCK1;LYN;SYK;PRKCB;TRPC1;NFATC3;VAV1;FKBP1A;BTK;ORAI1;PTPN6;CALM1;PIK3AP1,0.27522935779816515
5,966,RHO GTPases Activate PKNs R-HSA-5625740,23/62,3.837552721891093e-14,Signal Transduction,Reactome_2022,4.108970989058243e-15,0.0,0.0,11.879299562226391,393.5089703085098,YWHAE;PPP1R14A;PPP1R12A;YWHAB;PKN3;KLK2;RHOC;AREG;YWHAZ;RHOB;PPP1CB;MYL6;YWHAQ;MYH9;MYH14;MYH11;PKN2;PKN1;PPP1R12B;MYL9;MYH10;YWHAG;YWHAH,0.3709677419354839
5,966,Signaling By SCF-KIT R-HSA-1433557,21/42,3.9668498943078056e-16,Signal Transduction,Reactome_2022,3.818774947369007e-17,0.0,0.0,20.11957671957672,760.6008184106128,LYN;GRB7;PTPRU;YES1;PIK3R3;PRKCA;VAV1;FER;KITLG;SOCS1;TEC;FES;LCK;KIT;GRB10;FYN;PTPN6;GRAP;SOCS6;SH2B3;SH2B2,0.5
5,966,GPVI-mediated Activation Cascade R-HSA-114604,17/32,9.652705393530397e-14,Hemostasis,Reactome_2022,1.0525052049920176e-14,0.0,0.0,22.71324200913242,731.026104492071,LYN;VAV3;FCER1G;SYK;RHOG;PIK3R3;GP6;PRKCZ;VAV1;RHOB;VAV2;CDC42;LCK;PLCG2;FYN;LCP2;PTPN6,0.53125
5,966,Cytokine Signaling In Immune System R-HSA-1280215,93/702,6.005226542289926e-18,Immune System,Reactome_2022,4.955196753952395e-19,0.0,0.0,3.2229896342942914,135.8447583902318,PITPNA;INPPL1;IRS2;PTPRJ;SLA2;GHR;RPS6KA3;RPS6KA5;PPP2R1B;PPP2R1A;RPS6KA2;RPS6KA1;GRB10;BLNK;MAP3K8;JAK3;MEF2A;MAP2K3;MEF2C;HSP90AA1;DUSP3;CISH;SYK;MMP2;PRKCD;FLT3LG;PRKCA;FOS;VRK3;PRLR;YWHAZ;VAV1;DUSP7;HCK;CREB1;MAPKAPK3;LCK;MAPKAPK2;IL3RA;RAPGEF1;RHOU;CAMK2B;CAMK2D;RALA;CSH1;STXBP2;CAMK2A;PIK3R3;TWIST1;CSF2RB;FOXO3;IL2RG;RAP1B;SOCS2;CDC42;PPP2CA;PPP2CB;SOCS1;MAPK7;INPP5D;S1PR1;FLNA;ABL2;PTK2B;FLNB;STX4;CSK;FYN;NCAM1;SOCS6;EIF4E;SH2B3;CAMK2G;SOCS5;SH2B1;LYN;PTPN1;PTPN18;JUN;YES1;MSN;PTPN12;PTPN13;TEC;PDCD4;PKN2;PTPN6;PTPN7;VIM;FGF13;EIF4G3;PTPN5;PTPN2,0.13247863247863248
5,966,GABA Receptor Activation R-HSA-977443,26/59,4.667574657503503e-18,Neuronal System,Reactome_2022,3.7597359716629403e-19,0.0,0.0,15.926047711154094,675.6588798163068,GABRB3;GABRB2;GABRB1;GNAI3;GNAI1;GNAI2;GABRR2;GABRR1;GNG10;GNG2;NPTN;GABRA2;GABRQ;GABRA1;GABRA6;GABRA5;GABRA4;GABRA3;GNG12;GABRG3;GNG11;GABRG2;ARHGEF9;GNB1;GNB4;GNB5,0.4406779661016949
5,966,RHOU GTPase Cycle R-HSA-9013420,25/39,1.2871410045667272e-22,Signal Transduction,Reactome_2022,7.333416332501981e-24,0.0,0.0,36.09382116289662,1922.7034428591744,ITSN2;IQGAP1;CDC42;PARD6A;MYO6;NCK2;PTK2B;SRGAP2;SPTAN1;GIT1;SPTBN1;NCK1;PAK4;GIT2;WWP2;STAM;ARHGAP31;HGS;PKN2;RHOU;PKN1;ARHGEF7;STAM2;ARHGEF6;EPHA2,0.6410256410256411
5,966,PLC Beta Mediated Events R-HSA-112043,27/47,1.3736533441830714e-22,Signal Transduction,Reactome_2022,7.961252191237841e-24,0.0,0.0,27.336421725239617,1453.9547259021203,CAMK2B;CAMK2D;AHCYL1;PDE1C;PDE1B;PDE1A;CAMK2A;ITPR1;ITPR2;ITPR3;PRKX;CAMKK2;GNA14;GNA15;GRK2;PRKAR2B;GNA11;PRKAR2A;CAMK2G;PRKACB;PRKCD;PRKCA;CREB1;NBEA;PRKAR1B;PRKAR1A;CALM1,0.574468085106383
5,966,Nuclear Events (Kinase And Transcription Factor Activation) R-HSA-198725,30/61,2.0007311202442792e-22,Signal Transduction,Reactome_2022,1.1792128410084163e-23,0.0,0.0,19.647435897435894,1037.278715840226,SH3GL3;NAB1;SRF;ASCL1;PPP2CA;RPS6KA3;PPP2CB;RPS6KA5;MAPK7;PPP2R1B;PPP2R1A;RPS6KA2;RPS6KA1;MEF2D;MEF2A;MEF2C;DUSP3;JUND;FOS;VRK3;DNM2;DUSP7;ARC;CREB1;VGF;CDK5;MAPKAPK2;SGK1;CDK5R2;CDK5R1,0.4918032786885246
5,966,RHO GTPases Activate PAKs R-HSA-5627123,19/21,2.663098541875189e-22,Signal Transduction,Reactome_2022,1.595766316840732e-23,0.0,0.0,190.92291446673707,10021.945304340728,PPP1R12A;LIMK1;MYLK;CDC42;PPP1CB;MYL6;CTTN;FLNA;MYH14;MYH9;MYH11;PKN2;NF2;PKN1;ARHGEF7;CALM1;PPP1R12B;MYH10;MYL9,0.9047619047619048
5,966,DARPP-32 Events R-HSA-180024,20/24,5.729174668837791e-22,Signal Transduction,Reactome_2022,3.489281232494529e-23,0.0,0.0,100.5813953488372,5201.039952195986,PDE4D;PDE4C;PRKCA;PPP1CA;PPP2CA;PPP2CB;PPP3CA;PPP3CB;PPP3R1;PPP3CC;CDK5;PPP2R1B;PRKAR1B;PPP2R1A;PRKAR1A;PRKAR2B;PRKAR2A;PDE4A;CALM1;PRKACB,0.8333333333333334
5,966,Antigen Activates B Cell Receptor Leading To Second Messenger Generation R-HSA-983695,22/31,1.9004004612521165e-21,Immune System,Reactome_2022,1.1760828001854945e-22,0.0,0.0,49.26435969868173,2487.5882158644954,BLK;LYN;AHCYL1;SYK;SH3KBP1;TRPC1;ITPR1;ITPR2;ITPR3;VAV1;CD79B;CD79A;CD19;BLNK;PLCG2;BTK;ORAI1;FYN;PTPN6;CALM1;PIK3AP1;NCK1,0.7096774193548387
5,966,Translocation Of SLC2A4 (GLUT4) To Plasma Membrane R-HSA-1445148,27/51,2.474227879870082e-21,Vesicle-mediated transport,Reactome_2022,1.5555067221187156e-22,0.0,0.0,22.77555910543131,1143.6763104153258,YWHAE;RALA;PRKAA2;STXBP3;YWHAB;SNAP23;PRKAG1;PRKAG2;SLC2A4;YWHAQ;STX4;YWHAG;YWHAH;PRKAB2;RAB4A;EXOC7;MYO5A;LNPEP;PRKAB1;YWHAZ;RAB10;TBC1D1;TBC1D4;MYH9;CALM1;EXOC2;RHOQ,0.5294117647058824
5,966,Recycling Pathway Of L1 R-HSA-437239,21/28,2.509637424357696e-21,Developmental Biology,Reactome_2022,1.6024207522912596e-22,0.0,0.0,60.403174603174605,3031.3548566179293,RDX;MSN;AP2A1;AP2B1;L1CAM;AP2A2;DNM1;DNM2;RPS6KA4;DNM3;RPS6KA3;RPS6KA6;RPS6KA5;DPYSL2;RPS6KA2;RPS6KA1;AP2S1;NUMB;EZR;AP2M1;SH3GL2,0.75
5,966,Regulation Of Insulin Secretion R-HSA-422356,32/77,4.130687833180317e-21,Metabolism,Reactome_2022,2.6780490863448024e-22,0.0,0.0,14.45748275041637,718.1289526896626,AHCYL1;ITPR1;CACNA1A;ITPR2;CACNA1D;ITPR3;AKAP5;CACNA1C;IQGAP1;CACNA1E;GNAI1;GNAI2;GNA14;GNA15;GNG10;GNG2;RAP1A;PRKAR2B;GNA11;PRKAR2A;PRKACB;PRKCA;GNG12;GNG11;CACNB3;PRKAR1B;PRKAR1A;GNB1;GNAS;GNB4;GNB5;RAPGEF4,0.4155844155844156
5,966,Muscle Contraction R-HSA-397014,49/196,8.28186732315677e-21,Muscle contraction,Reactome_2022,5.4507378256532775e-22,0.0,0.0,6.865503453289713,336.1427457521479,AHCYL1;GUCY1B1;MYLK;SCN11A;NPPA;SCN1B;SCN1A;GUCY1A2;GUCY1A1;ACTN3;ACTN2;MYL11;TRPC1;PRKCA;ACTA2;MYL6;SCN10A;MYL1;SCN8A;ORAI1;PDE5A;TLN1;MYL9;VCL;CAMK2B;CAMK2D;CAMK2A;ITPR1;ITPR2;ITPR3;CACNA1C;MYL12A;CACNA1H;MYH11;SCN3B;SCN3A;CAMK2G;CAV3;SORBS1;ATP2B1;PKN2;PKN1;VIM;CALM1;SCN2A;FGF13;FGF12;FGF11;SCN2B,0.25
5,966,RHOG GTPase Cycle R-HSA-9013408,31/74,1.3564895584757432e-20,Signal Transduction,Reactome_2022,9.061030449543277e-22,0.0,0.0,14.642979728889442,709.4946743050417,CYFIP1;DOCK4;DOCK3;TRIO;ARHGEF26;GARRE1;ITSN1;ARHGAP1;ARHGAP5;IQGAP2;KALRN;ARHGAP35;CDC42;PREX1;ARHGDIA;MCF2L;PAK4;VAV3;ARHGEF16;RHOG;ERBIN;VAV1;VAV2;KTN1;ELMO2;PKN2;DOCK2;DOCK1;ARHGEF5;MAP3K11;EPHA2,0.4189189189189189
5,966,Signaling By EGFR R-HSA-177929,24/49,4.80693142259654e-18,Signal Transduction,Reactome_2022,3.9192073484824444e-19,0.0,0.0,19.372229299363056,821.057598488185,SH3GL3;SH3KBP1;ADAM10;TGFA;EPS15L1;PTPN12;STAM;AREG;EPN1;CDC42;HGS;LRIG1;SPRY2;CSK;SPRY1;ARHGEF7;STAM2;AAMP;EPS15;SH3GL2;PAG1;SH3GL1;HBEGF;PTPN3,0.4897959183673469
5,966,RHOB GTPase Cycle R-HSA-9013026,30/69,1.6314293051241176e-20,Signal Transduction,Reactome_2022,1.1057821419800012e-21,0.0,0.0,15.610618014464167,753.2706099870018,ARHGEF25;PKN3;ARHGEF28;SNAP23;ARHGAP1;ARHGAP5;ARHGAP35;AKAP13;PREX1;STK10;ABR;MCF2L;FLOT1;FLOT2;RHPN2;ARHGEF10;STARD8;ERBIN;MYO9B;ARHGAP26;RHOB;VAV2;DIAPH1;DAAM1;ARHGEF3;PKN2;ARHGEF2;PKN1;ARHGEF5;TJP2,0.43478260869565216
5,966,G Alpha (I) Signaling Events R-HSA-418594,61/312,6.045254894980545e-20,Signal Transduction,Reactome_2022,4.2162386792104e-21,0.0,0.0,5.0439699764478,236.6395842026895,AHCYL1;PPP3CA;PPP3CB;PPP3CC;RGS3;PPP2R1B;PPP2R1A;PDE4A;PRKACB;PDE4D;PRKCD;PDE4C;PRKCA;CREB1;PRKAR1B;PRKAR1A;CAMK2B;GNAZ;CAMK2D;RGS19;PDE1C;PDE1B;PDE1A;CAMK2A;LPAR1;GNAI3;ITPR1;LPAR2;CXCR4;ITPR2;PRKX;ITPR3;GNAI1;CAMKK2;GNAI2;PPP2CA;PPP2CB;GNA14;GNG10;PPP3R1;GNA15;GRK2;GNG2;PRKAR2B;PRKAR2A;NPY;GNA11;RGS20;S1PR3;CAMK2G;GNG12;GNG11;PPP1CA;CDK5;NBEA;GNB1;GNAS;GNB4;GNB5;RGS11;CALM1,0.1955128205128205
5,966,"Glutamate Binding, Activation Of AMPA Receptors And Synaptic Plasticity R-HSA-399721",21/31,7.389942621967625e-20,Neuronal System,Reactome_2022,5.2266784752619735e-21,0.0,0.0,42.27555555555556,1974.290045872013,CAMK2B;GRIA1;GRIA2;CAMK2D;PRKCB;CAMK2A;AP2A1;PRKCA;AKAP5;AP2B1;AP2A2;GRIP2;EPB41L1;MYO6;TSPAN7;AP2S1;PICK1;CACNG3;CAMK2G;AP2M1;GRIA3,0.6774193548387096
5,966,Signaling By BRAF And RAF1 Fusions R-HSA-6802952,28/62,9.763323861681669e-20,Disease,Reactome_2022,7.001204733818878e-21,0.0,0.0,16.681299385425813,774.1491567709725,CAMK2B;CAMK2D;YWHAB;FAM114A2;ITGA2B;CAMK2A;PEBP1;ARRB1;ARRB2;IQGAP1;RAP1B;KIAA1549;RAP1A;CSK;CAMK2G;MARK3;KSR1;AGTRAP;KSR2;SND1;APBB1IP;CNKSR2;CNKSR1;CLCN6;FAM131B;TLN1;CALM1;VCL,0.45161290322580644
5,966,Infectious Disease R-HSA-5663205,117/961,1.3492364983522192e-19,Disease,Reactome_2022,9.807809516509255e-21,0.0,0.0,2.970081891715372,136.83496358752916,CYFIP2;SH3GL3;CYFIP1;NCKAP1;AHCYL1;WIPF1;WIPF2;WIPF3;GJA1;PRKACB;AP2M1;SH3GL2;SH3GL1;MAP2K3;PRKCA;PRKAR1B;PRKAR1A;HGS;BTK;ELMO1;ELMO2;CBLL1;STAM2;GNAZ;ITPR1;ITPR2;ITPR3;ADRB2;NCKIPSD;CD79B;CD79A;GNG10;PRKAR2B;PRKAR2A;PLCG2;NCKAP1L;LYN;JUN;YES1;SYT2;MYO5A;ARPC5;STAM;GNG12;GNG11;PTK2;ARPC2;ARPC3;NOXA1;GNB1;GNAS;GNB4;GNB5;CALM1;RAB5A;YWHAE;YWHAB;SH3KBP1;ARPC1B;ARPC1A;AP2A1;WASL;AP2A2;DUSP16;YWHAQ;BLNK;JAK3;YWHAG;NCK1;YWHAH;ACTR3;VAV3;ACTR2;HSP90AA1;PDCD6IP;SYK;YWHAZ;VAV1;VAV2;FGR;HCK;MYH2;CREB1;LCK;MYH9;DOCK2;DOCK1;HBEGF;GNAI3;WAS;NOXO1;CXCR4;PRKX;GNAI1;GNAI2;CDC42;GNG2;AP2S1;LRIG1;S1PR1;FYN;WASF1;EPS15;WASF2;WASF3;BRD4;MYO10;MYO9B;AP2B1;BAIAP2;TSHR;FKBP1A;TJP1;ABI2;ABI1;PKN2;PTPN6,0.12174817898022892
5,966,Negative Regulation Of PI3K/AKT Network R-HSA-199418,36/113,3.5118750701366644e-19,Signal Transduction,Reactome_2022,2.5873342854641435e-20,0.0,0.0,9.530121491411814,429.8187122078035,PHLPP2;PHLPP1;PDGFA;PIK3R3;TGFA;IRS2;AREG;PPP2CA;PPP2CB;PPP2R1B;ERBB3;PPP2R1A;CD19;PIP4K2A;PIP5K1A;THEM4;PIP4K2B;PIP5K1B;FYN;PIP4K2C;PIP5K1C;ICOS;PDGFRB;PDGFRA;TRAT1;RHOG;FLT3LG;VAV1;KITLG;LCK;KIT;STRN;FGF13;PIK3AP1;FGFR1;HBEGF,0.3185840707964602
5,966,Cell-Cell Communication R-HSA-1500931,37/120,3.6465631774221883e-19,Cell-Cell communication,Reactome_2022,2.72238508334073e-20,0.0,0.0,9.093687992011102,409.6724036225549,SIRPG;ILK;IQGAP1;WASL;CLDN1;CDH5;PARD6B;PARD6A;NCK2;CTNNA1;SIRPA;FLNA;PTK2B;FYN;FLNC;SPTAN1;SPTBN1;NCK1;VASP;KIRREL1;PRKCI;ACTN3;ACTN2;ACTN1;MAGI2;CASK;ACTN4;PTK2;CD2AP;AFDN;NPHS1;PARD3;ITGA6;PTPN6;CD47;SKAP2;ARHGEF6,0.30833333333333335
5,966,Paradoxical Activation Of RAF Signaling By Kinase Inactive BRAF R-HSA-6802955,23/41,4.856302872760137e-19,Disease,Reactome_2022,3.673234982343129e-20,0.0,0.0,25.76693766937669,1153.0866711875358,CAMK2B;CAMK2D;KSR1;YWHAB;CAMK2A;ITGA2B;PEBP1;ARRB1;ARRB2;IQGAP1;KSR2;RAP1B;APBB1IP;CNKSR2;CNKSR1;RAP1A;CSK;CALM1;TLN1;CAMK2G;MARK3;MAP3K11;VCL,0.5609756097560976
5,966,Ephrin Signaling R-HSA-3928664,16/18,1.4171526503337629e-18,Developmental Biology,Reactome_2022,1.086575542647981e-19,0.0,0.0,160.26947368421054,6998.34057621829,EPHB6;MYL12A;EFNB2;EFNB1;SDCBP;EFNB3;NCK2;FYN;PKN2;PKN1;ARHGEF7;EPHB2;EPHB1;EPHB4;GIT1;EPHB3,0.8888888888888888
5,966,Death Receptor Signaling R-HSA-73887,39/139,1.4171526503337629e-18,Signal Transduction,Reactome_2022,1.0997550036971245e-19,0.0,0.0,7.965760517799353,347.7375433259775,YWHAE;BEX3;TRIO;PRDM4;ARHGEF26;MAGED1;RASGRF2;ITSN1;KALRN;FGD1;PREX1;ABR;AKAP13;ARHGDIA;MCF2L;VAV3;NGFR;ARHGEF10;LINGO1;PRKCI;PLEKHG2;ARHGEF15;ARHGEF16;ARHGEF18;NGF;VAV1;VAV2;TIAM2;TIAM1;MAG;ARHGEF9;OBSCN;ARHGEF3;ARHGEF4;ARHGEF2;ARHGEF7;NGEF;ARHGEF5;ARHGEF6,0.2805755395683453
5,966,Extra-nuclear Estrogen Signaling R-HSA-9009391,29/73,1.4307698062706916e-18,Signal Transduction,Reactome_2022,1.1243770579730386e-19,0.0,0.0,13.357669544969438,582.8203363288424,SRF;GNAI3;PIK3R3;TGFA;ZDHHC7;ZDHHC21;FOXO3;AREG;PRKCZ;GNAI1;GNAI2;GNG10;GNG2;S1PR3;HSP90AA1;CAV2;MMP2;FOS;GNG12;GNG11;PTK2;UHMK1;CREB1;GNB1;GNB4;STRN;GNB5;CALM1;HBEGF,0.3972602739726027
5,966,G Alpha (Q) Signaling Events R-HSA-416476,48/212,1.6197151003613485e-18,Signal Transduction,Reactome_2022,1.2887713470458666e-19,0.0,0.0,6.016260162601626,261.67980740186925,DGKG;TRIO;DGKD;DAGLA;RGS19;ARHGEF25;DGKA;LPAR1;ITPR1;LPAR2;PIK3R3;ITPR2;ITPR3;RASGRP2;KALRN;RASGRP1;RPS6KA3;GNA14;GNG10;GNA15;EDNRB;RGS3;GRK2;GNG2;MAPK7;GRK5;RPS6KA2;GNA11;RPS6KA1;PRKCH;TRPC6;TRPC3;PRKCE;PRKCD;PRKCA;GNG12;GNG11;DGKZ;CREB1;GNB1;BTK;GNB4;PRKCQ;GNB5;DAGLB;MGLL;F2RL2;HBEGF,0.22641509433962265
5,966,EPHB-mediated Forward Signaling R-HSA-3928662,22/34,4.050303763187376e-20,Developmental Biology,Reactome_2022,2.7850811731150912e-21,0.0,0.0,36.94244350282486,1748.4862179520312,ACTR3;LYN;ACTR2;YES1;ARHGEF28;ARPC1B;LIMK2;ARPC1A;ITSN1;LIMK1;WASL;ARPC5;KALRN;GRIN2B;PTK2;CDC42;TIAM1;SYNGAP1;ARPC2;ARPC3;FYN;PKN1,0.6470588235294118
5,966,Long-term potentiation,32/67,9.908681808905961e-24,Nervous system,KEGG_2021_Human,1.2385852261132451e-24,0.0,0.0,18.59798103395534,1023.7830073864452,CAMK2B;GRIA1;GRIA2;CAMK2D;CALML5;CALML6;CAMK2A;ITPR1;ITPR2;CALML3;ITPR3;CALML4;CACNA1C;PPP1CB;RAP1B;PPP3CA;RPS6KA3;PPP3CB;RPS6KA6;PPP3R1;PPP3CC;RAP1A;RPS6KA2;RPS6KA1;PRKACA;PRKACB;CAMK2G;PRKCB;PRKCA;GRIN2B;PPP1CA;CALM1,0.47761194029850745
5,966,p38MAPK Events R-HSA-171007,7/12,1.7608230328550434e-06,Signal Transduction,Reactome_2022,3.839908774988405e-07,0.0,0.0,27.77956204379562,410.37766503084,RALA;RALB;MAPKAPK3;MAPKAPK2;RALGDS;MAPK12;MAPK13,0.5833333333333334
5,966,Calcium signaling pathway,58/240,4.6504367043941375e-24,Signal transduction,KEGG_2021_Human,5.3978283176003375e-25,0.0,0.0,6.616498039405529,369.7208499126352,RET;MYLK2;CALML5;CALML6;CALML3;CALML4;MYLK3;MYLK;PPP3CA;PPP3CB;EDNRB;PPP3CC;PRKACA;PRKACB;PDGFRB;PDGFRA;PRKCB;MST1;PRKCA;NGF;ITPKB;ITPKA;ORAI1;MET;CAMK2B;CAMK2D;PDE1C;PDE1B;PDE1A;CAMK2A;ITPR1;PDGFA;CXCR4;CACNA1A;ITPR2;CACNA1D;ITPR3;ADRB2;CACNA1C;CACNA1E;CACNA1H;CACNA1I;GNA14;PPP3R1;GNA15;ERBB3;PDGFD;GNA11;PDGFC;PLCG2;PTK2B;CAMK2G;NTRK2;ATP2B1;GNAS;CALM1;PLCD1;FGFR1,0.24166666666666667
5,966,Positive Regulation Of Axonogenesis (GO:0050772),14/38,3.838425415031157e-08,biological regulation,GO_Biological_Process_2023,1.1178660403722932e-09,0.0,0.0,11.64828431372549,240.0926225221245,NTRK2;PLXND1;LIMK1;L1CAM;NGF;NTN1;TIAM2;TIAM1;PLXNA2;PLXNA1;PLXNB1;MAPT;MAP3K13;PLXNA4,0.3684210526315789
5,966,Positive Regulation Of Protein Kinase Activity (GO:0045860),27/145,4.669240606140018e-08,biological regulation,GO_Biological_Process_2023,1.3751035816511834e-09,0.0,0.0,4.60941138246602,94.05382595407676,RALB;CAB39;CAB39L;AGAP2;PRKAG1;PRKAG2;ADRB2;IQGAP1;CAMKK2;PPP2CA;RAP1A;RELN;ERBB3;PTK2B;MAP3K5;MAP2K3;EPHA4;PTPN1;HSP90AA1;PRKCD;PTK2;ALS2;TAOK2;NOX4;LCP2;CALM1;MAP3K12,0.18620689655172415
5,966,MAP Kinase Kinase Kinase Activity (GO:0004709),10/19,4.86157305341536e-08,catalytic activity,GO_Molecular_Function_2023,4.0939562555076715e-09,0.0,0.0,22.111808461180846,427.06202988362185,MOS;TAOK2;MAP3K8;MAP3K9;MAP3K13;MAP3K6;MAP3K11;MAP3K4;MAP3K12;MAP3K5,0.5263157894736842
5,966,Positive Regulation Of MAP Kinase Activity (GO:0043406),21/91,5.5087434057912544e-08,biological regulation,GO_Biological_Process_2023,1.6403653466197775e-09,0.0,0.0,6.02031746031746,121.78106971991122,PDGFRB;MAP4K2;PTPN1;MEF2C;PDGFA;TGFA;RASGRP1;GHR;PAK1;TAOK3;PDGFD;KIT;PDGFC;MAP3K13;MAP3K4;ARHGEF5;MAP2K5;MAP3K11;MAP3K5;FGFR1;MAP3K12,0.23076923076923078
5,966,Voltage-Gated Calcium Channel Complex (GO:0005891),15/49,5.942307298965317e-08,protein-containing complex,GO_Cellular_Component_2023,5.485206737506446e-09,0.0,0.0,8.814251252551493,167.6577333445195,PDE4D;CACNA1A;CACNA1D;CACNA1C;CACNA1E;CACNA1H;CACNA1I;CACNB3;SCN10A;SCN11A;SCN8A;SCN2A;CACNG3;SCN3A;SCN1A,0.30612244897959184
5,966,Actin Polymerization Or Depolymerization (GO:0008154),16/53,7.088178505846768e-08,cellular process,GO_Biological_Process_2023,2.1338757281999428e-09,0.0,0.0,8.64728307254623,172.64582486563037,GSN;WIPF1;WAS;DSTN;WASL;ENAH;PREX1;DIAPH1;DIAPH2;SCIN;ABI2;CFL2;CFL1;EVL;WASF1;WASF3,0.3018867924528302
5,966,Negative Regulation Of Signal Transduction (GO:0009968),38/267,7.475885932228834e-08,biological regulation,GO_Biological_Process_2023,2.2750569100041933e-09,0.0,0.0,3.3625865833458817,66.91971245508728,GRB7;LRPAP1;YWHAB;INPPL1;TWIST1;PTPRJ;FAIM2;ARRB1;PRKCZ;SOCS1;GRB14;ERBB3;INPP5D;GRB10;PIP4K2A;PIP4K2B;PIP4K2C;APPL1;SOCS5;NCK1;BRAP;LYN;PTPN1;PTPN18;SRMS;MPIG6B;CSNK2A1;PRKCB;PRKCD;WWP2;PTPN12;MAPK8IP2;HGS;SPRY2;PRKCQ;SPRY1;CD47;PTPN2,0.14232209737827714
5,966,Actin Nucleation (GO:0045010),11/23,8.123095961127697e-08,cellular process,GO_Biological_Process_2023,2.4985962707657184e-09,0.0,0.0,18.25846422338569,361.6552011847317,ACTR3;SCIN;ARPC2;ARPC3;ARPC1B;ARPC1A;WIPF3;ARPC5L;ARPC4;ARPC5;IQGAP2,0.4782608695652174
5,966,Activation Of GTPase Activity (GO:0090630),22/102,8.397685690350956e-08,biological regulation,GO_Biological_Process_2023,2.636388664211289e-09,0.0,0.0,5.521557203389831,109.07204471257272,USP6NL;APC2;ARHGEF10;ARHGEF26;ARHGEF15;RALGAPA1;DOCK7;RASGRF1;ARHGEF16;AGAP2;RHOG;RASGRP1;RAP1GAP;TIAM2;TIAM1;TBC1D1;TBC1D4;PIP5K1A;NGEF;ARHGEF5;SIPA1;EPHA2,0.21568627450980393
5,966,Cytoskeleton Organization (GO:0007010),23/111,8.397685690350956e-08,cellular process,GO_Biological_Process_2023,2.6380164472306664e-09,0.0,0.0,5.251108647450111,103.72640175421068,PRR5;PRKCI;SH3KBP1;RHOG;ARAP3;RANBP9;FGD1;ARHGAP4;NCKIPSD;FGD3;DIAPH1;FGD5;BIN1;DPYSL2;CFL1;RANBP10;RAC3;PAK6;RHOU;WASF3;SIPA1;MARK1;PAK4,0.2072072072072072
5,966,Integrin-Mediated Signaling Pathway (GO:0007229),20/85,8.773456137292198e-08,cellular process,GO_Biological_Process_2023,2.784768472897065e-09,0.0,0.0,6.1697837046674255,121.53919296727932,MPIG6B;SYK;ITGA2B;ERBIN;ILK;ADAM10;ITGAE;PTK2;FGR;CDC42;HCK;TEC;PTPRA;ZYX;MYH9;PTK2B;ITGAV;ITGA6;CD47;DOCK1,0.23529411764705882
5,966,Positive Regulation Of Phosphatidylinositol 3-Kinase Signaling (GO:0014068),18/69,9.103318811007198e-08,None,GO_Biological_Process_2023,2.919257995676392e-09,0.0,0.0,7.067386448250186,138.88782874100397,PDGFRB;PDGFRA;NTRK2;NCF1;UNC5B;PDGFA;SEMA3E;PTK2;FGR;ERBB3;PDGFD;KIT;PDGFC;PLXNB1;PTPN6;TEK;PIK3AP1;FGFR1,0.2608695652173913
5,966,Response To Calcium Ion (GO:0051592),23/106,3.5259898854511845e-08,response to stimulus,GO_Biological_Process_2023,1.0153374015697127e-09,0.0,0.0,5.568909785483397,115.32123368331226,MEF2A;MEF2C;CAMK2D;PRKAA1;AHCYL1;SYT2;PRKAA2;HOMER1;TRPC3;TRPC1;CACNA1A;ITPR3;IQGAP1;RASGRP2;SYT9;ITPKB;PPP3CA;RASA4;SYT11;ITPKA;CHP2;PLCG2;CALM1,0.2169811320754717
5,966,Dendrite Morphogenesis (GO:0048813),13/35,1.2152457419098466e-07,cellular process,GO_Biological_Process_2023,3.936823574904281e-09,0.0,0.0,11.788419345607174,228.1400021794614,MEF2A;WASL;MAPK8IP2;CDC42;DOCK10;TAOK2;CTNNA2;EPHB2;PAK3;EPHB1;SHANK3;EPHB3;SHANK1,0.37142857142857144
5,966,Regulation Of MAP Kinase Activity (GO:0043405),23/114,1.3759503424724166e-07,biological regulation,GO_Biological_Process_2023,4.547479862228863e-09,0.0,0.0,5.077191101581345,97.52620331366028,PDGFRB;LYN;PTPN1;MEF2C;CAV3;KSR1;PRKCD;CBLC;PDGFA;TGFA;PTPRJ;RASGRP1;DUSP7;GHR;HGS;PDGFD;PDGFC;KIT;SPRY2;SPRY1;SH2B3;MAP2K5;FGFR1,0.20175438596491227
5,966,Protein Serine/Threonine/Tyrosine Kinase Activity (GO:0004712),11/26,1.414580752118642e-07,catalytic activity,GO_Molecular_Function_2023,1.2489525263835598e-08,0.0,0.0,14.604467713787086,265.7775877665715,MAP2K3;PRKAA2;MAPKAPK3;RPS6KA2;TNK2;RPS6KA1;MAP3K9;PAK3;PRKACA;SGK1;MAP2K5,0.4230769230769231
5,966,1-Phosphatidylinositol-4-Phosphate 5-Kinase Activity (GO:0016308),6/6,1.414580752118642e-07,catalytic activity,GO_Molecular_Function_2023,1.2507871913470098e-08,0.0,0.0,114204.0,2078159.639864091,PIP4K2A;PIP5K1A;PIP4K2B;PIP5K1B;PIP4K2C;PIP5K1C,1.0
5,966,Positive Regulation Of MAPK Cascade (GO:0043410),41/310,1.4499130251945546e-07,biological regulation,GO_Biological_Process_2023,4.839369390374495e-09,0.0,0.0,3.091992364111323,59.20077433772125,RET;LPAR1;PDGFA;TGFA;PTPRJ;ARRB1;IQGAP1;ADRB2;ARRB2;PRKCZ;RASGRP1;GHR;RAP1A;PDGFD;PDGFC;PLCG2;PTK2B;ALKAL2;ALKAL1;MAP2K5;MAP4K1;PDGFRB;PDGFRA;NTRK2;MEF2C;KSR1;EPHA8;CAV2;DENND2B;PRKCA;MOS;DOK2;TAOK3;DOK4;DOK6;KIT;TAOK2;SPRY2;TEK;FGFR1;MAP3K12,0.13225806451612904
5,966,Platelet-Derived Growth Factor Receptor Signaling Pathway (GO:0048008),9/15,1.574274590892432e-07,cellular process,GO_Biological_Process_2023,5.3059647533350955e-09,0.0,0.0,29.82445141065831,568.288047672672,PDGFRB;PDGFRA;PTPN1;FER;PDGFD;PDGFC;PDGFA;PTPRJ;PIK3C2A,0.6
5,966,Regulation Of Protein Phosphorylation (GO:0001932),37/265,1.842389759253788e-07,biological regulation,GO_Biological_Process_2023,6.269912793272054e-09,0.0,0.0,3.285092440466073,62.0471946089442,RALB;PDGFA;PIK3R3;HSPB1;ILK;ARRB1;EFNA5;STK4;RASGRP1;CAMKK2;PPP2CA;CDH5;PAK1;RELN;SOCS1;PIP5KL1;RB1CC1;FLOT1;NPTN;CHP1;SIRPA;FYN;EPHB2;SH3GL2;LYN;NTRK2;EPHA7;HSP90AA1;LIMK2;PTPN13;PTK2;PGF;FGR;OCLN;FER;IBTK;TEK,0.13962264150943396
5,966,Polymeric Cytoskeletal Fiber (GO:0099513),36/265,2.046569710023014e-07,cellular anatomical structure,GO_Cellular_Component_2023,2.0759377238016717e-08,0.0,0.0,3.178757571488942,56.2330726386557,WIPF1;WAS;IQGAP1;NCKIPSD;PAK1;DPYSL2;MYO6;NEFL;TPPP;APC2;DSP;TRIM63;ACTN3;ACTN2;ACTN1;MYO5A;MYO9B;DNM1;DNM2;DNM3;HCK;DIAPH1;ACTA1;DIAPH2;CTTN;CDK5;SYNJ1;MAP1B;ARHGEF2;MAPT;TEK;VIM;EZR;FGF13;RHOQ;MAP3K11,0.13584905660377358
5,966,Asymmetric Synapse (GO:0032279),24/133,2.046569710023014e-07,cellular anatomical structure,GO_Cellular_Component_2023,2.125283929639284e-08,0.0,0.0,4.423537661426986,78.14964605721441,GRIA1;USP8;GRIA2;NTRK2;HOMER1;MAGI2;CACNA1C;AKAP5;MAPK8IP2;KALRN;GRIN2B;DNM3;ARHGEF9;GAP43;CDK5;SYT11;PICK1;PTK2B;STRN;FYN;SRGAP3;SHANK3;SHANK1;CDK5R1,0.18045112781954886
5,966,Plasma Membrane Bounded Cell Projection Morphogenesis (GO:0120039),15/50,2.15888768317723e-07,cellular process,GO_Biological_Process_2023,7.488288429868665e-09,0.0,0.0,8.561964849031096,160.19372514023888,NCKAP1;TRIO;DBNL;MYO9B;NGF;DNM2;PAK1;SNX1;CTTN;TAOK3;NCKAP1L;PLXNB1;SRGAP3;SGK1;WASF1,0.3
5,966,Cell Chemotaxis (GO:0060326),15/50,2.15888768317723e-07,cellular process,GO_Biological_Process_2023,7.488288429868665e-09,0.0,0.0,8.561964849031096,160.19372514023888,PDGFRB;PDGFRA;DOCK4;ARHGEF16;PRKCD;RHOG;LPAR1;ARRB2;KIT;ELMO2;PIP5K1A;PRKCQ;EPHB1;EPHA2;HBEGF,0.3
5,966,Axon Development (GO:0061564),21/99,2.3682449051180355e-07,cellular process,GO_Biological_Process_2023,8.291956964909351e-09,0.0,0.0,5.400569800569801,100.49369393214404,DCC;APLP2;DOCK7;L1CAM;BAIAP2;MAPK8IP3;ARHGAP35;RAB10;GAP43;PARD6B;CDK5;MAP1B;PARD3;TAOK2;SLITRK5;MAPT;CTNNA2;EPHB2;PAK3;EPHB3;CDK5R1,0.21212121212121213
5,966,Positive Regulation Of Protein Localization To Cell Periphery (GO:1904377),15/51,2.816448925447888e-07,biological regulation,GO_Biological_Process_2023,1.013774155102316e-08,0.0,0.0,8.323694356817386,153.21424693953267,PRKCI;PRKCH;EPB41;PRKCE;ARHGEF16;RHOG;AKAP5;SORBS1;GNAI1;STX4;EPHB2;EPHA3;SPTBN1;ARF6;EPHA2,0.29411764705882354
5,966,Arp2/3 Complex-Mediated Actin Nucleation (GO:0034314),10/19,1.2511130316831445e-07,cellular process,GO_Biological_Process_2023,4.0939562555076715e-09,0.0,0.0,22.111808461180846,427.06202988362185,ACTR3;ARPC2;ARPC3;ARPC1B;ARPC1A;WIPF3;ARPC5L;ARPC4;ARPC5;IQGAP2,0.5263157894736842
5,966,Negative Regulation Of MAP Kinase Activity (GO:0043407),15/51,2.816448925447888e-07,biological regulation,GO_Biological_Process_2023,1.013774155102316e-08,0.0,0.0,8.323694356817386,153.21424693953267,LYN;PTPN1;CAV3;PRKCD;CBLC;PTPRJ;DUSP16;DUSP7;MAPK8IP1;DUSP10;NPPA;PDCD4;SPRY2;SPRY1;SH2B3,0.29411764705882354
5,966,Regulation Of Insulin Receptor Signaling Pathway (GO:0046626),15/44,3.5259898854511845e-08,biological regulation,GO_Biological_Process_2023,1.0044418020893162e-09,0.0,0.0,10.336669204829764,214.1637320296494,GRB7;PTPN1;PRKCB;PRKCD;SORBS1;PRKCZ;SOCS1;GRB14;GRB10;PIP4K2A;PIP4K2B;PRKCQ;PIP4K2C;PTPN2;NCK1,0.3409090909090909
5,966,Vesicle (GO:0031982),35/235,3.2900621368669674e-08,cellular anatomical structure,GO_Cellular_Component_2023,2.9104395826130862e-09,0.0,0.0,3.5402255639097744,69.58299789581284,ITSN2;CSH1;ITSN1;GDI2;SLC2A4;PIK3C2A;PRKCZ;ACTB;GNAI2;EPS8;SDCBP;SNX1;CFL1;PLCG2;FLOT2;SPTAN1;APPL1;RAB4A;PDCD6IP;APLP2;MYO5A;MSN;YWHAZ;CD2AP;MYL6;MYO1C;SYNJ1;ALS2;BIN1;SYT11;GNB1;ARHGEF2;EZR;CALM1;VCL,0.14893617021276595
5,966,Calcium Channel Complex (GO:0034704),18/59,2.372536284971244e-09,protein-containing complex,GO_Cellular_Component_2023,1.7337765159405244e-10,0.0,0.0,8.795770299475146,197.68976586101235,PDE4D;CACNA1A;CACNA1D;CACNA1C;CACNA1E;CACNA1H;CACNA1I;CACNB3;SCN10A;SCN11A;SCN8A;ORAI1;PRKACA;CALM1;SCN2A;CACNG3;SCN3A;SCN1A,0.3050847457627119
5,966,Positive Regulation Of Hydrolase Activity (GO:0051345),32/176,3.577632044596118e-09,biological regulation,GO_Biological_Process_2023,7.960699575671991e-11,0.0,0.0,4.494408755650726,104.5126177884776,USP6NL;RTN4R;DOCK6;RASGRF2;DOCK7;RASGRF1;ASAP3;RASGRP2;RASGRP1;RAP1GAP;RASGRP4;DOCK10;PREX2;DOCK11;PREX1;RAP1A;CHP2;SRGAP3;RALGDS;CAV2;ARAP1;RHOC;MAPK12;ALS2;RAPGEF1;PLXNB1;ITGA6;GNB5;RGS11;CALM1;ARHGEF7;RAPGEF4,0.18181818181818182
5,966,Phosphatidylinositol Phosphate Biosynthetic Process (GO:0046854),16/44,3.998300664020047e-09,cellular process,GO_Biological_Process_2023,9.027576761040028e-11,0.0,0.0,11.43218045112782,264.4052076884573,CISH;PIK3R3;PIK3C2G;PIK3C2A;SLA2;PIK3C2B;SOCS2;ITPKB;SOCS1;ITPKA;PIP4K2A;PIP4K2B;PIP4K2C;SOCS6;SOCS7;SOCS5,0.36363636363636365
5,966,Receptor Internalization (GO:0031623),17/51,5.02953803975015e-09,localization,GO_Biological_Process_2023,1.1520538703616182e-10,0.0,0.0,10.01053740779768,229.08418731273693,RALA;FCER1G;RALB;SYK;CAV3;ARRB1;ARRB2;ARR3;DNM1;DNM2;DNM3;GRK3;SNX1;GRK2;HGS;RAB5A;AP2M1,0.3333333333333333
5,966,Receptor-Mediated Endocytosis (GO:0006898),26/122,5.386153258301627e-09,localization,GO_Biological_Process_2023,1.2689889875579748e-10,0.0,0.0,5.456427304964539,124.33904883527173,RALA;RALB;CLTB;AP2A1;ADRB2;ARRB2;AP2A2;GRK3;SNX1;GRK2;CLTCL1;AP2S1;PIP5K1C;WASF1;EPS15;AP2M1;FCER1G;SYK;CAV2;MAGI2;AP2B1;DNM1;DNM2;DNM3;CTTN;HGS,0.21311475409836064
5,966,Negative Regulation Of Intracellular Signal Transduction (GO:1902532),37/231,5.386153258301627e-09,biological regulation,GO_Biological_Process_2023,1.25219353277989e-10,0.0,0.0,3.867810415811259,88.18976772093906,DGKG;PRKAA1;SPI1;PHLPP1;DGKD;PRKAA2;PDE3B;ITPR1;TWIST1;PEBP1;PTPRJ;ARRB2;SLA2;DUSP16;UACA;PPP2CA;SPRED2;SPRED1;DEPTOR;PPP2R1A;RPS6KA1;DAG1;MARK3;SH2B3;LYN;MAP2K3;DUSP3;CAV3;PDE4D;MAGI2;DUSP8;DUSP9;CD2AP;DUSP7;MYO1C;PDE3A;EPHA2,0.16017316017316016
5,966,Nervous System Development (GO:0007399),54/433,6.855079841588311e-09,developmental process,GO_Biological_Process_2023,1.637502710850611e-10,0.0,0.0,2.9144389668101653,65.6701164974529,NCKAP1;SH3GL3;PLXND1;CHD7;GRIK1;RPS6KA3;RPS6KA6;EDNRB;DPYSL4;DPYSL5;CDH1;NRTN;EPHB2;EPHB1;SH3GL2;SH3GL1;APC2;MEF2C;DBNL;APLP2;GFRA3;GFRA2;DNM3;SCN8A;EVL;DAGLB;MET;SHANK3;SHC3;LPAR1;CXCR4;ASCL1;EFNA5;KALRN;RELN;EFNB3;SCIN;ERBB3;FLRT3;PDGFC;SPTBN1;GSN;CNTN6;ZBTB16;LIMK1;SEMA4F;L1CAM;ARHGAP26;CDK5;ARTN;SCN2A;FGF13;FGF12;FGF11,0.12471131639722864
5,966,Actin Filament (GO:0005884),19/71,8.606858462612373e-09,cellular anatomical structure,GO_Cellular_Component_2023,6.62066035585567e-10,0.0,0.0,7.323897327593209,154.7953731281524,APC2;ACTN3;WIPF1;ACTN2;ACTN1;WAS;MYO5A;MYO9B;IQGAP1;ACTA1;HCK;DIAPH1;PAK1;DIAPH2;CTTN;MYO6;TEK;EZR;RHOQ,0.2676056338028169
5,966,Regulation Of Signal Transduction (GO:0009966),33/193,9.03312105923157e-09,biological regulation,GO_Biological_Process_2023,2.1873395235050267e-10,0.0,0.0,4.172307073954984,92.80531448499411,PXN;ILK;ZDHHC7;RASGRP4;PPP2CA;SOCS2;RGS3;GRK5;ERBB3;PPP2R1A;INPP5D;GRK6;NCK2;RGS20;CSK;FYN;NCAM1;GIT1;YWHAG;SOCS5;NCK1;BRAP;GIT2;PTPN1;SRMS;MPIG6B;HOMER1;CAV3;DYNLT1;MAPK8IP2;RGS11;MGLL;PTPN2,0.17098445595854922
5,966,Ephrin Receptor Binding (GO:0046875),11/21,9.403282024518832e-09,binding,GO_Molecular_Function_2023,7.126697955424797e-10,0.0,0.0,21.912460732984293,461.52031200042927,LYN;EFNB2;PTPN1;EFNB1;EFNA3;EFNA2;EFNB3;FYN;EFNA5;EFNA4;NCK1,0.5238095238095238
5,966,Positive Regulation Of Cellular Process (GO:0048522),66/594,9.594017020015091e-09,biological regulation,GO_Biological_Process_2023,2.3545526063518704e-10,0.0,0.0,2.5702777777777777,56.98177369973845,PRR5;SIRPG;IRS2;PTPRJ;AREG;ACTB;RPS6KA3;PPP3CA;CAPNS1;RPS6KA1;CHP2;ITGAV;CAPN1;PDGFRB;EPHA4;PDGFRA;CSNK2A1;RHOG;MATK;FLT3LG;ADAM10;PRKCA;RHOD;PGF;TIAM1;HCK;MYL1;PARD3;CD47;MAPT;HBEGF;YAP1;PRKAA1;PRKAA2;LAMA2;SRF;PDGFA;TGFA;TWIST1;AKAP6;NTN1;GNAI2;CDC42;EFNB2;SDCBP;PAK1;GRK5;ERBB3;PDGFD;PDGFC;PTK2B;STX4;S1PR3;TPPP;LYN;NTRK2;PTK6;PTK2;EPOR;TSHR;TJP1;KITLG;FER;CAPN10;PTPN6;FGFR1,0.1111111111111111
5,966,Actin Filament Organization (GO:0007015),28/144,9.66680535637668e-09,cellular process,GO_Biological_Process_2023,2.4040484525020543e-10,0.0,0.0,4.868244981986619,107.82528185220666,WIPF1;SH3KBP1;INPPL1;WAS;WASL;RND1;EPS8;CDC42;SCIN;MYO6;RAC3;FLNA;GSN;ACTN1;RHOG;DSTN;MYO5A;ARPC4;BAIAP2;CD2AP;ENAH;ACTA1;MYO1C;ABI2;ELMO1;ELMO2;EVL;ARHGEF2,0.19444444444444445
5,966,Voltage-Gated Calcium Channel Activity (GO:0005245),15/47,3.4898947945462265e-08,transporter activity,GO_Molecular_Function_2023,2.865387304995849e-09,0.0,0.0,9.366127760252366,184.2369997201431,CACNA1A;CACNA1D;CACNA1C;CACNA1E;CACNA1H;CACNA1I;CACNB3;SCN10A;SCN11A;SCN8A;ITGAV;SCN2A;CACNG3;SCN3A;SCN1A,0.3191489361702128
5,966,Calcium Ion Transmembrane Import Into Cytosol (GO:0097553),21/83,1.0448391065398971e-08,localization,GO_Biological_Process_2023,2.6326116231535373e-10,0.0,0.0,6.8,149.99354703421903,ITPR1;CACNA1A;ITPR2;CACNA1D;CACNA1C;CACNA1E;GRIN2B;CACNA1H;CACNA1I;CACNB3;SCN10A;IBTK;SCN11A;LCK;SCN8A;PLCG2;FLNA;SCN2A;SCN3A;PLCD1;SCN1A,0.25301204819277107
5,966,Insulin Receptor Signaling Pathway (GO:0008286),16/47,1.1127956711373488e-08,cellular process,GO_Biological_Process_2023,2.8402507313060597e-10,0.0,0.0,10.32421052631579,226.9463683257903,GRB7;STXBP4;CAV2;PIK3R3;IRS2;SORBS1;PIK3C2A;BAIAP2;FER;GRB14;GRB10;PDK2;SH2B2;PTPN2;RHOQ;APPL1,0.3404255319148936
5,966,Regulation Of Postsynaptic Membrane Potential (GO:0060078),14/35,1.1884974327365734e-08,biological regulation,GO_Biological_Process_2023,3.07235920111876e-10,0.0,0.0,13.314425770308125,291.6312625730669,GABRA2;GABRA1;MEF2C;GABRA6;GABRA5;GABRA4;GABRA3;ARRB2;MAPK8IP2;GABRG3;GRIN2B;GABRG2;GABRG1;GABRE,0.4
5,966,Signaling Receptor Complex Adaptor Activity (GO:0030159),15/44,1.2555522526116456e-08,molecular adaptor activity,GO_Molecular_Function_2023,1.0044418020893162e-09,0.0,0.0,10.336669204829764,214.1637320296494,TRAT1;MAGI2;SORBS1;MAPK8IP3;GNB1;BLNK;NCK2;GNB4;GNB5;SH2B3;SHANK3;SH2B2;NCK1;SH2B1;SHANK1,0.3409090909090909
5,966,Chemical Synaptic Transmission (GO:0007268),40/273,1.3668077547099408e-08,cellular process,GO_Biological_Process_2023,3.5780307714919907e-10,0.0,0.0,3.485571798032981,75.81480583221162,GABRB3;GRIA1;GABRB2;GRIA2;GABRB1;STXBP3;CNP;STXBP2;CACNA1A;GRIK1;GRIK2;CACNA1E;RPS6KA3;GABRR2;SDCBP;GABRR1;RPS6KA2;RPS6KA1;GABRE;GABRD;GRIA3;GABRA2;GABRQ;GABRA1;SLC12A5;HOMER1;GABRA6;GABRA5;GABRA4;GABRA3;HTR3B;GABRG3;GRIN2B;GABRG2;GABRG1;CACNB3;CDK5;AMPH;RAPSN;SCN2B,0.14652014652014653
5,966,Regulation Of Monoatomic Ion Transmembrane Transporter Activity (GO:0032412),19/69,1.4609108843009154e-08,None,GO_Biological_Process_2023,3.8721787182059605e-10,0.0,0.0,7.617655755015839,165.0900915142523,YWHAE;MEF2C;TRPC6;CAV3;HOMER1;CACNA1D;WWP2;MAPK8IP2;RELN;PTK2B;CAPN1;SCN3B;CACNG3;FGF12;SCN1B;YWHAH;SHANK1;PTPN3;SCN2B,0.2753623188405797
5,966,Negative Regulation Of ERK1 And ERK2 Cascade (GO:0070373),16/48,1.5170233364165137e-08,biological regulation,GO_Biological_Process_2023,4.0705469105416927e-10,0.0,0.0,10.001052631578949,216.24349571202657,LYN;EPHA4;PTPN1;PTPRR;DUSP3;RANBP9;SPRED2;RPS6KA6;SPRED1;DUSP10;SIRPA;SPRY2;SPRY1;EPHB2;EZR;PTPN2,0.3333333333333333
5,966,Filopodium (GO:0030175),17/60,2.4786455363145504e-08,cellular anatomical structure,GO_Cellular_Component_2023,2.0019829331771372e-09,0.0,0.0,7.911559291298062,158.46163120102295,MYO10;ACTN2;RDX;MSN;UNC5C;IQGAP2;ACTA2;CDC42;GAP43;KITLG;SPATA13;DAG1;ITGAV;NF2;EZR;FGF13;ARF6,0.2833333333333333
5,966,Positive Regulation Of Kinase Activity (GO:0033674),23/104,2.506832182287848e-08,biological regulation,GO_Biological_Process_2023,6.808477458438854e-10,0.0,0.0,5.707015959048479,120.46188036760532,MAP2K3;PDGFRB;RET;PDGFRA;NTRK2;AGAP2;PRKAG1;PRKAG2;IQGAP1;PTK2;RAP1A;RELN;ALS2;ERBB3;PTK2B;LCP2;TEK;MET;EPHB4;MAP3K5;EPHA2;FGFR1;MAP3K12,0.22115384615384615
5,966,Regulation Of JUN Kinase Activity (GO:0043506),15/43,2.52043878045316e-08,biological regulation,GO_Biological_Process_2023,6.927907642606852e-10,0.0,0.0,10.706399278954484,225.80109872959144,MAP4K2;PTPN1;DUSP16;MAPK8IP1;PAK1;DUSP10;TAOK3;NPPA;PDCD4;MAP3K13;MAP3K4;ARHGEF5;MAP3K11;MAP3K5;MAP3K12,0.3488372093023256
5,966,Dendrite Membrane (GO:0032590),12/28,2.643233642223903e-08,cellular anatomical structure,GO_Cellular_Component_2023,2.236582312650995e-09,0.0,0.0,14.95125786163522,297.80389198478474,GRIA1;GABRA2;GABRA1;DAGLA;GABRA6;GABRA5;GABRA4;GABRA3;GABRE;GABRG3;GABRG2;GABRG1,0.42857142857142855
5,966,Negative Regulation Of Cell Adhesion (GO:0007162),19/72,3.057807791235774e-08,biological regulation,GO_Biological_Process_2023,8.590974505419368e-10,0.0,0.0,7.185332031639138,149.99480315317038,EPHA4;PLXND1;PDE3B;PTPRO;ADAM10;PTK2;RND1;ERBB3;CDH1;RASA1;PLXNA2;PLXNA1;PLXNB1;NF2;EPHB2;CBLL1;PLXNA4;SIPA1;JAM3,0.2638888888888889
5,966,Positive Regulation Of Protein Phosphorylation (GO:0001934),48/377,3.057807791235774e-08,biological regulation,GO_Biological_Process_2023,8.605087370624233e-10,0.0,0.0,2.9727635735145124,62.05197256458762,RALB;CAB39;DOCK7;AGAP2;PRKAG1;PDGFA;PIK3R3;PRKAG2;ILK;PTPRJ;ARRB1;IQGAP1;EFNA5;STK4;RASGRP1;CAMKK2;GHR;SDCBP;PAK1;RELN;RAP1A;PDGFD;RB1CC1;PDGFC;PLCG2;FLOT1;NPTN;PTK2B;PAK2;MAP3K5;LYN;MAP2K3;NTRK2;HSP90AA1;TNK2;LIMK2;NGF;PTK2;PGF;LATS1;ALS2;TAOK2;SPRY2;LCP2;ARHGEF2;TEK;CALM1;MAP3K12,0.1273209549071618
5,966,Inhibitory Extracellular Ligand-Gated Monoatomic Ion Channel Activity (GO:0005237),9/13,1.0624848264335397e-08,transporter activity,GO_Molecular_Function_2023,8.276197595377043e-10,0.0,0.0,44.741379310344826,935.6526315443132,GABRA2;GABRA6;GABRA5;GABRA4;GABRA3;GABRE;GABRG3;GABRG2;GABRG1,0.6923076923076923
5,966,GTP Binding (GO:0005525),34/201,2.137611551007729e-09,binding,GO_Molecular_Function_2023,1.5750821954793792e-10,0.0,0.0,4.121443807663643,93.02734806968904,ARF1;RALA;RALB;AGAP2;GNAI1;RND1;RAP1B;CDC42;GNA14;GNA15;RAP1A;RRAS;GNA11;ARFIP2;RAC3;PIP4K2B;RAB4A;RAB4B;RHOG;RAB27A;RHOC;RHOD;RHOB;DNM2;RAB10;RIT1;MRAS;RRAGD;RHOJ;RHOU;RAB5A;ARHGEF5;RHOQ;ARF6,0.1691542288557214
5,966,Synaptic Vesicle Recycling (GO:0036465),14/44,2.816448925447888e-07,localization,GO_Biological_Process_2023,1.0129691309251318e-08,0.0,0.0,9.315686274509805,171.48124315168153,GIT2;SYT2;AP2B1;SYNJ2;DNM1;DNM2;DNM3;CDK5;SYNJ1;AP2S1;PIP5K1C;RAB5A;AP2M1;GIT1,0.3181818181818182
5,966,Negative Regulation Of Protein Phosphorylation (GO:0001933),26/149,3.131111608181563e-07,biological regulation,GO_Biological_Process_2023,1.1475278145168031e-08,0.0,0.0,4.252603355820792,77.7506484176674,HSPB1;PRKAG2;PRKCZ;SPRED2;SPRED1;DEPTOR;PIP5KL1;NCK2;CHP1;SIRPA;EPHB2;PAK2;SH3GL2;YWHAG;NCK1;LYN;CAV3;PDE4D;PRKCD;PTPN13;IBTK;OCLN;PARD3;SPRY2;PTPN6;CALM1,0.174496644295302
5,966,Cortical Cytoskeleton (GO:0030863),15/63,1.8903246205636997e-06,cellular anatomical structure,GO_Cellular_Component_2023,2.253848586056719e-07,0.0,0.0,6.238827549947424,95.48810313556362,GSN;ACTN3;ACTN2;EPB41;RDX;ACTN4;AKAP13;CTTN;CDH1;CAPN2;FLOT1;FLOT2;EZR;SPTAN1;SPTBN1,0.23809523809523808
5,966,Positive Regulation Of Actin Filament Bundle Assembly (GO:0032233),14/51,1.8932929022807108e-06,biological regulation,GO_Biological_Process_2023,8.30174243801097e-08,0.0,0.0,7.550476947535771,123.10460191295388,ARHGEF10;ARHGEF15;PXN;LIMK1;LPAR1;RHOC;CDC42;PAK1;EVL;CD47;NF2;PFN1;ARHGEF5;PFN3,0.27450980392156865
5,966,Peptidyl-Tyrosine Dephosphorylation Involved In Inactivation Of Protein Kinase Activity (GO:1990264),6/7,1.9004770873540677e-06,cellular process,GO_Biological_Process_2023,8.395432159450234e-08,0.0,0.0,118.95625,1938.153345767016,PTPN1;PTPRB;PTPRR;DUSP10;DUSP3;PTPRO,0.8571428571428571
5,966,Calcium Ion Import Across Plasma Membrane (GO:0098703),12/37,2.0443908328057757e-06,localization,GO_Biological_Process_2023,9.098074386831987e-08,0.0,0.0,9.564276729559747,155.06196466729136,CACNA1I;SCN10A;SCN11A;SCN8A;CACNA1A;CACNA1D;CACNA1C;SCN2A;CACNA1E;SCN3A;CACNA1H;SCN1A,0.32432432432432434
5,966,Negative Regulation Of Response To Stimulus (GO:0048585),14/52,2.404646996145008e-06,biological regulation,GO_Biological_Process_2023,1.0858680807199316e-07,0.0,0.0,7.351393188854489,117.88485271519916,BRAP;LYN;EPHA4;PTPN1;MPIG6B;SRMS;APLP2;CASK;MAPK7;ERBB3;INPP5D;SH2B3;MAP2K5;SOCS5,0.2692307692307692
5,966,Presynaptic Endocytosis (GO:0140238),11/31,2.4074781465624523e-06,localization,GO_Biological_Process_2023,1.0954328382070721e-07,0.0,0.0,10.950471204188482,175.50261153750367,DNM3;SYT2;CDK5;SYNJ1;AP2S1;PIP5K1C;AP2B1;SYNJ2;AP2M1;DNM1;DNM2,0.3548387096774194
5,966,Regulation Of Actin Cytoskeleton Reorganization (GO:2000249),10/25,2.4074781465624523e-06,None,GO_Biological_Process_2023,1.110780165789613e-07,0.0,0.0,13.262900976290098,212.37927141300312,PDGFRA;HCK;CDK5;FES;ARHGDIA;ABL2;PTK2B;SEMA3E;TEK;BAIAP2,0.4
5,966,Regulation Of Cell Size (GO:0008361),10/25,2.4074781465624523e-06,cellular process,GO_Biological_Process_2023,1.110780165789613e-07,0.0,0.0,13.262900976290098,212.37927141300312,VAV3;DEPTOR;CAV3;RDX;MSN;ARHGAP5;EZR;ARHGAP35;VAV1;VAV2,0.4
5,966,"3',5'-Cyclic-Nucleotide Phosphodiesterase Activity (GO:0004114)",8/16,2.538859454955746e-06,catalytic activity,GO_Molecular_Function_2023,2.619033964059612e-07,0.0,0.0,19.86012526096033,300.9859600934994,PDE1C;PDE1B;PDE4D;PDE3B;PDE4C;PDE3A;PDE4A;PDE5A,0.5
5,966,Epidermal Growth Factor Receptor Signaling Pathway (GO:0007173),13/45,2.6708748876161425e-06,cellular process,GO_Biological_Process_2023,1.2410478862614278e-07,0.0,0.0,8.100275445960126,128.811710605131,GRB7;DGKD;SHC3;ERBIN;TGFA;IQGAP1;PIK3C2A;AREG;PTK2;NCK2;REPS2;PTK2B;HBEGF,0.28888888888888886
5,966,Cellular Response To Calcium Ion (GO:0071277),16/69,2.838534500739036e-06,cellular process,GO_Biological_Process_2023,1.3282409476625726e-07,0.0,0.0,6.031698113207547,95.50735661698968,MEF2A;MEF2C;CAMK2D;PRKAA1;PRKAA2;SYT2;CACNA1A;IQGAP1;RASGRP2;SYT9;ITPKB;RASA4;SYT11;ITPKA;CHP2;PLCG2,0.2318840579710145
5,966,Endosome Membrane (GO:0010008),41/361,2.8517373318590483e-06,cellular anatomical structure,GO_Cellular_Component_2023,3.50983056228806e-07,0.0,0.0,2.592141891891892,38.52578115659538,RET;GRIA1;RAB5B;RAB5C;DAGLA;ARHGAP1;WDR83;AP2A1;ADRB2;SLA2;AP2A2;RABGEF1;SNX1;RAP1A;LAMP2;AP2S1;PIP5K1C;EPHB1;AP2M1;ATP6V0A1;APPL1;EPHA4;USP8;ATP6V0B;RAB4A;SORT1;APLP2;AP2B1;RHOD;RHOB;BACE1;EHD2;CLCN6;EHD4;ABHD17A;RHOU;ATP6V0D1;ATP6V0C;LAMTOR3;RAB5A;ARF6,0.11357340720221606
5,966,Cell-Cell Contact Zone (GO:0044291),13/47,1.8903246205636997e-06,cellular anatomical structure,GO_Cellular_Component_2023,2.1857466109898387e-07,0.0,0.0,7.622986235417567,116.90717026876624,DSP;AKAP6;TIAM1;GJA1;PAK1;FLOT1;FLOT2;FGF13;SCN1B;VCL;JAM3;YWHAH;TJP2,0.2765957446808511
5,966,Dendritic Spine Morphogenesis (GO:0060997),8/15,2.9022265619297343e-06,cellular process,GO_Biological_Process_2023,1.3675413119040634e-07,0.0,0.0,22.69847897405309,358.7513029904043,DOCK10;WASL;EPHB2;PAK3;EPHB1;SHANK3;EPHB3;SHANK1,0.5333333333333333
5,966,Clathrin Coat Of Coated Pit (GO:0030132),7/12,3.0253826712029857e-06,protein-containing complex,GO_Cellular_Component_2023,3.839908774988405e-07,0.0,0.0,27.77956204379562,410.37766503084,SYNJ1;AP2S1;AP2B1;EPS15L1;AP2A2;EPS15;AP2M1,0.5833333333333334
5,966,Sodium Channel Regulator Activity (GO:0017080),11/34,3.076890759297044e-06,molecular function regulator activity,GO_Molecular_Function_2023,3.238832378207415e-07,0.0,0.0,9.520646483041205,142.26590422597604,CAMK2D;CAV3;SCN3B;FGF13;SGK1;FGF12;SCN1B;SNTA1;YWHAH;PTPN3;SCN2B,0.3235294117647059
5,966,Homotypic Cell-Cell Adhesion (GO:0034109),13/46,3.4618224668653683e-06,cellular process,GO_Biological_Process_2023,1.6538811523636906e-07,0.0,0.0,7.854399185983656,122.6462148173538,PDGFRA;STXBP3;ACTN1;HSPB1;ILK;MYL12A;GNAS;FLNA;MYH9;TLN1;MYL9;VCL;TJP2,0.2826086956521739
5,966,Regulation Of Actin Filament Bundle Assembly (GO:0032231),10/26,3.5659529409720205e-06,biological regulation,GO_Biological_Process_2023,1.726966738428858e-07,0.0,0.0,12.43331589958159,193.6082271487176,CDC42;LIMK1;RDX;ASAP3;WAS;PFN1;SHANK3;PFN3;SLC9A1;SHANK1,0.38461538461538464
5,966,Positive Regulation Of Plasma Membrane Bounded Cell Projection Assembly (GO:0120034),18/88,3.5659529409720205e-06,biological regulation,GO_Biological_Process_2023,1.7197615242556958e-07,0.0,0.0,5.143942133815552,80.12157981634306,ACTR3;CYFIP1;NCKAP1;ACTR2;RALA;WASL;ARAP1;ARHGAP35;EPS8;CDC42;DOCK11;OCLN;ARPC2;CDC42EP5;CDC42EP4;PFN1;WASF2;RHOQ,0.20454545454545456
5,966,Monoatomic Anion Transmembrane Transport (GO:0098656),14/54,3.733169203100044e-06,localization,GO_Biological_Process_2023,1.8201643038674958e-07,0.0,0.0,6.983088235294118,108.3717256071781,GABRB3;GABRA2;GABRB2;GABRA1;GABRB1;SLC12A5;GABRA6;GABRA5;GABRA4;GABRA3;GABRG3;GABRG2;GABRG1;GABRE,0.25925925925925924
5,966,Cell-Cell Junction Assembly (GO:0007043),16/71,4.107706203552583e-06,cellular process,GO_Biological_Process_2023,2.0296584971742145e-07,0.0,0.0,5.811751196172249,89.56041159375012,CTNND1;PRKCA;RHOC;TJP1;CDH5;GJA1;PARD6B;CDH1;CTNNA1;PKN2;TLN2;PIP5K1C;TLN1;PAK2;VCL;JAM3,0.22535211267605634
5,966,Synapse Assembly (GO:0007416),16/71,4.107706203552583e-06,cellular process,GO_Biological_Process_2023,2.0296584971742145e-07,0.0,0.0,5.811751196172249,89.56041159375012,GABRB3;GABRA2;GABRB2;GABRA1;DBNL;PLXND1;GABRG2;DNM3;PTPRD;CDK5;CDH1;FLRT3;PLXNB1;SRGAP3;FGF13;SHANK3,0.22535211267605634
5,966,Phosphatidylinositol 3-Kinase Regulator Activity (GO:0035014),8/17,4.412163373169152e-06,molecular function regulator activity,GO_Molecular_Function_2023,4.737270148034247e-07,0.0,0.0,17.652516817443747,257.0671521702924,SOCS2;SOCS1;CISH;PIK3R3;SLA2;SOCS6;SOCS7;SOCS5,0.47058823529411764
5,966,Regulation Of Lamellipodium Assembly (GO:0010591),11/33,4.60536871722501e-06,biological regulation,GO_Biological_Process_2023,2.290628419562178e-07,0.0,0.0,9.95392670157068,152.18826744592502,CDC42;ACTR3;CYFIP1;NCKAP1;ACTR2;FER;OCLN;ARPC2;WAS;WASF2;EPHA2,0.3333333333333333
5,966,Cellular Response To Nerve Growth Factor Stimulus (GO:1990090),9/21,4.730155499052031e-06,response to stimulus,GO_Biological_Process_2023,2.3949336157562284e-07,0.0,0.0,14.907523510971789,227.2613220307602,NTRK2;RAP1A;KIDINS220;MAGI2;RAPGEF1;MAPT;NGF;WASF1;SH3GL2,0.42857142857142855
5,966,Regulation Of Cell-Substrate Junction Assembly (GO:0090109),9/21,4.730155499052031e-06,biological regulation,GO_Biological_Process_2023,2.3949336157562284e-07,0.0,0.0,14.907523510971789,227.2613220307602,DUSP3;PTPRA;FYN;EFNA5;TLN1;PTK2;EPHA3;VCL;SLC9A1,0.42857142857142855
5,966,Positive Regulation Of Cell Population Proliferation (GO:0008284),51/483,2.933116620756662e-06,biological regulation,GO_Biological_Process_2023,1.3916947317071858e-07,0.0,0.0,2.400075895567699,37.89137440292077,SIRPG;IRS2;AREG;ACTB;GJA1;CAPNS1;CHP2;PIM1;ITGAV;CAPN1;PDGFRB;EPHA4;PDGFRA;MEF2C;PRKCI;PRKCH;CSNK2A1;RHOG;MATK;FLT3LG;ADAM10;PGF;TIAM1;HCK;CD47;HBEGF;YAP1;PDGFA;TGFA;CSF2RB;GNAI2;EFNB2;SDCBP;PAK1;GRK5;ERBB3;PDGFD;PDGFC;PTK2B;STX4;S1PR3;LYN;NTRK2;PTK2;EPOR;TSHR;TJP1;KITLG;FER;PTPN6;FGFR1,0.10559006211180125
5,966,Regulation Of Protein Kinase Activity (GO:0045859),23/119,2.9713207145435817e-07,biological regulation,GO_Biological_Process_2023,1.0792427988034608e-08,0.0,0.0,4.811483739837398,88.26388365139236,MAP2K3;CAV3;AGAP2;PRKAG1;HSPB1;PRKAG2;IQGAP1;PTK2;CAMKK2;FGR;SPRED1;DEPTOR;RAP1A;RELN;ALS2;CHP1;PTK2B;LCP2;EPHB2;PAK2;YWHAG;MAP3K5;MAP3K12,0.19327731092436976
5,966,Positive Regulation Of Lipid Kinase Activity (GO:0090218),11/30,1.6978192224138028e-06,biological regulation,GO_Biological_Process_2023,7.389069259850647e-08,0.0,0.0,11.527418021493524,189.2880306011376,PDGFRB;FGR;PDGFRA;EPHA8;CD19;KIT;PTK2B;MAPT;TEK;DGKZ;PTK2,0.36666666666666664
5,966,Negative Regulation Of Cell Projection Organization (GO:0031345),14/50,1.4672358433145228e-06,biological regulation,GO_Biological_Process_2023,6.301106444324685e-08,0.0,0.0,7.76062091503268,128.67074942277335,RTN4R;EPHA4;PTPRS;DCC;SEMA3A;PTPRO;LPAR1;GRIN2B;EFNB2;MAG;DPYSL5;SPRY2;FYN;YWHAH,0.28
5,966,Cell Projection Assembly (GO:0030031),8/12,3.219740730170683e-07,cellular process,GO_Biological_Process_2023,1.1982357982580269e-08,0.0,0.0,39.7286012526096,724.6429503481453,CYFIP2;NCKAP1;GSN;SCIN;PARVG;PDGFA;RAC3;NCKAP1L,0.6666666666666666
5,966,Positive Regulation Of Neuron Projection Development (GO:0010976),20/92,3.219740730170683e-07,biological regulation,GO_Biological_Process_2023,1.2010812933228332e-08,0.0,0.0,5.567888184167254,101.54412977555624,RET;CAMK2B;LYN;NTRK2;PRKCI;KIDINS220;MAGI2;PTK6;ARHGAP35;RAP1A;RELN;FES;NPTN;RAPGEF1;PTK2B;ITGA6;ALKAL2;ALKAL1;SCN1B;EPHA3,0.21739130434782608
5,966,Fc Receptor Signaling Pathway (GO:0038093),11/26,3.290343897093241e-07,cellular process,GO_Biological_Process_2023,1.2489525263835598e-08,0.0,0.0,14.604467713787086,265.7775877665715,LYN;VAV3;FER;FCER1G;SYK;LCK;KIT;PLCG2;PRKCQ;VAV1;VAV2,0.4230769230769231
5,966,Dendritic Spine Organization (GO:0097061),11/26,3.290343897093241e-07,cellular process,GO_Biological_Process_2023,1.2489525263835598e-08,0.0,0.0,14.604467713787086,265.7775877665715,CDC42;DOCK10;PICK1;FYN;WASL;EPHB2;PAK3;EPHB1;SHANK3;EPHB3;SHANK1,0.4230769230769231
5,966,Phosphatidylinositol Phosphate Kinase Activity (GO:0016307),8/13,3.295210436586856e-07,None,GO_Molecular_Function_2023,2.9830326057523114e-08,0.0,0.0,31.781210855949897,550.696568384284,PIP4K2A;PIP5K1A;PIK3C2G;PIP4K2B;PIP5K1B;PIP4K2C;PIP5K1C;PIK3C2B,0.6153846153846154
5,966,Plasma Membrane Bounded Cell Projection Assembly (GO:0120031),37/275,4.483273775882161e-07,cellular process,GO_Biological_Process_2023,1.7164366223109062e-08,0.0,0.0,3.145389910539027,56.24092516660036,CYFIP1;PTPRO;ASAP1;NTN1;FGD1;MYLK;FGD3;RAP1B;SDCBP;FGD5;RAP1A;ABLIM2;ABLIM3;S1PR1;ARFIP2;PIP5K1A;FLNA;SRGAP3;ACTR3;ACTR2;GSN;ACTN2;RHOD;CD2AP;DNM3;EHD2;EHD4;DNMBP;SPATA13;KIT;ARHGEF4;ATP6V0D1;EZR;ARHGEF7;VCL;ARF6;ARHGEF6,0.13454545454545455
5,966,Protein Serine/Threonine Phosphatase Complex (GO:0008287),11/29,4.5433803811849446e-07,protein-containing complex,GO_Cellular_Component_2023,4.892871179737632e-08,0.0,0.0,12.168470040721347,204.83065710775725,PPP2CA;PPP2CB;PPP3CA;PPP3CB;PPP3R1;PPP3CC;PPP2R1B;PPP2R2C;PPP2R1A;PPP2R2B;PPP2R3A,0.3793103448275862
5,966,ERBB Signaling Pathway (GO:0038127),15/54,6.219121775472783e-07,cellular process,GO_Biological_Process_2023,2.4013624656603025e-08,0.0,0.0,7.682196877780474,134.78141299724737,GRB7;PTPRR;DGKD;SHC3;ERBIN;TGFA;PTK6;IQGAP1;PIK3C2A;AREG;PTK2;NCK2;REPS2;PTK2B;HBEGF,0.2777777777777778
5,966,Cellular Response To Organonitrogen Compound (GO:0071417),21/105,6.399802714407009e-07,None,GO_Biological_Process_2023,2.4920697742618916e-08,0.0,0.0,5.0132275132275135,87.76941729656342,GABRB3;GABRB2;MEF2C;GABRB1;AKAP6;ACTB;GABRG2;TSHR;SSH1;MAPK13;RAP1B;DIAPH1;RAP1A;CDH1;RRAGD;CAPN2;PDE3A;RAPGEF1;CTNNA1;EZR;LAMTOR3,0.2
5,966,Transmembrane Receptor Protein Tyrosine Kinase Activity (GO:0004714),14/50,6.802330820577785e-07,catalytic activity,GO_Molecular_Function_2023,6.301106444324685e-08,0.0,0.0,7.76062091503268,128.67074942277335,EPHB6;RET;EPHA5;PDGFRB;PDGFRA;NTRK2;KIT;TEK;MET;EPHB4;EPHA3;EPHB3;EPHA2;FGFR1,0.28
5,966,1-Phosphatidylinositol-3-Kinase Regulator Activity (GO:0046935),8/14,7.035052999075854e-07,molecular function regulator activity,GO_Molecular_Function_2023,6.664787051756072e-08,0.0,0.0,26.48295059151009,437.6001108932755,SOCS2;SOCS1;CISH;PIK3R3;SLA2;SOCS6;SOCS7;SOCS5,0.5714285714285714
5,966,Actin-Based Cell Projection (GO:0098858),18/84,7.27705890469651e-07,cellular anatomical structure,GO_Cellular_Component_2023,8.116719547546108e-08,0.0,0.0,5.4568469505178365,89.0926014220106,MYO10;ACTN2;RDX;PDGFA;MSN;UNC5C;IQGAP2;ACTA2;CDC42;KITLG;MYO1C;SPATA13;DAG1;NF2;TEK;EZR;FGF13;JAM3,0.21428571428571427
5,966,Protein Serine/Threonine Kinase Inhibitor Activity (GO:0030291),11/32,1.579934976026231e-06,molecular function regulator activity,GO_Molecular_Function_2023,1.5965658705107177e-07,0.0,0.0,10.428471702817252,163.2080918579235,SPRED2;SPRED1;PRKAR1B;PRKAR2B;PRKAR1A;PRKAR2A;HSPB1;PRKAG2;SPRY2;PTPN6;YWHAG,0.34375
5,966,Inhibitory Synapse Assembly (GO:1904862),8/13,7.596789702649219e-07,cellular process,GO_Biological_Process_2023,2.9830326057523114e-08,0.0,0.0,31.781210855949897,550.696568384284,GABRA2;GABRB3;GABRA1;GABRB2;PLXNB1;SRGAP3;FGF13;GABRG2,0.6153846153846154
5,966,GDP Binding (GO:0019003),16/67,8.634969475188298e-07,binding,GO_Molecular_Function_2023,8.54407505966e-08,0.0,0.0,6.26889576883385,102.02905373186594,RAB5B;RALA;RAB4A;RAB5C;RALB;GNAI3;RAB27A;GNAI1;RAP1B;RAB10;RIT1;MRAS;RAP1A;RRAS;RRAGD;RAB5A,0.23880597014925373
5,966,Chloride Transmembrane Transport (GO:1902476),14/48,8.958460513106207e-07,localization,GO_Biological_Process_2023,3.547034430909198e-08,0.0,0.0,8.217993079584774,140.97612818425026,GABRB3;GABRA2;GABRB2;GABRA1;GABRB1;SLC12A5;GABRA6;GABRA5;GABRA4;GABRA3;GABRG3;GABRG2;GABRG1;GABRE,0.2916666666666667
5,966,Phosphatidylinositol Biosynthetic Process (GO:0006661),20/98,9.363726100252172e-07,cellular process,GO_Biological_Process_2023,3.738136728503813e-08,0.0,0.0,5.137962812381417,87.86992019904115,CISH;INPPL1;PIK3R3;SYNJ2;SLA2;PIK3C2A;PGF;SOCS2;ITPKB;SOCS1;SYNJ1;INPP5D;ITPKA;PLCG2;PIP5K1A;PIP5K1B;PIP5K1C;SOCS6;SOCS7;SOCS5,0.20408163265306123
5,966,Cellular Component Assembly (GO:0022607),35/260,1.0211436914158623e-06,cellular process,GO_Biological_Process_2023,4.1099697003976155e-08,0.0,0.0,3.1426900584795323,53.448562912844174,CYFIP2;YAP1;NCKAP1;WIPF1;WAS;PDGFA;WASL;EPS8;CDC42;PARD6B;SCIN;PPP2R1A;REPS2;RAC3;PTK2B;NCKAP1L;WASF1;SPTBN1;AP2M1;WASF3;MAGI1;GSN;RANBP9;MITF;BAIAP2;RHOD;YWHAZ;CD2AP;PTPRD;TIAM1;OCLN;PARVG;PARD3;EZR;SHANK1,0.1346153846153846
5,966,Regulation Of Cell Junction Assembly (GO:1901888),10/23,1.0467521894073809e-06,biological regulation,GO_Biological_Process_2023,4.24729291513466e-08,0.0,0.0,15.304956549726423,259.79243800648186,RAP1B;TJP1;MEF2C;PRKCH;MYO1C;RAP1A;FLOT1;RAPGEF1;SNAI1;PRKACA,0.43478260869565216
5,966,Platelet Aggregation (GO:0070527),12/35,1.0958189304348729e-06,cellular process,GO_Biological_Process_2023,4.482243661791855e-08,0.0,0.0,10.397046759639048,175.92382238561663,PDGFRA;STXBP3;ACTN1;GNAS;HSPB1;ILK;FLNA;MYH9;TLN1;MYL9;MYL12A;VCL,0.34285714285714286
5,966,Cardiac Muscle Cell Contraction (GO:0086003),9/18,1.0958895172306172e-06,cellular process,GO_Biological_Process_2023,4.5183926430319954e-08,0.0,0.0,19.87983281086729,336.21815794493585,CAMK2D;GSN;CACNA1D;CACNA1C;SCN3B;FGF12;SCN1B;SCN1A;SCN2B,0.5
5,966,Stress-Activated MAPK Cascade (GO:0051403),13/42,1.1853414074603917e-06,cellular process,GO_Biological_Process_2023,4.9647807642320076e-08,0.0,0.0,8.939646126569453,150.34975418325342,MAP2K3;MAP4K1;MAP4K2;MAPK8IP2;DUSP9;MAPK13;MAPK8IP1;TAOK2;MAP3K13;MAP4K3;MAP3K11;MAP3K5;MAP3K12,0.30952380952380953
5,966,Cellular Response To Salt (GO:1902075),21/109,1.1853414074603917e-06,cellular process,GO_Biological_Process_2023,4.9478218503837e-08,0.0,0.0,4.784343434343435,80.48094924152555,MEF2A;MEF2C;CAMK2D;PRKAA1;SYT2;PRKAA2;CACNA1A;IQGAP1;RASGRP2;SYT9;CACNA1H;SSH1;MAPK13;ITPKB;CDH1;RASA4;SYT11;ITPKA;CHP2;PLCG2;FYN,0.1926605504587156
5,966,Regulation Of Rho Protein Signal Transduction (GO:0035023),17/73,1.1964578905860551e-06,biological regulation,GO_Biological_Process_2023,5.0504930590838064e-08,0.0,0.0,6.070788800240855,101.99650564727185,RTN4R;STARD8;ARHGEF28;LPAR1;ARHGEF18;ARRB1;MYO9B;ARHGAP35;EPS8;AKAP13;ARHGDIA;MCF2L;ARHGEF3;ABL2;ARHGEF2;MET;F2RL2,0.2328767123287671
5,966,Positive Regulation Of Intracellular Signal Transduction (GO:1902533),55/525,1.375720455227344e-06,biological regulation,GO_Biological_Process_2023,5.8522139783885696e-08,0.0,0.0,2.384613588060817,39.71302251045409,RET;NCF1;ILK;PTPRJ;AKAP13;GJA1;ITGAV;MAP4K1;PDGFRB;PDGFRA;HSP90AA1;KSR1;PRKCB;UNC5B;EPHA8;RHOC;FGR;DOK2;DOK4;LCK;DOK6;RRAGD;KIT;HBEGF;LPAR1;PDGFA;SEMA3E;IQGAP1;ADRB2;MALT1;RELN;ERBB3;PDGFD;PDGFC;PLCG2;FLNA;BRD4;SH2B1;LYN;NTRK2;CAV2;TRAT1;PTK2;FKBP1A;MOS;MYO1C;TAOK2;PDCD4;SPRY2;PLXNB1;PTPN6;TEK;PIK3AP1;LAMTOR3;FGFR1,0.10476190476190476
5,966,Positive Regulation Of Actin Nucleation (GO:0051127),7/10,1.4672358433145228e-06,biological regulation,GO_Biological_Process_2023,6.337537019552259e-08,0.0,0.0,46.30413625304136,767.4535767564361,CYFIP1;NCKAP1;GSN;SCIN;WASF1;WASF2;WASF3,0.7
5,966,Cyclic Nucleotide-Dependent Protein Kinase Activity (GO:0004690),6/7,8.634969475188298e-07,catalytic activity,GO_Molecular_Function_2023,8.395432159450234e-08,0.0,0.0,118.95625,1938.153345767016,PRKAG1;PRKG2;PRKX;PRKACA;PRKACB;PRKG1,0.8571428571428571
5,966,Cyclic-Nucleotide-Mediated Signaling (GO:0019935),12/40,4.730155499052031e-06,None,GO_Biological_Process_2023,2.399129916076783e-07,0.0,0.0,8.538185085354897,130.1474657272525,ATF1;EPHA5;GUCY1A2;GUCY1A1;GUCY1B1;MAPK7;CREB1;KSR1;PDE4D;NPPA;PDE3A;AKAP6,0.3
5,966,Adherens Junction (GO:0005912),29/150,1.9203815111625662e-09,cellular anatomical structure,GO_Cellular_Component_2023,1.3294948923433148e-10,0.0,0.0,4.837639027315946,110.01299990356624,CTNND1;SNAP23;RND1;CYTH3;CDH5;SDCBP;CDH1;FLOT1;CTNNA1;FLOT2;CTNNA3;CTNNA2;PAK4;MAGI1;DSP;RDX;MSN;SORBS1;BAIAP2;PPP1CA;RAB10;TJP1;PARD3;CDC42EP4;ZYX;NF2;EZR;TLN1;VCL,0.19333333333333333
5,966,High Voltage-Gated Calcium Channel Activity (GO:0008331),12/23,1.7382913014617779e-09,transporter activity,GO_Molecular_Function_2023,1.2442506157831672e-10,0.0,0.0,21.753001715265867,496.12761661721305,CACNA1I;CACNB3;SCN10A;SCN11A;SCN8A;CACNA1D;CACNA1C;SCN2A;CACNA1E;SCN3A;CACNA1H;SCN1A,0.5217391304347826
5,966,Vesicle-Mediated Transport (GO:0016192),71/411,7.110278863949693e-19,localization,GO_Biological_Process_2023,3.9553252842652094e-21,0.0,0.0,4.361728557344725,204.9106233968137,ITSN2;USP6NL;ARF1;GDI1;DENND1A;ITSN1;WIPF3;SNAP23;GDI2;ARHGAP1;INPPL1;AP2A1;WASL;PIK3C2A;AP2A2;EEA1;DPYSL2;PIP4K2A;AP2M1;PRKCI;EXOC7;ARAP3;EPS15L1;MAPK8IP3;DNM1;EPN1;MAPK8IP1;RHOB;DNM2;DNM3;ALS2;TBC1D4;BIN1;MYL1;HGS;RHOJ;RHOU;AMPH;EXOC2;RHOQ;ARF6;RAB5B;RAB5C;STXBP3;STXBP2;AGAP2;ADRB2;KALRN;CDC42;NCKIPSD;CYTH3;CYTH2;MYO6;AP2S1;REPS2;STX4;EPS15;CYTH1;RAB4A;RAB4B;CAV3;SORT1;CAV2;MYO5A;RAB27A;AP2B1;RAB10;EHD2;EHD4;SYT11;RAB5A,0.17274939172749393
5,966,Protein Phosphorylated Amino Acid Binding (GO:0045309),24/45,1.4860438101237269e-18,binding,GO_Molecular_Function_2023,2.815661956023903e-20,0.0,0.0,23.067030633909614,1038.3970877059892,YWHAE;SHC3;YES1;SYK;YWHAB;CBLC;PIK3R3;SHB;YWHAZ;VAV1;VAV2;FGR;HCK;ZAP70;LCK;RASA1;NCK2;PLCG2;ABL2;PTPN6;GRAP;PFN1;PTPN5;PTPN3,0.5333333333333333
5,966,Kinase Binding (GO:0019900),74/460,1.9717625025159782e-18,binding,GO_Molecular_Function_2023,4.1510789526652167e-20,0.0,0.0,4.007853342317433,178.8638158639302,PTPRR;DGKD;PRKAG1;PRKAG2;PEBP1;HSPB1;ILK;AP2A1;PTPRJ;AP2A2;ACTB;PPP1CB;GHR;SPRED2;SPRED1;RB1CC1;BLNK;CHP1;RAC3;PRKACA;MAP2K3;PDGFRB;PRKAB2;DUSP3;PPP1R12A;PRKCD;RHOG;ADAM10;UNC5C;MAPK8IP2;PRKAB1;YWHAZ;DNM1;CNKSR2;ACTA2;FGR;LATS1;TIAM1;LCK;CDC37;MAPT;ARHGEF7;EXOC2;GRB7;CAB39;AGAP2;WAS;IQGAP1;FOXO3;CDC42;SOCS1;PLCG2;PIP5K1A;FLNA;PAK2;MAPK4;MAP3K2;PTPN1;GSN;CAV2;MSN;PTK2;IBTK;NBEA;SNAI1;SPRY2;PTPN6;MAP3K13;CALM1;PTPN5;PTPN2;CDK5R2;MAP3K12;CDK5R1,0.1608695652173913
5,966,Cadherin Binding (GO:0045296),60/319,2.904225758595871e-18,binding,GO_Molecular_Function_2023,6.725575440958861e-20,0.0,0.0,4.800685264261423,211.93001650732103,YWHAE;YWHAB;PTPRO;CTNND1;ARHGAP1;PTPRJ;CDH5;CDH1;ARFIP2;LRRFIP1;SPTAN1;SH3GL1;NCK1;SH3GLB2;USP8;DBNL;SWAP70;ARHGEF16;EPS15L1;YWHAZ;SND1;CD2AP;CTTN;NUMB;MYH9;ITGA6;EZR;PFN1;TLN1;VCL;EPHA2;ASAP1;IQGAP1;SNX1;CTNNA1;FLNA;PAK6;CTNNA3;FLNB;FYN;CTNNA2;EPS15;PAK2;WASF2;SPTBN1;PAK4;VASP;PTPN1;RDX;BAIAP2;KTN1;PPP1CA;TJP1;RAB10;PTPRB;EHD4;ABI1;PKN2;CDK5R1;TJP2,0.18808777429467086
5,966,GABA-A Receptor Complex (GO:1902711),16/18,4.035852015549644e-18,protein-containing complex,GO_Cellular_Component_2023,1.086575542647981e-19,0.0,0.0,160.26947368421054,6998.34057621829,GABRA2;GABRB3;GABRQ;GABRB2;GABRB1;GABRA6;GABRA5;GABRA4;GABRA3;GABRG3;GABRG2;GABRG1;GABRR2;GABRR1;GABRE;GABRD,0.8888888888888888
5,966,GABA-A Receptor Activity (GO:0004890),16/18,4.301028189648258e-18,molecular transducer activity,GO_Molecular_Function_2023,1.086575542647981e-19,0.0,0.0,160.26947368421054,6998.34057621829,GABRA2;GABRB3;GABRQ;GABRB2;GABRB1;GABRA6;GABRA5;GABRA4;GABRA3;GABRG3;GABRG2;GABRG1;GABRR2;GABRR1;GABRE;GABRD,0.8888888888888888
5,966,GABA Receptor Activity (GO:0016917),17/21,6.734166304306916e-18,molecular transducer activity,GO_Molecular_Function_2023,1.8430349885471562e-19,0.0,0.0,85.22391991570073,3676.364154667037,GABRA2;GABRB3;GABRQ;GABRA1;GABRB2;GABRB1;GABRA6;GABRA5;GABRA4;GABRA3;GABRG3;GABRG2;GABRG1;GABRR2;GABRR1;GABRE;GABRD,0.8095238095238095
5,966,Cell-Cell Junction (GO:0005911),57/299,8.659755951597367e-18,cellular anatomical structure,GO_Cellular_Component_2023,2.9976078293990893e-19,0.0,0.0,4.86932329596596,207.6829793400265,PTPRU;CTNND1;SNAP23;PTPRJ;CLDN1;RND1;CDH5;GJA1;CDH1;FLOT1;FLOT2;MAGI1;DSP;PRKCI;KIRREL1;ACTN1;CASK;TIAM1;CNKSR1;MYH2;PARD3;CDC42EP4;EZR;TLN1;VCL;EPHA2;PXN;PRKCZ;RAP1B;CYTH3;SDCBP;PAK1;PARD6B;PARD6A;CTNNA1;FLNA;CTNNA3;CTNNA2;PAK2;JAM3;PAK4;RDX;MSN;SORBS1;BAIAP2;PPP1CA;TJP1;RAB10;OCLN;DNMBP;NPHS1;NPHS2;ZYX;PKN2;NF2;TEK;TJP2,0.19063545150501673
5,966,Dendrite (GO:0030425),54/270,8.659755951597367e-18,cellular anatomical structure,GO_Cellular_Component_2023,2.7801462018866364e-19,0.0,0.0,5.15844298245614,220.4027982833761,EPHB6;DAGLA;TMEM222;CAPN2;EPHB2;EPHB1;EPHB3;EPHA5;EPHA4;EPHA7;ARHGEF15;EPHA8;MAGI2;GABRG3;MAPK8IP3;GABRG2;CD2AP;GABRG1;UHMK1;ALS2;BIN1;MAP1B;MAPT;EPHA3;SHANK1;GRIA1;GRIA2;PRKAA1;PRKAA2;EPHA10;KCNA2;AKAP5;PAK1;RELN;PTK2B;FYN;GABRE;MARK3;MARK1;GABRA2;GABRA1;NTRK2;HOMER1;GABRA6;GABRA5;GABRA4;GABRA3;RAB27A;CDK5;SYT11;STRN;FGF13;RAB5A;CDK5R1,0.2
5,966,Peptidyl-Tyrosine Phosphorylation (GO:0018108),28/67,1.471560535323074e-17,cellular process,GO_Biological_Process_2023,9.313764168943771e-20,0.0,0.0,14.538844240336775,637.0951864796642,BLK;RELN;ABL2;PTK2B;FYN;EPHB2;JAK3;PDGFRB;LYN;EPHA4;PDGFRA;SRMS;SYK;PTK6;PRLR;PTK2;FGR;HCK;ZAP70;FER;ABI2;LCK;FES;BTK;PTPN6;TEK;EPHA3;FGFR1,0.417910447761194
5,966,Protein Dephosphorylation (GO:0006470),37/124,1.471560535323074e-17,cellular process,GO_Biological_Process_2023,9.529959755584856e-20,0.0,0.0,8.673756232755528,379.8867687435269,PTPRU;PTPRR;PTPRS;PTPRO;PTPRJ;DUSP16;PTPRF;PPP1CB;PPP2CA;PPP3CA;PPP2CB;PPP3R1;PPP3CB;DUSP10;PPP3CC;PPP2R1B;PPP2R1A;ILKAP;NCK1;PTPN1;PTPN18;DUSP3;PPP1R12A;PPP2R3A;PTPN12;PTPN13;SSH1;DUSP7;PPP1CA;PTPRD;PTPRB;PTPRA;PTPN6;PTPN7;PTPN5;PTPN2;PTPN3,0.29838709677419356
5,966,Neuron Projection Morphogenesis (GO:0048812),40/146,1.471560535323074e-17,cellular process,GO_Biological_Process_2023,9.630631775674566e-20,0.0,0.0,7.713435755328253,337.74630644114245,NCKAP1;TRIO;DOCK7;IQGAP1;WASL;ARHGAP35;DOCK10;CDC42;PAK1;PARD6B;FLRT3;SLITRK5;NCKAP1L;SRGAP3;CTNNA2;EPHB2;PAK3;EPHB1;EPHB3;MEF2A;EPHA4;DBNL;DCC;APLP2;MAPK8IP2;NGF;BAIAP2;DNM2;RAB10;CDK5;ALS2;CTTN;TAOK3;MAP1B;PARD3;TAOK2;PLXNB1;SGK1;SHANK3;SHANK1,0.273972602739726
5,966,Regulation Of GTPase Activity (GO:0043087),51/214,1.5171842320773184e-19,biological regulation,GO_Biological_Process_2023,7.943372942813187e-22,0.0,0.0,6.45292165342452,313.5121918375229,USP6NL;ARHGAP9;DOCK6;PLXND1;RASGRF2;DOCK7;RASGRF1;PREX2;DOCK10;PREX1;DOCK11;PRKG1;EPHB3;EPHA5;VAV3;EPHA4;ARAP1;VAV1;VAV2;ALS2;RASA4;RAPGEF1;ITGA6;ARHGEF7;EPHA3;NGEF;ARHGEF5;RAPGEF4;RTN4R;ASAP3;EFNA5;RASGRP2;RASGRP1;FGD1;RAP1GAP;RASGRP4;FGD3;FGD5;RAP1A;PLXNA2;PLXNA1;SRGAP3;RALGDS;PLXNA4;NTRK2;CAV2;RDX;PTK2;PLXNB1;GNB5;RGS11,0.2383177570093458
5,966,Peptidyl-Serine Phosphorylation (GO:0018105),41/158,4.3433801891416445e-17,cellular process,GO_Biological_Process_2023,2.984652616883984e-19,0.0,0.0,7.166523446523446,305.69259690939424,CAMK2B;CAMK2D;CAB39;PKN3;CAMK2A;PRKX;STK4;PRKCZ;RPS6KA3;GRK2;MKNK1;MKNK2;PRKACA;PRKACB;MARK3;PAK2;MARK1;MAP4K1;PRKCI;PRKCH;CSNK2A1;PRKCB;PRKCE;PRKCD;PRKCA;VRK3;MAPK12;UHMK1;MAPK13;LATS1;MAPKAPK3;CDK5;MAPKAPK2;ULK2;PRKCQ;PKN2;PKN1;MAP3K13;SGK1;MAP3K12;CDK5R1,0.25949367088607594
5,966,Regulation Of Cell Adhesion (GO:0030155),39/144,5.77191394025811e-17,biological regulation,GO_Biological_Process_2023,4.344045177550279e-19,0.0,0.0,7.584435198027431,320.67227729614115,RET;PLXND1;LAMA2;PDE3B;CXCR4;PTPRJ;PRKX;EFNA5;RND1;PPP1CB;PPP2CA;PPP3CA;ERBB3;PPP2R1A;PLXNA2;ABL2;PLXNA1;PTK2B;ITGAV;STX4;EPHB2;PLXNA4;CYTH1;EPHB3;LYN;EPHA4;EPHA7;PPP1R12A;EPHA8;ADAM10;PRKCA;RHOD;PTK2;FES;RASA1;PLXNB1;CBLL1;SIPA1;EPHA2,0.2708333333333333
5,966,Phosphotyrosine Residue Binding (GO:0001784),21/39,1.7238456632142748e-16,binding,GO_Molecular_Function_2023,5.0808082705262834e-18,0.0,0.0,23.476543209876542,934.86086666201,SHC3;YES1;SYK;CBLC;PIK3R3;SHB;VAV1;VAV2;FGR;HCK;ZAP70;LCK;RASA1;NCK2;PLCG2;ABL2;PTPN6;GRAP;PFN1;PTPN5;PTPN3,0.5384615384615384
5,966,Peptidyl-Serine Modification (GO:0018209),41/166,2.6862832345666833e-16,cellular process,GO_Biological_Process_2023,2.1096465192932066e-18,0.0,0.0,6.705029189189189,272.894763544493,CAMK2B;CAMK2D;CAB39;PKN3;CAMK2A;PRKX;STK4;PRKCZ;RPS6KA3;GRK2;MKNK1;MKNK2;PRKACA;PRKACB;MARK3;PAK2;MARK1;MAP4K1;PRKCI;PRKCH;CSNK2A1;PRKCB;PRKCE;PRKCD;PRKCA;VRK3;MAPK12;UHMK1;MAPK13;LATS1;MAPKAPK3;CDK5;MAPKAPK2;ULK2;PRKCQ;PKN2;PKN1;MAP3K13;SGK1;MAP3K12;CDK5R1,0.2469879518072289
5,966,GTPase Activity (GO:0003924),51/265,4.928720520652926e-16,catalytic activity,GO_Molecular_Function_2023,1.556438059153555e-17,0.0,0.0,4.901792554006435,189.7069532746836,ARF1;RND1;RGS3;RAC3;RHOG;RHOC;RHOD;DNM1;RHOB;DNM2;DNM3;MRAS;RASA1;RRAGD;RHOJ;RHOU;RHOQ;ARF6;GNAZ;RAB5B;RALA;RAB5C;RALB;RGS19;AGAP2;GNAI3;GNAI1;RAP1GAP;GNAI2;RAP1B;CDC42;GNA14;GNG10;GNA15;RAP1A;RRAS;GNA11;GNA12;RGS20;TPPP;RAB4A;RAB4B;RAB27A;GNG11;GNAO1;RIT1;GNB1;GNAS;GNB5;RGS11;RAB5A,0.19245283018867926
5,966,GTPase Activator Activity (GO:0005096),45/211,6.286998860227209e-16,molecular function regulator activity,GO_Molecular_Function_2023,2.1177259318660066e-17,0.0,0.0,5.553549703700797,213.2207866831079,USP6NL;ARHGAP9;AGAP2;ARHGAP1;ASAP3;ARRB1;ASAP1;IQGAP1;ASAP2;IQGAP2;ARHGAP5;ARHGAP35;RAP1GAP;ARHGAP4;PREX2;PREX1;RGS3;RGS20;NCKAP1L;SRGAP3;SRGAP1;GIT1;VAV3;GIT2;JUN;RALGAPA1;STARD8;ARAP2;ARAP3;MYO9B;ARAP1;ADAP1;ARHGAP26;TBC1D1;ARHGAP31;ALS2;TBC1D4;RASA4;RASA1;PLXNB1;GNB5;RGS11;DOCK1;SIPA1;ARHGEF6,0.2132701421800948
5,966,Positive Regulation Of Supramolecular Fiber Organization (GO:1902905),31/96,8.764201570156402e-16,biological regulation,GO_Biological_Process_2023,7.169667514853078e-18,0.0,0.0,9.675672562731386,381.9633559318348,NCKAP1;MYLK3;PAK1;SCIN;CFL2;NCK2;PTK2B;NCKAP1L;NCK1;VASP;USP8;GSN;CAV3;PRKCE;LIMK1;BAIAP2;HCK;FER;OCLN;CTTN;BIN1;CDC42EP5;FES;CDC42EP4;EVL;MAPT;PFN1;MET;PFN3;ARF6;CDK5R1,0.3229166666666667
5,966,Ribonucleoside Triphosphate Phosphatase Activity (GO:0017111),51/270,9.913380639159353e-16,catalytic activity,GO_Molecular_Function_2023,3.5479467550675577e-17,0.0,0.0,4.788606931656561,181.38083028382772,ARF1;RND1;RGS3;RAC3;RHOG;RHOC;RHOD;DNM1;RHOB;DNM2;DNM3;MRAS;RASA1;RRAGD;RHOJ;RHOU;RHOQ;ARF6;GNAZ;RAB5B;RALA;RAB5C;RALB;RGS19;AGAP2;GNAI3;GNAI1;RAP1GAP;GNAI2;RAP1B;CDC42;GNA14;GNG10;GNA15;RAP1A;RRAS;GNA11;GNA12;RGS20;TPPP;RAB4A;RAB4B;RAB27A;GNG11;GNAO1;RIT1;GNB1;GNAS;GNB5;RGS11;RAB5A,0.18888888888888888
5,966,Fc-gamma Receptor Signaling Pathway (GO:0038094),17/24,1.0918546674333804e-15,cellular process,GO_Biological_Process_2023,9.289339448058864e-18,0.0,0.0,48.691705554719256,1909.5749590917924,LYN;VAV3;FCER1G;YES1;SYK;PRKCE;LIMK1;PRKCD;PTK2;VAV1;VAV2;FGR;HCK;PAK1;PLPP4;LCK;FYN,0.7083333333333334
5,966,Positive Regulation Of Cell Migration (GO:0030335),52/272,1.1399000543051017e-15,biological regulation,GO_Biological_Process_2023,1.0071106500732244e-17,0.0,0.0,4.865367018102248,190.4151931504863,RET;CLDN1;MYLK;PPP3CA;CDH5;EPHB2;PDGFRB;EPHA4;PDGFRA;PRKCE;SEMA6D;ADAM10;PRKCA;ACTN4;RHOC;RHOD;FGR;TIAM1;KIT;NUMB;ITGA6;ARHGEF2;PFN1;ARHGEF7;CBLL1;DOCK1;EPHA2;HBEGF;GRB7;SEMA3A;PDGFA;PIK3R3;TWIST1;CXCR4;SEMA3E;CDC42;SDCBP;PAK1;PDGFD;PDGFC;PLCG2;PTK2B;NCKAP1L;STX4;RDX;SEMA4F;PTK2;TJP1;FER;MYO1C;SNAI1;SPRY2,0.19117647058823528
5,966,Regulation Of Neuron Projection Development (GO:0010975),41/174,1.4350874563158808e-15,biological regulation,GO_Biological_Process_2023,1.314870706048582e-17,0.0,0.0,6.299053038000406,244.8455033176251,RTN4R;RET;CAMK2B;PTPRS;SEMA3A;PTPRO;LPAR1;ARHGAP35;EFNB2;PAK1;RAP1A;RELN;CFL1;NPTN;ABL2;PTK2B;ALKAL2;ALKAL1;CTNNA2;PAK3;CAMK2G;PAK2;SCN1B;EPHB3;MARK1;LYN;EPHA4;NTRK2;PRKCI;DCC;KIDINS220;MAGI2;PTK6;MAG;CDK5;FES;RAPGEF1;ITGA6;SHANK3;EPHA3;CDK5R1,0.23563218390804597
5,966,Small GTPase Mediated Signal Transduction (GO:0007264),33/112,1.5015088450252982e-15,cellular process,GO_Biological_Process_2023,1.4248611422033262e-17,0.0,0.0,8.486507387358053,329.19053711570785,RALA;RALB;RGS19;RASGRF2;RASGRF1;ARHGAP1;RASGRP2;RASGRP1;NTN1;RASGRP4;RRAS;ARFIP2;CHP1;SHOC2;RALGDS;BRAP;USP8;KSR1;TNK2;ARHGEF18;TIAM2;CNKSR2;TIAM1;DOK2;ARHGAP31;RIT1;MRAS;DOK4;DOK6;GNB1;RAPGEF1;GRAP;RAPGEF4,0.29464285714285715
5,966,Protein Tyrosine Kinase Binding (GO:1990782),28/85,3.9294701236775215e-15,binding,GO_Molecular_Function_2023,1.5717880494710088e-16,0.0,0.0,9.93820371825085,361.6427622960351,SHC4;DOCK4;SHC3;CBLC;CBLB;CDH5;GRB14;BLNK;PLCG2;SIRPA;ALKAL2;ALKAL1;SH2B3;NCK1;SOCS5;EPHA4;PTPN1;HSP90AA1;DUSP3;ARHGEF16;MST1;FLT3LG;GP6;RNF41;ELMO2;NOX4;PTPN2;TJP2,0.32941176470588235
5,966,Peptidyl-Tyrosine Modification (GO:0018212),25/54,5.675967662912794e-17,cellular process,GO_Biological_Process_2023,4.0861023751335554e-19,0.0,0.0,17.410861519293487,737.2024320463399,BLK;RELN;ABL2;PTK2B;FYN;EPHB2;JAK3;PDGFRB;LYN;EPHA4;PDGFRA;SRMS;SYK;PTK2;FGR;HCK;ZAP70;FER;LCK;FES;BTK;PTPN6;TEK;EPHA3;FGFR1,0.46296296296296297
5,966,GABA-gated Chloride Ion Channel Activity (GO:0022851),12/12,3.9294701236775215e-15,transporter activity,GO_Molecular_Function_2023,1.509153587955594e-16,0.0,0.0,228408.0,8320860.620812638,GABRA2;GABRB3;GABRB2;GABRB1;GABRA6;GABRA5;GABRA4;GABRA3;GABRE;GABRG3;GABRG2;GABRG1,1.0
5,966,Small GTPase Binding (GO:0031267),49/199,6.610305026726659e-20,binding,GO_Molecular_Function_2023,1.1133145308171216e-21,0.0,0.0,6.727124681933843,324.5632167115083,USP6NL;CYFIP1;NCKAP1;DOCK4;DOCK3;DOCK7;ARHGAP1;EPS8;RABGEF1;AKAP13;ARFIP2;GIT1;PLEKHG1;PLEKHG2;ARHGEF16;RNF41;ALS2;CDC42EP5;CDC42EP4;ARHGEF2;RIN1;DOCK2;DOCK1;EXOC2;RAPGEF4;GARRE1;WAS;IQGAP1;IQGAP2;FGD1;RAP1GAP;FGD3;FGD5;PAK1;PARD6A;FLNA;SRGAP3;WASF1;PAK2;NGFR;GIT2;MYO5A;RANBP9;MYO9B;FMNL1;MYO1C;ABI2;NOXA1;PKN1,0.24623115577889448
5,966,Extrinsic Component Of Cytoplasmic Side Of Plasma Membrane (GO:0031234),32/77,1.1604879374160811e-20,cellular anatomical structure,GO_Cellular_Component_2023,2.6780490863448024e-22,0.0,0.0,14.45748275041637,718.1289526896626,BLK;GNAZ;GNAI3;IQGAP1;GNAI1;GNAI2;GNA14;GNA15;GNG2;GNA11;GNA12;FYN;JAK3;CYTH1;LYN;SRMS;YES1;SYK;PTK6;FGR;GNAO1;HCK;TIAM1;ZAP70;FER;LCK;FES;GNB1;GNAS;GNB4;GNB5;FRK,0.4155844155844156
5,966,Transmembrane Receptor Protein Tyrosine Kinase Signaling Pathway (GO:0007169),102/284,4.905032750850953e-58,cellular process,GO_Biological_Process_2023,1.6050499839171967e-61,0.0,0.0,12.228479853479854,1711.7980755100152,EPHB6;IRS2;GRB14;GRB10;EPHB2;EPHB1;EPHB4;PDK2;EPHB3;EPHA5;PDGFRB;EPHA4;PDGFRA;EPHA7;EPHA8;PRLR;PGF;TIAM1;DOK2;DOK4;MAPKAPK3;DOK6;MAPKAPK2;EPHA3;NGEF;EPHA2;BLK;SHC4;GRB7;SHC3;EPHA10;STXBP4;ARHGEF28;CSH1;PXN;PDGFA;PIK3R3;ADRB2;EFNA5;KALRN;EFNA4;RASGRP4;EFNB2;SOCS2;EFNB1;EFNB3;FLRT3;PDGFD;PDGFC;LYN;SRMS;YES1;CAV2;PTK6;PTK2;NFATC4;EFNA3;FER;EFNA2;FGFR1;RET;PTPRJ;PIK3C2A;GHR;BLNK;APPL1;SYK;MMP2;NGF;GFRA2;VAV1;VAV2;FGR;CNKSR1;HCK;ZAP70;LCK;RASA1;KIT;RAPGEF1;LCP2;ARHGEF7;MET;RHOQ;PAK1;ERBB3;PTK2B;ALKAL2;SHOC2;FYN;ALKAL1;PAK3;PAK2;SH2B2;NTRK2;SORT1;SORBS1;BAIAP2;TEK;FRK;PTPN2;CDK5R1,0.3591549295774648
5,966,Protein Phosphorylation (GO:0006468),127/500,1.3281916035141814e-53,cellular process,GO_Biological_Process_2023,8.692353426139931e-57,0.0,0.0,7.572997983684139,977.55973723932,EPHB6;MYLK2;MYLK3;RPS6KA4;STK10;RPS6KA3;RPS6KA5;RPS6KA1;PIM1;MAP3K9;PRKACA;MAP3K6;EPHB2;PRKACB;EPHB1;EPHB4;PDK2;MAP3K5;EPHB3;PDK1;EPHA5;PDGFRB;EPHA4;PDGFRA;PRKCI;EPHA7;PRKCH;CSNK2A1;PRKCB;EPHA8;PRKCE;PRKCD;ADAM10;PRKCA;VRK3;PRKAB1;UHMK1;PRKAR1B;MAPKAPK3;MAPKAPK2;BTK;ULK2;PRKCQ;EPHA3;BLK;EPHA10;CSF2RB;STK4;PRKCZ;GRK3;GRK2;GRK5;GRK6;ABL2;MARK3;MARK1;LYN;SRMS;PTK6;BMX;PTK2;FER;CDK5;FES;MAP3K13;MAP3K11;MAP3K12;FGFR1;PRKAG1;PRKAG2;ILK;PPP3CB;EEF2K;RB1CC1;PRKG2;JAK3;PRKG1;MAP4K1;MAP4K2;SYK;YWHAZ;FGR;LATS1;HCK;ZAP70;CREB1;LCK;KIT;PICK1;SGK1;CAMK2B;PRKAA1;CAMK2D;PRKAA2;CAB39;PKN3;CAMK2A;PRKX;CAMKK2;PAK1;RELN;MKNK1;MKNK2;PAK6;PTK2B;CSK;FYN;MAP4K5;PAK3;MAPK6;PAK2;MAP4K3;PAK4;NTRK2;LIMK2;LIMK1;MAPK12;MAPK13;MOS;ABI2;TAOK3;TAOK2;PKN2;PTPN6;PKN1;TEK;CDK5R1,0.254
5,966,GTPase Regulator Activity (GO:0030695),111/424,2.6157147367831617e-48,molecular function regulator activity,GO_Molecular_Function_2023,5.50676786691192e-51,0.0,0.0,7.765001961773443,898.6115445701654,USP6NL;TRIO;ITSN1;ARHGAP35;PREX2;DOCK10;PREX1;RABGEF1;DOCK11;RGS3;SIRPA;SBF2;RALGAPA1;STARD8;SWAP70;TIAM2;TIAM1;OBSCN;SPATA13;ELMO1;RIN1;NGEF;ARHGEF25;ARHGEF28;AGAP2;IQGAP1;IQGAP2;RASGRP2;KALRN;RASGRP1;RAP1GAP;RASGRP4;RAP1A;NCKAP1L;SRGAP3;SRGAP1;RALGDS;JUN;TNK2;HPS1;ADAP1;ARHGAP26;ARHGAP31;DNMBP;PLXNB1;GNB5;ARHGAP9;DOCK6;DOCK4;DOCK3;GDI1;DENND1A;RASGRF2;RASGRF1;DOCK7;ARHGAP1;ARRB1;WASL;ARHGAP5;ARHGAP4;AKAP13;MCF2L;GIT1;VAV3;ARHGEF10;PLEKHG1;PLEKHG2;ARHGEF15;DENND2B;ARHGEF16;ARAP2;ARAP3;ARHGEF18;ARAP1;RHOD;VAV1;VAV2;TBC1D1;ARHGEF9;ALS2;TBC1D4;RASA4;RASA1;RAPGEF1;ARHGEF3;ARHGEF4;RHOU;ARHGEF2;ARHGEF7;DOCK2;DOCK1;ARHGEF5;RAPGEF4;ARHGEF6;WAS;ASAP3;ASAP1;ASAP2;FGD1;FGD3;CYTH3;CYTH2;FGD5;RGS20;CYTH1;FARP2;GIT2;MYO9B;RGS11;LAMTOR3;SIPA1,0.2617924528301887
5,966,Phosphorylation (GO:0016310),107/429,6.320164536429787e-44,cellular process,GO_Biological_Process_2023,6.204350003039713e-47,0.0,0.0,7.23860620828784,770.1605464600897,DGKG;EPHB6;DGKD;DGKA;MYLK3;RPS6KA4;STK10;RPS6KA5;RPS6KA1;PIM1;MAP3K9;PRKACA;MAP3K6;EPHB2;PRKACB;EPHB1;PDK2;MAP3K5;EPHB3;PDK1;EPHA5;EPHA4;PRKCI;EPHA7;PRKCH;CSNK2A1;PRKCB;EPHA8;PRKCE;PRKCD;ADAM10;PRKCA;PRKAB1;DGKZ;PRKAR1B;MAPKAPK2;BTK;PRKCQ;EPHA3;EPHA10;CSF2RB;STK4;PRKCZ;GRK3;GRK2;GRK5;GRK6;MARK3;MARK1;LYN;TNK2;PTK6;BMX;PTK2;FER;CDK5;MAP3K13;MAP3K11;MAP3K12;FGFR1;PRR5;PRKAG1;PRKAG2;ILK;PPP3CB;RB1CC1;PRKG2;JAK3;PRKG1;MAP4K1;MAP4K2;SYK;YWHAZ;FGR;LATS1;HCK;ZAP70;CREB1;LCK;PICK1;SGK1;CAMK2B;PRKAA1;CAMK2D;PRKAA2;PKN3;CAMK2A;CAMKK2;PAK1;MKNK1;MKNK2;PAK6;PTK2B;CSK;FYN;MAP4K5;PAK3;MAPK6;PAK2;MAP4K3;PAK4;LIMK2;LIMK1;TAOK3;TAOK2;PKN2;PKN1,0.2494172494172494
5,966,Protein Modification Process (GO:0036211),136/711,2.103997141211478e-42,cellular process,GO_Biological_Process_2023,2.7539229597008877e-45,0.0,0.0,5.260186485070718,539.7125064953626,EPHB6;MYLK3;PPP1CB;RPS6KA4;STK10;RPS6KA5;PPP2R1B;PPP2R1A;RPS6KA1;PIM1;MAP3K9;PRKACA;MAP3K6;EPHB2;PRKACB;EPHB1;PDK2;MAP3K5;EPHB3;PDK1;EPHA5;EPHA4;PRKCI;EPHA7;PRKCH;CSNK2A1;PRKCB;EPHA8;PRKCE;PRKCD;ADAM10;PRKCA;PRKAB1;PRKAR1B;MAPKAPK2;BTK;PRKCQ;EPHA3;EPHA10;CSF2RB;STK4;PRKCZ;PPP3R1;GRK3;GRK2;GRK5;GRK6;ABL2;MARK3;MARK1;LYN;YES1;PTK6;BMX;PTK2;SSH1;PTPRD;PTPRB;FER;CDK5;PTPRA;MAP3K13;MAP3K11;MAP3K12;FGFR1;PTPRU;PTPRR;PTPRS;PTPRO;PRKAG1;PRKAG2;ILK;PTPRJ;DUSP16;PPP3CA;PPP3CB;PPP3CC;RB1CC1;PRKG2;JAK3;PRKG1;ILKAP;DSP;MAP4K1;MAP4K2;PPP1R12A;SYK;YWHAZ;FGR;LATS1;HCK;ZAP70;CREB1;LCK;PICK1;SGK1;CAMK2B;PRKAA1;CAMK2D;PRKAA2;PKN3;CAMK2A;CAMKK2;PPP2CA;PPP2CB;PAK1;MKNK1;MKNK2;PAK6;PTK2B;CSK;FYN;MAP4K5;PAK3;MAPK6;PAK2;MAP4K3;PAK4;PTPN1;PTPN18;LIMK2;LIMK1;WWP2;PTPN12;PPP2R3A;PTPN13;PPP1CA;TMEM59;TAOK3;TAOK2;PKN2;PTPN6;PKN1;PTPN7;PTPN5;PTPN3,0.19127988748241911
5,966,Focal Adhesion (GO:0005925),99/387,2.271094357227259e-42,cellular anatomical structure,GO_Cellular_Component_2023,1.7469956594055838e-44,0.0,0.0,7.432453863898501,748.8631809651482,CYFIP1;NCKAP1;ARPC5L;ACTB;PPP1CB;GJA1;CFL1;DAG1;CAPN2;CHP1;CAPN1;PDGFRB;ACTN3;ACTN2;ACTN1;ADAM10;CASK;ACTN4;TLN2;EZR;PFN1;TLN1;VCL;EPHA2;GRB7;PXN;IQGAP1;SLC9A1;EFNB2;RRAS;PRKAR2A;PIP5K1A;PIP5K1C;VASP;YES1;CAV3;CAV2;RDX;MSN;ARPC5;L1CAM;PTK2;ARPC2;PARVG;ARPC3;PTPRA;FES;YWHAE;ARF1;YWHAB;ARPC1B;SNAP23;GDI2;DOCK7;HSPB1;ILK;YWHAQ;FLOT1;FLOT2;ITGAV;GIT1;YWHAG;ACTR3;ACTR2;PDCD6IP;PPP1R12A;RHOG;YWHAZ;RHOB;DNM2;ENAH;HCK;CTTN;NUMB;MYH9;EVL;ITGA6;ARHGEF2;ARHGEF7;ATP6V0C;ARF6;RALA;ASAP3;CXCR4;CDC42;GNA12;CTNNA1;FLNA;PTK2B;FLNB;FLNC;PAK4;GIT2;GSN;SORBS1;RAB10;ZYX;VIM;LAMTOR3,0.2558139534883721
5,966,Cell-Substrate Junction (GO:0030055),100/395,2.271094357227259e-42,cellular anatomical structure,GO_Cellular_Component_2023,1.7199990139330948e-44,0.0,0.0,7.335107840450934,739.1692356802265,CYFIP1;NCKAP1;ARPC5L;ACTB;PPP1CB;GJA1;CFL1;DAG1;CAPN2;CHP1;CAPN1;PDGFRB;ACTN3;ACTN2;ACTN1;ADAM10;CASK;ACTN4;TLN2;EZR;PFN1;TLN1;VCL;EPHA2;GRB7;PXN;IQGAP1;SLC9A1;EFNB2;RRAS;PRKAR2A;PIP5K1A;PIP5K1C;VASP;YES1;CAV3;CAV2;RDX;MSN;ARPC5;L1CAM;PTK2;ARPC2;PARVG;ARPC3;PTPRA;FES;YWHAE;ARF1;YWHAB;ARPC1B;SNAP23;GDI2;DOCK7;HSPB1;ILK;YWHAQ;FLOT1;FLOT2;ITGAV;GIT1;YWHAG;ACTR3;ACTR2;PDCD6IP;PPP1R12A;RHOG;YWHAZ;RHOB;DNM2;ENAH;HCK;CTTN;NUMB;MYH9;EVL;ITGA6;ARHGEF2;ARHGEF7;ATP6V0C;ARF6;RALA;ASAP3;CXCR4;CDC42;GNA12;CTNNA1;FLNA;PTK2B;FLNB;FLNC;PAK4;GIT2;GSN;ERBIN;SORBS1;RAB10;ZYX;VIM;LAMTOR3,0.25316455696202533
5,966,Axon Guidance (GO:0007411),59/149,7.325953444178802e-36,cellular process,GO_Biological_Process_2023,1.198618037332919e-38,0.0,0.0,13.692220997182408,1195.5645408946032,CYFIP2;EPHB6;RET;CYFIP1;ROBO3;TRIO;PLXND1;PTPRO;ARHGAP35;RPS6KA5;DPYSL5;DAG1;RAC3;EPHB2;EPHB1;NEO1;SCN1B;EPHB3;EPHA5;EPHA4;EPHA7;UNC5A;EPHA8;UNC5B;DCC;SEMA6D;UNC5C;ENAH;GAP43;PRKCQ;EPHA3;EPHA10;ARHGEF25;SEMA3A;SEMA3E;EFNA5;EFNA4;KALRN;NTN1;EFNB2;EFNB1;EFNB3;RELN;PLXNA2;SLIT1;PLXNA1;FYN;NCAM1;PLXNA4;VASP;CNTN6;SEMA4F;L1CAM;PTK2;EFNA3;EFNA2;CNTN2;PLXNB1;CDK5R1,0.3959731543624161
5,966,Protein Serine/Threonine Kinase Activity (GO:0004674),86/342,1.1015187860859184e-35,catalytic activity,GO_Molecular_Function_2023,4.637973836151235e-38,0.0,0.0,7.1684481534090905,616.2281611902232,MYLK2;ILK;MYLK3;MYLK;RPS6KA4;RPS6KA3;STK10;RPS6KA6;RPS6KA5;RPS6KA2;RPS6KA1;PIM1;MAP3K8;MAP3K9;PRKACA;MAP3K6;PRKACB;MAP3K4;MAP3K5;MAP4K1;MAP4K2;PRKAB2;PRKCI;PRKCH;CSNK2A1;SYK;PRKCB;PRKCE;PRKCD;CASK;PRKCA;VRK3;PRKAB1;UHMK1;LATS1;MAPKAPK3;PRKD3;MAPKAPK2;ULK2;PRKCQ;SGK1;CAMK2B;CAMK2D;PRKAA1;PRKAA2;PKN3;CAMK2A;STK4;PRKCZ;CAMKK2;PAK1;GRK3;GRK2;MAPK7;GRK5;MKNK1;GRK6;MKNK2;PAK6;PTK2B;FYN;MAP4K5;PAK3;MAPK6;PAK2;MARK3;CAMK2G;MAP4K3;MAPK4;BRD4;PAK4;MARK1;MAP3K2;LIMK2;LIMK1;MAPK12;MAPK13;MOS;TAOK3;CDK5;TAOK2;PKN2;PKN1;MAP3K13;MAP3K11;MAP3K12,0.25146198830409355
5,966,Guanyl-Nucleotide Exchange Factor Activity (GO:0005085),67/203,1.1182930961928434e-35,molecular function regulator activity,GO_Molecular_Function_2023,7.062903765428484e-38,0.0,0.0,10.35600013086436,885.8872261882959,DOCK6;DOCK4;TRIO;DOCK3;DENND1A;RASGRF2;ITSN1;DOCK7;RASGRF1;PREX2;DOCK10;PREX1;RABGEF1;AKAP13;DOCK11;MCF2L;SBF2;VAV3;ARHGEF10;PLEKHG1;PLEKHG2;ARHGEF15;DENND2B;SWAP70;ARHGEF16;ARHGEF18;RHOD;VAV1;VAV2;TIAM2;TIAM1;ARHGEF9;OBSCN;ALS2;SPATA13;ARHGEF3;RAPGEF1;ELMO1;ARHGEF4;RHOU;ARHGEF2;RIN1;ARHGEF7;DOCK2;DOCK1;NGEF;ARHGEF5;ARHGEF6;RAPGEF4;ARHGEF25;ARHGEF28;RASGRP2;KALRN;RASGRP1;FGD1;RASGRP4;FGD3;CYTH3;CYTH2;FGD5;RAP1A;RALGDS;CYTH1;FARP2;HPS1;DNMBP;LAMTOR3,0.33004926108374383
5,966,Axonogenesis (GO:0007409),63/188,2.0698719123323968e-33,cellular process,GO_Biological_Process_2023,4.063884644631669e-36,0.0,0.0,10.55386046511628,860.0438413079063,CYFIP2;EPHB6;RET;CYFIP1;ROBO3;TRIO;DOCK7;PTPRO;ARHGAP35;PPP3CB;RPS6KA5;DPYSL5;DAG1;EPHB2;EPHB1;NEO1;SCN1B;EPHB3;EPHA5;EPHA4;EPHA7;HSP90AA1;EPHA8;DCC;APLP2;SEMA6D;UNC5C;ENAH;MAP1B;PARD3;ULK2;PRKCQ;EPHA3;EPHA10;ARHGEF25;SEMA3A;SEMA3E;EFNA5;EFNA4;KALRN;EFNB2;EFNB1;PARD6B;EFNB3;RELN;SLIT1;SLITRK5;FYN;CTNNA2;PAK3;VASP;CNTN6;SEMA4F;L1CAM;BAIAP2;PTK2;RAB10;EFNA3;EFNA2;CDK5;TAOK2;CNTN2;CDK5R1,0.3351063829787234
5,966,Ephrin Receptor Signaling Pathway (GO:0048013),33/43,1.1521291924263059e-32,cellular process,GO_Biological_Process_2023,2.6390393805576384e-35,0.0,0.0,67.28745980707396,5357.4318074432485,EPHB6;EPHA10;ARHGEF28;EFNA5;EFNA4;KALRN;EFNB2;EFNB1;PAK1;EFNB3;FYN;EPHB2;PAK3;EPHB1;EPHB4;EPHB3;EPHA5;LYN;EPHA4;EPHA7;YES1;EPHA8;MMP2;PTK2;TIAM1;EFNA3;EFNA2;RASA1;ARHGEF7;EPHA3;NGEF;CDK5R1;EPHA2,0.7674418604651163
5,966,Regulation Of MAPK Cascade (GO:0043408),51/204,1.577597145545661e-20,biological regulation,GO_Biological_Process_2023,7.74344148664428e-23,0.0,0.0,6.878324225865209,350.19344504882764,RET;PEBP1;PTPRJ;DUSP16;SPRED2;SPRED1;PPP2R1A;DAG1;EPHB1;MAP4K1;EPHA7;DUSP3;SYK;KSR1;EPHA8;DUSP8;DUSP9;YWHAZ;DUSP7;RNF41;DOK2;DOK4;DOK6;KIT;ARHGEF5;EPHA2;PHLPP1;LPAR1;PDGFA;IQGAP1;ADRB2;STK4;RASGRP1;PAK1;RRAS;PLCG2;PAK6;PAK3;PAK2;PAK4;LYN;NTRK2;CAV3;CAV2;MOS;TAOK3;TAOK2;PTPN6;GRAP;TEK;FGFR1,0.25
5,966,Protein Kinase Binding (GO:0019901),99/511,2.5965039048673475e-31,binding,GO_Molecular_Function_2023,2.186529604098819e-33,0.0,0.0,5.161134813719891,388.1327823652628,PEBP1;ACTB;PPP1CB;CDH5;SIRPA;PRKACA;MAP2K3;PDGFRB;EPHA4;PRKAB2;PRKCB;PRKCD;ADAM10;UNC5C;MAPK8IP2;PRKAB1;MAPK8IP3;MAPK8IP1;PRKAR1B;MAPKAPK3;PRKAR1A;MAPKAPK2;EZR;GRB7;AGAP2;IQGAP1;FOXO3;SOCS1;GRK5;PRKAR2B;PRKAR2A;PLCG2;CAV2;MSN;GP6;PTK2;IBTK;NBEA;NOX4;MAP3K13;CALM1;MAP3K11;MAP3K12;PTPRR;PDE3B;PRKAG1;PRKAG2;HSPB1;ILK;AP2A1;PTPRJ;DUSP16;AP2A2;GHR;SPRED2;SPRED1;DUSP10;RB1CC1;BLNK;PRKG2;RAC3;ITGAV;YWHAG;APPL1;DSP;MAP4K2;HSP90AA1;DUSP3;PPP1R12A;RHOG;YWHAZ;DNM1;CNKSR2;ACTA2;FGR;LATS1;LCK;PICK1;MAPT;ARHGEF7;EXOC2;WAS;CDC42;MAPK7;CSK;SH2B3;PAK2;MAPK4;MAP3K2;PTPN1;TAOK2;SPRY2;PTPN6;PKN1;PTPN5;PTPN2;CDK5R2;CDK5R1;TJP2,0.19373776908023482
5,966,Regulation Of Small GTPase Mediated Signal Transduction (GO:0051056),49/118,7.0532548242194495e-31,biological regulation,GO_Biological_Process_2023,1.865137971605678e-33,0.0,0.0,14.686912269056313,1106.834686447233,ARHGAP9;TRIO;DOCK3;RASGRF2;ITSN1;RASGRF1;ARHGAP1;ARHGAP5;ARHGAP35;ARHGAP4;PREX2;PREX1;AKAP13;MCF2L;ITGAV;VAV3;ARHGEF10;PLEKHG1;ARHGEF15;SWAP70;ARAP1;RHOD;VAV1;CD2AP;VAV2;TIAM2;TIAM1;ARHGEF9;OBSCN;SPATA13;ARHGEF3;ARHGEF4;RHOU;ARHGEF2;DOCK2;NGEF;ARHGEF5;ARHGEF25;ARHGEF28;KALRN;FGD1;FGD3;FGD5;RELN;SRGAP3;MYO9B;ARHGAP26;ARHGAP31;DNMBP,0.4152542372881356
5,966,Regulation Of Intracellular Signal Transduction (GO:1902531),75/297,7.0532548242194495e-31,biological regulation,GO_Biological_Process_2023,2.0772020097504925e-33,0.0,0.0,7.1328904662238,536.7805810655431,ARHGAP9;TRIO;DOCK3;RASGRF2;ITSN1;ARHGAP1;HSPB1;ARHGAP5;ARHGAP35;ARHGAP4;PREX2;PREX1;AKAP13;SPRED1;MCF2L;ITGAV;VAV3;ARHGEF10;PLEKHG1;ARHGEF15;SWAP70;ARAP1;RHOD;VAV1;VAV2;RNF41;TIAM2;TIAM1;ARHGEF9;OBSCN;SPATA13;ARHGEF3;ARHGEF4;RHOU;ARHGEF2;MAPT;EZR;SGK1;DOCK2;NGEF;ARHGEF5;PHLPP1;ARHGEF25;ARHGEF28;AKAP6;AKAP5;STK4;KALRN;FGD1;GNAI1;FGD3;FGD5;PAK1;RRAS;GNA12;PLCG2;PIP5K1A;PAK6;PIP5K1B;PIP5K1C;SRGAP3;PAK3;PAK2;PAK4;LYN;NTRK2;MYO9B;ARHGAP26;PTPN13;ARHGAP31;DNMBP;TAOK3;GRAP;NF2;TEK,0.25252525252525254
5,966,Actin Cytoskeleton (GO:0015629),77/327,3.152011962544808e-30,cellular anatomical structure,GO_Cellular_Component_2023,4.849249173145859e-32,0.0,0.0,6.507842519685039,469.24082034928335,WIPF1;ARPC1B;ARPC1A;WASL;ACTB;MYLK3;MYLK;RND1;AKAP13;CDH1;CFL2;CFL1;CAPN2;FLOT1;FLOT2;SPTAN1;APC2;ACTR3;ACTR2;DBNL;PPP1R12A;ACTN3;ACTN2;ACTN1;SWAP70;CASK;ACTN4;CD2AP;FGR;HCK;ACTA1;CTTN;BIN1;CDC42EP4;MYH9;AMPH;TLN2;EZR;EPHA3;RHOQ;WAS;ASAP1;IQGAP1;IQGAP2;KALRN;NTN1;PAK1;SCIN;ABLIM2;ABLIM3;CNR1;MYO6;FLNA;ABL2;FLNB;WASF1;WASF2;SPTBN1;VASP;GSN;RDX;MYO5A;DSTN;MYO9B;ARPC5;BAIAP2;DIAPH1;DIAPH2;FER;MYO1C;PARVG;ARPC2;ARPC3;TAOK2;ZYX;SPRY2;TEK,0.23547400611620795
5,966,Ras Protein Signal Transduction (GO:0007265),52/144,2.3634052729019287e-29,cellular process,GO_Biological_Process_2023,7.733655997715736e-32,0.0,0.0,11.713728474931024,839.1380214731051,CYFIP1;NCKAP1;GDI1;RASGRF2;RASGRF1;ARHGAP1;ARHGAP5;ARHGAP35;ARHGAP4;EPS8;ARHGDIA;CFL1;RAC3;USP8;DBNL;KSR1;RHOG;RHOD;RHOB;CNKSR2;TIAM1;DOK2;MRAS;DOK4;DOK6;ELMO1;ARHGEF3;RAPGEF1;RAPGEF4;RALA;RALB;GARRE1;WAS;RASGRP2;RASGRP1;NTN1;RASGRP4;RAP1B;RAP1A;RRAS;GNA12;SHOC2;WASF1;RALGDS;BRAP;FARP2;NGFR;LIMK1;MYO9B;RIT1;GNB1;GRAP,0.3611111111111111
5,966,Neuron Projection Guidance (GO:0097485),48/124,1.1633830015762755e-28,cellular process,GO_Biological_Process_2023,4.187569704626647e-31,0.0,0.0,13.042999656002753,912.3319661026744,CYFIP2;EPHB6;RET;CYFIP1;ROBO3;TRIO;EPHA10;ARHGEF25;SEMA3A;PTPRO;SEMA3E;EFNA5;EFNA4;KALRN;ARHGAP35;EFNB2;EFNB1;RPS6KA5;EFNB3;RELN;DPYSL5;DAG1;SLIT1;FYN;EPHB2;EPHB1;NEO1;SCN1B;EPHB3;EPHA5;VASP;EPHA4;EPHA7;EPHA8;CNTN6;DCC;SEMA6D;UNC5C;SEMA4F;L1CAM;PTK2;ENAH;EFNA3;EFNA2;CNTN2;PRKCQ;EPHA3;CDK5R1,0.3870967741935484
5,966,Protein Autophosphorylation (GO:0046777),52/162,1.4899252903007072e-26,cellular process,GO_Biological_Process_2023,5.850491977620579e-29,0.0,0.0,9.787626815197932,636.278369549912,MYLK2;STK10;EEF2K;RB1CC1;PIM1;MAP3K9;EPHB1;EPHB4;EPHB3;PDGFRB;MAP4K1;EPHA4;PDGFRA;EPHA8;UHMK1;FGR;HCK;MAPKAPK3;LCK;MAPKAPK2;KIT;ULK2;CAMK2B;CAMK2D;CAMK2A;PRKX;STK4;CAMKK2;PAK1;GRK5;MKNK1;MKNK2;PTK2B;FYN;MARK3;PAK2;LYN;NTRK2;SRMS;PTK6;BMX;PTK2;MOS;FER;TAOK3;FES;TAOK2;TEK;MAP3K13;MAP3K11;FGFR1;MAP3K12,0.32098765432098764
5,966,Protein Tyrosine Kinase Activity (GO:0004713),40/99,5.3098587328078e-25,catalytic activity,GO_Molecular_Function_2023,5.589324981902948e-27,0.0,0.0,13.892447926199802,839.7837370506813,BLK;RET;ITK;CAMKK2;RPS6KA5;ERBB3;ABL2;PTK2B;CSK;FYN;EPHB2;JAK3;EPHB4;PDGFRB;LYN;EPHA4;PDGFRA;EPHA7;SRMS;YES1;SYK;TNK2;MATK;PTK6;BMX;PTK2;FGR;HCK;ZAP70;FER;TEC;FES;LCK;KIT;BTK;TEK;MET;FRK;EPHA2;FGFR1,0.40404040404040403
5,966,Regulation Of Cell Migration (GO:0030334),81/434,6.5937656518117775e-24,biological regulation,GO_Biological_Process_2023,2.804939577014172e-26,0.0,0.0,4.843587650645796,284.9765016391292,RET;PTPRU;PLXND1;PTPRJ;CLDN1;MYLK;ARHGAP4;DOCK10;CDH5;PPP3CA;DUSP10;CDH1;PIP5KL1;DAG1;EPHB2;APPL1;PDGFRB;EPHA4;PDGFRA;DUSP3;SEMA6D;APLP2;MAGI2;ADAM10;PRKCA;MITF;ACTN4;RHOC;RHOD;RNF41;RHOB;FGR;TIAM1;SPATA13;KIT;NUMB;ITGA6;SGK1;CBLL1;VCL;HBEGF;EPHA2;CAMK2B;GRB7;CAMK2A;PDGFA;PIK3R3;TWIST1;CXCR4;SEMA3E;PRKX;FOXO3;CDC42;SDCBP;PARD6B;PAK1;RELN;PDGFD;PDGFC;GNA12;PLXNA2;FLNA;PLXNA1;PTK2B;STX4;FYN;SRGAP3;CTNNA2;SRGAP1;PLXNA4;NGFR;RDX;SEMA4F;PTK2;TJP1;FER;MYO1C;SNAI1;SPRY2;PLXNB1;NF2,0.18663594470046083
5,966,Enzyme-Linked Receptor Protein Signaling Pathway (GO:0007167),42/124,2.476581323594473e-22,cellular process,GO_Biological_Process_2023,1.1345595068822846e-24,0.0,0.0,10.505543237250556,579.231507245089,BLK;SHC4;RET;PTPRU;TRIO;SHC3;RASGRP4;PTPRF;ERBB3;NPPA;BLNK;ALKAL2;FYN;ALKAL1;JAK3;PDGFRB;LYN;PDGFRA;NTRK2;SRMS;YES1;SYK;PTK6;GP6;NGF;GFRA2;PTPRD;FGR;CNKSR1;HCK;ZAP70;DOK2;DOK4;LCK;DOK6;RAPGEF1;LCP2;TEK;MET;FRK;EPHA2;FGFR1,0.3387096774193548
5,966,Cytoskeleton (GO:0005856),93/599,3.402055055574649e-22,cellular anatomical structure,GO_Cellular_Component_2023,6.5424135684127875e-24,0.0,0.0,3.900737541257488,208.23594344835695,WIPF1;ARPC1B;ARPC1A;HSPB1;WASL;MYLK3;ACTB;MYLK;RND1;AKAP13;CDH1;PPP2R1A;RUSC1;CFL2;ARHGDIA;CFL1;CHP1;RAC3;LRRFIP1;SPTAN1;APC2;ACTR3;ACTR2;PRKCI;PPP1R12A;ACTN2;PRKCE;SWAP70;RHOG;CASK;ACTN4;GABRG3;CD2AP;ITPKB;FGR;ACTA1;CTTN;BIN1;CDC42EP4;ITPKA;MYH9;AMPH;TLN2;ARHGEF2;MAPT;EZR;EPHA3;VCL;EPB41;WAS;IQGAP1;IQGAP2;NTN1;KALRN;PPP2CA;SDCBP;ABLIM2;SCIN;ABLIM3;EPB41L1;CNR1;MYO6;FLNA;ABL2;FLNB;WASF1;WASF2;SPTBN1;MARK1;VASP;GSN;MYO5A;DSTN;MSN;MYO9B;ARPC5;BAIAP2;PTK2;EHD2;FER;MYO1C;TEC;ARPC2;PARVG;ARPC3;FES;TAOK2;ZYX;SPRY2;PKN2;NF2;PTPN7;VIM,0.15525876460767946
5,966,Non-Membrane Spanning Protein Tyrosine Kinase Activity (GO:0004715),24/36,1.1212111026548608e-21,catalytic activity,GO_Molecular_Function_2023,1.416266655985087e-23,0.0,0.0,40.3864118895966,2124.786996977888,BLK;LYN;ITK;SRMS;YES1;SYK;MATK;PTK6;BMX;PTK2;FGR;HCK;ZAP70;FER;TEC;FES;LCK;BTK;ABL2;PTK2B;CSK;FYN;JAK3;FRK,0.6666666666666666
5,966,GTPase Binding (GO:0051020),54/225,2.302601449221987e-21,binding,GO_Molecular_Function_2023,3.393307398853454e-23,0.0,0.0,6.5315096952908585,337.9249760363284,USP6NL;CYFIP1;NCKAP1;DOCK4;DOCK3;DOCK7;ARHGAP1;EPS8;RABGEF1;AKAP13;ARFIP2;GIT1;HSP90AA1;PLEKHG1;PLEKHG2;ARHGEF16;RNF41;ALS2;CDC42EP5;CDC42EP4;RASA1;RRAGD;ARHGEF2;RIN1;DOCK2;DOCK1;EXOC2;RAPGEF4;GARRE1;WAS;IQGAP1;IQGAP2;FGD1;RAP1GAP;FGD3;FGD5;PAK1;PARD6A;FLNA;SRGAP3;WASF1;PAK2;SPTBN1;NGFR;GIT2;MYO5A;RANBP9;MYO9B;FMNL1;MYO1C;ABI2;GNB1;NOXA1;PKN1,0.24
5,966,Neuron Projection (GO:0043005),103/557,5.6706506716734565e-31,cellular anatomical structure,GO_Cellular_Component_2023,6.543058467315525e-33,0.0,0.0,4.884456945089611,361.97197878166367,CYFIP2;EPHB6;CYFIP1;SCN11A;PPP2R1A;CAPN2;EPHB2;EPHB1;EPHB3;EPHA5;EPHA4;EPHA7;EPHA8;MAGI2;GABRG3;MAPK8IP3;GABRG2;CD2AP;GABRG1;UHMK1;SCN10A;BIN1;MAP1B;SCN8A;EPHA3;GRIA1;RTN4R;GRIA2;EPHA10;IQGAP1;MARK3;MARK1;SYT2;HOMER1;CNTN6;MYO5A;RAB27A;L1CAM;GRIN2B;CDK5;CNTN2;STRN;SCN2A;FGF13;RAB5A;GABRB3;RET;GABRB2;ROBO3;GABRB1;PTPRS;RASGRF1;PTPRO;DOCK7;GABRR2;TMEM222;GABRR1;NEFL;RAC3;GIT1;ARHGEF15;HTR3B;RHOC;ALS2;PICK1;MAPT;ARHGEF7;SHANK3;SHANK1;CAMK2B;PRKAA1;CAMK2D;PRKAA2;SEMA3A;KCNA2;CAMK2A;KCNA3;CDC42;PAK1;RELN;GNA12;PTK2B;FYN;CTNNA2;GABRE;GABRD;CAMK2G;GABRA2;GABRQ;GABRA1;NTRK2;SLC12A5;GABRA6;GABRA5;GABRA4;GABRA3;LIMK1;SYT11;TAOK2;RGS11;VIM;CDK5R2;CDK5R1,0.18491921005385997
5,966,Regulation Of Axonogenesis (GO:0050770),16/42,1.8024565484296534e-09,biological regulation,GO_Biological_Process_2023,3.951720835889621e-11,0.0,0.0,12.312874493927126,294.9461033713712,EPHA4;NTRK2;GDI1;PLXND1;ARHGAP35;TIAM2;TIAM1;PAK1;EFNB3;PLXNA2;PLXNA1;PLXNB1;PAK3;PAK2;PLXNA4;EPHB3,0.38095238095238093
5,966,Fc Receptor Mediated Stimulatory Signaling Pathway (GO:0002431),16/22,4.496059156686052e-15,cellular process,GO_Biological_Process_2023,4.413670638108036e-17,0.0,0.0,53.411929824561405,2011.452678432829,LYN;VAV3;FCER1G;YES1;SYK;PRKCE;LIMK1;PRKCD;PTK2;VAV1;VAV2;FGR;HCK;PAK1;PLPP4;FYN,0.7272727272727273
5,966,Endocytic Vesicle (GO:0030139),42/196,5.431341303515548e-15,cellular anatomical structure,GO_Cellular_Component_2023,2.0889774244290571e-16,0.0,0.0,5.572609208972845,201.19731021712528,GRIA1;CAMK2B;GRIA2;RAB5B;CAMK2D;RALA;SH3KBP1;CAMK2A;LPAR1;CLTB;LPAR2;AP2A1;WASL;ARRB2;AP2A2;RABGEF1;MYO6;CLTCL1;AP2S1;FLOT2;ITGAV;SRGAP3;CACNG3;CAMK2G;AP2M1;GRIA3;LYN;HSP90AA1;AP2B1;DNM2;GNAO1;EHD2;FMNL1;EHD4;CTTN;SYT11;PICK1;RIN1;STAM2;RAB5A;ARF6;HBEGF,0.21428571428571427
5,966,Negative Regulation Of Cellular Response To Insulin Stimulus (GO:1900077),15/27,9.861378428281612e-12,biological regulation,GO_Biological_Process_2023,1.6457143319449025e-13,0.0,0.0,25.002628811777075,735.9631720749155,GRB7;PTPN1;PRKCB;APLP2;PRKCD;PRKCZ;SOCS1;GRB14;GRB10;PIP4K2A;PIP4K2B;PRKCQ;PIP4K2C;PTPN2;NCK1,0.5555555555555556
5,966,Purine Ribonucleoside Triphosphate Binding (GO:0035639),62/476,1.8355636849322903e-11,binding,GO_Molecular_Function_2023,1.0433730419615125e-12,0.0,0.0,3.0846265657731604,85.10041230971221,ARF1;PRKAG1;PRKAG2;RND1;RPS6KA4;RPS6KA5;PIM1;ARFIP2;RAC3;PIP4K2B;MAP3K6;PRKACB;PDK2;MAP3K5;MAP4K1;MAP4K2;PRKCI;HSP90AA1;KSR1;RHOG;RHOC;RHOD;UHMK1;RHOB;DNM2;LATS1;ACTA1;ZAP70;MRAS;RRAGD;RHOJ;BTK;MYH9;RHOU;ARHGEF5;RHOQ;ARF6;RALA;RALB;AGAP2;STK4;GNAI1;RAP1B;CDC42;GNA14;GNA15;RAP1A;RRAS;GNA11;MKNK1;MKNK2;MAP4K5;MYH10;MAP4K3;MARK1;RAB4A;RAB4B;RAB27A;MYO9B;RAB10;RIT1;RAB5A,0.13025210084033614
5,966,Benzodiazepine Receptor Activity (GO:0008503),9/9,2.3412866503186503e-11,molecular transducer activity,GO_Molecular_Function_2023,1.380126867556257e-12,0.0,0.0,171306.0,4678169.119423943,GABRA2;GABRA6;GABRA5;GABRA4;GABRA3;GABRE;GABRG3;GABRG2;GABRG1,1.0
5,966,Regulation Of Stress Fiber Assembly (GO:0051492),23/75,2.6408089772732726e-11,biological regulation,GO_Biological_Process_2023,4.493523128868135e-13,0.0,0.0,8.903377110694183,253.1316399973374,ARHGEF10;ARHGEF15;PXN;LIMK1;ASAP3;LPAR1;WAS;ARHGEF18;ARAP1;RHOC;SLC9A1;CDC42;TJP1;PAK1;EVL;CD47;RHPN2;NF2;PFN1;MET;PAK2;WASF2;ARHGEF5,0.30666666666666664
5,966,SH3 Domain Binding (GO:0017124),20/59,2.999192070653329e-11,binding,GO_Molecular_Function_2023,1.83108568524098e-12,0.0,0.0,10.29706727381146,278.2896939733856,VASP;NCF1;WIPF1;WAS;CBLC;CBLB;AKAP5;PTPN12;CD2AP;DNM2;ENAH;ABI2;NOXA1;ELMO1;EVL;MAPT;SHANK3;SOCS7;WASF2;SHANK1,0.3389830508474576
5,966,Regulation Of ERK1 And ERK2 Cascade (GO:0070372),42/244,3.467899887987034e-11,biological regulation,GO_Biological_Process_2023,6.014355172228823e-13,0.0,0.0,4.237623762376238,119.24443193396708,PTPRR;PDGFA;ARRB1;ARRB2;PRKCZ;RASGRP1;SPRED2;RPS6KA6;SPRED1;RAP1A;DUSP10;RRAS;PDGFD;PDGFC;SIRPA;PTK2B;ALKAL2;ALKAL1;EPHB2;EPHB1;LYN;PDGFRB;EPHA4;PDGFRA;NTRK2;PTPN1;EPHA7;DUSP3;SYK;DENND2B;RANBP9;PRKCA;YWHAZ;SPRY2;PTPN6;SPRY1;TEK;EZR;ARHGEF5;PTPN2;EPHA2;MAP3K12,0.1721311475409836
5,966,Regulation Of Actin Filament-Based Process (GO:0032970),22/70,4.682689150852537e-11,biological regulation,GO_Biological_Process_2023,8.274385279647807e-13,0.0,0.0,9.218132062146893,256.4525044827951,EPHA5;PDGFRB;RALA;SIGLEC15;PRKCD;RHOG;PDGFA;EFNA5;IQGAP2;BAIAP2;ARHGAP35;CDC42;HCK;PAK1;CAPN10;TAOK2;RAC3;EZR;PAK3;ARHGEF5;EPHA3;RHOQ,0.3142857142857143
5,966,Lamellipodium Assembly (GO:0030032),14/25,5.161491452938277e-11,cellular process,GO_Biological_Process_2023,9.289333439515878e-13,0.0,0.0,25.431818181818183,704.5818954241437,CYFIP1;PTPRO;RHOD;ABLIM2;ABLIM3;KIT;SPATA13;S1PR1;ARFIP2;ARHGEF4;SRGAP3;ARHGEF7;VCL;ARHGEF6,0.56
5,966,Endocytosis (GO:0006897),36/189,6.851582263150467e-11,localization,GO_Biological_Process_2023,1.2555255456034889e-12,0.0,0.0,4.776976597090449,130.90571991505,RAB5B;DENND1A;INPPL1;AP2A1;ADRB2;PIK3C2A;NCKIPSD;EEA1;CDC42;CYTH2;DPYSL2;CLTCL1;MYO6;REPS2;PIP5K1A;PIP5K1C;WASF1;EPS15;CAV3;SORT1;EPS15L1;DNM1;EPN1;DNM2;DNM3;EHD2;EHD4;CTTN;BIN1;MYL1;RHOJ;AMPH;RHOU;RAB5A;MET;RHOQ,0.19047619047619047
5,966,Endocytic Vesicle Membrane (GO:0030666),32/159,8.327578410310507e-11,cellular anatomical structure,GO_Cellular_Component_2023,4.804372159794524e-12,0.0,0.0,5.100608676592086,132.929486226295,GRIA1;CAMK2B;GRIA2;CAMK2D;SNAP23;CAMK2A;TGFA;AP2A1;ADRB2;WASL;AP2A2;AREG;AP2S1;STX4;CACNG3;CAMK2G;AP2M1;SH3GL2;GRIA3;ATP6V0A1;LYN;ATP6V0B;SYT2;AP2B1;SYT9;DNM2;GNAO1;PICK1;ATP6V0D1;RAB5A;ATP6V0C;HBEGF,0.20125786163522014
5,966,Positive Regulation Of Actin Filament Polymerization (GO:0030838),17/41,1.0014224395364815e-10,cellular process,GO_Biological_Process_2023,1.867836356465296e-12,0.0,0.0,14.18905865823674,383.19312894084027,VASP;NCKAP1;PRKCE;BAIAP2;HCK;FER;CTTN;BIN1;CDC42EP5;CDC42EP4;NCK2;PTK2B;NCKAP1L;EVL;PFN1;NCK1;ARF6,0.4146341463414634
5,966,Negative Regulation Of Insulin Receptor Signaling Pathway (GO:0046627),14/26,1.0134377301131051e-10,biological regulation,GO_Biological_Process_2023,1.923409304534035e-12,0.0,0.0,23.311274509803923,628.8664300944038,GRB7;PTPN1;PRKCB;PRKCD;PRKCZ;SOCS1;GRB14;GRB10;PIP4K2A;PIP4K2B;PRKCQ;PIP4K2C;PTPN2;NCK1,0.5384615384615384
5,966,Actin Binding (GO:0003779),36/183,8.367594522318354e-12,binding,GO_Molecular_Function_2023,4.580157001690046e-13,0.0,0.0,4.973535220539829,141.30745070651167,ARPC1A;CACNA1A;CXCR4;IQGAP2;EPS8;SCIN;RUSC1;MYO6;DAG1;ABL2;FLNB;MYH10;SPTAN1;SPTBN1;DBNL;GSN;PRKCE;RDX;MSN;MYO9B;ACTN4;SORBS1;PTK2;SSH1;PARVG;MAP1B;PFN4;MYH9;TLN2;NF2;MAPT;EZR;PFN1;PFN3;VCL;CDK5R2,0.19672131147540983
5,966,Heterotrimeric G-protein Complex (GO:0005834),13/24,1.7768621064965186e-10,protein-containing complex,GO_Cellular_Component_2023,1.0934536039978575e-11,0.0,0.0,23.590479824477725,595.4023588283673,GNAZ;GNAI3;GNAI1;GNAI2;GNAO1;GNA14;GNA15;GNG2;GNA12;GNB1;GNAS;GNB4;GNB5,0.5416666666666666
5,966,Cellular Response To Oxygen-Containing Compound (GO:1901701),55/406,2.231692308275895e-10,cellular process,GO_Biological_Process_2023,4.308568265323228e-12,0.0,0.0,3.2135407382388723,84.09969620455657,RET;GUCY1B1;NCF1;ACTB;CDH1;CHP2;CAPN2;SIRPA;PDK2;GIT1;MEF2A;PDGFRA;MEF2C;PRKCD;FOS;ITPKB;CREB1;RASA4;ITPKA;RRAGD;RAPGEF1;MAPT;EZR;EPHA3;PRKAA1;CAMK2D;PRKAA2;PXN;CACNA1A;AKAP6;IQGAP1;RASGRP2;CACNA1H;CAMKK2;RAP1B;RAP1A;GNG2;PLCG2;ABL2;PTK2B;LYN;JUN;SYT2;PTK6;SYT9;TSHR;SSH1;FER;SYT11;FES;GNB1;PDCD4;PDE3A;VIM;LAMTOR3,0.1354679802955665
5,966,Guanyl Ribonucleotide Binding (GO:0032561),38/226,2.4335378124039163e-10,binding,GO_Molecular_Function_2023,1.5882036249372928e-11,0.0,0.0,4.104846845194424,102.0704338487341,ARF1;RAB5B;RALA;RAB5C;RALB;AGAP2;GNAI3;GNAI1;RND1;RAP1B;CDC42;GNA14;GNA15;RAP1A;RRAS;GNA11;ARFIP2;RAC3;PIP4K2B;RAB4A;RAB4B;RHOG;RAB27A;RHOC;RHOD;RHOB;DNM2;RAB10;RIT1;MRAS;RRAGD;RHOJ;RHOU;PDE5A;RAB5A;ARHGEF5;RHOQ;ARF6,0.168141592920354
5,966,Regulation Of Ras Protein Signal Transduction (GO:0046578),22/76,2.7050097353316175e-10,biological regulation,GO_Biological_Process_2023,5.310882988216528e-12,0.0,0.0,8.191305712492154,212.6566419702869,GIT2;DENND1A;STARD8;ARHGEF28;RASGRF1;RDX;ARHGEF18;MYO9B;NGF;RASAL3;RASGRP1;RASGRP4;EPS8;SYNGAP1;ARHGDIA;SPRY2;SHOC2;SPRY1;ARHGEF2;EPHB2;GIT1;ARF6,0.2894736842105263
5,966,Antigen Receptor-Mediated Signaling Pathway (GO:0050851),29/134,3.649524017336402e-10,cellular process,GO_Biological_Process_2023,7.284717442981691e-12,0.0,0.0,5.579519235655842,143.0881236263261,BLK;ITK;PTPRJ;SLA2;MALT1;CD79B;CD79A;CD19;INPP5D;PLCG2;BLNK;NCKAP1L;CSK;FYN;SH2B2;VAV3;MEF2C;SYK;PRKCB;PDE4D;BMX;GNAO1;LAT2;ZAP70;TEC;LCK;BTK;IGHE;LCP2,0.21641791044776118
5,966,Postsynaptic Density (GO:0014069),30/151,4.792304449186655e-10,cellular anatomical structure,GO_Cellular_Component_2023,3.133429832160506e-11,0.0,0.0,5.009800805255351,121.16858441935604,GRIA1;GRIA2;DAGLA;PTPRS;GRIK1;CACNA1C;GRIK2;AKAP5;KALRN;PTK2B;FYN;SRGAP3;CACNG3;GRIA3;USP8;NTRK2;HOMER1;MAGI2;MAPK8IP2;GRIN2B;DNM3;ARHGEF9;GAP43;CDK5;SYT11;PICK1;STRN;SHANK3;SHANK1;CDK5R1,0.1986754966887417
5,966,Regulation Of Protein Localization To Plasma Membrane (GO:1903076),22/80,7.986051853234751e-10,biological regulation,GO_Biological_Process_2023,1.646339223670777e-11,0.0,0.0,7.624780829924021,189.32240715591968,LRPAP1;PRKCI;PRKCH;PRKCE;ARHGEF16;RHOG;ZDHHC7;AKAP5;SORBS1;ACTB;TMEM59;CDK5;NUMB;STX4;EPHB2;AP2M1;EPHA3;RHOQ;SPTBN1;APPL1;ARF6;EPHA2,0.275
5,966,Synaptic Vesicle Endocytosis (GO:0048488),16/40,7.986051853234751e-10,localization,GO_Biological_Process_2023,1.634147077259921e-11,0.0,0.0,13.340350877192982,331.3384972139675,ITSN2;SH3GL3;SYT2;ITSN1;AP2B1;SYNJ2;DNM1;DNM2;DNM3;CDK5;SYNJ1;AP2S1;PIP5K1C;AP2M1;SH3GL2;SH3GL1,0.4
5,966,Protein Kinase C Activity (GO:0004697),10/14,8.219298022564404e-10,catalytic activity,GO_Molecular_Function_2023,5.537211299411809e-11,0.0,0.0,49.76464435146443,1175.288869810775,PRKCI;PRKCH;PRKCB;PRKD3;PRKCE;PRKCD;PRKCA;PRKCQ;PKN1;PRKCZ,0.7142857142857143
5,966,Rac Protein Signal Transduction (GO:0016601),11/17,1.4056664688626103e-09,cellular process,GO_Biological_Process_2023,2.9898010626986144e-11,0.0,0.0,36.52844677137871,885.2022219065595,FARP2;EPS8;CYFIP1;NCKAP1;TIAM1;DBNL;GARRE1;RHOG;ELMO1;RAC3;WASF1,0.6470588235294118
5,966,Regulation Of Phosphatidylinositol 3-Kinase Signaling (GO:0014066),23/90,1.4056664688626103e-09,None,GO_Biological_Process_2023,2.9777837479219286e-11,0.0,0.0,6.904623225336731,167.3491255835163,PDGFRB;PDGFRA;NTRK2;NCF1;UNC5B;PDGFA;TWIST1;SEMA3E;PTPN13;PTK2;FGR;ERBB3;PDGFD;KIT;PDGFC;PIP5K1A;PIP5K1B;PLXNB1;PTPN6;PIP5K1C;TEK;PIK3AP1;FGFR1,0.25555555555555554
5,966,Cellular Response To Insulin Stimulus (GO:0032869),24/99,1.7251969276143304e-09,cellular process,GO_Biological_Process_2023,3.725883416968122e-11,0.0,0.0,6.440424628450106,154.6547669985924,GRB7;PRKCI;STXBP4;CAV2;PDE3B;PIK3R3;MYO5A;IRS2;ZDHHC7;SLC2A4;SORBS1;PIK3C2A;BAIAP2;RAB10;FER;GRB14;TBC1D4;CAPN10;GRB10;PDK2;RHOQ;SH2B2;PTPN2;APPL1,0.24242424242424243
5,966,Calmodulin-Dependent Protein Kinase Activity (GO:0004683),12/23,1.7382913014617779e-09,catalytic activity,GO_Molecular_Function_2023,1.2442506157831672e-10,0.0,0.0,21.753001715265867,496.12761661721305,CAMK2B;MYLK2;CAMK2D;EEF2K;MAPKAPK3;MKNK1;CAMK2A;MAPKAPK2;MKNK2;PTK2B;CAMK2G;MYLK3,0.5217391304347826
5,966,Extracellular Ligand-Gated Monoatomic Ion Channel Activity (GO:0005230),9/10,2.0911690339738527e-10,transporter activity,GO_Molecular_Function_2023,1.320738337246644e-11,0.0,0.0,178.99373040752351,4483.836817411861,GABRA2;GABRA6;GABRA5;GABRA4;GABRA3;GABRE;GABRG3;GABRG2;GABRG1,0.9
5,966,Transmitter-Gated Monoatomic Ion Channel Activity (GO:0022824),20/40,5.1442618983936025e-15,transporter activity,GO_Molecular_Function_2023,2.1660050098499376e-16,0.0,0.0,20.09936575052854,724.9535118177174,GABRB3;GRIA1;GABRA2;GABRB2;GRIA2;GABRA1;GABRB1;GABRA6;GABRA5;GABRA4;GABRA3;GRIK1;GRIK2;HTR3B;GABRG3;GRIN2B;GABRG2;GABRG1;GABRE;GRIA3,0.5
5,966,Rho Protein Signal Transduction (GO:0007266),20/52,6.9635237159291175e-12,cellular process,GO_Biological_Process_2023,1.139319979700445e-13,0.0,0.0,12.554175475687105,374.1542840819223,NGFR;LIMK1;ARHGAP1;RHOG;WAS;MYO9B;ARHGAP5;RHOD;NTN1;ARHGAP35;ARHGAP4;RHOB;EPS8;CDC42;ARHGDIA;CFL1;RHOJ;GNA12;ARHGEF3;RHOU,0.38461538461538464
5,966,Negative Regulation Of MAPK Cascade (GO:0043409),28/105,4.24346914795419e-12,biological regulation,GO_Biological_Process_2023,6.665134787362603e-14,0.0,0.0,7.349098662531499,222.9665173223051,PTPRR;CBLC;PEBP1;PTPRJ;DUSP16;SPRED2;RPS6KA6;SPRED1;DUSP10;PPP2R1A;DAG1;SIRPA;EPHB2;SH2B3;LYN;EPHA4;PTPN1;DUSP3;CAV3;PRKCD;RANBP9;DUSP8;DUSP9;DUSP7;SPRY2;SPRY1;EZR;PTPN2,0.26666666666666666
5,966,Positive Regulation Of Protein Polymerization (GO:0032273),26/70,6.282465657919294e-15,biological regulation,GO_Biological_Process_2023,6.37292000639719e-17,0.0,0.0,11.93762088974855,445.1764309552172,NCKAP1;PAK1;NCK2;PTK2B;NCKAP1L;TPPP;NCK1;VASP;HSP90AA1;CAV3;PRKCE;BAIAP2;HCK;FER;OCLN;CTTN;BIN1;CDC42EP5;FES;CDC42EP4;EVL;MAPT;PFN1;MET;ARF6;CDK5R1,0.37142857142857144
5,966,Cytoplasmic Vesicle Membrane (GO:0030659),61/389,7.431804787862961e-15,cellular anatomical structure,GO_Cellular_Component_2023,3.144225102557406e-16,0.0,0.0,3.8440439293895694,137.21620030115264,RET;ARHGAP1;WDR83;ARRB1;AP2A1;WASL;SLC2A4;SLA2;AP2A2;GJA1;AP2M1;APPL1;ATP6V0B;APLP2;RHOG;RHOD;RHOB;DNM2;BACE1;PICK1;RHOU;ATP6V0D1;ATP6V0C;RHOQ;HBEGF;GRIA1;CAMK2B;GRIA2;RAB5B;CAMK2D;RALA;CAMK2A;ITPR1;ITPR2;ITPR3;IQGAP1;ADRB2;IQGAP2;SNX1;RAP1A;AP2S1;NCKAP1L;PIP5K1C;CACNG3;CAMK2G;GRIA3;ATP6V0A1;LYN;RAB4A;RAB4B;TOR1A;SORT1;AP2B1;RAB10;GNAO1;EHD2;DIAPH1;CLCN6;ABHD17A;LAMTOR3;RAB5A,0.15681233933161953
5,966,Cytoplasmic Side Of Plasma Membrane (GO:0009898),33/124,8.927979356584646e-15,cellular anatomical structure,GO_Cellular_Component_2023,4.120605856885221e-16,0.0,0.0,7.3627433659588,260.82784377098466,BLK;AP2A1;IQGAP1;AKAP5;AP2A2;PPP3CA;CDH1;AP2S1;FYN;JAK3;AP2M1;CYTH1;LYN;SRMS;YES1;SYK;EXOC7;PTK6;AP2B1;FGR;TIAM1;HCK;ZAP70;FER;RASA3;FES;LCK;NPHS2;MYH9;PTPN7;EZR;FRK;PTPN3,0.2661290322580645
5,966,Regulation Of Hydrolase Activity (GO:0051336),26/71,9.1679573868497e-15,biological regulation,GO_Biological_Process_2023,9.59995537890021e-17,0.0,0.0,11.671725768321512,430.4787855944537,ARHGAP9;PLXND1;CAMK2A;EFNA5;FGD1;RAP1GAP;FGD3;FGD5;PLXNA2;PLXNA1;PRKG1;PLXNA4;EPHB3;EPHA5;VAV3;EPHA4;NTRK2;RDX;VAV1;PTK2;VAV2;ALS2;PLXNB1;ARHGEF5;EPHA3;NGEF,0.36619718309859156
5,966,Positive Regulation Of Cell Motility (GO:2000147),45/221,1.2684725928046268e-14,biological regulation,GO_Biological_Process_2023,1.3697511636960956e-16,0.0,0.0,5.2352309742374885,191.22588083193725,RET;GRB7;PDGFA;PIK3R3;TWIST1;CXCR4;SEMA3E;CLDN1;NTN1;MYLK;CDC42;PPP3CA;CDH5;SDCBP;PAK1;PDGFD;PDGFC;PTK2B;STX4;EPHB2;PDGFRB;EPHA4;PDGFRA;SEMA6D;RDX;ADAM10;PRKCA;SEMA4F;ACTN4;RHOC;RHOD;PTK2;TJP1;FGR;TIAM1;FER;MYO1C;KIT;SNAI1;NUMB;SPRY2;ITGA6;CBLL1;EPHA2;HBEGF,0.20361990950226244
5,966,Protein Tyrosine Phosphatase Activity (GO:0004725),26/76,1.4916401777158806e-14,catalytic activity,GO_Molecular_Function_2023,6.64046800431332e-16,0.0,0.0,10.501787234042553,367.0183405407033,PTPRU;PTPRR;PTPRS;PTPRO;PTPRJ;DUSP16;PTPRF;PPP2CA;DUSP10;PTPN1;PTPN18;DUSP3;PTPN12;DUSP8;PTPN13;DUSP9;PTK2;DUSP7;PTPRD;PTPRB;PTPRA;PTPN6;PTPN7;PTPN5;PTPN2;PTPN3,0.34210526315789475
5,966,Ephrin Receptor Activity (GO:0005003),13/15,1.4916401777158806e-14,catalytic activity,GO_Molecular_Function_2023,6.908649244157765e-16,0.0,0.0,129.8090241343127,4531.449657505572,EPHA5;EPHB6;EPHA4;EPHA7;EPHA10;EPHA8;EFNA4;EFNB3;EPHB2;EPHB1;EPHA3;EPHB4;EPHB3,0.8666666666666667
5,966,Fc-gamma Receptor Signaling Pathway Involved In Phagocytosis (GO:0038096),15/20,1.7629039580294064e-14,cellular process,GO_Biological_Process_2023,2.0190326744446731e-16,0.0,0.0,60.02839116719243,2169.350599007192,LYN;VAV3;YES1;SYK;PRKCE;LIMK1;PRKCD;PTK2;VAV1;VAV2;FGR;HCK;PAK1;PLPP4;FYN,0.75
5,966,Gamma-Aminobutyric Acid Signaling Pathway (GO:0007214),15/20,1.7629039580294064e-14,cellular process,GO_Biological_Process_2023,2.0190326744446731e-16,0.0,0.0,60.02839116719243,2169.350599007192,GABRA2;GABRB3;GABRA1;GABRB2;GABRB1;GABRA6;GABRA5;GABRA4;GABRA3;GABRG3;GABRG2;GABRG1;GNAI2;GABRR1;GABRE,0.75
5,966,Regulation Of Cytoskeleton Organization (GO:0051493),32/114,1.8001233619548883e-14,biological regulation,GO_Biological_Process_2023,2.120564169842146e-16,0.0,0.0,7.918525095315193,285.77703135175113,PRKAA1;RALA;PRKAA2;PDGFA;EFNA5;IQGAP2;ARHGAP35;CDC42;PAK1;CAPN2;RAC3;TPPP;PAK3;PAK2;EPHA5;PDGFRB;SIGLEC15;PRKCD;RHOG;BAIAP2;PTK2;TJP1;DIAPH1;HCK;CAPN10;TAOK2;PLXNB1;MAPT;EZR;EPHA3;ARHGEF5;RHOQ,0.2807017543859649
5,966,Receptor Tyrosine Kinase Binding (GO:0030971),23/59,2.3554833252244742e-14,binding,GO_Molecular_Function_2023,1.1405498206350088e-15,0.0,0.0,12.871273712737128,442.8653377490082,SHC4;PTPN1;DOCK4;DUSP3;SHC3;TRAT1;ARHGEF16;MST1;CBLC;FLT3LG;CBLB;RNF41;GRB14;BLNK;ELMO2;ALKAL2;ALKAL1;SH2B3;SH2B2;PTPN2;NCK1;SH2B1;SOCS5,0.3898305084745763
5,966,Dephosphorylation (GO:0016311),36/147,2.8114533643439983e-14,cellular process,GO_Biological_Process_2023,3.4039193220133494e-16,0.0,0.0,6.599128160418483,235.03741244061527,PTPRU;PTPRR;PTPRS;PTPRO;PTPRJ;DUSP16;PPP1CB;PPP2CA;PPP3CA;PPP2CB;PPP3R1;PPP3CB;DUSP10;PPP3CC;PPP2R1B;PPP2R1A;ILKAP;PTPN1;PTPN18;DUSP3;PPP1R12A;PPP2R3A;PTPN12;DUSP8;PTPN13;SSH1;PPP1CA;PTPRD;PTPRB;PLPP4;PTPRA;ALPL;PTPN6;PTPN7;PTPN5;PTPN3,0.24489795918367346
5,966,B Cell Receptor Signaling Pathway (GO:0050853),19/46,6.236147761589702e-12,cellular process,GO_Biological_Process_2023,9.999058910925896e-14,0.0,0.0,14.123860925339278,422.7794203323629,BLK;VAV3;ITK;MEF2C;SYK;PRKCB;BMX;CD79B;LAT2;CD79A;TEC;LCK;CD19;BLNK;PLCG2;BTK;IGHE;NCKAP1L;SH2B2,0.41304347826086957
5,966,Neuron Projection Development (GO:0031175),41/192,4.368596470524367e-14,cellular process,GO_Biological_Process_2023,5.432155297117996e-16,0.0,0.0,5.542888849114014,194.827141549672,NCKAP1;TRIO;DOCK7;RASGRF1;WASL;ARHGAP35;DOCK10;CDC42;PAK1;FLRT3;NPY;NRTN;NCKAP1L;SRGAP3;EPHB2;PAK3;EPHB1;SH3GL2;EPHB3;LYN;EPHA4;TOR1A;DBNL;UNC5A;EPHA8;L1CAM;NGF;MAPK8IP3;UHMK1;DNM2;CDK5;ALS2;CTTN;TAOK3;MAP1B;PLXNB1;MAPT;SGK1;SHANK3;SHANK1;CDK5R1,0.21354166666666666
5,966,Positive Regulation Of GTPase Activity (GO:0043547),45/234,9.990332036021627e-14,biological regulation,GO_Biological_Process_2023,1.307635083248904e-15,0.0,0.0,4.8717749857815,166.9584382936458,USP6NL;RTN4R;DOCK6;ARHGEF26;RASGRF2;DOCK7;RASGRF1;AGAP2;ASAP3;RASGRP2;RASGRP1;RAP1GAP;RASGRP4;PREX2;DOCK10;PREX1;DOCK11;RAP1A;PIP5K1A;SRGAP3;RALGDS;APC2;ARHGEF10;ARHGEF15;RALGAPA1;CAV2;ARHGEF16;RHOG;ARAP1;TIAM2;TIAM1;TBC1D1;ALS2;TBC1D4;RAPGEF1;PLXNB1;ITGA6;GNB5;RGS11;ARHGEF7;NGEF;ARHGEF5;SIPA1;EPHA2;RAPGEF4,0.19230769230769232
5,966,Membrane Raft (GO:0045121),37/169,1.2610573782734193e-13,cellular anatomical structure,GO_Cellular_Component_2023,6.305286891367097e-15,0.0,0.0,5.703216231203314,186.4802735279879,RTN4R;CBLC;CBLB;FAIM2;AKAP5;SLC9A1;RAP1B;PPP2CA;CD79A;SDCBP;GJA1;PPP2R1B;PRKAR2A;CAPN2;PLCG2;FLOT1;FYN;PRKACA;PAG1;LYN;CAV3;CAV2;SORBS1;GP6;LAT2;ZAP70;MYO1C;MYL1;PRKAR1A;LCK;NPHS2;BTK;ORAI1;LCP2;MAPT;TEK;EZR,0.21893491124260356
5,966,Positive Regulation Of Cytoskeleton Organization (GO:0051495),26/79,1.4541017370560384e-13,biological regulation,GO_Biological_Process_2023,1.95085638806602e-15,0.0,0.0,9.90578081091931,335.513827661398,NCKAP1;MYLK3;SCIN;CFL2;NCK2;PTK2B;NCKAP1L;NCK1;VASP;GSN;PRKCE;LIMK1;BAIAP2;HCK;FER;CTTN;CDK5;BIN1;CDC42EP5;FES;CDC42EP4;EVL;TEK;PFN1;PFN3;ARF6,0.3291139240506329
5,966,Lamellipodium Organization (GO:0097581),17/30,1.7767177977864149e-13,cellular process,GO_Biological_Process_2023,2.4418241985284497e-15,0.0,0.0,26.21034287103834,881.8740090895267,CYFIP1;PTPRO;MYO9B;RHOD;SNX1;ABLIM2;ABLIM3;CTTN;KIT;SPATA13;S1PR1;ARFIP2;ARHGEF4;WASF1;ARHGEF7;VCL;ARHGEF6,0.5666666666666667
5,966,Transmembrane-Ephrin Receptor Activity (GO:0005005),12/14,2.484205923496905e-13,catalytic activity,GO_Molecular_Function_2023,1.2551777297668572e-14,0.0,0.0,119.69811320754717,3831.406626227676,EPHA5;EPHB6;EPHA4;EPHA7;EFNB3;EPHA10;EPHA8;EPHB2;EFNA4;EPHB1;EPHA3;EPHB3,0.8571428571428571
5,966,Regulation Of Actin Filament Polymerization (GO:0030833),24/70,5.853303001466862e-13,cellular process,GO_Biological_Process_2023,8.235995715414761e-15,0.0,0.0,10.516754361672668,341.0611006635013,VASP;NCKAP1;PLEKHG2;PRKCE;PRKCD;BAIAP2;SSH1;LATS1;HCK;FER;CTTN;BIN1;CDC42EP5;CDC42EP4;RASA1;NCK2;PTK2B;EVL;NCKAP1L;PFN1;PAK3;PFN3;NCK1;ARF6,0.34285714285714286
5,966,MAPK Cascade (GO:0000165),28/98,6.765434497833248e-13,cellular process,GO_Biological_Process_2023,9.740808831958862e-15,0.0,0.0,8.086993603411514,260.906244882379,YWHAE;CAMKK2;PPP1CB;PAK1;NRTN;ITGAV;MAP3K4;MAP2K5;MAP3K5;MAP2K3;MEF2A;BRAP;MEF2C;DUSP9;MAPK12;DUSP7;MAPK13;MOS;TAOK3;MAPKAPK2;TAOK2;PTPN7;FGF13;MAP3K13;SHANK3;MAP3K11;FGFR1;PTPN3,0.2857142857142857
5,966,"Synaptic Transmission, GABAergic (GO:0051932)",12/14,8.524051427038924e-13,cellular process,GO_Biological_Process_2023,1.2551777297668572e-14,0.0,0.0,119.69811320754717,3831.406626227676,GABRA2;GABRB3;GABRA1;GABRB2;GABRA6;GABRA5;GABRA4;GABRA3;GABRE;GABRG3;GABRG2;GABRG1,0.8571428571428571
5,966,Ligand-Gated Monoatomic Anion Channel Activity (GO:0099095),13/18,9.352498958342821e-13,transporter activity,GO_Molecular_Function_2023,4.922367872812012e-14,0.0,0.0,51.91542497376705,1590.813301915572,GABRA2;GABRB3;GABRA1;GABRB2;GABRB1;GABRA6;GABRA5;GABRA4;GABRA3;GABRG3;GABRG2;GABRG1;GABRE,0.7222222222222222
5,966,Peptidyl-Tyrosine Dephosphorylation (GO:0035335),16/29,1.936911484844638e-12,cellular process,GO_Biological_Process_2023,2.9155081250933695e-14,0.0,0.0,24.64259109311741,768.0146209879316,PTPN1;PTPN18;PTPRR;PTPRS;DUSP3;PTPRO;PTPRJ;PTPN12;PTPN13;PTPRF;DUSP7;PTPRB;DUSP10;PTPN6;PTPN5;PTPN2,0.5517241379310345
5,966,Positive Regulation Of Cell Projection Organization (GO:0031346),30/118,2.2296161712329167e-12,biological regulation,GO_Biological_Process_2023,3.4290562842914624e-14,0.0,0.0,6.900495337995338,213.94231029190945,RET;CAMK2B;PLXND1;ARHGAP35;RAP1A;RELN;CUX1;PLXNA2;NPTN;PLXNA1;PTK2B;ALKAL2;ALKAL1;SCN1B;PLXNA4;LYN;NTRK2;PRKCI;KIDINS220;MAGI2;PTK6;TIAM2;PTPRD;TIAM1;FES;RAPGEF1;PLXNB1;ITGA6;MAP3K13;EPHA3,0.2542372881355932
5,966,Axon (GO:0030424),39/205,2.796688587268882e-12,cellular anatomical structure,GO_Cellular_Component_2023,1.505909239298629e-13,0.0,0.0,4.781923811751862,141.1825197016269,RET;ROBO3;PRKAA1;PTPRS;PRKAA2;SEMA3A;PTPRO;KCNA2;DOCK7;KCNA3;IQGAP1;PAK1;SCN11A;NEFL;CTNNA2;EPHB2;EPHA5;EPHA4;NTRK2;SYT2;CNTN6;L1CAM;MAPK8IP3;CD2AP;UHMK1;SCN10A;CDK5;BIN1;SYT11;MAP1B;SCN8A;TAOK2;CNTN2;MAPT;VIM;SCN2A;FGF13;RAB5A;CDK5R1,0.1902439024390244
5,966,Regulation Of Actin Cytoskeleton Organization (GO:0032956),28/91,9.148941061290678e-14,biological regulation,GO_Biological_Process_2023,1.1675677401516244e-15,0.0,0.0,8.988865197820422,309.0718255716826,RALA;PDGFA;SEMA3E;EFNA5;IQGAP2;ARHGAP35;EPS8;CDC42;PAK1;ARHGDIA;RAC3;ABL2;PTK2B;PAK3;EPHA5;PDGFRB;PDGFRA;SIGLEC15;PRKCD;RHOG;BAIAP2;HCK;CAPN10;TAOK2;EZR;ARHGEF5;EPHA3;RHOQ,0.3076923076923077
5,966,Salmonella infection,59/249,5.2278779431727484e-24,Infectious disease: bacterial,KEGG_2021_Human,6.301460020788581e-25,0.0,0.0,6.4515522543956365,359.50530408471565,CYFIP2;CYFIP1;NCKAP1;ARF1;ARPC1B;ARPC1A;ARPC5L;PIK3C2G;WASL;PIK3C2A;ACTB;PIK3C2B;MAP2K3;ACTR3;ACTR2;HSP90AA1;DYNLT1;EXOC7;RHOG;FOS;RHOB;DNM2;RHOJ;ELMO1;PFN4;ELMO2;PFN1;MYL9;PFN3;EXOC2;ARF6;RAB5B;RALA;RAB5C;ARHGEF26;MYL12A;CDC42;CYTH3;CYTH2;PAK1;RRAS;MYO6;FLNA;NCKAP1L;FLNB;FLNC;PAK3;CYTH1;WASF3;JUN;ARPC4;ARPC5;MAPK12;MAPK13;ARPC2;ARPC3;ABI1;PKN1;RAB5A,0.23694779116465864
5,966,Positive Regulation Of Phosphorylation (GO:0042327),31/231,5.085361805453362e-06,biological regulation,GO_Biological_Process_2023,2.595930764563889e-07,0.0,0.0,3.122213903743316,47.34572159985859,RET;RALB;PIK3R3;ILK;ARRB1;EFNA5;STK4;RASGRP1;CAMKK2;SDCBP;PAK1;RELN;ERBB3;RB1CC1;FLOT1;NPTN;NCKAP1L;EPHB4;LYN;PDGFRB;PDGFRA;NTRK2;HSP90AA1;LIMK2;PTK2;PGF;ITGA6;TEK;MET;EPHA2;FGFR1,0.1341991341991342
5,966,Cortical Actin Cytoskeleton (GO:0030864),12/44,5.791653182162945e-06,cellular anatomical structure,GO_Cellular_Component_2023,7.573700315136159e-07,0.0,0.0,7.46933962264151,105.26849478569233,AKAP13;GSN;ACTN3;CDH1;ACTN2;RDX;CAPN2;FLOT1;FLOT2;ACTN4;SPTAN1;SPTBN1,0.2727272727272727
5,966,Fc gamma R-mediated phagocytosis,50/97,1.8014655203904812e-38,None,KEGG_2021_Human,6.433805429966005e-40,0.0,0.0,22.051240360494287,1989.9444499977571,NCF1;ARPC1B;ARPC1A;ARPC5L;INPPL1;CFL2;CFL1;ACTR3;VAV3;ACTR2;SYK;PRKCB;PRKCE;PRKCD;PRKCA;VAV1;DNM2;VAV2;HCK;BIN1;AMPH;DOCK1;ARF6;ASAP3;WAS;PIK3R3;ASAP1;ASAP2;CDC42;PAK1;SCIN;INPP5D;PLCG2;PIP5K1A;PIP5K1B;PIP5K1C;WASF1;WASF2;WASF3;LYN;VASP;GSN;MYO10;LIMK2;LIMK1;ARPC4;ARPC5;ARPC2;ARPC3;LAT,0.5154639175257731
5,966,Focal adhesion,70/201,8.451924226038149e-40,Cellular community - eukaryotes,KEGG_2021_Human,2.6412263206369216e-41,0.0,0.0,11.27325858778626,1053.3140469708817,MYLK2;LAMC3;ITGA2B;RASGRF1;ILK;ARHGAP5;ACTB;ARHGAP35;MYLK3;MYLK;PPP1CB;CAPN2;RAC3;ITGAV;VAV3;PDGFRB;PDGFRA;PPP1R12A;PRKCB;ACTN1;PRKCA;ACTN4;VAV1;PGF;VAV2;RAPGEF1;ITGA6;TLN2;TLN1;PPP1R12B;MYL9;DOCK1;MET;PPP1R12C;VCL;SHC4;SHC3;LAMA2;PXN;PDGFA;PIK3R3;MYL12A;RAP1B;CDC42;PAK1;RELN;RAP1A;PDGFD;PDGFC;PIP5K1A;FLNA;PAK6;PIP5K1B;FLNB;FYN;PIP5K1C;FLNC;PAK3;PAK2;PAK5;PAK4;VASP;JUN;CAV3;CAV2;PTK2;PPP1CA;DIAPH1;PARVG;ZYX,0.3482587064676617
5,966,PECAM1 Interactions R-HSA-210990,7/12,1.7608230328550434e-06,Hemostasis,Reactome_2022,3.839908774988405e-07,0.0,0.0,27.77956204379562,410.37766503084,LYN;YES1;LCK;INPP5D;FYN;ITGAV;PTPN6,0.5833333333333334
5,966,Endocytosis,88/252,2.531092122549717e-50,Transport and catabolism,KEGG_2021_Human,6.779711042543885e-52,0.0,0.0,11.532307350408356,1358.742106935154,SH3GL3;ARF1;WIPF1;SH3KBP1;WIPF2;ARPC1B;WIPF3;ARPC1A;ARPC5L;CLTB;CBLC;CBLB;AP2A1;ARRB1;WASL;ARRB2;AP2A2;EEA1;PIP5KL1;PSD4;GIT1;AP2M1;SH3GL2;SH3GL1;ACTR3;PDGFRA;SH3GLB2;USP8;ACTR2;PRKCI;PDCD6IP;ARAP2;ARAP3;EPS15L1;ARAP1;DNM1;EPN1;RNF41;DNM2;DNM3;ACAP1;BIN1;HGS;PARD3;AMPH;STAM2;ARF6;RAB5B;RAB5C;AGAP2;ASAP3;CXCR4;ASAP1;ASAP2;IL2RG;PRKCZ;CDC42;CYTH3;CYTH2;SNX1;GRK3;PARD6B;GRK2;PARD6A;GRK5;CLTCL1;GRK6;AP2S1;PIP5K1A;PIP5K1B;PIP5K1C;EPS15;CYTH1;GIT2;RAB4A;CAV3;IQSEC1;CAV2;ARPC4;STAM;AP2B1;ARPC5;RAB10;EHD2;EHD4;ARPC2;ARPC3;RAB5A,0.3492063492063492
5,966,Rap1 signaling pathway,84/210,1.7154276058659775e-53,Signal transduction,KEGG_2021_Human,3.829079477379415e-55,0.0,0.0,14.291761148904008,1790.751321923811,DOCK4;CALML5;CALML6;CTNND1;ITGA2B;CALML3;CALML4;ACTB;CDH1;RASSF5;RAC3;VAV3;MAGI1;MAP2K3;PDGFRB;PDGFRA;PRKCI;PRKCB;MAGI2;ARAP3;PRKCA;NGF;VAV1;PGF;VAV2;APBB1IP;ENAH;TIAM1;MRAS;PRKD3;PARD3;KIT;RAPGEF1;PFN4;EVL;LCP2;TLN2;PFN1;TLN1;MET;PFN3;EPHA2;RAPGEF4;RALA;RALB;LPAR1;GNAI3;LPAR2;PDGFA;PIK3R3;EFNA5;RASGRP2;PRKCZ;EFNA4;GNAI1;RAP1GAP;GNAI2;RAP1B;CDC42;PARD6B;RAP1A;PARD6A;RRAS;CNR1;PDGFD;PDGFC;RALGDS;VASP;FARP2;NGFR;GRIN2B;MAPK12;MAPK13;GNAO1;AFDN;KITLG;EFNA3;EFNA2;GNAS;TEK;CALM1;SIPA1;LAT;FGFR1,0.4
5,966,Ras signaling pathway,89/232,8.413467495978608e-55,Signal transduction,KEGG_2021_Human,1.50240490999618e-56,0.0,0.0,13.406312045992776,1723.2164905375923,CALML5;CALML6;RASGRF2;RASGRF1;CALML3;CALML4;ETS1;SYNGAP1;RASSF5;RAC3;PRKACA;PRKACB;PDGFRB;PDGFRA;RASA4B;KSR1;PRKCB;FLT3LG;PRKCA;KSR2;NGF;PGF;TIAM1;ZAP70;MRAS;RASA3;RASA4;RASA1;KIT;RASA2;RIN1;MET;EXOC2;EPHA2;ARF6;SHC4;RAB5B;RALA;RAB5C;SHC3;RALB;PDGFA;PIK3R3;TGFA;RASAL1;RASAL2;EFNA5;RASAL3;RASGRP2;STK4;EFNA4;RASGRP1;RASGRP4;RAP1B;CDC42;GNG10;PAK1;RAP1A;GNG2;RRAS;PDGFD;PDGFC;PLCG2;PAK6;ABL2;SHOC2;PAK3;RALGDS;PAK2;PAK5;PAK4;BRAP;NGFR;NTRK2;GNG12;GNG11;GRIN2B;AFDN;KITLG;EFNA3;EFNA2;GNB1;GNB4;GNB5;TEK;CALM1;RAB5A;LAT;FGFR1,0.38362068965517243
5,966,MAPK signaling pathway,112/294,5.922330794533474e-69,Signal transduction,KEGG_2021_Human,7.931693028393046e-71,0.0,0.0,13.584579355071158,2192.7232937161666,RPS6KA4;RPS6KA3;RPS6KA6;RPS6KA5;RPS6KA2;RPS6KA1;MAP3K8;PRKACA;MAP3K6;PRKACB;MAP3K4;MAP3K5;MAP2K3;PDGFRB;PDGFRA;MEF2C;PRKCB;FLT3LG;PRKCA;MAPK8IP2;MAPK8IP3;PGF;MAPK8IP1;CACNB3;MAPKAPK3;MAPKAPK2;EPHA2;PDGFA;TGFA;CACNA1A;CACNA1D;CACNA1C;EFNA5;RASGRP2;STK4;CACNA1E;EFNA4;RASGRP1;CACNA1H;RASGRP4;RAP1B;CACNA1I;PPP3R1;RAP1A;RRAS;PDGFD;PDGFC;MAP2K5;NGFR;JUN;JUND;NFATC3;GNG12;EFNA3;EFNA2;MAP3K13;MAP3K11;FGFR1;MAP3K12;PTPRR;RASGRF2;RASGRF1;HSPB1;ARRB1;ARRB2;AREG;DUSP16;PPP3CA;PPP3CB;PPP3CC;DUSP10;MECOM;RAC3;MAP4K1;MAP4K2;DUSP3;FOS;DUSP8;NGF;DUSP9;DUSP7;MRAS;RASA1;KIT;RASA2;MAPT;MET;SRF;CDC42;PAK1;MAPK7;ERBB3;MKNK1;GNA12;MKNK2;FLNA;FLNB;FLNC;PAK2;CACNG3;MAP4K3;MAP3K2;NTRK2;MAPK12;MAPK13;KITLG;TAOK3;TAOK2;PTPN7;TEK;LAMTOR3;PTPN5,0.38095238095238093
5,966,Regulation of actin cytoskeleton,104/218,7.431981410868226e-76,Cell motility,KEGG_2021_Human,6.635697688275202e-78,0.0,0.0,20.02360890625636,3558.378987987863,CYFIP2;CYFIP1;NCKAP1;MYLK2;ITGA2B;ARPC5L;ACTB;ARHGAP35;MYLK3;MYLK;PPP1CB;CFL2;CFL1;PIP4K2A;PIP4K2B;PIP4K2C;PDGFRB;PDGFRA;ACTN1;ACTN4;TIAM1;SPATA13;PFN4;EZR;PFN1;MYL9;PFN3;VCL;PXN;LPAR1;LPAR2;PDGFA;PIK3R3;IQGAP1;IQGAP2;MYL12A;SLC9A1;SCIN;RRAS;PDGFD;PDGFC;PIP5K1A;MYH14;NCKAP1L;PIP5K1B;MYH11;PIP5K1C;MYH10;RDX;MSN;ARPC4;ARPC5;GNG12;PTK2;SSH1;DIAPH1;DIAPH2;ARPC2;ARPC3;FGFR1;ARPC1B;ARPC1A;WASL;ITGAE;RAC3;ITGAV;GIT1;APC2;VAV3;ACTR3;ACTR2;PPP1R12A;VAV1;VAV2;ENAH;MRAS;ARHGEF4;MYH9;ITGA6;ARHGEF7;PPP1R12B;DOCK1;PPP1R12C;ARHGEF6;CXCR4;FGD1;FGD3;CDC42;PAK1;GNA12;PAK6;PAK3;WASF1;PAK2;WASF2;PAK5;PAK4;GSN;LIMK2;LIMK1;BAIAP2;PPP1CA;MOS;ABI2,0.47706422018348627
5,966,Axon guidance,99/182,3.6532082890305626e-79,Development and regeneration,KEGG_2021_Human,1.63089655760293e-81,0.0,0.0,26.07174719639805,4849.8732607901065,EPHB6;RGS3;DPYSL5;CFL2;DPYSL2;CFL1;EPHB2;EPHB1;EPHB4;EPHB3;EPHA5;EPHA4;EPHA7;UNC5A;EPHA8;UNC5B;SEMA6D;PRKCA;UNC5C;PARD3;MYL9;EPHA3;NGEF;EPHA2;PIK3R3;EFNA5;EFNA4;PRKCZ;MYL12A;EFNB2;EFNB1;PPP3R1;EFNB3;RRAS;PLCG2;PLXNA2;PLXNA1;SRGAP3;SRGAP2;SRGAP1;PLXNA4;NFATC3;L1CAM;PTK2;NFATC4;SSH1;EFNA3;EFNA2;CDK5;FES;PLXNB1;ROBO3;ILK;RND1;PPP3CA;PPP3CB;PPP3CC;NCK2;RAC3;NEO1;NCK1;TRPC6;TRPC3;DCC;TRPC1;RHOD;RGMA;ENAH;RASA1;MET;CAMK2B;CAMK2D;SEMA3A;CAMK2A;GNAI3;CXCR4;SEMA3E;NTN1;GNAI1;GNAI2;CDC42;PAK1;PARD6B;ABLIM2;PARD6A;ABLIM3;SLIT1;PAK6;FYN;SLIT3;LRIG2;PAK3;CAMK2G;PAK2;PAK5;PAK4;LIMK2;LIMK1;SEMA4F,0.5439560439560439
5,966,Defective Intrinsic Pathway For Apoptosis R-HSA-9734009,9/24,4.029808678471328e-06,Disease,Reactome_2022,9.342189077792076e-07,0.0,0.0,11.924137931034483,165.54942538385166,YWHAE;JUN;CAPNS1;CDK5;CAPNS2;CAPN2;CAPN1;FOXO3;CDK5R1,0.375
5,966,Formation Of Annular Gap Junctions R-HSA-196025,6/9,4.029808678471328e-06,Vesicle-mediated transport,Reactome_2022,9.263674809734784e-07,0.0,0.0,39.64791666666667,550.7886534852319,GJA1;CLTCL1;CLTB;AP2M1;DNM1;DNM2,0.6666666666666666
5,966,Morphine addiction,48/91,1.3392218362838024e-37,Substance dependence,KEGG_2021_Human,5.3808020207831336e-39,0.0,0.0,23.092871257029945,2034.8971950318037,GABRB3;GABRB2;GABRB1;PDE1C;PDE1B;PDE1A;PDE3B;GNAI3;CACNA1A;ARRB1;ARRB2;GNAI1;GNAI2;GABRR2;GABRR1;GNG10;GRK3;GNG2;GRK2;GRK5;GRK6;PDE4A;PRKACA;GABRE;PRKACB;GABRD;GABRA2;GABRQ;GABRA1;GABRA6;PRKCB;GABRA5;PDE4D;GABRA4;PDE4C;GABRA3;PRKCA;GNG12;GABRG3;GNG11;GABRG2;GABRG1;GNAO1;GNB1;GNAS;GNB4;PDE3A;GNB5,0.5274725274725275
5,966,Calcineurin Activates NFAT R-HSA-2025928,6/9,4.029808678471328e-06,Immune System,Reactome_2022,9.263674809734784e-07,0.0,0.0,39.64791666666667,550.7886534852319,FKBP1A;PPP3CA;PPP3CB;PPP3R1;NFATC3;CALM1,0.6666666666666666
5,966,Response To Elevated Platelet Cytosolic Ca2+ R-HSA-76005,21/130,4.648071869944181e-06,Hemostasis,Reactome_2022,1.0866808497511935e-06,0.0,0.0,3.858307849133537,52.98375957064957,CAP1;TOR4A;STXBP3;ACTN2;PRKCB;ACTN1;APLP2;ITGA2B;STXBP2;PDGFA;PRKCA;ACTN4;GTPBP2;TMX3;LAMP2;FLNA;STX4;PFN1;TLN1;CALM1;VCL,0.16153846153846155
5,966,Signaling By Nuclear Receptors R-HSA-9006931,32/260,5.04912934846009e-06,Signal Transduction,Reactome_2022,1.1854046309253062e-06,0.0,0.0,2.82595138810624,38.56131162258998,SRF;GNAI3;PIK3R3;TGFA;ZDHHC7;ZDHHC21;FOXO3;PRKCZ;AREG;GNAI1;GNAI2;GNG10;GNG2;S1PR3;PDK2;JUN;HSP90AA1;JUND;CAV2;MMP2;FOS;GNG12;GNG11;PTK2;UHMK1;CREB1;GNB1;GNB4;STRN;GNB5;CALM1;HBEGF,0.12307692307692308
5,966,Prostacyclin Signaling Thru Prostacyclin Receptor R-HSA-392851,8/19,5.729144719935584e-06,Hemostasis,Reactome_2022,1.3506824487078e-06,0.0,0.0,14.441449990510533,195.17476079045613,GNG10;GNG2;GNB1;GNAS;GNB4;GNB5;GNG12;GNG11,0.42105263157894735
5,966,Assembly And Cell Surface Presentation Of NMDA Receptors R-HSA-9609736,9/25,5.902038583245698e-06,Neuronal System,Reactome_2022,1.3972409612595417e-06,0.0,0.0,11.178291536050155,150.69467124552733,CAMK2B;CAMK2D;NBEA;ACTN2;CAMK2A;NEFL;CASK;CAMK2G;GRIN2B,0.36
5,966,FLT3 Signaling Thru SRC Family Kinases R-HSA-9706374,5/6,6.305855028591641e-06,Immune System,Reactome_2022,1.4990342995276788e-06,0.0,0.0,99.0270551508845,1328.0210845191789,HCK;SYK;LCK;FLT3LG;FYN,0.8333333333333334
5,966,Neutrophil Degranulation R-HSA-6798695,47/468,7.468478683184498e-06,Immune System,Reactome_2022,1.7827508055145709e-06,0.0,0.0,2.261083641984084,29.93076230931007,ARHGAP9;CYFIP1;RAB5B;RAB5C;CALML5;CAB39;SNAP23;GDI2;PTPRJ;IQGAP1;IQGAP2;AP2A2;RAP1B;STK10;SDCBP;RAP1A;LAMP2;SIRPA;NCKAP1L;ITGAV;CAPN1;SPTAN1;ATP6V0A1;CAP1;ACTR2;HSP90AA1;GSN;SIGLEC14;DBNL;FCER1G;DYNLT1;PRKCD;RHOG;RAB27A;ADAM10;ARPC5;RAB10;FGR;DIAPH1;PTPRB;PTPN6;CD47;DOCK2;LAMTOR3;ATP6V0C;FRK;VCL,0.10042735042735043
5,966,CD209 (DC-SIGN) Signaling R-HSA-5621575,8/20,8.921256861769825e-06,Immune System,Reactome_2022,2.155824349700763e-06,0.0,0.0,13.237299930410575,172.71151817498455,LYN;RPS6KA5;PRKCA;FYN;PKN2;PKN1;ARHGEF7;PRKACB,0.4
5,966,Signaling By Hippo R-HSA-2028269,8/20,8.921256861769825e-06,Signal Transduction,Reactome_2022,2.155824349700763e-06,0.0,0.0,13.237299930410575,172.71151817498455,YAP1;YWHAE;LATS1;TJP1;YWHAB;STK4;SAV1;TJP2,0.4
5,966,Activation Of PPARGC1A (PGC-1alpha) By Phosphorylation R-HSA-2151209,6/10,9.116338728523316e-06,Organelle biogenesis and maintenance,Reactome_2022,2.2208762324889806e-06,0.0,0.0,29.734375,387.0704598972894,PRKAB2;PRKAA2;PRKAG1;PRKAG2;PRKAB1;MAPK12,0.6
5,966,Role Of Second Messengers In Netrin-1 Signaling R-HSA-418890,6/10,9.116338728523316e-06,Developmental Biology,Reactome_2022,2.2208762324889806e-06,0.0,0.0,29.734375,387.0704598972894,TRPC6;TRPC3;DCC;TRPC1;PITPNA;NTN1,0.6
5,966,Factors Involved In Megakaryocyte Development And Platelet Production R-HSA-983231,21/136,9.427117127853924e-06,Hemostasis,Reactome_2022,2.305846920270753e-06,0.0,0.0,3.6558454106280194,47.45310199907788,DOCK6;DOCK4;DOCK3;DOCK7;PRKCA;DOCK10;CDC42;DOCK11;EHD2;PRKAR1B;CDK5;PRKAR1A;PRKAR2B;PRKAR2A;DOCK2;PRKACB;RAB5A;DOCK1;SH2B3;SH2B2;SH2B1,0.15441176470588236
5,966,Signaling By ROBO Receptors R-HSA-376176,28/209,4.334967310167964e-06,Developmental Biology,Reactome_2022,1.0092212696559997e-06,0.0,0.0,3.109260328193288,42.92747894964073,ROBO3;CXCR4;AKAP5;NTN1;CDC42;PPP3CB;FLRT3;PRKAR2A;DAG1;NCK2;ABL2;SLIT3;SRGAP2;PRKACB;SRGAP1;PAK4;NCK1;VASP;CAP1;DCC;PRKCA;MYO9B;ENAH;PKN2;EVL;PKN1;PFN1;ARHGEF7,0.1339712918660287
5,966,Tight junction,62/169,6.982916828949961e-37,Cellular community - eukaryotes,KEGG_2021_Human,3.117373584352661e-38,0.0,0.0,12.13168885948226,1047.707725789058,ARPC1B;ARPC1A;ARPC5L;PRKAG1;PRKAG2;CLDN1;ACTB;PPP2R1B;PPP2R1A;PRKACA;PRKACB;MAP3K5;MAGI1;ACTR3;ACTR2;PRKAB2;PRKCI;ACTN1;PRKCE;ARHGEF18;ACTN4;PRKAB1;TIAM1;MYL6;CTTN;PARD3;MYH9;ARHGEF2;EZR;MYL9;PRKAA1;PRKAA2;WAS;CACNA1D;PRKCZ;MYL12A;CDC42;PPP2CA;PPP2CB;PARD6B;RAP1A;PARD6A;MYH14;MYH11;MYH10;JAM3;VASP;JUN;RDX;MSN;ARPC4;ARPC5;TJAP1;TJP1;AFDN;OCLN;ARPC2;PPP2R2C;ARPC3;PPP2R2B;NF2;TJP2,0.3668639053254438
5,966,Role Of Phospholipids In Phagocytosis R-HSA-2029485,9/26,8.534245114034677e-06,Immune System,Reactome_2022,2.0455361569984884e-06,0.0,0.0,10.520191775769868,137.8129407918032,AHCYL1;PLPP4;SYK;PRKCE;PRKCD;ITPR1;PLCG2;ITPR2;ITPR3,0.34615384615384615
5,966,Yersinia infection,55/137,3.3195368903588306e-35,Infectious disease: bacterial,KEGG_2021_Human,1.7783233341208022e-36,0.0,0.0,13.95357554014618,1148.621952765659,WIPF1;WIPF2;ARPC1B;WIPF3;ARPC1A;ARPC5L;WASL;ACTB;RPS6KA3;RPS6KA6;RPS6KA2;RPS6KA1;RAC3;MAP2K3;ACTR3;VAV3;ACTR2;RHOG;FOS;VAV1;VAV2;ZAP70;LCK;ELMO1;ELMO2;LCP2;ARHGEF7;DOCK1;SKAP2;ARF6;ARHGEF28;PXN;WAS;PIK3R3;CDC42;PIP5K1A;PTK2B;PIP5K1B;PIP5K1C;WASF2;GIT2;JUN;LIMK1;NFATC3;ARPC4;ARPC5;BAIAP2;PTK2;MAPK12;MAPK13;ARPC2;ARPC3;PKN2;PKN1;LAT,0.40145985401459855
5,966,Oxytocin signaling pathway,59/154,2.2640422140611413e-36,Endocrine system,KEGG_2021_Human,1.1118064444050248e-37,0.0,0.0,12.968154122903732,1103.4558552431165,MYLK2;GUCY1B1;CALML5;CALML6;PRKAG1;PRKAG2;CALML3;CALML4;ACTB;MYLK3;MYLK;PPP1CB;PPP3CA;PPP3CB;EEF2K;PPP3CC;NPPA;PRKACA;PRKACB;GUCY1A2;GUCY1A1;MEF2C;PRKAB2;PPP1R12A;PRKCB;PRKCA;FOS;PRKAB1;CACNB3;MYL6;PPP1R12B;MYL9;PPP1R12C;CAMK2B;CAMK2D;PRKAA1;PRKAA2;CAMK2A;ITPR1;GNAI3;ITPR2;CACNA1D;ITPR3;CACNA1C;GNAI1;CAMKK2;GNAI2;PPP3R1;MAPK7;CACNG3;CAMK2G;MAP2K5;JUN;NFATC3;NFATC4;PPP1CA;GNAO1;GNAS;CALM1,0.38311688311688313
5,966,Cellular Response To Reactive Oxygen Species (GO:0034614),16/73,5.9405773066935e-06,cellular process,GO_Biological_Process_2023,3.0519327131900505e-07,0.0,0.0,5.607239150507849,84.12159933027853,PDGFRA;JUN;NCF1;PRKCD;PXN;FOS;RHOB;CAMKK2;MAPK13;FER;MAPK7;SIRPA;FYN;MAPT;PDK2;MAP3K5,0.2191780821917808
5,966,Early Endosome (GO:0005769),36/307,6.262582447534346e-06,cellular anatomical structure,GO_Cellular_Component_2023,8.430399448603927e-07,0.0,0.0,2.6801095107725272,37.48468565419428,GRIA1;RAB5B;RAB5C;DAGLA;WIPF3;CXCR4;EEA1;RABGEF1;SNX1;RAP1A;RUSC1;CLTCL1;FLOT1;EPHB1;SH3GL2;APPL1;EPHA4;USP8;NTRK2;PTPN1;RAB4A;SORT1;MYO5A;LNPEP;BACE1;EHD2;EHD4;ALS2;MYL1;HGS;RAPGEF1;PICK1;NF2;ATP6V0D1;RAB5A;EPHA3,0.11726384364820847
5,966,Semaphorin-Plexin Signaling Pathway (GO:0071526),11/34,6.264475789748012e-06,cellular process,GO_Biological_Process_2023,3.238832378207415e-07,0.0,0.0,9.520646483041205,142.26590422597604,FARP2;PLXND1;SEMA3A;SEMA6D;PLXNA2;FLNA;SEMA3E;SEMA4F;PLXNB1;MET;PLXNA4,0.3235294117647059
5,966,"3',5'-cyclic-AMP Phosphodiesterase Activity (GO:0004115)",7/13,7.14457940150639e-06,catalytic activity,GO_Molecular_Function_2023,7.971846490101867e-07,0.0,0.0,23.148418491484183,325.0542477125903,PDE1C;PDE1B;PDE4D;PDE3B;PDE4C;PDE3A;PDE4A,0.5384615384615384
5,966,Fc-epsilon Receptor Signaling Pathway (GO:0038095),9/22,7.367991407225886e-06,cellular process,GO_Biological_Process_2023,3.879266562474232e-07,0.0,0.0,13.760067518688208,203.13230248705707,LYN;VAV3;FER;FCER1G;SYK;PLCG2;PRKCQ;VAV1;VAV2,0.4090909090909091
5,966,Vascular Endothelial Growth Factor Receptor Signaling Pathway (GO:0048010),10/28,7.367991407225886e-06,cellular process,GO_Biological_Process_2023,3.9058069632545603e-07,0.0,0.0,11.05067410506741,163.05967205104966,MAPKAPK3;MAPKAPK2;HSPB1;PTK2B;FYN;PAK2;PGF;PTK2;VAV1;VAV2,0.35714285714285715
5,966,Negative Regulation Of Actin Filament Bundle Assembly (GO:0032232),10/28,7.367991407225886e-06,biological regulation,GO_Biological_Process_2023,3.9058069632545603e-07,0.0,0.0,11.05067410506741,163.05967205104966,TJP1;WAS;ARHGEF18;RHPN2;PFN1;PAK2;WASF2;MET;SHANK3;SHANK1,0.35714285714285715
5,966,Negative Regulation Of Signaling (GO:0023057),10/28,7.367991407225886e-06,biological regulation,GO_Biological_Process_2023,3.9058069632545603e-07,0.0,0.0,11.05067410506741,163.05967205104966,BRAP;PPP3CA;PTPN1;PPP3CB;MPIG6B;SRMS;ERBB3;TRAT1;INPP5D;SOCS5,0.35714285714285715
5,966,Regulation Of Endocytosis (GO:0030100),15/66,8.106158929054141e-06,biological regulation,GO_Biological_Process_2023,4.323638434017753e-07,0.0,0.0,5.8709098781468425,86.03230380287691,LRPAP1;PTPN1;RAB5B;RAB4A;RAB4B;SYK;FGR;HCK;SYT11;FLOT1;AP2S1;ABL2;ITGAV;CBLL1;EPHA3,0.22727272727272727
5,966,Non-Membrane Spanning Protein Tyrosine Phosphatase Activity (GO:0004726),6/9,8.148602841896339e-06,catalytic activity,GO_Molecular_Function_2023,9.263674809734784e-07,0.0,0.0,39.64791666666667,550.7886534852319,PTPN1;PTPN18;PTPN6;PTPN12;PTPN7;PTPN2,0.6666666666666666
5,966,Regulation Of Axon Extension (GO:0030516),11/35,8.418675761940366e-06,biological regulation,GO_Biological_Process_2023,4.517875736119831e-07,0.0,0.0,9.12347294938918,133.2944300629265,RTN4R;MAG;PTPRS;CTTN;SEMA3A;LIMK1;MAPT;L1CAM;MAP3K13;NTN1;DNM2,0.3142857142857143
5,966,"Phosphatidylinositol-3,4,5-Trisphosphate Binding (GO:0005547)",11/36,5.6843703247893564e-06,binding,GO_Molecular_Function_2023,6.222889618716769e-07,0.0,0.0,8.75807329842932,125.15165254230638,ARHGAP9;CYTH3;OBSCN;MYO10;PARD3;ARAP2;BTK;ARAP3;IQGAP1;ARAP1;IQGAP2,0.3055555555555556
5,966,cGMP-PKG signaling pathway,49/167,2.0379085718222308e-24,Signal transduction,KEGG_2021_Human,2.2744515310515967e-25,0.0,0.0,8.565920558933886,486.0550742054897,MYLK2;GUCY1B1;CALML5;CALML6;PDE3B;CALML3;IRS2;CALML4;MYLK3;MYLK;PPP1CB;PPP3CA;PPP3CB;EDNRB;PPP3CC;NPPA;PRKG2;PRKG1;MEF2A;GUCY1A2;GUCY1A1;MEF2C;PPP1R12A;TRPC6;PRKCE;CREB1;PDE5A;MYL9;SRF;ITPR1;GNAI3;ITPR2;CACNA1D;ITPR3;ADRB2;CACNA1C;GNAI1;GNAI2;PPP3R1;GNA11;GNA12;MEF2D;VASP;NFATC3;ATP2B1;NFATC4;PPP1CA;PDE3A;CALM1,0.2934131736526946
5,966,Renin secretion,33/69,2.0379085718222308e-24,Endocrine system,KEGG_2021_Human,2.1843349701620164e-25,0.0,0.0,18.6654162200786,1059.8842257064755,GUCY1B1;CALML5;PDE1C;CALML6;PDE1B;PDE1A;PDE3B;GNAI3;ITPR1;ITPR2;CALML3;CACNA1D;ITPR3;CALML4;ADRB2;CACNA1C;GNAI1;GNAI2;PPP3CA;PPP3CB;PPP3R1;PPP3CC;NPPA;PRKG2;PRKACA;PRKACB;GUCY1A2;GUCY1A1;CREB1;GNAS;PDE3A;ORAI1;CALM1,0.4782608695652174
5,966,Bacterial invasion of epithelial cells,41/77,1.704097434245059e-32,Infectious disease: bacterial,KEGG_2021_Human,1.065060896403162e-33,0.0,0.0,23.39093093093093,1775.8927161766442,SHC4;SHC3;ARHGEF26;ARPC1B;ARPC1A;PXN;ARPC5L;CLTB;ILK;PIK3R3;WASL;ACTB;CDC42;CDH1;CLTCL1;CTNNA1;CTNNA3;CTNNA2;WASF1;WASF2;ACTR3;ACTR2;CAV3;CAV2;RHOG;ARPC4;ARPC5;DNM1;PTK2;CD2AP;DNM2;DNM3;ARHGAP10;CTTN;ARPC2;ARPC3;ELMO1;ELMO2;DOCK1;MET;VCL,0.5324675324675324
5,966,Circadian entrainment,43/97,8.235766623876971e-30,Environmental adaptation,KEGG_2021_Human,5.8826904456264075e-31,0.0,0.0,16.37454355764215,1139.8012529473156,GRIA1;CAMK2B;GRIA2;CAMK2D;GUCY1B1;CALML5;CALML6;CAMK2A;ITPR1;GNAI3;CALML3;CACNA1D;ITPR3;CALML4;CACNA1C;CACNA1H;GNAI1;GNAI2;CACNA1I;GNG10;RPS6KA5;GNG2;PRKG2;PRKACA;PRKACB;CAMK2G;GRIA3;PRKG1;GUCY1A2;GUCY1A1;PRKCB;PRKCA;FOS;GNG12;GNG11;GRIN2B;GNAO1;CREB1;GNB1;GNAS;GNB4;GNB5;CALM1,0.44329896907216493
5,966,Platelet activation,47/124,7.117132430505683e-29,Immune system,KEGG_2021_Human,5.4013951481516354e-30,0.0,0.0,12.591029210180462,848.5207338521712,MYLK2;GUCY1B1;ITGA2B;SNAP23;ITPR1;GNAI3;ITPR2;PIK3R3;ITPR3;RASGRP2;PRKCZ;RASGRP1;ACTB;ARHGAP35;MYLK3;MYL12A;GNAI1;MYLK;GNAI2;PPP1CB;RAP1B;RAP1A;PLCG2;PRKG2;FYN;PRKACA;PRKACB;PRKG1;LYN;VASP;GUCY1A2;GUCY1A1;PRKCI;FCER1G;PPP1R12A;SYK;GP6;MAPK12;MAPK13;PPP1CA;APBB1IP;BTK;GNAS;ORAI1;LCP2;TLN2;TLN1,0.3790322580645161
5,966,Leukocyte transendothelial migration,45/114,1.4115679580878183e-28,Immune system,KEGG_2021_Human,1.1342956806062828e-29,0.0,0.0,13.429400934711795,895.0555491063503,ITK;NCF1;CTNND1;PXN;GNAI3;PIK3R3;CXCR4;ARHGAP5;CLDN1;ACTB;ARHGAP35;MYL12A;GNAI1;GNAI2;RAP1B;CDC42;CDH5;RAP1A;RASSF5;PLCG2;CTNNA1;PTK2B;CTNNA3;CTNNA2;JAM3;VASP;VAV3;PRKCB;ACTN1;MMP2;MSN;PRKCA;ACTN4;PTK2;VAV1;MAPK12;VAV2;MAPK13;AFDN;OCLN;EZR;MYL9;VCL;SIPA1;RAPGEF4,0.39473684210526316
5,966,PI3K-Akt signaling pathway,81/354,1.520565636393767e-31,Signal transduction,KEGG_2021_Human,1.018235917227969e-32,0.0,0.0,6.289774632147513,463.3340552763135,YWHAE;LAMC3;YWHAB;ITGA2B;AREG;GHR;PPP2R1B;YWHAQ;PPP2R1A;ITGAV;JAK3;YWHAG;YWHAH;MAGI1;PDGFRB;PDGFRA;HSP90AA1;SYK;MAGI2;FLT3LG;PRKCA;NGF;PRLR;YWHAZ;PGF;CREB1;CDC37;KIT;IL3RA;ITGA6;SGK1;MET;EPHA2;PHLPP2;PRKAA1;PHLPP1;PRKAA2;LAMA2;PKN3;CSH1;LPAR1;LPAR2;PDGFA;PIK3R3;TGFA;EFNA5;FOXO3;IL2RG;EFNA4;PPP2CA;PPP2CB;GNG10;RELN;GNG2;ERBB3;CD19;PDGFD;PDGFC;EIF4EBP1;THEM4;EIF4E;NGFR;NTRK2;PPP2R3A;GNG12;GNG11;PTK2;EPOR;KITLG;EFNA3;EFNA2;PPP2R2C;PPP2R2B;GNB1;GNB4;PKN2;PKN1;GNB5;TEK;PIK3AP1;FGFR1,0.2288135593220339
5,966,Pathogenic Escherichia coli infection,57/197,6.739413874304222e-28,Infectious disease: bacterial,KEGG_2021_Human,5.716467125525903e-29,0.0,0.0,8.462659123055163,550.3404045026348,CYFIP2;CYFIP1;NCKAP1;ARF1;WIPF1;WIPF2;ARPC1B;WIPF3;ARPC1A;ARPC5L;WASL;CLDN1;ACTB;NCK2;NCK1;ACTR3;ACTR2;FOS;CTTN;MYH9;ARHGEF2;EZR;ARF6;LPAR1;LPAR2;CDC42;CYTH3;CYTH2;PAK1;MYO6;GNA12;MYH14;NCKAP1L;MYH11;FYN;PAK3;WASF1;PAK2;MYH10;WASF2;CYTH1;WASF3;JUN;MYO10;MYO5A;ARPC4;ARPC5;BAIAP2;MAPK12;MAPK13;TJP1;OCLN;MYO1C;ARPC2;ARPC3;ABI1;PTPN6,0.2893401015228426
5,966,Neurotrophin signaling pathway,45/119,1.1429407729598738e-27,Nervous system,KEGG_2021_Human,1.020482832999887e-28,0.0,0.0,12.518707632714149,806.8570803758882,SHC4;YWHAE;CAMK2B;BEX3;CAMK2D;SHC3;CALML5;PRDM4;CALML6;MAGED1;CAMK2A;PIK3R3;CALML3;CALML4;FOXO3;RAP1B;CDC42;RPS6KA3;RPS6KA6;RPS6KA5;RAP1A;MAPK7;ARHGDIA;RPS6KA2;RPS6KA1;PLCG2;CAMK2G;SH2B3;MAP2K5;SH2B2;MAP3K5;SH2B1;NGFR;NTRK2;JUN;KIDINS220;SORT1;PRKCD;MATK;NGF;MAPK12;MAPK13;MAPKAPK2;RAPGEF1;CALM1,0.37815126050420167
5,966,Adherens junction,35/71,2.1229715414992e-26,Cellular community - eukaryotes,KEGG_2021_Human,1.9902858201555e-27,0.0,0.0,19.839181286549707,1219.7430062565213,CTNND1;WAS;PTPRJ;WASL;IQGAP1;ACTB;PTPRF;CDC42;CDH1;CTNNA1;RAC3;CTNNA3;FYN;CTNNA2;WASF1;WASF2;WASF3;FARP2;PTPN1;YES1;CSNK2A1;ACTN1;ACTN4;SORBS1;BAIAP2;TJP1;AFDN;FER;PTPRB;PARD3;SNAI1;PTPN6;MET;VCL;FGFR1,0.49295774647887325
5,966,Insulin signaling pathway,46/137,1.0466458969573798e-25,Endocrine system,KEGG_2021_Human,1.0279557916545694e-26,0.0,0.0,10.408241758241758,622.8254425102889,SHC4;PRKAA1;SHC3;PRKAA2;CALML5;CALML6;PDE3B;INPPL1;PRKAG1;PIK3R3;PRKAG2;CALML3;CBLB;IRS2;CALML4;SLC2A4;PRKCZ;PTPRF;PPP1CB;SOCS2;SOCS1;PRKAR2B;PRKAR2A;MKNK1;MKNK2;EIF4EBP1;FLOT1;FLOT2;PRKACA;PRKACB;EIF4E;SOCS4;SH2B2;PTPN1;PRKAB2;PRKCI;EXOC7;SORBS1;PRKAB1;PPP1CA;PRKAR1B;PRKAR1A;RAPGEF1;TRIP10;CALM1;RHOQ,0.3357664233576642
5,966,Retrograde endocannabinoid signaling,47/148,4.533623028511862e-25,Nervous system,KEGG_2021_Human,4.655059359632715e-26,0.0,0.0,9.586948792811816,559.1996072237092,GRIA1;GABRB3;GRIA2;GABRB2;GABRB1;DAGLA;ITPR1;GNAI3;CACNA1A;ITPR2;CACNA1D;ITPR3;CACNA1C;GNAI1;GNAI2;GABRR2;GNG10;GABRR1;GNG2;CNR1;PRKACA;GABRE;PRKACB;GABRD;GRIA3;GABRA2;GABRQ;GABRA1;GABRA6;PRKCB;GABRA5;GABRA4;GABRA3;PRKCA;GNG12;GABRG3;GNG11;GABRG2;MAPK12;GABRG1;MAPK13;GNAO1;GNB1;GNB4;GNB5;DAGLB;MGLL,0.31756756756756754
5,966,Dopaminergic synapse,54/132,4.1386595079242353e-35,Nervous system,KEGG_2021_Human,2.4019006072774585e-36,0.0,0.0,14.389676113360323,1180.1952310827917,CALML5;CALML6;CALML3;ARRB1;CALML4;ARRB2;PPP1CB;PPP3CA;PPP3CB;PPP3CC;PPP2R1B;PPP2R1A;PRKACA;PRKACB;SCN1A;PRKCB;PRKCA;FOS;CREB1;GRIA1;CAMK2B;GRIA2;CAMK2D;CAMK2A;ITPR1;GNAI3;CACNA1A;ITPR2;CACNA1D;ITPR3;CACNA1C;GNAI1;GNAI2;PPP2CA;PPP2CB;GNG10;GNG2;CAMK2G;GRIA3;PPP2R3A;GNG12;GNG11;GRIN2B;MAPK12;MAPK13;PPP1CA;GNAO1;PPP2R2C;PPP2R2B;GNB1;GNAS;GNB4;GNB5;CALM1,0.4090909090909091
6,856,Retinol metabolism,20/68,1.0033086612639711e-10,Metabolism of cofactors and vitamins,KEGG_2021_Human,4.013234645055885e-12,0.0,0.0,9.517543859649123,249.7538996254907,DGAT1;ADH1C;RETSAT;ADH1B;ADH1A;HSD17B6;CYP2C18;ADH5;ADH6;DHRS4;ADH4;CYP26A1;CYP27C1;CYP26C1;DHRS9;RDH11;RDH10;ALDH1A1;RDH16;AOX1,0.29411764705882354
6,856,Glyoxylate Metabolism And Glycine Degradation R-HSA-389661,10/31,4.501885046153343e-06,Metabolism,Reactome_2022,3.825131084966892e-07,0.0,0.0,10.763818529775977,159.05159586763784,ALDH4A1;GRHPR;DAO;LDHD;BCKDHB;PXMP2;HOGA1;AGXT;PRODH2;GNMT,0.3225806451612903
6,856,Beta-oxidation Of pristanoyl-CoA R-HSA-389887,6/9,5.1478701272165855e-06,Metabolism,Reactome_2022,4.542238347544046e-07,0.0,0.0,45.03764705882353,657.7602310403464,ACOXL;AMACR;ACOX2;ACOX3;CROT;CRAT,0.6666666666666666
6,856,Peroxisome,33/82,5.744434250796334e-22,Transport and catabolism,KEGG_2021_Human,4.595547400637067e-24,0.0,0.0,15.625635430356834,839.6740578657924,ABCD2;PEX11A;ECI2;MPV17L;CROT;HMGCL;SCP2;MLYCD;ACAA1;ABCD1;HAO2;GSTK1;PHYH;ACSL1;EPHX2;ACSL5;PIPOX;DHRS4;NUDT7;AMACR;DAO;ACOX2;ACOX1;EHHADH;PXMP2;PXMP4;ACOX3;FAR2;AGXT;PEX11G;SLC27A2;CRAT;PAOX,0.4024390243902439
6,856,Fatty acid degradation,24/43,2.4065212809149582e-20,Lipid metabolism,KEGG_2021_Human,3.850434049463933e-22,0.0,0.0,29.035931174089068,1431.7236177369564,GCDH;ACADVL;ACAA2;ADH1C;ADH1B;ACSL1;ADH1A;ECI1;ECI2;ACSL5;ACADSB;ADH5;ADH6;ALDH3A2;ADH4;ACADL;ALDH1B1;ALDH2;CPT2;ACOX1;EHHADH;ACOX3;ACAA1;ALDH7A1,0.5581395348837209
6,856,Biosynthesis of unsaturated fatty acids,14/27,3.100319350857161e-11,Lipid metabolism,KEGG_2021_Human,7.440766442057186e-13,0.0,0.0,24.468664352274804,683.3273934365195,ELOVL4;ELOVL5;ELOVL2;ELOVL3;HSD17B12;FADS2;SCP2;ACOX1;SCD;ACOT2;ACOT1;ACOX3;ACAA1;ACOT4,0.5185185185185185
6,856,Pyruvate metabolism,17/47,1.0033086612639711e-10,Carbohydrate metabolism,KEGG_2021_Human,3.796246512825447e-12,0.0,0.0,12.909733810091378,339.48737711777926,ADH1C;ADH1B;ADH1A;ACOT12;ACYP2;ADH5;ADH6;ALDH3A2;ADH4;GRHPR;PC;ALDH1B1;ALDH2;LDHD;HAGH;ACSS1;ALDH7A1,0.3617021276595745
6,856,ABC Transporters In Lipid Homeostasis R-HSA-1369062,8/18,3.982319868152938e-06,Transport of small molecules,Reactome_2022,3.253529304046518e-07,0.0,0.0,18.050943396226412,269.65140602731753,ABCA2;ABCD2;ABCA5;ABCA6;ABCA9;ABCA7;ABCD1;ABCG1,0.4444444444444444
6,856,Steroid biosynthesis,10/20,3.0603083265021015e-08,Lipid metabolism,KEGG_2021_Human,2.448246661201681e-09,0.0,0.0,22.617021276595743,448.447894069221,SOAT1;CYP51A1;CYP2R1;SC5D;DHCR24;MSMO1;DHCR7;HSD17B7;LIPA;TM7SF2,0.5
6,856,"Valine, leucine and isoleucine degradation",16/48,1.2280222162500086e-09,Amino acid metabolism,KEGG_2021_Human,6.876924411000048e-11,0.0,0.0,11.376190476190477,266.2058661932831,ACAA2;BCKDHB;ABAT;ACADSB;ALDH3A2;HMGCL;MCEE;ALDH6A1;ALDH1B1;ALDH2;EHHADH;IVD;AOX1;HMGCS2;ACAA1;ALDH7A1,0.3333333333333333
6,856,Tyrosine metabolism,14/36,1.5351455682814114e-09,Amino acid metabolism,KEGG_2021_Human,9.824931637001035e-11,0.0,0.0,14.45195422155042,333.02379242560005,ADH1C;MAOB;HGD;ADH1B;MAOA;ADH1A;FAH;ADH5;ADH6;GSTZ1;ADH4;ALDH3B2;AOX1;HPD,0.3888888888888889
6,856,Arginine and proline metabolism,15/50,2.017243525166501e-08,Amino acid metabolism,KEGG_2021_Human,1.4524153381198803e-09,0.0,0.0,9.737897061321556,198.16657441912147,AOC1;MAOB;MAOA;SAT2;HOGA1;PRODH2;AGMAT;ALDH3A2;ALDH4A1;GATM;DAO;ALDH2;ALDH1B1;CKMT1B;ALDH7A1,0.3
6,856,Fatty acyl-CoA Biosynthesis R-HSA-75105,11/37,3.248130459921604e-06,Metabolism,Reactome_2022,2.547553301899297e-07,0.0,0.0,9.572052799271734,145.33211622827892,ELOVL4;ACSL1;ELOVL5;SCD;ELOVL2;ELOVL3;ACSL5;HSD17B12;SLC27A3;HSD17B8;SLC27A2,0.2972972972972973
6,856,"Glycine, serine and threonine metabolism",13/40,6.904053179009728e-08,Amino acid metabolism,KEGG_2021_Human,6.0755667975285615e-09,0.0,0.0,10.918720618601997,206.57117222399324,DMGDH;ALAS1;SDS;MAOB;MAOA;PIPOX;GNMT;GRHPR;GATM;DAO;SARDH;AGXT;ALDH7A1,0.325
6,856,Histidine metabolism,10/22,8.254521094742265e-08,Amino acid metabolism,KEGG_2021_Human,7.924340250952573e-09,0.0,0.0,18.84554767533491,351.532158942729,ALDH3A2;ALDH3B2;AOC1;MAOB;ALDH1B1;ALDH2;MAOA;HNMT;ALDH7A1;ASPA,0.45454545454545453
6,856,beta-Alanine metabolism,11/30,2.0605637314597158e-07,Metabolism of other amino acids,KEGG_2021_Human,2.1429862807181046e-08,0.0,0.0,13.103394581127375,231.38603676936265,ALDH3A2;ALDH3B2;ALDH6A1;ALDH1B1;ALDH2;ACOX1;EHHADH;ABAT;MLYCD;ACOX3;ALDH7A1,0.36666666666666664
6,856,Fatty acid elongation,10/27,7.59308254513342e-07,Lipid metabolism,KEGG_2021_Human,8.50425245054943e-08,0.0,0.0,13.299262967598386,216.5135227777123,ACAA2;ELOVL4;ELOVL5;ELOVL2;ELOVL3;THEM5;ACOT2;ACOT1;HSD17B12;ACOT4,0.37037037037037035
6,856,Tryptophan metabolism,12/42,9.843867810947869e-07,Amino acid metabolism,KEGG_2021_Human,1.181264137313744e-07,0.0,0.0,9.058767772511848,144.5010290872621,ALDH3A2;GCDH;AOC1;MAOB;ALDH1B1;ALDH2;MAOA;EHHADH;AOX1;ALDH8A1;ALDH7A1;INMT,0.2857142857142857
6,856,PPAR signaling pathway,20/74,4.702147193274426e-10,Endocrine system,KEGG_2021_Human,2.2570306527717247e-11,0.0,0.0,8.457380825801879,207.32749763900688,SLC27A1;ACSL1;ACSL5;DBI;CYP27A1;FADS2;ACADL;CPT2;SCP2;ACOX2;ACOX1;SCD;EHHADH;PLIN4;SLC27A6;HMGCS2;ACOX3;ACAA1;SLC27A2;SLC27A4,0.2702702702702703
6,856,Canonical Retinoid Cycle In Rods (Twilight Vision) R-HSA-2453902,9/23,2.923507649881405e-06,Sensory Perception,Reactome_2022,2.1974077106951734e-07,0.0,0.0,14.519311856974197,222.59291738170447,RBP4;DHRS9;RDH11;CYP4V2;HSD17B1;RDH10;RDH16;HSD17B6;MYO7A,0.391304347826087
6,856,Beta-oxidation Of Very Long Chain Fatty Acids R-HSA-390247,8/11,3.0680277602899285e-08,Metabolism,Reactome_2022,1.604197521720224e-09,0.0,0.0,60.191823899371066,1218.9230886620016,ACOX1;EHHADH;ECI2;MLYCD;ACAA1;ACOT6;ABCD1;ACOT4,0.7272727272727273
6,856,Phenylalanine And Tyrosine Metabolism R-HSA-8963691,7/11,1.0619891243788203e-06,Metabolism,Reactome_2022,7.288160657501708e-08,0.0,0.0,39.45229681978799,648.3759922808572,GSTZ1;QDPR;HGD;PAH;PCBD1;FAH;HPD,0.6363636363636364
6,856,Drug metabolism,19/108,1.1509411778781466e-06,None,KEGG_2021_Human,1.4732047076840278e-07,0.0,0.0,4.860121085202636,76.45289072176344,GSTK1;MAOB;ADH1C;MAOA;ADH1B;ADH1A;FMO2;FMO4;FMO5;ADH5;ADH6;ADH4;ALDH3B2;HPGDS;NAT1;AOX1;CYP2E1;CES2;CES1,0.17592592592592593
6,856,Fatty Acid Metabolism R-HSA-8978868,70/173,1.5564367181922598e-47,Metabolism,Reactome_2022,5.086394503896274e-50,0.0,0.0,16.463721929889573,1868.6766510354207,ACADVL;ACAA2;ACSM3;ECI1;ECI2;DBI;PCTP;CROT;FADS2;HPGDS;ACOXL;MCEE;ACADL;CPT2;MLYCD;ACAA1;ACAD11;ACAD10;ABCD1;ACOT9;CBR1;PHYH;ELOVL4;ACSL1;ELOVL5;ELOVL2;ACOT11;ELOVL3;ACOT12;ACOT13;ACSL5;PTGR1;PTGR2;ALDH3A2;ACOX2;ACOX1;EHHADH;ACOT2;ACOT1;ACOX3;ACOT6;SLC27A3;SLC27A2;ACOT4;PON3;SLC22A5;HPGD;PON2;PON1;HSD17B12;HSD17B8;THEM5;SLC25A20;HAO2;DECR1;CYP2J2;ACBD4;CYP4F2;EPHX2;CYP4F3;CYP4B1;CYP4F11;CYP4F8;ACSF2;FA2H;NUDT7;AMACR;SCD;THRSP;CRAT,0.4046242774566474
6,856,Metabolism R-HSA-1430728,218/2049,1.011773068763423e-36,Metabolism,Reactome_2022,6.612895874270737e-39,0.0,0.0,3.230872349932973,284.03179404329774,DMGDH;ACSM3;SLC23A1;ECI1;ECI2;VSIG2;PDK4;MLYCD;ACAD11;ACAD10;GLUL;STARD3;GSTK1;ACOT9;ACSL1;ACSL5;SLC6A12;HOGA1;CMBL;CYP39A1;CYP27A1;PLPP6;RBP4;SOAT1;ETHE1;FDX1;ACOT2;ACOT1;FAR2;CYP2E1;ACOT6;HPD;CES3;ALDH7A1;CES2;ACOT4;CES1;GCDH;SLC22A5;RETSAT;SLC35D1;MTARC2;MAOB;MAOA;PEX11A;ADH5;ADH6;SULT1A1;HSD11B2;CYB5R3;RDH11;TTPA;LDHD;HAO2;DECR1;LHPP;CYP4F2;ADHFE1;CYP4F3;STARD10;CYP4F8;ACADSB;CIDEC;SULT1B1;CYP26A1;FA2H;ALDH6A1;AKR1B10;PAH;ACY3;SLC44A4;ACY1;AKR1B1;GPT;CROT;CSAD;SERPINA6;MCEE;ACADL;AASS;CBR1;ELOVL4;ELOVL5;ELOVL2;BHMT2;ELOVL3;PTGR1;CYP7B1;PTGR2;BDH2;BDH1;IVD;ADH1C;ADH1B;ADH1A;FITM1;HSD17B8;PAPSS2;RIDA;HSD17B1;HSD17B2;SC5D;GC;CYP2F1;BCHE;AOC1;AKR1C1;SQOR;BBOX1;FMO4;FAH;GRHL1;GNMT;AGMAT;ETNPPL;ALDH4A1;NUDT7;GATM;AADAC;CRAT;ALDH1L1;SLC27A1;ACAA2;GOLT1A;MSMO1;HNMT;TM7SF2;FADS2;HPGDS;AKR7A3;ACAA1;PHYH;DGAT1;HGD;GPT2;ACOT11;ACOT12;ACOT13;PIPOX;ALDH3A2;SLC27A3;SLC27A2;CYP2C18;ALDH3B2;THEM5;CYP2J2;ACBD4;EPHX2;DHCR24;CYP4F11;ACSF2;QDPR;GRHPR;AMACR;DAO;PXMP2;CRYL1;ADSS1;DHCR7;OSBPL1A;LRP10;LRP12;ACADVL;ALAS1;PCTP;DBI;ACOXL;CA3;CPT2;ALDH2;CA5A;CYP4V2;CYP2R1;AOX1;HMGCS2;SULT4A1;ABCD1;DCXR;BCKDHB;SORD;ABHD14B;PRODH2;INMT;CYP26C1;ACOX2;ACOX1;EHHADH;ALDH1A1;ACOX3;HAGH;AGXT;ASPA;PAOX;PON3;HPGD;PON2;PON1;ETFDH;HSD17B14;HSD17B12;HSD17B11;BPHL;HMGCL;ALDH1B1;PCBD1;SLC25A20;BCO2;CRYM;ACSS1;CYB5A;CYP51A1;CYP4B1;ASS1;GSTZ1;SCD;SARDH;THRSP;CDO1,0.1063933626159102
6,856,Metabolism Of Lipids R-HSA-556833,113/732,1.658376555024311e-31,Metabolism,Reactome_2022,1.6258593676708933e-33,0.0,0.0,4.55152777566387,343.63703150751945,SLC27A1;ACAA2;ACSM3;ECI1;ECI2;MSMO1;TM7SF2;FADS2;HPGDS;MLYCD;ACAD11;ACAA1;ACAD10;ACOT9;STARD3;PHYH;DGAT1;ACSL1;ACOT11;ACOT12;ACSL5;ACOT13;CYP27A1;CYP39A1;ALDH3A2;PLPP6;SOAT1;FDX1;ACOT2;ACOT1;CYP2E1;FAR2;ACOT6;SLC27A3;SLC27A2;ACOT4;SLC22A5;PEX11A;HSD11B2;ALDH3B2;THEM5;HAO2;DECR1;CYP2J2;ACBD4;CYP4F2;EPHX2;CYP4F3;STARD10;DHCR24;CYP4F8;CYP4F11;CIDEC;ACSF2;FA2H;AMACR;DHCR7;OSBPL1A;ACADVL;ALAS1;SLC44A4;AKR1B1;DBI;PCTP;CROT;SERPINA6;MCEE;ACOXL;ACADL;CPT2;CYP2R1;HMGCS2;ABCD1;CBR1;ELOVL4;ELOVL5;ELOVL2;ELOVL3;PTGR1;CYP7B1;PTGR2;BDH2;BDH1;ACOX2;ACOX1;EHHADH;ACOX3;AGXT;PON3;HPGD;PON2;PON1;HSD17B14;FITM1;HSD17B12;HSD17B11;HSD17B8;HMGCL;HSD17B1;HSD17B2;SC5D;SLC25A20;GC;BCHE;AKR1C1;CYP51A1;CYP4B1;GRHL1;ETNPPL;NUDT7;SCD;THRSP;CRAT,0.15437158469945356
6,856,Phase I - Functionalization Of Compounds R-HSA-211945,40/104,4.179882324029322e-26,Metabolism,Reactome_2022,5.463898462783428e-28,0.0,0.0,14.613970588235292,917.3806057246928,MAOB;MTARC2;ADH1C;MAOA;ADH1B;ADH1A;CYP2C18;BPHL;ADH5;ADH6;CYB5R3;ALDH2;ALDH1B1;CYP4V2;CYP2R1;ACSS1;CYP2F1;CYP2J2;AOC1;CYP4F2;CYP4F3;CYP51A1;CYP4B1;CMBL;CYP4F11;CYP4F8;CYP7B1;FMO4;CYP27A1;CYP39A1;CYP26A1;CYP26C1;AADAC;FDX1;ALDH1A1;CYP2E1;CES3;CES2;CES1;PAOX,0.38461538461538464
6,856,Biological Oxidations R-HSA-211859,52/218,7.264088564201299e-23,Metabolism,Reactome_2022,1.1869425758498855e-24,0.0,0.0,7.394173709764431,407.3499208794786,ACY3;ACY1;HPGDS;AKR7A3;ALDH2;CYP4V2;CYP2R1;SULT4A1;GSTK1;ABHD14B;CMBL;CYP7B1;CYP27A1;CYP39A1;CYP26C1;FDX1;ALDH1A1;CYP2E1;CES3;CES2;CES1;PAOX;MAOB;MTARC2;SLC35D1;ADH1C;MAOA;ADH1B;ADH1A;CYP2C18;BPHL;ADH5;PAPSS2;ADH6;SULT1A1;CYB5R3;ALDH1B1;CYP2F1;ACSS1;CYP2J2;AOC1;CYP4F2;CYP4F3;CYP51A1;CYP4B1;CYP4F8;FMO4;CYP4F11;GSTZ1;CYP26A1;SULT1B1;AADAC,0.23853211009174313
6,856,Peroxisomal Lipid Metabolism R-HSA-390918,20/29,1.2153532744878597e-19,Metabolism,Reactome_2022,2.3830456362507048e-21,0.0,0.0,50.86390217969166,2415.3185592931973,PHYH;ACBD4;ECI2;CROT;ALDH3A2;ACOXL;NUDT7;AMACR;ACOX2;ACOX1;EHHADH;MLYCD;ACOX3;ACAA1;ACOT6;ABCD1;HAO2;CRAT;SLC27A2;ACOT4,0.6896551724137931
6,856,Peroxisomal Protein Import R-HSA-9033241,25/63,9.857270839468691e-17,Protein localization,Reactome_2022,2.254931237786956e-18,0.0,0.0,15.126037114446769,614.622500942496,ECI2;CROT;HMGCL;LONP2;MLYCD;ACAA1;HAO2;GSTK1;PHYH;EPHX2;PIPOX;DHRS4;NUDT7;AMACR;DAO;ACOX2;ACOX1;EHHADH;ACOT2;ACOX3;AGXT;SLC27A2;CRAT;ACOT4;PAOX,0.3968253968253968
6,856,Linoleic Acid (LA) Metabolism R-HSA-2046105,6/8,2.185432367101586e-06,Metabolism,Reactome_2022,1.5712258848442776e-07,0.0,0.0,67.56,1058.4111418297312,FADS2;ACSL1;ELOVL5;ELOVL2;ELOVL3;ABCD1,0.75
6,856,Mitochondrial Fatty Acid Beta-Oxidation R-HSA-77289,19/36,1.3514129925251365e-15,Metabolism,Reactome_2022,3.5331058628108146e-17,0.0,0.0,25.540305010893245,967.5119409709962,ACOT9;ACADVL;ACAA2;ACSM3;ECI1;ACOT11;ACOT12;ACOT13;DBI;PCTP;ACSF2;MCEE;ACADL;THEM5;ACOT2;ACOT1;ACAD11;ACAD10;DECR1,0.5277777777777778
6,856,Ethanol Oxidation R-HSA-71384,9/11,6.550192509519346e-10,Metabolism,Reactome_2022,2.3546443661670852e-11,0.0,0.0,101.69893742621016,2488.781107298779,ADH1C;ALDH1B1;ALDH2;ADH1B;ADH1A;ALDH1A1;ACSS1;ADH5;ADH6,0.8181818181818182
6,856,Metabolism Of Steroids R-HSA-8957322,28/153,1.690675929063326e-09,Metabolism,Reactome_2022,6.630101682601279e-11,0.0,0.0,5.145236714975845,120.587965558772,AKR1B1;HSD17B14;MSMO1;HSD17B12;SERPINA6;HSD17B11;TM7SF2;HSD11B2;HSD17B1;CYP2R1;HSD17B2;SC5D;GC;STARD3;AKR1C1;CYP51A1;DHCR24;CYP7B1;CYP27A1;CYP39A1;PLPP6;AMACR;ACOX2;SCD;FDX1;DHCR7;OSBPL1A;SLC27A2,0.1830065359477124
6,856,Cytochrome P450 - Arranged By Substrate Type R-HSA-211897,18/65,3.420346001668672e-09,Metabolism,Reactome_2022,1.4530881706435535e-10,0.0,0.0,8.727618950896257,197.69941972001,CYP2J2;CYP4F2;CYP4F3;CYP51A1;CYP4B1;CYP7B1;CYP4F11;CYP4F8;CYP2C18;CYP27A1;CYP39A1;CYP26A1;CYP26C1;CYP4V2;CYP2R1;FDX1;CYP2E1;CYP2F1,0.27692307692307694
6,856,RA Biosynthesis Pathway R-HSA-5365859,11/22,8.287724660424423e-09,Signal Transduction,Reactome_2022,3.7917694524817617e-10,0.0,0.0,22.642603550295856,491.1864096845455,CYP26A1;CYP26C1;ADH1C;DHRS9;RDH11;ADH1A;RDH10;ALDH1A1;RDH16;ALDH8A1;DHRS4,0.5
6,856,SLC-mediated Transmembrane Transport R-HSA-425407,35/247,9.723149035286096e-09,Transport of small molecules,Reactome_2022,4.766249527101028e-10,0.0,0.0,3.8070231884724106,81.7150543109855,SLC27A1;SLC22A5;SLC45A3;SLC44A4;SLC24A3;SLC47A1;SLC35D1;SLC41A2;SLC43A1;SLC1A1;SLC41A1;SLC3A1;SLC4A3;SLC6A20;SLC4A4;SLC25A29;APOD;SLC12A6;RHBG;SLC38A4;SLC15A1;SLC13A3;SLC15A2;SLC2A10;SLC31A1;SLC6A12;CTNS;SLC2A9;SLC7A8;SLCO2A1;SLC27A6;SLC26A7;SLC22A7;SLC26A3;SLC27A4,0.1417004048582996
6,856,Arachidonic Acid Metabolism R-HSA-2142753,16/59,3.870699624974707e-08,Metabolism,Reactome_2022,2.1503886805415042e-09,0.0,0.0,8.461129568106312,168.86398524945912,CYP2J2;CBR1;PON3;HPGD;PON2;CYP4F2;EPHX2;PON1;CYP4F3;CYP4B1;PTGR1;CYP4F11;CYP4F8;PTGR2;FA2H;HPGDS,0.2711864406779661
6,856,Signaling By Retinoic Acid R-HSA-5362517,13/41,1.4534413239781512e-07,Signal Transduction,Reactome_2022,8.549654846930302e-09,0.0,0.0,10.528215556685309,195.5866076729438,ADH1C;ADH1A;DHRS4;CYP26A1;CYP26C1;DHRS9;RDH11;RDH10;LDHD;ALDH1A1;PDK4;RDH16;ALDH8A1,0.3170731707317073
6,856,Alpha-Linolenic (Omega3) And Linoleic (Omega6) Acid Metabolism R-HSA-2046104,8/13,1.8664083150176499e-07,Metabolism,Reactome_2022,1.1588809799129198e-08,0.0,0.0,36.11132075471698,659.8703208648134,FADS2;ACSL1;ELOVL5;ACOX1;ELOVL2;ELOVL3;ACAA1;ABCD1,0.6153846153846154
6,856,Metabolism Of Amino Acids And Derivatives R-HSA-71291,49/364,3.3449706100916846e-11,Metabolism,Reactome_2022,1.09312765035676e-12,0.0,0.0,3.629436871816054,99.96187092807268,DMGDH;GOLT1A;GPT;CSAD;HNMT;VSIG2;GLUL;AASS;HGD;BHMT2;GPT2;BCKDHB;SLC6A12;PIPOX;HOGA1;PRODH2;INMT;SOAT1;ETHE1;IVD;AGXT;ALDH7A1;HPD;ASPA;PAOX;GCDH;PAPSS2;RIDA;LDHD;PCBD1;CRYM;SQOR;BBOX1;FAH;ACADSB;ASS1;AGMAT;GNMT;ALDH4A1;QDPR;GSTZ1;GRHPR;ALDH6A1;GATM;DAO;PAH;PXMP2;SARDH;CDO1,0.1346153846153846
6,856,Protein Localization R-HSA-9609507,33/164,2.7236448376263864e-12,Protein localization,Reactome_2022,8.010720110665844e-14,0.0,0.0,5.81960431487854,175.49255789738626,ABCD2;ECI2;CROT;HMGCL;LDHD;LONP2;MLYCD;ACAA1;HAO2;ABCD1;GSTK1;CYB5A;PHYH;EPHX2;PIPOX;CHCHD10;DHRS4;ALDH3A2;NUDT7;AMACR;DAO;ACOX2;ACOX1;EHHADH;PXMP2;ACOT2;PXMP4;ACOX3;AGXT;SLC27A2;CRAT;ACOT4;PAOX,0.20121951219512196
6,856,acyl-CoA Hydrolase Activity (GO:0047617),10/20,1.322053197048908e-07,catalytic activity,GO_Molecular_Function_2023,2.448246661201681e-09,0.0,0.0,22.617021276595743,448.447894069221,ACOT9;ABCD2;ACAA2;ACOT11;ACOT2;THEM5;ACOT13;ACOT1;ACOT6;ACOT4,0.5
6,856,Cellular Modified Amino Acid Catabolic Process (GO:0042219),8/13,1.3514335119599897e-06,cellular process,GO_Biological_Process_2023,1.1588809799129198e-08,0.0,0.0,36.11132075471698,659.8703208648134,ALDH4A1;SARDH;HOGA1;GGACT;AGXT;CDO1;ABHD12B;PCYOX1,0.6153846153846154
6,856,acyl-CoA Oxidase Activity (GO:0003997),6/6,2.855547324818126e-07,catalytic activity,GO_Molecular_Function_2023,6.043486401731483e-09,0.0,0.0,114864.0,2173719.046131032,ACOXL;ACADL;ACOX2;ACOX1;ACOX3;CRAT,1.0
6,856,Cholesterol Metabolic Process (GO:0008203),17/67,3.161120195101565e-07,cellular process,GO_Biological_Process_2023,2.0851716326527477e-09,0.0,0.0,7.737735399284863,154.66506374647733,STARD3;ACAA2;ABCA5;CYP51A1;MSMO1;DHCR24;HSD17B7;TM7SF2;CYP27A1;PLPP6;SOAT1;FDX1;APOF;DHCR7;OSBPL1A;ABCG1;CES1,0.2537313432835821
6,856,Estradiol 17-Beta-Dehydrogenase [NAD(P)] Activity (GO:0004303),7/9,3.60148391688684e-07,catalytic activity,GO_Molecular_Function_2023,8.574961706873428e-09,0.0,0.0,78.91283863368669,1465.760153690935,DHRS11;HSD17B1;HSD17B2;HSD17B14;HSD17B11;HSD17B7;HSD17B8,0.7777777777777778
6,856,Retinoid Metabolic Process (GO:0001523),13/40,7.675466054211082e-07,cellular process,GO_Biological_Process_2023,6.0755667975285615e-09,0.0,0.0,10.918720618601997,206.57117222399324,ADH1B;AKR1C1;AKR1B1;DHRS4;ADH4;CYP27C1;AKR1B10;RDH11;CYP4V2;RDH10;ALDH1A1;BCO2;ALDH8A1,0.325
6,856,Aldehyde Dehydrogenase [NAD(P)+] Activity (GO:0004030),8/14,8.942680415502715e-07,catalytic activity,GO_Molecular_Function_2023,2.6023673166806844e-08,0.0,0.0,30.09119496855346,525.520428772235,ALDH3A2;ALDH4A1;ALDH3B2;ALDH1L1;ALDH1B1;ALDH2;ALDH1A1;ALDH7A1,0.5714285714285714
6,856,Aldehyde Dehydrogenase (NAD+) Activity (GO:0004029),8/14,8.942680415502715e-07,catalytic activity,GO_Molecular_Function_2023,2.6023673166806844e-08,0.0,0.0,30.09119496855346,525.520428772235,ALDH3A2;ALDH4A1;ALDH3B2;ALDH1L1;ALDH1B1;ALDH2;ALDH1A1;ALDH7A1,0.5714285714285714
6,856,NAD-retinol Dehydrogenase Activity (GO:0004745),9/19,9.134817356676344e-07,catalytic activity,GO_Molecular_Function_2023,2.8999420179924904e-08,0.0,0.0,20.33128689492326,352.86961205484585,ADH4;ADH1C;DHRS9;ADH1B;RDH11;RDH10;RDH16;HSD17B6;ADH6,0.47368421052631576
6,856,Adenyl Nucleotide Binding (GO:0030554),11/31,9.285852179799776e-07,binding,GO_Molecular_Function_2023,3.1935470459628855e-08,0.0,0.0,12.44757396449704,214.83950677479228,BDH2;HPGD;ALDH1B1;ALDH2;HSD17B1;ALDH1A1;SORD;DHCR7;CRYM;NUDT6;TM7SF2,0.3548387096774194
6,856,Alcohol Dehydrogenase [NAD(P)+] Activity (GO:0018455),6/7,1.1006322752684688e-06,catalytic activity,GO_Molecular_Function_2023,4.0764158343276623e-08,0.0,0.0,135.1270588235294,2299.249417497147,ADH4;ADH1C;DHRS9;ADHFE1;ADH6;DHRS4,0.8571428571428571
6,856,NAD Binding (GO:0051287),10/26,1.4030518519482884e-06,binding,GO_Molecular_Function_2023,5.567666079159876e-08,0.0,0.0,14.131205673758863,236.0434879596575,QDPR;BDH2;HPGD;ALDH1B1;ALDH2;ALDH1A1;SORD;CRYL1;HSD17B8;NUDT6,0.38461538461538464
6,856,Purine Nucleoside Bisphosphate Metabolic Process (GO:0034032),10/25,3.177073531098077e-06,cellular process,GO_Biological_Process_2023,3.56268140030787e-08,0.0,0.0,15.074074074074074,258.5228919655406,ACOT9;ACSM3;ACOT12;ACOT2;ACOT1;CROT;MLYCD;ACOT6;ACSF2;ACOT4,0.4
6,856,Bile Acid Metabolic Process (GO:0008206),11/31,3.177073531098077e-06,cellular process,GO_Biological_Process_2023,3.1935470459628855e-08,0.0,0.0,12.44757396449704,214.83950677479228,CYP27A1;CYP39A1;AMACR;SCP2;ACOX2;NPC1;AKR1C1;ACAA1;CYP7B1;OSBPL1A;SLC27A2,0.3548387096774194
6,856,acyl-CoA Metabolic Process (GO:0006637),11/31,3.177073531098077e-06,cellular process,GO_Biological_Process_2023,3.1935470459628855e-08,0.0,0.0,12.44757396449704,214.83950677479228,ACOT9;MCEE;ACSM3;ACOT12;ACOT2;ACOT1;HMGCS2;MLYCD;ACOT6;ACSF2;ACOT4,0.3548387096774194
6,856,Monocarboxylic Acid Biosynthetic Process (GO:0072330),15/65,6.183218449312348e-06,cellular process,GO_Biological_Process_2023,7.341552248523894e-08,0.0,0.0,6.811177170035672,111.88809586083892,SDS;ACSM3;ELOVL4;HOGA1;CYP7B1;HSD17B8;CYP27A1;CYP39A1;GATM;AMACR;SCP2;ACOX2;MLYCD;OSBPL1A;SLC27A2,0.23076923076923078
6,856,Ribonucleoside Bisphosphate Metabolic Process (GO:0033875),10/25,3.177073531098077e-06,cellular process,GO_Biological_Process_2023,3.56268140030787e-08,0.0,0.0,15.074074074074074,258.5228919655406,ACOT9;ACSM3;ACOT12;ACOT2;ACOT1;CROT;MLYCD;ACOT6;ACSF2;ACOT4,0.4
6,856,Alcohol Dehydrogenase (NAD+) Activity (GO:0004022),7/8,1.246762091544995e-07,catalytic activity,GO_Molecular_Function_2023,1.978987446896817e-09,0.0,0.0,157.8339222614841,3163.0992102351274,ADH4;ADH1C;DHRS9;ADH1B;ADHFE1;ADH5;ADH6,0.875
6,856,Flavin Adenine Dinucleotide Binding (GO:0050660),16/55,5.1767008730331447e-08,binding,GO_Molecular_Function_2023,6.847487927292521e-10,0.0,0.0,9.330891330891331,196.9001802681125,GCDH;ACADVL;AOC1;SQOR;SORD;ETFDH;CYB5R1;ACOXL;POR;CYB5R3;ACOX2;ACOX1;LDHD;AOX1;ACOX3;PCYOX1,0.2909090909090909
6,856,Sterol Metabolic Process (GO:0016125),16/60,3.882205230053786e-07,cellular process,GO_Biological_Process_2023,2.816903531041665e-09,0.0,0.0,8.268398268398268,162.78514590643962,STARD3;ABCA5;CYP51A1;MSMO1;CYP7B1;CYP27A1;CYP39A1;CYP26A1;CYP26C1;SOAT1;CYP4V2;FDX1;APOF;OSBPL1A;ABCG1;CES1,0.26666666666666666
6,856,"Oxidoreductase Activity, Acting On The Aldehyde Or Oxo Group Of Donors, NAD Or NADP As Acceptor (GO:0016620)",11/20,1.2308292620071664e-08,catalytic activity,GO_Molecular_Function_2023,9.768486206406083e-11,0.0,0.0,27.677186061801446,637.9390592563421,ALDH3A2;ALDH4A1;ALDH3B2;ALDH6A1;AKR1B10;ALDH2;ALDH1A1;AKR1B1;HSD17B12;FAR2;ALDH8A1,0.55
6,856,Peroxisomal Matrix (GO:0005782),29/49,1.2031977156402542e-25,cellular anatomical structure,GO_Cellular_Component_2023,1.6150304907922876e-27,0.0,0.0,33.53059250302297,2068.517128183545,ECI2;CROT;HMGCL;ACOXL;SCP2;LONP2;MLYCD;ACAA1;CRYM;HAO2;GSTK1;PHYH;AOC1;EPHX2;PIPOX;DHRS4;GRHPR;NUDT7;AMACR;ACOX2;ACOX1;EHHADH;ACOT2;ACOX3;ACOT6;AGXT;CRAT;ACOT4;PAOX,0.5918367346938775
6,856,Microbody Lumen (GO:0031907),29/49,1.2031977156402542e-25,cellular anatomical structure,GO_Cellular_Component_2023,1.6150304907922876e-27,0.0,0.0,33.53059250302297,2068.517128183545,ECI2;CROT;HMGCL;ACOXL;SCP2;LONP2;MLYCD;ACAA1;CRYM;HAO2;GSTK1;PHYH;AOC1;EPHX2;PIPOX;DHRS4;GRHPR;NUDT7;AMACR;ACOX2;ACOX1;EHHADH;ACOT2;ACOX3;ACOT6;AGXT;CRAT;ACOT4;PAOX,0.5918367346938775
6,856,Peroxisome (GO:0005777),40/129,3.6374752399767697e-22,cellular anatomical structure,GO_Cellular_Component_2023,7.323775650959941e-24,0.0,0.0,10.495153117426746,559.086422618714,ABCD2;PEX11A;ECI2;CROT;HMGCL;ACOXL;RIDA;SCP2;LONP2;MLYCD;ACAA1;ACAD11;CRYM;HAO2;GSTK1;PHYH;HSDL2;AOC1;EPHX2;PIPOX;DHRS4;ALDH3A2;GRHPR;NUDT7;AMACR;ACOX2;ACOX1;EHHADH;PXMP2;ACOT2;PXMP4;FAR2;ACOX3;ACOT6;PEX11G;AGXT;SLC27A2;CRAT;ACOT4;PAOX,0.31007751937984496
6,856,Fatty Acid Metabolic Process (GO:0006631),39/122,1.1491012893162278e-20,cellular process,GO_Biological_Process_2023,7.579823808154536e-24,0.0,0.0,10.962513456518854,583.6064207128676,FAAH;ABCD2;ACSM3;HPGD;MSMO1;CROT;HSD17B8;CPT2;MLYCD;ACAA1;HAO2;ABCD1;CYP2J2;PHYH;ACBD4;ELOVL4;ACSL1;CYP4F2;ACOT11;ACSL5;CYP4B1;CYP4F11;ACADSB;ACSF2;FA2H;ACOX2;ACOX1;ACOT2;ACOT1;SLC27A6;ECHDC3;CYP2E1;ACOT6;SLC27A3;SLC27A2;CRAT;ACOT4;CES1;SLC27A4,0.319672131147541
6,856,"Steroid Dehydrogenase Activity, Acting On The CH-OH Group Of Donors, NAD Or NADP As Acceptor (GO:0033764)",11/22,3.583222132595265e-08,catalytic activity,GO_Molecular_Function_2023,3.7917694524817617e-10,0.0,0.0,22.642603550295856,491.1864096845455,DHRS11;DHRS9;AKR1C1;HSD17B1;HSD17B2;RDH16;HSD17B14;HSD17B6;HSD17B11;HSD17B7;HSD17B8,0.5
6,856,"Oxidoreductase Activity, Acting On The CH-OH Group Of Donors, NAD Or NADP As Acceptor (GO:0016616)",33/95,4.291303109459066e-19,catalytic activity,GO_Molecular_Function_2023,1.1352653728727689e-21,0.0,0.0,12.340885038999726,595.1690523718768,DHRS11;H6PD;ADH1C;HPGD;ADH1B;ADH1A;HSD17B6;HSD17B11;HSD17B7;HSD17B8;ADH5;ADH6;ADH4;AKR7A3;RDH11;RDH10;LDHD;RDH16;CBR1;SDR42E1;DCXR;AKR1C1;SORD;PTGR1;DHRS1;DHRS4;GRHPR;BDH2;AKR1B10;BDH1;DHRS9;EHHADH;CRYL1,0.3473684210526316
6,856,Fatty Acid Catabolic Process (GO:0009062),24/61,6.937463410429476e-15,cellular process,GO_Biological_Process_2023,1.3728489598475217e-17,0.0,0.0,14.896309771309772,578.3798904415087,ABCD2;FAAH;PHYH;ACAA2;ECI1;ECI2;CROT;AIG1;MCEE;NUDT7;BDH2;ACADL;CPT2;SCP2;ACOX1;EHHADH;ECHDC2;ACAA1;ACAD11;ACAD10;SLC27A2;HAO2;SLC27A4;DECR1,0.39344262295081966
6,856,Fatty Acid Oxidation (GO:0019395),22/52,1.8133901456302926e-14,cellular process,GO_Biological_Process_2023,4.7846705689453626e-17,0.0,0.0,16.80687450039968,631.5776276190659,ABCD2;PHYH;ACAA2;ECI1;CYP4F2;ECI2;CROT;ADH5;ADH4;BDH2;CPT2;SCP2;ACOX1;CYP4V2;EHHADH;ECHDC2;ACAA1;ACAD11;ACAD10;SLC27A2;HAO2;DECR1,0.4230769230769231
6,856,Fatty Acid Beta-Oxidation (GO:0006635),26/49,3.1281146824548795e-20,cellular process,GO_Biological_Process_2023,4.126800372631767e-23,0.0,0.0,26.042221058145625,1342.2669796372832,GCDH;ABCD2;ACADVL;ACAA2;ECI1;ECI2;ETFDH;CROT;ACOXL;ACADL;CPT2;SCP2;ACAA1;ACAD11;ACAD10;DECR1;BDH2;AMACR;ACOX2;ACOX1;EHHADH;IVD;ECHDC2;ACOX3;SLC27A2;CRAT,0.5306122448979592
6,856,Monocarboxylic Acid Metabolic Process (GO:0032787),27/97,8.041597249249854e-13,cellular process,GO_Biological_Process_2023,3.1826902041885962e-15,0.0,0.0,8.874685507496123,296.2463169290396,ABAT;MSMO1;CROT;SCP2;ACAA1;CYP2J2;ACBD4;AKR1C1;ACOT11;CYP4B1;HOGA1;CYP4F11;ACADSB;ACSF2;FA2H;GRHPR;GATM;BTD;AMACR;NPC1;ACOT2;ACOT1;ECHDC3;ACOT6;AGXT;ACOT4;SLC27A4,0.27835051546391754
6,856,Very Long-Chain Fatty Acid Metabolic Process (GO:0000038),16/32,7.559868701555823e-12,cellular process,GO_Biological_Process_2023,3.490704545573269e-14,0.0,0.0,22.77142857142857,705.5974830089011,ABCD2;ELOVL4;ACSL1;ELOVL5;CYP4F2;ELOVL2;ELOVL3;ACOX2;ACOX1;ACOT2;ACOT1;SLC27A6;ACAA1;SLC27A2;ACOT4;SLC27A4,0.5
6,856,Mitochondrial Matrix (GO:0005759),49/355,1.575150265879149e-11,cellular anatomical structure,GO_Cellular_Component_2023,4.228591317796373e-13,0.0,0.0,3.7379708595540655,106.50128373977492,DMGDH;ACADVL;ACAA2;ALAS1;ACSM3;ECI1;ABAT;OGDHL;MCEE;ACADL;ALDH2;CA5A;PDK4;MLYCD;HMGCS2;ACAD10;AASS;ACOT9;GSTK1;GPT2;BCKDHB;HOGA1;CYP27A1;BTD;BDH1;TST;ETHE1;IVD;FDX1;ACOT2;ALDH7A1;GCDH;ETFDH;HSD17B8;HMGCL;RIDA;ALDH1B1;THEM5;BCO2;ACSS1;DECR1;ADHFE1;ACADSB;ACSF2;ETNPPL;ALDH4A1;GSTZ1;ALDH6A1;SARDH,0.13802816901408452
6,856,Long-Chain Fatty Acid Metabolic Process (GO:0001676),22/78,1.6494935616710966e-10,cellular process,GO_Biological_Process_2023,8.704451512776236e-13,0.0,0.0,8.991435423090099,249.6901084688268,CYP2J2;FAAH;ACSL1;ELOVL5;ELOVL2;CYP4F2;ELOVL3;ACSL5;PTGR1;AIG1;CYP4F11;ACADL;CPT2;SCP2;ACOT2;ACOT1;CYP2E1;ACAA1;SLC27A3;SLC27A2;ACOT4;SLC27A4,0.28205128205128205
6,856,CoA Hydrolase Activity (GO:0016289),10/15,9.14648936690586e-09,catalytic activity,GO_Molecular_Function_2023,4.839412363442253e-11,0.0,0.0,45.24586288416076,1074.6635698772131,ACOT9;ABCD2;ACAA2;ACOT11;ACOT12;ACOT2;ACOT13;ACOT1;ACOT6;ACOT4,0.6666666666666666
6,856,Steroid Metabolic Process (GO:0008202),28/92,2.228996969076261e-14,cellular process,GO_Biological_Process_2023,7.351573117006139e-17,0.0,0.0,10.081521739130435,374.5187763274379,DHRS11;HSD17B14;MSMO1;HSD17B6;HSD11B2;SCP2;CYP4V2;HSD17B1;CYP2R1;HSD17B2;RDH16;ACAA1;CBR1;STARD3;AKR1C1;CYP51A1;DHCR24;CYP7B1;DHRS4;CYP27A1;CYP39A1;CYP26A1;CYP26C1;AMACR;BDH1;NPC1;DHRS9;CYP2E1,0.30434782608695654
6,856,Fatty Acid Beta-Oxidation Using acyl-CoA Oxidase (GO:0033540),9/11,3.966267621232557e-09,cellular process,GO_Biological_Process_2023,2.3546443661670852e-11,0.0,0.0,101.69893742621016,2488.781107298779,ACOXL;AMACR;ACOX2;SCP2;ACOX1;EHHADH;ACOX3;CROT;CRAT,0.8181818181818182
7,543,Potassium Ion Transmembrane Transport (GO:0071805),19/137,4.83803707358701e-07,localization,GO_Biological_Process_2023,5.755537456331642e-09,0.0,0.0,5.9425701901927805,112.7489987377793,HCN4;KCNH3;LRRC26;KCNG3;KCNH7;KCND3;KCNH8;KCNK12;KCNC4;KCNK15;KCNA5;SLC9A2;SLC9A3;KCNV1;KCNS2;KCNS3;KCNQ3;KCNK3;KCNH1,0.1386861313868613
7,543,Voltage-Gated Potassium Channel Complex (GO:0008076),14/73,5.612328426860411e-07,protein-containing complex,GO_Cellular_Component_2023,8.503527919485471e-09,0.0,0.0,8.701163051488257,161.6918397142233,DPP10;HCN4;LRRC26;KCNG3;KCND3;KCNC4;KCNAB1;KCNA5;KCNV1;DPP6;KCNS2;KCNS3;KCNQ3;KCNH1,0.1917808219178082
7,543,GPCR Ligand Binding R-HSA-500792,113/458,3.469394326183527e-74,Signal Transduction,Reactome_2022,1.541953033859345e-76,0.0,0.0,14.557842938995618,2541.2668112316264,NPFFR2;OXTR;VIPR1;VIPR2;SCT;CHRM4;NPY2R;RRH;GRPR;HTR4;RXFP1;HTR6;HTR7;ADORA1;OXER1;PTGDR;GHSR;NPFF;NPY1R;GPR37L1;TAAR1;TRHR;MTNR1A;LTB4R2;CALCRL;GIPR;ADRB1;MCHR1;CRHR1;MCHR2;GHRHR;MC2R;CALCR;GALR3;HRH3;GALR2;HRH2;GALR1;NPBWR2;PENK;HRH4;PPY;TAC3;HCRT;DRD2;TAC1;DRD4;NTSR1;DRD5;NTSR2;HTR1F;HTR1A;HTR1B;NMBR;PYY;MC1R;NMUR1;UCN;MLNR;HTR2C;ADRA1D;OXT;PTH1R;TRH;ADRA1A;LTB4R;BRS3;CCKAR;UCN3;GRM7;GRM6;GPER1;GRM8;FFAR4;PRLHR;QRFPR;GPR39;AVPR1B;EDN3;NPY5R;GLP2R;TACR2;TACR3;GPBAR1;PTH2R;TACR1;AVPR1A;SSTR1;ADRA2C;SSTR2;ADRA2A;SSTR4;SSTR5;ADORA2A;ADRB3;CCKBR;RGR;OPRD1;RAMP2;PLPPR1;PLPPR3;PLPPR5;OPRL1;PTH2;P2RY2;GPHA2;GABBR2;GPR55;SCTR;GPR4;HCRTR1;GPR143;MC5R,0.24672489082969432
7,543,GPCR Downstream Signaling R-HSA-388396,111/619,9.588703926966053e-58,Signal Transduction,Reactome_2022,1.704658475905076e-59,0.0,0.0,9.584331255468069,1296.943613471306,NPFFR2;VIPR1;OXTR;VIPR2;SCT;CHRM4;NPY2R;RRH;GRPR;HTR4;RXFP1;HTR6;HTR7;ADORA1;OXER1;PTGDR;GHSR;NPFF;NPY1R;GPR37L1;TAAR1;TRHR;MTNR1A;LTB4R2;CALCRL;GIPR;GPR83;ADRB1;MCHR1;CRHR1;MCHR2;GHRHR;MC2R;CALCR;GALR3;GALR2;HRH2;GALR1;PENK;HRH4;NPBWR2;PPY;TAC3;HCRT;TAC1;DRD4;NTSR1;DRD5;NTSR2;HTR1F;HTR1B;NMBR;PYY;MC1R;NMUR1;GPR27;GPR25;MLNR;HTR2C;ADRA1D;OXT;PTH1R;TRH;ADRA1A;LTB4R;BRS3;CCKAR;GRM7;GRM6;GPER1;GRM8;FFAR4;QRFPR;GPR39;AVPR1B;EDN3;NPY5R;GPR32;GLP2R;TACR2;TACR3;GPBAR1;PTH2R;TACR1;AVPR1A;SSTR1;ADRA2C;SSTR2;ADRA2A;SSTR4;SSTR5;ADORA2A;CCKBR;ADRB3;RGR;OPRD1;RAMP2;GPR45;OPRL1;PTH2;GPR150;P2RY2;RGS22;GPHA2;GABBR2;GPR55;SCTR;GPR4;HCRTR1;GPR143;MC5R,0.17932148626817448
7,543,Signaling By GPCR R-HSA-372790,120/689,3.3570065434058644e-61,Signal Transduction,Reactome_2022,4.4760087245411527e-63,0.0,0.0,9.417043712373331,1351.9496794423808,NPFFR2;VIPR1;OXTR;VIPR2;SCT;CHRM4;NPY2R;RRH;GRPR;HTR4;RXFP1;HTR6;HTR7;ADORA1;OXER1;PTGDR;GHSR;NPFF;NPY1R;GPR37L1;TAAR1;TRHR;MTNR1A;LTB4R2;CALCRL;GIPR;GPR83;ADRB1;MCHR1;CRHR1;MCHR2;GHRHR;MC2R;CALCR;GALR3;HRH3;GALR2;HRH2;GALR1;PENK;HRH4;NPBWR2;PPY;TAC3;HCRT;DRD2;TAC1;DRD4;NTSR1;DRD5;NTSR2;HTR1F;HTR1A;HTR1B;NMBR;PYY;MC1R;NMUR1;GPR27;UCN;GPR25;MLNR;HTR2C;ADRA1D;OXT;PTH1R;TRH;ADRA1A;LTB4R;BRS3;CCKAR;UCN3;GRM7;GRM6;GPER1;GRM8;FFAR4;PRLHR;QRFPR;GPR39;AVPR1B;EDN3;NPY5R;GPR32;GLP2R;TACR2;TACR3;GPBAR1;PTH2R;TACR1;AVPR1A;SSTR1;ADRA2C;SSTR2;ADRA2A;SSTR4;SSTR5;ADORA2A;CCKBR;ADRB3;RGR;OPRD1;RAMP2;PLPPR1;GPR45;PLPPR3;PLPPR5;OPRL1;PTH2;GPR150;P2RY2;RGS22;GPHA2;GABBR2;GPR55;SCTR;GPR4;HCRTR1;GPR143;MC5R,0.1741654571843251
7,543,Adrenergic Receptor Signaling Pathway (GO:0071875),8/18,7.666262990151246e-07,cellular process,GO_Biological_Process_2023,9.656594389273788e-09,0.0,0.0,29.079626168224294,536.6826698435929,ADRB3;ADRA1D;ADRB1;ADRA2C;DRD2;GPR101;ADRA2A;DRD5,0.4444444444444444
7,543,Hormone Activity (GO:0005179),12/74,8.725350716048038e-06,binding,GO_Molecular_Function_2023,6.739092016459867e-07,0.0,0.0,7.069436850738108,100.45790263992798,UCN;NPPC;PYY;EDN3;GRP;NPFF;PENK;PPY;OXT;CCK;TRH;HCRT,0.16216216216216217
7,543,Potassium Channel Activity (GO:0005267),14/79,3.368329376864864e-07,transporter activity,GO_Molecular_Function_2023,2.464631251364535e-08,0.0,0.0,7.895535844118075,138.31903854388972,HCN4;KCNH3;LRRC26;KCND3;KCNH8;KCNK12;KCNC4;KCNK15;KCNV1;KCNT1;KCNS2;KCNS3;KCNQ3;KCNK3,0.17721518987341772
7,543,Phospholipase C-activating G Protein-Coupled Receptor Signaling Pathway (GO:0007200),23/83,4.9177189061383476e-15,cellular process,GO_Biological_Process_2023,2.40895957613495e-17,0.0,0.0,14.299070512820514,547.1503818238605,OPRD1;GPR32;GPR55;OPRL1;HTR2C;ADRA1D;GPR83;GPR4;PTH1R;TACR1;NMBR;GRPR;LTB4R;ADRA2A;TRHR;GPR174;CCKAR;CCKBR;GALR2;NMUR1;GPR139;DRD2;DRD5,0.27710843373493976
7,543,Adenylate Cyclase-Inhibiting G Protein-Coupled Receptor Signaling Pathway (GO:0007193),19/52,7.586374951932536e-15,cellular process,GO_Biological_Process_2023,4.2470958443289206e-17,0.0,0.0,21.342586167013646,804.5666487802696,GABBR2;GABBR1;HTR1F;CHRM4;NPY1R;OPRL1;HTR1A;HTR1B;GPR37L1;MCHR1;ADRA2A;MTNR1A;GRM7;HRH3;GRM8;HRH4;OXER1;DRD2;DRD4,0.36538461538461536
7,543,Neuropeptide Hormone Activity (GO:0005184),9/26,2.247047905636721e-07,binding,GO_Molecular_Function_2023,1.5528379835700917e-08,0.0,0.0,19.272967614011897,346.5394546040373,UCN;PYY;GRP;NPFF;PENK;PPY;OXT;CCK;HCRT,0.34615384615384615
7,543,Class A/1 (Rhodopsin-like Receptors) R-HSA-373076,93/327,1.0340501543566968e-66,Signal Transduction,Reactome_2022,9.191556927615079e-69,0.0,0.0,16.977578347578348,2659.7088853473247,NPFFR2;OXTR;CHRM4;NPY2R;MLNR;RRH;HTR2C;ADRA1D;OXT;TRH;GRPR;HTR4;RXFP1;ADRA1A;LTB4R;BRS3;HTR6;HTR7;CCKAR;GPER1;FFAR4;ADORA1;OXER1;PRLHR;QRFPR;PTGDR;GPR39;GHSR;AVPR1B;EDN3;NPY5R;NPFF;TACR2;NPY1R;GPBAR1;TACR3;GPR37L1;AVPR1A;TACR1;SSTR1;ADRA2C;SSTR2;TAAR1;ADRA2A;SSTR4;TRHR;SSTR5;MTNR1A;ADRB3;CCKBR;LTB4R2;ADORA2A;RGR;OPRD1;PLPPR1;PLPPR3;PLPPR5;OPRL1;ADRB1;MCHR1;MCHR2;MC2R;GALR3;HRH3;GALR2;HRH2;GALR1;P2RY2;NPBWR2;PENK;HRH4;PPY;TAC3;HCRT;DRD2;TAC1;GPHA2;NTSR1;DRD4;NTSR2;DRD5;HTR1F;GPR55;HTR1A;HTR1B;GPR4;NMBR;HCRTR1;PYY;GPR143;MC1R;MC5R;NMUR1,0.28440366972477066
7,543,Adenylate Cyclase-Activating Adrenergic Receptor Signaling Pathway (GO:0071880),8/15,1.3630514771990024e-07,cellular process,GO_Biological_Process_2023,1.5261598065209263e-09,0.0,0.0,41.54873164218959,843.4604915111042,ADRB3;ADRA1D;ADRB1;ADRA2C;DRD2;GPR101;ADRA2A;DRD5,0.5333333333333333
7,543,Embryonic Organ Morphogenesis (GO:0048562),12/44,1.2941687589047398e-07,developmental process,GO_Biological_Process_2023,1.3584696559531904e-09,0.0,0.0,13.71822033898305,280.08362919228523,TBX1;MESP1;SOX17;SIX2;SIX1;TCF21;HOXC4;ALX1;HOXD4;HOXC9;DSCAML1;HOXD9,0.2727272727272727
7,543,Voltage-Gated Potassium Channel Activity (GO:0005249),15/80,5.676776546232387e-08,transporter activity,GO_Molecular_Function_2023,3.461449113556333e-09,0.0,0.0,8.475524475524475,165.11659553938014,HCN4;KCNH3;LRRC26;KCNG3;KCND3;KCNH7;KCNH8;KCNC4;KCNA5;KCNV1;KCNT1;KCNS2;KCNS3;KCNQ3;KCNH1,0.1875
7,543,Neuron Differentiation (GO:0030182),23/173,3.453795404432285e-08,cellular process,GO_Biological_Process_2023,3.3837043850281306e-10,0.0,0.0,5.693089743589743,124.14852400622804,IRX1;IRX2;EMX2;GSX1;IRX4;EN2;EN1;OTP;FOXN4;BHLHE23;VAX1;ASCL2;VAX2;PHOX2A;ISL2;LHX6;LHX5;INSM2;LMX1B;VSX1;ATOH1;PITX3;LHX8,0.1329479768786127
7,543,Axon Development (GO:0061564),18/99,1.7508021782414478e-08,cellular process,GO_Biological_Process_2023,1.592752156552752e-10,0.0,0.0,8.201481481481482,185.02860024664636,OLIG3;RTN4RL2;CCK;OLIG2;BHLHE23;ISL1;PAX2;NEUROD2;ISL2;GRM7;CRTAC1;SLITRK1;SLITRK3;MGARP;DRD2;DSCAML1;NEUROG1;ATOH1,0.18181818181818182
7,543,Potassium Ion Transport (GO:0006813),20/122,1.2866827841859078e-08,localization,GO_Biological_Process_2023,1.080489391898593e-10,0.0,0.0,7.256401604618903,166.52307398760223,HCN4;KCNH3;LRRC26;KCNG3;KCNH7;KCND3;KCNH8;KCNK12;KCNC4;KCNK15;KCNAB1;KCNA5;SLC9A2;SLC9A3;KCNV1;KCNS2;KCNS3;KCNQ3;KCNK3;KCNH1,0.16393442622950818
7,543,Generation Of Neurons (GO:0048699),24/172,6.4737940816726715e-09,cellular process,GO_Biological_Process_2023,4.983326444954471e-11,0.0,0.0,6.03311982502734,143.1197100611518,IRX1;IRX2;EMX2;GSX1;IRX4;EN2;SIX1;EN1;OTP;CCK;CELSR1;VAX1;ASCL2;VAX2;NELL1;TAFA3;SIX3;LHX6;LHX5;INSM2;LMX1B;ASTN1;LHX8;ADGRL3,0.13953488372093023
7,543,Anterograde Trans-Synaptic Signaling (GO:0098916),29/199,2.178553363355449e-11,cellular process,GO_Biological_Process_2023,1.5245299953502098e-13,0.0,0.0,6.40104142824445,188.90702284236005,CHRM4;KCNC4;HTR2C;HTR4;SLC6A2;HTR6;HTR7;GALR3;PTCHD1;HRH3;GRM7;HRH2;PENK;HRH4;HCRT;ASIC2;NTSR1;DRD4;DRD5;GABBR2;NPY5R;HTR1F;NPFF;HTR1A;HTR1B;HCRTR1;KCNQ3;ZACN;KCNK3,0.1457286432160804
7,543,Serotonin Receptor Activity (GO:0099589),12/26,1.7067704267014378e-11,molecular transducer activity,GO_Molecular_Function_2023,9.7133276316342e-13,0.0,0.0,31.38498789346247,868.1121322345946,HTR6;HTR7;HRH3;HRH2;HTR1F;CHRM4;HRH4;HTR1A;HTR2C;HTR1B;HTR4;DRD4,0.46153846153846156
7,543,Neuropeptide Binding (GO:0042923),13/28,1.843664645519096e-12,binding,GO_Molecular_Function_2023,9.74294324867815e-14,0.0,0.0,31.79194968553459,952.4756233485368,OPRD1;NPY5R;NPY4R;OPRL1;NPY1R;SSTR1;SSTR2;MCHR1;SSTR4;SSTR5;NPBWR2;PRLHR;NMUR1,0.4642857142857143
7,543,G Protein-Coupled Serotonin Receptor Activity (GO:0004993),12/21,6.859642538403896e-13,molecular transducer activity,GO_Molecular_Function_2023,3.3461670919043395e-14,0.0,0.0,48.83364720652856,1515.228755391748,HTR6;HTR7;HRH3;HTR1F;HRH2;CHRM4;HRH4;HTR1A;HTR1B;HTR2C;HTR4;DRD4,0.5714285714285714
7,543,Adenylate Cyclase-Activating G Protein-Coupled Receptor Signaling Pathway (GO:0007189),27/110,2.940701204826851e-16,cellular process,GO_Biological_Process_2023,1.2347240888006372e-18,0.0,0.0,12.213925469319136,503.6495727458639,RAMP2;CALCRL;GPR26;GIPR;ADRB1;ADRA1D;PTH1R;CRHR1;GHRHR;MC2R;CALCR;UCN3;GPER1;DRD2;GPHA2;DRD5;GCGR;GPR4;ADRA2C;ADRA2A;GIP;MC1R;ADORA2A;ADRB3;MC5R;GPR101;ADGRL3,0.24545454545454545
7,543,Neuropeptide Activity (GO:0160041),9/26,2.247047905636721e-07,binding,GO_Molecular_Function_2023,1.5528379835700917e-08,0.0,0.0,19.272967614011897,346.5394546040373,UCN;PYY;GRP;NPFF;PENK;PPY;OXT;CCK;HCRT,0.34615384615384615
7,543,Transcription Cis-Regulatory Region Binding (GO:0000976),54/474,8.795317139226293e-18,binding,GO_Molecular_Function_2023,3.5753321704171924e-19,0.0,0.0,5.005346187554776,212.60237303138075,BARHL1;MESP1;BARHL2;HMX3;TCF21;SIX1;OTP;HOXC13;HOXC10;FERD3L;DMBX1;SOX17;SOX18;FOXD3;TCF15;ESX1;ISL1;PAX2;ISL2;HAND1;HOXB1;LMX1B;HOXB8;HMX2;HMX1;CASZ1;ASCL4;GATA5;BARX1;ASCL2;NPAS1;BARX2;GBX1;ALX3;NKX2-1;ALX1;MSC;BHLHA9;CDX2;TFAP2E;FOXJ1;FOXN4;SCRT1;PHOX2A;LHX6;HOXD4;LHX5;SIM1;HOXD9;SIM2;HOXD8;VSX1;LHX8;VSX2,0.11392405063291139
7,543,G Alpha (Q) Signaling Events R-HSA-416476,39/212,3.962166394843168e-20,Signal Transduction,Reactome_2022,1.7609628421525194e-21,0.0,0.0,8.625516102394714,412.19983990328257,NPFFR2;OXTR;MLNR;HTR2C;ADRA1D;OXT;TRH;GRPR;MCHR1;ADRA1A;MCHR2;LTB4R;BRS3;CCKAR;P2RY2;FFAR4;TAC3;HCRT;TAC1;QRFPR;NTSR1;NTSR2;GPR39;GHSR;AVPR1B;EDN3;NPFF;TACR2;TACR3;GPR4;NMBR;AVPR1A;TACR1;TRHR;HCRTR1;GPR143;CCKBR;LTB4R2;NMUR1,0.18396226415094338
7,543,Neuropeptide Signaling Pathway (GO:0007218),26/68,7.567438002571398e-21,cellular process,GO_Biological_Process_2023,1.5886853749275154e-23,0.0,0.0,23.24721377912867,1220.3985268596507,OPRD1;GRP;OPRL1;GPR83;MCHR1;LTB4R;MCHR2;GALR3;GALR2;GALR1;NPBWR2;PENK;PPY;NTSR1;NTSR2;ECEL1;SORCS1;SSTR1;SORCS3;SSTR2;SSTR4;SSTR5;HCRTR1;PYY;LTB4R2;NMUR1,0.38235294117647056
7,543,Orexin And Neuropeptides FF And QRFP Bind To Their Respective Receptors R-HSA-389397,5/8,8.527412399269585e-06,Signal Transduction,Reactome_2022,7.579922132684075e-07,0.0,0.0,60.26641883519207,849.3100955837748,NPFFR2;NPFF;HCRT;QRFPR;HCRTR1,0.625
7,543,Adrenoceptors R-HSA-390696,6/9,3.615945080044253e-07,Signal Transduction,Reactome_2022,3.0534647342595914e-08,0.0,0.0,72.45437616387338,1253.7797836385007,ADRB3;ADRA1D;ADRB1;ADRA2C;ADRA1A;ADRA2A,0.6666666666666666
7,543,Potassium Channels R-HSA-1296071,16/102,1.92362089547335e-07,Neuronal System,Reactome_2022,1.53889671637868e-08,0.0,0.0,6.83853316270244,123.02257877688096,HCN4;KCNH3;GABBR2;KCNG3;KCNH7;KCND3;KCNH8;KCNC4;KCNAB1;KCNA5;KCNV1;KCNS2;KCNS3;KCNQ3;KCNK3;KCNH1,0.1568627450980392
7,543,Tachykinin Receptors Bind Tachykinins R-HSA-380095,5/5,1.9173977734756597e-07,Signal Transduction,Reactome_2022,1.4487005399593872e-08,0.0,0.0,97285.0,1755995.5894847708,TACR2;TACR3;TAC3;TACR1;TAC1,1.0
7,543,Class B/2 (Secretin Family Receptors) R-HSA-373080,16/92,4.620265908736209e-08,Signal Transduction,Reactome_2022,3.285522423990193e-09,0.0,0.0,7.74233496454609,151.23675946378185,UCN;VIPR1;RAMP2;VIPR2;CALCRL;SCT;GIPR;GLP2R;SCTR;PTH2R;PTH1R;PTH2;CRHR1;GHRHR;CALCR;UCN3,0.17391304347826086
7,543,Serotonin Receptors R-HSA-390666,7/11,4.620265908736209e-08,Signal Transduction,Reactome_2022,3.1419550272187927e-09,0.0,0.0,63.51259328358209,1243.476265378503,HTR6;HTR7;HTR1F;HTR1A;HTR1B;HTR2C;HTR4,0.6363636363636364
7,543,Voltage Gated Potassium Channels R-HSA-1296072,13/43,1.053329787248103e-09,Neuronal System,Reactome_2022,6.554052009543752e-11,0.0,0.0,15.8837106918239,372.4468478999401,KCNH3;KCNG3;KCND3;KCNH7;KCNH8;KCNC4;KCNA5;KCNAB1;KCNV1;KCNS2;KCNS3;KCNQ3;KCNH1,0.3023255813953488
7,543,G Alpha (I) Signaling Events R-HSA-418594,39/312,3.2845425901226496e-14,Signal Transduction,Reactome_2022,1.751756048065413e-15,0.0,0.0,5.437641723356009,184.7610477425032,OPRD1;CHRM4;NPY2R;OPRL1;RRH;MCHR1;MCHR2;GALR3;GRM7;GALR2;GRM6;GALR1;GPER1;NPBWR2;PENK;HRH4;GRM8;PPY;ADORA1;OXER1;RGS22;DRD4;GABBR2;NPY5R;HTR1F;GPR55;NPY1R;HTR1B;GPR37L1;SSTR1;ADRA2C;SSTR2;ADRA2A;SSTR4;SSTR5;PYY;MTNR1A;NMUR1;RGR,0.125
7,543,Leishmania Infection R-HSA-9658195,37/247,5.021988604662315e-16,Disease,Reactome_2022,2.45519442894602e-17,0.0,0.0,6.701853943158291,256.317367621099,GPR27;VIPR1;GPR25;RAMP2;VIPR2;CALCRL;GPR45;SCT;GIPR;ADRB1;GPR83;PTH1R;PTH2;HTR4;RXFP1;CRHR1;GHRHR;HTR6;MC2R;HTR7;CALCR;HRH2;GPR150;GPHA2;PTGDR;DRD5;GPR39;GPR32;GLP2R;SCTR;GPBAR1;PTH2R;TAAR1;MC1R;ADRB3;ADORA2A;MC5R,0.14979757085020243
7,543,Chemical Synaptic Transmission (GO:0007268),37/273,1.092489647069512e-13,cellular process,GO_Biological_Process_2023,6.880620590360818e-16,0.0,0.0,5.955458230052924,207.9208444855994,CHRM4;KCNC4;HTR2C;HTR4;SLC6A2;HTR6;HTR7;GALR3;PTCHD1;HRH3;GRM7;HRH2;PENK;HRH4;RIMBP3C;HCRT;ASIC2;DRD2;NTSR1;DRD4;RIMBP3B;DRD5;GABBR2;GABBR1;SLC32A1;NPY5R;HTR1F;GRID1;NPFF;HTR1A;HTR1B;SHISA6;HCRTR1;KCNQ3;RIMBP3;ZACN;KCNK3,0.13553113553113552
7,543,Anti-inflammatory Response Favoring Leishmania Infection R-HSA-9662851,37/165,3.418560016622625e-22,Disease,Reactome_2022,1.3674240066490502e-23,0.0,0.0,11.042073246047432,581.3268233623695,GPR27;VIPR1;GPR25;RAMP2;VIPR2;CALCRL;GPR45;SCT;GIPR;ADRB1;GPR83;PTH1R;PTH2;HTR4;RXFP1;CRHR1;GHRHR;HTR6;MC2R;HTR7;CALCR;HRH2;GPR150;GPHA2;PTGDR;DRD5;GPR39;GPR32;GLP2R;SCTR;GPBAR1;PTH2R;TAAR1;MC1R;ADORA2A;ADRB3;MC5R,0.22424242424242424
7,543,"G Protein-Coupled Receptor Signaling Pathway, Coupled To Cyclic Nucleotide Second Messenger (GO:0007187)",22/50,3.5825078810764788e-19,cellular process,GO_Biological_Process_2023,1.0028013662915266e-21,0.0,0.0,29.300658075130244,1416.730461353503,OPRD1;VIPR1;CALCRL;HTR1F;CHRM4;NPY1R;HTR1A;HTR2C;HTR1B;PTH1R;HTR4;HTR6;MTNR1A;MC2R;HTR7;MC1R;GALR3;HRH3;HRH2;HRH4;MC5R;DRD4,0.44
7,543,Amine Ligand-Binding Receptors R-HSA-375280,22/40,4.637085155857432e-23,Signal Transduction,Reactome_2022,1.6487413887493092e-24,0.0,0.0,45.60226060993816,2497.272364944455,HTR1F;CHRM4;HTR1A;HTR2C;HTR1B;ADRA1D;ADRB1;HTR4;ADRA2C;ADRA1A;TAAR1;ADRA2A;HTR6;GPR143;HTR7;HRH3;ADRB3;HRH2;HRH4;DRD2;DRD4;DRD5,0.55
7,543,ADORA2B Mediated Anti-Inflammatory Cytokine Production R-HSA-9660821,37/131,6.65871829553507e-26,Disease,Reactome_2022,1.7756582121426848e-27,0.0,0.0,15.062463207467832,927.781855380358,GPR27;VIPR1;GPR25;RAMP2;VIPR2;CALCRL;GPR45;SCT;GIPR;ADRB1;GPR83;PTH1R;PTH2;HTR4;RXFP1;CRHR1;GHRHR;HTR6;MC2R;HTR7;CALCR;HRH2;GPR150;GPHA2;PTGDR;DRD5;GPR39;GPR32;GLP2R;SCTR;GPBAR1;PTH2R;TAAR1;MC1R;ADORA2A;ADRB3;MC5R,0.2824427480916031
7,543,Peptide Ligand-Binding Receptors R-HSA-375276,52/196,4.5976544771774856e-35,Signal Transduction,Reactome_2022,1.0217009949283302e-36,0.0,0.0,14.203948857207513,1177.1038895298204,NPFFR2;OXTR;NPY2R;MLNR;OXT;TRH;GRPR;RXFP1;BRS3;CCKAR;GPER1;PRLHR;QRFPR;GHSR;AVPR1B;EDN3;NPY5R;NPFF;TACR2;NPY1R;TACR3;GPR37L1;AVPR1A;TACR1;SSTR1;SSTR2;SSTR4;TRHR;SSTR5;CCKBR;OPRD1;OPRL1;MCHR1;MCHR2;MC2R;GALR3;GALR2;GALR1;NPBWR2;PENK;PPY;TAC3;HCRT;TAC1;NTSR1;NTSR2;NMBR;HCRTR1;PYY;MC1R;MC5R;NMUR1,0.2653061224489796
7,543,cAMP signaling pathway,25/216,4.1403788298277626e-08,Signal transduction,KEGG_2021_Human,1.134350364336373e-09,0.0,0.0,4.868200287048454,100.27132277951692,HCN4;OXTR;VIPR2;GIPR;ADRB1;OXT;HTR4;HTR6;MC2R;ADORA1;DRD2;DRD5;GABBR2;GHSR;GABBR1;EDN3;HTR1F;NPY1R;HTR1A;HTR1B;SSTR1;SSTR2;GIP;SSTR5;ADORA2A,0.11574074074074074
7,543,Neuroactive ligand-receptor interaction,108/341,5.895262560529422e-84,Signaling molecules and interaction,KEGG_2021_Human,8.075702137711536e-86,0.0,0.0,20.484356963149327,4013.570898385884,NPFFR2;OXTR;VIPR1;VIPR2;SCT;CHRM4;NPY2R;GRPR;HTR4;RXFP1;HTR6;HTR7;ADORA1;PTGDR;GHSR;NPFF;NPY1R;TAAR2;TAAR1;TRHR;MTNR1A;LTB4R2;CALCRL;GIPR;ADRB1;GPR83;MCHR1;CRHR1;MCHR2;GHRHR;MC2R;HRH1;CALCR;GALR3;HRH3;GALR2;HRH2;GALR1;NPBWR2;PENK;HRH4;PPY;TAC3;HCRT;DRD2;TAC1;NTSR1;DRD4;NTSR2;DRD5;HTR1F;HTR1A;HTR1B;NMBR;PYY;MC1R;NMUR1;UCN;MLNR;HTR2C;ADRA1D;OXT;PTH1R;TRH;ADRA1A;MLN;LTB4R;BRS3;CCKAR;UCN3;GRM7;GRM6;GRM8;PRLHR;AVPR1B;EDN3;NPY5R;GRID1;GLP2R;TACR2;TACR3;PTH2R;AVPR1A;TACR1;SSTR1;ADRA2C;SSTR2;ADRA2A;SSTR4;GIP;SSTR5;ADRB3;CCKBR;ADORA2A;OPRD1;GRP;NPY4R;OPRL1;PTH2;P2RY2;GABBR2;GABBR1;GCGR;SCTR;GPR50;CCK;HCRTR1;MC5R,0.31671554252199413
7,543,G Protein-Coupled Receptor Activity (GO:0004930),67/250,4.1521277732471136e-45,molecular transducer activity,GO_Molecular_Function_2023,1.6878568183931354e-47,0.0,0.0,14.824792211966754,1596.6010616914486,NPFFR2;GPR27;VIPR1;VIPR2;GPR26;MLNR;RRH;PTH1R;GRPR;RXFP1;LTB4R;GPR174;GRM6;GPER1;GRM8;FFAR4;ADORA1;OXER1;PRLHR;QRFPR;GPR39;GHSR;GPR32;GLP2R;GPBAR1;TAAR2;PTH2R;GPR37L1;TAAR1;TRHR;MTNR1A;LTB4R2;ADORA2A;RGR;OPRD1;CALCRL;GPR45;GIPR;NPY4R;GPR88;OPRL1;GPR83;MCHR1;CRHR1;MCHR2;GHRHR;GALR1;GPR150;NPBWR2;DRD2;NTSR1;NTSR2;DRD5;GABBR2;GABBR1;GPR55;SCTR;GPR4;GPR50;GPR6;HCRTR1;GPR143;MC1R;NMUR1;GPR101;LGR5;ADGRL3,0.268
7,543,Sequence-Specific Double-Stranded DNA Binding (GO:1990837),104/715,1.5562329263878696e-44,binding,GO_Molecular_Function_2023,1.2652300214535524e-46,0.0,0.0,7.307129355886202,772.2441768855275,FERD3L;SOX17;SOX18;GSC2;PITX1;PKNOX2;PITX3;NKX2-8;NKX6-2;ESX1;SOX14;OVOL1;POU3F1;ISL1;POU3F4;ISL2;HOXB1;LMX1B;HOXB8;HOXB6;DLX1;DLX3;DLX4;HOXD1;GATA5;BHLHE23;HOXB13;NEUROD2;NKX2-1;ALX3;HOXC4;ALX1;HOXC9;ASIC2;MSC;NKX2-3;TFAP2E;EVX1;SCRT1;PHOX2A;TLX3;FEV;LHX6;HOXD4;LHX5;HOXD9;HOXD8;VSX1;LHX8;VSX2;BARHL1;MESP1;BARHL2;ONECUT2;TCF21;SIX1;HOXC13;HOXC12;HOXC11;HOXC10;DMBX1;SIX6;SIX2;SIX3;FOXD3;EMX2;FOXD2;OLIG3;EN2;EN1;OLIG2;PAX2;ADRA2A;PAX1;DMRTA2;PAX7;PAX9;HAND1;HMX2;HMX1;HOXD12;HOXD11;ASCL2;HOXD10;BARX2;HSF4;SHOX;HES2;ATOH1;TBX1;IRX1;FOXB1;SKOR1;GSX1;CDX2;GSX2;UNCX;FOXJ1;DMRT3;VAX1;LBX1;VAX2;POU4F3;NEUROG1,0.14545454545454545
7,543,Sequence-Specific DNA Binding (GO:0043565),103/717,9.86372750157923e-44,binding,GO_Molecular_Function_2023,1.2028935977535645e-45,0.0,0.0,7.1839983713355045,743.0524401907553,FERD3L;SOX18;GSC2;PITX1;PKNOX2;PITX3;NKX2-8;NKX6-2;ESX1;SOX14;OVOL1;POU3F1;ISL1;POU3F4;ISL2;ZNF711;HOXB1;LMX1B;HOXB8;HOXB6;DLX1;DLX3;DLX4;HOXD1;GATA5;BHLHE23;HOXB13;NEUROD2;ALX3;HOXC4;ALX1;HOXC9;MSC;NKX2-3;TFAP2E;EVX1;SCRT1;PHOX2A;TLX3;FEV;LHX6;HOXD4;LHX5;HOXD9;HOXD8;VSX1;LHX8;VSX2;BARHL1;BARHL2;FOXE3;ONECUT2;TCF21;SIX1;HOXC13;HOXC12;HOXC11;HOXC10;DMBX1;SIX6;SIX2;SIX3;FOXD4;FOXD3;EMX2;FOXD2;OLIG3;EN2;EN1;FOXL1;OLIG2;PAX2;ADRA2A;PAX1;DMRTA2;PAX7;PAX9;HMX2;HMX1;HOXD12;HOXD11;ASCL2;HOXD10;BARX2;HSF4;SHOX;HES2;ATOH1;TBX1;IRX1;IRX2;FOXB1;SKOR1;GSX1;CDX2;GSX2;UNCX;DMRT3;VAX1;LBX1;VAX2;POU4F3;NEUROG1,0.14365411436541142
7,543,Double-Stranded DNA Binding (GO:0003690),98/650,1.7932271284335664e-43,binding,GO_Molecular_Function_2023,2.915816468997669e-45,0.0,0.0,7.542297671389025,773.4338094337405,FERD3L;SOX18;GSC2;PITX1;PKNOX2;PITX3;NKX2-8;NKX6-2;ESX1;SOX14;OVOL1;POU3F1;ISL1;POU3F4;ISL2;HOXB1;LMX1B;HOXB8;HOXB6;DLX1;DLX3;DLX4;HOXD1;GATA5;BHLHE23;HOXB13;NEUROD2;ALX3;HOXC4;ALX1;HOXC9;MSC;NKX2-3;TFAP2E;EVX1;SCRT1;PHOX2A;TLX3;FEV;LHX6;HOXD4;LHX5;HOXD9;HOXD8;VSX1;LHX8;VSX2;BARHL1;BARHL2;ONECUT2;TCF21;SIX1;HOXC13;HOXC12;HOXC11;HOXC10;DMBX1;SIX6;SIX2;SIX3;FOXD3;EMX2;FOXD2;OLIG3;EN2;EN1;OLIG2;PAX2;ADRA2A;PAX1;DMRTA2;PAX7;PAX9;HMX2;HMX1;HOXD12;HOXD11;ASCL2;HOXD10;BARX2;HSF4;SHOX;HES2;ATOH1;TBX1;IRX1;FOXB1;SKOR1;GSX1;CDX2;GSX2;UNCX;DMRT3;VAX1;LBX1;VAX2;POU4F3;NEUROG1,0.15076923076923077
7,543,G Protein-Coupled Peptide Receptor Activity (GO:0008528),38/77,2.1087257434985376e-37,molecular transducer activity,GO_Molecular_Function_2023,4.2860279339401165e-39,0.0,0.0,37.46554963188627,3309.9111494028907,OPRD1;OXTR;VIPR1;VIPR2;GIPR;MLNR;OPRL1;GPR83;PTH1R;GRPR;MCHR1;LTB4R;CRHR1;MCHR2;BRS3;GHRHR;MC2R;CCKAR;GALR1;PRLHR;AVPR1B;GPR32;GCGR;GLP2R;NPY1R;SCTR;PTH2R;SORCS1;AVPR1A;GPR37L1;NMBR;SORCS3;HCRTR1;MC1R;CCKBR;LTB4R2;MC5R;NMUR1,0.4935064935064935
7,543,Neuropeptide Receptor Activity (GO:0008188),24/36,5.049461637148489e-28,molecular transducer activity,GO_Molecular_Function_2023,1.436838677237375e-29,0.0,0.0,74.9325626204239,4976.460490491867,NPY5R;NPY2R;NPY1R;TACR2;TACR3;GPR83;SORCS1;NMBR;SSTR1;TACR1;GRPR;SORCS3;SSTR2;MCHR1;SSTR4;SSTR5;GPR143;GALR3;GALR2;GALR1;PRLHR;NMUR1;NTSR1;NTSR2,0.6666666666666666
7,543,Adenylate Cyclase-Modulating G Protein-Coupled Receptor Signaling Pathway (GO:0007188),41/163,5.583902435695798e-25,cellular process,GO_Biological_Process_2023,3.9075594371559116e-28,0.0,0.0,12.943880216837568,816.881415174698,VIPR1;RAMP2;VIPR2;CALCRL;GPR26;GIPR;OPRL1;ADRA1D;PTH1R;MCHR1;CRHR1;GHRHR;MC2R;CALCR;GALR3;UCN3;GALR2;GPER1;GRM8;OXER1;GPHA2;DRD5;GABBR2;GABBR1;HTR1F;GCGR;GLP2R;NPY1R;SCTR;HTR1B;PTH2R;GPR4;GPR37L1;ADRA2A;GIP;MTNR1A;MC1R;ADORA2A;ADRB3;MC5R;ADGRL3,0.25153374233128833
7,543,G Alpha (S) Signaling Events R-HSA-418555,38/153,1.987053091038719e-24,Signal Transduction,Reactome_2022,6.181942949898237e-26,0.0,0.0,12.65597933706414,734.623658589605,GPR27;VIPR1;GPR25;RAMP2;VIPR2;CALCRL;GPR45;SCT;GIPR;ADRB1;GPR83;PTH1R;PTH2;HTR4;RXFP1;CRHR1;GHRHR;HTR6;MC2R;HTR7;CALCR;HRH2;GPER1;GPR150;GPHA2;PTGDR;DRD5;GPR39;GPR32;GLP2R;SCTR;GPBAR1;PTH2R;TAAR1;MC1R;ADORA2A;ADRB3;MC5R,0.24836601307189543
7,543,G Protein-Coupled Amine Receptor Activity (GO:0008227),14/28,6.338283320954659e-14,molecular transducer activity,GO_Molecular_Function_2023,2.834191728882164e-15,0.0,0.0,36.75425330812855,1231.157943549824,HTR1F;CHRM4;HTR1A;HTR2C;HTR1B;TAAR2;HTR4;TAAR1;HTR6;HTR7;HRH3;HRH2;HRH4;DRD4,0.5
8,405,Regulation Of PLK1 Activity At G2/M Transition R-HSA-2565942,14/87,2.5772954212499163e-08,Cell Cycle,Reactome_2022,2.2023078657331843e-09,0.0,0.0,9.57530743089374,190.87188022062483,CEP57;PLK4;BORA;CEP152;NDE1;HAUS3;HAUS6;TUBG1;CKAP5;HAUS1;CCNB2;CCNB1;CDK1;NEK2,0.16091954022988506
8,405,Orc1 Removal From Chromatin R-HSA-68949,10/69,9.755677236055574e-06,Cell Cycle,Reactome_2022,1.2166433504549677e-06,0.0,0.0,8.382750482729028,114.16815635158348,ORC5;CDT1;ORC6;MCM7;MCM8;MCM3;MCM4;MCM5;MCM6;CDC6,0.14492753623188406
8,405,Recruitment Of NuMA To Mitotic Centrosomes R-HSA-380320,13/80,8.14134722358925e-08,Cell Cycle,Reactome_2022,7.332853157505328e-09,0.0,0.0,9.665854401462076,181.0501633523224,CEP57;PLK4;CEP152;NDE1;HAUS3;HAUS6;TUBG1;CKAP5;MZT1;HAUS1;CDK1;NEK2;TUBGCP3,0.1625
8,405,Unwinding Of DNA R-HSA-176974,11/11,5.920908695316321e-18,Cell Cycle,Reactome_2022,2.051123104613044e-19,0.0,0.0,215545.0,9275058.540037869,GINS1;GINS2;CDC45;MCM7;MCM8;GINS3;GINS4;MCM3;MCM4;MCM5;MCM6,1.0
8,405,Deposition Of New CENPA-containing Nucleosomes At Centromere R-HSA-606279,19/53,7.476639315104389e-18,Cell Cycle,Reactome_2022,2.7627304628561254e-19,0.0,0.0,28.31903383114904,1210.15436372024,H2AZ1;CENPU;CENPW;CENPX;HJURP;KNL1;CENPA;MIS18A;CENPH;MIS18BP1;CENPI;CENPK;CENPL;CENPM;OIP5;CENPN;CENPO;CENPQ;ITGB3BP,0.3584905660377358
8,405,Chromosome Maintenance R-HSA-73886,25/118,2.5994799606007716e-17,Cell Cycle,Reactome_2022,1.0205810468871391e-18,0.0,0.0,13.795981890209394,571.5145470013856,PIF1;FEN1;DSCC1;HJURP;CHTF18;CENPA;MIS18BP1;OIP5;H2AZ1;CENPU;CENPW;CENPX;KNL1;SHQ1;MIS18A;CENPH;DKC1;CENPI;CENPK;CENPL;CENPM;CENPN;CENPO;CENPQ;ITGB3BP,0.211864406779661
8,405,S Phase R-HSA-69242,28/161,5.172284988652128e-17,Cell Cycle,Reactome_2022,2.1501415657214387e-18,0.0,0.0,10.868072036856066,442.1240166799885,FEN1;MCM7;MCM8;CDCA5;PDS5B;SMC3;PDS5A;CKS1B;ORC5;ORC6;CDC45;RAD21;GINS1;CDT1;GINS2;UBE2C;GINS3;GINS4;ESCO2;CDC6;SMC1A;WAPL;STAG2;UBE2S;MCM3;MCM4;MCM5;MCM6,0.17391304347826086
8,405,Activation Of Pre-Replicative Complex R-HSA-68962,14/32,1.0880830662549247e-14,Cell Cycle,Reactome_2022,5.277077226640513e-16,0.0,0.0,38.94259732878659,1369.9222643194053,CDT1;MCM7;MCM8;MCM10;CDC7;CDC6;ORC5;CDC45;ORC6;DBF4;MCM3;MCM4;MCM5;MCM6,0.4375
8,405,Activation Of ATR In Response To Replication Stress R-HSA-176187,14/36,7.77026109866982e-14,Cell Cycle,Reactome_2022,3.947938664451179e-15,0.0,0.0,31.855614973262032,1056.5100363373267,MCM7;MCM8;MCM10;CDC7;CDC6;ORC5;CDC45;ORC6;DBF4;MCM3;MCM4;MCM5;CLSPN;MCM6,0.3888888888888889
8,405,Establishment Of Sister Chromatid Cohesion R-HSA-2468052,9/11,5.236329886860385e-13,Cell Cycle,Reactome_2022,2.78142234175032e-14,0.0,0.0,222.64772727272728,6949.554469045291,STAG2;CDCA5;RAD21;ESCO2;PDS5B;PDS5A;SMC1A;SMC3;WAPL,0.8181818181818182
8,405,Mitotic Telophase/Cytokinesis R-HSA-68884,9/13,6.293592421493593e-12,Cell Cycle,Reactome_2022,3.488365314453723e-13,0.0,0.0,111.3125,3192.907004136286,STAG2;RAD21;KIF23;PDS5B;KIF20A;PDS5A;SMC1A;SMC3;WAPL,0.6923076923076923
8,405,DNA Strand Elongation R-HSA-69190,12/31,6.982336110132837e-12,Cell Cycle,Reactome_2022,4.0313718880674577e-13,0.0,0.0,31.46002410606669,897.8533413647659,GINS1;GINS2;FEN1;CDC45;MCM7;MCM8;GINS3;GINS4;MCM3;MCM4;MCM5;MCM6,0.3870967741935484
8,405,DNA Replication R-HSA-69306,22/155,1.267267499732724e-11,DNA Replication,Reactome_2022,7.609458427956311e-13,0.0,0.0,8.40542609788178,234.54681032313405,GINS1;H2AZ1;CDT1;GINS2;FEN1;MCM7;UBE2C;MCM8;GINS3;GINS4;CDC7;MCM10;CDC6;ORC5;ORC6;DBF4;CDC45;UBE2S;MCM3;MCM4;MCM5;MCM6,0.14193548387096774
8,405,Kinesins R-HSA-983189,13/42,1.9107760749996992e-11,Hemostasis,Reactome_2022,1.191476998267711e-12,0.0,0.0,22.37491203377903,614.3217229659448,KIF23;KIF11;KIF22;KIF15;CENPE;KIF18A;KIF18B;RACGAP1;KIFC1;KIF4A;KIF2C;KIF20A;KIF20B,0.30952380952380953
8,405,G2/M Checkpoints R-HSA-69481,21/148,3.964440421517626e-11,Cell Cycle,Reactome_2022,2.563610434237726e-12,0.0,0.0,8.383120078740157,223.74215958832215,MCM7;MCM8;CDC7;MCM10;CDC6;PKMYT1;ORC5;CCNB2;CCNB1;ORC6;DBF4;CDC45;NSD2;CDK1;MCM3;MCM4;MCM5;CLSPN;TOPBP1;MCM6;GTSE1,0.14189189189189189
8,405,G1/S Transition R-HSA-69206,19/129,2.1852097899833958e-10,Cell Cycle,Reactome_2022,1.4635354251620895e-11,0.0,0.0,8.719147432878003,217.52163674805163,CDT1;MCM7;MCM8;CDC7;MCM10;CDC6;CKS1B;ORC5;CCNB1;ORC6;DBF4;CDC45;CDK1;MCM3;MCM4;MCM5;FBXO5;TK1;MCM6,0.14728682170542637
8,405,Mitotic G1 Phase And G1/S Transition R-HSA-453279,20/147,2.7247302940185267e-10,Cell Cycle,Reactome_2022,1.887803898858102e-11,0.0,0.0,7.963186419879333,196.63513608441127,CDT1;MCM7;MCM8;CDC7;MCM10;CDC6;CKS1B;ORC5;CCNB1;ORC6;DBF4;CDC45;CDK1;MCM3;MCM4;MYBL2;MCM5;FBXO5;TK1;MCM6,0.1360544217687075
8,405,G2/M Transition R-HSA-69275,22/182,2.8095410249366175e-10,Cell Cycle,Reactome_2022,2.0114496945273708e-11,0.0,0.0,6.977317232375979,171.84839519135065,PLK4;CEP57;BORA;CEP152;NDE1;HAUS3;HAUS6;PKMYT1;FOXM1;TUBG1;CKAP5;MZT1;HAUS1;CCNB2;TPX2;CCNB1;CENPF;CDK1;NEK2;TUBGCP3;MYBL2;GTSE1,0.12087912087912088
8,405,Mitotic G2-G2/M Phases R-HSA-453274,22/184,3.3859622321335097e-10,Cell Cycle,Reactome_2022,2.5023277466113696e-11,0.0,0.0,6.890468362182896,168.2047020602859,PLK4;CEP57;BORA;CEP152;NDE1;HAUS3;HAUS6;PKMYT1;FOXM1;TUBG1;CKAP5;MZT1;HAUS1;CCNB2;TPX2;CCNB1;CENPF;CDK1;NEK2;TUBGCP3;MYBL2;GTSE1,0.11956521739130435
8,405,Synthesis Of DNA R-HSA-69239,18/119,4.2064652726827557e-10,Cell Cycle,Reactome_2022,3.2058511316057954e-11,0.0,0.0,8.977204697213907,216.9203122865256,GINS1;CDT1;GINS2;FEN1;MCM7;UBE2C;MCM8;GINS3;GINS4;CDC6;ORC5;ORC6;CDC45;UBE2S;MCM3;MCM4;MCM5;MCM6,0.15126050420168066
8,405,Cohesin Loading Onto Chromatin R-HSA-2470946,7/10,1.86808519641596e-09,Cell Cycle,Reactome_2022,1.5099995813985823e-10,0.0,0.0,114.8609715242881,2597.436324959592,STAG2;RAD21;PDS5B;PDS5A;SMC1A;SMC3;WAPL,0.7
8,405,Condensation Of Prometaphase Chromosomes R-HSA-2514853,7/10,1.86808519641596e-09,Cell Cycle,Reactome_2022,1.5099995813985823e-10,0.0,0.0,114.8609715242881,2597.436324959592,CCNB2;CCNB1;CDK1;NCAPG;NCAPD2;SMC4;NCAPH,0.7
8,405,DNA Replication Pre-Initiation R-HSA-69002,17/127,9.725771877311088e-09,DNA Replication,Reactome_2022,8.086092091990742e-10,0.0,0.0,7.761129334582943,162.48471708512227,H2AZ1;CDT1;MCM7;UBE2C;MCM8;CDC7;MCM10;CDC6;ORC5;ORC6;DBF4;CDC45;UBE2S;MCM3;MCM4;MCM5;MCM6,0.13385826771653545
8,405,RHO GTPases Activate Formins R-HSA-5663220,43/119,6.469290371588146e-41,Signal Transduction,Reactome_2022,1.9422811739179192e-42,0.0,0.0,30.507305902878745,2930.065371527611,ERCC6L;ZWILCH;MIS12;BUB1B;CDCA8;CENPA;SKA1;AURKB;SKA2;CDC20;DSN1;NUF2;KNTC1;SPDL1;BUB3;BUB1;CENPU;RCC2;NDE1;KNL1;CKAP5;NDC80;ZWINT;SGO1;SGO2;CENPE;KIF18A;CENPF;CENPH;INCENP;CENPI;CENPK;CENPL;CENPM;KIF2C;CENPN;CENPO;CENPQ;MAD1L1;ITGB3BP;SPC24;MAD2L1;SPC25,0.36134453781512604
8,405,EML4 And NUDC In Mitotic Spindle Formation R-HSA-9648025,43/97,1.4639698732828125e-45,Cell Cycle,Reactome_2022,4.057191334732967e-47,0.0,0.0,42.98460200532024,4591.65853299762,ERCC6L;ZWILCH;MIS12;BUB1B;CDCA8;CENPA;SKA1;AURKB;SKA2;CDC20;DSN1;NUF2;KNTC1;SPDL1;BUB3;BUB1;CENPU;RCC2;NDE1;KNL1;CKAP5;NDC80;ZWINT;SGO1;SGO2;CENPE;KIF18A;CENPF;CENPH;INCENP;CENPI;CENPK;CENPL;CENPM;KIF2C;CENPN;CENPO;CENPQ;MAD1L1;ITGB3BP;SPC24;MAD2L1;SPC25,0.44329896907216493
8,405,Mitotic Spindle Checkpoint R-HSA-69618,45/110,1.0093429189444078e-45,Cell Cycle,Reactome_2022,2.5641506023991877e-47,0.0,0.0,37.55769230769231,4029.184426993967,ERCC6L;ZWILCH;MIS12;BUB1B;CDCA8;CENPA;SKA1;AURKB;SKA2;CDC20;DSN1;NUF2;KNTC1;SPDL1;BUB3;BUB1;CENPU;UBE2C;RCC2;NDE1;KNL1;CKAP5;NDC80;ZWINT;SGO1;SGO2;CENPE;KIF18A;CENPF;CENPH;UBE2S;INCENP;CENPI;CENPK;CENPL;CENPM;KIF2C;CENPN;CENPO;CENPQ;MAD1L1;ITGB3BP;SPC24;MAD2L1;SPC25,0.4090909090909091
8,405,Unattached Kinetochores Signal Amplification Via A MAD2 Inhibitory Signal R-HSA-141444,43/93,1.7222372508897622e-46,Cell Cycle,Reactome_2022,3.9774532353112286e-48,0.0,0.0,46.4328729281768,5067.843607683685,ERCC6L;ZWILCH;MIS12;BUB1B;CDCA8;CENPA;AURKB;SKA1;SKA2;CDC20;DSN1;NUF2;KNTC1;SPDL1;BUB3;BUB1;CENPU;NDE1;RCC2;KNL1;CKAP5;NDC80;ZWINT;SGO1;SGO2;CENPE;CENPF;KIF18A;CENPH;INCENP;CENPI;CENPK;CENPL;CENPM;KIF2C;CENPN;CENPO;CENPQ;ITGB3BP;MAD1L1;SPC24;MAD2L1;SPC25,0.46236559139784944
8,405,G2/M DNA Replication Checkpoint R-HSA-69478,4/5,6.660318169166686e-06,Cell Cycle,Reactome_2022,8.152352493437283e-07,0.0,0.0,195.45137157107231,2740.1870118311085,CCNB2;CCNB1;CDK1;PKMYT1,0.8
8,405,Factors Involved In Megakaryocyte Development And Platelet Production R-HSA-983231,14/136,5.86603921193218e-06,Hemostasis,Reactome_2022,7.044666028186452e-07,0.0,0.0,5.715106284851788,80.95919498605701,KIF23;KIF11;KIF22;KIF15;CENPE;KIF18A;KIF18B;RAD51C;RACGAP1;KIFC1;KIF4A;KIF2C;KIF20A;KIF20B,0.10294117647058823
8,405,APC-Cdc20 Mediated Degradation Of Nek2A R-HSA-179409,7/26,5.309824000072907e-06,Cell Cycle,Reactome_2022,6.25406521948541e-07,0.0,0.0,18.12113197566781,258.8579051376533,CDC20;UBE2C;UBE2S;BUB1B;NEK2;BUB3;MAD2L1,0.2692307692307692
8,405,Polo-like Kinase Mediated Events R-HSA-156711,6/16,3.88056279533254e-06,Cell Cycle,Reactome_2022,4.481019394148429e-07,0.0,0.0,29.451127819548876,430.5238045570495,CCNB2;CCNB1;CENPF;MYBL2;FOXM1;PKMYT1,0.375
8,405,Mitotic Prophase R-HSA-68875,13/112,3.88056279533254e-06,Cell Cycle,Reactome_2022,4.403436780569704e-07,0.0,0.0,6.530818387961245,95.58316613378688,H2AZ1;NCAPH2;NCAPG2;VRK1;MASTL;SMC4;LMNB1;CCNB2;CCNB1;CDK1;NCAPD3;TMPO;MCPH1,0.11607142857142858
8,405,Golgi-to-ER Retrograde Transport R-HSA-8856688,13/112,3.88056279533254e-06,Vesicle-mediated transport,Reactome_2022,4.403436780569704e-07,0.0,0.0,6.530818387961245,95.58316613378688,KIF23;KIF11;KIF22;KIF15;CENPE;KIF18A;KIF18B;RACGAP1;KIFC1;KIF4A;KIF2C;KIF20A;KIF20B,0.11607142857142858
8,405,E2F-enabled Inhibition Of Pre-Replication Complex Formation R-HSA-113507,5/9,3.606694045276627e-06,Cell Cycle,Reactome_2022,3.914887300877632e-07,0.0,0.0,61.221875,903.2252460722632,ORC5;CCNB1;ORC6;MCM8;CDK1,0.5555555555555556
8,405,Assembly Of Pre-Replicative Complex R-HSA-68867,13/110,3.355137681348408e-06,DNA Replication,Reactome_2022,3.564349499815861e-07,0.0,0.0,6.666158215863665,98.9732115211647,H2AZ1;CDT1;MCM7;UBE2C;MCM8;CDC6;ORC5;ORC6;UBE2S;MCM3;MCM4;MCM5;MCM6,0.11818181818181818
8,405,Switching Of Origins To A Post-Replicative State R-HSA-69052,12/90,2.565358631984627e-06,Cell Cycle,Reactome_2022,2.6660771002149704e-07,0.0,0.0,7.640242708944999,115.65407857856732,ORC5;CDT1;ORC6;MCM7;MCM8;UBE2C;UBE2S;MCM3;MCM4;MCM5;MCM6;CDC6,0.13333333333333333
8,405,APC/C-mediated Degradation Of Cell Cycle Proteins R-HSA-174143,12/87,1.794387657428683e-06,Cell Cycle,Reactome_2022,1.823396233876722e-07,0.0,0.0,7.9470737913486,123.31788173355493,CDC20;CCNB1;PTTG1;UBE2C;UBE2S;CDK1;BUB1B;NEK2;FBXO5;BUB3;AURKB;MAD2L1,0.13793103448275862
8,405,COPI-dependent Golgi-to-ER Retrograde Traffic R-HSA-6811434,13/78,6.064312486315795e-08,Vesicle-mediated transport,Reactome_2022,5.322029433718248e-09,0.0,0.0,9.964285714285714,189.83370379782164,KIF23;KIF11;KIF22;KIF15;CENPE;KIF18A;KIF18B;RACGAP1;KIFC1;KIF4A;KIF2C;KIF20A;KIF20B,0.16666666666666666
8,405,Loss Of Nlp From Mitotic Centrosomes R-HSA-380259,11/69,1.312841048208416e-06,Cell Cycle,Reactome_2022,1.3037451518005058e-07,0.0,0.0,9.404297216873797,149.08495679199007,CEP57;PLK4;CEP152;NDE1;CDK1;HAUS3;NEK2;HAUS6;TUBG1;CKAP5;HAUS1,0.15942028985507245
8,405,Centrosome Maturation R-HSA-380287,13/81,9.28381389816118e-08,Cell Cycle,Reactome_2022,8.576271499456055e-09,0.0,0.0,9.523221788715489,176.88686015708618,CEP57;PLK4;CEP152;NDE1;HAUS3;HAUS6;TUBG1;CKAP5;MZT1;HAUS1;CDK1;NEK2;TUBGCP3,0.16049382716049382
8,405,Cell Cycle R-HSA-1640170,130/654,3.5716591641659524e-91,Cell Cycle,Reactome_2022,8.248635483062246e-94,0.0,0.0,17.204927133934767,3687.582803509136,ERCC6L;ZWILCH;DSCC1;HJURP;BUB1B;SMC3;SMC4;CDC20;PTTG1;NEK2;OIP5;KNTC1;FBXO5;GTSE1;TMPO;BORA;VRK1;ESCO2;KNL1;SGO1;SGO2;SHQ1;DKC1;KIF20A;MAD1L1;PIF1;CDCA5;NCAPG;CDCA8;PDS5B;PKMYT1;PDS5A;NCAPH;SKA1;SKA2;ORC5;SYCE2;CCNB2;DSN1;CCNB1;ORC6;RAD21;CLSPN;PLK4;CDT1;UBE2C;NCAPH2;RCC2;CDC7;CDC6;NDC80;WAPL;ZWINT;TPX2;KIF18A;STAG2;UBE2S;CDK1;TUBGCP3;CEP57;FEN1;MCM7;MCM8;NCAPG2;MCM10;CHTF18;FOXM1;CKS1B;LMNB1;MIS18BP1;NUF2;MYBL2;TK1;SPDL1;TOPBP1;HAUS3;HAUS6;KIF23;MASTL;SMC1A;TUBG1;CKAP5;HAUS1;DBF4;RAD51C;ESPL1;INCENP;MCM3;MCM4;MCM5;KIF2C;MCM6;ITGB3BP;MCPH1;MIS12;CENPA;AURKB;PSMC3IP;CDC45;NSD2;BUB3;BUB1;H2AZ1;GINS1;CENPU;GINS2;CENPW;CENPX;NDE1;CEP152;GINS3;GINS4;MND1;MZT1;CENPE;CENPF;MIS18A;CENPH;CENPI;CENPK;CENPL;CENPM;CENPN;NCAPD2;CENPO;NCAPD3;CENPQ;SPC24;MAD2L1;SPC25,0.19877675840978593
8,405,"Cell Cycle, Mitotic R-HSA-69278",112/523,2.2647630468026337e-81,Cell Cycle,Reactome_2022,1.046079929239092e-83,0.0,0.0,17.842173006817635,3409.0953062323365,ERCC6L;ZWILCH;BUB1B;SMC3;SMC4;CDC20;PTTG1;NEK2;KNTC1;FBXO5;GTSE1;TMPO;BORA;VRK1;ESCO2;KNL1;SGO1;SGO2;KIF20A;MAD1L1;CDCA5;NCAPG;CDCA8;PDS5B;PKMYT1;PDS5A;NCAPH;SKA1;SKA2;ORC5;CCNB2;DSN1;CCNB1;ORC6;RAD21;PLK4;CDT1;UBE2C;NCAPH2;RCC2;CDC7;CDC6;NDC80;WAPL;ZWINT;TPX2;KIF18A;STAG2;UBE2S;CDK1;TUBGCP3;CEP57;FEN1;MCM7;MCM8;NCAPG2;MCM10;FOXM1;CKS1B;LMNB1;NUF2;MYBL2;TK1;SPDL1;HAUS3;HAUS6;KIF23;MASTL;SMC1A;TUBG1;CKAP5;HAUS1;DBF4;ESPL1;INCENP;MCM3;MCM4;MCM5;KIF2C;MCM6;ITGB3BP;MCPH1;MIS12;CENPA;AURKB;CDC45;BUB3;BUB1;H2AZ1;GINS1;CENPU;GINS2;NDE1;CEP152;GINS3;GINS4;MZT1;CENPE;CENPF;CENPH;CENPI;CENPK;CENPL;CENPM;CENPN;NCAPD2;CENPO;NCAPD3;CENPQ;SPC24;MAD2L1;SPC25,0.21414913957934992
8,405,Mitotic Prometaphase R-HSA-68877,68/186,2.546544228199201e-65,Cell Cycle,Reactome_2022,1.7643493497915942e-67,0.0,0.0,33.30573857063823,5119.272510381721,CEP57;ERCC6L;ZWILCH;BUB1B;SMC3;SMC4;CDC20;NUF2;KNTC1;NEK2;SPDL1;HAUS3;HAUS6;KNL1;SMC1A;TUBG1;CKAP5;HAUS1;SGO1;SGO2;INCENP;KIF2C;MAD1L1;ITGB3BP;CDCA5;MIS12;CDCA8;NCAPG;PDS5B;PDS5A;CENPA;NCAPH;SKA1;AURKB;SKA2;CCNB2;CCNB1;DSN1;RAD21;BUB3;BUB1;PLK4;CENPU;RCC2;CEP152;NDE1;NDC80;WAPL;ZWINT;MZT1;CENPE;KIF18A;CENPF;STAG2;CENPH;CENPI;CENPK;CDK1;CENPL;CENPM;TUBGCP3;CENPN;NCAPD2;CENPO;CENPQ;SPC24;MAD2L1;SPC25,0.3655913978494624
8,405,Resolution Of Sister Chromatid Cohesion R-HSA-2500257,54/106,2.4919074543670814e-61,Cell Cycle,Reactome_2022,2.3019930294384124e-63,0.0,0.0,57.81952662721893,8339.25745390269,ERCC6L;ZWILCH;BUB1B;SMC3;CDC20;NUF2;KNTC1;SPDL1;KNL1;SMC1A;CKAP5;SGO1;SGO2;INCENP;KIF2C;MAD1L1;ITGB3BP;CDCA5;MIS12;CDCA8;PDS5B;PDS5A;CENPA;SKA1;AURKB;SKA2;CCNB2;CCNB1;DSN1;RAD21;BUB3;BUB1;CENPU;RCC2;NDE1;NDC80;WAPL;ZWINT;CENPE;KIF18A;CENPF;STAG2;CENPH;CENPI;CENPK;CDK1;CENPL;CENPM;CENPN;CENPO;CENPQ;SPC24;MAD2L1;SPC25,0.5094339622641509
8,405,M Phase R-HSA-68886,84/380,3.259962850258044e-61,Cell Cycle,Reactome_2022,3.764391282053168e-63,0.0,0.0,17.061505430664308,2452.374292687035,CEP57;ERCC6L;ZWILCH;NCAPG2;BUB1B;SMC3;SMC4;LMNB1;CDC20;PTTG1;NUF2;KNTC1;NEK2;FBXO5;SPDL1;TMPO;HAUS3;KIF23;VRK1;HAUS6;KNL1;TUBG1;MASTL;SMC1A;CKAP5;HAUS1;SGO1;SGO2;ESPL1;INCENP;KIF2C;KIF20A;MAD1L1;ITGB3BP;MCPH1;CDCA5;MIS12;CDCA8;NCAPG;PDS5B;PDS5A;CENPA;NCAPH;SKA1;AURKB;SKA2;CCNB2;DSN1;CCNB1;RAD21;BUB3;BUB1;PLK4;H2AZ1;CENPU;UBE2C;NCAPH2;RCC2;NDE1;CEP152;WAPL;ZWINT;MZT1;NDC80;CENPE;CENPF;KIF18A;STAG2;CENPH;CENPI;UBE2S;CENPK;CENPL;CDK1;CENPM;CENPN;NCAPD2;TUBGCP3;CENPO;NCAPD3;CENPQ;SPC24;MAD2L1;SPC25,0.22105263157894736
8,405,Cell Cycle Checkpoints R-HSA-69620,66/271,1.8451415105179265e-50,Cell Cycle,Reactome_2022,2.5567780746206837e-52,0.0,0.0,18.414849989207852,2187.6045701144394,ERCC6L;MCM7;ZWILCH;MCM8;BUB1B;MCM10;CDC20;NUF2;KNTC1;SPDL1;TOPBP1;GTSE1;KNL1;CKAP5;SGO1;SGO2;DBF4;INCENP;MCM3;MCM4;KIF2C;MCM5;MCM6;MAD1L1;ITGB3BP;MIS12;CDCA8;PKMYT1;CENPA;SKA1;AURKB;SKA2;ORC5;CCNB2;DSN1;CCNB1;ORC6;CDC45;NSD2;CLSPN;BUB3;BUB1;CENPU;UBE2C;RCC2;NDE1;CDC7;CDC6;ZWINT;NDC80;CENPE;CENPF;KIF18A;CENPH;CENPI;UBE2S;CENPK;CENPL;CDK1;CENPM;CENPN;CENPO;CENPQ;SPC24;MAD2L1;SPC25,0.24354243542435425
8,405,Mitotic Metaphase And Anaphase R-HSA-2555396,62/233,6.464890599690392e-50,Cell Cycle,Reactome_2022,1.0451324295111488e-51,0.0,0.0,20.53241948408436,2410.25341938599,ERCC6L;ZWILCH;BUB1B;SMC3;LMNB1;CDC20;PTTG1;NUF2;KNTC1;FBXO5;SPDL1;TMPO;VRK1;KNL1;SMC1A;CKAP5;SGO1;SGO2;ESPL1;INCENP;KIF2C;MAD1L1;ITGB3BP;CDCA5;MIS12;CDCA8;PDS5B;PDS5A;CENPA;SKA1;AURKB;SKA2;CCNB2;DSN1;CCNB1;RAD21;BUB3;BUB1;CENPU;UBE2C;RCC2;NDE1;WAPL;ZWINT;NDC80;CENPE;CENPF;KIF18A;STAG2;CENPH;CENPI;UBE2S;CENPK;CENPL;CDK1;CENPM;CENPN;CENPO;CENPQ;SPC24;MAD2L1;SPC25,0.26609442060085836
8,405,Separation Of Sister Chromatids R-HSA-2467813,55/170,2.3317601312873644e-49,Cell Cycle,Reactome_2022,4.308101859191436e-51,0.0,0.0,26.61863354037267,3086.9986629199057,ERCC6L;ZWILCH;BUB1B;SMC3;CDC20;PTTG1;NUF2;KNTC1;SPDL1;KNL1;SMC1A;CKAP5;SGO1;SGO2;ESPL1;INCENP;KIF2C;MAD1L1;ITGB3BP;CDCA5;MIS12;CDCA8;PDS5B;PDS5A;CENPA;SKA1;AURKB;SKA2;DSN1;RAD21;BUB3;BUB1;CENPU;UBE2C;RCC2;NDE1;NDC80;WAPL;ZWINT;CENPE;KIF18A;CENPF;STAG2;CENPH;UBE2S;CENPI;CENPK;CENPL;CENPM;CENPN;CENPO;CENPQ;SPC24;MAD2L1;SPC25,0.3235294117647059
8,405,Mitotic Anaphase R-HSA-68882,61/232,7.698466187512577e-49,Cell Cycle,Reactome_2022,1.6001430874737457e-50,0.0,0.0,20.14252685978512,2309.5252421433806,ERCC6L;ZWILCH;BUB1B;SMC3;LMNB1;CDC20;PTTG1;NUF2;KNTC1;SPDL1;TMPO;VRK1;KNL1;SMC1A;CKAP5;SGO1;SGO2;ESPL1;INCENP;KIF2C;MAD1L1;ITGB3BP;CDCA5;MIS12;CDCA8;PDS5B;PDS5A;CENPA;SKA1;AURKB;SKA2;CCNB2;DSN1;CCNB1;RAD21;BUB3;BUB1;CENPU;UBE2C;RCC2;NDE1;WAPL;ZWINT;NDC80;CENPE;CENPF;KIF18A;STAG2;CENPH;CENPI;UBE2S;CENPK;CENPL;CDK1;CENPM;CENPN;CENPO;CENPQ;SPC24;MAD2L1;SPC25,0.2629310344827586
8,405,AURKA Activation By TPX2 R-HSA-8854518,12/72,2.192347955072701e-07,Cell Cycle,Reactome_2022,2.0758952923321187e-08,0.0,0.0,9.94147582697201,175.86757268286823,CEP57;PLK4;TPX2;CEP152;NDE1;CDK1;HAUS3;NEK2;HAUS6;TUBG1;CKAP5;HAUS1,0.16666666666666666
8,405,RHO GTPase Effectors R-HSA-195258,46/269,9.53132084291387e-28,Signal Transduction,Reactome_2022,3.081720364914416e-29,0.0,0.0,11.130969184456076,730.7423354688711,ERCC6L;ZWILCH;MIS12;KIF14;CDCA8;BUB1B;CENPA;SKA1;AURKB;SKA2;CDC20;DSN1;NUF2;KNTC1;SPDL1;BUB3;BUB1;H2AZ1;CENPU;RCC2;NDE1;KNL1;CKAP5;ZWINT;NDC80;SGO1;CENPE;SGO2;CENPF;KIF18A;CENPH;INCENP;CENPI;PRC1;CENPK;CENPL;CENPM;KIF2C;CENPN;CENPO;CENPQ;SPC24;MAD1L1;ITGB3BP;MAD2L1;SPC25,0.17100371747211895
8,405,Positive Regulation Of Chromosome Separation (GO:1905820),10/13,1.0125391717528727e-13,biological regulation,GO_Biological_Process_2023,2.8126088104246458e-15,0.0,0.0,165.33333333333334,5539.437771409618,INCENP;NCAPH2;NCAPG2;CDCA8;NCAPG;NCAPD2;NCAPD3;SMC4;NCAPH;SMC2,0.7692307692307693
8,405,DNA-templated DNA Replication Maintenance Of Fidelity (GO:0045005),14/43,2.235803357522224e-12,cellular process,GO_Biological_Process_2023,7.16603640231482e-14,0.0,0.0,24.15768586295088,731.1767790402929,GEN1;TIPIN;CENPX;FANCM;MCM8;DDX11;DONSON;TRAIP;FAM111A;MMS22L;RFWD3;TIMELESS;ASF1A;CENPS,0.32558139534883723
8,405,Mitotic Sister Chromatid Cohesion (GO:0007064),12/19,7.626341591526396e-15,cellular process,GO_Biological_Process_2023,1.7925161860425288e-16,0.0,0.0,85.44383860414395,3098.0005842175037,SGO1;STAG1;STAG2;CDCA5;DSCC1;RAD21;ESCO2;PDS5B;HASPIN;PDS5A;SMC1A;SMC3,0.631578947368421
8,405,DNA Unwinding Involved In DNA Replication (GO:0006268),12/20,1.7906610847284516e-14,None,GO_Biological_Process_2023,4.40012873384128e-16,0.0,0.0,74.75954198473282,2643.477046788141,GINS1;RECQL4;GINS2;CDC45;MCM7;GINS3;GINS4;MCM3;MCM4;MCM5;MCM6;MCM2,0.6
8,405,DNA Duplex Unwinding (GO:0032508),15/41,4.4840516423421656e-14,None,GO_Biological_Process_2023,1.1976633660101938e-15,0.0,0.0,28.948224852071007,994.614802563202,GINS1;GINS2;MCM7;MCM8;DDX11;GINS3;DDX12P;GINS4;RECQL4;CDC45;MCM3;MCM4;MCM5;MCM6;MCM2,0.36585365853658536
8,405,Regulation Of Cell Cycle Process (GO:0010564),22/130,6.354907974143722e-13,biological regulation,GO_Biological_Process_2023,1.8331465310029963e-14,0.0,0.0,10.364423169906198,327.82833617995817,TIPIN;BORA;CDCA2;SPAG5;KIF11;DBF4B;MKI67;PKMYT1;KNSTRN;AURKB;DBF4;RACGAP1;PRC1;NEK2;KIF2C;FBXO5;KIF20A;CEP85;KIF20B;ECT2;BUB1;MCM2,0.16923076923076924
8,405,Double-Strand Break Repair Via Break-Induced Replication (GO:0000727),9/11,9.2978975424225e-13,cellular process,GO_Biological_Process_2023,2.78142234175032e-14,0.0,0.0,222.64772727272728,6949.554469045291,GINS2;MCM7;GINS4;MCM3;MCM4;CDC7;MCM5;MCM6;MCM2,0.8181818181818182
8,405,Positive Regulation Of Chromosome Organization (GO:2001252),13/33,1.0188080381321565e-12,biological regulation,GO_Biological_Process_2023,3.156563366007749e-14,0.0,0.0,32.45854591836735,1009.0293198704196,FEN1;DDX11;NCAPH2;NCAPG2;NCAPG;SMC4;AURKB;NCAPH;SMC2;RAD21;CDK1;NCAPD2;NCAPD3,0.3939393939393939
8,405,Regulation Of DNA-templated DNA Replication (GO:0090329),10/17,5.3717010531490536e-12,biological regulation,GO_Biological_Process_2023,1.7790890240130417e-13,0.0,0.0,70.84267631103074,2079.7642070042334,CDT1;TIPIN;MCM7;MCM3;MCM4;WRNIP1;MCM5;MCM6;TICRR;MCM2,0.5882352941176471
8,405,Single-Stranded DNA Helicase Activity (GO:0017116),11/22,8.88460020802572e-12,catalytic activity,GO_Molecular_Function_2023,1.184613361070096e-13,0.0,0.0,49.70558375634518,1479.4464273115937,PIF1;POLQ;MCM7;MCM8;DSCC1;MCM3;MCM4;WRNIP1;MCM5;MCM6;MCM2,0.5
8,405,Mitotic Cytokinesis (GO:0000281),15/59,1.581090622950282e-11,cellular process,GO_Biological_Process_2023,5.405438027180451e-13,0.0,0.0,17.090034965034967,482.728557934343,CKAP2;CDCA8;KIF23;CENPA;AURKB;ANLN;ESPL1;RACGAP1;INCENP;KIF4A;STMN1;NUSAP1;KIF20A;ECT2;CEP55,0.2542372881355932
8,405,Condensed Nuclear Chromosome (GO:0000794),11/28,2.5056508242208948e-11,cellular anatomical structure,GO_Cellular_Component_2023,3.233097837704381e-12,0.0,0.0,32.15258286055539,850.6795446680711,PSMC3IP;NCAPH2;NCAPG2;NCAPG;NCAPD2;NCAPD3;SMC1A;TUBG1;SMC4;NCAPH;SMC2,0.39285714285714285
8,405,Kinetochore Organization (GO:0051383),8/10,3.251966297878273e-11,cellular process,GO_Biological_Process_2023,1.1465265793801605e-12,0.0,0.0,197.41057934508817,5427.662554797982,CENPE;CENPF;CENPW;CENPH;MIS12;NUF2;DLGAP5;CENPC,0.8
8,405,Positive Regulation Of Chromosome Condensation (GO:1905821),7/7,3.546857586417478e-11,biological regulation,GO_Biological_Process_2023,1.3262822171432876e-12,0.0,0.0,137165.0,3751276.399464801,NCAPH2;NCAPG2;NCAPG;NCAPD3;SMC4;NCAPH;SMC2,1.0
8,405,Mitotic Spindle Assembly (GO:0090307),16/44,6.5899261108393954e-15,cellular process,GO_Biological_Process_2023,1.4785090633293515e-16,0.0,0.0,28.743297833272127,1047.7026136331258,CDCA8;KIF23;KIF11;SMC3;SMC1A;AURKB;MZT1;TPX2;STAG1;STAG2;RACGAP1;INCENP;KIFC1;PRC1;KIF4A;CCDC61,0.36363636363636365
8,405,Regulation Of Chromosome Condensation (GO:0060623),7/7,3.546857586417478e-11,biological regulation,GO_Biological_Process_2023,1.3262822171432876e-12,0.0,0.0,137165.0,3751276.399464801,NCAPH2;NCAPG2;NCAPG;NCAPD3;SMC4;NCAPH;SMC2,1.0
8,405,Mitotic Chromosome Condensation (GO:0007076),9/15,6.124914551471104e-11,cellular process,GO_Biological_Process_2023,2.355736365950425e-12,0.0,0.0,74.20075757575758,1986.663530911304,CDCA5;NCAPH2;NUSAP1;NCAPG;NCAPD2;NCAPD3;SMC4;NCAPH;SMC2,0.6
8,405,DNA Replication Initiation (GO:0006270),10/21,7.592663711720831e-11,cellular process,GO_Biological_Process_2023,3.0013734757870807e-12,0.0,0.0,45.072497123130034,1195.8612899308314,ORC5;CDC45;ORC6;MCM7;ORC1;MCM3;MCM10;MCM5;TOPBP1;MCM2,0.47619047619047616
8,405,Protein Localization To Kinetochore (GO:0034501),8/11,1.0172561788454509e-10,localization,GO_Biological_Process_2023,4.129886196167429e-12,0.0,0.0,131.60033585222502,3449.609502057688,MTBP;ZWILCH;CDK1;KNTC1;TTK;BUB3;KNL1;SPDL1,0.7272727272727273
8,405,Microtubule (GO:0005874),22/185,1.9944418081182715e-10,cellular anatomical structure,GO_Cellular_Component_2023,2.787929409197584e-11,0.0,0.0,6.8478431498181935,166.42406919647522,CEP57;KIF14;KIF23;KIF11;KIF22;SKA3;TUBG1;SKA1;AURKB;SKA2;KIF15;CENPE;PSRC1;FAM161A;KIFC1;PRC1;KIF4A;CDK1;MAP6D1;KIF2C;KIF20A;KIF20B,0.11891891891891893
8,405,DNA Replication Checkpoint Signaling (GO:0000076),9/17,2.6492604535780555e-10,cellular process,GO_Biological_Process_2023,1.1038585223241898e-11,0.0,0.0,55.64488636363637,1403.899573462574,CDT1;TIPIN;CDC45;ORC1;TIMELESS;CDC6;CLSPN;TOPBP1;TICRR,0.5294117647058824
8,405,Regulation Of DNA-templated DNA Replication Initiation (GO:0030174),8/12,2.7124834264717836e-10,biological regulation,GO_Biological_Process_2023,1.2171399990578517e-11,0.0,0.0,98.69521410579344,2480.401427332563,MCM7;MCM3;MCM4;MCM5;WRNIP1;MCM6;MCM2;TICRR,0.6666666666666666
8,405,Attachment Of Mitotic Spindle Microtubules To Kinetochore (GO:0051315),8/12,2.7124834264717836e-10,cellular process,GO_Biological_Process_2023,1.2171399990578517e-11,0.0,0.0,98.69521410579344,2480.401427332563,CDT1;CENPE;MIS12;NUF2;KIF2C;MAD1L1;NDC80;CENPC,0.6666666666666666
8,405,"Condensed Chromosome, Centromeric Region (GO:0000779)",7/9,3.0624535333442943e-10,cellular anatomical structure,GO_Cellular_Component_2023,4.6101451039591525e-11,0.0,0.0,172.3002512562814,4100.776423718464,SGO1;CENPE;CBX3;NCAPD2;NCAPD3;CENPA;CENPC,0.7777777777777778
8,405,"Protein Localization To Chromosome, Centromeric Region (GO:0071459)",9/18,4.720131049755175e-10,localization,GO_Biological_Process_2023,2.1684362728576125e-11,0.0,0.0,49.45959595959596,1214.452173302547,MTBP;ZWILCH;CDK1;TTK;KNL1;BUB3;SPDL1;HASPIN;CENPA,0.5
8,405,Positive Regulation Of Mitotic Cell Cycle Phase Transition (GO:1901992),14/63,5.03354933338382e-10,biological regulation,GO_Biological_Process_2023,2.3661984045821383e-11,0.0,0.0,14.282791377420534,349.4592191080997,STIL;UBE2C;CDCA5;RCC2;CDC7;DBF4B;CDC20;CCNB1;RAD51C;ESPL1;CDK1;SASS6;FBXO5;DLGAP5,0.2222222222222222
8,405,Double-Strand Break Repair (GO:0006302),21/168,6.345062192810475e-10,cellular process,GO_Biological_Process_2023,3.0505106696204206e-11,0.0,0.0,7.235119047619047,175.18485645900887,DCLRE1B;GEN1;DCLRE1A;POLQ;FEN1;SLF1;ZGRF1;MCM8;CDCA5;HMGB2;SMC6;RAD54B;RAD51AP1;RECQL4;MMS22L;NSMCE4A;RAD51C;RAD21;RFWD3;NSD2;TRIP13,0.125
8,405,Kinetochore Assembly (GO:0051382),7/9,9.181054930437801e-10,cellular process,GO_Biological_Process_2023,4.6101451039591525e-11,0.0,0.0,172.3002512562814,4100.776423718464,CENPE;CENPF;CENPW;MIS12;KNTC1;DLGAP5;CENPC,0.7777777777777778
8,405,Single-Stranded DNA Binding (GO:0003697),18/96,4.0862451955018896e-11,binding,GO_Molecular_Function_2023,7.26443590311447e-13,0.0,0.0,11.63804412641622,325.2904972563342,MCM7;MCM8;DDX11;HMGB2;MCM10;SMC6;RAD51AP1;RECQL4;MMS22L;FAM111A;NEIL3;CDC45;MCM3;MCM4;MCM5;MCM6;HROB;MCM2,0.1875
8,405,Metaphase Plate Congression (GO:0051310),17/51,4.270282797522689e-15,localization,GO_Biological_Process_2023,9.124535892142496e-17,0.0,0.0,25.207474226804123,930.9871299709037,CDCA5;KIF14;CDCA8;KIF22;NDC80;CENPE;CCNB1;CENPF;KIF18A;PSRC1;INCENP;KIFC1;KIF2C;SPDL1;FAM83D;CENPQ;CEP55,0.3333333333333333
8,405,DNA-templated DNA Replication (GO:0006261),19/69,3.932976258095407e-15,cellular process,GO_Biological_Process_2023,7.983605652116745e-17,0.0,0.0,19.24119170984456,713.2047183969077,GINS1;WDHD1;GINS2;MCM7;GINS3;GINS4;MCM10;WRNIP1;ORC5;RECQL4;CDC45;ORC6;ORC1;MCM3;MCM4;MCM5;TOPBP1;MCM6;MCM2,0.2753623188405797
8,405,Centromere Complex Assembly (GO:0034508),11/14,3.676536300450539e-15,None,GO_Biological_Process_2023,7.070262116251036e-17,0.0,0.0,182.32825719120132,6780.432167478196,CENPE;CENPF;CENPW;MIS18A;NASP;CENPI;MIS12;HJURP;OIP5;DLGAP5;CENPC,0.7857142857142857
8,405,Mitotic Sister Chromatid Segregation (GO:0000070),47/111,2.658344989741722e-47,cellular process,GO_Biological_Process_2023,2.840112168527481e-50,0.0,0.0,40.06446403631285,4570.770850178017,CDCA5;NCAPG2;MIS12;KIF14;CDCA8;NCAPG;KIF11;SMC3;SMC4;NCAPH;NSL1;SMC2;CCNB1;DSN1;NUSAP1;KNTC1;SPDL1;CEP55;DLGAP5;SPAG5;NCAPH2;KIF23;KIF22;SMC1A;TUBG1;KNSTRN;NDC80;WAPL;ZWINT;MZT1;SGO1;TPX2;CENPE;KIF18A;STAG1;KIF18B;STAG2;PSRC1;ESPL1;KIFC1;CENPI;PRC1;CENPK;KIF2C;NCAPD2;NCAPD3;CCDC61,0.42342342342342343
8,405,Spindle (GO:0005819),50/210,3.846310893001203e-37,cellular anatomical structure,GO_Cellular_Component_2023,4.1358181645174224e-39,0.0,0.0,17.108274647887324,1512.0487048332152,BUB1B;KIF11;SPOUT1;CDC20;NUDCD2;NUSAP1;FBXO5;DLGAP5;CKAP2L;CKAP2;HAUS3;KIF23;KIF22;HASPIN;TUBG1;KNSTRN;CCSAP;PSRC1;FAM161A;ESPL1;INCENP;KIFC1;KIF2C;KIF20A;MAD1L1;TTK;WDR62;SKA3;SKA1;AURKB;SKA2;RACGAP1;KATNA1;ECT2;FAM83D;SPAG5;CBX3;CDC7;CDC6;WAPL;MZT1;TPX2;CENPE;CENPF;PRC1;KIF4A;TACC3;CDK1;TUBGCP3;MAD2L1,0.23809523809523808
8,405,Positive Regulation Of Cell Cycle Process (GO:0090068),37/118,2.601505274132318e-31,biological regulation,GO_Biological_Process_2023,5.558771953274183e-34,0.0,0.0,24.22228931830381,1854.761635162712,GPSM2;FEN1;NCAPG2;KIF14;CDCA8;NCAPG;SMC6;DBF4B;SMC4;NCAPH;AURKB;SMC2;RACGAP1;RAD21;NUSAP1;ECT2;E2F8;GEN1;PLK4;RANBP1;STIL;SPAG5;DDX11;NCAPH2;CDC7;KIF23;CDC6;NDC80;DBF4;INCENP;SASS6;NCAPD2;NCAPD3;KIF20B;MAD1L1;RAD18;MAD2L1,0.3135593220338983
8,405,DNA Metabolic Process (GO:0006259),49/288,1.6688905594499727e-28,cellular process,GO_Biological_Process_2023,5.349008203365297e-31,0.0,0.0,11.14714870010813,776.9922331434884,DCLRE1B;FEN1;MCM7;MCM8;NUDT1;HMGB2;HMGB3;MCM10;PCLAF;TOPBP1;KPNA2;GEN1;WDHD1;SMC1A;NEIL3;RAD51C;NSMCE4A;TIMELESS;MCM3;MCM4;MCM5;MCM6;DCTPP1;ASF1A;MCM2;RNASEH2A;PDS5B;PDS5A;UNG;RECQL4;ORC5;RAD51AP1;ORC6;CDC45;ORC1;RAD21;HLTF;POLQ;DUT;TREX2;DONSON;HINFP;TICRR;FAM111B;FAM111A;UBE2T;CDK1;RAD18;CENPS,0.1701388888888889
8,405,Mitotic Spindle (GO:0072686),36/143,1.2507934236535559e-27,cellular anatomical structure,GO_Cellular_Component_2023,2.6898783304377546e-29,0.0,0.0,17.76886254843857,1168.9330049355349,WDR62;KIF11;SKA3;SKA1;SPOUT1;NUDCD2;RACGAP1;NUSAP1;ECT2;FAM83D;DLGAP5;SPAG5;CKAP2L;CKAP2;HAUS3;CDC7;HAUS6;KIF23;CDC6;KIF22;TUBG1;KNSTRN;CCSAP;WAPL;HAUS1;TPX2;CENPE;KIF18A;KIF18B;FAM161A;ESPL1;KIFC1;CDK1;TACC3;MAD1L1;MAD2L1,0.2517482517482518
8,405,Mitotic Nuclear Division (GO:0140014),24/45,6.836746913807246e-27,cellular process,GO_Biological_Process_2023,2.921686715302242e-29,0.0,0.0,58.714660667416574,3857.7179947148375,SPAG5;UBE2C;NDE1;MIS12;NCAPG2;SMC1A;TUBG1;SMC4;KNSTRN;NSL1;NDC80;WAPL;ZWINT;SGO1;DSN1;KIF18A;KIF18B;ESPL1;CENPI;KIFC1;UBE2S;CENPK;NUSAP1;KNTC1,0.5333333333333333
8,405,Mitotic Spindle Organization (GO:0007052),29/85,8.414434334452727e-26,cellular process,GO_Biological_Process_2023,4.494890135925602e-28,0.0,0.0,26.91066679331307,1694.549655073769,GPSM2;CDCA8;TTK;KIF11;WDR62;SMC3;AURKB;CCNB1;NUF2;STMN1;DLGAP5;STIL;KIF23;SMC1A;TUBG1;CKAP5;MZT1;NDC80;CENPE;TPX2;STAG1;STAG2;CENPH;INCENP;KIFC1;PRC1;KIF4A;CCDC61;SPC25,0.3411764705882353
8,405,Sister Chromatid Segregation (GO:0000819),21/34,1.843813843404071e-25,cellular process,GO_Biological_Process_2023,1.1819319509000454e-27,0.0,0.0,82.37620192307692,5107.542582601585,SPAG5;MIS12;NCAPG2;SMC1A;TUBG1;SMC4;KNSTRN;NSL1;NDC80;WAPL;ZWINT;SGO1;DSN1;KIF18A;KIF18B;ESPL1;CENPI;KIFC1;CENPK;NUSAP1;KNTC1,0.6176470588235294
8,405,Negative Regulation Of Mitotic Metaphase/Anaphase Transition (GO:0045841),18/28,3.278457552298124e-22,biological regulation,GO_Biological_Process_2023,2.4518379130434683e-24,0.0,0.0,91.09302325581396,4952.290821424019,ZWILCH;BUB1B;TTK;HASPIN;NDC80;ZWINT;CDC20;CENPF;NUF2;KNTC1;BUB3;FBXO5;TRIP13;BUB1;MAD1L1;SPC24;MAD2L1;SPC25,0.6428571428571429
8,405,Microtubule Cytoskeleton Organization Involved In Mitosis (GO:1902850),23/59,5.17772530360397e-22,cellular process,GO_Biological_Process_2023,4.4254062423965555e-24,0.0,0.0,32.71211460151251,1759.0834997729253,GPSM2;STIL;CDCA8;TTK;KIF11;WDR62;TUBG1;CKAP5;AURKB;NDC80;CENPE;CCNB1;ESPL1;CENPH;INCENP;KIF4A;NUF2;STMN1;NUSAP1;CDK1;TACC3;DLGAP5;SPC25,0.3898305084745763
8,405,Spindle Assembly Checkpoint Signaling (GO:0071173),17/26,2.606724282762308e-21,cellular process,GO_Biological_Process_2023,3.063458024613824e-23,0.0,0.0,95.3499427262314,4942.932715225517,ZWILCH;BUB1B;TTK;HASPIN;NDC80;ZWINT;CDC20;CENPF;NUF2;KNTC1;BUB3;TRIP13;BUB1;MAD1L1;SPC24;MAD2L1;SPC25,0.6538461538461539
8,405,Mitotic Spindle Assembly Checkpoint Signaling (GO:0007094),17/26,2.606724282762308e-21,cellular process,GO_Biological_Process_2023,3.063458024613824e-23,0.0,0.0,95.3499427262314,4942.932715225517,ZWILCH;BUB1B;TTK;HASPIN;NDC80;ZWINT;CDC20;CENPF;NUF2;KNTC1;BUB3;TRIP13;BUB1;MAD1L1;SPC24;MAD2L1;SPC25,0.6538461538461539
8,405,Mitotic Spindle Checkpoint Signaling (GO:0071174),17/26,2.606724282762308e-21,cellular process,GO_Biological_Process_2023,3.063458024613824e-23,0.0,0.0,95.3499427262314,4942.932715225517,ZWILCH;BUB1B;TTK;HASPIN;NDC80;ZWINT;CDC20;CENPF;NUF2;KNTC1;BUB3;TRIP13;BUB1;MAD1L1;SPC24;MAD2L1;SPC25,0.6538461538461539
8,405,DNA Repair (GO:0006281),41/291,6.504891192721156e-21,cellular process,GO_Biological_Process_2023,8.339604093232251e-23,0.0,0.0,8.715879120879121,443.101709887964,DCLRE1B;DCLRE1A;FEN1;RNASEH2B;RNASEH2A;CDCA5;NUDT1;PDS5B;PDS5A;UNG;RECQL4;RAD51AP1;RAD21;HLTF;NSD2;TOPBP1;PMS1;FANCI;WDHD1;POLQ;CENPX;FANCM;ZGRF1;WRNIP1;SMC1A;HINFP;TRAIP;TICRR;FAM111A;NEIL3;RAD51C;NSMCE4A;RFWD3;UBE2T;TIMELESS;CDK1;TRIP13;HROB;ASF1A;RAD18;CENPS,0.140893470790378
8,405,Nuclear Chromosome (GO:0000228),25/95,5.152809330889856e-20,cellular anatomical structure,GO_Cellular_Component_2023,3.3243931167031327e-21,0.0,0.0,18.35056390977444,865.2841366742746,MCM7;NCAPG2;NCAPG;SMC4;NCAPH;SMC2;PSMC3IP;CDC45;FIGNL1;GINS1;H2AZ1;GINS2;GINS3;NCAPH2;GINS4;SMC1A;TUBG1;MCM3;ANP32E;MCM4;MCM5;NCAPD2;MCM6;NCAPD3;MCM2,0.2631578947368421
8,405,Microtubule Cytoskeleton (GO:0015630),42/342,7.029541402334116e-20,cellular anatomical structure,GO_Cellular_Component_2023,5.291052668423528e-21,0.0,0.0,7.441597796143251,347.4353251631913,CEP57;KIF14;CDCA8;BUB1B;TTK;KIF11;SKA1;AURKB;KIF15;CDC20;CCNB2;NUDCD2;RACGAP1;KATNA1;FBXO5;FAM83D;GTSE1;GAS2L3;CBX3;CKAP2L;CKAP2;KIF23;KIF22;HASPIN;TUBG1;CCSAP;CKAP5;MZT1;TPX2;CENPE;CENPF;KIF18A;PSRC1;INCENP;KIFC1;PRC1;MAP6D1;KIF2C;TUBGCP3;KIF20A;KIF20B;MAD1L1,0.12280701754385964
8,405,Condensed Chromosome (GO:0000793),21/60,7.309813428083612e-20,cellular anatomical structure,GO_Cellular_Component_2023,6.288011551039666e-21,0.0,0.0,27.42227564102564,1275.5647582092367,SLF1;CBX3;NCAPH2;NCAPG2;HMGB2;NCAPG;SMC6;MKI67;SMC1A;TUBG1;SMC4;CENPA;NCAPH;SMC2;CENPC;SGO1;PSMC3IP;CENPE;NSMCE4A;NCAPD2;NCAPD3,0.35
8,405,Positive Regulation Of Chromosome Segregation (GO:0051984),14/18,3.190282054066337e-19,biological regulation,GO_Biological_Process_2023,4.4309472973143566e-21,0.0,0.0,175.36700767263426,8218.692933869926,NCAPH2;RCC2;NCAPG2;NCAPG;CDC6;SMC6;SMC4;NCAPH;SMC2;CCNB1;CDK1;NCAPD2;NCAPD3;RAD18,0.7777777777777778
8,405,Microtubule Binding (GO:0008017),36/239,8.722481265075672e-19,binding,GO_Molecular_Function_2023,3.876658340033632e-21,0.0,0.0,9.319716448396012,438.020274370716,CEP57;KIF14;SKA1;SKA2;KIF15;RACGAP1;KATNA1;NUSAP1;FAM83D;GTSE1;DLGAP5;GAS2L3;SPAG5;RCC2;NDE1;KIF23;HAUS6;KIF22;KNSTRN;CCSAP;CKAP5;CENPE;KIF18A;KIF18B;PSRC1;FAM161A;CEP57L1;KIFC1;PRC1;MAP6D1;KIF2C;TUBGCP3;KIF20A;KIF20B;SPC24;CCDC61,0.1506276150627615
8,405,Regulation Of Chromosome Segregation (GO:0051983),15/28,6.00637586166396e-17,biological regulation,GO_Biological_Process_2023,8.983895519582845e-19,0.0,0.0,57.93491124260355,2407.408946786075,CDCA2;NCAPH2;NCAPG2;NCAPG;SMC6;CDC6;MKI67;SMC4;NCAPH;SMC2;KIF2C;NCAPD2;NCAPD3;BUB1;RAD18,0.5357142857142857
8,405,CMG Complex (GO:0071162),10/10,1.0727897442500099e-16,protein-containing complex,GO_Cellular_Component_2023,1.0381836234677516e-17,0.0,0.0,195950.0,7662913.562777938,GINS1;GINS2;MCM7;GINS3;GINS4;MCM3;MCM4;MCM5;MCM6;MCM2,1.0
8,405,Mitotic Metaphase Plate Congression (GO:0007080),18/50,1.4013799376149371e-16,localization,GO_Biological_Process_2023,2.2458011820752198e-18,0.0,0.0,28.43459302325581,1155.50990224582,CDT1;CDCA5;MIS12;KIF14;CDCA8;KIF22;NDC80;CENPC;CENPE;CCNB1;KIF18A;PSRC1;KIFC1;NUF2;KIF2C;SPDL1;CEP55;MAD1L1,0.36
8,405,Double-Strand Break Repair Via Homologous Recombination (GO:0000724),24/111,1.8035301408345795e-16,cellular process,GO_Biological_Process_2023,3.082957505700136e-18,0.0,0.0,14.124717168974568,569.5176686790793,GEN1;GINS2;FEN1;SLF1;FANCM;MCM7;MCM8;GINS4;CDC7;SMC6;RAD54B;RAD51AP1;RECQL4;MMS22L;NSMCE4A;RAD51C;CDC45;RAD21;RFWD3;MCM3;MCM4;MCM5;MCM6;MCM2,0.21621621621621623
8,405,Chromosome (GO:0005694),27/164,3.5202372853596667e-16,cellular anatomical structure,GO_Cellular_Component_2023,3.785201382107168e-17,0.0,0.0,10.144942648592284,383.6091691671569,CDCA2;CDCA5;HMGB2;NCAPG;SMC6;PDS5B;MKI67;SMC3;PDS5A;SMC2;RAD51AP1;RECQL4;SYCE2;FIGNL1;RAD21;BRIX1;TOPBP1;ESCO2;SMC1A;WAPL;CENPE;STAG1;STAG2;CENPH;INTS7;NCAPD2;TRIP13,0.16463414634146342
8,405,Spindle Microtubule (GO:0005876),19/68,4.98252491268062e-16,cellular anatomical structure,GO_Cellular_Component_2023,5.893309036503958e-17,0.0,0.0,19.6348736385746,733.7577594985387,ZWILCH;HAUS3;HAUS6;KIF11;TUBG1;SKA3;AURKB;SKA1;HAUS1;SKA2;CENPE;KIF18A;PSRC1;KIF18B;FAM161A;PRC1;KIF4A;CDK1;KNTC1,0.27941176470588236
8,405,DNA Replication (GO:0006260),20/73,7.46335723267712e-16,cellular process,GO_Biological_Process_2023,1.3555242837127248e-17,0.0,0.0,19.154128889977947,743.9417360770442,WDHD1;FEN1;DUT;RNASEH2A;MCM7;MCM8;DONSON;WRNIP1;TICRR;ORC5;RECQL4;FAM111B;FAM111A;RNASEH1;PCLAF;CDK1;MCM4;MCM5;MCM6;MCM2,0.273972602739726
8,405,Tubulin Binding (GO:0015631),37/322,1.3520642947703298e-15,binding,GO_Molecular_Function_2023,1.2018349286847377e-17,0.0,0.0,6.812261632341724,265.40637456283014,CEP57;KIF14;SMC3;SKA1;SKA2;KIF15;RACGAP1;KATNA1;STMN1;NUSAP1;FAM83D;GTSE1;DLGAP5;GAS2L3;SPAG5;RCC2;NDE1;KIF23;HAUS6;KIF22;CCSAP;CKAP5;CENPE;KIF18A;KIF18B;PSRC1;FAM161A;CEP57L1;KIFC1;PRC1;MAP6D1;KIF2C;TUBGCP3;KIF20A;KIF20B;SPC24;CCDC61,0.11490683229813664
8,405,Regulation Of Attachment Of Spindle Microtubules To Kinetochore (GO:0051988),7/9,9.181054930437801e-10,biological regulation,GO_Biological_Process_2023,4.6101451039591525e-11,0.0,0.0,172.3002512562814,4100.776423718464,CCNB1;RACGAP1;SPAG5;RCC2;NEK2;ECT2;KNSTRN,0.7777777777777778
8,405,DNA Secondary Structure Binding (GO:0000217),11/33,1.1972135611282144e-09,binding,GO_Molecular_Function_2023,2.6604745802849208e-11,0.0,0.0,24.838832487309645,604.8238696659197,RAD51AP1;RECQL4;GEN1;NEIL3;RAD51C;FANCM;HMGB2;HMGB3;SMC6;CLSPN;RAD18,0.3333333333333333
8,405,Regulation Of Chromosome Separation (GO:1905818),8/12,2.7124834264717836e-10,biological regulation,GO_Biological_Process_2023,1.2171399990578517e-11,0.0,0.0,98.69521410579344,2480.401427332563,NCAPH2;NCAPG2;NCAPG;NCAPD2;NCAPD3;SMC4;NCAPH;SMC2,0.6666666666666666
8,405,CENP-A Containing Chromatin Assembly (GO:0034080),6/6,1.2696489912000206e-09,cellular process,GO_Biological_Process_2023,6.646666727436004e-11,0.0,0.0,117570.0,2755173.0656439704,CENPW;MIS18A;NASP;CENPI;HJURP;OIP5,1.0
8,405,Regulation Of Spindle Organization (GO:0090224),7/20,1.110479444003258e-06,biological regulation,GO_Biological_Process_2023,8.18622667053684e-08,0.0,0.0,26.49284885968303,432.31633948456187,GPSM2;TPX2;STIL;BORA;PSRC1;SASS6;TACC3,0.35
8,405,Positive Regulation Of G2/M Transition Of Mitotic Cell Cycle (GO:0010971),7/21,1.6134228609924035e-06,biological regulation,GO_Biological_Process_2023,1.2066196609985926e-07,0.0,0.0,24.599246231155774,391.872704846849,CCNB1;RAD51C;RCC2;CDK1;CDC7;DBF4B;FBXO5,0.3333333333333333
8,405,DNA Integrity Checkpoint Signaling (GO:0031570),9/42,1.704942930361485e-06,cellular process,GO_Biological_Process_2023,1.293279359569075e-07,0.0,0.0,13.47245179063361,213.68540621466315,CDT1;TIPIN;CDC45;DONSON;TIMELESS;INTS7;CLSPN;CDC6;HINFP,0.21428571428571427
8,405,Establishment Of Mitotic Spindle Localization (GO:0040001),8/34,3.927275076078877e-06,localization,GO_Biological_Process_2023,3.020980827752982e-07,0.0,0.0,15.16682813408254,227.6922211378196,GPSM2;ESPL1;NDE1;NUSAP1;SPDL1;CENPA;NDC80;MAD2L1,0.23529411764705882
8,405,Positive Regulation Of Cell Cycle G2/M Phase Transition (GO:1902751),7/24,4.369397021619648e-06,biological regulation,GO_Biological_Process_2023,3.407756224126435e-07,0.0,0.0,20.25509902453444,301.6397767796964,CCNB1;RAD51C;RCC2;CDK1;CDC7;DBF4B;FBXO5,0.2916666666666667
8,405,Recombinational Repair (GO:0000725),12/95,6.144111810069531e-06,cellular process,GO_Biological_Process_2023,4.85752429428574e-07,0.0,0.0,7.1781477053251175,104.35280138817386,GEN1;RAD51AP1;RECQL4;MMS22L;FEN1;SLF1;NSMCE4A;RAD51C;MCM8;RFWD3;SMC6;RAD54B,0.12631578947368421
8,405,Damaged DNA Binding (GO:0003684),9/45,7.829714484938369e-06,binding,GO_Molecular_Function_2023,2.435911173091937e-07,0.0,0.0,12.347853535353536,188.0303324802104,DCLRE1B;DCLRE1A;POLQ;FEN1;NEIL3;HMGB2;SMC6;RAD18;UNG,0.2
8,405,Non-Membrane-Bounded Organelle Assembly (GO:0140694),14/135,8.032505150047001e-06,cellular process,GO_Biological_Process_2023,6.436302203563302e-07,0.0,0.0,5.76263448246708,82.15293240896591,CENPW;MIS12;HAUS3;HAUS6;LSM4;CENPA;HAUS1;CENPC;CENPE;CENPF;NEK2;TUBGCP3;DLGAP5;CCDC61,0.1037037037037037
8,405,Microtubule Depolymerization (GO:0007019),6/17,8.36733446633064e-06,cellular process,GO_Biological_Process_2023,6.807178043800893e-07,0.0,0.0,26.77238550922761,380.1710333952239,KIF18A;KIF18B;STMN1;KIF14;KIF2C;CKAP5,0.35294117647058826
8,405,Positive Regulation Of DNA Biosynthetic Process (GO:2000573),10/65,8.36733446633064e-06,biological regulation,GO_Biological_Process_2023,6.883384122942941e-07,0.0,0.0,8.994246260069044,127.61922744353308,GINS1;GINS2;DKC1;DSCC1;GINS3;GINS4;USP1;NEK2;CHTF18;AURKB,0.15384615384615385
8,405,Meiotic Sister Chromatid Cohesion (GO:0051177),5/10,9.12250245745116e-06,cellular process,GO_Biological_Process_2023,7.699548014301727e-07,0.0,0.0,48.975,689.4178437893003,SGO2;RAD21;BUB1B;SMC1A;SMC3,0.5
8,405,Positive Regulation Of DNA-templated DNA Replication (GO:2000105),5/10,9.12250245745116e-06,biological regulation,GO_Biological_Process_2023,7.699548014301727e-07,0.0,0.0,48.975,689.4178437893003,CDT1;DBF4;CDC7;DBF4B;E2F8,0.5
8,405,DNA Replication-Dependent Chromatin Assembly (GO:0006335),4/5,9.53825241732162e-06,cellular process,GO_Biological_Process_2023,8.152352493437283e-07,0.0,0.0,195.45137157107231,2740.1870118311085,CHAF1B;CHAF1A;NASP;ASF1B,0.8
8,405,Chromatin Remodeling At Centromere (GO:0031055),6/6,1.2696489912000206e-09,None,GO_Biological_Process_2023,6.646666727436004e-11,0.0,0.0,117570.0,2755173.0656439704,CENPW;MIS18A;NASP;CENPI;HJURP;OIP5,1.0
8,405,Oocyte meiosis,15/129,8.37633060936365e-07,Cell growth and death,KEGG_2021_Human,5.584220406242433e-08,0.0,0.0,6.572537112010796,109.76620655479412,SMC3;PKMYT1;SMC1A;CDC20;SGO1;CCNB2;CCNB1;PTTG1;ESPL1;PTTG2;CDK1;FBXO5;BUB1;MAD1L1;MAD2L1,0.11627906976744186
8,405,DNA replication,10/36,3.7105841885009604e-08,Replication and repair,KEGG_2021_Human,1.6491485282226491e-09,0.0,0.0,19.054527750730283,385.3398428586583,FEN1;RNASEH2B;RNASEH2A;RNASEH1;MCM7;MCM3;MCM4;MCM5;MCM6;MCM2,0.2777777777777778
8,405,Positive Regulation Of Mitotic Cell Cycle Spindle Assembly Checkpoint (GO:0090267),6/11,3.8781346226303723e-07,biological regulation,GO_Biological_Process_2023,2.8174482301160823e-08,0.0,0.0,58.91729323308271,1024.26825527735,GEN1;INCENP;CDCA8;MAD1L1;NDC80;MAD2L1,0.5454545454545454
8,405,Positive Regulation Of Spindle Checkpoint (GO:0090232),6/11,3.8781346226303723e-07,biological regulation,GO_Biological_Process_2023,2.8174482301160823e-08,0.0,0.0,58.91729323308271,1024.26825527735,GEN1;INCENP;CDCA8;MAD1L1;NDC80;MAD2L1,0.5454545454545454
8,405,Establishment Of Mitotic Sister Chromatid Cohesion (GO:0034087),5/6,2.823100197089761e-07,cellular process,GO_Biological_Process_2023,1.960486247979001e-08,0.0,0.0,244.925,4346.803551248579,STAG1;STAG2;RAD21;SMC1A;SMC3,0.8333333333333334
8,405,Establishment Of Chromosome Localization (GO:0051303),8/14,1.3340065546064195e-09,None,GO_Biological_Process_2023,7.126103389991559e-11,0.0,0.0,65.79009235936188,1537.1638924453564,CENPF;INCENP;NDE1;KIF2C;KIF22;FAM83D;CENPQ;NDC80,0.5714285714285714
8,405,Cytoskeleton-Dependent Cytokinesis (GO:0061640),15/81,1.3501477922907402e-09,cellular process,GO_Biological_Process_2023,7.356574509276469e-11,0.0,0.0,11.38053613053613,265.54024706708014,CKAP2;CDCA8;KIF23;CENPA;AURKB;ANLN;ESPL1;RACGAP1;INCENP;KIF4A;STMN1;NUSAP1;KIF20A;ECT2;CEP55,0.18518518518518517
8,405,Interstrand Cross-Link Repair (GO:0036297),11/36,1.4076802707341443e-09,cellular process,GO_Biological_Process_2023,7.820445948523024e-11,0.0,0.0,21.854822335025386,508.5987474941471,DCLRE1B;RAD51AP1;FANCI;DCLRE1A;NEIL3;CENPX;FANCM;MCM8;RFWD3;HROB;CENPS,0.3055555555555556
8,405,Protein Localization To Condensed Chromosome (GO:1903083),7/10,2.6173326077575427e-09,localization,GO_Biological_Process_2023,1.5099995813985823e-10,0.0,0.0,114.8609715242881,2597.436324959592,MTBP;ZWILCH;CDK1;TTK;BUB3;KNL1;SPDL1,0.7
8,405,Mitotic DNA Replication (GO:1902969),7/10,2.6173326077575427e-09,cellular process,GO_Biological_Process_2023,1.5099995813985823e-10,0.0,0.0,114.8609715242881,2597.436324959592,GINS1;GINS3;MCM3;MCM4;MCM6;TK1;MCM2,0.7
8,405,Regulation Of Mitotic Cell Cycle Spindle Assembly Checkpoint (GO:0090266),8/17,9.30765140975491e-09,biological regulation,GO_Biological_Process_2023,5.469239610432905e-10,0.0,0.0,43.8533445284075,935.2476197903936,GEN1;CCNB1;INCENP;CDCA8;AURKB;NDC80;MAD1L1;MAD2L1,0.47058823529411764
8,405,Spindle Assembly (GO:0051225),14/81,1.3854610478648528e-08,cellular process,GO_Biological_Process_2023,8.289083192353818e-10,0.0,0.0,10.43600412260946,218.2263592362536,HAUS3;HAUS6;KIF11;SMC3;SMC1A;MZT1;HAUS1;TPX2;STAG1;STAG2;KIFC1;NEK2;TUBGCP3;CCDC61,0.1728395061728395
8,405,Regulation Of G2/M Transition Of Mitotic Cell Cycle (GO:0010389),9/35,3.292211064353013e-07,biological regulation,GO_Biological_Process_2023,2.3214308787104583e-08,0.0,0.0,17.10576923076923,300.6937129402945,CCNB1;CENPF;RAD51C;RCC2;KIF14;CDK1;CDC7;DBF4B;FBXO5,0.2571428571428571
8,405,Replication Fork Processing (GO:0031297),11/46,2.377527361526928e-08,cellular process,GO_Biological_Process_2023,1.4478532009298595e-09,0.0,0.0,15.60261058738216,317.5628030528016,GEN1;FAM111A;MMS22L;CENPX;FANCM;DDX11;RFWD3;DONSON;ASF1A;TRAIP;CENPS,0.2391304347826087
8,405,Mitotic Cell Cycle Phase Transition (GO:0044772),15/111,1.121353374642172e-07,cellular process,GO_Biological_Process_2023,7.068359946996596e-09,0.0,0.0,7.812099358974359,146.61464776997843,UBE2C;CCNF;CDC7;PKMYT1;FOXM1;MASTL;HINFP;CCNB2;CCNB1;MELK;DBF4;UBE2S;CDK1;TACC3;CDKN3,0.13513513513513514
8,405,Positive Regulation Of Mitotic Sister Chromatid Separation (GO:1901970),7/15,1.1571519431705058e-07,biological regulation,GO_Biological_Process_2023,7.417640661349395e-09,0.0,0.0,43.06187185929648,806.092610801383,CDC20;ESPL1;UBE2C;INCENP;CDCA8;AURKB;DLGAP5,0.4666666666666667
8,405,Chromosome Condensation (GO:0030261),9/32,1.493188251157469e-07,cellular process,GO_Biological_Process_2023,9.73124821801342e-09,0.0,0.0,19.3399209486166,356.7813853175512,CDCA5;NCAPH2;NUSAP1;NCAPG;NCAPD2;NCAPD3;SMC4;NCAPH;SMC2,0.28125
8,405,Mitotic Spindle Elongation (GO:0000022),6/10,1.9054904452850385e-07,cellular process,GO_Biological_Process_2023,1.3028994497675476e-08,0.0,0.0,73.65037593984962,1337.202752242173,RACGAP1;INCENP;PRC1;KIF4A;CDCA8;KIF23,0.6
8,405,Nuclear Chromosome Segregation (GO:0098813),7/16,1.9054904452850385e-07,cellular process,GO_Biological_Process_2023,1.2957786077979842e-08,0.0,0.0,38.27526521496371,695.1388697329305,CENPF;INCENP;KIF2C;KIF22;FAM83D;CENPQ;NDC80,0.4375
8,405,Mitotic Spindle Midzone Assembly (GO:0051256),6/10,1.9054904452850385e-07,cellular process,GO_Biological_Process_2023,1.3028994497675476e-08,0.0,0.0,73.65037593984962,1337.202752242173,RACGAP1;INCENP;PRC1;KIF4A;CDCA8;KIF23,0.6
8,405,Regulation Of Sister Chromatid Cohesion (GO:0007063),6/8,2.9017217208913064e-08,biological regulation,GO_Biological_Process_2023,1.7980754253386302e-09,0.0,0.0,147.31578947368422,2966.4316061688755,FEN1;ESPL1;DDX11;RAD21;BUB1;WAPL,0.75
8,405,Cell cycle,32/124,7.147210835245931e-25,Cell growth and death,KEGG_2021_Human,1.5882690744990955e-26,0.0,0.0,18.18673505070521,1080.3751322338435,MCM7;BUB1B;TTK;SMC3;PKMYT1;CDC20;ORC5;CCNB2;CCNB1;ORC6;CDC45;PTTG1;ORC1;PTTG2;RAD21;BUB3;BUB1;CDC7;CDC6;SMC1A;STAG1;STAG2;DBF4;ESPL1;CDK1;MCM3;MCM4;MCM5;MCM6;MAD1L1;MCM2;MAD2L1,0.25806451612903225
10,298,Sensory Perception R-HSA-9709957,290/616,0.0,Sensory Perception,Reactome_2022,0.0,0.0,0.0,2154.5398773006136,inf,OR7G1;OR8I2;OR9K2;OR2M7;OR11H4;OR2M5;OR52N1;OR2M4;OR2M3;OR4K17;OR2M2;OR1K1;OR4Q3;OR52N5;OR52N4;OR51L1;OR52N2;OR5D18;OR2AE1;OR11H6;OR5D16;OR8H3;OR5D13;OR8H2;OR2L8;OR11G2;OR1J4;OR2L3;OR1J2;OR4P4;OR2L2;OR1J1;OR10AD1;OR52M1;OR6T1;OR10V1;OR4K15;OR4K14;OR4K13;OR4C12;OR4C11;OR6C6;OR6C4;OR4C16;OR6C3;OR5A2;OR8G5;OR6C2;OR5AK2;OR5A1;OR6C1;OR4C13;OR8G1;OR9I1;OR13J1;OR2K2;OR1I1;OR10T2;OR6S1;OR52L1;OR5M11;OR5M10;OR7D4;OR7D2;OR6B1;OR2A25;OR8B12;OR51I2;OR14K1;OR4N5;OR2J2;OR4N4;OR10S1;OR4N2;OR5P3;OR51I1;OR52K2;OR52K1;OR9G9;OR4D11;OR10C1;OR2A12;OR2Z1;OR4D10;OR9G4;OR2A14;OR2A1;OR10J1;OR5W2;OR6Y1;OR51Q1;OR4D9;OR5AP2;OR52B2;OR5B17;OR4D5;OR52B6;OR5F1;OR1N1;OR10Z1;OR6X1;OR52R1;OR52A1;OR4A15;OR4C3;OR3A2;OR52A5;OR4A16;OR8K5;OR8K1;OR10H5;OR10H4;OR1M1;OR4S2;OR4S1;OR2AG1;OR2AG2;OR4C45;OR5AN1;OR4C46;OR4B1;OR6F1;OR8J3;OR8J1;OR10G2;OR14A16;OR1L8;OR10G4;OR10G3;OR1L6;OR51M1;OR1L4;OR1L3;OR1L1;OR5T2;OR6V1;OR10X1;OR4A5;OR10G8;OR10G7;OR10G9;OR7G3;OR5C1;OR1C1;OR5K2;OR51D1;OR5K1;OR6M1;OR2T12;OR2T10;OR52W1;OR1S2;OR1S1;OR13D1;OR2D3;OR2D2;OR1B1;OR52E4;OR14C36;OR5J2;OR5AS1;OR52E2;OR2T8;OR2T6;OR2T5;OR2T4;OR2T3;OR13C9;OR2T2;OR13C8;OR4X2;OR5AC2;OR4X1;OR9A4;OR51T1;OR9A2;OR52E8;OR52E6;OR13C3;OR13C2;OR13C5;OR13C4;OR2C3;OR1A2;OR1A1;OR6K6;OR6K3;OR51B2;OR6K2;OR5AR1;OR5I1;OR52D1;OR9Q2;OR9Q1;OR1Q1;OR2S2;OR2AK2;OR51S1;OR51B6;OR4A47;OR51B5;OR51B4;OR4F6;OR2B3;OR5H6;OR10K2;OR4F3;OR5H2;OR5B21;OR5H1;OR51A4;OR2A7;OR51A2;OR13A1;OR51A7;OR2A2;OR7A10;OR52J3;RTP2;OR14J1;OR8U9;OR13H1;OR8U8;OR4M1;OR10R2;OR10AG1;OR8U3;OR6Q1;OR8U1;OR56B1;OR8D4;OR8D2;OR56B4;OR8D1;OR51G2;OR51G1;OR52I2;OR6C70;OR52I1;OR6C76;OR6C75;OR13G1;OR6C74;OR14I1;OR4L1;OR10Q1;OR6P1;OR56A5;OR7A5;OR10A2;OR56A4;OR10A4;OR10A3;OR56A3;OR10A6;OR56A1;OR51F2;OR5M9;OR51F1;OR2G6;OR52H1;OR5M8;OR6C65;OR2G3;OR2G2;OR5M3;OR4K2;OR4K1;OR5M1;OR8S1;OR2T33;OR8B8;OR2W1;OR8B4;OR13F1;OR6C68;OR12D3;OR5AU1;OR1D5;OR2T27;OR1D4;OR5L2;OR6N2;OR5L1;OR6N1;OR4F17;OR51V1;OR2V2;OR2V1;OR8A1,0.4707792207792208
10,298,Expression And Translocation Of Olfactory Receptors R-HSA-9752946,290/393,0.0,Sensory Perception,Reactome_2022,0.0,0.0,0.0,6897.706310679611,inf,OR7G1;OR8I2;OR9K2;OR2M7;OR11H4;OR2M5;OR52N1;OR2M4;OR2M3;OR4K17;OR2M2;OR1K1;OR4Q3;OR52N5;OR52N4;OR51L1;OR52N2;OR5D18;OR2AE1;OR11H6;OR5D16;OR8H3;OR5D13;OR8H2;OR2L8;OR11G2;OR1J4;OR2L3;OR1J2;OR4P4;OR2L2;OR1J1;OR10AD1;OR52M1;OR6T1;OR10V1;OR4K15;OR4K14;OR4K13;OR4C12;OR4C11;OR6C6;OR6C4;OR4C16;OR6C3;OR5A2;OR8G5;OR6C2;OR5AK2;OR5A1;OR6C1;OR4C13;OR8G1;OR9I1;OR13J1;OR2K2;OR1I1;OR10T2;OR6S1;OR52L1;OR5M11;OR5M10;OR7D4;OR7D2;OR6B1;OR2A25;OR8B12;OR51I2;OR14K1;OR4N5;OR2J2;OR4N4;OR10S1;OR4N2;OR5P3;OR51I1;OR52K2;OR52K1;OR9G9;OR4D11;OR10C1;OR2A12;OR2Z1;OR4D10;OR9G4;OR2A14;OR2A1;OR10J1;OR5W2;OR6Y1;OR51Q1;OR4D9;OR5AP2;OR52B2;OR5B17;OR4D5;OR52B6;OR5F1;OR1N1;OR10Z1;OR6X1;OR52R1;OR52A1;OR4A15;OR4C3;OR3A2;OR52A5;OR4A16;OR8K5;OR8K1;OR10H5;OR10H4;OR1M1;OR4S2;OR4S1;OR2AG1;OR2AG2;OR4C45;OR5AN1;OR4C46;OR4B1;OR6F1;OR8J3;OR8J1;OR10G2;OR14A16;OR1L8;OR10G4;OR10G3;OR1L6;OR51M1;OR1L4;OR1L3;OR1L1;OR5T2;OR6V1;OR10X1;OR4A5;OR10G8;OR10G7;OR10G9;OR7G3;OR5C1;OR1C1;OR5K2;OR51D1;OR5K1;OR6M1;OR2T12;OR2T10;OR52W1;OR1S2;OR1S1;OR13D1;OR2D3;OR2D2;OR1B1;OR52E4;OR14C36;OR5J2;OR5AS1;OR52E2;OR2T8;OR2T6;OR2T5;OR2T4;OR2T3;OR13C9;OR2T2;OR13C8;OR4X2;OR5AC2;OR4X1;OR9A4;OR51T1;OR9A2;OR52E8;OR52E6;OR13C3;OR13C2;OR13C5;OR13C4;OR2C3;OR1A2;OR1A1;OR6K6;OR6K3;OR51B2;OR6K2;OR5AR1;OR5I1;OR52D1;OR9Q2;OR9Q1;OR1Q1;OR2S2;OR2AK2;OR51S1;OR51B6;OR4A47;OR51B5;OR51B4;OR4F6;OR2B3;OR5H6;OR10K2;OR4F3;OR5H2;OR5B21;OR5H1;OR51A4;OR2A7;OR51A2;OR13A1;OR51A7;OR2A2;OR7A10;OR52J3;RTP2;OR14J1;OR8U9;OR13H1;OR8U8;OR4M1;OR10R2;OR10AG1;OR8U3;OR6Q1;OR8U1;OR56B1;OR8D4;OR8D2;OR56B4;OR8D1;OR51G2;OR51G1;OR52I2;OR6C70;OR52I1;OR6C76;OR6C75;OR13G1;OR6C74;OR14I1;OR4L1;OR10Q1;OR6P1;OR56A5;OR7A5;OR10A2;OR56A4;OR10A4;OR10A3;OR56A3;OR10A6;OR56A1;OR51F2;OR5M9;OR51F1;OR2G6;OR52H1;OR5M8;OR6C65;OR2G3;OR2G2;OR5M3;OR4K2;OR4K1;OR5M1;OR8S1;OR2T33;OR8B8;OR2W1;OR8B4;OR13F1;OR6C68;OR12D3;OR5AU1;OR1D5;OR2T27;OR1D4;OR5L2;OR6N2;OR5L1;OR6N1;OR4F17;OR51V1;OR2V2;OR2V1;OR8A1,0.7379134860050891
10,298,Olfactory Signaling Pathway R-HSA-381753,290/401,0.0,Sensory Perception,Reactome_2022,0.0,0.0,0.0,6397.961711711711,inf,OR7G1;OR8I2;OR9K2;OR2M7;OR11H4;OR2M5;OR52N1;OR2M4;OR2M3;OR4K17;OR2M2;OR1K1;OR4Q3;OR52N5;OR52N4;OR51L1;OR52N2;OR5D18;OR2AE1;OR11H6;OR5D16;OR8H3;OR5D13;OR8H2;OR2L8;OR11G2;OR1J4;OR2L3;OR1J2;OR4P4;OR2L2;OR1J1;OR10AD1;OR52M1;OR6T1;OR10V1;OR4K15;OR4K14;OR4K13;OR4C12;OR4C11;OR6C6;OR6C4;OR4C16;OR6C3;OR5A2;OR8G5;OR6C2;OR5AK2;OR5A1;OR6C1;OR4C13;OR8G1;OR9I1;OR13J1;OR2K2;OR1I1;OR10T2;OR6S1;OR52L1;OR5M11;OR5M10;OR7D4;OR7D2;OR6B1;OR2A25;OR8B12;OR51I2;OR14K1;OR4N5;OR2J2;OR4N4;OR10S1;OR4N2;OR5P3;OR51I1;OR52K2;OR52K1;OR9G9;OR4D11;OR10C1;OR2A12;OR2Z1;OR4D10;OR9G4;OR2A14;OR2A1;OR10J1;OR5W2;OR6Y1;OR51Q1;OR4D9;OR5AP2;OR52B2;OR5B17;OR4D5;OR52B6;OR5F1;OR1N1;OR10Z1;OR6X1;OR52R1;OR52A1;OR4A15;OR4C3;OR3A2;OR52A5;OR4A16;OR8K5;OR8K1;OR10H5;OR10H4;OR1M1;OR4S2;OR4S1;OR2AG1;OR2AG2;OR4C45;OR5AN1;OR4C46;OR4B1;OR6F1;OR8J3;OR8J1;OR10G2;OR14A16;OR1L8;OR10G4;OR10G3;OR1L6;OR51M1;OR1L4;OR1L3;OR1L1;OR5T2;OR6V1;OR10X1;OR4A5;OR10G8;OR10G7;OR10G9;OR7G3;OR5C1;OR1C1;OR5K2;OR51D1;OR5K1;OR6M1;OR2T12;OR2T10;OR52W1;OR1S2;OR1S1;OR13D1;OR2D3;OR2D2;OR1B1;OR52E4;OR14C36;OR5J2;OR5AS1;OR52E2;OR2T8;OR2T6;OR2T5;OR2T4;OR2T3;OR13C9;OR2T2;OR13C8;OR4X2;OR5AC2;OR4X1;OR9A4;OR51T1;OR9A2;OR52E8;OR52E6;OR13C3;OR13C2;OR13C5;OR13C4;OR2C3;OR1A2;OR1A1;OR6K6;OR6K3;OR51B2;OR6K2;OR5AR1;OR5I1;OR52D1;OR9Q2;OR9Q1;OR1Q1;OR2S2;OR2AK2;OR51S1;OR51B6;OR4A47;OR51B5;OR51B4;OR4F6;OR2B3;OR5H6;OR10K2;OR4F3;OR5H2;OR5B21;OR5H1;OR51A4;OR2A7;OR51A2;OR13A1;OR51A7;OR2A2;OR7A10;OR52J3;RTP2;OR14J1;OR8U9;OR13H1;OR8U8;OR4M1;OR10R2;OR10AG1;OR8U3;OR6Q1;OR8U1;OR56B1;OR8D4;OR8D2;OR56B4;OR8D1;OR51G2;OR51G1;OR52I2;OR6C70;OR52I1;OR6C76;OR6C75;OR13G1;OR6C74;OR14I1;OR4L1;OR10Q1;OR6P1;OR56A5;OR7A5;OR10A2;OR56A4;OR10A4;OR10A3;OR56A3;OR10A6;OR56A1;OR51F2;OR5M9;OR51F1;OR2G6;OR52H1;OR5M8;OR6C65;OR2G3;OR2G2;OR5M3;OR4K2;OR4K1;OR5M1;OR8S1;OR2T33;OR8B8;OR2W1;OR8B4;OR13F1;OR6C68;OR12D3;OR5AU1;OR1D5;OR2T27;OR1D4;OR5L2;OR6N2;OR5L1;OR6N1;OR4F17;OR51V1;OR2V2;OR2V1;OR8A1,0.7231920199501247
10,298,Olfactory transduction,295/440,0.0,Sensory system,KEGG_2021_Human,0.0,0.0,0.0,13262.793103448275,inf,OR7G1;OR8I2;OR9K2;OR2M7;OR11H4;OR2M5;OR52N1;OR2M4;OR2M3;OR4K17;OR2M2;OR1K1;OR4Q3;OR52N5;OR52N4;OR51L1;OR52N2;OR5D18;OR2AE1;OR11H6;OR2A42;OR5D16;OR8H3;OR5D13;OR8H2;OR2L8;OR11G2;OR1J4;OR2L3;OR1J2;OR4P4;OR2L2;OR1J1;OR10AD1;OR52M1;OR6T1;OR10V1;OR4K15;OR4K14;OR4K13;OR4C12;OR4C11;OR6C6;OR6C4;OR4C16;OR6C3;OR5A2;OR8G5;OR6C2;OR5AK2;OR5A1;OR6C1;OR4C13;OR8G1;OR9I1;OR13J1;OR2K2;OR1I1;OR10T2;OR51J1;OR6S1;OR52L1;OR5M11;OR5M10;OR7D4;OR7D2;OR6B1;OR2A25;OR8B12;OR51I2;OR14K1;OR4N5;OR2J2;OR4N4;OR10S1;OR4N2;OR5P3;OR51I1;OR52K2;OR52K1;OR9G9;OR4D11;OR10C1;OR2A12;OR2Z1;OR4D10;OR9G4;OR2A14;OR9G1;OR2A1;OR10J1;OR10J3;OR5W2;OR6Y1;OR51Q1;OR4D9;OR5AP2;OR52B2;OR5B17;OR4D5;OR52B6;OR5F1;OR1N1;OR10Z1;OR6X1;OR52R1;OR52A1;OR4A15;OR4C3;OR3A2;OR52A5;OR4A16;OR8K5;OR8K1;OR10H5;OR10H4;OR1M1;OR4S2;OR4S1;OR2AG1;OR2AG2;OR4C45;OR5AN1;OR4C46;OR4B1;OR6F1;OR8J3;OR8J1;OR10G2;OR14A16;OR1L8;OR10G4;OR10G3;OR1L6;OR51M1;OR1L4;OR1L3;OR1L1;OR5T2;OR6V1;OR10X1;OR4A5;OR10G8;OR10G7;OR10G9;OR7G3;OR5C1;OR1C1;OR5K2;OR51D1;OR5K1;OR6M1;OR2T12;OR2T10;OR52W1;OR1S2;OR1S1;OR13D1;OR2D3;OR2D2;OR1B1;OR52E4;OR14C36;OR5J2;OR5AS1;OR52E2;OR2T8;OR2T6;OR2T5;OR2T4;OR2T3;OR13C9;OR2T2;OR13C8;OR4X2;OR5AC2;OR4X1;OR9A4;OR51T1;OR9A2;OR52E8;OR52E6;OR13C3;OR13C2;OR13C5;OR13C4;OR2C3;OR1A2;OR1A1;OR6K6;OR6K3;OR51B2;OR6K2;OR5AR1;OR5I1;OR52D1;OR9Q2;OR9Q1;OR1Q1;OR2S2;OR2AK2;OR51S1;OR51B6;OR4A47;OR51B5;OR51B4;OR4F6;OR2B3;OR5H6;OR4F4;OR10K2;OR4F3;OR5H2;OR5B21;OR5H1;OR51A4;OR2A7;OR51A2;OR13A1;OR51A7;OR2A2;OR7A10;OR52J3;OR14J1;OR8U9;OR13H1;OR8U8;OR4M1;OR10R2;OR10AG1;OR8U3;OR6Q1;OR8U1;OR56B1;OR8D4;OR8D2;OR56B4;OR8D1;OR51G2;OR51G1;OR52I2;OR6C70;OR52I1;OR6C76;OR6C75;OR13G1;OR6C74;OR14I1;OR4L1;OR10Q1;OR6P1;OR56A5;OR7A5;OR10A2;OR56A4;OR10A4;OR10A3;OR56A3;OR10A6;OR56A1;OR51F2;OR5M9;OR51F1;OR2G6;OR52H1;OR5M8;OR6C65;OR2G3;OR2G2;OR5M3;OR4K2;OR4K1;OR5M1;OR8S1;OR2T33;OR8B8;OR2W1;OR8B4;OR13F1;OR6C68;OR12D3;OR5AU1;OR1D5;OR2T27;OR1D4;OR2T29;OR5L2;OR6N2;OR5L1;OR6N1;OR4F17;OR51V1;OR2V2;OR2V1;OR8A1,0.6704545454545454
10,298,Sensory Perception Of Smell (GO:0007608),147/230,4.2561888024433555e-223,multicellular organismal process,GO_Biological_Process_2023,2.0267565725920743e-224,0.0,0.0,230.11194446660812,118524.36306462386,OR8I2;OR1C1;OR2M7;OR2M5;OR2M4;OR2M3;OR2M2;OR2T12;OR2T10;OR5D18;OR2AE1;OR2A42;OR13D1;OR5D16;OR5D13;OR8H3;OR8H2;OR2D3;OR2D2;OR2L8;OR2L3;OR2L2;OR2T8;OR10AD1;OR2T6;OR2T5;OR2T4;OR2T3;OR13C9;OR2T2;OR13C8;OR5AC2;OR6C3;OR8G5;OR13C3;OR5AK2;OR6C2;OR13C2;OR13C5;OR13C4;OR8G1;OR2C3;OR9I1;OR6K6;OR6K3;OR13J1;OR5I1;OR6K2;OR52D1;OR9Q2;OR10T2;OR2K2;OR9Q1;OR51J1;OR5M11;OR5M10;OR1Q1;OR2S2;OR2AK2;OR51B6;OR51B5;OR51B4;OR6B1;OR2A25;OR2B3;OR10K2;OR8B12;OR51I2;OR5B21;OR2J2;OR10S1;OR51I1;OR10C1;OR2A12;OR2Z1;OR9G4;OR2A14;OR2A2;OR10J1;OR2A1;OR10J3;OR8U9;OR13H1;OR8U8;OR10AG1;OR10R2;OR6Q1;OR8U3;OR8U1;OR6Y1;OR5AP2;OR8D4;OR8D2;OR5B17;OR8D1;OR5F1;OR13G1;OR6P1;OR10Z1;OR7A5;OR10A2;OR52A1;OR10A4;OR10A3;OR10A6;OR52A5;OR8K5;OR2G6;OR5M9;OR5M8;OR8K1;OR2G3;OR2G2;OR10H5;OR10H4;OR5M3;OR5M1;OR2T33;OR8B8;OR2AG1;OR2W1;OR2AG2;OR8B4;OR13F1;OR12D3;OR1D5;OR2T27;OR8J3;OR8J1;OR10G2;OR10G4;OR2T29;OR10G3;OR1L6;OR5L2;OR51M1;OR5L1;OR6N2;OR6N1;OR5T2;OR51V1;OR2V2;OR2V1;OR10G8;OR8A1;OR10G7;OR10G9,0.6391304347826087
10,298,Olfactory Receptor Activity (GO:0004984),249/362,0.0,molecular transducer activity,GO_Molecular_Function_2023,0.0,0.0,0.0,880.9212569983746,inf,OR7G1;OR8I2;OR9K2;OR2M7;OR2M5;OR52N1;OR2M4;OR2M3;OR2M2;OR52N5;OR52N4;OR51L1;OR52N2;OR5D18;OR2AE1;OR2A42;OR5D16;OR8H3;OR5D13;OR8H2;OR2L8;OR1J4;OR2L3;OR1J2;OR2L2;OR1J1;OR10AD1;OR52M1;OR6T1;OR10V1;OR6C6;OR6C4;OR1F12P;OR6C3;OR5A2;OR8G5;OR6C2;OR5AK2;OR5A1;OR6C1;OR8G1;OR9I1;OR13J1;OR2K2;OR1I1;OR10T2;OR51J1;OR6S1;OR52L1;OR5M11;OR5M10;OR7D4;OR7D2;OR6B1;OR2A25;OR8B12;OR51I2;OR14K1;OR2J2;OR10S1;OR5P3;OR51I1;OR52K2;OR52K1;OR10C1;OR2A12;OR2Z1;OR9G4;OR2A14;OR2A1;OR10J1;OR10J3;OR5W2;OR6Y1;OR51Q1;OR5AP2;OR52B2;OR5B17;OR52B6;OR5F1;OR1N1;OR10Z1;OR6X1;OR52R1;OR52A1;OR3A2;OR52A5;OR8K5;OR8K1;OR10H5;OR10H4;OR1M1;OR2AG1;OR2AG2;OR5AN1;OR6F1;OR8J3;OR8J1;OR10G2;OR14A16;OR1L8;OR10G4;OR10G3;OR1L6;OR51M1;OR1L4;OR1L3;OR1L1;OR5T2;OR6V1;OR10G8;OR10G7;OR10G9;OR7G3;OR5C1;OR1C1;OR5K2;OR51D1;OR5K1;OR6M1;OR2T12;OR2T10;OR52W1;OR1S2;OR1S1;OR13D1;OR2D3;OR2D2;OR1B1;OR52E4;OR14C36;OR5J2;OR5AS1;OR52E2;OR2T8;OR2T6;OR2T5;OR2T4;OR2T3;OR13C9;OR2T2;OR13C8;OR5AC2;OR51T1;OR52E8;OR52E6;OR13C3;OR13C2;OR13C5;OR13C4;OR2C3;OR1A2;OR1A1;OR6K6;OR6K3;OR51B2;OR6K2;OR5AR1;OR5I1;OR52D1;OR9Q2;OR9Q1;OR1Q1;OR2S2;OR2AK2;OR51S1;OR51B6;OR51B5;OR51B4;OR2B3;OR5H6;OR10K2;OR5H2;OR5B21;OR5H1;OR51A4;OR51A2;OR13A1;OR51A7;OR2A2;OR7A10;OR52J3;OR51H1;OR14J1;OR8U9;OR13H1;OR8U8;OR4M1;OR10R2;OR10AG1;OR8U3;OR6Q1;OR8U1;OR56B1;OR8D4;OR8D2;OR56B4;OR8D1;OR51G2;OR51G1;OR52I2;OR6C70;OR6C76;OR6C75;OR13G1;OR6C74;OR14I1;OR10Q1;OR6P1;OR56A5;OR7A5;OR10A2;OR56A4;OR10A4;OR10A3;OR56A3;OR10A6;OR56A1;OR51F2;OR5M9;OR51F1;OR2G6;OR52H1;OR5M8;OR6C65;OR2G3;OR2G2;OR5M3;OR5M1;OR8S1;OR2T33;OR8B8;OR2W1;OR8B4;OR13F1;OR6C68;OR12D3;OR5AU1;OR1D5;OR2T27;OR2T29;OR5L2;OR6N2;OR5L1;OR6N1;OR51V1;OR2V2;OR2V1;OR8A1,0.6878453038674033
10,298,Detection Of Chemical Stimulus Involved In Sensory Perception (GO:0050907),88/141,1.7450332081936223e-127,response to stimulus,GO_Biological_Process_2023,1.661936388755831e-128,0.0,0.0,155.3559748427673,45709.286768210055,OR10J1;OR2A1;OR10J3;OR2M7;OR13H1;OR2M5;OR2M4;OR2M3;OR2M2;OR10AG1;OR10R2;OR2T12;OR6Q1;OR2T10;OR2AE1;OR6Y1;OR2A42;OR13D1;OR2D3;OR2D2;OR2L8;OR13G1;OR2L3;OR2L2;OR6P1;OR2T8;OR10AD1;OR2T6;OR2T5;OR2T4;OR10Z1;OR2T3;OR13C9;OR2T2;OR13C8;OR10A2;OR13C3;OR10A4;OR13C2;OR10A3;OR13C5;OR10A6;OR13C4;OR2C3;OR6K6;OR2G6;OR6K3;OR2G3;OR13J1;OR6K2;OR2G2;OR10H5;OR10H4;OR10T2;OR2K2;OR2T33;OR2S2;OR2AK2;OR2AG1;OR2W1;OR2AG2;OR13F1;OR5AN1;OR12D3;OR6B1;OR2A25;OR2B3;OR10K2;OR2T27;OR10G2;OR10G4;OR2T29;OR10G3;OR1L6;OR2J2;OR6N2;OR10S1;OR6N1;OR2V2;OR2V1;OR10C1;OR2A12;OR2Z1;OR10G8;OR10G7;OR10G9;OR2A14;OR2A2,0.624113475177305
10,298,Detection Of Chemical Stimulus Involved In Sensory Perception Of Smell (GO:0050911),87/139,2.617146896537855e-126,response to stimulus,GO_Biological_Process_2023,3.7387812807683636e-127,0.0,0.0,155.81024425811157,45357.84964149469,OR10J1;OR2A1;OR10J3;OR2M7;OR13H1;OR2M5;OR2M4;OR2M3;OR2M2;OR10AG1;OR10R2;OR2T12;OR6Q1;OR2T10;OR2AE1;OR6Y1;OR2A42;OR13D1;OR2D3;OR2D2;OR2L8;OR13G1;OR2L3;OR2L2;OR6P1;OR2T8;OR10AD1;OR2T6;OR2T5;OR2T4;OR10Z1;OR2T3;OR13C9;OR2T2;OR13C8;OR10A2;OR13C3;OR10A4;OR13C2;OR10A3;OR13C5;OR10A6;OR13C4;OR2C3;OR6K6;OR2G6;OR6K3;OR2G3;OR13J1;OR6K2;OR2G2;OR10H5;OR10H4;OR10T2;OR2K2;OR2T33;OR2S2;OR2AK2;OR2AG1;OR2W1;OR2AG2;OR13F1;OR12D3;OR6B1;OR2A25;OR2B3;OR10K2;OR2T27;OR10G2;OR10G4;OR2T29;OR10G3;OR1L6;OR2J2;OR6N2;OR10S1;OR6N1;OR2V2;OR2V1;OR10C1;OR2A12;OR2Z1;OR10G8;OR10G7;OR10G9;OR2A14;OR2A2,0.6258992805755396
10,298,Sensory Perception Of Chemical Stimulus (GO:0007606),67/110,3.251036959307541e-95,multicellular organismal process,GO_Biological_Process_2023,6.192451351061984e-96,0.0,0.0,132.60374509211718,29070.03452290933,OR10J1;OR8I2;OR1C1;OR8U9;OR8U8;OR2M4;OR8U3;OR8U1;OR5D18;OR5AP2;OR8D4;OR5D16;OR8D2;OR5B17;OR8D1;OR5D13;OR8H3;OR8H2;OR2D2;OR5F1;OR5AC2;OR7A5;OR52A1;OR6C3;OR8G5;OR5AK2;OR6C2;OR10A3;OR3A2;OR52A5;OR8G1;OR8K5;OR9I1;OR5M9;OR5M8;OR8K1;OR5I1;OR52D1;OR5M3;OR9Q2;OR9Q1;OR5M1;OR51J1;OR5M11;OR1Q1;OR2S2;OR5M10;OR8B8;OR51B6;OR8B4;OR51B5;OR5AN1;OR51B4;OR1D5;OR8J3;OR8B12;OR51I2;OR8J1;OR5B21;OR5L2;OR51M1;OR5L1;OR51I1;OR5T2;OR51V1;OR8A1;OR9G4,0.6090909090909091
11,183,Homology Directed Repair R-HSA-5693538,13/119,1.655475841935708e-09,DNA Repair,Reactome_2022,6.888248995571601e-11,0.0,0.0,14.21992230854606,332.7265458327768,XRCC1;BRCA2;POLD3;POLD4;POLD1;ERCC1;POLE2;CHEK1;POLD2;POLE3;POLE;SLC19A1;POLH,0.1092436974789916
11,183,DNA Damage Bypass R-HSA-73893,10/48,4.1520472398924684e-10,DNA Repair,Reactome_2022,1.5548581896962088e-11,0.0,0.0,30.08670520231214,748.7693871846399,POLD3;POLD4;POLD1;POLE2;POLD2;POLE3;POLI;POLE;POLH;SLC19A1,0.20833333333333334
11,183,Termination Of Translesion DNA Synthesis R-HSA-5656169,10/32,7.840133619992624e-12,DNA Repair,Reactome_2022,1.7398354773908737e-13,0.0,0.0,52.00998423541776,1528.0437489723058,POLD3;POLD4;POLD1;POLE2;POLD2;POLE3;POLI;POLE;POLH;SLC19A1,0.3125
11,183,DNA Strand Elongation R-HSA-69190,9/31,1.8030955760907849e-10,Cell Cycle,Reactome_2022,6.252065104336981e-12,0.0,0.0,46.539968652037615,1200.643197641321,POLD3;PRIM2;POLD4;POLA1;POLA2;PRIM1;POLD1;POLD2;SLC19A1,0.2903225806451613
11,183,Dual Incision In GG-NER R-HSA-5696400,10/41,8.460777443463589e-11,DNA Repair,Reactome_2022,2.816347553996201e-12,0.0,0.0,36.89352974081671,981.2048314473012,POLD3;POLD4;POLD1;ERCC1;POLE2;POLD2;ERCC2;POLE3;POLE;SLC19A1,0.24390243902439024
11,183,Translesion Synthesis By Y Family DNA Polymerases Bypasses Lesions On DNA Template R-HSA-110313,10/39,5.086078124113516e-11,DNA Repair,Reactome_2022,1.6224659757921064e-12,0.0,0.0,39.44189754833566,1070.7321081630598,POLD3;POLD4;POLD1;POLE2;POLD2;POLE3;POLI;POLE;POLH;SLC19A1,0.2564102564102564
11,183,Resolution Of Abasic Sites (AP Sites) R-HSA-73933,10/38,3.985167914636533e-11,DNA Repair,Reactome_2022,1.2160013054369449e-12,0.0,0.0,40.85260115606936,1120.8096295191708,POLD3;POLD4;POLD1;APEX1;POLE2;POLD2;POLE3;XRCC1;POLE;SLC19A1,0.2631578947368421
11,183,Gap-filling DNA Repair Synthesis And Ligation In GG-NER R-HSA-5696397,9/25,2.2801574201656548e-11,DNA Repair,Reactome_2022,6.641235204365987e-13,0.0,0.0,64.01185344827586,1794.9121015741089,POLD3;POLD4;POLD1;POLE2;POLD2;POLE3;XRCC1;POLE;SLC19A1,0.36
11,183,Resolution Of AP Sites Via Multiple-Nucleotide Patch Replacement Pathway R-HSA-110373,9/25,2.2801574201656548e-11,DNA Repair,Reactome_2022,6.641235204365987e-13,0.0,0.0,64.01185344827586,1794.9121015741089,POLD3;POLD4;POLD1;APEX1;POLE2;POLD2;POLE3;POLE;SLC19A1,0.36
11,183,Polymerase Switching On C-strand Of Telomere R-HSA-174411,9/25,2.2801574201656548e-11,Cell Cycle,Reactome_2022,6.641235204365987e-13,0.0,0.0,64.01185344827586,1794.9121015741089,POLD3;PRIM2;POLD4;POLA1;POLA2;PRIM1;POLD1;POLD2;SLC19A1,0.36
11,183,Processive Synthesis On Lagging Strand R-HSA-69183,8/15,1.0277661128621599e-11,Cell Cycle,Reactome_2022,2.5658515993784855e-13,0.0,0.0,129.37142857142857,3750.64793834549,POLD3;PRIM2;POLA1;POLD4;POLA2;PRIM1;POLD1;POLD2,0.5333333333333333
11,183,Protein Folding R-HSA-391251,14/96,9.211862885354172e-12,Metabolism of proteins,Reactome_2022,2.1720065055620106e-13,0.0,0.0,19.93722037812094,581.3285708553791,TUBB;TUBB4B;TUBB4A;TUBA4A;TUBA1C;TUBA3E;TUBA1B;TUBB6;TUBB2B;TUBA3D;TUBA1A;TUBA3C;TUBB3;PFDN4,0.14583333333333334
11,183,Telomere C-strand (Lagging Strand) Synthesis R-HSA-174417,9/33,3.265062145335267e-10,Cell Cycle,Reactome_2022,1.1774149206479463e-11,0.0,0.0,42.6573275862069,1073.4765429042325,POLD3;PRIM2;POLD4;POLA1;POLA2;PRIM1;POLD1;POLD2;SLC19A1,0.2727272727272727
11,183,Inhibition Of Replication Initiation Of Damaged DNA By RB1/E2F1 R-HSA-113501,5/13,1.0834280332651614e-06,Cell Cycle,Reactome_2022,7.363103138695272e-08,0.0,0.0,69.55407303370787,1142.3699560996708,PRIM2;POLA1;POLA2;PRIM1;E2F1,0.38461538461538464
11,183,Activation Of Pre-Replicative Complex R-HSA-68962,7/32,2.175711729292701e-07,Cell Cycle,Reactome_2022,1.3277575047001226e-08,0.0,0.0,31.487272727272728,571.0906263559378,PRIM2;POLA1;POLA2;PRIM1;POLE2;POLE3;POLE,0.21875
11,183,HDR Thru Homologous Recombination (HRR) R-HSA-5685942,11/67,5.695480156839825e-10,DNA Repair,Reactome_2022,2.290831131045145e-11,0.0,0.0,22.567587209302324,552.8950842436776,POLD3;POLD4;POLD1;POLE2;CHEK1;POLD2;POLE3;BRCA2;POLE;POLH;SLC19A1,0.16417910447761194
11,183,Nucleotide Excision Repair R-HSA-5696398,11/108,7.456042869414497e-08,DNA Repair,Reactome_2022,4.446738465808924e-09,0.0,0.0,13.0016782546152,250.0365088746448,POLD3;POLD4;POLD1;ERCC1;POLE2;POLD2;ERCC2;POLE3;XRCC1;POLE;SLC19A1,0.10185185185185185
11,183,Drug ADME R-HSA-9748784,11/95,2.0105877375590842e-08,Drug ADME,Reactome_2022,1.115443959810865e-09,0.0,0.0,15.02374031007752,309.6995831843951,ABCC3;ABCC4;CYP2C8;GSTM1;TPMT;GSTA1;GSTT1;CYP2C19;XDH;SULT2A1;SLC29A2,0.11578947368421053
11,183,Base Excision Repair R-HSA-73884,10/72,1.9501827082553164e-08,DNA Repair,Reactome_2022,1.0548838505125846e-09,0.0,0.0,18.41786313630431,380.6941952180294,POLD3;POLD4;POLD1;APEX1;POLE2;POLD2;POLE3;XRCC1;POLE;SLC19A1,0.1388888888888889
11,183,Synthesis Of DNA R-HSA-69239,12/119,1.842288211000711e-08,Cell Cycle,Reactome_2022,9.70970208294411e-10,0.0,0.0,12.926709296606,268.264447447742,POLD3;POLA1;PRIM2;POLD4;POLA2;PRIM1;POLD1;POLE2;POLD2;POLE3;POLE;SLC19A1,0.10084033613445378
11,183,Extension Of Telomeres R-HSA-180786,9/50,1.3042835279791132e-08,Cell Cycle,Reactome_2022,6.6932719188942e-10,0.0,0.0,24.94869638351556,527.0349265074623,POLD3;PRIM2;POLD4;POLA1;POLA2;PRIM1;POLD1;POLD2;SLC19A1,0.18
11,183,HDR Thru Homologous Recombination (HRR) Or Single Strand Annealing (SSA) R-HSA-5693567,12/114,1.1776669409556486e-08,DNA Repair,Reactome_2022,5.880167805049007e-10,0.0,0.0,13.563811489508083,288.2888523554683,POLD3;POLD4;POLD1;ERCC1;POLE2;CHEK1;POLD2;POLE3;BRCA2;POLE;SLC19A1;POLH,0.10526315789473684
11,183,Dual Incision In TC-NER R-HSA-6782135,10/65,7.666435628894286e-09,DNA Repair,Reactome_2022,3.721570693638002e-10,0.0,0.0,20.769311613242248,450.9371693190367,POLD3;POLD4;POLD1;ERCC1;POLE2;POLD2;ERCC2;POLE3;POLE;SLC19A1,0.15384615384615385
11,183,Gap-filling DNA Repair Synthesis And Ligation In TC-NER R-HSA-6782210,10/64,6.7306450095987306e-09,DNA Repair,Reactome_2022,3.173951876925892e-10,0.0,0.0,21.154998929565405,462.6783048380535,POLD3;POLD4;POLD1;POLE2;POLD2;ERCC2;POLE3;XRCC1;POLE;SLC19A1,0.15625
11,183,Global Genome Nucleotide Excision Repair (GG-NER) R-HSA-5696399,11/82,4.843616405926292e-09,DNA Repair,Reactome_2022,2.2169118085376927e-10,0.0,0.0,17.78627579430069,395.3842114128487,POLD3;POLD4;POLD1;ERCC1;POLE2;POLD2;ERCC2;POLE3;XRCC1;POLE;SLC19A1,0.13414634146341464
11,183,Recognition Of DNA Damage By PCNA-containing Replication Complex R-HSA-110314,8/30,4.6780440727945505e-09,DNA Repair,Reactome_2022,2.0762470225995228e-10,0.0,0.0,41.13246753246753,917.0602501800848,POLD3;POLD4;POLD1;POLE2;POLD2;POLE3;POLE;SLC19A1,0.26666666666666666
11,183,Transcription-Coupled Nucleotide Excision Repair (TC-NER) R-HSA-6781827,11/77,2.5596233664444152e-09,DNA Repair,Reactome_2022,1.1005315445184031e-10,0.0,0.0,19.13856589147287,438.8484191257013,POLD3;POLD4;POLD1;ERCC1;POLE2;POLD2;ERCC2;POLE3;XRCC1;POLE;SLC19A1,0.14285714285714285
11,183,Azathioprine ADME R-HSA-9748787,6/21,4.101460956461532e-07,Drug ADME,Reactome_2022,2.6167434673679675e-08,0.0,0.0,44.75028248587571,781.2840010928252,ABCC4;GSTM1;TPMT;GSTA1;XDH;SLC29A2,0.2857142857142857
11,183,Removal Of Flap Intermediate R-HSA-69166,8/14,5.800487821099364e-12,Cell Cycle,Reactome_2022,1.206758908689188e-13,0.0,0.0,150.94095238095238,4489.83946180824,POLD3;PRIM2;POLA1;POLD4;POLA2;PRIM1;POLD1;POLD2,0.5714285714285714
11,183,Nucleotide excision repair,9/47,7.050352158244228e-09,Replication and repair,KEGG_2021_Human,3.7270584096445255e-10,0.0,0.0,26.92241379310345,584.4918396899553,POLD3;POLD4;POLD1;ERCC1;POLE2;POLD2;ERCC2;POLE3;POLE,0.19148936170212766
11,183,Chaperonin-mediated Protein Folding R-HSA-390466,14/90,4.7716777581935075e-12,Metabolism of proteins,Reactome_2022,8.603579869142249e-14,0.0,0.0,21.51775147928994,647.3403135428025,TUBB;TUBB4B;TUBB4A;TUBA4A;TUBA1C;TUBA3E;TUBA1B;TUBB6;TUBB2B;TUBA3D;TUBA1A;TUBA3C;TUBB3;PFDN4,0.15555555555555556
11,183,Drug metabolism,12/108,6.425105493389945e-09,None,KEGG_2021_Human,3.1134872434929245e-10,0.0,0.0,14.41593567251462,315.56638204254364,CDA;CYP2C8;RRM1;GSTM1;RRM2;TPMT;RRM2B;IMPDH1;GSTA1;GSTT1;CYP2C19;XDH,0.1111111111111111
11,183,Base excision repair,10/33,1.3333864140912192e-11,Replication and repair,KEGG_2021_Human,2.47667932332511e-13,0.0,0.0,49.74616737873838,1443.9664562437963,POLB;POLD3;POLD4;POLD1;APEX1;POLE2;POLD2;POLE3;XRCC1;POLE,0.30303030303030304
11,183,DNA replication,11/36,1.0355904274388137e-12,Replication and repair,KEGG_2021_Human,1.3686217102715599e-14,0.0,0.0,50.630697674418606,1616.2527312871928,POLD3;PRIM2;POLD4;POLA1;POLA2;PRIM1;POLD1;POLE2;POLD2;POLE3;POLE,0.3055555555555556
11,183,Gap junction,15/88,2.970445760203416e-13,Cellular community - eukaryotes,KEGG_2021_Human,2.617132828373053e-15,0.0,0.0,24.148727984344426,810.8345228685755,TUBB;TUBB4B;TUBB4A;TUBA4A;TUBB8;TUBA1C;TUBA3E;TUBA1B;TUBB6;TUBB2B;TUBA3D;TUBA1A;TUBA3C;TUBB3;TUBB1,0.17045454545454544
11,183,Phagosome,19/152,4.106742434542747e-14,Transport and catabolism,KEGG_2021_Human,1.8091376363624439e-16,0.0,0.0,17.146341463414632,621.5293505783729,TUBB;NCF4;TUBB4B;TUBB4A;TUBA4A;ACTG1;HLA-E;TUBB8;TUBA1C;TUBA3E;TUBB6;TUBA1B;TUBB2B;TUBA3D;TUBA1A;TUBA3C;TUBB3;TUBB1;TLR4,0.125
11,183,DNA Strand Elongation Involved In DNA Replication (GO:0006271),5/12,7.10884204183252e-06,cellular process,GO_Biological_Process_2023,4.564930674848671e-08,0.0,0.0,79.49438202247191,1343.6360979774345,POLD3;POLA1;POLD2;POLE3;POLE,0.4166666666666667
11,183,Nucleotide-Excision Repair (GO:0006289),9/56,3.307502201522408e-07,cellular process,GO_Biological_Process_2023,1.930824402523297e-09,0.0,0.0,21.757153338224505,436.5642173390148,POLB;POLD3;POLA1;POLD1;ERCC1;ERCC2;BRCA2;TENT4A;POLE,0.16071428571428573
11,183,DNA Replication (GO:0006260),10/73,2.3082217569979162e-07,cellular process,GO_Biological_Process_2023,1.21272596689908e-09,0.0,0.0,18.12459858702633,372.105170854787,POLB;POLD3;POLA1;POLA2;POLD1;POLE2;CHEK1;POLD2;POLE3;POLE,0.136986301369863
11,183,Translesion Synthesis (GO:0019985),7/23,2.2196749371195349e-07,cellular process,GO_Biological_Process_2023,1.0366257733191056e-09,0.0,0.0,49.22123579545455,1018.2542176421784,POLD3;POLD1;POLE2;POLD2;POLI;TENT4A;POLH,0.30434782608695654
11,183,DNA Synthesis Involved In DNA Repair (GO:0000731),8/27,1.9728329362247472e-08,cellular process,GO_Biological_Process_2023,8.061780825203286e-11,0.0,0.0,47.63428571428572,1107.082798155251,POLD3;POLA1;RRM1;RRM2B;POLD1;POLI;POLE;POLH,0.2962962962962963
11,183,"Nucleotide-Excision Repair, DNA Gap Filling (GO:0006297)",5/5,1.7333460730117927e-08,cellular process,GO_Biological_Process_2023,6.071264704069327e-11,0.0,0.0,99085.0,2330961.6534201647,POLB;POLD3;POLD1;TENT4A;POLE,1.0
11,183,Error-Prone Translesion Synthesis (GO:0042276),6/9,1.5202613153583312e-08,cellular process,GO_Biological_Process_2023,4.4374235708065686e-11,0.0,0.0,223.8870056497175,5337.09950831822,POLD3;POLE2;POLD2;POLI;TENT4A;POLH,0.6666666666666666
11,183,DNA Biosynthetic Process (GO:0071897),8/17,8.17388528919298e-10,cellular process,GO_Biological_Process_2023,9.543357021824846e-13,0.0,0.0,100.6120634920635,2784.7166366147426,POLD3;POLA1;RRM1;RRM2B;POLD1;POLD2;POLE;POLH,0.47058823529411764
11,183,PCNA-Dependent Long Patch Base Excision Repair R-HSA-5651801,9/21,5.0777289962862614e-12,DNA Repair,Reactome_2022,9.859667953953907e-14,0.0,0.0,85.36637931034483,2556.530030736365,POLD3;POLD4;APEX1;POLD1;POLE2;POLD2;POLE3;POLE;SLC19A1,0.42857142857142855
11,183,DNA-templated DNA Replication (GO:0006261),13/69,8.680433552164756e-11,cellular process,GO_Biological_Process_2023,5.067386778846911e-14,0.0,0.0,26.98455882352941,826.0881768390808,PRIM2;RRM1;PRIM1;POLB;POLD3;POLA1;POLA2;RRM2B;POLD1;POLE2;POLD2;POLE3;POLE,0.18840579710144928
11,183,DNA-directed DNA Polymerase Activity (GO:0003887),10/20,1.5872176632003138e-13,catalytic activity,GO_Molecular_Function_2023,5.476951862103724e-16,0.0,0.0,114.49132947976878,4023.318373179016,POLB;POLD3;POLA1;POLD1;POLE2;POLE3;POLI;TENT4A;POLE;POLH,0.5
11,183,Glutathione metabolism,8/57,6.542220842351751e-07,Metabolism of other amino acids,KEGG_2021_Human,4.749542517518068e-08,0.0,0.0,18.44244897959184,310.98823848510125,RRM1;GSTM1;RRM2;RRM2B;GPX5;ODC1;GSTA1;GSTT1,0.14035087719298245
11,183,Mismatch Repair (MMR) Directed By MSH2:MSH3 (MutSbeta) R-HSA-5358606,5/14,1.607255840382291e-06,DNA Repair,Reactome_2022,1.1368938676767938e-07,0.0,0.0,61.822721598002495,988.532693207562,POLD3;POLD4;MSH3;POLD1;POLD2,0.35714285714285715
11,183,Post-chaperonin Tubulin Folding Pathway R-HSA-389977,13/23,1.4517231701536321e-18,Metabolism of proteins,Reactome_2022,2.1589294233085668e-21,0.0,0.0,151.46529411764706,7207.42671733313,TUBB;TUBB4B;TUBB4A;TUBA4A;TUBA1C;TUBA3E;TUBA1B;TUBA3D;TUBB2B;TUBB6;TUBA1A;TUBA3C;TUBB3,0.5652173913043478
11,183,Sealing Of Nuclear Envelope (NE) By ESCRT-III R-HSA-9668328,14/31,1.4517231701536321e-18,Cell Cycle,Reactome_2022,4.026971345779839e-21,0.0,0.0,96.48451096414897,4531.035400471068,TUBB;TUBB4B;TUBB4A;TUBA4A;TUBB8;TUBA1C;TUBA3E;TUBA1B;TUBA3D;TUBB6;TUBB2B;TUBA1A;TUBA3C;TUBB3,0.45161290322580644
11,183,Cooperation Of Prefoldin And TriC/CCT In Actin And Tubulin Folding R-HSA-389958,14/33,2.9414945302890333e-18,Metabolism of proteins,Reactome_2022,1.223922828136907e-20,0.0,0.0,86.31952662721893,3957.719283555612,TUBB;TUBB4B;TUBB4A;TUBA4A;TUBA1C;TUBA3E;TUBA1B;TUBA3D;TUBB6;TUBB2B;TUBA1A;TUBA3C;TUBB3;PFDN4,0.42424242424242425
11,183,Formation Of Tubulin Folding Intermediates By CCT/TriC R-HSA-389960,13/26,3.4548665785430468e-18,Metabolism of proteins,Reactome_2022,1.9167082266535622e-20,0.0,0.0,116.49411764705884,5288.960223872999,TUBB;TUBB4B;TUBB4A;TUBA4A;TUBA1C;TUBA3E;TUBA1B;TUBA3D;TUBB6;TUBB2B;TUBA1A;TUBA3C;TUBB3,0.5
11,183,Prefoldin Mediated Transfer Of Substrate To CCT/TriC R-HSA-389957,12/28,7.691639728066036e-16,Metabolism of proteins,Reactome_2022,6.40080975983304e-18,0.0,0.0,86.84649122807018,3438.261894758741,TUBA1C;TUBA3D;TUBB6;TUBB2B;TUBA1A;TUBA3C;TUBB3;TUBB;TUBB4B;PFDN4;TUBB4A;TUBA4A,0.42857142857142855
11,183,Carboxyterminal Post-Translational Modifications Of Tubulin R-HSA-8955332,13/41,2.5990579503579697e-15,Metabolism of proteins,Reactome_2022,2.883836838122574e-17,0.0,0.0,54.04558823529412,2058.316766608624,TUBB;TUBB4B;TUBB4A;TUBB8;TUBA1C;TUBA3E;TUBA1B;TUBA3D;TUBB6;TUBB2B;TUBA1A;TUBA3C;TUBB3,0.3170731707317073
11,183,Leading Strand Synthesis R-HSA-69109,9/14,5.6834336623640354e-14,Cell Cycle,Reactome_2022,7.094438690884369e-16,0.0,0.0,204.95172413793105,7149.136349171702,POLD3;PRIM2;POLA1;POLD4;POLA2;PRIM1;POLD1;POLD2;SLC19A1,0.6428571428571429
11,183,Nuclear Envelope (NE) Reassembly R-HSA-2995410,14/75,4.333404857113846e-13,Cell Cycle,Reactome_2022,6.010270259519898e-15,0.0,0.0,26.82937239305461,878.5360270175064,TUBB;TUBB4B;TUBB4A;TUBA4A;TUBB8;TUBA1C;TUBA3E;TUBA1B;TUBB6;TUBB2B;TUBA3D;TUBA1A;TUBA3C;TUBB3,0.18666666666666668
11,183,DNA Replication Initiation R-HSA-68952,7/8,2.4891006133112597e-12,Cell Cycle,Reactome_2022,3.7975182727356256e-14,0.0,0.0,788.1363636363636,24354.86659306692,POLA1;PRIM2;POLA2;POLE2;PRIM1;POLE3;POLE,0.875
11,183,Lagging Strand Synthesis R-HSA-69186,9/20,3.411815438172322e-12,Cell Cycle,Reactome_2022,5.6784722965420056e-14,0.0,0.0,93.13166144200628,2840.4699525972906,POLD3;PRIM2;POLA1;POLD4;POLA2;PRIM1;POLD1;POLD2;SLC19A1,0.45
11,183,DNA Polymerase Activity (GO:0034061),10/21,1.5872176632003138e-13,catalytic activity,GO_Molecular_Function_2023,1.037397165490401e-15,0.0,0.0,104.0777719390436,3590.897692834508,POLB;POLD3;POLA1;POLD1;POLE2;POLE3;POLI;TENT4A;POLE;POLH,0.47619047619047616
11,183,Mismatch Repair R-HSA-5358508,5/15,2.3027370327438407e-06,DNA Repair,Reactome_2022,1.6927193167187733e-07,0.0,0.0,55.6376404494382,867.4887008024801,POLD3;POLD4;MSH3;POLD1;POLD2,0.3333333333333333
