Community Index,Community Size,Term,Overlap,Adjusted P-value,Category,Gene_set,P-value,Old P-value,Old Adjusted P-value,Odds Ratio,Combined Score,Genes,Overlap (value)
1,1031,RNA Binding (GO:0003723),359/1411,2.5317713471325422e-160,binding,GO_Molecular_Function_2023,6.160027608594992e-163,0.0,0.0,9.098603283994208,3398.3582509552502,POP5;SLC4A1AP;POP1;RTCA;RRP1;PPAN;FCF1;HNRNPU;GPATCH4;HNRNPR;PWP2;CCAR1;RRP9;LSM10;PNN;SNRPD2;SNRPD1;ALKBH1;DHX57;MAGOH;LUC7L;ARL6IP4;SNRPD3;ABT1;DDX18;NGDN;METTL3;DNTTIP2;WDR75;RC3H2;CDC40;GTPBP4;SRRM1;DDX39B;LACTB2;CLNS1A;ZC3H11A;SUB1;SARNP;GRWD1;CCDC86;SRFBP1;AARS1;DHX8;CSTF3;MRPL19;CSTF2;MRPL16;NOLC1;SNU13;NMD3;MRPL12;HTATSF1;HNRNPLL;MRPL13;GSPT1;MRPL11;RRP7A;MRPL20;DHX33;PDCD11;ERI1;DHX35;ERI3;RRS1;RBM12;RBM10;TRMT1L;BTF3;PRPF38B;PRPF38A;PNO1;MRPL27;KNOP1;LARP7;MRPL28;UPF3B;PRRC2C;UPF3A;PA2G4;LARP4;MRPL23;MAGOHB;PUM3;MRPL22;AIMP1;HNRNPL;HNRNPM;TBL3;TBL2;HNRNPK;LAS1L;EPRS1;FUBP1;HNRNPD;MPHOSPH10;RNPS1;DHX29;NOL11;HNRNPC;ALDH18A1;NOL12;FARSA;DZIP3;SUGP2;MRPS15;DAZAP1;GFM1;FASTKD1;MRPS14;FASTKD2;MRPS11;MRPS12;MRPL39;NAT10;MRPL37;AATF;SMG7;ZCCHC17;WDR46;WDR43;MRPL41;MRPL42;SYNCRIP;MRPL40;PCF11;DHX15;RRP12;UTP14A;MRPS28;MRPS26;WDR36;MRPS27;CLUH;NSUN2;STRBP;MRPS23;PRPF40A;MRPS7;GNL2;MRPL44;GNL3;WDR33;NME1;NSA2;SLTM;SDE2;FAM32A;HNRNPH2;HNRNPH3;TRUB1;FYTTD1;SF3B5;SF3B2;STAU1;STAU2;NIP7;SRRT;HEATR1;MRPS31;NOL7;NOL8;MRPS30;NOL6;PURA;BCLAF1;EXOSC10;TCOF1;SRP72;PES1;SF3B1;SRSF11;TEFM;TSNAX;SF3A3;UTP6;SF3A1;UTP4;YTHDF3;UTP3;RSRC2;NOC3L;RRP1B;NPM3;LRPPRC;SCAF4;NUDT21;BOP1;PHF5A;XPOT;SERBP1;HNRNPA2B1;TRMT6;TSR1;UBAP2;TARDBP;DBR1;RPP30;BCCIP;NUCKS1;CASC3;YARS1;BZW1;FBL;HMGN5;ZNF207;MTPAP;SNRNP35;CHCHD1;EIF1AX;DIMT1;THOC2;WBP11;THOC5;PUS7;ILF2;FTSJ3;EBNA1BP2;ILF3;RBMXL1;PRPF6;HNRNPUL1;PSPC1;RPL7L1;PRPF3;MRTO4;SRSF2;SRSF3;GEMIN5;SRSF4;ERH;MATR3;SRSF6;SRSF7;FKBP3;SRSF8;SRSF9;DAP3;LRRC59;UTP25;RBM8A;YTHDC1;DDX1;YTHDC2;UTP23;NOP2;ISG20L2;UBFD1;NTPCR;PRPF8;EMG1;G3BP1;KHDC4;UTP20;GCN1;NOP14;CHTOP;NOP16;FUS;API5;NONO;RPP40;LSM1;TBCA;LSM3;CHERP;LSM8;CAPRIN1;PIN4;GRSF1;LSM14A;RBM27;RBM28;DIDO1;RBM25;DDX49;RBM26;NVL;CCDC47;WDR3;MRPL4;DUSP11;RBM3;NGRN;MRPL3;MRPL2;MRPL1;SART3;SNRNP70;RBM34;TNPO1;METTL16;RBM5;UTP15;EIF5B;TSFM;RBM14;RBM19;EDF1;URB1;UTP18;DARS1;SUPV3L1;DNAJC2;DDX19B;NEMF;C1D;LUC7L3;ETF1;NCBP3;DDX27;NUFIP1;NUFIP2;USP10;SRSF1;MAK16;DDX23;WBP4;GTPBP10;DDX21;U2AF1;MTIF2;TBRG4;HSPD1;PABPN1;U2AF2;BMS1;TRA2B;TRA2A;EIF4H;HNRNPA1;SMNDC1;DCAF13;HNRNPA0;NOP56;PTCD3;RBM39;NOP58;HNRNPA3;SSB;GPKOW;NIFK;KRR1;CDC5L;IMMT;HSPE1;HNRNPAB;TPD52L2;U2SURP;SNRNP40;MFAP1;ESF1;FAM98A;SLIRP;NAA15;R3HDM1;PPIL4;EIF3B;FAM50A,0.25442948263642806
1,1031,Regulation Of RNA Metabolic Process (GO:0051252),19/91,5.30819843446457e-06,biological regulation,GO_Biological_Process_2023,1.5338137119416037e-07,0.0,0.0,4.927577404479578,77.31535694285422,SF3B5;ENY2;SF3B3;FUS;SRSF1;RRP1B;HNRNPLL;RC3H2;HNRNPL;SNRNP70;TRA2B;METTL4;HNRNPH2;SUPT20H;HNRNPH3;HNRNPA1;RBM12;GRSF1;FAM50A,0.2087912087912088
1,1031,Ribosome Assembly (GO:0042255),14/50,4.970328578121937e-06,cellular process,GO_Biological_Process_2023,1.40802509295239e-07,0.0,0.0,7.239757456571616,114.21374447627034,RRP7BP;MRPS11;NOP2;PPAN;MRPS2;PWP2;MRPS7;MRPL22;RRP7A;NGRN;MRPL20;RRS1;DHX29;MDN1,0.28
1,1031,Translocation Of Molecules Into Host (GO:0044417),6/7,4.461144256891196e-06,biological process involved in interspecies interaction between organisms,GO_Biological_Process_2023,1.2385046378904737e-07,0.0,0.0,111.03219512195122,1765.8772312909048,DDX39B;THOC1;THOC2;THOC5;THOC7;THOC6,0.8571428571428571
1,1031,Viral mRNA Export From Host Cell Nucleus (GO:0046784),6/7,4.461144256891196e-06,viral process,GO_Biological_Process_2023,1.2385046378904737e-07,0.0,0.0,111.03219512195122,1765.8772312909048,DDX39B;THOC1;THOC2;THOC5;THOC7;THOC6,0.8571428571428571
1,1031,"Maturation Of LSU-rRNA From Tricistronic rRNA Transcript (SSU-rRNA, 5.8S rRNA, LSU-rRNA) (GO:0000463)",8/14,4.146024756008989e-06,cellular process,GO_Biological_Process_2023,1.1040405865859633e-07,0.0,0.0,24.71554252199413,395.9212153404713,DDX18;NIFK;PES1;RPL7L1;URB1;WDR12;RBM34;FTSJ3,0.5714285714285714
1,1031,Regulation Of mRNA Processing (GO:0050684),12/35,3.511865868115086e-06,biological regulation,GO_Biological_Process_2023,9.152738239846684e-08,0.0,0.0,9.700558945257498,157.21334680568128,RBM39;HNRNPK;RBM8A;SLTM;YTHDC1;MAGOH;PAPOLA;LARP7;SRSF3;METTL16;MAGOHB;SRRM1,0.34285714285714286
1,1031,Mitochondrion Organization (GO:0007005),27/162,2.498852000121398e-06,cellular process,GO_Biological_Process_2023,6.371010765182034e-08,0.0,0.0,3.751792828685259,62.16316503137811,TIMM9;TIMM13;MIEF1;TIMM10;TOMM20;HSPD1;CHCHD3;SAMM50;OPA1;MSTO1;CHCHD7;TIMM17A;TIMM17B;MPV17;SLC25A46;DNAJC19;TIMM8B;CLUH;MTX2;TOMM34;TIMM23;GDAP1;SUPV3L1;OXA1L;FMC1;MTFR1;ATPAF1,0.16666666666666666
1,1031,RNA Modification (GO:0009451),15/51,9.701248808105691e-07,cellular process,GO_Biological_Process_2023,2.4184416292161496e-08,0.0,0.0,7.764517716535433,136.17067487369334,TRUB1;AARS1;SSB;METTL1;NSUN2;WDR4;METTL3;TSR3;NAT10;KTI12;PUS7;FTSJ1;HNRNPAB;FTSJ3;ALKBH1,0.29411764705882354
1,1031,Establishment Of Protein Localization To Mitochondrion (GO:0072655),14/44,9.467431026278344e-07,localization,GO_Biological_Process_2023,2.3065129412462826e-08,0.0,0.0,8.690462143559488,152.82128933934646,DNAJC19;TIMM8B;TIMM9;PAM16;TIMM13;TOMM34;TIMM23;TIMM10;TOMM20;GDAP1;HSPD1;GRPEL1;TIMM17A;TIMM17B,0.3181818181818182
1,1031,U2-type Catalytic Step 2 Spliceosome (GO:0071007),11/29,8.761485950596672e-07,protein-containing complex,GO_Cellular_Component_2023,9.505385701119033e-08,0.0,0.0,11.354084967320262,183.58218096760163,SNRNP40;DHX8;SNRPD2;SNRPD1;BUD31;CDC5L;SNRPE;SNRPD3;PRPF8;BCAS2;CDC40,0.3793103448275862
1,1031,Macromolecule Biosynthetic Process (GO:0009059),30/183,7.44098337872964e-07,cellular process,GO_Biological_Process_2023,1.7706589343152683e-08,0.0,0.0,3.685726038667215,65.78773662149155,MRPS17;MRPS15;MRPS16;MRPS14;MRPS11;MRPS33;MRPS12;MRPL36;MRPL37;MRPL12;MRPL34;MRPL13;MRPL35;GSPT1;MRPL11;MRPL41;MRPL3;MRPL42;EIF4EBP2;TSFM;MRPS18B;MRPL27;MRPL28;MRPL23;MRPS7;MRPL24;DARS1;MRPS18C;MRPL52;MRPL51,0.16393442622950818
1,1031,pre-mRNA Binding (GO:0036002),12/30,7.078817345212672e-07,binding,GO_Molecular_Function_2023,1.2056379906688247e-08,0.0,0.0,12.398429833169777,226.06890121035775,HNRNPL;ZRSR2;ERI1;U2AF2;TRA2B;HNRNPU;U2AF1;HNRNPC;RNPC3;HNRNPA1;SRSF6;PRPF8,0.4
1,1031,Inner Mitochondrial Membrane Organization (GO:0007007),13/34,2.444639497664969e-07,cellular process,GO_Biological_Process_2023,5.678765971912957e-09,0.0,0.0,11.52231265787258,218.7687566824248,TIMM8B;TIMM8A;TIMM29;MTX2;TIMM9;TIMM13;IMMT;TIMM22;TIMM10;CHCHD3;SAMM50;OPA1;SLC25A46,0.38235294117647056
1,1031,Mitochondrial Matrix (GO:0005759),45/355,2.294915341926733e-07,cellular anatomical structure,GO_Cellular_Component_2023,2.3815159208673647e-08,0.0,0.0,2.747022835830661,48.21833667858873,GFM1;FASTKD1;POLDIP2;FASTKD2;GFM2;MRPS14;MRPS12;NUDT2;MRPL39;MRPL58;ETFA;MRPL37;ETFB;LIAS;MRPL34;MRPL13;MRPL35;MRPL57;MRPL11;HSPD1;TBRG4;GCSH;MRPL20;MRPL40;GRPEL1;METTL4;ME2;TEFM;DNAJC19;TSFM;MRPS22;PAM16;MRPL49;MRPL28;MRPL48;HSPE1;CLPX;SUPV3L1;GARS1;OXA1L;MRPL51;LACTB2;MTHFD2;ABCE1;MTRF1L,0.1267605633802817
1,1031,tRNA Modification (GO:0006400),18/67,2.137998831437674e-07,cellular process,GO_Biological_Process_2023,4.845323130736938e-09,0.0,0.0,6.861010939420191,131.35578272506993,TRUB1;SSB;METTL1;NSUN2;URM1;WDR4;KTI12;CDKAL1;THADA;PUS7;FTSJ1;TARBP1;GON7;ALKBH1;TRMT6;DUS1L;DUS4L;METTL8,0.26865671641791045
1,1031,"Nuclear-Transcribed mRNA Catabolic Process, Nonsense-Mediated Decay (GO:0000184)",12/28,2.1123902742751026e-07,cellular process,GO_Biological_Process_2023,4.667604572052635e-09,0.0,0.0,13.949705593719331,267.591899234961,UPF2;SKIC8;RBM8A;MAGOH;UPF3B;SMG9;UPF3A;RNPS1;SMG7;MAGOHB;GSPT1;PNRC2,0.42857142857142855
1,1031,Peptide Biosynthetic Process (GO:0043043),29/158,1.0006200444941437e-07,cellular process,GO_Biological_Process_2023,2.1543094442366836e-09,0.0,0.0,4.226895047115073,84.35105361776681,MRPS17;MRPS15;MRPS16;MRPS14;MRPS11;MRPS33;MRPS12;MRPL36;MRPL37;MRPL12;MRPL34;MRPL13;MRPL35;GSPT1;MRPL11;MRPL41;MRPL3;MRPL42;EIF4EBP2;MRPS18B;MRPL27;MRPL28;MRPL23;MRPS7;MRPL24;DARS1;MRPS18C;MRPL52;MRPL51,0.18354430379746836
1,1031,Spliceosomal snRNP Assembly (GO:0000387),14/37,8.202497089482778e-08,cellular process,GO_Biological_Process_2023,1.7195036391550296e-09,0.0,0.0,11.339575050232996,228.84657411483408,GEMIN2;PRPF8;WDR77;SART3;PRPF6;SNRPD2;SNRPD1;CLNS1A;PRPF3;GEMIN5;GEMIN6;SNRPE;SNRPD3;HNRNPC,0.3783783783783784
1,1031,U5 snRNP (GO:0005682),10/19,7.73221904692295e-08,protein-containing complex,GO_Cellular_Component_2023,7.659273584216129e-09,0.0,0.0,20.63336598106432,385.58290473732814,SNRNP40;PRPF18;PRPF6;SNRPD2;SNRPD1;DDX23;SNRPE;SNRPD3;TXNL4A;PRPF8,0.5263157894736842
1,1031,"Endonucleolytic Cleavage Of Tricistronic rRNA Transcript (SSU-rRNA, 5.8S rRNA, LSU-rRNA) (GO:0000479)",9/13,7.219797518072235e-08,cellular process,GO_Biological_Process_2023,1.4725932614764895e-09,0.0,0.0,41.75269080234834,849.0927769994473,RCL1;NOP14;TBL3;BMS1;RPP40;RRS1;SDE2;TSR1;UTP20,0.6923076923076923
1,1031,RNA Methylation (GO:0001510),18/62,6.162660468922214e-08,cellular process,GO_Biological_Process_2023,1.2220573167834415e-09,0.0,0.0,7.642690478327201,156.84887371986912,DIMT1;METTL1;NSUN2;METTL3;THADA;FTSJ1;FTSJ3;TARBP1;FBL;SNRPD2;SNRPD1;TRMT6;METTL4;METTL5;SNRPE;SNRPD3;METTL16;METTL8,0.2903225806451613
1,1031,Maturation Of 5.8S rRNA (GO:0000460),10/16,3.9734876096603993e-08,cellular process,GO_Biological_Process_2023,7.65431040954411e-10,0.0,0.0,30.95494613124388,649.7623347191357,NSA2;EXOSC10;LAS1L;PES1;MAK16;URB1;WDR12;RRP15;FTSJ3;MPHOSPH6,0.625
1,1031,U2-type Prespliceosome Assembly (GO:1903241),12/23,1.4106742538810974e-08,cellular process,GO_Biological_Process_2023,2.6375212678796723e-10,0.0,0.0,20.295833705058435,447.6451389120588,SF3A3;SF3B5;SF3A1;SF3B2;SF3B3;PHF5A;SNRPD2;SNRPD1;SNRPE;SNRPD3;HTATSF1;SF3B1,0.5217391304347826
1,1031,Nuclear-Transcribed mRNA Catabolic Process (GO:0000956),18/85,8.788858111940928e-06,cellular process,GO_Biological_Process_2023,2.589351964991095e-07,0.0,0.0,5.012980507138543,76.03031136762688,UPF2;RBM8A;LSM1;UPF3B;SMG9;UPF3A;SMG7;MAGOHB;RC3H2;GSPT1;PNRC2;PAN2;EXOSC10;ERI1;MAGOH;MRTO4;RNPS1;MTPAP,0.21176470588235294
1,1031,U2 snRNP (GO:0005686),12/25,9.767839793189316e-09,protein-containing complex,GO_Cellular_Component_2023,9.214943201121995e-10,0.0,0.0,17.17158601947611,357.25526788334645,SF3A3;SF3B5;SF3B2;SF3A1;SF3B3;PHF5A;SNRPD2;SNRPD1;SNRPE;SNRPD3;HTATSF1;SF3B1,0.48
1,1031,Ribosome biogenesis in eukaryotes,42/108,1.0422403734814303e-24,Translation,KEGG_2021_Human,2.3959548815665062e-26,0.0,0.0,12.162974538100928,717.5355939199042,POP5;RBM28;NXT1;POP1;NVL;RPP30;WDR3;HEATR1;FCF1;NAT10;NMD3;SNU13;PWP2;AK6;WDR43;NOL6;RRP7A;FBL;EMG1;NOB1;TCOF1;BMS1;UTP14A;MDN1;UTP14C;UTP15;NOP56;WDR36;NOP58;UTP6;UTP4;IMP3;RPP40;WDR75;IMP4;GNL2;UTP18;GTPBP4;GNL3;RCL1;TBL3;MPHOSPH10,0.3888888888888889
1,1031,Ribosome,31/158,1.8386253682790523e-09,Translation,KEGG_2021_Human,1.0566812461373863e-10,0.0,0.0,4.599228346456693,105.64757659694943,MRPS17;MRPS15;MRPS16;MRPS14;MRPS11;MRPL19;MRPS12;MRPL16;MRPL17;MRPS10;MRPL36;MRPL15;MRPL12;MRPL34;MRPL13;MRPL35;MRPL11;MRPL4;MRPL20;MRPL3;MRPL2;MRPL1;MRPL27;MRPL28;MRPS2;MRPL23;MRPS7;MRPL24;MRPS18C;MRPL22;MRPL30,0.1962025316455696
1,1031,Spliceosome,67/150,3.878715518607804e-44,Transcription,KEGG_2021_Human,4.4582936995492e-46,0.0,0.0,15.814652802079689,1651.4316473582433,RBM25;HNRNPU;SNRPD2;SNRPD1;SNRNP70;MAGOH;DHX15;SNRPD3;TXNL4A;BCAS2;CTNNBL1;BUD31;THOC1;PRPF40A;THOC2;WBP11;CDC40;PRPF4;PRPF6;RBMXL1;PRPF18;DDX39B;PRPF3;SRSF2;SNRNP27;SRSF3;PPIH;SNRPE;SRSF4;SRSF6;SRSF7;SRSF8;SRSF9;SF3B5;SF3B2;SF3B3;DHX8;RBM8A;DDX23;SRSF1;SNU13;U2AF1;PRPF8;U2AF2;TRA2B;TRA2A;HNRNPA1;SF3B1;SMNDC1;SF3A3;PRPF38B;HNRNPA3;SF3A1;PRPF38A;FUS;CDC5L;MAGOHB;LSM3;U2SURP;CHERP;HNRNPM;LSM8;SNRNP40;HNRNPK;PHF5A;HNRNPC;HNRNPA1L2,0.44666666666666666
1,1031,Processing Of Capped Intronless Pre-mRNA R-HSA-75067,11/29,1.589991790005365e-06,Metabolism of RNA,Reactome_2022,9.505385701119033e-08,0.0,0.0,11.354084967320262,183.58218096760163,LSM10;ZNF473;NUDT21;PABPN1;PCF11;CSTF3;CSTF2;PAPOLA;SNRPE;SNRPD3;WDR33,0.3793103448275862
1,1031,Mitochondrial Protein Import R-HSA-1268020,18/65,4.98067314647752e-08,Protein localization,Reactome_2022,2.842231958587715e-09,0.0,0.0,7.153724979521539,140.77583744235002,DNAJC19;TIMM8B;TIMM8A;MTX2;TIMM9;PAM16;TIMM13;TIMM23;TIMM22;TIMM10;TOMM20;HSPD1;CHCHD3;SAMM50;GRPEL1;CHCHD7;TIMM17A;TIMM17B,0.27692307692307694
1,1031,tRNA Aminoacylation R-HSA-379724,15/42,2.1319655234331633e-08,Metabolism of proteins,Reactome_2022,1.1586769149093278e-09,0.0,0.0,10.35761154855643,213.1180813343132,AARS1;RARS1;MARS1;YARS1;DARS1;AIMP1;AIMP2;GARS1;NARS1;EPRS1;PPA1;IARS1;EEF1E1;FARSA;TARS1,0.35714285714285715
1,1031,mRNA Splicing - Minor Pathway R-HSA-72165,20/49,1.927927363562776e-12,Metabolism of RNA,Reactome_2022,9.953972801003465e-14,0.0,0.0,12.919949520788569,386.80028537935823,SF3B5;ZRSR2;SF3B2;SF3B3;DDX23;SRSF1;RNPC3;PRPF8;SNRNP40;PRPF6;SNRPD2;SRSF2;SNRPE;SNRNP48;SNRPD3;SNRNP35;TXNL4A;SRSF6;SRSF7;SF3B1,0.40816326530612246
1,1031,Cytosolic tRNA Aminoacylation R-HSA-379716,15/24,7.539357762046555e-13,Metabolism of proteins,Reactome_2022,3.6877293401314676e-14,0.0,0.0,31.10236220472441,962.0327758550416,AARS1;RARS1;MARS1;YARS1;DARS1;AIMP1;AIMP2;GARS1;EPRS1;NARS1;PPA1;IARS1;EEF1E1;FARSA;TARS1,0.625
1,1031,Transport Of Mature Transcript To Cytoplasm R-HSA-72202,30/83,8.386535594210047e-17,Metabolism of RNA,Reactome_2022,3.874214812542684e-18,0.0,0.0,10.696473337982772,428.8450270699194,FYTTD1;NXT1;RBM8A;SRSF1;U2AF1;CASC3;U2AF2;MAGOH;SRSF11;CHTOP;THOC1;UPF3B;THOC2;THOC5;MAGOHB;CDC40;THOC7;SRRM1;THOC6;WDR33;DDX39B;SARNP;ZC3H11A;SRSF2;SRSF3;SRSF4;RNPS1;SRSF6;SRSF7;SRSF9,0.3614457831325301
1,1031,Transport Of Mature mRNA Derived From An Intron-Containing Transcript R-HSA-159236,29/74,2.3770144871134527e-17,Metabolism of RNA,Reactome_2022,1.0334845596145448e-18,0.0,0.0,12.171124417831004,504.0500235877445,FYTTD1;NXT1;RBM8A;SRSF1;U2AF1;CASC3;U2AF2;MAGOH;SRSF11;CHTOP;THOC1;UPF3B;THOC2;THOC5;MAGOHB;CDC40;THOC7;SRRM1;THOC6;DDX39B;SARNP;ZC3H11A;SRSF2;SRSF3;SRSF4;RNPS1;SRSF6;SRSF7;SRSF9,0.3918918918918919
1,1031,mRNA 3-End Processing R-HSA-72187,35/58,3.34201104297198e-29,Metabolism of RNA,Reactome_2022,1.3622327620809697e-30,0.0,0.0,28.9466561899773,1990.6160333405928,FYTTD1;RBM8A;CSTF3;CSTF2;SRSF1;U2AF1;CASC3;PABPN1;PCF11;U2AF2;MAGOH;PAPOLA;SRSF11;CHTOP;THOC1;UPF3B;THOC2;THOC5;MAGOHB;CDC40;THOC7;SRRM1;THOC6;WDR33;NUDT21;DDX39B;SARNP;ZC3H11A;SRSF2;SRSF3;SRSF4;RNPS1;SRSF6;SRSF7;SRSF9,0.603448275862069
1,1031,Major Pathway Of rRNA Processing In Nucleolus And Cytosol R-HSA-6791226,60/179,1.860840048459561e-31,Metabolism of RNA,Reactome_2022,7.079282793052678e-33,0.0,0.0,9.788055283905528,724.5914825119727,LTV1;RBM28;DDX49;RPP30;WDR3;FCF1;PWP2;WDR46;WDR43;RRP9;FBL;NOB1;UTP14A;UTP14C;UTP15;WDR36;WDR75;IMP4;UTP18;FTSJ3;GNL3;EBNA1BP2;C1D;UTP25;NIP7;HEATR1;ISG20L2;SNU13;MRPL13;NOL6;RRP7A;EMG1;EXOSC10;PDCD11;ERI1;BMS1;PES1;UTP20;DCAF13;NOP56;NOP14;NOP58;UTP6;UTP4;PNO1;KRR1;UTP3;WDR18;RPP40;RRP1B;WDR12;RCL1;BOP1;TBL3;LAS1L;MPHOSPH10;TSR1;NOL11;NOL12;MPHOSPH6,0.33519553072625696
1,1031,RNA Polymerase II Transcription Termination R-HSA-73856,39/67,1.2353448432109523e-31,Gene expression (Transcription),Reactome_2022,4.363989935256082e-33,0.0,0.0,26.594866071428573,1981.6345678883984,FYTTD1;ZNF473;RBM8A;CSTF3;CSTF2;SRSF1;U2AF1;CASC3;LSM10;PABPN1;PCF11;U2AF2;MAGOH;PAPOLA;SNRPD3;SRSF11;CHTOP;THOC1;UPF3B;THOC2;THOC5;MAGOHB;CDC40;THOC7;SRRM1;THOC6;WDR33;NUDT21;DDX39B;SARNP;ZC3H11A;SRSF2;SRSF3;SNRPE;SRSF4;RNPS1;SRSF6;SRSF7;SRSF9,0.582089552238806
1,1031,rRNA Processing R-HSA-72312,64/199,2.6972489614169723e-32,Metabolism of RNA,Reactome_2022,8.795377048098822e-34,0.0,0.0,9.233413765368264,702.7889798144779,LTV1;RBM28;DDX49;RPP30;WDR3;FCF1;NAT10;PWP2;WDR46;WDR43;RRP9;FBL;NOB1;UTP14A;UTP14C;UTP15;WDR36;DIMT1;WDR75;IMP4;UTP18;GNL3;FTSJ3;EBNA1BP2;C1D;UTP25;NIP7;HEATR1;TSR3;NOP2;ISG20L2;SNU13;MRPL13;NOL6;RRP7A;EMG1;EXOSC10;PDCD11;ERI1;PES1;BMS1;UTP20;DCAF13;NOP56;UTP6;NOP14;NOP58;UTP4;PNO1;UTP3;KRR1;WDR18;RPP40;RRP1B;WDR12;RCL1;BOP1;TBL3;LAS1L;MPHOSPH10;TSR1;NOL11;NOL12;MPHOSPH6,0.32160804020100503
1,1031,rRNA Processing In Nucleus And Cytosol R-HSA-8868773,64/189,8.881422695155511e-34,Metabolism of RNA,Reactome_2022,2.654773088225832e-35,0.0,0.0,9.977381592554291,794.3404461122374,LTV1;RBM28;DDX49;RPP30;WDR3;FCF1;NAT10;PWP2;WDR46;WDR43;RRP9;FBL;NOB1;UTP14A;UTP14C;UTP15;WDR36;DIMT1;WDR75;IMP4;UTP18;FTSJ3;GNL3;EBNA1BP2;C1D;UTP25;NIP7;NOP2;HEATR1;TSR3;ISG20L2;SNU13;MRPL13;NOL6;RRP7A;EMG1;EXOSC10;PDCD11;ERI1;BMS1;PES1;UTP20;DCAF13;NOP56;NOP14;NOP58;UTP6;UTP4;PNO1;KRR1;UTP3;WDR18;RPP40;RRP1B;WDR12;RCL1;BOP1;TBL3;LAS1L;MPHOSPH10;TSR1;NOL11;NOL12;MPHOSPH6,0.3386243386243386
1,1031,rRNA Modification In Nucleus And Cytosol R-HSA-6790901,41/60,2.159915884345394e-37,Metabolism of RNA,Reactome_2022,5.86933664224292e-39,0.0,0.0,41.30515683147262,3636.137441836144,UTP25;DDX49;WDR3;HEATR1;NOP2;TSR3;FCF1;NAT10;SNU13;PWP2;WDR46;WDR43;RRP9;NOL6;RRP7A;FBL;EMG1;PDCD11;BMS1;UTP20;UTP14A;DCAF13;UTP14C;UTP15;NOP56;WDR36;NOP14;NOP58;UTP6;UTP4;DIMT1;KRR1;PNO1;UTP3;WDR75;IMP4;UTP18;RCL1;TBL3;MPHOSPH10;NOL11,0.6833333333333333
1,1031,Translation R-HSA-72766,90/281,2.020785242824427e-45,Metabolism of proteins,Reactome_2022,4.942137822124958e-47,0.0,0.0,9.403052339329331,1002.5882446479538,MRPS17;GFM1;MRPS15;MRPS16;GFM2;MRPS14;MRPS11;MRPL38;MRPL39;MRPS10;MRPL36;MRPL37;MRPL34;YARS1;MRPL35;MRPL41;MRPL4;MRPL42;MRPL3;MRPL40;MRPL1;NARS1;SEC61G;CHCHD1;EIF5B;TSFM;MRPS26;MRPS27;RARS1;MRPS25;EIF1AX;MRPS22;MRPS23;SSR3;MARS1;MRPS18B;MRPL49;MRPS2;MRPL47;MRPL48;MRPS7;MRPL46;DARS1;MRPS18C;MRPL44;MRPL52;OXA1L;MRPL50;MRPL51;PPA1;ETF1;AURKAIP1;EEF1E1;TARS1;MTRF1L;AARS1;MRPS35;MRPS33;MRPL19;MRPS34;MRPL16;MRPS31;MRPL17;MRPL58;MTIF2;MRPL15;MRPS30;MRPL12;MRPL13;MRPL57;GSPT1;MRPL11;MRPL20;SRP72;EIF4H;SSR1;IARS1;PTCD3;MRPL23;MRPL24;AIMP1;MRPL30;AIMP2;GARS1;EIF3M;EPRS1;EIF3J;SRPRB;FARSA;EIF3B,0.3202846975088968
1,1031,Mitochondrial Translation Initiation R-HSA-5368286,58/82,1.975024177334878e-54,Metabolism of proteins,Reactome_2022,4.293530820293213e-56,0.0,0.0,47.05421377183967,5998.831408258175,MRPS17;MRPS15;MRPS16;MRPS14;MRPS11;MRPL38;MRPL39;MRPS10;MRPL36;MRPL37;MRPL34;MRPL35;MRPL4;MRPL41;MRPL3;MRPL42;MRPL1;MRPL40;CHCHD1;MRPS26;MRPS27;MRPS25;MRPS22;MRPS23;MRPL49;MRPS18B;MRPS2;MRPL47;MRPL48;MRPS7;MRPL46;MRPL44;MRPS18C;MRPL52;OXA1L;MRPL50;MRPL51;AURKAIP1;MRPS35;MRPS33;MRPL19;MRPS34;MRPL16;MRPS31;MRPL17;MRPL58;MTIF2;MRPL15;MRPS30;MRPL12;MRPL13;MRPL57;MRPL11;MRPL20;PTCD3;MRPL23;MRPL24;MRPL30,0.7073170731707317
1,1031,Mitochondrial Translation Termination R-HSA-5419276,59/82,4.707273627236476e-56,Metabolism of proteins,Reactome_2022,8.954053095286775e-58,0.0,0.0,50.00062623009483,6567.973715429245,MRPS17;MRPS15;MRPS16;GFM2;MRPS14;MRPS11;MRPL38;MRPL39;MRPS10;MRPL36;MRPL37;MRPL34;MRPL35;MRPL4;MRPL41;MRPL3;MRPL42;MRPL1;MRPL40;CHCHD1;MRPS26;MRPS27;MRPS25;MRPS22;MRPS23;MRPL49;MRPS18B;MRPS2;MRPL47;MRPL48;MRPS7;MRPL46;MRPL44;MRPS18C;MRPL52;OXA1L;MRPL50;MRPL51;AURKAIP1;MTRF1L;MRPS35;MRPS33;MRPL19;MRPS34;MRPL16;MRPS31;MRPL17;MRPL58;MRPL15;MRPS30;MRPL12;MRPL13;MRPL57;MRPL11;MRPL20;PTCD3;MRPL23;MRPL24;MRPL30,0.7195121951219512
1,1031,Mitochondrial Translation Elongation R-HSA-5389840,59/82,4.707273627236476e-56,Metabolism of proteins,Reactome_2022,8.954053095286775e-58,0.0,0.0,50.00062623009483,6567.973715429245,MRPS17;GFM1;MRPS15;MRPS16;MRPS14;MRPS11;MRPL38;MRPL39;MRPS10;MRPL36;MRPL37;MRPL34;MRPL35;MRPL4;MRPL41;MRPL3;MRPL42;MRPL1;MRPL40;CHCHD1;TSFM;MRPS26;MRPS27;MRPS25;MRPS22;MRPS23;MRPL49;MRPS18B;MRPS2;MRPL47;MRPL48;MRPS7;MRPL46;MRPL44;MRPS18C;MRPL52;OXA1L;MRPL50;MRPL51;AURKAIP1;MRPS35;MRPS33;MRPL19;MRPS34;MRPL16;MRPS31;MRPL17;MRPL58;MRPL15;MRPS30;MRPL12;MRPL13;MRPL57;MRPL11;MRPL20;PTCD3;MRPL23;MRPL24;MRPL30,0.7195121951219512
1,1031,Mitochondrial Translation R-HSA-5368287,62/88,7.253713740368013e-58,Metabolism of proteins,Reactome_2022,9.855589321152193e-60,0.0,0.0,46.61689291101056,6333.70050508902,MRPS17;GFM1;MRPS15;MRPS16;GFM2;MRPS14;MRPS11;MRPL38;MRPL39;MRPS10;MRPL36;MRPL37;MRPL34;MRPL35;MRPL4;MRPL41;MRPL3;MRPL42;MRPL1;MRPL40;CHCHD1;TSFM;MRPS26;MRPS27;MRPS25;MRPS22;MRPS23;MRPL49;MRPS18B;MRPS2;MRPL47;MRPL48;MRPS7;MRPL46;MRPL44;MRPS18C;MRPL52;OXA1L;MRPL50;MRPL51;AURKAIP1;MTRF1L;MRPS35;MRPS33;MRPL19;MRPS34;MRPL16;MRPS31;MRPL17;MRPL58;MTIF2;MRPL15;MRPS30;MRPL12;MRPL13;MRPL57;MRPL11;MRPL20;PTCD3;MRPL23;MRPL24;MRPL30,0.7045454545454546
1,1031,mRNA Splicing - Major Pathway R-HSA-72163,86/181,7.633413587128766e-60,Metabolism of RNA,Reactome_2022,8.297188681661703e-62,0.0,0.0,18.08035644667224,2542.9001433180742,HNRNPU;PPWD1;HNRNPR;CASC3;CWC27;CCAR1;SNRPD2;PCF11;SNRNP70;MAGOH;PAPOLA;DHX15;SNRPD3;TXNL4A;BCAS2;CTNNBL1;RBM5;BUD31;PRPF40A;TFIP11;WBP11;CDC40;SRRM1;WDR33;PRPF4;GCFC2;PRPF6;HNRNPUL1;PRPF3;SRSF2;SNRNP27;SRSF3;PPIH;SNRPE;SRSF4;HNRNPH2;DNAJC8;SRSF6;SRSF7;SRSF9;SF3B5;SF3B2;SF3B3;RBM8A;CSTF3;CSTF2;DDX23;SRRT;SRSF1;WBP4;SNU13;U2AF1;PRPF8;PABPN1;U2AF2;TRA2B;HNRNPA1;SF3B1;SMNDC1;SRSF11;HNRNPA0;SF3A3;HNRNPA3;SF3A1;PRPF38A;GPKOW;FUS;UPF3B;CDC5L;MAGOHB;LSM3;U2SURP;CHERP;HNRNPL;HNRNPM;LSM8;NUDT21;SNRNP40;HNRNPK;PHF5A;HNRNPA2B1;HNRNPD;RNPS1;HNRNPC;PPIL3;PPIL4,0.47513812154696133
1,1031,mRNA Splicing R-HSA-72172,90/189,1.0870473069770571e-62,Metabolism of RNA,Reactome_2022,8.86179869818253e-65,0.0,0.0,18.23012269345957,2688.693003468868,HNRNPU;PPWD1;HNRNPR;CASC3;CWC27;CCAR1;SNRPD2;PCF11;SNRNP70;MAGOH;PAPOLA;DHX15;SNRPD3;SNRNP35;TXNL4A;BCAS2;CTNNBL1;RBM5;BUD31;PRPF40A;TFIP11;WBP11;CDC40;SRRM1;WDR33;PRPF4;GCFC2;PRPF6;HNRNPUL1;PRPF3;SRSF2;SNRNP27;SRSF3;PPIH;SNRPE;SRSF4;HNRNPH2;DNAJC8;SRSF6;SRSF7;SRSF9;SF3B5;SF3B2;SF3B3;RBM8A;CSTF3;CSTF2;DDX23;SRRT;SRSF1;WBP4;SNU13;U2AF1;RNPC3;PRPF8;PABPN1;U2AF2;TRA2B;HNRNPA1;SF3B1;SMNDC1;SRSF11;HNRNPA0;SF3A3;ZRSR2;HNRNPA3;SF3A1;PRPF38A;GPKOW;FUS;UPF3B;CDC5L;MAGOHB;LSM3;U2SURP;CHERP;HNRNPL;HNRNPM;LSM8;NUDT21;SNRNP40;HNRNPK;PHF5A;HNRNPA2B1;HNRNPD;RNPS1;SNRNP48;HNRNPC;PPIL3;PPIL4,0.47619047619047616
1,1031,Processing Of Capped Intron-Containing Pre-mRNA R-HSA-72203,102/242,1.4137525979548875e-64,Metabolism of RNA,Reactome_2022,7.683438032363519e-67,0.0,0.0,14.766707673381516,2247.9969565068736,HNRNPU;HNRNPR;CASC3;CWC27;CCAR1;SNRPD2;MAGOH;PAPOLA;SNRPD3;SNRNP35;TXNL4A;METTL3;THOC1;THOC2;THOC5;WBP11;CDC40;THOC7;SRRM1;THOC6;PRPF4;PRPF6;DDX39B;HNRNPUL1;SARNP;ZC3H11A;PRPF3;SRSF2;SNRNP27;SRSF3;PPIH;SNRPE;SRSF4;SRSF6;SRSF7;SRSF9;RBM8A;CSTF3;CSTF2;SNU13;RNPC3;PRPF8;ZRSR2;CHTOP;PRPF38A;FUS;UPF3B;MAGOHB;LSM3;CHERP;HNRNPL;HNRNPM;LSM8;HNRNPK;HNRNPD;RNPS1;HNRNPC;NXT1;PPWD1;PCF11;SNRNP70;DHX15;BCAS2;CTNNBL1;RBM5;BUD31;PRPF40A;TFIP11;WDR33;GCFC2;HNRNPH2;DNAJC8;FYTTD1;SF3B5;SF3B2;SF3B3;SRRT;DDX23;SRSF1;WBP4;U2AF1;PABPN1;U2AF2;TRA2B;HNRNPA1;SF3B1;SMNDC1;SRSF11;HNRNPA0;SF3A3;SF3A1;HNRNPA3;GPKOW;CDC5L;U2SURP;NUDT21;SNRNP40;PHF5A;HNRNPA2B1;SNRNP48;PPIL3;PPIL4,0.4214876033057851
1,1031,Metabolism Of RNA R-HSA-8953854,198/666,9.105476305935305e-96,Metabolism of RNA,Reactome_2022,2.474314213569376e-98,0.0,0.0,9.396574014221072,2111.8553515939625,LTV1;POP5;FCF1;HNRNPU;HNRNPR;PHAX;PWP2;RRP9;CCAR1;LSM10;SNRPD2;MAGOH;SNRPD3;METTL1;METTL3;WDR75;IMP4;CDC40;WDR77;SRRM1;DDX39B;CLNS1A;SARNP;ZC3H11A;CSTF3;CSTF2;SNU13;RNPC3;MRPL13;GSPT1;RRP7A;PDCD11;ERI1;ZRSR2;PRPF38A;PNO1;UPF3B;UPF3A;MAGOHB;HNRNPL;HNRNPM;TBL3;HNRNPK;LAS1L;EPRS1;HNRNPD;MPHOSPH10;RNPS1;HNRNPC;NOL11;NOL12;NAT10;SMG9;SMG7;WDR46;WDR43;PCF11;DHX15;UTP14A;UTP14C;UPF2;WDR36;NSUN2;PRPF40A;GNL3;WDR33;GCFC2;HNRNPH2;FYTTD1;SF3B5;ZNF473;SF3B2;SF3B3;NIP7;URM1;SRRT;TSR3;HEATR1;NOL6;EXOSC10;PES1;SF3B1;SRSF11;PAIP1;SF3A3;SF3A1;UTP6;UTP4;UTP3;WDR18;RRP1B;WDR12;NUDT21;BOP1;PHF5A;XPOT;TRMT6;HNRNPA2B1;TSR1;MPHOSPH6;GEMIN2;RPP30;CASC3;CWC27;FBL;PAPOLA;SNRNP35;TXNL4A;DIMT1;THOC1;CDKAL1;THOC2;THOC5;PUS7;WBP11;FTSJ1;THOC7;FTSJ3;THOC6;PRPF4;EBNA1BP2;PRPF6;HNRNPUL1;PRPF3;SRSF2;SNRNP27;SRSF3;GEMIN5;SNRPE;SRSF4;GEMIN6;PPIH;SRSF6;SRSF7;SRSF9;UTP25;RBM8A;DDX1;NOP2;ISG20L2;THADA;PRPF8;EMG1;UTP20;CHTOP;NOP14;FUS;RPP40;LSM1;LSM3;CHERP;RCL1;LSM8;RBM28;NXT1;DDX49;WDR3;WDR4;PPWD1;NOB1;SNRNP70;TNPO1;BCAS2;CTNNBL1;RBM5;UTP15;BUD31;TFIP11;UTP18;SKIC8;C1D;ETF1;DNAJC8;SRSF1;WBP4;DDX23;U2AF1;LAGE3;PABPN1;U2AF2;BMS1;TRA2B;HNRNPA1;SMNDC1;DCAF13;HNRNPA0;NOP56;HNRNPA3;NOP58;GPKOW;KRR1;CDC5L;U2SURP;PNRC2;SNRNP40;SNRNP48;PPIL3;PPIL4,0.2972972972972973
1,1031,mRNA surveillance pathway,27/98,1.0659961959755304e-11,Translation,KEGG_2021_Human,3.6758489516397603e-13,0.0,0.0,7.157931653667022,204.94462568088045,DAZAP1;NXT1;RBM8A;CSTF3;CSTF2;CASC3;SMG7;GSPT1;PNN;PABPN1;CLP1;PCF11;MAGOH;PAPOLA;UPF2;FUS;UPF3B;UPF3A;MAGOHB;SRRM1;WDR33;NUDT21;DDX19B;DDX39B;RNPS1;ETF1;TARDBP,0.2755102040816326
1,1031,snoRNA Binding (GO:0030515),14/31,6.840600671959806e-09,binding,GO_Molecular_Function_2023,9.986278353225995e-11,0.0,0.0,15.34663658973914,353.39043896477773,NOP56;UTP25;NOP14;NOP58;UTP6;NUFIP1;WDR3;HEATR1;DDX21;SNU13;RRP9;TBL3;SDE2;TSR1,0.45161290322580644
1,1031,RNA transport,37/186,2.3313762933065743e-11,None,KEGG_2021_Human,1.0718971463478505e-12,0.0,0.0,4.701632614478819,129.58447516876552,POP5;NXT1;RBM8A;POP1;GEMIN2;RPP30;PHAX;NMD3;CASC3;PNN;MAGOH;EIF4EBP2;PAIP1;UPF2;EIF5B;EIF1AX;FUS;RPP40;THOC1;UPF3B;UPF3A;THOC2;THOC5;MAGOHB;THOC7;SRRM1;THOC6;DDX19B;DDX39B;XPOT;CLNS1A;EIF3J;GEMIN5;GEMIN6;RNPS1;TARDBP;EIF3B,0.1989247311827957
1,1031,"Maturation Of 5.8S rRNA From Tricistronic rRNA Transcript (SSU-rRNA, 5.8S rRNA, LSU-rRNA) (GO:0000466)",12/21,3.4816359278504763e-09,cellular process,GO_Biological_Process_2023,6.31231443009718e-11,0.0,0.0,24.80863591756624,582.6539765110011,NOP14;EXOSC10;ERI1;ERI2;PES1;RPP40;ERI3;RRS1;UTP20;URB1;WDR12;FTSJ3,0.5714285714285714
1,1031,protein-RNA Complex Assembly (GO:0022618),44/150,1.1040165770346037e-19,cellular process,GO_Biological_Process_2023,8.757071999141333e-22,0.0,0.0,7.933054233335245,384.6500834603156,YTHDC1;GEMIN2;DDX1;MRPS11;NOP2;DDX23;SRSF1;PPAN;PWP2;RRP7A;MRPL20;SART3;SNRPD2;SNRPD1;RRS1;LUC7L;KHDC4;SNRPD3;TXNL4A;SF3B1;MDN1;RBM5;ZRSR2;RRP7BP;MRPS7;WDR77;GCFC2;BOP1;NUDT21;EIF3M;PRPF6;PRPF18;DDX39B;CLNS1A;EIF3J;GEMIN5;LUC7L3;GEMIN6;SNRPE;DHX29;HNRNPC;SRSF6;SRSF9;EIF3B,0.29333333333333333
1,1031,mRNA Binding (GO:0003729),61/282,1.001765748408961e-19,binding,GO_Molecular_Function_2023,4.874772498340444e-22,0.0,0.0,5.33483229929561,261.79515103887053,DAZAP1;RBM25;SLC4A1AP;MRPS11;HNRNPU;HNRNPR;SYNCRIP;PCF11;SNRNP70;LUC7L;SNRNP35;RBM5;CLUH;METTL3;THOC2;MRPS7;THOC5;CDC40;GNL3;GEMIN5;LUC7L3;ETF1;NCBP3;SRSF7;FYTTD1;RBM8A;YTHDC1;CSTF3;CSTF2;UTP23;SRSF1;HNRNPLL;MRPL12;MRPL13;DHX33;TRA2B;G3BP1;SF3B1;CHTOP;SSB;YTHDF3;LARP7;UPF3B;UPF3A;LARP4;HNRNPAB;PUM3;LRPPRC;HNRNPL;HNRNPM;NUDT21;HNRNPK;FUBP1;CAPRIN1;HNRNPA2B1;SERBP1;RNPS1;HNRNPC;TARDBP;GRSF1;LSM14A,0.21631205673758866
1,1031,Spliceosomal snRNP Complex (GO:0097525),29/57,2.7225884377653257e-21,protein-containing complex,GO_Cellular_Component_2023,1.1558158462211288e-22,0.0,0.0,19.57830767037354,988.9407612044488,SF3B5;SF3B2;SF3B3;DDX23;SNU13;HTATSF1;PRPF8;SNRPD2;SNRNP70;SNRPD1;LUC7L;SNRPD3;TXNL4A;SF3B1;SF3A3;SF3A1;PRPF40A;LSM3;PRPF4;LSM8;SNRNP40;PRPF18;PRPF6;PHF5A;DDX39B;LUC7L3;PPIH;SNRPE;HNRNPC,0.5087719298245614
1,1031,Mitochondrial Membrane (GO:0031966),95/540,4.803482080850419e-25,cellular anatomical structure,GO_Cellular_Component_2023,1.812634747490724e-26,0.0,0.0,4.224959185633343,250.42360167906364,MRPS17;MRS2;SLC25A3;MRPS15;MRPS16;MRPS14;MRPS11;MRPS12;MRPL38;MRPL39;MRPS10;MRPL36;MRPL37;MRPL34;MRPL35;TOMM20;MRPL41;MRPL4;MRPL42;MRPL3;NGRN;MRPL2;MRPL40;MRPL1;CHCHD3;OPA1;TIMM17A;TIMM17B;MPV17;CHCHD1;TMEM14A;SLC25A46;MRPS28;MRPS26;TIMM29;MRPS27;MRPS25;MRPS22;MRPS23;MRPL49;MRPS18B;TOMM34;TIMM23;MRPS2;MRPL47;TIMM22;NME4;MRPL48;MRPS7;MRPL46;CLPX;MRPL44;MRPS18C;MRPL52;IMMP1L;OXA1L;MRPL50;MRPL51;AURKAIP1;DAP3;TIMM9;MRPS33;MRPL19;MRPS34;MRPL16;TIMM13;MRPS31;MRPL17;MRPL58;MIEF1;TIMM10;MRPS30;MRPL12;MRPL13;MRPL57;MRPL11;HSPD1;MRPL20;SAMM50;MSTO1;ATP5MJ;DNAJC19;PTCD3;MTX2;MRPL27;MRPL28;IMMT;MRPL23;MRPL24;GDAP1;MRPL22;MRPL30;SFXN1;SLC25A32;ALDH18A1,0.17592592592592593
1,1031,rRNA Processing (GO:0006364),43/101,9.198968970406428e-27,cellular process,GO_Biological_Process_2023,6.775444567438163e-29,0.0,0.0,14.1905102610638,920.4200902842232,DDX49;DDX27;NVL;WDR3;NOP2;MAK16;TSR3;NOLC1;NAT10;NOL8;SNU13;RRP9;NOL6;RRP7A;FBL;EMG1;EXOSC10;NOB1;ERI1;PES1;UTP20;RRP12;RRP15;DCAF13;UTP15;NOP56;NOP14;WDR36;NOP58;RRP7BP;UTP4;WDR18;EBNA1BP2;NSA2;LAS1L;MRTO4;C1D;MPHOSPH10;ESF1;SRFBP1;PIN4;NOL11;MPHOSPH6,0.42574257425742573
1,1031,Gene Expression (GO:0010467),74/296,1.2016358313485056e-28,cellular process,GO_Biological_Process_2023,8.169762026165479e-31,0.0,0.0,6.529780564263323,452.38122616533246,MRPS17;MRPS15;MRPS16;NXT1;FASTKD2;MRPS14;MRPS11;DIS3L;MRPS12;HNRNPU;MRPL36;MRPL37;CASC3;MRPL34;SMG7;MRPL35;MRPL41;DUSP11;RBM3;MRPL42;SYNCRIP;MRPL3;MAGOH;RBM5;UPF2;MRPS18B;THOC1;DNTTIP2;TFIP11;THOC2;MRPS7;THOC5;THOC7;DARS1;MRPS18C;THOC6;MRPL52;PRPF4;DDX19B;MRPL51;DDX39B;HNRNPUL1;SARNP;SRSF3;NCBP3;HNRNPH3;FYTTD1;NUFIP1;DHX8;RBM8A;YTHDC1;MRPS33;MRPL12;MRPL13;GSPT1;MRPL11;HSPD1;EXOSC10;PABPN1;EIF4EBP2;TASP1;RBM39;CHTOP;MRPL27;MRPL28;MAGOHB;MRPL23;MRPL24;HNRNPL;SNRNP40;HNRNPK;HNRNPA2B1;HNRNPD;MPHOSPH10,0.25
1,1031,Organelle Inner Membrane (GO:0019866),86/398,3.7123201203046523e-29,cellular anatomical structure,GO_Cellular_Component_2023,1.2257660774590833e-30,0.0,0.0,5.441941391941392,374.808199442202,MRPS17;MRS2;SLC25A3;MRPS15;MRPS16;MRPS14;MRPS11;MRPS12;MRPL38;MRPL39;MRPS10;MRPL36;MRPL37;MRPL34;MRPL35;MRPL41;MRPL4;MRPL42;MRPL3;MRPL2;MRPL40;MRPL1;CHCHD3;OPA1;TIMM17A;TIMM17B;MPV17;CHCHD1;MRPS28;MRPS26;TIMM29;MRPS27;MRPS25;MRPS22;MRPS23;MRPL49;MRPS18B;TIMM23;MRPS2;MRPL47;TIMM22;NME4;MRPL48;MRPS7;MRPL46;CLPX;MRPL44;MRPS18C;MRPL52;IMMP1L;MRPL50;MRPL51;MATR3;AURKAIP1;DAP3;TIMM9;MRPS33;MRPL19;MRPS34;MRPL16;TIMM13;MRPS31;MRPL17;MRPL58;TIMM10;MRPS30;MRPL12;MRPL13;MRPL57;MRPL11;HSPD1;MRPL20;ATP5MJ;DNAJC19;PTCD3;MRPL27;MRPL28;IMMT;MRPL23;MRPL24;MRPL22;MRPL30;GARS1;SFXN1;SLC25A32;ALDH18A1,0.21608040201005024
1,1031,U2-type Spliceosomal Complex (GO:0005684),43/90,5.918915324647012e-30,protein-containing complex,GO_Cellular_Component_2023,1.6751647145227388e-31,0.0,0.0,17.521879576190887,1241.6744409839378,SF3B5;SF3B2;SF3B3;DHX8;RBM8A;WBP4;SNU13;CASC3;CWC27;HTATSF1;PRPF8;SNRPD2;SNRNP70;SNRPD1;U2AF2;LUC7L;SNRPD3;TXNL4A;SF3B1;BCAS2;SF3A3;IK;SF3A1;PRPF38A;BUD31;YJU2;CDC5L;PRPF40A;TFIP11;MAGOHB;CDC40;LSM3;GCFC2;PRPF4;LSM8;SNRNP40;PRPF18;PRPF6;PHF5A;MFAP1;PRPF3;LUC7L3;SNRPE,0.4777777777777778
1,1031,Mitochondrial Inner Membrane (GO:0005743),85/370,1.0083942002719514e-30,cellular anatomical structure,GO_Cellular_Component_2023,2.3782882081885648e-32,0.0,0.0,5.890508512295538,428.925282309591,MRPS17;MRS2;MRPS15;SLC25A3;MRPS16;MRPS14;MRPS11;MRPS12;MRPL38;MRPL39;MRPS10;MRPL36;MRPL37;MRPL34;MRPL35;MRPL41;MRPL4;MRPL42;MRPL3;MRPL2;MRPL40;CHCHD3;MRPL1;OPA1;TIMM17A;TIMM17B;MPV17;CHCHD1;MRPS28;MRPS26;MRPS27;TIMM29;MRPS25;MRPS22;MRPS23;PAM16;MRPS18B;MRPL49;MRPS2;TIMM23;MRPL47;NME4;TIMM22;MRPL48;MRPS7;MRPL46;CLPX;MRPS18C;MRPL44;MRPL52;IMMP1L;MRPL50;MRPL51;AURKAIP1;DAP3;MRPS33;TIMM9;MRPL19;MRPS34;MRPL16;MRPS31;TIMM13;MRPL17;MRPL58;MRPS30;TIMM10;MRPL12;MRPL13;MRPL57;MRPL11;HSPD1;MRPL20;ATP5MJ;DNAJC19;PTCD3;MRPL27;MRPL28;IMMT;MRPL23;MRPL24;MRPL22;MRPL30;SFXN1;SLC25A32;ALDH18A1,0.22972972972972974
1,1031,Ribosomal Small Subunit Biogenesis (GO:0042274),44/84,3.0279888878804824e-32,cellular process,GO_Biological_Process_2023,1.8871318847980343e-34,0.0,0.0,21.09614994934144,1638.1758512906715,LTV1;MRPS11;WDR3;MRPS12;HEATR1;TSR3;FCF1;NOL7;NAT10;SNU13;PWP2;WDR46;WDR43;RRP9;NOL6;RRP7A;FBL;EMG1;EXOSC10;NOB1;BMS1;UTP20;UTP15;NOP56;WDR36;NOP14;NOP58;UTP6;RRP7BP;UTP4;DIMT1;KRR1;PNO1;UTP3;NGDN;DNTTIP2;WDR75;MRPS7;UTP18;RCL1;TBL3;MPHOSPH10;SRFBP1;NOL11,0.5238095238095238
1,1031,Ribonucleoprotein Complex Biogenesis (GO:0022613),52/118,2.260443608216748e-33,cellular process,GO_Biological_Process_2023,1.280704593890509e-35,0.0,0.0,15.212740273005853,1222.2382241565783,LTV1;NVL;PAK1IP1;WDR3;MRPS12;FCF1;NAT10;MRPL36;PWP2;WDR46;WDR43;RRP9;FBL;UTP15;WDR36;DIMT1;NGDN;DNTTIP2;WDR75;URB2;UTP18;GTPBP4;EBNA1BP2;GRWD1;MRTO4;NIP7;HEATR1;NOL7;SNU13;NOL6;RRP7A;EMG1;EXOSC10;BMS1;PES1;RRS1;HEATR3;UTP20;NOP56;NOP14;NOP58;UTP6;NOP16;UTP4;PNO1;KRR1;UTP3;WDR12;RCL1;BOP1;TBL3;MPHOSPH10,0.4406779661016949
1,1031,Precatalytic Spliceosome (GO:0071011),26/52,6.401252157326317e-19,protein-containing complex,GO_Cellular_Component_2023,3.321404421254221e-20,0.0,0.0,18.84875621890547,845.3914864722467,SF3B5;SF3B2;SF3B3;WBP4;SNU13;CWC27;PRPF8;SNRPD2;SNRPD1;SNRPD3;TXNL4A;SF3B1;SF3A3;IK;PRPF38B;SF3A1;PRPF38A;MAGOHB;LSM3;PRPF4;LSM8;PRPF6;PHF5A;MFAP1;PRPF3;SNRPE,0.5
1,1031,Small-Subunit Processome (GO:0032040),42/73,1.6109959914672266e-33,protein-containing complex,GO_Cellular_Component_2023,3.0396150782400494e-35,0.0,0.0,25.94331191493525,2061.941933534603,UTP25;WDR3;MRPS12;HEATR1;UTP23;FCF1;NOL7;NAT10;SNU13;PWP2;WDR46;WDR43;RRP9;NOL6;RRP7A;FBL;EMG1;EXOSC10;PDCD11;BMS1;UTP20;UTP14A;DCAF13;UTP14C;UTP15;NOP56;WDR36;NOP14;NOP58;UTP6;UTP4;DIMT1;KRR1;PNO1;UTP3;NGDN;DNTTIP2;WDR75;UTP18;RCL1;TBL3;MPHOSPH10,0.5753424657534246
1,1031,rRNA Binding (GO:0019843),17/46,3.9215998554455584e-09,binding,GO_Molecular_Function_2023,4.770802743851044e-11,0.0,0.0,10.949466095354689,260.22415105489523,PTCD3;UTP25;MRPS27;FASTKD2;MRPS11;UTP23;MRPL16;PPAN;DDX21;MRPS7;MRPL11;MRPS18C;NGRN;EMG1;ERI1;RRS1;RBM34,0.3695652173913043
1,1031,Translation (GO:0006412),78/234,6.3440498964555146e-40,cellular process,GO_Biological_Process_2023,2.8754900380534915e-42,0.0,0.0,9.8704092339979,944.1278465702508,MRPS17;MRPS15;MRPS16;FASTKD2;GFM2;MRPS14;MRPS11;MRPS12;MRPL38;MRPL39;MRPS10;MRPL36;MRPL37;MRPL34;MRPL35;MRPL41;MRPL4;MRPL42;MRPL3;MRPL2;MRPL40;MRPL1;NARS1;CHCHD1;MRPS28;TSFM;MRPS26;MRPS27;RARS1;MRPS25;MRPS22;MRPS23;MARS1;MRPS18B;MRPL49;MRPS2;MRPL47;MRPL48;MRPS7;QRSL1;MRPL46;FTSJ1;DARS1;MRPS18C;MRPL44;MRPL52;MRPL50;MRPL51;ETF1;AURKAIP1;DAP3;MRPS33;MRPL19;MRPS34;MRPL16;MRPS31;MRPL17;MRPL58;MRPS30;MRPL12;MRPL13;MRPL57;GSPT1;MRPL11;MRPL20;EIF4EBP2;IARS1;PTCD3;MRPL27;MRPL28;GATB;MRPL23;MRPL24;MRPL22;MRPL30;GARS1;EPRS1;ABCE1,0.3333333333333333
1,1031,Ribosome Biogenesis (GO:0042254),65/155,3.3278951145901693e-40,cellular process,GO_Biological_Process_2023,1.3198450879394441e-42,0.0,0.0,14.114734299516908,1361.0987835385108,LTV1;DDX49;NVL;PAK1IP1;WDR3;MRPS12;FCF1;NAT10;MRPL36;PWP2;WDR46;WDR43;RRP9;FBL;NOB1;RRP12;UTP15;WDR36;RRP7BP;DIMT1;NGDN;DNTTIP2;WDR75;URB2;UTP18;GTPBP4;EBNA1BP2;GRWD1;MRTO4;DDX27;NIP7;HEATR1;NOL7;NOLC1;NOL8;SNU13;NOL6;RRP7A;EMG1;EXOSC10;BMS1;PES1;RRS1;HEATR3;UTP20;DCAF13;NOP56;NOP14;NOP58;UTP6;NOP16;UTP4;PNO1;KRR1;UTP3;WDR18;WDR12;MRPL22;RCL1;BOP1;TBL3;MPHOSPH10;ESF1;PIN4;DHX29,0.41935483870967744
1,1031,RNA Processing (GO:0006396),76/183,7.732145504880122e-47,cellular process,GO_Biological_Process_2023,2.628491389760948e-49,0.0,0.0,14.02859519498948,1569.242298807959,FASTKD1;FASTKD2;GEMIN2;DIS3L;HNRNPU;HNRNPR;DUSP11;RBM3;SYNCRIP;SNRPD2;SNRPD1;RSRC1;MAGOH;DHX15;SNRPD3;SNRNP35;BCAS2;RBM5;METTL3;THOC1;DNTTIP2;TFIP11;FBXO11;SRRM1;PRPF4;PRPF6;PRPF18;SCNM1;DDX39B;HNRNPUL1;PRPF3;SRSF2;LUC7L3;SRSF4;HNRNPH3;SRSF7;SRSF9;SF3B2;NUFIP1;SF3B3;DHX8;RBM8A;CSTF3;DDX23;SRSF1;WBP4;U2AF1;RNPC3;PRPF8;TBRG4;EXOSC10;PABPN1;U2AF2;SF3B1;HNRNPA0;SF3A3;ZRSR2;RBM39;SF3A1;FUS;YJU2;LSM1;USB1;MAGOHB;LSM3;HNRNPL;NUDT21;SNRNP40;HNRNPK;HNRNPA2B1;HNRNPD;MPHOSPH10;RNPS1;SNRNP48;HNRNPC;TARDBP,0.41530054644808745
1,1031,Nucleolus (GO:0005730),156/771,1.1480354334207195e-49,cellular anatomical structure,GO_Cellular_Component_2023,1.083052295679924e-51,0.0,0.0,5.320741463414634,624.399952772945,POP5;ZNF330;ZNF692;POP1;GEMIN2;RRP1;FCF1;GPATCH4;HNRNPR;NUCKS1;PWP1;RRP9;FBL;ZNF207;SNRNP35;ABT1;DDX18;RARS1;DIMT1;METTL1;NGDN;DNTTIP1;DNTTIP2;SETMAR;WDR75;FBXO11;ILF2;MIF4GD;GTPBP4;FTSJ3;EBNA1BP2;ILF3;SUB1;MORF4L2;GRWD1;MRTO4;CCDC86;SRSF9;UTP25;UTP23;NOP2;NOLC1;SNU13;NMD3;MACROH2A1;RRP7A;EMG1;DHX33;PDCD11;ERI1;OARD1;RRS1;UTP20;MDN1;ZNF146;ZNF300;NAA50;NOP14;NOP16;PNO1;UPF3B;UPF3A;PA2G4;TBCA;PUM3;RCL1;TBL3;C6ORF89;RIOX2;MPHOSPH10;PIN4;NOL11;ANP32B;NOL12;RBM28;TOP2B;MRPS15;NVL;CDCA7L;PAK1IP1;WDR3;NAT10;WDR46;WDR43;MRPL40;SFR1;XPO6;UBXN8;RRP12;RBM34;UTP14A;UTP14C;UTP15;WDR36;MRPS27;ACTR6;NSUN2;RBM19;MARS1;TFIP11;EDF1;URB2;URB1;GNL2;UTP18;GNL3;GON7;GCFC2;DNAJC2;RCN2;C1D;FAM32A;EEF1E1;ZNF593;DDX27;SF3B3;NUFIP1;NIP7;MAK16;HEATR1;DDX23;MRPS31;NOL7;DDX21;NOL8;NOL6;EXOSC10;TCOF1;PNMA1;PES1;BMS1;ZNF506;TRA2A;BEND3;METTL5;SF3B1;DCAF13;NOP56;ARFGEF1;UTP6;NOP58;UTP4;NAA10;NIFK;UTP3;KRR1;MTX2;NOC3L;RRP1B;NPM3;WDR12;BOP1;KLHL7;TSR1;CIAPIN1;MPHOSPH6,0.20233463035019456
1,1031,Nuclear Lumen (GO:0031981),158/780,4.0483633261513834e-50,cellular anatomical structure,GO_Cellular_Component_2023,1.909605342524237e-52,0.0,0.0,5.338478764507206,635.7462406372103,POP5;ZNF330;ZNF692;POP1;GEMIN2;RRP1;FCF1;HNRNPU;GPATCH4;HNRNPR;NUCKS1;PWP1;RRP9;FBL;ZNF207;SNRNP35;ABT1;DDX18;IK;RARS1;DIMT1;METTL1;NGDN;DNTTIP1;DNTTIP2;SETMAR;WDR75;FBXO11;ILF2;MIF4GD;GTPBP4;FTSJ3;EBNA1BP2;ILF3;SUB1;MORF4L2;GRWD1;MRTO4;CCDC86;SRSF9;UTP25;UTP23;NOP2;NOLC1;SNU13;NMD3;MACROH2A1;RRP7A;EMG1;DHX33;PDCD11;ERI1;OARD1;RRS1;UTP20;MDN1;ZNF146;ZNF300;NAA50;NOP14;NOP16;PNO1;UPF3B;UPF3A;PA2G4;TBCA;PUM3;RCL1;TBL3;C6ORF89;RIOX2;MPHOSPH10;PIN4;NOL11;ANP32B;NOL12;RBM28;TOP2B;MRPS15;NVL;CDCA7L;PAK1IP1;WDR3;NAT10;WDR46;WDR43;MRPL40;SFR1;XPO6;UBXN8;RRP12;RBM34;UTP14A;UTP14C;UTP15;WDR36;MRPS27;ACTR6;NSUN2;RBM19;MARS1;TFIP11;EDF1;URB2;URB1;GNL2;UTP18;GNL3;GON7;GCFC2;DNAJC2;RCN2;C1D;FAM32A;EEF1E1;ZNF593;DDX27;SF3B3;NUFIP1;NIP7;MAK16;HEATR1;DDX23;MRPS31;NOL7;DDX21;NOL8;NOL6;EXOSC10;TCOF1;PNMA1;PES1;BMS1;ZNF506;TRA2A;BEND3;METTL5;SF3B1;DCAF13;NOP56;ARFGEF1;UTP6;NOP58;UTP4;NAA10;NIFK;UTP3;KRR1;MTX2;NOC3L;RRP1B;NPM3;WDR12;BOP1;KLHL7;TSR1;CIAPIN1;MPHOSPH6,0.20256410256410257
1,1031,Mitochondrial Gene Expression (GO:0140053),67/103,2.8744539354938586e-58,cellular process,GO_Biological_Process_2023,8.142928995733311e-61,0.0,0.0,36.55229944674966,5057.39591637201,MRPS17;MRPS15;MRPS16;FASTKD1;FASTKD2;GFM2;MRPS14;MRPS11;MRPS12;MRPL38;MRPL39;MRPS10;MRPL36;MRPL37;MRPL34;MRPL35;MRPL4;MRPL41;MRPL3;MRPL42;MRPL2;MRPL1;MRPL40;CHCHD1;MRPS28;MRPS26;MRPS27;MRPS25;MRPS22;MRPS23;MRPS18B;MRPL49;MRPS2;MRPL47;MRPL48;MRPS7;QRSL1;MRPL46;MRPS18C;MRPL44;MRPL52;MRPL50;MRPL51;DAP3;MRPS33;MRPL19;MRPS34;MRPL16;MRPS31;MRPL17;MRPL58;MRPS30;MRPL12;MRPL13;MRPL57;MRPL11;TBRG4;MRPL20;TEFM;PTCD3;MRPL27;MRPL28;GATB;MRPL23;MRPL24;MRPL22;MRPL30,0.6504854368932039
1,1031,Mitochondrial Translation (GO:0032543),68/98,4.574009197319692e-62,cellular process,GO_Biological_Process_2023,1.0366026509506383e-64,0.0,0.0,44.577777777777776,6567.621589302205,MRPS17;GFM1;MRPS15;MRPS16;FASTKD2;GFM2;MRPS14;MRPS11;MRPS12;MRPL38;MRPL39;MRPS10;MRPL36;MRPL37;MRPL34;MRPL35;MRPL4;MRPL41;MRPL3;MRPL42;MRPL2;MRPL1;MRPL40;CHCHD1;MRPS28;TSFM;MRPS26;MRPS27;MRPS25;MRPS22;MRPS23;MRPS18B;MRPL49;MRPS2;MRPL47;MRPL48;MRPS7;QRSL1;MRPL46;MRPS18C;MRPL44;MRPL52;MRPL50;MRPL51;MTRF1L;DAP3;MRPS33;MRPL19;MRPS34;MRPL16;MRPS31;MRPL17;MRPL58;MTIF2;MRPS30;MRPL12;MRPL13;MRPL57;MRPL11;MRPL20;PTCD3;MRPL27;MRPL28;GATB;MRPL23;MRPL24;MRPL22;MRPL30,0.6938775510204082
1,1031,"mRNA Splicing, Via Spliceosome (GO:0000398)",98/211,1.931444639171001e-66,cellular process,GO_Biological_Process_2023,3.2829087351348446e-69,0.0,0.0,17.527321704654316,2763.8770774237005,DBR1;GEMIN2;HNRNPU;HNRNPR;CASC3;CWC27;PNN;SNRPD2;SNRPD1;MAGOH;SNRPD3;SNRNP35;TXNL4A;IK;METTL3;CDC40;SRRM1;WDR77;PRPF4;PRPF6;DDX39B;CLNS1A;PRPF3;SRSF2;GEMIN5;SNRNP27;SRSF3;GEMIN6;PPIH;SNRPE;SRSF4;SRSF6;SRSF7;SRSF8;SRSF9;DHX8;RBM8A;YTHDC1;DDX1;CWF19L2;SNU13;C9ORF78;HTATSF1;RNPC3;PRPF8;DHX35;RBM10;ZRSR2;PRPF38A;MAGOHB;LSM3;HNRNPM;LSM8;HNRNPK;CWF19L1;RNPS1;HNRNPC;PPWD1;SYNCRIP;SART3;RSRC1;SNRNP70;DHX15;BCAS2;CTNNBL1;RBM5;RBM14;BUD31;RBM19;CENATAC;PRPF40A;TFIP11;GCFC2;SCNM1;SDE2;HNRNPH3;SF3B5;SF3B2;SF3B3;DDX23;SRSF1;WBP4;U2AF1;U2AF2;TRA2B;TRA2A;HNRNPA1;SF3B1;SF3A3;SF3A1;HNRNPA3;GPKOW;CDC5L;SNRNP40;PHF5A;MFAP1;HNRNPA2B1;PPIL3,0.46445497630331756
1,1031,"RNA Splicing, Via Transesterification Reactions With Bulged Adenosine As Nucleophile (GO:0000377)",92/180,7.059510159099156e-67,cellular process,GO_Biological_Process_2023,7.999444939489129e-70,0.0,0.0,21.021541291509344,3344.5605250185044,DBR1;HNRNPU;PPWD1;HNRNPR;CASC3;CWC27;PNN;SYNCRIP;SART3;SNRPD2;SNRPD1;RSRC1;SNRNP70;MAGOH;DHX15;SNRPD3;SNRNP35;TXNL4A;BCAS2;CTNNBL1;RBM5;IK;RBM14;BUD31;METTL3;RBM19;CENATAC;PRPF40A;TFIP11;CDC40;SRRM1;PRPF4;GCFC2;PRPF6;DDX39B;PRPF3;SRSF2;GEMIN5;SNRNP27;SRSF3;GEMIN6;PPIH;SNRPE;SRSF4;HNRNPH3;SRSF6;SRSF7;SRSF8;SRSF9;SF3B5;SF3B2;SF3B3;DHX8;RBM8A;YTHDC1;DDX23;SRSF1;WBP4;CWF19L2;SNU13;U2AF1;C9ORF78;HTATSF1;RNPC3;PRPF8;U2AF2;DHX35;TRA2B;TRA2A;HNRNPA1;SF3B1;RBM10;SF3A3;ZRSR2;HNRNPA3;SF3A1;PRPF38A;GPKOW;CDC5L;MAGOHB;LSM3;HNRNPM;LSM8;SNRNP40;HNRNPK;PHF5A;MFAP1;CWF19L1;HNRNPA2B1;RNPS1;HNRNPC;PPIL3,0.5111111111111111
1,1031,mRNA Processing (GO:0006397),100/214,1.0483998436040916e-67,cellular process,GO_Biological_Process_2023,5.939942456680406e-71,0.0,0.0,17.765277856294873,2872.6781557881054,DBR1;GEMIN2;HNRNPU;HNRNPR;CASC3;CWC27;PNN;SNRPD2;SNRPD1;MAGOH;PAPOLA;SNRPD3;SNRNP35;TXNL4A;IK;METTL3;FBXO11;CDC40;SRRM1;PRPF4;PRPF6;DDX39B;PRPF3;SRSF2;GEMIN5;SNRNP27;SRSF3;GEMIN6;PPIH;SNRPE;SRSF4;SRSF6;SRSF7;SRSF8;SRSF9;DHX8;RBM8A;YTHDC1;CWF19L2;SNU13;C9ORF78;HTATSF1;RNPC3;PRPF8;DHX35;RPRD1A;RBM10;ZRSR2;PRPF38A;MAGOHB;LSM3;HNRNPM;LSM8;HNRNPK;CWF19L1;RNPS1;HNRNPC;PPWD1;SYNCRIP;SART3;RSRC1;SNRNP70;DHX15;BCAS2;CTNNBL1;RBM5;RBM14;BUD31;RBM19;CENATAC;PRPF40A;TFIP11;GCFC2;PRPF18;HNRNPH3;SF3B5;SF3B2;SF3B3;DDX23;SRSF1;WBP4;U2AF1;TBRG4;U2AF2;TRA2B;TRA2A;HNRNPA1;SF3B1;HNRNPA0;SF3A3;SF3A1;HNRNPA3;GPKOW;CDC5L;NUDT21;SNRNP40;PHF5A;MFAP1;HNRNPA2B1;PPIL3,0.4672897196261682
1,1031,RNA Splicing (GO:0008380),49/98,1.1637149611845362e-34,cellular process,GO_Biological_Process_2023,5.9339573091562754e-37,0.0,0.0,19.266802443991853,1607.139499574359,DBR1;GEMIN2;SYNCRIP;SNRPD2;SNRPD1;RSRC1;MAGOH;DHX15;SNRPD3;SNRNP35;TXNL4A;BCAS2;SRRM1;PRPF4;PRPF6;PRPF18;SCNM1;DDX39B;PRPF3;SRSF2;LUC7L3;SRSF4;HNRNPH3;SRSF7;SF3B2;SF3B3;DHX8;RBM8A;DDX23;WBP4;U2AF1;RNPC3;PRPF8;TRA2B;SF3B1;SMNDC1;SF3A3;ZRSR2;FUS;YJU2;LSM1;USB1;MAGOHB;SNRNP40;MPHOSPH10;RNPS1;SNRNP48;HNRNPC;TARDBP,0.5
1,1031,U2-type Precatalytic Spliceosome (GO:0071005),25/49,1.6411879247016324e-18,protein-containing complex,GO_Cellular_Component_2023,9.28974297000924e-20,0.0,0.0,19.61667495029821,859.6574459679297,SF3B5;SF3B2;SF3B3;WBP4;SNU13;CWC27;PRPF8;SNRPD2;SNRPD1;SNRPD3;TXNL4A;SF3B1;SF3A3;IK;SF3A1;PRPF38A;MAGOHB;LSM3;PRPF4;LSM8;PRPF6;PHF5A;MFAP1;PRPF3;SNRPE,0.5102040816326531
1,1031,Intracellular Non-Membrane-Bounded Organelle (GO:0043232),173/1195,6.904773407349544e-35,cellular anatomical structure,GO_Cellular_Component_2023,9.770905765117278e-37,0.0,0.0,3.540786838732044,293.58872872510864,POP5;ZNF330;ZNF692;POP1;GEMIN2;RRP1;FCF1;GPATCH4;HNRNPR;NUCKS1;PWP1;RRP9;FBL;ZNF207;SNRNP35;ABT1;DDX18;RARS1;DIMT1;METTL1;NGDN;DNTTIP1;RECQL;DNTTIP2;SETMAR;WDR75;FBXO11;ILF2;MIF4GD;GTPBP4;FTSJ3;EBNA1BP2;ILF3;SUB1;MORF4L2;GRWD1;MRTO4;CCDC86;PKP4;SRSF9;UTP25;DCUN1D5;UTP23;NOP2;NOLC1;SNU13;NMD3;MRPL13;MACROH2A1;RRP7A;EMG1;DHX33;PDCD11;ERI1;OARD1;RRS1;EIF4EBP2;UTP20;SAC3D1;MDN1;GCN1;ZNF146;ZNF300;NAA50;NOP14;NOP16;FUS;PNO1;UPF3B;UPF3A;PA2G4;TBCA;PUM3;RCL1;TBL3;CAPRIN1;C6ORF89;RIOX2;MPHOSPH10;PIN4;NOL11;ANP32B;NOL12;RBM28;TOP2B;MRPS15;NVL;CDCA7L;PAK1IP1;WDR3;MRPS12;HP1BP3;NAT10;WDR46;WDR43;MRPL40;SERP1;SFR1;XPO6;UBXN8;RRP12;RBM34;UTP14A;UTP14C;UTP15;WDR36;MRPS27;ACTR6;NSUN2;MARS1;RBM19;TFIP11;EDF1;URB2;URB1;MRPS7;GNL2;UTP18;GNL3;GON7;GCFC2;DNAJC2;RCN2;C1D;FAM32A;EEF1E1;ZNF593;DDX27;SF3B3;NUFIP1;NIP7;MAK16;HEATR1;DDX23;MRPS31;NOL7;KATNB1;DDX21;NOL8;NOL6;EXOSC10;TCOF1;PNMA1;PES1;BMS1;ZNF506;TRA2A;BEND3;METTL5;HNRNPA1;SF3B1;DCAF13;NOP56;ARFGEF1;UTP6;NOP58;UTP4;NAA10;NIFK;UTP3;KRR1;MTX2;NOC3L;RRP1B;NPM3;WDR12;LRPPRC;BOP1;KLHL7;TSR1;CIAPIN1;TARDBP;MPHOSPH6,0.14476987447698744
1,1031,Regulation Of RNA Splicing (GO:0043484),26/102,4.176968788924234e-10,biological regulation,GO_Biological_Process_2023,7.099663663893882e-12,0.0,0.0,6.431238544121498,165.0961555521328,SF3B5;ENY2;SF3B3;YTHDC1;SRSF1;HNRNPLL;SNRNP70;U2AF2;TRA2B;METTL4;SUPT20H;RBM12;METTL16;HNRNPA1;RBM39;FUS;LARP7;RRP1B;SRRM1;HNRNPL;HNRNPK;SRSF3;HNRNPH2;HNRNPH3;GRSF1;FAM50A,0.2549019607843137
1,1031,Protein Targeting To Mitochondrion (GO:0006626),21/59,3.867549859836808e-11,localization,GO_Biological_Process_2023,5.916365224679537e-13,0.0,0.0,10.358285565398646,291.6466861025708,MIPEP;DNAJC19;TIMM8B;TIMM8A;TIMM29;MTX2;TIMM9;PAM16;TOMM34;TIMM13;TIMM23;TIMM22;TIMM10;TOMM20;GDAP1;HSPD1;IMMP1L;SAMM50;GRPEL1;TIMM17A;TIMM17B,0.3559322033898305
1,1031,RNA Export From Nucleus (GO:0006405),22/65,3.702256204387864e-11,localization,GO_Biological_Process_2023,5.453748516378723e-13,0.0,0.0,9.596699472192132,270.9849111369491,UPF2;FYTTD1;CHTOP;NXT1;RBM8A;YTHDC1;THOC1;CASC3;THOC2;SMG7;THOC5;MAGOHB;THOC7;THOC6;DDX19B;DDX39B;SARNP;MAGOH;HNRNPA2B1;SRSF3;NCBP3;HNRNPA1,0.3384615384615385
1,1031,mRNA Transport (GO:0051028),21/58,2.8262630681433464e-11,localization,GO_Biological_Process_2023,4.003205478956582e-13,0.0,0.0,10.638801177415038,303.7006526993736,UPF2;FYTTD1;CHTOP;NXT1;RBM8A;YTHDC1;THOC1;CASC3;THOC2;SMG7;THOC5;MAGOHB;THOC7;THOC6;DDX19B;DDX39B;SARNP;MAGOH;HNRNPA2B1;SRSF3;NCBP3,0.3620689655172414
1,1031,Spliceosomal tri-snRNP Complex (GO:0097526),17/36,4.769961446330918e-12,protein-containing complex,GO_Cellular_Component_2023,3.824969084321962e-13,0.0,0.0,16.7211668223814,478.0925352314064,DDX23;SNU13;PRPF8;LSM3;LSM8;PRPF4;SNRNP40;PRPF18;PRPF6;SNRPD2;SNRPD1;PRPF3;SNRNP27;PPIH;SNRPE;SNRPD3;TXNL4A,0.4722222222222222
1,1031,U4/U6 X U5 tri-snRNP Complex (GO:0046540),17/35,2.8091240738743865e-12,protein-containing complex,GO_Cellular_Component_2023,2.1200936406599147e-13,0.0,0.0,17.65105193951348,515.0955738891798,DDX23;SNU13;PRPF8;LSM3;LSM8;PRPF4;SNRNP40;PRPF18;PRPF6;SNRPD2;SNRPD1;PRPF3;SNRNP27;PPIH;SNRPE;SNRPD3;TXNL4A,0.4857142857142857
1,1031,"Preribosome, Large Subunit Precursor (GO:0030687)",13/18,1.6049184334219599e-12,protein-containing complex,GO_Cellular_Component_2023,1.1355554953457265e-13,0.0,0.0,48.43457760314342,1443.6644747017244,NIP7;MAK16;PPAN;WDR12;FTSJ3;EBNA1BP2;NSA2;LAS1L;PES1;MRTO4;RRS1;MDN1;RRP15,0.7222222222222222
1,1031,Maturation Of LSU-rRNA (GO:0000470),13/20,5.879239884536686e-11,cellular process,GO_Biological_Process_2023,9.326839476885394e-13,0.0,0.0,34.59247824866685,958.2362081445052,DDX18;NIFK;MAK16;NOP2;URB1;WDR12;FTSJ3;NSA2;LAS1L;PES1;RPL7L1;RBM34;RRP15,0.65
1,1031,"Regulation Of mRNA Splicing, Via Spliceosome (GO:0048024)",28/94,1.118835615713866e-12,biological regulation,GO_Biological_Process_2023,1.5213628768913755e-14,0.0,0.0,7.995468141031451,254.3884896391552,DAZAP1;RBM25;RBM8A;YTHDC1;HNRNPU;RBM3;U2AF2;TRA2B;MAGOH;TRA2A;METTL16;HNRNPA1;RBM5;HNRNPA0;RBM39;LARP7;SRRM1;WDR77;HNRNPL;RBMXL1;HNRNPK;CLNS1A;SRSF3;SRSF4;RNPS1;SRSF6;SRSF7;SRSF9,0.2978723404255319
1,1031,mRNA Export From Nucleus (GO:0006406),24/62,1.1350800174490953e-13,localization,GO_Biological_Process_2023,1.4148306166504302e-15,0.0,0.0,11.873307897350127,405.969372117444,UPF2;FYTTD1;ENY2;CHTOP;NXT1;RBM8A;YTHDC1;THOC1;CASC3;THOC2;SMG7;THOC5;MAGOHB;THOC7;THOC6;DDX19B;DDX39B;PABPN1;SARNP;ZC3H11A;MAGOH;HNRNPA2B1;SRSF3;NCBP3,0.3870967741935484
1,1031,Mitochondrial Ribosome (GO:0005761),15/22,8.029744077650468e-14,cellular anatomical structure,GO_Cellular_Component_2023,5.3026611833540826e-15,0.0,0.0,39.9929696287964,1314.5916113202024,MRPS14;MRPS22;MRPS12;MRPL49;MRPL28;MRPL39;MRPL37;MRPL48;MRPL34;MRPL13;MRPL35;MRPL57;MRPL20;MRPL40;MRPL51,0.6818181818181818
1,1031,"RNA Splicing, Via Transesterification Reactions (GO:0000375)",18/24,6.255626870091793e-17,cellular process,GO_Biological_Process_2023,5.742025286411482e-19,0.0,0.0,56.15893385982231,2358.748497246788,SF3A3;DBR1;SF3B3;GEMIN2;DDX23;LSM1;PRPF8;SRRM1;PRPF4;SNRNP40;PRPF6;PRPF3;TRA2B;MPHOSPH10;SRSF4;TXNL4A;SF3B1;SMNDC1,0.75
1,1031,Maturation Of SSU-rRNA (GO:0030490),21/38,9.069792790972752e-16,cellular process,GO_Biological_Process_2023,9.249647038952382e-18,0.0,0.0,23.179499126383227,909.1450695565932,UTP25;NOP14;UTP6;UTP4;UTP3;MRPS11;WDR3;HEATR1;TSR3;NGDN;NAT10;SNU13;PWP2;WDR46;WDR43;NOB1;MPHOSPH10;TSR1;SRFBP1;NOL11;DCAF13,0.5526315789473685
1,1031,rRNA Metabolic Process (GO:0016072),30/91,6.979949464164991e-15,cellular process,GO_Biological_Process_2023,7.513826618647866e-17,0.0,0.0,9.289726666775849,344.901555773796,DDX49;DDX27;NVL;DIS3L;NOL8;NOLC1;RRP9;NOL6;RRP7A;FBL;EMG1;EXOSC10;NOB1;PES1;UTP20;RRP12;DCAF13;UTP15;NOP56;WDR36;NOP14;NOP58;RRP7BP;NIFK;WDR18;MARS1;EBNA1BP2;MRTO4;ESF1;PIN4,0.32967032967032966
1,1031,Ribosome Binding (GO:0043022),29/85,1.174756990134991e-14,binding,GO_Molecular_Function_2023,8.57486854113132e-17,0.0,0.0,9.774682777302536,361.6154735389175,CCDC47;MTIF2;NMD3;RBM3;TMEM147;NCLN;DHX33;SRP72;ERI1;SEC61G;G3BP1;GCN1;PTCD3;MRPS27;NAA10;YTHDF3;IFRD2;GTPBP6;NME1;TMCO1;DNAJC2;OXA1L;NEMF;SERBP1;GEMIN5;ETF1;NAA16;DHX29;NAA15,0.3411764705882353
1,1031,RNA Metabolic Process (GO:0016070),31/111,3.351754632224294e-13,cellular process,GO_Biological_Process_2023,4.3677255830684856e-15,0.0,0.0,7.3194875,242.0154431806545,NUFIP1;DHX8;FASTKD1;FASTKD2;DIS3L;HNRNPU;LAGE3;NUDT3;TBRG4;DUSP11;RBM3;SYNCRIP;EXOSC10;PABPN1;ALKBH1;PAPOLA;RBM5;RBM39;THOC1;DNTTIP2;TFIP11;HNRNPL;SUPV3L1;PRPF4;SNRNP40;HNRNPK;DDX39B;HNRNPUL1;HNRNPD;MPHOSPH10;HNRNPH3,0.27927927927927926
1,1031,Regulation Of Translation (GO:0006417),38/202,1.9630292891497743e-10,biological regulation,GO_Biological_Process_2023,3.225373902852321e-12,0.0,0.0,4.387971900867045,116.10561465846182,DDX1;NOLC1;NAT10;MTIF2;BZW2;MRPL13;BZW1;GSPT1;RBM3;SYNCRIP;TCOF1;ALKBH1;EIF4H;METTL5;GCN1;PAIP1;EIF5B;TSFM;SSB;YTHDF3;IFRD2;METTL3;UPF3B;UPF3A;LARP4;PUS7;MIF4GD;PUM3;LRPPRC;ILF3;EPRS1;CAPRIN1;SERBP1;HNRNPD;GEMIN5;ETF1;LSM14A;EIF3B,0.18811881188118812
1,1031,mRNA Metabolic Process (GO:0016071),28/85,6.955325832454777e-14,cellular process,GO_Biological_Process_2023,8.275458497538263e-16,0.0,0.0,9.262318308233196,321.6624122713539,SF3B2;GEMIN2;CSTF3;SRSF1;HNRNPR;U2AF1;PRPF8;TBRG4;PCF11;U2AF2;DHX15;METTL16;HNRNPA0;SF3A3;SF3A1;SSB;METTL3;FBXO11;HNRNPAB;LSM3;NUDT21;PRPF18;PRPF3;HNRNPA2B1;SRSF2;SRSF4;SRSF7;SRSF9,0.32941176470588235
1,1031,Spliceosomal Complex Assembly (GO:0000245),27/62,6.255626870091793e-17,cellular process,GO_Biological_Process_2023,6.025249676575667e-19,0.0,0.0,14.54803642572567,610.3360685508976,SF3B5;SF3B2;SF3B3;YTHDC1;DDX1;DDX23;SRSF1;HTATSF1;SNRPD2;SNRPD1;LUC7L;KHDC4;SNRPD3;TXNL4A;SF3B1;RBM5;SF3A3;ZRSR2;SF3A1;GCFC2;PRPF6;PHF5A;DDX39B;LUC7L3;SNRPE;SRSF6;SRSF9,0.43548387096774194
1,1031,Ribosomal Large Subunit Biogenesis (GO:0042273),19/54,5.424961696131096e-10,cellular process,GO_Biological_Process_2023,9.52826133598096e-12,0.0,0.0,10.15657820440429,257.7410358957008,NOP16;NVL;PAK1IP1;NIP7;MAK16;NOP2;PPAN;WDR12;GTPBP4;MRPL20;EBNA1BP2;NSA2;LAS1L;PES1;MRTO4;RRS1;HEATR3;RRP15;MDN1,0.35185185185185186
1,1031,ncRNA Processing (GO:0034470),34/100,2.4992431760620198e-17,None,GO_Biological_Process_2023,2.1240026992028493e-19,0.0,0.0,9.767210723078326,419.9491793838341,INTS12;INTS13;DDX49;DDX27;POP1;NVL;RPP30;NOLC1;NOL8;RRP9;NOL6;RRP7A;FBL;EMG1;EXOSC10;NOB1;PES1;UTP20;RRP12;DCAF13;UTP15;NOP56;NOP14;WDR36;NOP58;RRP7BP;SSB;WDR18;INTS2;EBNA1BP2;MRTO4;ESF1;PIN4;INTS8,0.34
1,1031,Chromosome (GO:0005694),32/164,7.247934765588976e-10,cellular anatomical structure,GO_Cellular_Component_2023,6.153906876443469e-11,0.0,0.0,4.571116571116571,107.47311646712308,DDX27;RRP1;HP1BP3;NOL7;HNRNPU;DDX21;NOL8;SMC5;MACROH2A1;EMG1;BMS1;PES1;RBM34;DDX18;IK;UTP6;NIFK;UTP4;KRR1;DNTTIP1;RECQL;DNTTIP2;SETMAR;RRP1B;PUM3;FTSJ3;GNL3;BOP1;EBNA1BP2;CCDC86;MPHOSPH10;PIN4,0.1951219512195122
1,1031,snRNA Binding (GO:0017069),17/43,1.3665685230738143e-09,binding,GO_Molecular_Function_2023,1.329993696422204e-11,0.0,0.0,12.214800485510544,305.89844664068715,SF3B3;DDX21;HNRNPU;LARP7;SNU13;RNPC3;PRPF8;LSM10;LSM8;PRPF4;SART3;DDX39B;SNRNP70;GEMIN5;SNRPD3;HNRNPC;SNRNP35,0.3953488372093023
1,1031,U12-type Spliceosomal Complex (GO:0005689),13/28,3.414923726458202e-09,protein-containing complex,GO_Cellular_Component_2023,3.060544849184238e-10,0.0,0.0,16.136345776031433,353.5030896818537,SF3B5;ZRSR2;SF3B2;SF3B3;RNPC3;PHF5A;SNRPD2;SNRPD1;SNRNP48;SNRPE;SNRPD3;SNRNP35;SF3B1,0.4642857142857143
1,1031,"Maturation Of SSU-rRNA From Tricistronic rRNA Transcript (SSU-rRNA, 5.8S rRNA, LSU-rRNA) (GO:0000462)",18/30,2.4248318161997154e-14,cellular process,GO_Biological_Process_2023,2.7476847775634164e-16,0.0,0.0,28.07058242843041,1005.7858901967832,UTP25;NOP14;UTP6;UTP4;UTP3;MRPS11;HEATR1;NGDN;RPP40;PWP2;WDR46;WDR43;TBL3;BMS1;RRS1;TSR1;UTP20;DCAF13,0.6
2,949,Response To Elevated Platelet Cytosolic Ca2+ R-HSA-76005,22/130,9.171462900717145e-06,Hemostasis,Reactome_2022,1.9513750852589666e-07,0.0,0.0,4.162631347636742,64.31082840344315,TOR4A;ECM1;SPARC;WDR1;PCDH7;ENDOD1;RAB27B;LHFPL2;ISLR;CLEC3B;SCCPDH;MMRN1;CD109;SELENOP;HABP4;CALU;PHACTR2;TIMP3;SCG3;MAGED2;QSOX1;FAM3C,0.16923076923076924
2,949,Platelet Degranulation R-HSA-114608,22/125,4.972189436842112e-06,Hemostasis,Reactome_2022,9.521213815229577e-08,0.0,0.0,4.365852892198448,70.5834352665919,TOR4A;ECM1;SPARC;WDR1;PCDH7;ENDOD1;RAB27B;LHFPL2;ISLR;CLEC3B;SCCPDH;MMRN1;CD109;SELENOP;HABP4;CALU;PHACTR2;TIMP3;SCG3;MAGED2;QSOX1;FAM3C,0.176
2,949,Crosslinking Of Collagen Fibrils R-HSA-2243919,7/10,3.2945133385324304e-06,Extracellular matrix organization,Reactome_2022,5.607682278353074e-08,0.0,0.0,47.181882519462135,787.7743421449688,BMP1;LOX;PXDN;LOXL3;PCOLCE;LOXL1;LOXL2,0.7
2,949,Assembly Of Collagen Fibrils And Other Multimeric Structures R-HSA-2022090,16/57,3.6196709080266635e-07,Extracellular matrix organization,Reactome_2022,5.390999224720561e-09,0.0,0.0,7.951271795676156,151.3805670466809,COL18A1;COL15A1;COL27A1;DST;COL11A1;LOXL3;PCOLCE;CTSV;LOXL1;LOXL2;BMP1;LOX;COL6A1;PXDN;COL6A3;PLEC,0.2807017543859649
2,949,Collagen Biosynthesis And Modifying Enzymes R-HSA-1650814,21/67,2.4365594121701545e-10,Extracellular matrix organization,Reactome_2022,2.073667584825664e-12,0.0,0.0,9.34934876311844,251.5133970896284,COL18A1;COL15A1;CRTAP;COL27A1;COL13A1;PCOLCE2;COL14A1;COL11A1;COL12A1;P3H2;P3H1;PLOD2;PCOLCE;PLOD1;ADAMTS2;BMP1;P4HA2;COL6A1;SERPINH1;COL21A1;COL6A3,0.31343283582089554
2,949,Extracellular Matrix Organization (GO:0030198),47/176,2.1428559430046977e-19,cellular process,GO_Biological_Process_2023,8.895209393958896e-23,0.0,0.0,7.643084274394541,388.0695350554747,COL18A1;COL15A1;ECM2;COL13A1;COL14A1;ELN;COL11A1;COL12A1;LOXL3;NDNF;CTSV;NID1;NID2;LOXL1;KLK7;LOXL2;ADAMTS5;ADAMTS2;FLRT2;ADAMTS1;SPOCK2;SH3PXD2B;SERPINH1;HAS2;QSOX1;GPM6B;POSTN;CRTAP;COL27A1;MIA;LUM;NPNT;GREM1;SMOC2;CCDC80;BMP1;LOX;SPINT1;MMP16;SMOC1;PXDN;TGFBI;MATN4;RECK;MATN3;DDR2;MATN2,0.26704545454545453
2,949,Regulation Of IGF Transport And Uptake By IGFBPs R-HSA-381426,29/123,7.403556213411848e-11,Metabolism of proteins,Reactome_2022,4.72567417877352e-13,0.0,0.0,6.356995837187789,180.4153304688194,ITIH2;MSLN;CHRDL1;PRSS23;FSTL1;FSTL3;CST3;EVA1A;STC2;IGFBP7;QSOX1;IGFBP6;IGFBP5;IGFBP4;IGFBP2;TMEM132A;VCAN;PAPPA;MXRA8;CALU;SPARCL1;FAM20C;VWA1;SCG3;MELTF;MFGE8;SCG2;MATN3;FBN1,0.23577235772357724
2,949,Collagen Formation R-HSA-1474290,29/90,1.3064794128804674e-14,Extracellular matrix organization,Reactome_2022,5.559486863321138e-17,0.0,0.0,9.813079116179615,367.2882504483384,COL18A1;COL15A1;COL13A1;PCOLCE2;COL14A1;COL11A1;COL12A1;LOXL3;PLOD2;CTSV;PLOD1;LOXL1;LOXL2;ADAMTS2;SERPINH1;CRTAP;COL27A1;DST;P3H2;P3H1;PCOLCE;BMP1;LOX;P4HA2;COL6A1;PXDN;COL21A1;COL6A3;PLEC,0.32222222222222224
2,949,Extracellular Matrix Organization R-HSA-1474244,71/291,1.8391609224243625e-28,Extracellular matrix organization,Reactome_2022,3.913108345583751e-31,0.0,0.0,6.921728101056119,484.63037087935777,DDR1;COL18A1;SPARC;COL14A1;COL12A1;LOXL3;PLOD2;CTSV;PLOD1;LOXL1;HAPLN1;LOXL2;COMP;ADAMTS5;EFEMP2;ADAMTS2;CAPN9;EFEMP1;CAPN6;ADAMTS1;CAPN5;TIMP2;CAPN3;COL27A1;DST;P3H2;P3H1;PCOLCE;ASPN;ADAM19;VCAN;MMP16;LOX;CEACAM6;PXDN;ADAM12;COL6A1;COL21A1;COL6A3;MATN4;MATN3;DDR2;PLEC;FBN2;COL15A1;TNXB;COL13A1;PCOLCE2;COL11A1;HTRA1;NTN4;FBLN1;LTBP3;NID1;FBLN2;NID2;KLK7;FBLN5;SPOCK3;SERPINH1;DMD;CRTAP;LUM;MFAP5;MFAP4;BMP1;P4HA2;MFAP3;MFAP2;SDC1;FBN1,0.24398625429553264
2,949,Elastic Fibre Formation R-HSA-1566948,16/39,6.154475575345585e-10,Extracellular matrix organization,Reactome_2022,7.856777330228406e-12,0.0,0.0,14.18742718672818,362.76747098764673,FBN2;LOXL3;FBLN1;LTBP3;FBLN2;FBLN5;LOXL1;LOXL2;MFAP5;MFAP4;EFEMP2;EFEMP1;LOX;MFAP3;MFAP2;FBN1,0.41025641025641024
2,949,Supramolecular Fiber Organization (GO:0097435),49/316,2.670304559821842e-10,cellular process,GO_Biological_Process_2023,2.2169402738246925e-13,0.0,0.0,3.830278818143986,111.60466563536932,COL18A1;COL14A1;COL12A1;STMN2;LOXL3;KRT23;LOXL1;LOXL2;EFEMP2;ADAMTS2;CAPN3;PRSS8;KRT6B;COL27A1;TPM4;TPM2;TPM1;KRT7;KRT34;RHOF;CLIP3;GREM1;BIN3;LOX;PXDN;DDR2;KRT81;TNXB;COL11A1;LTBP2;FBLN5;CST3;CNN1;SERPINH1;CRTAP;LUM;KRT13;KLHL24;MYO1D;MFAP4;MYO1E;KRT19;MARCKS;MYO1B;BMP1;KRT17;KRT16;KRT15;KRT14,0.1550632911392405
2,949,Post-translational Protein Phosphorylation R-HSA-8957275,26/106,2.697365502645328e-10,Metabolism of proteins,Reactome_2022,2.8695377687716267e-12,0.0,0.0,6.679929577464788,177.5316210268637,ITIH2;MSLN;CHRDL1;PRSS23;FSTL1;FSTL3;CST3;EVA1A;STC2;IGFBP7;QSOX1;IGFBP5;IGFBP4;TMEM132A;VCAN;MXRA8;CALU;SPARCL1;FAM20C;VWA1;SCG3;MELTF;MFGE8;SCG2;MATN3;FBN1,0.24528301886792453
2,949,Cell-Substrate Junction (GO:0030055),48/395,1.4164765148374552e-07,cellular anatomical structure,GO_Cellular_Component_2023,2.293542418577053e-09,0.0,0.0,2.871583607071233,57.12489600290047,SCARB2;FBLN7;TES;AHNAK;FBLIM1;TGFB1I1;SYNPO2;FHL1;FAM107A;FHL2;NEDD9;NEXN;LPP;RND3;MRC2;AKAP12;LIMA1;CNN1;LASP1;CSRP2;EFS;FLRT2;CSRP1;EPB41L2;CAPN5;ANXA6;DMD;CD59;PRSS8;TNS3;TNS1;SVIL;TPM4;DST;MME;LAYN;LMO7;IGF2R;AIF1L;EHD3;DAB2;MARCKS;PTK7;PALLD;ITGBL1;PHLDB2;DDR2;PLEC,0.12151898734177215
2,949,Extracellular Structure Organization (GO:0043062),24/109,1.3158206321133208e-07,cellular process,GO_Biological_Process_2023,2.234161941325905e-10,0.0,0.0,5.789303656597775,128.64981752671858,POSTN;COL15A1;ECM2;MIA;COL13A1;COL14A1;COL11A1;NDNF;NPNT;ADAMTS5;SMOC2;ADAMTS2;CCDC80;SPINT1;MMP16;ADAMTS1;SPOCK2;SMOC1;PXDN;TGFBI;MATN4;RECK;MATN3;MATN2,0.22018348623853212
2,949,External Encapsulating Structure Organization (GO:0045229),24/110,1.3158206321133208e-07,cellular process,GO_Biological_Process_2023,2.731051540293318e-10,0.0,0.0,5.721684475172848,125.99815341598014,POSTN;COL15A1;ECM2;MIA;COL13A1;COL14A1;COL11A1;NDNF;NPNT;ADAMTS5;SMOC2;ADAMTS2;CCDC80;SPINT1;MMP16;ADAMTS1;SPOCK2;SMOC1;PXDN;TGFBI;MATN4;RECK;MATN3;MATN2,0.21818181818181817
2,949,Cell-Cell Junction (GO:0005911),40/299,1.4164765148374552e-07,cellular anatomical structure,GO_Cellular_Component_2023,3.245580536140103e-09,0.0,0.0,3.1927825987231926,62.406038002980594,COL13A1;AHNAK;WDR1;CTNND2;PTPRM;LDB3;AQP3;NDRG1;TMEM47;PDLIM3;CDH3;PDZD2;PDLIM2;FLRT2;TRIM29;EPB41L3;CCN3;STXBP6;PCDH1;PDLIM4;CXADR;CADM1;ANXA2;HEG1;FRMD4B;KLHL24;MYO1E;CLDN4;GJB2;FRMD5;KRT18;GJB3;PTK7;CDH11;PKP2;PKP3;STEAP1;DSC2;JCAD;LLGL2,0.13377926421404682
2,949,Focal Adhesion (GO:0005925),47/387,1.4164765148374552e-07,cellular anatomical structure,GO_Cellular_Component_2023,3.4380497932947934e-09,0.0,0.0,2.867539454806313,55.88364535844077,SCARB2;FBLN7;TES;AHNAK;FBLIM1;TGFB1I1;SYNPO2;FHL1;FAM107A;FHL2;NEDD9;NEXN;LPP;RND3;MRC2;AKAP12;LIMA1;CNN1;LASP1;CSRP2;EFS;FLRT2;CSRP1;EPB41L2;CAPN5;ANXA6;CD59;PRSS8;TNS3;TNS1;SVIL;TPM4;DST;MME;LAYN;LMO7;IGF2R;AIF1L;EHD3;DAB2;MARCKS;PTK7;PALLD;ITGBL1;PHLDB2;DDR2;PLEC,0.12144702842377261
2,949,Basement Membrane (GO:0005604),14/46,5.299900995396872e-07,cellular anatomical structure,GO_Cellular_Component_2023,1.5436604840961763e-08,0.0,0.0,8.899264705882352,160.06684008577665,COL15A1;DST;P3H2;NID1;NID2;THBS4;LOXL2;SMOC2;EFEMP2;CCDC80;FRAS1;SMOC1;PXDN;FBN1,0.30434782608695654
2,949,Calcium Ion Binding (GO:0005509),43/346,2.543194825263877e-06,binding,GO_Molecular_Function_2023,8.04910371269072e-09,0.0,0.0,2.9366526056579167,54.73246522118063,SPARC;FBLN1;THBS4;LOXL2;COMP;CALB2;CLEC3B;CDH3;SPOCK2;S100A13;ANXA6;ENPP2;CAPN3;SPOCK1;ANXA8;S100A14;ANXA2;S100A2;TPM4;ANXA3;CEMIP2;ANXA4;TESC;MYOF;ANXA11;EML1;ASPN;AIF1L;SMOC2;GJB2;PLSCR3;VSNL1;SYT11;PLSCR4;CDH11;CALU;S100A6;SPARCL1;ANXA2P2;PAM;DSC2;DDR2;FBN1,0.12427745664739884
2,949,Endopeptidase Inhibitor Activity (GO:0004866),22/112,2.543194825263877e-06,molecular function regulator activity,GO_Molecular_Function_2023,1.1967975648300597e-08,0.0,0.0,4.999904111230972,91.20340814220144,CSTB;SPINK2;SERPINB1;ITIH2;SERPINE2;ANXA2;SERPINF1;TFPI2;SPINT2;TFPI;WFDC2;SERPINB6;CST3;SPINT1;SPOCK2;SPOCK3;SERPINH1;TIMP2;TIMP3;SPOCK1;SERPINI1;RECK,0.19642857142857142
2,949,Endoplasmic Reticulum Lumen (GO:0005788),44/284,4.0066632407113334e-10,cellular anatomical structure,GO_Cellular_Component_2023,3.889964311370227e-12,0.0,0.0,3.810699815837937,100.1170725123227,TOR4A;COL18A1;SPON1;COL15A1;ITIH2;COL13A1;COL14A1;COL11A1;COL12A1;MSLN;CHRDL1;PRSS23;FSTL1;FSTL3;CST3;ADAMTS5;EVA1A;STC2;SERPINH1;QSOX1;IGFBP7;CTSC;CRTAP;COL27A1;IGFBP5;IGFBP4;TMEM132A;P3H2;P3H1;VCAN;P4HA2;EOGT;COL6A1;MXRA8;CALU;SPARCL1;COL21A1;FAM20C;VWA1;COL6A3;MELTF;MFGE8;MATN3;FBN1,0.15492957746478872
2,949,Actin Cytoskeleton (GO:0015629),39/327,3.551557289845991e-06,cellular anatomical structure,GO_Cellular_Component_2023,1.2068398557729096e-07,0.0,0.0,2.7921130952380957,44.47861400636025,LAD1;AHNAK;WDR1;SYNPO2;FAM107A;NEXN;IQGAP2;RCSD1;LIMA1;CNN1;LASP1;ABLIM1;CALD1;PSTPIP2;SH3PXD2B;COTL1;PLS3;SYNPO;SVIL;TPM4;TPM2;TPM1;MICAL2;COBL;SORBS2;MTSS1;AIF1L;CTTNBP2NL;MYO1D;MYO1E;SMTN;MARCKS;MYO1B;AXL;PALLD;CDC42EP3;LLGL2;DDR2;GAS7,0.11926605504587157
2,949,Extracellular Matrix Assembly (GO:0085029),9/17,8.124063999539804e-06,cellular process,GO_Biological_Process_2023,2.0234281443436625e-08,0.0,0.0,22.790824468085106,403.75968390028,MFAP4;EFEMP2;TNXB;ELN;PXDN;HAS2;QSOX1;FBLN5;GPM6B,0.5294117647058824
2,949,Collagen Fibril Organization (GO:0030199),17/42,1.8129868932752975e-09,cellular process,GO_Biological_Process_2023,2.2577669903801963e-12,0.0,0.0,13.881630901287554,372.25876579707904,COL18A1;CRTAP;COL27A1;COL14A1;LUM;COL11A1;COL12A1;LOXL3;LOXL1;LOXL2;GREM1;ADAMTS2;BMP1;LOX;PXDN;SERPINH1;DDR2,0.40476190476190477
2,949,Collagen-Containing Extracellular Matrix (GO:0062023),104/373,4.9431344435955726e-49,None,GO_Cellular_Component_2023,2.3995798269881422e-51,0.0,0.0,8.59342293394338,1001.619696294732,SPON1;SPARC;SERPINE2;COL12A1;LOXL3;LOXL1;LOXL2;COMP;EFEMP2;EFEMP1;POSTN;COL27A1;SERPINF1;P3H2;P3H1;ANXA11;PCOLCE;NPNT;ADAM19;CCDC80;LOX;S100A6;MXRA7;MXRA5;FREM2;FBN2;COL13A1;HTRA1;FBLN1;LTBP2;AEBP1;NID1;FBLN2;NID2;FBLN5;SERPINH1;IGFBP7;S100A10;PRG4;TGFBI;FBN1;COL18A1;SRPX;ECM1;TINAGL1;COL14A1;ELN;TGFB1I1;HAPLN1;ADAMTS1;ANXA6;TIMP2;TIMP3;EMILIN2;ANXA8;CTSF;EDIL3;CTSC;SBSPON;SERPINB1;ANXA2;DST;ANXA4;ASPN;SERPINB6;GREM1;VCAN;MMRN1;PXDN;COL6A1;MMRN2;ANGPTL2;COL21A1;VWA1;COL6A3;MFGE8;MATN4;MATN3;MATN2;ITIH5;CSTB;LRRC15;COL15A1;TNXB;ITIH2;COL11A1;C17ORF58;SEMA3B;THBS2;THBS4;CLEC3B;SRPX2;ABI3BP;CTHRC1;LUM;SULF1;KAZALD1;MFAP5;SMOC2;MFAP4;FRAS1;SMOC1;MFAP2;MGP,0.27882037533512066
3,1161,Positive Regulation Of Monocyte Chemotaxis (GO:0090026),9/18,6.05756736376445e-06,biological regulation,GO_Biological_Process_2023,2.1905274032947e-07,0.0,0.0,16.34548611111111,250.64092090118007,CCR1;CXCL10;CXCL12;CCL5;CXCL17;CCL1;PLA2G7;CCR2;LGMN,0.5
3,1161,Neutrophil Activation (GO:0042119),9/18,6.05756736376445e-06,cellular process,GO_Biological_Process_2023,2.1905274032947e-07,0.0,0.0,16.34548611111111,250.64092090118007,CXCL6;CXCL8;TYROBP;IL15;CCL5;CTSG;PRG3;LILRA2;CAMP,0.5
3,1161,Negative Regulation Of T Cell Mediated Immunity (GO:0002710),8/14,7.487975409146191e-06,biological regulation,GO_Biological_Process_2023,2.761408761697306e-07,0.0,0.0,21.778548713501014,328.90736709881674,CEACAM1;XCL1;LILRB1;KLRD1;KLRC1;HLA-F;HLA-G;LILRB4,0.5714285714285714
3,1161,Defense Response To Fungus (GO:0050832),11/29,8.476386047058656e-06,biological process involved in interspecies interaction between organisms,GO_Biological_Process_2023,3.156262616878268e-07,0.0,0.0,10.001497584541063,149.70948729924203,CX3CR1;CLEC4A;CLEC4C;CLEC4D;CLEC7A;CLEC6A;S100A12;IL36RN;CLEC4E;S100A9;S100A8,0.3793103448275862
3,1161,MHC Class Ib Protein Binding (GO:0023029),6/7,8.898746881924393e-06,binding,GO_Molecular_Function_2023,2.5148632492395025e-07,0.0,0.0,97.85974025974026,1487.0645980562797,TAP2;TAP1;KLRD1;LILRB1;KIR3DL2;LILRB2,0.8571428571428571
3,1161,Other Interleukin Signaling R-HSA-449836,10/24,8.633036317734991e-06,Immune System,Reactome_2022,3.8784023390822754e-07,0.0,0.0,11.68238798560258,172.463266101709,IL32;CSF3R;TXLNA;CSF1;PTPRZ1;IL10RB;IL34;IL16;PRTN3;STX3,0.4166666666666667
3,1161,Interleukin-36 Pathway R-HSA-9014826,6/7,5.813203126126697e-06,Immune System,Reactome_2022,2.5148632492395025e-07,0.0,0.0,97.85974025974026,1487.0645980562797,IL1RL2;IL36A;IL36G;IL36RN;IL1RAP;IL1F10,0.8571428571428571
3,1161,Cell Surface Interactions At Vascular Wall R-HSA-202733,25/134,4.617981151314874e-06,Hemostasis,Reactome_2022,1.920957217685056e-07,0.0,0.0,3.781577077141749,58.48311823170652,CD84;ITGAM;SELPLG;ITGB2;SLC7A11;ITGAL;TREM1;JCHAIN;THBD;VPREB1;ITGAX;OLR1;CD58;MMP1;MERTK;SELE;CD2;PROCR;CEACAM1;JAML;SELL;IGLL1;CD48;S100A9;CD244,0.1865671641791045
3,1161,Activation Of Matrix Metalloproteinases R-HSA-1592389,12/33,3.937300145677274e-06,Extracellular matrix organization,Reactome_2022,1.5722995590058997e-07,0.0,0.0,9.35869700360562,146.609195889685,MMP14;MMP13;MMP1;MMP15;CTSK;MMP28;MMP3;CTSG;TIMP1;TPSAB1;MMP8;MMP10,0.36363636363636365
3,1161,TNF Receptor Superfamily (TNFSF) Members Mediating Non-Canonical NF-kB Pathway R-HSA-5676594,9/17,3.0178024487939275e-06,Immune System,Reactome_2022,1.154899439638275e-07,0.0,0.0,18.3896484375,293.7577590067315,TNFRSF12A;TNFSF14;TNFSF12;TNFSF11;TNFRSF13C;LTB;LTBR;TNFSF13B;BIRC3,0.5294117647058824
3,1161,Interleukin-6 Family Signaling R-HSA-6783589,11/24,8.143734571842847e-07,Immune System,Reactome_2022,2.98106756373615e-08,0.0,0.0,13.85190635451505,240.03136388860744,CNTFR;IL11;CTF1;IL11RA;CLCF1;LIF;LIFR;OSMR;IL6ST;IL6R;CRLF1,0.4583333333333333
3,1161,Negative Regulation Of Natural Killer Cell Mediated Immunity (GO:0002716),7/10,6.142393089790205e-06,biological regulation,GO_Biological_Process_2023,2.2431940392359506e-07,0.0,0.0,38.08549971114962,583.0964230745649,KLRD1;LILRB1;KLRC1;LGALS9;HLA-F;HLA-G;HLA-E,0.7
3,1161,Positive Regulation Of T Cell Activation (GO:0050870),22/107,4.977770747034073e-06,biological regulation,GO_Biological_Process_2023,1.764408535468576e-07,0.0,0.0,4.261612353457625,66.26926587666499,CD274;VCAM1;IL15;CD70;RHOH;CD1D;GATA3;THY1;TNFRSF13C;LILRB2;AIF1;CD209;IL7;CCL5;TNFSF11;CCR7;LGALS9;CCL19;IL6ST;B2M;HLA-DQA1;CCR2,0.205607476635514
3,1161,Osteoclast differentiation,27/127,5.91804167190754e-08,Development and regeneration,KEGG_2021_Human,3.3817380982328797e-09,0.0,0.0,4.461666666666667,87.0242552177332,LILRA6;CSF1;NCF2;TNFRSF11B;LILRA1;LILRA2;LILRA3;RELB;CTSK;TNFSF11;FCGR1A;JUNB;IL1R1;IFNGR1;IFNGR2;LILRB1;LILRB2;LILRB3;LILRB4;FOSL2;FOSL1;CYLD;TYROBP;FCGR2A;FOSB;FCGR2B;IRF9,0.2125984251968504
3,1161,Positive Regulation Of Lymphocyte Proliferation (GO:0050671),18/74,4.574058990888536e-06,biological regulation,GO_Biological_Process_2023,1.6049329792591352e-07,0.0,0.0,5.282058492688414,82.63787723257138,CD274;VCAM1;IL15;CD70;TNFRSF13C;CD1D;LILRB2;TNFSF13B;HLA-E;CD209;IL7;CCL5;CLCF1;GPR183;CD38;CCL19;IL6ST;TNFRSF4,0.24324324324324326
3,1161,Collagen Degradation R-HSA-1442490,14/40,7.30071419049525e-07,Extracellular matrix organization,Reactome_2022,2.5509983028352783e-08,0.0,0.0,8.831802025350413,154.41695738023617,MMP1;MMP3;MMP8;MMP10;MMP12;MMP14;MMP13;CTSL;MMP15;CTSK;MMP28;MMP19;CTSD;CTSB,0.35
3,1161,Positive Regulation Of Cytokine Production Involved In Immune Response (GO:0002720),12/33,4.52725017350874e-06,biological regulation,GO_Biological_Process_2023,1.5722995590058997e-07,0.0,0.0,9.35869700360562,146.609195889685,CLEC7A;TNFSF4;LAPTM5;XCL1;TNFRSF14;CD226;IRF5;HLA-F;HLA-G;SCIMP;CD55;HLA-E,0.36363636363636365
3,1161,Positive Regulation Of Interleukin-12 Production (GO:0032735),12/33,4.52725017350874e-06,biological regulation,GO_Biological_Process_2023,1.5722995590058997e-07,0.0,0.0,9.35869700360562,146.609195889685,CLEC7A;TNFSF4;LAPTM5;CCR7;IL16;IRF5;CCL19;LGALS9;LTB;HLA-G;SCIMP;TLR2,0.36363636363636365
3,1161,Dendritic Cell Differentiation (GO:0097028),10/22,4.183729571534465e-06,cellular process,GO_Biological_Process_2023,1.42303726922941e-07,0.0,0.0,13.63090066608746,214.89526746286413,BATF2;BATF3;UBD;IRF8;LILRB1;CCR7;PRTN3;CCL19;LGALS9;BATF,0.45454545454545453
3,1161,Natural Killer Cell Mediated Immunity (GO:0002228),10/22,4.183729571534465e-06,immune system process,GO_Biological_Process_2023,1.42303726922941e-07,0.0,0.0,13.63090066608746,214.89526746286413,CD2;KLRK1;RAET1E;GZMB;NKG7;SLAMF7;KLRD1;ULBP2;LYST;ULBP1,0.45454545454545453
3,1161,Regulation Of Interleukin-12 Production (GO:0032655),15/50,2.585960217354784e-06,biological regulation,GO_Biological_Process_2023,8.610608672180268e-08,0.0,0.0,7.032161555721765,114.39699422185907,LAPTM5;IL16;IRAK3;LILRB1;HLA-G;SCIMP;CLEC7A;TNFSF4;CCR7;IRF5;LGALS9;LTB;CCL19;TIGIT;TLR2,0.3
3,1161,Myeloid Leukocyte Differentiation (GO:0002573),18/71,2.4593928135878885e-06,cellular process,GO_Biological_Process_2023,8.101114889011306e-08,0.0,0.0,5.581934333679988,91.14561421912636,BATF2;IL33;BATF3;CSF1;IL15;LIF;SNX10;GATA3;IL1RL1;TYROBP;IFI16;UBD;GPR183;TNFSF11;CCR7;PRTN3;LGALS9;CCL19,0.2535211267605634
3,1161,Positive Regulation Of T Cell Mediated Immunity (GO:0002711),14/43,2.2441777861368413e-06,biological regulation,GO_Biological_Process_2023,7.311857448566149e-08,0.0,0.0,7.916904668851276,130.0841126180456,CD1E;CD1D;CD1C;HLA-F;HLA-G;CD1A;HLA-E;RAET1E;TNFSF4;XCL1;ULBP2;ULBP1;CD55;MICB,0.32558139534883723
3,1161,Regulation Of Immune Response (GO:0050776),19/77,1.767893947088592e-06,biological regulation,GO_Biological_Process_2023,5.6967581538837554e-08,0.0,0.0,5.387387523401172,89.86584477830377,LAG3;RSAD2;IL15;ERAP1;SH2D1A;PTPN22;CXCL13;SAMHD1;HLA-G;SPN;PLSCR1;IRF4;IRF1;TNFSF4;DHX58;FCGR1A;FCGR2B;CD22;BIRC3,0.24675324675324675
3,1161,Negative Regulation Of T Cell Proliferation (GO:0042130),13/36,1.645614452285544e-06,biological regulation,GO_Biological_Process_2023,5.243812612009073e-08,0.0,0.0,9.264050901378578,155.2991393291765,CD274;PRNP;CR1;CRTAM;LILRB1;LILRB2;HLA-G;LILRB4;SPN;TNFRSF14;LGALS9;VSIG4;TNFRSF21,0.3611111111111111
3,1161,Macrophage Migration (GO:1905517),8/12,1.6044733556016313e-06,cellular process,GO_Biological_Process_2023,5.055268717971485e-08,0.0,0.0,32.671292281006075,548.8858694549059,LGALS3;EDN2;KLF5;CCL5;CCL3;CXCL17;SAA1;CCR2,0.6666666666666666
3,1161,Regulation Of B Cell Activation (GO:0050864),11/25,1.6044733556016313e-06,biological regulation,GO_Biological_Process_2023,5.04395771221603e-08,0.0,0.0,12.861801242236025,216.11028302041925,THEMIS2;TNFSF4;SLAMF8;LAPTM5;MZB1;TNFAIP3;FCGR2B;IKZF3;SAMSN1;ZFP36L2;CD22,0.44
3,1161,Regulation Of Monocyte Chemotaxis (GO:0090025),11/25,1.6044733556016313e-06,biological regulation,GO_Biological_Process_2023,5.04395771221603e-08,0.0,0.0,12.861801242236025,216.11028302041925,CCR1;CXCL10;CXCL12;DUSP1;CCL5;CXCL17;SLAMF8;CCL1;PLA2G7;CCR2;LGMN,0.44
3,1161,MHC Class I Protein Binding (GO:0042288),8/13,4.780850400153041e-06,binding,GO_Molecular_Function_2023,1.247178365257315e-07,0.0,0.0,26.135646140503034,415.4839063809445,CD8A;LILRB1;PILRB;LILRB2;PILRA;CD244;HLA-E;TAPBP,0.6153846153846154
3,1161,IL-6-type Cytokine Receptor Ligand Interactions R-HSA-6788467,10/17,1.6808517176526353e-07,Immune System,Reactome_2022,5.593516531289968e-09,0.0,0.0,23.37346406851185,444.1345628433161,CNTFR;IL11;CTF1;IL11RA;CLCF1;LIF;LIFR;OSMR;IL6ST;CRLF1,0.5882352941176471
3,1161,Interferon Alpha/Beta Signaling R-HSA-909733,30/72,4.090664345980029e-17,Immune System,Reactome_2022,8.848358818259629e-19,0.0,0.0,11.87128962991032,493.4762706890652,IFITM3;IFITM1;IFITM2;IFIT5;ADAR;SAMHD1;USP18;IFIT3;IFIT2;OASL;GBP2;EGR1;RSAD2;MX2;ISG15;HLA-F;HLA-G;HLA-E;BST2;ISG20;IFI27;OAS1;IRF4;OAS2;IRF1;IRF2;IRF8;IRF5;IRF6;IRF9,0.4166666666666667
3,1161,GPCR Ligand Binding R-HSA-500792,64/458,1.884610225572717e-09,Signal Transduction,Reactome_2022,5.644423304543912e-11,0.0,0.0,2.731214340911299,64.45056235038372,CXCL6;CXCL9;CXCL8;GPR65;CXCL1;CXCL13;CXCL3;CXCL2;CX3CL1;CXCL5;CXCL16;ADGRE1;ADGRE2;C1QTNF1;ADGRE5;CCRL2;C3AR1;CCR9;CCR7;CCR5;CCR2;EDN1;EDN2;CD200R1;XCL1;CX3CR1;PTGER4;CCL13;CCL11;PTAFR;C5AR1;FPR1;CXCR5;CXCR6;HCAR2;HCAR3;CCL7;CCL5;CXCR3;UBD;CCL4;CCL3;CCL1;CCL19;CCL17;CCL16;CD55;CCR1;CCL23;CCL22;CCL20;SMOX;PPBP;CXCL10;CXCL11;CXCL12;GPR183;PNOC;ACKR4;SAA2;ACKR3;CCL28;GPR18;CCL27,0.13973799126637554
3,1161,TNF signaling pathway,26/112,1.7051462688072497e-08,Signal transduction,KEGG_2021_Human,8.931718550895117e-10,0.0,0.0,4.995164429873988,104.08045542342484,CXCL6;CSF1;TNFAIP3;CXCL1;CXCL3;PTGS2;CXCL2;CX3CL1;CXCL5;ICAM1;CCL5;JUNB;EDN1;VCAM1;IL15;CCL20;MMP3;LIF;TRAF1;SELE;CXCL10;MMP14;IRF1;BCL3;IL18R1;BIRC3,0.23214285714285715
3,1161,Antigen processing and presentation,22/78,6.825503559878968e-09,Immune system,KEGG_2021_Human,3.2502397904185563e-10,0.0,0.0,6.478521259249969,141.53704533235236,CIITA;KLRC3;HSPA6;TAP2;TAP1;KIR2DL1;KIR3DL2;IFI30;HLA-F;HLA-G;CTSS;HLA-E;TAPBP;CTSL;CD8A;RFX5;KLRD1;KLRC1;B2M;HLA-DQA1;CTSB;LGMN,0.28205128205128205
3,1161,IL-17 signaling pathway,25/94,1.9337333885594188e-09,Immune system,KEGG_2021_Human,8.287428808111795e-11,0.0,0.0,5.986553378240457,138.9700317531764,CXCL6;CXCL8;CCL11;TNFAIP3;CXCL1;CXCL3;PTGS2;CXCL2;CXCL5;CCL7;CCL17;MMP1;CCL20;MMP3;IL17RA;FOSL1;CXCL10;MMP13;TRAF4;LCN2;FOSB;IL17D;S100A9;IL17C;S100A8,0.26595744680851063
3,1161,Natural killer cell mediated cytotoxicity,30/131,1.731720488821705e-09,Immune system,KEGG_2021_Human,6.597030433606495e-11,0.0,0.0,4.921080967513197,115.35907657650743,ITGB2;ICAM2;PRF1;KIR2DL1;ITGAL;ICAM1;KLRK1;SH3BP2;TNFSF10;KLRC1;MICB;KLRC3;IFNGR1;IFNGR2;SH2D1A;SH2D1B;GZMB;KIR3DL2;HLA-G;HLA-E;NCR1;TYROBP;RAET1E;RAET1L;KLRD1;CD48;ULBP2;ULBP1;HCST;CD244,0.22900763358778625
3,1161,JAK-STAT signaling pathway,35/162,3.0551400405540127e-10,Signal transduction,KEGG_2021_Human,1.0183800135180043e-11,0.0,0.0,4.579796086768018,115.9156597021546,CNTFR;CSF3R;IL20;CTF1;CSH2;IL24;IL20RA;IL20RB;CSF2RA;IL27RA;IL21R;STAT4;IL13RA2;IL6R;IL13RA1;MCL1;IL15RA;IL11;IL4R;TSLP;IL11RA;IFNGR1;IL15;IL10RB;IFNGR2;IL10RA;LIF;LIFR;OSMR;IL22RA1;IL7;IL6ST;IL7R;IL17D;IRF9,0.21604938271604937
3,1161,Rheumatoid arthritis,26/93,3.0551400405540127e-10,Immune disease,KEGG_2021_Human,1.0086246418671464e-11,0.0,0.0,6.418199750147939,162.50784442318837,CXCL6;CXCL8;CSF1;ITGB2;CXCL1;CXCL3;ITGAL;CXCL2;CXCL5;ICAM1;TNFSF13B;CTSL;CTSK;CCL5;CCL3;TNFSF11;HLA-DQA1;IL11;IL15;MMP1;CCL20;MMP3;TNFSF13;CXCL12;LTB;TLR2,0.27956989247311825
3,1161,NF-kappa B signaling pathway,32/104,8.53608068014623e-14,Signal transduction,KEGG_2021_Human,2.0324001619395786e-15,0.0,0.0,7.3878555260309025,249.92789406514865,CCL13;CXCL8;EDA;BCL2A1;TNFAIP3;CXCL1;TNFRSF13C;CXCL3;PTGS2;CXCL2;EDA2R;ICAM1;TNFSF13B;RELB;PLAU;CCL4;TNFSF11;CD14;LBP;CCL19;EDARADD;VCAM1;GADD45B;TNFSF14;IL1R1;TRAF1;EDAR;CYLD;CXCL12;LTB;LTBR;BIRC3,0.3076923076923077
3,1161,Chemokine signaling pathway,45/192,2.3749926767317733e-14,Immune system,KEGG_2021_Human,4.523795574727187e-16,0.0,0.0,5.127276717138468,181.1569928452289,CCL14;CX3CR1;CXCL6;CCL13;CXCL9;CXCL8;CCL11;CXCR5;CXCL1;CXCR6;CXCL13;CXCL3;CXCL2;CX3CL1;CXCL5;CXCL16;CCL8;CCL7;CCL5;CXCR3;CCL4;CCR9;CCL3;CCR7;CCL1;CCL19;CCR5;CCL18;CCL17;CCL16;CCR2;CCL15;CCR1;CCL24;CCL23;CCL22;CCL20;PPBP;CXCL10;CXCL11;CXCL12;XCL1;CCL28;CCL27;CCL26,0.234375
3,1161,Hematopoietic cell lineage,34/99,4.0364961892112353e-16,Immune system,KEGG_2021_Human,5.766423127444622e-18,0.0,0.0,8.713616817964644,345.8824858435981,GYPA;CSF3R;ITGAM;CSF1;CD1E;CD1D;CD1C;CSF2RA;CD1A;ANPEP;CD38;CD37;CD14;FCGR1A;IL6R;HLA-DQA1;CD33;CD55;IL11;CR2;IL4R;CR1;IL11RA;IL1R1;IL1R2;CD2;FCER2;CD8A;IL7;CD5;CD7;IL7R;MS4A1;CD22,0.3434343434343434
3,1161,Viral protein interaction with cytokine and cytokine receptor,63/100,1.185723724517401e-50,Signaling molecules and interaction,KEGG_2021_Human,1.1292606900165721e-52,0.0,0.0,29.156845369960124,3487.533712078731,CXCL6;CXCL9;CXCL8;IL20;CSF1;IL24;CXCL1;CXCL13;CXCL3;CXCL2;CX3CL1;CXCL5;IL18RAP;TNFSF10;CCR9;CCR7;CCR5;IL6R;CCR2;XCL1;IL6ST;CCL14;CX3CR1;CCL13;CCL11;IL20RA;CXCR5;IL20RB;CCL8;CCL7;CCL5;CXCR3;CCL4;CCL3;TNFRSF14;CCL1;CCL19;CCL18;CCL17;CCL16;CCL15;CCR1;CCL24;CCL23;CCL22;TNFSF14;CCL20;IL10RB;IL37;IL10RA;IL34;PPBP;IL22RA1;CXCL10;CXCL11;CXCL12;ACKR4;ACKR3;LTBR;CCL28;CCL27;IL18R1;CCL26,0.63
3,1161,Cytokine-cytokine receptor interaction,138/295,7.114330871284661e-89,Signaling molecules and interaction,KEGG_2021_Human,3.3877766053736483e-91,0.0,0.0,16.05192670489568,3343.8582291435423,CNTFR;IL1RN;TNFRSF6B;CSF3R;CSF1;CXCL17;IL1RAP;CXCL13;IL27RA;CXCL16;IL36A;IL18RAP;TNFSF10;TNFSF11;TNFRSF8;IL13RA2;IL6R;TNFRSF4;IL13RA1;IL15RA;IL4R;IL1R1;IL11RA;IL1R2;LIFR;EDAR;IL6ST;CSH2;EBI3;IL20RA;IL20RB;TNFRSF11B;CSF2RA;TNFRSF17;IL36RN;TNFRSF14;CCR1;TNFSF18;TNFSF14;TSLP;TNFSF15;TNFSF12;TNFRSF9;TNFSF13;LIF;IL36G;PPBP;INHBA;INHBC;IL1F10;INHBE;IL22RA1;BMP3;CXCL10;CXCL11;CXCL12;IL7;TNFSF4;CD27;TNFSF9;TNFSF8;IL7R;CXCL6;CXCL9;IL20;CXCL8;EDA;TNFRSF13B;IL24;CXCL1;TNFRSF13C;CXCL3;CXCL2;CX3CL1;EDA2R;CXCL5;TNFSF13B;CCR9;CCR7;CCR5;CCR2;IL11;TNFRSF12A;IFNGR1;IL15;IFNGR2;TNFRSF18;IL16;OSMR;IL17RA;XCL1;TNFRSF25;LTB;TNFRSF21;CCL14;CX3CR1;CCL13;CCL11;CTF1;CXCR5;CXCR6;IL1RL1;IL1RL2;CCL8;CCL7;CXCR3;CCL5;CCL4;CCL3;IL21R;CCL1;CCL19;CCL18;CCL17;CCL16;CCL15;GDF10;IL32;CCL24;IL33;CCL23;CCL22;CCL20;CD70;IL10RB;IL37;IL10RA;IL34;CLCF1;ACKR4;ACKR3;LTBR;IL17D;CCL28;IL17C;CCL27;IL18R1;CCL26,0.46779661016949153
3,1161,Positive Regulation Of Interleukin-6 Production (GO:0032755),19/76,1.490355174643377e-06,biological regulation,GO_Biological_Process_2023,4.5356315733865756e-08,0.0,0.0,5.48219497956801,92.69688017888694,IL33;TSLP;IL16;LILRB2;MMP8;LILRA2;POU2F2;AIF1;SCIMP;IL17RA;TYROBP;CLEC7A;POU2AF1;TNFSF4;LGALS9;LCP1;IL17D;IL6R;TLR2,0.25
3,1161,Immune System R-HSA-168256,351/1943,1.545714526141077e-89,Immune System,Reactome_2022,2.571904369619096e-92,0.0,0.0,4.694535175879397,990.0454609286736,IFITM3;CNTFR;IFITM1;IL1RN;TNFRSF6B;IFITM2;GMFG;CLEC10A;ICAM2;IFIT5;ICAM4;ICAM5;IFI30;IFIT3;IL27RA;ICAM1;IFIT2;HERC5;LGALS3;MT2A;IL36A;ANPEP;DHX58;C3AR1;TNFSF11;TRIM26;LGALS9;B2M;TRIM22;HERC6;GBP6;GBP5;IL15RA;GBP7;RSAD2;NHLRC3;IL1R1;IL1R2;SLC11A1;KRT1;RNASE6;MCEMP1;RNASE3;RNASE2;HLA-F;RNASE1;HLA-G;HLA-E;SIGIRR;RNF125;IFI27;SLPI;TXNIP;TRIM14;CD226;EBI3;IL20RA;FPR1;IL20RB;CD1E;GATA3;CD1D;CD1C;CRACR2A;KLRK1;SLAMF7;S100A12;S100A11;HLA-DQA1;TNFSF18;CCR1;EGR1;FYB1;TSLP;TNFSF14;TNFSF15;TNFSF12;TNFSF13;SH2D1A;SH2D1B;LIF;IL36G;PPBP;PILRA;LYZ;HRNR;IL1F10;IL22RA1;BST2;CYLD;RAET1E;CD209;TNFSF4;CD27;TNFSF9;TNFSF8;CD22;LGMN;PIGR;SIGLEC9;IL20;SERPINA1;TNFRSF13B;IL24;TNFRSF13C;EDA2R;CTSS;IL18BP;GLIPR1;CTSL;GNLY;CTSK;MMP28;OLR1;CTSH;CTSG;TIMP1;CCR5;CTSD;CD33;CTSB;CCR2;HAVCR2;DUSP4;CD53;EDARADD;IL11;SERPINB2;TNFRSF12A;IL15;IFNGR1;NFAM1;IFNGR2;IL16;BTN3A3;TMC6;OSMR;DUSP6;IL17RA;MMP12;NCR1;FCER2;CD200R1;CEACAM1;ZEB1;PELI1;PLEKHO2;HCST;TLR2;SERPINB10;LILRA6;SERPINB12;GRN;SP100;CTF1;CCL11;PTAFR;LILRA1;PTGS2;LILRA2;LILRA3;RELB;NCR3LG1;STAT4;STX3;CD58;CCL19;CCL17;CD55;MICB;IL32;IL33;CCL22;IL37;CD70;IL10RB;CCL20;IL34;IL10RA;LILRB1;KIR3DL2;LILRB2;LILRB4;BATF;LRG1;CLCF1;SAA2;CD68;SIGLEC7;IL17C;CRLF1;IL18R1;CSF3R;CSF1;NCF2;RORC;F13A1;RNF19B;RORA;IL1RAP;EPX;IL18RAP;PLAU;CLEC5A;TNFRSF8;RAG2;IL13RA2;TNFRSF4;IL6R;IL13RA1;CD96;LAG3;IL4R;IL11RA;S100A1;CD300A;CD180;IRAG2;CYBB;LIFR;EDAR;CLEC4A;CLEC4C;TXLNA;TYROBP;CLEC4D;JAML;CD8A;FSCN1;ADAM8;PRTN3;CD300C;IL6ST;CLEC4E;S100A9;S100A8;CLEC4G;CD274;REG3A;KLRB1;C5AR1;TNFRSF11B;GPR84;CSF2RA;RASGRP3;CNN2;CLEC7A;TNFRSF17;TNFRSF14;IL36RN;PI3;NLRP1;KLRC1;MCL1;VCAM1;TNFRSF9;CRTAM;HSPA6;LY86;ISG15;ADA2;ISG20;CXCL10;RCAN1;SELL;IL7;CLEC6A;LCN2;KLRD1;IL7R;NFKBIE;ULBP1;CIITA;ITGAM;EDA;CXCL8;TNFAIP6;CRISP3;ITGB2;TNFAIP3;ADAR;PTPN22;SLC2A3;CXCL1;ITGAL;TREM1;CXCL2;FCAR;TNFSF13B;OASL;PSTPIP1;ADGRE5;CASP4;ITGAX;LBP;CR2;CR1;DTX3L;MMP1;TNFRSF18;RNASET2;MMP3;PLAUR;IRAK3;MMP8;TAPBP;AIM2;OAS1;IRF4;OAS2;IRF1;IRF2;IRF8;CHI3L1;TNFRSF25;IRF5;IRF6;LTB;IRF9;BIRC3;C1S;CEBPD;CLEC12A;FGL2;SAMHD1;USP18;IL1RL1;IL1RL2;PTPRZ1;IFI16;CCL5;CCL4;CCL3;IL21R;GBP2;FCGR1A;GBP1;GBP4;KLRG1;ERAP2;MX2;ERAP1;FCGR2A;TRIM36;S100P;PTX3;MNDA;TRIM38;LTBR;FCGR2B;CLEC2D,0.1806484817292846
3,1161,Cytokine Signaling In Immune System R-HSA-1280215,189/702,1.0107401889581092e-73,Immune System,Reactome_2022,3.3635280830552716e-76,0.0,0.0,6.94617717132337,1207.1308180492736,IFITM3;CNTFR;IFITM1;IL1RN;CSF3R;IFITM2;TNFRSF6B;CSF1;RORC;IFIT5;F13A1;RORA;IL1RAP;IFI30;IFIT3;ICAM1;IFIT2;IL27RA;HERC5;MT2A;IL36A;IL18RAP;TNFRSF8;TNFSF11;TRIM26;LGALS9;IL13RA2;RAG2;TNFRSF4;B2M;IL6R;TRIM22;IL13RA1;GBP6;GBP5;IL15RA;GBP7;IL4R;RSAD2;IL1R1;IL11RA;IL1R2;LIFR;HLA-F;HLA-G;HLA-E;SIGIRR;EDAR;TXLNA;IFI27;FSCN1;TRIM14;PRTN3;IL6ST;S100A9;EBI3;FPR1;IL20RA;IL20RB;TNFRSF11B;GATA3;CSF2RA;CNN2;S100A12;TNFRSF17;TNFRSF14;IL36RN;HLA-DQA1;MCL1;CCR1;TNFSF18;EGR1;VCAM1;TSLP;TNFSF14;TNFSF15;TNFRSF9;TNFSF12;TNFSF13;LIF;IL36G;ISG15;IL1F10;IL22RA1;BST2;ISG20;CXCL10;IL7;TNFSF4;LCN2;TNFSF9;CD27;TNFSF8;IL7R;CIITA;ITGAM;IL20;CXCL8;EDA;TNFRSF13B;ITGB2;IL24;ADAR;CXCL1;TNFRSF13C;CXCL2;EDA2R;IL18BP;TNFSF13B;OASL;ITGAX;CTSG;TIMP1;LBP;CCR5;HAVCR2;CCR2;DUSP4;EDARADD;IL11;SERPINB2;TNFRSF12A;IFNGR1;IL15;MMP1;IFNGR2;TNFRSF18;MMP3;IL16;IRAK3;OSMR;DUSP6;IL17RA;FCER2;ZEB1;OAS1;IRF4;OAS2;IRF1;IRF2;PELI1;IRF8;TNFRSF25;IRF5;IRF6;LTB;IRF9;BIRC3;SP100;CCL11;CTF1;CEBPD;PTAFR;PTGS2;SAMHD1;USP18;RELB;IL1RL1;IL1RL2;PTPRZ1;CCL5;CCL4;STAT4;CCL3;IL21R;CCL19;STX3;FCGR1A;GBP2;GBP1;GBP4;IL32;IL33;CCL22;CCL20;IL10RB;CD70;IL37;IL10RA;IL34;MX2;BATF;CLCF1;SAA2;TRIM38;LTBR;IL17C;CRLF1;IL18R1,0.2692307692307692
3,1161,Signaling By Interleukins R-HSA-449147,110/453,5.626891566262806e-37,Immune System,Reactome_2022,2.80876450894982e-39,0.0,0.0,5.643826648506351,500.991621107306,CNTFR;IL1RN;CSF3R;CSF1;RORC;F13A1;RORA;IL1RAP;ICAM1;IL27RA;IL36A;IL18RAP;LGALS9;IL13RA2;RAG2;IL6R;IL13RA1;IL15RA;IL4R;IL1R1;IL11RA;IL1R2;LIFR;SIGIRR;TXLNA;FSCN1;PRTN3;IL6ST;S100A9;EBI3;FPR1;IL20RA;IL20RB;GATA3;CSF2RA;CNN2;S100A12;IL36RN;MCL1;CCR1;VCAM1;TSLP;LIF;IL36G;IL1F10;IL22RA1;CXCL10;IL7;LCN2;IL7R;ITGAM;IL20;CXCL8;ITGB2;IL24;CXCL1;CXCL2;IL18BP;ITGAX;CTSG;TIMP1;LBP;CCR5;HAVCR2;CCR2;DUSP4;IL11;SERPINB2;IL15;MMP1;MMP3;IL16;IRAK3;OSMR;DUSP6;IL17RA;FCER2;ZEB1;IRF4;PELI1;CCL11;CTF1;CEBPD;PTAFR;PTGS2;USP18;IL1RL1;IL1RL2;PTPRZ1;CCL5;CCL4;STAT4;CCL3;IL21R;CCL19;STX3;IL32;IL33;CCL22;CCL20;IL10RB;IL37;IL10RA;IL34;BATF;CLCF1;SAA2;IL17C;CRLF1;IL18R1,0.24282560706401765
3,1161,Chemokine Receptors Bind Chemokines R-HSA-380108,41/56,1.1026960201247422e-36,Signal Transduction,Reactome_2022,7.339075009149699e-39,0.0,0.0,45.93952380952381,4033.8395978868007,CX3CR1;CXCL6;CCL13;CXCL9;CXCL8;CCL11;CXCR5;CXCL1;CXCR6;CXCL13;CXCL3;CXCL2;CX3CL1;CXCL5;CXCL16;CCL7;CCL5;CXCR3;CCRL2;CCL4;CCR9;CCL3;CCR7;CCL1;CCL19;CCR5;CCL17;CCL16;CCR2;CCR1;CCL22;CCL20;PPBP;CXCL10;CXCL11;CXCL12;ACKR4;XCL1;ACKR3;CCL28;CCL27,0.7321428571428571
3,1161,Immunoregulatory Interactions Between A Lymphoid And A non-Lymphoid Cell R-HSA-198933,57/123,1.508721653741558e-35,Immune System,Reactome_2022,1.255176084643559e-37,0.0,0.0,14.68572957839262,1247.8225423018823,IFITM1;SIGLEC9;ITGB2;ICAM2;ICAM4;ICAM5;ITGAL;TREM1;ICAM1;B2M;CD33;CD96;CD300A;HLA-F;HLA-G;HLA-E;NCR1;CD200R1;TYROBP;JAML;CD8A;CD226;CD300C;HCST;CLEC4G;LILRA6;KLRB1;CD1E;CD1D;LILRA1;CD1C;LILRA2;LILRA3;KLRK1;NCR3LG1;SLAMF7;KLRC1;FCGR1A;KLRG1;MICB;VCAM1;CRTAM;SH2D1A;SH2D1B;LILRB1;PILRA;KIR3DL2;LILRB2;LILRB4;RAET1E;SELL;KLRD1;FCGR2B;ULBP1;CLEC2D;SIGLEC7;CD22,0.4634146341463415
3,1161,TNFs Bind Their Physiological Receptors R-HSA-5669034,25/29,1.847086790184613e-25,Immune System,Reactome_2022,1.844013434460513e-27,0.0,0.0,103.6256602112676,6378.973168699786,EDA;TNFRSF6B;TNFRSF13B;TNFRSF11B;EDA2R;TNFSF13B;TNFRSF17;TNFRSF8;TNFSF11;TNFRSF14;TNFRSF4;EDARADD;TNFSF18;TNFSF14;CD70;TNFSF15;TNFRSF18;TNFRSF9;TNFSF13;EDAR;TNFSF4;CD27;TNFSF9;TNFRSF25;TNFSF8,0.8620689655172413
3,1161,Neutrophil Degranulation R-HSA-6798695,93/468,2.9441894455274104e-24,Immune System,Reactome_2022,3.429172399116784e-26,0.0,0.0,4.287520599250937,251.39831358252331,PIGR;SERPINA1;SIGLEC9;ITGAM;TNFAIP6;GMFG;CRISP3;ITGB2;CXCL1;SLC2A3;EPX;ITGAL;FCAR;CTSS;LGALS3;GLIPR1;ADGRE5;PLAU;ANPEP;MMP28;CLEC5A;C3AR1;ITGAX;OLR1;CTSH;CTSG;B2M;CTSD;CD33;CTSB;CD53;CR1;NHLRC3;CD300A;NFAM1;RNASET2;SLC11A1;KRT1;PLAUR;CYBB;IRAG2;MCEMP1;RNASE3;TMC6;RNASE2;MMP8;RNASE1;MMP12;CLEC4C;CEACAM1;CLEC4D;TYROBP;SLPI;CHI3L1;ADAM8;PRTN3;PLEKHO2;S100A9;S100A8;TLR2;SERPINB10;LILRA6;GRN;SERPINB12;CLEC12A;PTAFR;FGL2;C5AR1;FPR1;GPR84;LILRA3;CNN2;CRACR2A;S100A12;CD58;S100A11;CD55;HSPA6;ADA2;PPBP;LILRB2;LYZ;HRNR;BST2;RCAN1;LRG1;FCGR2A;SELL;LCN2;MNDA;PTX3;S100P;CD68,0.1987179487179487
3,1161,Innate Immune System R-HSA-168249,143/1035,5.639619566660869e-21,Immune System,Reactome_2022,7.506981120347246e-23,0.0,0.0,2.82628053776419,143.98097228602035,NCF2;GMFG;CLEC10A;ICAM2;EPX;HERC5;LGALS3;PLAU;ANPEP;DHX58;CLEC5A;C3AR1;B2M;NHLRC3;S100A1;CD300A;SLC11A1;CD180;KRT1;RNASE6;CYBB;IRAG2;MCEMP1;RNASE3;RNASE2;RNASE1;HLA-E;SIGIRR;CLEC4A;CLEC4C;TYROBP;RNF125;CLEC4D;SLPI;TXNIP;ADAM8;PRTN3;CLEC4E;S100A9;S100A8;REG3A;C5AR1;FPR1;GPR84;CNN2;CRACR2A;KLRK1;CLEC7A;S100A12;PI3;NLRP1;S100A11;HSPA6;LY86;ADA2;ISG15;PPBP;LYZ;HRNR;BST2;CYLD;RCAN1;SELL;CD209;CLEC6A;LCN2;KLRD1;LGMN;PIGR;SIGLEC9;ITGAM;SERPINA1;TNFAIP6;CRISP3;ITGB2;TNFAIP3;CXCL1;SLC2A3;ITGAL;TREM1;CTSS;FCAR;PSTPIP1;GLIPR1;ADGRE5;CTSL;GNLY;CTSK;MMP28;CASP4;ITGAX;OLR1;CTSH;CTSG;LBP;CTSD;CD33;CCR2;CTSB;DUSP4;CD53;CR2;CR1;RNASET2;NFAM1;PLAUR;IRAK3;TMC6;MMP8;DUSP6;MMP12;CEACAM1;AIM2;PELI1;CHI3L1;PLEKHO2;BIRC3;TLR2;SERPINB10;LILRA6;SERPINB12;GRN;C1S;CLEC12A;PTAFR;FGL2;LILRA3;USP18;RELB;IFI16;CD58;FCGR1A;CCL17;CD55;CCL22;LILRB2;LRG1;FCGR2A;SAA2;PTX3;S100P;MNDA;CD68,0.13816425120772946
3,1161,Interleukin-10 Signaling R-HSA-6783783,26/45,3.0939702982880696e-19,Immune System,Reactome_2022,4.63323339177914e-21,0.0,0.0,22.69047067006724,1062.3912526974707,IL1RN;CXCL8;CSF1;PTAFR;FPR1;CXCL1;PTGS2;CXCL2;ICAM1;CCL5;CCL4;CCL3;CCL19;TIMP1;CCR5;CCR2;CCR1;CCL22;CCL20;IL10RB;IL1R1;IL10RA;IL1R2;LIF;CXCL10;FCER2,0.5777777777777777
3,1161,Interferon Gamma Signaling R-HSA-877300,35/89,6.564607979202236e-19,Immune System,Reactome_2022,1.0922808617640991e-20,0.0,0.0,10.813022169594106,497.0036288453569,CIITA;SP100;PTAFR;IFI30;ICAM1;OASL;MT2A;TRIM26;FCGR1A;GBP2;B2M;GBP1;TRIM22;GBP4;HLA-DQA1;GBP6;GBP5;GBP7;VCAM1;IFNGR1;IFNGR2;HLA-F;HLA-G;HLA-E;OAS1;IRF4;OAS2;IRF1;IRF2;IRF8;TRIM14;IRF5;IRF6;TRIM38;IRF9,0.39325842696629215
3,1161,Interferon Signaling R-HSA-913531,52/200,8.919777288752262e-19,Immune System,Reactome_2022,1.6325715503539914e-20,0.0,0.0,5.921648429312992,269.79945405090007,IFITM3;IFITM1;CIITA;IFITM2;IFIT5;ADAR;IFI30;IFIT3;ICAM1;IFIT2;OASL;HERC5;MT2A;TRIM26;B2M;TRIM22;GBP6;GBP5;GBP7;RSAD2;IFNGR1;IFNGR2;HLA-F;HLA-G;HLA-E;IFI27;OAS1;IRF4;OAS2;IRF1;IRF2;TRIM14;IRF8;IRF5;IRF6;IRF9;SP100;PTAFR;SAMHD1;USP18;FCGR1A;GBP2;GBP1;HLA-DQA1;GBP4;EGR1;VCAM1;MX2;ISG15;BST2;ISG20;TRIM38,0.26
3,1161,Peptide Ligand-Binding Receptors R-HSA-375276,50/196,1.0902955774268213e-17,Signal Transduction,Reactome_2022,2.17696288338134e-19,0.0,0.0,5.762117307621173,247.6050147767548,CXCL6;CXCL9;CXCL8;CXCL1;CXCL13;CXCL3;CXCL2;CX3CL1;CXCL5;CXCL16;CCRL2;C3AR1;CCR9;CCR7;CCR5;CCR2;EDN1;EDN2;CD200R1;XCL1;CX3CR1;CCL13;CCL11;C5AR1;FPR1;CXCR5;CXCR6;CCL7;CXCR3;CCL5;CCL4;CCL3;CCL1;CCL19;CCL17;CCL16;CCR1;CCL23;CCL22;CCL20;PPBP;CXCL10;CXCL11;CXCL12;PNOC;ACKR4;SAA2;ACKR3;CCL28;CCL27,0.25510204081632654
3,1161,NOD-like receptor signaling pathway,31/181,8.756500264950744e-07,Immune system,KEGG_2021_Human,5.420690640207603e-08,0.0,0.0,3.418047197640118,57.18549341490136,CXCL8;TNFAIP3;CXCL1;ANTXR2;CXCL3;ANTXR1;CXCL2;PSTPIP1;IFI16;CCL5;NAMPT;CASP4;NLRP1;GBP2;GBP1;CAMP;GBP4;CTSB;GBP3;GBP5;GABARAPL1;GBP7;CYBB;AIM2;OAS1;OAS2;CARD18;TXNIP;NAIP;IRF9;BIRC3,0.1712707182320442
3,1161,TNFR2 Non-Canonical NF-kB Pathway R-HSA-5668541,32/100,2.4454342967782422e-14,Immune System,Reactome_2022,5.696519160548318e-16,0.0,0.0,7.824102537383421,274.63778351563025,TNFRSF6B;EDA;TNFRSF13B;TNFRSF11B;TNFRSF13C;EDA2R;TNFSF13B;RELB;TNFRSF8;TNFSF11;TNFRSF17;TNFRSF14;TNFRSF4;TNFSF18;EDARADD;TNFSF14;TNFRSF12A;TNFSF15;CD70;TNFRSF9;TNFSF12;TNFRSF18;TNFSF13;EDAR;TNFSF4;CD27;TNFSF9;TNFSF8;TNFRSF25;LTB;LTBR;BIRC3,0.32
3,1161,Interleukin-4 And Interleukin-13 Signaling R-HSA-6785807,31/107,1.4236228862948352e-12,Immune System,Reactome_2022,3.5531353235312024e-14,0.0,0.0,6.772857475547276,209.74429461674856,CXCL8;ITGAM;CCL11;CEBPD;ITGB2;RORC;F13A1;RORA;GATA3;PTGS2;ICAM1;ITGAX;LBP;TIMP1;IL13RA2;IL6R;IL13RA1;MCL1;IL4R;VCAM1;CCL22;MMP1;MMP3;LIF;BATF;FCER2;ZEB1;IRF4;FSCN1;LCN2;SAA2,0.2897196261682243
3,1161,Class A/1 (Rhodopsin-like Receptors) R-HSA-373076,57/327,2.6409914462649428e-12,Signal Transduction,Reactome_2022,7.030925647294357e-14,0.0,0.0,3.550835346215781,107.5401481041187,CXCL6;CXCL9;CXCL8;GPR65;CXCL1;CXCL13;CXCL3;CXCL2;CX3CL1;CXCL5;CXCL16;CCRL2;C3AR1;CCR9;CCR7;CCR5;CCR2;EDN1;EDN2;CD200R1;XCL1;PTGER4;CX3CR1;CCL13;CCL11;PTAFR;C5AR1;FPR1;CXCR5;CXCR6;HCAR2;HCAR3;CCL7;CXCR3;CCL5;CCL4;CCL3;CCL1;CCL19;CCL17;CCL16;CCR1;CCL23;CCL22;CCL20;PPBP;CXCL10;CXCL11;CXCL12;GPR183;PNOC;ACKR4;SAA2;ACKR3;CCL28;GPR18;CCL27,0.1743119266055046
3,1161,Adaptive Immune System R-HSA-1280218,91/733,1.5638995212996883e-10,Immune System,Reactome_2022,4.4236758505981195e-12,0.0,0.0,2.4105846216554574,63.02244517924317,IFITM1;SIGLEC9;NCF2;ITGB2;ICAM2;RNF19B;PTPN22;ICAM4;ICAM5;ITGAL;IFI30;TREM1;CTSS;ICAM1;HERC5;CTSL;CTSK;CTSH;B2M;CTSD;CD33;HERC6;CTSB;CD96;LAG3;DTX3L;S100A1;CD300A;CYBB;BTN3A3;RNASE3;HLA-F;RNASE1;HLA-G;HLA-E;TAPBP;NCR1;CD200R1;TYROBP;JAML;CD8A;CD226;CD300C;HCST;S100A9;CLEC4G;S100A8;TLR2;LILRA6;CD274;KLRB1;CD1E;CD1D;LILRA1;CD1C;LILRA2;LILRA3;RASGRP3;KLRK1;NCR3LG1;SLAMF7;TNFRSF14;KLRC1;FCGR1A;HLA-DQA1;MICB;KLRG1;FYB1;VCAM1;ERAP2;ERAP1;SH2D1A;CRTAM;SH2D1B;LILRB1;KIR3DL2;PILRA;LILRB2;LILRB4;RAET1E;SELL;CD209;TRIM36;KLRD1;FCGR2B;NFKBIE;SIGLEC7;CLEC2D;ULBP1;CD22;LGMN,0.12414733969986358
3,1161,G Alpha (I) Signaling Events R-HSA-418594,48/312,1.8578184914457063e-08,Signal Transduction,Reactome_2022,5.87330305115947e-10,0.0,0.0,3.0343869966511474,64.49721179128427,CX3CR1;CCL13;CXCL6;CXCL9;CXCL8;RGS16;C5AR1;FPR1;CXCR5;CXCL1;CXCR6;CXCL13;CXCL3;CXCL2;CX3CL1;CXCL5;CXCL16;HCAR2;HCAR3;RGS1;CXCR3;UBD;CCL5;CCL4;C3AR1;CCR9;PDE4B;CCR7;CCL1;CCL19;CCR5;CCL16;CCR2;CCR1;CCL23;CCL20;PPBP;CXCL10;CXCL11;CXCL12;GPR183;PNOC;ACKR4;SAA2;ACKR3;CCL28;GPR18;CCL27,0.15384615384615385
3,1161,Regulation Of Natural Killer Cell Chemotaxis (GO:2000501),6/6,1.2567541644259582e-06,biological regulation,GO_Biological_Process_2023,3.7797117727096495e-08,0.0,0.0,113034.0,1931867.8227468291,KLRK1;CCL7;CCL5;CCL4;CCL3;XCL1,1.0
3,1161,Regulation Of Response To External Stimulus (GO:0032101),27/127,1.4310900770249142e-07,biological regulation,GO_Biological_Process_2023,3.3817380982328797e-09,0.0,0.0,4.461666666666667,87.0242552177332,SEMA7A;GRN;IL20;PTPN22;PTGS2;SAMHD1;USP18;CX3CL1;HERC5;IL1RL2;DHX58;CASP4;NLRP1;CD55;CCR2;IL1R1;IL37;ELMOD2;ERAP1;SELE;NLRP14;CYLD;TNFSF4;IRF1;XCL1;FCGR2B;BIRC3,0.2125984251968504
3,1161,Response To Interferon-Beta (GO:0035456),12/29,9.611775516164329e-07,response to stimulus,GO_Biological_Process_2023,2.8563457495225174e-08,0.0,0.0,11.563200737213943,200.86595163499368,IFITM3;BST2;IFITM1;PLSCR1;IFITM2;AIM2;IFI16;OAS1;IRF1;MNDA;IRGM;SHFL,0.41379310344827586
3,1161,Eosinophil Migration (GO:0072677),18/24,5.5419791716875e-16,cellular process,GO_Biological_Process_2023,4.762173294683137e-18,0.0,0.0,49.43044619422572,1971.5742518975264,CCL14;CCL13;CCL24;CCL23;CCL11;CCL22;CX3CL1;LGALS3;CCL8;CCL7;CCL5;CCL4;CCL3;XCL1;CCL18;CCL16;CCL15;CCL26,0.75
3,1161,Cellular Response To Lipopolysaccharide (GO:0071222),38/124,6.173892927029605e-16,cellular process,GO_Biological_Process_2023,5.5262199490060915e-18,0.0,0.0,7.378636956656796,293.2051007336123,CX3CR1;CD274;CXCL6;CXCL9;CXCL8;GFI1;TNFAIP3;CXCL1;PTPN22;CXCL13;CXCL3;CXCL2;CXCL5;ZFP36;IL36A;CCL5;PDE4B;CCL3;IL36RN;CTSG;CD14;CCR5;GBP2;GBP3;IL37;CD180;IL36G;LILRB1;PPBP;LILRB2;IRGM;IL1F10;CXCL10;CXCL11;TNIP1;TNFSF4;TNIP3;CD68,0.3064516129032258
3,1161,Defense Response To Symbiont (GO:0140546),41/148,1.6940267253503109e-15,biological process involved in interspecies interaction between organisms,GO_Biological_Process_2023,1.576967234482925e-17,0.0,0.0,6.4086448598130845,247.94049168817503,IFITM3;RTP4;IFITM1;IFITM2;IFIT5;PRF1;DDX60L;DDX60;SAMHD1;LYST;IFI44L;IFIT3;IFIT2;OASL;IFI16;NLRP1;GBP2;GBP5;GBP7;APOBEC3F;RSAD2;MX2;RNASE6;ACOD1;ISG15;LILRB1;RNASE2;RNASE1;BST2;ISG20;PLSCR1;AIM2;ZNFX1;IFI27;OAS1;OAS2;IRF1;IFIT1B;IRF2;SHFL;TLR2,0.27702702702702703
3,1161,Response To Interleukin-1 (GO:0070555),30/85,2.2412939777391543e-14,response to stimulus,GO_Biological_Process_2023,2.166664425311749e-16,0.0,0.0,9.0590788521823,326.74441994682786,CCL14;CCL13;CXCL8;CCL11;CX3CL1;CCL8;CCL7;CCL5;CCL4;CCL3;CCL1;LGALS9;CCL19;CCL18;GBP2;CCL17;GBP1;CCL16;CCL15;GBP3;CCL24;CCL23;CCL22;IL1R1;CCL20;IRAK3;SELE;CHI3L1;XCL1;CCL26,0.35294117647058826
3,1161,Defense Response To Virus (GO:0051607),45/189,2.3868927230579427e-14,biological process involved in interspecies interaction between organisms,GO_Biological_Process_2023,2.392874910333777e-16,0.0,0.0,5.234935035842294,188.29467657950485,IFITM3;RTP4;IFITM1;IFITM2;IFIT5;PRF1;DDX60L;DDX60;SAMHD1;LYST;USP18;IFI44L;IFIT3;IFIT2;OASL;IFI16;DHX58;TRIM26;NLRP1;GBP2;GBP5;GBP7;APOBEC3F;RSAD2;MX2;RNASE6;ACOD1;ISG15;LILRB1;RNASE2;RNASE1;BST2;ISG20;CXCL10;PLSCR1;AIM2;ZNFX1;IFI27;OAS1;OAS2;IRF1;IFIT1B;IRF2;SHFL;TLR2,0.23809523809523808
3,1161,Positive Regulation Of Defense Response (GO:0031349),36/124,2.7518273938194743e-14,biological regulation,GO_Biological_Process_2023,2.8572500687706684e-16,0.0,0.0,6.818545454545455,244.0459821827623,PTGER4;GRN;CD1D;PLA2G7;CX3CL1;LGALS2;LGALS1;CCL5;CASP4;NFKBIZ;CCL3;S100A12;CCL1;NLRP1;CCR2;GBP5;IL33;TSLP;IL15;SH2D1B;ACOD1;NKG7;IL16;IRGM;IL17RA;PLSCR1;AIM2;TNIP1;TNFSF4;NINJ1;ADAM8;LCP1;S100A9;NAIP;S100A8;TLR2,0.2903225806451613
3,1161,Cellular Response To Interleukin-1 (GO:0071347),29/81,4.0996885426346214e-14,response to stimulus,GO_Biological_Process_2023,4.40353226921012e-16,0.0,0.0,9.255623131285676,327.2691569885888,CCL14;CCL13;CXCL8;CCL11;IL1RAP;CX3CL1;CCL8;CCL7;CCL5;CCL4;CCL3;CCL1;CCL19;CCL18;GBP2;CCL17;GBP1;CCL16;CCL15;GBP3;CCL24;EGR1;CCL23;CCL22;IL1R1;CCL20;IRAK3;XCL1;CCL26,0.35802469135802467
3,1161,Positive Regulation Of Inflammatory Response (GO:0050729),32/104,1.8311269846120138e-13,biological regulation,GO_Biological_Process_2023,2.0324001619395786e-15,0.0,0.0,7.3878555260309025,249.92789406514865,PTGER4;GRN;PLA2G7;CX3CL1;LGALS2;LGALS1;CASP4;NFKBIZ;CCL3;S100A12;CCL1;NLRP1;CCR2;IL33;TSLP;IL15;NKG7;IL16;MMP8;OSMR;IL17RA;AIM2;TNIP1;TNFSF4;NINJ1;ADAM8;LCP1;IL6ST;S100A9;NAIP;S100A8;TLR2,0.3076923076923077
3,1161,MHC Protein Binding (GO:0042287),13/34,9.820113723708842e-07,binding,GO_Molecular_Function_2023,2.3482880643651582e-08,0.0,0.0,10.147419943587192,178.25966693391,LAG3;TAP2;TAP1;LILRB1;PILRB;KIR3DL2;LILRB2;PILRA;HLA-E;TAPBP;CLEC7A;CD8A;CD244,0.38235294117647056
3,1161,Regulation Of Type II Interferon Production (GO:0032649),29/87,3.3176190046911665e-13,biological regulation,GO_Biological_Process_2023,3.919850596305353e-15,0.0,0.0,8.295494699646643,275.1841466166825,CD274;EBI3;PTPN22;VSIR;CLEC7A;PDE4B;CCR7;IL36RN;LGALS9;CD14;CCR2;HAVCR2;PRNP;CR1;IL1R1;SLC11A1;CRTAM;LAPTM5;ISG15;LILRB1;INHBA;IRGM;LILRB4;CD2;TNFSF4;XCL1;CD226;CD244;IL18R1,0.3333333333333333
3,1161,Antimicrobial Humoral Response (GO:0019730),31/100,3.629227891240194e-13,immune system process,GO_Biological_Process_2023,4.41796449345387e-15,0.0,0.0,7.46274208028729,246.6667403040704,REG3A;CXCL6;IGHM;WFDC9;CCL13;CXCL9;CXCL8;CXCL1;CXCL13;CXCL3;CXCL2;CXCL5;JCHAIN;GNLY;S100A12;IL36RN;CTSG;PI3;CAMP;TSLP;SLC11A1;RNASE6;RNASE3;PPBP;LYZ;HLA-E;CXCL10;CXCL11;SLPI;PRTN3;S100A9,0.31
3,1161,Cytokine Receptor Binding (GO:0005126),30/100,2.507257613907168e-12,binding,GO_Molecular_Function_2023,3.270336018139784e-14,0.0,0.0,7.112163698370595,220.84191843731836,IL1RN;IL20;CSF1;CSH2;IL1RAP;IL36A;CCL5;CCRL2;TNFSF11;IL36RN;CCL19;IL6R;TNFSF18;IL11;TSLP;IL37;IL34;ERAP1;LIF;LIFR;CSHL1;OSMR;INHBC;CXCL12;TNFSF4;CLCF1;TNFSF9;XCL1;IL6ST;CRLF1,0.3
3,1161,Secretory Granule Membrane (GO:0030667),52/279,5.641292157327112e-12,cellular anatomical structure,GO_Cellular_Component_2023,5.727200159722957e-14,0.0,0.0,3.844492200378958,117.22227527505144,PIGR;SIGLEC9;ITGAM;ITGB2;SLC2A3;ITGAL;FCAR;LGALS3;GLIPR1;ADGRE5;PLAU;ANPEP;CLEC5A;C3AR1;ITGAX;OLR1;CD33;CD53;CR1;CD300A;SLC11A1;NFAM1;PLAUR;CYBB;IRAG2;MCEMP1;TMC6;CEACAM3;CEACAM1;CLEC4C;CLEC4D;TYROBP;ADAM8;TLR2;SERPINB10;SERPINB12;CLEC12A;PTAFR;C5AR1;FPR1;GPR84;LILRA3;CD14;CD58;CD55;LILRB2;LILRB3;BST2;SELP;FCGR2A;SELL;CD68,0.1863799283154122
3,1161,Receptor Ligand Activity (GO:0048018),56/319,5.649196136474422e-12,binding,GO_Molecular_Function_2023,8.59660281637412e-14,0.0,0.0,3.579498649415894,107.6885875848364,CXCL9;EDA;CSF1;CXCL1;CXCL13;CX3CL1;TNFSF13B;NPPB;LGALS3;IL36A;TNFSF11;CTSG;TIMP1;IL11;SEMA6C;EDN1;EDN2;IL15;IL16;S100A4;REG3A;GRN;SEMA7A;CCL11;CSH2;SEMA3D;CCL5;CCL4;CCL3;CCL16;CCL15;GDF10;CCL24;IL33;SEMA4A;TSLP;CD70;IL37;TNFSF12;IL34;TNFSF13;SEMA4C;LIF;IL36G;CSHL1;INHBA;INHBC;IL1F10;INHBE;BMP3;CXCL10;IL7;CLCF1;IL17D;CRLF1;CCL26,0.1755485893416928
3,1161,Defense Response To Bacterium (GO:0042742),43/204,8.764290954939421e-12,biological process involved in interspecies interaction between organisms,GO_Biological_Process_2023,1.0982820745538125e-13,0.0,0.0,4.46201624462494,133.14593559677806,IGHM;WFDC9;CXCL13;EPX;LYST;JCHAIN;SPN;GNLY;CASP4;SLAMF8;S100A12;CTSG;TNFRSF14;NLRP1;PI3;GBP2;IL6R;GBP1;CAMP;GBP4;GBP3;GBP6;GBP7;SLC11A1;RNASE6;ISG15;RNASE3;RNASE2;LYZ;RNASE1;IRGM;MPEG1;HLA-E;SELP;ZNFX1;SLPI;OAS1;OAS2;LCN2;S100A9;NAIP;S100A8;TLR2,0.2107843137254902
3,1161,Regulation Of Tumor Necrosis Factor Production (GO:0032680),33/127,1.2873985286803319e-11,biological regulation,GO_Biological_Process_2023,1.6593751175256697e-13,0.0,0.0,5.833946355817112,171.67650267096806,CX3CR1;CD84;TNFAIP3;PTPN22;LILRA2;CX3CL1;VSIR;SPN;ZFP36;CLEC7A;CCL3;TNFRSF8;LGALS9;CD14;CCL19;CD33;CCR2;HAVCR2;IL33;IFNGR1;IL37;IRAK3;LILRB1;MMP8;LILRB4;HLA-E;CLEC4A;CD2;TYROBP;OAS1;OAS2;LCP1;TLR2,0.25984251968503935
3,1161,Specific Granule (GO:0042581),37/159,1.5440648280809167e-11,cellular anatomical structure,GO_Cellular_Component_2023,2.3513677584988577e-13,0.0,0.0,5.05023773408786,146.853888553773,ITGAM;CLEC12A;CRISP3;ITGB2;CXCL1;SLC2A3;GPR84;ITGAL;LILRA3;FCAR;CNN2;CRACR2A;PLAU;CLEC5A;C3AR1;OLR1;STX3;B2M;CTSD;CAMP;CD33;CD53;PLAUR;CYBB;MCEMP1;PRG3;TMC6;LYZ;MMP8;CEACAM3;CEACAM1;CLEC4D;LRG1;SLPI;LCN2;CHI3L1;ADAM8,0.23270440251572327
3,1161,Negative Regulation Of Antigen Receptor-Mediated Signaling Pathway (GO:0050858),15/24,1.5782673232099995e-11,biological regulation,GO_Biological_Process_2023,2.0907945205431435e-13,0.0,0.0,27.385107620709714,799.5373016637493,PRNP;CD300A;PVRIG;SH2D1A;LAPTM5;PTPN22;THY1;LILRB4;LGALS3;CEACAM1;LPXN;UBASH3A;FCGR2B;GBP1;CD22,0.625
3,1161,Tertiary Granule Membrane (GO:0070821),24/72,4.5290529407101825e-11,cellular anatomical structure,GO_Cellular_Component_2023,9.1960465801222e-13,0.0,0.0,8.263412489006157,229.0190933151044,CD53;ITGAM;CLEC12A;CD300A;SLC11A1;ITGB2;PTAFR;CYBB;SLC2A3;MCEMP1;TMC6;GPR84;LILRB2;LILRA3;FCAR;CEACAM1;CLEC4C;CLEC4D;PLAU;CLEC5A;ITGAX;OLR1;ADAM8;CD33,0.3333333333333333
3,1161,Negative Regulation Of Viral Process (GO:0048525),22/61,9.648378185623447e-11,biological regulation,GO_Biological_Process_2023,1.3127045150508092e-12,0.0,0.0,9.31091150581932,254.73659094308363,IFITM3;IFITM1;IFITM2;APOBEC3F;RSAD2;IFIT5;ISG15;ZC3HAV1;OASL;BST2;ISG20;ZFP36;PLSCR1;ZNFX1;OAS1;SLPI;IFI16;TNIP1;OAS2;CCL5;TRIM14;SHFL,0.36065573770491804
3,1161,Negative Regulation Of Viral Genome Replication (GO:0045071),20/53,3.710181978889677e-10,biological regulation,GO_Biological_Process_2023,5.180705233680538e-12,0.0,0.0,9.989111093405572,259.5778392372179,IFITM3;IFITM1;IFITM2;APOBEC3F;RSAD2;IFIT5;ISG15;ZC3HAV1;OASL;BST2;ISG20;PLSCR1;ZNFX1;OAS1;SLPI;IFI16;TNIP1;OAS2;CCL5;SHFL,0.37735849056603776
3,1161,Negative Regulation Of T Cell Activation (GO:0050868),19/49,6.992717885991621e-10,biological regulation,GO_Biological_Process_2023,1.0014633563897775e-11,0.0,0.0,10.43114419147694,264.1893149761276,RIPOR2;CD274;CR1;LAPTM5;PTPN22;LILRB1;LILRB2;HLA-G;LILRB4;VSIR;SPN;LGALS3;CEACAM1;CTSG;VSIG4;TIGIT;FCGR2B;TNFRSF21;HAVCR2,0.3877551020408163
3,1161,Regulation Of Viral Genome Replication (GO:0045069),22/67,7.834720073210523e-10,biological regulation,GO_Biological_Process_2023,1.1501021231708966e-11,0.0,0.0,8.066881279875133,203.19332707584525,IFITM3;IFITM1;CXCL8;IFITM2;GBP7;APOBEC3F;RSAD2;IFIT5;ISG15;ZC3HAV1;OASL;BST2;ISG20;PLSCR1;ZNFX1;OAS1;SLPI;IFI16;TNIP1;OAS2;CCL5;SHFL,0.3283582089552239
3,1161,Positive Regulation Of Leukocyte Mediated Cytotoxicity (GO:0001912),19/51,1.5316802126103696e-09,biological regulation,GO_Biological_Process_2023,2.303278515203564e-11,0.0,0.0,9.778157837127846,239.5072000654852,ITGAM;KLRC3;CRTAM;CD1E;CD1D;HLA-F;CD1C;HLA-G;CD1A;HLA-E;TYROBP;KLRK1;RAET1E;XCL1;CD226;KLRD1;ULBP2;ULBP1;MICB,0.37254901960784315
3,1161,Defense Response To Protozoan (GO:0042832),11/15,1.721574670372563e-09,biological process involved in interspecies interaction between organisms,GO_Biological_Process_2023,2.650472997709281e-11,0.0,0.0,45.040217391304346,1096.8958481108173,GBP6;BATF2;GBP7;CLEC7A;IRF4;SLC11A1;NKG7;GBP2;LYST;GBP1;GBP4,0.7333333333333333
3,1161,Eosinophil Chemotaxis (GO:0048245),18/24,5.5419791716875e-16,cellular process,GO_Biological_Process_2023,4.762173294683137e-18,0.0,0.0,49.43044619422572,1971.5742518975264,CCL14;CCL13;CCL24;CCL23;CCL11;CCL22;CX3CL1;LGALS3;CCL8;CCL7;CCL5;CCL4;CCL3;XCL1;CCL18;CCL16;CCL15;CCL26,0.75
3,1161,Regulation Of T Cell Proliferation (GO:0042129),23/77,2.248618718046753e-09,biological regulation,GO_Biological_Process_2023,3.5423996990353425e-11,0.0,0.0,7.030771984638417,169.18590721384578,TNFSF18;CD274;CR1;VCAM1;IL15;CD70;LILRB1;TNFRSF13C;CD1D;LILRB2;HLA-G;LILRB4;SPN;LGALS3;CD209;CCL5;TNFSF9;TNFSF8;VSIG4;CCL19;IL6ST;TNFRSF21;IDO1,0.2987012987012987
3,1161,Cellular Response To Molecule Of Bacterial Origin (GO:0071219),37/117,5.5419791716875e-16,cellular process,GO_Biological_Process_2023,4.6667581742784e-18,0.0,0.0,7.718894572953737,308.0307241822912,CX3CR1;CD274;CXCL6;CXCL9;CXCL8;GFI1;TNFAIP3;CXCL1;CXCL13;CXCL3;CXCL2;CXCL5;ZFP36;IL36A;PDE4B;IL36RN;CTSG;CD14;CCR5;GBP2;GBP3;IL37;CD180;IL36G;LILRB1;PPBP;LILRB2;IRGM;IL1F10;CXCL10;CXCL11;TNIP1;TNFSF4;TNIP3;CD68;FCGR2B;TLR2,0.3162393162393162
3,1161,Response To Tumor Necrosis Factor (GO:0034612),36/108,2.6199647218778203e-16,response to stimulus,GO_Biological_Process_2023,1.8760936067868386e-18,0.0,0.0,8.34088888888889,340.4528970756667,CCL14;CCL13;CXCL8;CCL11;GATA3;ZFP36L2;CX3CL1;CXCL16;TCL1A;ZFP36;CCL8;CCL7;UBD;CCL5;CCL4;CCL3;CCL1;CCL19;CD58;CCL18;GBP2;CCL17;GBP1;CCL16;CCL15;GBP3;CCL24;CCL23;CCL22;GCH1;CCL20;SELE;CHI3L1;XCL1;TNFRSF21;CCL26,0.3333333333333333
3,1161,Cytokine-Mediated Signaling Pathway (GO:0019221),90/257,5.620591132045244e-43,cellular process,GO_Biological_Process_2023,2.012384938075633e-46,0.0,0.0,9.395662456599409,988.6077864387988,CNTFR;CXCL6;CXCL9;CSF3R;CXCL8;CXCL1;IL1RAP;CXCL13;CXCL3;CXCL2;CX3CL1;CXCL5;IL27RA;OASL;IL36A;IL18RAP;TNFSF11;CTSG;IL13RA2;IL6R;CCR2;IL13RA1;IL15RA;IL11;EDN2;IL4R;IL1R1;IL15;IL11RA;LIFR;IRAK3;TRAF1;OSMR;IL17RA;CEACAM1;AIM2;OAS1;TRAF4;OAS2;XCL1;IRF5;IL6ST;BIRC3;CCL14;CCL13;CCL11;EBI3;LILRA1;LILRA2;LILRA3;CSF2RA;IL1RL1;CCL8;CCL7;CCL5;CCL4;STAT4;CCL3;IL21R;CCL1;CCL19;CCL18;CCL17;CCL16;CCL15;CCR1;TNFSF18;EGR1;CCL24;IL33;CCL23;CCL22;CCL20;IL37;IL34;IL36G;LILRB1;PPBP;LILRB2;LILRB4;IL1F10;CXCL10;CXCL11;CXCL12;IL7;CLCF1;IL7R;CRLF1;IL18R1;CCL26,0.35019455252918286
3,1161,Cellular Response To Cytokine Stimulus (GO:0071345),89/308,3.9420655402590784e-35,response to stimulus,GO_Biological_Process_2023,2.8228181455489284e-38,0.0,0.0,7.058798473386492,610.3072299172807,RIPOR2;IFITM2;CSF3R;CXCL8;CX3CL1;IL27RA;MT2A;TCL1A;ZFP36;IL36A;TNFSF11;CCR7;CTSG;LGALS9;IL13RA2;IL6R;CCR2;IL13RA1;GBP6;GBP5;EDN2;IL4R;DUSP1;IL11RA;LIFR;IRAK3;OSMR;AIM2;OAS1;IRF1;CHI3L1;IRF8;XCL1;IRF5;IL6ST;TNFRSF21;TLR2;CCL14;CCL13;NFAT5;CCL11;SELPLG;EBI3;GATA3;LILRA1;LILRA2;AIF1;LILRA3;CSF2RA;ZFP36L2;CCL8;CCL7;IFI16;CCL5;CCL4;STAT4;CCL3;IL21R;CCL1;CCL19;CD58;CCL18;GBP2;CCL17;GBP1;CCL16;GBP4;CCL15;GBP3;CCR1;EGR1;CCL24;CCL23;CCL22;CCL20;IL37;IL36G;LILRB1;LILRB2;LILRB4;IRGM;IL1F10;CXCL12;IL7;CLCF1;MNDA;IL7R;CRLF1;CCL26,0.288961038961039
3,1161,Chemokine Receptor Binding (GO:0042379),38/50,1.6811763453887044e-34,binding,GO_Molecular_Function_2023,3.654731185627618e-37,0.0,0.0,53.08889878302167,4454.138747195492,CCL14;CX3CR1;CXCL6;CCL13;CXCL9;CXCL8;CCL11;CXCL1;CXCL13;CXCL3;CXCL2;CX3CL1;CXCL5;CXCL16;CCL8;CCL7;CCL5;CCRL2;CCL4;CCL3;CCL1;CCL19;CCL18;CCL17;CCL16;CCL15;CCL24;CCL23;CCL22;CCL20;PPBP;CXCL10;CXCL11;CXCL12;KLF5;XCL1;CCL27;CCL26,0.76
3,1161,Neutrophil Chemotaxis (GO:0030593),44/70,4.461320316993183e-34,cellular process,GO_Biological_Process_2023,4.791965968843376e-37,0.0,0.0,28.50258246677226,2383.634137285881,CCL14;CXCL6;CCL13;CXCL9;CXCL8;CCL11;ITGB2;CXCL1;CXCL13;CXCL3;CXCL2;TREM1;CX3CL1;CXCL5;LGALS3;CCL8;CCL7;CCL5;CCL4;PDE4B;CCL3;S100A12;CCL1;CCL19;CCL18;CCL17;CCL16;CCL15;CCL24;EDN1;CCL23;EDN2;CCL22;CCL20;PPBP;CXCL10;CXCL11;KLF5;JAML;SAA1;XCL1;S100A9;S100A8;CCL26,0.6285714285714286
3,1161,Chemokine Activity (GO:0008009),36/46,9.958378291266689e-34,binding,GO_Molecular_Function_2023,4.329729691855083e-36,0.0,0.0,60.2528,4906.238380794283,CCL14;CCL13;CXCL6;CXCL9;CCL11;CXCL8;CXCL1;CXCL13;CXCL3;CXCL2;CX3CL1;CXCL5;CXCL16;CCL8;CCL7;CCL5;CCL4;CCL3;CCL1;CCL19;CCL18;CCL17;CCL16;CCL15;CCL24;CCL23;CCL22;CCL20;PPBP;CXCL10;CXCL11;CXCL12;KLF5;XCL1;CCL27;CCL26,0.782608695652174
3,1161,Inflammatory Response (GO:0006954),76/236,1.4546131232698318e-33,response to stimulus,GO_Biological_Process_2023,2.083226814564743e-36,0.0,0.0,8.177442396313364,671.8516780457979,CXCL6;CIITA;CXCL9;CXCL8;TNFAIP6;ITGB2;LY75;CXCL1;CXCL13;CXCL3;ITGAL;CXCL2;CX3CL1;CXCL5;ADGRE5;CCRL2;C3AR1;OLR1;CCR7;LGALS9;CCR5;TNFRSF4;CCR2;CD96;SLC11A1;NFAM1;CYBB;CARD18;CHI3L1;XCL1;ADAM8;S100A9;NAIP;S100A8;TLR2;CCL14;PTGER4;CCL13;CCL11;C5AR1;FPR1;GATA3;AIF1;RELB;IL1RL1;CCL8;CCL7;CCL5;CCL4;CCL3;CCL1;CD14;CCL19;CCL18;CCL17;CCL16;APOL2;CCL15;KLRG1;CCR1;CCL24;CCL23;CCL22;VCAM1;CCL20;IL10RB;PPBP;LYZ;SELE;CXCL10;MFHAS1;CXCL11;TNFSF4;IL17D;FCGR2B;CCL26,0.3220338983050847
3,1161,Neutrophil Migration (GO:1990266),45/77,3.6793773534317124e-33,cellular process,GO_Biological_Process_2023,7.904140394053088e-36,0.0,0.0,23.698336693548388,1915.4340981453015,CCL14;CXCL6;CCL13;CXCL9;CXCL8;CCL11;ITGB2;CXCL1;CXCL13;CXCL3;CXCL2;TREM1;CX3CL1;CXCL5;LGALS3;CCL8;CCL7;CCL5;CCL4;PDE4B;CCL3;S100A12;CCL1;CCL19;CCL18;CCL17;CCL16;CCL15;CCL24;EDN1;CCL23;EDN2;CCL22;CCL20;PPBP;CXCL10;CXCL11;KLF5;JAML;SAA1;XCL1;PRTN3;S100A9;S100A8;CCL26,0.5844155844155844
3,1161,Granulocyte Chemotaxis (GO:0071621),44/73,3.6793773534317124e-33,cellular process,GO_Biological_Process_2023,6.890128439600444e-36,0.0,0.0,25.549964498502764,2068.601101722091,CCL14;CXCL6;CCL13;CXCL9;CXCL8;CCL11;ITGB2;CXCL1;CXCL13;CXCL3;CXCL2;TREM1;CX3CL1;CXCL5;LGALS3;CCL8;CCL7;CCL5;CCL4;PDE4B;CCL3;S100A12;CCL1;CCL19;CCL18;CCL17;CCL16;CCL15;CCL24;EDN1;CCL23;EDN2;CCL22;CCL20;PPBP;CXCL10;CXCL11;KLF5;JAML;SAA1;XCL1;S100A9;S100A8;CCL26,0.6027397260273972
3,1161,Response To Type II Interferon (GO:0034341),43/80,1.4152422479435819e-29,response to stimulus,GO_Biological_Process_2023,3.5469730524901806e-32,0.0,0.0,19.544698544698544,1415.3611716489756,IFITM3;CCL14;CCL13;CIITA;IFITM1;SP100;IFITM2;CCL11;AIF1;CX3CL1;CXCL16;CCL8;CCL7;KYNU;CCL5;UBD;CCL4;CCL3;CCL1;LGALS9;CCL19;CD58;CCL18;GBP2;CCL17;GBP1;CCL16;GBP4;CCL15;GBP6;GBP5;CCL24;CCL23;CCL22;GCH1;CCL20;SLC11A1;BST2;IRF8;XCL1;SHFL;TLR2;CCL26,0.5375
3,1161,Cytokine Activity (GO:0005125),61/178,5.87215391687325e-29,binding,GO_Molecular_Function_2023,3.829665597960815e-31,0.0,0.0,8.873675213675213,621.4887889654398,CXCL6;CXCL9;CXCL8;CSF1;CXCL1;CXCL13;CXCL3;CXCL2;CX3CL1;CXCL5;CXCL16;IL36A;TNFSF11;TIMP1;IL11;EDN1;IL15;IL16;XCL1;CCL14;CCL13;CCL11;CCL8;CCL7;CCL5;CCL4;CCL3;CCL1;CCL19;CCL18;CCL17;CCL16;CCL15;GDF10;CCL24;IL33;CCL23;CCL22;TSLP;CCL20;CD70;IL37;IL34;LIF;IL36G;INHBA;PPBP;INHBC;IL1F10;INHBE;BMP3;CXCL10;CXCL11;CXCL12;KLF5;IL7;CLCF1;IL17D;CCL27;CRLF1;CCL26,0.34269662921348315
3,1161,Cellular Response To Chemokine (GO:1990869),37/59,9.529953528638627e-29,response to stimulus,GO_Biological_Process_2023,2.7296680354138572e-31,0.0,0.0,28.15549175024264,1981.4697014990563,CCL14;CXCL6;RIPOR2;CCL13;CXCL9;CXCL8;CCL11;CXCL1;CXCL13;CXCL3;CXCL2;CX3CL1;CXCL5;CCL8;CCL7;CCL5;CCL4;CCL3;CCL1;CCL19;CCL18;CCL17;CCL16;CCR2;CCL15;CCR1;CCL24;CCL23;CCL22;DUSP1;CCL20;PPBP;CXCL10;CXCL11;CXCL12;XCL1;CCL26,0.6271186440677966
3,1161,Chemokine-Mediated Signaling Pathway (GO:0070098),35/57,1.0376598140778935e-26,cellular process,GO_Biological_Process_2023,3.3436943525603445e-29,0.0,0.0,26.5862667527854,1743.2054513782207,CCL14;CXCL6;CCL13;CXCL9;CXCL8;CCL11;CXCL1;CXCL13;CXCL3;CXCL2;CX3CL1;CXCL5;CCL8;CCL7;CCL5;CCL4;CCL3;CCL1;CCL19;CCL18;CCL17;CCL16;CCR2;CCL15;CCR1;CCL24;CCL23;CCL22;CCL20;PPBP;CXCL10;CXCL11;CXCL12;XCL1;CCL26,0.6140350877192983
3,1161,Cellular Response To Type II Interferon (GO:0071346),35/66,1.0325741738744804e-23,response to stimulus,GO_Biological_Process_2023,3.697007425257717e-26,0.0,0.0,18.85864894287515,1104.3566119525103,CCL14;CCL13;SP100;CCL11;AIF1;CX3CL1;CCL8;CCL7;CCL5;CCL4;CCL3;CCL1;LGALS9;CCL19;CD58;CCL18;GBP2;CCL17;GBP1;CCL16;GBP4;CCL15;GBP6;GBP5;CCL24;CCL23;CCL22;IFNGR1;CCL20;IFNGR2;IRF1;IRF8;XCL1;TLR2;CCL26,0.5303030303030303
3,1161,Lymphocyte Chemotaxis (GO:0048247),29/44,2.5377855595533336e-23,cellular process,GO_Biological_Process_2023,9.994858988573816e-26,0.0,0.0,32.14935217903416,1850.6820091901757,CCL14;CCL13;CCL11;CXCL13;CX3CL1;CXCL16;CCL8;CCL7;CCL5;CCL4;CCL3;CCL1;CCL19;CCL18;CCL17;CCL16;CCL15;CCL24;CCL23;CCL22;CCL20;CH25H;CXCL10;CXCL11;KLF5;GPR183;SAA1;XCL1;CCL26,0.6590909090909091
3,1161,Lymphocyte Migration (GO:0072676),27/41,1.1722682580230249e-21,cellular process,GO_Biological_Process_2023,5.036598315888399e-24,0.0,0.0,32.015306122448976,1717.4710637828496,CCL14;CCL13;CCL11;GATA3;CX3CL1;CCL8;CCL7;CCL5;TBX21;CCL4;CCL3;CCL1;CCL19;CCL18;CCL17;CCL16;CCL15;CCL24;CCL23;CCL22;CCL20;CRTAM;KLF5;SAA1;XCL1;CCL26;MYO1G,0.6585365853658537
3,1161,Positive Regulation Of Cytokine Production (GO:0001819),71/320,8.451766000744279e-21,biological regulation,GO_Biological_Process_2023,3.933868886848394e-23,0.0,0.0,4.863085368998932,250.88576568730755,TRAF3IP3;CXCL17;RORA;PTPN22;DHX58;PDE4B;CCR7;LGALS9;IL6R;CCR2;HAVCR2;CCBE1;GBP5;IL1R1;IL15;SLC11A1;NFAM1;IL16;MMP8;HLA-G;HLA-E;IL17RA;TYROBP;IRF4;IRF1;CHI3L1;XCL1;CD226;IRF5;LCP1;LTB;IL6ST;TLR2;PTGER4;CD274;EBI3;GATA3;LILRA2;PTGS2;LY9;AIF1;IFI16;CLEC7A;TNFRSF14;CCL1;CD14;CCL19;CD58;TIGIT;EGR1;IL33;TSLP;CRTAM;LAPTM5;LILRB1;ISG15;PRG3;LILRB2;POU2F2;SCIMP;BATF;CD2;IL7;TNFSF4;CLEC6A;POU2AF1;SAA1;PAEP;IL17D;IL18R1;CD244,0.221875
3,1161,Monocyte Chemotaxis (GO:0002548),26/42,7.47123970651322e-20,cellular process,GO_Biological_Process_2023,3.744982309029183e-22,0.0,0.0,26.949229074889868,1329.579431655884,CCL14;CCL13;CCL11;CX3CL1;LGALS3;CCL8;CCL7;CCL5;CCL4;CCL3;S100A12;TNFSF11;CCL1;CTSG;CCL19;CCL18;CCL17;IL6R;CCL16;CCL15;CCL24;CCL23;CCL22;CCL20;XCL1;CCL26,0.6190476190476191
3,1161,Response To Lipopolysaccharide (GO:0032496),48/159,8.818279206962858e-20,response to stimulus,GO_Biological_Process_2023,4.735917941440848e-22,0.0,0.0,7.276365314101163,357.28188109414987,CX3CR1;CD274;CXCL6;CXCL9;CXCL8;GFI1;TNFAIP3;CXCL1;PTPN22;CXCL13;CXCL3;CXCL2;CXCL5;ZFP36;IL36A;NOCT;PDE4B;IL36RN;CTSG;LGALS9;CD14;CCR5;GBP2;GBP3;GCH1;IL37;SLC11A1;CD180;IL36G;IRAK3;LILRB1;PPBP;LILRB2;SELE;IRGM;IL1F10;SELP;CXCL10;CXCL11;SLPI;TNIP1;TNFSF4;TNIP3;PELI1;TRIB1;CD68;S100A9;S100A8,0.3018867924528302
3,1161,Regulation Of Inflammatory Response (GO:0050727),59/240,1.56228040644575e-19,biological regulation,GO_Biological_Process_2023,8.949690835349803e-22,0.0,0.0,5.518955991617451,267.4775987481334,IL20;TNFAIP6;CXCL17;TNFAIP3;RORA;CX3CL1;LGALS2;LGALS1;CASP4;NFKBIZ;CCR2;IL1R1;IL15;MMP3;ACOD1;IL16;MMP8;IL17RA;ACE2;CD200R1;AIM2;NINJ1;XCL1;LCP1;S100A9;NAIP;S100A8;TLR2;BIRC3;PTGER4;REG3A;GRN;SEMA7A;GATA3;AOAH;PTGS2;PLA2G7;USP18;IL1RL2;CCL5;CCL3;S100A12;CCL1;NLRP1;IL33;TSLP;IL37;IL10RA;NKG7;KLF4;SELE;IRGM;IL22RA1;NLRP14;CYLD;MFHAS1;TNIP1;TNFSF4;SAA1,0.24583333333333332
3,1161,Cytokine Receptor Activity (GO:0004896),33/76,3.805206000284193e-19,molecular transducer activity,GO_Molecular_Function_2023,3.30887478285582e-21,0.0,0.0,12.787976249381494,603.0512760360413,CX3CR1;CNTFR;CSF3R;EBI3;IL1RAP;CSF2RA;IL1RL1;IL1RL2;IL18RAP;CXCR3;IL21R;CCR5;IL13RA2;IL6R;CCR2;IL13RA1;CCR1;IL15RA;IL4R;IL11RA;IL1R1;IL10RB;IL1R2;IL10RA;LIFR;OSMR;IL17RA;IL22RA1;ACKR4;IL6ST;IL7R;CRLF1;IL18R1,0.4342105263157895
3,1161,Positive Regulation Of Response To External Stimulus (GO:0032103),46/155,1.2445590316696198e-18,biological regulation,GO_Biological_Process_2023,7.575189236800407e-21,0.0,0.0,7.089151273295759,328.43618610976586,PTGER4;GRN;PLAT;CD1D;PLA2G7;AIF1;CX3CL1;THBD;LGALS2;LGALS1;PLAU;CCL5;CASP4;NFKBIZ;CCL3;S100A12;CCL1;NLRP1;CCL19;STX3;CCR2;GBP5;IL33;TSLP;IL15;CD180;LY86;SH2D1B;ACOD1;NKG7;IL16;IRGM;SCIMP;IL17RA;PLSCR1;AIM2;TNIP1;TNFSF4;NINJ1;ADAM8;LCP1;S100A9;NAIP;S100A8;TLR2;CCL26,0.2967741935483871
3,1161,Tertiary Granule (GO:0070820),45/162,7.28894988297428e-17,cellular anatomical structure,GO_Cellular_Component_2023,3.6999745598854214e-19,0.0,0.0,6.45230217810863,273.8408070676825,SERPINB10;SERPINB12;ITGAM;TNFAIP6;CLEC12A;CRISP3;ITGB2;PTAFR;FPR1;CXCL1;SLC2A3;GPR84;LILRA3;CTSS;FCAR;CNN2;LGALS3;PLAU;CLEC5A;ITGAX;CTSH;OLR1;CD58;B2M;CTSD;CAMP;CD33;CD55;CD53;CR1;CD300A;SLC11A1;CYBB;MCEMP1;PPBP;PRG3;TMC6;LILRB2;LYZ;MMP8;CLEC4C;CEACAM1;CLEC4D;LRG1;ADAM8,0.2777777777777778
3,1161,CCR Chemokine Receptor Binding (GO:0048020),24/44,9.00852930616972e-17,binding,GO_Molecular_Function_2023,9.791879680619261e-19,0.0,0.0,19.861741424802112,823.6180203514612,CCL14;CCL13;CCL24;CCL23;CCL11;CCL22;CCL20;CXCL13;CX3CL1;CCL8;CCL7;CCL5;CCL4;CCRL2;CCL3;XCL1;CCL19;CCL18;CCL17;CCL16;CCL27;CCL15;CCR2;CCL26,0.5454545454545454
3,1161,Cellular Defense Response (GO:0006968),25/48,1.2831803033847067e-16,response to stimulus,GO_Biological_Process_2023,8.269690462200045e-19,0.0,0.0,18.003674219228415,749.6103360771064,CX3CR1;LGALS3BP;CXCL9;FCMR;NCF2;C5AR1;CD5L;PRF1;LSP1;SPN;IL1RL2;GNLY;CLEC5A;CCR5;CCR2;KLRG1;KLRC3;KIR3DL2;LILRB2;HLA-G;FOSL1;NCR1;TYROBP;MNDA;CD300C,0.5208333333333334
3,1161,Cellular Response To Tumor Necrosis Factor (GO:0071356),38/119,1.6658118036059416e-16,response to stimulus,GO_Biological_Process_2023,1.1332053085754706e-18,0.0,0.0,7.836197135098886,323.80327495101585,CCL14;CCL13;CXCL8;CCL11;GATA3;ZFP36L2;CX3CL1;TCL1A;ZFP36;CCL8;CCL7;CCL5;CCL4;CCL3;TNFSF11;CCL1;CCL19;CD58;CCL18;GBP2;CCL17;GBP1;CCL16;CCL15;GBP3;TNFSF18;CCL24;CCL23;CCL22;CCL20;TRAF1;AIM2;TRAF4;CHI3L1;XCL1;TNFRSF21;BIRC3;CCL26,0.31932773109243695
3,1161,Negative Regulation Of Cytokine Production (GO:0001818),46/178,4.63304966369148e-16,biological regulation,GO_Biological_Process_2023,3.483495987737955e-18,0.0,0.0,5.846731892920234,235.02982446059215,PTGER4;CD274;CD84;TNFAIP3;PTPN22;CX3CL1;VSIR;ZFP36;TBX21;DHX58;HOMER3;IL36RN;CCR7;LGALS9;VSIG4;TIGIT;GBP1;CD33;HAVCR2;SRGN;PRNP;GBP7;CR1;IL37;SLC11A1;LAPTM5;ACOD1;IRAK3;LILRB1;INHBA;MMP8;KLF4;IRGM;LILRB4;CLEC4A;SIGIRR;CYLD;CD200R1;CEACAM1;RNF125;TYROBP;TNFSF4;BCL3;XCL1;FCGR2B;TNFRSF21,0.25842696629213485
3,1161,Regulation Of T Cell Mediated Cytotoxicity (GO:0001914),16/36,2.260108928837868e-09,biological regulation,GO_Biological_Process_2023,3.641421475034159e-11,0.0,0.0,13.148646288209608,316.04167611613866,CD1E;LILRB1;CD1D;CD1C;HLA-F;HLA-G;CD1A;HLA-E;CEACAM1;RAET1E;XCL1;KLRD1;KLRC1;ULBP2;ULBP1;MICB,0.4444444444444444
3,1161,Response To Cytokine (GO:0034097),35/125,2.220063755900647e-13,response to stimulus,GO_Biological_Process_2023,2.5435746576734946e-15,0.0,0.0,6.475379909216499,217.60647550371607,IFITM3;CD274;NFAT5;IFITM1;CIITA;SP100;IFITM2;ADAR;CXCL16;RELB;LAMP3;UBD;KYNU;CCR7;LGALS9;TIMP1;IL6R;MCL1;GCH1;IL1R1;SLC11A1;MX2;LIFR;ISG15;IRAK3;OSMR;SELE;BST2;SELP;CH25H;PLSCR1;SELL;CHI3L1;IL6ST;SHFL,0.28
3,1161,Negative Regulation Of Type II Interferon Production (GO:0032689),14/28,5.1678520897717566e-09,biological regulation,GO_Biological_Process_2023,8.511321021464402e-11,0.0,0.0,16.41238012205754,380.55449568725305,CD274;PRNP;CR1;LAPTM5;LILRB1;INHBA;IRGM;LILRB4;VSIR;TNFSF4;XCL1;IL36RN;LGALS9;HAVCR2,0.5
3,1161,Serine-Type Endopeptidase Activity (GO:0004252),26/125,4.91009158870056e-07,catalytic activity,GO_Molecular_Function_2023,1.0674112149349042e-08,0.0,0.0,4.336225693053887,79.59334984153782,KLK1;C1S;CD5L;TMPRSS2;PLAT;CTSS;PLAU;CTSK;CTSH;CTSG;TPSAB1;MMP1;GZMA;MMP3;GZMB;CELA1;MMP8;MMP10;GZMH;MMP12;GZMK;MMP14;MMP13;MMP19;ADAM8;PRTN3,0.208
3,1161,Positive Regulation Of MAPK Cascade (GO:0043410),45/310,4.4458484546191563e-07,biological regulation,GO_Biological_Process_2023,1.2734259805568653e-08,0.0,0.0,2.826232501521607,51.37799544286915,CCL14;CCL13;SEMA7A;CCL11;C5AR1;CXCL17;PTPN22;CX3CL1;ICAM1;CCL8;CCL7;CCL5;CCL4;ARL6IP5;CCL3;TNFSF11;S100A12;CCR7;CCL1;LGALS9;CCL19;CCL18;CCL17;CCL16;CCL15;CCR1;IL11;CCL24;EDN1;CCL23;CCL22;CCL20;IL34;SEMA4C;LIF;LAPTM5;MMP8;SCIMP;MFHAS1;GPR183;CHI3L1;XCL1;ACKR3;ADAM8;CCL26,0.14516129032258066
3,1161,Regulation Of Lymphocyte Proliferation (GO:0050670),10/18,4.217344376787354e-07,biological regulation,GO_Biological_Process_2023,1.1928757814758356e-08,0.0,0.0,20.45069504778453,373.108896429476,TNFSF18;LGALS3;CD209;LST1;MZB1;TNFSF9;PTPN22;TNFSF8;IKZF3;CD22,0.5555555555555556
3,1161,Regulation Of Interleukin-1 Beta Production (GO:0032651),21/84,3.205283804959604e-07,biological regulation,GO_Biological_Process_2023,8.951383343603622e-09,0.0,0.0,5.490058479532164,101.73878677534624,CX3CR1;GBP5;EGR1;TNFAIP3;LILRA2;LILRB4;CX3CL1;AIM2;TYROBP;IFI16;CLEC7A;CCL3;CARD18;CCR7;MNDA;LGALS9;LCP1;CCL19;NLRP1;CD33;NAIP,0.25
3,1161,Response To Molecule Of Bacterial Origin (GO:0002237),19/69,2.936864794912645e-07,response to stimulus,GO_Biological_Process_2023,8.087174903447301e-09,0.0,0.0,6.252031523642732,116.494018198214,CXCL8;GCH1;SLC11A1;TNFAIP3;PTPN22;IRAK3;CXCL2;SELE;SELP;SLPI;NOCT;PELI1;IRF5;LGALS9;CD14;TRIB1;FCGR2B;S100A9;S100A8,0.2753623188405797
3,1161,Regulation Of I-kappaB kinase/NF-kappaB Signaling (GO:0043122),38/232,2.350384598318677e-07,biological regulation,GO_Biological_Process_2023,6.311451660361645e-09,0.0,0.0,3.2521045432429703,61.4026610924532,IFIT5;SECTM1;TNFAIP3;RORA;LITAF;CX3CL1;EDA2R;LGALS1;CLEC7A;UBD;MIER1;TNFSF10;S100A12;CCR7;LGALS9;CCL19;PIM2;TRIM22;APOL2;NDFIP2;GBP7;RHOH;TRAF1;LILRB4;IRGM;BST2;EDAR;TRAF4;TNIP1;CLEC6A;TNIP3;PELI1;S100A4;TNFRSF25;LTB;LTBR;TRIM38;BIRC3,0.16379310344827586
3,1161,Positive Regulation Of Mononuclear Cell Migration (GO:0071677),13/31,2.319997543353272e-07,biological regulation,GO_Biological_Process_2023,6.146789051490945e-09,0.0,0.0,11.840543941153696,223.8731426817016,CCR1;CXCL17;AIF1;PLA2G7;LGALS3;CXCL10;CXCL12;CCL5;CCL1;CCR7;LGALS9;CCR2;LGMN,0.41935483870967744
3,1161,Leukocyte Cell-Cell Adhesion (GO:0007159),13/31,2.319997543353272e-07,cellular process,GO_Biological_Process_2023,6.146789051490945e-09,0.0,0.0,11.840543941153696,223.8731426817016,VCAM1;ITGB2;ITGAL;SELE;ICAM1;SELP;LRG1;SELL;TNIP1;CD209;CCL5;OLR1;FERMT3,0.41935483870967744
3,1161,Serine-Type Peptidase Activity (GO:0008236),28/142,4.91009158870056e-07,catalytic activity,GO_Molecular_Function_2023,1.0219461341958867e-08,0.0,0.0,4.0592434307304,74.68590606011706,KLK1;C1S;CD5L;TMPRSS2;PLAT;CTSS;PLAU;CTSK;CTSH;CTSG;TPSAB1;MMP1;GZMA;MMP3;GZMB;CELA1;MMP8;KLK10;MMP10;GZMH;MMP12;GZMK;MMP14;MMP13;MMP19;ADAM8;PRTN3;TPP1,0.19718309859154928
3,1161,Positive Regulation Of Tumor Necrosis Factor Superfamily Cytokine Production (GO:1903557),21/82,2.1745271186209334e-07,biological regulation,GO_Biological_Process_2023,5.605655300419163e-09,0.0,0.0,5.670664365832614,107.73973019585196,IL33;CD84;IFNGR1;MMP8;LILRA2;HLA-E;SPN;CD2;TYROBP;OAS1;OAS2;CLEC7A;CCL3;TNFRSF8;LGALS9;LCP1;CCL19;CD14;CCR2;HAVCR2;TLR2,0.25609756097560976
3,1161,Cellular Component Disassembly (GO:0022411),16/46,1.2224289089527038e-07,cellular process,GO_Biological_Process_2023,2.8448936298577067e-09,0.0,0.0,8.761106259097525,172.39877246768503,MMP1;MMP3;CAPG;MMP8;CTSS;MMP10;MMP12;MMP14;MMP13;MMP15;CTSK;MMP19;CTSG;ADAM8;LCP1;TPSAB1,0.34782608695652173
3,1161,T Cell Activation (GO:0042110),25/111,1.5271868189297142e-07,cellular process,GO_Biological_Process_2023,3.663498634740095e-09,0.0,0.0,4.798814690468392,93.2162422713938,CD84;PTPN22;GATA3;CD1C;LY9;TRGC1;CLEC7A;TRBC2;TRBC1;SLAMF7;TRDC;CCR7;CCL19;TNFRSF4;MICB;TNFSF14;CRTAM;RHOH;CD2;JAML;CD8A;IRF4;TNFSF4;CD7;LCP1,0.22522522522522523
3,1161,Regulation Of Interleukin-2 Production (GO:0032663),16/47,1.676555184054657e-07,biological regulation,GO_Biological_Process_2023,4.081838614955843e-09,0.0,0.0,8.478039160445134,163.7678942759892,PRNP;CR1;LAPTM5;TNFAIP3;LILRB4;ZFP36;CLEC7A;IRF4;TBX21;PDE4B;XCL1;HOMER3;VSIG4;GBP1;CCR2;HAVCR2,0.3404255319148936
3,1161,Antigen Processing And Presentation Of Endogenous Peptide Antigen (GO:0002483),11/21,2.00465059322579e-07,immune system process,GO_Biological_Process_2023,4.952412851148567e-09,0.0,0.0,18.010347826086957,344.4189223437168,RAET1E;ERAP2;ERAP1;TAP2;TAP1;HLA-F;ULBP2;HLA-G;ULBP1;HLA-E;MICB,0.5238095238095238
3,1161,Positive Regulation Of Leukocyte Chemotaxis (GO:0002690),17/54,2.06008120682034e-07,biological regulation,GO_Biological_Process_2023,5.236869519665024e-09,0.0,0.0,7.551360801360802,143.98588876175086,CCR1;EDN2;CSF1;IL34;CXCL17;AIF1;PLA2G7;CXCL10;CXCL12;CCL5;XCL1;CCR7;CCL1;LGALS9;IL6R;CCR2;LGMN,0.3148148148148148
3,1161,Specific Granule Membrane (GO:0035579),22/90,2.0549496235167918e-07,cellular anatomical structure,GO_Cellular_Component_2023,6.258729817817638e-09,0.0,0.0,5.33184423901255,100.7147444779193,CD53;ITGAM;CLEC12A;ITGB2;PLAUR;CYBB;SLC2A3;MCEMP1;TMC6;GPR84;ITGAL;LILRA3;FCAR;CEACAM3;CEACAM1;CLEC4D;PLAU;CLEC5A;C3AR1;OLR1;ADAM8;CD33,0.24444444444444444
3,1161,Regulation Of Dendritic Cell Differentiation (GO:2001198),8/10,2.0367761404017653e-07,biological regulation,GO_Biological_Process_2023,5.104702106270089e-09,0.0,0.0,65.34952298352125,1247.7252217073158,LGALS3;LGALS1;TMEM176B;LILRB1;LGALS9;LILRB2;FCGR2B;HLA-G,0.8
3,1161,CXCR Chemokine Receptor Binding (GO:0045236),11/16,4.620149567200965e-09,binding,GO_Molecular_Function_2023,8.035042725566896e-11,0.0,0.0,36.03026086956522,837.5098559538442,CXCL6;CXCL10;CXCL9;CXCL11;CXCL8;CXCL12;PPBP;CXCL13;CXCL3;CXCL2;CXCL5,0.6875
3,1161,Regulation Of Interleukin-10 Production (GO:0032653),16/46,1.2224289089527038e-07,biological regulation,GO_Biological_Process_2023,2.8448936298577067e-09,0.0,0.0,8.761106259097525,172.39877246768503,CD274;TSLP;ISG15;LILRB1;MMP8;LILRB4;VSIR;TYROBP;CLEC7A;IRF4;TNFSF4;XCL1;LGALS9;TIGIT;FCGR2B;TNFRSF21,0.34782608695652173
3,1161,Positive Regulation Of Type II Interferon Production (GO:0032729),17/58,6.06515069422076e-07,biological regulation,GO_Biological_Process_2023,1.7589588479480184e-08,0.0,0.0,6.81319290465632,121.65609094088308,IL1R1;SLC11A1;EBI3;CRTAM;PTPN22;ISG15;LILRB1;CD2;CLEC7A;TNFSF4;PDE4B;CD226;LGALS9;CD14;CD244;IL18R1;CCR2,0.29310344827586204
3,1161,Regulation Of ERK1 And ERK2 Cascade (GO:0070372),39/244,2.936864794912645e-07,biological regulation,GO_Biological_Process_2023,8.096619735348145e-09,0.0,0.0,3.1595408895265424,58.86799454229172,CCL14;CCL13;SEMA7A;CCL11;C5AR1;CXCL17;PTPN22;CX3CL1;ICAM1;CCL8;CCL7;CCL5;CCL4;CCL3;CCR7;CCL1;LGALS9;CCL19;CCL18;CCL17;GBP1;CCL16;CCL15;CCR1;DUSP4;CCL24;CCL23;CCL22;CCL20;SCIMP;DUSP6;MFHAS1;CEACAM1;TNIP1;GPR183;CHI3L1;XCL1;ACKR3;CCL26,0.1598360655737705
3,1161,Ficolin-1-Rich Granule Membrane (GO:0101003),17/60,8.688525733945543e-07,cellular anatomical structure,GO_Cellular_Component_2023,3.087293408000954e-08,0.0,0.0,6.49560904212067,112.33107418873828,SERPINB10;SERPINB12;CR1;CD300A;SLC11A1;ITGB2;FPR1;SLC2A3;LILRB2;LILRA3;FCAR;LGALS3;CLEC4C;CLEC4D;ITGAX;CD58;CD55,0.2833333333333333
3,1161,Regulation Of Defense Response (GO:0031347),25/97,1.0291583062134352e-08,biological regulation,GO_Biological_Process_2023,1.7318453416409398e-10,0.0,0.0,5.736196694053208,128.9305623942699,SEMA7A;GRN;IL20;PTPN22;PTGS2;SAMHD1;USP18;HERC5;IL1RL2;DHX58;CASP4;NLRP1;CCR2;IL1R1;IL37;ELMOD2;ERAP1;SELE;NLRP14;CYLD;TNFSF4;IRF1;XCL1;FCGR2B;BIRC3,0.25773195876288657
3,1161,Positive Regulation Of ERK1 And ERK2 Cascade (GO:0070374),35/179,1.120507827495422e-08,biological regulation,GO_Biological_Process_2023,1.925684773354109e-10,0.0,0.0,4.035456137754095,90.27545118285876,CCL14;CCL13;SEMA7A;CCL11;C5AR1;CXCL17;PTPN22;CX3CL1;ICAM1;CCL8;CCL7;CCL5;CCL4;CCL3;TNFSF11;CCR7;CCL1;LGALS9;CCL19;CCL18;CCL17;CCL16;CCL15;CCR1;CCL24;CCL23;CCL22;CCL20;SCIMP;MFHAS1;GPR183;CHI3L1;XCL1;ACKR3;CCL26,0.19553072625698323
3,1161,Regulation Of T Cell Receptor Signaling Pathway (GO:0050856),13/34,7.9984982485023e-07,biological regulation,GO_Biological_Process_2023,2.3482880643651582e-08,0.0,0.0,10.147419943587192,178.25966693391,PRNP;CD300A;PVRIG;SH2D1A;LAPTM5;PTPN22;THY1;LILRB4;LGALS3;CEACAM1;CD226;UBASH3A;GBP1,0.38235294117647056
3,1161,Regulation Of Interleukin-6 Production (GO:0032675),27/114,1.4638995712359058e-08,biological regulation,GO_Biological_Process_2023,2.6206580222626306e-10,0.0,0.0,5.131910235358511,113.22238718981671,CD84;TNFAIP3;PTPN22;LILRA2;AIF1;CX3CL1;CLEC7A;LGALS9;IL6R;IL33;TSLP;IL37;IL16;IRAK3;LILRB2;POU2F2;MMP8;LILRB4;SCIMP;IL17RA;CD200R1;TYROBP;TNFSF4;POU2AF1;LCP1;IL17D;TLR2,0.23684210526315788
3,1161,Cellular Response To Lipid (GO:0071396),40/228,1.7147398076618235e-08,cellular process,GO_Biological_Process_2023,3.1311038378357676e-10,0.0,0.0,3.5399624195721904,77.47018481837965,CX3CR1;CD274;CXCL6;CXCL9;CXCL8;GFI1;RORC;TNFAIP3;RORA;CXCL1;CXCL13;CXCL3;CXCL2;CXCL5;ZFP36;IL36A;SPP1;PDE4B;CTSG;IL36RN;CD14;CCR5;GBP2;GBP3;IL37;CD180;ACOD1;IL36G;LILRB1;PPBP;LILRB2;IRGM;IL1F10;CXCL10;CXCL11;TNIP1;TNFSF4;TNIP3;LCP1;CD68,0.17543859649122806
3,1161,Negative Regulation Of Leukocyte Mediated Cytotoxicity (GO:0001911),10/14,1.816288070905356e-08,biological regulation,GO_Biological_Process_2023,3.3815603181911383e-10,0.0,0.0,40.91007819287576,892.1470904286463,CX3CR1;CEACAM1;LILRB1;KLRD1;KLRC1;LGALS9;HLA-F;FCGR2B;HLA-G;HLA-E,0.7142857142857143
3,1161,Antimicrobial Humoral Immune Response Mediated By Antimicrobial Peptide (GO:0061844),20/65,1.9596397404488427e-08,immune system process,GO_Biological_Process_2023,3.7186146166770017e-10,0.0,0.0,7.320673872821112,158.95012960337797,CXCL6;CCL13;REG3A;CXCL9;CXCL8;TSLP;RNASE6;CXCL1;RNASE3;PPBP;CXCL13;CXCL3;CXCL2;CXCL5;CXCL10;CXCL11;GNLY;S100A12;S100A9;CAMP,0.3076923076923077
3,1161,Negative Regulation Of T Cell Receptor Signaling Pathway (GO:0050860),11/18,2.7176187390452024e-08,biological regulation,GO_Biological_Process_2023,5.254257497616933e-10,0.0,0.0,25.733167701863355,549.8357623701978,PRNP;LGALS3;CEACAM1;PVRIG;SH2D1A;LAPTM5;PTPN22;THY1;UBASH3A;LILRB4;GBP1,0.6111111111111112
3,1161,Regulation Of Natural Killer Cell Mediated Cytotoxicity (GO:0042269),14/32,4.078692249396881e-08,biological regulation,GO_Biological_Process_2023,8.031796409481863e-10,0.0,0.0,12.762472149568923,267.2773418907787,KLRB1;KLRC3;CRTAM;LILRB1;HLA-F;HLA-G;HLA-E;NCR1;KLRK1;RAET1E;CD226;KLRD1;KLRC1;LGALS9,0.4375
3,1161,Negative Regulation Of Interleukin-2 Production (GO:0032703),12/21,1.4238144529614073e-08,biological regulation,GO_Biological_Process_2023,2.4979200929147496e-10,0.0,0.0,21.85088482738613,483.1316401625505,PRNP;ZFP36;CR1;TBX21;LAPTM5;TNFAIP3;XCL1;HOMER3;VSIG4;LILRB4;GBP1;HAVCR2,0.5714285714285714
3,1161,Regulation Of B Cell Proliferation (GO:0030888),16/44,6.429306224235106e-08,biological regulation,GO_Biological_Process_2023,1.3351226674029219e-09,0.0,0.0,9.387897691827822,191.8345795360512,TNFRSF13B;CD300A;TNFRSF13C;IKZF3;TNFSF13B;TYROBP;IL7;CLCF1;GPR183;MZB1;CD38;MNDA;FCGR2B;TNFRSF4;CD22;TNFRSF21,0.36363636363636365
3,1161,Extracellular Matrix Disassembly (GO:0022617),16/44,6.429306224235106e-08,cellular process,GO_Biological_Process_2023,1.3351226674029219e-09,0.0,0.0,9.387897691827822,191.8345795360512,MMP1;MMP3;CAPG;MMP8;CTSS;MMP10;MMP12;MMP14;MMP13;MMP15;CTSK;MMP19;CTSG;ADAM8;LCP1;TPSAB1,0.36363636363636365
3,1161,Ficolin-1-Rich Granule (GO:0101002),34/184,6.522032002170578e-08,cellular anatomical structure,GO_Cellular_Component_2023,1.655338071616898e-09,0.0,0.0,3.758805087252292,76.00025951391667,SERPINB10;SERPINB12;SERPINA1;TNFAIP6;GMFG;MVP;ITGB2;FGL2;FPR1;SLC2A3;LILRA3;CTSS;FCAR;LGALS3;ITGAX;CTSH;CD58;CTSD;CD55;CTSB;CR1;CD300A;SLC11A1;KRT1;HSPA6;PRG2;LILRB2;CLEC4C;CLEC4D;LRG1;CAT;ADAM8;MNDA;PLEKHO2,0.18478260869565216
3,1161,Negative Regulation Of Lymphocyte Proliferation (GO:0050672),15/39,8.330938956718822e-08,biological regulation,GO_Biological_Process_2023,1.759847470269998e-09,0.0,0.0,10.261234729493893,206.84636674866047,CD274;CR1;TNFRSF13B;CD300A;LST1;LILRB1;LILRB2;HLA-G;LILRB4;SPN;TYROBP;MNDA;VSIG4;FCGR2B;TNFRSF21,0.38461538461538464
3,1161,Positive Regulation Of Hydrolase Activity (GO:0051345),33/176,9.074888390290738e-08,biological regulation,GO_Biological_Process_2023,1.949492672457731e-09,0.0,0.0,3.824877250409165,76.71057791961978,CCL14;CCL13;CCL11;RGS16;THY1;CTSS;CX3CL1;RASGRP3;CCL8;CCL7;RGS1;CTSL;RASGEF1B;CTSK;CCL5;CCL4;CCL3;CTSH;CCL1;CCL19;CCL18;CCL17;CCL16;TGM2;CCL15;CCL24;CCL23;CCL22;CCL20;XCL1;PRTN3;RGL1;CCL26,0.1875
3,1161,Positive Regulation Of Tumor Necrosis Factor Production (GO:0032760),21/78,9.569044479029949e-08,biological regulation,GO_Biological_Process_2023,2.0899094637337162e-09,0.0,0.0,6.0698984302862415,121.31387071348674,IL33;CD84;IFNGR1;MMP8;LILRA2;HLA-E;SPN;CD2;TYROBP;OAS1;OAS2;CLEC7A;CCL3;TNFRSF8;LGALS9;LCP1;CCL19;CD14;CCR2;HAVCR2;TLR2,0.2692307692307692
3,1161,Negative Regulation Of Natural Killer Cell Mediated Cytotoxicity (GO:0045953),10/16,1.09470005887376e-07,biological regulation,GO_Biological_Process_2023,2.430053836382854e-09,0.0,0.0,27.27048942948161,540.9197686346225,SERPINB4;CEACAM1;LILRB1;SERPINB9;KLRD1;KLRC1;LGALS9;HLA-F;HLA-G;HLA-E,0.625
3,1161,Regulation Of T Cell Activation (GO:0050863),19/62,5.50773685549077e-08,biological regulation,GO_Biological_Process_2023,1.1043081414517835e-09,0.0,0.0,7.27251252392783,149.98863875181686,TNFSF18;CRTAM;LAPTM5;PTPN22;THY1;CD2;LGALS3;SIT1;CD209;CCL5;TBX21;TNFSF11;TNFSF9;CTSG;TNFSF8;TIGIT;B2M;HLA-DQA1;CCR2,0.3064516129032258
3,1161,Negative Regulation Of B Cell Activation (GO:0050869),11/20,1.103506157522566e-07,biological regulation,GO_Biological_Process_2023,2.489111633509547e-09,0.0,0.0,20.01256038647343,396.4756373628944,TYROBP;TNFRSF13B;CD300A;ID2;LAPTM5;TNFAIP3;MNDA;INHBA;FCGR2B;SAMSN1;TNFRSF21,0.55
4,949,Regulation Of PTEN Stability And Activity R-HSA-8948751,16/67,1.32294909596852e-06,Signal Transduction,Reactome_2022,6.694441208515404e-08,0.0,0.0,6.388836349116281,105.53976383618397,PSMD10;USP13;PSMB10;PSMB8;PSMB9;RNF146;TNKS2;PSME3;NEDD4;CSNK2B;PSME4;MKRN1;PSME1;PSME2;FRK;OTUD3,0.23880597014925373
4,949,Iron Uptake And Transport R-HSA-917937,15/59,1.350871587431588e-06,Transport of small molecules,Reactome_2022,6.998491356573287e-08,0.0,0.0,6.9375364999026665,114.29581767202832,ATP6V1A;ATP6V0B;ATP6V1G1;ATP6V0E1;CUL1;NEDD8;ATP6V1B2;ATP6V1E1;ATP6V0D1;ATP6V0E2;FBXL5;ATP6V0C;ATP6V1D;ATP6V1C1;SKP1,0.2542372881355932
4,949,Transferrin Endocytosis And Recycling R-HSA-917977,11/31,1.7257525920901654e-06,Transport of small molecules,Reactome_2022,9.148567958068349e-08,0.0,0.0,11.158901918976548,180.8532538772794,ATP6V1A;ATP6V0B;ATP6V1G1;ATP6V0E1;ATP6V1B2;ATP6V0E2;ATP6V1E1;ATP6V0D1;ATP6V1D;ATP6V0C;ATP6V1C1,0.3548387096774194
4,949,Unfolded Protein Response (UPR) R-HSA-381119,18/89,2.9199029100625406e-06,Cellular responses to stimuli,Reactome_2022,1.583079890997763e-07,0.0,0.0,5.168454335032753,80.9313968545328,KLHDC3;ZBTB17;NFYA;GOSR2;WIPI1;PDIA6;ARFGAP1;ADD1;HSP90B1;DNAJC3;TATDN2;KHSRP;CTDSP2;LMNA;HDGF;CALR;ATP6V0D1;SEC31A,0.20224719101123595
4,949,Amino Acids Regulate mTORC1 R-HSA-9639288,14/55,3.3913832098103325e-06,Cellular responses to stimuli,Reactome_2022,1.8795617789310278e-07,0.0,0.0,6.942480761706013,107.51859526128882,ATP6V1A;ATP6V0B;ATP6V1G1;ATP6V0E1;SESN1;SESN2;RRAGD;ATP6V1B2;ATP6V1E1;ATP6V0D1;ATP6V0E2;ATP6V0C;ATP6V1D;ATP6V1C1,0.2545454545454545
4,949,KEAP1-NFE2L2 Pathway R-HSA-9755511,19/100,3.6020540514759585e-06,Cellular responses to stimuli,Reactome_2022,2.0397173544502414e-07,0.0,0.0,4.784680738085756,73.7093675546639,PSMD10;TXNRD1;CUL1;MUL1;TALDO1;PSMB10;PSMB8;PSMB9;SESN1;PSME3;PRDX1;SESN2;CSNK2B;PSME4;PSME1;PSME2;UBXN7;TKT;SKP1,0.19
4,949,Oxygen-dependent Proline Hydroxylation Of Hypoxia-inducible Factor Alpha R-HSA-1234176,15/64,3.873980541635801e-06,Cellular responses to stimuli,Reactome_2022,2.2403742891387766e-07,0.0,0.0,6.227985841017349,95.35951065640916,PSMD10;UBE2D3;CUL2;HIF3A;LIMD1;PSMB10;PSMB8;PSMB9;PSME3;PSME4;PSME1;PSME2;ELOB;ELOC;AJUBA,0.234375
4,949,PIP3 Activates AKT Signaling R-HSA-1257604,33/268,8.628878285919982e-06,Signal Transduction,Reactome_2022,5.406044227323362e-07,0.0,0.0,2.884548917588033,41.62570821347967,PSMD10;USP13;KDM1A;CLSTN1;ATN1;CHD4;PSMB10;MECOM;TNKS2;SALL4;MAF1;PHC2;USP7;CBX6;CBX4;PPP2R5C;PSMB8;PML;PSMB9;RNF146;REST;PSME3;NEDD4;CSNK2B;PSME4;RRAGD;AGO2;MKRN1;PSME1;PSME2;RCOR1;FRK;OTUD3,0.12313432835820895
4,949,ROS And RNS Production In Phagocytes R-HSA-1222556,11/36,8.4920124662431e-06,Immune System,Reactome_2022,5.217983563595158e-07,0.0,0.0,8.924776119402985,129.10567402839337,ATP6V1A;ATP6V0B;ATP6V1G1;ATP6V0E1;ATP6V1B2;ATP6V0E2;ATP6V1E1;ATP6V0D1;ATP6V1D;ATP6V0C;ATP6V1C1,0.3055555555555556
4,949,Collecting duct acid secretion,10/27,8.958333886677132e-06,Excretory system,KEGG_2021_Human,2.2256730153235115e-07,0.0,0.0,11.923823842636097,182.64956648349772,ATP6V1A;ATP6V1G1;ATP6V0E1;ATP6V1B2;ATP6V0E2;ATP6V1E1;ATP6V0D1;ATP6V1D;ATP6V0C;ATP6V1C1,0.37037037037037035
4,949,Protein processing in endoplasmic reticulum,26/171,7.773986262569945e-06,"Folding, sorting and degradation",KEGG_2021_Human,1.448568868801853e-07,0.0,0.0,3.672850898494415,57.83829139788178,SEC23A;HSP90AB1;UBE2D3;HSPA4L;CUL1;HSP90B1;HSPH1;BAG2;BAG1;UBQLN1;SEC31B;SKP1;SEC31A;UBQLN2;BCAP31;HSPA8;SEC24B;SEC24A;HSPA2;PDIA6;DNAJC3;DNAJA1;CANX;CALR;SEC24D;SEC24C,0.15204678362573099
4,949,Herpes simplex virus 1 infection,54/498,1.0795239626740956e-06,Infectious disease: viral,KEGG_2021_Human,1.3410235561168891e-08,0.0,0.0,2.5285067190095125,45.83486728731106,ZNF254;ZNF253;ZNF175;ZNF45;ZNF607;ZNF528;ZNF41;ZNF285;ZNF705D;ZNF282;ZNF480;ZNF705A;ZNF99;ZNF12;ZNF713;ZNF558;ZNF679;ZNF557;ZNF479;ZNF676;ZNF433;ZNF675;ZNF510;ZNF233;ZNF155;ZNF595;ZNF430;ZNF671;ZNF350;ZNF195;ZNF2;ZNF23;ZNF3;ZNF25;ZNF7;ZNF749;ZNF746;ZNF101;ZNF860;POU2F1;ZNF184;PML;ZFP69;ZNF37A;ZNF737;ZNF74;ZNF417;ZNF735;CALR;ZNF214;ZNF730;ZNF212;ZNF333;ZNF772,0.10843373493975904
4,949,Ubiquitin mediated proteolysis,28/140,1.2904944265012273e-08,"Folding, sorting and degradation",KEGG_2021_Human,8.015493332305759e-11,0.0,0.0,5.140879478827362,119.51033209124957,CUL5;UBE2D3;CUL2;CUL1;UBE3A;RNF7;HERC4;HERC3;ELOB;ELOC;SKP1;PIAS3;UBE2H;FBXW7;SIAH1;HUWE1;WWP1;PIAS2;PML;PIAS1;KLHL9;ITCH;CDC34;NEDD4;UBA3;BIRC6;TRIP12;UBE2M,0.2
4,949,Estrogen-dependent Gene Expression R-HSA-9018519,22/119,7.70226117960967e-07,Signal Transduction,Reactome_2022,3.8047314260722476e-08,0.0,0.0,4.637373636272645,79.226910034489,TLE3;DDX5;KDM4B;POU2F1;HSP90AB1;KDM1A;CBFB;PRMT1;NCOA3;PTGES3;CHD1;KCTD6;RUNX1;YY1;CDK9;CARM1;MYB;AGO2;NRIP1;ZNF217;FKBP4;EBAG9,0.18487394957983194
4,949,Transcriptional Activity Of SMAD2/SMAD3:SMAD4 Heterotrimer R-HSA-2173793,13/51,8.392941604628651e-06,Gene expression (Transcription),Reactome_2022,5.055988918450995e-07,0.0,0.0,6.949195906432749,100.74612182752296,TGIF1;TGIF2;USP9X;UBE2D3;CCNC;YBX1;CDK9;PPM1A;CDK8;NCOR1;E2F5;TRIM33;MEN1,0.2549019607843137
4,949,RUNX1 Interacts With Co-Factors Whose Precise Effect On RUNX1 Targets Is Not Known R-HSA-8939243,12/35,7.648836118949145e-07,Gene expression (Transcription),Reactome_2022,3.6861860814212754e-08,0.0,0.0,10.595146396918937,181.34746236905485,CBX6;PHC2;SMARCD3;RYBP;CBFB;ACTL6B;CBX4;PCGF5;CSNK2B;SMARCA2;HIPK2;RUNX1,0.34285714285714286
4,949,Factors Involved In Megakaryocyte Development And Platelet Production R-HSA-983231,27/136,6.6287819050873925e-09,Hemostasis,Reactome_2022,2.0764858979791828e-10,0.0,0.0,5.088996795956138,113.4600687312891,KDM1A;DOCK9;JMJD1C;AK3;KLC1;PHF21A;AKAP1;AKAP10;KIF3B;CAPZB;KIF3A;SIN3A;KIF5B;MYB;KIF13B;HMG20B;KIF1C;KIF1B;CABLES1;RBSN;CABLES2;EHD2;CAPZA1;CAPZA2;VPS45;ZFPM1;RCOR1,0.19852941176470587
4,949,IRE1alpha Activates Chaperones R-HSA-381070,14/48,6.203597222757892e-07,Cellular responses to stimuli,Reactome_2022,2.8402011381301197e-08,0.0,0.0,8.374897766593268,145.52897267957815,KLHDC3;ZBTB17;GOSR2;WIPI1;PDIA6;ADD1;ARFGAP1;DNAJC3;TATDN2;CTDSP2;LMNA;HDGF;ATP6V0D1;SEC31A,0.2916666666666667
4,949,Class I MHC Mediated Antigen Processing And Presentation R-HSA-983169,63/378,1.1340578190504806e-16,Immune System,Reactome_2022,1.9128686104465942e-18,0.0,0.0,4.229345372460497,172.54852658972223,RNF14;UBE2D3;UBE3A;HERC4;NPEPPS;HERC3;ARIH2;ELOB;ELOC;FBXO9;SKP1;FBXW4;WSB1;FBXW7;FBXW2;KCTD6;CDC34;PSME3;PSME4;CANX;PSME1;PSME2;PSMD10;SEC23A;RNF34;CUL5;CUL2;CUL1;UBR4;UBR2;RNF6;RNF7;PSMB10;HECTD2;RBBP6;RNF130;SEC31A;UBE2H;SEC24B;SEC24A;SIAH2;SIAH1;HUWE1;WWP1;LNPEP;PSMB8;PSMB9;KLHL20;KLHL9;ITCH;NEDD4;MKRN1;UBA3;TPP2;FBXL3;TRIP12;CALR;FBXL5;SEC24D;SEC24C;FBXL7;UBE2M;ASB1,0.16666666666666666
4,949,ER To Golgi Anterograde Transport R-HSA-199977,37/133,4.6788027717645586e-17,Metabolism of proteins,Reactome_2022,7.328245305173406e-19,0.0,0.0,8.010496619152047,334.49735664182265,ARF4;RAB1A;COPA;SEC23A;GOSR2;GOLGA2;SCFD1;TFG;CAPZB;PPP6R1;YKT6;SEC31A;NSF;TRAPPC2;SEC16B;TRAPPC3;SEC24B;TRAPPC1;SEC24A;SEC16A;TRAPPC4;TRAPPC10;CSNK1D;TRAPPC9;ARFGAP3;ARFGAP1;ARFGAP2;TRAPPC6A;SEC23IP;CNIH1;GOLGB1;CAPZA1;CAPZA2;SEC24D;SEC24C;ARF5;BET1,0.2781954887218045
4,949,COPII-mediated Vesicle Transport R-HSA-204005,27/66,3.644590360027291e-17,Metabolism of proteins,Reactome_2022,5.269287267509337e-19,0.0,0.0,14.275654930752545,600.8226533670957,RAB1A;SEC23A;GOSR2;GOLGA2;SCFD1;TFG;PPP6R1;YKT6;SEC31A;NSF;TRAPPC2;SEC16B;TRAPPC3;SEC24B;SEC24A;TRAPPC1;SEC16A;TRAPPC10;TRAPPC4;CSNK1D;TRAPPC9;TRAPPC6A;SEC23IP;CNIH1;SEC24D;SEC24C;BET1,0.4090909090909091
4,949,Intra-Golgi And Retrograde Golgi-to-ER Traffic R-HSA-6811442,46/181,1.7973022272011225e-19,Vesicle-mediated transport,Reactome_2022,2.3819668071340176e-21,0.0,0.0,7.137820433944465,338.9491137174812,USP6NL;ARF4;RAB1A;COPA;TMF1;STX16;GOSR2;GOLIM4;GCC2;GCC1;KLC1;BICD2;RAB43;GOLGA4;KIF3B;CAPZB;CUX1;VPS51;KIF3A;KIF5B;GOLGA1;KIF13B;ARFIP2;KIF1C;KIF1B;RAB6A;RAB6B;SNAP29;YKT6;NSF;ARFGAP3;ARFGAP1;ARFGAP2;RAB33B;CAPZA1;CAPZA2;RAB18;PLIN3;RAB3GAP2;RAB9A;TRIP11;VPS45;ARF5;PAFAH1B2;RAB3GAP1;RAB9B,0.2541436464088398
4,949,Post-translational Protein Modification R-HSA-597592,156/1383,4.9726095656463226e-23,Metabolism of proteins,Reactome_2022,5.991095862224485e-25,0.0,0.0,2.857669646077999,159.38467554298185,UBE2D3;DCAF7;YY1;RAB43;GOLGA2;TFG;FBXO9;MEN1;SKP1;FBXW4;DDX17;RAB2A;NSF;PIAS3;USP7;WSB1;FBXW7;USP4;USP2;SHISA5;MRTFA;MUL1;CSNK1D;PDIA6;FBXW2;PIAS2;KCTD6;PIAS1;CDC34;DMTF1;PSME3;PSME4;RAB35;PSME1;PSME2;STAMBP;PSMD10;DDX5;COPA;CUL5;CUL2;CUL1;HSP90B1;SNX3;SCFD1;RCE1;RAB6A;RAB6B;SEC31A;TFAP2A;TRAPPC2;SEC16B;TRAPPC3;HSPA8;UBE2H;PHC2;ZRANB1;TRAPPC1;CBX4;SEC16A;TRAPPC4;SIAH2;TRAPPC9;KLHL20;PUM2;CNIH1;GOLGB1;SP3;UBA3;MDM4;FBXL3;CALR;CCDC22;FBXL5;OGT;FBXL7;UBE2M;ARF4;USP33;IDE;HIF3A;CAPZB;PPP6R1;SIN3A;UBXN7;ELOB;ELOC;USP47;USP48;USP42;COMMD1;RABGGTB;ARFGAP3;SAFB;RABGGTA;ARFGAP1;ARFGAP2;RAB33B;DNAJC3;CCNA1;TRAPPC6A;TUBB2A;PTRH2;CANX;TOP1;ARF5;OTUB1;OTUB2;USP13;RAB1A;USP14;SEC23A;ZNF350;SATB2;GOSR2;USP11;TULP4;NEDD8;RNF7;NR2C1;PSMB10;USP19;RAB21;DCAF17;TNKS2;RAB24;NRIP1;CHML;YKT6;SEC24B;MBD6;SEC24A;USP20;USP9X;MBD1;TRAPPC10;USP22;PSMB8;PML;PSMB9;HIPK2;KLHL9;RNF146;SEC23IP;RAB14;RAB12;CAPZA1;CAPZA2;RAB18;RAB9A;SEC24D;SEC24C;RAB9B;OTUD3;ASB1;BET1,0.11279826464208242
4,949,Cellular Responses To Stimuli R-HSA-8953897,107/736,1.0425768536485609e-23,Cellular responses to stimuli,Reactome_2022,1.1305050220285598e-25,0.0,0.0,3.72184102504069,213.78985396775147,UBE2D3;TATDN2;SESN1;KHSRP;SESN2;ATP6V1E1;SKP1;ATP6V1G1;ATP6V0E1;MUL1;TALDO1;PDIA6;PSME3;PSME4;CSNK2B;RRAGD;PSME1;PSME2;MAPKAPK5;FKBP4;ATP6V0D1;CLOCK;AJUBA;ATP6V1A;PSMD10;HSPA4L;CUL2;CUL1;HSP90B1;STIP1;PRDX5;HSPH1;BAG5;BAG2;PRDX1;BAG1;EP400;ATP6V1D;ATP6V1C1;SEC31A;ZBTB17;HSPA8;KLHDC3;PHC2;CBX6;CBX4;HMGA1;HSPA2;HSPA12A;H1-0;H1-2;H1-4;MDM4;CALR;HSP90AB1;CHD9;HIF3A;LIMD1;CABIN1;XPO1;CAPZB;SIN3B;SIN3A;UBXN7;ELOB;ELOC;ATP7A;ATP6V0B;HSBP1;NCOA6;MINK1;WIPI1;ARFGAP1;DNAJC3;CCNA1;NCOR1;DNAJC7;CTDSP2;ATP6V1B2;TKT;ATP6V0C;SMARCD3;GOSR2;HSPA13;ADD1;PSMB10;DNAJB6;UBN1;HSF1;LMNA;NRIP1;TBL1X;ATP6V0E2;MAP4K4;CDKN2D;NFYA;TXNRD1;PTGES3;PSMB8;ATOX1;PSMB9;DNAJA1;CCS;CAPZA1;CARM1;CAPZA2;HDGF,0.1453804347826087
4,949,Regulation Of Lipid Metabolism By PPARalpha R-HSA-400206,32/118,1.87839933377284e-14,Metabolism,Reactome_2022,3.847323936643166e-16,0.0,0.0,7.695468032766097,273.1428166316568,SMARCD3;CHD9;CCNC;MED16;MED15;MED17;MED12;MED13;SIN3B;SIN3A;TBL1X;PPARGC1B;CDK19;NFYA;NCOA6;NCOA3;TXNRD1;MED8;MED4;MED6;SREBF2;MED7;MED13L;CDK8;MED22;MED24;NCOR1;THRAP3;MED21;CARM1;MED20;CLOCK,0.2711864406779661
4,949,Cellular Responses To Stress R-HSA-2262752,107/722,2.359619905843483e-24,Cellular responses to stimuli,Reactome_2022,2.2743324393672126e-26,0.0,0.0,3.809458702663036,224.93149227115987,UBE2D3;TATDN2;SESN1;KHSRP;SESN2;ATP6V1E1;SKP1;ATP6V1G1;ATP6V0E1;MUL1;TALDO1;PDIA6;PSME3;PSME4;CSNK2B;RRAGD;PSME1;PSME2;MAPKAPK5;FKBP4;ATP6V0D1;CLOCK;AJUBA;ATP6V1A;PSMD10;HSPA4L;CUL2;CUL1;HSP90B1;STIP1;PRDX5;HSPH1;BAG5;BAG2;PRDX1;BAG1;EP400;ATP6V1D;ATP6V1C1;SEC31A;ZBTB17;HSPA8;KLHDC3;PHC2;CBX6;CBX4;HMGA1;HSPA2;HSPA12A;H1-0;H1-2;H1-4;MDM4;CALR;HSP90AB1;CHD9;HIF3A;LIMD1;CABIN1;XPO1;CAPZB;SIN3B;SIN3A;UBXN7;ELOB;ELOC;ATP7A;ATP6V0B;HSBP1;NCOA6;MINK1;WIPI1;ARFGAP1;DNAJC3;CCNA1;NCOR1;DNAJC7;CTDSP2;ATP6V1B2;TKT;ATP6V0C;SMARCD3;GOSR2;HSPA13;ADD1;PSMB10;DNAJB6;UBN1;HSF1;LMNA;NRIP1;TBL1X;ATP6V0E2;MAP4K4;CDKN2D;NFYA;TXNRD1;PTGES3;PSMB8;ATOX1;PSMB9;DNAJA1;CCS;CAPZA1;CARM1;CAPZA2;HDGF,0.1481994459833795
4,949,Rab Regulation Of Trafficking R-HSA-9007101,48/122,1.0570508101457509e-29,Vesicle-mediated transport,Reactome_2022,7.641331157680124e-32,0.0,0.0,13.66193718690944,978.8662025409689,DENND1B;RAB1A;RABGAP1;DENND5B;DENND1A;GDI2;GABARAP;RAB43;RAB21;GGA1;TRAPPC12;TBC1D13;DENND5A;TRAPPC13;CHML;RAB6A;TBC1D17;RAB6B;TBC1D15;TRAPPC2;TRAPPC3;DENND2C;ANKRD27;TRAPPC1;DENND4B;DENND4A;TRAPPC4;TRAPPC10;DENND4C;HPS1;HPS4;TRAPPC8;TRAPPC9;GAPVD1;RAB33B;TRAPPC6A;RAB14;RAB12;RAB35;TBC1D24;RAB18;RAB3GAP2;RAB9A;DENND6B;RIN3;DENND6A;RAB3GAP1;RAB9B,0.39344262295081966
4,949,Gene Expression (Transcription) R-HSA-74160,204/1449,1.9607296845672586e-45,Gene expression (Transcription),Reactome_2022,1.181162460582686e-47,0.0,0.0,3.916254548394922,423.1708863276084,ZNF175;CCNC;NOC2L;ZNF607;MYB;SKP1;ZNF285;ZNF705D;ZNF282;MED8;ZNF705A;ZNF12;MED4;MED6;MED7;RUNX1;PSME3;PSME4;CSNK2B;RRAGD;PSME1;ZNF713;PSME2;TFAM;ZSCAN25;ZFPM1;L3MBTL1;ZNF155;ZNF274;MEAF6;BAZ2A;ZNF23;ZNF25;PRDX5;PRDX1;PPARGC1B;BANP;PLK3;PHC2;NR1D2;SMARCA2;NR2F6;ZNF37A;AGO2;INTS6;INTS9;CDK13;ZNF254;ZNF253;PHF20;ZNF45;MED16;MED15;MED17;MED12;MED13;AIFM2;ZNF41;ELOB;ELOC;JARID2;ZNF485;TEAD4;BRD2;BRD1;ACTL6B;ZNF480;PRMT1;TCF12;MED24;NCOR1;MED20;RARB;ZNF479;ZNF233;ZNF595;ZNF350;NFIX;SATB2;ZNF3;TBL1X;ZNF586;ZNF101;WWOX;TIGAR;NFYA;USP9X;PCGF5;WWP1;HIPK1;POU4F1;PSMB8;POU4F2;PSMB9;HIPK2;ITCH;RYBP;TTC5;PRKRA;CCNG1;ZNF74;ZNF214;ZNF212;ZNF333;ZNF691;UBE2D3;ARID4B;YY1;CCND3;CCND2;SESN3;SESN1;SESN2;ZNF202;MEN1;USP7;FBXW7;USP2;GTF3A;ZNF99;POLRMT;NRBP1;KCTD6;SAP30;GPRIN1;KAT6A;ZNF679;ZNF558;MAPKAPK5;ZNF557;ZNF676;ZNF433;ZNF675;ZNF430;PSMD10;ZNF671;CBFB;DLX6;CUL1;MOBP;ZKSCAN8;ZKSCAN3;ZKSCAN5;TFAP2A;ZFHX3;CBX6;POU2F1;CBX4;CDK9;CDK8;ZFP69;TP53I3;ZNF417;JMY;MDM4;ZNF655;ZNF775;ZNF774;ZNF772;PIWIL2;KDM5B;DYRK2;CHD4;TRIAP1;YBX1;AFF4;SIN3B;PPP1R13L;SIN3A;ZNF528;TGIF1;TGIF2;PPP2R5C;RABGGTB;RABGGTA;RBL2;PPM1A;CCNA1;ELF2;ZNF510;ZNF197;RNF34;SMARCD3;ZNF195;PPM1D;NR2C1;PSMB10;ZNF749;TP53INP1;ZNF746;SAP18;E2F5;RFFL;ZNF860;ZNF184;TXNRD1;ZNF804B;PML;CARM1;ZNF737;ZNF735;PTPN4;ZNF730;TRIM33,0.14078674948240166
4,949,RNA Polymerase II Transcription R-HSA-73857,193/1312,1.6739986206329002e-45,Gene expression (Transcription),Reactome_2022,8.067463231965783e-48,0.0,0.0,4.091044063340757,443.61745789779866,ZNF175;CCNC;NOC2L;ZNF607;MYB;SKP1;ZNF285;ZNF705D;ZNF282;MED8;ZNF705A;ZNF12;MED4;MED6;MED7;RUNX1;PSME3;PSME4;CSNK2B;RRAGD;PSME1;ZNF713;PSME2;ZSCAN25;ZFPM1;L3MBTL1;ZNF155;ZNF274;MEAF6;ZNF23;ZNF25;PRDX5;PRDX1;PPARGC1B;BANP;PLK3;PHC2;NR1D2;SMARCA2;NR2F6;ZNF37A;AGO2;INTS6;INTS9;CDK13;ZNF254;ZNF253;PHF20;ZNF45;MED16;MED15;MED17;MED12;MED13;AIFM2;ZNF41;ELOB;ELOC;ZNF485;TEAD4;BRD2;BRD1;ACTL6B;ZNF480;PRMT1;TCF12;MED24;NCOR1;MED20;RARB;ZNF479;ZNF233;ZNF595;ZNF350;SATB2;ZNF3;TBL1X;ZNF586;ZNF101;WWOX;TIGAR;NFYA;USP9X;PCGF5;WWP1;HIPK1;POU4F1;PSMB8;POU4F2;PSMB9;HIPK2;ITCH;RYBP;TTC5;CCNG1;ZNF74;ZNF214;ZNF212;ZNF333;ZNF691;UBE2D3;YY1;CCND3;CCND2;SESN3;SESN1;SESN2;ZNF202;MEN1;USP7;FBXW7;USP2;ZNF99;NRBP1;KCTD6;GPRIN1;KAT6A;ZNF679;ZNF558;MAPKAPK5;ZNF557;ZNF676;ZNF433;ZNF675;ZNF430;PSMD10;ZNF671;CBFB;DLX6;CUL1;MOBP;ZKSCAN8;ZKSCAN3;ZKSCAN5;TFAP2A;ZFHX3;CBX6;POU2F1;CBX4;CDK9;CDK8;ZFP69;TP53I3;ZNF417;JMY;MDM4;ZNF655;ZNF775;ZNF774;ZNF772;KDM5B;DYRK2;CHD4;TRIAP1;YBX1;AFF4;SIN3B;PPP1R13L;SIN3A;ZNF528;TGIF1;TGIF2;PPP2R5C;RABGGTB;RABGGTA;RBL2;PPM1A;CCNA1;ELF2;ZNF510;ZNF197;RNF34;SMARCD3;ZNF195;PPM1D;NR2C1;PSMB10;ZNF749;TP53INP1;ZNF746;E2F5;RFFL;ZNF860;ZNF184;TXNRD1;ZNF804B;PML;CARM1;ZNF737;ZNF735;PTPN4;ZNF730;TRIM33,0.14710365853658536
4,949,Vesicle-mediated Transport R-HSA-5653656,131/637,1.0199762824910864e-45,Vesicle-mediated transport,Reactome_2022,3.686661262015975e-48,0.0,0.0,5.869408177662669,641.0530236560094,ITSN2;USP6NL;DENND5B;GOLIM4;GCC2;GCC1;FNBP1L;RAB43;GOLGA2;GOLGA4;TFG;KIF5B;GOLGA1;TRAPPC12;ARFIP2;DENND5A;TRAPPC13;VPS36;AGFG1;NSF;CSNK1D;GAPVD1;RALGAPB;RAB35;TBC1D24;RIN3;DENND6B;DENND6A;COPA;KLC1;GABARAP;HSP90B1;SCFD1;HSPH1;SNX2;KIF3B;KIF3A;PACSIN2;TBC1D13;AP4S1;RAB6A;TBC1D17;RAB6B;TBC1D15;SEC31A;TRAPPC2;SEC16B;TRAPPC3;HSPA8;ANKRD27;TOR1A;TRAPPC1;DENND4B;DENND4A;SEC16A;TRAPPC4;HPS1;DENND4C;HPS4;ASPSCR1;LNPEP;TRAPPC8;TRAPPC9;TOR1B;PUM1;CNIH1;GOLGB1;CALR;PICALM;ARF4;DENND1B;C2CD5;HIP1;DENND1A;GDI2;CLINT1;BICD2;AP4M1;CAPZB;PPP6R1;KIF13B;KIF1C;KIF1B;SNAP29;DENND2C;AP3B1;ARFGAP3;ARFGAP1;ARFGAP2;RAB33B;GAK;TRAPPC6A;VAMP7;PLIN3;EXOC5;ARF5;PAFAH1B2;RAB1A;SEC23A;TMF1;RABGAP1;STX16;GOSR2;NEDD8;RAB21;GGA1;VPS51;CUX1;UBQLN1;CHML;YKT6;UBQLN2;SEC24B;SEC24A;TRAPPC10;SEC23IP;NECAP1;RAB14;RAB12;CAPZA1;CAPZA2;RAB18;RAB3GAP2;RAB9A;TRIP11;VPS45;SEC24D;SEC24C;RAB3GAP1;RAB9B;BET1,0.20565149136577707
4,949,Membrane Trafficking R-HSA-199991,128/599,2.25985596522202e-46,Vesicle-mediated transport,Reactome_2022,5.4454360607759505e-49,0.0,0.0,6.150233649089325,683.4870999365684,ITSN2;USP6NL;DENND5B;GOLIM4;GCC2;GCC1;FNBP1L;RAB43;GOLGA2;GOLGA4;TFG;KIF5B;GOLGA1;TRAPPC12;ARFIP2;DENND5A;TRAPPC13;VPS36;AGFG1;NSF;CSNK1D;GAPVD1;RALGAPB;RAB35;TBC1D24;RIN3;DENND6B;DENND6A;COPA;KLC1;GABARAP;SCFD1;SNX2;KIF3B;KIF3A;PACSIN2;TBC1D13;AP4S1;RAB6A;TBC1D17;RAB6B;TBC1D15;SEC31A;TRAPPC2;SEC16B;TRAPPC3;HSPA8;ANKRD27;TOR1A;TRAPPC1;DENND4B;DENND4A;SEC16A;TRAPPC4;HPS1;DENND4C;HPS4;ASPSCR1;LNPEP;TRAPPC8;TRAPPC9;TOR1B;PUM1;CNIH1;GOLGB1;PICALM;ARF4;DENND1B;C2CD5;HIP1;DENND1A;GDI2;CLINT1;BICD2;AP4M1;CAPZB;PPP6R1;KIF13B;KIF1C;KIF1B;SNAP29;DENND2C;AP3B1;ARFGAP3;ARFGAP1;ARFGAP2;RAB33B;GAK;TRAPPC6A;VAMP7;PLIN3;EXOC5;ARF5;PAFAH1B2;RAB1A;SEC23A;TMF1;RABGAP1;STX16;GOSR2;NEDD8;RAB21;GGA1;VPS51;CUX1;UBQLN1;CHML;YKT6;UBQLN2;SEC24B;SEC24A;TRAPPC10;SEC23IP;NECAP1;RAB14;RAB12;CAPZA1;CAPZA2;RAB18;RAB3GAP2;RAB9A;TRIP11;VPS45;SEC24D;SEC24C;RAB3GAP1;RAB9B;BET1,0.21368948247078465
4,949,Generic Transcription Pathway R-HSA-212436,189/1190,5.58730336738134e-49,Gene expression (Transcription),Reactome_2022,6.731690804073903e-52,0.0,0.0,4.484265734265734,528.3702624581762,ZNF175;ZNF691;UBE2D3;CCNC;NOC2L;YY1;CCND3;CCND2;SESN3;ZNF607;SESN1;SESN2;MYB;ZNF202;MEN1;SKP1;ZNF285;USP7;ZNF705D;ZNF282;FBXW7;USP2;MED8;ZNF705A;ZNF99;ZNF12;MED4;MED6;NRBP1;KCTD6;MED7;RUNX1;PSME3;GPRIN1;KAT6A;PSME4;CSNK2B;RRAGD;PSME1;ZNF713;PSME2;ZNF679;ZNF558;MAPKAPK5;ZNF557;ZSCAN25;ZNF676;ZNF433;ZNF675;ZFPM1;ZNF430;L3MBTL1;PSMD10;ZNF155;ZNF671;ZNF274;MEAF6;CBFB;DLX6;CUL1;ZNF23;ZNF25;PRDX5;MOBP;PRDX1;ZKSCAN8;ZKSCAN3;ZKSCAN5;PPARGC1B;BANP;TFAP2A;PLK3;ZFHX3;PHC2;CBX6;CBX4;NR1D2;SMARCA2;NR2F6;CDK9;CDK8;ZFP69;TP53I3;ZNF37A;AGO2;ZNF417;JMY;MDM4;ZNF655;CDK13;ZNF775;ZNF774;ZNF772;ZNF254;ZNF253;KDM5B;DYRK2;PHF20;CHD4;ZNF45;TRIAP1;YBX1;MED16;MED15;MED17;MED12;MED13;SIN3B;PPP1R13L;AIFM2;SIN3A;ZNF528;ZNF41;ELOB;ELOC;ZNF485;TGIF1;TEAD4;BRD2;BRD1;TGIF2;ACTL6B;ZNF480;PRMT1;TCF12;PPP2R5C;RABGGTB;RABGGTA;RBL2;PPM1A;CCNA1;MED24;ELF2;NCOR1;MED20;RARB;ZNF479;ZNF510;ZNF233;ZNF595;ZNF197;ZNF350;RNF34;SMARCD3;ZNF195;SATB2;ZNF3;PPM1D;NR2C1;PSMB10;ZNF749;TP53INP1;ZNF746;TBL1X;E2F5;RFFL;ZNF586;ZNF860;ZNF101;WWOX;TIGAR;NFYA;ZNF184;USP9X;PCGF5;TXNRD1;ZNF804B;WWP1;HIPK1;POU4F1;PSMB8;PML;POU4F2;PSMB9;HIPK2;ITCH;RYBP;TTC5;CARM1;ZNF737;CCNG1;ZNF74;ZNF735;ZNF214;PTPN4;ZNF730;ZNF212;TRIM33;ZNF333,0.1588235294117647
4,949,RAB GEFs Exchange GTP For GDP On RABs R-HSA-8876198,39/89,3.5969137185356364e-26,Vesicle-mediated transport,Reactome_2022,3.0335416903312597e-28,0.0,0.0,16.286571428571428,1031.9603543176477,DENND1B;RAB1A;DENND5B;DENND1A;GDI2;RAB21;TRAPPC12;DENND5A;TRAPPC13;CHML;RAB6A;RAB6B;TRAPPC2;DENND2C;TRAPPC3;ANKRD27;TRAPPC1;DENND4B;DENND4A;TRAPPC10;TRAPPC4;DENND4C;HPS1;HPS4;TRAPPC8;TRAPPC9;GAPVD1;TRAPPC6A;RAB14;RAB12;RAB35;RAB18;RAB3GAP2;RAB9A;DENND6B;RIN3;DENND6A;RAB3GAP1;RAB9B,0.43820224719101125
4,949,Chromatin Modifying Enzymes R-HSA-3247509,33/238,6.818933374775991e-07,Chromatin organization,Reactome_2022,3.2040771279067914e-08,0.0,0.0,3.311950154436042,57.15186185263116,KDM5A;KDM5B;SETD2;KDM5C;SMARCD3;MEAF6;KDM1A;PHF20;ARID4A;ARID4B;CHD4;PHF21A;MECOM;EP400;HMG20B;SAP18;TBL1X;BRD1;KDM4B;ACTL6B;PRMT1;USP22;SMARCA2;SAP30;MORF4L1;REST;NCOR1;KAT6A;CARM1;BRWD1;CLOCK;OGT;RCOR1,0.13865546218487396
4,949,Transport To Golgi And Subsequent Modification R-HSA-948021,37/164,5.989354448736366e-14,Metabolism of proteins,Reactome_2022,1.2988961455090914e-15,0.0,0.0,6.0452755905511815,207.2154929217973,ARF4;RAB1A;COPA;SEC23A;GOSR2;GOLGA2;SCFD1;TFG;CAPZB;PPP6R1;YKT6;SEC31A;NSF;TRAPPC2;SEC16B;TRAPPC3;SEC24B;TRAPPC1;SEC24A;SEC16A;TRAPPC4;TRAPPC10;CSNK1D;TRAPPC9;ARFGAP3;ARFGAP1;ARFGAP2;TRAPPC6A;SEC23IP;CNIH1;GOLGB1;CAPZA1;CAPZA2;SEC24D;SEC24C;ARF5;BET1,0.22560975609756098
4,949,PTEN Regulation R-HSA-6807070,31/139,1.4598926090908122e-11,Signal Transduction,Reactome_2022,3.693704191675549e-13,0.0,0.0,5.923031146615025,169.55847290039077,PSMD10;USP13;KDM1A;ATN1;CHD4;PSMB10;MECOM;TNKS2;SALL4;MAF1;USP7;CBX6;PHC2;CBX4;PML;PSMB8;PSMB9;RNF146;REST;PSME3;NEDD4;CSNK2B;PSME4;RRAGD;AGO2;MKRN1;PSME1;PSME2;RCOR1;FRK;OTUD3,0.22302158273381295
4,949,XBP1(S) Activates Chaperone Genes R-HSA-381038,14/46,3.4628059508103415e-07,Cellular responses to stimuli,Reactome_2022,1.5436604840961763e-08,0.0,0.0,8.899264705882352,160.06684008577665,KLHDC3;ZBTB17;GOSR2;WIPI1;PDIA6;ADD1;ARFGAP1;DNAJC3;TATDN2;CTDSP2;LMNA;HDGF;ATP6V0D1;SEC31A,0.30434782608695654
4,949,Insulin Receptor Recycling R-HSA-77387,11/26,2.395184943546299e-07,Signal Transduction,Reactome_2022,1.0388753972008042e-08,0.0,0.0,14.882444918265811,273.577168247714,ATP6V1A;ATP6V0B;ATP6V1G1;ATP6V0E1;ATP6V1B2;ATP6V0E2;ATP6V1E1;ATP6V0D1;ATP6V1D;ATP6V0C;ATP6V1C1,0.4230769230769231
4,949,SUMOylation Of Transcription Cofactors R-HSA-3899300,14/43,1.3665420868439784e-07,Metabolism of proteins,Reactome_2022,5.762526872233643e-09,0.0,0.0,9.821427254287295,186.3310352066462,DDX17;PIAS3;DDX5;PHC2;ZNF350;CBX4;MBD1;MRTFA;SAFB;PIAS2;HIPK2;PIAS1;SIN3A;NRIP1,0.32558139534883723
4,949,RAB Geranylgeranylation R-HSA-8873719,17/62,6.7229947250452e-08,Metabolism of proteins,Reactome_2022,2.672997902728814e-09,0.0,0.0,7.703910348116357,152.07569244661502,RAB2A;RAB1A;RABGGTB;RABGGTA;RAB33B;RAB43;RAB21;RAB14;RAB12;RAB35;RAB24;RAB18;RAB9A;CHML;RAB6A;RAB6B;RAB9B,0.27419354838709675
4,949,Asparagine N-linked Glycosylation R-HSA-446203,39/282,5.0870169278273473e-08,Metabolism of proteins,Reactome_2022,1.961259538439459e-09,0.0,0.0,3.3171075837742503,66.50694209212278,ARF4;RAB1A;COPA;SEC23A;GOSR2;GOLGA2;SCFD1;TFG;CAPZB;PPP6R1;YKT6;SEC31A;NSF;TRAPPC2;SEC16B;TRAPPC3;SEC24B;TRAPPC1;SEC24A;TRAPPC10;SEC16A;TRAPPC4;CSNK1D;TRAPPC9;ARFGAP3;ARFGAP1;ARFGAP2;SEC23IP;TRAPPC6A;CNIH1;GOLGB1;CAPZA1;CANX;CAPZA2;CALR;SEC24D;SEC24C;ARF5;BET1,0.13829787234042554
4,949,Transcriptional Regulation By RUNX1 R-HSA-8878171,33/204,1.6506441267798576e-08,Gene expression (Transcription),Reactome_2022,6.165056377129588e-10,0.0,0.0,3.977629663678848,84.3534079091612,PSMD10;SMARCD3;CBFB;PSMB10;CCND3;CCND2;SIN3B;SIN3A;MYB;PHC2;CBX6;ACTL6B;CBX4;PRMT1;PCGF5;TCF12;SMARCA2;PSMB8;KCTD6;PML;RUNX1;HIPK2;PSMB9;ITCH;RYBP;ELF2;PSME3;CSNK2B;PSME4;AGO2;PSME1;PSME2;ZFPM1,0.16176470588235295
4,949,PPARA Activates Gene Expression R-HSA-1989781,30/116,5.428205771156913e-13,Metabolism,Reactome_2022,1.3080013906402197e-14,0.0,0.0,7.198800516233519,230.12903037066232,SMARCD3;CHD9;CCNC;MED16;MED15;MED17;MED12;MED13;TBL1X;PPARGC1B;CDK19;NFYA;NCOA6;NCOA3;TXNRD1;MED8;MED4;MED6;SREBF2;MED7;MED13L;CDK8;MED22;MED24;NCOR1;THRAP3;MED21;CARM1;MED20;CLOCK,0.25862068965517243
4,949,Cellular Response To Chemical Stress R-HSA-9711123,31/182,1.5258293952170373e-08,Cellular responses to stimuli,Reactome_2022,5.515046006808567e-10,0.0,0.0,4.226723802103623,90.10686585365885,PSMD10;SMARCD3;CHD9;CUL1;PSMB10;PRDX5;SIN3B;SIN3A;SESN1;PRDX1;SESN2;UBXN7;TBL1X;ATP7A;SKP1;NCOA6;TXNRD1;MUL1;TALDO1;ATOX1;PSMB8;PSMB9;CCS;NCOR1;PSME3;CARM1;CSNK2B;PSME4;PSME1;PSME2;TKT,0.17032967032967034
4,949,Retrograde Transport At Trans-Golgi-Network R-HSA-6811440,16/48,9.306908261832369e-09,Vesicle-mediated transport,Reactome_2022,3.1396798955579067e-10,0.0,0.0,10.192390139335476,223.02712989192696,USP6NL;NSF;TMF1;STX16;GCC2;GCC1;RAB43;GOLGA4;VPS51;GOLGA1;ARFIP2;PLIN3;RAB9A;RAB6A;RAB6B;RAB9B,0.3333333333333333
4,949,Regulation Of TP53 Activity R-HSA-5633007,29/157,8.427401438567383e-09,Gene expression (Transcription),Reactome_2022,2.741443841461679e-10,0.0,0.0,4.660045855978261,102.60193611469788,L3MBTL1;DYRK2;RNF34;MEAF6;PHF20;CHD4;NOC2L;PPP1R13L;TP53INP1;RFFL;BANP;PLK3;USP7;BRD1;USP2;PPP2R5C;HIPK1;POU4F1;PML;POU4F2;HIPK2;CCNA1;TTC5;KAT6A;CSNK2B;JMY;CCNG1;MAPKAPK5;MDM4,0.18471337579617833
4,949,Deubiquitination R-HSA-5688426,41/279,3.8110852874484524e-09,Metabolism of proteins,Reactome_2022,1.1479172552555576e-10,0.0,0.0,3.569267574871358,81.69304543728543,PSMD10;OTUB2;USP13;USP14;USP33;USP11;NEDD8;IDE;PSMB10;USP19;SNX3;YY1;TNKS2;RCE1;USP47;ZRANB1;USP7;USP48;MBD6;USP42;USP20;USP9X;USP4;SIAH2;USP22;USP2;MUL1;PSMB8;PSMB9;RNF146;CCNA1;PSME3;PTRH2;PSME4;PSME1;PSME2;MDM4;STAMBP;OGT;OTUB1;OTUD3,0.14695340501792115
4,949,Golgi-to-ER Retrograde Transport R-HSA-8856688,25/112,2.380799286737977e-09,Vesicle-mediated transport,Reactome_2022,6.884238901411017e-11,0.0,0.0,5.897646414887794,138.0002164916485,ARF4;RAB1A;COPA;KLC1;BICD2;KIF3B;CAPZB;KIF3A;KIF5B;KIF13B;KIF1C;KIF1B;RAB6A;RAB6B;NSF;ARFGAP3;ARFGAP1;ARFGAP2;CAPZA1;CAPZA2;RAB18;RAB3GAP2;ARF5;PAFAH1B2;RAB3GAP1,0.22321428571428573
4,949,Transcriptional Regulation By TP53 R-HSA-3700989,50/354,1.6712198577466159e-10,Gene expression (Transcription),Reactome_2022,4.631091172068936e-12,0.0,0.0,3.42979772847023,89.51164517378164,DYRK2;PHF20;CHD4;TRIAP1;NOC2L;SESN3;AIFM2;PPP1R13L;SESN1;SESN2;ELOB;ELOC;BRD1;USP7;PRMT1;USP2;PPP2R5C;RABGGTB;RABGGTA;RBL2;CCNA1;KAT6A;CSNK2B;RRAGD;MAPKAPK5;L3MBTL1;RNF34;MEAF6;PRDX5;PRDX1;TP53INP1;RFFL;BANP;PLK3;TIGAR;TXNRD1;HIPK1;POU4F1;POU4F2;PML;HIPK2;CDK9;TP53I3;TTC5;CARM1;AGO2;CCNG1;JMY;MDM4;CDK13,0.14124293785310735
4,949,Neddylation R-HSA-8951664,40/237,8.879295944078023e-11,Metabolism of proteins,Reactome_2022,2.353548322526705e-12,0.0,0.0,4.211466831962384,112.76243294684726,PSMD10;CUL5;UBE2D3;CUL2;CUL1;TULP4;NEDD8;HIF3A;RNF7;DCAF7;PSMB10;DCAF17;UBXN7;ELOB;ELOC;FBXO9;SKP1;FBXW4;WSB1;FBXW7;MUL1;COMMD1;PSMB8;FBXW2;KCTD6;PUM2;PSMB9;KLHL20;KLHL9;PSME3;PSME4;PSME1;UBA3;PSME2;FBXL3;CCDC22;FBXL5;FBXL7;UBE2M;ASB1,0.16877637130801687
4,949,Ub-specific Processing Proteases R-HSA-5689880,33/201,1.1878956184766562e-08,Metabolism of proteins,Reactome_2022,4.1504786669666296e-10,0.0,0.0,4.049302089831566,87.47556371346097,PSMD10;USP13;USP14;USP33;USP11;IDE;PSMB10;USP19;SNX3;TNKS2;RCE1;USP47;USP7;USP48;USP42;USP20;USP9X;USP4;SIAH2;USP22;USP2;MUL1;PSMB8;PSMB9;RNF146;CCNA1;PSME3;PTRH2;PSME4;PSME1;PSME2;MDM4;OTUB1,0.16417910447761194
4,949,Antigen Processing: Ubiquitination And Proteasome Degradation R-HSA-983168,55/307,6.009296434307182e-16,Immune System,Reactome_2022,1.0860174278868398e-17,0.0,0.0,4.589436632221867,179.26995459023473,RNF14;UBE2D3;UBE3A;HERC4;NPEPPS;HERC3;ARIH2;ELOB;ELOC;FBXO9;SKP1;FBXW4;WSB1;FBXW7;FBXW2;KCTD6;CDC34;PSME3;PSME4;PSME1;PSME2;PSMD10;RNF34;CUL5;CUL2;CUL1;UBR4;UBR2;RNF6;RNF7;PSMB10;HECTD2;RBBP6;RNF130;UBE2H;SIAH2;SIAH1;HUWE1;WWP1;LNPEP;PSMB8;PSMB9;KLHL20;KLHL9;ITCH;NEDD4;MKRN1;UBA3;TPP2;FBXL3;TRIP12;FBXL5;FBXL7;UBE2M;ASB1,0.1791530944625407
4,949,Transcriptional Regulation Of White Adipocyte Differentiation R-HSA-381340,28/84,3.629177432365137e-15,Developmental Biology,Reactome_2022,6.99600468889665e-17,0.0,0.0,10.312160694896852,383.5980166558419,SMARCD3;CHD9;CCNC;MED16;MED15;MED17;MED12;CCND3;MED13;TBL1X;CDK19;NCOA6;NCOA3;MED8;MED4;MED6;SREBF2;MED7;MED13L;MED22;CDK8;MED24;NCOR1;THRAP3;MED21;ZNF638;CARM1;MED20,0.3333333333333333
4,949,TRAPPIII Protein Complex (GO:1990072),7/11,5.809102007306863e-06,protein-containing complex,GO_Cellular_Component_2023,1.478680510950838e-07,0.0,0.0,35.38455414012739,556.4909547690105,TRAPPC2;TRAPPC3;TRAPPC6A;TRAPPC4;TRAPPC12;TRAPPC8;TRAPPC13,0.6363636363636364
4,949,Regulation Of Autophagy (GO:0010506),33/241,3.023867363615252e-06,biological regulation,GO_Biological_Process_2023,4.356818241969016e-08,0.0,0.0,3.263662033926772,55.31560779627552,ATP6V1A;USP13;SETD2;USP33;GOLGA2;RB1CC1;TP53INP1;ZKSCAN3;TLK2;UBQLN1;ATP6V1E1;ATP6V0E2;DNM1L;DRAM2;ATP6V1D;ATP6V1C1;TRIM23;UBQLN2;ATP6V1G1;ATP6V0B;ATP6V0E1;USP20;FBXW7;SREBF2;TMEM59;NEDD4;RRAGD;ATP6V1B2;ATP6V0D1;ATP6V0C;EIF4G3;EIF4G2;CDK16,0.13692946058091288
4,949,Protein Serine/Threonine Kinase Activity (GO:0004674),40/342,2.801012112340214e-06,catalytic activity,GO_Molecular_Function_2023,1.4127911970137045e-07,0.0,0.0,2.7319155756635265,43.08921581502442,DYRK2;MAST2;TESK2;PPM1D;STK3;MAP3K20;TLK2;TLK1;RIOK1;MARK2;MAP4K4;SRPK2;PLK3;BRD2;CDKL3;CSNK1G3;CDK19;CDKL5;RIOK3;MINK1;DYRK1A;CSNK1D;CSNK1E;OXSR1;HIPK1;CDK11B;NRBP1;CLK3;HIPK2;CDK9;CDK8;STK24;PRKD3;CSNK2B;SIK3;MAPKAPK5;TOP1;CDK13;CSNK1G2;CDK16,0.11695906432748537
4,949,Cytosolic Transport (GO:0016482),23/127,2.002530410659099e-06,localization,GO_Biological_Process_2023,2.807285622419298e-08,0.0,0.0,4.525056072437282,78.68376872250573,SPAG9;ANKRD27;STX16;GCC2;RBSN;KLHL20;RAB43;AP4M1;GAK;RGP1;GGA1;PREPL;SNX1;SNX2;VPS51;RAB14;RAB9A;DENND5A;RAB6A;TBC1D17;RAB6B;YKT6;RAB9B,0.18110236220472442
4,949,Organelle Organization (GO:0006996),48/418,1.1044904197100354e-06,cellular process,GO_Biological_Process_2023,1.442483187311427e-08,0.0,0.0,2.6897681255061943,48.56192015375554,USP6NL;RAB1A;PHB1;TMED10;NUMA1;PITPNB;MAST2;FNBP1L;GABPB1;LIMD1;RAB43;GOLGA2;BAG5;GOLGA5;TERT;CAPZB;VPS51;KIF3A;TRAPPC12;PACSIN2;ATP7A;DNM1L;RAB6B;SEC31B;SEC31A;RAB2A;SEC16B;ZRANB1;TOR1A;SEC16A;STX7;TRAPPC8;CSNK1D;TOR1B;KLHL20;GAK;SEC23IP;RAB14;KAT6A;DNAJA3;GOLGB1;PEX6;RAB18;TRIP11;BRWD1;AJUBA;RAB3GAP1;PPID,0.11483253588516747
4,949,Regulation Of Transcription Elongation By RNA Polymerase II (GO:0034243),18/77,1.1044904197100354e-06,biological regulation,GO_Biological_Process_2023,1.462331552575592e-08,0.0,0.0,6.223597735258243,112.27773994498084,HEXIM1;LDB1;SRCAP;MED8;MED16;MED4;MED15;MED6;MED17;MED7;CDK9;MED22;MED21;MED20;INTS6;EAPP;CDK13;INTS9,0.23376623376623376
4,949,"Retrograde Transport, Endosome To Golgi (GO:0042147)",20/94,1.0580604975155983e-06,localization,GO_Biological_Process_2023,1.3184554486175685e-08,0.0,0.0,5.520903034358363,100.17247818939504,SPAG9;STX16;TRAPPC10;GCC2;RBSN;RAB43;SNX3;RGP1;GGA1;PREPL;SNX1;SNX2;VPS51;RAB9A;DENND5A;RAB6A;TBC1D17;RAB6B;YKT6;RAB9B,0.2127659574468085
4,949,Protein Deubiquitination (GO:0016579),22/112,9.91411660155998e-07,cellular process,GO_Biological_Process_2023,1.1967975648300597e-08,0.0,0.0,4.999904111230972,91.20340814220144,USP46;OTUB2;USP13;USP47;USP14;USP7;ZRANB1;USP48;USP6;USP16;USP42;USP20;USP4;USP9X;USP33;USP11;USP22;USP2;USP19;STAMBP;OTUB1;OTUD3,0.19642857142857142
4,949,Modification-Dependent Protein Catabolic Process (GO:0019941),30/192,7.274037220386746e-07,cellular process,GO_Biological_Process_2023,8.497707033162088e-09,0.0,0.0,3.80627090637972,70.73371918571786,RNF34;PPP1R11;RNF13;RNF14;USP33;UBE2D3;UBR4;NEDD8;RNF6;RNF7;RPGR;HERC4;HERC3;ARIH2;RBBP6;ARIH1;ELOC;RFFL;RNF130;FBXW4;UBE2H;SIAH2;SIAH1;KCTD6;RNF146;ITCH;CDC34;NEDD4;TRIP12;FBXL7,0.15625
4,949,Intracellular Steroid Hormone Receptor Signaling Pathway (GO:0030518),14/43,5.102816899274481e-07,cellular process,GO_Biological_Process_2023,5.762526872233643e-09,0.0,0.0,9.821427254287295,186.3310352066462,DDX17;DDX5;PHB1;TMF1;RBFOX2;RNF14;WBP2;NCOA4;UBE3A;SAFB;POU4F2;ZMIZ1;NEDD4;PPARGC1B,0.32558139534883723
4,949,Regulation Of Transcription Initiation By RNA Polymerase II (GO:0060260),16/57,4.944316431815143e-07,biological regulation,GO_Biological_Process_2023,5.390999224720561e-09,0.0,0.0,7.951271795676156,151.3805670466809,ZNF451;MED8;MED16;MED4;PPM1D;MED15;MED6;MED17;MED7;MED12;MED22;MED13;ZNHIT1;MED21;MED20;DHX36,0.2807017543859649
4,949,Chromatin Organization (GO:0006325),37/268,4.944316431815143e-07,cellular process,GO_Biological_Process_2023,5.333446828005931e-09,0.0,0.0,3.30532771322245,62.96407384471394,L3MBTL1;KDM5A;KDM5B;ZNF274;KDM5C;SMARCD3;SATB2;CHD7;BAZ2A;CHD4;CTCF;BMI1;CHD1;CABIN1;YY1;ZNHIT1;UBN1;BCL7B;DPF2;JARID2;SKP1;BRD2;KDM4B;BRPF1;ACTL6B;BICRAL;MBD2;BAZ1A;SAFB;SMARCA2;PER2;SFPQ;REST;RYBP;HDGF;TOP1;BCOR,0.13805970149253732
4,949,Regulation Of Stem Cell Population Maintenance (GO:2000036),16/56,4.005072732057714e-07,biological regulation,GO_Biological_Process_2023,4.054980180432264e-09,0.0,0.0,8.15048231511254,157.49437823145774,ACTL6B;BICRAL;NCOA3;ARID4A;ARID4B;ELAVL1;ING1;SMARCA2;SAP30;ING2;REST;BRMS1;SIN3A;BCL7B;DPF2;OGT,0.2857142857142857
4,949,Cysteine-Type Peptidase Activity (GO:0008234),25/144,3.725044731645128e-07,catalytic activity,GO_Molecular_Function_2023,1.7154811264155192e-08,0.0,0.0,4.304449052348212,76.96779824665009,OTUB2;USP13;USP14;USPL1;USP16;USP33;USP11;USP19;HINT1;CAPN7;RCE1;USP46;USP47;USP7;ZRANB1;USP48;USP6;USP42;USP20;USP4;USP9X;USP22;USP2;OTUB1;OTUD3,0.1736111111111111
4,949,"DNA-binding Transcription Repressor Activity, RNA Polymerase II-specific (GO:0001227)",34/243,3.598277303698372e-07,transcription regulator activity,GO_Molecular_Function_2023,1.5781917998677072e-08,0.0,0.0,3.349951630193218,60.17987435756636,ZNF175;ZNF350;CTCF;ZNF3;ZNF25;YY1;ZNF749;HSF1;MLX;ZKSCAN3;ZNF746;ZNF202;TFAP2A;TGIF1;ZFHX3;TGIF2;ZNF705D;ZNF705A;POU4F1;SREBF2;POU4F2;THAP11;TBX2;ZFP69;REST;SP2;ZNF705EP;NFX1;ERF;ZNF217;ZNF558;ZNF557;TCF3;MZF1,0.13991769547325103
4,949,Deubiquitinase Activity (GO:0101005),22/113,3.409243340078118e-07,catalytic activity,GO_Molecular_Function_2023,1.4205180583658824e-08,0.0,0.0,4.944699313631353,89.34903099401416,USP46;OTUB2;USP13;USP47;USP14;USP7;ZRANB1;USP48;USP6;USP16;USP42;USP20;USP4;USP9X;USP33;USP11;USP22;USP2;USP19;STAMBP;OTUB1;OTUD3,0.19469026548672566
4,949,Core Mediator Complex (GO:0070847),10/23,3.2415990175660617e-06,protein-containing complex,GO_Cellular_Component_2023,3.5906870396771326e-08,0.0,0.0,15.595969525681983,267.35136831762827,MED22;MED21;MED20;MED8;MED16;MED4;MED15;MED6;MED17;MED7,0.43478260869565216
4,949,cullin-RING Ubiquitin Ligase Complex (GO:0031461),27/174,3.2415990175660617e-06,protein-containing complex,GO_Cellular_Component_2023,5.4345769934199075e-08,0.0,0.0,3.7659037584665103,62.99565792814301,CUL5;PEF1;CUL2;CUL1;RNF7;DCAF7;FBXO42;DCAF17;SPOP;ELOB;ELOC;FBXO9;SKP1;PCMTD1;FBXW4;KLHDC3;USP47;FBXW7;COMMD1;KCTD5;KLHL20;KLHL9;APPBP2;FBXL3;FBXL5;LZTR1;FBXL7,0.15517241379310345
4,949,Vacuolar Proton-Transporting V-type ATPase Complex (GO:0016471),10/24,3.2415990175660617e-06,protein-containing complex,GO_Cellular_Component_2023,5.8938163955746586e-08,0.0,0.0,14.48121101475734,241.06549061472995,ATP6V1A;ATP6V0B;ATP6V1G1;ATP6V1B2;ATP6V0D1;ATP6V0E2;ATP6V1E1;ATP6V0C;ATP6V1D;ATP6V1C1,0.4166666666666667
4,949,Cadherin Binding (GO:0045296),38/319,3.4286660983228758e-06,binding,GO_Molecular_Function_2023,1.804561104380461e-07,0.0,0.0,2.786269829798704,43.26458004564269,RAB1A;HSP90AB1;DOCK9;ASAP1;FNBP1L;CLINT1;ADD1;GOLGA2;SNX1;LARP1;SNX2;CAPZB;PPP1R13L;PRDX1;KIF5B;PACSIN2;ARFIP2;YKT6;MARK2;CAST;LYPLA2;HSPA8;SEPTIN2;CSNK1D;GAPVD1;SEPTIN9;PRDX6;SEPTIN7;CD2AP;RAB11B;ATXN2L;RSL1D1;CCS;STK24;CAPZA1;PLIN3;EIF4G2;PICALM,0.11912225705329153
4,949,Regulation Of Proteasomal Ubiquitin-Dependent Protein Catabolic Process (GO:0032434),20/109,9.759484688773164e-06,biological regulation,GO_Biological_Process_2023,1.7861985216991384e-07,0.0,0.0,4.586785355764928,71.26949847176529,PSMD10;USP7;HSP90AB1;RNF14;USP9X;CSNK1D;CSNK1E;COMMD1;CBFA2T3;GABARAP;PIAS1;BAG5;XPO1;RYBP;BAG2;ARIH2;TLK2;ELOB;ARIH1;OGT,0.1834862385321101
4,949,Vesicle Budding From Membrane (GO:0006900),11/32,7.449730763104416e-06,cellular process,GO_Biological_Process_2023,1.334453329839576e-07,0.0,0.0,10.626967204792363,168.22036305955518,SNX3;TRAPPC2;TRAPPC3;TMED10;TRAPPC1;TRAPPC10;TRAPPC4;TRAPPC13;TRAPPC9;FNBP1L;PICALM,0.34375
4,949,Sin3-type Complex (GO:0070822),9/21,6.292716051244885e-06,protein-containing complex,GO_Cellular_Component_2023,2.0594343440437802e-07,0.0,0.0,15.190691489361702,233.87078659634727,MORF4L1;ING2;BRMS1;SIN3B;SIN3A;ARID4B;ING1;OGT;SAP30,0.42857142857142855
4,949,Sin3 Complex (GO:0016580),9/21,6.292716051244885e-06,None,GO_Cellular_Component_2023,2.0594343440437802e-07,0.0,0.0,15.190691489361702,233.87078659634727,MORF4L1;ING2;BRMS1;SIN3B;SIN3A;ARID4B;ING1;OGT;SAP30,0.42857142857142855
4,949,Zinc Ion Binding (GO:0008270),39/341,6.112703007885165e-06,binding,GO_Molecular_Function_2023,3.6193636230899e-07,0.0,0.0,2.6606906338694416,39.46282451955389,KDM5A;KDM5B;KDM5C;SEC23A;USP16;ZNF195;USP33;MYCBP2;ZNF2;CHD4;CTCF;IDE;ZNF3;BMI1;CZIB;NPEPPS;ARIH2;ZKSCAN5;ARIH1;ZFPL1;SEC24B;SEC24A;ZNF184;ZNF282;SIAH1;LNPEP;RABGGTB;RBSN;THAP11;RABIF;CLIP1;KAT6A;MDM4;CALR;ZNF214;SEC24D;ZNF675;SEC24C;ZNF212,0.11436950146627566
4,949,Protein Polyubiquitination (GO:0000209),31/226,6.095080467780881e-06,cellular process,GO_Biological_Process_2023,1.0680631660830985e-07,0.0,0.0,3.265381822244567,52.41672133283765,RNF34;CBFB;RNF14;MYCBP2;UBE2D3;CUL1;UBE3A;RNF6;NPEPPS;TNKS2;RUSC1;ARIH2;SPOP;ARIH1;RFFL;FBXO9;SKP1;UBE2H;WSB1;HUWE1;MUL1;LNPEP;KLHL20;RNF146;ITCH;CDC34;NEDD4;MKRN1;TPP2;TRIP12;FBXL7,0.13716814159292035
4,949,Regulation Of Macroautophagy (GO:0016241),19/96,6.044554328851321e-06,biological regulation,GO_Biological_Process_2023,1.0356713024511609e-07,0.0,0.0,5.034296885909789,80.9668275534688,ATP6V1A;ATP6V0B;ATP6V1G1;ATP6V0E1;LARP1;SESN3;SESN1;NEDD4;SESN2;ATP6V1B2;UBQLN1;ATP6V1E1;ATP6V0D1;ATP6V0E2;ATP6V0C;ATP6V1D;PAFAH1B2;ATP6V1C1;UBQLN2,0.19791666666666666
4,949,Ubiquitin-Like Protein Ligase Binding (GO:0044389),38/289,3.274165943500883e-07,binding,GO_Molecular_Function_2023,1.2924339250661376e-08,0.0,0.0,3.124275674470067,56.74982305131278,USP13;DAZAP2;HSP90AB1;RNF34;CUL5;FAF1;UBE2D3;CUL2;CUL1;NEDD8;GABARAP;BAG5;PCBP2;BAG1;SPOP;ZNF746;UBXN7;ELOB;ARIH1;APBB1;PATZ1;DNM1L;RFFL;HSPA8;MOAP1;FBXW7;USP2;MUL1;PRDX6;PML;DNAJA1;ITCH;TUBB2A;CALR;EIF4E2;ATP6V0C;ZNF675;OTUB1,0.1314878892733564
4,949,Vesicle Cargo Loading (GO:0035459),10/25,5.617129218984807e-06,localization,GO_Biological_Process_2023,9.405629143938737e-08,0.0,0.0,13.51508697195598,218.6656249864671,RAB1A;SEC23A;SEC24B;TMED10;SEC24A;SEC24D;SEC24C;SEC31B;SEC31A;PICALM,0.4
4,949,COPII Vesicle Coat (GO:0030127),8/15,5.465099232521752e-06,protein-containing complex,GO_Cellular_Component_2023,1.192385287095655e-07,0.0,0.0,23.12919386670715,368.7288445617773,SEC23A;SEC24B;SEC24A;PEF1;SEC24D;SEC24C;SEC31B;SEC31A,0.5333333333333333
4,949,Ubiquitin Protein Ligase Activity (GO:0061630),37/311,4.920886645110715e-06,catalytic activity,GO_Molecular_Function_2023,2.697854520345787e-07,0.0,0.0,2.7802415482136,42.05292947929779,RNF34;PPP1R11;RNF13;RNF14;MYCBP2;UBE2D3;UBR4;UBE3A;UBR2;RNF6;RNF7;RPGR;HERC4;HERC3;HECTD2;ARIH2;MKRN4P;RBBP6;ARIH1;RFFL;RNF130;TRIM44;TRIM23;KCMF1;RNF44;SIAH2;SIAH1;HUWE1;WWP1;MUL1;RNF146;ITCH;NFX1;NEDD4;MKRN1;TRIP12;ASB1,0.1189710610932476
4,949,COPII Vesicle Coating (GO:0048208),9/19,4.313225075025806e-06,cellular process,GO_Biological_Process_2023,7.054340075976786e-08,0.0,0.0,18.230744680851064,300.2063600120065,TRAPPC2;TRAPPC3;TRAPPC6A;TMED10;TRAPPC1;PEF1;TRAPPC4;TRAPPC12;TRAPPC8,0.47368421052631576
4,949,"Vesicle Targeting, Rough ER To cis-Golgi (GO:0048207)",9/19,4.313225075025806e-06,cellular process,GO_Biological_Process_2023,7.054340075976786e-08,0.0,0.0,18.230744680851064,300.2063600120065,TRAPPC2;TRAPPC3;TRAPPC6A;TMED10;TRAPPC1;PEF1;TRAPPC4;TRAPPC12;TRAPPC8,0.47368421052631576
4,949,COPII-coated Vesicle Cargo Loading (GO:0090110),8/14,3.7278378465238894e-06,localization,GO_Biological_Process_2023,5.8066010070465566e-08,0.0,0.0,26.985476443499824,449.6235180311041,RAB1A;SEC23A;SEC24B;SEC24A;SEC24D;SEC24C;SEC31B;SEC31A,0.5714285714285714
4,949,Protein Stabilization (GO:0050821),30/208,3.63953251338145e-06,biological regulation,GO_Biological_Process_2023,5.502383315063285e-08,0.0,0.0,3.461199887518186,57.85568469695617,USP13;PHB1;HIP1;HSP90AB1;USP33;USP19;STK3;RAB21;BAG5;BAG2;LAMP2;BAG1;MARCHF7;TBL1X;GOLGA7;TRIM44;USP7;USP9X;FBXW7;PTGES3;SEC16A;USP2;HPS4;MUL1;PRKRA;PEX6;MDM4;CALR;PFN2;OTUD3,0.14423076923076922
4,949,Positive Regulation Of Transcription Elongation By RNA Polymerase II (GO:0032968),13/43,3.63953251338145e-06,biological regulation,GO_Biological_Process_2023,5.5273274151821096e-08,0.0,0.0,8.806018518518519,147.15716705650067,MED8;MED16;MED4;MED15;MED6;MED17;MED7;CDK9;MED22;MED21;MED20;CDK13;EAPP,0.3023255813953488
4,949,mRNA 3'-UTR Binding (GO:0003730),18/93,5.575548850481903e-06,binding,GO_Molecular_Function_2023,3.179041011239681e-07,0.0,0.0,4.891772287862514,73.18832968800352,DDX17;DDX5;TIA1;FMR1;ANGEL2;SECISBP2L;PUM1;ELAVL1;YBX3;PUM2;TIAL1;FXR1;RSL1D1;FXR2;LARP1;KHSRP;DHX36;IGF2BP1,0.1935483870967742
4,949,Ubiquitin Protein Ligase Binding (GO:0031625),37/271,1.9418152035130725e-07,binding,GO_Molecular_Function_2023,7.239223346430314e-09,0.0,0.0,3.262431586444744,61.150208276064326,USP13;DAZAP2;HSP90AB1;RNF34;CUL5;FAF1;UBE2D3;CUL2;CUL1;NEDD8;GABARAP;BAG5;PCBP2;BAG1;SPOP;ZNF746;UBXN7;ELOB;ARIH1;APBB1;PATZ1;DNM1L;RFFL;HSPA8;MOAP1;FBXW7;USP2;MUL1;PRDX6;PML;DNAJA1;TUBB2A;CALR;EIF4E2;ATP6V0C;ZNF675;OTUB1,0.13653136531365315
4,949,Proteasome-Mediated Ubiquitin-Dependent Protein Catabolic Process (GO:0043161),40/319,1.5260390402235045e-06,cellular process,GO_Biological_Process_2023,2.0798818694634996e-08,0.0,0.0,2.960754856847692,52.3709263372735,RNF34;CUL5;FAF1;UBE2D3;CUL2;CUL1;UBR2;USP19;HSP90B1;PCBP2;SPOP;UBQLN1;UBXN7;TBL1X;RFFL;FBXO9;SKP1;UBQLN2;FBXW4;KLHDC3;CRBN;FBXW7;SIAH2;SIAH1;WWP1;ARMC8;PPP2R5C;KCTD5;PML;KLHL20;ITCH;CDC34;APPBP2;CANX;FBXL3;TRIP12;CALR;FBXL5;CLOCK;FBXL7,0.12539184952978055
4,949,mRNA Binding (GO:0003729),38/282,1.8677105024214435e-07,binding,GO_Molecular_Function_2023,6.553370183934888e-09,0.0,0.0,3.215103201310036,60.58311038838271,EIF4A1;KHDRBS1;DDX5;FMR1;MSI2;ELAVL1;YBX3;TIAL1;FXR1;PURB;RBM15B;SCAF8;FXR2;LARP1;C1QBP;KHSRP;DHX36;PCBP2;IGF2BP1;DDX17;SPEN;TIA1;RBFOX2;MYEF2;ANGEL2;SECISBP2L;CNBP;PUM1;QKI;PUM2;ATXN2L;RSL1D1;NCL;ZNF638;AGO2;CALR;EIF4G3;EIF4G2,0.1347517730496454
4,949,Protein Ubiquitination (GO:0016567),61/434,4.464238719489366e-12,cellular process,GO_Biological_Process_2023,2.4337750028368812e-14,0.0,0.0,3.4398413158466776,107.827838030921,RNF13;RNF14;UBE2D3;UBE3A;RPGR;NPEPPS;HERC4;HERC3;RUSC1;ARIH2;ELOC;ARIH1;PCMTD1;FBXO9;SKP1;TRIM23;RNF44;USP7;WSB1;FBXW7;MUL1;CDC34;NFX1;BIRC6;RNF34;CBFB;CUL5;CUL2;MYCBP2;CUL1;NEDD8;RNF6;RNF7;FAAP20;TNKS2;SPOP;MARCHF7;RBBP6;MKRN4P;TRIM44;UBE2H;CRBN;USP9X;HUWE1;WWP1;LNPEP;KLHL20;RNF146;KLHL9;ITCH;NEDD4;MKRN1;TPP2;MDM4;FBXL3;TRIP12;LZTR1;FBXL5;TRIM33;FBXL7;ASB1,0.14055299539170507
4,949,Protein Modification By Small Protein Conjugation (GO:0032446),55/364,4.41911614727208e-12,cellular process,GO_Biological_Process_2023,2.23709150757543e-14,0.0,0.0,3.7314929446942218,117.284609649363,ZNF451;RNF14;UBE2D3;RPGR;HERC4;HERC3;ZMIZ1;ZMIZ2;ARIH2;ARIH1;ELOC;FBXO9;SKP1;TRIM23;PCMTD1;PIAS3;RNF44;USP7;FBXW7;MUL1;PIAS2;PIAS1;CDC34;NFX1;BIRC6;RNF34;CUL5;MYCBP2;CUL2;CUL1;NEDD8;RNF6;RNF7;MKRN4P;RBBP6;TRIM44;CRBN;CBX4;USP9X;WWP1;PML;KLHL20;KLHL9;ITCH;NEDD4;MKRN1;UBA3;FBXL3;MDM4;FBXL5;LZTR1;FBXL7;TRIM33;UBE2M;ASB1,0.1510989010989011
4,949,RNA Polymerase II Cis-Regulatory Region Sequence-Specific DNA Binding (GO:0000978),113/1122,2.4219608644186168e-12,binding,GO_Molecular_Function_2023,1.5933953055385637e-14,0.0,0.0,2.416938937125677,76.78693348359765,ZNF175;ZNF691;ZSCAN9;YY1;ZNF607;SALL4;MYB;PKNOX1;ZNF202;ZNF444;HES6;MED8;ZNF99;ZNF12;RUNX1;MYCN;DMTF1;ZNF713;ZNF679;ATF7;ZSCAN25;ZNF676;MZF1;ZNF675;CLOCK;ZNF430;ZNF671;ZNF274;DLX6;MYNN;ZNF23;ZKSCAN8;DHX36;ZKSCAN3;ZKSCAN5;ZBTB7B;TFAP2A;ZBTB17;ZFHX3;POU2F1;HMGA1;NR1D2;NR2F6;THAP11;TFCP2;SP2;ZNF37A;ZNF417;HBP1;ZNF655;TCF3;ZNF774;SLC2A4RG;NFE2L1;ZNF772;ZNF254;ZNF253;CTCF;HIF3A;MECOM;ZNF528;ZNF41;MLX;GABPA;ZNF485;TGIF1;TEAD4;TGIF2;ZNF480;TCF12;TFE3;SAFB;ETV4;SREBF2;THRAP3;ZNF516;RARB;ZNF479;TOP1;ZNF595;ZNF197;ZNF350;NFIX;ZNF195;WBP2;SATB2;ZNF2;NR2C1;ZNF7;HSF2;HSF1;NRIP1;ZNF746;E2F5;ZNF586;ZNF860;MLXIP;NFYA;ZNF184;ZNF76;POU4F1;POU4F2;TBX2;REST;PRKRA;NFIC;ZNF737;ZNF74;ZNF735;ZNF217;ZNF730;ZNF212;ZNF333,0.10071301247771836
4,949,Cis-Regulatory Region Sequence-Specific DNA Binding (GO:0000987),112/1098,2.0072710400641145e-12,binding,GO_Molecular_Function_2023,8.803820351158396e-15,0.0,0.0,2.4516225968820358,79.34331012146922,ZNF175;ZNF691;ZSCAN9;YY1;ZNF607;SALL4;MYB;PKNOX1;ZNF202;ZNF444;HES6;MED8;ZNF99;ZNF12;RUNX1;MYCN;DMTF1;ZNF713;ZNF679;ZSCAN25;ZNF676;MZF1;ZNF675;CLOCK;ZNF430;ZNF671;ZNF274;DLX6;MYNN;ZNF23;ZKSCAN8;DHX36;ZKSCAN3;ZKSCAN5;ZBTB7B;TFAP2A;ZBTB17;ZFHX3;POU2F1;HMGA1;NR1D2;NR2F6;THAP11;TFCP2;SP2;ZNF37A;ZNF417;HBP1;ZNF655;TCF3;ZNF774;SLC2A4RG;NFE2L1;ZNF772;ZNF254;ZNF253;CTCF;HIF3A;MECOM;ZNF528;ZNF41;MLX;GABPA;ZNF485;TGIF1;TEAD4;TGIF2;ZNF480;TCF12;TFE3;SAFB;ETV4;SREBF2;THRAP3;ZNF516;RARB;ZNF479;TOP1;ZNF595;ZNF197;ZNF350;NFIX;ZNF195;WBP2;SATB2;ZNF2;NR2C1;ZNF7;HSF2;HSF1;NRIP1;ZNF746;E2F5;ZNF586;ZNF860;MLXIP;NFYA;ZNF184;ZNF76;POU4F1;POU4F2;TBX2;REST;PRKRA;NFIC;ZNF737;ZNF74;ZNF735;ZNF217;ZNF730;ZNF212;ZNF333,0.10200364298724955
4,949,Negative Regulation Of Nucleic Acid-Templated Transcription (GO:1903507),64/456,1.2581443865245469e-12,None,GO_Biological_Process_2023,5.879179376282929e-15,0.0,0.0,3.442222990891272,112.79255720485467,ZNF253;PHB1;KDM5C;KDM1A;LDB1;ARID4A;CHD4;CTCF;LIMD1;MECOM;SIN3A;MYB;MLX;MEN1;USP47;RBFOX2;PRMT2;ZNF282;SFMBT1;ZNF12;ZBTB33;CBFA2T3;EID1;HIC2;SFPQ;NCOR1;BRMS1;KAT6A;ZNF318;CLOCK;L3MBTL1;KHDRBS1;SET;ZNF350;CTBP2;CIPC;RBM15B;CCDC85B;ZKSCAN3;ZNF746;SAP18;PATZ1;HEXIM1;TFAP2A;SPEN;HSPA8;POU2F1;CBX4;MBD2;HMGA1;WWP1;NR1D2;SMARCA2;PML;TBX2;PER2;REST;PDCD4;ZNF217;MDM4;BCOR;CALR;TRIM33;RCOR1,0.14035087719298245
4,949,COPII-coated Vesicle Budding (GO:0090114),18/36,1.1975902102732666e-12,cellular process,GO_Biological_Process_2023,5.1298646078683535e-15,0.0,0.0,20.44360902255639,672.6703194876724,TRAPPC2;RAB1A;TRAPPC3;SEC23A;SEC24B;TMED10;SEC24A;TRAPPC1;PEF1;TRAPPC4;CSNK1D;TRAPPC8;TRAPPC6A;TRAPPC12;SEC24D;SEC24C;SEC31B;SEC31A,0.5
4,949,Intracellular Protein Transport (GO:0006886),53/325,6.885441425850319e-13,localization,GO_Biological_Process_2023,2.6812466611566667e-15,0.0,0.0,4.083865382090337,137.0238709202794,ARF4;C2CD5;PPP1R10;RPGR;RAB43;AP4M1;XPO1;LAMP2;KIF13B;ARFIP2;FAM53B;TLK1;KPNA4;VPS36;KPNA3;TRIM23;KPNA1;NSF;STX7;AP3B1;ARFGAP3;RAB35;ARF5;RAB1A;COPA;TMED10;STX16;TRAK1;GABARAP;STK3;RAB21;GGA1;SCFD1;SNX1;RAB24;TBC1D13;AP4S1;RAB6A;RAB6B;SEC31B;SEC31A;SEC16A;ASPSCR1;HPS4;TIMM44;SEPTIN9;SEC23IP;RAB14;SNX15;RAB18;RAB3GAP2;CALR;VPS45,0.16307692307692306
4,949,Protein Transport (GO:0015031),50/313,6.572892523427439e-12,localization,GO_Biological_Process_2023,3.839306380506682e-14,0.0,0.0,3.9731514103122607,122.7342212388814,ARF4;GCC2;RPGR;RAB43;AP4M1;SCAMP4;GOLGA4;LAMP2;TOM1;ARFIP2;TLK1;GOLGA7;TRIM23;MEN1;NSF;STX7;AP3B1;ARFGAP3;PREPL;CANX;RAB35;ARF5;RAB1A;COPA;TMED10;STX16;HSP90B1;RAB21;GGA1;SCFD1;SNX1;KIF3B;KIF3A;RAB24;TBC1D13;RAB6A;RAB6B;SEC31B;SEC31A;ASPSCR1;TIMM44;SEPTIN9;RAB11B;SEC23IP;RAB14;RAB12;SNX15;RAB18;RAB3GAP2;VPS45,0.1597444089456869
4,949,Regulation Of Gene Expression (GO:0010468),117/1127,1.623259269075301e-13,biological regulation,GO_Biological_Process_2023,5.688992765450823e-16,0.0,0.0,2.511896658415841,88.17467704192919,PHB1;JMJD1C;YY1;KHSRP;MYB;ADNP2;ZFPL1;HES6;ZNF282;FBXW7;ZBTB33;SAP30;HIC2;MYCN;DMTF1;KAT6A;ZNF713;ZNF679;ATF7;ZNF676;MZF1;AJUBA;ZNF675;CLOCK;CGGBP1;ZNF430;ZNF274;MEAF6;SRCAP;BAZ2A;SBNO1;LARP1;ZNHIT1;HNRNPDL;TERT;DHX36;PCBP2;ZKSCAN5;ZBTB7B;PATZ1;SLC38A2;PPARGC1B;TFAP2A;SRPK2;ZBTB17;SEC16B;ZFHX3;BRPF1;DENND4A;HMGA1;NR1D2;PUM1;SMARCA2;PRDX6;CLK3;PUM2;ZNF37A;HNRNPF;CALR;TCF3;OGT;SLC2A4RG;PICALM;ZNF253;SETD2;PHF20;RNF14;CHD7;CHD4;CTCF;YBX1;BMI1;LIMD1;AFF4;YBX3;RO60;ING2;HINT1;MLX;HMG20B;ANXA7;BRD1;TGIF2;BAZ1A;OXSR1;MLF2;RBL2;SFPQ;PTRH2;ZNF638;ZNF516;ZNF479;USP13;ZNF350;MYCBP;ZNF195;RNF6;ZNF2;IGF2BP1;APBB1;TRIM44;NFYA;ASCC1;CNBP;USP22;CDK11B;POU4F1;PML;REST;RYBP;CARM1;ZNF737;ZNF735;ZNF217;ZNF730;ZNF212;ZPR1,0.10381543921916593
4,949,Endoplasmic Reticulum To Golgi Vesicle-Mediated Transport (GO:0006888),33/115,7.499463118889921e-15,localization,GO_Biological_Process_2023,2.0442461772675018e-17,0.0,0.0,8.33391468740015,320.2633197810688,ARF4;RAB1A;COPA;TMED10;PEF1;GOSR2;GOLGA2;SCFD1;TFG;TRAPPC12;TRAPPC13;YKT6;SEC31A;RAB2A;TRAPPC2;BCAP31;SEC16B;TRAPPC3;SEC24B;TRAPPC1;SEC24A;SEC16A;TRAPPC4;TRAPPC10;TRAPPC8;TRAPPC9;NRBP1;TRAPPC6A;VAMP7;TRIP11;SEC24D;SEC24C;BET1,0.28695652173913044
4,949,Regulation Of Nucleic Acid-Templated Transcription (GO:1903506),74/452,2.2192179722663736e-18,None,GO_Biological_Process_2023,5.185088720248537e-21,0.0,0.0,4.177783824640968,195.1380157748933,ZNF253;PHB1;RNF14;CHD7;JMJD1C;YBX1;LIMD1;ING2;HINT1;ZMIZ1;MYB;MLX;ZFPL1;HES6;BRD1;TGIF2;ZNF282;BAZ1A;SAP30;MLF2;SFPQ;DMTF1;KAT6A;ZNF516;ZNF713;ZNF679;ATF7;ZNF479;ZNF676;MZF1;CLOCK;AJUBA;ZNF675;ZNF430;USP13;ZNF274;ZNF350;MYCBP;MEAF6;SRCAP;ZNF195;BAZ2A;ZNF2;RNF6;SBNO1;ZNHIT1;ZKSCAN5;RALY;APBB1;PATZ1;PPARGC1B;ZFHX3;BRPF1;NFYA;ASCC1;DENND4A;CNBP;HMGA1;NR1D2;SMARCA2;CDK11B;PML;REST;RYBP;ZNF37A;ZNF737;CARM1;ZNF735;ZNF217;CALR;TCF3;ZNF730;ZNF212;SLC2A4RG,0.16371681415929204
4,949,Transcription Cis-Regulatory Region Binding (GO:0000976),53/474,1.8677105024214435e-07,binding,GO_Molecular_Function_2023,6.414207441101604e-09,0.0,0.0,2.617571895147608,49.379840441027085,KDM5A;ZNF175;ARID4A;ARID4B;CTCF;HIF3A;GABPB1;YY1;MLX;GABPA;MEN1;TCF12;TFE3;VEZF1;OXSR1;POLRMT;ETV5;RUNX1;RBL2;SFPQ;NCOR1;NFX1;ZNF516;TFAM;ATF7;MZF1;ZNF433;ZNF510;SATB2;PURB;PRDX5;CUX1;HSF2;DHX36;HSF1;ZNF746;TBL1X;ZNF101;MLXIP;TFAP2A;ZBTB17;NFYA;HMGA1;SMARCA2;DRAP1;PER2;REST;TFCP2;CARM1;AGO2;ZNF217;BCOR;TCF3,0.11181434599156118
4,949,Golgi Vesicle Transport (GO:0048193),55/197,1.0517916974728423e-24,localization,GO_Biological_Process_2023,1.6383048247240538e-27,0.0,0.0,8.19229133188392,505.2688698068998,ARF4;PITPNB;GCC2;BICD2;GOLGA2;RAB43;AP4M1;GOLGA4;GOLGA5;TFG;TRAPPC12;KIF1C;TRAPPC13;NSF;RAB2A;RBSN;NRBP1;RAB33B;TRAPPC6A;VAMP7;RER1;EXOC5;ARF5;RAB1A;COPA;TMED10;PEF1;GOSR2;SNX3;SCFD1;SNX1;SNX2;VPS51;RAB6A;YKT6;RAB6B;SEC31A;BCAP31;TRAPPC2;SEC16B;TRAPPC3;SEC24B;TRAPPC1;SEC24A;TRAPPC10;SEC16A;TRAPPC4;TRAPPC8;TRAPPC9;RABIF;RAB12;TRIP11;SEC24D;SEC24C;BET1,0.27918781725888325
4,949,Negative Regulation Of DNA-templated Transcription (GO:0045892),142/1025,6.992709490105127e-29,biological regulation,GO_Biological_Process_2023,8.169053142646176e-32,0.0,0.0,3.6204389395731855,259.1595996193232,PHB1;ZNF175;KDM1A;UBE2D3;ATN1;ARID4A;ARID4B;NOC2L;YY1;MYB;DPF2;MAF1;ZNF202;MEN1;RBFOX2;ZNF705D;ZNF282;SFMBT1;USP2;ZNF705A;ZNF12;ZBTB33;SAP30;RUNX1;EID1;HIC2;BRMS1;ZNF705EP;KAT6A;ZNF318;ERF;ZNF558;ZNF557;BCORL1;MZF1;ZNF675;ZFPM1;CLOCK;CGGBP1;PPID;L3MBTL1;PSMD10;KHDRBS1;ZNF274;DDX5;SET;CTBP2;CBFB;BAZ2A;ZNF25;PHF21A;PRDX5;ZKSCAN3;PATZ1;HEXIM1;TFAP2A;ZBTB17;PLK3;HSPA8;ZFHX3;CBX6;POU2F1;CBX4;HMGA1;NR1D2;SMARCA2;NR2F6;THAP11;DRAP1;ZFP69;SP2;MDM4;CALR;TCF3;OGT;RCOR1;ZNF254;ZNF253;KDM5C;LDB1;CHD4;CTCF;BMI1;LIMD1;ING1;ING2;MECOM;SIN3B;SIN3A;ZMYM5;C1QBP;MLX;TGIF1;USP47;TGIF2;PRMT2;HSBP1;OXSR1;CBFA2T3;SREBF2;ETV5;PPM1A;SFPQ;NCOR1;NFX1;RARB;ZNF350;NFIX;CIPC;ZNF3;NR2C1;RBM15B;CUX1;CCDC85B;ZNF749;HSF1;NRIP1;ZNF746;SAP18;APBB1;TBL1X;SAMD1;IGBP1;SPEN;USP9X;CNBP;MBD2;WWP1;POU4F1;PML;POU4F2;TBX2;PER2;REST;NFIC;DNAJA3;PDCD4;ZNF217;HDGF;BCOR;FRK;TRIM33,0.13853658536585367
4,949,Regulation Of Transcription By RNA Polymerase II (GO:0006357),226/2028,4.70099054524337e-33,biological regulation,GO_Biological_Process_2023,3.6612075897534034e-36,0.0,0.0,2.992121862445753,244.1429921734119,PHB1;ZNF175;JMJD1C;CCNC;NOC2L;GABPB1;TIAL1;ZMIZ1;ZMIZ2;ZXDB;MYB;DPF2;PKNOX1;DDX17;HES6;ZNF705D;MED8;PTOV1;MRTFA;ZNF705A;MED4;MED6;MED7;RUNX1;EID1;ZNF705EP;ATF7;ZSCAN25;BCORL1;ZFPM1;CLOCK;CGGBP1;ZNF274;CTBP2;SRCAP;MYNN;ZNF25;DHX36;ZBTB7B;PATZ1;PPARGC1B;HEXIM1;PLK3;NR1D2;SMARCA2;NR2F6;THAP11;MLLT10;AGO2;HBP1;CALR;CDK13;SLC2A4RG;RCOR1;ZNF254;ARF4;PHF20;CTCF;HIF3A;MED16;BMI1;ING1;MED17;MED12;ING2;MED13;MECOM;ZMYM5;C1QBP;MLX;ELOC;GABPA;ZNF485;TEAD4;BRD2;BRD1;ACTL6B;NCOA6;HSBP1;NCOA3;TCF12;TFE3;BAZ1A;SREBF2;NCOR1;NFX1;MED21;MED20;RARB;TMF1;ZNF350;NFIX;SATB2;ZNF3;TRAK1;PURB;CUX1;HSF2;HSF1;PLAGL2;APBB1;TBL1X;SAMD1;ZNF101;WWOX;NFYA;USP9X;PCGF5;MBD2;ZNF76;POU4F1;POU4F2;HIPK2;PER2;PRKRA;NFIC;ZNF217;HDGF;CRLF3;ZNF212;FRK;ZNF691;KDM1A;FHOD1;UBE2D3;ZSCAN9;ATN1;ARID4A;ARID4B;YY1;SALL4;ZNF202;ZNF444;GTF2I;MEN1;PIAS3;USP2;ZBTB33;PIAS2;SAP30;PIAS1;HIC2;BRMS1;MYCN;DMTF1;ERF;ZNF558;ZNF557;MZF1;ZNF433;ZNF675;PPID;PSMD10;ZNF671;DDX5;CBFB;DLX6;PHF21A;ZKSCAN8;ZKSCAN3;SAFB2;TFAP2A;ZBTB17;AKIRIN1;ZFHX3;CBX6;BRPF1;POU2F1;CBX4;BICRAL;HMGA1;DRAP1;CDK9;ZFP69;TFCP2;SP2;JMY;MDM4;TCF3;BRWD1;OGT;NFE2L1;LDB1;RNF14;CHD4;TRIAP1;YBX1;CHD1;SIN3B;PPP1R13L;SIN3A;BCL7B;TGIF1;TGIF2;VEZF1;OXSR1;SAFB;ETV4;ETV5;PPM1A;SFPQ;ELF2;CTDSP1;THRAP3;ZNF510;SMARCD3;USP16;WBP2;PPM1D;NR2C1;ZNF749;NRIP1;ZNF746;SAP18;E2F5;MLXIP;IGBP1;SPEN;CNBP;USP22;TBX2;REST;DNAJA3;BCOR;LPIN1;TRIM33,0.11143984220907298
4,949,Regulation Of DNA-templated Transcription (GO:0006355),230/1922,1.5847103566919427e-38,biological regulation,GO_Biological_Process_2023,6.170990485560523e-42,0.0,0.0,3.2818844796917177,311.4137995736708,PHB1;JMJD1C;GPATCH3;TIAL1;ZMIZ1;ZMIZ2;ZXDB;MYB;DPF2;PKNOX1;ZFPL1;DDX17;HES6;RBFOX2;ZNF282;SFMBT1;MED8;ZNF12;MED4;MED6;MED7;RUNX1;EID1;ZNF713;TFAM;ATF7;ZSCAN25;CLOCK;L3MBTL1;ZNF274;SET;MEAF6;CTBP2;SRCAP;MYNN;BAZ2A;ZNHIT1;DHX36;ZBTB7B;PATZ1;PPARGC1B;HEXIM1;NR1D2;SMARCA2;THAP11;MLLT10;ZNF37A;HBP1;CALR;SLC2A4RG;RCOR1;CDK16;ZNF253;PHF20;CTCF;HIF3A;MED16;LIMD1;ING1;MED17;MED12;ING2;HINT1;MED13;MECOM;MLX;ELOC;GABPA;ZNF485;TEAD4;BRD2;BRD1;ACTL6B;PRMT2;NCOA6;TCF12;TFE3;BAZ1A;CBFA2T3;MLF2;MED22;NCOR1;MED21;MED20;ZNF479;ZNF350;NFIX;MYCBP;CIPC;SATB2;ZNF2;TRAK1;PURB;RBM15B;CUX1;HSF2;HSF1;PLAGL2;APBB1;TBL1X;ZNF101;NFYA;PCGF5;MBD2;ZNF76;WWP1;POU4F1;POU4F2;HIPK2;PER2;RYBP;PRKRA;NFIC;ZNF217;CRLF3;ZNF212;ZNF691;KDM1A;ZSCAN9;ARID4A;ARID4B;YY1;SALL4;ZNF202;ZNF444;MEN1;PIAS3;DYRK1A;ZBTB33;PIAS2;SAP30;PIAS1;HIC2;MORF4L1;BRMS1;MYCN;DMTF1;KAT6A;ZNF318;ERF;ZNF679;ZNF676;MZF1;AJUBA;ZNF433;ZNF675;ZNF430;PSMD10;ZNF671;KHDRBS1;DDX5;CBFB;DLX6;SBNO1;ZKSCAN8;ZKSCAN3;SAFB2;EP400;ZKSCAN5;TFAP2A;HSPA8;ZFHX3;BRPF1;POU2F1;CBX4;BICRAL;DENND4A;HMGA1;TFCP2;SP2;JMY;MDM4;TCF3;BRWD1;OGT;NFE2L1;PICALM;KDM5A;KDM5C;LDB1;RNF14;CHD7;CHD4;YBX1;CHD1;PPP1R13L;SIN3A;BCL7B;USP47;TGIF2;VEZF1;OXSR1;SAFB;ETV4;ETV5;PPM1A;SFPQ;ELF2;CTDSP1;THRAP3;ZNF516;ZNF510;USP13;SMARCD3;USP16;ZNF195;WBP2;RNF6;CCDC85B;TP53INP1;ZNF746;SAP18;E2F5;TRIM44;MLXIP;SPEN;ASCC1;CNBP;USP22;CDK11B;PML;TBX2;REST;CARM1;ZNF737;PDCD4;ZNF735;BCOR;ZNF730;TRIM33,0.11966701352757544
4,949,Positive Regulation Of DNA-templated Transcription (GO:0045893),127/1243,3.058956034557782e-14,biological regulation,GO_Biological_Process_2023,9.529458051581876e-17,0.0,0.0,2.4829563787946176,91.59516516570416,PHB1;ZNF175;KDM1A;FHOD1;CCNC;GPATCH3;GABPB1;YY1;ZMIZ1;ZMIZ2;MYB;GTF2I;MEN1;DDX17;DYRK1A;PTOV1;MRTFA;MED4;MED6;RUNX1;MORF4L1;MYCN;KAT6A;ZNF318;TFAM;ATF7;MZF1;ZFPM1;CLOCK;MEAF6;CTBP2;TERT;DHX36;ZKSCAN3;EP400;PPARGC1B;TFAP2A;ZBTB17;AKIRIN1;ZFHX3;BRPF1;POU2F1;BICRAL;HMGA1;NR1D2;SMARCA2;CDK9;MLLT10;TFCP2;AGO2;TCF3;CDK13;OGT;NFE2L1;PICALM;KDM5A;ARF4;LDB1;PHF20;RNF14;CHD4;CTCF;TRIAP1;YBX1;MED16;ING1;MED17;MED12;ING2;MED13;MECOM;SIN3A;MLX;GABPA;PRMT2;NCOA6;NCOA3;TCF12;TFE3;VEZF1;OXSR1;ETV4;SREBF2;ETV5;MED22;PPM1A;SFPQ;ELF2;THRAP3;MED21;ZNF516;RARB;TMF1;NFIX;SMARCD3;USP16;WBP2;SATB2;RNF6;SCAF8;HSF2;TP53INP1;HSF1;NRIP1;ZNF746;APBB1;TBL1X;TRIM44;MLXIP;WWOX;NFYA;PCGF5;CNBP;USP22;MBD2;ZNF76;POU4F1;POU4F2;HIPK2;REST;RYBP;PRKRA;CARM1;NFIC;CRLF3;LPIN1;ZPR1,0.10217216411906678
4,949,Vesicle Coating (GO:0006901),15/28,4.201913829086939e-11,cellular process,GO_Biological_Process_2023,2.61801484678314e-13,0.0,0.0,23.5191895898534,681.3789072058322,TRAPPC2;TRAPPC3;TMED10;TRAPPC1;PEF1;TRAPPC10;TRAPPC4;CSNK1D;TRAPPC8;TRAPPC9;AP3M2;TRAPPC6A;TRAPPC12;AP3S2;TRAPPC13,0.5357142857142857
4,949,Negative Regulation Of Transcription By RNA Polymerase II (GO:0000122),112/763,1.6248924785149092e-24,biological regulation,GO_Biological_Process_2023,3.1637314612829222e-27,0.0,0.0,3.782068575686335,230.77443182154963,ZNF451;PHB1;ZNF175;KDM1A;UBE2D3;ATN1;ARID4A;ARID4B;NOC2L;YY1;MYB;DPF2;ZNF202;MEN1;ZNF705D;USP2;ZNF705A;ZBTB33;SAP30;RUNX1;EID1;HIC2;BRMS1;ZNF705EP;ERF;ZNF558;ZNF557;BCORL1;MZF1;ZNF675;ZFPM1;CGGBP1;PPID;PSMD10;ZNF274;DDX5;CTBP2;CBFB;ZNF25;PHF21A;ZKSCAN3;PATZ1;HEXIM1;TFAP2A;PLK3;ZBTB17;CBX6;ZFHX3;CBX4;NR1D2;SMARCA2;NR2F6;THAP11;DRAP1;ZFP69;SP2;MDM4;CALR;TCF3;OGT;ZNF254;LDB1;CHD4;CTCF;BMI1;ING1;ING2;SIN3B;SIN3A;C1QBP;ZMYM5;MLX;TGIF1;TGIF2;HSBP1;OXSR1;SREBF2;ETV5;PPM1A;SFPQ;NCOR1;NFX1;RARB;NFIX;ZNF350;ZNF3;NR2C1;CUX1;ZNF749;HSF1;NRIP1;ZNF746;APBB1;TBL1X;SAMD1;IGBP1;SPEN;USP9X;CNBP;MBD2;POU4F1;POU4F2;TBX2;PER2;REST;NFIC;DNAJA3;ZNF217;HDGF;BCOR;FRK;TRIM33,0.14678899082568808
4,949,Nuclear Receptor Binding (GO:0016922),28/115,5.795731556658296e-11,binding,GO_Molecular_Function_2023,5.08397504970026e-13,0.0,0.0,6.626879828272617,187.5904853191489,DDX5;SMARCD3;TMF1;KDM1A;RNF14;WBP2;JMJD1C;BAZ2A;RNF6;MED16;MED17;MED12;MED13;NRIP1;PPARGC1B;PRMT2;NCOA6;NCOA3;HMGA1;WIPI1;MED4;MED22;NCOR1;THRAP3;TRIP6;TRIP12;CALR;PPID,0.24347826086956523
4,949,Vesicle-Mediated Transport (GO:0016192),57/411,4.72125355504063e-11,localization,GO_Biological_Process_2023,3.125440437526897e-13,0.0,0.0,3.3750380025841755,97.18094885792814,ITSN2;USP6NL;ARF4;DENND1B;HIP1;DENND1A;GDI2;CHM;FNBP1L;CLINT1;RAB43;AP4M1;GOLGA4;GOLGA5;TOM1;KIF1C;AP3S2;KIF1B;SNAP29;TRIM23;RAB2A;NSF;CSNK1G3;STX7;CSNK1D;AP3B1;CSNK1E;COMMD1;ARFGAP3;RBSN;VAMP7;RAB35;PLIN3;VAMP1;RIN3;EXOC5;ARF5;CSNK1G2;RAB1A;TMED10;STX16;GOSR2;TRAK1;AP3M2;VPS51;AP4S1;CHML;SPAG9;CCZ1;SEPTIN9;EHD2;NECAP1;RAB14;RAB12;VPS45;CDK16;PICALM,0.1386861313868613
4,949,Cysteine-Type Deubiquitinase Activity (GO:0004843),21/98,1.6311509956062078e-07,catalytic activity,GO_Molecular_Function_2023,5.0079197233523924e-09,0.0,0.0,5.57621473354232,106.57398345910062,USP46;OTUB2;USP13;USP47;USP14;USP7;ZRANB1;USP48;USP6;USP16;USP42;USP20;USP4;USP9X;USP33;USP11;USP22;USP2;USP19;OTUB1;OTUD3,0.21428571428571427
4,949,Protein Modification By Small Protein Removal (GO:0070646),24/114,6.111804357532704e-08,cellular process,GO_Biological_Process_2023,5.949965301336353e-10,0.0,0.0,5.466234234234234,116.11629236581236,USP46;OTUB2;USP13;USP47;USP14;USP7;ZRANB1;USP48;USP6;TOR1A;USPL1;USP16;USP42;USP20;USP4;USP9X;USP33;USP11;USP22;USP2;USP19;HINT1;STAMBP;OTUD3,0.21052631578947367
4,949,Protein Localization (GO:0008104),46/351,4.560654044868375e-08,localization,GO_Biological_Process_2023,4.2622934998769857e-10,0.0,0.0,3.130969627652815,67.55393699074875,ARF4;RAB1A;COPA;TMED10;STX16;TM9SF4;RPGR;RAB43;AP4M1;RAB21;GGA1;SCFD1;SNX1;AKAP10;KIF3A;RAB24;TBC1D13;ARFIP2;TLK1;AP4S1;RAB6A;RAB6B;SEC31B;TRIM23;SEC31A;NSF;STK11IP;USP9X;USP4;STX7;ASPSCR1;AP3B1;TIMM44;WIPI1;WIPI2;SEPTIN9;ARFGAP3;SEC23IP;RAB14;RRAGD;SNX15;RAB35;RAB18;RAB3GAP2;VPS45;ARF5,0.13105413105413105
4,949,Positive Regulation Of Stem Cell Population Maintenance (GO:1902459),15/40,1.8372906879820036e-08,biological regulation,GO_Biological_Process_2023,1.6455485133795199e-10,0.0,0.0,12.222269807280512,275.3405705897093,ACTL6B;BICRAL;NCOA3;ARID4A;ARID4B;ING1;SMARCA2;SAP30;ING2;REST;BRMS1;SIN3A;BCL7B;DPF2;OGT,0.375
4,949,Positive Regulation Of Nucleic Acid-Templated Transcription (GO:1903508),63/557,1.6819575906988412e-08,None,GO_Biological_Process_2023,1.4409294001314055e-10,0.0,0.0,2.6710846181263195,60.52828021974681,KDM5A;PHB1;PHF20;RNF14;CHD4;GPATCH3;CTCF;MED16;ING1;MED17;MED12;YY1;ING2;MED13;MECOM;ZMIZ1;MYB;PRMT2;NCOA6;TFE3;DYRK1A;MED4;RUNX1;MED22;MORF4L1;PPM1A;MYCN;ELF2;THRAP3;KAT6A;ZNF318;ZNF516;TFAM;CLOCK;SMARCD3;USP16;MEAF6;WBP2;RNF6;TP53INP1;ZKSCAN3;EP400;APBB1;TBL1X;TRIM44;TFAP2A;ZFHX3;BRPF1;NFYA;BICRAL;CNBP;USP22;MBD2;HMGA1;NR1D2;SMARCA2;HIPK2;REST;RYBP;TCF3;CRLF3;OGT;PICALM,0.11310592459605028
4,949,Endosomal Transport (GO:0016197),32/180,1.1362037843805258e-08,localization,GO_Biological_Process_2023,9.291386087223926e-11,0.0,0.0,4.457072121194258,102.95546123284056,ITSN2;DENND1B;STX16;DENND1A;GCC2;RAB43;SNX3;GGA1;SNX1;SNX2;VPS51;TOM1;DENND5A;RAB6A;TBC1D17;RAB6B;YKT6;SPAG9;ANKRD27;RBSN;RAB11B;RGP1;EHD2;ACAP2;PREPL;RAB14;RAB35;RAB9A;CCDC22;RAB9B;PICALM;VPS35L,0.17777777777777778
4,949,Ubiquitin-Protein Transferase Activity (GO:0004842),52/412,5.631578853025205e-09,catalytic activity,GO_Molecular_Function_2023,1.2349953625055273e-10,0.0,0.0,3.0098228663446056,68.66845771588424,RNF13;PPP1R11;RNF14;UBE2D3;UBE3A;RPGR;HERC4;HERC3;ARIH2;ARIH1;FBXO9;TRIM23;KCMF1;RNF44;MUL1;FBXW2;CDC34;NFX1;BIRC6;RNF34;CUL5;CUL2;MYCBP2;UBR4;UBR2;RNF6;RNF7;HECTD2;RBBP6;MKRN4P;RFFL;RNF130;TRIM44;UBE2H;SIAH2;SIAH1;HUWE1;WWP1;KLHL20;RNF146;KLHL9;ITCH;NEDD4;MKRN1;MDM4;FBXL3;TRIP12;BCOR;FBXL5;TRIM33;UBE2M;ASB1,0.1262135922330097
4,949,Nuclear Receptor Coactivator Activity (GO:0030374),16/50,2.3822105359524842e-08,None,GO_Molecular_Function_2023,6.268975094611801e-10,0.0,0.0,9.591829014564023,203.25314015774208,TMF1;KDM1A;NCOA6;NCOA3;USP22;HMGA1;MED4;MED17;MED12;MED22;MED13;ZMIZ1;THRAP3;ZMIZ2;CARM1;PPARGC1B,0.32
4,949,Small GTPase Binding (GO:0031267),35/199,9.581101390838322e-10,binding,GO_Molecular_Function_2023,1.6808949808488288e-11,0.0,0.0,4.410024283503229,109.4087759850981,USP6NL;RABGAP1;DENND5B;USP33;MYCBP2;CHM;GCC2;GCC1;YBX3;BICD2;STRN3;GGA1;GOLGA4;GOLGA5;KIF3B;KIF3A;PPP6R1;ARFIP2;DENND5A;CHML;DNM1L;CDKL5;ANKRD27;HPS4;GAPVD1;RABGGTB;RABGGTA;RGP1;RAB3GAP2;TRIP11;RIN3;EXOC5;LZTR1;RAB3GAP1;PICALM,0.17587939698492464
4,949,Ubiquitin-Dependent Protein Catabolic Process (GO:0006511),51/367,6.75133812383376e-10,cellular process,GO_Biological_Process_2023,5.2580514983128975e-12,0.0,0.0,3.36713441966677,87.44872547287626,PPP1R11;RNF13;RNF14;FAF1;USP33;UBE2D3;RPGR;HERC4;HERC3;ARIH2;UBXN7;ARIH1;ELOC;FBXO9;SKP1;FBXW4;FBXW7;ARMC8;PPP2R5C;KCTD5;KCTD6;CDC34;CLOCK;RNF34;CUL1;UBR4;NEDD8;RNF6;RNF7;PCBP2;SPOP;RBBP6;TBL1X;RFFL;RNF130;KLHDC3;ZRANB1;UBE2H;CRBN;USP9X;SIAH2;SIAH1;WWP1;PML;KLHL20;RNF146;ITCH;APPBP2;NEDD4;TRIP12;FBXL7,0.13896457765667575
4,949,GTPase Binding (GO:0051020),38/225,5.327213678928134e-10,binding,GO_Molecular_Function_2023,8.177740296600209e-12,0.0,0.0,4.207822396496769,107.4240447481918,USP6NL;RABGAP1;DENND5B;USP33;MYCBP2;CHM;GCC2;GCC1;YBX1;FNBP1L;YBX3;BICD2;STRN3;GGA1;GOLGA4;GOLGA5;KIF3B;KIF3A;PPP6R1;ARFIP2;DENND5A;CHML;DNM1L;CDKL5;ANKRD27;HPS4;GAPVD1;RABGGTB;RABGGTA;RGP1;RRAGD;RAB3GAP2;TRIP11;RIN3;EXOC5;LZTR1;RAB3GAP1;PICALM,0.1688888888888889
4,949,Nuclear Thyroid Hormone Receptor Binding (GO:0046966),14/27,2.7027455984147945e-10,binding,GO_Molecular_Function_2023,3.004501547278499e-12,0.0,0.0,21.92776635129576,581.7635832032812,PRMT2;NCOA6;NCOA3;JMJD1C;MED16;MED4;MED17;MED12;MED22;MED13;NCOR1;THRAP3;TRIP6;TRIP12,0.5185185185185185
4,949,Ubiquitin-Like Protein Transferase Activity (GO:0019787),40/240,2.7027455984147945e-10,catalytic activity,GO_Molecular_Function_2023,3.55624420844052e-12,0.0,0.0,4.147634763476348,109.34125880827256,CUL5;RNF13;RNF14;UBE2D3;CUL2;UBR4;UBE3A;RNF6;RNF7;ARIH2;RBBP6;ARIH1;RNF130;FBXO9;TRIM23;PIAS3;UBE2H;CBX4;SIAH2;SIAH1;HUWE1;WWP1;MUL1;FBXW2;PIAS2;PML;PIAS1;KLHL20;KLHL9;RNF146;ITCH;CDC34;UBA3;FBXL3;MDM4;BIRC6;BCOR;FBXL5;TRIM33;UBE2M,0.16666666666666666
4,949,Positive Regulation Of Transcription By RNA Polymerase II (GO:0045944),96/938,9.710034241597107e-11,biological regulation,GO_Biological_Process_2023,7.184215365667641e-13,0.0,0.0,2.433863435743067,68.05500766474597,ARF4;ZNF175;LDB1;KDM1A;FHOD1;CCNC;TRIAP1;YBX1;MED16;GABPB1;MED15;MED17;MED12;YY1;MED13;ZMIZ1;SIN3A;ZMIZ2;MYB;MLX;GABPA;GTF2I;MEN1;DDX17;NCOA6;NCOA3;TCF12;TFE3;MED8;PTOV1;MRTFA;VEZF1;OXSR1;MED4;ETV4;SREBF2;ETV5;MED6;MED7;RUNX1;MED22;SFPQ;MYCN;THRAP3;MED21;MED20;RARB;ATF7;MZF1;EAPP;ZFPM1;TMF1;NFIX;USP16;CTBP2;WBP2;SATB2;MEPCE;ZNHIT1;HSF2;DHX36;HSF1;NRIP1;ZNF746;APBB1;TBL1X;PPARGC1B;TFAP2A;MLXIP;ZBTB17;WWOX;ZFHX3;AKIRIN1;POU2F1;NFYA;PCGF5;CNBP;HMGA1;ZNF76;NR1D2;SMARCA2;POU4F1;POU4F2;HIPK2;CDK9;MLLT10;TFCP2;PRKRA;NFIC;AGO2;TCF3;CRLF3;CDK13;LPIN1;OGT;NFE2L1,0.1023454157782516
4,949,Ubiquitin-Like Protein Ligase Activity (GO:0061659),45/319,2.905818465200823e-09,catalytic activity,GO_Molecular_Function_2023,5.735168023422678e-11,0.0,0.0,3.4112985272269234,80.44462433836817,ZNF451;RNF34;PPP1R11;RNF13;RNF14;MYCBP2;UBE2D3;UBR4;UBE3A;UBR2;RNF6;RNF7;RPGR;HERC4;HERC3;HECTD2;ZMIZ1;ZMIZ2;ARIH2;MKRN4P;RBBP6;ARIH1;RFFL;RNF130;TRIM44;TRIM23;KCMF1;PIAS3;RNF44;CBX4;SIAH2;SIAH1;HUWE1;WWP1;MUL1;PIAS2;PML;PIAS1;RNF146;ITCH;NFX1;NEDD4;MKRN1;TRIP12;ASB1,0.14106583072100312
4,949,Chromatin Remodeling (GO:0006338),40/228,9.286480515206464e-11,cellular process,GO_Biological_Process_2023,6.509215314397056e-13,0.0,0.0,4.415186199471011,123.89183473841749,KDM5A;KDM5B;PHB1;ZNF274;SETD2;KDM5C;SMARCD3;KDM1A;SATB2;CHD7;BAZ2A;CHD4;CTCF;BMI1;CHD1;YY1;ZNHIT1;MECOM;BCL7B;DPF2;JARID2;SKP1;SRPK2;KDM4B;BRPF1;ACTL6B;BICRAL;MBD2;BAZ1A;SMARCA2;PER2;CDK9;SFPQ;REST;RYBP;HDGF;TRIP12;TOP1;BCOR;CGGBP1,0.17543859649122806
5,837,Intracellular Signaling By Second Messengers R-HSA-9006925,76/306,4.081437977585489e-36,Signal Transduction,Reactome_2022,1.3799943981590282e-37,0.0,0.0,8.220922127635262,697.7390014510732,PRR5;AHCYL1;IRS1;FLT3;PTEN;IRS2;AREG;PREX2;PPP2R1B;PPP2R1A;RAC2;PIP4K2A;PIP4K2B;PIP4K2C;PRKACB;PDGFRB;PDGFRA;PRKCD;RHOG;FLT3LG;PRKCA;NRG1;PPP2R5D;GAB2;VAV1;PRKAR1B;PRKAR1A;LCK;KIT;HBEGF;PHLPP2;CAMK2B;CAMK2D;PHLPP1;PDE1C;PDE1A;CAMK2A;ITPR1;PDGFA;PIK3R3;TGFA;ITPR2;PRKX;ITPR3;FOXO3;FOXO1;CAMKK2;PPP2CA;PPP2CB;GRK2;ERBB3;PRKAR2B;CD19;PRKAR2A;PIP5K1A;THEM4;PIP5K1B;FYN;PIP5K1C;ICOS;INSR;WWP2;ESR1;ESR2;KITLG;NBEA;CAMK4;SNAI1;STRN;CALM1;FGF13;FGFR4;PIK3AP1;FGFR3;FGFR2;FGFR1,0.24836601307189543
5,837,EPH-ephrin Mediated Repulsion Of Cells R-HSA-3928665,35/49,3.382411347279923e-36,Developmental Biology,Reactome_2022,1.1089873269770238e-37,0.0,0.0,59.69139650872818,5079.272319236621,EPHB6;EPHA10;CLTC;CLTB;AP2A1;EFNA5;AP2A2;EFNA4;EFNB2;EFNB1;EFNB3;CLTCL1;AP2S1;FYN;EPHB2;EPHB1;AP2M1;EPHB4;EPHB3;EPHA5;VAV3;EPHA4;EPHA7;YES1;EPHA8;MMP2;ADAM10;AP2B1;DNM1;VAV2;TIAM1;EFNA3;EFNA2;EPHA3;EPHA2,0.7142857142857143
5,837,Signaling By NTRK1 (TRKA) R-HSA-187037,52/114,1.2309126252423149e-39,Signal Transduction,Reactome_2022,3.9096610023065335e-41,0.0,0.0,20.40788987055681,1898.8018716931936,SH3GL3;IRS1;YWHAB;NAB1;CLTC;IRS2;AP2A1;AP2A2;RPS6KA3;RPS6KA5;PPP2R1B;PPP2R1A;RPS6KA2;RPS6KA1;AP2M1;SH3GL2;MEF2C;DUSP3;PPP2R5D;FOS;NGF;DNM1;DNM2;DUSP7;DNM3;ARC;MAPKAPK3;VGF;MAPKAPK2;RAPGEF1;SGK1;RALA;SHC3;RALB;SRF;ASCL1;PPP2CA;PPP2CB;RAP1A;MAPK7;AP2S1;RALGDS;MEF2D;MAP2K5;NTRK1;KIDINS220;AP2B1;MAPK13;RIT2;CDK5;CDK5R2;CDK5R1,0.45614035087719296
5,837,CDC42 GTPase Cycle R-HSA-9013148,59/149,1.131298589826475e-40,Signal Transduction,Reactome_2022,3.477352222827281e-42,0.0,0.0,16.0712225078549,1534.1959087210882,DOCK6;TRIO;WIPF1;WIPF2;DOCK8;RASGRF2;ITSN1;WIPF3;DOCK7;SNAP23;ARHGAP1;WASL;ARHGAP5;ARHGAP35;ARHGAP4;PREX2;DOCK11;PREX1;ARHGDIA;MCF2L;GIT1;VAV3;ARHGEF15;FNBP1;ARHGEF16;ARAP3;ARAP1;VAV2;TIAM1;ARHGAP10;ARHGEF9;DAAM1;CDC42EP5;SPATA13;ARHGEF4;ARHGEF7;NGEF;ARHGEF6;ARHGEF26;ARHGEF25;WAS;IQGAP1;FGD1;CDC42;GNA13;ABR;PARD6A;SRGAP2;SRGAP1;PAK4;GIT2;JUP;MYO9B;BAIAP2;DEF6;ARHGAP31;FMNL1;PKN1;MAP3K11,0.3959731543624161
5,837,Diseases Of Signal Transduction By Growth Factor Receptors And Second Messengers R-HSA-5663202,96/424,4.175038855988203e-42,Disease,Reactome_2022,1.2405340863079702e-43,0.0,0.0,7.439518119877555,734.99178281436,PRR5;IRS1;FLT3;YWHAB;CLTC;ITGA2B;PTEN;PEBP1;IRS2;ARRB1;ARRB2;AREG;DUSP16;PPP1CB;SPRED3;SPRED2;KIAA1549;SPRED1;DUSP10;PPP2R1B;PPP2R1A;RAC2;LRRFIP1;PDGFRB;PDGFRA;HSP90AA1;KSR1;TPM3;RHOG;FLT3LG;AGTRAP;ADAM10;NRG1;PPP2R5D;KSR2;GAB2;DUSP9;SND1;VAV1;DUSP7;ETV6;APBB1IP;CNKSR2;CNKSR1;MRAS;PRKAR1A;LCK;CDC37;KIT;MYH9;TLN1;VCL;HBEGF;CAMK2B;CAMK2D;FAM114A2;CAMK2A;PDGFA;PIK3R3;TGFA;IQGAP1;FOXO3;FOXO1;RAP1B;PPP2CA;PPP2CB;BCL2L11;RAP1A;ERBB3;CD19;CSK;FYN;SHOC2;ICOS;MARK3;SPTBN1;YES1;ERBIN;MSN;PTPN12;ESR1;ESR2;CLCN6;KITLG;FAM131B;NF1;NOX4;STRN;PIK3AP1;CALM1;FGF13;FGFR4;FGFR3;MAP3K11;FGFR2;FGFR1,0.22641509433962265
5,837,Signaling By GPCR R-HSA-372790,125/689,3.472020602499151e-44,Signal Transduction,Reactome_2022,8.893495395745775e-46,0.0,0.0,5.789492688660451,600.5648847412801,DGKG;TRIO;DGKD;AHCYL1;DGKA;ITSN1;PREX1;RPS6KA3;RGS3;PPP2R1B;PPP2R1A;RPS6KA2;RPS6KA1;PROK2;PRKACB;PRKCH;PRKCB;PRKCD;PRKCA;DGKZ;TIAM2;TIAM1;OBSCN;PRKAR1B;PRKAR1A;BTK;PRKCQ;NGEF;GNAZ;PDE1C;ARHGEF26;ARHGEF25;PDE1A;ITPR1;LPAR1;ITPR2;LPAR2;PIK3R3;ITPR3;RASGRP2;KALRN;RASGRP1;ABR;PPP3R1;GNG10;GRK3;GRK2;GRK5;PRKAR2B;PRKAR2A;GRK6;GNG12;GNG11;CDK5;NBEA;GNB1;PDE3A;GNAS;GNB4;PLXNB1;GNB5;CALM1;ITGB1;DAGLA;RASGRF2;PDE3B;ARRB1;ARRB2;AKAP13;PPP3CA;PPP3CB;PPP3CC;MCF2L;PDE4A;VAV3;TRPC6;TRPC3;ARHGEF15;ARHGEF16;PDE4C;ARHGEF18;PPP2R5D;RHOC;VAV1;RHOB;VAV2;ARHGEF9;ARHGEF3;ARHGEF4;ARHGEF2;DAGLB;ARHGEF7;HBEGF;ARHGEF6;CAMK2B;CAMK2D;RGS19;CAMK2A;GNAI3;CXCR4;PRKX;FGD1;GNAI1;CAMKK2;GNAI2;CDC42;PPP2CA;GNA13;PPP2CB;GNA14;GNA15;GNG2;MAPK7;GNG4;GNA11;GNG7;GNA12;S1PR1;S1PR3;TSHR;PPP1CA;KISS1;CAMK4;PKN1;F2RL2,0.18142235123367198
5,837,Leishmania Infection R-HSA-9658195,76/247,2.6840305214649623e-43,Disease,Reactome_2022,7.425084434380531e-45,0.0,0.0,11.09183822455833,1127.057932965386,CYFIP2;CYFIP1;NCKAP1;AHCYL1;WIPF1;WIPF2;ARPC1B;WIPF3;ARPC1A;BRK1;WASL;ACTG1;PRKACB;NCK1;VAV3;ACTR3;ACTR2;SYK;PRKCA;CYBA;VAV1;VAV2;FGR;HCK;MYH2;PRKAR1B;PRKAR1A;BTK;ELMO1;ELMO2;MYH9;DOCK1;GNAZ;GNAI3;WAS;ITPR1;NOXO1;ITPR2;PRKX;ITPR3;GNAI1;GNAI2;NCKIPSD;CDC42;GNG10;GNG2;PRKAR2B;GNG4;PRKAR2A;GNG7;PLCG2;NCKAP1L;FYN;WASF1;WASF2;WASF3;YES1;MYO10;MYO5A;MYO9B;ARPC5;GNG12;BAIAP2;GNG11;PTK2;TSHR;ABI2;ARPC2;ARPC3;ABI1;GNB1;NOXA1;GNAS;GNB4;GNB5;CALM1,0.3076923076923077
5,837,VEGFA-VEGFR2 Pathway R-HSA-4420097,51/93,4.332366789387609e-44,Signal Transduction,Reactome_2022,1.1541141037303056e-45,0.0,0.0,29.539894583787717,3056.581398386599,CYFIP2;PRR5;CYFIP1;NCKAP1;AHCYL1;NCF1;NCF4;BRK1;SHB;CDH5;SYNGAP1;NCK2;ITGAV;PRKACB;NCK1;VAV3;HSP90AA1;PRKCB;PRKCD;CYBA;PRKCA;VAV1;VAV2;MAPKAPK3;MAPKAPK2;ELMO1;ELMO2;ARHGEF7;DOCK1;SH2D2A;ITPR1;ITPR2;ITPR3;PRKCZ;CDC42;CTNNA1;PTK2B;THEM4;FYN;NCKAP1L;WASF1;WASF2;WASF3;JUP;BAIAP2;PTK2;MAPK13;ABI2;ABI1;PKN1;CALM1,0.5483870967741935
5,837,Opioid Signaling R-HSA-111885,50/88,3.0565187334701903e-44,Signal Transduction,Reactome_2022,7.516029672467681e-46,0.0,0.0,31.97518892529927,3322.2821227316854,AHCYL1;PPP3CA;PPP3CB;PPP3CC;PPP2R1B;PPP2R1A;PDE4A;PRKACB;PDE4C;PRKCD;PPP2R5D;PRKCA;PRKAR1B;PRKAR1A;CAMK2B;CAMK2D;PDE1C;PDE1A;CAMK2A;GNAI3;ITPR1;ITPR2;ITPR3;PRKX;GNAI1;CAMKK2;GNAI2;PPP2CA;GNA14;PPP2CB;GNA15;GNG10;PPP3R1;GNG2;GRK2;GNG4;PRKAR2B;GNA11;GNG7;PRKAR2A;GNG12;GNG11;PPP1CA;CDK5;NBEA;CAMK4;GNB1;GNB4;GNB5;CALM1,0.5681818181818182
5,837,"Platelet Activation, Signaling And Aggregation R-HSA-76002",80/254,2.0360937907600272e-46,Hemostasis,Reactome_2022,4.589555675893503e-48,0.0,0.0,11.533123794773685,1257.1139679488715,DGKG;DGKD;DAGLA;DGKA;ITGA2B;MPL;ARRB1;ARRB2;RAC2;CAP1;VAV3;PRKCH;TRPC6;SYK;TRPC3;ACTN2;PRKCB;ACTN1;APLP2;PRKCD;RHOG;PRKCA;ACTN4;DGKZ;YWHAZ;VAV1;RHOB;VAV2;APBB1IP;TMX3;LCK;PRKCQ;LCP2;PFN1;TLN1;DAGLB;VCL;RAPGEF4;STXBP3;STXBP2;GNAI3;ITPR1;PDGFA;PIK3R3;ITPR2;ITPR3;RASGRP2;PRKCZ;RASGRP1;GNAI1;GNAI2;RAP1B;CDC42;GNA13;GNA14;GNG10;GNA15;RAP1A;GNG2;GNG4;GNA11;GNG7;GNA12;PLCG2;FLNA;STX4;CSK;FYN;AAMP;PTPN1;IGF2;GNG12;GNG11;PTK2;GNB1;GNB4;PTPN6;GNB5;CALM1;F2RL2,0.31496062992125984
5,837,Innate Immune System R-HSA-168249,141/1035,2.0958481937440308e-35,Immune System,Reactome_2022,7.301110510993549e-37,0.0,0.0,4.13987406464553,344.4690762133536,CYFIP2;CYFIP1;NCKAP1;AHCYL1;NCF1;CALML5;WIPF1;WIPF2;NCF4;WIPF3;ICAM3;ACTG1;RPS6KA3;RPS6KA5;PPP2R1B;PPP2R1A;RPS6KA2;RPS6KA1;SIRPA;CAPN1;PRKACB;MEF2C;PRKCD;ADAM10;CYBA;PRKCA;PLPP4;MAPKAPK3;MAPKAPK2;BTK;ELMO1;ELMO2;PRKCQ;VCL;RAB5B;RAB5C;ITPR1;ITPR2;ITPR3;IQGAP1;RASGRP2;RASGRP1;RASGRP4;PLD2;RAP1B;NCKIPSD;SDCBP;PPP3R1;RAP1A;SOCS1;CD19;PLCG2;NCKAP1L;ATP6V0A1;SIGLEC15;YES1;SIGLEC14;JUP;KIR2DS2;NFATC3;MYO5A;NFATC2;NFATC1;ARPC5;PTK2;DIAPH1;PTPRB;ARPC2;ARPC3;NF2;CALM1;ITK;ARPC1B;SNAP23;ARPC1A;BRK1;PTPRJ;WASL;AP2A2;EEA1;PPP3CA;PPP3CB;RAC2;FCER1A;ITGAV;LRRFIP1;SPTAN1;NCK1;ACTR3;CAP1;VAV3;ACTR2;HSP90AA1;DUSP3;DBNL;SYK;RHOG;PPP2R5D;FOS;GAB2;VAV1;DNM1;DUSP7;VAV2;DNM2;DNM3;FGR;HCK;MYH2;LCK;MYH9;LCP2;CD47;ARHGEF7;MS4A2;DOCK2;DOCK1;WAS;MALT1;CDC42;PPP2CA;PPP2CB;MUC2;MAPK7;FYN;WASF1;AAMP;WASF2;WASF3;GSN;MYO10;LIMK1;MYO9B;BAIAP2;MAPK13;RAB10;TEC;ABI2;ABI1;PTPN6;PKN1,0.13623188405797101
5,837,Disease R-HSA-1643685,209/1736,1.721868142722002e-45,Disease,Reactome_2022,4.0576810740375047e-47,0.0,0.0,3.8436841732050273,410.585755513653,CYFIP2;CYFIP1;NCKAP1;AHCYL1;WIPF1;WIPF2;WIPF3;GJA1;CAPNS1;PPP2R1B;CAPNS2;PPP2R1A;DAG1;PRKACB;FLT3LG;PRKCA;SND1;PRKAR1B;PRKAR1A;CDC37;BTK;TLN1;PDGFA;TGFA;PIK3R3;IQGAP1;CD79B;CD79A;GNG10;PRKAR2B;PRKAR2A;CD19;PLCG2;NCKAP1L;ICOS;SPTBN1;YES1;MYO5A;STAM;GNG12;GNG11;PTK2;ARTN;NOX4;STRN;CALM1;SH3KBP1;ARPC1B;ARPC1A;CLTC;AP2A1;WASL;AREG;AP2A2;RAC2;JAK3;VAV3;MAP4K2;SYK;RHOG;AGTRAP;GAB2;DUSP9;VAV1;DUSP7;VAV2;CNKSR2;APBB1IP;CNKSR1;HCK;MRAS;KIT;HBEGF;GNAI3;WAS;NOXO1;CXCR4;PRKX;GNAI1;GNAI2;PPP2CA;PPP2CB;AP2S1;SHOC2;MAP4K5;EPS15;BRD4;ERBIN;MYO9B;AP2B1;KITLG;ABI2;CAMK4;ABI1;CDK5R1;SH3GL3;IRS1;ITGA2B;PEBP1;IRS2;ACTG1;PPP1CB;CCND1;CAPN2;CAPN1;AP2M1;SH3GL2;SH3GL1;PDGFRB;PDGFRA;TPM3;ADAM10;CYBA;HGS;ELMO1;ELMO2;STAM2;VCL;GNAZ;FAM114A2;ITPR1;ITPR2;ITPR3;CSF2RB;FOXO3;FOXO1;RAP1B;NCKIPSD;BCL2L11;RAP1A;MARK3;SYT2;MSN;ARPC5;ESR1;ESR2;ARPC2;CDK5;ARPC3;NOXA1;GNB1;GNB4;GNAS;NF1;GNB5;FGF13;FGFR4;RAB5A;FGFR3;MAP3K11;FGFR2;FGFR1;ITGB1;PRR5;FLT3;YWHAB;PTEN;BRK1;ARRB1;ARRB2;DUSP16;SPRED3;SPRED2;KIAA1549;SPRED1;DUSP10;YWHAQ;BLNK;LRRFIP1;NCK1;ACTR3;ACTR2;HSP90AA1;PDCD6IP;KSR1;NRG1;PPP2R5D;KSR2;YWHAZ;ETV6;FGR;MYH2;LCK;MYH9;DOCK2;DOCK1;CAMK2B;CAMK2D;CAMK2A;CDC42;MUC2;GNG2;ERBB3;GNG4;GNG7;S1PR1;FYN;CSK;WASF1;WASF2;WASF3;MYO10;PTPN12;BAIAP2;TSHR;CLCN6;FAM131B;PTPN6;PIK3AP1,0.12039170506912443
5,837,Signaling By NTRKs R-HSA-166520,58/132,4.508246693871383e-43,Signal Transduction,Reactome_2022,1.2933494613565444e-44,0.0,0.0,19.20622419595462,1940.9139636421623,SH3GL3;PTPRU;DOCK3;PTPRS;IRS1;YWHAB;NAB1;CLTC;IRS2;AP2A1;AP2A2;RPS6KA3;RPS6KA5;PPP2R1B;PPP2R1A;RPS6KA2;RPS6KA1;AP2M1;SH3GL2;MEF2C;DUSP3;PPP2R5D;FOS;NGF;DNM1;DNM2;DUSP7;DNM3;TIAM1;ARC;MAPKAPK3;VGF;MAPKAPK2;RAPGEF1;SGK1;RALA;SHC3;RALB;SRF;ASCL1;PPP2CA;PPP2CB;RAP1A;MAPK7;AP2S1;FYN;RALGDS;MEF2D;MAP2K5;NTRK1;KIDINS220;NTRK3;AP2B1;MAPK13;RIT2;CDK5;CDK5R2;CDK5R1,0.4393939393939394
5,837,Negative Regulation Of PI3K/AKT Network R-HSA-199418,48/113,8.611234213926086e-35,Signal Transduction,Reactome_2022,3.0880450562234945e-36,0.0,0.0,17.87470020473823,1461.534248692073,PHLPP2;PHLPP1;IRS1;FLT3;PTEN;PDGFA;PIK3R3;TGFA;IRS2;AREG;PPP2CA;PPP2CB;PPP2R1B;ERBB3;PPP2R1A;CD19;RAC2;PIP4K2A;PIP5K1A;THEM4;PIP4K2B;PIP5K1B;FYN;PIP4K2C;PIP5K1C;ICOS;PDGFRB;PDGFRA;INSR;RHOG;FLT3LG;NRG1;PPP2R5D;GAB2;ESR1;ESR2;VAV1;KITLG;LCK;KIT;STRN;FGF13;FGFR4;PIK3AP1;FGFR3;FGFR2;FGFR1;HBEGF,0.4247787610619469
5,837,RHOA GTPase Cycle R-HSA-8980692,47/147,1.4176090019630956e-27,Signal Transduction,Reactome_2022,6.39086025475166e-29,0.0,0.0,11.341278481012658,736.2769196456329,TRIO;ARHGEF25;PKN3;ARHGEF28;RASGRF2;SNAP23;ARHGAP1;IQGAP1;ARHGAP5;KALRN;ARHGAP35;ARHGAP4;PREX2;PREX1;ABR;AKAP13;ARHGDIA;MCF2L;FLOT1;FLOT2;RHPN2;SRGAP1;VAV3;JUP;ARHGEF15;ERBIN;ARAP3;ARHGEF18;MYO9B;ARAP1;VAV1;DEF6;VAV2;TIAM1;DIAPH1;ARHGAP10;ARHGAP31;OBSCN;DAAM1;ARHGEF3;ARHGEF4;ARHGEF2;PKN1;ARHGEF7;DOCK2;NGEF;TJP2,0.3197278911564626
5,837,Oncogenic MAPK Signaling R-HSA-6802957,40/78,4.5846845182906056e-33,Disease,Reactome_2022,1.7380463850077091e-34,0.0,0.0,25.2591956679654,1963.52689548426,CAMK2B;CAMK2D;YWHAB;FAM114A2;ITGA2B;CAMK2A;PEBP1;ARRB1;ARRB2;IQGAP1;DUSP16;PPP1CB;SPRED3;RAP1B;SPRED2;KIAA1549;SPRED1;DUSP10;BCL2L11;RAP1A;CSK;SHOC2;MARK3;KSR1;AGTRAP;KSR2;DUSP9;SND1;DUSP7;APBB1IP;CNKSR2;CNKSR1;CLCN6;MRAS;FAM131B;NF1;TLN1;CALM1;VCL;MAP3K11,0.5128205128205128
5,837,RHO GTPases Activate WASPs And WAVEs R-HSA-5663213,29/36,1.0804794034896392e-32,Signal Transduction,Reactome_2022,4.206784562767038e-34,0.0,0.0,98.21852899575671,7548.211282009225,CYFIP2;CYFIP1;NCKAP1;WIPF1;ARPC1B;WIPF2;ARPC1A;WIPF3;WAS;BRK1;WASL;ACTG1;CDC42;NCKIPSD;NCKAP1L;WASF1;WASF2;WASF3;NCK1;ACTR3;ACTR2;ARPC5;BAIAP2;PTK2;ABI2;ARPC2;ARPC3;ABI1;BTK,0.8055555555555556
5,837,Neurotransmitter Receptors And Postsynaptic Signal Transmission R-HSA-112314,56/182,7.416749239238608e-32,Neuronal System,Reactome_2022,2.9636600443678858e-33,0.0,0.0,10.833404467207284,811.4098943617013,RASGRF2;RASGRF1;PRKAG1;PRKAG2;AP2A1;AP2A2;RPS6KA3;RPS6KA6;RPS6KA2;RPS6KA1;NEFL;PRKACB;AP2M1;GIT1;ACTN2;PRKCB;PRKCA;NRG1;GRIP2;ARHGEF9;PRKAR1B;PRKAR1A;PICK1;MAPT;ARHGEF7;GRIA1;CAMK2B;GRIA2;CAMK2D;CAMK2A;GNAI3;PRKX;AKAP5;GNAI1;CAMKK2;GNAI2;GNG10;GNG2;PRKAR2B;GNG4;PRKAR2A;GNG7;MYO6;TSPAN7;AP2S1;CACNG3;GRIA3;AP2B1;GNG12;GNG11;NBEA;CAMK4;GNB1;GNB4;GNB5;CALM1,0.3076923076923077
5,837,Semaphorin Interactions R-HSA-373755,36/64,1.0321508377601342e-31,Developmental Biology,Reactome_2022,4.230126384262845e-33,0.0,0.0,30.714285714285715,2289.537340370686,ITGB1;PLXND1;SEMA3A;SEMA3E;ARHGAP35;RND1;DPYSL4;RRAS;DPYSL5;DPYSL2;PLXNA2;MYH14;PLXNA1;FYN;MYH11;PIP5K1C;MYH10;PLXNA4;PLXNA3;FARP2;HSP90AA1;SEMA6D;LIMK2;LIMK1;RHOC;RHOB;MYL6;CDK5;FES;MYH9;PLXNB1;PKN1;ARHGEF7;TLN1;MYL9;CDK5R1,0.5625
5,837,"PI5P, PP2A And IER3 Regulate PI3K/AKT Signaling R-HSA-6811558",44/106,2.0887741675352994e-31,Signal Transduction,Reactome_2022,8.774563613621646e-33,0.0,0.0,17.0940080543465,1261.767726448659,IRS1;FLT3;PDGFA;PIK3R3;TGFA;IRS2;AREG;PPP2CA;PPP2CB;PPP2R1B;ERBB3;PPP2R1A;CD19;RAC2;PIP4K2A;PIP5K1A;PIP4K2B;PIP5K1B;FYN;PIP4K2C;PIP5K1C;ICOS;PDGFRB;PDGFRA;INSR;RHOG;FLT3LG;NRG1;PPP2R5D;GAB2;ESR1;ESR2;VAV1;KITLG;LCK;KIT;STRN;FGF13;FGFR4;PIK3AP1;FGFR3;FGFR2;FGFR1;HBEGF,0.41509433962264153
5,837,Clathrin-mediated Endocytosis R-HSA-8856828,49/142,1.6515067439027465e-30,Vesicle-mediated transport,Reactome_2022,7.106893774991328e-32,0.0,0.0,12.750805087058566,914.5088779632076,SH3GL3;SH3KBP1;ITSN1;ARPC1A;CLTC;CLTB;AP2A1;ARRB1;ARRB2;WASL;PIK3C2A;AP2A2;AREG;AP2M1;SH3GL2;SH3GL1;ACTR3;ACTR2;FNBP1;EPS15L1;DNM1;EPN1;DNM2;DNM3;CTTN;BIN1;HGS;AMPH;STAM2;ARF6;HBEGF;RAB5B;RAB5C;TGFA;GRK3;GRK2;CLTCL1;AP2S1;PIP5K1C;EPS15;SYT2;ARPC5;STAM;AP2B1;ARPC2;SYNJ1;ARPC3;TRIP10;RAB5A,0.34507042253521125
5,837,RAC2 GTPase Cycle R-HSA-9013404,39/87,2.0785305681767285e-29,Signal Transduction,Reactome_2022,9.157460495040916e-31,0.0,0.0,19.46232769423559,1346.1229686684196,ITGB1;CYFIP1;NCKAP1;DOCK3;TRIO;NCF1;NCF4;ARHGAP1;BRK1;PIK3R3;IQGAP1;ARHGAP35;PLD2;CDC42;PREX1;ABR;ARHGDIA;RAC2;NHS;SLITRK5;NCKAP1L;WASF2;GIT1;PAK4;VAV3;GIT2;ERBIN;CYBA;VAV1;DEF6;VAV2;TIAM1;ABI2;TAOK3;ABI1;PKN1;DOCK2;DOCK1;EPHA2,0.4482758620689655
5,837,RAC3 GTPase Cycle R-HSA-9013423,38/93,7.853360932003274e-27,Signal Transduction,Reactome_2022,3.620914364140854e-28,0.0,0.0,16.523017408123792,1044.0176944135856,ITGB1;CYFIP1;NCKAP1;TRIO;NCF1;NCF4;SNAP23;ARHGAP1;BRK1;NOXO1;ARHGAP5;ARHGAP35;CDC42;PREX1;ABR;NHS;SLITRK5;NCKAP1L;SRGAP2;WASF1;WASF2;GIT1;PAK4;GIT2;ERBIN;ARAP3;CYBA;BAIAP2;VAV2;TIAM1;ABI2;TAOK3;ABI1;NOXA1;RAPGEF1;NOX3;PKN1;EPHA2,0.40860215053763443
5,837,L1CAM Interactions R-HSA-373760,39/99,7.963354549042191e-27,Developmental Biology,Reactome_2022,3.7532203817207043e-28,0.0,0.0,15.560087719298243,982.6159351960036,ITGB1;NRP2;ITGA2B;CLTC;AP2A1;AP2A2;RPS6KA4;RPS6KA3;SDCBP;RPS6KA6;RPS6KA5;DPYSL2;RPS6KA2;RPS6KA1;AP2S1;ITGAV;NCAM1;EPHB2;SPTAN1;AP2M1;SH3GL2;SPTBN1;CNTN6;ITGA2;RDX;MSN;RANBP9;AP2B1;L1CAM;DNM1;DNM2;VAV2;DNM3;GAP43;NUMB;CNTN2;PKN1;EZR;FGFR1,0.3939393939393939
5,837,NRAGE Signals Death Thru JNK R-HSA-193648,31/57,9.808572392124613e-27,Signal Transduction,Reactome_2022,4.723390393748534e-28,0.0,0.0,28.30917159763313,1781.2089935609515,TRIO;ARHGEF26;MAGED1;RASGRF2;ITSN1;KALRN;FGD1;GNA13;AKAP13;PREX1;ABR;BCL2L11;MCF2L;VAV3;NGFR;ARHGEF15;ARHGEF16;ARHGEF18;NGF;VAV1;VAV2;TIAM2;TIAM1;ARHGEF9;OBSCN;ARHGEF3;ARHGEF4;ARHGEF2;ARHGEF7;NGEF;ARHGEF6,0.543859649122807
5,837,Extra-nuclear Estrogen Signaling R-HSA-9009391,34/73,2.2780438018397574e-26,Signal Transduction,Reactome_2022,1.1203494107408644e-27,0.0,0.0,20.762397419931663,1288.434591917875,SRF;GNAI3;PIK3R3;TGFA;ZDHHC7;ZDHHC21;FOXO3;AREG;PRKCZ;GNAI1;IGF1R;GNAI2;GNG10;GNG2;CCND1;GNG4;GNG7;S1PR3;HSP90AA1;CAV2;MMP2;FOS;GNG12;ESR1;GNG11;ESR2;PTK2;UHMK1;GNB1;GNB4;STRN;GNB5;CALM1;HBEGF,0.4657534246575342
5,837,Transmission Across Chemical Synapses R-HSA-112315,57/246,2.0295998969105492e-25,Neuronal System,Reactome_2022,1.0189589646374684e-26,0.0,0.0,7.336304436304436,439.066309371686,RASGRF2;RASGRF1;PRKAG1;PRKAG2;AP2A1;AP2A2;RPS6KA3;RPS6KA6;RPS6KA2;RPS6KA1;NEFL;PRKACB;GIT1;AP2M1;ACTN2;PRKCB;PRKCA;NRG1;GRIP2;ARHGEF9;PRKAR1B;PRKAR1A;PICK1;MAPT;ARHGEF7;GRIA1;CAMK2B;GRIA2;CAMK2D;CAMK2A;GNAI3;CACNA1A;PRKX;AKAP5;GNAI1;CAMKK2;GNAI2;GNG10;GNG2;PRKAR2B;GNG4;PRKAR2A;GNG7;MYO6;TSPAN7;AP2S1;CACNG3;GRIA3;AP2B1;GNG12;GNG11;NBEA;CAMK4;GNB1;GNB4;GNB5;CALM1,0.23170731707317074
5,837,Netrin-1 Signaling R-HSA-373752,28/49,5.431236613387745e-25,Developmental Biology,Reactome_2022,2.782395806038804e-26,0.0,0.0,31.54841367943964,1856.4317016217176,TRIO;PITPNA;AGAP2;WASL;NTN1;CDC42;ABLIM2;ABLIM3;FYN;SLIT3;NEO1;NCK1;TRPC6;TRPC3;UNC5A;MYO10;DCC;UNC5B;TRPC1;UNC5C;RGMB;PTK2;RGMA;MAPK13;PRKCQ;PKN1;EZR;DOCK1,0.5714285714285714
5,837,Signaling By VEGF R-HSA-194138,55/102,5.84476744832857e-47,Signal Transduction,Reactome_2022,1.2575831599887296e-48,0.0,0.0,28.605866028187407,3155.080924504344,CYFIP2;PRR5;CYFIP1;NCKAP1;NRP2;AHCYL1;NCF1;FLT4;NCF4;BRK1;SHB;CDH5;SYNGAP1;NCK2;ITGAV;PRKACB;NCK1;VAV3;HSP90AA1;PRKCB;PRKCD;CYBA;PRKCA;PGF;VAV1;VAV2;MAPKAPK3;MAPKAPK2;ELMO1;ELMO2;ARHGEF7;DOCK1;SH2D2A;ITPR1;ITPR2;ITPR3;PRKCZ;CDC42;CTNNA1;THEM4;PTK2B;NCKAP1L;FYN;WASF1;AAMP;WASF2;WASF3;JUP;BAIAP2;PTK2;MAPK13;ABI2;ABI1;PKN1;CALM1,0.5392156862745098
5,837,G Alpha (12/13) Signaling Events R-HSA-416482,41/78,1.8157443411247127e-34,Signal Transduction,Reactome_2022,6.697417651689515e-36,0.0,0.0,26.62522069808502,2156.412337300367,TRIO;ARHGEF26;RASGRF2;ITSN1;KALRN;FGD1;GNA13;AKAP13;PREX1;ABR;GNG10;GNG2;GNG4;MCF2L;GNG7;GNA12;VAV3;ARHGEF15;ARHGEF16;ARHGEF18;RHOC;GNG12;GNG11;VAV1;RHOB;VAV2;TIAM2;TIAM1;ARHGEF9;OBSCN;GNB1;ARHGEF3;BTK;GNB4;ARHGEF4;PLXNB1;ARHGEF2;GNB5;ARHGEF7;NGEF;ARHGEF6,0.5256410256410257
5,837,Regulation Of Actin Dynamics For Phagocytic Cup Formation R-HSA-2029482,45/62,5.460613068164884e-47,Immune System,Reactome_2022,1.1189780877387055e-48,0.0,0.0,63.99064171122995,7065.313527182564,CYFIP2;CYFIP1;NCKAP1;WIPF1;ARPC1B;WIPF2;ARPC1A;WIPF3;WAS;BRK1;WASL;ACTG1;CDC42;NCKIPSD;NCKAP1L;WASF1;WASF2;WASF3;NCK1;ACTR3;VAV3;ACTR2;HSP90AA1;SYK;MYO10;LIMK1;MYO5A;MYO9B;ARPC5;BAIAP2;VAV1;PTK2;VAV2;MYH2;ABI2;ARPC2;ARPC3;ABI1;BTK;ELMO1;ELMO2;MYH9;NF2;PKN1;DOCK1,0.7258064516129032
5,837,Receptor Tyrosine Kinase Binding (GO:0030971),23/59,1.5051509282010053e-15,binding,GO_Molecular_Function_2023,5.107978263125584e-17,0.0,0.0,15.012319137319135,563.1592730315535,SHC4;ANGPT4;PTPN1;DUSP3;SHC3;IRS1;ARHGEF16;CBLC;FLT3LG;CBLB;NRG1;GAB2;RNF41;GRB14;BLNK;ELMO2;ALKAL2;ALKAL1;SH2B3;SH2B2;PTPN2;NCK1;SOCS5,0.3898305084745763
5,837,FCGR3A-mediated Phagocytosis R-HSA-9664422,45/60,4.722163350510153e-48,Disease,Reactome_2022,8.708907818563807e-50,0.0,0.0,72.53030303030303,8193.37902793645,CYFIP2;CYFIP1;NCKAP1;WIPF1;ARPC1B;WIPF2;ARPC1A;WIPF3;WAS;BRK1;WASL;ACTG1;CDC42;NCKIPSD;FYN;NCKAP1L;WASF1;WASF2;WASF3;NCK1;ACTR3;VAV3;ACTR2;YES1;SYK;MYO10;MYO5A;MYO9B;ARPC5;BAIAP2;VAV1;PTK2;VAV2;FGR;HCK;MYH2;ABI2;ARPC2;ARPC3;ABI1;BTK;ELMO1;ELMO2;MYH9;DOCK1,0.75
5,837,Recycling Pathway Of L1 R-HSA-437239,22/28,2.0651209197140463e-24,Developmental Biology,Reactome_2022,1.0791103166538562e-25,0.0,0.0,86.18691206543967,4954.7554672317465,CLTC;RDX;MSN;AP2A1;AP2B1;L1CAM;AP2A2;DNM1;DNM2;RPS6KA4;DNM3;RPS6KA3;RPS6KA6;RPS6KA5;DPYSL2;RPS6KA2;RPS6KA1;AP2S1;NUMB;EZR;AP2M1;SH3GL2,0.7857142857142857
5,837,Protein Phosphorylated Amino Acid Binding (GO:0045309),23/45,1.5097896906951497e-18,binding,GO_Molecular_Function_2023,2.5449333957058482e-20,0.0,0.0,24.583593924503017,1109.1526928604533,SHC3;YES1;SYK;IRS1;YWHAB;CBLC;PIK3R3;SHB;YWHAZ;VAV1;VAV2;FGR;HCK;ZAP70;LCK;RASA1;NCK2;PLCG2;PTPN6;GRAP;PFN1;PTPN5;PTPN3,0.5111111111111111
5,837,Neuron Projection (GO:0043005),76/557,2.244837741786192e-18,cellular anatomical structure,GO_Cellular_Component_2023,5.683133523509347e-20,0.0,0.0,3.878887884144126,171.8898099945919,CYFIP2;RET;EPHB6;CYFIP1;ROBO3;PTPRS;RASGRF1;PTPRO;DOCK7;PTEN;IGF1R;CDH2;PPP2R1A;CAPN2;NEFL;RAC3;EPHB2;EPHB1;GIT1;EPHB3;EPHA5;EPHA4;EPHA7;ARHGEF15;EPHA8;MAGI2;RHOC;MAPK8IP3;UHMK1;ALS2;BIN1;MAP1B;PICK1;MAPT;ARHGEF7;SHANK3;EPHA3;GRIA1;CAMK2B;GRIA2;CAMK2D;EPHA10;SEMA3A;CAMK2A;KCNA3;IQGAP1;CDC42;PAK1;RELN;GNA12;PTK2B;FYN;CTNNA2;MARK3;MARK1;NTRK1;SYT2;HOMER1;CNTN6;NTRK3;INSR;LIMK1;MYO5A;L1CAM;KISS1;RIT2;CDK5;TAOK2;NF1;CNTN2;STRN;VIM;FGF13;RAB5A;CDK5R2;CDK5R1,0.13644524236983843
5,837,Cytoskeleton (GO:0005856),79/599,2.7477825272565627e-18,cellular anatomical structure,GO_Cellular_Component_2023,8.115813371643855e-20,0.0,0.0,3.7365460726608486,164.25067165135388,WIPF1;ARPC1B;ARPC1A;WASL;MYLK3;ACTB;MYLK;ACTG1;RND1;AKAP13;RASSF1;CDH1;PPP2R1A;CFL2;ARHGDIA;CHP1;RAC3;LRRFIP1;SPTAN1;APC2;ACTR3;ACTR2;PRKCI;PPP1R12A;TPM3;ACTN2;RHOG;ACTN4;ITPKB;FGR;ACTA1;CTTN;BIN1;MYH9;AMPH;TLN2;ARHGEF2;MAPT;EZR;EPHA3;VCL;WAS;IQGAP1;NTN1;KALRN;PPP2CA;SDCBP;ABLIM2;SCIN;ABLIM3;MYO6;FLNA;FLNB;WASF1;WASF2;SPTBN1;MARK1;VASP;GSN;JUP;MYO5A;DSTN;MSN;MYO9B;ARPC5;BAIAP2;PTK2;FER;MYO1C;TEC;ARPC2;ARPC3;FES;TAOK2;ZYX;SPRY2;NF2;PTPN7;VIM,0.1318864774624374
5,837,Phosphotyrosine Residue Binding (GO:0001784),21/39,1.3342434042885269e-17,binding,GO_Molecular_Function_2023,2.7167852123522043e-19,0.0,0.0,27.37234477124183,1170.158637469024,SHC3;YES1;SYK;IRS1;CBLC;PIK3R3;SHB;VAV1;VAV2;FGR;HCK;ZAP70;LCK;RASA1;NCK2;PLCG2;PTPN6;GRAP;PFN1;PTPN5;PTPN3,0.5384615384615384
5,837,Regulation Of ERK1 And ERK2 Cascade (GO:0070372),47/244,1.2431426174487341e-16,biological regulation,GO_Biological_Process_2023,1.031824881680556e-18,0.0,0.0,5.727700314849322,237.2138695989016,PTPRR;FLT4;PTEN;PDGFA;ARRB1;ARRB2;PRKCZ;RASGRP1;SPRED3;SPRED2;RPS6KA6;SPRED1;RAP1A;DUSP10;RRAS;PDGFD;PDGFC;SIRPA;PTK2B;ALKAL2;ALKAL1;EPHB2;EPHB1;PDGFRB;NTRK1;EPHA4;PDGFRA;PTPN1;EPHA7;DUSP3;SYK;NTRK3;RANBP9;PRKCA;NRG1;YWHAZ;SPRY2;PTPN6;SPRY1;TEK;EZR;FGFR4;FGFR3;FGFR2;PTPN2;EPHA2;MAP3K12,0.19262295081967212
5,837,Protein Tyrosine Kinase Binding (GO:1990782),28/85,1.7094131227843415e-16,binding,GO_Molecular_Function_2023,3.8674505040369725e-18,0.0,0.0,11.60124043111487,465.139393319747,ITGB1;SHC4;SHC3;CBLC;CBLB;CDH5;GRB14;BLNK;PLCG2;SIRPA;ALKAL2;ALKAL1;SH2B3;NCK1;SOCS5;EPHA4;ANGPT4;PTPN1;HSP90AA1;DUSP3;ARHGEF16;FLT3LG;NRG1;RNF41;ELMO2;NOX4;PTPN2;TJP2,0.32941176470588235
5,837,Cytoplasmic Side Of Plasma Membrane (GO:0009898),33/124,1.7907927293671367e-16,cellular anatomical structure,GO_Cellular_Component_2023,6.044869972547297e-18,0.0,0.0,8.602263408233558,341.0567046941605,BLK;PTEN;AP2A1;IQGAP1;AKAP5;AP2A2;PPP3CA;CDH1;AP2S1;FYN;JAK3;AP2M1;CYTH1;SRMS;YES1;JUP;SYK;EXOC7;PTK6;AP2B1;FGR;TIAM1;HCK;ZAP70;FER;RASA3;FES;LCK;NPHS2;MYH9;PTPN7;EZR;PTPN3,0.2661290322580645
5,837,GTPase Activity (GO:0003924),48/265,2.2447435715139357e-16,catalytic activity,GO_Molecular_Function_2023,6.094326438499373e-18,0.0,0.0,5.311559285801896,210.5458197007044,GNAZ;ARF1;RAB5B;RALA;RAB5C;RALB;RGS19;AGAP2;GNAI3;GNAI1;GNAI2;RND1;RAP1B;CDC42;GNA13;GNA14;GNG10;GNA15;RGS3;RAP1A;RRAS;GNA11;GNA12;RAC2;RAC3;RAB4A;RAB4B;RHOG;RRAS2;RHOC;GNG11;RHOD;DNM1;RHOB;DNM2;GNAO1;DNM3;RIT1;MRAS;RIT2;RASA1;GNB1;GNAS;RHOU;GNB5;RAB5A;RHOQ;ARF6,0.1811320754716981
5,837,Cadherin Binding (GO:0045296),53/319,2.2447435715139357e-16,binding,GO_Molecular_Function_2023,5.827047981785452e-18,0.0,0.0,4.802540471075648,190.5841176345085,ITGB1;YWHAB;PTPRO;CTNND1;ARHGAP1;PTPRJ;CDH5;CDH2;CDH1;LRRFIP1;SPTAN1;SH3GL1;NCK1;USP8;DBNL;ARHGEF16;EPS15L1;YWHAZ;SND1;CTTN;NUMB;MYH9;ITGA6;EZR;PFN1;TLN1;VCL;EPHA2;IQGAP1;CTNNA1;FLNA;PAK6;CTNNA3;FLNB;FYN;CTNNA2;EPS15;PAK2;WASF2;SPTBN1;PAK4;VASP;PTPN1;JUP;RDX;BAIAP2;PPP1CA;RAB10;PTPRB;EHD4;ABI1;CDK5R1;TJP2,0.16614420062695925
5,837,Regulation Of Phosphatidylinositol 3-Kinase Signaling (GO:0014066),29/90,2.245903878417291e-16,None,GO_Biological_Process_2023,1.9386952469737573e-18,0.0,0.0,11.239206297678948,458.3855944719332,NCF1;FLT3;PTEN;PDGFA;TWIST1;SEMA3E;IGF1R;ERBB3;PDGFD;PDGFC;PIP5K1A;PIP5K1B;PIP5K1C;PDGFRB;NTRK1;PDGFRA;UNC5B;HGF;INSR;NTRK3;PTPN13;PTK2;FGR;KIT;PLXNB1;PTPN6;TEK;PIK3AP1;FGFR1,0.32222222222222224
5,837,Negative Regulation Of MAPK Cascade (GO:0043409),31/105,2.5281783003692873e-16,biological regulation,GO_Biological_Process_2023,2.266295289175656e-18,0.0,0.0,9.921517671517671,403.09524179462574,PTPRR;PTEN;CBLC;PEBP1;PTPRJ;DUSP16;FOXO1;IGF1R;SPRED3;SPRED2;RPS6KA6;SPRED1;DUSP10;PPP2R1A;DAG1;SIRPA;EPHB2;SH2B3;EPHA4;PTPN1;DUSP3;CAV3;PRKCD;RANBP9;DUSP9;DUSP7;NF1;SPRY2;SPRY1;EZR;PTPN2,0.29523809523809524
5,837,Transmembrane Receptor Protein Tyrosine Kinase Activity (GO:0004714),22/50,3.605298492592207e-16,catalytic activity,GO_Molecular_Function_2023,1.0603819095859433e-17,0.0,0.0,18.447414548641543,721.023053684275,EPHB6;RET;EPHA5;PDGFRB;NTRK1;PDGFRA;FLT3;FLT4;INSR;NTRK3;IGF1R;KIT;TEK;FGFR4;MET;FGFR3;EPHB4;EPHA3;FGFR2;EPHB3;EPHA2;FGFR1,0.44
5,837,Dephosphorylation (GO:0016311),36/147,3.923487672713438e-16,cellular process,GO_Biological_Process_2023,3.647332497874378e-18,0.0,0.0,7.714141107399534,309.7423254072688,PTPRU;PTPRR;PTPRS;PTPRO;PTEN;DAPP1;PTPRJ;DUSP16;PPP1CB;PPP2CA;PPP3CA;PPP2CB;PPP3R1;PPP3CB;DUSP10;PPP3CC;PPP2R1B;PPP2R1A;PTPN1;PTPN18;DUSP3;PPP1R12A;PPP2R5D;PPP2R3A;PTPN12;PTPN13;SSH1;PPP1CA;PTPRB;PLPP4;PTPRA;ALPL;PTPN6;PTPN7;PTPN5;PTPN3,0.24489795918367346
5,837,Immune System R-HSA-168256,227/1943,1.1901129841202894e-47,Immune System,Reactome_2022,2.3168183092505636e-49,0.0,0.0,3.7835501929764224,423.7064480781325,CYFIP2;CYFIP1;NCKAP1;AHCYL1;CALML5;WIPF1;WIPF2;WIPF3;PITPNA;ICAM3;CBLB;SLA2;RPS6KA3;RPS6KA5;PPP2R1B;PPP2R1A;RPS6KA2;RPS6KA1;PRKACB;MEF2C;PRKCB;PRKCD;FLT3LG;PRKCA;PLPP4;BTK;ORAI1;PRKCQ;STXBP2;PIK3R3;TWIST1;IQGAP1;CD79B;CD79A;PPP3R1;CD19;INPP5D;PLCG2;NCKAP1L;ICOS;PAG1;ATP6V0A1;VASP;SIGLEC15;YES1;SIGLEC14;JUP;KIR2DS2;NFATC3;MYO5A;NFATC2;NFATC1;PTK2;CALM1;ITK;SH3KBP1;ARPC1B;ARPC1A;CLTC;PTPRJ;AP2A1;WASL;AP2A2;EEA1;PPP3CA;PPP3CB;RAC2;FCER1A;JAK3;SPTAN1;CAP1;VAV3;DUSP3;DBNL;SYK;RHOG;FOS;GAB2;VAV1;DUSP7;VAV2;ENAH;HCK;RAPGEF1;RHOU;CD47;ARHGEF7;RAPGEF4;WAS;PPP2CA;PPP2CB;AP2S1;FLNA;FLNB;STX4;GSN;MYO9B;AP2B1;ABI2;ABI1;PKN1;SIPA1;NCF1;IRS1;NCF4;INPPL1;IRS2;ACTG1;CCND1;GRB10;SIRPA;CAPN1;AP2M1;SH3GL2;CISH;ADAM10;CYBA;PRLR;RNF41;MAPKAPK3;MAPKAPK2;ELMO1;ELMO2;VCL;BLK;RAB5B;RAB5C;CSH1;ITPR1;DAPP1;ITPR2;ITPR3;CSF2RB;FOXO3;RASGRP2;RASGRP1;FOXO1;RASGRP4;PLD2;SOCS2;RAP1B;NCKIPSD;SDCBP;BCL2L11;RAP1A;SOCS1;THEM4;SOCS6;SOCS5;ZBTB16;MSN;ARPC5;DIAPH1;PTPRB;ARPC2;ARPC3;NF2;FGF13;ITGB1;PRR5;FLT3;YWHAB;SNAP23;PTEN;BRK1;GHR;BLNK;ITGAV;LRRFIP1;PRKG1;NCK1;ACTR3;ACTR2;HSP90AA1;TRIM63;MMP2;TRPC1;PPP2R5D;YWHAZ;DNM1;DNM2;DNM3;FGR;ZAP70;MYH2;LCK;IL3RA;MYH9;LCP2;EVL;MS4A2;DOCK2;DOCK1;CAMK2B;RALA;CAMK2D;CAMK2A;MALT1;CDC42;MUC2;MAPK7;S1PR1;PTK2B;FYN;CSK;NCAM1;WASF1;SH2B3;AAMP;WASF2;WASF3;PTPN1;PTPN18;MYO10;LIMK1;PTPN12;BAIAP2;PTPN13;MAPK13;RAB10;TEC;PTPN6;PTPN7;VIM;PIK3AP1;PTPN5;PTPN2,0.11682964487905301
5,837,Ribonucleoside Triphosphate Phosphatase Activity (GO:0017111),48/270,4.231225527827303e-16,catalytic activity,GO_Molecular_Function_2023,1.340207180759779e-17,0.0,0.0,5.190559380673449,201.65905764850544,GNAZ;ARF1;RAB5B;RALA;RAB5C;RALB;RGS19;AGAP2;GNAI3;GNAI1;GNAI2;RND1;RAP1B;CDC42;GNA13;GNA14;GNG10;GNA15;RGS3;RAP1A;RRAS;GNA11;GNA12;RAC2;RAC3;RAB4A;RAB4B;RHOG;RRAS2;RHOC;GNG11;RHOD;DNM1;RHOB;DNM2;GNAO1;DNM3;RIT1;MRAS;RIT2;RASA1;GNB1;GNAS;RHOU;GNB5;RAB5A;RHOQ;ARF6,0.17777777777777778
5,837,Axon Guidance R-HSA-422475,176/519,2.336767685396669e-111,Developmental Biology,Reactome_2022,9.57691674342897e-114,0.0,0.0,14.609545568821868,3801.920129996086,EPHB6;TRIO;PLXND1;ITSN1;ITGA2B;PITPNA;IRS2;ARHGAP35;ACTG1;RPS6KA4;RPS6KA3;RPS6KA6;SYNGAP1;RPS6KA5;DPYSL4;DPYSL5;DPYSL2;RPS6KA2;RPS6KA1;GRB10;DAG1;NRTN;EPHB2;PRKACB;EPHB1;AP2M1;EPHB4;SH3GL2;EPHB3;EPHA5;EPHA4;EPHA7;UNC5A;UNC5B;EPHA8;SEMA6D;ADAM10;PRKCA;UNC5C;TIAM1;DOK1;MYL6;DOK2;DOK4;DOK5;DOK6;PRKCQ;EZR;PFN1;TLN1;MYL9;NGEF;EPHA3;EPHA2;GRB7;SHC3;EPHA10;ARHGEF28;AGAP2;PIK3R3;EFNA5;KALRN;EFNA4;MYL12A;EFNB2;EFNB1;SDCBP;EFNB3;RRAS;FLRT3;PRKAR2A;CLTCL1;PLXNA2;PLXNA1;MYH14;MYH11;PIP5K1C;SRGAP2;SRGAP1;MYH10;PLXNA4;SPTBN1;PLXNA3;VASP;YES1;CNTN6;RDX;MSN;ARPC5;L1CAM;PTK2;EFNA3;EFNA2;ARPC2;CDK5;ARPC3;PTPRA;ARTN;FES;CNTN2;PLXNB1;FGFR1;RET;ITGB1;ROBO3;NRP2;SH3KBP1;ARPC1B;ARPC1A;CLTC;CLTB;AP2A1;WASL;AP2A2;RND1;PPP3CB;NCK2;ITGAV;NEO1;SPTAN1;GIT1;NCK1;ACTR3;CAP1;VAV3;ACTR2;HSP90AA1;TRPC6;TRPC3;DCC;ITGA2;TRPC1;MMP2;GAB2;GFRA3;RGMB;RHOC;DNM1;RGMA;RHOB;VAV2;DNM2;ENAH;DNM3;GAP43;NUMB;MYH9;EVL;ARHGEF7;DOCK1;SHANK3;SEMA3A;CXCR4;SEMA3E;AKAP5;NTN1;CDC42;ABLIM2;RELN;MAPK7;ABLIM3;AP2S1;FYN;NCAM1;SLIT3;PAK4;FARP2;MYO10;LIMK2;LIMK1;RANBP9;MYO9B;AP2B1;MAPK13;PKN1;CDK5R1,0.33911368015414256
5,837,Signaling By Rho GTPases R-HSA-194315,192/644,1.2858940860161856e-110,Signal Transduction,Reactome_2022,6.587572161968163e-113,0.0,0.0,12.32253550113192,3182.9963230015605,CYFIP2;CYFIP1;NCKAP1;TRIO;NCF1;PLXND1;WIPF1;WIPF2;ITSN1;WIPF3;NCF4;ARHGAP35;MYLK;ACTG1;PREX2;PPP1CB;PREX1;DOCK11;GJA1;PPP2R1B;PPP2R1A;ARHGDIA;FNBP1;PRKCB;RALGAPA1;TPM3;ACTN1;PRKCD;PRKCA;CYBA;TIAM2;TIAM1;MYL6;OBSCN;DAAM1;HGS;CDC37;SPATA13;BTK;ELMO2;PFN1;MYL9;STAM2;NGEF;EPHA2;GRB7;ARHGEF26;ARHGEF25;ARHGEF28;PIK3R3;IQGAP1;KLK2;PRKCZ;KALRN;PLD2;NCKIPSD;ABR;MYO6;PLXNA1;MYH14;NCKAP1L;MYH11;RHPN2;SRGAP2;SRGAP1;MYH10;SPTBN1;JUP;ARPC5;STAM;PTK2;DIAPH1;ARHGAP31;DIAPH2;ARPC2;ARPC3;NOXA1;NOX3;PLXNB1;NF2;CALM1;MAP3K11;ITGB1;DOCK6;DOCK3;YWHAB;ARPC1B;RASGRF2;DOCK8;ARPC1A;CLTC;SNAP23;DOCK7;ARHGAP1;BRK1;WASL;ARHGAP5;AREG;ARHGAP4;RND1;AKAP13;YWHAQ;MCF2L;NCK2;RAC2;FLOT1;FLOT2;SPTAN1;GIT1;NCK1;ACTR3;VAV3;ACTR2;HSP90AA1;PPP1R12A;ARHGEF15;ARHGEF16;RHOG;RRAS2;ARAP3;ARHGEF18;PPP2R5D;ARAP1;RHOC;RHOD;YWHAZ;VAV1;RHOB;VAV2;ARHGAP10;ZAP70;ARHGEF9;CTTN;ALS2;CDC42EP5;LCK;RAPGEF1;ARHGEF3;ARHGEF4;MYH9;EVL;RHOU;ARHGEF2;PPP1R12B;ARHGEF7;DOCK2;DOCK1;RHOQ;ARHGEF6;PKN3;SRF;WAS;NOXO1;FGD1;CDC42;PPP2CA;GNA13;PPP2CB;FGD5;PARD6B;PARD6A;NHS;CTNNA1;FLNA;SLITRK5;PTK2B;CSK;WASF1;WASF2;WASF3;PAK4;FARP2;PPP1R14A;GIT2;KIDINS220;LIMK2;LIMK1;ERBIN;WWP2;SEMA4F;MYO9B;BAIAP2;PTPN13;DEF6;FMNL1;ABI2;TAOK3;ABI1;TRIP10;PKN1;VIM;TJP2,0.2981366459627329
5,837,"Signaling By Rho GTPases, Miro GTPases And RHOBTB3 R-HSA-9716542",192/660,1.6524922889799032e-108,Signal Transduction,Reactome_2022,1.0158764071597766e-110,0.0,0.0,11.8910753329358,3011.636103546626,CYFIP2;CYFIP1;NCKAP1;TRIO;NCF1;PLXND1;WIPF1;WIPF2;ITSN1;WIPF3;NCF4;ARHGAP35;MYLK;ACTG1;PREX2;PPP1CB;PREX1;DOCK11;GJA1;PPP2R1B;PPP2R1A;ARHGDIA;FNBP1;PRKCB;RALGAPA1;TPM3;ACTN1;PRKCD;PRKCA;CYBA;TIAM2;TIAM1;MYL6;OBSCN;DAAM1;HGS;CDC37;SPATA13;BTK;ELMO2;PFN1;MYL9;STAM2;NGEF;EPHA2;GRB7;ARHGEF26;ARHGEF25;ARHGEF28;PIK3R3;IQGAP1;KLK2;PRKCZ;KALRN;PLD2;NCKIPSD;ABR;MYO6;PLXNA1;MYH14;NCKAP1L;MYH11;RHPN2;SRGAP2;SRGAP1;MYH10;SPTBN1;JUP;ARPC5;STAM;PTK2;DIAPH1;ARHGAP31;DIAPH2;ARPC2;ARPC3;NOXA1;NOX3;PLXNB1;NF2;CALM1;MAP3K11;ITGB1;DOCK6;DOCK3;YWHAB;ARPC1B;RASGRF2;DOCK8;ARPC1A;CLTC;SNAP23;DOCK7;ARHGAP1;BRK1;WASL;ARHGAP5;AREG;ARHGAP4;RND1;AKAP13;YWHAQ;MCF2L;NCK2;RAC2;FLOT1;FLOT2;SPTAN1;GIT1;NCK1;ACTR3;VAV3;ACTR2;HSP90AA1;PPP1R12A;ARHGEF15;ARHGEF16;RHOG;RRAS2;ARAP3;ARHGEF18;PPP2R5D;ARAP1;RHOC;RHOD;YWHAZ;VAV1;RHOB;VAV2;ARHGAP10;ZAP70;ARHGEF9;CTTN;ALS2;CDC42EP5;LCK;RAPGEF1;ARHGEF3;ARHGEF4;MYH9;EVL;RHOU;ARHGEF2;PPP1R12B;ARHGEF7;DOCK2;DOCK1;RHOQ;ARHGEF6;PKN3;SRF;WAS;NOXO1;FGD1;CDC42;PPP2CA;GNA13;PPP2CB;FGD5;PARD6B;PARD6A;NHS;CTNNA1;FLNA;SLITRK5;PTK2B;CSK;WASF1;WASF2;WASF3;PAK4;FARP2;PPP1R14A;GIT2;KIDINS220;LIMK2;LIMK1;ERBIN;WWP2;SEMA4F;MYO9B;BAIAP2;PTPN13;DEF6;FMNL1;ABI2;TAOK3;ABI1;TRIP10;PKN1;VIM;TJP2,0.2909090909090909
5,837,RHO GTPase Cycle R-HSA-9012999,147/441,6.723972143740731e-91,Signal Transduction,Reactome_2022,4.822521004732081e-93,0.0,0.0,13.673188405797102,2906.470237253869,CYFIP2;CYFIP1;NCKAP1;TRIO;NCF1;PLXND1;WIPF1;WIPF2;ITSN1;WIPF3;NCF4;ARHGAP35;ACTG1;PREX2;PREX1;DOCK11;GJA1;ARHGDIA;FNBP1;RALGAPA1;TPM3;ACTN1;CYBA;TIAM2;TIAM1;OBSCN;DAAM1;HGS;CDC37;SPATA13;ELMO2;STAM2;NGEF;EPHA2;GRB7;ARHGEF26;ARHGEF25;ARHGEF28;PIK3R3;IQGAP1;KALRN;PLD2;ABR;MYO6;PLXNA1;NCKAP1L;RHPN2;SRGAP2;SRGAP1;SPTBN1;JUP;STAM;DIAPH1;ARHGAP31;DIAPH2;NOXA1;NOX3;PLXNB1;MAP3K11;ITGB1;DOCK6;DOCK3;RASGRF2;DOCK8;CLTC;SNAP23;DOCK7;ARHGAP1;BRK1;WASL;ARHGAP5;ARHGAP4;RND1;AKAP13;MCF2L;NCK2;RAC2;FLOT1;FLOT2;SPTAN1;GIT1;NCK1;VAV3;HSP90AA1;ARHGEF15;ARHGEF16;RHOG;RRAS2;ARAP3;ARHGEF18;ARAP1;RHOC;RHOD;VAV1;RHOB;VAV2;ARHGAP10;ZAP70;ARHGEF9;ALS2;CDC42EP5;LCK;RAPGEF1;ARHGEF3;ARHGEF4;RHOU;ARHGEF2;ARHGEF7;DOCK2;DOCK1;RHOQ;ARHGEF6;PKN3;WAS;NOXO1;FGD1;CDC42;GNA13;FGD5;PARD6B;PARD6A;NHS;SLITRK5;PTK2B;CSK;WASF1;WASF2;WASF3;PAK4;FARP2;GIT2;KIDINS220;ERBIN;WWP2;SEMA4F;MYO9B;BAIAP2;PTPN13;DEF6;FMNL1;ABI2;TAOK3;ABI1;TRIP10;PKN1;VIM;TJP2,0.3333333333333333
5,837,Developmental Biology R-HSA-1266738,196/1073,7.023895501747173e-72,Developmental Biology,Reactome_2022,5.757291394874732e-74,0.0,0.0,6.375542775416832,1075.1768238255702,EPHB6;SPI1;TRIO;ITSN1;PITPNA;RPS6KA4;RPS6KA3;RPS6KA6;SYNGAP1;RPS6KA5;CAPNS1;DPYSL4;DPYSL5;DPYSL2;RPS6KA2;RPS6KA1;DAG1;EPHB2;PRKACB;EPHB1;EPHB4;EPHB3;EPHA5;EPHA4;MEF2C;EPHA7;UNC5A;UNC5B;EPHA8;UNC5C;PRKCA;TIAM1;MYL6;PRKCQ;PFN1;TLN1;EZR;MYL9;NGEF;EPHA3;EPHA2;GRB7;EPHA10;AGAP2;PIK3R3;KALRN;MYL12A;RRAS;FLRT3;PRKAR2A;PIP5K1C;SPTBN1;VASP;YES1;JUP;RDX;L1CAM;PTK2;ARTN;RET;ROBO3;NRP2;SH3KBP1;ARPC1B;ARPC1A;CLTC;CLTB;AP2A1;WASL;AP2A2;PPP3CB;SPTAN1;GIT1;CAP1;VAV3;MAP4K2;GAB2;RGMB;RHOC;GFRA3;RGMA;VAV2;RHOB;ENAH;ARHGEF7;YAP1;CXCR4;AKAP5;RELN;AP2S1;CTNNA1;CTNNA2;MEF2D;PAK4;FARP2;RANBP9;MYO9B;AP2B1;PKN1;CDK5R1;PLXND1;NAB1;ITGA2B;IRS2;ARHGAP35;ACTG1;CDH2;GRB10;NRTN;CAPN1;AP2M1;SH3GL2;SEMA6D;ADAM10;DOK1;MAG;DOK2;DOK4;DOK5;DOK6;SHC3;ARHGEF28;FOXO3;EFNA5;EFNA4;FOXO1;EFNB2;EFNB1;SDCBP;EFNB3;CLTCL1;PLXNA2;PLXNA1;MYH14;MYH11;SRGAP2;SRGAP1;MYH10;PLXNA4;PLXNA3;CNTN6;MSN;ARPC5;EFNA3;EFNA2;ARPC2;CDK5;ARPC3;PTPRA;FES;CNTN2;PLXNB1;FGF13;FGFR1;ITGB1;SLC2A4;RND1;NCK2;ITGAV;NEO1;NCK1;ACTR3;ACTR2;HSP90AA1;TRPC6;TRPC3;DCC;ITGA2;MMP2;TRPC1;DNM1;DNM2;DNM3;GAP43;NUMB;MYH9;EVL;SHANK3;DOCK1;LAMA2;SEMA3A;SEMA3E;NTN1;NTN3;CDC42;ABLIM2;MAPK7;ABLIM3;FYN;SLIT3;NCAM1;CACNG3;MYO10;LIMK2;LIMK1;MAPK13,0.18266542404473438
5,837,EPH-Ephrin Signaling R-HSA-2682334,65/91,3.524528014016597e-67,Developmental Biology,Reactome_2022,3.2500770621054687e-69,0.0,0.0,61.97215025906736,9772.98905237781,EPHB6;ARPC1B;ARPC1A;CLTC;ITSN1;CLTB;AP2A1;WASL;AP2A2;ACTG1;SYNGAP1;NCK2;EPHB2;EPHB1;AP2M1;EPHB4;GIT1;EPHB3;ACTR3;EPHA5;VAV3;ACTR2;EPHA4;EPHA7;EPHA8;MMP2;ADAM10;DNM1;VAV2;TIAM1;MYL6;MYH9;ARHGEF7;MYL9;EPHA3;NGEF;EPHA2;EPHA10;ARHGEF28;EFNA5;EFNA4;KALRN;MYL12A;CDC42;EFNB2;EFNB1;SDCBP;EFNB3;CLTCL1;AP2S1;MYH14;FYN;MYH11;MYH10;YES1;LIMK2;LIMK1;AP2B1;ARPC5;PTK2;EFNA3;EFNA2;ARPC2;ARPC3;PKN1,0.7142857142857143
5,837,MAPK Family Signaling Cascades R-HSA-5683057,106/318,1.3782655533713472e-64,Signal Transduction,Reactome_2022,1.4121573292739214e-66,0.0,0.0,12.962380300957593,1965.4273629764984,IRS1;ITGA2B;PEBP1;WDR83;IRS2;PPP1CB;SYNGAP1;PPP2R1B;PPP2R1A;NRTN;PRKACB;PDGFRB;PDGFRA;ACTN2;FLT3LG;PRKCA;PRKCQ;TLN1;VCL;SHC3;PDGFA;TGFA;CSF2RB;RASAL1;IQGAP1;FOXO3;RASAL3;KALRN;RASGRP1;FOXO1;RASGRP4;RAP1B;RAP1A;RALGDS;MARK3;SPTBN1;PTK2;ARTN;PTPRA;NF1;CALM1;FGF13;FGFR4;FGFR3;FGFR2;MAP3K11;FGFR1;RET;FLT3;YWHAB;RASGRF2;RASGRF1;ARRB1;ARRB2;AREG;DUSP16;SPRED3;SPRED2;SPRED1;DUSP10;NEFL;PRKG2;JAK3;SPTAN1;KSR1;MMP2;NRG1;PPP2R5D;KSR2;GFRA3;IL17RD;DUSP9;DUSP7;APBB1IP;CNKSR2;CNKSR1;MRAS;RASA3;CDC42EP5;RASA4;KIT;IL3RA;RASA2;ARHGEF7;HBEGF;CAMK2B;CAMK2D;CAMK2A;PPP2CA;CDC42;PPP2CB;ERBB3;SHOC2;CSK;FYN;NCAM1;MAPK6;MAPK4;RANBP9;KITLG;ABHD17B;ABHD17A;PKN1;PTPN7;TEK;PTPN3,0.3333333333333333
5,837,RAC1 GTPase Cycle R-HSA-9013149,82/178,5.489452139212899e-63,Signal Transduction,Reactome_2022,6.186882533948964e-65,0.0,0.0,21.571385209713025,3189.234382995849,CYFIP2;DOCK6;ITGB1;CYFIP1;NCKAP1;TRIO;DOCK3;NCF1;WIPF1;WIPF2;DOCK8;RASGRF2;NCF4;WIPF3;DOCK7;SNAP23;ARHGAP1;BRK1;WASL;ARHGAP5;ARHGAP35;ARHGAP4;PREX2;DOCK11;PREX1;ARHGDIA;MCF2L;GIT1;VAV3;ARHGEF15;ARAP3;ARHGEF18;CYBA;ARAP1;VAV1;VAV2;TIAM2;TIAM1;ARHGAP10;ALS2;SPATA13;ARHGEF4;ARHGEF7;DOCK2;DOCK1;NGEF;EPHA2;ARHGEF6;ARHGEF25;WAS;PIK3R3;NOXO1;IQGAP1;KALRN;PLD2;CDC42;GNA13;ABR;FGD5;PARD6A;NHS;NCKAP1L;SRGAP2;WASF1;SRGAP1;WASF2;WASF3;PAK4;FARP2;GIT2;ERBIN;MYO9B;BAIAP2;DEF6;ARHGAP31;FMNL1;ABI2;TAOK3;NOXA1;ABI1;NOX3;PKN1,0.4606741573033708
5,837,RAF/MAP Kinase Cascade R-HSA-5673001,94/271,7.152601013327262e-59,Signal Transduction,Reactome_2022,8.794181573763026e-61,0.0,0.0,13.570606261073218,1876.5922927763067,RET;IRS1;FLT3;YWHAB;RASGRF2;ITGA2B;RASGRF1;PEBP1;WDR83;IRS2;ARRB1;ARRB2;AREG;DUSP16;PPP1CB;SPRED3;SPRED2;SPRED1;SYNGAP1;DUSP10;PPP2R1B;PPP2R1A;NEFL;PRKG2;NRTN;JAK3;SPTAN1;PDGFRB;PDGFRA;KSR1;ACTN2;FLT3LG;NRG1;PPP2R5D;KSR2;GFRA3;IL17RD;DUSP9;DUSP7;APBB1IP;CNKSR2;CNKSR1;MRAS;RASA3;RASA4;KIT;IL3RA;RASA2;PRKCQ;TLN1;VCL;HBEGF;CAMK2B;CAMK2D;SHC3;CAMK2A;PDGFA;TGFA;CSF2RB;RASAL1;IQGAP1;RASAL3;RASGRP1;RASGRP4;PPP2CA;RAP1B;PPP2CB;RAP1A;ERBB3;SHOC2;CSK;FYN;NCAM1;RALGDS;MARK3;SPTBN1;RANBP9;PTK2;KITLG;ABHD17B;ARTN;PTPRA;ABHD17A;NF1;PTPN7;TEK;CALM1;FGF13;FGFR4;FGFR3;FGFR2;MAP3K11;FGFR1;PTPN3,0.34686346863468637
5,837,MAPK1/MAPK3 Signaling R-HSA-5684996,94/277,6.507494220403355e-58,Signal Transduction,Reactome_2022,8.667768941111024e-60,0.0,0.0,13.12152034654958,1784.467643565869,RET;IRS1;FLT3;YWHAB;RASGRF2;ITGA2B;RASGRF1;PEBP1;WDR83;IRS2;ARRB1;ARRB2;AREG;DUSP16;PPP1CB;SPRED3;SPRED2;SPRED1;SYNGAP1;DUSP10;PPP2R1B;PPP2R1A;NEFL;PRKG2;NRTN;JAK3;SPTAN1;PDGFRB;PDGFRA;KSR1;ACTN2;FLT3LG;NRG1;PPP2R5D;KSR2;GFRA3;IL17RD;DUSP9;DUSP7;APBB1IP;CNKSR2;CNKSR1;MRAS;RASA3;RASA4;KIT;IL3RA;RASA2;PRKCQ;TLN1;VCL;HBEGF;CAMK2B;CAMK2D;SHC3;CAMK2A;PDGFA;TGFA;CSF2RB;RASAL1;IQGAP1;RASAL3;RASGRP1;RASGRP4;PPP2CA;RAP1B;PPP2CB;RAP1A;ERBB3;SHOC2;CSK;FYN;NCAM1;RALGDS;MARK3;SPTBN1;RANBP9;PTK2;KITLG;ABHD17B;ARTN;PTPRA;ABHD17A;NF1;PTPN7;TEK;CALM1;FGF13;FGFR4;FGFR3;FGFR2;MAP3K11;FGFR1;PTPN3,0.33935018050541516
5,837,Hemostasis R-HSA-109582,128/576,1.4588721774766838e-55,Hemostasis,Reactome_2022,2.0926445168722924e-57,0.0,0.0,7.541809389482168,984.2734112047574,DGKG;DGKD;GUCY1B1;DGKA;ITGA2B;SIRPG;MPL;DOCK11;GRB14;PPP2R1B;PPP2R1A;SIRPA;PRKACB;GUCY1A2;PRKCH;PRKCB;ACTN2;ACTN1;APLP2;PRKCD;PRKCA;ACTN4;DGKZ;MAG;DOK2;TMX3;PRKAR1B;PRKAR1A;ORAI1;PRKCQ;PFN1;TLN1;VCL;GRB7;STXBP3;PDE1A;STXBP2;ITPR1;PDGFA;ITPR2;PIK3R3;ITPR3;RASGRP2;PRKCZ;RASGRP1;RAP1B;GNG10;RAP1A;PRKAR2B;PRKAR2A;INPP5D;TSPAN7;PLCG2;YES1;IGF2;L1CAM;GNG12;GNG11;PTK2;CDK5;GNB1;GNAS;GNB4;GNB5;CALM1;RAB5A;ITGB1;DOCK6;DAGLA;DOCK3;DOCK8;DOCK7;ARRB1;ARRB2;RAC2;PRKG2;ITGAV;PRKG1;CAP1;VAV3;TRPC6;TRPC3;SYK;ITGA2;RHOG;PPP2R5D;YWHAZ;VAV1;RHOB;VAV2;APBB1IP;FGR;LCK;PICK1;ITGA6;LCP2;CD47;DAGLB;DOCK2;DOCK1;RAPGEF4;GNAI3;GNAI1;GNAI2;CDC42;PPP2CA;GNA13;PPP2CB;GNA14;GNA15;GNG2;GNG4;GNA11;GNG7;GNA12;FLNA;STX4;CSK;FYN;AAMP;SH2B3;SH2B2;JAM3;ANGPT4;PTPN1;PTPN6;TEK;F2RL2,0.2222222222222222
5,837,Fcgamma Receptor (FCGR) Dependent Phagocytosis R-HSA-2029480,57/87,1.6414466334272884e-55,Immune System,Reactome_2022,2.5227151128493165e-57,0.0,0.0,46.60602564102564,6073.791151866341,CYFIP2;CYFIP1;NCKAP1;AHCYL1;WIPF1;ARPC1B;WIPF2;ARPC1A;WIPF3;BRK1;WASL;ACTG1;NCK1;ACTR3;VAV3;ACTR2;HSP90AA1;SYK;PRKCD;VAV1;VAV2;FGR;HCK;MYH2;PLPP4;BTK;ELMO1;ELMO2;MYH9;DOCK1;ITPR1;WAS;ITPR2;ITPR3;PLD2;CDC42;NCKIPSD;PLCG2;FYN;NCKAP1L;WASF1;WASF2;WASF3;YES1;MYO10;LIMK1;MYO5A;MYO9B;ARPC5;BAIAP2;PTK2;ABI2;ARPC2;ARPC3;ABI1;NF2;PKN1,0.6551724137931034
5,837,RHO GTPase Effectors R-HSA-195258,87/269,1.4979083802338353e-51,Signal Transduction,Reactome_2022,2.455587508580058e-53,0.0,0.0,12.09778021978022,1465.5086898434088,CYFIP2;ITGB1;CYFIP1;NCKAP1;NCF1;WIPF1;YWHAB;WIPF2;ARPC1B;WIPF3;ARPC1A;NCF4;BRK1;WASL;AREG;MYLK;ACTG1;PPP1CB;PPP2R1B;YWHAQ;PPP2R1A;RAC2;NCK1;ACTR3;ACTR2;PPP1R12A;PRKCB;PRKCD;RHOG;PRKCA;CYBA;PPP2R5D;RHOC;RHOD;YWHAZ;RHOB;MYL6;DAAM1;CTTN;BTK;MYH9;EVL;PFN1;ARHGEF7;PPP1R12B;MYL9;RHOQ;PKN3;SRF;WAS;NOXO1;IQGAP1;KLK2;PRKCZ;PPP2CA;NCKIPSD;CDC42;PPP2CB;CTNNA1;FLNA;MYH14;NCKAP1L;MYH11;RHPN2;SRGAP2;WASF1;MYH10;WASF2;WASF3;PPP1R14A;LIMK2;LIMK1;ARPC5;BAIAP2;PTK2;DIAPH1;DIAPH2;FMNL1;ABI2;ARPC2;ARPC3;ABI1;NOXA1;NOX3;PKN1;NF2;CALM1,0.32342007434944237
5,837,GPCR Downstream Signaling R-HSA-388396,124/619,1.6098446258116872e-48,Signal Transduction,Reactome_2022,2.804032647417898e-50,0.0,0.0,6.558805445761967,748.3478695219694,DGKG;TRIO;DGKD;AHCYL1;DGKA;ITSN1;PREX1;RPS6KA3;RGS3;PPP2R1B;PPP2R1A;RPS6KA2;RPS6KA1;PROK2;PRKACB;PRKCH;PRKCB;PRKCD;PRKCA;DGKZ;TIAM2;TIAM1;OBSCN;PRKAR1B;PRKAR1A;BTK;PRKCQ;NGEF;GNAZ;PDE1C;ARHGEF26;ARHGEF25;PDE1A;ITPR1;LPAR1;ITPR2;LPAR2;PIK3R3;ITPR3;RASGRP2;KALRN;RASGRP1;ABR;PPP3R1;GNG10;GRK3;GRK2;GRK5;PRKAR2B;PRKAR2A;GRK6;GNG12;GNG11;CDK5;NBEA;GNB1;PDE3A;GNAS;GNB4;PLXNB1;GNB5;CALM1;ITGB1;DAGLA;RASGRF2;PDE3B;ARRB1;ARRB2;AKAP13;PPP3CA;PPP3CB;PPP3CC;MCF2L;PDE4A;VAV3;TRPC6;TRPC3;ARHGEF15;ARHGEF16;PDE4C;ARHGEF18;PPP2R5D;RHOC;VAV1;RHOB;VAV2;ARHGEF9;ARHGEF3;ARHGEF4;ARHGEF2;DAGLB;ARHGEF7;HBEGF;ARHGEF6;CAMK2B;CAMK2D;RGS19;CAMK2A;GNAI3;CXCR4;PRKX;FGD1;GNAI1;CAMKK2;GNAI2;CDC42;PPP2CA;GNA13;PPP2CB;GNA14;GNA15;GNG2;MAPK7;GNG4;GNA11;GNG7;GNA12;S1PR3;TSHR;PPP1CA;KISS1;CAMK4;PKN1;F2RL2,0.20032310177705978
5,837,Peptidyl-Serine Phosphorylation (GO:0018105),37/158,6.453548475909261e-16,cellular process,GO_Biological_Process_2023,6.213575889819674e-18,0.0,0.0,7.27845041322314,288.370714133898,CAMK2B;CAMK2D;PKN3;CAMK2A;PRKX;STK4;PRKCZ;RPS6KA3;GRK2;MKNK1;MKNK2;PRKACA;PRKACB;MARK3;PAK2;MARK1;MAP4K1;PRKCI;PRKCH;CSNK2A1;PRKCB;PRKCD;PRKCA;UHMK1;MAPK13;LATS1;MAPKAPK3;CDK5;CAMK4;MAPKAPK2;ULK2;PRKCQ;PKN1;MAP3K13;SGK1;MAP3K12;CDK5R1,0.23417721518987342
5,837,Cell-Cell Communication R-HSA-1500931,40/120,2.651356995759205e-24,Cell-Cell communication,Reactome_2022,1.4126082354454782e-25,0.0,0.0,11.971769134253451,685.0149269452343,ITGB1;ITGB4;SIRPG;ILK;IQGAP1;WASL;CLDN1;CDH5;PARD6B;PARD6A;CDH2;NCK2;CTNNA1;SIRPA;FLNA;PTK2B;FYN;FLNC;SPTAN1;SPTBN1;NCK1;VASP;KIRREL1;PRKCI;KIRREL2;ACTN3;JUP;ACTN2;ACTN1;MAGI2;ACTN4;PTK2;AFDN;NPHS1;PARD3;ITGA6;PTPN6;CD47;SKAP2;ARHGEF6,0.3333333333333333
5,837,Signaling By RAF1 Mutants R-HSA-9656223,20/38,3.840660958438607e-17,Disease,Reactome_2022,3.580944131331078e-18,0.0,0.0,26.036991704066367,1045.929525031417,CAMK2B;CAMK2D;KSR1;YWHAB;CAMK2A;ITGA2B;ARRB1;ARRB2;IQGAP1;KSR2;RAP1B;APBB1IP;CNKSR2;CNKSR1;RAP1A;CSK;CALM1;TLN1;MARK3;VCL,0.5263157894736842
5,837,G-protein Mediated Events R-HSA-112040,28/52,4.8722962406344955e-24,Signal Transduction,Reactome_2022,2.695737674121545e-25,0.0,0.0,27.60053564070869,1561.443872878306,CAMK2B;CAMK2D;AHCYL1;PDE1C;PDE1A;CAMK2A;GNAI3;ITPR1;ITPR2;ITPR3;PRKX;GNAI1;CAMKK2;GNAI2;GNA14;GNA15;GRK2;PRKAR2B;GNA11;PRKAR2A;PRKACB;PRKCD;PRKCA;PRKAR1B;NBEA;PRKAR1A;CAMK4;CALM1,0.5384615384615384
5,837,Ephrin Signaling R-HSA-3928664,15/18,1.4896509857163845e-17,Developmental Biology,Reactome_2022,1.3583907554176048e-18,0.0,0.0,116.54501216545012,4794.68871572208,EPHB6;MYL12A;EFNB2;EFNB1;SDCBP;EFNB3;NCK2;FYN;PKN1;ARHGEF7;EPHB2;EPHB1;EPHB4;GIT1;EPHB3,0.8333333333333334
5,837,Signaling By SCF-KIT R-HSA-1433557,21/42,2.257436252744924e-17,Signal Transduction,Reactome_2022,2.0816522822442944e-18,0.0,0.0,23.45833333333333,955.0677982274866,GRB7;PTPRU;YES1;PIK3R3;PRKCA;GAB2;VAV1;FER;KITLG;SOCS1;TEC;FES;LCK;KIT;GRB10;FYN;PTPN6;GRAP;SOCS6;SH2B3;SH2B2,0.5
5,837,Non-Membrane Spanning Protein Tyrosine Kinase Activity (GO:0004715),21/36,1.5097896906951497e-18,catalytic activity,GO_Molecular_Function_2023,2.732651023882624e-20,0.0,0.0,32.851960784313725,1479.8635403630456,BLK;ITK;SRMS;YES1;SYK;MATK;PTK6;BMX;PTK2;FGR;HCK;ZAP70;FER;TEC;FES;LCK;BTK;PTK2B;CSK;FYN;JAK3,0.5833333333333334
5,837,GPER1 Signaling R-HSA-9634597,21/43,4.1483029793202475e-17,Signal Transduction,Reactome_2022,3.91028559526089e-18,0.0,0.0,22.3908756684492,897.4917063675445,ITGB1;GNAZ;GNAI3;PRKCA;GNG12;GNG11;GNAI1;GNAI2;GNG10;GNG2;PRKAR1B;GNG4;PRKAR2B;PRKAR1A;GNG7;PRKAR2A;GNB1;GNAS;GNB4;GNB5;PRKACB,0.4883720930232558
5,837,Signaling By B Cell Receptor (BCR) R-HSA-983705,31/109,7.90803252475935e-17,Immune System,Reactome_2022,7.53531787707602e-18,0.0,0.0,9.410749506903352,371.0369682293401,BLK;AHCYL1;SH3KBP1;ITPR1;DAPP1;ITPR2;ITPR3;RASGRP1;MALT1;CD79B;CD79A;PPP3CA;PPP3R1;PPP3CB;CD19;PLCG2;BLNK;FYN;NCK1;SYK;PRKCB;TRPC1;NFATC3;NFATC2;NFATC1;VAV1;BTK;ORAI1;PTPN6;CALM1;PIK3AP1,0.28440366972477066
5,837,Beta-catenin Independent WNT Signaling R-HSA-3858494,35/142,8.917007236848246e-17,Signal Transduction,Reactome_2022,8.5881012322104e-18,0.0,0.0,7.772158389074044,305.41593301849286,CLTC;CAMK2A;ITPR1;CLTB;ITPR2;ITPR3;AP2A1;ARRB2;AP2A2;PPP3CA;GNG10;PPP3R1;PPP3CB;GNG2;PARD6A;GNG4;GNG7;RAC2;AP2S1;PRKG2;AP2M1;PRKG1;PRKCB;PRKCA;NFATC1;AP2B1;GNG12;GNG11;GNAO1;DAAM1;GNB1;GNB4;GNB5;PFN1;CALM1,0.24647887323943662
5,837,RHOG GTPase Cycle R-HSA-9013408,26/74,1.0022528260277078e-16,Signal Transduction,Reactome_2022,9.755534679572977e-18,0.0,0.0,12.766903000411014,500.0629538534803,ITGB1;CYFIP1;DOCK3;TRIO;ARHGEF26;ITSN1;ARHGAP1;ARHGAP5;KALRN;ARHGAP35;CDC42;PREX1;ARHGDIA;MCF2L;PAK4;VAV3;ARHGEF16;RHOG;ERBIN;VAV1;VAV2;ELMO2;DOCK2;DOCK1;MAP3K11;EPHA2,0.35135135135135137
5,837,Vesicle-mediated Transport R-HSA-5653656,78/637,1.170324461372412e-16,Vesicle-mediated transport,Reactome_2022,1.1511388144646677e-17,0.0,0.0,3.420167294788124,133.39745143557036,SH3GL3;SH3KBP1;YWHAB;ITSN1;ARPC1A;CLTC;SNAP23;CLTB;PRKAG1;PRKAG2;ARRB1;AP2A1;ARRB2;WASL;SLC2A4;PIK3C2A;AREG;AP2A2;GJA1;YWHAQ;SPTAN1;AP2M1;SH3GL2;SH3GL1;ACTR3;ACTR2;HSP90AA1;FNBP1;EXOC7;EPS15L1;YWHAZ;DNM1;EPN1;DNM2;DNM3;CTTN;ALS2;TBC1D4;BIN1;HGS;MYH9;AMPH;RIN1;STAM2;RHOQ;ARF6;HBEGF;GRIA1;RAB5B;RALA;RAB5C;STXBP3;TGFA;CYTH3;CYTH2;GRK3;GRK2;MYO6;CLTCL1;AP2S1;STX4;PIP5K1C;EPS15;SPTBN1;CYTH1;RAB4A;SYT2;MYO5A;ARPC5;STAM;AP2B1;RAB10;ARPC2;SYNJ1;ARPC3;TRIP10;CALM1;RAB5A,0.12244897959183673
5,837,RHOB GTPase Cycle R-HSA-9013026,25/69,1.7801964652592251e-16,Signal Transduction,Reactome_2022,1.7692526345301724e-17,0.0,0.0,13.378162785490373,516.0410820978226,ARHGEF25;PKN3;ARHGEF28;SNAP23;ARHGAP1;ARHGAP5;ARHGAP35;AKAP13;PREX1;ABR;MCF2L;FLOT1;FLOT2;RHPN2;JUP;ERBIN;MYO9B;RHOB;VAV2;DIAPH1;DAAM1;ARHGEF3;ARHGEF2;PKN1;TJP2,0.36231884057971014
5,837,MAP2K And MAPK Activation R-HSA-5674135,19/37,4.590074372368063e-16,Signal Transduction,Reactome_2022,4.608886152582687e-17,0.0,0.0,24.704903558815538,929.2986731778916,KSR1;YWHAB;ITGA2B;PEBP1;ARRB1;WDR83;ARRB2;IQGAP1;KSR2;IL17RD;RAP1B;APBB1IP;CNKSR2;CNKSR1;RAP1A;CSK;TLN1;MARK3;VCL,0.5135135135135135
5,837,RHOQ GTPase Cycle R-HSA-9013406,23/59,5.035744227081383e-16,Signal Transduction,Reactome_2022,5.107978263125584e-17,0.0,0.0,15.012319137319135,563.1592730315535,GIT2;JUP;FNBP1;ITSN1;SNAP23;ARHGAP1;WWP2;WASL;IQGAP1;ARHGAP5;ARHGAP35;CDC42;PREX1;GJA1;ARHGEF9;OBSCN;TRIP10;PKN1;ARHGEF7;SRGAP2;GIT1;RHOQ;PAK4,0.3898305084745763
5,837,CaM Pathway R-HSA-111997,18/33,7.261566152545439e-16,Signal Transduction,Reactome_2022,7.440129254657212e-17,0.0,0.0,28.055677655677652,1041.905338407681,CAMK2B;CAMK2D;PDE1C;PDE1A;CAMK2A;PRKCD;PRKX;PRKCA;CAMKK2;GRK2;NBEA;PRKAR1B;PRKAR2B;PRKAR1A;PRKAR2A;CAMK4;CALM1;PRKACB,0.5454545454545454
5,837,Nephrin Family Interactions R-HSA-373753,15/22,2.344795842597715e-15,Cell-Cell communication,Reactome_2022,2.426479304327553e-16,0.0,0.0,49.93743482794578,1795.4964805910622,KIRREL1;KIRREL2;ACTN3;ACTN2;ACTN1;MAGI2;ACTN4;IQGAP1;WASL;NPHS1;NCK2;FYN;SPTAN1;SPTBN1;NCK1,0.6818181818181818
5,837,Ca-dependent Events R-HSA-111996,18/35,2.8778409829903185e-15,Signal Transduction,Reactome_2022,3.007579715830046e-16,0.0,0.0,24.75242404654169,884.6572248601094,CAMK2B;CAMK2D;PDE1C;PDE1A;CAMK2A;PRKCD;PRKX;PRKCA;CAMKK2;GRK2;NBEA;PRKAR1B;PRKAR2B;PRKAR1A;PRKAR2A;CAMK4;CALM1;PRKACB,0.5142857142857142
5,837,RET Signaling R-HSA-8853659,19/40,2.880821961531215e-15,Developmental Biology,Reactome_2022,3.0402117012060983e-16,0.0,0.0,21.17231342414717,756.4747822368278,RET;GRB7;SHC3;PIK3R3;IRS2;PRKCA;GAB2;GFRA3;DOK1;DOK2;MAPK7;DOK4;ARTN;DOK5;DOK6;GRB10;NRTN;PRKACB;SHANK3,0.475
5,837,RHO GTPases Activate ROCKs R-HSA-5627117,14/19,4.081506970872463e-15,Signal Transduction,Reactome_2022,4.3491467722411493e-16,0.0,0.0,65.17910085054677,2305.4748619796296,PPP1R12A;LIMK2;LIMK1;RHOC;RHOB;PPP1CB;MYL6;MYH14;MYH9;MYH11;PKN1;PPP1R12B;MYH10;MYL9,0.7368421052631579
5,837,CLEC7A (Dectin-1) Induces NFAT Activation R-HSA-5607763,11/11,5.996315913520703e-15,Immune System,Reactome_2022,6.470432995725163e-16,0.0,0.0,210793.0,7372299.352122692,PPP3CA;PPP3CB;PPP3R1;AHCYL1;ITPR1;NFATC3;ITPR2;NFATC2;ITPR3;NFATC1;CALM1,1.0
5,837,Effects Of PIP2 Hydrolysis R-HSA-114508,16/27,5.996315913520703e-15,Hemostasis,Reactome_2022,6.512392283126993e-16,0.0,0.0,33.9311261211383,1186.491899104908,DGKG;DAGLA;DGKD;PRKCH;TRPC6;TRPC3;DGKA;PRKCD;ITPR1;ITPR2;ITPR3;RASGRP2;RASGRP1;DGKZ;PRKCQ;DAGLB,0.5925925925925926
5,837,G Alpha (Z) Signaling Events R-HSA-418597,20/47,6.645960419556017e-15,Signal Transduction,Reactome_2022,7.2860426730788315e-16,0.0,0.0,17.349834534657056,604.7354388175888,GNAZ;RGS19;PRKCH;PRKCB;PRKCD;GNAI3;PRKCA;GNG12;GNG11;GNAI1;GNAI2;GNG10;GNG2;GNG4;GNG7;GNB1;GNAS;GNB4;PRKCQ;GNB5,0.425531914893617
5,837,Thrombin Signaling Thru Proteinase Activated Receptors (PARs) R-HSA-456926,17/32,8.94909712013822e-15,Hemostasis,Reactome_2022,9.902689436218525e-16,0.0,0.0,26.46471544715447,914.3176800285512,ARRB1;ARRB2;GNG12;GNG11;GNA13;GNA14;GNA15;GNG10;GNG2;GNG4;GNA11;GNG7;GNA12;GNB1;GNB4;GNB5;F2RL2,0.53125
5,837,RHOV GTPase Cycle R-HSA-9013424,18/37,9.691250024076144e-15,Signal Transduction,Reactome_2022,1.0823219801478482e-15,0.0,0.0,22.144592249855407,763.0952898404337,GIT2;TPM3;CLTC;IQGAP1;WASL;CDC42;PARD6B;PARD6A;NCK2;PKN1;ARHGEF7;SPTAN1;GIT1;SPTBN1;MAP3K11;NCK1;PAK4;EPHA2,0.4864864864864865
5,837,Ca2+ Pathway R-HSA-4086398,22/61,1.5158173004405362e-14,Signal Transduction,Reactome_2022,1.7084006459883092e-15,0.0,0.0,13.236683970426302,450.0898606610447,CAMK2A;ITPR1;ITPR2;PRKCA;ITPR3;NFATC1;GNG12;GNG11;GNAO1;PPP3CA;PPP3CB;GNG10;PPP3R1;GNG2;GNG4;GNG7;GNB1;GNB4;PRKG2;GNB5;CALM1;PRKG1,0.36065573770491804
5,837,Fc Epsilon Receptor (FCERI) Signaling R-HSA-2454202,31/130,1.5580774779670235e-14,Immune System,Reactome_2022,1.7719938530157745e-15,0.0,0.0,7.406371406371407,251.5697809505797,ITK;AHCYL1;ITPR1;ITPR2;ITPR3;RASGRP2;RASGRP1;RASGRP4;MALT1;PPP3CA;PPP3R1;PPP3CB;PLCG2;FCER1A;FYN;VAV3;SYK;NFATC3;NFATC2;NFATC1;FOS;GAB2;VAV1;VAV2;TEC;BTK;PRKCQ;LCP2;PKN1;CALM1;MS4A2,0.23846153846153847
5,837,Signal Amplification R-HSA-392518,17/33,1.6923367500572573e-14,Hemostasis,Reactome_2022,1.9634148128265218e-15,0.0,0.0,24.809375,840.1469372722751,GNAI3;GNG12;GNG11;GNAI1;GNAI2;GNA13;GNA14;GNA15;GNG10;GNG2;GNG4;GNA11;GNG7;GNB1;GNB4;GNB5;AAMP,0.5151515151515151
5,837,Signaling By High-Kinase Activity BRAF Mutants R-HSA-6802948,17/33,1.6923367500572573e-14,Disease,Reactome_2022,1.9634148128265218e-15,0.0,0.0,24.809375,840.1469372722751,KSR1;YWHAB;ITGA2B;PEBP1;ARRB1;ARRB2;IQGAP1;KSR2;RAP1B;APBB1IP;CNKSR2;CNKSR1;RAP1A;CSK;TLN1;MARK3;VCL,0.5151515151515151
5,837,FCGR3A-mediated IL10 Synthesis R-HSA-9664323,18/38,1.6923367500572573e-14,Disease,Reactome_2022,1.9767048105176977e-15,0.0,0.0,21.036263736263734,712.2320424836166,AHCYL1;YES1;SYK;ITPR1;ITPR2;ITPR3;PRKX;PRKCA;FGR;HCK;PRKAR1B;PRKAR2B;PRKAR1A;PRKAR2A;PLCG2;FYN;CALM1;PRKACB,0.47368421052631576
5,837,Trafficking Of GluR2-containing AMPA Receptors R-HSA-416993,13/17,1.8780542103224384e-14,Neuronal System,Reactome_2022,2.247025300545637e-15,0.0,0.0,75.56644417475728,2548.7933770352543,GRIA1;GRIA2;PRKCB;AP2A1;PRKCA;AP2B1;AP2A2;GRIP2;TSPAN7;AP2S1;PICK1;AP2M1;GRIA3,0.7647058823529411
5,837,Retrograde Neurotrophin Signaling R-HSA-177504,12/14,1.8780542103224384e-14,Signal Transduction,Reactome_2022,2.2513559693414478e-15,0.0,0.0,139.35272727272726,4699.983393986922,NTRK1;DNM3;CLTC;AP2S1;AP2A1;AP2B1;NGF;AP2A2;DNM1;AP2M1;SH3GL2;DNM2,0.8571428571428571
5,837,SEMA3A-Plexin Repulsion Signaling By Inhibiting Integrin Adhesion R-HSA-399955,12/14,1.8780542103224384e-14,Developmental Biology,Reactome_2022,2.2513559693414478e-15,0.0,0.0,139.35272727272726,4699.983393986922,FARP2;RRAS;FES;SEMA3A;PLXNA2;PLXNA1;FYN;PIP5K1C;TLN1;PLXNA4;RND1;PLXNA3,0.8571428571428571
5,837,Signaling By MET R-HSA-6806834,25/63,1.4674098047173148e-17,Signal Transduction,Reactome_2022,1.323074414089382e-18,0.0,0.0,15.495365569095153,637.891106289222,ITGB1;SH3GL3;LAMA2;LAMC3;SH3KBP1;DOCK7;PTPRJ;RAP1B;RAP1A;EPS15;SH3GL2;SH3GL1;USP8;PTPN1;RAB4A;ITGA2;RANBP9;STAM;PTK2;HGS;RAPGEF1;RANBP10;STAM2;PTPN2;ARF6,0.3968253968253968
5,837,Membrane Trafficking R-HSA-199991,77/599,1.2573835690160937e-17,Vesicle-mediated transport,Reactome_2022,1.1208234682827884e-18,0.0,0.0,3.618060596894536,149.5433739126848,SH3GL3;SH3KBP1;YWHAB;ITSN1;ARPC1A;CLTC;SNAP23;CLTB;PRKAG1;PRKAG2;ARRB1;AP2A1;ARRB2;WASL;SLC2A4;PIK3C2A;AREG;AP2A2;GJA1;YWHAQ;SPTAN1;AP2M1;SH3GL2;SH3GL1;ACTR3;ACTR2;FNBP1;EXOC7;EPS15L1;YWHAZ;DNM1;EPN1;DNM2;DNM3;CTTN;ALS2;TBC1D4;BIN1;HGS;MYH9;AMPH;RIN1;STAM2;RHOQ;ARF6;HBEGF;GRIA1;RAB5B;RALA;RAB5C;STXBP3;TGFA;CYTH3;CYTH2;GRK3;GRK2;MYO6;CLTCL1;AP2S1;STX4;PIP5K1C;EPS15;SPTBN1;CYTH1;RAB4A;SYT2;MYO5A;ARPC5;STAM;AP2B1;RAB10;ARPC2;SYNJ1;ARPC3;TRIP10;CALM1;RAB5A,0.1285475792988314
5,837,Signaling By Interleukins R-HSA-449147,66/453,6.514773728893494e-18,Immune System,Reactome_2022,5.740476851279102e-19,0.0,0.0,4.153188751143687,174.44046668088666,ITGB1;IRS1;PITPNA;INPPL1;IRS2;RPS6KA3;RPS6KA5;PPP2R1B;CCND1;PPP2R1A;RPS6KA2;RPS6KA1;BLNK;JAK3;MEF2C;HSP90AA1;DUSP3;CISH;SYK;MMP2;PRKCA;PPP2R5D;FOS;GAB2;YWHAZ;VAV1;DUSP7;HCK;MAPKAPK3;LCK;MAPKAPK2;IL3RA;RAPGEF1;RHOU;RALA;STXBP2;PIK3R3;TWIST1;CSF2RB;FOXO3;FOXO1;RAP1B;SOCS2;CDC42;PPP2CA;PPP2CB;SOCS1;MAPK7;INPP5D;S1PR1;PTK2B;STX4;FYN;SOCS5;PTPN18;YES1;MSN;PTPN12;PTPN13;TEC;PTPN6;PTPN7;VIM;FGF13;PTPN5;PTPN2,0.1456953642384106
5,837,Death Receptor Signaling R-HSA-73887,36/139,5.710272477183309e-18,Signal Transduction,Reactome_2022,4.973085661481367e-19,0.0,0.0,8.316788480418895,350.5116847620914,BEX3;TRIO;ARHGEF26;MAGED1;RASGRF2;ITSN1;KALRN;FGD1;GNA13;PREX1;ABR;AKAP13;BCL2L11;ARHGDIA;MCF2L;VAV3;NGFR;LINGO1;PRKCI;ARHGEF15;ARHGEF16;ARHGEF18;NGF;VAV1;VAV2;TIAM2;TIAM1;MAG;ARHGEF9;OBSCN;ARHGEF3;ARHGEF4;ARHGEF2;ARHGEF7;NGEF;ARHGEF6,0.2589928057553957
5,837,"Cell Death Signaling Via NRAGE, NRIF And NADE R-HSA-204998",32/74,1.3091600029745254e-23,Signal Transduction,Reactome_2022,7.3774385413523455e-25,0.0,0.0,18.09736764270926,1005.6019648857456,BEX3;TRIO;ARHGEF26;MAGED1;RASGRF2;ITSN1;KALRN;FGD1;GNA13;AKAP13;PREX1;ABR;BCL2L11;MCF2L;VAV3;NGFR;ARHGEF15;ARHGEF16;ARHGEF18;NGF;VAV1;VAV2;TIAM2;TIAM1;ARHGEF9;OBSCN;ARHGEF3;ARHGEF4;ARHGEF2;ARHGEF7;NGEF;ARHGEF6,0.43243243243243246
5,837,DARPP-32 Events R-HSA-180024,20/24,3.4410418786492744e-23,Signal Transduction,Reactome_2022,1.974368291028272e-24,0.0,0.0,117.25214198286412,6399.832228966675,PDE4C;PPP2R5D;PRKCA;PPP1CA;PPP2CA;PPP2CB;PPP3CA;PPP3CB;PPP3R1;PPP3CC;CDK5;PPP2R1B;PRKAR1B;PPP2R1A;PRKAR1A;PRKAR2B;PRKAR2A;PDE4A;CALM1;PRKACB,0.8333333333333334
5,837,Neuronal System R-HSA-112316,68/386,5.257964206308904e-23,Neuronal System,Reactome_2022,3.070737292618929e-24,0.0,0.0,5.240245029483688,283.7075185091822,PTPRS;RASGRF2;RASGRF1;PRKAG1;PRKAG2;AP2A1;AP2A2;PTPRF;RPS6KA3;RPS6KA6;RPS6KA2;RPS6KA1;FLOT1;NEFL;FLOT2;PRKACB;AP2M1;GIT1;DBNL;PRKCB;ACTN2;PRKCA;NRG1;GRIP2;ARHGEF9;PRKAR1B;PRKAR1A;PICK1;MAPT;ARHGEF7;SHANK3;GRIA1;CAMK2B;GRIA2;CAMK2D;CAMK2A;KCNA3;GNAI3;CACNA1A;PRKX;AKAP5;GNAI1;CAMKK2;GNAI2;GNG10;GNG2;PRKAR2B;GNG4;PRKAR2A;GNG7;MYO6;TSPAN7;AP2S1;SLITRK5;CACNG3;GRIA3;SYT2;HOMER1;NTRK3;AP2B1;GNG12;GNG11;NBEA;CAMK4;GNB1;GNB4;GNB5;CALM1,0.17616580310880828
5,837,Post NMDA Receptor Activation Events R-HSA-438064,29/61,6.833544756738254e-23,Neuronal System,Reactome_2022,4.0609179906846184e-24,0.0,0.0,21.457263304455445,1155.7017878390616,CAMK2B;GRIA1;GRIA2;CAMK2D;RASGRF2;RASGRF1;CAMK2A;PRKAG1;PRKAG2;PRKX;CAMKK2;RPS6KA3;RPS6KA6;PRKAR2B;RPS6KA2;PRKAR2A;RPS6KA1;NEFL;PRKACB;GIT1;ACTN2;NRG1;PRKCA;PRKAR1B;PRKAR1A;CAMK4;MAPT;ARHGEF7;CALM1,0.47540983606557374
5,837,Antigen Activates B Cell Receptor Leading To Second Messenger Generation R-HSA-983695,22/31,8.479200826893152e-23,Immune System,Reactome_2022,5.1257464015030336e-24,0.0,0.0,57.44894342194956,3080.858499267424,BLK;AHCYL1;SYK;SH3KBP1;TRPC1;ITPR1;DAPP1;ITPR2;ITPR3;VAV1;CD79B;CD79A;CD19;BLNK;PLCG2;BTK;ORAI1;FYN;PTPN6;CALM1;PIK3AP1;NCK1,0.7096774193548387
5,837,Constitutive Signaling By Aberrant PI3K In Cancer R-HSA-2219530,32/78,8.94366817462107e-23,Disease,Reactome_2022,5.498156664726068e-24,0.0,0.0,16.52022684310019,884.7841860020661,FLT3;IRS1;PDGFA;PIK3R3;TGFA;IRS2;AREG;ERBB3;CD19;RAC2;FYN;ICOS;PDGFRB;PDGFRA;RHOG;FLT3LG;NRG1;GAB2;ESR1;VAV1;ESR2;KITLG;LCK;KIT;STRN;FGF13;FGFR4;PIK3AP1;FGFR3;FGFR2;HBEGF;FGFR1,0.41025641025641024
5,837,RHOU GTPase Cycle R-HSA-9013420,24/39,1.33793505467027e-22,Signal Transduction,Reactome_2022,8.362094091689187e-24,0.0,0.0,37.683640836408365,2002.4458684820536,GIT2;CLTC;WWP2;IQGAP1;STAM;CDC42;ARHGAP31;PARD6A;HGS;MYO6;NCK2;PTK2B;RHOU;PKN1;SRGAP2;ARHGEF7;SPTAN1;STAM2;GIT1;SPTBN1;NCK1;PAK4;ARHGEF6;EPHA2,0.6153846153846154
5,837,PI3K/AKT Signaling In Cancer R-HSA-2219528,36/105,1.9444351231451901e-22,Disease,Reactome_2022,1.2551169339974077e-23,0.0,0.0,12.437062367692558,655.8340133499511,PRR5;IRS1;FLT3;PTEN;PDGFA;PIK3R3;TGFA;IRS2;FOXO3;AREG;FOXO1;ERBB3;CD19;RAC2;FYN;ICOS;PDGFRB;PDGFRA;RHOG;FLT3LG;NRG1;GAB2;ESR1;ESR2;VAV1;KITLG;LCK;KIT;STRN;FGF13;FGFR4;PIK3AP1;FGFR3;FGFR2;FGFR1;HBEGF,0.34285714285714286
5,837,Integration Of Energy Metabolism R-HSA-163685,36/105,1.9444351231451901e-22,Metabolism,Reactome_2022,1.2551169339974077e-23,0.0,0.0,12.437062367692558,655.8340133499511,AHCYL1;ITPR1;CACNA1A;ITPR2;PRKAG2;ITPR3;IQGAP1;AKAP5;GNAI1;GNAI2;PPP2CA;GNA14;PPP2CB;GNG10;GNA15;RAP1A;GNG2;PPP2R1B;PPP2R1A;PRKAR2B;GNG4;PRKAR2A;GNA11;GNG7;PRKACB;PRKCA;PPP2R5D;GNG12;GNG11;PRKAR1B;PRKAR1A;GNB1;GNAS;GNB4;GNB5;RAPGEF4,0.34285714285714286
5,837,Activation Of NMDA Receptors And Postsynaptic Events R-HSA-442755,31/74,1.9929445077341799e-22,Neuronal System,Reactome_2022,1.3068488575306101e-23,0.0,0.0,17.101967799642217,901.1341227941256,CAMK2B;GRIA1;GRIA2;CAMK2D;RASGRF2;RASGRF1;CAMK2A;PRKAG1;PRKAG2;PRKX;CAMKK2;RPS6KA3;RPS6KA6;PRKAR2B;RPS6KA2;PRKAR2A;RPS6KA1;NEFL;PRKACB;GIT1;GRIA3;ACTN2;NRG1;PRKCA;PRKAR1B;NBEA;PRKAR1A;CAMK4;MAPT;ARHGEF7;CALM1,0.4189189189189189
5,837,Infectious Disease R-HSA-5663205,112/961,3.638953654593886e-22,Disease,Reactome_2022,2.423483478981584e-23,0.0,0.0,3.332387799033345,173.53159927466618,CYFIP2;SH3GL3;CYFIP1;NCKAP1;AHCYL1;IRS1;WIPF1;WIPF2;WIPF3;ACTG1;GJA1;PRKACB;AP2M1;SH3GL2;SH3GL1;CYBA;PRKCA;PRKAR1B;PRKAR1A;HGS;BTK;ELMO1;ELMO2;STAM2;GNAZ;ITPR1;ITPR2;ITPR3;NCKIPSD;CD79B;CD79A;GNG10;PRKAR2B;PRKAR2A;PLCG2;NCKAP1L;YES1;SYT2;MYO5A;ARPC5;STAM;GNG12;GNG11;PTK2;ARPC2;ARPC3;NOXA1;GNB1;GNB4;GNAS;GNB5;CALM1;RAB5A;ITGB1;YWHAB;SH3KBP1;ARPC1B;ARPC1A;CLTC;BRK1;AP2A1;WASL;AP2A2;DUSP16;YWHAQ;BLNK;JAK3;NCK1;ACTR3;VAV3;ACTR2;HSP90AA1;PDCD6IP;SYK;YWHAZ;VAV1;VAV2;FGR;HCK;MYH2;LCK;MYH9;DOCK2;DOCK1;HBEGF;GNAI3;WAS;NOXO1;CXCR4;PRKX;GNAI1;GNAI2;CDC42;GNG2;GNG4;GNG7;AP2S1;S1PR1;FYN;WASF1;EPS15;WASF2;WASF3;BRD4;MYO10;MYO9B;AP2B1;BAIAP2;TSHR;ABI2;ABI1;PTPN6,0.11654526534859522
5,837,Signaling By BRAF And RAF1 Fusions R-HSA-6802952,28/62,2.1941118222555723e-21,Disease,Reactome_2022,1.4837231584924977e-22,0.0,0.0,19.472551443321457,978.7355625835954,CAMK2B;CAMK2D;YWHAB;FAM114A2;ITGA2B;CAMK2A;PEBP1;ARRB1;ARRB2;IQGAP1;RAP1B;KIAA1549;BCL2L11;RAP1A;CSK;MARK3;KSR1;AGTRAP;KSR2;SND1;APBB1IP;CNKSR2;CNKSR1;CLCN6;FAM131B;TLN1;CALM1;VCL,0.45161290322580644
5,837,PLC Beta Mediated Events R-HSA-112043,25/47,2.2007413993658963e-21,Signal Transduction,Reactome_2022,1.5189068790504711e-22,0.0,0.0,26.78711374832065,1345.7546233707596,CAMK2B;CAMK2D;AHCYL1;PDE1C;PDE1A;CAMK2A;ITPR1;ITPR2;ITPR3;PRKX;CAMKK2;GNA14;GNA15;GRK2;PRKAR2B;GNA11;PRKAR2A;PRKACB;PRKCD;PRKCA;NBEA;PRKAR1B;PRKAR1A;CAMK4;CALM1,0.5319148936170213
5,837,RHO GTPases Activate PAKs R-HSA-5627123,18/21,2.2007413993658963e-21,Signal Transduction,Reactome_2022,1.533303433984436e-22,0.0,0.0,140.36630036630038,7050.521719342658,PPP1R12A;LIMK1;MYLK;CDC42;PPP1CB;MYL6;CTTN;FLNA;MYH14;MYH9;MYH11;NF2;PKN1;ARHGEF7;CALM1;PPP1R12B;MYH10;MYL9,0.8571428571428571
5,837,P75 NTR Receptor-Mediated Signaling R-HSA-193704,36/95,4.057800836049665e-24,Signal Transduction,Reactome_2022,2.2035188966253305e-25,0.0,0.0,14.55265663683108,826.2208482914693,BEX3;TRIO;ARHGEF26;MAGED1;RASGRF2;ITSN1;KALRN;FGD1;GNA13;AKAP13;PREX1;ABR;BCL2L11;ARHGDIA;MCF2L;VAV3;LINGO1;NGFR;PRKCI;ARHGEF15;ARHGEF16;ARHGEF18;NGF;VAV1;VAV2;TIAM2;TIAM1;ARHGEF9;MAG;OBSCN;ARHGEF3;ARHGEF4;ARHGEF2;ARHGEF7;NGEF;ARHGEF6,0.37894736842105264
5,837,PIP3 Activates AKT Signaling R-HSA-1257604,54/268,3.912340317740716e-21,Signal Transduction,Reactome_2022,2.7658963311896455e-22,0.0,0.0,6.106670963583629,303.1321378328489,PRR5;IRS1;FLT3;PTEN;IRS2;AREG;PREX2;PPP2R1B;PPP2R1A;RAC2;PIP4K2A;PIP4K2B;PIP4K2C;PDGFRB;PDGFRA;RHOG;FLT3LG;NRG1;PPP2R5D;GAB2;VAV1;LCK;KIT;HBEGF;PHLPP2;PHLPP1;PDGFA;PIK3R3;TGFA;FOXO3;FOXO1;PPP2CA;PPP2CB;ERBB3;CD19;PIP5K1A;THEM4;PIP5K1B;FYN;PIP5K1C;ICOS;INSR;WWP2;ESR1;ESR2;KITLG;SNAI1;STRN;FGF13;FGFR4;PIK3AP1;FGFR3;FGFR2;FGFR1,0.20149253731343283
5,837,G Alpha (I) Signaling Events R-HSA-418594,58/312,7.029039987476589e-21,Signal Transduction,Reactome_2022,5.113338515479897e-22,0.0,0.0,5.54275115482195,271.73348358814343,AHCYL1;PPP3CA;PPP3CB;PPP3CC;RGS3;PPP2R1B;PPP2R1A;PDE4A;PRKACB;PRKCD;PDE4C;PRKCA;PPP2R5D;PRKAR1B;PRKAR1A;CAMK2B;GNAZ;CAMK2D;RGS19;PDE1C;PDE1A;CAMK2A;LPAR1;GNAI3;ITPR1;LPAR2;CXCR4;ITPR2;PRKX;ITPR3;GNAI1;CAMKK2;GNAI2;PPP2CA;PPP2CB;GNA14;GNG10;PPP3R1;GNA15;GRK2;GNG2;PRKAR2B;GNG4;PRKAR2A;GNA11;GNG7;S1PR3;GNG12;GNG11;PPP1CA;CDK5;NBEA;CAMK4;GNB1;GNAS;GNB4;GNB5;CALM1,0.1858974358974359
5,837,Regulation Of Insulin Secretion R-HSA-422356,30/77,1.1878517274438284e-20,Metabolism,Reactome_2022,8.762840612290537e-22,0.0,0.0,15.11982915447283,733.1053573945019,AHCYL1;ITPR1;CACNA1A;ITPR2;ITPR3;AKAP5;IQGAP1;GNAI1;GNAI2;GNA14;GNA15;GNG10;GNG2;RAP1A;GNG4;PRKAR2B;GNA11;GNG7;PRKAR2A;PRKACB;PRKCA;GNG12;GNG11;PRKAR1B;PRKAR1A;GNB1;GNAS;GNB4;GNB5;RAPGEF4,0.38961038961038963
5,837,FCERI Mediated Ca+2 Mobilization R-HSA-2871809,20/29,2.0405391118005567e-20,Immune System,Reactome_2022,1.5262229012442688e-21,0.0,0.0,52.0984632122943,2497.1570185791857,VAV3;ITK;AHCYL1;SYK;ITPR1;NFATC3;ITPR2;NFATC2;ITPR3;NFATC1;VAV1;VAV2;PPP3CA;PPP3CB;PPP3R1;TEC;PLCG2;BTK;LCP2;CALM1,0.6896551724137931
5,837,Nuclear Events (Kinase And Transcription Factor Activation) R-HSA-198725,27/61,2.179899520427672e-20,Signal Transduction,Reactome_2022,1.6527926691767185e-21,0.0,0.0,18.75392156862745,897.4092898651475,SH3GL3;NAB1;SRF;ASCL1;PPP2CA;RPS6KA3;PPP2CB;RPS6KA5;MAPK7;PPP2R1B;PPP2R1A;RPS6KA2;RPS6KA1;MEF2D;MEF2C;DUSP3;PPP2R5D;FOS;DNM2;DUSP7;ARC;VGF;CDK5;MAPKAPK2;SGK1;CDK5R2;CDK5R1,0.4426229508196721
5,837,Adaptive Immune System R-HSA-1280218,92/733,2.4791246314033103e-20,Immune System,Reactome_2022,1.905065034377544e-21,0.0,0.0,3.5683003695986764,170.24279280086816,ITGB1;PRR5;ITK;AHCYL1;NCF1;SH3KBP1;YWHAB;CLTC;NCF4;SNAP23;PTEN;ICAM3;CBLB;AP2A1;PTPRJ;AP2A2;PPP3CA;PPP3CB;PPP2R1B;PPP2R1A;BLNK;ITGAV;PRKACB;AP2M1;PRKG1;SH3GL2;NCK1;TRIM63;SYK;PRKCB;TRPC1;PRKCA;CYBA;PPP2R5D;YWHAZ;VAV1;DNM1;RNF41;DNM2;ENAH;DNM3;ZAP70;LCK;BTK;ORAI1;PRKCQ;EVL;LCP2;ARHGEF7;RAPGEF4;BLK;ITPR1;WAS;ITPR2;PIK3R3;DAPP1;ITPR3;RASGRP2;RASGRP1;MALT1;RAP1B;CDC42;CD79B;PPP2CA;CD79A;PPP2CB;PPP3R1;RAP1A;SOCS1;CD19;INPP5D;PLCG2;AP2S1;THEM4;STX4;CSK;FYN;ICOS;PAG1;VASP;YES1;KIR2DS2;ZBTB16;NFATC3;NFATC2;NFATC1;AP2B1;PTPN6;PKN1;PIK3AP1;CALM1;SIPA1,0.12551159618008187
5,837,Glucagon-like Peptide-1 (GLP1) Regulates Insulin Secretion R-HSA-381676,23/42,3.996510977405045e-20,Metabolism,Reactome_2022,3.1120372365039284e-21,0.0,0.0,28.46967541704384,1344.309870596339,ITPR1;ITPR2;ITPR3;PRKCA;AKAP5;IQGAP1;GNG12;GNG11;GNG10;GNG2;RAP1A;PRKAR1B;GNG4;PRKAR2B;PRKAR1A;GNG7;PRKAR2A;GNB1;GNAS;GNB4;GNB5;PRKACB;RAPGEF4,0.5476190476190477
5,837,EPHB-mediated Forward Signaling R-HSA-3928662,21/34,6.250035458726761e-20,Developmental Biology,Reactome_2022,4.930868138544679e-21,0.0,0.0,37.91006787330317,1772.6282159202915,ACTR3;ACTR2;YES1;ARHGEF28;ARPC1B;LIMK2;ARPC1A;ITSN1;LIMK1;WASL;ARPC5;KALRN;PTK2;ACTG1;CDC42;TIAM1;SYNGAP1;ARPC2;ARPC3;FYN;PKN1,0.6176470588235294
5,837,DAG And IP3 Signaling R-HSA-1489509,22/39,1.1811063247051105e-19,Signal Transduction,Reactome_2022,9.439169398258056e-21,0.0,0.0,30.401443522194157,1401.7928964770988,CAMK2B;CAMK2D;AHCYL1;PDE1C;PDE1A;CAMK2A;PRKCD;ITPR1;ITPR2;ITPR3;PRKX;PRKCA;CAMKK2;GRK2;NBEA;PRKAR1B;PRKAR2B;PRKAR1A;PRKAR2A;CAMK4;CALM1;PRKACB,0.5641025641025641
5,837,Paradoxical Activation Of RAF Signaling By Kinase Inactive BRAF R-HSA-6802955,22/41,5.164745389274493e-19,Disease,Reactome_2022,4.180480386810296e-20,0.0,0.0,27.198450113012598,1213.6295409659954,CAMK2B;CAMK2D;KSR1;YWHAB;CAMK2A;ITGA2B;PEBP1;ARRB1;ARRB2;IQGAP1;KSR2;RAP1B;APBB1IP;CNKSR2;CNKSR1;RAP1A;CSK;CALM1;TLN1;MARK3;MAP3K11;VCL,0.5365853658536586
5,837,Platelet Homeostasis R-HSA-418346,29/83,1.8258351662999752e-18,Hemostasis,Reactome_2022,1.4965862018852256e-19,0.0,0.0,12.700792995966264,550.5276856451472,GUCY1B1;PDE1A;ITPR1;ITPR2;ITPR3;PPP2CA;PPP2CB;GNG10;GNG2;PPP2R1B;PPP2R1A;GNG4;GNG7;PRKG2;PRKG1;GUCY1A2;TRPC6;TRPC3;PPP2R5D;GNG12;GNG11;FGR;GNB1;GNAS;GNB4;ORAI1;PTPN6;GNB5;CALM1,0.3493975903614458
5,837,Cytokine Signaling In Immune System R-HSA-1280215,86/702,2.5073390587835997e-18,Immune System,Reactome_2022,2.0808858991954052e-19,0.0,0.0,3.4478746952115795,148.3148917278108,ITGB1;IRS1;FLT3;PITPNA;INPPL1;IRS2;PTPRJ;SLA2;GHR;RPS6KA3;RPS6KA5;PPP2R1B;CCND1;PPP2R1A;RPS6KA2;RPS6KA1;GRB10;BLNK;JAK3;MEF2C;HSP90AA1;DUSP3;CISH;SYK;MMP2;PRKCD;FLT3LG;PRKCA;PPP2R5D;FOS;GAB2;PRLR;YWHAZ;VAV1;DUSP7;HCK;MAPKAPK3;LCK;MAPKAPK2;IL3RA;RAPGEF1;RHOU;CAMK2B;CAMK2D;RALA;CSH1;STXBP2;CAMK2A;PIK3R3;TWIST1;CSF2RB;FOXO3;FOXO1;RAP1B;SOCS2;CDC42;PPP2CA;PPP2CB;BCL2L11;SOCS1;MAPK7;INPP5D;S1PR1;FLNA;PTK2B;FLNB;STX4;CSK;FYN;NCAM1;SOCS6;SH2B3;SOCS5;PTPN1;PTPN18;YES1;MSN;PTPN12;PTPN13;TEC;PTPN6;PTPN7;VIM;FGF13;PTPN5;PTPN2,0.1225071225071225
5,837,Signaling By EGFR R-HSA-177929,23/49,3.661380348115126e-18,Signal Transduction,Reactome_2022,3.0761597187032824e-19,0.0,0.0,20.797155547155548,886.4877976434205,SH3GL3;SH3KBP1;ADAM10;TGFA;EPS15L1;PTPN12;STAM;AREG;EPN1;CDC42;HGS;SPRY2;CSK;SPRY1;ARHGEF7;STAM2;AAMP;EPS15;SH3GL2;PAG1;SH3GL1;HBEGF;PTPN3,0.46938775510204084
5,837,EGFR Downregulation R-HSA-182971,19/31,5.423259721724585e-18,Signal Transduction,Reactome_2022,4.667559596566241e-19,0.0,0.0,37.06896903015485,1564.6248528361564,SH3GL3;SH3KBP1;TGFA;EPS15L1;PTPN12;STAM;AREG;EPN1;CDC42;HGS;SPRY2;SPRY1;ARHGEF7;EPS15;STAM2;SH3GL2;SH3GL1;HBEGF;PTPN3,0.6129032258064516
5,837,"Glutamate Binding, Activation Of AMPA Receptors And Synaptic Plasticity R-HSA-399721",19/31,5.423259721724585e-18,Neuronal System,Reactome_2022,4.667559596566241e-19,0.0,0.0,37.06896903015485,1564.6248528361564,CAMK2B;GRIA1;GRIA2;CAMK2D;PRKCB;CAMK2A;AP2A1;PRKCA;AKAP5;AP2B1;AP2A2;GRIP2;MYO6;TSPAN7;AP2S1;PICK1;CACNG3;AP2M1;GRIA3,0.6129032258064516
5,837,G Alpha (Q) Signaling Events R-HSA-416476,48/212,4.533050106409977e-21,Signal Transduction,Reactome_2022,3.2511629861546965e-22,0.0,0.0,7.047760363535194,348.7080954472631,DGKG;TRIO;DGKD;DAGLA;RGS19;ARHGEF25;DGKA;LPAR1;ITPR1;LPAR2;PIK3R3;ITPR2;ITPR3;RASGRP2;KALRN;RASGRP1;RPS6KA3;GNA14;GNG10;GNA15;RGS3;GRK2;GNG2;MAPK7;GRK5;GNG4;RPS6KA2;GNA11;GNG7;RPS6KA1;PROK2;PRKCH;TRPC6;TRPC3;PRKCD;PRKCA;GNG12;GNG11;DGKZ;KISS1;GNB1;BTK;GNB4;PRKCQ;GNB5;DAGLB;F2RL2;HBEGF,0.22641509433962265
5,837,Neuron Projection Morphogenesis (GO:0048812),39/146,6.193786509816848e-19,cellular process,GO_Biological_Process_2023,4.9352880556309545e-21,0.0,0.0,8.703815613800858,406.971930428919,NCKAP1;TRIO;DOCK7;PTEN;IQGAP1;WASL;ARHGAP35;CDC42;PAK1;PARD6B;FLRT3;SLITRK5;NCKAP1L;SRGAP3;CTNNA2;EPHB2;PAK3;EPHB1;EPHB3;PLXNA3;EPHA4;DBNL;DCC;APLP2;NGF;BAIAP2;DNM2;RAB10;CDK5;ALS2;CTTN;TAOK3;MAP1B;PARD3;TAOK2;PLXNB1;SGK1;SHANK3;FGFR2,0.2671232876712329
5,837,Human cytomegalovirus infection,51/225,9.562846490363056e-23,Infectious disease: viral,KEGG_2021_Human,1.490146812490031e-23,0.0,0.0,7.081095902430464,372.1865253126603,CALML5;CALML6;CALML3;CALML4;AKAP13;PPP3CA;PPP3CB;PPP3CC;CCND1;RAC2;RAC3;ITGAV;PRKACA;PRKACB;PDGFRA;PRKCB;PRKCA;PXN;GNAI3;ITPR1;PIK3R3;CXCR4;ITPR2;ITPR3;GNAI1;GNAI2;GNA13;GNG10;PPP3R1;GNG2;GNG4;GNA11;GNG7;GNA12;EIF4EBP1;PTK2B;NFATC3;NFATC2;NFATC1;GNG12;GNG11;PTK2;NFATC4;MAPK13;GNAO1;GNB1;GNAS;GNB4;GNB5;CALM1;CALM2,0.22666666666666666
5,837,Kinase Binding (GO:0019900),70/460,2.8479748263011567e-19,binding,GO_Molecular_Function_2023,3.866029175974421e-21,0.0,0.0,4.393106676027146,206.48505929109157,PTPRR;DGKD;CLTC;PRKAG1;PRKAG2;PEBP1;ILK;AP2A1;PTPRJ;AP2A2;ACTB;PPP1CB;GHR;SPRED3;SPRED2;SPRED1;CCND1;BLNK;CHP1;RAC3;PRKACA;PDGFRB;DUSP3;PPP1R12A;PRKCD;RHOG;ADAM10;UNC5C;YWHAZ;DNM1;CNKSR2;ACTA2;FGR;LATS1;TIAM1;LCK;CDC37;MAPT;ARHGEF7;GRB7;AGAP2;WAS;IQGAP1;FOXO3;CDC42;SOCS1;PLCG2;PIP5K1A;FLNA;PAK2;MAPK4;MAP3K2;PTPN1;GSN;CAV2;MSN;ESR1;PTK2;NBEA;SNAI1;SPRY2;PTPN6;MAP3K13;CALM1;PTPN5;CALM2;PTPN2;CDK5R2;MAP3K12;CDK5R1,0.15217391304347827
5,837,Non-small cell lung cancer,14/72,3.407481860657957e-06,Cancer: specific types,KEGG_2021_Human,1.4147134510767412e-06,0.0,0.0,5.603343528721666,75.46910050647544,RET;PRKCB;HGF;PIK3R3;TGFA;PRKCA;FOXO3;STK4;RASSF1;CCND1;RASSF5;PLCG2;JAK3;MET,0.19444444444444445
5,837,Melanoma,14/72,3.407481860657957e-06,Cancer: specific types,KEGG_2021_Human,1.4147134510767412e-06,0.0,0.0,5.603343528721666,75.46910050647544,PDGFRB;PDGFRA;HGF;PTEN;PDGFA;PIK3R3;MITF;IGF1R;CCND1;CDH1;PDGFD;PDGFC;MET;FGFR1,0.19444444444444445
5,837,Chagas disease,17/102,2.6343205559671745e-06,Infectious disease: parasitic,KEGG_2021_Human,1.0701927258616645e-06,0.0,0.0,4.653170731707317,63.970264086484825,GNAI3;PIK3R3;FOS;GNAI1;GNAI2;MAPK13;GNAO1;PPP2CA;GNA14;PPP2CB;GNA15;PPP2R1B;PPP2R2C;PPP2R1A;PPP2R2B;GNA11;GNAS,0.16666666666666666
5,837,MicroRNAs in cancer,33/310,2.2738809347613797e-06,Cancer: overview,KEGG_2021_Human,9.136128755737684e-07,0.0,0.0,2.798453580473086,38.914900642013606,SHC4;IRS1;PTEN;PDGFA;PIK3R3;IRS2;EFNA5;EFNA4;RASSF1;RPS6KA5;BCL2L11;SOCS1;MAPK7;CCND1;ERBB3;PLCG2;PIM1;MIR103A1;PAK4;APC2;PDGFRB;PDGFRA;PRKCB;RDX;PRKCA;EFNA3;EFNA2;SPRY2;MIR124-2;VIM;EZR;FGFR3;MET,0.1064516129032258
5,837,AGE-RAGE signaling pathway in diabetic complications,17/100,2.018970515006516e-06,Endocrine and metabolic disease,KEGG_2021_Human,8.02180249265982e-07,0.0,0.0,4.765794886864532,66.89237536291331,PRKCB;NOS3;MMP2;PRKCD;PIK3R3;PRKCA;NFATC1;PRKCZ;FOXO1;MAPK13;CDC42;DIAPH1;CCND1;PIM1;PLCG2;NOX4;PLCD1,0.17
5,837,Renal cell carcinoma,15/69,3.258196916376052e-07,Cancer: specific types,KEGG_2021_Human,1.280005931433449e-07,0.0,0.0,6.4574885104082185,102.48829143530692,HGF;PIK3R3;TGFA;ETS1;CDC42;RAP1B;PAK1;RAP1A;RAPGEF1;PAK6;PAK3;MET;PAK2;PAK5;PAK4,0.21739130434782608
5,837,JAK-STAT signaling pathway,24/162,1.844801181439433e-07,Signal transduction,KEGG_2021_Human,7.165076017197798e-08,0.0,0.0,4.069736349537409,66.95311320238012,PDGFRB;PDGFRA;CISH;CSH1;MPL;PDGFA;PIK3R3;CSF2RB;STAM;PRLR;EPOR;SOCS2;GHR;SOCS1;CCND1;IL3RA;PIM1;PTPN6;SOCS6;STAM2;SOCS7;JAK3;PTPN2;SOCS5,0.14814814814814814
5,837,Amoebiasis,19/102,1.04217098676679e-07,Infectious disease: parasitic,KEGG_2021_Human,4.0011921813367834e-08,0.0,0.0,5.339499808525054,90.9535116535804,RAB5B;RAB5C;LAMA2;PRKCB;LAMC3;ACTN1;PIK3R3;PRKCA;ACTN4;PTK2;GNA14;GNA15;MUC2;GNA11;GNAS;PRKACA;PRKACB;RAB5A;VCL,0.18627450980392157
5,837,GABAergic synapse,18/89,6.287379431276099e-08,Nervous system,KEGG_2021_Human,2.3858359449038767e-08,0.0,0.0,5.909921064850642,103.72579987272918,PRKCB;GNAI3;CACNA1A;PRKCA;GNG12;GNG11;GNAI1;GNAI2;GNAO1;GNG10;GNG2;GNG4;GNG7;GNB1;GNB4;GNB5;PRKACA;PRKACB,0.20224719101123595
5,837,PD-L1 expression and PD-1 checkpoint pathway in cancer,18/89,6.287379431276099e-08,Cancer: overview,KEGG_2021_Human,2.3858359449038767e-08,0.0,0.0,5.909921064850642,103.72579987272918,CSNK2A1;PTEN;NFATC3;PIK3R3;NFATC2;NFATC1;FOS;RASGRP1;MAPK13;PPP3CA;ZAP70;PPP3CB;PPP3R1;PPP3CC;LCK;PRKCQ;PTPN6;LAT,0.20224719101123595
5,837,Human papillomavirus infection,38/331,5.0412196841148455e-08,Infectious disease: viral,KEGG_2021_Human,1.867951936524697e-08,0.0,0.0,3.062958390821291,54.50791173542297,ITGB1;LAMA2;ITGB4;LAMC3;ITGA2B;PXN;PTEN;PIK3R3;PRKCZ;FOXO1;THBS3;PPP2CA;CDC42;PPP2CB;PARD6B;RELN;PARD6A;PPP2R1B;CCND1;PPP2R1A;EIF4EBP1;ITGAV;PRKACA;PRKACB;ATP6V0A1;APC2;MAGI1;PDGFRB;PRKCI;ITGA2;PPP2R5D;PPP2R3A;PTK2;PPP2R2C;PPP2R2B;PARD3;GNAS;ITGA6,0.1148036253776435
5,837,Salivary secretion,19/93,2.2370246641223777e-08,Digestive system,KEGG_2021_Human,8.189108145447989e-09,0.0,0.0,5.991723385977664,111.56865067606874,GUCY1A2;GUCY1B1;CALML5;CALML6;PRKCB;ITPR1;ITPR2;CALML3;PRKCA;ITPR3;CALML4;SLC9A1;GNAS;PRKG2;PRKACA;CALM1;PRKACB;CALM2;PRKG1,0.20430107526881722
5,837,Inositol phosphate metabolism,17/73,1.701634337145954e-08,Carbohydrate metabolism,KEGG_2021_Human,6.153231308429567e-09,0.0,0.0,7.073584494773519,133.7352290253711,INPPL1;PTEN;PIK3C2G;PIK3C2A;PIK3C2B;ITPKB;SYNJ1;PIP5KL1;INPP5D;PLCG2;PIP4K2A;PIP5K1A;PIP4K2B;PIP5K1B;PIP4K2C;PIP5K1C;PLCD1,0.2328767123287671
5,837,AMPK signaling pathway,22/120,1.3119170920772096e-08,Signal transduction,KEGG_2021_Human,4.685418185990034e-09,0.0,0.0,5.251408538875673,100.7157700896792,IRS1;INSR;PRKAG1;PIK3R3;PRKAG2;IRS2;PPP2R5D;SLC2A4;PPP2R3A;FOXO3;FOXO1;IGF1R;CAMKK2;PPP2CA;RAB10;PPP2CB;CCND1;PPP2R1B;PPP2R2C;PPP2R1A;PPP2R2B;EIF4EBP1,0.18333333333333332
5,837,Regulation of lipolysis in adipocytes,15/55,1.3119170920772096e-08,Endocrine system,KEGG_2021_Human,4.6438557577843854e-09,0.0,0.0,8.723996350364963,167.39360652329103,IRS1;INSR;PDE3B;GNAI3;PIK3R3;IRS2;GNAI1;TSHR;GNAI2;NPPA;GNAS;PRKG2;PRKACA;PRKACB;PRKG1,0.2727272727272727
5,837,Alcoholism,28/186,1.1810449238528952e-08,Substance dependence,KEGG_2021_Human,4.112567145559188e-09,0.0,0.0,4.16313310697689,80.38684636507824,SHC4;SHC3;CALML5;CALML6;GNAI3;CALML3;CALML4;GNAI1;CAMKK2;GNAI2;PPP1CB;GNG10;GNG2;GNG4;GNG7;PRKACA;PRKACB;GNG12;GNG11;PPP1CA;GNAO1;CAMK4;GNB1;GNAS;GNB4;GNB5;CALM1;CALM2,0.15053763440860216
5,837,Prolactin signaling pathway,17/70,8.976817887938019e-09,Endocrine system,KEGG_2021_Human,3.0857811489786934e-09,0.0,0.0,7.475149562816383,146.4864768985453,SHC4;SHC3;CISH;PIK3R3;CSN2;FOS;FOXO3;PRLR;ESR1;ESR2;MAPK13;SOCS2;SOCS1;CCND1;SOCS6;SOCS7;SOCS5,0.24285714285714285
5,837,Melanogenesis,21/101,2.8296601078777587e-09,Endocrine system,KEGG_2021_Human,9.600632508870967e-10,0.0,0.0,6.138832720588235,127.46685734107508,CAMK2B;CAMK2D;CALML5;CALML6;PRKCB;CAMK2A;GNAI3;CALML3;MITF;PRKCA;CALML4;GNAI1;GNAI2;GNAO1;KITLG;KIT;GNAS;PRKACA;CALM1;PRKACB;CALM2,0.2079207920792079
5,837,Serotonergic synapse,23/113,7.185271285118122e-10,Nervous system,KEGG_2021_Human,2.405782796356514e-10,0.0,0.0,5.987974337974338,132.62150948472424,PRKCB;TRPC1;ITPR1;GNAI3;CACNA1A;ITPR2;PRKCA;ITPR3;GNG12;GNG11;GNAI1;GNAI2;GNAO1;GNG10;GNG2;GNG4;GNG7;GNB1;GNAS;GNB4;GNB5;PRKACA;PRKACB,0.20353982300884957
5,837,Fc epsilon RI signaling pathway,18/68,6.940903126656422e-10,Immune system,KEGG_2021_Human,2.2929769257704247e-10,0.0,0.0,8.401318681318681,186.4756693582632,VAV3;SYK;PIK3R3;PRKCA;GAB2;VAV1;VAV2;MAPK13;INPP5D;RAC2;BTK;PLCG2;FCER1A;RAC3;LCP2;FYN;MS4A2;LAT,0.2647058823529412
5,837,Retrograde endocannabinoid signaling,27/148,2.9081486028017806e-10,Nervous system,KEGG_2021_Human,9.477448571630803e-11,0.0,0.0,5.245730027548209,121.068935706391,GRIA1;GRIA2;DAGLA;ITPR1;GNAI3;CACNA1A;ITPR2;ITPR3;GNAI1;GNAI2;GNG10;GNG2;GNG4;GNG7;PRKACA;PRKACB;GRIA3;PRKCB;PRKCA;GNG12;GNG11;MAPK13;GNAO1;GNB1;GNB4;GNB5;DAGLB,0.18243243243243243
5,837,Glucagon signaling pathway,23/107,2.3406392817287766e-10,Endocrine system,KEGG_2021_Human,7.523483405556782e-11,0.0,0.0,6.417705042705043,149.59931509716415,CAMK2B;CAMK2D;CALML5;CALML6;PDE3B;CAMK2A;ITPR1;PRKAG1;ITPR2;PRKAG2;CALML3;ITPR3;CALML4;FOXO1;PPP3CA;PPP3R1;PPP3CB;PPP3CC;GNAS;PRKACA;CALM1;PRKACB;CALM2,0.21495327102803738
5,837,Arrhythmogenic right ventricular cardiomyopathy,20/77,1.0560894450425146e-10,Cardiovascular disease,KEGG_2021_Human,3.3474263659829697e-11,0.0,0.0,8.20545856685778,197.91766458046888,ITGB1;DSP;ACTN3;LAMA2;JUP;ITGB4;ACTN2;ITGA2;ITGA2B;ACTB;ACTG1;GJA1;CDH2;DAG1;CTNNA1;ITGAV;ITGA6;CTNNA3;CTNNA2;CACNG3,0.2597402597402597
5,837,Lipid and atherosclerosis,34/215,7.24067289715239e-11,Cardiovascular disease,KEGG_2021_Human,2.2627102803601216e-11,0.0,0.0,4.440447768382378,108.84369038103486,CAMK2B;CAMK2D;CALML5;NCF1;CALML6;NCF4;CAMK2A;ITPR1;PIK3R3;CALML3;CALML4;RAP1B;CDC42;PPP3CA;PPP3R1;PPP3CB;PPP3CC;RAP1A;MAP3K5;VAV3;HSP90AA1;NOS3;NFATC3;NFATC2;PRKCA;NFATC1;CYBA;FOS;PTK2;VAV1;VAV2;MAPK13;CALM1;CALM2,0.15813953488372093
5,837,"Growth hormone synthesis, secretion and action",25/119,6.249658286681598e-11,Endocrine system,KEGG_2021_Human,1.925117954379599e-11,0.0,0.0,6.245742060580652,154.10399683775458,SHC4;SHC3;IRS1;CSH1;ITPR1;GNAI3;ITPR2;PIK3R3;IRS2;ITPR3;GNAI1;GNAI2;SOCS2;GHR;SOCS1;GNA11;PLCG2;PRKACA;PRKACB;PRKCB;PRKCA;FOS;PTK2;MAPK13;GNAS,0.21008403361344538
5,837,Hippo signaling pathway,30/163,2.244436735077558e-11,Signal transduction,KEGG_2021_Human,6.813468660056873e-12,0.0,0.0,5.319059731112168,136.76430090957996,YAP1;YWHAB;PRKCZ;AREG;ACTB;ACTG1;PPP1CB;PPP2CA;PPP2CB;RASSF1;PAK1;PARD6B;PARD6A;CCND1;PPP2R1B;YWHAQ;CDH1;PPP2R1A;CTNNA1;CTNNA3;CTNNA2;APC2;PRKCI;YWHAZ;PPP1CA;LATS1;PPP2R2C;PPP2R2B;PARD3;NF2,0.18404907975460122
5,837,Natural killer cell mediated cytotoxicity,27/131,1.6242146479843404e-11,Immune system,KEGG_2021_Human,4.858142027453161e-12,0.0,0.0,6.108653846153846,159.1326626563267,SHC4;SHC3;PIK3R3;PPP3CA;PPP3R1;PPP3CB;PAK1;PPP3CC;PLCG2;RAC2;RAC3;PTK2B;FYN;VAV3;SYK;PRKCB;KIR2DS2;NFATC2;PRKCA;NFATC1;VAV1;VAV2;ZAP70;LCK;LCP2;PTPN6;LAT,0.20610687022900764
5,837,Osteoclast differentiation,27/127,7.58849095370474e-12,Development and regeneration,KEGG_2021_Human,2.2358946560022894e-12,0.0,0.0,6.354333333333333,170.4637585779865,SPI1;NCF1;NCF4;SIRPG;PIK3R3;PPP3CA;PPP3R1;PPP3CB;SOCS1;PPP3CC;PLCG2;BLNK;SIRPA;FYN;SYK;NFATC2;CYBA;MITF;NFATC1;FOS;GAB2;MAPK13;TEC;LCK;CAMK4;BTK;LCP2,0.2125984251968504
5,837,Endocrine and other factor-regulated calcium reabsorption,18/53,7.24715903400584e-12,Excretory system,KEGG_2021_Human,2.1029702554034802e-12,0.0,0.0,12.011302982731554,322.95595523215934,PRKCB;CLTC;CLTB;AP2A1;PRKCA;KLK2;AP2B1;AP2A2;ESR1;DNM1;DNM2;DNM3;CLTCL1;AP2S1;GNAS;PRKACA;PRKACB;AP2M1,0.33962264150943394
5,837,FoxO signaling pathway,19/131,5.359686424924185e-06,Signal transduction,KEGG_2021_Human,2.2491541247449706e-06,0.0,0.0,3.95093651763884,51.38175698113357,HOMER1;IRS1;INSR;AGAP2;PRKAG1;PTEN;PIK3R3;PRKAG2;IRS2;SLC2A4;FOXO3;STK4;FOXO1;IGF1R;MAPK13;BCL2L11;CCND1;S1PR1;SGK1,0.1450381679389313
5,837,Progesterone-mediated oocyte maturation,16/100,9.051706148263835e-06,Endocrine system,KEGG_2021_Human,3.83889323252261e-06,0.0,0.0,4.42642538135839,55.1989695280641,HSP90AA1;PDE3B;GNAI3;PIK3R3;GNAI1;IGF1R;GNAI2;MAPK13;MOS;RPS6KA3;RPS6KA6;RPS6KA2;RPS6KA1;PGR;PRKACA;PRKACB,0.16
5,837,Nervous System Development R-HSA-9675108,180/545,1.179592029378702e-111,Developmental Biology,Reactome_2022,3.625795172270601e-114,0.0,0.0,14.10996434603115,3685.6161936236017,EPHB6;TRIO;PLXND1;NAB1;ITSN1;ITGA2B;PITPNA;IRS2;ARHGAP35;ACTG1;RPS6KA4;RPS6KA3;RPS6KA6;SYNGAP1;RPS6KA5;DPYSL4;DPYSL5;DPYSL2;RPS6KA2;RPS6KA1;GRB10;DAG1;NRTN;EPHB2;PRKACB;EPHB1;AP2M1;EPHB4;SH3GL2;EPHB3;EPHA5;EPHA4;EPHA7;UNC5A;UNC5B;EPHA8;SEMA6D;ADAM10;PRKCA;UNC5C;TIAM1;DOK1;MYL6;MAG;DOK2;DOK4;DOK5;DOK6;PRKCQ;EZR;PFN1;TLN1;MYL9;NGEF;EPHA3;EPHA2;GRB7;SHC3;EPHA10;ARHGEF28;AGAP2;PIK3R3;EFNA5;KALRN;EFNA4;MYL12A;EFNB2;EFNB1;SDCBP;EFNB3;RRAS;FLRT3;PRKAR2A;CLTCL1;PLXNA2;PLXNA1;MYH14;MYH11;PIP5K1C;SRGAP2;SRGAP1;MYH10;PLXNA4;SPTBN1;PLXNA3;VASP;YES1;CNTN6;RDX;MSN;ARPC5;L1CAM;PTK2;EFNA3;EFNA2;ARPC2;CDK5;ARPC3;PTPRA;ARTN;FES;CNTN2;PLXNB1;FGFR1;RET;ITGB1;ROBO3;NRP2;SH3KBP1;ARPC1B;ARPC1A;CLTC;CLTB;AP2A1;WASL;AP2A2;RND1;PPP3CB;NCK2;ITGAV;NEO1;SPTAN1;GIT1;NCK1;ACTR3;CAP1;VAV3;ACTR2;HSP90AA1;TRPC6;TRPC3;DCC;ITGA2;TRPC1;MMP2;GAB2;GFRA3;RGMB;RHOC;DNM1;RGMA;RHOB;VAV2;DNM2;ENAH;DNM3;GAP43;NUMB;MYH9;EVL;ARHGEF7;DOCK1;SHANK3;YAP1;LAMA2;SEMA3A;CXCR4;SEMA3E;AKAP5;NTN1;CDC42;ABLIM2;RELN;MAPK7;ABLIM3;AP2S1;FYN;NCAM1;SLIT3;PAK4;FARP2;MYO10;LIMK2;LIMK1;RANBP9;MYO9B;AP2B1;MAPK13;PKN1;CDK5R1,0.3302752293577982
5,837,Signaling By Receptor Tyrosine Kinases R-HSA-9006934,195/496,1.704784017467164e-138,Signal Transduction,Reactome_2022,3.493409871858943e-141,0.0,0.0,19.033595181171798,6155.723915584575,CYFIP2;CYFIP1;NCKAP1;AHCYL1;RPS6KA3;SYNGAP1;RPS6KA5;PPP2R1B;PPP2R1A;RPS6KA2;RPS6KA1;PRKACB;MEF2C;PRKCB;PRKCD;FLT3LG;PRKCA;TIAM1;ARC;CDC37;GRB7;SH2D2A;PDGFA;PIK3R3;TGFA;PRKCZ;FLRT3;PDGFD;PDGFC;NCKAP1L;RALGDS;PAG1;ATP6V0A1;YES1;JUP;INSR;IGF2;PTK6;STAM;PTK2;RANBP10;GRAP;CALM1;PTPRU;NRP2;PTPRS;SH3KBP1;CLTC;AP2A1;PTPRJ;SHB;AREG;AP2A2;JAK3;VAV3;DUSP3;EPS15L1;FOS;GAB2;VAV1;DUSP7;VAV2;KIT;RAPGEF1;ARHGEF7;SGK1;ARF6;HBEGF;YAP1;ASCL1;PPP2CA;PPP2CB;AP2S1;CTNNA1;MEF2D;EPS15;KIDINS220;ERBIN;RANBP9;AP2B1;KITLG;RIT2;ABI2;ABI1;PKN1;CDK5R2;CDK5R1;SH3GL3;NCF1;IRS1;NAB1;NCF4;IRS2;IGF1R;CDH5;GRB10;AP2M1;SH3GL2;SH3GL1;PDGFRB;USP8;PDGFRA;MATK;ADAM10;CYBA;PGF;RNF41;MAPKAPK3;HGS;MAPKAPK2;ELMO1;ELMO2;PGR;STAM2;SHC3;ITPR1;ITPR2;ITPR3;STK4;RAP1B;RAP1A;SOCS1;THEM4;SOCS6;MAP2K5;RAB4A;ADAP1;ESR1;DIAPH1;FER;CDK5;FES;FGF13;FGFR4;FGFR3;FGFR2;FGFR1;ITGB1;PRR5;DOCK3;FLT3;LAMC3;YWHAB;FLT4;DOCK7;PDE3B;BRK1;SPRED2;SPRED1;NCK2;ITGAV;NCK1;HSP90AA1;ITGA2;NRG1;PPP2R5D;NGF;DNM1;EPN1;DNM2;DNM3;VGF;LCK;DOCK1;RALA;RALB;LAMA2;SRF;THBS3;CDC42;MAPK7;ERBB3;MKNK1;PTK2B;CSK;FYN;WASF1;AAMP;SH2B3;WASF2;SH2B2;WASF3;NTRK1;PTPN1;PTPN18;NTRK3;PTPN12;BAIAP2;MAPK13;TEC;SPRY2;PTPN6;SPRY1;PTPN2;PTPN3,0.39314516129032256
5,837,Transmembrane Receptor Protein Tyrosine Kinase Signaling Pathway (GO:0007169),110/284,8.989810388449902e-74,cellular process,GO_Biological_Process_2023,2.9846648036022248e-77,0.0,0.0,16.512434979209157,2909.5829303082,EPHB6;IRS1;IRS2;IGF1R;GRB14;GRB10;EPHB2;EPHB1;EPHB4;EPHB3;EPHA5;PDGFRB;EPHA4;PDGFRA;EPHA7;EPHA8;HGF;PRLR;PGF;TIAM1;DOK2;DOK4;MAPKAPK3;DOK5;DOK6;MAPKAPK2;EPHA3;NGEF;EPHA2;BLK;SHC4;GRB7;SHC3;EPHA10;STXBP4;ARHGEF28;CSH1;PXN;PDGFA;PIK3R3;EFNA5;KALRN;EFNA4;FOXO1;RASGRP4;EFNB2;SOCS2;EFNB1;EFNB3;FLRT3;PDGFD;PDGFC;SRMS;YES1;CAV2;INSR;IGF2;PTK6;PTK2;NFATC4;EFNA3;FER;EFNA2;FGFR4;FGFR3;FGFR2;FGFR1;RET;FLT3;FLT4;PTPRJ;PIK3C2A;GHR;BLNK;APPL1;SYK;MMP2;NRG1;NGF;VAV1;VAV2;FGR;CNKSR1;HCK;ZAP70;LCK;RASA1;KIT;RAPGEF1;LCP2;ARHGEF7;MET;RHOQ;PAK1;ERBB3;PTK2B;ALKAL2;SHOC2;FYN;ALKAL1;PAK3;PAK2;SH2B2;NTRK1;NTRK3;SORBS1;BAIAP2;TEK;PTPN2;CDK5R1,0.3873239436619718
5,837,Protein Phosphorylation (GO:0006468),120/500,1.8110637691055255e-54,cellular process,GO_Biological_Process_2023,1.2025655837354089e-57,0.0,0.0,8.272627174631138,1084.234450545675,EPHB6;MYLK2;MYLK3;IGF1R;RPS6KA4;RPS6KA3;RPS6KA5;RPS6KA1;PIM1;MAP3K9;PRKACA;MAP3K6;EPHB2;PRKACB;EPHB1;EPHB4;MAP3K5;EPHB3;EPHA5;PDGFRB;EPHA4;PDGFRA;PRKCI;EPHA7;PRKCH;CSNK2A1;PRKCB;EPHA8;DAPK2;PRKCD;ADAM10;PRKCA;UHMK1;PRKAR1B;MAPKAPK3;MAPKAPK2;BTK;ULK2;PRKCQ;EPHA3;BLK;EPHA10;CSF2RB;STK4;PRKCZ;GRK3;GRK2;GRK5;GRK6;MARK3;MARK1;SRMS;INSR;PTK6;BMX;PTK2;FER;CDK5;FES;MAP3K13;FGFR4;FGFR3;MAP3K11;FGFR2;MAP3K12;FGFR1;FLT3;FLT4;PRKAG1;PRKAG2;ILK;PPP3CB;PRKG2;JAK3;PRKG1;MAP4K1;MAP4K2;SYK;YWHAZ;FGR;LATS1;HCK;ZAP70;LCK;KIT;PICK1;SGK1;CAMK2B;CAMK2D;PKN3;CAMK2A;PRKX;CAMKK2;PAK1;RELN;MKNK1;MKNK2;PAK6;PTK2B;CSK;FYN;MAP4K5;PAK3;MAPK6;PAK2;MAP4K3;PAK4;NTRK1;LIMK2;LIMK1;MAPK13;MOS;ABI2;TAOK3;CAMK4;TAOK2;PTPN6;PKN1;TEK;CDK5R1,0.24
5,837,Cell-Substrate Junction (GO:0030055),102/395,5.314545991242378e-50,cellular anatomical structure,GO_Cellular_Component_2023,4.047030853727198e-52,0.0,0.0,8.937521766385736,1057.634520286273,CYFIP1;NCKAP1;ARPC5L;ACTB;ACTG1;PPP1CB;GJA1;CDH2;DAG1;CAPN2;CHP1;CAPN1;PDGFRB;ACTN3;ACTN2;ACTN1;ADAM10;ACTN4;TLN2;EZR;PFN1;TLN1;VCL;EPHA2;GRB7;PXN;IQGAP1;SLC9A1;EFNB2;RRAS;PRKAR2A;PIP5K1A;PIP5K1C;VASP;YES1;JUP;CAV3;CAV2;RDX;MSN;ARPC5;L1CAM;PTK2;ARPC2;ARPC3;PTPRA;FES;FGFR3;ITGB1;ARF1;ITGB4;YWHAB;ARPC1B;CLTC;SNAP23;DOCK7;ILK;YWHAQ;RAC2;FLOT1;FLOT2;ITGAV;GIT1;ACTR3;ACTR2;PDCD6IP;PPP1R12A;ITGA2;RHOG;RRAS2;YWHAZ;RHOB;DNM2;ENAH;HCK;CTTN;NUMB;MYH9;EVL;ITGA6;ARHGEF2;ARHGEF7;ARF6;RALA;ASAP3;CXCR4;CDC42;GNA13;GNA12;CTNNA1;FLNA;PTK2B;FLNB;FLNC;PAK4;GIT2;GSN;ERBIN;SORBS1;RAB10;ZYX;VIM,0.2582278481012658
5,837,Focal Adhesion (GO:0005925),101/387,5.314545991242378e-50,cellular anatomical structure,GO_Cellular_Component_2023,4.484848937757281e-52,0.0,0.0,9.057545036485251,1070.9072439341337,CYFIP1;NCKAP1;ARPC5L;ACTB;ACTG1;PPP1CB;GJA1;CDH2;DAG1;CAPN2;CHP1;CAPN1;PDGFRB;ACTN3;ACTN2;ACTN1;ADAM10;ACTN4;TLN2;EZR;PFN1;TLN1;VCL;EPHA2;GRB7;PXN;IQGAP1;SLC9A1;EFNB2;RRAS;PRKAR2A;PIP5K1A;PIP5K1C;VASP;YES1;JUP;CAV3;CAV2;RDX;MSN;ARPC5;L1CAM;PTK2;ARPC2;ARPC3;PTPRA;FES;FGFR3;ITGB1;ARF1;ITGB4;YWHAB;ARPC1B;CLTC;SNAP23;DOCK7;ILK;YWHAQ;RAC2;FLOT1;FLOT2;ITGAV;GIT1;ACTR3;ACTR2;PDCD6IP;PPP1R12A;ITGA2;RHOG;RRAS2;YWHAZ;RHOB;DNM2;ENAH;HCK;CTTN;NUMB;MYH9;EVL;ITGA6;ARHGEF2;ARHGEF7;ARF6;RALA;ASAP3;CXCR4;CDC42;GNA13;GNA12;CTNNA1;FLNA;PTK2B;FLNB;FLNC;PAK4;GIT2;GSN;SORBS1;RAB10;ZYX;VIM,0.26098191214470284
5,837,Phosphorylation (GO:0016310),100/429,1.1114771456573968e-43,cellular process,GO_Biological_Process_2023,1.1070489498579651e-46,0.0,0.0,7.767462769050574,821.9312887620305,DGKG;EPHB6;DGKD;DGKA;MYLK3;RPS6KA4;RPS6KA5;RPS6KA1;PIM1;MAP3K9;PRKACA;MAP3K6;EPHB2;PRKACB;EPHB1;MAP3K5;EPHB3;EPHA5;EPHA4;PRKCI;EPHA7;PRKCH;CSNK2A1;PRKCB;EPHA8;DAPK2;PRKCD;ADAM10;PRKCA;DGKZ;PRKAR1B;MAPKAPK2;BTK;PRKCQ;EPHA3;EPHA10;CSF2RB;STK4;PRKCZ;GRK3;GRK2;GRK5;GRK6;MARK3;MARK1;TNK2;INSR;PTK6;BMX;PTK2;FER;CDK5;MAP3K13;MAP3K11;MAP3K12;FGFR1;PRR5;PRKAG1;PRKAG2;ILK;PPP3CB;PRKG2;JAK3;PRKG1;MAP4K1;MAP4K2;SYK;YWHAZ;FGR;LATS1;HCK;ZAP70;LCK;PICK1;SGK1;CAMK2B;CAMK2D;PKN3;CAMK2A;CAMKK2;PAK1;MKNK1;MKNK2;PAK6;PTK2B;CSK;FYN;MAP4K5;PAK3;MAPK6;PAK2;MAP4K3;PAK4;NTRK1;LIMK2;LIMK1;TAOK3;CAMK4;TAOK2;PKN1,0.2331002331002331
5,837,Protein Modification Process (GO:0036211),128/711,1.2134786288846384e-43,cellular process,GO_Biological_Process_2023,1.6115254035652568e-46,0.0,0.0,5.753616211076892,606.6712648401713,EPHB6;MYLK3;PPP1CB;RPS6KA4;RPS6KA5;PPP2R1B;PPP2R1A;RPS6KA1;PIM1;MAP3K9;PRKACA;MAP3K6;EPHB2;PRKACB;EPHB1;MAP3K5;EPHB3;EPHA5;EPHA4;PRKCI;EPHA7;PRKCH;CSNK2A1;PRKCB;EPHA8;DAPK2;PRKCD;ADAM10;PRKCA;PRKAR1B;MAPKAPK2;BTK;PRKCQ;EPHA3;EPHA10;DAPP1;CSF2RB;STK4;PRKCZ;PPP3R1;GRK3;GRK2;GRK5;GRK6;MARK3;MARK1;YES1;INSR;PTK6;BMX;PTK2;SSH1;PTPRB;FER;CDK5;PTPRA;MAP3K13;MAP3K11;MAP3K12;FGFR1;PTPRU;PTPRR;PTPRS;PTPRO;PRKAG1;PTEN;PRKAG2;ILK;PTPRJ;DUSP16;PPP3CA;PPP3CB;PPP3CC;PRKG2;JAK3;PRKG1;DSP;MAP4K1;MAP4K2;PPP1R12A;SYK;PPP2R5D;YWHAZ;FGR;LATS1;HCK;ZAP70;LCK;PICK1;SGK1;CAMK2B;CAMK2D;PKN3;CAMK2A;CAMKK2;PPP2CA;PPP2CB;PAK1;MKNK1;MKNK2;PAK6;PTK2B;CSK;FYN;MAP4K5;PAK3;MAPK6;PAK2;MAP4K3;PAK4;NTRK1;PTPN1;PTPN18;LIMK2;LIMK1;WWP2;PTPN12;PPP2R3A;PTPN13;PPP1CA;TAOK3;CAMK4;TAOK2;PTPN6;PKN1;PTPN7;PTPN5;PTPN3,0.180028129395218
5,837,Axon Guidance (GO:0007411),60/149,1.278923291378959e-40,cellular process,GO_Biological_Process_2023,2.1230466324351912e-43,0.0,0.0,16.54939048197475,1626.1150881734943,CYFIP2;EPHB6;RET;CYFIP1;ROBO3;TRIO;PLXND1;PTPRO;ARHGAP35;RPS6KA5;DPYSL5;DAG1;RAC3;EPHB2;EPHB1;NEO1;EPHB3;EPHA5;EPHA4;EPHA7;UNC5A;EPHA8;UNC5B;DCC;SEMA6D;UNC5C;ENAH;GAP43;PRKCQ;EPHA3;EPHA10;ARHGEF25;SEMA3A;SEMA3E;EFNA5;EFNA4;KALRN;NTN1;NTN3;EFNB2;EFNB1;EFNB3;RELN;PLXNA2;SLIT1;PLXNA1;FYN;NCAM1;PLXNA4;PLXNA3;VASP;CNTN6;SEMA4F;L1CAM;PTK2;EFNA3;EFNA2;CNTN2;PLXNB1;CDK5R1,0.40268456375838924
5,837,Axonogenesis (GO:0007409),66/188,1.8664949781112644e-40,cellular process,GO_Biological_Process_2023,3.718117486277419e-43,0.0,0.0,13.360400586846971,1305.2836350922614,CYFIP2;EPHB6;RET;CYFIP1;ROBO3;TRIO;DOCK7;PTPRO;PTEN;ARHGAP35;PPP3CB;RPS6KA5;DPYSL5;DAG1;EPHB2;EPHB1;NEO1;EPHB3;EPHA5;EPHA4;EPHA7;HSP90AA1;EPHA8;DCC;APLP2;SEMA6D;UNC5C;ENAH;MAP1B;PARD3;ULK2;PRKCQ;EPHA3;EPHA10;ARHGEF25;SEMA3A;SEMA3E;EFNA5;EFNA4;KALRN;NTN3;EFNB2;EFNB1;PARD6B;EFNB3;RELN;SLIT1;SLITRK5;FYN;CTNNA2;PAK3;PLXNA3;VASP;CNTN6;SEMA4F;L1CAM;BAIAP2;PTK2;RAB10;EFNA3;EFNA2;CDK5;TAOK2;CNTN2;FGFR2;CDK5R1,0.35106382978723405
5,837,Ras Protein Signal Transduction (GO:0007265),56/144,6.102671501032751e-37,cellular process,GO_Biological_Process_2023,1.4182835493768012e-39,0.0,0.0,15.54242812245373,1390.2915081756346,CYFIP1;NCKAP1;RASGRF2;RASGRF1;ARHGAP1;BRK1;ARHGAP5;ARHGAP35;ARHGAP4;RASSF1;ARHGDIA;RAC3;USP8;DBNL;KSR1;RHOG;RRAS2;RHOD;RHOB;CNKSR2;TIAM1;DOK2;MRAS;DOK4;DOK5;DOK6;ELMO1;ARHGEF3;RAPGEF1;RAPGEF4;RALA;RALB;WAS;PLD1;RASGRP2;RASGRP1;NTN1;RASGRP4;RAP1B;GNA13;RAP1A;RRAS;GNA12;SHOC2;WASF1;RALGDS;BRAP;FARP2;NGFR;LIMK1;MYO9B;RIT1;RIT2;GNB1;NF1;GRAP,0.3888888888888889
5,837,Protein Autophosphorylation (GO:0046777),57/162,7.168551264592655e-35,cellular process,GO_Biological_Process_2023,1.9039976798386867e-37,0.0,0.0,13.263809523809524,1121.4775471933233,MYLK2;FLT3;FLT4;IGF1R;PIM1;MAP3K9;EPHB1;EPHB4;EPHB3;PDGFRB;MAP4K1;EPHA4;PDGFRA;EPHA8;DAPK2;UHMK1;FGR;HCK;MAPKAPK3;LCK;MAPKAPK2;KIT;ULK2;CAMK2B;CAMK2D;CAMK2A;PRKX;STK4;CAMKK2;PAK1;GRK5;MKNK1;MKNK2;PTK2B;FYN;MARK3;PAK2;NTRK1;SRMS;INSR;PTK6;BMX;PTK2;MOS;FER;TAOK3;FES;CAMK4;TAOK2;TEK;FGFR4;MAP3K13;FGFR3;FGFR2;MAP3K11;FGFR1;MAP3K12,0.35185185185185186
5,837,Protein Kinase Binding (GO:0019901),96/511,1.0065281214964526e-33,binding,GO_Molecular_Function_2023,2.27721294456211e-36,0.0,0.0,5.852748646407492,480.3357313308138,ITGB1;PTPRR;IRS1;CLTC;PDE3B;PRKAG1;PRKAG2;PEBP1;ILK;AP2A1;PTPRJ;DUSP16;AP2A2;ACTB;PPP1CB;GHR;SPRED3;CDH5;SPRED2;SPRED1;DUSP10;CCND1;BLNK;PRKG2;RAC3;SIRPA;ITGAV;PRKACA;APPL1;DSP;PDGFRB;EPHA4;MAP4K2;HSP90AA1;DUSP3;PPP1R12A;PRKCB;PRKCD;RHOG;ADAM10;UNC5C;MAPK8IP3;YWHAZ;DNM1;MAPK8IP1;CNKSR2;ACTA2;FGR;LATS1;PRKAR1B;MAPKAPK3;PRKAR1A;LCK;MAPKAPK2;PICK1;MAPT;EZR;ARHGEF7;GRB7;AGAP2;WAS;IQGAP1;FOXO3;CDC42;SOCS1;MAPK7;GRK5;PRKAR2B;PRKAR2A;PLCG2;CSK;SH2B3;PAK2;MAPK4;MAP3K2;PTPN1;CAV2;MSN;ESR1;PTK2;NBEA;TAOK2;NOX4;SPRY2;PTPN6;PKN1;MAP3K13;CALM1;PTPN5;CALM2;MAP3K11;PTPN2;CDK5R2;MAP3K12;CDK5R1;TJP2,0.18786692759295498
5,837,Regulation Of Cell Migration (GO:0030334),88/434,1.696143101526576e-33,biological regulation,GO_Biological_Process_2023,5.0681566778682535e-36,0.0,0.0,6.389621614947097,519.285099244769,RET;ITGB1;PTPRU;PLXND1;FLT4;PTEN;PTPRJ;CLDN1;MYLK;ARHGAP4;ACTG1;IGF1R;CDH5;PPP3CA;DUSP10;CDH1;PIP5KL1;DAG1;EPHB2;APPL1;PDGFRB;EPHA4;PDGFRA;DUSP3;SEMA6D;APLP2;HGF;MAGI2;ADAM10;PRKCA;MITF;ACTN4;RHOC;RHOD;RNF41;RHOB;FGR;TIAM1;SPATA13;KIT;NUMB;ITGA6;SGK1;VCL;HBEGF;EPHA2;CAMK2B;GRB7;CAMK2A;PDGFA;PIK3R3;TWIST1;CXCR4;SEMA3E;PRKX;FOXO3;CDC42;SDCBP;PARD6B;PAK1;RELN;PDGFD;PDGFC;GNA12;PLXNA2;FLNA;PLXNA1;PTK2B;STX4;FYN;SRGAP3;CTNNA2;SRGAP1;PLXNA4;PLXNA3;NGFR;NTRK3;INSR;RDX;SEMA4F;PTK2;FER;MYO1C;SNAI1;NF1;SPRY2;PLXNB1;NF2,0.20276497695852536
5,837,Regulation Of Intracellular Signal Transduction (GO:1902531),73/297,2.5439231257038458e-33,biological regulation,GO_Biological_Process_2023,8.445959912695371e-36,0.0,0.0,8.078645054225879,652.4263265376771,TRIO;DOCK3;DOCK8;FLT4;RASGRF2;ITSN1;ARHGAP1;PTEN;ARHGAP5;ARHGAP35;ARHGAP4;PREX2;PREX1;AKAP13;SPRED1;MCF2L;ITGAV;VAV3;ARHGEF15;DAPK2;ARAP1;RHOD;VAV1;VAV2;RNF41;TIAM2;TIAM1;ARHGEF9;OBSCN;SPATA13;ARHGEF3;ARHGEF4;RHOU;ARHGEF2;MAPT;EZR;SGK1;DOCK2;NGEF;PHLPP1;ARHGEF25;ARHGEF28;AKAP5;STK4;KALRN;FGD1;GNAI1;FGD3;GNA13;FGD5;PAK1;RRAS;GNA12;PLCG2;PIP5K1A;PAK6;PIP5K1B;PIP5K1C;SRGAP3;PAK3;PAK2;PAK4;NTRK1;NTRK3;MYO9B;PTPN13;ARHGAP31;RIT2;TAOK3;GRAP;NF2;TEK;CALM2,0.24579124579124578
5,837,Protein Tyrosine Kinase Activity (GO:0004713),45/99,2.6136934129128285e-33,catalytic activity,GO_Molecular_Function_2023,1.182666702675488e-35,0.0,0.0,20.106271043771045,1617.0007339284862,BLK;RET;ITK;FLT3;FLT4;IGF1R;CAMKK2;RPS6KA5;ERBB3;PTK2B;CSK;FYN;EPHB2;JAK3;EPHB4;PDGFRB;NTRK1;EPHA4;PDGFRA;EPHA7;SRMS;YES1;SYK;INSR;TNK2;NTRK3;MATK;PTK6;BMX;PTK2;FGR;HCK;ZAP70;FER;TEC;FES;LCK;KIT;BTK;TEK;FGFR3;MET;FGFR2;EPHA2;FGFR1,0.45454545454545453
5,837,Insulin resistance,25/108,6.835578800858803e-12,Endocrine and metabolic disease,KEGG_2021_Human,1.9530225145310866e-12,0.0,0.0,7.077571369220725,190.82295211043896,IRS1;PRKAG1;PTEN;PIK3R3;PRKAG2;IRS2;SLC2A4;PRKCZ;FOXO1;PTPRF;PPP1CB;PTPA;RPS6KA3;RPS6KA6;RPS6KA2;RPS6KA1;PTPN1;PRKCB;NOS3;INSR;PRKCD;PPP1CA;TBC1D4;PPP1R3D;PRKCQ,0.23148148148148148
5,837,Ephrin Receptor Signaling Pathway (GO:0048013),32/43,4.46494333887929e-33,cellular process,GO_Biological_Process_2023,1.6306233973330738e-35,0.0,0.0,69.21106719367589,5543.911396552805,EPHB6;EPHA10;ARHGEF28;EFNA5;EFNA4;KALRN;EFNB2;EFNB1;PAK1;EFNB3;FYN;EPHB2;PAK3;EPHB1;EPHB4;EPHB3;EPHA5;EPHA4;EPHA7;YES1;EPHA8;MMP2;PTK2;TIAM1;EFNA3;EFNA2;RASA1;ARHGEF7;EPHA3;NGEF;CDK5R1;EPHA2,0.7441860465116279
5,837,Neuron Projection Guidance (GO:0097485),49/124,9.471876065016531e-33,cellular process,GO_Biological_Process_2023,3.773655802795431e-35,0.0,0.0,15.825922165820645,1254.4011113827205,CYFIP2;EPHB6;RET;CYFIP1;ROBO3;TRIO;PTPRO;ARHGAP35;RPS6KA5;DPYSL5;DAG1;EPHB2;EPHB1;NEO1;EPHB3;EPHA5;EPHA4;EPHA7;EPHA8;DCC;SEMA6D;UNC5C;ENAH;PRKCQ;EPHA3;EPHA10;ARHGEF25;SEMA3A;SEMA3E;EFNA5;EFNA4;KALRN;NTN3;EFNB2;EFNB1;EFNB3;RELN;SLIT1;FYN;PLXNA3;VASP;CNTN6;SEMA4F;L1CAM;PTK2;EFNA3;EFNA2;CNTN2;CDK5R1,0.3951612903225806
5,837,Protein Serine/Threonine Kinase Activity (GO:0004674),75/342,4.018032033624931e-31,catalytic activity,GO_Molecular_Function_2023,3.636228084728445e-33,0.0,0.0,6.96570232091775,520.29868492569,MYLK2;ILK;MYLK3;MYLK;RPS6KA4;RPS6KA3;RPS6KA6;RPS6KA5;RPS6KA2;RPS6KA1;PIM1;MAP3K9;PRKACA;MAP3K6;PRKACB;MAP3K4;MAP3K5;MAP4K1;MAP4K2;PRKCI;PRKCH;CSNK2A1;SYK;PRKCB;DAPK2;PRKCD;PRKCA;UHMK1;LATS1;MAPKAPK3;MAPKAPK2;ULK2;PRKCQ;SGK1;CAMK2B;CAMK2D;PKN3;CAMK2A;STK4;PRKCZ;CAMKK2;PAK1;GRK3;GRK2;MAPK7;GRK5;MKNK1;GRK6;MKNK2;PAK6;PTK2B;FYN;MAP4K5;PAK3;MAPK6;PAK2;MARK3;MAP4K3;MAPK4;BRD4;PAK4;MARK1;MAP3K2;LIMK2;LIMK1;MAPK13;MOS;TAOK3;CDK5;CAMK4;TAOK2;PKN1;MAP3K13;MAP3K11;MAP3K12,0.21929824561403508
5,837,Actin Cytoskeleton (GO:0015629),71/327,3.0271661135926317e-29,cellular anatomical structure,GO_Cellular_Component_2023,3.8318558399906733e-31,0.0,0.0,6.845611333224543,479.4446340803124,WIPF1;ARPC1B;ARPC1A;WASL;ACTB;MYLK3;MYLK;ACTG1;RND1;AKAP13;CDH2;CDH1;CFL2;RAC2;CAPN2;FLOT1;FLOT2;SPTAN1;APC2;ACTR3;ACTR2;DBNL;PPP1R12A;ACTN3;ACTN2;TPM3;ACTN1;ACTN4;FGR;HCK;ACTA1;CTTN;BIN1;MYH9;AMPH;TLN2;EZR;EPHA3;RHOQ;WAS;IQGAP1;KALRN;NTN1;PAK1;SCIN;ABLIM2;ABLIM3;MYO6;FLNA;FLNB;WASF1;WASF2;SPTBN1;VASP;GSN;RDX;MYO5A;DSTN;MYO9B;ARPC5;BAIAP2;DIAPH1;DIAPH2;FER;MYO1C;ARPC2;ARPC3;TAOK2;ZYX;SPRY2;TEK,0.21712538226299694
5,837,Regulation Of MAPK Cascade (GO:0043408),57/204,5.703737469449443e-29,biological regulation,GO_Biological_Process_2023,2.461772480174063e-31,0.0,0.0,9.453270538984825,666.2594769249536,RET;FLT3;FLT4;PEBP1;PTPRJ;DUSP16;IGF1R;SPRED3;SPRED2;SPRED1;PPP2R1A;DAG1;EPHB1;MAP4K1;EPHA7;DUSP3;SYK;KSR1;EPHA8;DUSP9;YWHAZ;DUSP7;RNF41;DOK2;DOK4;DOK5;DOK6;KIT;EPHA2;PHLPP1;LPAR1;PDGFA;IQGAP1;STK4;RASGRP1;PAK1;RRAS;PLCG2;PAK6;PAK3;PAK2;PAK4;CAV3;CAV2;INSR;IGF2;MOS;RIT2;TAOK3;TAOK2;NF1;PTPN6;GRAP;TEK;FGFR3;FGFR2;FGFR1,0.27941176470588236
5,837,Enzyme-Linked Receptor Protein Signaling Pathway (GO:0007167),45/124,3.932883030614659e-28,cellular process,GO_Biological_Process_2023,1.828033281162192e-30,0.0,0.0,13.725546605293442,939.8473621398624,BLK;SHC4;RET;PTPRU;TRIO;SHC3;FLT3;FLT4;RASGRP4;PTPRF;ERBB3;NPPA;BLNK;ALKAL2;FYN;ALKAL1;JAK3;PDGFRB;NTRK1;PDGFRA;SRMS;YES1;SYK;INSR;NTRK3;PTK6;NGF;FGR;CNKSR1;HCK;ZAP70;DOK2;DOK4;DOK5;LCK;DOK6;RAPGEF1;LCP2;TEK;FGFR4;FGFR3;MET;FGFR2;EPHA2;FGFR1,0.3629032258064516
5,837,Guanyl-Nucleotide Exchange Factor Activity (GO:0005085),55/203,1.4260352005985932e-27,molecular function regulator activity,GO_Molecular_Function_2023,1.613161991627368e-29,0.0,0.0,9.036298126771271,599.0773918809801,DOCK6;TRIO;DOCK3;DOCK8;RASGRF2;ITSN1;DOCK7;RASGRF1;PREX2;PREX1;AKAP13;DOCK11;MCF2L;VAV3;ARHGEF15;ARHGEF16;ARHGEF18;RHOD;VAV1;VAV2;TIAM2;TIAM1;ARHGEF9;OBSCN;ALS2;SPATA13;ARHGEF3;RAPGEF1;ELMO1;ARHGEF4;RHOU;ARHGEF2;RIN1;ARHGEF7;DOCK2;DOCK1;NGEF;ARHGEF6;RAPGEF4;ARHGEF25;ARHGEF28;RASGRP2;KALRN;RASGRP1;FGD1;RASGRP4;FGD3;CYTH3;GNA13;CYTH2;FGD5;RAP1A;RALGDS;CYTH1;FARP2,0.270935960591133
5,837,Peptidyl-Tyrosine Phosphorylation (GO:0018108),34/67,5.475821247673739e-27,cellular process,GO_Biological_Process_2023,2.727002613383336e-29,0.0,0.0,24.5450771727235,1614.373038743149,BLK;FLT3;FLT4;IGF1R;RELN;PTK2B;FYN;EPHB2;JAK3;PDGFRB;NTRK1;EPHA4;PDGFRA;SRMS;SYK;INSR;PTK6;PRLR;PTK2;FGR;HCK;ZAP70;FER;ABI2;LCK;FES;BTK;PTPN6;TEK;FGFR4;FGFR3;EPHA3;FGFR2;FGFR1,0.5074626865671642
5,837,Regulation Of Small GTPase Mediated Signal Transduction (GO:0051056),43/118,5.6434718822359606e-27,biological regulation,GO_Biological_Process_2023,2.9978602296074157e-29,0.0,0.0,13.783106633081443,905.2340442649548,TRIO;DOCK3;ARHGEF25;ARHGEF28;DOCK8;RASGRF2;ITSN1;RASGRF1;ARHGAP1;ARHGAP5;KALRN;ARHGAP35;FGD1;ARHGAP4;PREX2;FGD3;GNA13;PREX1;AKAP13;FGD5;RELN;MCF2L;ITGAV;SRGAP3;VAV3;ARHGEF15;MYO9B;ARAP1;RHOD;VAV1;VAV2;TIAM2;TIAM1;ARHGAP31;ARHGEF9;OBSCN;SPATA13;ARHGEF3;ARHGEF4;RHOU;ARHGEF2;DOCK2;NGEF,0.3644067796610169
5,837,Peptidyl-Tyrosine Modification (GO:0018212),30/54,2.57421409585072e-25,cellular process,GO_Biological_Process_2023,1.4529096822530625e-27,0.0,0.0,29.64529120198265,1831.96721241772,BLK;FLT3;FLT4;RELN;PTK2B;FYN;EPHB2;JAK3;PDGFRB;NTRK1;EPHA4;PDGFRA;SRMS;SYK;INSR;PTK2;FGR;HCK;ZAP70;FER;LCK;FES;BTK;PTPN6;TEK;FGFR4;FGFR3;EPHA3;FGFR2;FGFR1,0.5555555555555556
5,837,Small GTPase Mediated Signal Transduction (GO:0007264),39/112,1.4744704049695696e-23,cellular process,GO_Biological_Process_2023,8.811576125316152e-26,0.0,0.0,12.78040992893192,737.3164963262482,RALA;RALB;RGS19;RASGRF2;RASGRF1;ARHGAP1;PLD1;RASGRP2;RASGRP1;NTN1;RASGRP4;PLD2;RASSF1;RRAS;CHP1;SHOC2;RALGDS;BRAP;USP8;KSR1;TNK2;ARHGEF18;RRAS2;TIAM2;CNKSR2;TIAM1;DOK2;ARHGAP31;RIT1;MRAS;RIT2;DOK4;DOK5;DOK6;GNB1;NF1;RAPGEF1;GRAP;RAPGEF4,0.3482142857142857
5,837,Extrinsic Component Of Cytoplasmic Side Of Plasma Membrane (GO:0031234),31/77,3.3105884673718917e-21,cellular anatomical structure,GO_Cellular_Component_2023,5.587491084171968e-23,0.0,0.0,15.98411371237458,819.0088320652179,BLK;GNAZ;GNAI3;IQGAP1;GNAI1;GNAI2;GNA13;GNA14;GNA15;GNG2;GNA11;GNA12;FYN;JAK3;CYTH1;SRMS;YES1;SYK;PTK6;FGR;GNAO1;HCK;TIAM1;ZAP70;FER;LCK;FES;GNB1;GNAS;GNB4;GNB5,0.4025974025974026
5,837,Protein Dephosphorylation (GO:0006470),38/124,1.1399001566659123e-20,cellular process,GO_Biological_Process_2023,7.190605237932383e-23,0.0,0.0,10.549902494397069,537.9045214283185,PTPRU;PTPRR;PTPRS;PTPRO;PTEN;DAPP1;PTPRJ;DUSP16;PTPRF;PPP1CB;PPP2CA;PPP3CA;PPP2CB;PPP3R1;PPP3CB;DUSP10;PPP3CC;PPP2R1B;PPP2R1A;NCK1;PTPN1;PTPN18;DUSP3;PPP1R12A;PPP2R5D;PPP2R3A;PTPN12;PTPN13;SSH1;DUSP7;PPP1CA;PTPRB;PTPRA;PTPN6;PTPN7;PTPN5;PTPN2;PTPN3,0.3064516129032258
5,837,Positive Regulation Of Cell Migration (GO:0030335),55/272,1.4127160791112182e-20,biological regulation,GO_Biological_Process_2023,9.380584854656165e-23,0.0,0.0,6.14064138979575,311.45833607618266,RET;ITGB1;FLT4;CLDN1;MYLK;IGF1R;PPP3CA;CDH5;EPHB2;PDGFRB;EPHA4;PDGFRA;HGF;SEMA6D;ADAM10;PRKCA;ACTN4;RHOC;RHOD;FGR;TIAM1;KIT;NUMB;ITGA6;ARHGEF2;PFN1;ARHGEF7;DOCK1;EPHA2;HBEGF;GRB7;SEMA3A;PDGFA;PIK3R3;TWIST1;CXCR4;SEMA3E;CDC42;SDCBP;PAK1;PDGFD;PDGFC;PLCG2;PTK2B;NCKAP1L;STX4;INSR;NTRK3;RDX;SEMA4F;PTK2;FER;MYO1C;SNAI1;SPRY2,0.20220588235294118
5,837,Signal Transduction R-HSA-162582,486/2465,3.9155265498868796e-230,Signal Transduction,Reactome_2022,4.0118099896381957e-233,0.0,0.0,12.022855365957945,6433.587215277063,CYFIP2;CYFIP1;NCKAP1;TRIO;WIPF1;WIPF2;ITSN1;WIPF3;WDR83;MYLK;PREX2;PREX1;GJA1;SYNGAP1;PIP4K2A;PROK2;PIP4K2B;PIP4K2C;PRKACB;MEF2C;PRKCI;PRKCH;FNBP1;PRKCB;PRKCD;PRKCA;MYL6;PRKAR1B;DAAM1;PRKAR1A;PARD3;PRKCQ;MYL9;NGEF;PDGFA;IQGAP1;PRKCZ;ABR;PPP3R1;PRKAR2B;FLRT3;PDGFD;PRKAR2A;PDGFC;MYO6;PLCG2;PIP5K1A;PIP5K1B;NCKAP1L;PIP5K1C;ICOS;NGFR;SRMS;JUP;NFATC1;NOX3;SNAI1;STRN;RET;ARPC1B;ARPC1A;CLTC;PRKAG1;ARHGAP1;CLTB;PRKAG2;SHB;ARHGAP5;AREG;ARHGAP4;NEFL;JAK3;DUSP3;RRAS2;EPS15L1;FOS;DUSP9;DUSP7;APBB1IP;MRAS;CDC42EP5;RAPGEF1;RAPGEF4;ARF6;HBEGF;PHLPP2;PHLPP1;PKN3;ASCL1;FGD1;FGD5;AP2S1;FLNA;MEF2D;FARP2;KIDINS220;WWP2;DEF6;TAOK3;ABI2;ABI1;PKN1;DGKG;DGKD;NCF1;PLXND1;IRS1;NAB1;DGKA;NCF4;ITGA2B;IRS2;PPP1CB;CDH5;GRB10;AP2M1;USP8;TPM3;RALGAPA1;DGKZ;PGF;RNF41;MAG;OBSCN;MAPKAPK3;MAPKAPK2;PGR;SHC3;ITPR1;ITPR2;RASAL1;ITPR3;FOXO3;RASAL3;FOXO1;RAP1B;BCL2L11;RAP1A;SOCS1;EIF4EBP1;THEM4;PLXNA1;SOCS6;SRGAP2;SRGAP1;MAP2K5;RAB4A;ARPC5;ADAP1;ARPC2;NBEA;CDK5;ARPC3;PTPRA;NOXA1;NF1;PLXNB1;NF2;MAP3K11;ITGB1;DAGLA;FLT3;RASGRF2;FLT4;RASGRF1;SNAP23;PTEN;BRK1;ARRB1;ARRB2;DUSP16;DUSP10;NCK2;PRKG2;ITGAV;PRKG1;NCK1;ACTR3;ACTR2;HSP90AA1;PPP1R12A;TRPC6;KSR1;TRPC3;ITGA2;NRG1;KSR2;NGF;LCK;IL3RA;NUMB;EVL;PPP1R12B;DAGLB;SRF;CDC42;PARD6B;PARD6A;NHS;SLITRK5;FYN;CSK;WASF1;SH2B3;AAMP;WASF2;SH2B2;WASF3;NTRK1;PTPN1;LINGO1;PPP1R14A;PTPN18;NTRK3;SEMA4F;PTPN12;BAIAP2;PTPN13;PTPN6;PTPN7;PIK3AP1;PTPN2;PTPN3;AHCYL1;ZDHHC7;RPS6KA3;RPS6KA5;PPP2R1B;PPP2R1A;RPS6KA2;RPS6KA1;ACTN2;ACTN1;FLT3LG;UHMK1;TIAM2;TIAM1;ARC;CDC37;SPATA13;BTK;PFN1;TLN1;EPHA2;GRB7;BEX3;PDE1C;MAGED1;SH2D2A;PDE1A;LPAR1;LPAR2;TGFA;PIK3R3;KLK2;KALRN;GNG10;CD19;RALGDS;PAG1;SPTBN1;ATP6V0A1;YES1;INSR;IGF2;PTK6;STAM;GNG12;GNG11;PTK2;ARTN;RANBP10;PDE3A;GRAP;CALM1;PTPRU;NRP2;PTPRS;SH3KBP1;PTPRJ;AP2A1;WASL;AP2A2;PPP3CA;AKAP13;PPP3CB;PPP3CC;RAC2;SPTAN1;GIT1;VAV3;SYK;RHOG;GAB2;IL17RD;RHOC;GFRA3;RHOD;VAV1;VAV2;RHOB;CNKSR2;CNKSR1;ARHGEF9;CTTN;KIT;ARHGEF3;ARHGEF4;RHOU;ARHGEF2;ARHGEF7;SGK1;RHOQ;ARHGEF6;YAP1;GNAI3;WAS;NOXO1;CXCR4;PRKX;ZDHHC21;GNAI1;CAMKK2;GNAI2;PPP2CA;PPP2CB;CTNNA1;SHOC2;EPS15;PAK4;GIT2;ERBIN;RANBP9;MYO9B;AP2B1;PPP1CA;KITLG;RIT2;CAMK4;TRIP10;F2RL2;CDK5R2;TJP2;CDK5R1;SH3GL3;PEBP1;ARHGAP35;ACTG1;IGF1R;DOCK11;RGS3;CCND1;ARHGDIA;NRTN;SH3GL2;SH3GL1;PDGFRB;PDGFRA;MATK;ADAM10;CYBA;DOK1;HGS;ELMO1;ELMO2;STAM2;VCL;GNAZ;ARHGEF26;ARHGEF25;ARHGEF28;CSF2RB;RASGRP2;STK4;RASGRP1;RASGRP4;PLD2;NCKIPSD;GRK3;GRK2;GRK5;GRK6;MYH14;MYH11;RHPN2;MYH10;MARK3;CAV2;ESR1;ESR2;GNAO1;DIAPH1;ARHGAP31;DIAPH2;FER;FES;GNB1;GNB4;GNAS;GNB5;FGF13;FGFR4;FGFR3;FGFR2;FGFR1;PRR5;DOCK6;DOCK3;YWHAB;LAMC3;DOCK8;DOCK7;PDE3B;RND1;SPRED3;SPRED2;SPRED1;YWHAQ;MCF2L;FLOT1;FLOT2;PDE4A;ARHGEF15;MMP2;ARHGEF16;PDE4C;ARHGEF18;ARAP3;PPP2R5D;ARAP1;YWHAZ;EPN1;DNM1;DNM2;LATS1;ACTA2;DNM3;ARHGAP10;ZAP70;VGF;ALS2;RASA3;RASA4;RASA2;MYH9;DOCK2;DOCK1;CAMK2B;RALA;CAMK2D;RALB;RGS19;LAMA2;CAMK2A;THBS3;GNA13;GNA14;GNA15;GNG2;MAPK7;ERBB3;GNG4;MKNK1;GNG7;GNA11;GNA12;S1PR1;PTK2B;S1PR3;NCAM1;MAPK6;MAPK4;LIMK2;LIMK1;EPOR;TSHR;MAPK13;KISS1;FMNL1;TEC;ABHD17B;ABHD17A;SPRY2;SPRY1;TEK;VIM,0.1971602434077079
5,837,GTPase Regulator Activity (GO:0030695),86/424,4.713170528405078e-33,molecular function regulator activity,GO_Molecular_Function_2023,3.198984521541908e-35,0.0,0.0,6.377886683632868,506.5805182886688,DOCK6;TRIO;DOCK3;RASGRF2;DOCK8;ITSN1;RASGRF1;DOCK7;ARHGAP1;ARRB1;WASL;ARHGAP5;ARHGAP35;ARHGAP4;PREX2;PREX1;AKAP13;DOCK11;RGS3;MCF2L;SIRPA;GIT1;VAV3;ARHGEF15;RALGAPA1;ARHGEF16;ARAP3;ARHGEF18;ARAP1;RHOD;VAV1;VAV2;TIAM2;TIAM1;ARHGEF9;OBSCN;ALS2;TBC1D4;RASA4;RASA1;SPATA13;RAPGEF1;ARHGEF3;ELMO1;ARHGEF4;RHOU;ARHGEF2;RIN1;ARHGEF7;DOCK2;DOCK1;NGEF;RAPGEF4;ARHGEF6;ARHGEF25;ARHGEF28;AGAP2;WAS;ASAP3;IQGAP1;RASGRP2;KALRN;RASGRP1;FGD1;RASGRP4;FGD3;CYTH3;GNA13;CYTH2;FGD5;RAP1A;NCKAP1L;SRGAP3;SRGAP1;RALGDS;CYTH1;FARP2;GIT2;TNK2;MYO9B;ADAP1;ARHGAP31;NF1;PLXNB1;GNB5;SIPA1,0.2028301886792453
5,837,Regulation Of Cell Adhesion (GO:0030155),39/144,3.7497983418094923e-19,biological regulation,GO_Biological_Process_2023,2.8633918280749773e-21,0.0,0.0,8.870533476548514,419.5964589388481,RET;PLXND1;LAMA2;PDE3B;CXCR4;PTPRJ;PRKX;EFNA5;RND1;PPP1CB;PPP2CA;PPP3CA;ERBB3;PPP2R1A;PLXNA2;RAC2;PLXNA1;PTK2B;ITGAV;STX4;EPHB2;PLXNA4;CYTH1;EPHB3;PLXNA3;EPHA4;EPHA7;PPP1R12A;EPHA8;ADAM10;PRKCA;NRG1;RHOD;PTK2;FES;RASA1;PLXNB1;SIPA1;EPHA2,0.2708333333333333
5,837,VEGF signaling pathway,19/59,5.423378684170048e-12,Signal transduction,KEGG_2021_Human,1.525325254922826e-12,0.0,0.0,11.1044315403423,302.1384062127576,PRKCB;NOS3;SH2D2A;PXN;PIK3R3;NFATC2;PRKCA;PTK2;MAPK13;CDC42;PPP3CA;PPP3CB;PPP3R1;PPP3CC;MAPKAPK3;MAPKAPK2;RAC2;PLCG2;RAC3,0.3220338983050847
5,837,Estrogen signaling pathway,29/137,1.4125450996829197e-12,Endocrine system,KEGG_2021_Human,3.8466629946722364e-13,0.0,0.0,6.332450953428676,181.02197714524056,SHC4;SHC3;CALML5;CALML6;ITPR1;GNAI3;ITPR2;PIK3R3;TGFA;CALML3;ITPR3;CALML4;GNAI1;GNAI2;PRKACA;PRKACB;HSP90AA1;NOS3;MMP2;PRKCD;FOS;ESR1;ESR2;GNAO1;GNAS;PGR;CALM1;CALM2;HBEGF,0.2116788321167883
5,837,Shigellosis,57/246,8.778723387645881e-26,Infectious disease: bacterial,KEGG_2021_Human,1.0189589646374684e-26,0.0,0.0,7.336304436304436,439.066309371686,ITGB1;ARF1;ARPC1B;ARPC1A;ARPC5L;ILK;WASL;ACTB;ACTG1;RPS6KA5;CAPNS1;CAPN2;CAPN1;ACTR3;ACTR2;FNBP1;ACTN1;PRKCD;ACTN4;CTTN;ELMO1;PFN4;ELMO2;PRKCQ;TLN2;ARHGEF2;PFN1;TLN1;MYL9;DOCK1;PFN3;VCL;ARF6;PXN;ITPR1;PIK3R3;ITPR2;ITPR3;FOXO3;MYL12A;FOXO1;MALT1;CDC42;CYTH3;CYTH2;PLCG2;WASF1;WASF2;CYTH1;ARPC4;ARPC5;PTK2;MAPK13;DIAPH1;ARPC2;ARPC3;PLCD1,0.23170731707317074
5,837,Circadian entrainment,38/97,2.1063874879539183e-26,Environmental adaptation,KEGG_2021_Human,2.3508788928057127e-27,0.0,0.0,15.399588468636644,944.2258940882838,GRIA1;CAMK2B;GRIA2;CAMK2D;GUCY1B1;CALML5;CALML6;CAMK2A;ITPR1;GNAI3;CALML3;ITPR3;CALML4;GNAI1;GNAI2;GNG10;RPS6KA5;GNG2;GNG4;GNG7;PRKG2;PRKACA;PRKACB;GRIA3;PRKG1;GUCY1A2;PRKCB;PRKCA;FOS;GNG12;GNG11;GNAO1;GNB1;GNAS;GNB4;GNB5;CALM1;CALM2,0.3917525773195876
5,837,Neurotrophin signaling pathway,42/119,5.662721038690688e-27,Nervous system,KEGG_2021_Human,6.06720111288288e-28,0.0,0.0,13.095025728987991,820.6585212050683,SHC4;CAMK2B;BEX3;CAMK2D;SHC3;CALML5;CALML6;IRS1;MAGED1;CAMK2A;PIK3R3;CALML3;CALML4;FOXO3;RAP1B;CDC42;RPS6KA3;RPS6KA6;RPS6KA5;RAP1A;MAPK7;ARHGDIA;RPS6KA2;RPS6KA1;PLCG2;SH2B3;MAP2K5;SH2B2;MAP3K5;NTRK1;NGFR;KIDINS220;NTRK3;PRKCD;MATK;NGF;MAPK13;CAMK4;MAPKAPK2;RAPGEF1;CALM1;CALM2,0.35294117647058826
5,837,Insulin signaling pathway,45/137,2.5445243456753024e-27,Endocrine system,KEGG_2021_Human,2.612681247791605e-28,0.0,0.0,11.778038537549406,748.0468496928784,SHC4;SHC3;CALML5;CALML6;IRS1;PDE3B;INPPL1;PRKAG1;PIK3R3;PRKAG2;CALML3;CBLB;IRS2;CALML4;SLC2A4;PRKCZ;FOXO1;PTPRF;PPP1CB;SOCS2;SOCS1;PRKAR2B;PRKAR2A;MKNK1;MKNK2;EIF4EBP1;FLOT1;FLOT2;PRKACA;PRKACB;SH2B2;PTPN1;PRKCI;EXOC7;INSR;SORBS1;PPP1CA;PRKAR1B;PRKAR1A;PPP1R3D;RAPGEF1;TRIP10;CALM1;CALM2;RHOQ,0.3284671532846715
5,837,Chemokine signaling pathway,53/192,6.486724784917984e-28,Immune system,KEGG_2021_Human,6.370890413758735e-29,0.0,0.0,9.252239025106446,600.6852279438492,ITK;NCF1;ARRB1;ARRB2;PREX1;RAC2;RAC3;PRKACA;PRKACB;JAK3;VAV3;PRKCB;PRKCD;VAV1;VAV2;FGR;TIAM1;HCK;PARD3;ELMO1;DOCK2;SHC4;SHC3;PXN;GNAI3;WAS;PIK3R3;CXCR4;FOXO3;RASGRP2;PRKCZ;GNAI1;GNAI2;RAP1B;CDC42;GNG10;GRK3;PAK1;GRK2;RAP1A;GNG2;GRK5;GNG4;GNG7;GRK6;PLCG2;PTK2B;GNG12;GNG11;PTK2;GNB1;GNB4;GNB5,0.2760416666666667
5,837,Phospholipase D signaling pathway,48/148,8.34586934920727e-29,Signal transduction,KEGG_2021_Human,7.824252514881816e-30,0.0,0.0,11.597262357414449,777.2522874705909,DGKG;SHC4;ARF1;RALA;DGKD;SHC3;RALB;DGKA;LPAR1;LPAR2;PDGFA;PIK3R3;PLD1;PLD2;CYTH3;GNA13;CYTH2;RRAS;PDGFD;PDGFC;GNA12;PLCG2;PIP5K1A;FCER1A;PTK2B;PIP5K1B;FYN;PIP5K1C;RALGDS;CYTH1;PDGFRB;PDGFRA;SYK;INSR;RRAS2;PRKCA;GAB2;DGKZ;DNM1;DNM2;DNM3;KITLG;MRAS;KIT;GNAS;MS4A2;ARF6;RAPGEF4,0.32432432432432434
5,837,Proteoglycans in cancer,57/205,3.671569443033073e-30,Cancer: overview,KEGG_2021_Human,3.278187002708101e-31,0.0,0.0,9.388903326403328,659.0338580334262,ITGB1;ACTB;ACTG1;IGF1R;PPP1CB;CCND1;ITGAV;PRKACA;PRKACB;VAV3;PPP1R12A;PRKCB;HGF;ITGA2;MMP2;RRAS2;PRKCA;VAV1;VAV2;TIAM1;MRAS;CTTN;EZR;PPP1R12B;MET;PPP1R12C;HBEGF;CAMK2B;CAMK2D;PXN;CAMK2A;ITPR1;PIK3R3;TWIST1;ITPR2;ITPR3;IQGAP1;SLC9A1;CDC42;PAK1;RRAS;ERBB3;PLCG2;FLNA;FLNB;FLNC;CAV3;CAV2;RDX;IGF2;MSN;ESR1;PTK2;PPP1CA;MAPK13;PTPN6;FGFR1,0.2780487804878049
5,837,Platelet activation,47/124,1.0505642017094083e-31,Immune system,KEGG_2021_Human,8.911035639499445e-33,0.0,0.0,14.74670392898241,1088.2775161031489,ITGB1;MYLK2;GUCY1B1;ITGA2B;SNAP23;ITPR1;GNAI3;ITPR2;PIK3R3;ITPR3;RASGRP2;PRKCZ;RASGRP1;ACTB;ARHGAP35;MYLK3;MYL12A;GNAI1;ACTG1;MYLK;GNAI2;PPP1CB;RAP1B;GNA13;RAP1A;PLCG2;PRKG2;FYN;PRKACA;PRKACB;PRKG1;VASP;GUCY1A2;PRKCI;PPP1R12A;SYK;NOS3;ITGA2;MAPK13;PPP1CA;APBB1IP;BTK;GNAS;ORAI1;LCP2;TLN2;TLN1,0.3790322580645161
5,837,Pathogenic Escherichia coli infection,58/197,3.856531665615681e-32,Infectious disease: bacterial,KEGG_2021_Human,3.0989986598697435e-33,0.0,0.0,10.1900795153351,762.7705457977431,CYFIP2;ITGB1;CYFIP1;NCKAP1;ARF1;WIPF1;WIPF2;ARPC1B;WIPF3;ARPC1A;ARPC5L;BRK1;WASL;CLDN1;ACTB;ACTG1;NCK2;NCK1;ACTR3;ACTR2;FOS;CTTN;MYH9;ARHGEF2;EZR;ARF6;LPAR1;LPAR2;CDC42;CYTH3;GNA13;CYTH2;PAK1;MYO6;GNA12;MYH14;NCKAP1L;MYH11;FYN;PAK3;WASF1;PAK2;MYH10;WASF2;CYTH1;WASF3;MYO10;MYO5A;ARPC4;ARPC5;BAIAP2;MAPK13;OCLN;MYO1C;ARPC2;ARPC3;ABI1;PTPN6,0.29441624365482233
5,837,Adherens junction,38/71,1.2305313531482843e-32,Cellular community - eukaryotes,KEGG_2021_Human,9.338854019428944e-34,0.0,0.0,27.57006864641408,2096.8059948469804,CTNND1;WAS;PTPRJ;WASL;IQGAP1;ACTB;PTPRF;ACTG1;IGF1R;CDC42;CDH1;RAC2;CTNNA1;RAC3;CTNNA3;FYN;CTNNA2;WASF1;WASF2;WASF3;FARP2;PTPN1;YES1;CSNK2A1;ACTN1;INSR;ACTN4;SORBS1;BAIAP2;AFDN;FER;PTPRB;PARD3;SNAI1;PTPN6;MET;VCL;FGFR1,0.5352112676056338
5,837,Dopaminergic synapse,51/132,8.130125149689915e-35,Nervous system,KEGG_2021_Human,5.807232249778511e-36,0.0,0.0,15.285741211949864,1240.192704862355,CALML5;CALML6;CALML3;ARRB1;CALML4;ARRB2;PPP1CB;PPP3CA;PPP3CB;PPP3CC;PPP2R1B;PPP2R1A;PRKACA;PRKACB;PRKCB;PRKCA;PPP2R5D;FOS;GRIA1;CAMK2B;GRIA2;CAMK2D;CAMK2A;ITPR1;GNAI3;CACNA1A;ITPR2;ITPR3;GNAI1;GNAI2;PPP2CA;PPP2CB;GNG10;GNG2;GNG4;GNG7;GRIA3;PPP2R3A;GNG12;GNG11;MAPK13;PPP1CA;GNAO1;PPP2R2C;PPP2R2B;GNB1;GNAS;GNB4;GNB5;CALM1;CALM2,0.38636363636363635
5,837,Tight junction,57/169,4.1052691317287215e-35,Cellular community - eukaryotes,KEGG_2021_Human,2.7490641507111977e-36,0.0,0.0,12.430254120879122,1017.8116167152328,ITGB1;ARPC1B;ARPC1A;ARPC5L;PRKAG1;PRKAG2;CLDN1;ACTB;ACTG1;CCND1;PPP2R1B;PPP2R1A;PRKACA;PRKACB;MAP3K5;MAGI1;ACTR3;ACTR2;PRKCI;ACTN1;ARHGEF18;ACTN4;TIAM1;MYL6;CTTN;PARD3;MYH9;ARHGEF2;EZR;MYL9;WAS;PRKCZ;MYL12A;CDC42;PPP2CA;PPP2CB;PARD6B;RAP1A;PARD6A;MYH14;MYH11;MYH10;JAM3;VASP;RDX;MSN;ARPC4;ARPC5;TJAP1;AFDN;OCLN;ARPC2;PPP2R2C;ARPC3;PPP2R2B;NF2;TJP2,0.33727810650887574
5,837,Oxytocin signaling pathway,55/154,2.31879805114006e-35,Endocrine system,KEGG_2021_Human,1.4492487819625376e-36,0.0,0.0,13.5436203466894,1117.646882129594,MYLK2;GUCY1B1;CALML5;CALML6;PRKAG1;PRKAG2;CALML3;CALML4;ACTB;MYLK3;ACTG1;MYLK;PPP1CB;PPP3CA;PPP3CB;PPP3CC;CCND1;NPPA;PRKACA;PRKACB;GUCY1A2;MEF2C;PPP1R12A;PRKCB;PRKCA;FOS;MYL6;PPP1R12B;MYL9;PPP1R12C;CAMK2B;CAMK2D;CAMK2A;ITPR1;GNAI3;ITPR2;ITPR3;GNAI1;CAMKK2;GNAI2;PPP3R1;MAPK7;CACNG3;MAP2K5;NOS3;NFATC3;NFATC2;NFATC1;NFATC4;PPP1CA;GNAO1;CAMK4;GNAS;CALM1;CALM2,0.35714285714285715
5,837,Leukocyte transendothelial migration,49/114,4.9044591539856594e-36,Immune system,KEGG_2021_Human,2.846337901866678e-37,0.0,0.0,18.270245997657167,1537.4341706678117,ITGB1;ITK;NCF1;CTNND1;NCF4;ARHGAP5;CLDN1;ACTB;ARHGAP35;ACTG1;CDH5;RASSF5;RAC2;VAV3;PRKCB;ACTN1;MMP2;CYBA;PRKCA;ACTN4;VAV1;VAV2;EZR;MYL9;VCL;RAPGEF4;PXN;GNAI3;PIK3R3;CXCR4;MYL12A;GNAI1;GNAI2;RAP1B;CDC42;RAP1A;PLCG2;CTNNA1;PTK2B;CTNNA3;CTNNA2;JAM3;VASP;MSN;PTK2;MAPK13;AFDN;OCLN;SIPA1,0.4298245614035088
5,837,Bacterial invasion of epithelial cells,43/77,7.413828722279551e-38,Infectious disease: bacterial,KEGG_2021_Human,3.971693958364045e-39,0.0,0.0,30.469217661875835,2694.137766579007,ITGB1;SHC4;SHC3;ARHGEF26;ARPC1B;ARPC1A;CLTC;PXN;ARPC5L;CLTB;ILK;PIK3R3;WASL;ACTB;ACTG1;CDC42;CDH1;CLTCL1;CTNNA1;CTNNA3;CTNNA2;WASF1;WASF2;ACTR3;ACTR2;CAV3;CAV2;RHOG;ARPC4;ARPC5;DNM1;PTK2;DNM2;DNM3;ARHGAP10;CTTN;ARPC2;ARPC3;ELMO1;ELMO2;DOCK1;MET;VCL,0.5584415584415584
5,837,Yersinia infection,56/137,1.0989976931340592e-39,Infectious disease: bacterial,KEGG_2021_Human,5.39686367164047e-41,0.0,0.0,16.891797473957098,1566.210347402015,ITGB1;WIPF1;WIPF2;ARPC1B;WIPF3;ARPC1A;ARPC5L;WASL;ACTB;ACTG1;RPS6KA3;RPS6KA6;RPS6KA2;RPS6KA1;RAC2;RAC3;ACTR3;VAV3;ACTR2;RHOG;FOS;VAV1;VAV2;ZAP70;LCK;ELMO1;ELMO2;LCP2;ARHGEF7;DOCK1;SKAP2;ARF6;ARHGEF28;PXN;WAS;PIK3R3;CDC42;PIP5K1A;PTK2B;PIP5K1B;PIP5K1C;WASF2;GIT2;LIMK1;NFATC3;NFATC2;ARPC4;NFATC1;ARPC5;BAIAP2;PTK2;MAPK13;ARPC2;ARPC3;PKN1;LAT,0.40875912408759124
5,837,Fc gamma R-mediated phagocytosis,49/97,3.13529959032457e-40,None,KEGG_2021_Human,1.3996873171091834e-41,0.0,0.0,24.76298117597293,2329.4471995115127,NCF1;ARPC1B;ARPC1A;ARPC5L;INPPL1;CFL2;RAC2;ACTR3;VAV3;ACTR2;SYK;PRKCB;PRKCD;PRKCA;GAB2;VAV1;DNM2;VAV2;HCK;BIN1;AMPH;DOCK1;ARF6;ASAP3;WAS;PIK3R3;PLD1;PLD2;CDC42;PAK1;SCIN;INPP5D;PLCG2;PIP5K1A;PIP5K1B;PIP5K1C;WASF1;WASF2;WASF3;VASP;GSN;MYO10;LIMK2;LIMK1;ARPC4;ARPC5;ARPC2;ARPC3;LAT,0.5051546391752577
5,837,Pathways in cancer,106/531,2.5021714207631055e-41,Cancer: overview,KEGG_2021_Human,1.0053367315566052e-42,0.0,0.0,6.39326627504627,618.2496356333107,SPI1;CALML5;CALML6;ITGA2B;CALML3;CALML4;ETS1;IGF1R;RASSF1;RPS6KA5;CCND1;CDH1;RASSF5;PIM1;PRKACA;PRKACB;PDGFRB;PDGFRA;PRKCB;TPM3;DAPK2;HGF;FLT3LG;PRKCA;MITF;PGF;LPAR1;PDGFA;LPAR2;PIK3R3;TGFA;KLK3;CSF2RB;PLD1;RASGRP2;STK4;RASGRP1;FOXO1;RASGRP4;PLD2;GNG10;BCL2L11;PLCG2;RALGDS;JUP;ZBTB16;IGF2;GNG12;GNG11;ESR1;PTK2;ESR2;GNB1;GNAS;GNB4;GNB5;CALM1;FGFR4;CALM2;FGFR3;FGFR2;FGFR1;RET;ITGB1;FLT3;LAMC3;FLT4;PTEN;RAC2;RAC3;ITGAV;JAK3;APPL1;APC2;HSP90AA1;DCC;ITGA2;MMP2;FOS;IL3RA;KIT;ITGA6;MET;CAMK2B;CAMK2D;RALA;RALB;LAMA2;CAMK2A;GNAI3;CXCR4;GNAI1;GNAI2;CDC42;GNA13;GNG2;GNG4;GNA11;GNG7;GNA12;CTNNA1;CTNNA3;CTNNA2;NTRK1;EPOR;KITLG,0.19962335216572505
5,837,PI3K-Akt signaling pathway,94/354,1.0180633116259925e-47,Signal transduction,KEGG_2021_Human,3.635940398664259e-49,0.0,0.0,9.198063981778652,1025.9134409627477,ITGB1;IRS1;FLT3;ITGB4;LAMC3;YWHAB;FLT4;ITGA2B;PTEN;AREG;IGF1R;GHR;PPP2R1B;CCND1;YWHAQ;PPP2R1A;ITGAV;JAK3;MAGI1;PDGFRB;PDGFRA;HSP90AA1;SYK;HGF;ITGA2;MAGI2;FLT3LG;PRKCA;PPP2R5D;NGF;PRLR;YWHAZ;PGF;CDC37;KIT;IL3RA;ITGA6;SGK1;MET;EPHA2;PHLPP2;PHLPP1;LAMA2;PKN3;CSH1;LPAR1;LPAR2;PDGFA;PIK3R3;TGFA;EFNA5;FOXO3;EFNA4;THBS3;PPP2CA;PPP2CB;GNG10;RELN;BCL2L11;GNG2;ERBB3;GNG4;CD19;PDGFD;GNG7;PDGFC;EIF4EBP1;THEM4;NTRK1;NGFR;ANGPT4;NOS3;INSR;IGF2;PPP2R3A;GNG12;GNG11;PTK2;EPOR;KITLG;EFNA3;EFNA2;PPP2R2C;PPP2R2B;GNB1;GNB4;PKN1;GNB5;TEK;FGFR4;PIK3AP1;FGFR3;FGFR2;FGFR1,0.2655367231638418
5,837,Focal adhesion,79/201,1.7818858430429285e-54,Cellular community - eukaryotes,KEGG_2021_Human,5.568393259509153e-56,0.0,0.0,16.26626367922488,2069.518643031608,ITGB1;MYLK2;ITGB4;LAMC3;FLT4;ITGA2B;RASGRF1;PTEN;ILK;ARHGAP5;ACTB;ARHGAP35;MYLK3;MYLK;ACTG1;IGF1R;PPP1CB;CCND1;RAC2;CAPN2;RAC3;ITGAV;VAV3;PDGFRB;PDGFRA;PPP1R12A;PRKCB;ACTN1;HGF;ITGA2;PRKCA;ACTN4;VAV1;PGF;VAV2;RAPGEF1;ITGA6;TLN2;TLN1;PPP1R12B;MYL9;DOCK1;MET;PPP1R12C;VCL;SHC4;SHC3;LAMA2;PXN;PDGFA;PIK3R3;MYL12A;THBS3;RAP1B;CDC42;PAK1;RELN;RAP1A;PDGFD;PDGFC;PIP5K1A;FLNA;PAK6;PIP5K1B;FLNB;FYN;PIP5K1C;FLNC;PAK3;PAK2;PAK5;PAK4;VASP;CAV3;CAV2;PTK2;PPP1CA;DIAPH1;ZYX,0.39303482587064675
5,837,Endocytosis,87/252,1.7746542440122355e-54,Transport and catabolism,KEGG_2021_Human,4.753538153604202e-56,0.0,0.0,13.356169696969696,1701.3873767524112,SH3GL3;ARF1;WIPF1;SH3KBP1;WIPF2;ARPC1B;WIPF3;ARPC1A;CLTC;ARPC5L;CLTB;CBLC;CBLB;AP2A1;ARRB1;WASL;ARRB2;AP2A2;IGF1R;EEA1;PIP5KL1;GIT1;AP2M1;SH3GL2;SH3GL1;ACTR3;PDGFRA;USP8;ACTR2;PRKCI;PDCD6IP;ARAP3;EPS15L1;ARAP1;DNM1;EPN1;RNF41;DNM2;DNM3;ACAP1;BIN1;HGS;PARD3;AMPH;STAM2;ARF6;RAB5B;RAB5C;AGAP2;ASAP3;CXCR4;PLD1;PRKCZ;PLD2;CDC42;CYTH3;CYTH2;GRK3;PARD6B;GRK2;PARD6A;GRK5;CLTCL1;GRK6;AP2S1;PIP5K1A;PIP5K1B;PIP5K1C;EPS15;CYTH1;GIT2;RAB4A;CAV3;IQSEC1;CAV2;ARPC4;STAM;AP2B1;ARPC5;RAB10;EHD4;ARPC2;ARPC3;FGFR4;FGFR3;RAB5A;FGFR2,0.34523809523809523
5,837,Rap1 signaling pathway,89/210,7.225598764188266e-65,Signal transduction,KEGG_2021_Human,1.6128568670063098e-66,0.0,0.0,18.724731515446148,2836.658431588698,ITGB1;CALML5;CALML6;FLT4;CTNND1;ITGA2B;CALML3;CALML4;ACTB;ACTG1;IGF1R;CDH1;RASSF5;RAC2;RAC3;VAV3;MAGI1;PDGFRB;PDGFRA;PRKCI;PRKCB;HGF;MAGI2;ARAP3;PRKCA;NGF;VAV1;PGF;VAV2;APBB1IP;ENAH;TIAM1;MRAS;PARD3;KIT;RAPGEF1;PFN4;EVL;LCP2;TLN2;PFN1;TLN1;MET;PFN3;EPHA2;RAPGEF4;RALA;RALB;LPAR1;GNAI3;LPAR2;PDGFA;PIK3R3;EFNA5;RASGRP2;PRKCZ;EFNA4;GNAI1;GNAI2;RAP1B;CDC42;PARD6B;RAP1A;PARD6A;RRAS;PDGFD;PDGFC;RALGDS;VASP;FARP2;NGFR;ANGPT4;INSR;MAPK13;GNAO1;AFDN;KITLG;EFNA3;EFNA2;GNAS;TEK;CALM1;FGFR4;CALM2;FGFR3;SIPA1;FGFR2;LAT;FGFR1,0.4238095238095238
5,837,MAPK signaling pathway,110/294,1.3740049862342962e-73,Signal transduction,KEGG_2021_Human,2.453580332561243e-75,0.0,0.0,15.606796842294122,2681.190477628212,IGF1R;RPS6KA4;RPS6KA3;RPS6KA6;RPS6KA5;RPS6KA2;RPS6KA1;PRKACA;MAP3K6;PRKACB;MAP3K4;MAP3K5;PDGFRB;PDGFRA;MEF2C;PRKCB;HGF;FLT3LG;PRKCA;MAPK8IP3;PGF;MAPK8IP1;MAPKAPK3;MAPKAPK2;EPHA2;PDGFA;TGFA;CACNA1A;EFNA5;RASGRP2;STK4;EFNA4;RASGRP1;RASGRP4;RAP1B;PPP3R1;RAP1A;RRAS;PDGFD;PDGFC;MAP2K5;NGFR;INSR;IGF2;NFATC3;NFATC1;GNG12;EFNA3;EFNA2;NF1;FGFR4;MAP3K13;FGFR3;FGFR2;MAP3K11;FGFR1;MAP3K12;PTPRR;FLT3;FLT4;RASGRF2;RASGRF1;ARRB1;ARRB2;AREG;DUSP16;PPP3CA;PPP3CB;PPP3CC;DUSP10;RAC2;RAC3;MAP4K1;MAP4K2;DUSP3;RRAS2;FOS;NGF;DUSP9;DUSP7;MRAS;RASA1;KIT;RASA2;MAPT;MET;SRF;CDC42;PAK1;MAPK7;ERBB3;MKNK1;GNA12;MKNK2;FLNA;FLNB;FLNC;PAK2;CACNG3;MAP4K3;MAP3K2;NTRK1;ANGPT4;MAPK13;KITLG;TAOK3;TAOK2;PTPN7;TEK;PTPN5,0.3741496598639456
5,837,Ras signaling pathway,105/232,2.2688616435974534e-80,Signal transduction,KEGG_2021_Human,3.0386539869608755e-82,0.0,0.0,21.5005808700142,4035.67113360389,CALML5;CALML6;CALML3;CALML4;ETS1;IGF1R;RASSF1;SYNGAP1;RASSF5;PRKACA;PRKACB;PDGFRB;PDGFRA;PRKCB;HGF;FLT3LG;PRKCA;PGF;TIAM1;RIN1;EPHA2;SHC4;RAB5B;RAB5C;SHC3;PDGFA;PIK3R3;TGFA;RASAL1;EFNA5;PLD1;RASAL3;RASGRP2;STK4;EFNA4;RASGRP1;RASGRP4;PLD2;RAP1B;GNG10;RAP1A;RRAS;PDGFD;PDGFC;PLCG2;RALGDS;BRAP;NGFR;INSR;IGF2;GNG12;GNG11;AFDN;EFNA3;EFNA2;GNB1;GNB4;NF1;GNB5;CALM1;FGFR4;CALM2;FGFR3;RAB5A;FGFR2;LAT;FGFR1;FLT3;FLT4;RASGRF2;RASGRF1;RAC2;RAC3;RASA4B;KSR1;RRAS2;GAB2;KSR2;NGF;ZAP70;MRAS;RASA3;RASA4;RASA1;KIT;RASA2;MET;ARF6;RALA;RALB;CDC42;PAK1;GNG2;GNG4;GNG7;PAK6;SHOC2;PAK3;PAK2;PAK5;PAK4;NTRK1;ANGPT4;KITLG;TEK,0.4525862068965517
5,837,Axon guidance,102/182,2.9046327685300947e-90,Development and regeneration,KEGG_2021_Human,2.593422114759013e-92,0.0,0.0,33.10316326530612,6980.955628734747,EPHB6;RGS3;DPYSL5;CFL2;DPYSL2;EPHB2;EPHB1;EPHB4;EPHB3;EPHA5;EPHA4;EPHA7;UNC5A;EPHA8;UNC5B;SEMA6D;PRKCA;UNC5C;PARD3;MYL9;EPHA3;NGEF;EPHA2;PIK3R3;EFNA5;EFNA4;PRKCZ;MYL12A;EFNB2;EFNB1;PPP3R1;EFNB3;RRAS;PLCG2;PLXNA2;PLXNA1;SRGAP3;SRGAP2;SRGAP1;PLXNA4;PLXNA3;NFATC3;NFATC2;L1CAM;PTK2;NFATC4;SSH1;EFNA3;EFNA2;CDK5;FES;PLXNB1;ITGB1;ROBO3;ILK;RND1;PPP3CA;PPP3CB;PPP3CC;NCK2;RAC2;RAC3;NEO1;NCK1;TRPC6;TRPC3;DCC;TRPC1;RHOD;RGMA;ENAH;RASA1;MET;CAMK2B;CAMK2D;SEMA3A;CAMK2A;GNAI3;CXCR4;SEMA3E;NTN1;GNAI1;GNAI2;NTN3;CDC42;PAK1;PARD6B;ABLIM2;PARD6A;ABLIM3;SLIT1;PAK6;FYN;SLIT3;LRIG2;PAK3;PAK2;PAK5;PAK4;LIMK2;LIMK1;SEMA4F,0.5604395604395604
5,837,Regulation of actin cytoskeleton,113/218,7.963544234106982e-95,Cell motility,KEGG_2021_Human,3.5551536759406174e-97,0.0,0.0,28.32878189950013,6291.3226192020575,CYFIP2;CYFIP1;NCKAP1;MYLK2;ITGA2B;ARPC5L;ACTB;ARHGAP35;MYLK3;MYLK;ACTG1;PPP1CB;CFL2;PIP4K2A;PIP4K2B;PIP4K2C;PDGFRB;PDGFRA;ACTN1;ACTN4;TIAM1;SPATA13;PFN4;EZR;PFN1;MYL9;PFN3;VCL;PXN;LPAR1;LPAR2;PDGFA;PIK3R3;IQGAP1;MYL12A;SLC9A1;SCIN;RRAS;PDGFD;PDGFC;PIP5K1A;MYH14;NCKAP1L;PIP5K1B;MYH11;PIP5K1C;MYH10;RDX;MSN;ARPC4;ARPC5;GNG12;PTK2;SSH1;DIAPH1;DIAPH2;ARPC2;ARPC3;FGFR4;FGFR3;FGFR2;FGFR1;ITGB1;ITGB4;ARPC1B;ARPC1A;BRK1;WASL;ITGAE;RAC2;RAC3;ITGAV;GIT1;APC2;VAV3;ACTR3;ACTR2;PPP1R12A;ITGA2;RRAS2;VAV1;VAV2;ENAH;MRAS;ARHGEF4;MYH9;ITGA6;ARHGEF7;PPP1R12B;DOCK1;PPP1R12C;ARHGEF6;CXCR4;FGD1;FGD3;CDC42;GNA13;PAK1;GNA12;PAK6;PAK3;WASF1;PAK2;WASF2;PAK5;PAK4;GSN;LIMK2;LIMK1;BAIAP2;PPP1CA;MOS;ABI2,0.518348623853211
5,837,Cell-Cell Junction (GO:0005911),57/299,1.539158418762314e-20,cellular anatomical structure,GO_Cellular_Component_2023,3.2471696598361057e-22,0.0,0.0,5.71358868404323,282.7031590239676,PTPRU;CTNND1;SNAP23;PTPRJ;CLDN1;ACTG1;RND1;CDH5;GJA1;CDH2;CDH1;FLOT1;FLOT2;MAGI1;DSP;PRKCI;KIRREL1;KIRREL2;ACTN1;TIAM1;CNKSR1;MYH2;PARD3;EZR;TLN1;VCL;EPHA2;PXN;PRKCZ;RAP1B;CYTH3;SDCBP;PAK1;PARD6B;PARD6A;CTNNA1;FLNA;CTNNA3;CTNNA2;PAK2;JAM3;PAK4;JUP;RDX;MSN;SORBS1;BAIAP2;PPP1CA;RAB10;OCLN;NPHS1;NPHS2;ZYX;NF2;TEK;FGFR4;TJP2,0.19063545150501673
5,837,Positive Regulation Of Cell Motility (GO:2000147),49/221,4.520612094745827e-20,biological regulation,GO_Biological_Process_2023,3.151821181595697e-22,0.0,0.0,6.865769979931531,339.9166617364661,RET;ITGB1;FLT4;CLDN1;MYLK;IGF1R;PPP3CA;CDH5;EPHB2;PDGFRB;EPHA4;PDGFRA;HGF;SEMA6D;ADAM10;PRKCA;ACTN4;RHOC;RHOD;FGR;TIAM1;KIT;NUMB;ITGA6;EPHA2;HBEGF;GRB7;PDGFA;PIK3R3;TWIST1;CXCR4;SEMA3E;NTN1;CDC42;SDCBP;PAK1;PDGFD;PDGFC;PTK2B;STX4;INSR;NTRK3;RDX;SEMA4F;PTK2;FER;MYO1C;SNAI1;SPRY2,0.22171945701357465
5,837,Regulation Of GTPase Activity (GO:0043087),48/214,6.84216131561552e-20,biological regulation,GO_Biological_Process_2023,4.99759458643896e-22,0.0,0.0,6.962114618168491,341.47720832294294,DOCK6;ITGB1;PLXND1;DOCK8;RASGRF2;DOCK7;RASGRF1;ASAP3;EFNA5;RASGRP2;RASGRP1;FGD1;RASGRP4;PREX2;FGD3;PREX1;DOCK11;FGD5;RAP1A;PLXNA2;PLXNA1;SRGAP3;RALGDS;PLXNA4;PRKG1;EPHB3;PLXNA3;EPHA5;VAV3;NTRK1;EPHA4;CAV2;RDX;ARAP1;PTK2;VAV1;VAV2;ALS2;RASA4;RAPGEF1;NF1;PLXNB1;ITGA6;GNB5;ARHGEF7;EPHA3;NGEF;RAPGEF4,0.22429906542056074
5,837,Human immunodeficiency virus 1 infection,52/212,8.397625686027159e-25,Infectious disease: viral,KEGG_2021_Human,1.0122138103693452e-25,0.0,0.0,7.867484076433121,452.7932789750652,CALML5;CALML6;CALML3;CALML4;PPP3CA;PPP3CB;PPP3CC;CFL2;RAC2;RAC3;PRKCB;PRKCA;FOS;PXN;GNAI3;ITPR1;PIK3R3;CXCR4;ITPR2;ITPR3;GNAI1;GNAI2;GNG10;PPP3R1;PAK1;GNG2;GNG4;GNA11;GNG7;PLCG2;PAK6;PTK2B;PAK3;PAK2;PAK5;PAK4;LIMK2;LIMK1;NFATC3;NFATC2;NFATC1;GNG12;GNG11;PTK2;NFATC4;MAPK13;GNAO1;GNB1;GNB4;GNB5;CALM1;CALM2,0.24528301886792453
5,837,Calcium signaling pathway,55/240,1.1618775133736308e-24,Signal transduction,KEGG_2021_Human,1.4523468917170386e-25,0.0,0.0,7.214972005253335,412.63468565995976,RET;MYLK2;CALML5;CALML6;FLT4;CALML3;CALML4;MYLK3;MYLK;PPP3CA;PPP3CB;PPP3CC;PRKACA;PRKACB;PDGFRB;PDGFRA;PRKCB;HGF;PRKCA;NGF;ITPKB;ORAI1;MET;CAMK2B;CAMK2D;PDE1C;PDE1A;CAMK2A;ITPR1;PDGFA;CXCR4;CACNA1A;ITPR2;ITPR3;GNA14;PPP3R1;GNA15;ERBB3;PDGFD;GNA11;PDGFC;PLCG2;PTK2B;NTRK1;NOS3;NTRK3;CAMK4;GNAS;CALM1;FGFR4;CALM2;FGFR3;PLCD1;FGFR2;FGFR1,0.22916666666666666
5,837,Long-term potentiation,31/67,2.3894080025165182e-24,Nervous system,KEGG_2021_Human,3.093430003257992e-25,0.0,0.0,20.43482905982906,1153.2466651203206,CAMK2B;GRIA1;GRIA2;CAMK2D;CALML5;CALML6;CAMK2A;ITPR1;ITPR2;CALML3;ITPR3;CALML4;PPP1CB;RAP1B;PPP3CA;RPS6KA3;PPP3CB;RPS6KA6;PPP3R1;PPP3CC;RAP1A;RPS6KA2;RPS6KA1;PRKACA;PRKACB;PRKCB;PRKCA;PPP1CA;CAMK4;CALM1;CALM2,0.4626865671641791
5,837,cGMP-PKG signaling pathway,46/167,2.4611378609593682e-24,Signal transduction,KEGG_2021_Human,3.296166778070582e-25,0.0,0.0,9.151842525937456,515.9064507198631,MYLK2;GUCY1B1;CALML5;CALML6;IRS1;SRF;PDE3B;ITPR1;GNAI3;ITPR2;CALML3;IRS2;ITPR3;CALML4;MYLK3;GNAI1;MYLK;GNAI2;PPP1CB;GNA13;PPP3CA;PPP3R1;PPP3CB;PPP3CC;GNA11;NPPA;GNA12;PRKG2;MEF2D;PRKG1;VASP;GUCY1A2;MEF2C;PPP1R12A;TRPC6;NOS3;INSR;NFATC3;NFATC2;NFATC1;NFATC4;PPP1CA;PDE3A;CALM1;MYL9;CALM2,0.2754491017964072
5,837,Kaposi sarcoma-associated herpesvirus infection,35/193,7.051132202131788e-13,Infectious disease: viral,KEGG_2021_Human,1.8886961255710145e-13,0.0,0.0,5.249337100287256,153.79360591769725,CALML5;CALML6;ITPR1;PIK3R3;ITPR2;CALML3;ITPR3;CALML4;PREX1;PPP3CA;GNG10;PPP3R1;PPP3CB;PPP3CC;GNG2;CCND1;GNG4;GNG7;PLCG2;SYK;NFATC3;NFATC2;NFATC1;FOS;GNG12;GNG11;NFATC4;MAPK13;HCK;MAPKAPK2;GNB1;GNB4;GNB5;CALM1;CALM2,0.18134715025906736
5,837,Relaxin signaling pathway,29/129,2.829897810046611e-13,Endocrine system,KEGG_2021_Human,7.453748696104912e-14,0.0,0.0,6.841918316831683,206.8139095058541,SHC4;SHC3;GNAI3;PIK3R3;ARRB1;ARRB2;PRKCZ;GNAI1;GNAI2;GNG10;GNA15;GNG2;GNG4;GNG7;PRKACA;PRKACB;NOS3;MMP2;PRKCA;FOS;GNG12;GNG11;MAPK13;GNAO1;ACTA2;GNB1;GNAS;GNB4;GNB5,0.2248062015503876
5,837,Glioma,23/75,8.613746051127089e-14,Cancer: specific types,KEGG_2021_Human,2.230344959666835e-14,0.0,0.0,10.38445000945001,326.42516544714505,PDGFRB;CAMK2B;SHC4;PDGFRA;CAMK2D;SHC3;CALML5;CALML6;PRKCB;CAMK2A;PTEN;PDGFA;PIK3R3;TGFA;CALML3;PRKCA;CALML4;IGF1R;CCND1;CAMK4;PLCG2;CALM1;CALM2,0.30666666666666664
5,837,Choline metabolism in cancer,26/98,8.512959637176169e-14,Cancer: overview,KEGG_2021_Human,2.1662441933885787e-14,0.0,0.0,8.500582271544047,267.4554896970419,DGKG;DGKD;DGKA;WAS;PDGFA;PIK3R3;PLD1;PLD2;PDGFD;PDGFC;EIF4EBP1;RAC2;PIP5K1A;RAC3;PIP5K1B;PIP5K1C;WASF1;RALGDS;WASF2;WASF3;PDGFRB;PDGFRA;PRKCB;PRKCA;FOS;DGKZ,0.2653061224489796
5,837,"Parathyroid hormone synthesis, secretion and action",27/106,8.196289611938657e-14,Endocrine system,KEGG_2021_Human,2.0490724029846643e-14,0.0,0.0,8.052320675105486,253.79951788904452,ITPR1;GNAI3;ITPR2;ITPR3;ARRB1;ARRB2;PLD1;GNAI1;PLD2;GNAI2;GNA13;AKAP13;GNA11;GNA12;PDE4A;PRKACA;PRKACB;MEF2D;MEF2C;PRKCB;PDE4C;PRKCA;FOS;RUNX2;GNAS;FGFR1;HBEGF,0.25471698113207547
5,837,Adrenergic signaling in cardiomyocytes,32/150,7.509804936697237e-14,Circulatory system,KEGG_2021_Human,1.8439253192783397e-14,0.0,0.0,6.415833245604801,202.8962011569164,CAMK2B;CAMK2D;CALML5;CALML6;CAMK2A;GNAI3;CALML3;CALML4;GNAI1;SLC9A1;GNAI2;PPP1CB;PPP2CA;PPP2CB;RPS6KA5;PPP2R1B;PPP2R1A;PRKACA;PRKACB;CACNG3;TPM3;PRKCA;PPP2R5D;PPP2R3A;MAPK13;PPP1CA;PPP2R2C;PPP2R2B;GNAS;CALM1;CALM2;RAPGEF4,0.21333333333333335
5,837,Fluid shear stress and atherosclerosis,31/139,5.377584048760676e-14,Cardiovascular disease,KEGG_2021_Human,1.2963818688976632e-14,0.0,0.0,6.785968660968661,216.99230113568504,CALML5;NCF1;CALML6;ITGA2B;PDGFA;PIK3R3;CALML3;CALML4;PRKCZ;ACTB;ACTG1;CDH5;MAPK7;RAC2;RAC3;ITGAV;MAP2K5;MAP3K5;MEF2C;HSP90AA1;CAV3;CAV2;NOS3;MMP2;CYBA;FOS;PTK2;MAPK13;ARHGEF2;CALM1;CALM2,0.22302158273381295
5,837,ErbB signaling pathway,25/85,2.0794881680408173e-14,Signal transduction,KEGG_2021_Human,4.920217540453719e-15,0.0,0.0,9.802442528735632,322.9456219124491,CAMK2B;SHC4;CAMK2D;SHC3;CAMK2A;PIK3R3;TGFA;CBLB;AREG;PAK1;ERBB3;NCK2;EIF4EBP1;PLCG2;PAK6;PAK3;PAK2;PAK5;NCK1;PAK4;PRKCB;NRG1;PRKCA;PTK2;HBEGF,0.29411764705882354
5,837,Inflammatory mediator regulation of TRP channels,27/98,1.0503191989861344e-14,Sensory system,KEGG_2021_Human,2.4382409976463828e-15,0.0,0.0,8.96338028169014,301.5953337094757,CAMK2B;CAMK2D;CALML5;CALML6;CAMK2A;ITPR1;ITPR2;PIK3R3;CALML3;ITPR3;CALML4;PPP1CB;PLCG2;PRKACA;PRKACB;NTRK1;PRKCH;PRKCB;PRKCD;PRKCA;NGF;MAPK13;PPP1CA;GNAS;PRKCQ;CALM1;CALM2,0.2755102040816326
5,837,Cholinergic synapse,29/113,7.82626655708681e-15,Nervous system,KEGG_2021_Human,1.781873189336729e-15,0.0,0.0,8.151977251296557,276.8502061788308,CAMK2B;CAMK2D;CAMK2A;ITPR1;GNAI3;CACNA1A;ITPR2;PIK3R3;ITPR3;GNAI1;GNAI2;GNG10;GNG2;GNG4;GNA11;GNG7;FYN;PRKACA;PRKACB;PRKCB;PRKCA;FOS;GNG12;GNG11;GNAO1;CAMK4;GNB1;GNB4;GNB5,0.25663716814159293
5,837,Cellular senescence,34/156,6.329291211300195e-15,Cell growth and death,KEGG_2021_Human,1.412788216808079e-15,0.0,0.0,6.60835391870649,225.96084112351755,CALML5;CALML6;ITPR1;PTEN;ITPR2;PIK3R3;CALML3;ITPR3;CALML4;FOXO3;ETS1;FOXO1;PPP1CB;PPP3CA;PPP3R1;PPP3CB;PPP3CC;CCND1;RRAS;RASSF5;CAPN2;EIF4EBP1;CAPN1;NFATC3;NFATC2;RRAS2;NFATC1;NFATC4;MAPK13;PPP1CA;MRAS;MAPKAPK2;CALM1;CALM2,0.21794871794871795
5,837,Gap junction,26/88,5.646893636270211e-15,Cellular community - eukaryotes,KEGG_2021_Human,1.2352579829341088e-15,0.0,0.0,9.87681476472694,339.04632479653,GUCY1B1;GNAI3;ITPR1;LPAR1;ITPR2;PDGFA;ITPR3;GNAI1;GNAI2;GJA1;MAPK7;GNA11;PDGFD;PDGFC;PRKG2;PRKACA;PRKACB;PRKG1;MAP2K5;PDGFRB;MAP3K2;GUCY1A2;PDGFRA;PRKCB;PRKCA;GNAS,0.29545454545454547
5,837,Sphingolipid signaling pathway,31/119,5.562383460467596e-16,Signal transduction,KEGG_2021_Human,1.1919393129573421e-16,0.0,0.0,8.336975524475525,305.68170904941223,PTEN;GNAI3;PIK3R3;PLD1;PRKCZ;GNAI1;PLD2;GNAI2;GNA13;PPP2CA;PPP2CB;PPP2R1B;PPP2R1A;GNA12;RAC2;S1PR1;FCER1A;RAC3;FYN;S1PR3;MAP3K5;PRKCB;NOS3;PRKCA;PPP2R5D;GAB2;PPP2R3A;MAPK13;PPP2R2C;PPP2R2B;MS4A2,0.2605042016806723
5,837,C-type lectin receptor signaling pathway,30/104,7.890803743480934e-17,Immune system,KEGG_2021_Human,1.6556597140339458e-17,0.0,0.0,9.589570983623029,370.53859695975,CALML5;CALML6;ITPR1;ITPR2;PIK3R3;CALML3;CBLB;ITPR3;CALML4;MALT1;PPP3CA;PPP3R1;PPP3CB;PAK1;PPP3CC;RRAS;PLCG2;KSR1;SYK;PRKCD;NFATC3;NFATC2;RRAS2;NFATC1;NFATC4;MAPK13;MRAS;MAPKAPK2;CALM1;CALM2,0.28846153846153844
5,837,Aldosterone synthesis and secretion,24/98,5.2741713165369616e-12,Endocrine system,KEGG_2021_Human,1.459815275112909e-12,0.0,0.0,7.615039393637179,207.53046946362304,ATF1;CAMK2B;CAMK2D;DAGLA;CALML5;CALML6;PRKCB;CAMK2A;ITPR1;ITPR2;CALML3;PRKCA;ITPR3;CALML4;GNA11;CAMK4;NPPA;GNAS;ORAI1;PRKACA;CALM1;DAGLB;PRKACB;CALM2,0.24489795918367346
5,837,GnRH signaling pathway,29/93,2.6087966186935228e-17,Endocrine system,KEGG_2021_Human,5.35735019910277e-18,0.0,0.0,10.710686107673268,425.94323119419033,CAMK2B;CAMK2D;CALML5;CALML6;CAMK2A;ITPR1;ITPR2;CALML3;ITPR3;CALML4;PLD1;PLD2;CDC42;MAPK7;GNA11;PTK2B;PRKACA;PRKACB;MAP3K4;MAP3K2;PRKCB;MMP2;PRKCD;PRKCA;MAPK13;GNAS;CALM1;CALM2;HBEGF,0.3118279569892473
5,837,Amphetamine addiction,26/69,6.44306268702642e-18,Substance dependence,KEGG_2021_Human,1.2656015992373324e-18,0.0,0.0,14.255154417457632,587.4689419303065,CAMK2B;GRIA1;GRIA2;CAMK2D;CALML5;CALML6;CAMK2A;CALML3;CALML4;PPP1CB;PPP3CA;PPP3CB;PPP3R1;PPP3CC;PRKACA;PRKACB;GRIA3;PRKCB;PRKCA;FOS;PPP1CA;ARC;CAMK4;GNAS;CALM1;CALM2,0.37681159420289856
5,837,B cell receptor signaling pathway,28/81,4.609977657301473e-18,Immune system,KEGG_2021_Human,8.849510681426934e-19,0.0,0.0,12.479417869720365,518.7538589726411,INPPL1;DAPP1;PIK3R3;MALT1;CD79B;PPP3CA;CD79A;PPP3CB;PPP3R1;PPP3CC;CD19;INPP5D;BLNK;RAC2;PLCG2;RAC3;VAV3;SYK;PRKCB;NFATC3;NFATC2;NFATC1;FOS;VAV1;VAV2;BTK;PTPN6;PIK3AP1,0.345679012345679
5,837,Oocyte meiosis,36/129,1.7501015645307996e-19,Cell growth and death,KEGG_2021_Human,3.281440433495249e-20,0.0,0.0,9.2158994804881,413.45676333247786,CAMK2B;CAMK2D;CALML5;CALML6;YWHAB;CAMK2A;ITPR1;ITPR2;CALML3;ITPR3;CALML4;IGF1R;PPP1CB;PPP2CA;RPS6KA3;PPP3CA;PPP2CB;RPS6KA6;PPP3R1;PPP3CB;PPP3CC;PPP2R1B;YWHAQ;PPP2R1A;RPS6KA2;RPS6KA1;PRKACA;PRKACB;PPP2R5D;YWHAZ;MAPK13;PPP1CA;MOS;PGR;CALM1;CALM2,0.27906976744186046
5,837,Morphine addiction,31/91,1.0756298995074701e-19,Substance dependence,KEGG_2021_Human,1.9687868696342083e-20,0.0,0.0,12.24551282051282,555.6313802278355,PDE1C;PDE1A;PDE3B;GNAI3;CACNA1A;ARRB1;ARRB2;GNAI1;GNAI2;GNG10;GRK3;GNG2;GRK2;GRK5;GNG4;GNG7;GRK6;PDE4A;PRKACA;PRKACB;PRKCB;PDE4C;PRKCA;GNG12;GNG11;GNAO1;GNB1;GNAS;GNB4;PDE3A;GNB5,0.34065934065934067
5,837,Phosphatidylinositol signaling system,32/97,8.179509754469183e-20,Signal transduction,KEGG_2021_Human,1.460626741869497e-20,0.0,0.0,11.679617773530817,533.4412699281779,DGKG;DGKD;CALML5;CALML6;DGKA;INPPL1;ITPR1;PTEN;ITPR2;PIK3R3;CALML3;ITPR3;PIK3C2G;CALML4;PIK3C2A;PIK3C2B;INPP5D;PLCG2;PIP4K2A;PIP5K1A;PIP4K2B;PIP5K1B;PIP4K2C;PIP5K1C;PRKCB;PRKCA;DGKZ;ITPKB;SYNJ1;CALM1;CALM2;PLCD1,0.32989690721649484
5,837,Renin secretion,28/69,3.093728901358612e-20,Endocrine system,KEGG_2021_Human,5.3864029979011545e-21,0.0,0.0,16.142060357562784,753.356561218675,GUCY1B1;CALML5;PDE1C;CALML6;PDE1A;PDE3B;GNAI3;ITPR1;ITPR2;CALML3;ITPR3;CALML4;GNAI1;GNAI2;PPP3CA;PPP3CB;PPP3R1;PPP3CC;NPPA;PRKG2;PRKACA;PRKACB;GUCY1A2;GNAS;PDE3A;ORAI1;CALM1;CALM2,0.4057971014492754
5,837,Long-term depression,27/60,5.651219583624245e-21,Nervous system,KEGG_2021_Human,9.586890365076845e-22,0.0,0.0,19.32323232323232,935.176339086628,GRIA1;GNAZ;GRIA2;GUCY1B1;GNAI3;ITPR1;CACNA1A;ITPR2;ITPR3;GNAI1;IGF1R;GNAI2;GNA13;PPP2CA;PPP2CB;PPP2R1B;PPP2R1A;GNA11;GNA12;PRKG2;PRKG1;GRIA3;GUCY1A2;PRKCB;PRKCA;GNAO1;GNAS,0.45
5,837,Glutamatergic synapse,36/114,1.886759496662462e-21,Nervous system,KEGG_2021_Human,3.1165223828799595e-22,0.0,0.0,10.996830884471334,544.5647620623522,GRIA1;GRIA2;ITPR1;GNAI3;CACNA1A;ITPR2;ITPR3;PLD1;GNAI1;PLD2;GNAI2;PPP3CA;GNG10;GRK3;PPP3R1;PPP3CB;GRK2;PPP3CC;GNG2;GNG4;GNG7;PRKACA;PRKACB;GRIA3;HOMER1;PRKCB;TRPC1;PRKCA;GNG12;GNG11;GNAO1;GNB1;GNAS;GNB4;GNB5;SHANK3,0.3157894736842105
5,837,T cell receptor signaling pathway,35/104,6.659509332293685e-22,Immune system,KEGG_2021_Human,1.0702782855471994e-22,0.0,0.0,12.07651161950197,610.938082964928,ITK;PIK3R3;CBLB;RASGRP1;MALT1;CDC42;PPP3CA;PPP3R1;PPP3CB;PAK1;PPP3CC;NCK2;PAK6;FYN;ICOS;PAK3;PAK2;PAK5;NCK1;PAK4;VAV3;NFATC3;NFATC2;NFATC1;FOS;VAV1;VAV2;MAPK13;ZAP70;TEC;LCK;PRKCQ;LCP2;PTPN6;LAT,0.33653846153846156
5,837,cAMP signaling pathway,50/216,9.562846490363056e-23,Signal transduction,KEGG_2021_Human,1.4941947641192276e-23,0.0,0.0,7.270632721483137,382.1289671864282,CALML5;CALML6;PDE3B;CALML3;CALML4;PPP1CB;NPPA;RAC2;RAC3;PDE4A;PRKACA;PRKACB;VAV3;PPP1R12A;PDE4C;RRAS2;ARAP3;FOS;VAV1;VAV2;TIAM1;ORAI1;MYL9;RAPGEF4;GRIA1;CAMK2B;GRIA2;CAMK2D;CAMK2A;GNAI3;PIK3R3;PLD1;GNAI1;GNAI2;PLD2;SLC9A1;RAP1B;PAK1;RAP1A;RRAS;GRIA3;NFATC1;TSHR;PPP1CA;AFDN;CAMK4;PDE3A;GNAS;CALM1;CALM2,0.23148148148148148
5,837,G Alpha (S) Signaling Events R-HSA-418555,33/153,4.23276630707424e-14,Signal Transduction,Reactome_2022,5.117483854864347e-15,0.0,0.0,6.513463930348259,214.33278344347,ITGB1;GNAZ;PDE1A;PDE3B;GNAI3;ARRB1;ARRB2;GNAI1;GNAI2;GNG10;GRK3;GRK2;GNG2;GRK5;PRKAR2B;GNG4;PRKAR2A;GNG7;GRK6;PDE4A;PRKACB;PDE4C;PRKCA;GNG12;GNG11;TSHR;PRKAR1B;PRKAR1A;GNB1;GNAS;GNB4;PDE3A;GNB5,0.21568627450980393
5,837,Vascular smooth muscle contraction,40/133,7.862317152089726e-23,Circulatory system,KEGG_2021_Human,1.1582877947275041e-23,0.0,0.0,10.291280473819835,543.5083968101145,MYLK2;GUCY1B1;CALML5;CALML6;ITPR1;ITPR2;CALML3;ITPR3;CALML4;MYLK3;MYLK;PPP1CB;GNA13;GNA11;NPPA;GNA12;MYH14;MYH11;PRKACA;PRKACB;MYH10;PRKG1;GUCY1A2;PPP1R14A;PRKCH;PPP1R12A;PRKCB;PRKCD;PRKCA;PPP1CA;ACTA2;MYL6;GNAS;MYH9;PRKCQ;CALM1;PPP1R12B;MYL9;CALM2;PPP1R12C,0.3007518796992481
5,837,Apelin signaling pathway,41/137,2.760748819660849e-23,Signal transduction,KEGG_2021_Human,3.9439268852297845e-24,0.0,0.0,10.230148136515911,551.3013054187651,MYLK2;CALML5;CALML6;PDE3B;ITPR1;PRKAG1;GNAI3;ITPR2;PRKAG2;CALML3;ITPR3;CALML4;MYLK3;GNAI1;MYLK;SLC9A1;GNAI2;GNA13;GNG10;GNG2;CCND1;RRAS;CDH1;GNG4;GNG7;PRKACA;PRKACB;MEF2D;MEF2C;NOS3;RRAS2;GNG12;GNG11;ACTA2;MRAS;CAMK4;GNB1;GNB4;GNB5;CALM1;CALM2,0.29927007299270075
5,837,Salmonella infection,55/249,7.250130516205325e-24,Infectious disease: bacterial,KEGG_2021_Human,1.0033662767962727e-24,0.0,0.0,6.876993962085058,380.013619772972,CYFIP2;CYFIP1;NCKAP1;ARF1;ARPC1B;ARPC1A;ARPC5L;BRK1;PIK3C2G;WASL;PIK3C2A;ACTB;ACTG1;PIK3C2B;ACTR3;ACTR2;HSP90AA1;EXOC7;RHOG;FOS;RHOB;DNM2;ELMO1;PFN4;ELMO2;PFN1;MYL9;PFN3;ARF6;RAB5B;RALA;RAB5C;ARHGEF26;MYL12A;CDC42;CYTH3;CYTH2;PAK1;RRAS;MYO6;FLNA;NCKAP1L;FLNB;FLNC;PAK3;CYTH1;WASF3;ARPC4;ARPC5;MAPK13;ARPC2;ARPC3;ABI1;PKN1;RAB5A,0.22088353413654618
5,837,Gastric acid secretion,27/76,8.157636811175823e-18,Digestive system,KEGG_2021_Human,1.6388109665308573e-18,0.0,0.0,13.002721088435374,532.4947248398104,CAMK2B;MYLK2;CAMK2D;CALML5;CALML6;CAMK2A;GNAI3;ITPR1;ITPR2;CALML3;ITPR3;CALML4;ACTB;MYLK3;GNAI1;ACTG1;MYLK;GNAI2;SLC9A1;PRKACA;PRKACB;PRKCB;PRKCA;GNAS;EZR;CALM1;CALM2,0.35526315789473684
5,837,Anti-inflammatory Response Favoring Leishmania Infection R-HSA-9662851,34/165,6.847608400911156e-14,Disease,Reactome_2022,8.349030734717495e-15,0.0,0.0,6.15143593204871,199.408828375412,GNAZ;AHCYL1;ITPR1;GNAI3;ITPR2;ITPR3;PRKX;GNAI1;GNAI2;GNG10;GNG2;PRKAR2B;GNG4;PRKAR2A;GNG7;PLCG2;FYN;PRKACB;YES1;SYK;PRKCA;GNG12;GNG11;TSHR;FGR;HCK;PRKAR1B;PRKAR1A;GNB1;GNAS;GNB4;MYH9;GNB5;CALM1,0.20606060606060606
5,837,RHOC GTPase Cycle R-HSA-9013106,23/73,9.38553239011697e-14,Signal Transduction,Reactome_2022,1.1539589004242176e-14,0.0,0.0,10.800958230958232,346.6350741921602,JUP;ARHGEF25;PKN3;ARHGEF28;ARHGAP1;ERBIN;MYO9B;IQGAP1;ARHGAP5;RHOC;ARHGAP35;VAV2;AKAP13;PREX1;ABR;DIAPH1;DAAM1;ARHGDIA;MCF2L;FLOT1;FLOT2;PKN1;TJP2,0.3150684931506849
5,837,Cargo Recognition For Clathrin-Mediated Endocytosis R-HSA-8856825,27/104,9.909776355515577e-14,Vesicle-mediated transport,Reactome_2022,1.2285685850587961e-14,0.0,0.0,8.262337662337663,264.6454974269226,SH3GL3;SH3KBP1;ITSN1;CLTC;CLTB;TGFA;AP2A1;ARRB1;ARRB2;AP2A2;AREG;GRK3;GRK2;CLTCL1;AP2S1;EPS15;AP2M1;SH3GL2;SH3GL1;SYT2;STAM;EPS15L1;AP2B1;EPN1;HGS;STAM2;HBEGF,0.25961538461538464
5,837,ERBB Signaling Pathway (GO:0038127),15/54,9.445047506439167e-08,cellular process,GO_Biological_Process_2023,3.512102658436874e-09,0.0,0.0,8.948156466404642,174.1942176686114,GRB7;PTPRR;DGKD;SHC3;ERBIN;TGFA;NRG1;PTK6;IQGAP1;PIK3C2A;AREG;PTK2;NCK2;PTK2B;HBEGF,0.2777777777777778
5,837,Cellular Response To Nerve Growth Factor Stimulus (GO:1990090),10/21,9.654858082759805e-08,response to stimulus,GO_Biological_Process_2023,3.622174513120378e-09,0.0,0.0,21.053094426734088,409.1919706764641,NTRK1;RAP1A;KIDINS220;NTRK3;MAGI2;RAPGEF1;MAPT;NGF;WASF1;SH3GL2,0.47619047619047616
5,837,Cell-Cell Junction Assembly (GO:0007043),17/71,1.0306256539382765e-07,cellular process,GO_Biological_Process_2023,3.9007743874157876e-09,0.0,0.0,7.336336946702801,142.04682168068297,JUP;CTNND1;PRKCA;RHOC;ACTG1;CDH5;GJA1;PARD6B;CDH2;CDH1;CTNNA1;TLN2;PIP5K1C;TLN1;PAK2;VCL;JAM3,0.23943661971830985
5,837,Cell-Matrix Adhesion (GO:0007160),21/109,1.0827193678959657e-07,cellular process,GO_Biological_Process_2023,4.1338886888458194e-09,0.0,0.0,5.578417446524064,107.68603425702312,ITGB1;ACTN3;ACTN2;ITGB4;ITGA2;ITGA2B;ILK;ITGAE;SORBS1;L1CAM;RHOD;THBS3;TIAM1;CTTN;TAOK2;ZYX;PIP5K1A;ITGAV;ITGA6;ARHGEF7;VCL,0.1926605504587156
5,837,Regulation Of Peptidyl-Tyrosine Phosphorylation (GO:0050730),19/90,1.1957098223241228e-07,biological regulation,GO_Biological_Process_2023,4.6049913475962225e-09,0.0,0.0,6.245876235407556,119.8966212376972,ANGPT4;EPHA7;HGF;TNK2;PRKCD;IGF2;PDGFA;PTPRJ;NRG1;EFNA5;PRKCZ;GHR;RELN;PLCG2;PTK2B;FYN;PTPN6;ARHGEF2;PAK2,0.2111111111111111
5,837,Phosphatidylinositol Phosphate Kinase Activity (GO:0016307),8/13,1.3857631339683905e-07,None,GO_Molecular_Function_2023,9.719153202040749e-09,0.0,0.0,36.97563329312425,682.1696461791187,PIP4K2A;PIP5K1A;PIK3C2G;PIP4K2B;PIP5K1B;PIP4K2C;PIP5K1C;PIK3C2B,0.6153846153846154
5,837,Vesicle (GO:0031982),31/235,1.541034060609302e-07,cellular anatomical structure,GO_Cellular_Component_2023,1.5605408208701792e-08,0.0,0.0,3.57447209653092,64.25345327514596,CSH1;ITSN1;CLTC;SLC2A4;PIK3C2A;PRKCZ;ACTB;GNAI2;SDCBP;PLCG2;FLOT2;SPTAN1;APPL1;RAB4A;PDCD6IP;NOS3;APLP2;MYO5A;MSN;YWHAZ;MYL6;MYO1C;SYNJ1;ALS2;BIN1;GNB1;ARHGEF2;EZR;CALM1;CALM2;VCL,0.13191489361702127
5,837,Protein Phosphatase Binding (GO:0019903),21/115,1.556135825308728e-07,binding,GO_Molecular_Function_2023,1.1266141721692148e-08,0.0,0.0,5.220705569461828,95.546554600579,JUP;FLT4;PXN;IQGAP1;AKAP5;FOXO1;PTK2;SLC9A1;PTPA;CDH5;PPP3CB;LCK;PPP1R3D;GNA12;SIRPA;STRN;SHOC2;MAPT;JAK3;MET;MAP3K5,0.1826086956521739
5,837,GDP Binding (GO:0019003),16/67,1.5612561775631486e-07,binding,GO_Molecular_Function_2023,1.1656437524792736e-08,0.0,0.0,7.303193140837334,133.41040319991689,RAB5B;RALA;RAB4A;RAB5C;RALB;GNAI3;RRAS2;GNAI1;RAP1B;RAB10;RIT1;MRAS;RAP1A;RIT2;RRAS;RAB5A,0.23880597014925373
5,837,Semaphorin-Plexin Signaling Pathway (GO:0071526),12/34,1.6094426745364684e-07,cellular process,GO_Biological_Process_2023,6.251819154075921e-09,0.0,0.0,12.655206611570248,239.06183082943505,FARP2;PLXND1;SEMA3A;SEMA6D;PLXNA2;FLNA;SEMA3E;SEMA4F;PLXNB1;MET;PLXNA4;PLXNA3,0.35294117647058826
5,837,Cortical Actin Cytoskeleton (GO:0030864),13/44,1.625261019232886e-07,cellular anatomical structure,GO_Cellular_Component_2023,1.7144103578405968e-08,0.0,0.0,9.73676792984654,174.10910174862806,GSN;ACTN3;ACTN2;RDX;ACTN4;AKAP13;CDH2;CDH1;CAPN2;FLOT1;FLOT2;SPTAN1;SPTBN1,0.29545454545454547
5,837,Positive Regulation Of Neuron Projection Development (GO:0010976),19/92,1.7301986216407198e-07,biological regulation,GO_Biological_Process_2023,6.7783345734928595e-09,0.0,0.0,6.074119971865894,114.25136858055882,RET;CAMK2B;NTRK1;PRKCI;KIDINS220;NTRK3;MAGI2;PTK6;ARHGAP35;RAP1A;RELN;RIT2;FES;RAPGEF1;PTK2B;ITGA6;ALKAL2;ALKAL1;EPHA3,0.20652173913043478
5,837,Regulation Of Cell-Matrix Adhesion (GO:0001952),16/65,1.840163667412452e-07,biological regulation,GO_Biological_Process_2023,7.270234940972172e-09,0.0,0.0,7.60207810286112,142.45896950484436,DUSP3;JUP;SEMA3E;EFNA5;PTK2;ACTG1;SLC9A1;PTPRA;RASA1;NF1;PTK2B;FYN;NF2;TLN1;EPHA3;VCL,0.24615384615384617
5,837,Platelet Aggregation (GO:0070527),12/35,2.297364597186556e-07,cellular process,GO_Biological_Process_2023,9.15284700074325e-09,0.0,0.0,12.104347826086956,224.04180517338213,PDGFRA;STXBP3;ACTN1;GNAS;ILK;FLNA;MYH9;TLN1;MYL9;MYL12A;VCL;ACTG1,0.34285714285714286
5,837,G Protein-Coupled Receptor Binding (GO:0001664),23/140,2.419212298895596e-07,binding,GO_Molecular_Function_2023,1.860932537611997e-08,0.0,0.0,4.599613599613599,81.87129610729602,GNAZ;PDCD6IP;HOMER1;ITGB4;GNAI3;ARRB1;ARRB2;ARR3;GNAI1;GNAI2;GNAO1;SDCBP;GNA14;GRK3;GNA15;GRK2;GNA11;NPPA;S1PR1;PROK2;PICK1;FLNA;FLNB,0.16428571428571428
5,837,Plasma Membrane Bounded Cell Projection Morphogenesis (GO:0120039),14/50,2.60117145033855e-07,cellular process,GO_Biological_Process_2023,1.0449593143790325e-08,0.0,0.0,9.038004590252465,166.0887241959545,NCKAP1;TRIO;DBNL;MYO9B;NGF;DNM2;PAK1;CTTN;TAOK3;NCKAP1L;PLXNB1;SRGAP3;SGK1;WASF1,0.28
5,837,Actin Nucleation (GO:0045010),10/23,2.665441923546349e-07,cellular process,GO_Biological_Process_2023,1.0884772795358597e-08,0.0,0.0,17.812296530555297,326.604506045932,ACTR3;SCIN;ARPC2;ARPC3;ARPC1B;ARPC1A;WIPF3;ARPC5L;ARPC4;ARPC5,0.43478260869565216
5,837,Actin-Based Cell Projection (GO:0098858),18/84,9.389627983478968e-08,cellular anatomical structure,GO_Cellular_Component_2023,9.112297199156805e-09,0.0,0.0,6.359307359307359,117.73393342768748,ITGB1;MYO10;ACTN2;RDX;PDGFA;MSN;UNC5C;ACTA2;CDC42;KITLG;MYO1C;SPATA13;DAG1;NF2;TEK;EZR;FGF13;JAM3,0.21428571428571427
5,837,Phosphatidylinositol-Mediated Signaling (GO:0048015),16/62,9.360289776889893e-08,cellular process,GO_Biological_Process_2023,3.449509180726354e-09,0.0,0.0,8.099136789705026,157.81195476624356,PDGFRB;PDGFRA;IRS1;EXOC7;PTEN;PIK3C2G;GAB2;PIK3C2A;IGF1R;PIK3C2B;ERBB3;PLCG2;NF1;EZR;PLCD1;FGFR1,0.25806451612903225
5,837,1-Phosphatidylinositol-4-Phosphate 5-Kinase Activity (GO:0016308),6/6,7.7790068608384e-08,catalytic activity,GO_Molecular_Function_2023,5.2798689100713114e-09,0.0,0.0,114978.0,2191407.619204585,PIP4K2A;PIP5K1A;PIP4K2B;PIP5K1B;PIP4K2C;PIP5K1C,1.0
5,837,Actin Polymerization Or Depolymerization (GO:0008154),15/53,7.22260477404219e-08,cellular process,GO_Biological_Process_2023,2.637737467279684e-09,0.0,0.0,9.184114483288512,181.41697554522813,GSN;WIPF1;WAS;DSTN;WASL;ENAH;PREX1;DIAPH1;DIAPH2;SCIN;ABI2;CFL2;EVL;WASF1;WASF3,0.2830188679245283
5,837,Positive Regulation Of Axonogenesis (GO:0050772),14/38,5.455491376864438e-09,biological regulation,GO_Biological_Process_2023,1.7206895112952242e-10,0.0,0.0,13.565512353179423,304.99512133126274,PLXND1;LIMK1;L1CAM;NGF;NTN1;TIAM2;TIAM1;PLXNA2;PLXNA1;PLXNB1;MAPT;MAP3K13;PLXNA4;PLXNA3,0.3684210526315789
5,837,Rac Protein Signal Transduction (GO:0016601),10/17,7.301447529203536e-09,cellular process,GO_Biological_Process_2023,2.3271545909812068e-10,0.0,0.0,33.090343755398166,733.9836855936778,FARP2;CYFIP1;NCKAP1;TIAM1;DBNL;RHOG;ELMO1;BRK1;RAC3;WASF1,0.5882352941176471
5,837,Calmodulin-Dependent Protein Kinase Activity (GO:0004683),11/23,9.019258691796904e-09,catalytic activity,GO_Molecular_Function_2023,5.509501915803539e-10,0.0,0.0,21.25312752219532,453.1034318532773,CAMK2B;MYLK2;CAMK2D;MAPKAPK3;CAMK4;MKNK1;CAMK2A;MAPKAPK2;MKNK2;PTK2B;MYLK3,0.4782608695652174
5,837,calcineurin-NFAT Signaling Cascade (GO:0033173),8/10,1.1620368123883708e-08,cellular process,GO_Biological_Process_2023,3.8027796655907295e-10,0.0,0.0,92.45355850422196,2005.3286526164572,PPP3CA;PPP3CB;PPP3R1;PPP3CC;NFATC3;NFATC2;NFATC1;NFATC4,0.8
5,837,Positive Regulation Of Actin Nucleation (GO:0051127),8/10,1.1620368123883708e-08,biological regulation,GO_Biological_Process_2023,3.8027796655907295e-10,0.0,0.0,92.45355850422196,2005.3286526164572,CYFIP1;NCKAP1;GSN;SCIN;BRK1;WASF1;WASF2;WASF3,0.8
5,837,Synaptic Vesicle Endocytosis (GO:0048488),14/40,1.1620368123883708e-08,localization,GO_Biological_Process_2023,3.8194437060573935e-10,0.0,0.0,12.52070286942705,271.52078397852404,SH3GL3;SYT2;ITSN1;AP2B1;DNM1;DNM2;DNM3;CDK5;SYNJ1;AP2S1;PIP5K1C;AP2M1;SH3GL2;SH3GL1,0.35
5,837,Regulation Of Phosphatidylinositol 3-Kinase Activity (GO:0043551),13/34,1.3613036593630942e-08,None,GO_Biological_Process_2023,4.5196004626928746e-10,0.0,0.0,14.380836800739711,309.4386108507088,PDGFRB;PDGFRA;FLT3;IRS1;EPHA8;PIK3R3;PTK2;FGR;CD19;KIT;PTK2B;TEK;FGFR3,0.38235294117647056
5,837,Negative Regulation Of Signal Transduction (GO:0009968),36/267,1.7661158265028608e-08,biological regulation,GO_Biological_Process_2023,5.922234345178916e-10,0.0,0.0,3.6834476385038175,78.26271708307151,GRB7;IRS1;YWHAB;INPPL1;TWIST1;PTPRJ;ARRB1;PRKCZ;SOCS1;GRB14;ERBB3;INPP5D;GRB10;PIP4K2A;PIP4K2B;PIP4K2C;APPL1;SOCS5;NCK1;BRAP;PTPN1;PTPN18;SRMS;MPIG6B;CSNK2A1;PRKCB;PRKCD;WWP2;NRG1;PTPN12;HGS;SPRY2;PRKCQ;SPRY1;CD47;PTPN2,0.1348314606741573
5,837,Positive Regulation Of Lamellipodium Assembly (GO:0010592),10/23,2.665441923546349e-07,biological regulation,GO_Biological_Process_2023,1.0884772795358597e-08,0.0,0.0,17.812296530555297,326.604506045932,ACTR3;CDC42;ACTR2;CYFIP1;NCKAP1;OCLN;ARPC2;RAC2;BRK1;WASF2,0.43478260869565216
5,837,Negative Regulation Of Intracellular Signal Transduction (GO:1902532),33/231,2.0286200998766864e-08,biological regulation,GO_Biological_Process_2023,6.869829023486787e-10,0.0,0.0,3.931384742951907,82.94715331824422,DGKG;SPI1;PHLPP1;DGKD;PDE3B;ITPR1;PTEN;TWIST1;PEBP1;PTPRJ;ARRB2;SLA2;DUSP16;IGF1R;PPP2CA;SPRED3;SPRED2;SPRED1;PPP2R1A;RPS6KA1;DAG1;MARK3;SH2B3;DUSP3;CAV3;MAGI2;DUSP9;ESR1;DUSP7;MYO1C;PDE3A;NF1;EPHA2,0.14285714285714285
5,837,Regulation Of Glucose Import (GO:0046324),13/36,3.044846713308759e-08,biological regulation,GO_Biological_Process_2023,1.041232441802132e-09,0.0,0.0,13.128957365977206,271.54439745539395,PRKCI;IRS1;APLP2;INSR;PRKAG2;IRS2;SORBS1;OCLN;CAPN10;CLTCL1;GRB10;RHOQ;APPL1,0.3611111111111111
5,837,Cell Chemotaxis (GO:0060326),15/50,3.0937558113674905e-08,cellular process,GO_Biological_Process_2023,1.0682290982145386e-09,0.0,0.0,9.97288842544317,206.0125851373109,PDGFRB;PDGFRA;HGF;ARHGEF16;PRKCD;RHOG;LPAR1;ARRB2;KIT;ELMO2;PIP5K1A;PRKCQ;EPHB1;EPHA2;HBEGF,0.3
5,837,Protein Phosphatase Type 2A Complex (GO:0000159),9/16,3.569466407362816e-08,protein-containing complex,GO_Cellular_Component_2023,3.313428732573078e-09,0.0,0.0,29.74534161490683,580.7861925227292,PPP2CA;PTPA;PPP2CB;PPP2R1B;PPP2R2C;PPP2R1A;PPP2R2B;PPP2R5D;PPP2R3A,0.5625
5,837,Calcineurin-Mediated Signaling (GO:0097720),8/11,3.8525949349577615e-08,cellular process,GO_Biological_Process_2023,1.3430360829036021e-09,0.0,0.0,61.632488942501006,1259.0490109643597,PPP3CA;PPP3CB;PPP3R1;PPP3CC;NFATC3;NFATC2;NFATC1;NFATC4,0.7272727272727273
5,837,Platelet-Derived Growth Factor Receptor Signaling Pathway (GO:0048008),9/15,4.27820361016084e-08,cellular process,GO_Biological_Process_2023,1.5056095042398708e-09,0.0,0.0,34.70471014492754,704.9938430025092,PDGFRB;PDGFRA;PTPN1;FER;PDGFD;PDGFC;PDGFA;PTPRJ;PIK3C2A,0.6
5,837,Positive Regulation Of Protein Kinase Activity (GO:0045860),25/145,4.513852767175697e-08,biological regulation,GO_Biological_Process_2023,1.6064696736765915e-09,0.0,0.0,4.885827175697865,98.93422265868848,RALB;AGAP2;PRKAG1;PRKAG2;IQGAP1;CAMKK2;PPP2CA;RAP1A;RELN;ERBB3;PTK2B;MAP3K5;EPHA4;PTPN1;HSP90AA1;INSR;PRKCD;PTK2;ALS2;TAOK2;NOX4;LCP2;CALM1;CALM2;MAP3K12,0.1724137931034483
5,837,Synaptic Vesicle Recycling (GO:0036465),14/44,4.513852767175697e-08,localization,GO_Biological_Process_2023,1.6185129444056284e-09,0.0,0.0,10.849007695423248,219.60298879709376,GIT2;SYT2;AP2B1;DNM1;PLD2;DNM2;DNM3;CDK5;SYNJ1;AP2S1;PIP5K1C;RAB5A;AP2M1;GIT1,0.3181818181818182
5,837,Ephrin Receptor Binding (GO:0046875),10/21,5.5206935682731295e-08,binding,GO_Molecular_Function_2023,3.622174513120378e-09,0.0,0.0,21.053094426734088,409.1919706764641,EFNB2;PTPN1;EFNB1;EFNA3;EFNA2;EFNB3;FYN;EFNA5;EFNA4;NCK1,0.47619047619047616
5,837,Signaling Receptor Complex Adaptor Activity (GO:0030159),14/44,2.5549382908117425e-08,molecular adaptor activity,GO_Molecular_Function_2023,1.6185129444056284e-09,0.0,0.0,10.849007695423248,219.60298879709376,IRS1;MAGI2;GAB2;SORBS1;MAPK8IP3;GNB1;BLNK;NCK2;GNB4;GNB5;SH2B3;SHANK3;SH2B2;NCK1,0.3181818181818182
5,837,Positive Regulation Of Phosphatidylinositol 3-Kinase Activity (GO:0043552),12/26,4.808316704469072e-09,None,GO_Biological_Process_2023,1.5006034867864967e-10,0.0,0.0,19.895064935064934,450.0260421187649,PDGFRB;FGR;PDGFRA;FLT3;IRS1;EPHA8;CD19;KIT;PTK2B;TEK;FGFR3;PTK2,0.46153846153846156
5,837,Protein Kinase C Activity (GO:0004697),8/14,2.6819905973756496e-07,catalytic activity,GO_Molecular_Function_2023,2.1844267308941946e-08,0.0,0.0,30.811419380780052,543.4927115143281,PRKCI;PRKCH;PRKCB;PRKCD;PRKCA;PRKCQ;PKN1;PRKCZ,0.5714285714285714
5,837,MAP Kinase Kinase Kinase Activity (GO:0004709),9/19,2.8530075835155974e-07,catalytic activity,GO_Molecular_Function_2023,2.3882642667438263e-08,0.0,0.0,20.818478260869565,365.3666644964005,MOS;TAOK2;MAP3K9;MAP3K13;MAP3K6;MAP3K11;MAP3K4;MAP3K12;MAP3K5,0.47368421052631576
5,837,NADPH Oxidase Complex (GO:0043020),8/17,1.2916795451097889e-06,protein-containing complex,GO_Cellular_Component_2023,1.5805361522440454e-07,0.0,0.0,20.537729526873072,321.6276531537653,NCF1;NCF4;NOXA1;NOX3;RAC2;NOXO1;NOX4;RAC3,0.47058823529411764
5,837,Protein Kinase Activator Activity (GO:0030295),17/88,1.3084557148730448e-06,molecular function regulator activity,GO_Molecular_Function_2023,1.1841228188896333e-07,0.0,0.0,5.574785297148746,88.91277132063578,AGAP2;IGF2;PRKAG2;NRG1;IQGAP1;STK4;ALS2;ERBB3;TAOK2;SPRY2;NCKAP1L;CALM1;MAP3K13;PAK2;CALM2;CDK5R1;MAP3K12,0.19318181818181818
5,837,Cellular Response To Oxygen-Containing Compound (GO:1901701),42/406,1.459816797341574e-06,cellular process,GO_Biological_Process_2023,6.833803732575098e-08,0.0,0.0,2.72844702467344,45.01609988786809,RET;CAMK2D;GUCY1B1;NCF1;IRS1;PXN;CACNA1A;IQGAP1;RASGRP2;FOXO1;ACTB;CAMKK2;RAP1B;RAP1A;GNG2;CDH1;PLCG2;CHP2;CAPN2;SIRPA;PTK2B;GIT1;PDGFRA;MEF2C;SYT2;PRKCD;PTK6;FOS;ESR1;TSHR;SSH1;ITPKB;FER;FES;RASA4;GNB1;RAPGEF1;PDE3A;MAPT;VIM;EZR;EPHA3,0.10344827586206896
5,837,Calcium-Dependent Protein Serine/Threonine Kinase Activity (GO:0009931),6/8,1.4823344022987966e-06,catalytic activity,GO_Molecular_Function_2023,1.3750160745305578e-07,0.0,0.0,69.17328519855596,1092.9123278858924,MAPKAPK3;CAMK4;MKNK1;MAPKAPK2;MKNK2;PRKCA,0.75
5,837,Regulation Of Cell-Substrate Junction Assembly (GO:0090109),9/21,1.4943793845372664e-06,biological regulation,GO_Biological_Process_2023,7.045214893900791e-08,0.0,0.0,17.346920289855074,285.6748441766805,DUSP3;PTPRA;FYN;EFNA5;TLN1;PTK2;EPHA3;VCL;SLC9A1,0.42857142857142855
5,837,Positive Regulation Of Protein Modification Process (GO:0031401),29/225,1.5931145554020777e-06,biological regulation,GO_Biological_Process_2023,7.563591680693794e-08,0.0,0.0,3.473195342493433,56.95114608055083,RALB;FLT4;PIK3R3;ILK;ARRB1;EFNA5;STK4;RASGRP1;CAMKK2;PTPA;CDH5;PAK1;RELN;CCND1;FLOT1;CHP1;NTRK1;HSP90AA1;INSR;HGF;LIMK2;NTRK3;PRKCD;IGF2;PTK2;PGF;TEK;CALM1;CALM2,0.1288888888888889
5,837,Phosphatidylinositol 3-Kinase Regulator Activity (GO:0035014),8/17,1.6633261411711143e-06,molecular function regulator activity,GO_Molecular_Function_2023,1.5805361522440454e-07,0.0,0.0,20.537729526873072,321.6276531537653,SOCS2;SOCS1;CISH;PIK3R3;SLA2;SOCS6;SOCS7;SOCS5,0.47058823529411764
5,837,Negative Regulation Of Cell Migration (GO:0030336),24/163,1.6891231454167174e-06,biological regulation,GO_Biological_Process_2023,8.075489141434505e-08,0.0,0.0,4.040245294539276,65.98466921258525,EPHA4;NGFR;PTPRU;PTPRR;DUSP3;MAGI2;PTEN;MITF;PTPRJ;FOXO3;RNF41;ARHGAP4;RHOB;GJA1;DUSP10;CDH1;PIP5KL1;DAG1;NF1;EVL;SRGAP3;NF2;SRGAP1;VCL,0.147239263803681
5,837,Positive Regulation Of Peptidyl-Tyrosine Phosphorylation (GO:0050731),21/130,2.119855858319573e-06,biological regulation,GO_Biological_Process_2023,1.036474680904104e-07,0.0,0.0,4.498718294657312,72.34960418442193,EPHA4;ANGPT4;PTPN1;FLT3;HGF;CSH1;TNK2;IGF2;PTK6;PTPRJ;EFNA5;GHR;RELN;ERBB3;KIT;PLCG2;NOX4;PTK2B;ARHGEF2;FGFR3;PAK2,0.16153846153846155
5,837,Cell-Substrate Junction Assembly (GO:0007044),10/28,2.119855858319573e-06,cellular process,GO_Biological_Process_2023,1.03169271968559e-07,0.0,0.0,12.861077522504369,206.89480086810607,ACTN3;CTTN;ITGB4;ACTN2;TAOK2;PIP5K1A;ITGA6;SORBS1;ARHGEF7;RHOD,0.35714285714285715
5,837,Vascular Endothelial Growth Factor Receptor Signaling Pathway (GO:0048010),10/28,2.119855858319573e-06,cellular process,GO_Biological_Process_2023,1.03169271968559e-07,0.0,0.0,12.861077522504369,206.89480086810607,MAPKAPK3;FLT4;MAPKAPK2;PTK2B;FYN;PAK2;PGF;PTK2;VAV1;VAV2,0.35714285714285715
5,837,Cell-Cell Junction Organization (GO:0045216),15/68,2.119855858319573e-06,cellular process,GO_Biological_Process_2023,1.041629040608555e-07,0.0,0.0,6.579672221457099,105.78342854276616,DSP;KIRREL1;PRKCI;CTNND1;CLDN1;CDH5;PARD6B;OCLN;PARD6A;CDH2;CDH1;CSK;TLN2;TLN1;TJP2,0.22058823529411764
5,837,Regulation Of Protein Kinase Activity (GO:0045859),20/119,2.144470810210447e-06,biological regulation,GO_Biological_Process_2023,1.0608437938956065e-07,0.0,0.0,4.713969560970785,75.70178344242773,CAV3;AGAP2;PRKAG1;PRKAG2;IQGAP1;PTK2;CAMKK2;FGR;SPRED1;RAP1A;RELN;ALS2;NF1;CHP1;PTK2B;LCP2;EPHB2;PAK2;MAP3K5;MAP3K12,0.16806722689075632
5,837,Positive Regulation Of Ras Protein Signal Transduction (GO:0046579),13/51,2.3911527801571025e-06,biological regulation,GO_Biological_Process_2023,1.198751891778627e-07,0.0,0.0,7.940246550843127,126.54223815651414,NTRK1;RASGRF1;LPAR1;ARRB1;NGF;RASGRP1;RASGRP4;AKAP13;ALS2;MCF2L;ARHGEF3;SHOC2;F2RL2,0.2549019607843137
5,837,Positive Regulation Of Protein Localization To Plasma Membrane (GO:1903078),13/51,2.3911527801571025e-06,biological regulation,GO_Biological_Process_2023,1.198751891778627e-07,0.0,0.0,7.940246550843127,126.54223815651414,ITGB1;PRKCI;PRKCH;ARHGEF16;RHOG;AKAP5;SORBS1;STX4;EPHB2;EPHA3;SPTBN1;ARF6;EPHA2,0.2549019607843137
5,837,Positive Regulation Of Transferase Activity (GO:0051347),22/143,2.498088174406673e-06,None,GO_Biological_Process_2023,1.2645826805535678e-07,0.0,0.0,4.248075850529839,67.47369034382707,PDGFRB;RET;NTRK1;PDGFRA;HSP90AA1;FLT3;INSR;FLT4;NTRK3;IGF2;IGF1R;ERBB3;PRKCQ;TEK;FGFR4;FGFR3;MET;EPHB4;MAP3K4;FGFR2;EPHA2;FGFR1,0.15384615384615385
5,837,Negative Regulation Of Lens Fiber Cell Differentiation (GO:1902747),5/5,2.498088174406673e-06,biological regulation,GO_Biological_Process_2023,1.2689491722583697e-07,0.0,0.0,95815.0,1521533.2428698365,SPRED3;SPRED2;SPRED1;SPRY2;SPRY1,1.0
5,837,Clathrin Coat Of Coated Pit (GO:0030132),7/12,1.2229445514013053e-06,protein-containing complex,GO_Cellular_Component_2023,1.4448290058749598e-07,0.0,0.0,32.314698795180725,508.9598884498518,SYNJ1;AP2S1;AP2B1;EPS15L1;AP2A2;EPS15;AP2M1,0.5833333333333334
5,837,Adenyl Ribonucleotide Binding (GO:0032559),35/309,1.0763717831755137e-06,binding,GO_Molecular_Function_2023,9.497398086842767e-08,0.0,0.0,3.008514298196116,48.64666193675732,AGAP2;PRKAG1;PRKAG2;STK4;RPS6KA4;PTPA;RPS6KA5;MKNK1;MYO6;MKNK2;PIM1;PDE4A;PIP4K2B;MAP4K5;MAP3K6;PRKACB;MYH10;MAP4K3;MAP3K5;MARK1;MAP4K1;MAP4K2;PRKCI;HSP90AA1;KSR1;DAPK2;INSR;MYO9B;UHMK1;LATS1;ACTA1;ZAP70;BTK;MYH9;RAPGEF4,0.11326860841423948
5,837,Regulation Of Epithelial To Mesenchymal Transition (GO:0010717),17/83,1.0302997679435668e-06,biological regulation,GO_Biological_Process_2023,4.7889099439608016e-08,0.0,0.0,5.998688100517369,101.1041563155436,EPHA4;PTEN;TWIST1;IL17RD;PTK2;SPRED3;PPP2CA;SPRED2;TIAM1;SDCBP;SPRED1;DAG1;SNAI1;SPRY2;SPRY1;EPHA3;MARK1,0.20481927710843373
5,837,B Cell Activation (GO:0042113),18/92,8.89983064130091e-07,cellular process,GO_Biological_Process_2023,4.1071595589004866e-08,0.0,0.0,5.669438669438669,96.42552408439856,ITGB1;MEF2C;FLT3;PRKCB;PIK3R3;PTPRJ;RASGRP1;MALT1;CD79B;ZAP70;CD79A;KIT;BLNK;BTK;PLCG2;EPHB2;JAK3;PTPN2,0.1956521739130435
5,837,Regulation Of JUN Kinase Activity (GO:0043506),13/43,3.050123979287368e-07,biological regulation,GO_Biological_Process_2023,1.2556951309151184e-08,0.0,0.0,10.06185275080906,183.0552009210656,MAP4K2;PTPN1;DUSP16;MAPK8IP1;PAK1;DUSP10;TAOK3;NPPA;MAP3K13;MAP3K4;MAP3K11;MAP3K5;MAP3K12,0.3023255813953488
5,837,Cortical Cytoskeleton (GO:0030863),15/63,3.177630279197067e-07,cellular anatomical structure,GO_Cellular_Component_2023,3.48600790122885e-08,0.0,0.0,7.266955596107055,124.78760579441354,GSN;ACTN3;ACTN2;RDX;ACTN4;AKAP13;CDH2;CTTN;CDH1;CAPN2;FLOT1;FLOT2;EZR;SPTAN1;SPTBN1,0.23809523809523808
5,837,Negative Regulation Of Protein Phosphorylation (GO:0001933),24/149,3.2854309647824895e-07,biological regulation,GO_Biological_Process_2023,1.3659147849264287e-08,0.0,0.0,4.4960590405904055,81.41848738663029,CAV3;NTRK3;PRKCD;PTEN;PRKAG2;PTPN13;PRKCZ;SPRED2;OCLN;SPRED1;PARD3;PIP5KL1;NF1;NCK2;CHP1;SIRPA;SPRY2;PTPN6;EPHB2;CALM1;CALM2;PAK2;SH3GL2;NCK1,0.1610738255033557
5,837,Negative Regulation Of MAP Kinase Activity (GO:0043407),14/51,3.2854309647824895e-07,biological regulation,GO_Biological_Process_2023,1.3852912766513152e-08,0.0,0.0,8.79327444090506,159.11228135459868,PTPN1;CAV3;PRKCD;CBLC;PTPRJ;DUSP16;DUSP7;MAPK8IP1;DUSP10;NPPA;NF1;SPRY2;SPRY1;SH2B3,0.27450980392156865
5,837,Positive Regulation Of Protein Localization To Cell Periphery (GO:1904377),14/51,3.2854309647824895e-07,biological regulation,GO_Biological_Process_2023,1.3852912766513152e-08,0.0,0.0,8.79327444090506,159.11228135459868,ITGB1;PRKCI;PRKCH;ARHGEF16;RHOG;AKAP5;SORBS1;GNAI1;STX4;EPHB2;EPHA3;SPTBN1;ARF6;EPHA2,0.27450980392156865
5,837,Cyclic Nucleotide-Dependent Protein Kinase Activity (GO:0004690),6/7,4.145909600427677e-07,catalytic activity,GO_Molecular_Function_2023,3.564356670050944e-08,0.0,0.0,138.35379061371842,2372.7256104585144,PRKAG1;PRKG2;PRKX;PRKACA;PRKACB;PRKG1,0.8571428571428571
5,837,Positive Regulation Of Plasma Membrane Bounded Cell Projection Assembly (GO:0120034),18/88,4.658562929575005e-07,biological regulation,GO_Biological_Process_2023,1.979734578305447e-08,0.0,0.0,5.994662480376766,106.33163233987425,ACTR3;CYFIP1;NCKAP1;ACTR2;RALA;BRK1;WASL;ARAP1;ARHGAP35;CDC42;DOCK11;OCLN;ARPC2;CDC42EP5;RAC2;PFN1;WASF2;RHOQ,0.20454545454545456
5,837,Phosphatidylinositol Biosynthetic Process (GO:0006661),19/98,4.730091689537268e-07,cellular process,GO_Biological_Process_2023,2.0258360821723362e-08,0.0,0.0,5.611030299278883,99.39770861502988,CISH;INPPL1;PTEN;PIK3R3;SLA2;PIK3C2A;PGF;SOCS2;ITPKB;SOCS1;SYNJ1;INPP5D;PLCG2;PIP5K1A;PIP5K1B;PIP5K1C;SOCS6;SOCS7;SOCS5,0.19387755102040816
5,837,1-Phosphatidylinositol-3-Kinase Regulator Activity (GO:0046935),8/14,2.6819905973756496e-07,molecular function regulator activity,GO_Molecular_Function_2023,2.1844267308941946e-08,0.0,0.0,30.811419380780052,543.4927115143281,SOCS2;SOCS1;CISH;PIK3R3;SLA2;SOCS6;SOCS7;SOCS5,0.5714285714285714
5,837,Arp2/3 Complex-Mediated Actin Nucleation (GO:0034314),9/19,5.533424593409541e-07,cellular process,GO_Biological_Process_2023,2.3882642667438263e-08,0.0,0.0,20.818478260869565,365.3666644964005,ACTR3;ARPC2;ARPC3;ARPC1B;ARPC1A;WIPF3;ARPC5L;ARPC4;ARPC5,0.47368421052631576
5,837,Positive Regulation Of Glucose Import (GO:0046326),10/25,6.525261090368168e-07,biological regulation,GO_Biological_Process_2023,2.8813403885091842e-08,0.0,0.0,15.435711406690851,268.0013838646452,PRKCI;OCLN;IRS1;CAPN10;INSR;CLTCL1;IRS2;SORBS1;RHOQ;APPL1,0.4
5,837,Regulation Of Cell Size (GO:0008361),10/25,6.525261090368168e-07,cellular process,GO_Biological_Process_2023,2.8813403885091842e-08,0.0,0.0,15.435711406690851,268.0013838646452,VAV3;CAV3;RDX;PTEN;MSN;ARHGAP5;EZR;ARHGAP35;VAV1;VAV2,0.4
5,837,Regulation Of Focal Adhesion Assembly (GO:0051893),14/54,6.9379495742896e-07,biological regulation,GO_Biological_Process_2023,3.0941571973678705e-08,0.0,0.0,8.132503037667071,140.62045339935716,DUSP3;PTEN;PTPRJ;NRG1;EFNA5;PTK2;ACTG1;SLC9A1;PTPRA;FYN;TEK;TLN1;EPHA3;VCL,0.25925925925925924
5,837,Homotypic Cell-Cell Adhesion (GO:0034109),13/46,6.9379495742896e-07,cellular process,GO_Biological_Process_2023,3.1096387534166535e-08,0.0,0.0,9.14570461900559,158.09424305179203,PDGFRA;STXBP3;ACTN1;ILK;MYL12A;ACTG1;GNAS;FLNA;MYH9;TLN1;MYL9;VCL;TJP2,0.2826086956521739
5,837,Postsynaptic Density (GO:0014069),23/151,6.96869118607595e-07,cellular anatomical structure,GO_Cellular_Component_2023,7.939015275276398e-08,0.0,0.0,4.201906096437346,68.69650685178566,GRIA1;USP8;GRIA2;DAGLA;PTPRS;HOMER1;MAGI2;AKAP5;KALRN;DNM3;ARHGEF9;GAP43;CDH2;CDK5;PICK1;PTK2B;STRN;FYN;SRGAP3;SHANK3;CACNG3;GRIA3;CDK5R1,0.152317880794702
5,837,Negative Regulation Of Cell Motility (GO:2000146),22/133,7.371288070606857e-07,biological regulation,GO_Biological_Process_2023,3.328337243036296e-08,0.0,0.0,4.633217266346101,79.7756980964908,EPHA4;NGFR;PTPRU;DUSP3;MAGI2;PTEN;WAS;MITF;PTPRJ;FOXO3;RNF41;ARHGAP4;RHOB;DUSP10;CDH1;PIP5KL1;DAG1;NF1;SRGAP3;NF2;SRGAP1;VCL,0.16541353383458646
5,837,Positive Regulation Of Arp2/3 Complex-Mediated Actin Nucleation (GO:2000601),6/7,7.779595862459017e-07,biological regulation,GO_Biological_Process_2023,3.564356670050944e-08,0.0,0.0,138.35379061371842,2372.7256104585144,CYFIP1;NCKAP1;BRK1;WASF1;WASF2;WASF3,0.8571428571428571
5,837,Peptidyl-Tyrosine Dephosphorylation Involved In Inactivation Of Protein Kinase Activity (GO:1990264),6/7,7.779595862459017e-07,cellular process,GO_Biological_Process_2023,3.564356670050944e-08,0.0,0.0,138.35379061371842,2372.7256104585144,PTPN1;PTPRB;PTPRR;DUSP10;DUSP3;PTPRO,0.8571428571428571
5,837,Positive Regulation Of Lamellipodium Organization (GO:1902745),11/31,5.831939338710061e-07,biological regulation,GO_Biological_Process_2023,2.5364676406740303e-08,0.0,0.0,12.746549636803874,222.93598458839267,CDC42;ACTR3;CYFIP1;NCKAP1;ACTR2;OCLN;ARPC2;RAC2;BRK1;ARHGEF7;WASF2,0.3548387096774194
5,837,Endocytic Vesicle (GO:0030139),40/196,1.3117316548566869e-15,cellular anatomical structure,GO_Cellular_Component_2023,4.981259448822862e-17,0.0,0.0,6.114918122446353,229.5434097209418,GRIA1;CAMK2B;GRIA2;RAB5B;CAMK2D;RALA;SH3KBP1;CLTC;CAMK2A;LPAR1;CLTB;LPAR2;AP2A1;WASL;ARRB2;PLD1;AP2A2;MYO6;CLTCL1;AP2S1;FLOT2;ITGAV;SRGAP3;CACNG3;AP2M1;GRIA3;HSP90AA1;NOS3;AP2B1;DNM2;GNAO1;FMNL1;EHD4;CTTN;PICK1;RIN1;STAM2;RAB5A;ARF6;HBEGF,0.20408163265306123
5,837,Dendritic Spine Organization (GO:0097061),12/26,4.808316704469072e-09,cellular process,GO_Biological_Process_2023,1.5006034867864967e-10,0.0,0.0,19.895064935064934,450.0260421187649,CDC42;INSR;PTEN;PICK1;FYN;WASL;EPHB2;PAK3;EPHB1;SHANK3;IGF1R;EPHB3,0.46153846153846156
5,837,Regulation Of Signal Transduction (GO:0009966),31/193,3.821596549814958e-09,biological regulation,GO_Biological_Process_2023,1.1545992232176663e-10,0.0,0.0,4.511158594491928,103.22477142448416,PXN;ILK;ZDHHC7;RASGRP4;PPP2CA;SOCS2;RGS3;GRK5;ERBB3;PPP2R1A;GNG4;INPP5D;GNG7;GRK6;NCK2;CSK;FYN;NCAM1;GIT1;SOCS5;NCK1;BRAP;GIT2;PTPN1;SRMS;MPIG6B;HOMER1;CAV3;DOK5;FGFR2;PTPN2,0.16062176165803108
5,837,Fc-gamma Receptor Signaling Pathway Involved In Phagocytosis (GO:0038096),14/20,9.331098371114162e-14,cellular process,GO_Biological_Process_2023,1.394088402058889e-15,0.0,0.0,54.31308221952207,1857.862384206732,VAV3;YES1;SYK;LIMK1;PRKCD;PTK2;VAV1;PLD2;VAV2;FGR;HCK;PAK1;PLPP4;FYN,0.7
5,837,Fc-gamma Receptor Signaling Pathway (GO:0038094),15/24,1.1261132784951365e-13,cellular process,GO_Biological_Process_2023,1.7198277161612309e-15,0.0,0.0,38.83617193836172,1320.2959494294098,VAV3;YES1;SYK;LIMK1;PRKCD;PTK2;VAV1;PLD2;VAV2;FGR;HCK;PAK1;PLPP4;LCK;FYN,0.625
5,837,MAPK Cascade (GO:0000165),27/98,1.5625493372150865e-13,cellular process,GO_Biological_Process_2023,2.4382409976463828e-15,0.0,0.0,8.96338028169014,301.5953337094757,CAMKK2;PPP1CB;PAK1;NRTN;ITGAV;MAP3K4;MAP2K5;MAP3K5;BRAP;MEF2C;DUSP9;DUSP7;MAPK13;MOS;RIT2;TAOK3;MAPKAPK2;TAOK2;NF1;PTPN7;FGF13;MAP3K13;FGFR3;SHANK3;MAP3K11;FGFR1;PTPN3,0.2755102040816326
5,837,Positive Regulation Of Phosphatidylinositol 3-Kinase Signaling (GO:0014068),23/69,1.796299860020239e-13,None,GO_Biological_Process_2023,2.862629258996397e-15,0.0,0.0,11.742628992628992,393.2258382968167,PDGFRB;NTRK1;PDGFRA;NCF1;FLT3;UNC5B;HGF;INSR;NTRK3;PDGFA;SEMA3E;PTK2;IGF1R;FGR;ERBB3;PDGFD;KIT;PDGFC;PLXNB1;PTPN6;TEK;PIK3AP1;FGFR1,0.3333333333333333
5,837,Peptidyl-Tyrosine Dephosphorylation (GO:0035335),16/29,1.925926728302561e-13,cellular process,GO_Biological_Process_2023,3.1331477319663187e-15,0.0,0.0,28.70795465192542,958.7520466444544,PTPN1;PTPN18;PTPRR;PTPRS;DUSP3;PTPRO;PTPRJ;PTPN12;PTPN13;PTPRF;DUSP7;PTPRB;DUSP10;PTPN6;PTPN5;PTPN2,0.5517241379310345
5,837,Positive Regulation Of Protein Polymerization (GO:0032273),23/70,2.468193590809044e-13,biological regulation,GO_Biological_Process_2023,4.0972669170136836e-15,0.0,0.0,11.492184641120812,380.7183360898021,VASP;NCKAP1;HSP90AA1;CAV3;BAIAP2;HCK;PAK1;FER;OCLN;CTTN;BIN1;CDC42EP5;FES;NCK2;PTK2B;EVL;NCKAP1L;MAPT;PFN1;MET;NCK1;ARF6;CDK5R1,0.32857142857142857
5,837,Lamellipodium Organization (GO:0097581),16/30,3.812103772345978e-13,cellular process,GO_Biological_Process_2023,6.454757383454345e-15,0.0,0.0,26.655994431877502,870.9568680291967,ITGB1;CYFIP1;PTPRO;MYO9B;RHOD;ABLIM2;ABLIM3;CTTN;KIT;SPATA13;S1PR1;ARHGEF4;WASF1;ARHGEF7;VCL;ARHGEF6,0.5333333333333333
5,837,Negative Regulation Of Insulin Receptor Signaling Pathway (GO:0046627),15/26,5.442044204956724e-13,biological regulation,GO_Biological_Process_2023,9.395295440164327e-15,0.0,0.0,31.77173191771732,1026.1814220905558,GRB7;PTPN1;IRS1;PRKCB;PRKCD;PRKCZ;SOCS1;GRB14;GRB10;PIP4K2A;PIP4K2B;PRKCQ;PIP4K2C;PTPN2;NCK1,0.5769230769230769
5,837,Fc Receptor Mediated Stimulatory Signaling Pathway (GO:0002431),14/22,6.044214399476888e-13,cellular process,GO_Biological_Process_2023,1.0635569826436757e-14,0.0,0.0,40.73055893074119,1310.4883158817383,VAV3;YES1;SYK;LIMK1;PRKCD;PTK2;VAV1;PLD2;VAV2;FGR;HCK;PAK1;PLPP4;FYN,0.6363636363636364
5,837,Positive Regulation Of Cell Population Proliferation (GO:0008284),61/483,6.612883076340626e-13,biological regulation,GO_Biological_Process_2023,1.1855766471527021e-14,0.0,0.0,3.4909885425318805,111.94190602972635,IRS1;FLT3;FLT4;SIRPG;PTEN;IRS2;AREG;ACTB;IGF1R;GJA1;CAPNS1;CHP2;PIM1;ITGAV;CAPN1;PDGFRB;EPHA4;PDGFRA;MEF2C;PRKCI;PRKCH;CSNK2A1;RHOG;MATK;FLT3LG;ADAM10;NRG1;GAB2;PGF;TIAM1;HCK;CD47;HBEGF;YAP1;PDGFA;TGFA;CSF2RB;GNAI2;EFNB2;SDCBP;PAK1;GRK5;ERBB3;PDGFD;PDGFC;PTK2B;STX4;S1PR3;NTRK3;INSR;IGF2;PTK2;EPOR;TSHR;KITLG;FER;PTPN6;FGFR4;FGFR3;FGFR2;FGFR1,0.12629399585921325
5,837,Regulation Of Cytoskeleton Organization (GO:0051493),28/114,1.006589716136547e-12,biological regulation,GO_Biological_Process_2023,1.838062230661025e-14,0.0,0.0,7.677523212694397,242.820707411768,RALA;PDGFA;EFNA5;ARHGAP35;CDC42;PAK1;CAPN2;RAC3;PAK3;PAK2;PLXNA3;EPHA5;PDGFRB;SIGLEC15;PRKCD;RHOG;NRG1;BAIAP2;PTK2;DIAPH1;HCK;CAPN10;TAOK2;PLXNB1;MAPT;EZR;EPHA3;RHOQ,0.24561403508771928
5,837,Actin Filament (GO:0005884),22/71,1.1762159288068125e-12,cellular anatomical structure,GO_Cellular_Component_2023,6.451817331007832e-14,0.0,0.0,10.52981094278202,319.8096221375601,APC2;ACTN3;WIPF1;ACTN2;TPM3;ACTN1;WAS;MYO5A;MYO9B;IQGAP1;ACTG1;ACTA1;HCK;DIAPH1;PAK1;DIAPH2;CTTN;MYO6;RAC2;TEK;EZR;RHOQ,0.30985915492957744
5,837,Heterotrimeric G-protein Complex (GO:0005834),14/24,1.1762159288068125e-12,protein-containing complex,GO_Cellular_Component_2023,6.032231355275723e-14,0.0,0.0,32.58104495747266,991.7368487955436,GNAZ;GNAI3;GNAI1;GNAI2;GNA13;GNAO1;GNA14;GNA15;GNG2;GNA12;GNB1;GNAS;GNB4;GNB5,0.5833333333333334
5,837,Regulation Of Actin Cytoskeleton Organization (GO:0032956),25/91,1.5288798397894077e-12,biological regulation,GO_Biological_Process_2023,2.8425388787585275e-14,0.0,0.0,8.908512464546947,277.8698102156644,RALA;PDGFA;SEMA3E;EFNA5;ARHGAP35;CDC42;PAK1;ARHGDIA;RAC3;PTK2B;PAK3;EPHA5;PDGFRB;PDGFRA;SIGLEC15;PRKCD;RHOG;NRG1;BAIAP2;HCK;CAPN10;TAOK2;EZR;EPHA3;RHOQ,0.27472527472527475
5,837,Regulation Of Cell Population Proliferation (GO:0042127),80/766,1.9636514198297197e-12,biological regulation,GO_Biological_Process_2023,3.7160734040602276e-14,0.0,0.0,2.8464361777924982,88.02183668319503,PTPRU;IRS1;FLT3;FLT4;SIRPG;PTEN;IRS2;PTPRJ;AREG;ETS1;ACTB;IGF1R;PPP3CA;CAPNS1;RPS6KA2;CHP2;NCK2;ITGAV;CAPN1;PDGFRB;EPHA4;PDGFRA;CSNK2A1;KSR1;MAGI2;RHOG;MATK;FLT3LG;ADAM10;NRG1;GAB2;NGF;PGF;RNF41;TIAM1;HCK;HGS;KIT;ARHGEF2;CD47;SGK1;HBEGF;YAP1;PDGFA;TGFA;GNAI2;EFNB2;SDCBP;PAK1;SCIN;GRK5;ERBB3;PDGFD;PDGFC;PTK2B;STX4;S1PR3;SH2B3;NTRK1;JUP;NOS3;NTRK3;INSR;IGF2;PTK2;EPOR;TSHR;KITLG;FER;MYO1C;FES;NOX4;STRN;PTPN6;NF2;FGFR4;FGFR3;PTPN2;FGFR2;FGFR1,0.10443864229765012
5,837,Positive Regulation Of Cell Projection Organization (GO:0031346),28/118,2.4441262643994667e-12,biological regulation,GO_Biological_Process_2023,4.706484838485028e-14,0.0,0.0,7.334761708556517,225.0836661772045,RET;CAMK2B;PLXND1;ARHGAP35;RAP1A;RELN;PLXNA2;PLXNA1;PTK2B;ALKAL2;ALKAL1;PLXNA4;PLXNA3;NTRK1;PRKCI;KIDINS220;NTRK3;MAGI2;PTK6;TIAM2;TIAM1;RIT2;FES;RAPGEF1;PLXNB1;ITGA6;MAP3K13;EPHA3,0.23728813559322035
5,837,Positive Regulation Of Phosphorylation (GO:0042327),39/231,4.482101576170992e-12,biological regulation,GO_Biological_Process_2023,8.779681042300415e-14,0.0,0.0,4.828927788220551,145.17568369737654,RET;RALB;FLT3;FLT4;PIK3R3;ILK;ARRB1;EFNA5;STK4;RASGRP1;CAMKK2;IGF1R;SDCBP;PAK1;RELN;CCND1;ERBB3;FLOT1;NCKAP1L;EPHB4;PDGFRB;NTRK1;PDGFRA;HSP90AA1;INSR;HGF;LIMK2;NTRK3;IGF2;PTK2;PGF;ITGA6;TEK;FGFR4;FGFR3;MET;FGFR2;EPHA2;FGFR1,0.16883116883116883
5,837,Positive Regulation Of GTPase Activity (GO:0043547),42/234,7.103536565605606e-14,biological regulation,GO_Biological_Process_2023,1.0377012247232625e-15,0.0,0.0,5.22000786163522,180.09950275317834,DOCK6;ITGB1;ARHGEF26;DOCK8;RASGRF2;DOCK7;RASGRF1;AGAP2;ASAP3;RASGRP2;RASGRP1;RASGRP4;PREX2;PREX1;DOCK11;RAP1A;PIP5K1A;SRGAP3;RALGDS;APC2;NTRK1;ARHGEF15;RALGAPA1;CAV2;NTRK3;ARHGEF16;RHOG;ARAP1;TIAM2;TIAM1;ALS2;TBC1D4;RAPGEF1;NF1;PLXNB1;ITGA6;GNB5;ARHGEF7;NGEF;SIPA1;EPHA2;RAPGEF4,0.1794871794871795
5,837,Small GTPase Binding (GO:0031267),38/199,6.362090148140688e-14,binding,GO_Molecular_Function_2023,3.022712513822499e-15,0.0,0.0,5.6131966199986,187.66387959151075,CYFIP1;NCKAP1;DOCK3;DOCK7;ARHGAP1;WAS;BRK1;IQGAP1;FGD1;FGD3;AKAP13;FGD5;PAK1;PARD6A;FLNA;SRGAP3;WASF1;PAK2;GIT1;NGFR;GIT2;ARHGEF16;MYO5A;RANBP9;MYO9B;RNF41;FMNL1;MYO1C;ABI2;ALS2;CDC42EP5;NOXA1;ARHGEF2;PKN1;RIN1;DOCK2;DOCK1;RAPGEF4,0.19095477386934673
5,837,Neuron Projection Development (GO:0031175),38/192,6.190893555272085e-14,cellular process,GO_Biological_Process_2023,8.838261051683257e-16,0.0,0.0,5.870503714058157,203.4849926639136,NCKAP1;TRIO;DOCK7;RASGRF1;PTEN;WASL;ARHGAP35;CDC42;PAK1;FLRT3;NRTN;NCKAP1L;SRGAP3;EPHB2;PAK3;EPHB1;SH3GL2;EPHB3;PLXNA3;EPHA4;DBNL;UNC5A;EPHA8;L1CAM;NGF;MAPK8IP3;UHMK1;DNM2;CDK5;ALS2;CTTN;TAOK3;MAP1B;PLXNB1;MAPT;SGK1;SHANK3;CDK5R1,0.19791666666666666
5,837,Membrane Raft (GO:0045121),35/169,6.143084474220258e-14,cellular anatomical structure,GO_Cellular_Component_2023,2.851220642043157e-15,0.0,0.0,6.197333159638218,207.5550657921661,ITGB1;CBLC;CBLB;AKAP5;SLC9A1;RAP1B;PPP2CA;CD79A;SDCBP;GJA1;PPP2R1B;PRKAR2A;CAPN2;PLCG2;FLOT1;FYN;PRKACA;PAG1;CAV3;CAV2;GAB2;SORBS1;ZAP70;MYO1C;RIT2;MYL1;PRKAR1A;LCK;NPHS2;BTK;ORAI1;LCP2;MAPT;TEK;EZR,0.20710059171597633
5,837,Positive Regulation Of Kinase Activity (GO:0033674),30/104,1.6086603415065308e-15,biological regulation,GO_Biological_Process_2023,1.6556597140339458e-17,0.0,0.0,9.589570983623029,370.53859695975,RET;FLT3;FLT4;AGAP2;PRKAG1;PRKAG2;IQGAP1;IGF1R;RAP1A;RELN;ERBB3;PTK2B;EPHB4;MAP3K5;PDGFRB;NTRK1;PDGFRA;INSR;NTRK3;PTK2;ALS2;LCP2;TEK;FGFR4;FGFR3;MET;FGFR2;EPHA2;FGFR1;MAP3K12,0.28846153846153844
5,837,Regulation Of Neuron Projection Development (GO:0010975),38/174,2.6063644868238527e-15,biological regulation,GO_Biological_Process_2023,2.7690459355366297e-17,0.0,0.0,6.653776779798277,253.6781923275022,RET;CAMK2B;PTPRS;SEMA3A;PTPRO;LPAR1;PTEN;ARHGAP35;EFNB2;PAK1;RAP1A;RELN;CDH2;PTK2B;ALKAL2;ALKAL1;CTNNA2;PAK3;PAK2;EPHB3;MARK1;NTRK1;EPHA4;PRKCI;DCC;KIDINS220;NTRK3;MAGI2;PTK6;MAG;RIT2;CDK5;FES;RAPGEF1;ITGA6;SHANK3;EPHA3;CDK5R1,0.21839080459770116
5,837,Ephrin Receptor Activity (GO:0005003),13/15,2.960529476787573e-15,catalytic activity,GO_Molecular_Function_2023,1.0716848784751395e-16,0.0,0.0,151.14866504854368,5558.058273598581,EPHA5;EPHB6;EPHA4;EPHA7;EPHA10;EPHA8;EFNA4;EFNB3;EPHB2;EPHB1;EPHA3;EPHB4;EPHB3,0.8666666666666667
5,837,Peptidyl-Serine Modification (GO:0018209),37/166,3.2587366593455535e-15,cellular process,GO_Biological_Process_2023,3.570329009243137e-17,0.0,0.0,6.824205426356589,258.4414547361335,CAMK2B;CAMK2D;PKN3;CAMK2A;PRKX;STK4;PRKCZ;RPS6KA3;GRK2;MKNK1;MKNK2;PRKACA;PRKACB;MARK3;PAK2;MARK1;MAP4K1;PRKCI;PRKCH;CSNK2A1;PRKCB;PRKCD;PRKCA;UHMK1;MAPK13;LATS1;MAPKAPK3;CDK5;CAMK4;MAPKAPK2;ULK2;PRKCQ;PKN1;MAP3K13;SGK1;MAP3K12;CDK5R1,0.22289156626506024
5,837,Positive Regulation Of MAPK Cascade (GO:0043410),51/310,3.398219751196791e-15,biological regulation,GO_Biological_Process_2023,3.835971830700229e-17,0.0,0.0,4.7358896519201865,179.0143734571102,RET;FLT3;FLT4;PTPRJ;ARRB1;ARRB2;IGF1R;GHR;MAP4K1;PDGFRB;PDGFRA;MEF2C;KSR1;EPHA8;PRKCA;NRG1;DOK2;DOK4;DOK5;DOK6;KIT;LPAR1;PDGFA;TGFA;IQGAP1;PRKCZ;RASGRP1;RAP1A;PDGFD;PDGFC;PLCG2;PTK2B;ALKAL2;ALKAL1;MAP2K5;NTRK1;CAV2;INSR;NTRK3;IGF2;MOS;RIT2;TAOK3;TAOK2;SPRY2;TEK;FGFR4;FGFR3;FGFR2;FGFR1;MAP3K12,0.16451612903225807
5,837,GTPase Binding (GO:0051020),42/225,6.207786294544168e-15,binding,GO_Molecular_Function_2023,2.4186677537775163e-16,0.0,0.0,5.479327765749046,197.02646018991567,CYFIP1;NCKAP1;DOCK3;DOCK7;ARHGAP1;WAS;BRK1;IQGAP1;FGD1;FGD3;AKAP13;FGD5;PAK1;PARD6A;FLNA;SRGAP3;WASF1;PAK2;SPTBN1;GIT1;NGFR;GIT2;HSP90AA1;ARHGEF16;MYO5A;RANBP9;MYO9B;RNF41;FMNL1;MYO1C;ABI2;ALS2;CDC42EP5;RASA1;GNB1;NOXA1;ARHGEF2;PKN1;RIN1;DOCK2;DOCK1;RAPGEF4,0.18666666666666668
5,837,Protein Tyrosine Phosphatase Activity (GO:0004725),25/76,6.207786294544168e-15,catalytic activity,GO_Molecular_Function_2023,2.528057767008937e-16,0.0,0.0,11.537718535690138,414.3645869537655,PTPRU;PTPRR;PTPRS;PTPRO;PTEN;PTPRJ;DUSP16;PTPRF;PPP2CA;DUSP10;PTPN1;PTPN18;DUSP3;PTPN12;PTPN13;DUSP9;PTK2;DUSP7;PTPRB;PTPRA;PTPN6;PTPN7;PTPN5;PTPN2;PTPN3,0.32894736842105265
5,837,Cellular Response To Insulin Stimulus (GO:0032869),28/99,3.0065418153732257e-14,cellular process,GO_Biological_Process_2023,3.4936574879834955e-16,0.0,0.0,9.30684726405404,331.234531430372,GRB7;IRS1;STXBP4;PDE3B;PIK3R3;IRS2;ZDHHC7;SLC2A4;PIK3C2A;FOXO1;IGF1R;GRB14;GRB10;SH2B2;APPL1;PRKCI;CAV2;INSR;IGF2;MYO5A;SORBS1;BAIAP2;RAB10;FER;TBC1D4;CAPN10;RHOQ;PTPN2,0.2828282828282828
5,837,Lamellipodium Assembly (GO:0030032),14/25,6.509728605457943e-12,cellular process,GO_Biological_Process_2023,1.3183713311186406e-13,0.0,0.0,29.61758533082956,878.3749204291727,ITGB1;CYFIP1;PTPRO;RHOD;ABLIM2;ABLIM3;KIT;SPATA13;S1PR1;ARHGEF4;SRGAP3;ARHGEF7;VCL;ARHGEF6,0.56
5,837,Vesicle-Mediated Transport (GO:0016192),58/411,3.1194693239653354e-14,localization,GO_Biological_Process_2023,3.728449391193627e-16,0.0,0.0,3.9673875492296,140.94290686463555,ARF1;ITSN1;WIPF3;SNAP23;ARHGAP1;INPPL1;AP2A1;WASL;PIK3C2A;AP2A2;EEA1;DPYSL2;PIP4K2A;AP2M1;PRKCI;EXOC7;ARAP3;EPS15L1;MAPK8IP3;DNM1;EPN1;MAPK8IP1;RHOB;DNM2;DNM3;ALS2;TBC1D4;BIN1;MYL1;HGS;RHOU;AMPH;RHOQ;ARF6;RAB5B;RAB5C;STXBP3;STXBP2;AGAP2;KALRN;CDC42;NCKIPSD;CYTH3;CYTH2;MYO6;AP2S1;STX4;EPS15;CYTH1;RAB4A;RAB4B;CAV3;CAV2;MYO5A;AP2B1;RAB10;EHD4;RAB5A,0.1411192214111922
5,837,B Cell Receptor Signaling Pathway (GO:0050853),20/46,3.4518383521863525e-14,cellular process,GO_Biological_Process_2023,4.3549089436614005e-16,0.0,0.0,18.018077393842383,637.3004386178303,BLK;VAV3;ITK;MEF2C;SYK;PRKCB;NFATC2;BMX;CD79B;CD79A;TEC;LCK;CD19;BLNK;IGLC3;PLCG2;BTK;IGHE;NCKAP1L;SH2B2,0.43478260869565216
5,837,Regulation Of Hydrolase Activity (GO:0051336),24/71,3.809065489056629e-14,biological regulation,GO_Biological_Process_2023,4.932056908141054e-16,0.0,0.0,12.006594959566616,423.1797077116774,EPHA5;VAV3;EPHA4;PLXND1;CAMK2A;RDX;EFNA5;VAV1;FGD1;PTK2;VAV2;FGD3;FGD5;ALS2;PLXNA2;NF1;PLXNA1;PLXNB1;PRKG1;EPHA3;NGEF;PLXNA4;EPHB3;PLXNA3,0.3380281690140845
5,837,Purine Ribonucleoside Triphosphate Binding (GO:0035639),62/476,3.8657782049721327e-14,binding,GO_Molecular_Function_2023,1.661759861865849e-15,0.0,0.0,3.6229951690821256,123.29378338794062,ARF1;PRKAG1;PRKAG2;RND1;RPS6KA4;RPS6KA5;PIM1;RAC2;RAC3;PIP4K2B;MAP3K6;PRKACB;MAP3K5;MAP4K1;MAP4K2;PRKCI;HSP90AA1;KSR1;DAPK2;RHOG;RRAS2;RHOC;RHOD;UHMK1;RHOB;DNM2;LATS1;ACTA1;ZAP70;MRAS;BTK;MYH9;RHOU;RHOQ;ARF6;RALA;RALB;AGAP2;STK4;GNAI1;RAP1B;CDC42;PTPA;GNA14;GNA15;RAP1A;RRAS;GNA11;MKNK1;MKNK2;MAP4K5;MYH10;MAP4K3;MARK1;RAB4A;RAB4B;INSR;MYO9B;RAB10;RIT1;RIT2;RAB5A,0.13025210084033614
5,837,Cytoplasmic Vesicle Membrane (GO:0030659),55/389,4.8457778573606593e-14,cellular anatomical structure,GO_Cellular_Component_2023,2.0446320073251725e-15,0.0,0.0,3.964940962065639,134.10841285355656,RET;ITGB1;FLT3;NCF4;ARHGAP1;WDR83;ARRB1;AP2A1;WASL;SLC2A4;SLA2;AP2A2;GJA1;AP2M1;APPL1;APLP2;RHOG;RHOD;RHOB;DNM2;PICK1;RHOU;RHOQ;HBEGF;GRIA1;CAMK2B;GRIA2;RAB5B;CAMK2D;RALA;CAMK2A;ITPR1;ITPR2;ITPR3;IQGAP1;RAP1A;AP2S1;NCKAP1L;PIP5K1C;CACNG3;GRIA3;ATP6V0A1;NTRK1;RAB4A;RAB4B;NOS3;INSR;AP2B1;RAB10;GNAO1;DIAPH1;CLCN6;ABHD17B;ABHD17A;RAB5A,0.14138817480719795
5,837,Negative Regulation Of Cellular Response To Insulin Stimulus (GO:1900077),16/27,4.9038313891946256e-14,biological regulation,GO_Biological_Process_2023,6.512392283126993e-16,0.0,0.0,33.9311261211383,1186.491899104908,GRB7;PTPN1;IRS1;PRKCB;APLP2;PRKCD;PRKCZ;SOCS1;GRB14;GRB10;PIP4K2A;PIP4K2B;PRKCQ;PIP4K2C;PTPN2;NCK1,0.5925925925925926
5,837,Transmembrane-Ephrin Receptor Activity (GO:0005005),12/14,4.9754966922446e-14,catalytic activity,GO_Molecular_Function_2023,2.2513559693414478e-15,0.0,0.0,139.35272727272726,4699.983393986922,EPHA5;EPHB6;EPHA4;EPHA7;EFNB3;EPHA10;EPHA8;EPHB2;EFNA4;EPHB1;EPHA3;EPHB3,0.8571428571428571
5,837,Positive Regulation Of Cytoskeleton Organization (GO:0051495),25/79,5.2251334598365327e-14,biological regulation,GO_Biological_Process_2023,7.152212604348036e-16,0.0,0.0,10.89502371829958,379.9524004426214,NCKAP1;MYLK3;SCIN;CFL2;NCK2;PTK2B;NCKAP1L;NCK1;PLXNA3;VASP;GSN;LIMK1;BAIAP2;HCK;FER;CTTN;CDK5;BIN1;CDC42EP5;FES;EVL;TEK;PFN1;PFN3;ARF6,0.31645569620253167
5,837,Insulin Receptor Signaling Pathway (GO:0008286),20/47,5.2251334598365327e-14,cellular process,GO_Biological_Process_2023,7.2860426730788315e-16,0.0,0.0,17.349834534657056,604.7354388175888,GRB7;IRS1;STXBP4;CAV2;INSR;IGF2;PIK3R3;IRS2;SORBS1;PIK3C2A;BAIAP2;FOXO1;IGF1R;FER;GRB14;GRB10;SH2B2;PTPN2;RHOQ;APPL1,0.425531914893617
5,837,Positive Regulation Of Cellular Process (GO:0048522),72/594,3.1217021733591794e-14,biological regulation,GO_Biological_Process_2023,3.834760305919311e-16,0.0,0.0,3.361009691232815,119.30661657741103,PRR5;IRS1;FLT3;FLT4;SIRPG;PTEN;IRS2;PTPRJ;AREG;ACTB;IGF1R;RPS6KA3;PPP3CA;CAPNS1;RPS6KA1;CHP2;ITGAV;CAPN1;PDGFRB;EPHA4;PDGFRA;CSNK2A1;RHOG;MATK;FLT3LG;ADAM10;PRKCA;NRG1;GAB2;RHOD;PGF;TIAM1;HCK;MYL1;PARD3;CD47;MAPT;HBEGF;YAP1;LAMA2;SRF;PDGFA;TGFA;TWIST1;NTN1;GNAI2;CDC42;EFNB2;SDCBP;PAK1;GRK5;ERBB3;PDGFD;PDGFC;PTK2B;STX4;S1PR3;NTRK3;INSR;IGF2;PTK6;PTK2;EPOR;TSHR;KITLG;FER;CAPN10;PTPN6;FGFR4;FGFR3;FGFR2;FGFR1,0.12121212121212122
5,837,Phosphatidylinositol Phosphate Biosynthetic Process (GO:0046854),15/44,4.518549655984893e-09,cellular process,GO_Biological_Process_2023,1.3801678896102594e-10,0.0,0.0,12.040020135917445,273.35235233829854,CISH;PIK3R3;PIK3C2G;PIK3C2A;SLA2;PIK3C2B;SOCS2;ITPKB;SOCS1;PIP4K2A;PIP4K2B;PIP4K2C;SOCS6;SOCS7;SOCS5,0.3409090909090909
5,837,Positive Regulation Of Protein Phosphorylation (GO:0001934),51/377,6.509728605457943e-12,biological regulation,GO_Biological_Process_2023,1.299549769338674e-13,0.0,0.0,3.749227274855992,111.24552827657874,FLT4;DOCK7;PRKAG1;PRKAG2;ILK;PTPRJ;ARRB1;GHR;CCND1;FLOT1;MAP3K5;HSP90AA1;HGF;NGF;PGF;LATS1;ALS2;LCP2;ARHGEF2;RALB;AGAP2;PDGFA;PIK3R3;IQGAP1;EFNA5;STK4;RASGRP1;CAMKK2;SDCBP;PAK1;RELN;RAP1A;PDGFD;PDGFC;PLCG2;PTK2B;PAK2;NTRK1;ANGPT4;INSR;TNK2;LIMK2;NTRK3;IGF2;PTK2;TAOK2;SPRY2;TEK;CALM1;CALM2;MAP3K12,0.13527851458885942
5,837,Regulation Of Axonogenesis (GO:0050770),17/42,1.4365609109094083e-11,biological regulation,GO_Biological_Process_2023,3.004758877400157e-13,0.0,0.0,15.870536585365851,457.6016705841856,EPHA4;PLXND1;PTEN;ARHGAP35;TIAM2;TIAM1;PAK1;EFNB3;CDH2;PLXNA2;PLXNA1;PLXNB1;PAK3;PAK2;PLXNA4;EPHB3;PLXNA3,0.40476190476190477
5,837,Endocytic Vesicle Membrane (GO:0030666),29/159,2.8540685289905244e-10,cellular anatomical structure,GO_Cellular_Component_2023,1.9267973191497208e-11,0.0,0.0,5.254731530845392,129.64776735542978,GRIA1;CAMK2B;GRIA2;CAMK2D;CLTC;SNAP23;CAMK2A;TGFA;AP2A1;WASL;AP2A2;AREG;RAC2;AP2S1;STX4;CACNG3;AP2M1;SH3GL2;GRIA3;ATP6V0A1;SYT2;NOS3;CYBA;AP2B1;DNM2;GNAO1;PICK1;RAB5A;HBEGF,0.18238993710691823
5,837,Actin Filament Organization (GO:0007015),28/144,3.181792243058897e-10,cellular process,GO_Biological_Process_2023,8.662249798500316e-12,0.0,0.0,5.683005839478283,144.7577897708482,WIPF1;SH3KBP1;INPPL1;WAS;WASL;RND1;CDC42;SCIN;MYO6;RAC2;RAC3;FLNA;GSN;TPM3;ACTN1;RHOG;DSTN;MYO5A;ARPC4;BAIAP2;ENAH;ACTA1;MYO1C;ABI2;ELMO1;ELMO2;EVL;ARHGEF2,0.19444444444444445
5,837,Negative Regulation Of Cell Adhesion (GO:0007162),20/72,3.181792243058897e-10,biological regulation,GO_Biological_Process_2023,8.647129644657095e-12,0.0,0.0,8.99679879484041,229.1825963075977,EPHA4;PLXND1;PDE3B;PTPRO;ADAM10;NRG1;PTK2;RND1;ERBB3;CDH1;RASA1;PLXNA2;PLXNA1;PLXNB1;NF2;EPHB2;PLXNA4;SIPA1;JAM3;PLXNA3,0.2777777777777778
5,837,Regulation Of Protein Localization To Plasma Membrane (GO:1903076),21/80,3.181792243058897e-10,biological regulation,GO_Biological_Process_2023,8.646401793579146e-12,0.0,0.0,8.333000997008973,212.27384959796808,ITGB1;PRKCI;PRKCH;CLTC;ARHGEF16;RHOG;ZDHHC7;AKAP5;SORBS1;ACTB;CDK5;NUMB;STX4;EPHB2;AP2M1;EPHA3;RHOQ;SPTBN1;APPL1;ARF6;EPHA2,0.2625
5,837,Positive Regulation Of Hydrolase Activity (GO:0051345),31/176,3.64274804647718e-10,biological regulation,GO_Biological_Process_2023,1.0038117126746546e-11,0.0,0.0,5.044562334217507,127.7516824774973,DOCK6;ITGB1;DOCK8;RASGRF2;DOCK7;RASGRF1;ASAP3;RASGRP2;RASGRP1;RASGRP4;PREX2;DOCK11;PREX1;RAP1A;CHP2;SRGAP3;RALGDS;NTRK1;CAV2;ARAP1;RHOC;ALS2;NF1;RAPGEF1;PLXNB1;ITGA6;GNB5;CALM1;ARHGEF7;CALM2;RAPGEF4,0.17613636363636365
5,837,Polymeric Cytoskeletal Fiber (GO:0099513),38/265,4.3469165961550766e-10,cellular anatomical structure,GO_Cellular_Component_2023,3.1180414402800125e-11,0.0,0.0,3.9673380271595,95.97479051825604,WIPF1;WAS;IQGAP1;ACTG1;NCKIPSD;PAK1;DPYSL2;MYO6;RAC2;NEFL;APC2;DSP;TRIM63;ACTN3;ACTN2;TPM3;ACTN1;MYO5A;MYO9B;DNM1;DNM2;DNM3;HCK;DIAPH1;ACTA1;DIAPH2;CTTN;CDK5;SYNJ1;MAP1B;ARHGEF2;MAPT;TEK;VIM;EZR;FGF13;RHOQ;MAP3K11,0.14339622641509434
5,837,Receptor Internalization (GO:0031623),17/51,4.382972747388128e-10,localization,GO_Biological_Process_2023,1.2223429972795576e-11,0.0,0.0,11.664024390243902,293.0897151171851,ITGB1;RALA;RALB;SYK;CAV3;CLTC;ARRB1;ARRB2;ARR3;DNM1;DNM2;DNM3;GRK3;GRK2;HGS;RAB5A;AP2M1,0.3333333333333333
5,837,Protein Serine/Threonine Phosphatase Complex (GO:0008287),13/29,5.286332940517326e-10,protein-containing complex,GO_Cellular_Component_2023,4.014936410519489e-11,0.0,0.0,18.879778519417474,451.9519641235114,PPP2R5D;PPP2R3A;PPP2CA;PTPA;PPP2CB;PPP3CA;PPP3CB;PPP3R1;PPP3CC;PPP2R1B;PPP2R2C;PPP2R1A;PPP2R2B,0.4482758620689655
5,837,Regulation Of Lamellipodium Assembly (GO:0010591),14/33,6.276835913993806e-10,biological regulation,GO_Biological_Process_2023,1.7713514365520368e-11,0.0,0.0,17.13986058706913,424.32627080257504,ACTR3;CYFIP1;NCKAP1;ACTR2;WAS;BRK1;NRG1;CDC42;FER;OCLN;ARPC2;RAC2;WASF2;EPHA2,0.42424242424242425
5,837,Cytoskeleton Organization (GO:0007010),24/111,8.925364027115272e-10,cellular process,GO_Biological_Process_2023,2.5550337215295968e-11,0.0,0.0,6.472748865419689,157.87274363553672,PRR5;PRKCI;SH3KBP1;RHOG;ARAP3;RANBP9;FGD1;PLD2;ARHGAP4;NCKIPSD;FGD3;KISS1;DIAPH1;FGD5;BIN1;DPYSL2;RANBP10;RAC3;PAK6;RHOU;WASF3;SIPA1;MARK1;PAK4,0.21621621621621623
5,837,Regulation Of Ras Protein Signal Transduction (GO:0046578),20/76,8.925364027115272e-10,biological regulation,GO_Biological_Process_2023,2.5780433942862837e-11,0.0,0.0,8.352421752054555,203.6437798566104,NTRK1;GIT2;ARHGEF28;RASGRF1;RDX;ARHGEF18;MYO9B;NGF;RASAL3;RASGRP1;RASGRP4;SYNGAP1;ARHGDIA;SPRY2;SHOC2;SPRY1;ARHGEF2;EPHB2;GIT1;ARF6,0.2631578947368421
5,837,GTPase Activator Activity (GO:0005096),33/211,1.0268793498436822e-09,molecular function regulator activity,GO_Molecular_Function_2023,6.040466763786366e-11,0.0,0.0,4.377725138353178,103.00767434860204,AGAP2;ARHGAP1;ASAP3;ARRB1;IQGAP1;ARHGAP5;ARHGAP35;ARHGAP4;PREX2;PREX1;RGS3;NCKAP1L;SRGAP3;SRGAP1;GIT1;VAV3;GIT2;RALGAPA1;ARAP3;MYO9B;ARAP1;ADAP1;ARHGAP31;ALS2;TBC1D4;RASA4;RASA1;NF1;PLXNB1;GNB5;DOCK1;SIPA1;ARHGEF6,0.15639810426540285
5,837,Positive Regulation Of Actin Filament Polymerization (GO:0030838),15/41,1.4659094738780426e-09,cellular process,GO_Biological_Process_2023,4.282869644796407e-11,0.0,0.0,13.431358787198205,320.6577448013678,VASP;NCKAP1;BAIAP2;HCK;FER;CTTN;BIN1;CDC42EP5;NCK2;PTK2B;NCKAP1L;EVL;PFN1;NCK1;ARF6,0.36585365853658536
5,837,Regulation Of Protein Kinase B Signaling (GO:0051896),26/136,2.4160478480920234e-09,biological regulation,GO_Biological_Process_2023,7.139052406380812e-11,0.0,0.0,5.5529424952359605,129.7325957346846,ITGB1;RET;PHLPP1;PTEN;PDGFA;PTPRJ;ARRB2;IGF1R;PPP2CA;RRAS;PPP2R1A;DAG1;SH2B3;NTRK1;HSP90AA1;INSR;NTRK3;MAGI2;IGF2;PTK2;RNF41;SPRY2;TEK;EPHA2;FGFR1;HBEGF,0.19117647058823528
5,837,Filopodium (GO:0030175),17/60,2.6638978055024203e-09,cellular anatomical structure,GO_Cellular_Component_2023,2.2480150257404392e-10,0.0,0.0,9.218377765173,204.79366730415677,ITGB1;MYO10;ACTN2;RDX;MSN;UNC5C;ACTA2;CDC42;GAP43;KITLG;SPATA13;DAG1;ITGAV;NF2;EZR;FGF13;ARF6,0.2833333333333333
5,837,Dendrite (GO:0030425),37/270,2.6638978055024203e-09,cellular anatomical structure,GO_Cellular_Component_2023,2.1396141363417832e-10,0.0,0.0,3.757564377682404,83.66301792663528,EPHB6;GRIA1;GRIA2;DAGLA;EPHA10;AKAP5;PAK1;RELN;CAPN2;PTK2B;FYN;EPHB2;EPHB1;MARK3;EPHB3;MARK1;EPHA5;EPHA4;EPHA7;HOMER1;ARHGEF15;EPHA8;INSR;MAGI2;MAPK8IP3;UHMK1;CDK5;ALS2;BIN1;MAP1B;NF1;STRN;MAPT;FGF13;RAB5A;EPHA3;CDK5R1,0.13703703703703704
5,837,Axon Development (GO:0061564),22/99,3.26631355470287e-09,cellular process,GO_Biological_Process_2023,9.759901059869133e-11,0.0,0.0,6.690972830850131,154.227952554204,DCC;APLP2;DOCK7;L1CAM;BAIAP2;MAPK8IP3;ARHGAP35;RAB10;GAP43;PARD6B;CDK5;MAP1B;PARD3;TAOK2;SLITRK5;MAPT;CTNNA2;EPHB2;PAK3;FGFR2;EPHB3;CDK5R1,0.2222222222222222
5,837,GTP Binding (GO:0005525),33/201,2.788924751687653e-10,binding,GO_Molecular_Function_2023,1.577446126520166e-11,0.0,0.0,4.640747157071784,115.42758166751358,ARF1;RALA;RALB;AGAP2;GNAI1;RND1;RAP1B;CDC42;GNA14;GNA15;RAP1A;RRAS;GNA11;RAC2;RAC3;PIP4K2B;RAB4A;RAB4B;INSR;RHOG;RRAS2;RHOC;RHOD;RHOB;DNM2;RAB10;RIT1;MRAS;RIT2;RHOU;RAB5A;RHOQ;ARF6,0.16417910447761194
5,837,Receptor-Mediated Endocytosis (GO:0006898),26/122,2.0541108106281963e-10,localization,GO_Biological_Process_2023,5.387608035844208e-12,0.0,0.0,6.367421907110563,165.21498433174145,ITGB1;RALA;RALB;CLTC;CLTB;AP2A1;ARRB2;AP2A2;GRK3;GRK2;CLTCL1;AP2S1;PIP5K1C;WASF1;EPS15;AP2M1;SYK;CAV2;INSR;MAGI2;AP2B1;DNM1;DNM2;DNM3;CTTN;HGS,0.21311475409836064
5,837,Positive Regulation Of Intracellular Signal Transduction (GO:1902533),59/525,1.9368291996923643e-10,biological regulation,GO_Biological_Process_2023,5.015693146613693e-12,0.0,0.0,3.042695036243477,79.16620711210858,RET;ITGB1;NCF1;FLT3;FLT4;ILK;PTPRJ;IGF1R;AKAP13;GJA1;ITGAV;MAP4K1;PDGFRB;PDGFRA;HSP90AA1;KSR1;PRKCB;UNC5B;EPHA8;HGF;RHOC;FGR;DOK2;DOK4;LCK;DOK5;DOK6;KIT;HBEGF;LPAR1;PDGFA;SEMA3E;IQGAP1;MALT1;RELN;ERBB3;PDGFD;PDGFC;PLCG2;FLNA;BRD4;NTRK1;CAV2;NTRK3;INSR;IGF2;PTK2;MOS;MYO1C;RIT2;TAOK2;SPRY2;PLXNB1;PTPN6;TEK;PIK3AP1;FGFR3;FGFR2;FGFR1,0.11238095238095239
5,837,Negative Regulation Of ERK1 And ERK2 Cascade (GO:0070373),17/48,1.5463429087562307e-10,biological regulation,GO_Biological_Process_2023,3.953134262092622e-12,0.0,0.0,12.794807238394965,335.94701449576417,EPHA4;PTPN1;PTPRR;DUSP3;PTEN;RANBP9;SPRED3;SPRED2;RPS6KA6;SPRED1;DUSP10;SIRPA;SPRY2;SPRY1;EPHB2;EZR;PTPN2,0.3541666666666667
5,837,Integrin-Mediated Signaling Pathway (GO:0007229),23/85,2.0527378562180583e-11,cellular process,GO_Biological_Process_2023,4.3617271845270834e-13,0.0,0.0,8.704981374336214,247.75019494515507,ITGB1;MPIG6B;SYK;ITGB4;ITGA2;ITGA2B;ERBIN;ILK;ADAM10;ITGAE;PTK2;FGR;CDC42;HCK;TEC;PTPRA;ZYX;MYH9;PTK2B;ITGAV;ITGA6;CD47;DOCK1,0.27058823529411763
5,837,Regulation Of Actin Filament Polymerization (GO:0030833),21/70,2.238701661160782e-11,cellular process,GO_Biological_Process_2023,4.905521568280598e-13,0.0,0.0,10.038865546218489,284.53402356583433,VASP;NCKAP1;PRKCD;BAIAP2;SSH1;LATS1;HCK;FER;CTTN;BIN1;CDC42EP5;RASA1;NCK2;PTK2B;EVL;NCKAP1L;PFN1;PAK3;PFN3;NCK1;ARF6,0.3
5,837,Regulation Of Actin Filament-Based Process (GO:0032970),21/70,2.238701661160782e-11,biological regulation,GO_Biological_Process_2023,4.905521568280598e-13,0.0,0.0,10.038865546218489,284.53402356583433,EPHA5;PDGFRB;RALA;SIGLEC15;PRKCD;RHOG;PDGFA;NRG1;EFNA5;BAIAP2;ARHGAP35;CDC42;HCK;PAK1;CAPN10;TAOK2;RAC3;EZR;PAK3;EPHA3;RHOQ,0.3
5,837,SH3 Domain Binding (GO:0017124),19/59,3.0645171030722234e-11,binding,GO_Molecular_Function_2023,1.525325254922826e-12,0.0,0.0,11.1044315403423,302.1384062127576,VASP;NCF1;WIPF1;WAS;CBLC;CBLB;CYBA;AKAP5;PTPN12;DNM2;ENAH;ABI2;NOXA1;ELMO1;EVL;MAPT;SHANK3;SOCS7;WASF2,0.3220338983050847
5,837,Regulation Of Insulin Receptor Signaling Pathway (GO:0046626),17/44,3.364553574123638e-11,biological regulation,GO_Biological_Process_2023,7.484232718004109e-13,0.0,0.0,14.693405600722674,410.2517523180187,GRB7;PTPN1;IRS1;PRKCB;PRKCD;IGF2;SORBS1;PRKCZ;SOCS1;GRB14;GRB10;PIP4K2A;PIP4K2B;PRKCQ;PIP4K2C;PTPN2;NCK1,0.38636363636363635
5,837,Regulation Of MAP Kinase Activity (GO:0043405),26/114,4.519159421288434e-11,biological regulation,GO_Biological_Process_2023,1.020261755138159e-12,0.0,0.0,6.949192915592422,191.8739008203188,FLT3;CBLC;PDGFA;TGFA;PTPRJ;RASGRP1;GHR;PDGFD;PDGFC;SH2B3;MAP2K5;PDGFRB;PTPN1;MEF2C;CAV3;KSR1;INSR;NTRK3;PRKCD;DUSP7;HGS;KIT;NF1;SPRY2;SPRY1;FGFR1,0.22807017543859648
5,837,Rho Protein Signal Transduction (GO:0007266),18/52,6.30642890978158e-11,cellular process,GO_Biological_Process_2023,1.4446998498503625e-12,0.0,0.0,12.365223012281836,337.1145530274694,NGFR;LIMK1;ARHGAP1;RHOG;WAS;MYO9B;ARHGAP5;RHOD;NTN1;ARHGAP35;ARHGAP4;RHOB;CDC42;GNA13;ARHGDIA;GNA12;ARHGEF3;RHOU,0.34615384615384615
5,837,Adherens Junction (GO:0005912),29/150,7.23331362828533e-11,cellular anatomical structure,GO_Cellular_Component_2023,4.2728434935018826e-12,0.0,0.0,5.648248915800671,147.86404878455588,CTNND1;SNAP23;RND1;CYTH3;CDH5;SDCBP;CDH2;CDH1;FLOT1;CTNNA1;FLOT2;CTNNA3;CTNNA2;PAK4;MAGI1;DSP;JUP;RDX;MSN;SORBS1;BAIAP2;PPP1CA;RAB10;PARD3;ZYX;NF2;EZR;TLN1;VCL,0.19333333333333333
5,837,Antigen Receptor-Mediated Signaling Pathway (GO:0050851),29/134,1.0256910649778424e-11,cellular process,GO_Biological_Process_2023,2.111316269210698e-13,0.0,0.0,6.514403583215464,190.13130232927872,BLK;ITK;PTPRJ;SLA2;MALT1;CD79B;CD79A;CD19;INPP5D;PLCG2;BLNK;IGLC3;NCKAP1L;CSK;FYN;SH2B2;VAV3;MEF2C;SYK;PRKCB;NFATC2;BMX;GNAO1;ZAP70;TEC;LCK;BTK;IGHE;LCP2,0.21641791044776118
5,837,Regulation Of Protein Phosphorylation (GO:0001932),40/265,7.698614462688381e-11,biological regulation,GO_Biological_Process_2023,1.7891866281148298e-12,0.0,0.0,4.224285515126168,114.2637972004074,RALB;FLT4;PTEN;PDGFA;PIK3R3;ILK;ARRB1;EFNA5;STK4;RASGRP1;CAMKK2;PPP2CA;CDH5;PAK1;RELN;SOCS1;CCND1;PIP5KL1;FLOT1;CHP1;SIRPA;FYN;EPHB2;SH3GL2;NTRK1;EPHA7;HSP90AA1;INSR;HGF;LIMK2;NTRK3;IGF2;NRG1;PTPN13;PTK2;PGF;FGR;OCLN;FER;TEK,0.1509433962264151
5,837,Guanyl Ribonucleotide Binding (GO:0032561),36/226,8.998269001853882e-11,binding,GO_Molecular_Function_2023,4.6823571729103906e-12,0.0,0.0,4.487995269071555,117.07931753484746,ARF1;RAB5B;RALA;RAB5C;RALB;AGAP2;GNAI3;GNAI1;RND1;RAP1B;CDC42;GNA14;GNA15;RAP1A;RRAS;GNA11;RAC2;RAC3;PIP4K2B;RAB4A;RAB4B;INSR;RHOG;RRAS2;RHOC;RHOD;RHOB;DNM2;RAB10;RIT1;MRAS;RIT2;RHOU;RAB5A;RHOQ;ARF6,0.1592920353982301
5,837,Axon (GO:0030424),34/205,9.148106886410668e-11,cellular anatomical structure,GO_Cellular_Component_2023,5.789941067348523e-12,0.0,0.0,4.702599171236518,121.67927860614336,RET;ROBO3;PTPRS;SEMA3A;PTPRO;DOCK7;KCNA3;IQGAP1;IGF1R;PAK1;NEFL;CTNNA2;EPHB2;EPHA5;NTRK1;EPHA4;SYT2;CNTN6;INSR;NTRK3;L1CAM;MAPK8IP3;UHMK1;CDK5;BIN1;MAP1B;TAOK2;NF1;CNTN2;MAPT;VIM;FGF13;RAB5A;CDK5R1,0.16585365853658537
5,837,Regulation Of Stress Fiber Assembly (GO:0051492),21/75,9.184672354016963e-11,biological regulation,GO_Biological_Process_2023,2.195539208131545e-12,0.0,0.0,9.106958061002178,244.47258668340328,ARHGEF15;PXN;LIMK1;ASAP3;LPAR1;WAS;ARHGEF18;ARAP1;RHOC;ACTG1;SLC9A1;CDC42;PAK1;EVL;CD47;RHPN2;NF2;PFN1;MET;PAK2;WASF2,0.28
5,837,Nervous System Development (GO:0007399),53/433,9.843044487273735e-11,developmental process,GO_Biological_Process_2023,2.385598431510567e-12,0.0,0.0,3.341497717508056,89.42372877558994,NCKAP1;SH3GL3;PLXND1;PTEN;RPS6KA3;RPS6KA6;DPYSL4;CDH2;DPYSL5;CDH1;NRTN;EPHB2;EPHB1;SH3GL2;SH3GL1;APC2;MEF2C;DBNL;APLP2;NRG1;PPP2R5D;GFRA3;DNM3;EVL;DAGLB;MET;SHANK3;SHC3;LPAR1;CXCR4;ASCL1;EFNA5;KALRN;RELN;EFNB3;SCIN;ERBB3;FLRT3;PDGFC;SPTBN1;GSN;CNTN6;ZBTB16;LIMK1;SEMA4F;L1CAM;FGF14;CDK5;ARTN;NF1;FGF13;FGF12;FGF11,0.12240184757505773
5,837,Actin Binding (GO:0003779),32/183,1.0477766959245743e-10,binding,GO_Molecular_Function_2023,5.68928522673977e-12,0.0,0.0,5.005010077742585,129.59190559420037,ITGB1;ARPC1A;CACNA1A;CXCR4;SCIN;MYO6;DAG1;FLNB;MYH10;SPTAN1;SPTBN1;DBNL;GSN;NOS3;RDX;MSN;MYO9B;ACTN4;SORBS1;PTK2;SSH1;MAP1B;PFN4;MYH9;TLN2;NF2;MAPT;EZR;PFN1;PFN3;VCL;CDK5R2,0.17486338797814208
5,837,Endocytosis (GO:0006897),33/189,1.1262147139043968e-10,localization,GO_Biological_Process_2023,2.766928579977602e-12,0.0,0.0,5.000884998086491,133.08996883879598,ITGB1;RAB5B;CLTC;INPPL1;AP2A1;PIK3C2A;NCKIPSD;EEA1;CDC42;CYTH2;DPYSL2;CLTCL1;MYO6;PIP5K1A;PIP5K1C;WASF1;EPS15;CAV3;INSR;EPS15L1;DNM1;EPN1;DNM2;DNM3;EHD4;CTTN;BIN1;MYL1;AMPH;RHOU;RAB5A;MET;RHOQ,0.1746031746031746
5,837,Positive Regulation Of Lipid Kinase Activity (GO:0090218),14/30,1.4205958337172212e-10,biological regulation,GO_Biological_Process_2023,3.537340223399456e-12,0.0,0.0,20.356773997569867,536.7602108874327,PDGFRB;PDGFRA;FLT3;IRS1;EPHA8;DGKZ;PTK2;FGR;CD19;KIT;PTK2B;MAPT;TEK;FGFR3,0.4666666666666667
5,837,Regulation Of Kinase Activity (GO:0043549),22/85,1.4902992820143718e-10,biological regulation,GO_Biological_Process_2023,3.760383314511696e-12,0.0,0.0,8.183854318823643,215.28856542527487,RET;PDGFRB;NTRK1;PDGFRA;FLT3;FLT4;INSR;NTRK3;IRS2;IGF1R;CAMKK2;FGR;ERBB3;MAPT;TEK;FGFR4;MET;FGFR3;EPHB4;FGFR2;EPHA2;FGFR1,0.25882352941176473
5,837,Positive Regulation Of MAP Kinase Activity (GO:0043406),23/91,8.877731334481529e-11,biological regulation,GO_Biological_Process_2023,2.0926923132409977e-12,0.0,0.0,7.934401647636942,213.37644926388063,PDGFRB;MAP4K2;PTPN1;MEF2C;FLT3;INSR;NTRK3;PDGFA;TGFA;RASGRP1;GHR;PAK1;TAOK3;PDGFD;KIT;PDGFC;MAP3K13;MAP3K4;MAP2K5;MAP3K11;MAP3K5;FGFR1;MAP3K12,0.25274725274725274
5,837,Positive Regulation Of Protein Localization To Membrane (GO:1905477),16/79,2.7341020161763314e-06,biological regulation,GO_Biological_Process_2023,1.397914045455362e-07,0.0,0.0,5.908396651392997,93.25290081884238,ITGB1;PRKCI;PRKCH;ARHGEF16;RHOG;AKAP5;SORBS1;MYO1C;CHP1;FYN;STX4;EPHB2;EPHA3;SPTBN1;ARF6;EPHA2,0.20253164556962025
5,837,Regulation Of JNK Cascade (GO:0046328),19/110,2.7346400700782857e-06,biological regulation,GO_Biological_Process_2023,1.4072682963550278e-07,0.0,0.0,4.868051264139284,76.80054401985691,MAP4K2;DUSP3;PHLPP1;NCF1;FLT4;SEMA3A;MAPK8IP3;RASGRP1;IGF1R;MAPK8IP1;SDCBP;DUSP10;TAOK3;TAOK2;SIRPA;PTK2B;EPHB1;MAP3K11;MAP3K5,0.17272727272727273
5,837,Cell Projection Assembly (GO:0030031),7/12,2.771863035474764e-06,cellular process,GO_Biological_Process_2023,1.4448290058749598e-07,0.0,0.0,32.314698795180725,508.9598884498518,CYFIP2;NCKAP1;GSN;SCIN;PDGFA;RAC3;NCKAP1L,0.5833333333333334
5,837,ERKs Are Inactivated R-HSA-202670,8/13,5.240825152039652e-08,Immune System,Reactome_2022,9.719153202040749e-09,0.0,0.0,36.97563329312425,682.1696461791187,PPP2CA;PPP2CB;DUSP3;MAPK7;PPP2R1B;PPP2R1A;PPP2R5D;DUSP7,0.6153846153846154
5,837,Formation Of Annular Gap Junctions R-HSA-196025,7/9,3.978106596667833e-08,Vesicle-mediated transport,Reactome_2022,7.336672002051329e-09,0.0,0.0,80.79939759036145,1513.4034612688963,GJA1;CLTC;CLTCL1;CLTB;AP2M1;DNM1;DNM2,0.7777777777777778
5,837,Calcineurin Activates NFAT R-HSA-2025928,7/9,3.978106596667833e-08,Immune System,Reactome_2022,7.336672002051329e-09,0.0,0.0,80.79939759036145,1513.4034612688963,PPP3CA;PPP3CB;PPP3R1;NFATC3;NFATC2;NFATC1;CALM1,0.7777777777777778
5,837,"Adrenaline,noradrenaline Inhibits Insulin Secretion R-HSA-400042",11/28,3.958334251734521e-08,Metabolism,Reactome_2022,7.219093205007631e-09,0.0,0.0,14.998290841760433,281.1660065047552,GNG10;GNG2;GNG4;GNG7;GNB1;GNB4;GNB5;GNG12;GNG11;GNAI1;GNAI2,0.39285714285714285
5,837,PI Metabolism R-HSA-1483255,18/82,3.345177398879038e-08,Metabolism,Reactome_2022,6.066561471327764e-09,0.0,0.0,6.558722527472527,124.09413821194208,RAB4A;INPPL1;PTEN;PIK3R3;PIK3C2G;PIK3C2A;BMX;PTPN13;PIK3C2B;SYNJ1;INPP5D;PIP4K2A;PIP5K1A;PIP4K2B;PIP5K1B;PIP4K2C;PIP5K1C;RAB5A,0.21951219512195122
5,837,FLT3 Signaling Thru SRC Family Kinases R-HSA-9706374,6/6,2.927927304675909e-08,Immune System,Reactome_2022,5.2798689100713114e-09,0.0,0.0,114978.0,2191407.619204585,HCK;SYK;FLT3;LCK;FLT3LG;FYN,1.0
5,837,CREB1 Phosphorylation Thru Activation Of Adenylate Cyclase R-HSA-442720,8/12,2.1644166488728778e-08,Neuronal System,Reactome_2022,3.880870015909361e-09,0.0,0.0,46.22195416164053,895.1901300440085,PRKAR1B;PRKAR1A;PRKAR2B;PRKAR2A;PRKCA;PRKX;CALM1;PRKACB,0.6666666666666666
5,837,MAP Kinase Activation R-HSA-450294,16/62,1.9348971036717943e-08,Immune System,Reactome_2022,3.449509180726354e-09,0.0,0.0,8.099136789705026,157.81195476624356,MEF2C;DUSP3;PPP2R5D;FOS;DUSP7;PPP2CA;RPS6KA3;PPP2CB;RPS6KA5;MAPK7;PPP2R1B;MAPKAPK3;PPP2R1A;RPS6KA2;RPS6KA1;MAPKAPK2,0.25806451612903225
5,837,NGF-stimulated Transcription R-HSA-9031628,13/39,1.837554417246417e-08,Signal Transduction,Reactome_2022,3.257140514176539e-09,0.0,0.0,11.6122572815534,226.9315644619526,SH3GL3;NAB1;SRF;FOS;ASCL1;DNM2;ARC;CDK5;VGF;SGK1;MEF2D;CDK5R2;CDK5R1,0.3333333333333333
5,837,Generation Of Second Messenger Molecules R-HSA-202433,12/32,1.5782227199335292e-08,Immune System,Reactome_2022,2.7812941375877766e-09,0.0,0.0,13.922181818181818,274.2718476269287,VASP;ENAH;ITK;ZAP70;LCK;WAS;PLCG2;EVL;LCP2;PKN1;ARHGEF7;NCK1,0.375
5,837,Cell Junction Organization R-HSA-446728,19/86,1.1704133562420134e-08,Cell-Cell communication,Reactome_2022,2.0506217614486092e-09,0.0,0.0,6.620151078349086,132.43693522074796,ITGB1;VASP;PRKCI;JUP;ITGB4;ACTN1;ILK;CLDN1;CDH5;AFDN;PARD6B;PARD6A;CDH2;PARD3;CTNNA1;FLNA;ITGA6;FLNC;ARHGEF6,0.22093023255813954
5,837,EPHA-mediated Growth Cone Collapse R-HSA-3928663,9/15,8.643969859635963e-09,Developmental Biology,Reactome_2022,1.5056095042398708e-09,0.0,0.0,34.70471014492754,704.9938430025092,MYL6;YES1;MYH14;MYH9;FYN;MYH11;MYH10;MYL9;NGEF,0.6
5,837,Signaling By Nuclear Receptors R-HSA-9006931,35/260,6.192370673177073e-09,Signal Transduction,Reactome_2022,1.072244512056276e-09,0.0,0.0,3.6732058742033806,75.86460053867722,SRF;GNAI3;PIK3R3;TGFA;ZDHHC7;ZDHHC21;FOXO3;PRKCZ;AREG;GNAI1;GNAI2;IGF1R;GNG10;GNG2;CCND1;GNG4;GNG7;S1PR3;HSP90AA1;CAV2;MMP2;FOS;GNG12;GNG11;ESR1;PTK2;ESR2;UHMK1;GNB1;GNB4;STRN;PGR;GNB5;CALM1;HBEGF,0.1346153846153846
5,837,Platelet Aggregation (Plug Formation) R-HSA-76009,13/36,6.0490646618981014e-09,Hemostasis,Reactome_2022,1.041232441802132e-09,0.0,0.0,13.128957365977206,271.54439745539395,PTPN1;SYK;ITGA2B;MPL;RASGRP2;RASGRP1;PTK2;RAP1B;APBB1IP;RAP1A;CSK;TLN1;RAPGEF4,0.3611111111111111
5,837,Prostacyclin Signaling Thru Prostacyclin Receptor R-HSA-392851,10/19,5.984673347345439e-09,Hemostasis,Reactome_2022,1.0240168534904594e-09,0.0,0.0,25.734246943436787,532.686890026578,GNG10;GNG2;GNG4;GNG7;GNB1;GNAS;GNB4;GNB5;GNG12;GNG11,0.5263157894736842
5,837,RHO GTPases Activate NADPH Oxidases R-HSA-5668599,11/24,5.754469046105021e-09,Signal Transduction,Reactome_2022,9.787314156285179e-10,0.0,0.0,19.61724715962004,406.9551598441969,NCF1;PRKCB;NCF4;PRKCD;NOXA1;NOX3;RAC2;NOXO1;CYBA;PRKCA;PRKCZ,0.4583333333333333
5,837,Programmed Cell Death R-HSA-5357801,31/208,4.639348284437354e-09,Programmed Cell Death,Reactome_2022,7.843160521845935e-10,0.0,0.0,4.125597566275532,86.49814102668506,MAGED1;SATB1;YWHAB;SDCBP;PPP3R1;PPP3CC;BCL2L11;YWHAQ;FLOT1;FLOT2;SPTAN1;APPL1;HSP90AA1;DBNL;GSN;PDCD6IP;UNC5A;UNC5B;DCC;DAPK2;PRKCD;BMX;YWHAZ;PTK2;ARHGAP10;OCLN;CDC37;PRKCQ;MAPT;VIM;TJP2,0.14903846153846154
5,837,Downregulation Of ERBB2 Signaling R-HSA-8863795,11/29,6.001912892015341e-08,Signal Transduction,Reactome_2022,1.1192091663389264e-08,0.0,0.0,14.164312617702448,259.32106273581746,PTPN18;USP8;HSP90AA1;ERBB3;CDC37;ERBIN;MATK;NRG1;PTPN12;RNF41;HBEGF,0.3793103448275862
5,837,IRS-related Events Triggered By IGF1R R-HSA-2428928,14/51,7.388220142140348e-08,Signal Transduction,Reactome_2022,1.3852912766513152e-08,0.0,0.0,8.79327444090506,159.11228135459868,FLT3;IRS1;PDE3B;IGF2;FLT3LG;IRS2;GAB2;IGF1R;THEM4;FGF13;FGFR4;FGFR3;FGFR2;FGFR1,0.27450980392156865
5,837,Potential Therapeutics For SARS R-HSA-9679191,19/97,9.010883429468923e-08,Disease,Reactome_2022,1.6987731055556166e-08,0.0,0.0,5.683264372139678,101.67800105609672,ITGB1;HSP90AA1;SYK;SH3KBP1;AP2A1;AP2B1;AP2A2;VAV1;CD79B;CD79A;BTK;PLCG2;BLNK;AP2S1;S1PR1;JAK3;AP2M1;NCK1;BRD4,0.1958762886597938
5,837,Growth Hormone Receptor Signaling R-HSA-982772,10/24,9.475450121810653e-08,Immune System,Reactome_2022,1.7960638038268143e-08,0.0,0.0,16.539125928485056,294.97668780332367,GHR;SOCS2;PTPN1;SOCS1;CISH;IRS1;CSH1;IRS2;PTPN6;PRLR,0.4166666666666667
5,837,Presynaptic Function Of Kainate Receptors R-HSA-500657,9/21,3.370651831591751e-07,Neuronal System,Reactome_2022,7.045214893900791e-08,0.0,0.0,17.346920289855074,285.6748441766805,GNG10;GNG2;GNG4;GNG7;GNB1;GNB4;GNB5;GNG12;GNG11,0.42857142857142855
5,837,Role Of Nef In HIV-1 Replication And Disease Pathogenesis R-HSA-164952,10/27,3.329079922853023e-07,Disease,Reactome_2022,6.890103938691709e-08,0.0,0.0,13.618322782559217,224.57423977959215,HCK;LCK;AP2S1;ELMO1;AP2A1;FYN;AP2B1;DOCK2;AP2A2;AP2M1,0.37037037037037035
5,837,Non-integrin membrane-ECM Interactions R-HSA-3000171,12/41,3.329079922853023e-07,Extracellular matrix organization,Reactome_2022,6.871348217729031e-08,0.0,0.0,9.596990595611285,158.28624086373338,ITGB1;LAMA2;ITGB4;LAMC3;ACTN1;ITGA2;DAG1;PDGFA;ITGAV;PRKCA;ITGA6;FGF13,0.2926829268292683
5,837,"WNT5A-dependent Internalization Of FZD2, FZD5 And ROR2 R-HSA-5140745",7/11,3.048262426315737e-07,Signal Transduction,Reactome_2022,6.246439398187984e-08,0.0,0.0,40.39548192771084,670.1072844024856,CLTC;AP2S1;CLTB;AP2A1;AP2B1;AP2A2;AP2M1,0.6363636363636364
5,837,Negative Regulation Of FLT3 R-HSA-9706369,8/15,2.211394966745188e-07,Immune System,Reactome_2022,4.508889327687422e-08,0.0,0.0,26.40840944339135,446.6884717072526,SOCS2;FLT3;FLT3LG;PTPRJ;CSK;SLA2;SOCS6;SH2B3,0.5333333333333333
5,837,InlB-mediated Entry Of Listeria Monocytogenes Into Host Cell R-HSA-8875360,8/15,2.211394966745188e-07,Disease,Reactome_2022,4.508889327687422e-08,0.0,0.0,26.40840944339135,446.6884717072526,SH3GL3;SH3KBP1;HGS;STAM;EPS15;STAM2;SH3GL2;SH3GL1,0.5333333333333333
5,837,G Beta:Gamma Signaling Thru PLC Beta R-HSA-418217,9/20,2.0714221610742125e-07,Signal Transduction,Reactome_2022,4.1810467800370883e-08,0.0,0.0,18.92490118577075,321.53632515725263,GNG10;GNG2;GNG4;GNG7;GNB1;GNB4;GNB5;GNG12;GNG11,0.45
5,837,Apoptotic Cleavage Of Cellular Proteins R-HSA-111465,12/38,1.316932563025515e-07,Programmed Cell Death,Reactome_2022,2.6446596552561568e-08,0.0,0.0,10.706013986013986,186.80001333008303,OCLN;DBNL;GSN;SATB1;PRKCD;PRKCQ;MAPT;VIM;BMX;SPTAN1;PTK2;TJP2,0.3157894736842105
5,837,VEGFR2 Mediated Cell Proliferation R-HSA-5218921,10/18,2.9992022763507082e-09,Signal Transduction,Reactome_2022,5.039643169277829e-10,0.0,0.0,28.95253929866989,619.8308906860009,AHCYL1;SYNGAP1;PRKCB;PRKCD;ITPR1;ITPR2;ITPR3;PRKCA;CALM1;PRKCZ,0.5555555555555556
5,837,ADORA2B Mediated Anti-Inflammatory Cytokine Production R-HSA-9660821,22/131,1.2540865049976117e-07,Disease,Reactome_2022,2.5056031605997363e-08,0.0,0.0,4.71872572747228,82.58785141649841,GNAZ;GNAI3;PRKCA;PRKX;GNG12;GNG11;GNAI1;TSHR;GNAI2;GNG10;GNG2;PRKAR1B;PRKAR1A;PRKAR2B;GNG4;PRKAR2A;GNG7;GNB1;GNAS;GNB4;GNB5;PRKACB,0.16793893129770993
5,837,PKA-mediated Phosphorylation Of CREB R-HSA-111931,9/19,1.2015185177020485e-07,Signal Transduction,Reactome_2022,2.3882642667438263e-08,0.0,0.0,20.818478260869565,365.3666644964005,NBEA;PRKAR1B;PRKAR1A;PRKAR2B;PRKAR2A;PRKCA;PRKX;CALM1;PRKACB,0.47368421052631576
5,837,Signaling By Type 1 Insulin-like Growth Factor 1 Receptor (IGF1R) R-HSA-2404192,14/53,1.2015185177020485e-07,Signal Transduction,Reactome_2022,2.3830160536255007e-08,0.0,0.0,8.341464934417546,146.41201015674517,FLT3;IRS1;PDE3B;IGF2;FLT3LG;IRS2;GAB2;IGF1R;THEM4;FGF13;FGFR4;FGFR3;FGFR2;FGFR1,0.2641509433962264
5,837,Insulin Receptor Signaling Cascade R-HSA-74751,14/53,1.2015185177020485e-07,Signal Transduction,Reactome_2022,2.3830160536255007e-08,0.0,0.0,8.341464934417546,146.41201015674517,FLT3;IRS1;INSR;PDE3B;FLT3LG;IRS2;GAB2;GRB10;THEM4;FGF13;FGFR4;FGFR3;FGFR2;FGFR1,0.2641509433962264
5,837,C-type Lectin Receptors (CLRs) R-HSA-5621481,23/141,1.0978561057207848e-07,Immune System,Reactome_2022,2.1372198779400524e-08,0.0,0.0,4.560394369716404,80.54192249430213,AHCYL1;SYK;PRKCD;ITPR1;NFATC3;ICAM3;ITPR2;NFATC2;PRKCA;ITPR3;NFATC1;MALT1;PPP3CA;PPP3R1;PPP3CB;RPS6KA5;MUC2;PLCG2;FYN;PKN1;CALM1;ARHGEF7;PRKACB,0.16312056737588654
5,837,Cooperation Of PDCL (PhLP1) And TRiC/CCT In G-protein Beta Folding R-HSA-6814122,12/37,9.712412747112233e-08,Metabolism of proteins,Reactome_2022,1.8807848454961192e-08,0.0,0.0,11.134836363636364,198.0775103532449,GNA14;GNA15;GNG10;GNG2;GNG4;GNA11;GNG7;GNB1;GNB4;GNB5;GNG12;GNG11,0.32432432432432434
5,837,Interleukin-17 Signaling R-HSA-448424,16/69,9.525417562533937e-08,Immune System,Reactome_2022,1.834814038684816e-08,0.0,0.0,7.0268655344379845,125.17473884348276,MEF2C;DUSP3;PPP2R5D;FOS;DUSP7;PPP2CA;RPS6KA3;PPP2CB;RPS6KA5;MAPK7;PPP2R1B;MAPKAPK3;PPP2R1A;RPS6KA2;RPS6KA1;MAPKAPK2,0.2318840579710145
5,837,Signaling By Non-Receptor Tyrosine Kinases R-HSA-9006927,14/52,9.51579531549018e-08,Signal Transduction,Reactome_2022,1.8232107827834663e-08,0.0,0.0,8.561424825733836,152.5652892706444,PTPN1;SRMS;NRG1;PTK6;ARAP1;ARHGAP35;DOK1;SYNGAP1;CCND1;ERBB3;ELMO1;ELMO2;DOCK1;HBEGF,0.2692307692307692
5,837,IGF1R Signaling Cascade R-HSA-2428924,14/52,9.51579531549018e-08,Signal Transduction,Reactome_2022,1.8232107827834663e-08,0.0,0.0,8.561424825733836,152.5652892706444,FLT3;IRS1;PDE3B;IGF2;FLT3LG;IRS2;GAB2;IGF1R;THEM4;FGF13;FGFR4;FGFR3;FGFR2;FGFR1,0.2692307692307692
5,837,Signaling To RAS R-HSA-167044,9/19,1.2015185177020485e-07,Signal Transduction,Reactome_2022,2.3882642667438263e-08,0.0,0.0,20.818478260869565,365.3666644964005,NTRK1;RALA;RALB;SHC3;MAPKAPK3;MAPKAPK2;NGF;RALGDS;MAPK13,0.47368421052631576
5,837,"Unblocking Of NMDA Receptors, Glutamate Binding And Activation R-HSA-438066",9/21,3.370651831591751e-07,Neuronal System,Reactome_2022,7.045214893900791e-08,0.0,0.0,17.346920289855074,285.6748441766805,CAMK2B;GRIA1;GRIA2;CAMK2D;ACTN2;CAMK2A;NEFL;CALM1;GRIA3,0.42857142857142855
5,837,G Beta:Gamma Signaling Thru BTK R-HSA-8964315,10/18,2.9992022763507082e-09,Signal Transduction,Reactome_2022,5.039643169277829e-10,0.0,0.0,28.95253929866989,619.8308906860009,GNG10;GNG2;GNG4;GNG7;GNB1;BTK;GNB4;GNB5;GNG12;GNG11,0.5555555555555556
5,837,VEGFR2 Mediated Vascular Permeability R-HSA-5218920,12/27,1.5752336716589496e-09,Signal Transduction,Reactome_2022,2.598489970666915e-10,0.0,0.0,18.56775757575757,409.8075000950213,PRR5;VAV3;CDH5;HSP90AA1;JUP;CTNNA1;THEM4;PKN1;ARHGEF7;CALM1;VAV1;VAV2,0.4444444444444444
5,837,Synthesis Of PIPs At Plasma Membrane R-HSA-1660499,18/51,6.899883843636127e-12,Metabolism,Reactome_2022,9.826678834686697e-13,0.0,0.0,12.74059274059274,352.2583445375005,RAB4A;INPPL1;PTEN;PIK3R3;PIK3C2G;PIK3C2A;BMX;PTPN13;PIK3C2B;SYNJ1;INPP5D;PIP4K2A;PIP5K1A;PIP4K2B;PIP5K1B;PIP4K2C;PIP5K1C;RAB5A,0.35294117647058826
5,837,Signaling By WNT R-HSA-195721,43/294,5.579255743549735e-12,Signal Transduction,Reactome_2022,7.831537262974526e-13,0.0,0.0,4.080484108904432,113.74532009659345,CLTC;CAMK2A;CLTB;ITPR1;ITPR2;AP2A1;ITPR3;ARRB2;AP2A2;PPP2CA;PPP3CA;PPP2CB;GNG10;PPP3R1;PPP3CB;GNG2;PARD6A;PPP2R1B;PPP2R1A;GNG4;GNG7;RAC2;AP2S1;PRKG2;PIP5K1B;AP2M1;PRKG1;USP8;PRKCB;PRKCA;NFATC1;PPP2R5D;AP2B1;GNG12;GNG11;YWHAZ;GNAO1;DAAM1;GNB1;GNB4;GNB5;PFN1;CALM1,0.14625850340136054
5,837,Glucagon Signaling In Metabolic Regulation R-HSA-163359,15/32,3.901272795695091e-12,Metabolism,Reactome_2022,5.436199797280044e-13,0.0,0.0,20.551738943752685,580.3919171404041,PRKCA;GNG12;GNG11;GNG10;GNG2;PRKAR1B;GNG4;PRKAR2B;PRKAR1A;GNG7;PRKAR2A;GNB1;GNAS;GNB4;PRKACB,0.46875
5,837,GPVI-mediated Activation Cascade R-HSA-114604,15/32,3.901272795695091e-12,Hemostasis,Reactome_2022,5.436199797280044e-13,0.0,0.0,20.551738943752685,580.3919171404041,VAV3;SYK;RHOG;PIK3R3;PRKCZ;VAV1;RHOB;VAV2;CDC42;LCK;PLCG2;RAC2;FYN;LCP2;PTPN6,0.46875
5,837,Signaling By ERBB2 R-HSA-1227986,18/49,3.207644856612016e-12,Signal Transduction,Reactome_2022,4.4039386351025633e-13,0.0,0.0,13.56398440269408,385.9103705573267,USP8;GRB7;PTPN18;HSP90AA1;YES1;PRKCD;MATK;ERBIN;NRG1;PRKCA;PTK6;PTPN12;RNF41;DIAPH1;ERBB3;CDC37;FYN;HBEGF,0.3673469387755102
5,837,FLT3 Signaling R-HSA-9607240,16/37,3.18415389548488e-12,Immune System,Reactome_2022,4.339062173150502e-13,0.0,0.0,17.764166811669856,505.6738482499586,SYK;FLT3;FLT3LG;PTPRJ;GAB2;FOXO3;SLA2;SOCS2;HCK;BCL2L11;LCK;GRB10;CSK;FYN;SOCS6;SH2B3,0.43243243243243246
5,837,ERK/MAPK Targets R-HSA-198753,13/22,2.857706946795464e-12,Immune System,Reactome_2022,3.864931526403702e-13,0.0,0.0,33.57632146709817,959.667079547252,MEF2C;DUSP3;PPP2R5D;DUSP7;PPP2CA;PPP2CB;RPS6KA3;MAPK7;RPS6KA5;PPP2R1B;PPP2R1A;RPS6KA2;RPS6KA1,0.5909090909090909
5,837,Muscle Contraction R-HSA-397014,35/196,2.259967330976061e-12,Muscle contraction,Reactome_2022,3.033357790551885e-13,0.0,0.0,5.1507101810690665,148.46374072329596,CAMK2B;CAMK2D;AHCYL1;GUCY1B1;CAMK2A;ITPR1;ITPR2;ITPR3;MYL12A;MYLK;NPPA;MYH11;GUCY1A2;ACTN3;CAV3;ACTN2;TPM3;MYL11;TRPC1;PRKCA;SORBS1;ACTA2;MYL6;FGF14;MYL1;ORAI1;PKN1;VIM;TLN1;CALM1;FGF13;MYL9;FGF12;VCL;FGF11,0.17857142857142858
5,837,DCC Mediated Attractive Signaling R-HSA-418885,11/14,1.5751353970303657e-12,Developmental Biology,Reactome_2022,2.098028705060938e-13,0.0,0.0,85.05246166263116,2482.9031741925724,CDC42;TRIO;ABLIM2;ABLIM3;DCC;FYN;WASL;NTN1;DOCK1;PTK2;NCK1,0.7857142857142857
5,837,MAPK Targets/ Nuclear Events Mediated By MAP Kinases R-HSA-450282,15/30,1.2198089091504165e-12,Immune System,Reactome_2022,1.6122474311516776e-13,0.0,0.0,23.29440389294404,686.1594272407835,MEF2C;DUSP3;PPP2R5D;FOS;DUSP7;PPP2CA;PPP2CB;RPS6KA3;MAPK7;RPS6KA5;PPP2R1B;PPP2R1A;RPS6KA2;RPS6KA1;MAPKAPK2,0.5
5,837,ESR-mediated Signaling R-HSA-8939211,35/188,6.389594816171947e-13,Signal Transduction,Reactome_2022,8.379796480225505e-14,0.0,0.0,5.4223102374782,163.26775489343373,SRF;GNAI3;PIK3R3;TGFA;ZDHHC7;ZDHHC21;FOXO3;PRKCZ;AREG;GNAI1;IGF1R;GNAI2;GNG10;GNG2;CCND1;GNG4;GNG7;S1PR3;HSP90AA1;CAV2;MMP2;FOS;GNG12;ESR1;GNG11;ESR2;PTK2;UHMK1;GNB1;GNB4;PGR;STRN;GNB5;CALM1;HBEGF,0.18617021276595744
5,837,Sema4D In Semaphorin Signaling R-HSA-400685,14/24,4.635793545471735e-13,Developmental Biology,Reactome_2022,6.032231355275723e-14,0.0,0.0,32.58104495747266,991.7368487955436,LIMK2;LIMK1;RHOC;ARHGAP35;RHOB;RND1;MYL6;RRAS;MYH14;MYH9;MYH11;PLXNB1;MYH10;MYL9,0.5833333333333334
5,837,Thromboxane Signaling Thru TP Receptor R-HSA-428930,14/24,4.635793545471735e-13,Hemostasis,Reactome_2022,6.032231355275723e-14,0.0,0.0,32.58104495747266,991.7368487955436,GNG12;GNG11;GNA13;GNA14;GNA15;GNG10;GNG2;GNG4;GNA11;GNG7;GNB1;GNB4;GNB5;AAMP,0.5833333333333334
5,837,"Interleukin-3, Interleukin-5 And GM-CSF Signaling R-HSA-512988",18/44,3.7331494304302697e-13,Immune System,Reactome_2022,4.7811852336453267e-14,0.0,0.0,16.176669484361792,496.162763858576,YES1;SYK;INPPL1;PIK3R3;CSF2RB;PRKCA;GAB2;YWHAZ;VAV1;HCK;TEC;INPP5D;IL3RA;BLNK;RAPGEF1;FYN;PTPN6;JAK3,0.4090909090909091
5,837,CRMPs In Sema3A Signaling R-HSA-399956,12/16,3.2795733837799015e-13,Developmental Biology,Reactome_2022,4.1666711023433176e-14,0.0,0.0,69.66909090909091,2146.440169090077,CDK5;DPYSL4;DPYSL5;FES;SEMA3A;DPYSL2;PLXNA2;PLXNA1;FYN;PLXNA4;CDK5R1;PLXNA3,0.75
5,837,RAF Activation R-HSA-5673000,16/32,1.95677096823642e-13,Signal Transduction,Reactome_2022,2.4660125931668e-14,0.0,0.0,23.321559074299635,730.748141986746,CAMK2B;CAMK2D;KSR1;YWHAB;CAMK2A;PPP2R5D;PPP1CB;PPP2CA;PPP2CB;MRAS;PPP2R1B;PPP2R1A;SHOC2;CALM1;MARK3;MAP3K11,0.5
5,837,RHOJ GTPase Cycle R-HSA-9013409,20/54,1.453847338654271e-13,Signal Transduction,Reactome_2022,1.8173091733178384e-14,0.0,0.0,13.772769817841455,435.75438309730055,GIT2;TRIO;JUP;FNBP1;DOCK8;WIPF2;SNAP23;ARHGAP1;WAS;WWP2;WASL;ARHGAP5;ARHGAP35;CDC42;PREX1;GJA1;PKN1;ARHGEF7;GIT1;PAK4,0.37037037037037035
5,837,Translocation Of SLC2A4 (GLUT4) To Plasma Membrane R-HSA-1445148,18/51,6.899883843636127e-12,Vesicle-mediated transport,Reactome_2022,9.826678834686697e-13,0.0,0.0,12.74059274059274,352.2583445375005,RALA;RAB4A;STXBP3;YWHAB;EXOC7;SNAP23;PRKAG1;PRKAG2;MYO5A;SLC2A4;YWHAZ;RAB10;YWHAQ;TBC1D4;MYH9;STX4;CALM1;RHOQ,0.35294117647058826
5,837,Regulation Of KIT Signaling R-HSA-1433559,11/16,1.602022691073953e-11,Signal Transduction,Reactome_2022,2.330811702177268e-12,0.0,0.0,51.02615012106538,1366.7254573696175,KITLG;YES1;SOCS1;LCK;KIT;PRKCA;FYN;PTPN6;SOCS6;SH2B3;SH2B2,0.6875
5,837,Sema3A PAK Dependent Axon Repulsion R-HSA-399954,11/16,1.602022691073953e-11,Developmental Biology,Reactome_2022,2.330811702177268e-12,0.0,0.0,51.02615012106538,1366.7254573696175,HSP90AA1;FES;SEMA3A;LIMK1;PLXNA2;PLXNA1;FYN;PKN1;ARHGEF7;PLXNA4;PLXNA3,0.6875
5,837,Rap1 Signaling R-HSA-392517,11/16,1.602022691073953e-11,Immune System,Reactome_2022,2.330811702177268e-12,0.0,0.0,51.02615012106538,1366.7254573696175,RAP1B;RAP1A;YWHAB;PRKCA;RASGRP2;RASGRP1;YWHAZ;PRKACB;PRKG1;SIPA1;RAPGEF4,0.6875
5,837,Integrin Signaling R-HSA-354192,12/27,1.5752336716589496e-09,Hemostasis,Reactome_2022,2.598489970666915e-10,0.0,0.0,18.56775757575757,409.8075000950213,RAP1B;APBB1IP;PTPN1;RAP1A;SYK;ITGA2B;CSK;RASGRP2;TLN1;RASGRP1;PTK2;RAPGEF4,0.4444444444444444
5,837,CREB1 Phosphorylation Thru NMDA Receptor-Mediated Activation Of RAS Signaling R-HSA-442742,12/27,1.5752336716589496e-09,Neuronal System,Reactome_2022,2.598489970666915e-10,0.0,0.0,18.56775757575757,409.8075000950213,CAMK2B;RPS6KA3;CAMK2D;RPS6KA6;ACTN2;RASGRF2;RPS6KA2;CAMK2A;RASGRF1;RPS6KA1;NEFL;CALM1,0.4444444444444444
5,837,Costimulation By CD28 Family R-HSA-388841,18/68,1.416421189589832e-09,Immune System,Reactome_2022,2.2929769257704247e-10,0.0,0.0,8.401318681318681,186.4756693582632,PRR5;YES1;PIK3R3;PPP2R5D;VAV1;CDC42;PPP2CA;PPP2CB;PPP2R1B;PPP2R1A;LCK;THEM4;CSK;FYN;PTPN6;PKN1;ARHGEF7;ICOS,0.2647058823529412
5,837,G-protein Beta:Gamma Signaling R-HSA-397795,13/32,1.136816669004838e-09,Signal Transduction,Reactome_2022,1.8286907482967167e-10,0.0,0.0,15.89626980071538,356.43014598650547,GNG12;GNG11;CDC42;GNG10;GNG2;GNG4;GNG7;GNB1;BTK;GNB4;GNB5;PKN1;ARHGEF6,0.40625
5,837,Aquaporin-mediated Transport R-HSA-445717,16/50,6.226983173759152e-10,Transport of small molecules,Reactome_2022,9.952964908877334e-11,0.0,0.0,10.964533925628716,252.5194171388676,PRKCA;GNG12;GNG11;GNG10;GNG2;PRKAR1B;PRKAR1A;GNG4;PRKAR2B;GNG7;PRKAR2A;GNB1;GNAS;GNB4;GNB5;PRKACB,0.32
5,837,ADP Signaling Thru P2Y Purinoceptor 1 R-HSA-418592,12/25,5.288826081497631e-10,Hemostasis,Reactome_2022,8.399262731886609e-11,0.0,0.0,21.426573426573427,497.1027620047069,GNA14;GNA15;GNG10;GNG2;GNG4;GNA11;GNG7;GNB1;GNB4;GNB5;GNG12;GNG11,0.48
5,837,G-protein Activation R-HSA-202040,12/24,2.8773796651664875e-10,Signal Transduction,Reactome_2022,4.540127750365154e-11,0.0,0.0,23.21333333333333,552.8366959853461,GNA14;GNA15;GNG10;GNG2;GNG4;GNA11;GNG7;GNB1;GNB4;GNB5;GNG12;GNG11,0.5
5,837,Negative Regulation Of MAPK Pathway R-HSA-5675221,15/41,2.7320789368113027e-10,Signal Transduction,Reactome_2022,4.282869644796407e-11,0.0,0.0,13.431358787198205,320.6577448013678,KSR1;YWHAB;PEBP1;PPP2R5D;DUSP16;DUSP9;DUSP7;PPP2CA;PPP2CB;DUSP10;PPP2R1B;PPP2R1A;PTPN7;MARK3;PTPN3,0.36585365853658536
5,837,Gap Junction Degradation R-HSA-190873,8/10,2.291057378775649e-09,Vesicle-mediated transport,Reactome_2022,3.8027796655907295e-10,0.0,0.0,92.45355850422196,2005.3286526164572,GJA1;CLTC;CLTCL1;MYO6;CLTB;AP2M1;DNM1;DNM2,0.8
5,837,WNT5A-dependent Internalization Of FZD4 R-HSA-5099900,10/15,2.4908032990942476e-10,Signal Transduction,Reactome_2022,3.8791198920320254e-11,0.0,0.0,46.331318016928655,1110.6927051837592,PRKCB;CLTC;CLTB;AP2S1;AP2A1;PRKCA;AP2B1;ARRB2;AP2A2;AP2M1,0.6666666666666666
5,837,Signaling To ERKs R-HSA-187687,14/33,1.1525593347165255e-10,Signal Transduction,Reactome_2022,1.7713514365520368e-11,0.0,0.0,17.13986058706913,424.32627080257504,NTRK1;RALA;RALB;SHC3;YWHAB;KIDINS220;NGF;MAPK13;RAP1A;RIT2;MAPKAPK3;MAPKAPK2;RAPGEF1;RALGDS,0.42424242424242425
5,837,ADP Signaling Thru P2Y Purinoceptor 12 R-HSA-392170,12/22,7.684618764050141e-11,Hemostasis,Reactome_2022,1.1731641350855234e-11,0.0,0.0,27.85890909090909,701.1734037794026,GNG10;GNG2;GNG4;GNG7;GNB1;GNAI3;GNB4;GNB5;GNG12;GNG11;GNAI1;GNAI2,0.5454545454545454
5,837,Smooth Muscle Contraction R-HSA-445355,16/43,4.654531301765613e-11,Muscle contraction,Reactome_2022,7.058100744480643e-12,0.0,0.0,13.812243424910903,354.6548351394254,GUCY1A2;GUCY1B1;CAV3;TPM3;MYL11;SORBS1;MYL12A;MYLK;ACTA2;MYL6;MYH11;PKN1;CALM1;TLN1;MYL9;VCL,0.37209302325581395
5,837,Negative Regulation Of MET Activity R-HSA-6807004,12/21,3.6804475379534863e-11,Signal Transduction,Reactome_2022,5.543297009007812e-12,0.0,0.0,30.955959595959595,802.3299233878637,PTPN1;SH3GL3;USP8;SH3KBP1;HGS;PTPRJ;STAM;EPS15;STAM2;PTPN2;SH3GL2;SH3GL1,0.5714285714285714
5,837,Vasopressin Regulates Renal Water Homeostasis Via Aquaporins R-HSA-432040,16/42,3.0814554927283445e-11,Transport of small molecules,Reactome_2022,4.609554323138712e-12,0.0,0.0,14.344233111589991,374.4259381812651,PRKCA;GNG12;GNG11;GNG10;GNG2;PRKAR1B;GNG4;PRKAR2B;PRKAR1A;GNG7;PRKAR2A;GNB1;GNAS;GNB4;GNB5;PRKACB,0.38095238095238093
5,837,RHO GTPases Activate PKNs R-HSA-5625740,19/62,2.79432475479558e-11,Signal Transduction,Reactome_2022,4.151404604972941e-12,0.0,0.0,10.328083243304716,270.67400980092043,PPP1R14A;PPP1R12A;YWHAB;PKN3;KLK2;RHOC;AREG;YWHAZ;RHOB;PPP1CB;MYL6;YWHAQ;MYH9;MYH14;MYH11;PKN1;PPP1R12B;MYL9;MYH10,0.3064516129032258
5,837,Sema4D Induced Cell Migration And Growth-Cone Collapse R-HSA-416572,12/20,1.6738374970943815e-11,Developmental Biology,Reactome_2022,2.4695963071884315e-12,0.0,0.0,34.82727272727273,930.8273485786124,MYL6;LIMK2;LIMK1;MYH14;MYH9;MYH11;PLXNB1;RHOC;MYH10;MYL9;RHOB;RND1,0.6
5,837,G Beta:Gamma Signaling Thru CDC42 R-HSA-8964616,12/20,1.6738374970943815e-11,Signal Transduction,Reactome_2022,2.4695963071884315e-12,0.0,0.0,34.82727272727273,930.8273485786124,CDC42;GNG10;GNG2;GNG4;GNG7;GNB1;GNB4;GNB5;PKN1;GNG12;GNG11;ARHGEF6,0.6
5,837,RHO GTPases Activate CIT R-HSA-5625900,11/19,2.3222280339988268e-10,Signal Transduction,Reactome_2022,3.5927913230924467e-11,0.0,0.0,31.886349878934624,766.850981711195,PPP1CB;MYL6;PPP1R12A;MYH14;MYH9;MYH11;RHOC;PPP1R12B;MYH10;MYL9;RHOB,0.5789473684210527
5,837,Toll Like Receptor 4 (TLR4) Cascade R-HSA-166016,22/140,4.091403957080634e-07,Immune System,Reactome_2022,8.593625114769776e-08,0.0,0.0,4.356764063637309,70.88307036976148,MEF2C;DUSP3;PPP2R5D;FOS;DNM1;DNM2;DUSP7;DNM3;PPP2CA;RPS6KA3;PPP2CB;RPS6KA5;SOCS1;MAPK7;PPP2R1B;MAPKAPK3;PPP2R1A;RPS6KA2;RPS6KA1;MAPKAPK2;BTK;PLCG2,0.15714285714285714
5,837,Activation Of GABAB Receptors R-HSA-991365,12/42,4.385185267673406e-07,Neuronal System,Reactome_2022,9.255616446113953e-08,0.0,0.0,9.27660606060606,150.23881141764784,GNG10;GNG2;GNG4;GNG7;GNB1;GNAI3;GNB4;GNB5;GNG12;GNG11;GNAI1;GNAI2,0.2857142857142857
5,837,Apoptosis R-HSA-109581,25/178,5.275339707499296e-07,Programmed Cell Death,Reactome_2022,1.118847663373314e-07,0.0,0.0,3.825380727003445,61.22826494377882,MAGED1;YWHAB;SATB1;PPP3R1;BCL2L11;PPP3CC;YWHAQ;SPTAN1;APPL1;DBNL;GSN;UNC5A;UNC5B;DCC;DAPK2;PRKCD;BMX;YWHAZ;PTK2;ARHGAP10;OCLN;PRKCQ;MAPT;VIM;TJP2,0.1404494382022472
5,837,Positive Regulation Of Protein Serine/Threonine Kinase Activity (GO:0071902),19/117,6.705790220169465e-06,biological regulation,GO_Biological_Process_2023,3.829335716697039e-07,0.0,0.0,4.518674217853401,66.76523849102134,PDGFRB;MEF2C;RALB;FLT3;INSR;NTRK3;PDGFA;TGFA;RASGRP1;GHR;PPP2CA;CCND1;PDGFD;PDGFC;KIT;CALM1;CALM2;MAP2K5;FGFR1,0.1623931623931624
5,837,Response To Calcium Ion (GO:0051592),18/106,6.776673473977416e-06,response to stimulus,GO_Biological_Process_2023,3.892312453512925e-07,0.0,0.0,4.763986013986014,70.31210886229448,MEF2C;CAMK2D;AHCYL1;SYT2;HOMER1;TRPC3;TRPC1;CACNA1A;ITPR3;IQGAP1;RASGRP2;ITPKB;PPP3CA;RASA4;CHP2;PLCG2;CALM1;CALM2,0.16981132075471697
5,837,Nerve Growth Factor Signaling Pathway (GO:0038180),6/9,6.886692051866313e-06,cellular process,GO_Biological_Process_2023,3.978367918408826e-07,0.0,0.0,46.11311672683514,679.5793299197052,NTRK1;RAP1A;KIDINS220;MAGI2;RAPGEF1;NGF,0.6666666666666666
5,837,Regulation Of Actin Cytoskeleton Reorganization (GO:2000249),9/25,7.245612670347381e-06,None,GO_Biological_Process_2023,4.209768317764913e-07,0.0,0.0,13.007472826086955,190.95865069897624,PDGFRA;HCK;CDK5;FES;ARHGDIA;PTK2B;SEMA3E;TEK;BAIAP2,0.36
5,837,Inositol Phosphate-Mediated Signaling (GO:0048016),8/19,7.759731170923833e-06,None,GO_Biological_Process_2023,4.560001385303847e-07,0.0,0.0,16.801842307270533,245.31988086685195,PPP3CA;PPP3CB;PPP3R1;PPP3CC;NFATC3;NFATC2;NFATC1;NFATC4,0.42105263157894735
5,837,Positive Regulation Of ERK1 And ERK2 Cascade (GO:0070374),24/179,8.101797225683839e-06,biological regulation,GO_Biological_Process_2023,4.787914695125243e-07,0.0,0.0,3.620140459469111,52.6802864272065,PDGFRB;NTRK1;PDGFRA;FLT4;NTRK3;PDGFA;PRKCA;ARRB1;NRG1;ARRB2;PRKCZ;RASGRP1;RAP1A;PDGFD;PDGFC;PTK2B;SPRY2;ALKAL2;ALKAL1;TEK;FGFR4;FGFR3;FGFR2;MAP3K12,0.1340782122905028
5,837,Semaphorin Receptor Activity (GO:0017154),6/10,8.652814606841007e-06,molecular transducer activity,GO_Molecular_Function_2023,9.592486781339577e-07,0.0,0.0,34.58303249097473,479.221075078017,PLXND1;PLXNA2;PLXNA1;PLXNB1;PLXNA4;PLXNA3,0.6
5,837,"Inositol 1,4,5 Trisphosphate Binding (GO:0070679)",6/10,8.652814606841007e-06,binding,GO_Molecular_Function_2023,9.592486781339577e-07,0.0,0.0,34.58303249097473,479.221075078017,TRPC6;TRPC3;TRPC1;ITPR1;ITPR2;ITPR3,0.6
5,837,cAMP-dependent Protein Kinase Regulator Activity (GO:0008603),6/10,8.652814606841007e-06,molecular function regulator activity,GO_Molecular_Function_2023,9.592486781339577e-07,0.0,0.0,34.58303249097473,479.221075078017,PRKAR1B;PRKAR1A;PRKAR2B;PRKAR2A;PRKAG1;PRKAG2,0.6
5,837,Plasma Membrane Raft (GO:0044853),15/82,9.73523275745581e-06,cellular anatomical structure,GO_Cellular_Component_2023,1.355538738379923e-06,0.0,0.0,5.201002287830918,70.2723624898935,CAV3;IRS1;CAV2;NOS3;INSR;HCK;MYL1;PRKAR1A;PRKAR2A;FLOT1;FLOT2;ORAI1;LCP2;PRKACA;EZR,0.18292682926829268
5,837,Cell Morphogenesis Involved In Neuron Differentiation (GO:0048667),15/77,9.810451225719332e-06,developmental process,GO_Biological_Process_2023,5.830248238392299e-07,0.0,0.0,5.621909583235225,80.70271486096702,MEF2C;DCC;APLP2;DOCK7;BAIAP2;RAB10;PARD6B;CDK5;MAP1B;PARD3;TAOK2;SLITRK5;CTNNA2;PAK3;FGFR2,0.19480519480519481
5,837,Tight Junction (GO:0070160),16/93,9.95165499502679e-06,cellular anatomical structure,GO_Cellular_Component_2023,1.427663585784434e-06,0.0,0.0,4.830599364095101,65.0173135317511,PRKCI;MAGI2;CLDN1;PRKCZ;CYTH3;CDH5;GJA1;PARD6B;OCLN;PARD6A;PARD3;STRN;CYTH1;EPHA2;JAM3;TJP2,0.17204301075268819
5,837,PP2A-mediated Dephosphorylation Of Key Metabolic Factors R-HSA-163767,5/7,9.542431333432748e-06,Metabolism,Reactome_2022,2.483378646200736e-06,0.0,0.0,57.57512019230769,743.058200619212,PPP2CA;PPP2CB;PPP2R1B;PPP2R1A;PPP2R5D,0.7142857142857143
5,837,ARMS-mediated Activation R-HSA-170984,5/7,9.542431333432748e-06,Signal Transduction,Reactome_2022,2.483378646200736e-06,0.0,0.0,57.57512019230769,743.058200619212,NTRK1;RAP1A;KIDINS220;YWHAB;NGF,0.7142857142857143
5,837,Nef Mediated CD8 Down-regulation R-HSA-182218,5/7,9.542431333432748e-06,Disease,Reactome_2022,2.483378646200736e-06,0.0,0.0,57.57512019230769,743.058200619212,AP2S1;AP2A1;AP2B1;AP2A2;AP2M1,0.7142857142857143
5,837,CREB Phosphorylation R-HSA-199920,5/7,9.542431333432748e-06,Immune System,Reactome_2022,2.483378646200736e-06,0.0,0.0,57.57512019230769,743.058200619212,RPS6KA3;RPS6KA5;RPS6KA2;MAPKAPK2;RPS6KA1,0.7142857142857143
5,837,MyD88 Cascade Initiated On Plasma Membrane R-HSA-975871,16/96,8.620974098328973e-06,Immune System,Reactome_2022,2.208241316170332e-06,0.0,0.0,4.648721071863581,60.54175488567758,MEF2C;DUSP3;PPP2R5D;FOS;DUSP7;PPP2CA;RPS6KA3;PPP2CB;RPS6KA5;MAPK7;PPP2R1B;MAPKAPK3;PPP2R1A;RPS6KA2;RPS6KA1;MAPKAPK2,0.16666666666666666
5,837,Protein Serine/Threonine/Tyrosine Kinase Activity (GO:0004712),9/26,5.957289147240536e-06,catalytic activity,GO_Molecular_Function_2023,6.199893682648521e-07,0.0,0.0,12.24168797953964,174.97734456860243,MAPKAPK3;RPS6KA2;TNK2;RPS6KA1;MAP3K9;PAK3;PRKACA;SGK1;MAP2K5,0.34615384615384615
5,837,Positive Regulation Of Supramolecular Fiber Organization (GO:1902905),29/96,1.4233595435303628e-15,biological regulation,GO_Biological_Process_2023,1.4176887883768553e-17,0.0,0.0,10.229496083936752,396.852468397686,NCKAP1;MYLK3;PAK1;SCIN;CFL2;NCK2;PTK2B;NCKAP1L;NCK1;VASP;USP8;GSN;CAV3;LIMK1;BAIAP2;HCK;FER;OCLN;CTTN;BIN1;CDC42EP5;FES;EVL;MAPT;PFN1;MET;PFN3;ARF6;CDK5R1,0.3020833333333333
5,837,Regulation Of Anatomical Structure Morphogenesis (GO:0022603),20/127,5.604031902346522e-06,biological regulation,GO_Biological_Process_2023,3.181571896750516e-07,0.0,0.0,4.359692972923506,65.22414702725055,EPHA4;MEF2C;PLXND1;FLT4;EFNA5;ETS1;ARHGAP35;PAK1;CDH2;CDK5;DAG1;NF1;MAPT;PAK3;SHANK3;PAK2;FGFR2;EPHB3;EPHA2;CDK5R1,0.15748031496062992
5,837,Presynaptic Endocytosis (GO:0140238),10/31,5.510393396483934e-06,localization,GO_Biological_Process_2023,3.110115794828249e-07,0.0,0.0,11.02205331951402,165.1482271111044,DNM3;SYT2;CDK5;SYNJ1;AP2S1;PIP5K1C;AP2B1;AP2M1;DNM1;DNM2,0.3225806451612903
5,837,Semaphorin-Plexin Signaling Pathway Involved In Neuron Projection Guidance (GO:1902285),7/12,2.771863035474764e-06,cellular process,GO_Biological_Process_2023,1.4448290058749598e-07,0.0,0.0,32.314698795180725,508.9598884498518,PLXND1;SEMA3A;PLXNA2;PLXNA1;PLXNB1;PLXNA4;PLXNA3,0.5833333333333334
5,837,Cell-Cell Contact Zone (GO:0044291),12/47,2.8489432284900425e-06,cellular anatomical structure,GO_Cellular_Component_2023,3.606257251253218e-07,0.0,0.0,7.949298701298701,117.93122618765432,DSP;TIAM1;GJA1;PAK1;CDH2;JUP;FLOT1;FLOT2;FGF13;VCL;JAM3;TJP2,0.2553191489361702
5,837,Maintenance Of Blood-Brain Barrier (GO:0035633),10/29,2.8895940259271306e-06,homeostatic process,GO_Biological_Process_2023,1.5157896948754537e-07,0.0,0.0,12.183542289823713,191.30791940054735,ITGB1;CDH5;GJA1;OCLN;LAMA2;CLDN1;VCL;ACTG1;JAM3;TJP2,0.3448275862068966
5,837,Positive Regulation Of Small GTPase Mediated Signal Transduction (GO:0051057),8/17,2.9940722582132475e-06,biological regulation,GO_Biological_Process_2023,1.5805361522440454e-07,0.0,0.0,20.537729526873072,321.6276531537653,NTRK1;RELN;RASGRF1;ITGAV;SHOC2;NGF;RASGRP1;RASGRP4,0.47058823529411764
5,837,Clathrin-Coated Endocytic Vesicle (GO:0045334),16/85,3.0831559729034508e-06,cellular anatomical structure,GO_Cellular_Component_2023,4.032820048945442e-07,0.0,0.0,5.392928383554873,79.40348081854361,SYT2;CLTC;CLTB;TGFA;AP2A1;AP2B1;AP2A2;AREG;GNAO1;CLTCL1;MYO6;AP2S1;RAB5A;AP2M1;SH3GL2;HBEGF,0.18823529411764706
5,837,Protein Serine/Threonine Phosphatase Activity (GO:0004722),13/55,3.142390375218125e-06,catalytic activity,GO_Molecular_Function_2023,3.128171414244288e-07,0.0,0.0,7.182530050855293,107.57739988283237,PHLPP2;PHLPP1;PTEN;PPP1CA;PPP1CB;PPP2CA;PPP3CA;PPP2CB;PPP3CB;PPP3R1;PPP3CC;LCK;PPP1R3D,0.23636363636363636
5,837,Negative Regulation Of Protein Serine/Threonine Kinase Activity (GO:0071901),16/80,3.163188585126609e-06,biological regulation,GO_Biological_Process_2023,1.6803126614218376e-07,0.0,0.0,5.815773447015834,90.72092327388803,PTPN1;CAV3;PRKCD;PTEN;CBLC;PTPRJ;DUSP7;LATS1;PRKAR1B;PRKAR1A;PRKAR2B;PRKAR2A;NF1;SPRY2;SPRY1;SH2B3,0.2
5,837,Plasma Membrane Bounded Cell Projection Assembly (GO:0120031),32/275,3.376552785505825e-06,cellular process,GO_Biological_Process_2023,1.8125262015177379e-07,0.0,0.0,3.0950591723538583,48.045761354797655,ITGB1;CYFIP1;PTPRO;NTN1;FGD1;MYLK;FGD3;RAP1B;SDCBP;FGD5;RAP1A;ABLIM2;ABLIM3;S1PR1;PIP5K1A;FLNA;SRGAP3;ACTR3;ACTR2;GSN;ACTN2;RHOD;DNM3;EHD4;SPATA13;KIT;ARHGEF4;EZR;ARHGEF7;VCL;ARF6;ARHGEF6,0.11636363636363636
5,837,Regulation Of Cell Junction Assembly (GO:1901888),9/23,3.376552785505825e-06,biological regulation,GO_Biological_Process_2023,1.8160742073437704e-07,0.0,0.0,14.86723602484472,230.76059240684748,RAP1B;MEF2C;PRKCH;MYO1C;RAP1A;FLOT1;RAPGEF1;SNAI1;PRKACA,0.391304347826087
5,837,Endosome Membrane (GO:0010008),37/361,3.834450179114465e-06,cellular anatomical structure,GO_Cellular_Component_2023,5.177316697538517e-07,0.0,0.0,2.689209104938272,38.92309824932404,RET;GRIA1;ITGB1;RAB5B;RAB5C;DAGLA;FLT3;CLTC;NCF4;ARHGAP1;WDR83;AP2A1;SLA2;AP2A2;RAP1A;AP2S1;PIP5K1C;EPHB1;AP2M1;ATP6V0A1;APPL1;NTRK1;EPHA4;USP8;RAB4A;INSR;APLP2;AP2B1;RHOD;RHOB;CLCN6;EHD4;ABHD17B;ABHD17A;RHOU;RAB5A;ARF6,0.10249307479224377
5,837,Non-Membrane Spanning Protein Tyrosine Phosphatase Activity (GO:0004726),6/9,3.907641377637114e-06,catalytic activity,GO_Molecular_Function_2023,3.978367918408826e-07,0.0,0.0,46.11311672683514,679.5793299197052,PTPN1;PTPN18;PTPN6;PTPN12;PTPN7;PTPN2,0.6666666666666666
5,837,Activation Of GTPase Activity (GO:0090630),18/102,3.937799258142649e-06,biological regulation,GO_Biological_Process_2023,2.138159346929868e-07,0.0,0.0,4.991889063317635,76.66618256675285,APC2;ARHGEF26;ARHGEF15;RALGAPA1;NTRK3;DOCK7;RASGRF1;ARHGEF16;AGAP2;RHOG;RASGRP1;TIAM2;TIAM1;TBC1D4;PIP5K1A;NGEF;SIPA1;EPHA2,0.17647058823529413
5,837,Epidermal Growth Factor Receptor Signaling Pathway (GO:0007173),12/45,3.937799258142649e-06,cellular process,GO_Biological_Process_2023,2.144087245469437e-07,0.0,0.0,8.431955922865013,129.47590180578706,GRB7;DGKD;SHC3;NCK2;ERBIN;TGFA;PTK2B;IQGAP1;PIK3C2A;AREG;PTK2;HBEGF,0.26666666666666666
5,837,Negative Regulation Of Peptidyl-Tyrosine Phosphorylation (GO:0050732),10/30,3.971242895708572e-06,biological regulation,GO_Biological_Process_2023,2.1886664033453613e-07,0.0,0.0,11.573760580411124,177.48134125740685,PPP2CA;SOCS1;PPP2R1A;PRKCD;PTK6;PTPN6;NF2;PRKCZ;SH2B3;PTPN2,0.3333333333333333
5,837,Negative Regulation Of Epithelial To Mesenchymal Transition (GO:0010719),10/30,3.971242895708572e-06,biological regulation,GO_Biological_Process_2023,2.1886664033453613e-07,0.0,0.0,11.573760580411124,177.48134125740685,PPP2CA;SPRED3;SPRED2;EPHA4;SPRED1;PTEN;SPRY2;SPRY1;IL17RD;MARK1,0.3333333333333333
5,837,Response To Nerve Growth Factor (GO:1990089),7/13,5.441619274741172e-06,response to stimulus,GO_Biological_Process_2023,3.017099664282124e-07,0.0,0.0,26.92751004016064,404.28424100734907,NTRK1;RAP1A;KIDINS220;NTRK3;MAGI2;RAPGEF1;MAPT,0.5384615384615384
5,837,Negative Chemotaxis (GO:0050919),10/31,5.510393396483934e-06,locomotion,GO_Biological_Process_2023,3.110115794828249e-07,0.0,0.0,11.02205331951402,165.1482271111044,EPHA7;SEMA3A;SEMA6D;SLIT1;PDGFA;SEMA3E;ITGAV;SEMA4F;UNC5C;NTN1,0.3225806451612903
5,837,Positive Regulation Of Glucose Transmembrane Transport (GO:0010828),10/31,5.510393396483934e-06,biological regulation,GO_Biological_Process_2023,3.110115794828249e-07,0.0,0.0,11.02205331951402,165.1482271111044,PRKCI;OCLN;IRS1;CAPN10;INSR;CLTCL1;IRS2;SORBS1;RHOQ;APPL1,0.3225806451612903
5,837,Toll Like Receptor 9 (TLR9) Cascade R-HSA-168138,17/106,7.32649369954734e-06,Immune System,Reactome_2022,1.86165003840957e-06,0.0,0.0,4.443107700739929,58.62257336725425,MEF2C;DUSP3;PPP2R5D;FOS;DUSP7;EEA1;PPP2CA;RPS6KA3;PPP2CB;RPS6KA5;MAPK7;PPP2R1B;MAPKAPK3;PPP2R1A;RPS6KA2;RPS6KA1;MAPKAPK2,0.16037735849056603
5,837,Response To Elevated Platelet Cytosolic Ca2+ R-HSA-76005,19/130,7.839524173138668e-06,Hemostasis,Reactome_2022,2.0000425400732875e-06,0.0,0.0,3.98673979603075,52.31536349747458,CAP1;STXBP3;ACTN2;PRKCB;ACTN1;APLP2;ITGA2B;STXBP2;IGF2;PDGFA;PRKCA;ACTN4;TMX3;FLNA;STX4;PFN1;TLN1;CALM1;VCL,0.14615384615384616
5,837,Cell-extracellular Matrix Interactions R-HSA-446353,7/16,7.1161923905158925e-06,Cell-Cell communication,Reactome_2022,1.800921639812936e-06,0.0,0.0,17.948862115127174,237.41340439113836,ITGB1;VASP;ACTN1;ILK;FLNA;FLNC;ARHGEF6,0.4375
5,837,RHO GTPases Activate Formins R-HSA-5663220,19/119,2.1776700040240197e-06,Signal Transduction,Reactome_2022,5.020243349440617e-07,0.0,0.0,4.427836185819071,64.22406908755505,ITGB1;SRF;PPP2R5D;RHOC;RHOD;ACTG1;RHOB;CDC42;PPP2CA;DIAPH1;PPP2CB;DIAPH2;FMNL1;PPP2R1B;DAAM1;PPP2R1A;EVL;PFN1;SRGAP2,0.15966386554621848
5,837,Ras Activation Upon Ca2+ Influx Thru NMDA Receptor R-HSA-442982,8/19,1.9868577464538185e-06,Neuronal System,Reactome_2022,4.560001385303847e-07,0.0,0.0,16.801842307270533,245.31988086685195,CAMK2B;CAMK2D;ACTN2;RASGRF2;CAMK2A;RASGRF1;NEFL;CALM1,0.42105263157894735
5,837,Listeria Monocytogenes Entry Into Host Cells R-HSA-8876384,8/19,1.9868577464538185e-06,Disease,Reactome_2022,4.560001385303847e-07,0.0,0.0,16.801842307270533,245.31988086685195,SH3GL3;SH3KBP1;HGS;STAM;EPS15;STAM2;SH3GL2;SH3GL1,0.42105263157894735
5,837,G Beta:Gamma Signaling Thru PI3Kgamma R-HSA-392451,9/25,1.8507810261885384e-06,Signal Transduction,Reactome_2022,4.209768317764913e-07,0.0,0.0,13.007472826086955,190.95865069897624,GNG10;GNG2;GNG4;GNG7;GNB1;GNB4;GNB5;GNG12;GNG11,0.36
5,837,IRS-mediated Signaling R-HSA-112399,12/47,1.5926276367525529e-06,Signal Transduction,Reactome_2022,3.606257251253218e-07,0.0,0.0,7.949298701298701,117.93122618765432,FLT3;IRS1;PDE3B;THEM4;FLT3LG;IRS2;GAB2;FGF13;FGFR4;FGFR3;FGFR2;FGFR1,0.2553191489361702
5,837,TCR Signaling R-HSA-202403,19/116,1.4800952013109408e-06,Immune System,Reactome_2022,3.336280166889416e-07,0.0,0.0,4.565497945706148,68.08636287256446,VASP;ITK;PTEN;WAS;PTPRJ;MALT1;ENAH;ZAP70;LCK;INPP5D;PLCG2;PRKCQ;EVL;LCP2;CSK;PKN1;ARHGEF7;PAG1;NCK1,0.16379310344827586
5,837,Signal Regulatory Protein Family Interactions R-HSA-391160,7/13,1.3446069736709375e-06,Cell-Cell communication,Reactome_2022,3.017099664282124e-07,0.0,0.0,26.92751004016064,404.28424100734907,SIRPG;PTK2B;SIRPA;PTPN6;CD47;PTK2;SKAP2,0.5384615384615384
5,837,Toll-like Receptor Cascades R-HSA-168898,23/162,1.314153886420612e-06,Immune System,Reactome_2022,2.9353027381116125e-07,0.0,0.0,3.867145104555176,58.16683186832415,MEF2C;DUSP3;PPP2R5D;FOS;DNM1;DNM2;DUSP7;EEA1;DNM3;PPP2CA;RPS6KA3;PPP2CB;RPS6KA5;SOCS1;MAPK7;PPP2R1B;MAPKAPK3;PPP2R1A;RPS6KA2;RPS6KA1;MAPKAPK2;BTK;PLCG2,0.1419753086419753
5,837,Signaling By Insulin Receptor R-HSA-74752,15/77,2.5178417171110103e-06,Signal Transduction,Reactome_2022,5.830248238392299e-07,0.0,0.0,5.621909583235225,80.70271486096702,FLT3;IRS1;INSR;PDE3B;FLT3LG;IRS2;GAB2;GRB10;THEM4;FGF13;FGFR4;FGFR3;FGFR2;ATP6V0A1;FGFR1,0.19480519480519481
5,837,Estrogen-dependent Nuclear Events Downstream Of ESR-membrane Signaling R-HSA-9634638,9/24,1.2584410325738132e-06,Signal Transduction,Reactome_2022,2.797968279390548e-07,0.0,0.0,13.87536231884058,209.36814640158232,CCND1;SRF;TGFA;FOS;FOXO3;AREG;PTK2;UHMK1;HBEGF,0.375
5,837,Long-term Potentiation R-HSA-9620244,9/23,8.244132215662883e-07,Neuronal System,Reactome_2022,1.8160742073437704e-07,0.0,0.0,14.86723602484472,230.76059240684748,CAMK2B;GRIA1;GRIA2;CAMK2D;ACTN2;CAMK2A;NEFL;NRG1;CALM1,0.391304347826087
5,837,Cell Surface Interactions At Vascular Wall R-HSA-202733,21/134,8.048870692781221e-07,Hemostasis,Reactome_2022,1.764813860917194e-07,0.0,0.0,4.338560645497137,67.46483681968864,ITGB1;GRB7;ANGPT4;YES1;SIRPG;L1CAM;DOK2;MAG;GRB14;LCK;INPP5D;TSPAN7;SIRPA;PICK1;ITGAV;ITGA6;FYN;PTPN6;CD47;TEK;JAM3,0.15671641791044777
5,837,PI3K Cascade R-HSA-109704,12/44,7.488023616560664e-07,Signal Transduction,Reactome_2022,1.634169088450227e-07,0.0,0.0,8.69590909090909,135.89063377601587,FLT3;IRS1;PDE3B;THEM4;FLT3LG;IRS2;GAB2;FGF13;FGFR4;FGFR3;FGFR2;FGFR1,0.2727272727272727
5,837,PKA Activation R-HSA-163615,8/17,7.276430587689567e-07,Signal Transduction,Reactome_2022,1.5805361522440454e-07,0.0,0.0,20.537729526873072,321.6276531537653,NBEA;PRKAR1B;PRKAR1A;PRKAR2B;PRKAR2A;PRKCA;CALM1;PRKACB,0.47058823529411764
5,837,Activation Of Kainate Receptors Upon Glutamate Binding R-HSA-451326,10/29,7.011425318476032e-07,Neuronal System,Reactome_2022,1.5157896948754537e-07,0.0,0.0,12.183542289823713,191.30791940054735,GNG10;GNG2;GNG4;GNG7;GNB1;GNB4;GNB5;GNG12;CALM1;GNG11,0.3448275862068966
5,837,"Regulation Of Glycolysis By Fructose 2,6-Bisphosphate Metabolism R-HSA-9634600",7/12,6.715014808256957e-07,Metabolism,Reactome_2022,1.4448290058749598e-07,0.0,0.0,32.314698795180725,508.9598884498518,PPP2CA;PPP2CB;PPP2R1B;PPP2R1A;PPP2R5D;PRKCA;PRKACB,0.5833333333333334
5,837,ROBO Receptors Bind AKAP5 R-HSA-9010642,6/8,6.421127697329304e-07,Developmental Biology,Reactome_2022,1.3750160745305578e-07,0.0,0.0,69.17328519855596,1092.9123278858924,ROBO3;PPP3CB;PRKAR2A;PRKCA;AKAP5;PRKACB,0.75
5,837,Nef Mediated CD4 Down-regulation R-HSA-167590,6/8,6.421127697329304e-07,Disease,Reactome_2022,1.3750160745305578e-07,0.0,0.0,69.17328519855596,1092.9123278858924,LCK;AP2S1;AP2A1;AP2B1;AP2A2;AP2M1,0.75
5,837,Regulation Of Signaling By CBL R-HSA-912631,8/18,1.238320081129978e-06,Immune System,Reactome_2022,2.7405444418450333e-07,0.0,0.0,18.48299155609168,279.2768758537594,HCK;YES1;SYK;BLNK;RAPGEF1;PIK3R3;FYN;VAV1,0.4444444444444444
5,837,Glucagon-type Ligand Receptors R-HSA-420092,10/33,2.586062233721204e-06,Signal Transduction,Reactome_2022,6.014714416544194e-07,0.0,0.0,10.06256243099732,144.13500499041345,GNG10;GNG2;GNG4;GNG7;GNB1;GNAS;GNB4;GNB5;GNG12;GNG11,0.30303030303030304
5,837,Role Of Phospholipids In Phagocytosis R-HSA-2029485,9/26,2.6539895764319985e-06,Immune System,Reactome_2022,6.199893682648521e-07,0.0,0.0,12.24168797953964,174.97734456860243,AHCYL1;PLPP4;SYK;PRKCD;ITPR1;PLCG2;ITPR2;ITPR3;PLD2,0.34615384615384615
5,837,Signaling By ROBO Receptors R-HSA-376176,26/209,3.01901528384926e-06,Developmental Biology,Reactome_2022,7.083550204933201e-07,0.0,0.0,3.3250456496398564,47.08371183515698,ROBO3;CXCR4;AKAP5;NTN1;CDC42;PPP3CB;FLRT3;PRKAR2A;DAG1;NCK2;SLIT3;SRGAP2;PRKACB;SRGAP1;PAK4;NCK1;VASP;CAP1;DCC;PRKCA;MYO9B;ENAH;EVL;PKN1;PFN1;ARHGEF7,0.12440191387559808
5,837,Activation Of G Protein Gated Potassium Channels R-HSA-1296041,9/29,7.069270269454519e-06,Neuronal System,Reactome_2022,1.774560672147907e-06,0.0,0.0,10.403804347826089,137.7667368258328,GNG10;GNG2;GNG4;GNG7;GNB1;GNB4;GNB5;GNG12;GNG11,0.3103448275862069
5,837,Interleukin-2 Family Signaling R-HSA-451927,11/44,5.581562816910028e-06,Immune System,Reactome_2022,1.395390704227507e-06,0.0,0.0,7.719935431799839,104.08276421732644,SYK;LCK;INPP5D;IL3RA;INPPL1;PIK3R3;PTK2B;CSF2RB;PTPN6;GAB2;JAK3,0.25
5,837,MET Promotes Cell Motility R-HSA-8875878,9/28,5.104411571198044e-06,Signal Transduction,Reactome_2022,1.2708729629109883e-06,0.0,0.0,10.951945080091534,148.6814874387344,ITGB1;RAP1B;RAP1A;LAMA2;LAMC3;ITGA2;DOCK7;RAPGEF1;PTK2,0.32142857142857145
5,837,Signaling By PDGF R-HSA-186797,12/52,4.737980643820852e-06,Signal Transduction,Reactome_2022,1.174786184226072e-06,0.0,0.0,6.953818181818182,94.95038463967153,PDGFRB;PDGFRA;GRB7;SYNGAP1;PDGFD;PDGFC;NCK2;RAPGEF1;PDGFA;PTPN12;NCK1;THBS3,0.23076923076923078
5,837,Apoptotic Execution Phase R-HSA-75153,12/52,4.737980643820852e-06,Programmed Cell Death,Reactome_2022,1.174786184226072e-06,0.0,0.0,6.953818181818182,94.95038463967153,OCLN;DBNL;GSN;SATB1;PRKCD;PRKCQ;MAPT;VIM;BMX;SPTAN1;PTK2;TJP2,0.23076923076923078
5,837,Deregulated CDK5 Triggers Neurodegenerative Pathways In Alzheimers Disease Models R-HSA-8862803,8/21,4.63324207938617e-06,Disease,Reactome_2022,1.1393218227998778e-06,0.0,0.0,14.2154588475457,194.5396541056081,BCL2L11;CAPNS1;CDK5;CAPNS2;CAPN2;CAPN1;FOXO3;CDK5R1,0.38095238095238093
5,837,PKA Activation In Glucagon Signaling R-HSA-164378,7/16,7.1161923905158925e-06,Metabolism,Reactome_2022,1.800921639812936e-06,0.0,0.0,17.948862115127174,237.41340439113836,PRKAR1B;PRKAR1A;PRKAR2B;PRKAR2A;GNAS;PRKCA;PRKACB,0.4375
5,837,DAP12 Interactions R-HSA-2172127,11/43,4.459233289477496e-06,Immune System,Reactome_2022,1.0873950029668483e-06,0.0,0.0,7.961599576271187,109.32650093849662,VAV3;SIGLEC15;SIGLEC14;SYK;KIR2DS2;LCK;PLCG2;BTK;FYN;LCP2;VAV2,0.2558139534883721
5,837,CTLA4 Inhibitory Signaling R-HSA-389513,8/21,4.63324207938617e-06,Immune System,Reactome_2022,1.1393218227998778e-06,0.0,0.0,14.2154588475457,194.5396541056081,PPP2CA;PPP2CB;YES1;PPP2R1B;LCK;PPP2R1A;PPP2R5D;FYN,0.38095238095238093
5,837,Caspase Activation Via Dependence Receptors In Absence Of Ligand R-HSA-418889,6/10,3.9503236702900535e-06,Programmed Cell Death,Reactome_2022,9.592486781339577e-07,0.0,0.0,34.58303249097473,479.221075078017,UNC5A;DCC;MAGED1;UNC5B;DAPK2;APPL1,0.6
5,837,Role Of Second Messengers In Netrin-1 Signaling R-HSA-418890,6/10,3.9503236702900535e-06,Developmental Biology,Reactome_2022,9.592486781339577e-07,0.0,0.0,34.58303249097473,479.221075078017,TRPC6;TRPC3;DCC;TRPC1;PITPNA;NTN1,0.6
5,837,MyD88:MAL(TIRAP) Cascade Initiated On Plasma Membrane R-HSA-166058,18/112,3.7685764979770127e-06,Immune System,Reactome_2022,9.035316603756362e-07,0.0,0.0,4.45849894786065,62.04872782320346,MEF2C;DUSP3;PPP2R5D;FOS;DUSP7;PPP2CA;RPS6KA3;PPP2CB;RPS6KA5;SOCS1;MAPK7;PPP2R1B;MAPKAPK3;PPP2R1A;RPS6KA2;RPS6KA1;MAPKAPK2;BTK,0.16071428571428573
5,837,CD28 Co-Stimulation R-HSA-389356,10/34,3.4359524186871726e-06,Immune System,Reactome_2022,8.202632311005238e-07,0.0,0.0,9.642785167271262,135.13052508713616,PRR5;CDC42;YES1;LCK;PIK3R3;THEM4;FYN;PKN1;ARHGEF7;VAV1,0.29411764705882354
5,837,GABA Receptor Activation R-HSA-977443,13/59,3.1437096121034733e-06,Neuronal System,Reactome_2022,7.472752356639404e-07,0.0,0.0,6.556590333474039,92.492720064457,GNAI3;GNG12;GNG11;GNAI1;GNAI2;ARHGEF9;GNG10;GNG2;GNG4;GNG7;GNB1;GNB4;GNB5,0.22033898305084745
5,837,Syndecan Interactions R-HSA-3000170,8/20,3.093329490113912e-06,Extracellular matrix organization,Reactome_2022,7.32130237926551e-07,0.0,0.0,15.400884599919582,217.57303125446083,ITGB1;ITGB4;ACTN1;ITGA2;PRKCA;ITGA6;ITGAV;FGF13,0.4
5,837,Signal Transduction By L1 R-HSA-445144,8/20,3.093329490113912e-06,Developmental Biology,Reactome_2022,7.32130237926551e-07,0.0,0.0,15.400884599919582,217.57303125446083,ITGB1;ITGA2B;ITGAV;NCAM1;PKN1;L1CAM;VAV2;FGFR1,0.4
5,837,CaMK IV-mediated Phosphorylation Of CREB R-HSA-111932,6/10,3.9503236702900535e-06,Signal Transduction,Reactome_2022,9.592486781339577e-07,0.0,0.0,34.58303249097473,479.221075078017,CAMK2B;CAMK2D;CAMK4;CAMK2A;CALM1;CAMKK2,0.6
5,837,ATP Binding (GO:0005524),32/279,2.5934871164500524e-06,binding,GO_Molecular_Function_2023,2.523075701523807e-07,0.0,0.0,3.0442930067644025,46.25077761808537,AGAP2;PRKAG1;PRKAG2;STK4;RPS6KA4;PTPA;RPS6KA5;MKNK1;MKNK2;PIM1;PIP4K2B;MAP4K5;MAP3K6;PRKACB;MYH10;MAP4K3;MAP3K5;MARK1;MAP4K1;MAP4K2;PRKCI;HSP90AA1;KSR1;DAPK2;INSR;MYO9B;UHMK1;LATS1;ACTA1;ZAP70;BTK;MYH9,0.11469534050179211
6,502,Mitotic Prometaphase R-HSA-68877,76/186,2.6813757128161823e-70,Cell Cycle,Reactome_2022,1.655170193096409e-72,0.0,0.0,31.444472897994025,5197.212377125816,CEP57;ERCC6L;AHCTF1;ZWILCH;CETN2;BUB1B;SMC3;SMC4;CDC20;NUF2;KNTC1;NEK2;SPDL1;CEP135;HAUS4;HAUS3;HAUS6;KNL1;RANGAP1;SMC1A;TUBG1;CKAP5;HAUS1;SGO1;SGO2;KIF2A;INCENP;ZW10;KIF2C;MAPRE1;MAD1L1;ITGB3BP;CDCA5;MIS12;CDCA8;NCAPG;PDS5A;CENPA;NCAPH;SKA1;AURKB;SKA2;CCNB2;DSN1;RAD21;BUB3;CEP76;BUB1;PLK4;CENPT;CENPU;RCC2;CEP152;NDE1;NDC80;WAPL;ZWINT;MZT1;CENPE;KIF18A;CENPF;STAG2;CENPH;CENPI;CENPK;CENPL;CENPM;TUBGCP3;CENPN;NCAPD2;CENPO;CENPP;CENPQ;SPC24;MAD2L1;SPC25,0.40860215053763443
6,502,"Cell Cycle, Mitotic R-HSA-69278",134/523,2.05983012740816e-96,Cell Cycle,Reactome_2022,8.476667190980081e-99,0.0,0.0,17.887322566223315,4039.290262248924,ERCC6L;ZWILCH;BUB1B;SMC3;SMC4;CDC20;PTTG1;NEK2;KNTC1;KMT5A;FBXO5;GTSE1;TMPO;CEP135;BORA;VRK1;ESCO2;KNL1;SGO1;SGO2;ZW10;KIF20A;MAD1L1;CDCA5;NCAPG;CDCA8;HMMR;PKMYT1;PDS5A;NCAPH;SKA1;SKA2;ORC5;CCNB2;DSN1;ORC6;RAD21;CEP76;PLK4;CDT1;UBE2C;NCAPH2;RCC2;CDC7;CDC6;NDC80;WAPL;ZWINT;DHFR;TPX2;POLA1;KIF18A;STAG2;UBE2S;TUBGCP3;CEP57;TOP2A;H2AX;AHCTF1;FEN1;MCM7;MCM8;CETN2;NCAPG2;MCM10;FOXM1;CKS1B;LMNB1;NUF2;MYBL2;TK1;SPDL1;HAUS4;HAUS3;HAUS6;KIF23;MASTL;SMC1A;RANGAP1;TUBG1;CKAP5;HAUS1;CCNA2;DBF4;ESPL1;KIF2A;INCENP;MCM3;MCM4;MCM5;KIF2C;MCM6;MAPRE1;ITGB3BP;PRIM2;PCNA;PRIM1;MIS12;CENPA;AURKB;AURKA;CDC45;RBBP4;BUB3;E2F6;BUB1;CENPT;H2AZ1;GINS1;CENPU;H2AZ2;GINS2;RRM2;NDE1;CEP152;GINS3;GINS4;MZT1;CENPE;CENPF;CENPH;CENPI;CENPK;CENPL;CENPM;CENPN;NCAPD2;CENPO;NCAPD3;CENPP;CENPQ;SPC24;MAD2L1;SPC25,0.25621414913957935
6,502,Cell Cycle R-HSA-1640170,172/654,8.110792226845398e-129,Cell Cycle,Reactome_2022,1.6688872894743617e-131,0.0,0.0,20.56300767006161,6192.066325000869,MDC1;ERCC6L;ZWILCH;DSCC1;HJURP;BUB1B;SMC3;SMC4;CDC20;HERC2;PTTG1;RUVBL2;RUVBL1;NEK2;OIP5;KNTC1;KMT5A;FBXO5;GTSE1;TMPO;CEP135;BORA;VRK1;ESCO2;KNL1;SGO1;SGO2;SHQ1;DKC1;MSH4;ZW10;MSH5;UBE2V2;KIF20A;MAD1L1;PIF1;BLM;RTEL1;CDCA5;NCAPG;CDCA8;HMMR;PKMYT1;PDS5A;NCAPH;SKA1;SKA2;ORC5;SYCE2;CCNB2;DSN1;ORC6;RAD21;CLSPN;CEP76;PLK4;BARD1;CDT1;UBE2C;NCAPH2;RCC2;SMARCA5;CDC7;CDC6;NDC80;WAPL;ZWINT;DHFR;TPX2;POLA1;KIF18A;STAG2;UBE2S;TUBGCP3;CEP57;TOP2A;H2AX;AHCTF1;FEN1;MCM7;MCM8;CETN2;NCAPG2;MCM10;CHTF18;FOXM1;BRCA2;CKS1B;LMNB1;BABAM2;EXO1;MIS18BP1;NUF2;MYBL2;TK1;SPDL1;TOPBP1;HAUS4;HAUS3;HAUS6;KIF23;TERF1;MASTL;SMC1A;RANGAP1;TUBG1;CKAP5;SMC1B;HAUS1;CCNA2;DBF4;RAD51C;ESPL1;KIF2A;INCENP;MCM3;MCM4;MCM5;KIF2C;MCM6;MAPRE1;ITGB3BP;PRIM2;PCNA;PRIM1;MIS12;CENPA;AURKB;AURKA;PSMC3IP;CDC45;RBBP4;NSD2;RBBP8;BUB3;E2F6;BUB1;CENPT;H2AZ1;GINS1;CENPU;H2AZ2;GINS2;CENPW;RRM2;CENPX;NDE1;CEP152;GINS3;GINS4;MND1;MLH1;MZT1;MLH3;CENPE;CENPF;RAD51;MIS18A;CENPH;CENPI;CENPK;CENPL;CENPM;CENPN;NCAPD2;CENPO;NCAPD3;CENPP;CENPQ;SPC24;MAD2L1;SPC25,0.26299694189602446
6,502,Mitotic Cell Cycle Phase Transition (GO:0044772),15/111,1.558140376929448e-06,cellular process,GO_Biological_Process_2023,1.1964777763507105e-07,0.0,0.0,6.224974332648871,99.21808303456346,UBE2C;CCNF;CDC7;PKMYT1;FOXM1;MASTL;AURKA;HINFP;CCNA2;CCNB2;MELK;DBF4;UBE2S;TACC3;CDKN3,0.13513513513513514
6,502,Unattached Kinetochores Signal Amplification Via A MAD2 Inhibitory Signal R-HSA-141444,50/93,1.352992282113604e-53,Cell Cycle,Reactome_2022,1.9487543158014874e-55,0.0,0.0,50.04887837003498,6304.906940096273,AHCTF1;ERCC6L;ZWILCH;BUB1B;CDC20;NUF2;KNTC1;SPDL1;KNL1;RANGAP1;CKAP5;SGO1;SGO2;KIF2A;INCENP;ZW10;KIF2C;MAPRE1;ITGB3BP;MAD1L1;MIS12;CDCA8;CENPA;AURKB;SKA1;SKA2;DSN1;BUB3;BUB1;CENPT;CENPU;NDE1;RCC2;NDC80;ZWINT;CENPE;CENPF;KIF18A;CENPH;CENPI;CENPK;CENPL;CENPM;CENPN;CENPO;CENPP;CENPQ;SPC24;MAD2L1;SPC25,0.5376344086021505
6,502,Mismatched DNA Binding (GO:0030983),5/5,2.500794690902764e-07,binding,GO_Molecular_Function_2023,9.768729261338921e-09,0.0,0.0,97490.0,1798113.3050658074,MSH6;MSH2;MSH3;TDG;MUTYH,1.0
6,502,DNA Replication Origin Binding (GO:0003688),7/13,2.500794690902764e-07,binding,GO_Molecular_Function_2023,9.064507062001585e-09,0.0,0.0,45.94074074074074,850.7719548701793,ORC5;POLA1;ORC1;DDX11;ORC2;MCM10;CDC6,0.5384615384615384
6,502,Pericentric Heterochromatin (GO:0005721),8/21,1.5922886177363672e-07,cellular anatomical structure,GO_Cellular_Component_2023,2.274698025337668e-08,0.0,0.0,24.27281220803488,427.1731790840424,HELLS;CBX5;CBX3;INCENP;SMARCA5;NCAPD3;BAZ1B;CENPC,0.38095238095238093
6,502,DNA Replication-Dependent Chromatin Assembly (GO:0006335),5/5,1.576755455421747e-07,cellular process,GO_Biological_Process_2023,9.768729261338921e-09,0.0,0.0,97490.0,1798113.3050658074,CHAF1B;CHAF1A;NASP;RBBP4;ASF1B,1.0
6,502,Nucleosome Assembly (GO:0006334),12/54,1.1820405539697284e-07,cellular process,GO_Biological_Process_2023,7.220142999815094e-09,0.0,0.0,11.34460641399417,212.67042846464187,H2AX;CHAF1B;CHAF1A;RBBP4;NASP;HAT1;HMGB2;SMARCA5;DNAJC9;SSRP1;ASF1A;ASF1B,0.2222222222222222
6,502,Establishment Of Mitotic Spindle Localization (GO:0040001),10/34,1.1509073446945545e-07,localization,GO_Biological_Process_2023,6.929546839783965e-09,0.0,0.0,16.492208672086722,309.8468990294888,GPSM2;ESPL1;NDE1;ZW10;NUSAP1;SPDL1;MAPRE1;CENPA;NDC80;MAD2L1,0.29411764705882354
6,502,Regulation Of Sister Chromatid Cohesion (GO:0007063),6/8,1.097586344204868e-07,biological regulation,GO_Biological_Process_2023,6.512728743973039e-09,0.0,0.0,117.91935483870968,2222.7217406276086,FEN1;ESPL1;DDX11;RAD21;BUB1;WAPL,0.75
6,502,Four-Way Junction DNA Binding (GO:0000400),8/16,5.1427788690060266e-08,binding,GO_Molecular_Function_2023,1.6071183965643831e-09,0.0,0.0,39.45344129554656,798.8857525874234,GEN1;MSH6;BLM;RAD51C;FANCM;MSH2;HMGB2;HMGB3,0.5
6,502,protein-DNA Complex Assembly (GO:0065004),13/59,3.245822425780279e-08,cellular process,GO_Biological_Process_2023,1.8976448737109837e-09,0.0,0.0,11.24193118164844,225.767794649552,H2AX;HMGB2;SMARCA5;SSRP1;CHAF1B;CHAF1A;RAD51;RBBP4;NASP;HAT1;DNAJC9;ASF1A;ASF1B,0.22033898305084745
6,502,Cytoskeleton-Dependent Cytokinesis (GO:0061640),15/81,2.481550691526449e-08,cellular process,GO_Biological_Process_2023,1.4291653197272742e-09,0.0,0.0,9.068508493559827,184.69083328662583,CKAP2;CDCA8;KIF23;CENPA;AURKB;ANLN;ESPL1;RACGAP1;INCENP;KIF4A;STMN1;NUSAP1;KIF20A;ECT2;CEP55,0.18518518518518517
6,502,Protein Localization To Condensed Chromosome (GO:1903083),7/10,1.1933239815081478e-08,localization,GO_Biological_Process_2023,6.768416998082861e-10,0.0,0.0,91.89562289562288,1940.2459253342747,MTBP;ZWILCH;ZW10;TTK;BUB3;KNL1;SPDL1,0.7
6,502,Regulation Of DNA Recombination (GO:0000018),12/44,9.9852303476408e-09,biological regulation,GO_Biological_Process_2023,5.576393911422436e-10,0.0,0.0,14.897448979591836,317.42454298276533,RAD51AP1;MSH6;BLM;RTEL1;PPP4C;RAD51;PPP4R2;MSH2;MSH3;FIGNL1;KPNA2;SPIDR,0.2727272727272727
6,502,Positive Regulation Of Mitotic Cell Cycle Phase Transition (GO:1901992),14/63,7.254299161443727e-09,biological regulation,GO_Biological_Process_2023,3.9879655075999545e-10,0.0,0.0,11.387002341920375,246.4439921656748,RRM1;STIL;RRM2;UBE2C;CDCA5;RCC2;CDC7;DBF4B;CDC20;RAD51C;ESPL1;SASS6;FBXO5;DLGAP5,0.2222222222222222
6,502,Establishment Of Chromosome Localization (GO:0051303),7/14,2.823171933506145e-07,None,GO_Biological_Process_2023,1.7737205864960073e-08,0.0,0.0,39.375757575757575,702.762825139898,CENPF;INCENP;NDE1;KIF2C;KIF22;CENPQ;NDC80,0.5
6,502,CENP-A Containing Chromatin Assembly (GO:0034080),6/6,4.487814845652085e-09,cellular process,GO_Biological_Process_2023,2.4279626564609877e-10,0.0,0.0,116988.0,2589973.7515748683,CENPW;MIS18A;NASP;CENPI;HJURP;OIP5,1.0
6,502,Positive Regulation Of DNA Metabolic Process (GO:0051054),18/108,3.86010844204328e-09,biological regulation,GO_Biological_Process_2023,1.9988773498271176e-10,0.0,0.0,8.019834710743801,179.10909571239353,H2AX;GINS1;CDT1;PRIM2;GINS2;RTEL1;PCNA;ATAD5;GINS3;ACTL6A;GINS4;SMARCA5;TERF1;BABAM2;RAD51;TRIM28;RUVBL2;RUVBL1,0.16666666666666666
6,502,Regulation Of Double-Strand Break Repair Via Homologous Recombination (GO:0010569),15/71,3.86010844204328e-09,biological regulation,GO_Biological_Process_2023,2.020999184315853e-10,0.0,0.0,10.693385156937518,238.7005119384278,POLQ;RTEL1;PARPBP;ACTL6A;SPIDR;RAD51AP1;PPP4C;RAD51;PPP4R2;RUVBL2;FIGNL1;RUVBL1;TIMELESS;KMT5A;BRD8,0.2112676056338028
6,502,Chromosome Condensation (GO:0030261),11/32,3.5363643213427075e-09,cellular process,GO_Biological_Process_2023,1.7897829898593107e-10,0.0,0.0,20.77848899233828,466.34734846562674,TOP2A;CDCA5;NCAPH2;NUSAP1;NCAPG;NCAPD2;KMT5A;NCAPD3;SMC4;NCAPH;SMC2,0.34375
6,502,"Protein Localization To Chromosome, Centromeric Region (GO:0071459)",9/18,2.9435887585728393e-09,localization,GO_Biological_Process_2023,1.464088649551936e-10,0.0,0.0,39.53144016227181,895.1743600121955,MTBP;ZWILCH;ZW10;TTK;KNL1;BUB3;SPDL1;HASPIN;CENPA,0.5
6,502,Damaged DNA Binding (GO:0003684),13/45,1.7250467719836656e-09,binding,GO_Molecular_Function_2023,4.7169247671428366e-11,0.0,0.0,16.171906952965234,384.52394306618766,DCLRE1B;DCLRE1A;POLQ;FEN1;PCNA;HMGB2;SMC6;FANCG;UNG;NEIL3;TDG;RBBP8;RAD18,0.28888888888888886
6,502,"Condensed Chromosome, Centromeric Region (GO:0000779)",7/9,1.5382447989506636e-09,cellular anatomical structure,GO_Cellular_Component_2023,2.07540964937788e-10,0.0,0.0,137.85050505050506,3073.4724542556555,SGO1;CENPE;CBX3;NCAPD2;NCAPD3;CENPA;CENPC,0.7777777777777778
6,502,DNA Replication Checkpoint Signaling (GO:0000076),9/17,1.5320066953340482e-09,cellular process,GO_Biological_Process_2023,7.4862456316498e-11,0.0,0.0,44.475152129817445,1036.954565530253,CDT1;TIPIN;CDC45;ORC1;TIMELESS;CDC6;CLSPN;TOPBP1;TICRR,0.5294117647058824
6,502,Regulation Of DNA-templated DNA Replication Initiation (GO:0030174),8/12,1.407337401464477e-09,biological regulation,GO_Biological_Process_2023,6.754237092543303e-11,0.0,0.0,78.92307692307692,1848.241608731168,MCM7;MCM3;MCM4;MCM5;WRNIP1;MCM6;MCM2;TICRR,0.6666666666666666
6,502,Regulation Of Chromosome Separation (GO:1905818),8/12,1.407337401464477e-09,biological regulation,GO_Biological_Process_2023,6.754237092543303e-11,0.0,0.0,78.92307692307692,1848.241608731168,NCAPH2;NCAPG2;NCAPG;NCAPD2;NCAPD3;SMC4;NCAPH;SMC2,0.6666666666666666
6,502,Regulation Of Double-Strand Break Repair (GO:2000779),17/88,1.2204386680090448e-09,biological regulation,GO_Biological_Process_2023,5.6442626007399097e-11,0.0,0.0,9.5907942500363,226.321610627123,RTEL1;SLF1;DDX11;ACTL6A;DEK;FOXM1;SPIDR;RAD51AP1;PPP4C;RAD51;PPP4R2;RUVBL2;FIGNL1;RUVBL1;TIMELESS;UBE2V2;BRD8,0.19318181818181818
6,502,Regulation Of DNA Metabolic Process (GO:0051052),20/124,8.012625192342192e-10,biological regulation,GO_Biological_Process_2023,3.635746160574119e-11,0.0,0.0,7.737791254388765,185.99809867159863,BARD1;PIF1;SLF1;DSCC1;ACTL6A;SMARCA5;SMC6;ESCO2;SMC3;ORC5;CCNA2;BABAM2;NSMCE4A;RUVBL2;RUVBL1;UBE2V2;USP1;FBXO5;KPNA2;POLH,0.16129032258064516
6,502,Protein Localization To Kinetochore (GO:0034501),8/11,5.172461905561976e-10,localization,GO_Biological_Process_2023,2.3018809527370052e-11,0.0,0.0,105.2361673414305,2577.7293404165275,MTBP;ZWILCH;ZW10;KNTC1;TTK;BUB3;KNL1;SPDL1,0.7272727272727273
6,502,Response To Ionizing Radiation (GO:0010212),16/72,5.064493750315552e-10,response to stimulus,GO_Biological_Process_2023,2.2096395071184785e-11,0.0,0.0,11.429747207524985,280.4357814745979,H2AX;BARD1;BLM;PAXIP1;BRCA2;SPIDR;TICRR;RAD51AP1;BABAM2;RAD51;MSH2;FIGNL1;RFWD3;INTS7;TOPBP1;ECT2,0.2222222222222222
6,502,Chromatin Remodeling At Centromere (GO:0031055),6/6,4.487814845652085e-09,None,GO_Biological_Process_2023,2.4279626564609877e-10,0.0,0.0,116988.0,2589973.7515748683,CENPW;MIS18A;NASP;CENPI;HJURP;OIP5,1.0
6,502,Regulation Of Attachment Of Spindle Microtubules To Kinetochore (GO:0051988),6/9,3.002116659167381e-07,biological regulation,GO_Biological_Process_2023,1.912343072593532e-08,0.0,0.0,78.60887096774194,1397.064486968876,RACGAP1;SPAG5;RCC2;NEK2;ECT2;KNSTRN,0.6666666666666666
6,502,Positive Regulation Of Mitotic Sister Chromatid Separation (GO:1901970),7/15,5.039097861263504e-07,biological regulation,GO_Biological_Process_2023,3.2538677289136064e-08,0.0,0.0,34.4520202020202,593.9816434270722,CDC20;ESPL1;UBE2C;INCENP;CDCA8;AURKB;DLGAP5,0.4666666666666667
6,502,Positive Regulation Of DNA Repair (GO:0045739),14/89,6.849158417585109e-07,biological regulation,GO_Biological_Process_2023,4.482433519361982e-08,0.0,0.0,7.429562841530054,125.71202689367288,H2AX;SLF1;PCNA;DDX11;ACTL6A;FOXM1;SPIDR;BABAM2;TRIM28;RUVBL2;RUVBL1;TIMELESS;UBE2V2;USP1,0.15730337078651685
6,502,Regulation Of Cytokinesis (GO:0032465),12/80,7.73361101664698e-06,biological regulation,GO_Biological_Process_2023,7.018285739365497e-07,0.0,0.0,6.997599039615847,99.15301602367184,RACGAP1;PRC1;CETN2;KIF14;KIF23;KIF20A;CDC6;KIF20B;ECT2;AURKB;AURKA;E2F8,0.15
6,502,Mitotic Recombination (GO:0006312),6/14,6.833422218373695e-06,cellular process,GO_Biological_Process_2023,6.141732011278278e-07,0.0,0.0,29.47076612903226,421.52003969965193,GEN1;RAD51;MSH2;MSH3;SMC6;RAD54B,0.42857142857142855
6,502,Positive Regulation Of DNA Biosynthetic Process (GO:2000573),11/65,6.603493429572655e-06,biological regulation,GO_Biological_Process_2023,5.877454884959955e-07,0.0,0.0,8.066832616730784,115.7346202728182,GINS1;GINS2;PCNA;DKC1;DSCC1;GINS3;GINS4;USP1;NEK2;CHTF18;AURKB,0.16923076923076924
6,502,Cellular Response To Ionizing Radiation (GO:0071479),10/52,6.325842404660431e-06,cellular process,GO_Biological_Process_2023,5.575131613182404e-07,0.0,0.0,9.415408439798684,135.5798075647883,RAD51AP1;BARD1;BABAM2;BLM;RAD51;FIGNL1;INTS7;BRCA2;ECT2;SPIDR,0.19230769230769232
6,502,DNA Geometric Change (GO:0032392),8/30,6.144921250614583e-06,cellular process,GO_Biological_Process_2023,5.362060428110455e-07,0.0,0.0,14.3364004416636,206.9996637639212,RECQL4;BLM;RTEL1;MCM8;DDX11;DDX12P;HMGB2;HMGB3,0.26666666666666666
6,502,Establishment Of Mitotic Spindle Orientation (GO:0000132),8/29,4.653456003453396e-06,localization,GO_Biological_Process_2023,4.0200012595278025e-07,0.0,0.0,15.01985733564681,221.194636802568,GPSM2;NDE1;ZW10;SPDL1;MAPRE1;CENPA;NDC80;MAD2L1,0.27586206896551724
6,502,Regulation Of Spindle Organization (GO:0090224),7/20,4.109893876879527e-06,biological regulation,GO_Biological_Process_2023,3.514568934853348e-07,0.0,0.0,21.1958041958042,314.99463530877466,GPSM2;TPX2;STIL;BORA;PSRC1;SASS6;TACC3,0.35
6,502,Nucleosome Organization (GO:0034728),12/75,4.028104331682839e-06,cellular process,GO_Biological_Process_2023,3.409477488422647e-07,0.0,0.0,7.554907677356657,112.50418419155032,H2AX;CHAF1B;CHAF1A;RBBP4;NASP;HAT1;HMGB2;SMARCA5;DNAJC9;SSRP1;ASF1A;ASF1B,0.16
6,502,Regulation Of Nuclear Division (GO:0051783),7/19,2.787223761286509e-06,biological regulation,GO_Biological_Process_2023,2.3348471298735162e-07,0.0,0.0,22.96329966329966,350.6530126944264,PRMT5;CDCA2;NEK2;FBXO5;MKI67;PKMYT1;KIF20B,0.3684210526315789
6,502,DNA Synthesis Involved In DNA Repair (GO:0000731),8/27,2.62164433204078e-06,cellular process,GO_Biological_Process_2023,2.1732653712379938e-07,0.0,0.0,16.602599616450032,254.7148392265204,POLA1;RRM1;PCNA;POLN;PCLAF;WRNIP1;HROB;POLH,0.2962962962962963
6,502,Regulation Of DNA-directed DNA Polymerase Activity (GO:1900262),6/12,2.4047781896379444e-06,None,GO_Biological_Process_2023,1.972505670383654e-07,0.0,0.0,39.29838709677419,606.7195851226495,GINS1;GINS2;PCNA;DSCC1;GINS3;GINS4,0.5
6,502,Positive Regulation Of DNA-directed DNA Polymerase Activity (GO:1900264),6/12,2.4047781896379444e-06,biological regulation,GO_Biological_Process_2023,1.972505670383654e-07,0.0,0.0,39.29838709677419,606.7195851226495,GINS1;GINS2;PCNA;DSCC1;GINS3;GINS4,0.5
6,502,DNA Strand Elongation Involved In DNA Replication (GO:0006271),6/12,2.4047781896379444e-06,cellular process,GO_Biological_Process_2023,1.972505670383654e-07,0.0,0.0,39.29838709677419,606.7195851226495,POLA1;PCNA;MCM7;MCM3;MCM4;LIG3,0.5
6,502,Negative Regulation Of DNA-templated DNA Replication (GO:2000104),5/7,2.4047781896379444e-06,biological regulation,GO_Biological_Process_2023,1.967445763645407e-07,0.0,0.0,98.06841046277664,1514.3095831336605,CDT1;TIPIN;TIMELESS;LIG3;FBXO5,0.7142857142857143
6,502,Mitotic G2/M Transition Checkpoint (GO:0044818),10/46,2.0934261678879085e-06,cellular process,GO_Biological_Process_2023,1.644051964309876e-07,0.0,0.0,10.98803071364047,171.64327780471672,BARD1;BABAM2;BLM;ORC1;RBBP8;DONSON;CLSPN;TOPBP1;CDC6;TICRR,0.21739130434782608
6,502,Chromosome Organization (GO:0051276),10/45,1.6944414867600106e-06,cellular process,GO_Biological_Process_2023,1.3159275071696418e-07,0.0,0.0,11.302555168408826,179.0726420784234,TOP2A;CENPT;MSH6;CENPW;CENPH;MSH2;MSH3;NUF2;HAT1;CDCA8,0.2222222222222222
6,502,M Phase R-HSA-68886,94/380,1.3790517036921049e-64,Cell Cycle,Reactome_2022,1.1350219783474112e-66,0.0,0.0,15.4765528589058,2350.021137050428,CEP57;H2AX;AHCTF1;ERCC6L;ZWILCH;CETN2;NCAPG2;BUB1B;SMC3;SMC4;LMNB1;CDC20;PTTG1;NUF2;KNTC1;NEK2;FBXO5;KMT5A;SPDL1;TMPO;CEP135;HAUS4;HAUS3;KIF23;VRK1;HAUS6;KNL1;TUBG1;MASTL;RANGAP1;SMC1A;CKAP5;HAUS1;SGO1;SGO2;KIF2A;ESPL1;INCENP;ZW10;KIF2C;KIF20A;MAPRE1;MAD1L1;ITGB3BP;CDCA5;MIS12;CDCA8;NCAPG;PDS5A;CENPA;NCAPH;SKA1;AURKB;SKA2;CCNB2;DSN1;RAD21;BUB3;CEP76;BUB1;PLK4;CENPT;H2AZ1;CENPU;H2AZ2;UBE2C;NCAPH2;RCC2;NDE1;CEP152;WAPL;ZWINT;MZT1;NDC80;CENPE;CENPF;KIF18A;STAG2;CENPH;CENPI;UBE2S;CENPK;CENPL;CENPM;CENPN;NCAPD2;TUBGCP3;CENPO;NCAPD3;CENPP;CENPQ;SPC24;MAD2L1;SPC25,0.24736842105263157
6,502,Negative Regulation Of Cell Cycle Process (GO:0010948),9/34,1.4546524037450189e-06,biological regulation,GO_Biological_Process_2023,1.104317269858784e-07,0.0,0.0,14.219634888438136,227.7824594374506,ESPL1;SMARCA5;NEK2;FBXO5;BAZ1B;TERF1;AURKB;WAPL;E2F8,0.2647058823529412
6,502,Positive Regulation Of Spindle Checkpoint (GO:0090232),6/11,1.3427181692341807e-06,biological regulation,GO_Biological_Process_2023,1.0076244550972037e-07,0.0,0.0,47.16048387096775,759.7789808321612,GEN1;INCENP;CDCA8;MAD1L1;NDC80;MAD2L1,0.5454545454545454
6,502,Positive Regulation Of Mitotic Cell Cycle Spindle Assembly Checkpoint (GO:0090267),6/11,1.3427181692341807e-06,biological regulation,GO_Biological_Process_2023,1.0076244550972037e-07,0.0,0.0,47.16048387096775,759.7789808321612,GEN1;INCENP;CDCA8;MAD1L1;NDC80;MAD2L1,0.5454545454545454
6,502,Microtubule Depolymerization (GO:0007019),7/17,1.2842990689051436e-06,cellular process,GO_Biological_Process_2023,9.41371045270786e-08,0.0,0.0,27.55878787878788,445.8602233539362,KIF18A;KIF18B;KIF2A;STMN1;KIF14;KIF2C;CKAP5,0.4117647058823529
6,502,Regulation Of Mitotic Cell Cycle Spindle Assembly Checkpoint (GO:0090266),7/17,1.2842990689051436e-06,biological regulation,GO_Biological_Process_2023,9.41371045270786e-08,0.0,0.0,27.55878787878788,445.8602233539362,GEN1;INCENP;CDCA8;AURKB;NDC80;MAD1L1;MAD2L1,0.4117647058823529
6,502,DNA Integrity Checkpoint Signaling (GO:0031570),10/42,9.075172530184346e-07,cellular process,GO_Biological_Process_2023,6.493578948299446e-08,0.0,0.0,12.364075203252032,204.6237990717327,H2AX;CDT1;TIPIN;CDC45;DONSON;TIMELESS;INTS7;CLSPN;CDC6;HINFP,0.23809523809523808
6,502,Establishment Of Mitotic Sister Chromatid Cohesion (GO:0034087),5/6,8.12103436271991e-07,cellular process,GO_Biological_Process_2023,5.739998109775852e-08,0.0,0.0,196.1468812877264,3270.400469431718,STAG1;STAG2;RAD21;SMC1A;SMC3,0.8333333333333334
6,502,Nuclear Chromosome Segregation (GO:0098813),7/16,8.107518541475599e-07,cellular process,GO_Biological_Process_2023,5.6596988073128096e-08,0.0,0.0,30.62244668911336,511.0062629239334,TOP2A;CENPF;INCENP;KIF2C;KIF22;CENPQ;NDC80,0.4375
6,502,Non-Membrane-Bounded Organelle Assembly (GO:0140694),17/135,7.27725821110451e-07,cellular process,GO_Biological_Process_2023,5.016609063501364e-08,0.0,0.0,5.756770924340381,96.75938271094942,CENPT;CENPW;MIS12;HAUS4;HAUS3;HAUS6;LSM4;CENPA;HAUS1;CENPC;CENPE;CENPF;NEK2;TUBGCP3;MAPRE1;DLGAP5;CCDC61,0.1259259259259259
6,502,Mitotic Spindle Midzone Assembly (GO:0051256),6/10,6.875108541433065e-07,cellular process,GO_Biological_Process_2023,4.6793932480958046e-08,0.0,0.0,58.953629032258064,994.9905985479888,RACGAP1;INCENP;PRC1;KIF4A;CDCA8;KIF23,0.6
6,502,Mitotic Spindle Elongation (GO:0000022),6/10,6.875108541433065e-07,cellular process,GO_Biological_Process_2023,4.6793932480958046e-08,0.0,0.0,58.953629032258064,994.9905985479888,RACGAP1;INCENP;PRC1;KIF4A;CDCA8;KIF23,0.6
6,502,Positive Regulation Of DNA-templated DNA Replication (GO:2000105),6/10,6.875108541433065e-07,biological regulation,GO_Biological_Process_2023,4.6793932480958046e-08,0.0,0.0,58.953629032258064,994.9905985479888,CDT1;DBF4;CDC7;DBF4B;SSBP1;E2F8,0.6
6,502,Spindle Assembly (GO:0051225),17/81,3.251496632617252e-10,cellular process,GO_Biological_Process_2023,1.3902559772970795e-11,0.0,0.0,10.643621134020618,266.07933271306143,HAUS4;HAUS3;HAUS6;KIF11;SMC3;SMC1A;MZT1;HAUS1;TPX2;STAG1;STAG2;KIF2A;KIFC1;NEK2;TUBGCP3;MAPRE1;CCDC61,0.20987654320987653
6,502,Regulation Of DNA Repair (GO:0006282),15/129,9.501977422258249e-06,biological regulation,GO_Biological_Process_2023,8.706000255995777e-07,0.0,0.0,5.237220360964011,73.08060854062596,BARD1;H2AX;PCNA;ACTL6A;DEK;BABAM2;PPP4C;PPP4R2;TRIM28;RUVBL2;RUVBL1;UBE2V2;USP1;BRD8;POLH,0.11627906976744186
6,502,Mitotic Cytokinesis (GO:0000281),15/59,2.7748796223301377e-10,cellular process,GO_Biological_Process_2023,1.1622532449550317e-11,0.0,0.0,13.61816315101736,342.87913929842125,CKAP2;CDCA8;KIF23;CENPA;AURKB;ANLN;ESPL1;RACGAP1;INCENP;KIF4A;STMN1;NUSAP1;KIF20A;ECT2;CEP55,0.2542372881355932
6,502,Positive Regulation Of Chromosome Condensation (GO:1905821),7/7,1.5004241703846372e-10,biological regulation,GO_Biological_Process_2023,6.022645012015123e-12,0.0,0.0,136486.0,3526183.313564746,NCAPH2;NCAPG2;NCAPG;NCAPD3;SMC4;NCAPH;SMC2,1.0
6,502,DNA Replication Initiation (GO:0006270),14/21,1.965601839755438e-16,cellular process,GO_Biological_Process_2023,3.258851217744618e-18,0.0,0.0,79.8811475409836,3216.426941311414,PRIM2;MCM7;PRIM1;MCM10;ORC5;POLA1;CDC45;ORC6;ORC1;ORC2;MCM3;MCM5;TOPBP1;MCM2,0.6666666666666666
6,502,DNA Unwinding Involved In DNA Replication (GO:0006268),14/20,7.076941029358961e-17,None,GO_Biological_Process_2023,1.1115614182239209e-18,0.0,0.0,93.19945355191255,3852.93679725632,GINS1;GINS2;MCM7;GINS3;GINS4;RECQL4;CDC45;RAD51;MCM3;MCM4;MCM5;MCM6;SSBP1;MCM2,0.7
6,502,Spindle Microtubule (GO:0005876),22/68,6.818705824264479e-18,cellular anatomical structure,GO_Cellular_Component_2023,5.411671289098793e-19,0.0,0.0,19.381521739130434,815.1976346615467,ZWILCH;HAUS4;HAUS3;HAUS6;KIF11;TUBG1;SKA3;AURKB;SKA1;HAUS1;AURKA;SKA2;CENPE;KIF18A;PSRC1;KIF18B;FAM161A;KIF2A;PRC1;ZW10;KIF4A;KNTC1,0.3235294117647059
6,502,Microtubule Binding (GO:0008017),38/239,6.5149404232823165e-18,binding,GO_Molecular_Function_2023,7.634695808533964e-20,0.0,0.0,7.862476411048207,346.0983394176721,CEP57;KIF14;SKA1;SKA2;KIF15;RACGAP1;KATNA1;NUSAP1;GTSE1;DLGAP5;SPAG5;RCC2;NDE1;HAUS4;KIF23;HAUS6;KIF22;TERF1;KNSTRN;CCSAP;CKAP5;CENPE;KIF18A;KIF18B;PSRC1;KIF2A;FAM161A;CEP57L1;KIFC1;PRC1;MAP6D1;KIF2C;TUBGCP3;KIF20A;KIF20B;MAPRE1;SPC24;CCDC61,0.1589958158995816
6,502,DNA Duplex Unwinding (GO:0032508),19/41,2.7712328911047975e-18,None,GO_Biological_Process_2023,4.110903939684255e-20,0.0,0.0,34.82439299830604,1554.4933064730508,GINS1;GINS2;BLM;RTEL1;MCM7;MCM8;DDX11;GINS3;DDX12P;GINS4;RECQL4;CDC45;RAD51;MCM3;MCM4;MCM5;MCM6;SSBP1;MCM2,0.4634146341463415
6,502,Microtubule Cytoskeleton Organization Involved In Mitosis (GO:1902850),22/59,1.068099169845438e-18,cellular process,GO_Biological_Process_2023,1.49123793346658e-20,0.0,0.0,24.1070945945946,1100.5393788029069,GPSM2;STIL;CDCA8;TTK;KIF11;WDR62;TUBG1;CKAP5;AURKB;NDC80;CENPE;ESPL1;KIF2A;CENPH;INCENP;KIF4A;NUF2;STMN1;NUSAP1;TACC3;DLGAP5;SPC25,0.3728813559322034
6,502,Microtubule Cytoskeleton (GO:0015630),45/342,9.30059136762098e-19,cellular anatomical structure,GO_Cellular_Component_2023,6.6432795483007e-20,0.0,0.0,6.365957164644255,281.108548311358,CEP57;KIF14;CDCA8;TUBD1;BUB1B;TTK;KIF11;HMMR;SKA1;AURKB;KIF15;AURKA;CDC20;CCNB2;NUDCD2;RACGAP1;KATNA1;FBXO5;GTSE1;CBX3;CKAP2L;CKAP2;KIF23;KIF22;HASPIN;TUBG1;CCSAP;CKAP5;MZT1;TPX2;CENPE;CENPF;KIF18A;PSRC1;KIF2A;INCENP;KIFC1;PRC1;MAP6D1;KIF2C;TUBGCP3;KIF20A;KIF20B;MAPRE1;MAD1L1,0.13157894736842105
6,502,Single-Stranded DNA Binding (GO:0003697),28/96,5.0858125507576005e-20,binding,GO_Molecular_Function_2023,1.9866455276396882e-22,0.0,0.0,16.878878133531895,843.4447053145143,BLM;MCM7;MCM8;HMGB2;MCM10;SMC6;BRCA2;RAD51AP1;RECQL4;CDC45;DDX11;MLH1;MMS22L;FAM111A;POLA1;NEIL3;RAD51;MSH2;MSH3;TDP2;TDP1;MCM3;MCM4;MCM5;MCM6;SSBP1;HROB;MCM2,0.2916666666666667
6,502,Double-Strand Break Repair (GO:0006302),36/168,1.5481794462645288e-21,cellular process,GO_Biological_Process_2023,2.0264128877807968e-23,0.0,0.0,11.33398361295357,592.236798722562,DCLRE1B;H2AX;DCLRE1A;BLM;FEN1;MCM8;ATP23;CDCA5;HMGB2;SMC6;BRCA2;RAD54B;RAD51AP1;RECQL4;BABAM2;PPP4C;RAD21;NSD2;RBBP8;GEN1;POLQ;SLF1;POLN;ZGRF1;LIG3;SPIDR;POLA1;MMS22L;NSMCE4A;RAD51C;RAD51;TDP2;TDP1;RFWD3;UBE2V2;TRIP13,0.21428571428571427
6,502,Chromosome (GO:0005694),35/164,1.5342138265741993e-21,cellular anatomical structure,GO_Cellular_Component_2023,9.741040168725076e-23,0.0,0.0,11.253008648307688,570.3374665266525,TOP2A;MDC1;BLM;CDCA2;CDCA5;HMGB2;NCAPG;SMC6;MKI67;SMC3;PDS5A;SMC2;RAD51AP1;RECQL4;SYCE2;FIGNL1;RAD21;BRIX1;KMT5A;TOPBP1;SMARCA5;ESCO2;SMC1A;MLH1;SPIDR;WAPL;CENPE;STAG1;STAG2;RAD51;CENPH;MSH4;INTS7;NCAPD2;TRIP13,0.21341463414634146
6,502,Mitotic Spindle Assembly Checkpoint Signaling (GO:0007094),18/26,1.2277536598482453e-21,cellular process,GO_Biological_Process_2023,1.4998735809664425e-23,0.0,0.0,90.6043388429752,4761.627337902636,ZWILCH;BUB1B;TTK;HASPIN;NDC80;ZWINT;CDC20;CENPF;ZW10;NUF2;KNTC1;BUB3;TRIP13;BUB1;MAD1L1;SPC24;MAD2L1;SPC25,0.6923076923076923
6,502,Spindle Assembly Checkpoint Signaling (GO:0071173),18/26,1.2277536598482453e-21,cellular process,GO_Biological_Process_2023,1.4998735809664425e-23,0.0,0.0,90.6043388429752,4761.627337902636,ZWILCH;BUB1B;TTK;HASPIN;NDC80;ZWINT;CDC20;CENPF;ZW10;NUF2;KNTC1;BUB3;TRIP13;BUB1;MAD1L1;SPC24;MAD2L1;SPC25,0.6923076923076923
6,502,Mitotic Spindle Checkpoint Signaling (GO:0071174),18/26,1.2277536598482453e-21,cellular process,GO_Biological_Process_2023,1.4998735809664425e-23,0.0,0.0,90.6043388429752,4761.627337902636,ZWILCH;BUB1B;TTK;HASPIN;NDC80;ZWINT;CDC20;CENPF;ZW10;NUF2;KNTC1;BUB3;TRIP13;BUB1;MAD1L1;SPC24;MAD2L1;SPC25,0.6923076923076923
6,502,DNA-templated DNA Replication Maintenance Of Fidelity (GO:0045005),18/43,2.256893175762472e-16,cellular process,GO_Biological_Process_2023,3.938731545833285e-18,0.0,0.0,28.96809917355372,1160.9160683205475,GEN1;BLM;RTEL1;TIPIN;PCNA;CENPX;FANCM;MCM8;DDX11;DONSON;TRAIP;FAM111A;MMS22L;RAD51;RFWD3;TIMELESS;ASF1A;CENPS,0.4186046511627907
6,502,Condensed Chromosome (GO:0000793),24/60,6.365330506383659e-22,cellular anatomical structure,GO_Cellular_Component_2023,3.5362947257687e-23,0.0,0.0,27.14365411436541,1403.2285938297143,SLF1;CBX3;SUV39H1;NCAPH2;NCAPG2;HMGB2;SMARCA5;NCAPG;SMC6;MKI67;SMC1A;TUBG1;SMC4;CENPA;NCAPH;SMC2;CENPC;SGO1;PSMC3IP;CENPE;NSMCE4A;RAD51;NCAPD2;NCAPD3,0.4
6,502,Double-Strand Break Repair Via Homologous Recombination (GO:0000724),32/111,3.1763300105192484e-23,cellular process,GO_Biological_Process_2023,2.771666675845767e-25,0.0,0.0,16.736008618367897,946.3405946623589,BLM;FEN1;MCM7;MCM8;SMC6;BRCA2;RAD54B;RAD51AP1;RECQL4;PPP4C;CDC45;RAD21;RBBP8;GEN1;GINS2;SLF1;FANCM;POLN;GINS4;LIG3;CDC7;SPIDR;MMS22L;NSMCE4A;RAD51C;RAD51;RFWD3;MCM3;MCM4;MCM5;MCM6;MCM2,0.2882882882882883
6,502,DNA-templated DNA Replication (GO:0006261),27/69,1.656697583682537e-23,cellular process,GO_Biological_Process_2023,1.3010714007978038e-25,0.0,0.0,26.33142857142857,1508.828754529056,PRIM2;BLM;MCM7;PRIM1;MCM10;ORC5;RECQL4;CDC45;ORC6;ORC1;ORC2;TOPBP1;GINS1;WDHD1;GINS2;RRM1;GINS3;GINS4;WRNIP1;POLA1;RAD51;MCM3;MCM4;MCM5;MCM6;SSBP1;MCM2,0.391304347826087
6,502,Mitotic Spindle Organization (GO:0007052),30/85,1.3819601683264032e-24,cellular process,GO_Biological_Process_2023,9.647191401929516e-27,0.0,0.0,22.46879815100154,1345.9513519582158,GPSM2;CDCA8;TTK;KIF11;WDR62;SMC3;AURKB;AURKA;NUF2;STMN1;DLGAP5;STIL;KIF23;SMC1A;TUBG1;CKAP5;MZT1;NDC80;CENPE;TPX2;STAG1;STAG2;KIF2A;CENPH;INCENP;KIFC1;PRC1;KIF4A;CCDC61;SPC25,0.35294117647058826
6,502,Mitotic Nuclear Division (GO:0140014),25/45,1.765913148620211e-26,cellular process,GO_Biological_Process_2023,1.0786555009023975e-28,0.0,0.0,51.04297693920336,3286.9976011383333,MIS12;NCAPG2;SMC4;NSL1;DSN1;NUSAP1;KNTC1;SPAG5;UBE2C;NDE1;SMC1A;TUBG1;KNSTRN;NDC80;WAPL;ZWINT;SGO1;KIF18A;KIF18B;ESPL1;CENPI;KIFC1;UBE2S;ZW10;CENPK,0.5555555555555556
6,502,Mitotic Spindle (GO:0072686),38/143,5.841095971839212e-27,cellular anatomical structure,GO_Cellular_Component_2023,2.317895226920322e-28,0.0,0.0,15.125903119868635,962.4872783515268,WDR62;KIF11;SKA3;SKA1;SPOUT1;AURKA;NUDCD2;RACGAP1;NUSAP1;WDR5;ECT2;DLGAP5;DR1;SPAG5;CKAP2L;CKAP2;HAUS4;HAUS3;CDC7;HAUS6;KIF23;CDC6;KIF22;TUBG1;KNSTRN;CCSAP;WAPL;HAUS1;TPX2;CENPE;KIF18A;KIF18B;FAM161A;ESPL1;KIFC1;TACC3;MAD1L1;MAD2L1,0.26573426573426573
6,502,Sister Chromatid Segregation (GO:0000819),23/34,3.993494073157906e-27,cellular process,GO_Biological_Process_2023,2.0908345932763905e-29,0.0,0.0,85.06376921617004,5617.390526124329,TOP2A;SPAG5;MIS12;NCAPG2;SMC1A;TUBG1;SMC4;KNSTRN;NSL1;NDC80;WAPL;ZWINT;SGO1;DSN1;KIF18A;KIF18B;ESPL1;CENPI;KIFC1;ZW10;CENPK;NUSAP1;KNTC1,0.6764705882352942
6,502,Nuclear Chromosome (GO:0000228),33/95,1.538748394599782e-27,cellular anatomical structure,GO_Cellular_Component_2023,4.8849155384120076e-29,0.0,0.0,22.05750051585391,1437.902335963066,TOP2A;BLM;MCM7;SUV39H1;NCAPG2;NCAPG;SMC4;NCAPH;SMC2;PSMC3IP;CDC45;RUVBL2;FIGNL1;RUVBL1;BRD8;GINS1;H2AZ1;GINS2;GINS3;NCAPH2;GINS4;SMC1A;TUBG1;SPIDR;RAD51;MCM3;ANP32E;MCM4;MCM5;NCAPD2;MCM6;NCAPD3;MCM2,0.3473684210526316
6,502,DNA Damage Response (GO:0006974),62/384,7.048977686539525e-30,cellular process,GO_Biological_Process_2023,3.075470194825273e-32,0.0,0.0,8.391530208921512,608.8832656729136,H2AX;TOP2A;FEN1;MCM7;MCM8;SUV39H1;NUDT1;MCM10;SMC6;BABAM2;HERC2;TRIM28;EXO1;PCLAF;FBXO5;TOPBP1;POLH;WDHD1;DDX11;VRK1;BAZ1B;MASTL;SMC1A;SPIDR;WDR76;TRAIP;MSH6;RAD51C;NSMCE4A;MSH2;MSH3;TIMELESS;ASF1A;RTEL1;BLM;PDS5A;UNG;RECQL4;RAD51AP1;HLTF;RBBP8;MUTYH;BARD1;POLQ;SLF1;RRM1;CBX5;CBX3;SMARCA5;FANCA;FANCG;HINFP;TICRR;FAM111A;POLA1;RAD51;TDP1;RFWD3;UBE2T;HROB;RAD18;CENPS,0.16145833333333334
6,502,Positive Regulation Of Cell Cycle Process (GO:0090068),39/118,1.0587629067263252e-30,biological regulation,GO_Biological_Process_2023,3.695507527840577e-33,0.0,0.0,20.705388632200563,1546.2409497888716,GPSM2;FEN1;NCAPG2;KIF14;CDCA8;NCAPG;SMC6;DBF4B;SMC4;NCAPH;AURKB;SMC2;AURKA;RACGAP1;RAD21;NUSAP1;ECT2;E2F8;GEN1;PLK4;RANBP1;STIL;RRM1;SPAG5;DDX11;NCAPH2;CDC7;KIF23;CDC6;NDC80;DBF4;INCENP;SASS6;NCAPD2;NCAPD3;KIF20B;MAD1L1;RAD18;MAD2L1,0.3305084745762712
6,502,Spindle (GO:0005819),54/210,2.5055927208182416e-37,cellular anatomical structure,GO_Cellular_Component_2023,3.977131302886098e-39,0.0,0.0,14.94488324175824,1321.4304297075475,BUB1B;KIF11;SPOUT1;CDC20;NUDCD2;NUSAP1;WDR5;FBXO5;DLGAP5;CKAP2L;CKAP2;HAUS3;KIF23;KIF22;HASPIN;TUBG1;KNSTRN;CCSAP;PSRC1;KIF2A;FAM161A;ESPL1;INCENP;KIFC1;KIF2C;KIF20A;MAPRE1;MAD1L1;TTK;WDR62;HMMR;SKA3;SKA1;AURKB;SKA2;AURKA;RACGAP1;KATNA1;ECT2;DR1;SPAG5;CBX3;CDC7;CDC6;WAPL;MZT1;TPX2;CENPE;CENPF;PRC1;KIF4A;TACC3;TUBGCP3;MAD2L1,0.2571428571428571
6,502,DNA Repair (GO:0006281),69/291,8.778118001568887e-45,cellular process,GO_Biological_Process_2023,2.297936649625363e-47,0.0,0.0,13.83646464015979,1485.890850106241,H2AX;DCLRE1B;DCLRE1A;FEN1;CETN2;NUDT1;BRCA2;BABAM2;TRIM28;EXO1;TOPBP1;POLH;WDHD1;ZGRF1;LIG3;WRNIP1;SMC1A;TRAIP;MSH6;NEIL3;RAD51C;NSMCE4A;MSH2;MSH3;TIMELESS;UBE2V2;ASF1A;BLM;RNASEH2B;PCNA;RNASEH2A;CDCA5;FAAP24;PDS5A;UNG;RECQL4;RAD51AP1;RAD21;TDG;HLTF;NSD2;RBBP8;PMS1;MUTYH;BARD1;FANCI;POLQ;RRM1;CENPX;FANCM;POLN;SMARCA5;FANCA;MLH1;MLH3;FANCG;HINFP;TICRR;FAM111A;POLA1;RAD51;TDP2;TDP1;RFWD3;UBE2T;TRIP13;HROB;RAD18;CENPS,0.23711340206185566
6,502,Mitotic Sister Chromatid Segregation (GO:0000070),49/111,4.687269134042223e-46,cellular process,GO_Biological_Process_2023,8.180225364820633e-49,0.0,0.0,33.90885138503169,3754.5558692741033,NCAPG2;KIF14;KIF11;SMC3;SMC4;SMC2;NUSAP1;KNTC1;KMT5A;SPDL1;CEP55;DLGAP5;KIF23;KIF22;SMC1A;TUBG1;KNSTRN;SGO1;PSRC1;ESPL1;KIF2A;KIFC1;ZW10;KIF2C;CDCA5;MIS12;CDCA8;NCAPG;NCAPH;NSL1;DSN1;SPAG5;NCAPH2;NDC80;WAPL;ZWINT;MZT1;TPX2;CENPE;KIF18A;STAG1;KIF18B;STAG2;CENPI;PRC1;CENPK;NCAPD2;NCAPD3;CCDC61,0.44144144144144143
6,502,DNA Metabolic Process (GO:0006259),77/288,4.072738554024652e-54,cellular process,GO_Biological_Process_2023,3.5538730837911446e-57,0.0,0.0,16.560903261778645,2152.574816740896,TOP2A;DCLRE1B;FEN1;MCM7;MCM8;NUDT1;HMGB2;HMGB3;MCM10;TRIM28;EXO1;RUVBL2;RUVBL1;PCLAF;TOPBP1;KPNA2;POLH;GEN1;WDHD1;ACTL6A;LIG3;TERF1;SMC1A;TSN;MSH6;NEIL3;RAD51C;NSMCE4A;MSH2;MSH3;TIMELESS;UBE2V2;MCM3;MCM4;MCM5;MCM6;DCTPP1;ASF1A;MCM2;PRIM2;RTEL1;BLM;RNASEH2A;PRIM1;PDS5A;UNG;RECQL4;ORC5;RAD51AP1;ORC6;CDC45;ORC1;RAD21;TDG;HLTF;ORC2;RBBP8;MUTYH;BARD1;POLQ;DUT;RRM1;TREX2;SMARCA5;FANCA;DONSON;FANCG;HINFP;TICRR;FAM111B;FAM111A;POLA1;RAD51;TDP1;UBE2T;RAD18;CENPS,0.2673611111111111
6,502,Negative Regulation Of Mitotic Metaphase/Anaphase Transition (GO:0045841),19/28,1.6344671612215688e-22,biological regulation,GO_Biological_Process_2023,1.5688602769142458e-24,0.0,0.0,85.18311479181044,4669.030720941535,ZWILCH;BUB1B;TTK;HASPIN;NDC80;ZWINT;CDC20;CENPF;ZW10;NUF2;KNTC1;BUB3;FBXO5;TRIP13;BUB1;MAD1L1;SPC24;MAD2L1;SPC25,0.6785714285714286
6,502,Mitotic Metaphase Plate Congression (GO:0007080),19/50,2.262552856200639e-16,localization,GO_Biological_Process_2023,4.1460392652891295e-18,0.0,0.0,24.70266479663394,988.7087981034977,CDT1;CDCA5;MIS12;KIF14;CDCA8;KIF22;NDC80;CENPC;CENPE;KIF18A;PSRC1;KIFC1;ZW10;NUF2;KIF2C;SPDL1;MAPRE1;CEP55;MAD1L1,0.38
6,502,Centromere Complex Assembly (GO:0034508),12/14,2.486405104986038e-16,None,GO_Biological_Process_2023,4.7732035174252055e-18,0.0,0.0,238.7265306122449,9521.252925240537,CENPT;CENPE;CENPF;CENPW;MIS18A;NASP;CENPI;MIS12;HJURP;OIP5;DLGAP5;CENPC,0.8571428571428571
6,502,Replication Fork Processing (GO:0031297),18/46,8.129267711619206e-16,cellular process,GO_Biological_Process_2023,1.7024644422239178e-17,0.0,0.0,25.86038961038961,998.5179942267245,BARD1;GEN1;BLM;RTEL1;PCNA;CENPX;FANCM;DDX11;DONSON;BRCA2;TRAIP;FAM111A;MMS22L;RAD51;RFWD3;RBBP8;ASF1A;CENPS,0.391304347826087
6,502,Regulation Of Chromosome Condensation (GO:0060623),7/7,1.5004241703846372e-10,biological regulation,GO_Biological_Process_2023,6.022645012015123e-12,0.0,0.0,136486.0,3526183.313564746,NCAPH2;NCAPG2;NCAPG;NCAPD3;SMC4;NCAPH;SMC2,1.0
6,502,Regulation Of DNA Replication (GO:0006275),17/75,9.610991170825803e-11,biological regulation,GO_Biological_Process_2023,3.69008387012509e-12,0.0,0.0,11.748311411304655,309.2786674415227,CDT1;BLM;PCNA;ATAD5;DSCC1;SMARCA5;ESCO2;CDC6;SMC3;TERF1;PDS5A;WAPL;CCNA2;ORC5;RUVBL2;RUVBL1;FBXO5,0.22666666666666666
6,502,Heterochromatin (GO:0000792),14/49,8.346929113087023e-11,cellular anatomical structure,GO_Cellular_Component_2023,9.936820372722648e-12,0.0,0.0,15.95327868852459,404.1727105867069,H2AZ1;HELLS;CBX5;UHRF1;CBX3;SUV39H1;CBX2;SMARCA5;BAZ1B;WDR76;CENPC;INCENP;ORC2;NCAPD3,0.2857142857142857
6,502,Microtubule (GO:0005874),25/185,6.672100655607694e-11,cellular anatomical structure,GO_Cellular_Component_2023,7.413445172897437e-12,0.0,0.0,6.334512578616352,162.3391517521763,CEP57;KIF14;TUBD1;KIF11;SKA3;SKA1;AURKB;SKA2;KIF15;AURKA;KIF23;KIF22;TUBG1;CENPE;PSRC1;FAM161A;KIF2A;KIFC1;PRC1;KIF4A;MAP6D1;KIF2C;KIF20A;KIF20B;MAPRE1,0.13513513513513514
6,502,Chromatin Organization (GO:0006325),31/268,4.0045407639527024e-11,cellular process,GO_Biological_Process_2023,1.5025763773993559e-12,0.0,0.0,5.3489836688256425,145.61987500776328,H2AX;SUV39H2;PAXIP1;SUV39H1;HMGB2;PSIP1;CHAF1B;CHAF1A;TRIM28;RBBP4;RUVBL2;RUVBL1;HMGN2;SS18;PCGF6;DR1;CBX5;CBX3;DDX11;ACTL6A;SMARCA5;DEK;SSRP1;BAZ1B;NASP;HAT1;DNAJC9;ASF1A;ASF1B;EZH2;PHF19,0.11567164179104478
6,502,Kinetochore Assembly (GO:0051382),8/9,3.5812117610549485e-11,cellular process,GO_Biological_Process_2023,1.3124859857269445e-12,0.0,0.0,315.7408906882591,8638.385995588826,CENPT;CENPE;CENPF;CENPW;MIS12;KNTC1;DLGAP5;CENPC,0.8888888888888888
6,502,Attachment Of Mitotic Spindle Microtubules To Kinetochore (GO:0051315),9/12,2.1181038316931208e-11,cellular process,GO_Biological_Process_2023,7.577858385638564e-13,0.0,0.0,118.63083164300204,3310.7938053428825,CDT1;CENPE;MIS12;NUF2;KIF2C;MAPRE1;MAD1L1;NDC80;CENPC,0.75
6,502,Mitotic Chromosome Condensation (GO:0007076),10/15,6.980984343843475e-12,cellular process,GO_Biological_Process_2023,2.436643750032627e-13,0.0,0.0,79.23983739837398,2301.3613795483675,CDCA5;NCAPH2;NUSAP1;NCAPG;NCAPD2;KMT5A;NCAPD3;SMC4;NCAPH;SMC2,0.6666666666666666
6,502,Recombinational Repair (GO:0000725),20/95,5.963725093638816e-12,cellular process,GO_Biological_Process_2023,2.0295399533325814e-13,0.0,0.0,10.745781466113415,314.0540284391221,GEN1;FEN1;BLM;SLF1;POLN;MCM8;LIG3;SMC6;BRCA2;SPIDR;RAD54B;RAD51AP1;RECQL4;MMS22L;NSMCE4A;RAD51C;PPP4C;RAD51;RFWD3;RBBP8,0.21052631578947367
6,502,Double-Strand Break Repair Via Break-Induced Replication (GO:0000727),9/11,5.8427272207057065e-12,cellular process,GO_Biological_Process_2023,1.9373790086109672e-13,0.0,0.0,177.9553752535497,5209.157823657009,GINS2;MCM7;GINS4;MCM3;MCM4;CDC7;MCM5;MCM6;MCM2,0.8181818181818182
6,502,Mitotic Sister Chromatid Cohesion (GO:0007064),11/19,4.363296942866815e-12,cellular process,GO_Biological_Process_2023,1.4087433410652025e-13,0.0,0.0,54.57993890020367,1615.0699587958543,SGO1;STAG1;STAG2;CDCA5;DSCC1;RAD21;ESCO2;HASPIN;PDS5A;SMC1A;SMC3,0.5789473684210527
6,502,Metaphase Plate Congression (GO:0051310),16/51,1.991704461051505e-12,localization,GO_Biological_Process_2023,6.256663228434046e-14,0.0,0.0,18.30734861845973,556.5899771963597,CDCA5;KIF14;CDCA8;KIF22;NDC80;CENPE;CENPF;KIF18A;PSRC1;INCENP;KIFC1;ZW10;KIF2C;SPDL1;CENPQ;CEP55,0.3137254901960784
6,502,DNA Recombination (GO:0006310),15/42,1.392999443082017e-12,cellular process,GO_Biological_Process_2023,4.2543613008613087e-14,0.0,0.0,22.211955281770475,683.8671579430458,BARD1;GEN1;BLM;RTEL1;HMGB3;TSN;RAD54B;RAD51;RAD51C;MSH2;EXO1;MSH3;RAD21;RBBP8;TOPBP1,0.35714285714285715
6,502,Kinetochore Organization (GO:0051383),9/10,1.2141789988276064e-12,cellular process,GO_Biological_Process_2023,3.6022762617922007e-14,0.0,0.0,355.9290060851927,11017.649038596448,CENPT;CENPE;CENPF;CENPW;CENPH;MIS12;NUF2;DLGAP5;CENPC,0.9
6,502,Single-Stranded DNA Helicase Activity (GO:0017116),12/22,1.2055009202123965e-12,catalytic activity,GO_Molecular_Function_2023,2.825392781747805e-14,0.0,0.0,47.72571428571428,1488.9250670263266,PIF1;POLQ;RAD51;MCM7;MCM8;DSCC1;MCM3;MCM4;WRNIP1;MCM5;MCM6;MCM2,0.5454545454545454
6,502,DNA Secondary Structure Binding (GO:0000217),14/33,8.91430789324399e-13,binding,GO_Molecular_Function_2023,1.7410757603992167e-14,0.0,0.0,29.411777394305435,931.8147586561604,GEN1;BLM;FANCM;HMGB2;HMGB3;SMC6;RAD51AP1;RECQL4;MSH6;NEIL3;RAD51C;MSH2;CLSPN;RAD18,0.42424242424242425
6,502,Regulation Of DNA-templated DNA Replication (GO:0090329),11/17,8.431210096195744e-13,biological regulation,GO_Biological_Process_2023,2.414002672187069e-14,0.0,0.0,72.78071961982349,2282.0325547723646,CDT1;BLM;TIPIN;MCM7;MCM3;MCM4;WRNIP1;MCM5;MCM6;TICRR;MCM2,0.6470588235294118
6,502,Positive Regulation Of Chromosome Separation (GO:1905820),10/13,8.431210096195744e-13,biological regulation,GO_Biological_Process_2023,2.4278353680144808e-14,0.0,0.0,132.079945799458,4140.599479388774,INCENP;NCAPH2;NCAPG2;CDCA8;NCAPG;NCAPD2;NCAPD3;SMC4;NCAPH;SMC2,0.7692307692307693
6,502,Positive Regulation Of Chromosome Organization (GO:2001252),14/33,6.43636394005646e-13,biological regulation,GO_Biological_Process_2023,1.7410757603992167e-14,0.0,0.0,29.411777394305435,931.8147586561604,FEN1;RTEL1;DDX11;NCAPH2;NCAPG2;NCAPG;TERF1;SMC4;AURKB;NCAPH;SMC2;RAD21;NCAPD2;NCAPD3,0.42424242424242425
6,502,Condensed Nuclear Chromosome (GO:0000794),13/28,3.750853195965993e-13,cellular anatomical structure,GO_Cellular_Component_2023,3.5722411390152314e-14,0.0,0.0,34.53019768234492,1069.1584463725692,SUV39H1;NCAPH2;NCAPG2;NCAPG;SMC1A;TUBG1;SMC4;NCAPH;SMC2;PSMC3IP;RAD51;NCAPD2;NCAPD3,0.4642857142857143
6,502,Mismatch Repair (GO:0006298),13/25,2.0302895416219265e-13,cellular process,GO_Biological_Process_2023,5.314894088015514e-15,0.0,0.0,43.16939331970007,1418.9029865783025,RNASEH2B;PCNA;RNASEH2A;MCM8;MLH1;MLH3;MSH6;MSH2;EXO1;MSH3;TDG;PMS1;MUTYH,0.52
6,502,Tubulin Binding (GO:0015631),38/322,1.377967161210341e-13,binding,GO_Molecular_Function_2023,2.1530736893911578e-15,0.0,0.0,5.540705439533754,187.12003894632656,CEP57;KIF14;SMC3;BRCA2;SKA1;SKA2;KIF15;RACGAP1;KATNA1;STMN1;NUSAP1;GTSE1;DLGAP5;SPAG5;RCC2;NDE1;KIF23;HAUS6;KIF22;TERF1;CCSAP;CKAP5;CENPE;KIF18A;KIF18B;PSRC1;KIF2A;FAM161A;CEP57L1;KIFC1;PRC1;MAP6D1;KIF2C;TUBGCP3;KIF20A;KIF20B;SPC24;CCDC61,0.11801242236024845
6,502,Positive Regulation Of Chromosome Segregation (GO:0051984),12/18,3.5120259857504574e-14,biological regulation,GO_Biological_Process_2023,8.887325792911279e-16,0.0,0.0,79.55918367346939,2757.2615688042247,NCAPH2;RCC2;NCAPG2;NCAPG;NCAPD2;CDC6;SMC6;NCAPD3;SMC4;NCAPH;RAD18;SMC2,0.6666666666666666
6,502,Mitotic Spindle Assembly (GO:0090307),17/44,7.160124162361008e-15,cellular process,GO_Biological_Process_2023,1.7494195161091467e-16,0.0,0.0,25.277357770141275,917.1150526023222,CDCA8;KIF23;KIF11;SMC3;SMC1A;AURKB;MZT1;TPX2;STAG1;STAG2;RACGAP1;KIF2A;INCENP;KIFC1;PRC1;KIF4A;CCDC61,0.38636363636363635
6,502,Interstrand Cross-Link Repair (GO:0036297),16/36,3.826129137263408e-15,cellular process,GO_Biological_Process_2023,9.014440375751483e-17,0.0,0.0,32.062551440329216,1184.5547720960562,DCLRE1B;FANCI;DCLRE1A;CENPX;FANCM;POLN;MCM8;FANCA;FAAP24;FANCG;RAD51AP1;NEIL3;RAD51;RFWD3;HROB;CENPS,0.4444444444444444
6,502,DNA Replication (GO:0006260),21/73,2.3320829781081397e-15,cellular process,GO_Biological_Process_2023,5.290938693788099e-17,0.0,0.0,16.326803134495442,611.8951262927432,WDHD1;FEN1;BLM;DUT;RNASEH2A;MCM7;MCM8;DONSON;WRNIP1;TICRR;ORC5;RECQL4;FAM111B;FAM111A;POLA1;RNASEH1;PCLAF;MCM4;MCM5;MCM6;MCM2,0.2876712328767123
6,502,CMG Complex (GO:0071162),10/10,1.0404737936306472e-15,protein-containing complex,GO_Cellular_Component_2023,9.083501372965965e-17,0.0,0.0,194980.0,7202071.185789296,GINS1;GINS2;MCM7;GINS3;GINS4;MCM3;MCM4;MCM5;MCM6;MCM2,1.0
6,502,Regulation Of Chromosome Segregation (GO:0051983),15/28,1.0221612862060305e-15,biological regulation,GO_Biological_Process_2023,2.2298457377967505e-17,0.0,0.0,46.16569262359817,1770.0856409124665,CDCA2;NCAPH2;NCAPG2;NCAPG;SMC6;CDC6;MKI67;SMC4;NCAPH;SMC2;KIF2C;NCAPD2;NCAPD3;BUB1;RAD18,0.5357142857142857
6,502,Regulation Of Cell Cycle Process (GO:0010564),27/130,8.129267711619206e-16,biological regulation,GO_Biological_Process_2023,1.6929045811597378e-17,0.0,0.0,10.703423607562597,413.3394701574183,AHCTF1;CDCA2;CETN2;KIF11;DBF4B;MKI67;PKMYT1;AURKB;AURKA;RACGAP1;NEK2;FBXO5;ECT2;BUB1;PRMT5;TIPIN;BORA;SPAG5;ACTL6A;KNSTRN;DBF4;PRC1;KIF2C;KIF20A;CEP85;KIF20B;MCM2,0.2076923076923077
6,502,Mitotic DNA Replication (GO:1902969),8/10,1.5650410316760628e-10,cellular process,GO_Biological_Process_2023,6.418580147362561e-12,0.0,0.0,157.8623481781377,4068.400682446682,GINS1;POLA1;GINS3;MCM3;MCM4;MCM6;TK1;MCM2,0.8
6,502,Cell Cycle Checkpoints R-HSA-69620,81/271,1.3823530866622656e-62,Cell Cycle,Reactome_2022,1.70660874896576e-64,0.0,0.0,19.55179397424678,2870.808243698136,H2AX;MDC1;AHCTF1;ERCC6L;MCM7;ZWILCH;MCM8;BUB1B;MCM10;CDC20;BABAM2;HERC2;EXO1;NUF2;KNTC1;SPDL1;TOPBP1;GTSE1;KNL1;RANGAP1;CKAP5;SGO1;CCNA2;SGO2;DBF4;KIF2A;INCENP;ZW10;UBE2V2;MCM3;MCM4;KIF2C;MCM5;MCM6;MAPRE1;MAD1L1;ITGB3BP;BLM;MIS12;CDCA8;PKMYT1;CENPA;SKA1;AURKB;SKA2;ORC5;CCNB2;DSN1;ORC6;CDC45;NSD2;RBBP8;CLSPN;BUB3;BUB1;BARD1;CENPT;CENPU;UBE2C;RCC2;NDE1;CDC7;CDC6;ZWINT;NDC80;CENPE;CENPF;KIF18A;CENPH;CENPI;UBE2S;CENPK;CENPL;CENPM;CENPN;CENPO;CENPP;CENPQ;SPC24;MAD2L1;SPC25,0.2988929889298893
6,502,Resolution Of Sister Chromatid Cohesion R-HSA-2500257,58/106,6.991025294533419e-63,Cell Cycle,Reactome_2022,7.19241285445825e-65,0.0,0.0,52.93262012012012,7817.883558602212,ERCC6L;AHCTF1;ZWILCH;BUB1B;SMC3;CDC20;NUF2;KNTC1;SPDL1;KNL1;RANGAP1;SMC1A;CKAP5;SGO1;SGO2;KIF2A;INCENP;ZW10;KIF2C;MAPRE1;MAD1L1;ITGB3BP;CDCA5;MIS12;CDCA8;PDS5A;CENPA;SKA1;AURKB;SKA2;CCNB2;DSN1;RAD21;BUB3;BUB1;CENPT;CENPU;RCC2;NDE1;NDC80;WAPL;ZWINT;CENPE;KIF18A;CENPF;STAG2;CENPH;CENPI;CENPK;CENPL;CENPM;CENPN;CENPO;CENPP;CENPQ;SPC24;MAD2L1;SPC25,0.5471698113207547
6,502,Orc1 Removal From Chromatin R-HSA-68949,11/69,6.484331099935703e-06,Cell Cycle,Reactome_2022,1.09406409505088e-06,0.0,0.0,7.508954280497226,103.06498748240952,CCNA2;ORC5;CDT1;ORC6;MCM7;MCM8;MCM3;MCM4;MCM5;MCM6;CDC6,0.15942028985507245
6,502,Fanconi Anemia Pathway R-HSA-6783310,11/38,1.1998861921648226e-08,DNA Repair,Reactome_2022,1.4566519616815746e-09,0.0,0.0,16.15606849211737,328.7295485348989,DCLRE1B;FANCI;DCLRE1A;CENPX;FANCM;POLN;UBE2T;USP1;FANCA;FAAP24;FANCG,0.2894736842105263
6,502,HDR Thru Homologous Recombination (HRR) R-HSA-5685942,14/67,7.978944756043547e-09,DNA Repair,Reactome_2022,9.522197445484068e-10,0.0,0.0,10.52544076708939,218.6368268238789,GEN1;BARD1;BLM;RTEL1;PCNA;BRCA2;SPIDR;RAD51AP1;RAD51C;RAD51;EXO1;RBBP8;TOPBP1;POLH,0.208955223880597
6,502,COPI-dependent Golgi-to-ER Retrograde Traffic R-HSA-6811434,15/78,7.0029539899942704e-09,Vesicle-mediated transport,Reactome_2022,8.213341099375995e-10,0.0,0.0,9.501808937127212,198.7787089063841,KIF23;KIF11;KIF22;KIF15;CENPE;KIF18A;KIF18B;KIF2A;RACGAP1;KIFC1;ZW10;KIF4A;KIF2C;KIF20A;KIF20B,0.19230769230769232
6,502,Epigenetic Regulation Of Gene Expression R-HSA-212165,18/116,5.819038111293655e-09,Gene expression (Transcription),Reactome_2022,6.70506449037952e-10,0.0,0.0,7.36211840107944,155.50993713135395,H2AX;H2AZ1;SUZ12;H2AZ2;DNMT1;CBX3;EED;UHRF1;SUV39H1;SMARCA5;DEK;BAZ1B;RBBP4;TDG;POLR1F;POLR1G;EZH2;PHF19,0.15517241379310345
6,502,Resolution Of D-Loop Structures R-HSA-5693537,11/34,3.3511489187743046e-09,DNA Repair,Reactome_2022,3.792452480094378e-10,0.0,0.0,18.9697157531214,411.50697126486193,RAD51AP1;BARD1;GEN1;BLM;RTEL1;RAD51;RAD51C;EXO1;RBBP8;BRCA2;SPIDR,0.3235294117647059
6,502,Mitotic Telophase/Cytokinesis R-HSA-68884,8/13,1.5458412205913402e-09,Cell Cycle,Reactome_2022,1.7176013562126004e-10,0.0,0.0,63.13522267206478,1419.5905681413042,STAG2;RAD21;KIF23;KIF20A;PDS5A;SMC1A;SMC3;WAPL,0.6153846153846154
6,502,Loss Of Nlp From Mitotic Centrosomes R-HSA-380259,15/69,1.2026330283392882e-09,Cell Cycle,Reactome_2022,1.31151338481445e-10,0.0,0.0,11.09057723020762,252.36241615410225,CEP57;PLK4;CEP135;CETN2;CEP152;NDE1;HAUS4;HAUS3;HAUS6;TUBG1;CKAP5;HAUS1;NEK2;MAPRE1;CEP76,0.21739130434782608
6,502,Defective Pyroptosis R-HSA-9710421,11/42,3.833066471002645e-08,Disease,Reactome_2022,4.7321808283983276e-09,0.0,0.0,14.068523750082123,269.67783900696736,H2AX;H2AZ1;SUZ12;PRIM2;H2AZ2;POLA1;DNMT1;RBBP4;EED;PRIM1;EZH2,0.2619047619047619
6,502,Meiotic Recombination R-HSA-912446,14/56,6.796815049987757e-10,Cell Cycle,Reactome_2022,7.272312399163855e-11,0.0,0.0,13.289617486338798,310.23763755941127,H2AX;H2AZ1;H2AZ2;BLM;MND1;BRCA2;MLH1;MLH3;PSMC3IP;RAD51C;RAD51;MSH4;MSH5;RBBP8,0.25
6,502,Establishment Of Sister Chromatid Cohesion R-HSA-2468052,8/11,2.237428286060369e-10,Cell Cycle,Reactome_2022,2.3018809527370052e-11,0.0,0.0,105.2361673414305,2577.7293404165275,STAG2;CDCA5;RAD21;ESCO2;PDS5A;SMC1A;SMC3;WAPL,0.7272727272727273
6,502,Centrosome Maturation R-HSA-380287,17/81,1.378906948910981e-10,Cell Cycle,Reactome_2022,1.3902559772970795e-11,0.0,0.0,10.643621134020618,266.07933271306143,CEP57;PLK4;CEP135;CETN2;CEP152;NDE1;HAUS4;HAUS3;HAUS6;TUBG1;CKAP5;MZT1;HAUS1;NEK2;TUBGCP3;MAPRE1;CEP76,0.20987654320987653
6,502,Recruitment Of NuMA To Mitotic Centrosomes R-HSA-380320,17/80,1.1382390570518984e-10,Cell Cycle,Reactome_2022,1.1241867230142203e-11,0.0,0.0,10.813123874979546,272.61373349389123,CEP57;PLK4;CEP135;CETN2;CEP152;NDE1;HAUS4;HAUS3;HAUS6;TUBG1;CKAP5;MZT1;HAUS1;NEK2;TUBGCP3;MAPRE1;CEP76,0.2125
6,502,Processing Of DNA Double-Strand Break Ends R-HSA-5693607,17/80,1.1382390570518984e-10,DNA Repair,Reactome_2022,1.1241867230142203e-11,0.0,0.0,10.813123874979546,272.61373349389123,H2AX;BARD1;MDC1;TIPIN;BLM;CCNA2;BABAM2;HERC2;PPP4C;PPP4R2;EXO1;NSD2;TIMELESS;UBE2V2;RBBP8;TOPBP1;CLSPN,0.2125
6,502,Regulation Of PLK1 Activity At G2/M Transition R-HSA-2565942,18/87,4.745559670461592e-11,Cell Cycle,Reactome_2022,4.4916819926179684e-12,0.0,0.0,10.47197269134028,273.6200159242177,CEP57;PLK4;BORA;CEP135;CETN2;CEP152;NDE1;HAUS4;HAUS3;HAUS6;TUBG1;CKAP5;HAUS1;AURKA;CCNB2;NEK2;MAPRE1;CEP76,0.20689655172413793
6,502,SUMOylation R-HSA-2990846,25/174,1.9949480054901228e-11,Metabolism of proteins,Reactome_2022,1.847174079157521e-12,0.0,0.0,6.806030419427912,183.881002390198,TOP2A;MDC1;BLM;DNMT1;L3MBTL2;PCNA;CETN2;CDCA8;SMC6;SMC3;AURKB;AURKA;HERC2;TRIM28;RAD21;TDG;SUZ12;CASP8AP2;CBX5;CBX2;RANGAP1;SMC1A;STAG2;NSMCE4A;INCENP,0.14367816091954022
6,502,Telomere Maintenance R-HSA-157579,19/92,1.3000303715913156e-11,Cell Cycle,Reactome_2022,1.1769822294242365e-12,0.0,0.0,10.467540202501487,287.5230996475521,H2AX;H2AZ1;PIF1;PRIM2;H2AZ2;FEN1;BLM;RTEL1;PCNA;DSCC1;PRIM1;CHTF18;TERF1;CCNA2;POLA1;SHQ1;DKC1;RUVBL2;RUVBL1,0.20652173913043478
6,502,G1/S-Specific Transcription R-HSA-69205,11/29,4.89584989059425e-10,Cell Cycle,Reactome_2022,5.137620255561868e-11,0.0,0.0,24.24530436750396,574.4160181703157,DHFR;CDT1;POLA1;PCNA;CDC45;RRM2;RBBP4;FBXO5;TK1;CDC6;E2F6,0.3793103448275862
6,502,Diseases Of DNA Repair R-HSA-9675135,15/51,1.2625923335949274e-11,Disease,Reactome_2022,1.117108443304154e-12,0.0,0.0,16.65126625598905,458.2474683597495,BARD1;BLM;BRCA2;MLH1;MSH6;RAD51AP1;NEIL3;RAD51C;RAD51;MSH2;EXO1;MSH3;RBBP8;TOPBP1;MUTYH,0.29411764705882354
6,502,Resolution Of D-loop Structures Thru Holliday Junction Intermediates R-HSA-5693568,10/33,3.9859686115913514e-08,DNA Repair,Reactome_2022,5.002964718252518e-09,0.0,0.0,17.21014492753623,328.9415470788816,RAD51AP1;BARD1;GEN1;BLM;RAD51;RAD51C;EXO1;RBBP8;BRCA2;SPIDR,0.30303030303030304
6,502,Anchoring Of Basal Body To Plasma Membrane R-HSA-5620912,15/97,1.4495621798357898e-07,Organelle biogenesis and maintenance,Reactome_2022,1.87906208497232e-08,0.0,0.0,7.293033505283718,129.74239497279862,PLK4;CEP57;CEP135;CETN2;CEP152;NDE1;HAUS4;HAUS3;HAUS6;TUBG1;CKAP5;HAUS1;NEK2;MAPRE1;CEP76,0.15463917525773196
6,502,Homologous DNA Pairing And Strand Exchange R-HSA-5693579,9/43,5.9005308227211646e-06,DNA Repair,Reactome_2022,9.712807938635662e-07,0.0,0.0,10.4507815296504,144.6874149120578,RAD51AP1;BARD1;BLM;RAD51;RAD51C;EXO1;RBBP8;TOPBP1;BRCA2,0.20930232558139536
6,502,PRC2 Methylates Histones And DNA R-HSA-212300,9/42,4.831107210472691e-06,Gene expression (Transcription),Reactome_2022,7.85303435447207e-07,0.0,0.0,10.768025078369906,151.3682353110085,H2AX;H2AZ1;SUZ12;H2AZ2;DNMT1;RBBP4;EED;EZH2;PHF19,0.21428571428571427
6,502,Defective Homologous Recombination Repair (HRR) Due To BRCA2 Loss Of Function R-HSA-9701190,9/41,3.931226641906113e-06,Disease,Reactome_2022,6.309376091948083e-07,0.0,0.0,11.10509634888438,158.53700907124698,RAD51AP1;BARD1;BLM;RAD51;RAD51C;EXO1;RBBP8;TOPBP1;BRCA2,0.21951219512195122
6,502,Nonhomologous End-Joining (NHEJ) R-HSA-5693571,10/51,2.9067552571362114e-06,DNA Repair,Reactome_2022,4.6053529794133387e-07,0.0,0.0,9.64554828475114,140.73700218533935,H2AX;BARD1;MDC1;BABAM2;HERC2;PAXIP1;TDP2;TDP1;NSD2;UBE2V2,0.19607843137254902
6,502,SUMOylation Of DNA Damage Response And Repair Proteins R-HSA-3108214,12/76,2.530878861001681e-06,Metabolism of proteins,Reactome_2022,3.957752951360654e-07,0.0,0.0,7.436479591836735,109.6316996881493,MDC1;BLM;HERC2;NSMCE4A;STAG2;CETN2;RAD21;TDG;CBX2;SMC6;SMC3;SMC1A,0.15789473684210525
6,502,Switching Of Origins To A Post-Replicative State R-HSA-69052,13/90,2.458162801531162e-06,Cell Cycle,Reactome_2022,3.793461113474016e-07,0.0,0.0,6.705255889304969,99.13598009513676,CDT1;MCM7;MCM8;UBE2C;CDC6;CCNA2;ORC5;ORC6;UBE2S;MCM3;MCM4;MCM5;MCM6,0.14444444444444443
6,502,Factors Involved In Megakaryocyte Development And Platelet Production R-HSA-983231,16/136,2.10666678520321e-06,Hemostasis,Reactome_2022,3.207681936317645e-07,0.0,0.0,5.316323731138546,79.49258105729122,CBX5;KIF23;KIF11;KIF22;KIF15;CENPE;KIF18A;KIF18B;RAD51C;RACGAP1;KIF2A;KIFC1;KIF4A;KIF2C;KIF20A;KIF20B,0.11764705882352941
6,502,Resolution Of D-loop Structures Thru Synthesis-Dependent Strand Annealing (SDSA) R-HSA-5693554,9/27,9.044837789772637e-08,DNA Repair,Reactome_2022,1.1538681954030936e-08,0.0,0.0,19.75659229208925,361.1023167762346,RAD51AP1;BARD1;BLM;RTEL1;RAD51;RAD51C;EXO1;RBBP8;BRCA2,0.3333333333333333
6,502,Meiotic Synapsis R-HSA-1221632,11/60,1.6775660671180072e-06,Cell Cycle,Reactome_2022,2.519800882708118e-07,0.0,0.0,8.892264848913088,135.10832309539887,H2AX;H2AZ1;SYCE2;H2AZ2;STAG2;RAD21;SMC3;SMC1A;TERF1;LMNB1;SMC1B,0.18333333333333332
6,502,Golgi-to-ER Retrograde Transport R-HSA-8856688,15/112,9.241639578819184e-07,Vesicle-mediated transport,Reactome_2022,1.3501160701567124e-07,0.0,0.0,6.160481805288003,97.4459164696644,KIF23;KIF11;KIF22;KIF15;CENPE;KIF18A;KIF18B;RACGAP1;KIF2A;KIFC1;ZW10;KIF4A;KIF2C;KIF20A;KIF20B,0.13392857142857142
6,502,Defective HDR Thru Homologous Recombination (HRR) Due To BRCA1 Loss-Of-Function R-HSA-9701192,8/25,7.683210322306554e-07,Disease,Reactome_2022,1.1066352316079399e-07,0.0,0.0,18.557751845677544,297.2352720216048,RAD51AP1;BARD1;BLM;RAD51;RAD51C;EXO1;RBBP8;BRCA2,0.32
6,502,Assembly Of Pre-Replicative Complex R-HSA-68867,15/110,7.45796946878221e-07,DNA Replication,Reactome_2022,1.058847517172783e-07,0.0,0.0,6.290824597427862,101.03639651131536,H2AX;H2AZ1;CDT1;H2AZ2;MCM7;UBE2C;MCM8;CDC6;ORC5;ORC6;UBE2S;MCM3;MCM4;MCM5;MCM6,0.13636363636363635
6,502,Telomere C-strand (Lagging Strand) Synthesis R-HSA-174417,9/33,6.023049916813233e-07,Cell Cycle,Reactome_2022,8.303381572561452e-08,0.0,0.0,14.812880324543611,241.50946586920676,PRIM2;POLA1;BLM;FEN1;PCNA;DSCC1;PRIM1;CHTF18;TERF1,0.2727272727272727
6,502,Impaired BRCA2 Binding To PALB2 R-HSA-9709603,8/24,5.665139082138268e-07,Disease,Reactome_2022,7.693398753521105e-08,0.0,0.0,19.71862348178137,322.99732487974075,BARD1;RAD51AP1;BLM;RAD51;RAD51C;EXO1;RBBP8;BRCA2,0.3333333333333333
6,502,Telomere Extension By Telomerase R-HSA-171319,8/23,3.920640343568558e-07,Cell Cycle,Reactome_2022,5.2436547804929275e-08,0.0,0.0,21.03427800269905,352.6115270942339,CCNA2;PIF1;RTEL1;SHQ1;DKC1;RUVBL2;RUVBL1;TERF1,0.34782608695652173
6,502,Cohesin Loading Onto Chromatin R-HSA-2470946,6/10,3.553414247772751e-07,Cell Cycle,Reactome_2022,4.6793932480958046e-08,0.0,0.0,58.953629032258064,994.9905985479888,STAG2;RAD21;PDS5A;SMC1A;SMC3;WAPL,0.6
6,502,Diseases Of Programmed Cell Death R-HSA-9645723,12/71,1.235263125866421e-06,Disease,Reactome_2022,1.8300194457280314e-07,0.0,0.0,8.068765133171913,125.17695885992168,H2AX;H2AZ1;SUZ12;PRIM2;H2AZ2;POLA1;DNMT1;RBBP4;EED;PRIM1;LMNB1;EZH2,0.16901408450704225
6,502,Kinesins R-HSA-983189,14/42,1.0573536872993476e-11,Hemostasis,Reactome_2022,9.13762445814251e-13,0.0,0.0,19.94877049180328,553.0039715291097,KIF23;KIF11;KIF22;KIF15;CENPE;KIF18A;KIF18B;RACGAP1;KIF2A;KIFC1;KIF4A;KIF2C;KIF20A;KIF20B,0.3333333333333333
6,502,DNA Replication Pre-Initiation R-HSA-69002,22/127,1.006322003840164e-11,DNA Replication,Reactome_2022,8.489547769021961e-13,0.0,0.0,8.465198412698413,235.2882469175349,H2AX;H2AZ1;CDT1;PRIM2;H2AZ2;MCM7;UBE2C;MCM8;PRIM1;CDC7;MCM10;CDC6;ORC5;POLA1;ORC6;DBF4;CDC45;UBE2S;MCM3;MCM4;MCM5;MCM6,0.1732283464566929
6,502,SUMO E3 Ligases SUMOylate Target Proteins R-HSA-3108232,25/168,1.0024710706774727e-11,Metabolism of proteins,Reactome_2022,8.250790705164387e-13,0.0,0.0,7.0937971881368105,197.37282723008096,TOP2A;MDC1;BLM;DNMT1;L3MBTL2;PCNA;CETN2;CDCA8;SMC6;SMC3;AURKB;AURKA;HERC2;TRIM28;RAD21;TDG;SUZ12;CASP8AP2;CBX5;CBX2;RANGAP1;SMC1A;STAG2;NSMCE4A;INCENP,0.1488095238095238
6,502,DNA Strand Elongation R-HSA-69190,16/31,8.089975866587871e-17,Cell Cycle,Reactome_2022,4.1615102194382056e-18,0.0,0.0,42.76104252400549,1711.3248717956587,GINS1;PRIM2;GINS2;FEN1;PCNA;MCM7;MCM8;PRIM1;GINS3;GINS4;POLA1;CDC45;MCM3;MCM4;MCM5;MCM6,0.5161290322580645
6,502,Unwinding Of DNA R-HSA-176974,11/11,4.52658943459272e-17,Cell Cycle,Reactome_2022,2.235352807206281e-18,0.0,0.0,214478.0,8716843.316364441,GINS1;GINS2;CDC45;MCM7;MCM8;GINS3;GINS4;MCM3;MCM4;MCM5;MCM6,1.0
6,502,Homology Directed Repair R-HSA-5693538,27/119,3.169716863586061e-17,DNA Repair,Reactome_2022,1.5000717667176833e-18,0.0,0.0,11.989977116704804,492.0808753284376,H2AX;MDC1;BLM;RTEL1;FEN1;PCNA;BRCA2;RAD51AP1;BABAM2;HERC2;PPP4C;PPP4R2;EXO1;NSD2;RBBP8;CLSPN;TOPBP1;POLH;GEN1;BARD1;TIPIN;SPIDR;CCNA2;RAD51C;RAD51;TIMELESS;UBE2V2,0.226890756302521
6,502,Activation Of Pre-Replicative Complex R-HSA-68962,17/32,4.626227742001836e-18,Cell Cycle,Reactome_2022,1.9037974246921133e-19,0.0,0.0,45.5272852233677,1962.4657503175783,PRIM2;CDT1;MCM7;MCM8;PRIM1;MCM10;CDC7;CDC6;ORC5;POLA1;CDC45;ORC6;DBF4;MCM3;MCM4;MCM5;MCM6,0.53125
6,502,S Phase R-HSA-69242,33/161,1.6306131709996728e-19,Cell Cycle,Reactome_2022,6.374825154113948e-21,0.0,0.0,10.647821162046908,495.14423740737465,PRIM2;FEN1;PCNA;MCM7;MCM8;CDCA5;PRIM1;SMC3;PDS5A;CKS1B;ORC5;ORC6;CDC45;RBBP4;RAD21;GINS1;CDT1;GINS2;UBE2C;GINS3;GINS4;ESCO2;CDC6;SMC1A;WAPL;CCNA2;POLA1;STAG2;UBE2S;MCM3;MCM4;MCM5;MCM6,0.20496894409937888
6,502,DNA Double-Strand Break Repair R-HSA-5693532,33/149,1.2955217148646237e-20,DNA Repair,Reactome_2022,4.798228573572682e-22,0.0,0.0,11.756598779501507,577.1152716221079,H2AX;MDC1;BLM;RTEL1;FEN1;PAXIP1;PCNA;BRCA2;RAD51AP1;BABAM2;HERC2;PPP4C;PPP4R2;EXO1;NSD2;RBBP8;CLSPN;TOPBP1;KPNA2;POLH;GEN1;BARD1;TIPIN;SMARCA5;BAZ1B;SPIDR;CCNA2;RAD51C;RAD51;TDP2;TDP1;TIMELESS;UBE2V2,0.2214765100671141
6,502,Deposition Of New CENPA-containing Nucleosomes At Centromere R-HSA-606279,26/53,1.922819060947146e-26,Cell Cycle,Reactome_2022,6.7259102954941325e-28,0.0,0.0,39.39044506691565,2464.518945994906,H2AX;HJURP;CENPA;RBBP4;MIS18BP1;RUVBL1;OIP5;CENPT;H2AZ1;CENPU;H2AZ2;CENPW;CENPX;SMARCA5;KNL1;MIS18A;CENPH;CENPI;CENPK;CENPL;CENPM;CENPN;CENPO;CENPP;CENPQ;ITGB3BP,0.49056603773584906
6,502,HDR Thru Homologous Recombination (HRR) Or Single Strand Annealing (SSA) R-HSA-5693567,26/114,1.0655128989486172e-16,DNA Repair,Reactome_2022,5.700274768037869e-18,0.0,0.0,12.047841864018334,478.3718174236937,H2AX;MDC1;BLM;RTEL1;PCNA;BRCA2;RAD51AP1;BABAM2;HERC2;PPP4C;PPP4R2;EXO1;NSD2;RBBP8;CLSPN;TOPBP1;POLH;GEN1;BARD1;TIPIN;SPIDR;CCNA2;RAD51C;RAD51;TIMELESS;UBE2V2,0.22807017543859648
6,502,RHO GTPase Effectors R-HSA-195258,55/269,1.0924020390389908e-32,Signal Transduction,Reactome_2022,3.596385313708611e-34,0.0,0.0,11.087624662861444,853.8353997775592,H2AX;AHCTF1;ERCC6L;ZWILCH;KIF14;BUB1B;CDC20;NUF2;KNTC1;SPDL1;KNL1;RANGAP1;CKAP5;SGO1;SGO2;KIF2A;INCENP;ZW10;KIF2C;MAPRE1;MAD1L1;ITGB3BP;MIS12;CDCA8;CENPA;SKA1;AURKB;SKA2;DSN1;BUB3;BUB1;CENPT;H2AZ1;CENPU;H2AZ2;RCC2;NDE1;ZWINT;NDC80;CENPE;CENPF;KIF18A;CENPH;CENPI;PRC1;CENPK;CENPL;CENPM;CENPN;CENPO;CENPP;CENPQ;SPC24;MAD2L1;SPC25,0.20446096654275092
6,502,DNA Repair R-HSA-73894,61/310,2.719310625385614e-35,DNA Repair,Reactome_2022,7.833405093703414e-37,0.0,0.0,10.693012412461638,888.9876584575308,H2AX;DCLRE1B;MDC1;DCLRE1A;FEN1;CETN2;BRCA2;BABAM2;HERC2;PPP4R2;EXO1;RUVBL1;PCLAF;TOPBP1;KPNA2;POLH;GEN1;TIPIN;ACTL6A;BAZ1B;TERF1;SPIDR;MSH6;CCNA2;NEIL3;RAD51C;MSH2;MSH3;TIMELESS;UBE2V2;DTL;RTEL1;BLM;PAXIP1;PCNA;FAAP24;UNG;RAD51AP1;PPP4C;TDG;NSD2;USP1;RBBP8;CLSPN;MUTYH;BARD1;FANCI;H2AZ1;H2AZ2;CENPX;FANCM;POLN;SMARCA5;FANCA;MLH1;FANCG;RAD51;TDP2;TDP1;UBE2T;RAD18,0.1967741935483871
6,502,RHO GTPases Activate Formins R-HSA-5663220,50/119,6.915478528088613e-47,Signal Transduction,Reactome_2022,1.8498193593652663e-48,0.0,0.0,31.148198024881363,3423.467186856298,ERCC6L;AHCTF1;ZWILCH;BUB1B;CDC20;NUF2;KNTC1;SPDL1;KNL1;RANGAP1;CKAP5;SGO1;SGO2;KIF2A;INCENP;ZW10;KIF2C;MAPRE1;MAD1L1;ITGB3BP;MIS12;CDCA8;CENPA;SKA1;AURKB;SKA2;DSN1;BUB3;BUB1;CENPT;CENPU;RCC2;NDE1;NDC80;ZWINT;CENPE;KIF18A;CENPF;CENPH;CENPI;CENPK;CENPL;CENPM;CENPN;CENPO;CENPP;CENPQ;SPC24;MAD2L1;SPC25,0.42016806722689076
6,502,Mitotic Anaphase R-HSA-68882,65/232,4.8250223144924136e-48,Cell Cycle,Reactome_2022,1.1913635344425714e-49,0.0,0.0,17.217487222351636,1939.576985618143,AHCTF1;ERCC6L;ZWILCH;BUB1B;SMC3;LMNB1;CDC20;PTTG1;NUF2;KNTC1;SPDL1;TMPO;VRK1;KNL1;RANGAP1;SMC1A;CKAP5;SGO1;SGO2;KIF2A;ESPL1;INCENP;ZW10;KIF2C;MAPRE1;MAD1L1;ITGB3BP;CDCA5;MIS12;CDCA8;PDS5A;CENPA;SKA1;AURKB;SKA2;CCNB2;DSN1;RAD21;BUB3;BUB1;CENPT;CENPU;UBE2C;RCC2;NDE1;WAPL;ZWINT;NDC80;CENPE;CENPF;KIF18A;STAG2;CENPH;CENPI;UBE2S;CENPK;CENPL;CENPM;CENPN;CENPO;CENPP;CENPQ;SPC24;MAD2L1;SPC25,0.2801724137931034
6,502,Mitotic Metaphase And Anaphase R-HSA-2555396,66/233,4.10248803867079e-49,Cell Cycle,Reactome_2022,9.285466754193149e-51,0.0,0.0,17.52246882382025,2018.647797047627,AHCTF1;ERCC6L;ZWILCH;BUB1B;SMC3;LMNB1;CDC20;PTTG1;NUF2;KNTC1;FBXO5;SPDL1;TMPO;VRK1;KNL1;RANGAP1;SMC1A;CKAP5;SGO1;SGO2;KIF2A;ESPL1;INCENP;ZW10;KIF2C;MAPRE1;MAD1L1;ITGB3BP;CDCA5;MIS12;CDCA8;PDS5A;CENPA;SKA1;AURKB;SKA2;CCNB2;DSN1;RAD21;BUB3;BUB1;CENPT;CENPU;UBE2C;RCC2;NDE1;WAPL;ZWINT;NDC80;CENPE;CENPF;KIF18A;STAG2;CENPH;CENPI;UBE2S;CENPK;CENPL;CENPM;CENPN;CENPO;CENPP;CENPQ;SPC24;MAD2L1;SPC25,0.2832618025751073
6,502,Mitotic Spindle Checkpoint R-HSA-69618,52/110,4.62934355322731e-52,Cell Cycle,Reactome_2022,9.525398257669361e-54,0.0,0.0,38.73103448275862,4728.50287279322,ERCC6L;AHCTF1;ZWILCH;BUB1B;CDC20;NUF2;KNTC1;SPDL1;KNL1;RANGAP1;CKAP5;SGO1;SGO2;KIF2A;INCENP;ZW10;KIF2C;MAPRE1;MAD1L1;ITGB3BP;MIS12;CDCA8;CENPA;SKA1;AURKB;SKA2;DSN1;BUB3;BUB1;CENPT;CENPU;UBE2C;RCC2;NDE1;NDC80;ZWINT;CENPE;KIF18A;CENPF;CENPH;UBE2S;CENPI;CENPK;CENPL;CENPM;CENPN;CENPO;CENPP;CENPQ;SPC24;MAD2L1;SPC25,0.4727272727272727
6,502,Separation Of Sister Chromatids R-HSA-2467813,61/170,2.818489406569687e-52,Cell Cycle,Reactome_2022,5.2194248269809016e-54,0.0,0.0,24.6048180740186,3018.6964282298973,ERCC6L;AHCTF1;ZWILCH;BUB1B;SMC3;CDC20;PTTG1;NUF2;KNTC1;SPDL1;KNL1;RANGAP1;SMC1A;CKAP5;SGO1;SGO2;ESPL1;KIF2A;INCENP;ZW10;KIF2C;MAPRE1;MAD1L1;ITGB3BP;CDCA5;MIS12;CDCA8;PDS5A;CENPA;SKA1;AURKB;SKA2;DSN1;RAD21;BUB3;BUB1;CENPT;CENPU;UBE2C;RCC2;NDE1;NDC80;WAPL;ZWINT;CENPE;KIF18A;CENPF;STAG2;CENPH;UBE2S;CENPI;CENPK;CENPL;CENPM;CENPN;CENPO;CENPP;CENPQ;SPC24;MAD2L1;SPC25,0.3588235294117647
6,502,EML4 And NUDC In Mitotic Spindle Formation R-HSA-9648025,50/97,2.1024825302017042e-52,Cell Cycle,Reactome_2022,3.460876592924616e-54,0.0,0.0,45.77998493692337,5635.42793292964,ERCC6L;AHCTF1;ZWILCH;BUB1B;CDC20;NUF2;KNTC1;SPDL1;KNL1;RANGAP1;CKAP5;SGO1;SGO2;KIF2A;INCENP;ZW10;KIF2C;MAPRE1;MAD1L1;ITGB3BP;MIS12;CDCA8;CENPA;SKA1;AURKB;SKA2;DSN1;BUB3;BUB1;CENPT;CENPU;RCC2;NDE1;NDC80;ZWINT;CENPE;KIF18A;CENPF;CENPH;CENPI;CENPK;CENPL;CENPM;CENPN;CENPO;CENPP;CENPQ;SPC24;MAD2L1;SPC25,0.5154639175257731
6,502,Chromosome Maintenance R-HSA-73886,41/118,2.5408751119383993e-34,Cell Cycle,Reactome_2022,7.842207135612344e-36,0.0,0.0,22.431782967574726,1813.2404937635145,H2AX;PIF1;PRIM2;BLM;RTEL1;FEN1;PCNA;DSCC1;PRIM1;HJURP;CHTF18;CENPA;RBBP4;MIS18BP1;RUVBL2;RUVBL1;OIP5;CENPT;H2AZ1;CENPU;H2AZ2;CENPW;CENPX;SMARCA5;KNL1;TERF1;CCNA2;POLA1;SHQ1;MIS18A;CENPH;DKC1;CENPI;CENPK;CENPL;CENPM;CENPN;CENPO;CENPP;CENPQ;ITGB3BP,0.3474576271186441
6,502,DNA Replication R-HSA-69306,29/155,3.852662029201824e-16,DNA Replication,Reactome_2022,2.1403677940010134e-17,0.0,0.0,9.4262894728011,361.8089756795305,H2AX;PRIM2;FEN1;PCNA;MCM7;MCM8;PRIM1;MCM10;ORC5;ORC6;CDC45;GINS1;H2AZ1;CDT1;GINS2;H2AZ2;UBE2C;GINS3;GINS4;CDC7;CDC6;CCNA2;POLA1;DBF4;UBE2S;MCM3;MCM4;MCM5;MCM6,0.1870967741935484
6,502,Mitotic G1 Phase And G1/S Transition R-HSA-453279,28/147,8.1794709423265285e-16,Cell Cycle,Reactome_2022,4.712452394756024e-17,0.0,0.0,9.61975676346488,361.642616640805,TOP2A;PRIM2;PCNA;MCM7;MCM8;PRIM1;MCM10;CKS1B;ORC5;ORC6;CDC45;RBBP4;MYBL2;FBXO5;TK1;E2F6;CDT1;RRM2;CDC7;CDC6;DHFR;CCNA2;POLA1;DBF4;MCM3;MCM4;MCM5;MCM6,0.19047619047619047
6,502,G2/M Checkpoints R-HSA-69481,28/148,9.51655387992509e-16,Cell Cycle,Reactome_2022,5.678602109420321e-17,0.0,0.0,9.539099859353025,356.8314119974252,H2AX;MDC1;BLM;MCM7;MCM8;MCM10;PKMYT1;ORC5;CCNB2;BABAM2;HERC2;ORC6;CDC45;EXO1;NSD2;RBBP8;CLSPN;TOPBP1;GTSE1;BARD1;CDC7;CDC6;DBF4;UBE2V2;MCM3;MCM4;MCM5;MCM6,0.1891891891891892
6,502,Transcriptional Regulation By E2F6 R-HSA-8953750,13/34,9.614520403445818e-12,Gene expression (Transcription),Reactome_2022,7.715355879308372e-13,0.0,0.0,24.656831239653325,687.688728102589,SUZ12;PCGF6;L3MBTL2;CBX5;RRM2;CBX3;EED;CDC7;RAD51;RBBP4;RBBP8;E2F6;EZH2,0.38235294117647056
6,502,AURKA Activation By TPX2 R-HSA-8854518,18/72,1.751470665705195e-12,Cell Cycle,Reactome_2022,1.3694626604279306e-13,0.0,0.0,13.391184573002755,396.6360102593373,CEP57;PLK4;CEP135;CETN2;CEP152;NDE1;HAUS4;HAUS3;HAUS6;HMMR;TUBG1;CKAP5;HAUS1;AURKA;TPX2;NEK2;MAPRE1;CEP76,0.25
6,502,Activation Of ATR In Response To Replication Stress R-HSA-176187,14/36,9.89576807434848e-13,Cell Cycle,Reactome_2022,7.533815200635673e-14,0.0,0.0,25.397168405365125,767.4208972306577,MCM7;MCM8;MCM10;CDC7;CDC6;ORC5;CDC45;ORC6;DBF4;MCM3;MCM4;MCM5;CLSPN;MCM6,0.3888888888888889
6,502,Cell cycle,34/124,3.611807546787386e-24,Cell growth and death,KEGG_2021_Human,5.472435676950585e-26,0.0,0.0,15.6664767331434,911.279607112055,PCNA;MCM7;BUB1B;TTK;SMC3;PKMYT1;CDC20;ORC5;CCNB2;ORC6;CDC45;PTTG1;ORC1;PTTG2;RAD21;ORC2;BUB3;BUB1;CDC7;CDC6;SMC1A;SMC1B;CCNA2;STAG1;STAG2;DBF4;ESPL1;MCM3;MCM4;MCM5;MCM6;MAD1L1;MCM2;MAD2L1,0.27419354838709675
6,502,DNA replication,15/36,9.098293086513685e-14,Replication and repair,KEGG_2021_Human,2.757058511064753e-15,0.0,0.0,28.56702845409211,957.6985460695032,PRIM2;FEN1;RNASEH2B;PCNA;RNASEH2A;MCM7;PRIM1;POLA1;RNASEH1;MCM3;MCM4;MCM5;MCM6;SSBP1;MCM2,0.4166666666666667
6,502,Fanconi anemia pathway,16/54,3.7760390546208595e-12,Replication and repair,KEGG_2021_Human,1.7163813884640273e-13,0.0,0.0,16.859432531947153,495.5558415038431,FANCI;BLM;CENPX;FANCM;POLN;FANCA;FAAP24;BRCA2;MLH1;FANCG;RAD51C;RAD51;UBE2T;USP1;POLH;CENPS,0.2962962962962963
6,502,Homologous recombination,11/41,5.895344537148594e-08,Replication and repair,KEGG_2021_Human,3.572936083120359e-09,0.0,0.0,14.538221317040056,282.7666330893889,BARD1;BABAM2;BLM;RAD51;RAD51C;RBBP8;RAD54L;TOPBP1;SSBP1;BRCA2;RAD54B,0.2682926829268293
6,502,Mismatch repair,8/23,6.921624310250664e-07,Replication and repair,KEGG_2021_Human,5.2436547804929275e-08,0.0,0.0,21.03427800269905,352.6115270942339,MSH6;PCNA;MSH2;EXO1;MSH3;SSBP1;MLH1;MLH3,0.34782608695652173
6,502,Oocyte meiosis,15/129,9.576600281595355e-06,Cell growth and death,KEGG_2021_Human,8.706000255995777e-07,0.0,0.0,5.237220360964011,73.08060854062596,SMC3;PKMYT1;SMC1A;SMC1B;AURKA;CDC20;SGO1;CCNB2;PTTG1;ESPL1;PTTG2;FBXO5;BUB1;MAD1L1;MAD2L1,0.11627906976744186
6,502,Reproduction R-HSA-1474165,22/113,9.400008682159605e-13,Reproduction,Reactome_2022,6.962969394192302e-14,0.0,0.0,9.774587912087911,296.1268616817624,H2AX;H2AZ1;H2AZ2;BLM;MND1;SMC3;BRCA2;SMC1A;TERF1;MLH1;MLH3;LMNB1;SMC1B;PSMC3IP;SYCE2;STAG2;RAD51C;RAD51;MSH4;RAD21;MSH5;RBBP8,0.19469026548672566
6,502,Extension Of Telomeres R-HSA-180786,16/50,6.101652317668026e-13,Cell Cycle,Reactome_2022,4.394194055933763e-14,0.0,0.0,18.846768336964416,579.649457333535,PIF1;PRIM2;FEN1;BLM;RTEL1;PCNA;DSCC1;PRIM1;CHTF18;TERF1;CCNA2;POLA1;SHQ1;DKC1;RUVBL2;RUVBL1,0.32
6,502,Synthesis Of DNA R-HSA-69239,23/119,3.152455442978071e-13,Cell Cycle,Reactome_2022,2.205421503317992e-14,0.0,0.0,9.70437543493389,305.1567314816658,GINS1;CDT1;PRIM2;GINS2;FEN1;PCNA;MCM7;UBE2C;MCM8;PRIM1;GINS3;GINS4;CDC6;ORC5;CCNA2;POLA1;ORC6;CDC45;UBE2S;MCM3;MCM4;MCM5;MCM6,0.19327731092436976
6,502,Mitotic G2-G2/M Phases R-HSA-453274,29/184,3.705139643857338e-14,Cell Cycle,Reactome_2022,2.515835560643872e-15,0.0,0.0,7.651190070244834,257.2037169351699,CEP57;CETN2;HMMR;PKMYT1;FOXM1;AURKA;CCNB2;RBBP4;NEK2;MYBL2;GTSE1;CEP76;PLK4;BORA;CEP135;CEP152;NDE1;HAUS4;HAUS3;HAUS6;TUBG1;CKAP5;MZT1;HAUS1;CCNA2;TPX2;CENPF;TUBGCP3;MAPRE1,0.15760869565217392
6,502,G2/M Transition R-HSA-69275,29/182,2.8374254391577554e-14,Cell Cycle,Reactome_2022,1.8682636636429666e-15,0.0,0.0,7.752007074852492,262.8997610793889,CEP57;CETN2;HMMR;PKMYT1;FOXM1;AURKA;CCNB2;RBBP4;NEK2;MYBL2;GTSE1;CEP76;PLK4;BORA;CEP135;CEP152;NDE1;HAUS4;HAUS3;HAUS6;TUBG1;CKAP5;MZT1;HAUS1;CCNA2;TPX2;CENPF;TUBGCP3;MAPRE1,0.15934065934065933
6,502,Meiosis R-HSA-1500620,22/88,4.029856375732987e-15,Cell Cycle,Reactome_2022,2.570484519500465e-16,0.0,0.0,13.494444444444444,484.41367628846587,H2AX;H2AZ1;H2AZ2;BLM;MND1;BRCA2;SMC3;SMC1A;TERF1;MLH1;MLH3;LMNB1;SMC1B;PSMC3IP;SYCE2;RAD51C;RAD51;STAG2;MSH4;RAD21;MSH5;RBBP8,0.25
6,502,G1/S Transition R-HSA-69206,26/129,2.387161758933413e-15,Cell Cycle,Reactome_2022,1.4735566413169218e-16,0.0,0.0,10.285347148568166,374.938779618086,PRIM2;PCNA;MCM7;MCM8;PRIM1;MCM10;CKS1B;ORC5;ORC6;CDC45;RBBP4;FBXO5;TK1;E2F6;CDT1;RRM2;CDC7;CDC6;DHFR;CCNA2;POLA1;DBF4;MCM3;MCM4;MCM5;MCM6,0.20155038759689922
6,502,Mismatch Repair R-HSA-5358508,6/15,6.01161023459449e-06,DNA Repair,Reactome_2022,1.0019350390990815e-06,0.0,0.0,26.19489247311828,361.84517436456673,MSH6;PCNA;MSH2;EXO1;MSH3;MLH1,0.4
6,502,Polo-like Kinase Mediated Events R-HSA-156711,6/16,9.188007953849948e-06,Cell Cycle,Reactome_2022,1.5691453912953614e-06,0.0,0.0,23.574193548387097,315.0686117013003,CCNB2;CENPF;RBBP4;MYBL2;FOXM1;PKMYT1,0.375
7,565,Neuroactive ligand-receptor interaction,73/341,3.4000744522524246e-41,Signaling molecules and interaction,KEGG_2021_Human,4.047707681252887e-43,0.0,0.0,10.611508008736804,1035.8212191465932,UCN;OXTR;VIPR1;VIPR2;SCT;NPY2R;MLNR;PTH1R;TRH;RXFP1;BRS3;EDNRA;EDNRB;CCKAR;UCN3;GRM6;GRM8;ADORA1;PRLHR;GHSR;PTGIR;AVPR1B;EDN3;NPY5R;GRID1;GLP2R;TACR2;NPY1R;TACR3;PTH2R;AVPR1A;TACR1;SSTR1;SSTR2;SSTR4;TRHR;GIP;ADORA2A;APLNR;OPRD1;PTGFR;ADCYAP1R1;CALCRL;GRP;NPY4R;PTGER3;OPRL1;GPR83;PTH2;MCHR1;CRHR1;GHRHR;CALCR;GALR3;GALR2;TBXA2R;CNR1;P2RY2;PENK;KISS1R;TAC3;TAC1;NTSR1;NTSR2;GABBR2;GABBR1;GCGR;SCTR;GPR50;HCRTR1;PYY;MC1R;MC5R,0.21407624633431085
7,565,Voltage-Gated Monoatomic Cation Channel Activity (GO:0022843),17/76,6.112757030988283e-10,transporter activity,GO_Molecular_Function_2023,2.9874376467235976e-11,0.0,0.0,10.187801558827168,246.89138650122544,HCN4;KCNH3;LRRC26;KCNC1;KCND2;KCNC2;KCND3;KCNC3;KCNH8;KCNC4;KCNA6;KCNV1;KCNS2;KCNQ1;KCNS3;KCNQ3;HCN2,0.2236842105263158
7,565,GPCR Ligand Binding R-HSA-500792,81/458,6.834652212706311e-39,Signal Transduction,Reactome_2022,2.9333271299168715e-41,0.0,0.0,8.460102593331433,789.5801186659138,UCN;OXTR;VIPR1;VIPR2;SCT;NPY2R;MLNR;RRH;PTH1R;TRH;RXFP1;BRS3;HEBP1;EDNRA;EDNRB;CCKAR;UCN3;GRM6;GPER1;GRM8;ADORA1;FFAR4;PRLHR;QRFPR;GPR39;GHSR;PTGIR;AVPR1B;EDN3;NPY5R;GLP2R;TACR2;NPY1R;TACR3;GPBAR1;PTH2R;TACR1;GPR37L1;AVPR1A;SSTR1;SSTR2;SSTR4;TRHR;ADORA2A;APLNR;RGR;OPRD1;PTGFR;ADCYAP1R1;PLPPR1;CALCRL;SUCNR1;PLPPR3;PLPPR5;PTGER3;OPRL1;PTH2;MCHR1;CRHR1;GHRHR;CALCR;GALR3;GALR2;TBXA2R;P2RY2;PENK;KISS1R;TAC3;TAC1;GPHA2;NTSR1;NTSR2;GABBR2;GPR55;SCTR;GPR4;HCRTR1;PYY;GPR143;MC1R;MC5R,0.17685589519650655
7,565,Delayed Rectifier Potassium Channel Activity (GO:0005251),11/28,2.190976734649609e-09,transporter activity,GO_Molecular_Function_2023,1.1531456498155835e-10,0.0,0.0,22.67976215757061,518.9891026125225,KCNG3;KCNC1;KCNC2;KCNB1;KCNC3;KCNQ1;KCNS3;KCNC4;KCNA5;KCNA6;KCNH1,0.39285714285714285
7,565,Inorganic Cation Transmembrane Transport (GO:0098662),33/284,9.950445415734663e-10,None,GO_Biological_Process_2023,6.27568386416342e-12,0.0,0.0,4.740975945840697,122.29033909991048,HCN4;KCNG3;KCNC1;KCNC2;KCNC3;KCNC4;KCNA5;KCNA6;SLC6A1;KCNV1;KCNH1;LRRC26;KCNH3;KCND2;KCNH6;KCNB1;KCNH7;ABCC8;KCNK12;KCNH8;KCNK15;SLC6A11;OTOP1;OTOP2;OTOP3;SLC9A2;SLC9A3;KCNS2;KCNQ1;KCNS3;KCNQ3;HCN2;KCNK3,0.11619718309859155
7,565,Monoatomic Cation Transmembrane Transport (GO:0098655),33/281,8.351451415655297e-10,localization,GO_Biological_Process_2023,4.6819629520141824e-12,0.0,0.0,4.799076825127335,125.19497442354586,HCN4;KCNG3;KCNC1;KCNC2;KCNC3;KCNC4;KCNA5;KCNA6;SLC6A1;KCNV1;KCNH1;LRRC26;KCNH3;KCND2;KCNH6;KCNB1;KCNH7;ABCC8;KCNK12;KCNH8;KCNK15;SLC6A11;OTOP1;OTOP2;OTOP3;SLC9A2;SLC9A3;KCNS2;KCNQ1;KCNS3;KCNQ3;HCN2;KCNK3,0.11743772241992882
7,565,Adenylate Cyclase-Activating G Protein-Coupled Receptor Signaling Pathway (GO:0007189),21/110,7.5722437406676e-10,cellular process,GO_Biological_Process_2023,3.714485366830638e-12,0.0,0.0,8.39115168539326,220.8448833425697,PTGFR;PTGIR;CALCRL;GPR26;GCGR;PTGER3;GPR4;PTH1R;CRHR1;GIP;GHRHR;CALCR;MC1R;UCN3;ADORA2A;TBXA2R;GPER1;MC5R;GPR101;GPHA2;ADGRL3,0.19090909090909092
7,565,Neuropeptide Signaling Pathway (GO:0007218),20/68,4.1561084452369626e-13,cellular process,GO_Biological_Process_2023,1.747487783561442e-15,0.0,0.0,14.821865443425075,503.65583924657113,OPRD1;GRP;NXPH4;ECEL1;OPRL1;SORCS1;GPR83;SSTR1;SORCS3;SSTR2;MCHR1;SSTR4;HCRTR1;PYY;GALR3;GALR2;PENK;KISS1R;NTSR1;NTSR2,0.29411764705882354
7,565,Potassium Channel Activity (GO:0005267),21/79,7.361632366424666e-14,transporter activity,GO_Molecular_Function_2023,3.321037157785563e-15,0.0,0.0,12.89671019269777,429.9569632652728,HCN4;KCNH3;LRRC26;KCNC1;KCND2;KCNC2;KCND3;KCNC3;KCNH8;KCNK12;KCNC4;KCNK15;KCNA6;KCNV1;KCNT1;KCNS2;KCNQ1;KCNS3;KCNQ3;HCN2;KCNK3,0.26582278481012656
7,565,Potassium Channel Complex (GO:0034705),22/81,2.8999696181116564e-14,protein-containing complex,GO_Cellular_Component_2023,4.393893360775237e-16,0.0,0.0,13.305615382214317,470.50180526990977,DPP10;LRRC26;KCNG3;KCNC1;KCND2;KCNC2;ABCC8;KCND3;KCNB1;KCNC3;KCNC4;KCNAB1;KCNA5;KCNA6;KCNV1;DPP6;KCNS2;KCNQ1;KCNS3;KCNQ3;HCN2;KCNH1,0.2716049382716049
7,565,Voltage-Gated Potassium Channel Complex (GO:0008076),22/73,4.935864171246663e-15,protein-containing complex,GO_Cellular_Component_2023,3.739291038823229e-17,0.0,0.0,15.399126132957788,582.4727243934576,DPP10;HCN4;LRRC26;KCNG3;KCNC1;KCND2;KCNC2;KCND3;KCNB1;KCNC3;KCNC4;KCNAB1;KCNA5;KCNA6;KCNV1;DPP6;KCNS2;KCNQ1;KCNS3;KCNQ3;HCN2;KCNH1,0.3013698630136986
7,565,Potassium Ion Transmembrane Transport (GO:0071805),29/137,4.2015269035466816e-15,localization,GO_Biological_Process_2023,1.4721537854052844e-17,0.0,0.0,9.682196655610834,375.2550267581335,HCN4;KCNG3;KCNC1;KCNC2;KCNC3;KCNC4;KCNA5;KCNA6;KCNV1;KCNH1;KCNH3;LRRC26;KCNH6;KCND2;KCNH7;ABCC8;KCND3;KCNB1;KCNH8;KCNK12;KCNK15;SLC9A2;SLC9A3;KCNS2;KCNQ1;KCNS3;KCNQ3;HCN2;KCNK3,0.2116788321167883
7,565,Voltage-Gated Potassium Channel Activity (GO:0005249),24/80,3.696828934957388e-17,transporter activity,GO_Molecular_Function_2023,1.5287638452831304e-18,0.0,0.0,15.351729601267492,629.7597602410083,HCN4;KCNH3;LRRC26;KCNG3;KCNC1;KCND2;KCNH6;KCNC2;KCND3;KCNH7;KCNB1;KCNC3;KCNH8;KCNC4;KCNA5;KCNA6;KCNV1;KCNT1;KCNS2;KCNQ1;KCNS3;KCNQ3;HCN2;KCNH1,0.3
7,565,Potassium Ion Transport (GO:0006813),30/122,2.005331341495465e-17,localization,GO_Biological_Process_2023,4.2158332336975433e-20,0.0,0.0,11.789719626168225,525.9730475159436,HCN4;KCNG3;KCNC1;KCNC2;KCNC3;KCNC4;KCNA5;KCNA6;KCNV1;KCNH1;KCNH3;LRRC26;KCNH6;KCND2;KCNH7;ABCC8;KCND3;KCNB1;KCNH8;KCNK12;KCNK15;KCNAB1;SLC9A2;SLC9A3;KCNS2;KCNQ1;KCNS3;KCNQ3;HCN2;KCNK3,0.2459016393442623
7,565,Transcription Cis-Regulatory Region Binding (GO:0000976),56/474,2.308712448965491e-18,binding,GO_Molecular_Function_2023,8.679370108892824e-20,0.0,0.0,5.005367499835497,219.6893481186898,BARHL1;MESP1;BARHL2;HMX3;TCF21;SIX1;OTP;HOXC13;HOXC10;FERD3L;DMBX1;SOX18;FOXD3;TCF15;ESX1;ISL1;PAX2;ISL2;LMX1A;HAND1;HOXB1;LMX1B;HOXB8;HMX2;HMX1;CASZ1;ASCL4;GATA5;BARX1;ASCL2;NPAS1;BARX2;GBX1;ALX3;NKX2-1;ALX1;BHLHA9;CDX2;TFAP2E;CDX1;FOXJ1;FOXN4;SCRT1;PHOX2B;PHOX2A;LHX2;LHX6;HOXD4;LHX5;SIM1;HOXD9;SIM2;HOXD8;VSX1;LHX8;VSX2,0.11814345991561181
7,565,Adenylate Cyclase-Modulating G Protein-Coupled Receptor Signaling Pathway (GO:0007188),36/163,2.616775378684552e-19,cellular process,GO_Biological_Process_2023,3.667519801940506e-22,0.0,0.0,10.346188767991904,510.6605265643,PTGFR;VIPR1;ADCYAP1R1;VIPR2;CALCRL;GPR26;PTGER3;OPRL1;PTH1R;MCHR1;CRHR1;GHRHR;CALCR;GALR3;UCN3;GALR2;TBXA2R;CNR1;GPER1;GRM8;GPHA2;GABBR2;PTGIR;GABBR1;GCGR;GLP2R;NPY1R;SCTR;PTH2R;GPR4;GPR37L1;GIP;MC1R;ADORA2A;MC5R;ADGRL3,0.22085889570552147
7,565,Neuropeptide Receptor Activity (GO:0008188),20/36,1.1993131936572207e-20,molecular transducer activity,GO_Molecular_Function_2023,3.606956973405175e-22,0.0,0.0,44.53899082568808,2199.0684703059824,NPY5R;NPY2R;NPY1R;TACR2;TACR3;GPR83;SORCS1;SSTR1;TACR1;SORCS3;SSTR2;MCHR1;SSTR4;GPR143;GALR3;GALR2;KISS1R;PRLHR;NTSR1;NTSR2,0.5555555555555556
7,565,G Protein-Coupled Peptide Receptor Activity (GO:0008528),32/77,7.108571595690257e-28,molecular transducer activity,GO_Molecular_Function_2023,1.6034372020353964e-29,0.0,0.0,25.8695017719408,1715.2208708529904,OPRD1;OXTR;VIPR1;VIPR2;MLNR;OPRL1;GPR83;PTH1R;MCHR1;CRHR1;BRS3;GHRHR;EDNRA;CCKAR;EDNRB;KISS1R;PRLHR;AVPR1B;GPR32;GCGR;GLP2R;NPY1R;SCTR;PTH2R;SORCS1;AVPR1A;GPR37L1;SORCS3;HCRTR1;MC1R;MC5R;APLNR,0.4155844155844156
7,565,G Protein-Coupled Receptor Activity (GO:0004930),57/250,1.3489850293854446e-33,molecular transducer activity,GO_Molecular_Function_2023,2.535686145461362e-35,0.0,0.0,11.18675288645914,891.1368913882449,GPR27;VIPR1;VIPR2;GPR26;MLNR;RRH;PTH1R;GPR62;RXFP1;GPR174;GRM6;GPER1;GRM8;FFAR4;ADORA1;PRLHR;QRFPR;GPR39;GHSR;GPR32;GLP2R;GPBAR1;PTH2R;GPR37L1;TRHR;ADORA2A;APLNR;RGR;OPRD1;ADCYAP1R1;CALCRL;GPR45;NPY4R;GPR88;OPRL1;GPR83;MCHR1;CRHR1;GHRHR;CNR1;GPR150;KISS1R;NTSR1;NTSR2;GABBR2;GABBR1;GPR55;SCTR;GPR4;GPR50;GPR6;HCRTR1;GPR143;MC1R;GPR101;LGR5;ADGRL3,0.228
7,565,RNA Polymerase II Transcription Regulatory Region Sequence-Specific DNA Binding (GO:0000977),123/1225,1.8004602536225582e-34,binding,GO_Molecular_Function_2023,2.707459028003847e-36,0.0,0.0,4.629507436089052,379.1430148424219,FOXI2;OTP;DACH2;SOX21;FERD3L;SOX1;SOX18;NKX1-2;GSC2;PITX1;PKNOX2;PITX3;NKX2-8;NKX6-2;ESX1;SOX14;TBR1;OVOL1;POU3F1;ISL1;POU3F4;LMX1A;HOXB1;LMX1B;HOXB8;HOXB7;HOXB6;DLX1;CASZ1;DLX3;DLX4;HOXD1;GATA5;HOXB13;NPAS1;NKX2-1;HOXC5;ALX3;HOXC4;ALX1;OTX1;HOXC9;NKX2-4;NKX2-3;BHLHA9;TFAP2E;EVX1;PHOX2B;SCRT1;PHOX2A;TLX3;LHX2;TLX2;LHX6;ZNF536;HOXD4;LHX5;MKX;SIM1;HOXD9;SIM2;HOXD8;LHX8;VSX2;BARHL1;MESP1;HMX3;BARHL2;FOXE3;ONECUT2;FOXE1;TCF21;SIX1;HOXC13;HOXC11;HOXC10;DMBX1;SIX6;SIX2;FOXD4;FOXD3;EMX2;FOXD2;TCF15;EN2;EN1;FOXL1;PAX2;PAX1;DMRTA2;PAX7;PAX9;HAND1;FOXD4L3;FOXD4L1;HMX2;HMX1;ASCL4;HOXD13;HOXD11;BARX1;ASCL2;HOXD10;BARX2;GBX1;HSF4;HES2;TBX1;IRX1;FOXB2;FOXB1;SKOR1;GSX1;CDX2;DMRT2;CDX1;IRX4;FOXJ1;DMRT3;VAX1;VAX2;POU4F3;INSM2,0.10040816326530612
7,565,Sequence-Specific DNA Binding (GO:0043565),108/717,2.7001681978595803e-46,binding,GO_Molecular_Function_2023,3.045302478789e-48,0.0,0.0,7.305472615364716,799.2952963853078,FERD3L;SOX18;GSC2;PITX1;MNX1;PKNOX2;PITX3;NKX2-8;NKX6-2;ESX1;SOX14;OVOL1;POU3F1;ISL1;POU3F4;ISL2;LMX1A;HOXB1;LMX1B;HOXB8;HOXB7;HOXB6;DLX1;DLX3;DLX4;HOXD1;FOXG1;GATA5;BHLHE23;HOXB13;NEUROD2;ALX3;HOXC4;ALX1;OTX1;HOXC9;NKX2-3;TFAP2E;EVX1;PHOX2B;SCRT1;PHOX2A;TLX3;TLX2;FEV;LHX6;HOXD4;LHX5;HOXD9;HOXD8;VSX1;LHX8;VSX2;BARHL1;BARHL2;FOXE3;ONECUT2;FOXE1;TCF21;SIX1;HOXC13;HOXC12;HOXC11;HOXC10;DMBX1;SIX6;SIX2;FOXD4;FOXD3;EMX2;FOXD2;OLIG3;EN2;EN1;FOXL1;OLIG2;PAX2;PAX1;DMRTA2;PAX7;PAX9;HMX2;HMX1;HOXD13;HOXD12;HOXD11;ASCL2;HOXD10;BARX2;HSF4;SHOX;HES2;ATOH1;TBX1;IRX1;FOXB1;SKOR1;GSX1;CDX2;CDX1;GSX2;UNCX;DMRT3;VAX1;LBX1;VAX2;POU4F3;NEUROG1,0.1506276150627615
7,565,Sequence-Specific Double-Stranded DNA Binding (GO:1990837),109/715,4.1309135290847587e-47,binding,GO_Molecular_Function_2023,3.10595002186824e-49,0.0,0.0,7.42704895489549,829.5519778139897,FERD3L;SOX18;GSC2;PITX1;MNX1;PKNOX2;PITX3;NKX2-8;NKX6-2;ESX1;SOX14;OVOL1;POU3F1;ISL1;POU3F4;ISL2;LMX1A;HOXB1;LMX1B;HOXB8;HOXB7;HOXB6;DLX1;DLX3;DLX4;HOXD1;FOXG1;GATA5;BHLHE23;HOXB13;NEUROD2;NKX2-1;ALX3;HOXC4;ALX1;OTX1;HOXC9;NKX2-3;TFAP2E;EVX1;PHOX2B;SCRT1;PHOX2A;TLX3;TLX2;FEV;LHX6;HOXD4;LHX5;HOXD9;HOXD8;VSX1;LHX8;VSX2;BARHL1;MESP1;BARHL2;ONECUT2;FOXE1;TCF21;SIX1;HOXC13;HOXC12;HOXC11;HOXC10;DMBX1;SIX6;SIX2;FOXD3;EMX2;FOXD2;OLIG3;EN2;EN1;OLIG2;PAX2;PAX1;DMRTA2;PAX7;PAX9;HAND1;HMX2;HMX1;HOXD13;HOXD12;HOXD11;ASCL2;HOXD10;BARX2;HSF4;SHOX;HES2;ATOH1;TBX1;IRX1;FOXB1;SKOR1;GSX1;CDX2;CDX1;GSX2;UNCX;FOXJ1;DMRT3;VAX1;LBX1;VAX2;POU4F3;NEUROG1,0.15244755244755245
7,565,Generation Of Neurons (GO:0048699),25/172,2.639879703096125e-09,cellular process,GO_Biological_Process_2023,1.8499507379790647e-11,0.0,0.0,6.074577979339884,150.1227283363549,SIX1;OTP;CELSR1;ASCL2;IRX1;EMX2;GSX1;IRX4;EN2;EN1;VAX1;VAX2;PHOX2B;NELL1;LMX1A;LHX2;TAFA3;LHX6;LHX5;INSM2;LMX1B;ASTN2;ASTN1;LHX8;ADGRL3,0.14534883720930233
7,565,Double-Stranded DNA Binding (GO:0003690),105/650,2.085972395391093e-47,binding,GO_Molecular_Function_2023,7.842001486432682e-50,0.0,0.0,7.911647387315517,894.5680756895194,FERD3L;SOX18;GSC2;PITX1;MNX1;PKNOX2;PITX3;NKX2-8;NKX6-2;ESX1;SOX14;OVOL1;POU3F1;ISL1;POU3F4;ISL2;LMX1A;HOXB1;LMX1B;HOXB8;HOXB7;HOXB6;DLX1;DLX3;DLX4;HOXD1;FOXG1;GATA5;BHLHE23;HOXB13;NEUROD2;ALX3;HOXC4;ALX1;OTX1;HOXC9;NKX2-3;TFAP2E;EVX1;PHOX2B;SCRT1;PHOX2A;TLX3;TLX2;FEV;LHX6;HOXD4;LHX5;HOXD9;HOXD8;VSX1;LHX8;VSX2;BARHL1;BARHL2;ONECUT2;FOXE1;TCF21;SIX1;HOXC13;HOXC12;HOXC11;HOXC10;DMBX1;SIX6;SIX2;FOXD3;EMX2;FOXD2;OLIG3;EN2;EN1;OLIG2;PAX2;PAX1;DMRTA2;PAX7;PAX9;HMX2;HMX1;HOXD13;HOXD12;HOXD11;ASCL2;HOXD10;BARX2;HSF4;SHOX;HES2;ATOH1;TBX1;IRX1;FOXB1;SKOR1;GSX1;CDX2;CDX1;GSX2;UNCX;DMRT3;VAX1;LBX1;VAX2;POU4F3;NEUROG1,0.16153846153846155
7,565,Neuron Differentiation (GO:0030182),25/173,2.7323443210361387e-09,cellular process,GO_Biological_Process_2023,2.10622197136633e-11,0.0,0.0,6.0332207207207205,148.31792421542409,OTP;BHLHE23;ASCL2;ATOH1;PITX3;IRX1;EMX2;GSX1;IRX4;EN2;EN1;FOXN4;VAX1;VAX2;PHOX2B;PHOX2A;ISL2;LMX1A;LHX2;LHX6;LHX5;INSM2;LMX1B;VSX1;LHX8,0.14450867052023122
7,565,Embryonic Organ Morphogenesis (GO:0048562),12/44,2.5289793439475374e-07,developmental process,GO_Biological_Process_2023,2.126681999114958e-09,0.0,0.0,13.15754972875226,262.7392003553079,TBX1;MESP1;FOXE1;SIX2;SIX1;TCF21;HOXC4;ALX1;HOXD4;HOXC9;DSCAML1;HOXD9,0.2727272727272727
7,565,Signaling By GPCR R-HSA-372790,92/689,1.7599924273817254e-34,Signal Transduction,Reactome_2022,1.5107231136323825e-36,0.0,0.0,6.13743842538981,506.2188361698803,GPR27;UCN;GPR25;VIPR1;OXTR;VIPR2;SCT;NPY2R;MLNR;RRH;PTH1R;TRH;RXFP1;BRS3;HEBP1;EDNRA;EDNRB;CCKAR;UCN3;GRM6;GPER1;GRM8;ADORA1;FFAR4;PRLHR;PDE8B;QRFPR;GPR39;GHSR;PTGIR;AVPR1B;EDN3;NPY5R;GPR32;GLP2R;TACR2;NPY1R;TACR3;GPBAR1;PTH2R;TACR1;GPR37L1;AVPR1A;SSTR1;SSTR2;SSTR4;TRHR;ADORA2A;APLNR;RGR;OPRD1;PTGFR;RGS17;ADCYAP1R1;PLPPR1;CALCRL;SUCNR1;GPR45;PLPPR3;PLPPR5;PTGER3;OPRL1;GPR83;PTH2;MCHR1;CRHR1;GHRHR;CALCR;GALR3;GALR2;TBXA2R;GPR150;P2RY2;PENK;KISS1R;TAC3;RGS22;TAC1;GPHA2;NTSR1;NTSR2;GABBR2;GPR55;SCTR;GPR4;HCRTR1;PYY;GPR143;MC1R;PDE10A;MC5R;PDE7B,0.13352685050798258
7,565,GPCR Downstream Signaling R-HSA-388396,86/619,1.4529417092794762e-33,Signal Transduction,Reactome_2022,1.8707403982139176e-35,0.0,0.0,6.367126635775752,509.1418309619215,GPR27;GPR25;VIPR1;OXTR;VIPR2;SCT;NPY2R;MLNR;RRH;PTH1R;TRH;RXFP1;BRS3;HEBP1;EDNRA;EDNRB;CCKAR;GRM6;GPER1;GRM8;ADORA1;FFAR4;PDE8B;QRFPR;GPR39;GHSR;PTGIR;AVPR1B;EDN3;NPY5R;GPR32;GLP2R;TACR2;NPY1R;TACR3;GPBAR1;PTH2R;TACR1;GPR37L1;AVPR1A;SSTR1;SSTR2;SSTR4;TRHR;ADORA2A;APLNR;RGR;OPRD1;PTGFR;RGS17;ADCYAP1R1;CALCRL;SUCNR1;GPR45;PTGER3;OPRL1;GPR83;PTH2;MCHR1;CRHR1;GHRHR;CALCR;GALR3;GALR2;TBXA2R;GPR150;P2RY2;PENK;KISS1R;TAC3;RGS22;TAC1;GPHA2;NTSR1;NTSR2;GABBR2;GPR55;SCTR;GPR4;HCRTR1;PYY;GPR143;MC1R;PDE10A;MC5R;PDE7B,0.13893376413570274
7,565,Class A/1 (Rhodopsin-like Receptors) R-HSA-373076,63/327,1.2855358649287584e-32,Signal Transduction,Reactome_2022,2.206928523482847e-34,0.0,0.0,9.113342086200651,706.250214134442,OXTR;NPY2R;MLNR;RRH;TRH;RXFP1;BRS3;HEBP1;EDNRA;EDNRB;CCKAR;GPER1;FFAR4;ADORA1;PRLHR;QRFPR;GPR39;GHSR;PTGIR;AVPR1B;EDN3;NPY5R;TACR2;NPY1R;GPBAR1;TACR3;GPR37L1;AVPR1A;TACR1;SSTR1;SSTR2;SSTR4;TRHR;ADORA2A;APLNR;RGR;OPRD1;PTGFR;PLPPR1;SUCNR1;PLPPR3;PLPPR5;PTGER3;OPRL1;MCHR1;GALR3;GALR2;TBXA2R;P2RY2;PENK;KISS1R;TAC3;TAC1;GPHA2;NTSR1;NTSR2;GPR55;GPR4;HCRTR1;PYY;GPR143;MC1R;MC5R,0.1926605504587156
7,565,Peptide Ligand-Binding Receptors R-HSA-375276,43/196,1.8451751351447448e-24,Signal Transduction,Reactome_2022,3.959603294302027e-26,0.0,0.0,10.3814639521198,607.2229199406715,OPRD1;OXTR;NPY2R;MLNR;OPRL1;TRH;RXFP1;MCHR1;BRS3;HEBP1;EDNRA;EDNRB;CCKAR;GALR3;GALR2;GPER1;PENK;KISS1R;PRLHR;TAC3;TAC1;QRFPR;NTSR1;NTSR2;GHSR;AVPR1B;EDN3;NPY5R;TACR2;NPY1R;TACR3;GPR37L1;AVPR1A;TACR1;SSTR1;SSTR2;SSTR4;TRHR;HCRTR1;PYY;MC1R;MC5R;APLNR,0.2193877551020408
7,565,Voltage Gated Potassium Channels R-HSA-1296072,21/43,4.6957775175992505e-20,Neuronal System,Reactome_2022,1.209213094660751e-21,0.0,0.0,34.06358622994652,1640.649370098646,KCNH3;KCNG3;KCNC1;KCND2;KCNH6;KCNC2;KCNB1;KCND3;KCNH7;KCNC3;KCNH8;KCNC4;KCNA5;KCNAB1;KCNA6;KCNV1;KCNS2;KCNQ1;KCNS3;KCNQ3;KCNH1,0.4883720930232558
7,565,G Alpha (S) Signaling Events R-HSA-418555,31/153,1.4123845330861296e-16,Signal Transduction,Reactome_2022,4.243215335451891e-18,0.0,0.0,9.189890710382514,367.6067514749321,GPR27;VIPR1;ADCYAP1R1;GPR25;VIPR2;CALCRL;GPR45;SCT;GPR83;PTH1R;PTH2;RXFP1;CRHR1;GHRHR;CALCR;GPER1;GPR150;PDE8B;GPHA2;GPR39;PTGIR;GPR32;GLP2R;SCTR;GPBAR1;PTH2R;MC1R;PDE10A;ADORA2A;MC5R;PDE7B,0.20261437908496732
7,565,Potassium Channels R-HSA-1296071,26/102,1.5008539226991492e-16,Neuronal System,Reactome_2022,5.153146515705233e-18,0.0,0.0,12.2872278097842,489.1167457064788,HCN4;KCNG3;KCNC1;KCNC2;KCNC3;KCNC4;KCNA5;KCNA6;KCNV1;KCNH1;KCNH3;GABBR2;KCNH6;KCND2;KCNH7;ABCC8;KCND3;KCNB1;KCNH8;KCNAB1;KCNS2;KCNQ1;KCNS3;KCNQ3;HCN2;KCNK3,0.2549019607843137
7,565,ADORA2B Mediated Anti-Inflammatory Cytokine Production R-HSA-9660821,27/131,1.0294784259232681e-14,Disease,Reactome_2022,3.9765261087164844e-16,0.0,0.0,9.328299256505575,330.79038044852683,GPR27;VIPR1;ADCYAP1R1;GPR25;VIPR2;CALCRL;GPR45;SCT;GPR83;PTH1R;PTH2;RXFP1;CRHR1;GHRHR;CALCR;GPR150;GPHA2;GPR39;PTGIR;GPR32;GLP2R;SCTR;GPBAR1;PTH2R;MC1R;ADORA2A;MC5R,0.20610687022900764
7,565,G Alpha (Q) Signaling Events R-HSA-416476,31/212,1.3408810996999853e-12,Signal Transduction,Reactome_2022,5.754854505150153e-14,0.0,0.0,6.175367806816065,188.26317408181305,PTGFR;RGS17;OXTR;MLNR;TRH;MCHR1;BRS3;EDNRA;EDNRB;CCKAR;TBXA2R;P2RY2;FFAR4;KISS1R;TAC3;TAC1;QRFPR;NTSR1;NTSR2;GPR39;GHSR;AVPR1B;EDN3;TACR2;TACR3;GPR4;AVPR1A;TACR1;TRHR;HCRTR1;GPR143,0.14622641509433962
7,565,Neuropeptide Binding (GO:0042923),10/28,4.401293292960972e-08,binding,GO_Molecular_Function_2023,2.4819323080606983e-09,0.0,0.0,19.43643643643644,385.1179912938546,OPRD1;NPY5R;NPY4R;OPRL1;NPY1R;PRLHR;SSTR1;SSTR2;MCHR1;SSTR4,0.35714285714285715
7,565,Anti-inflammatory Response Favoring Leishmania Infection R-HSA-9662851,27/165,3.278263971897319e-12,Disease,Reactome_2022,1.5476782699944426e-13,0.0,0.0,7.017657992565056,206.9988072020738,GPR27;VIPR1;ADCYAP1R1;GPR25;VIPR2;CALCRL;GPR45;SCT;GPR83;PTH1R;PTH2;RXFP1;CRHR1;GHRHR;CALCR;GPR150;GPHA2;GPR39;PTGIR;GPR32;GLP2R;SCTR;GPBAR1;PTH2R;MC1R;ADORA2A;MC5R,0.16363636363636364
7,565,Tachykinin Receptors Bind Tachykinins R-HSA-380095,5/5,2.942823438248767e-07,Signal Transduction,Reactome_2022,1.7682200916516195e-08,0.0,0.0,97175.0,1734642.4819995896,TACR2;TACR3;TAC3;TACR1;TAC1,1.0
7,565,Class B/2 (Secretin Family Receptors) R-HSA-373080,15/92,6.634012049411294e-07,Signal Transduction,Reactome_2022,4.270823207775511e-08,0.0,0.0,6.856434474616293,116.34597369408408,UCN;VIPR1;ADCYAP1R1;VIPR2;CALCRL;SCT;GLP2R;SCTR;PTH2R;PTH1R;PTH2;CRHR1;GHRHR;CALCR;UCN3,0.16304347826086957
7,565,Phospholipase C-activating G Protein-Coupled Receptor Signaling Pathway (GO:0007200),14/83,7.894595046263471e-06,cellular process,GO_Biological_Process_2023,7.745222890517771e-08,0.0,0.0,7.131276467029643,116.76470039328032,OPRD1;GPR32;PTGER3;GPR55;OPRL1;GPR83;GPR4;PTH1R;TACR1;TRHR;GPR174;CCKAR;GALR2;GPR139,0.1686746987951807
7,565,Anterior/Posterior Pattern Specification (GO:0009952),13/59,8.594546186759563e-07,multicellular organismal process,GO_Biological_Process_2023,7.829649644560218e-09,0.0,0.0,9.92663043478261,185.2840122593541,TBX1;CDX2;CDX1;SIX2;HOXC5;HOXC4;HOXD4;HOXC9;HOXB7;HES2;HOXD9;NEUROG1;HOXB6,0.22033898305084745
7,565,Leishmania Infection R-HSA-9658195,27/247,3.7384075750776666e-08,Disease,Reactome_2022,2.085806801545479e-09,0.0,0.0,4.383279824264954,87.61347973250327,GPR27;VIPR1;ADCYAP1R1;GPR25;VIPR2;CALCRL;GPR45;SCT;GPR83;PTH1R;PTH2;RXFP1;CRHR1;GHRHR;CALCR;GPR150;GPHA2;GPR39;PTGIR;GPR32;GLP2R;SCTR;GPBAR1;PTH2R;MC1R;ADORA2A;MC5R,0.10931174089068826
8,555,Glyoxylate Metabolism And Glycine Degradation R-HSA-389661,9/31,8.468481850751926e-07,Metabolism,Reactome_2022,1.0691106655434325e-07,0.0,0.0,14.552697302697302,233.58925183075277,ALDH4A1;GRHPR;DAO;LDHD;PXMP2;HOGA1;AGXT;PRODH2;GNMT,0.2903225806451613
8,555,Cholesterol Biosynthesis R-HSA-191273,8/26,2.593546881316303e-06,Metabolism,Reactome_2022,3.360409580443051e-07,0.0,0.0,15.78468413568962,235.2870192348918,PLPP6;CYP51A1;SC5D;MSMO1;DHCR24;DHCR7;TM7SF2;FDFT1,0.3076923076923077
8,555,Glutathione Conjugation R-HSA-156590,10/36,2.8510637155684704e-07,Metabolism,Reactome_2022,3.3151903669400824e-08,0.0,0.0,13.704304869442485,236.01780921056897,GSTZ1;GSTK1;HPGDS;GSTO1;MGST3;ESD;GSTA1;AKR1A1;OPLAH;CNDP2,0.2777777777777778
8,555,Paracetamol ADME R-HSA-9753281,8/28,4.743298851953719e-06,Drug ADME,Reactome_2022,6.365899614809799e-07,0.0,0.0,14.20475319926874,202.661203854623,SULT1A1;ABCC3;ABCC4;ABCC2;ACY1;SLC38A3;CNDP2;SULT2A1,0.2857142857142857
8,555,Alpha-Linolenic (Omega3) And Linoleic (Omega6) Acid Metabolism R-HSA-2046104,6/13,4.743298851953719e-06,Metabolism,Reactome_2022,6.460971858142939e-07,0.0,0.0,30.34816549570648,432.5316416922644,FADS2;ACSL1;ACOX1;ELOVL2;ELOVL3;ACAA1,0.46153846153846156
8,555,Metabolic Disorders Of Biological Oxidation Enzymes R-HSA-5579029,10/34,1.591617917225739e-07,Disease,Reactome_2022,1.7978408367333928e-08,0.0,0.0,14.847859327217126,264.79812390276646,CYP27A1;CYP26C1;ACY1;SLC35D1;MAOA;CYP11A1;CYP2R1;FDX1;OPLAH;CYP7B1,0.29411764705882354
8,555,Metabolism Of Steroid Hormones R-HSA-196071,11/35,1.7312538135203243e-08,Metabolism,Reactome_2022,1.552951925749128e-09,0.0,0.0,16.36266850490196,331.88577652727247,HSD11B2;STARD3;CYP11A1;HSD17B1;HSD17B2;FDX1;AKR1B1;HSD17B14;HSD17B12;HSD17B11;SERPINA6,0.3142857142857143
8,555,Plasma Lipoprotein Remodeling R-HSA-8963899,10/33,1.223919759395702e-07,Transport of small molecules,Reactome_2022,1.3011771528459289e-08,0.0,0.0,15.494216194654966,281.33485756570786,LIPG;ALB;APOF;LPL;PCSK6;PCSK5;PLTP;LMF2;CIDEC;ABCG1,0.30303030303030304
8,555,Metabolism R-HSA-1430728,227/2049,3.4722328816389634e-80,Metabolism,Reactome_2022,1.1535657414082936e-82,0.0,0.0,6.693965690342963,1262.9446150061694,DMGDH;ACSM3;CPNE7;SLC23A1;ECI2;ACSM5;MLYCD;PTGDS;ACAD11;GLUL;ACAD10;SULT2A1;STARD3;GSTK1;STARD5;ACSL1;ACSL5;SLC6A12;HOGA1;SLC51A;CMBL;SULT2B1;CYP39A1;CYP27A1;PLPP6;RBP4;SOAT1;ETHE1;FDX1;RBP1;ACOT2;ACOT1;ACOT6;HPD;ALDH7A1;CES3;ACOT4;CES2;CES1;GCDH;SLC22A5;RETSAT;SLC35D1;MAOB;MTARC2;MAOA;PEX11A;MGST3;ABCB4;ADH5;ADH6;SULT1A1;HSD11B2;CYB5R3;APOM;RDH11;TTPA;LDHD;PNPO;DECR2;HAO2;FDFT1;DECR1;PCK2;SLC10A1;CYP4F2;ADHFE1;CYP4F3;CYP4F8;CIDEC;SULT1B1;CYP26A1;ALDH6A1;AKR1B10;PAH;ACY3;ACY1;AKR1B1;CROT;CSAD;SERPINA6;MCEE;ACADL;AASS;VKORC1;CBR1;ELOVL4;GSTO1;ELOVL2;BHMT2;ELOVL3;AKR1A1;PTGR1;BAAT;CYP7B1;PTGR2;UGDH;BDH2;BDH1;IVD;ADH1C;ADH1B;ADH1A;FITM1;HSD17B8;HSD17B1;HSD17B2;SC5D;LDLR;CBR3;AOC2;AKR1C1;SQOR;BBOX1;FMO4;FAH;GNMT;AGMAT;ETNPPL;FABP1;ALDH4A1;FABP3;GATM;NUDT7;FABP6;GSTA1;CRAT;ALDH1L1;SLC27A1;ACAA2;MSMO1;TM7SF2;CNDP2;NUDT11;FADS2;HPGDS;AKR7A2;AKR7A3;SLCO2B1;ACAA1;PHYH;DGAT1;HGD;ACOT11;ACOT12;ACOT13;PIPOX;ALDH3A2;SLC27A3;SLC27A2;LPL;GLYAT;ALDH3B2;CYP11A1;ALDH3B1;ESD;SLCO1B3;THEM5;SLC38A3;CYP2J2;ACBD4;OSBPL3;EPHX1;DHCR24;CYP4F11;QDPR;GRHPR;AMACR;DAO;PXMP2;SLCO1A2;ALB;CRYL1;DHCR7;OSBPL1A;LRP10;LRP12;ACADVL;ALAS1;DBI;OPLAH;ACOXL;CA3;CPT2;CYP4V2;CYP2R1;HMGCS2;SULT4A1;ABCC3;ABCC2;DCXR;ABHD14B;PRODH2;INMT;CYP26C1;ACOX2;ACOX1;EHHADH;ACOX3;HAGH;AGXT;ASPA;PAOX;PON3;HPGD;PON1;ETFDH;HSD17B14;HSD17B12;LRP2;HSD17B11;BPHL;TTR;ALDH1B1;PCBD1;SLC25A20;BCO2;ACSS1;CYB5A;CYP51A1;CYP4B1;ASS1;GSTZ1;SCD;SARDH;THRSP;CDO1,0.11078574914592484
8,555,Metabolism Of Lipids R-HSA-556833,117/732,5.745163126176799e-54,Metabolism,Reactome_2022,3.8173841369945504e-56,0.0,0.0,8.178750417641163,1043.651081161598,SLC27A1;ACAA2;ACSM3;CPNE7;ECI2;MSMO1;TM7SF2;FADS2;HPGDS;MLYCD;PTGDS;ACAD11;ACAA1;ACAD10;SULT2A1;STARD3;PHYH;STARD5;DGAT1;ACSL1;ACOT11;ACOT12;ACOT13;ACSL5;SLC51A;CYP39A1;CYP27A1;ALDH3A2;PLPP6;SOAT1;FDX1;ACOT2;ACOT1;ACOT6;SLC27A3;SLC27A2;ACOT4;SLC22A5;PEX11A;ABCB4;HSD11B2;ALDH3B2;CYP11A1;ALDH3B1;SLCO1B3;THEM5;DECR2;HAO2;FDFT1;DECR1;CYP2J2;ACBD4;SLC10A1;CYP4F2;OSBPL3;CYP4F3;DHCR24;CYP4F8;CYP4F11;CIDEC;AMACR;SLCO1A2;ALB;DHCR7;OSBPL1A;ACADVL;ALAS1;AKR1B1;DBI;CROT;SERPINA6;MCEE;ACOXL;ACADL;CPT2;CYP2R1;HMGCS2;ABCC3;CBR1;ELOVL4;ELOVL2;ELOVL3;PTGR1;BAAT;CYP7B1;PTGR2;BDH2;BDH1;ACOX2;ACOX1;EHHADH;ACOX3;AGXT;PON3;HPGD;PON1;HSD17B14;FITM1;HSD17B12;LRP2;HSD17B11;HSD17B8;HSD17B1;HSD17B2;SC5D;SLC25A20;AKR1C1;CYP51A1;CYP4B1;ETNPPL;FABP1;FABP3;NUDT7;SCD;FABP6;THRSP;CRAT,0.1598360655737705
8,555,Fatty Acid Metabolism R-HSA-8978868,63/173,1.857369228748997e-51,Metabolism,Reactome_2022,1.8511985668594655e-53,0.0,0.0,22.50748337028825,2732.885113696929,ACADVL;ACAA2;ACSM3;ECI2;DBI;CROT;FADS2;HPGDS;ACOXL;MCEE;ACADL;CPT2;MLYCD;ACAA1;ACAD11;PTGDS;ACAD10;CBR1;PHYH;ELOVL4;ACSL1;ELOVL2;ACOT11;ELOVL3;ACOT12;ACOT13;ACSL5;PTGR1;PTGR2;ALDH3A2;ACOX2;ACOX1;EHHADH;ACOT2;ACOT1;ACOX3;ACOT6;SLC27A3;SLC27A2;ACOT4;PON3;SLC22A5;HPGD;PON1;HSD17B12;HSD17B8;THEM5;SLC25A20;DECR2;HAO2;DECR1;CYP2J2;ACBD4;CYP4F2;CYP4F3;CYP4B1;CYP4F11;CYP4F8;NUDT7;AMACR;SCD;THRSP;CRAT,0.36416184971098264
8,555,Biological Oxidations R-HSA-211859,62/218,3.090135122646019e-43,Metabolism,Reactome_2022,4.106491857336902e-45,0.0,0.0,15.5499817964321,1589.266608823904,ACY3;ACY1;ACSM5;OPLAH;CNDP2;AKR7A2;HPGDS;AKR7A3;CYP4V2;CYP2R1;SULT4A1;SULT2A1;GSTK1;GSTO1;AKR1A1;ABHD14B;CMBL;CYP7B1;CYP27A1;CYP39A1;SULT2B1;UGDH;CYP26C1;FDX1;CES3;CES2;CES1;PAOX;MAOB;MTARC2;SLC35D1;ADH1C;MAOA;ADH1B;MGST3;ADH1A;GLYAT;BPHL;ADH5;ADH6;SULT1A1;CYB5R3;ALDH1B1;CYP11A1;ESD;SLC38A3;ACSS1;CBR3;CYP2J2;AOC2;CYP4F2;CYP4F3;EPHX1;CYP51A1;CYP4B1;CYP4F8;FMO4;CYP4F11;GSTZ1;CYP26A1;SULT1B1;GSTA1,0.28440366972477066
8,555,Phase I - Functionalization Of Compounds R-HSA-211945,37/104,1.6886846818730527e-29,Metabolism,Reactome_2022,2.8051240562675293e-31,0.0,0.0,20.658848614072493,1453.3229393457575,MAOB;MTARC2;ADH1C;MAOA;ADH1B;ADH1A;BPHL;ADH5;ADH6;CYB5R3;ALDH1B1;CYP11A1;CYP4V2;CYP2R1;ACSS1;CBR3;CYP2J2;AOC2;CYP4F2;CYP4F3;EPHX1;CYP51A1;CYP4B1;CMBL;CYP4F11;CYP4F8;CYP7B1;FMO4;CYP27A1;CYP39A1;CYP26A1;CYP26C1;FDX1;CES3;CES2;CES1;PAOX,0.3557692307692308
8,555,Metabolism Of Steroids R-HSA-8957322,40/153,4.077889636303644e-26,Metabolism,Reactome_2022,8.128683660405936e-28,0.0,0.0,13.28773949652032,828.8491087189268,AKR1B1;HSD17B14;MSMO1;HSD17B12;LRP2;SERPINA6;HSD17B11;TM7SF2;HSD11B2;CYP11A1;HSD17B1;SLCO1B3;CYP2R1;HSD17B2;SC5D;FDFT1;ABCC3;STARD3;STARD5;SLC10A1;OSBPL3;AKR1C1;CYP51A1;DHCR24;SLC51A;BAAT;CYP7B1;CYP27A1;CYP39A1;PLPP6;AMACR;ACOX2;FABP6;SCD;FDX1;ALB;SLCO1A2;DHCR7;OSBPL1A;SLC27A2,0.26143790849673204
8,555,Peroxisomal Lipid Metabolism R-HSA-390918,20/29,1.784173640432579e-23,Metabolism,Reactome_2022,4.149241024261812e-25,0.0,0.0,80.73104880581516,4532.378475569685,PHYH;ACBD4;ECI2;CROT;ALDH3A2;ACOXL;NUDT7;AMACR;ACOX2;ACOX1;EHHADH;MLYCD;ACOX3;ACAA1;DECR2;ACOT6;HAO2;CRAT;SLC27A2;ACOT4,0.6896551724137931
8,555,Peroxisomal Protein Import R-HSA-9033241,26/63,9.685464841953488e-23,Protein localization,Reactome_2022,2.5742099247716915e-24,0.0,0.0,25.780820518060597,1400.3239265874377,ECI2;CROT;GLYAT;LONP2;MLYCD;ACAA1;DECR2;HAO2;GSTK1;PHYH;PIPOX;BAAT;DHRS4;NUDT7;AMACR;DAO;ACOX2;ACOX1;EHHADH;ACOT2;ACOX3;AGXT;SLC27A2;CRAT;ACOT4;PAOX,0.4126984126984127
8,555,Protein Localization R-HSA-9609507,33/164,8.456553761982693e-18,Protein localization,Reactome_2022,2.528537669695822e-19,0.0,0.0,9.3206106870229,399.1223033670148,ABCD2;ABCD3;ECI2;GLYAT;CROT;LDHD;LONP2;MLYCD;ACAA1;DECR2;HAO2;GSTK1;CYB5A;PHYH;PIPOX;CHCHD10;BAAT;DHRS4;ALDH3A2;NUDT7;AMACR;DAO;ACOX2;ACOX1;EHHADH;PXMP2;ACOT2;ACOX3;AGXT;SLC27A2;CRAT;ACOT4;PAOX,0.20121951219512196
8,555,Bile Acid And Bile Salt Metabolism R-HSA-194068,18/45,1.8686059956912604e-15,Metabolism,Reactome_2022,6.207993341166976e-17,0.0,0.0,24.10676598386096,899.6189175047577,ABCC3;STARD5;SLC10A1;AKR1C1;OSBPL3;SLC51A;BAAT;CYP7B1;CYP27A1;CYP39A1;AMACR;ACOX2;FABP6;SLCO1B3;ALB;SLCO1A2;OSBPL1A;SLC27A2,0.4
8,555,"Plasma Lipoprotein Assembly, Remodeling, And Clearance R-HSA-174824",21/71,5.764432603686145e-15,Transport of small molecules,Reactome_2022,2.1066032770946046e-16,0.0,0.0,15.254494382022472,550.630571540365,SCARB1;MYLIP;HDLBP;LPL;APOBR;LSR;PCSK6;PCSK5;LMF2;CIDEC;NCEH1;SOAT1;NPC2;LIPG;ALB;APOC1;APOF;CES3;LDLR;PLTP;ABCG1,0.29577464788732394
8,555,Mitochondrial Fatty Acid Beta-Oxidation R-HSA-77289,15/36,3.015287247209835e-13,Metabolism,Reactome_2022,1.2021078726417947e-14,0.0,0.0,25.693121693121693,823.5188841650959,ACADVL;ACAA2;ACSM3;ACOT11;ACOT12;ACOT13;DBI;MCEE;ACADL;THEM5;ACOT2;ACOT1;ACAD11;ACAD10;DECR1,0.4166666666666667
8,555,Metabolism Of Fat-Soluble Vitamins R-HSA-6806667,16/47,1.5687316014006137e-12,Metabolism,Reactome_2022,6.775252763524244e-14,0.0,0.0,18.590220839068767,563.7096794108953,VKORC1;RETSAT;AKR1C1;LPL;LRP2;RBP4;APOM;TTR;AKR1B10;RDH11;TTPA;RBP1;BCO2;LRP10;LDLR;LRP12,0.3404255319148936
8,555,Visual Phototransduction R-HSA-2187338,21/98,5.237630656125647e-12,Sensory Perception,Reactome_2022,2.4361072819189053e-13,0.0,0.0,9.891726251276811,287.2874315377006,RETSAT;AKR1C1;LPL;MYO7A;HSD17B6;LRP2;RBP4;APOM;AKR1B10;TTR;RDH11;RDH10;CYP4V2;HSD17B1;RBP1;RDH16;RDH5;BCO2;LRP10;LDLR;LRP12,0.21428571428571427
8,555,Synthesis Of Bile Acids And Bile Salts R-HSA-192105,10/34,1.591617917225739e-07,Metabolism,Reactome_2022,1.7978408367333928e-08,0.0,0.0,14.847859327217126,264.79812390276646,CYP27A1;CYP39A1;AMACR;ACOX2;AKR1C1;OSBPL3;BAAT;CYP7B1;OSBPL1A;SLC27A2,0.29411764705882354
8,555,Metabolism Of Amino Acids And Derivatives R-HSA-71291,39/364,1.1152907985724494e-11,Metabolism,Reactome_2022,5.557927567636791e-13,0.0,0.0,4.446511627906977,125.47335883603816,DMGDH;GCDH;CSAD;LDHD;PCBD1;GLUL;AASS;HGD;BHMT2;SQOR;SLC6A12;BBOX1;PIPOX;HOGA1;FAH;PRODH2;INMT;ASS1;AGMAT;GNMT;ALDH4A1;QDPR;GSTZ1;GRHPR;ALDH6A1;GATM;DAO;SOAT1;ETHE1;PAH;IVD;PXMP2;SARDH;AGXT;CDO1;ALDH7A1;HPD;ASPA;PAOX,0.10714285714285714
8,555,Phase II - Conjugation Of Compounds R-HSA-156580,21/107,2.6658594551332484e-11,Metabolism,Reactome_2022,1.5056349082147914e-12,0.0,0.0,8.8524301019075,240.9791387645246,GSTK1;SLC35D1;GSTO1;MGST3;AKR1A1;ABHD14B;ACSM5;GLYAT;OPLAH;CNDP2;SULT2B1;SULT1A1;GSTZ1;SULT1B1;UGDH;HPGDS;ESD;GSTA1;SLC38A3;SULT4A1;SULT2A1,0.19626168224299065
8,555,Retinoid Metabolism And Transport R-HSA-975634,14/43,8.161664610268323e-11,Metabolism,Reactome_2022,5.104704118736253e-12,0.0,0.0,17.325769647523742,450.4848871763659,RETSAT;AKR1C1;LPL;LRP2;RBP4;APOM;TTR;AKR1B10;RDH11;RBP1;BCO2;LRP10;LDLR;LRP12,0.32558139534883723
8,555,Canonical Retinoid Cycle In Rods (Twilight Vision) R-HSA-2453902,11/23,1.0247370121255394e-10,Sensory Perception,Reactome_2022,6.808883801498601e-12,0.0,0.0,32.74555759803921,841.9797414046411,RBP4;TTR;RDH11;CYP4V2;HSD17B1;RDH10;RBP1;RDH16;RDH5;HSD17B6;MYO7A,0.4782608695652174
8,555,Cytochrome P450 - Arranged By Substrate Type R-HSA-211897,16/65,2.638157866451705e-10,Metabolism,Reactome_2022,1.8405752556639804e-11,0.0,0.0,11.75025557532846,290.4470222718486,CYP2J2;CYP4F2;CYP4F3;CYP51A1;CYP4B1;CYP7B1;CYP4F11;CYP4F8;CYP27A1;CYP39A1;CYP26A1;CYP26C1;CYP11A1;CYP4V2;CYP2R1;FDX1,0.24615384615384617
8,555,Beta-oxidation Of Very Long Chain Fatty Acids R-HSA-390247,8/11,7.016862586997222e-10,Metabolism,Reactome_2022,5.1286038841840165e-11,0.0,0.0,94.7812309567337,2245.708815310717,ACOX1;EHHADH;ECI2;MLYCD;ACAA1;ACOT6;DECR2;ACOT4,0.7272727272727273
8,555,RA Biosynthesis Pathway R-HSA-5365859,10/22,1.566440763467311e-09,Signal Transduction,Reactome_2022,1.1969480916859852e-10,0.0,0.0,29.714067278287462,678.8498354355396,CYP26A1;CYP26C1;ADH1C;RDH11;ADH1A;RDH10;RDH16;RDH5;ALDH8A1;DHRS4,0.45454545454545453
8,555,Recycling Of Bile Acids And Salts R-HSA-159418,9/18,4.463837653893287e-09,Metabolism,Reactome_2022,3.5592061027720557e-10,0.0,0.0,35.5970695970696,774.4610028017643,ABCC3;STARD5;SLC10A1;FABP6;ALB;SLCO1A2;SLCO1B3;SLC51A;BAAT,0.5
8,555,Arachidonic Acid Metabolism R-HSA-2142753,14/59,6.933191400078565e-09,Metabolism,Reactome_2022,5.758464618005452e-10,0.0,0.0,11.156294927089752,237.3521832662977,CYP2J2;CBR1;PON3;HPGD;CYP4F2;PON1;CYP4F3;CYP4B1;PTGR1;CYP4F11;CYP4F8;PTGR2;HPGDS;PTGDS,0.23728813559322035
8,555,Plasma Lipoprotein Clearance R-HSA-8964043,11/35,1.7312538135203243e-08,Transport of small molecules,Reactome_2022,1.552951925749128e-09,0.0,0.0,16.36266850490196,331.88577652727247,SCARB1;MYLIP;NCEH1;SOAT1;NPC2;APOC1;HDLBP;APOBR;LSR;LDLR;CES3,0.3142857142857143
8,555,Beta-oxidation Of pristanoyl-CoA R-HSA-389887,6/9,2.907986120270261e-07,Metabolism,Reactome_2022,3.477990044177056e-08,0.0,0.0,70.82695810564663,1216.398198894145,ACOXL;AMACR;ACOX2;ACOX3;CROT;CRAT,0.6666666666666666
8,555,Phenylalanine And Tyrosine Metabolism R-HSA-8963691,7/11,3.795371973782945e-08,Metabolism,Reactome_2022,3.656670672415462e-09,0.0,0.0,62.08348540145985,1206.0780377769995,GSTZ1;QDPR;HGD;PAH;PCBD1;FAH;HPD,0.6363636363636364
8,555,Ethanol Oxidation R-HSA-71384,7/11,3.795371973782945e-08,Metabolism,Reactome_2022,3.656670672415462e-09,0.0,0.0,62.08348540145985,1206.0780377769995,ADH1C;ALDH1B1;ADH1B;ADH1A;ACSS1;ADH5;ADH6,0.6363636363636364
8,555,Signaling By Retinoic Acid R-HSA-5362517,11/41,1.0145623526503629e-07,Signal Transduction,Reactome_2022,1.0111917136050127e-08,0.0,0.0,13.08609068627451,240.90905642079375,CYP26A1;CYP26C1;ADH1C;RDH11;ADH1A;RDH10;LDHD;RDH16;RDH5;ALDH8A1;DHRS4,0.2682926829268293
8,555,Metabolism Of Vitamins And Cofactors R-HSA-196854,22/186,1.0913056280295021e-07,Metabolism,Reactome_2022,1.1239360288675937e-08,0.0,0.0,4.852674689973917,88.82260006119367,VKORC1;CYB5A;ALDH1L1;RETSAT;GSTO1;SLC23A1;AKR1C1;LPL;LRP2;RBP4;APOM;CYB5R3;AKR1B10;TTR;RDH11;TTPA;RBP1;PNPO;BCO2;LRP10;LDLR;LRP12,0.11827956989247312
8,555,Drug ADME R-HSA-9748784,20/95,2.430267583564665e-11,Drug ADME,Reactome_2022,1.291836589270254e-12,0.0,0.0,9.654828660436136,264.3005116734232,ABCC3;ABCC4;PON3;ABCC2;ACY1;ADH1A;PON1;ACSM5;GLYAT;CNDP2;SULT1A1;SLCO2B1;SLCO1B3;ALB;GSTA1;SLC38A3;SLC22A7;CES2;SULT2A1;CES1,0.21052631578947367
8,555,Fatty acyl-CoA Biosynthesis R-HSA-75105,10/37,3.604658673969914e-07,Metabolism,Reactome_2022,4.430975778634115e-08,0.0,0.0,13.196058443764866,223.43646544854172,ELOVL4;ACSL1;SCD;ELOVL2;ELOVL3;ACSL5;HSD17B12;SLC27A3;HSD17B8;SLC27A2,0.2702702702702703
8,555,Organic Hydroxy Compound Biosynthetic Process (GO:1901617),14/42,2.517330219374176e-10,None,GO_Biological_Process_2023,3.5317181565654848e-12,0.0,0.0,17.94547134935305,473.2083805106538,ABCD3;OSBPL3;MSMO1;BAAT;CYP7B1;CYP27A1;CYP39A1;AMACR;SCP2;ACOX2;HSD17B1;PNPO;OSBPL1A;SLC27A2,0.3333333333333333
8,555,Fatty Acid Beta-Oxidation Using acyl-CoA Dehydrogenase (GO:0033539),6/10,2.7234033217318285e-06,cellular process,GO_Biological_Process_2023,8.490735219740697e-08,0.0,0.0,53.11748633879781,864.843250827426,GCDH;ACADVL;ACADL;IVD;ETFDH;ACAD11,0.6
8,555,"Oxidoreductase Activity, Acting On The CH-CH Group Of Donors, NAD Or NADP As Acceptor (GO:0016628)",8/18,3.345817917422968e-07,catalytic activity,GO_Molecular_Function_2023,1.1452261576667594e-08,0.0,0.0,28.424131627056678,519.7374811886699,BDH2;DHCR24;DHCR7;PTGR1;DECR2;PTGR2;TM7SF2;DECR1,0.4444444444444444
8,555,Alcohol Dehydrogenase (NAD+) Activity (GO:0004022),6/8,3.345817917422968e-07,catalytic activity,GO_Molecular_Function_2023,1.1872257126339564e-08,0.0,0.0,106.24590163934428,1938.887992346749,ADH4;ADH1C;ADH1B;ADHFE1;ADH5;ADH6,0.75
8,555,Flavin Adenine Dinucleotide Binding (GO:0050660),12/55,7.075834515457347e-07,binding,GO_Molecular_Function_2023,2.7390327156609084e-08,0.0,0.0,9.971476294487989,173.6340736443157,GCDH;CYB5R1;ACADVL;ACOXL;POR;CYB5R3;ACOX2;ACOX1;LDHD;SQOR;ETFDH;ACOX3,0.21818181818181817
8,555,Estradiol 17-Beta-Dehydrogenase [NAD(P)] Activity (GO:0004303),6/9,7.308598366211786e-07,catalytic activity,GO_Molecular_Function_2023,3.477990044177056e-08,0.0,0.0,70.82695810564663,1216.398198894145,HSD17B1;HSD17B2;HSD17B14;HSD17B11;HSD17B7;HSD17B8,0.6666666666666666
8,555,Aldehyde Dehydrogenase (NAD+) Activity (GO:0004029),7/14,7.308598366211786e-07,catalytic activity,GO_Molecular_Function_2023,3.536418564296025e-08,0.0,0.0,35.47080291970803,608.5926504654527,ALDH3A2;ALDH4A1;ALDH3B2;ALDH1L1;ALDH1B1;ALDH3B1;ALDH7A1,0.5
8,555,Aldehyde Dehydrogenase [NAD(P)+] Activity (GO:0004030),7/14,7.308598366211786e-07,catalytic activity,GO_Molecular_Function_2023,3.536418564296025e-08,0.0,0.0,35.47080291970803,608.5926504654527,ALDH3A2;ALDH4A1;ALDH3B2;ALDH1L1;ALDH1B1;ALDH3B1;ALDH7A1,0.5
8,555,Amine Metabolic Process (GO:0009308),6/9,1.2395170074108784e-06,cellular process,GO_Biological_Process_2023,3.477990044177056e-08,0.0,0.0,70.82695810564663,1216.398198894145,SULT1A1;SULT1B1;SULT1C2;AOC2;MAOA;INMT,0.6666666666666666
8,555,Sterol Biosynthetic Process (GO:0016126),9/28,1.3680894454230968e-06,cellular process,GO_Biological_Process_2023,3.945386553441511e-08,0.0,0.0,16.853094274146905,287.31380627783534,PLPP6;CYP51A1;MSMO1;DHCR24;DHCR7;HSD17B7;TM7SF2;FDFT1;CES1,0.32142857142857145
8,555,Secondary Alcohol Metabolic Process (GO:1902652),11/47,1.6185685270388086e-06,cellular process,GO_Biological_Process_2023,4.793889635812528e-08,0.0,0.0,10.90170547385621,183.7301339902,CYP27A1;SULT2B1;STARD3;SOAT1;CYP11A1;FDX1;APOF;OSBPL1A;ABCG1;SULT2A1;CES1,0.23404255319148937
8,555,"Alcohol Dehydrogenase Activity, Zinc-Dependent (GO:0004024)",5/6,1.836341185321955e-06,None,GO_Molecular_Function_2023,9.477889988758479e-08,0.0,0.0,176.76363636363635,2858.5718615491533,ADH4;ADH1C;ADH1B;ADH5;ADH6,0.8333333333333334
8,555,Secondary Alcohol Biosynthetic Process (GO:1902653),9/24,3.023256485992709e-07,cellular process,GO_Biological_Process_2023,8.247387140276291e-09,0.0,0.0,21.35164835164835,397.4261180047741,PLPP6;CYP51A1;DHCR24;MSMO1;DHCR7;HSD17B7;TM7SF2;CES1;FDFT1,0.375
8,555,Prostaglandin Metabolic Process (GO:0006693),9/30,2.558597356828541e-06,cellular process,GO_Biological_Process_2023,7.777497811092213e-08,0.0,0.0,15.24646781789639,249.57623278848376,HPGDS;HPGD;AKR1C1;GSTA1;PTGDS;CYP4F8;PTGR1;PTGR2;CES1,0.3
8,555,Very Long-Chain Fatty Acid Catabolic Process (GO:0042760),5/6,2.9658860623358845e-06,cellular process,GO_Biological_Process_2023,9.477889988758479e-08,0.0,0.0,176.76363636363635,2858.5718615491533,ABCD2;ABCD3;ACOX1;SLC27A2;SLC27A4,0.8333333333333334
8,555,Positive Regulation Of Cholesterol Transport (GO:0032376),9/31,3.2658785330767237e-06,biological regulation,GO_Biological_Process_2023,1.0691106655434325e-07,0.0,0.0,14.552697302697302,233.58925183075277,EEPD1;LRP1;SCP2;ABCB4;PON1;LIPG;ABCA8;PLTP;CES1,0.2903225806451613
8,555,Retinal Metabolic Process (GO:0042574),7/16,3.351035907050907e-06,cellular process,GO_Biological_Process_2023,1.123106344529922e-07,0.0,0.0,27.58556366585564,441.4241148273084,CYP27C1;RDH11;AKR1C1;RDH10;BCO2;ALDH8A1;DHRS4,0.4375
8,555,Carboxylic Acid Metabolic Process (GO:0019752),9/33,5.675658207669788e-06,cellular process,GO_Biological_Process_2023,1.9464455271821564e-07,0.0,0.0,13.3385989010989,206.1092406748137,CYP2J2;PON3;GRHPR;GSTO1;CYP4F2;PON1;CYP4F3;GLYAT;CYP4F8,0.2727272727272727
8,555,Alcohol Dehydrogenase [NAD(P)+] Activity (GO:0018455),5/7,5.910656353506195e-06,catalytic activity,GO_Molecular_Function_2023,3.241327677729204e-07,0.0,0.0,88.37727272727273,1320.5431628475187,ADH4;ADH1C;ADHFE1;ADH6;DHRS4,0.7142857142857143
8,555,Alcohol Dehydrogenase (NADP+) Activity (GO:0008106),7/19,7.92327607204704e-06,catalytic activity,GO_Molecular_Function_2023,4.600611912801508e-07,0.0,0.0,20.685979318734795,301.8478726002856,AKR7A2;AKR1B10;RDH11;AKR1C1;RDH10;AKR1B1;DHRS4,0.3684210526315789
8,555,Intracellular Lipid Transport (GO:0032365),7/18,8.487034062843932e-06,localization,GO_Biological_Process_2023,2.976746163896936e-07,0.0,0.0,22.56768414067684,339.13056636901666,GRAMD1C;ABCD2;FABP3;ABCD3;CPT2;NPC2;SLC25A20,0.3888888888888889
8,555,Ethanol Oxidation (GO:0006069),5/7,8.848134916013974e-06,None,GO_Biological_Process_2023,3.241327677729204e-07,0.0,0.0,88.37727272727273,1320.5431628475187,ADH4;ADH1C;ADH1B;ADH1A;ADH6,0.7142857142857143
8,555,Estrogen Biosynthetic Process (GO:0006703),5/7,8.848134916013974e-06,cellular process,GO_Biological_Process_2023,3.241327677729204e-07,0.0,0.0,88.37727272727273,1320.5431628475187,HSD17B1;HSD17B2;HSD17B11;HSD17B7;HSD17B8,0.7142857142857143
8,555,Organic Hydroxy Compound Transport (GO:0015850),10/45,8.883944989355926e-06,localization,GO_Biological_Process_2023,3.323689473804244e-07,0.0,0.0,10.17562254259502,151.7899669926935,ABCC3;ABCC4;ABCD3;ABCC2;SLC10A1;SLCO2B1;AKR1C1;SLCO1B3;SLCO1A2;SLC51A,0.2222222222222222
8,555,Bile Acid Metabolic Process (GO:0008206),14/31,2.1502424402185385e-12,cellular process,GO_Biological_Process_2023,2.3463284616570175e-14,0.0,0.0,29.57399151897358,928.1306177554358,ABCD3;AKR1C1;OSBPL3;BAAT;CYP7B1;CYP27A1;CYP39A1;AMACR;SCP2;ACOX2;NPC1;ACAA1;OSBPL1A;SLC27A2,0.45161290322580644
8,555,Fatty Acid Transmembrane Transport (GO:1902001),6/12,9.328117851389088e-06,localization,GO_Biological_Process_2023,3.562570340748755e-07,0.0,0.0,35.408014571949,525.724510237407,ABCD2;SLC27A1;ABCD3;CPT2;SLC25A20;SLC22A9,0.5
8,555,Sterol Binding (GO:0032934),13/59,2.1797797764305578e-07,binding,GO_Molecular_Function_2023,6.328392899314522e-09,0.0,0.0,10.114992780362586,190.9530541447212,GRAMD1C;STARD3;STARD5;OSBPL3;SULT2B1;SCP2;NPC1;SOAT1;NPC2;APOF;APOD;OSBPL1A;ABCG1,0.22033898305084745
8,555,Long-Chain Fatty Acid Transport (GO:0015909),9/23,1.9939600490113322e-07,localization,GO_Biological_Process_2023,5.284071836818807e-09,0.0,0.0,22.87794348508634,436.0208611763499,ABCD2;SLC27A1;FABP3;ABCD3;CPT2;ACSL1;SLC25A20;SLC27A2;SLC27A4,0.391304347826087
8,555,acyl-CoA Hydrolase Activity (GO:0047617),11/20,9.426893539973295e-11,catalytic activity,GO_Molecular_Function_2023,9.122800199974157e-13,0.0,0.0,43.66748366013072,1210.5862003826066,ABCD2;ABCD3;ACAA2;ACOT11;ACOT2;THEM5;ACOT13;ACOT1;BAAT;ACOT6;ACOT4,0.55
8,555,Steroid Biosynthetic Process (GO:0006694),15/50,2.517330219374176e-10,cellular process,GO_Biological_Process_2023,3.395595498568324e-12,0.0,0.0,15.404761904761903,406.8173012337342,ABCD3;OSBPL3;CYP51A1;MSMO1;BAAT;CYP7B1;CYP27A1;CYP39A1;AMACR;SCP2;ACOX2;HSD17B1;OSBPL1A;SLC27A2;FDFT1,0.3
8,555,Sterol Metabolic Process (GO:0016125),18/60,2.1502424402185385e-12,cellular process,GO_Biological_Process_2023,2.2743792860051643e-14,0.0,0.0,15.485235434956106,486.46068279067146,STARD3;CYP51A1;MSMO1;CYP7B1;CYP27A1;CYP39A1;SULT2B1;CYP26A1;CYP26C1;SOAT1;CYP11A1;CYP4V2;FDX1;APOF;OSBPL1A;ABCG1;SULT2A1;CES1,0.3
8,555,Diterpenoid Metabolic Process (GO:0016101),12/28,2.539625307551822e-10,cellular process,GO_Biological_Process_2023,3.7609416090011396e-12,0.0,0.0,26.835635359116026,705.9476635124032,ALDH3A2;ADH4;AKR1B10;LRP1;ADH1B;RDH11;CYP4V2;RDH10;AKR1C1;AKR1B1;RDH5;LRP2,0.42857142857142855
8,555,Cholesterol Transport (GO:0030301),15/51,3.0079074440698503e-10,localization,GO_Biological_Process_2023,4.688865852018473e-12,0.0,0.0,14.97608024691358,390.6634891578016,SCARB1;STARD3;STARD5;AKR1C1;ABCA8;APOM;NPC1;SOAT1;NPC2;LIPG;APOC1;ABCG4;LDLR;ABCG1;CES1,0.29411764705882354
8,555,acyl-CoA Metabolic Process (GO:0006637),12/31,9.878702305348461e-10,cellular process,GO_Biological_Process_2023,1.6169349057857962e-11,0.0,0.0,22.594940389648155,561.4369028936723,MCEE;ACSM3;ACOT12;ACOT2;ACOT1;ACSM5;GLYAT;HMGCS2;MLYCD;BAAT;ACOT6;ACOT4,0.3870967741935484
8,555,Purine Nucleoside Bisphosphate Metabolic Process (GO:0034032),11/25,1.140978098750576e-09,cellular process,GO_Biological_Process_2023,2.134331595480423e-11,0.0,0.0,28.064732142857142,689.5583969050147,ACSM3;ACOT12;ACOT2;ACOT1;ACSM5;CROT;GLYAT;MLYCD;BAAT;ACOT6;ACOT4,0.44
8,555,Bile Acid Biosynthetic Process (GO:0006699),11/25,1.140978098750576e-09,cellular process,GO_Biological_Process_2023,2.134331595480423e-11,0.0,0.0,28.064732142857142,689.5583969050147,CYP27A1;CYP39A1;ABCD3;AMACR;SCP2;ACOX2;OSBPL3;BAAT;CYP7B1;OSBPL1A;SLC27A2,0.44
8,555,Ribonucleoside Bisphosphate Metabolic Process (GO:0033875),11/25,1.140978098750576e-09,cellular process,GO_Biological_Process_2023,2.134331595480423e-11,0.0,0.0,28.064732142857142,689.5583969050147,ACSM3;ACOT12;ACOT2;ACOT1;ACSM5;CROT;GLYAT;MLYCD;BAAT;ACOT6;ACOT4,0.44
8,555,NAD-retinol Dehydrogenase Activity (GO:0004745),10/19,1.428576845155026e-09,catalytic activity,GO_Molecular_Function_2023,1.843324961490356e-11,0.0,0.0,39.62487257900102,979.4026276738292,ADH4;ADH1C;ADH1B;RDH11;RDH10;AKR1A1;RDH16;RDH5;HSD17B6;ADH6,0.5263157894736842
8,555,Cholesterol Efflux (GO:0033344),9/23,1.9939600490113322e-07,localization,GO_Biological_Process_2023,5.284071836818807e-09,0.0,0.0,22.87794348508634,436.0208611763499,SCARB1;APOM;NPC1;SOAT1;NPC2;APOC1;ABCA8;ABCG4;ABCG1,0.391304347826087
8,555,"Steroid Dehydrogenase Activity, Acting On The CH-OH Group Of Donors, NAD Or NADP As Acceptor (GO:0033764)",10/22,7.421078168453108e-09,catalytic activity,GO_Molecular_Function_2023,1.1969480916859852e-10,0.0,0.0,29.714067278287462,678.8498354355396,AKR1C1;HSD17B1;HSD17B2;RDH16;HSD17B14;RDH5;HSD17B6;HSD17B11;HSD17B7;HSD17B8,0.45454545454545453
8,555,acyl-CoA Oxidase Activity (GO:0003997),6/6,2.2974255117420504e-08,catalytic activity,GO_Molecular_Function_2023,4.4466300227265487e-10,0.0,0.0,116670.0,2512337.2945555346,ACOXL;ACADL;ACOX2;ACOX1;ACOX3;CRAT,1.0
8,555,Unsaturated Fatty Acid Metabolic Process (GO:0033559),13/49,2.6119821199530308e-08,cellular process,GO_Biological_Process_2023,5.293182784004583e-10,0.0,0.0,12.931375563755635,276.20682673362967,CYP2J2;ELOVL2;CYP4F2;ELOVL3;EPHX1;PTGR1;CYP4F11;CYP2D7;SCP2;SCD;GSTA1;ACAA1;DECR2,0.2653061224489796
8,555,Cholesterol Biosynthetic Process (GO:0006695),10/25,2.667123589106664e-08,cellular process,GO_Biological_Process_2023,5.612808800146524e-10,0.0,0.0,23.767584097859327,506.2685472306546,PLPP6;CYP51A1;SC5D;MSMO1;DHCR24;DHCR7;HSD17B7;TM7SF2;FDFT1;CES1,0.4
8,555,Cholesterol Binding (GO:0015485),13/50,3.088255216353949e-08,binding,GO_Molecular_Function_2023,6.973479520799241e-10,0.0,0.0,12.581230677171636,265.25935390068656,GRAMD1C;STARD3;STARD5;OSBPL3;SULT2B1;SCP2;NPC1;SOAT1;NPC2;APOF;APOD;OSBPL1A;ABCG1,0.26
8,555,Ethanol Metabolic Process (GO:0006067),8/14,3.9730218521942624e-08,cellular process,GO_Biological_Process_2023,8.670663434250923e-10,0.0,0.0,47.38330286410725,988.695525592708,SULT1A1;ADH4;SULT1B1;ADH1C;ADH1B;ADH1A;ADH6;SULT2A1,0.5714285714285714
8,555,Cholesterol Homeostasis (GO:0042632),15/72,4.393020433648182e-08,homeostatic process,GO_Biological_Process_2023,9.929664269352867e-10,0.0,0.0,9.448343079922028,195.86721578718164,SCARB1;ACSM3;AKR1C1;CYP7B1;CYP39A1;FABP3;APOM;NPC1;SOAT1;NPC2;LIPG;ABCG4;LDLR;ABCG1;CES1,0.20833333333333334
8,555,"Oxidoreductase Activity, Acting On The Aldehyde Or Oxo Group Of Donors, NAD Or NADP As Acceptor (GO:0016620)",9/20,4.5337005210433136e-08,catalytic activity,GO_Molecular_Function_2023,1.1699872312369842e-09,0.0,0.0,29.12187812187812,598.9284957758761,ALDH3A2;ALDH4A1;ALDH3B2;ALDH6A1;AKR1B10;ALDH3B1;AKR1B1;HSD17B12;ALDH8A1,0.45
8,555,Purine Ribonucleotide Metabolic Process (GO:0009150),16/84,4.767192446506735e-08,cellular process,GO_Biological_Process_2023,1.114698155847249e-09,0.0,0.0,8.458801702499182,174.37550872851438,ACSM3;ACOT12;ABHD14B;ACSM5;CROT;GLYAT;BAAT;SULT2B1;SULT1A1;SULT1B1;ACOT2;ACOT1;MLYCD;ACOT6;ACOT4;SULT2A1,0.19047619047619047
8,555,Sterol Homeostasis (GO:0055092),15/73,5.041898829687608e-08,homeostatic process,GO_Biological_Process_2023,1.2182296470796243e-09,0.0,0.0,9.284961685823754,190.58188997277807,SCARB1;ACSM3;AKR1C1;CYP7B1;CYP39A1;FABP3;APOM;NPC1;SOAT1;NPC2;LIPG;ABCG4;LDLR;ABCG1;CES1,0.2054794520547945
8,555,Prostanoid Metabolic Process (GO:0006692),8/16,1.418456144632434e-07,cellular process,GO_Biological_Process_2023,3.5378485290910278e-09,0.0,0.0,35.53382084095064,691.4791654521244,HPGDS;HPGD;AKR1C1;GSTA1;CYP4F8;PTGR1;PTGR2;CES1,0.5
8,555,Bile Acid And Bile Salt Transport (GO:0015721),10/23,1.0599231785359648e-08,localization,GO_Biological_Process_2023,2.0653218599687542e-10,0.0,0.0,27.42695836273818,611.6366636416376,ABCC3;ABCC4;ABCC2;ABCD3;SLC10A1;AKR1C1;SLCO2B1;SLCO1A2;SLCO1B3;SLC51A,0.43478260869565216
8,555,Monocarboxylic Acid Transport (GO:0015718),18/73,7.758256314145429e-11,localization,GO_Biological_Process_2023,9.67514427329126e-13,0.0,0.0,11.817166074149316,326.9106265520724,ABCC3;ABCC4;SLC27A1;ABCD3;ABCC2;ACSL1;SLC10A1;ABCB4;AKR1C1;SLC6A12;SLC51A;FABP1;FABP6;SLCO2B1;SLCO1B3;SLCO1A2;SLC27A3;SLC27A4,0.2465753424657534
8,555,Retinoid Metabolic Process (GO:0001523),15/40,6.70498499797058e-12,cellular process,GO_Biological_Process_2023,7.83903156426802e-14,0.0,0.0,21.57777777777778,651.1542399143473,LRP1;ADH1B;AKR1C1;AKR1B1;LRP2;DHRS4;ADH4;CYP27C1;AKR1B10;RDH11;CYP4V2;RDH10;RDH5;BCO2;ALDH8A1,0.375
8,555,Peroxisome,31/82,2.857660069673409e-25,Transport and catabolism,KEGG_2021_Human,2.401395016532277e-27,0.0,0.0,22.497156114354137,1378.935010513654,ABCD2;ABCD3;PEX11A;ECI2;MPV17L;CROT;SCP2;MLYCD;ACAA1;DECR2;HAO2;GSTK1;PHYH;ACSL1;ACSL5;PIPOX;BAAT;DHRS4;NUDT7;AMACR;DAO;ACOX2;ACOX1;EHHADH;PXMP2;ACOX3;AGXT;PEX11G;SLC27A2;CRAT;PAOX,0.3780487804878049
8,555,Fatty acid elongation,9/27,1.6329219180316845e-07,Lipid metabolism,KEGG_2021_Human,2.7444065849272004e-08,0.0,0.0,17.79029304029304,309.74885353410804,ACAA2;ELOVL4;ELOVL2;ELOVL3;THEM5;ACOT2;ACOT1;HSD17B12;ACOT4,0.3333333333333333
8,555,Arginine and proline metabolism,12/50,5.386264396864699e-08,Amino acid metabolism,KEGG_2021_Human,8.599917944573889e-09,0.0,0.0,11.28642047106717,209.6059064777031,ALDH3A2;ALDH4A1;GATM;DAO;MAOB;ALDH1B1;MAOA;HOGA1;PRODH2;ALDH7A1;CNDP2;AGMAT,0.24
8,555,Phenylalanine metabolism,8/17,4.3107755657005674e-08,Amino acid metabolism,KEGG_2021_Human,6.52050085568153e-09,0.0,0.0,31.58399349989844,595.3050472507393,ALDH3B2;AOC2;MAOB;MAOA;ALDH3B1;PAH;GLYAT;HPD,0.47058823529411764
8,555,CoA Hydrolase Activity (GO:0016289),11/15,1.303595773916402e-12,catalytic activity,GO_Molecular_Function_2023,8.410295315589691e-15,0.0,0.0,98.27711397058825,3185.094416355037,ABCD2;ABCD3;ACAA2;ACOT11;ACOT12;ACOT2;ACOT13;ACOT1;BAAT;ACOT6;ACOT4,0.7333333333333333
8,555,PPAR signaling pathway,26/74,2.1327219131113012e-20,Endocrine system,KEGG_2021_Human,3.5844065766576485e-22,0.0,0.0,19.86145242596093,980.7640644240912,SLC27A1;LPL;DBI;FADS2;ACADL;CPT2;SCP2;ME1;HMGCS2;ACAA1;PLTP;PCK2;ACSL1;ACSL5;CYP27A1;FABP1;FABP3;ACOX2;ACOX1;FABP6;SCD;EHHADH;PLIN4;ACOX3;SLC27A2;SLC27A4,0.35135135135135137
8,555,Fatty acid degradation,21/43,3.309460771138253e-20,Lipid metabolism,KEGG_2021_Human,8.343178414634252e-22,0.0,0.0,34.719356486210415,1685.1188199026906,GCDH;ACADVL;ACAA2;ADH1C;ADH1B;ACSL1;ADH1A;ECI2;ACSL5;ADH5;ADH6;ALDH3A2;ADH4;ACADL;ALDH1B1;CPT2;ACOX1;EHHADH;ACOX3;ACAA1;ALDH7A1,0.4883720930232558
8,555,Pyruvate metabolism,18/47,4.670557703578239e-15,Carbohydrate metabolism,KEGG_2021_Human,1.5699353625473072e-16,0.0,0.0,22.441918705451744,816.6687610907389,ADH1C;ADH1B;ADH1A;ACOT12;AKR1A1;ADH5;ADH6;ALDH3A2;ADH4;GRHPR;PC;ALDH1B1;LDHD;ME1;HAGH;ACSS1;ALDH7A1;PCK2,0.3829787234042553
8,555,Metabolism of xenobiotics by cytochrome P450,21/76,2.34016671370243e-14,Xenobiotics biodegradation and metabolism,KEGG_2021_Human,9.832633250850545e-16,0.0,0.0,13.86414708886619,479.0846796596957,CBR1;GSTK1;ADH1C;GSTO1;ADH1B;ADH1A;MGST3;AKR1C1;EPHX1;ADH5;ADH6;ADH4;ALDH3B2;AKR7A2;HPGDS;AKR7A3;CYP2D7;ALDH3B1;GSTA1;SULT2A1;CBR3,0.27631578947368424
8,555,Primary bile acid biosynthesis,7/17,1.0560677955660307e-06,Lipid metabolism,KEGG_2021_Human,1.8636490509988778e-07,0.0,0.0,24.8257299270073,384.6885685065242,CYP27A1;CYP39A1;AMACR;ACOX2;SCP2;BAAT;CYP7B1,0.4117647058823529
8,555,Biosynthesis of unsaturated fatty acids,14/27,3.898580678983258e-14,Lipid metabolism,KEGG_2021_Human,1.9656709305797943e-15,0.0,0.0,38.68164367979525,1309.874286076643,ELOVL4;ELOVL2;ELOVL3;HSD17B12;BAAT;FADS2;SCP2;ACOX1;SCD;ACOT2;ACOT1;ACOX3;ACAA1;ACOT4,0.5185185185185185
8,555,Tyrosine metabolism,15/36,1.7881354605546697e-13,Amino acid metabolism,KEGG_2021_Human,1.2021078726417947e-14,0.0,0.0,25.693121693121693,823.5188841650959,AOC2;ADH1C;MAOB;HGD;ADH1B;MAOA;ADH1A;FAH;ADH5;ADH6;GSTZ1;ADH4;ALDH3B2;ALDH3B1;HPD,0.4166666666666667
8,555,Drug metabolism,22/108,2.609254210268827e-12,None,KEGG_2021_Human,1.9733855371781048e-13,0.0,0.0,9.291373969195863,271.80851236836384,GSTK1;MAOB;ADH1C;MAOA;GSTO1;ADH1B;MGST3;ADH1A;FMO2;FMO4;FMO5;ADH5;ADH6;ADH4;ALDH3B2;HPGDS;CYP2D7;NAT1;ALDH3B1;GSTA1;CES2;CES1,0.2037037037037037
8,555,Steroid biosynthesis,11/20,1.0856132237969246e-11,Lipid metabolism,KEGG_2021_Human,9.122800199974157e-13,0.0,0.0,43.66748366013072,1210.5862003826066,SOAT1;CYP51A1;CYP2R1;SC5D;DHCR24;MSMO1;DHCR7;HSD17B7;LIPA;TM7SF2;FDFT1,0.55
8,555,"Glycine, serine and threonine metabolism",14/40,1.765236523605948e-11,Amino acid metabolism,KEGG_2021_Human,1.6317312403080193e-12,0.0,0.0,19.327882838049195,524.5854040852848,DMGDH;ALAS1;AOC2;SDS;MAOB;MAOA;PIPOX;GNMT;GRHPR;GATM;DAO;SARDH;AGXT;ALDH7A1,0.35
8,555,Retinol metabolism,17/68,3.2356371579677644e-11,Metabolism of cofactors and vitamins,KEGG_2021_Human,3.262827386185981e-12,0.0,0.0,12.016109045848824,317.80718292386973,DGAT1;ADH1C;RETSAT;ADH1B;ADH1A;HSD17B6;ADH5;ADH6;DHRS4;ADH4;CYP26A1;CYP27C1;CYP26C1;RDH11;RDH10;RDH16;RDH5,0.25
8,555,beta-Alanine metabolism,12/30,9.304443666592408e-11,Metabolism of other amino acids,KEGG_2021_Human,1.0164518291235404e-11,0.0,0.0,23.85144260282382,603.7305310384637,ALDH3A2;ALDH3B2;ALDH6A1;AOC2;ALDH1B1;ACOX1;ALDH3B1;EHHADH;MLYCD;ACOX3;ALDH7A1;CNDP2,0.4
8,555,ABC transporters,13/45,1.384710969655581e-09,Membrane transport,KEGG_2021_Human,1.6290717290065662e-10,0.0,0.0,14.550795664206642,327.94351282835714,ABCC3;ABCC4;ABCD2;ABCD3;ABCC2;ABCA6;ABCB4;ABCC6;ABCA9;ABCB9;ABCA8;ABCG4;ABCG1,0.28888888888888886
8,555,Glycolysis / Gluconeogenesis,15/67,2.6788691375549035e-09,Carbohydrate metabolism,KEGG_2021_Human,3.3767258036406343e-10,0.0,0.0,10.359508547008549,225.9299457792264,ADH1C;ADH1B;ADH1A;AKR1A1;ADH5;ADH6;ALDH3A2;ADH4;ALDH3B2;ALDH1B1;ALDH3B1;GALM;ACSS1;ALDH7A1;PCK2,0.22388059701492538
8,555,Cholesterol metabolism,17/50,1.7881354605546697e-13,Digestive system,KEGG_2021_Human,1.1353307920768702e-14,0.0,0.0,18.587585896136083,596.8337630096881,SCARB1;MYLIP;STARD3;LRP1;LPL;LRP2;LIPA;CYP27A1;NCEH1;NPC1;SOAT1;NPC2;APOH;LIPG;APOC1;LDLR;PLTP,0.34
8,555,"Valine, leucine and isoleucine degradation",10/48,3.42037693584082e-06,Amino acid metabolism,KEGG_2021_Human,6.323385931806557e-07,0.0,0.0,9.370835345243844,133.7578122329743,ALDH3A2;MCEE;ALDH6A1;ACAA2;ALDH1B1;EHHADH;IVD;HMGCS2;ACAA1;ALDH7A1,0.20833333333333334
8,555,Steroid hormone biosynthesis,11/61,4.189756760430502e-06,Lipid metabolism,KEGG_2021_Human,8.097849200832063e-07,0.0,0.0,7.843566176470588,110.01775866167937,SULT2B1;HSD11B2;CYP11A1;HSD17B1;AKR1C1;HSD17B2;HSD17B12;HSD17B6;CYP7B1;HSD17B7;HSD17B8,0.18032786885245902
8,555,"Oxidoreductase Activity, Acting On The CH-OH Group Of Donors, NAD Or NADP As Acceptor (GO:0016616)",35/95,8.96963987693477e-28,catalytic activity,GO_Molecular_Function_2023,2.8934322183660553e-30,0.0,0.0,21.74599358974359,1479.0561324428538,H6PD;ADH1C;HPGD;ADH1B;ADH1A;HSD17B6;HSD17B11;HSD17B7;HSD17B8;ADH5;ADH6;ADH4;AKR7A2;AKR7A3;RDH11;RDH10;LDHD;ME1;RDH16;CBR3;CBR1;DCXR;AKR1C1;AKR1A1;PTGR1;DHRS1;DHRS4;UGDH;GRHPR;BDH2;AKR1B10;BDH1;EHHADH;RDH5;CRYL1,0.3684210526315789
8,555,Monocarboxylic Acid Biosynthetic Process (GO:0072330),19/65,7.841624786729319e-13,cellular process,GO_Biological_Process_2023,7.334333393667329e-15,0.0,0.0,14.948937378325764,486.5312532134158,ABCD3;SDS;ACSM3;ELOVL4;OSBPL3;ACSM5;HOGA1;BAAT;CYP7B1;HSD17B8;CYP27A1;CYP39A1;GATM;AMACR;SCP2;ACOX2;MLYCD;OSBPL1A;SLC27A2,0.2923076923076923
8,555,Tryptophan metabolism,9/42,8.574557669252924e-06,Amino acid metabolism,KEGG_2021_Human,1.8013776616077571e-06,0.0,0.0,9.696303696303696,128.25260968022204,ALDH3A2;GCDH;MAOB;ALDH1B1;MAOA;EHHADH;ALDH8A1;ALDH7A1;INMT,0.21428571428571427
8,555,Ovarian steroidogenesis,10/51,5.683980360836952e-06,Endocrine system,KEGG_2021_Human,1.1463489803368643e-06,0.0,0.0,8.683821884090401,118.78537836104786,CYP2J2;SCARB1;CYP11A1;HSD17B1;HSD17B2;ACOT2;ACOT1;HSD17B7;LDLR;ACOT4,0.19607843137254902
8,555,Fatty Acid Beta-Oxidation Using acyl-CoA Oxidase (GO:0033540),10/11,3.128131931331203e-13,cellular process,GO_Biological_Process_2023,2.681952552193549e-15,0.0,0.0,356.77064220183485,11970.451108708798,ACOXL;AMACR;ACOX2;SCP2;ACOX1;EHHADH;ACOX3;CROT;DECR2;CRAT,0.9090909090909091
8,555,Mitochondrial Matrix (GO:0005759),41/355,2.883073561946457e-13,cellular anatomical structure,GO_Cellular_Component_2023,1.0838622413332544e-14,0.0,0.0,4.859915983047907,156.27380836380632,DMGDH;GCDH;ACADVL;ACAA2;ALAS1;ACSM3;ETFDH;ACSM5;OGDHL;GLYAT;HSD17B8;MCEE;ACADL;ALDH1B1;CYP11A1;THEM5;MLYCD;HMGCS2;BCO2;ACSS1;ACAD10;AASS;DECR1;PCK2;GSTK1;ADHFE1;HOGA1;ETNPPL;CYP27A1;ALDH4A1;GSTZ1;ALDH6A1;BTD;BDH1;TST;ETHE1;IVD;FDX1;ACOT2;SARDH;ALDH7A1,0.11549295774647887
8,555,Very Long-Chain Fatty Acid Metabolic Process (GO:0000038),15/32,1.736107115067017e-13,cellular process,GO_Biological_Process_2023,1.3531622097170824e-15,0.0,0.0,31.745098039215687,1086.8357210487616,ABCD2;ABCD3;ELOVL4;ACSL1;CYP4F2;ELOVL2;ELOVL3;ACOX2;ACOX1;ACOT2;ACOT1;ACAA1;SLC27A2;ACOT4;SLC27A4,0.46875
8,555,Cholesterol Metabolic Process (GO:0008203),20/67,1.2844236430153844e-13,cellular process,GO_Biological_Process_2023,9.009986583895914e-16,0.0,0.0,15.428912308610062,534.5042396557493,STARD3;ACAA2;CYP51A1;MSMO1;DHCR24;HSD17B7;TM7SF2;CYP27A1;SULT2B1;PLPP6;SOAT1;CYP11A1;FDX1;APOF;DHCR7;OSBPL1A;ABCG1;SULT2A1;CES1;FDFT1,0.29850746268656714
8,555,Long-Chain Fatty Acid Metabolic Process (GO:0001676),22/78,2.001049051284825e-14,cellular process,GO_Biological_Process_2023,1.2477312868494622e-16,0.0,0.0,14.29100777271509,523.3371984792574,CYP2J2;ABCD3;ACSL1;ELOVL2;CYP4F2;ELOVL3;EPHX1;ACSL5;PTGR1;CYP4F11;ACADL;CPT2;CYP2D7;SCP2;GSTA1;ACOT2;ACOT1;ACAA1;SLC27A3;SLC27A2;ACOT4;SLC27A4,0.28205128205128205
8,555,Bile secretion,17/90,2.8668729770546796e-09,Digestive system,KEGG_2021_Human,3.8546191288130144e-10,0.0,0.0,8.38529306920609,181.76446536425416,ABCC3;SCARB1;ABCC4;ABCC2;SLC10A1;ABCB4;EPHX1;SLC51A;SLCO1B7;BAAT;SLC4A4;NCEH1;SLCO1B3;SLCO1A2;LDLR;SLC22A7;SULT2A1,0.18888888888888888
8,555,Lipid Transport (GO:0006869),27/108,2.3572646196355194e-16,localization,GO_Biological_Process_2023,1.2861147574005173e-18,0.0,0.0,12.224747474747474,503.5973208482311,SCARB1;SLC27A1;ABCD3;SCP2;SLCO2B1;TTPA;SLCO1B3;PLTP;LDLR;ABCC3;ABCC4;ABCC2;ACSL1;ABCA6;SLC10A1;AKR1C1;ABCA9;SLC51A;ABCA8;FABP1;FABP3;NPC2;FABP6;EHHADH;SLCO1A2;SLC27A3;SLC27A4,0.25
8,555,Monocarboxylic Acid Metabolic Process (GO:0032787),27/97,1.5410234599294046e-17,cellular process,GO_Biological_Process_2023,6.00554738865707e-20,0.0,0.0,14.153814935064934,626.4339535609545,MSMO1;GLYAT;CROT;SCP2;ME1;ACAA1;DECR2;CYP2J2;ACBD4;AKR1C1;ACOT11;CYP4B1;HOGA1;CYP4F11;BAAT;GRHPR;GATM;BTD;AMACR;NPC1;ACOT2;ACOT1;ECHDC3;ACOT6;AGXT;ACOT4;SLC27A4,0.27835051546391754
8,555,Fatty Acid Oxidation (GO:0019395),22/52,1.4955600522529194e-18,cellular process,GO_Biological_Process_2023,4.6626969672733256e-21,0.0,0.0,26.71232020012508,1250.5290674512282,ABCD2;PHYH;ABCD3;ACAA2;CYP4F2;ECI2;CROT;ADH5;ADH4;BDH2;CPT2;SCP2;ACOX1;CYP4V2;EHHADH;ECHDC2;ACAA1;ACAD11;ACAD10;SLC27A2;HAO2;DECR1,0.4230769230769231
8,555,Fatty Acid Metabolic Process (GO:0006631),36/122,1.5110409558837864e-24,cellular process,GO_Biological_Process_2023,3.53322125304081e-27,0.0,0.0,15.614195456378546,951.022976309546,ABCD2;ABCD3;ACSM3;HPGD;ACSM5;MSMO1;CROT;HSD17B8;CPT2;MLYCD;ACAA1;DECR2;HAO2;CYP2J2;PHYH;ACBD4;ELOVL4;ACSL1;CYP4F2;ACOT11;ACSL5;CYP4B1;CYP4F11;BAAT;ACOX2;ACOX1;ACOT2;ACOT1;ECHDC3;ACOT6;SLC27A3;SLC27A2;CRAT;ACOT4;CES1;SLC27A4,0.29508196721311475
8,555,Peroxisome (GO:0005777),36/129,1.3808083153340475e-24,cellular anatomical structure,GO_Cellular_Component_2023,3.114605222558002e-26,0.0,0.0,14.433712474361364,847.7079551551052,ABCD2;ABCD3;PEX11A;ECI2;CROT;ACOXL;SCP2;LONP2;MLYCD;ACAA1;ACAD11;DECR2;HAO2;GSTK1;PHYH;PIPOX;BAAT;DHRS4;ALDH3A2;FABP1;GRHPR;NUDT7;AMACR;ACOX2;ACOX1;EHHADH;PXMP2;ACOT2;ACOX3;ACOT6;PEX11G;AGXT;SLC27A2;CRAT;ACOT4;PAOX,0.27906976744186046
8,555,Steroid Metabolic Process (GO:0008202),33/92,2.393531689153222e-25,cellular process,GO_Biological_Process_2023,3.7311483852739236e-28,0.0,0.0,20.772063120981883,1311.8734918056116,HSD17B14;MSMO1;HSD17B6;LRP2;HSD11B2;CYP2D7;SCP2;CYP11A1;CYP4V2;HSD17B1;CYP2R1;HSD17B2;RDH16;ACAA1;SULT2A1;FDFT1;CBR1;STARD3;AKR1C1;CYP51A1;DHCR24;BAAT;CYP7B1;DHRS4;CYP27A1;CYP39A1;SULT2B1;CYP26A1;CYP26C1;AMACR;BDH1;NPC1;RDH5,0.358695652173913
8,555,Fatty Acid Beta-Oxidation (GO:0006635),27/49,1.7926498140779414e-26,cellular process,GO_Biological_Process_2023,1.3972329026328462e-29,0.0,0.0,45.14643595041322,2999.5506000814244,GCDH;ABCD2;ACADVL;ABCD3;ACAA2;ECI2;ETFDH;CROT;ACOXL;ACADL;CPT2;SCP2;ACAA1;ACAD11;DECR2;ACAD10;DECR1;BDH2;AMACR;ACOX2;ACOX1;EHHADH;IVD;ECHDC2;ACOX3;SLC27A2;CRAT,0.5510204081632653
8,555,Microbody Lumen (GO:0031907),27/49,9.291598802508428e-28,cellular anatomical structure,GO_Cellular_Component_2023,1.3972329026328462e-29,0.0,0.0,45.14643595041322,2999.5506000814244,ECI2;CROT;ACOXL;SCP2;LONP2;MLYCD;ACAA1;HAO2;GSTK1;PHYH;PIPOX;BAAT;DHRS4;FABP1;GRHPR;NUDT7;AMACR;ACOX2;ACOX1;EHHADH;ACOT2;ACOX3;ACOT6;AGXT;CRAT;ACOT4;PAOX,0.5510204081632653
8,555,Peroxisomal Matrix (GO:0005782),27/49,9.291598802508428e-28,cellular anatomical structure,GO_Cellular_Component_2023,1.3972329026328462e-29,0.0,0.0,45.14643595041322,2999.5506000814244,ECI2;CROT;ACOXL;SCP2;LONP2;MLYCD;ACAA1;HAO2;GSTK1;PHYH;PIPOX;BAAT;DHRS4;FABP1;GRHPR;NUDT7;AMACR;ACOX2;ACOX1;EHHADH;ACOT2;ACOX3;ACOT6;AGXT;CRAT;ACOT4;PAOX,0.5510204081632653
8,555,Fatty Acid Catabolic Process (GO:0009062),22/61,6.466838130701552e-17,cellular process,GO_Biological_Process_2023,3.0242423058619883e-19,0.0,0.0,20.538413431471596,875.8083948440966,ABCD2;PHYH;ABCD3;ACAA2;ECI2;CROT;MCEE;NUDT7;BDH2;ACADL;CPT2;SCP2;ACOX1;EHHADH;ECHDC2;ACAA1;ACAD11;ACAD10;SLC27A2;HAO2;SLC27A4;DECR1,0.36065573770491804
8,555,Histidine metabolism,9/22,2.308029799482504e-08,Amino acid metabolism,KEGG_2021_Human,3.297185427832148e-09,0.0,0.0,24.63905325443787,481.2055549115496,ALDH3A2;ALDH3B2;MAOB;ALDH1B1;MAOA;ALDH3B1;ALDH7A1;ASPA;CNDP2,0.4090909090909091
10,299,Olfactory transduction,296/440,0.0,Sensory system,KEGG_2021_Human,0.0,0.0,0.0,13400.166666666666,inf,OR8I2;OR7G1;OR9K2;OR2M7;OR11H4;OR52N1;OR2M5;OR2M4;OR2M3;OR4K17;OR2M2;OR1K1;OR4Q3;OR52N5;OR52N4;OR51L1;OR52N2;OR5D18;OR2AE1;OR11H6;OR2A42;OR5D16;OR8H3;OR5D13;OR8H2;OR2L8;OR11G2;OR1J4;OR2L3;OR1J2;OR4P4;OR1J1;OR2L2;OR10AD1;OR52M1;OR6T1;OR10V1;OR4K15;OR4K14;OR4K13;OR4C12;OR6C6;OR4C11;OR6C4;OR4C16;OR6C3;OR8G5;OR5A2;OR6C2;OR5AK2;OR5A1;OR6C1;OR4C13;OR8G1;OR9I1;OR13J1;OR2K2;OR1I1;OR10T2;OR51J1;OR6S1;OR52L1;OR5M11;OR5M10;OR7D4;OR7D2;OR6B1;OR2A25;OR8B12;OR51I2;OR14K1;OR4N5;OR2J2;OR4N4;OR10S1;OR4N2;OR5P3;OR51I1;OR52K2;OR52K1;OR9G9;OR4D11;OR10C1;OR2A12;OR4D10;OR2Z1;OR9G4;OR2A14;OR9G1;OR2A1;OR10J1;OR4E2;OR10J3;OR5W2;OR6Y1;OR51Q1;OR4D9;OR5AP2;OR52B2;OR4D6;OR5B17;OR4D5;OR52B6;OR5F1;OR1N1;OR10Z1;OR6X1;OR52R1;OR52A1;OR4A15;OR4C3;OR3A2;OR52A5;OR4A16;OR8K5;OR8K1;OR10H5;OR10H4;OR1M1;OR4S2;OR4S1;OR2AG2;OR4C45;OR5AN1;OR4C46;OR4B1;OR6F1;OR8J3;OR8J1;OR10G2;OR14A16;OR1L8;OR10G4;OR10G3;OR1L6;OR51M1;OR1L4;OR1L3;OR1L1;OR5T2;OR6V1;OR10X1;OR10G8;OR4A5;OR10G7;OR10G9;OR7G3;OR5C1;OR1C1;OR5K2;OR51D1;OR5K1;OR6M1;OR2T12;OR2T10;OR52W1;OR1S2;OR1S1;OR13D1;OR2D3;OR1B1;OR2D2;OR52E4;OR14C36;OR5J2;OR5AS1;OR2T8;OR2T6;OR2T5;OR2T4;OR2T3;OR2T2;OR13C9;OR13C8;OR4X2;OR5AC2;OR4X1;OR9A4;OR51T1;OR9A2;OR52E8;OR52E6;OR13C3;OR13C2;OR13C5;OR13C4;OR2C3;OR1A2;OR1A1;OR6K6;OR6K3;OR51B2;OR6K2;OR5AR1;OR5I1;OR52D1;OR9Q2;OR9Q1;OR1Q1;OR2S2;OR2AK2;OR51S1;OR51B6;OR4A47;OR51B5;OR51B4;OR4F6;OR2B3;OR5H6;OR4F4;OR10K2;OR4F3;OR5H2;OR5B21;OR5H1;OR51A4;OR2A7;OR51A2;OR13A1;OR51A7;OR2A2;OR7A10;OR14J1;OR8U9;OR13H1;OR8U8;OR4M1;OR10R2;OR10AG1;OR8U3;OR6Q1;OR8U1;OR56B1;OR8D4;OR8D2;OR56B4;OR8D1;OR51G2;OR51G1;OR52I2;OR6C70;OR52I1;OR6C76;OR6C75;OR13G1;OR6C74;OR14I1;OR4L1;OR10Q1;OR6P1;OR10A7;OR56A5;OR7A5;OR10A2;OR56A4;OR10A4;OR10A3;OR56A3;OR10A6;OR56A1;OR51F2;OR5M9;OR2G6;OR51F1;OR52H1;OR5M8;OR6C65;OR2G3;OR2G2;OR5M3;OR4K2;OR4K1;OR5M1;OR8S1;OR2T33;OR2W3;OR8B8;OR2W1;OR8B4;OR13F1;OR6C68;OR12D3;OR5AU1;OR1D5;OR2T27;OR1D4;OR2T29;OR5L2;OR6N2;OR5L1;OR6N1;OR4F17;OR51V1;OR2V2;OR2V1;OR8A1,0.6727272727272727
10,299,Sensory Perception Of Chemical Stimulus (GO:0007606),67/110,4.181126130800443e-95,multicellular organismal process,GO_Biological_Process_2023,7.964049772953224e-96,0.0,0.0,132.02546110665597,28910.041831275103,OR10J1;OR8I2;OR1C1;OR8U9;OR8U8;OR2M4;OR8U3;OR8U1;OR5D18;OR5AP2;OR8D4;OR5D16;OR8D2;OR5B17;OR8D1;OR5D13;OR8H3;OR8H2;OR2D2;OR5F1;OR5AC2;OR7A5;OR52A1;OR6C3;OR8G5;OR5AK2;OR6C2;OR10A3;OR3A2;OR52A5;OR8G1;OR8K5;OR9I1;OR5M9;OR5M8;OR8K1;OR5I1;OR52D1;OR5M3;OR9Q2;OR9Q1;OR5M1;OR51J1;OR5M11;OR1Q1;OR2S2;OR5M10;OR8B8;OR51B6;OR8B4;OR51B5;OR5AN1;OR51B4;OR1D5;OR8J3;OR8B12;OR51I2;OR8J1;OR5B21;OR5L2;OR51M1;OR5L1;OR51I1;OR5T2;OR51V1;OR8A1;OR9G4,0.6090909090909091
10,299,Expression And Translocation Of Olfactory Receptors R-HSA-9752946,291/393,0.0,Sensory Perception,Reactome_2022,0.0,0.0,0.0,6989.349264705882,inf,OR8I2;OR7G1;OR9K2;OR2M7;OR11H4;OR52N1;OR2M5;OR2M4;OR2M3;OR4K17;OR2M2;OR1K1;OR4Q3;OR52N5;OR52N4;OR51L1;OR52N2;OR5D18;OR2AE1;OR11H6;OR5D16;OR8H3;OR5D13;OR8H2;OR2L8;OR11G2;OR1J4;OR2L3;OR1J2;OR4P4;OR1J1;OR2L2;OR10AD1;OR52M1;OR6T1;OR10V1;OR4K15;OR4K14;OR4K13;OR4C12;OR6C6;OR4C11;OR6C4;OR4C16;OR6C3;OR8G5;OR5A2;OR6C2;OR5AK2;OR5A1;OR6C1;OR4C13;OR8G1;OR9I1;OR13J1;OR2K2;OR1I1;OR10T2;OR6S1;OR52L1;OR5M11;OR5M10;OR7D4;OR7D2;OR6B1;OR2A25;OR8B12;OR51I2;OR14K1;OR4N5;OR2J2;OR4N4;OR10S1;OR4N2;OR5P3;OR51I1;OR52K2;OR52K1;OR9G9;OR4D11;OR10C1;OR2A12;OR4D10;OR2Z1;OR9G4;OR2A14;OR2A1;OR10J1;OR4E2;OR5W2;OR6Y1;OR51Q1;OR4D9;OR5AP2;OR52B2;OR4D6;OR5B17;OR4D5;OR52B6;OR5F1;OR1N1;OR10Z1;OR6X1;OR52R1;OR52A1;OR4A15;OR4C3;OR3A2;OR52A5;OR4A16;OR8K5;OR8K1;OR10H5;OR10H4;OR1M1;OR4S2;OR4S1;OR2AG2;OR4C45;OR5AN1;OR4C46;OR4B1;OR6F1;OR8J3;OR8J1;OR10G2;OR14A16;OR1L8;OR10G4;OR10G3;OR1L6;OR51M1;OR1L4;OR1L3;OR1L1;OR5T2;OR6V1;OR10X1;OR10G8;OR4A5;OR10G7;OR10G9;OR7G3;OR5C1;OR1C1;OR5K2;OR51D1;OR5K1;OR6M1;OR2T12;OR2T10;OR52W1;OR1S2;OR1S1;OR13D1;OR2D3;OR1B1;OR2D2;OR52E4;OR14C36;OR5J2;OR5AS1;OR2T8;OR2T6;OR2T5;OR2T4;OR2T3;OR2T2;OR13C9;OR13C8;OR4X2;OR5AC2;OR4X1;OR9A4;OR51T1;OR9A2;OR52E8;OR52E6;OR13C3;OR13C2;OR13C5;OR13C4;OR2C3;OR1A2;OR1A1;OR6K6;OR6K3;OR51B2;OR6K2;OR5AR1;OR5I1;OR52D1;OR9Q2;OR9Q1;OR1Q1;OR2S2;OR2AK2;OR51S1;OR51B6;OR4A47;OR51B5;OR51B4;OR4F6;OR2B3;OR5H6;OR10K2;OR4F3;OR5H2;OR5B21;OR5H1;OR51A4;OR2A7;OR51A2;OR13A1;OR51A7;OR2A2;OR7A10;RTP2;OR14J1;OR8U9;OR13H1;OR8U8;OR4M1;OR10R2;OR10AG1;OR8U3;OR6Q1;OR8U1;OR56B1;OR8D4;OR8D2;OR56B4;OR8D1;OR51G2;OR51G1;OR52I2;OR6C70;OR52I1;OR6C76;OR6C75;OR13G1;OR6C74;OR14I1;OR4L1;OR10Q1;OR6P1;OR10A7;OR56A5;OR7A5;OR10A2;OR56A4;OR10A4;OR10A3;OR56A3;OR10A6;OR56A1;OR51F2;OR5M9;OR2G6;OR51F1;OR52H1;OR5M8;OR6C65;OR2G3;OR2G2;OR5M3;OR4K2;OR4K1;OR5M1;OR8S1;OR2T33;OR2W3;OR8B8;OR2W1;OR8B4;OR13F1;OR6C68;OR12D3;OR5AU1;OR1D5;OR2T27;OR1D4;OR5L2;OR6N2;OR5L1;OR6N1;OR4F17;OR51V1;OR2V2;OR2V1;OR8A1,0.7404580152671756
10,299,Olfactory Signaling Pathway R-HSA-381753,291/401,0.0,Sensory Perception,Reactome_2022,0.0,0.0,0.0,6478.3875,inf,OR8I2;OR7G1;OR9K2;OR2M7;OR11H4;OR52N1;OR2M5;OR2M4;OR2M3;OR4K17;OR2M2;OR1K1;OR4Q3;OR52N5;OR52N4;OR51L1;OR52N2;OR5D18;OR2AE1;OR11H6;OR5D16;OR8H3;OR5D13;OR8H2;OR2L8;OR11G2;OR1J4;OR2L3;OR1J2;OR4P4;OR1J1;OR2L2;OR10AD1;OR52M1;OR6T1;OR10V1;OR4K15;OR4K14;OR4K13;OR4C12;OR6C6;OR4C11;OR6C4;OR4C16;OR6C3;OR8G5;OR5A2;OR6C2;OR5AK2;OR5A1;OR6C1;OR4C13;OR8G1;OR9I1;OR13J1;OR2K2;OR1I1;OR10T2;OR6S1;OR52L1;OR5M11;OR5M10;OR7D4;OR7D2;OR6B1;OR2A25;OR8B12;OR51I2;OR14K1;OR4N5;OR2J2;OR4N4;OR10S1;OR4N2;OR5P3;OR51I1;OR52K2;OR52K1;OR9G9;OR4D11;OR10C1;OR2A12;OR4D10;OR2Z1;OR9G4;OR2A14;OR2A1;OR10J1;OR4E2;OR5W2;OR6Y1;OR51Q1;OR4D9;OR5AP2;OR52B2;OR4D6;OR5B17;OR4D5;OR52B6;OR5F1;OR1N1;OR10Z1;OR6X1;OR52R1;OR52A1;OR4A15;OR4C3;OR3A2;OR52A5;OR4A16;OR8K5;OR8K1;OR10H5;OR10H4;OR1M1;OR4S2;OR4S1;OR2AG2;OR4C45;OR5AN1;OR4C46;OR4B1;OR6F1;OR8J3;OR8J1;OR10G2;OR14A16;OR1L8;OR10G4;OR10G3;OR1L6;OR51M1;OR1L4;OR1L3;OR1L1;OR5T2;OR6V1;OR10X1;OR10G8;OR4A5;OR10G7;OR10G9;OR7G3;OR5C1;OR1C1;OR5K2;OR51D1;OR5K1;OR6M1;OR2T12;OR2T10;OR52W1;OR1S2;OR1S1;OR13D1;OR2D3;OR1B1;OR2D2;OR52E4;OR14C36;OR5J2;OR5AS1;OR2T8;OR2T6;OR2T5;OR2T4;OR2T3;OR2T2;OR13C9;OR13C8;OR4X2;OR5AC2;OR4X1;OR9A4;OR51T1;OR9A2;OR52E8;OR52E6;OR13C3;OR13C2;OR13C5;OR13C4;OR2C3;OR1A2;OR1A1;OR6K6;OR6K3;OR51B2;OR6K2;OR5AR1;OR5I1;OR52D1;OR9Q2;OR9Q1;OR1Q1;OR2S2;OR2AK2;OR51S1;OR51B6;OR4A47;OR51B5;OR51B4;OR4F6;OR2B3;OR5H6;OR10K2;OR4F3;OR5H2;OR5B21;OR5H1;OR51A4;OR2A7;OR51A2;OR13A1;OR51A7;OR2A2;OR7A10;RTP2;OR14J1;OR8U9;OR13H1;OR8U8;OR4M1;OR10R2;OR10AG1;OR8U3;OR6Q1;OR8U1;OR56B1;OR8D4;OR8D2;OR56B4;OR8D1;OR51G2;OR51G1;OR52I2;OR6C70;OR52I1;OR6C76;OR6C75;OR13G1;OR6C74;OR14I1;OR4L1;OR10Q1;OR6P1;OR10A7;OR56A5;OR7A5;OR10A2;OR56A4;OR10A4;OR10A3;OR56A3;OR10A6;OR56A1;OR51F2;OR5M9;OR2G6;OR51F1;OR52H1;OR5M8;OR6C65;OR2G3;OR2G2;OR5M3;OR4K2;OR4K1;OR5M1;OR8S1;OR2T33;OR2W3;OR8B8;OR2W1;OR8B4;OR13F1;OR6C68;OR12D3;OR5AU1;OR1D5;OR2T27;OR1D4;OR5L2;OR6N2;OR5L1;OR6N1;OR4F17;OR51V1;OR2V2;OR2V1;OR8A1,0.7256857855361596
10,299,Sensory Perception R-HSA-9709957,291/616,0.0,Sensory Perception,Reactome_2022,0.0,0.0,0.0,2168.6215384615384,inf,OR8I2;OR7G1;OR9K2;OR2M7;OR11H4;OR52N1;OR2M5;OR2M4;OR2M3;OR4K17;OR2M2;OR1K1;OR4Q3;OR52N5;OR52N4;OR51L1;OR52N2;OR5D18;OR2AE1;OR11H6;OR5D16;OR8H3;OR5D13;OR8H2;OR2L8;OR11G2;OR1J4;OR2L3;OR1J2;OR4P4;OR1J1;OR2L2;OR10AD1;OR52M1;OR6T1;OR10V1;OR4K15;OR4K14;OR4K13;OR4C12;OR6C6;OR4C11;OR6C4;OR4C16;OR6C3;OR8G5;OR5A2;OR6C2;OR5AK2;OR5A1;OR6C1;OR4C13;OR8G1;OR9I1;OR13J1;OR2K2;OR1I1;OR10T2;OR6S1;OR52L1;OR5M11;OR5M10;OR7D4;OR7D2;OR6B1;OR2A25;OR8B12;OR51I2;OR14K1;OR4N5;OR2J2;OR4N4;OR10S1;OR4N2;OR5P3;OR51I1;OR52K2;OR52K1;OR9G9;OR4D11;OR10C1;OR2A12;OR4D10;OR2Z1;OR9G4;OR2A14;OR2A1;OR10J1;OR4E2;OR5W2;OR6Y1;OR51Q1;OR4D9;OR5AP2;OR52B2;OR4D6;OR5B17;OR4D5;OR52B6;OR5F1;OR1N1;OR10Z1;OR6X1;OR52R1;OR52A1;OR4A15;OR4C3;OR3A2;OR52A5;OR4A16;OR8K5;OR8K1;OR10H5;OR10H4;OR1M1;OR4S2;OR4S1;OR2AG2;OR4C45;OR5AN1;OR4C46;OR4B1;OR6F1;OR8J3;OR8J1;OR10G2;OR14A16;OR1L8;OR10G4;OR10G3;OR1L6;OR51M1;OR1L4;OR1L3;OR1L1;OR5T2;OR6V1;OR10X1;OR10G8;OR4A5;OR10G7;OR10G9;OR7G3;OR5C1;OR1C1;OR5K2;OR51D1;OR5K1;OR6M1;OR2T12;OR2T10;OR52W1;OR1S2;OR1S1;OR13D1;OR2D3;OR1B1;OR2D2;OR52E4;OR14C36;OR5J2;OR5AS1;OR2T8;OR2T6;OR2T5;OR2T4;OR2T3;OR2T2;OR13C9;OR13C8;OR4X2;OR5AC2;OR4X1;OR9A4;OR51T1;OR9A2;OR52E8;OR52E6;OR13C3;OR13C2;OR13C5;OR13C4;OR2C3;OR1A2;OR1A1;OR6K6;OR6K3;OR51B2;OR6K2;OR5AR1;OR5I1;OR52D1;OR9Q2;OR9Q1;OR1Q1;OR2S2;OR2AK2;OR51S1;OR51B6;OR4A47;OR51B5;OR51B4;OR4F6;OR2B3;OR5H6;OR10K2;OR4F3;OR5H2;OR5B21;OR5H1;OR51A4;OR2A7;OR51A2;OR13A1;OR51A7;OR2A2;OR7A10;RTP2;OR14J1;OR8U9;OR13H1;OR8U8;OR4M1;OR10R2;OR10AG1;OR8U3;OR6Q1;OR8U1;OR56B1;OR8D4;OR8D2;OR56B4;OR8D1;OR51G2;OR51G1;OR52I2;OR6C70;OR52I1;OR6C76;OR6C75;OR13G1;OR6C74;OR14I1;OR4L1;OR10Q1;OR6P1;OR10A7;OR56A5;OR7A5;OR10A2;OR56A4;OR10A4;OR10A3;OR56A3;OR10A6;OR56A1;OR51F2;OR5M9;OR2G6;OR51F1;OR52H1;OR5M8;OR6C65;OR2G3;OR2G2;OR5M3;OR4K2;OR4K1;OR5M1;OR8S1;OR2T33;OR2W3;OR8B8;OR2W1;OR8B4;OR13F1;OR6C68;OR12D3;OR5AU1;OR1D5;OR2T27;OR1D4;OR5L2;OR6N2;OR5L1;OR6N1;OR4F17;OR51V1;OR2V2;OR2V1;OR8A1,0.4724025974025974
10,299,Olfactory Receptor Activity (GO:0004984),249/362,0.0,molecular transducer activity,GO_Molecular_Function_2023,0.0,0.0,0.0,863.2587610619469,inf,OR8I2;OR7G1;OR9K2;OR2M7;OR52N1;OR2M5;OR2M4;OR2M3;OR2M2;OR52N5;OR52N4;OR51L1;OR52N2;OR5D18;OR2AE1;OR2A42;OR5D16;OR8H3;OR5D13;OR8H2;OR2L8;OR1J4;OR2L3;OR1J2;OR1J1;OR2L2;OR10AD1;OR52M1;OR6T1;OR10V1;OR6C6;OR6C4;OR1F12P;OR6C3;OR8G5;OR5A2;OR6C2;OR5AK2;OR5A1;OR6C1;OR8G1;OR9I1;OR13J1;OR2K2;OR1I1;OR10T2;OR51J1;OR6S1;OR52L1;OR5M11;OR5M10;OR7D4;OR7D2;OR6B1;OR2A25;OR8B12;OR51I2;OR14K1;OR2J2;OR10S1;OR5P3;OR51I1;OR52K2;OR52K1;OR10C1;OR2A12;OR2Z1;OR9G4;OR2A14;OR2A1;OR10J1;OR4E2;OR10J3;OR5W2;OR6Y1;OR51Q1;OR5AP2;OR52B2;OR5B17;OR52B6;OR5F1;OR1N1;OR10Z1;OR6X1;OR52R1;OR52A1;OR3A2;OR52A5;OR8K5;OR8K1;OR10H5;OR10H4;OR1M1;OR2AG2;OR5AN1;OR6F1;OR8J3;OR8J1;OR10G2;OR14A16;OR1L8;OR10G4;OR10G3;OR1L6;OR51M1;OR1L4;OR1L3;OR1L1;OR5T2;OR6V1;OR10G8;OR10G7;OR10G9;OR7G3;OR5C1;OR1C1;OR5K2;OR51D1;OR5K1;OR6M1;OR2T12;OR2T10;OR52W1;OR1S2;OR1S1;OR13D1;OR2D3;OR1B1;OR2D2;OR52E4;OR14C36;OR5J2;OR5AS1;OR2T8;OR2T6;OR2T5;OR2T4;OR2T3;OR2T2;OR13C9;OR13C8;OR5AC2;OR51T1;OR52E8;OR52E6;OR13C3;OR13C2;OR13C5;OR13C4;OR2C3;OR1A2;OR1A1;OR6K6;OR6K3;OR51B2;OR6K2;OR5AR1;OR5I1;OR52D1;OR9Q2;OR9Q1;OR1Q1;OR2S2;OR2AK2;OR51S1;OR51B6;OR51B5;OR51B4;OR2B3;OR5H6;OR10K2;OR5H2;OR5B21;OR5H1;OR51A4;OR51A2;OR13A1;OR51A7;OR2A2;OR7A10;OR51H1;OR14J1;OR8U9;OR13H1;OR8U8;OR4M1;OR10R2;OR10AG1;OR8U3;OR6Q1;OR8U1;OR56B1;OR8D4;OR8D2;OR56B4;OR8D1;OR51G2;OR51G1;OR52I2;OR6C70;OR6C76;OR6C75;OR13G1;OR6C74;OR14I1;OR10Q1;OR6P1;OR10A7;OR56A5;OR7A5;OR10A2;OR56A4;OR10A4;OR10A3;OR56A3;OR10A6;OR56A1;OR51F2;OR5M9;OR2G6;OR51F1;OR52H1;OR5M8;OR6C65;OR2G3;OR2G2;OR5M3;OR5M1;OR8S1;OR2T33;OR2W3;OR8B8;OR2W1;OR8B4;OR13F1;OR6C68;OR12D3;OR5AU1;OR1D5;OR2T27;OR2T29;OR5L2;OR6N2;OR5L1;OR6N1;OR51V1;OR2V2;OR2V1;OR8A1,0.6878453038674033
10,299,Sensory Perception Of Smell (GO:0007608),149/230,1.5262196960804247e-227,multicellular organismal process,GO_Biological_Process_2023,7.267712838478213e-229,0.0,0.0,240.6074074074074,126393.1270187044,OR8I2;OR1C1;OR2M7;OR2M5;OR2M4;OR2M3;OR2M2;OR2T12;OR2T10;OR5D18;OR2AE1;OR2A42;OR13D1;OR5D16;OR5D13;OR8H3;OR8H2;OR2D3;OR2D2;OR2L8;OR2L3;OR2L2;OR2T8;OR10AD1;OR2T6;OR2T5;OR2T4;OR2T3;OR13C9;OR2T2;OR13C8;OR5AC2;OR6C3;OR8G5;OR13C3;OR5AK2;OR6C2;OR13C2;OR13C5;OR13C4;OR8G1;OR2C3;OR9I1;OR6K6;OR6K3;OR13J1;OR5I1;OR6K2;OR52D1;OR9Q2;OR10T2;OR2K2;OR9Q1;OR51J1;OR5M11;OR5M10;OR1Q1;OR2S2;OR2AK2;OR51B6;OR51B5;OR51B4;OR6B1;OR2A25;OR2B3;OR10K2;OR8B12;OR51I2;OR5B21;OR2J2;OR10S1;OR51I1;OR10C1;OR2A12;OR2Z1;OR9G4;OR2A14;OR2A2;OR10J1;OR2A1;OR4E2;OR10J3;OR8U9;OR13H1;OR8U8;OR10AG1;OR10R2;OR6Q1;OR8U3;OR8U1;OR6Y1;OR5AP2;OR8D4;OR8D2;OR5B17;OR8D1;OR5F1;OR13G1;OR6P1;OR10Z1;OR10A7;OR7A5;OR10A2;OR52A1;OR10A4;OR10A3;OR10A6;OR52A5;OR8K5;OR2G6;OR5M9;OR5M8;OR8K1;OR2G3;OR2G2;OR10H5;OR10H4;OR5M3;OR5M1;OR2T33;OR2W3;OR8B8;OR2W1;OR2AG2;OR8B4;OR13F1;OR12D3;OR1D5;OR2T27;OR8J3;OR8J1;OR10G2;OR10G4;OR2T29;OR10G3;OR1L6;OR5L2;OR51M1;OR5L1;OR6N2;OR6N1;OR5T2;OR51V1;OR2V2;OR2V1;OR10G8;OR8A1;OR10G7;OR10G9,0.6478260869565218
10,299,Detection Of Chemical Stimulus Involved In Sensory Perception (GO:0050907),90/141,9.706849012086936e-132,response to stimulus,GO_Biological_Process_2023,9.244618106749464e-133,0.0,0.0,165.91612721643682,50441.783799987454,OR10J1;OR2A1;OR4E2;OR10J3;OR2M7;OR13H1;OR2M5;OR2M4;OR2M3;OR2M2;OR10AG1;OR10R2;OR2T12;OR6Q1;OR2T10;OR2AE1;OR6Y1;OR2A42;OR13D1;OR2D3;OR2D2;OR2L8;OR13G1;OR2L3;OR2L2;OR6P1;OR2T8;OR10AD1;OR2T6;OR2T5;OR2T4;OR10Z1;OR2T3;OR10A7;OR13C9;OR2T2;OR13C8;OR10A2;OR13C3;OR10A4;OR13C2;OR10A3;OR13C5;OR10A6;OR13C4;OR2C3;OR6K6;OR2G6;OR6K3;OR2G3;OR13J1;OR6K2;OR2G2;OR10H5;OR10H4;OR10T2;OR2K2;OR2T33;OR2S2;OR2AK2;OR2W3;OR2W1;OR2AG2;OR13F1;OR5AN1;OR12D3;OR6B1;OR2A25;OR2B3;OR10K2;OR2T27;OR10G2;OR10G4;OR2T29;OR10G3;OR1L6;OR2J2;OR6N2;OR10S1;OR6N1;OR2V2;OR2V1;OR10C1;OR2A12;OR2Z1;OR10G8;OR10G7;OR10G9;OR2A14;OR2A2,0.6382978723404256
10,299,Detection Of Chemical Stimulus Involved In Sensory Perception Of Smell (GO:0050911),89/139,1.4394848591072434e-130,response to stimulus,GO_Biological_Process_2023,2.056406941581776e-131,0.0,0.0,166.56561904761904,50122.54080511144,OR10J1;OR2A1;OR4E2;OR10J3;OR2M7;OR13H1;OR2M5;OR2M4;OR2M3;OR2M2;OR10AG1;OR10R2;OR2T12;OR6Q1;OR2T10;OR2AE1;OR6Y1;OR2A42;OR13D1;OR2D3;OR2D2;OR2L8;OR13G1;OR2L3;OR2L2;OR6P1;OR2T8;OR10AD1;OR2T6;OR2T5;OR2T4;OR10Z1;OR2T3;OR10A7;OR13C9;OR2T2;OR13C8;OR10A2;OR13C3;OR10A4;OR13C2;OR10A3;OR13C5;OR10A6;OR13C4;OR2C3;OR6K6;OR2G6;OR6K3;OR2G3;OR13J1;OR6K2;OR2G2;OR10H5;OR10H4;OR10T2;OR2K2;OR2T33;OR2S2;OR2AK2;OR2W3;OR2W1;OR2AG2;OR13F1;OR12D3;OR6B1;OR2A25;OR2B3;OR10K2;OR2T27;OR10G2;OR10G4;OR2T29;OR10G3;OR1L6;OR2J2;OR6N2;OR10S1;OR6N1;OR2V2;OR2V1;OR10C1;OR2A12;OR2Z1;OR10G8;OR10G7;OR10G9;OR2A14;OR2A2,0.6402877697841727
11,118,Interaction Between L1 And Ankyrins R-HSA-445095,9/29,4.492401352799371e-12,Developmental Biology,Reactome_2022,5.759488913845349e-14,0.0,0.0,81.99908256880734,2499.7701218290395,SCN10A;SCN11A;SCN8A;SCN9A;SCN7A;SCN4A;SCN2A;SCN3A;SCN1A,0.3103448275862069
11,118,Amine Ligand-Binding Receptors R-HSA-375280,15/40,2.4170082946066328e-21,Signal Transduction,Reactome_2022,5.16454763804836e-24,0.0,0.0,115.67184466019415,6202.350303912825,CHRM2;CHRM3;CHRM1;HTR1E;CHRM4;CHRM5;ADRB2;ADRA2C;ADRA2B;ADRA2A;HTR6;HTR7;ADRB3;HRH4;DRD5,0.375
11,118,Muscarinic Acetylcholine Receptors R-HSA-390648,5/5,3.8389662466881854e-10,Signal Transduction,Reactome_2022,6.562335464424249e-12,0.0,0.0,99410.0,2559775.148050641,CHRM2;CHRM3;CHRM1;CHRM4;CHRM5,1.0
11,118,Phase 0 - Rapid Depolarisation R-HSA-5576892,9/32,1.0626709276598316e-11,Muscle contraction,Reactome_2022,1.5894650627390645e-13,0.0,0.0,71.29278021539689,2101.0131108831647,SCN10A;SCN11A;SCN8A;SCN9A;SCN7A;SCN4A;SCN2A;SCN3A;SCN1A,0.28125
11,118,Type I diabetes mellitus,8/43,8.547696837071332e-09,Endocrine and metabolic disease,KEGG_2021_Human,1.4089610170996702e-10,0.0,0.0,41.24051948051948,935.458635926753,IL1A;HLA-DRB5;PTPRN2;HLA-DPB1;LTA;HLA-A;HLA-DRB3;IL2,0.18604651162790697
11,118,Graft-versus-host disease,6/42,4.755500897715971e-06,Immune disease,KEGG_2021_Human,1.6365867406423933e-07,0.0,0.0,29.53273809523809,461.463292137839,IL1A;HLA-DRB5;HLA-DPB1;HLA-A;HLA-DRB3;IL2,0.14285714285714285
11,118,Drug metabolism,11/108,3.6412509298105118e-09,None,KEGG_2021_Human,4.0013746481434197e-11,0.0,0.0,20.968783119761056,502.0303709924505,GSTM3;CYP2C8;CYP2B6;GSTM1;TPMT;GSTP1;FMO1;GSTT1;FMO3;CYP3A5;XDH,0.10185185185185185
11,118,Activation Of Adenylate Cyclase Activity (GO:0007190),5/20,7.913447675461236e-06,biological regulation,GO_Biological_Process_2023,9.480967662293813e-08,0.0,0.0,58.6047197640118,947.720034591558,GLP1R;ADRB3;GIPR;ADRB2;DRD5,0.25
11,118,Xenobiotic Catabolic Process (GO:0042178),6/19,9.104194708457433e-08,cellular process,GO_Biological_Process_2023,9.453237317088388e-10,0.0,0.0,81.87774725274726,1701.378131068595,GSTM3;CYP2C8;GSTM1;CYP2B6;TPMT;CYP3A5,0.3157894736842105
11,118,Adrenergic Receptor Signaling Pathway (GO:0071875),6/18,6.78076956125715e-08,cellular process,GO_Biological_Process_2023,6.499140154559568e-10,0.0,0.0,88.70535714285714,1876.4891847237493,ADRB3;ADRB2;ADRA2C;ADRA2B;ADRA2A;DRD5,0.3333333333333333
11,118,G Protein-Coupled Acetylcholine Receptor Signaling Pathway (GO:0007213),6/17,4.9552059658119614e-08,cellular process,GO_Biological_Process_2023,4.3536154651702525e-10,0.0,0.0,96.77435064935064,2085.9560593798565,CHRM2;CHRM3;CHRM1;CHRM4;CHRM5;HRH4,0.35294117647058826
11,118,Acetylcholine Receptor Activity (GO:0015464),6/20,2.7686242738141454e-08,molecular transducer activity,GO_Molecular_Function_2023,1.3439923659291967e-09,0.0,0.0,76.02551020408163,1553.020329685635,CHRM2;CHRM3;CHRM1;CHRM4;CHRM5;HRH4,0.3
11,118,Adenylate Cyclase-Activating Adrenergic Receptor Signaling Pathway (GO:0071880),6/15,2.2256061711799148e-08,cellular process,GO_Biological_Process_2023,1.7776407118050435e-10,0.0,0.0,118.29166666666669,2655.7146198729174,ADRB3;ADRB2;ADRA2C;ADRA2B;ADRA2A;DRD5,0.4
11,118,Adenylate Cyclase-Inhibiting G Protein-Coupled Acetylcholine Receptor Signaling Pathway (GO:0007197),5/7,2.136595349363509e-08,cellular process,GO_Biological_Process_2023,1.3652366449607087e-10,0.0,0.0,439.8230088495576,9990.369916441505,CHRM2;CHRM3;CHRM4;CHRM5;HRH4,0.7142857142857143
11,118,Calcium Ion Transmembrane Import Into Cytosol (GO:0097553),10/83,1.050844522546662e-08,localization,GO_Biological_Process_2023,5.875328800181018e-11,0.0,0.0,25.125570776255707,591.9000053728197,SCN10A;SCN11A;SCN8A;SCN9A;SCN7A;SCN4A;PKD2;SCN2A;SCN3A;SCN1A,0.12048192771084337
11,118,Inorganic Cation Import Across Plasma Membrane (GO:0098659),11/103,4.94755053160719e-09,localization,GO_Biological_Process_2023,2.3710306062015288e-11,0.0,0.0,22.113978057700123,541.0209346304182,SCN10A;SCN11A;SCN8A;SCN9A;SCN7A;SCN4A;ATP1A2;SCN2A;SCN3A;SCN1A;KCNJ3,0.10679611650485436
11,118,Adenylate Cyclase-Inhibiting G Protein-Coupled Receptor Signaling Pathway (GO:0007193),9/52,4.731966418324116e-09,cellular process,GO_Biological_Process_2023,1.8897629466150618e-11,0.0,0.0,38.09494346063581,940.6397582888624,CHRM2;CHRM3;CHRM1;GRM7;HTR1E;CHRM4;CHRM5;HRH4;ADRA2A,0.17307692307692307
11,118,Calcium Channel Complex (GO:0034704),9/59,2.556811951805569e-09,protein-containing complex,GO_Cellular_Component_2023,6.2361267117209e-11,0.0,0.0,32.75009174311926,769.564169433022,SCN10A;SCN11A;SCN8A;SCN9A;SCN7A;SCN4A;SCN2A;SCN3A;SCN1A,0.15254237288135594
11,118,Sodium Ion Transport (GO:0006814),11/89,1.9409885603335223e-09,localization,GO_Biological_Process_2023,4.650931055112274e-12,0.0,0.0,26.101605559549483,681.0940866915964,SCN10A;SCN11A;SCN8A;SCN9A;SCN7A;SCN4A;ATP1A2;PKD2;SCN2A;SCN3A;SCN1A,0.12359550561797752
11,118,Sodium Channel Activity (GO:0005272),8/37,8.970208882087432e-10,transporter activity,GO_Molecular_Function_2023,3.863129545024237e-11,0.0,0.0,49.788087774294674,1193.766909628198,SCN10A;SCN8A;SCN9A;SCN4A;PKD2;SCN2A;SCN3A;SCN1A,0.21621621621621623
11,118,G Protein-Coupled Acetylcholine Receptor Activity (GO:0016907),5/6,8.970208882087432e-10,molecular transducer activity,GO_Molecular_Function_2023,3.9190232979993636e-11,0.0,0.0,879.6902654867257,21079.66028953609,CHRM2;CHRM3;CHRM4;CHRM5;HRH4,0.8333333333333334
11,118,G Protein-Coupled Neurotransmitter Receptor Activity (GO:0099528),5/6,8.970208882087432e-10,molecular transducer activity,GO_Molecular_Function_2023,3.9190232979993636e-11,0.0,0.0,879.6902654867257,21079.66028953609,CHRM2;CHRM3;CHRM4;CHRM5;HRH4,0.8333333333333334
11,118,Voltage-Gated Calcium Channel Complex (GO:0005891),9/49,7.17364883122951e-10,protein-containing complex,GO_Cellular_Component_2023,1.0709456932299236e-11,0.0,0.0,40.95825688073395,1034.601224748233,SCN10A;SCN11A;SCN8A;SCN9A;SCN7A;SCN4A;SCN2A;SCN3A;SCN1A,0.1836734693877551
11,118,Calcium Ion Import Across Plasma Membrane (GO:0098703),9/37,4.3060651777587127e-10,localization,GO_Biological_Process_2023,6.8786983670267e-13,0.0,0.0,58.54718217562255,1639.6241859628472,SCN10A;SCN11A;SCN8A;SCN9A;SCN7A;SCN4A;SCN2A;SCN3A;SCN1A,0.24324324324324326
11,118,"G Protein-Coupled Receptor Signaling Pathway, Coupled To Cyclic Nucleotide Second Messenger (GO:0007187)",10/50,3.6542833833856436e-10,cellular process,GO_Biological_Process_2023,2.918756695994923e-13,0.0,0.0,45.93055555555556,1325.6682930290508,CHRM2;CHRM3;HTR6;CHRM1;HTR7;HTR1E;CHRM4;CHRM5;HRH4;CCL2,0.2
11,118,G Protein-Coupled Amine Receptor Activity (GO:0008227),8/28,1.1158436024564567e-10,molecular transducer activity,GO_Molecular_Function_2023,3.2500299100673495e-12,0.0,0.0,72.22545454545454,1910.5335020950931,CHRM2;CHRM3;HTR6;HTR7;HTR1E;CHRM4;CHRM5;HRH4,0.2857142857142857
11,118,G Protein-Coupled Serotonin Receptor Activity (GO:0004993),8/21,9.071979497155451e-12,molecular transducer activity,GO_Molecular_Function_2023,2.201936771154236e-13,0.0,0.0,111.15524475524477,3239.538341159844,CHRM2;CHRM3;HTR6;HTR7;HTR1E;CHRM4;CHRM5;HRH4,0.38095238095238093
11,118,Voltage-Gated Calcium Channel Activity (GO:0005245),10/47,7.689779247248216e-12,transporter activity,GO_Molecular_Function_2023,1.4931610188831486e-13,0.0,0.0,49.66216216216216,1466.658275170092,SCN10A;SCN11A;SCN8A;SCN9A;SCN7A;SCN4A;PKD2;SCN2A;SCN3A;SCN1A,0.2127659574468085
11,118,Voltage-Gated Sodium Channel Activity (GO:0005248),8/19,5.671159696203676e-12,transporter activity,GO_Molecular_Function_2023,8.258970431364576e-14,0.0,0.0,131.37851239669422,3957.763413943403,SCN10A;SCN8A;SCN9A;SCN4A;PKD2;SCN2A;SCN3A;SCN1A,0.42105263157894735
11,118,Serotonin Receptor Activity (GO:0099589),9/26,1.8782416705736883e-12,molecular transducer activity,GO_Molecular_Function_2023,1.8235356024987264e-14,0.0,0.0,96.4840798704803,3052.313815605439,CHRM2;CHRM3;HTR6;HTR7;HTR1E;CHRM4;CHRM5;HRH4;HTR3A,0.34615384615384615
11,118,High Voltage-Gated Calcium Channel Activity (GO:0008331),9/23,9.970298952304693e-13,transporter activity,GO_Molecular_Function_2023,4.839950947720725e-15,0.0,0.0,117.17693315858452,3862.371049745253,SCN10A;SCN11A;SCN8A;SCN9A;SCN7A;SCN4A;SCN2A;SCN3A;SCN1A,0.391304347826087
11,118,L1CAM Interactions R-HSA-373760,10/99,1.4798040999333193e-08,Developmental Biology,Reactome_2022,3.4781720297578006e-10,0.0,0.0,20.59196837286725,448.4795639204816,SCN10A;SCN11A;SRC;SCN8A;SCN9A;SCN7A;SCN4A;SCN2A;SCN3A;SCN1A,0.10101010101010101
11,118,Adrenoceptors R-HSA-390696,5/9,3.1647577124146384e-08,Signal Transduction,Reactome_2022,8.114763365165737e-10,0.0,0.0,219.88938053097343,4602.760990630398,ADRB3;ADRB2;ADRA2C;ADRA2B;ADRA2A,0.5555555555555556
