Community Index,Community Size,Term,Overlap,Adjusted P-value,Category,Gene_set,P-value,Old P-value,Old Adjusted P-value,Odds Ratio,Combined Score,Genes,Overlap (value)
0,974,Golgi Vesicle Transport (GO:0048193),51/197,3.8678799350088726e-20,localization,GO_Biological_Process_2023,1.9999379188256842e-23,0.0,0.0,7.145252971994242,373.4562283610275,ARF3;ARF4;PITPNB;PDCD6;IER3IP1;USE1;BICD2;GOLGA2;AP4M1;GOLGA4;GOLGA5;TMED3;BCAP29;KIF1C;TMED5;TMED4;RAB2A;GOLPH3L;SCAMP1;SCAMP3;TRAPPC6A;RER1;RP2;KDELR2;PREB;ERGIC2;ERGIC1;SEC22C;NBAS;COPA;TMED10;SAR1A;ATL3;GOSR2;STX18;GOSR1;TEX261;SCFD1;VPS51;LMAN2;RAB6A;YKT6;ATP9B;VTI1B;SEC24B;YIPF4;SEC16A;SURF4;YIPF5;CNIH4;BET1,0.25888324873096447
0,974,Intra-Golgi And Retrograde Golgi-to-ER Traffic R-HSA-6811442,49/181,6.103322962064275e-21,Vesicle-mediated transport,Reactome_2022,1.7289866748057434e-23,0.0,0.0,7.582358722358722,397.4059911955908,ARF3;ARF4;SCOC;GOLIM4;RABEPK;BICD2;GOLGA4;CAPZB;GOLGA1;TMED3;KIF1C;KIF21A;KIF1B;KIF21B;KIFAP3;SNAP29;NAA30;ARFGAP2;KIF9;RAB36;KIFC2;KIF16B;NAA35;PLIN3;KDELR2;NAA38;PAFAH1B2;COPA;NBAS;TMF1;STX16;GOSR2;GOSR1;STX18;TGOLN2;ARFRP1;KIF3B;MAN2A2;VPS51;VPS52;VPS54;KIF3C;RAB6A;YKT6;SURF4;M6PR;CAPZA2;RAB18;RAB3GAP2,0.27071823204419887
0,974,Membrane Trafficking R-HSA-199991,88/599,1.578844551171621e-18,Vesicle-mediated transport,Reactome_2022,8.945294907487938e-21,0.0,0.0,3.598750734407372,166.12970331641534,ARF3;ARF4;SCOC;MCFD2;C2CD5;GOLIM4;CLINT1;RABEPK;BICD2;AP4M1;GOLGA2;GOLGA4;AP1G2;CAPZB;GOLGA1;TMED3;KIF1C;KIF21A;KIF1B;AP3S1;KIF21B;KIFAP3;SNAP29;TPD52;NAA30;AP3B1;GAPVD1;ARFGAP2;KIF9;TRAPPC6A;KIFC2;RAB36;KIF16B;TBC1D24;PLIN3;NAA35;KDELR2;PREB;NAA38;PAFAH1B2;SEC22C;NBAS;SEC23A;COPA;TMF1;RABGAP1;STX16;GOSR2;STX18;GOSR1;GGA2;TGOLN2;ARFRP1;BLOC1S6;SCFD1;VPS51;KIF3B;MAN2A2;LMAN2;VPS52;PACSIN2;TBC1D13;VPS54;AP4S1;CHML;KIF3C;RAB6A;TBC1D17;YKT6;TBC1D15;UBQLN2;TBC1D16;SEC24B;SNAPIN;SEC16A;RAB3IP;SURF4;M6PR;TOR1B;PUM1;SEC23IP;CNIH1;NECAP1;CAPZA2;RAB18;RAB3GAP2;ACBD3;BET1,0.14691151919866444
0,974,Vesicle-mediated Transport R-HSA-5653656,88/637,6.259634783300627e-17,Vesicle-mediated transport,Reactome_2022,5.319802931983535e-19,0.0,0.0,3.342782074529105,140.6565161368286,ARF3;ARF4;SCOC;MCFD2;C2CD5;GOLIM4;CLINT1;RABEPK;BICD2;AP4M1;GOLGA2;GOLGA4;AP1G2;CAPZB;GOLGA1;TMED3;KIF1C;KIF21A;KIF1B;AP3S1;KIF21B;KIFAP3;SNAP29;TPD52;NAA30;AP3B1;GAPVD1;ARFGAP2;KIF9;TRAPPC6A;KIFC2;RAB36;KIF16B;TBC1D24;PLIN3;NAA35;KDELR2;PREB;NAA38;PAFAH1B2;SEC22C;NBAS;SEC23A;COPA;TMF1;RABGAP1;STX16;GOSR2;STX18;GOSR1;GGA2;TGOLN2;ARFRP1;BLOC1S6;SCFD1;VPS51;KIF3B;MAN2A2;LMAN2;VPS52;PACSIN2;TBC1D13;VPS54;AP4S1;CHML;KIF3C;RAB6A;TBC1D17;YKT6;TBC1D15;UBQLN2;TBC1D16;SEC24B;SNAPIN;SEC16A;RAB3IP;SURF4;M6PR;TOR1B;PUM1;SEC23IP;CNIH1;NECAP1;CAPZA2;RAB18;RAB3GAP2;ACBD3;BET1,0.13814756671899528
0,974,Antigen Processing: Ubiquitination And Proteasome Degradation R-HSA-983168,57/307,1.4131692454468498e-16,Immune System,Reactome_2022,1.6013249240190934e-18,0.0,0.0,4.668405670665213,191.2911916857588,UBE2D4;RNF14;LTN1;UBE3B;FBXO21;HERC4;NPEPPS;RNF114;UBE2Q2;ARIH2;UNKL;FBXO9;UBE2E3;FBXO17;FBXO15;UBE2E2;UBE4A;FBXO11;LRRC41;FBXW2;PJA2;KCTD7;PJA1;GAN;MGRN1;UBA5;ASB13;RNF6;FBXO44;FBXO41;ZNRF2;HECTD1;BTBD1;RNF138;RBBP6;LONRF1;RNF130;HACE1;KLHL2;FBXL14;UBAC1;FBXO31;KLHL20;KLHL9;UBE2W;KBTBD6;KLHL5;ASB9;RLIM;ASB6;TPP2;UBE2O;ASB7;TRIP12;DZIP3;FBXL7;RNF220,0.18566775244299674
0,974,Class I MHC Mediated Antigen Processing And Presentation R-HSA-983169,59/378,1.2416010706291458e-13,Immune System,Reactome_2022,1.7586417431007732e-15,0.0,0.0,3.781328262843243,128.4677335796348,UBE2D4;RNF14;LTN1;UBE3B;FBXO21;HERC4;NPEPPS;RNF114;UBE2Q2;ARIH2;UNKL;FBXO9;UBE2E3;FBXO17;FBXO15;UBE2E2;UBE4A;FBXO11;LRRC41;FBXW2;PJA2;KCTD7;PJA1;GAN;SEC23A;MGRN1;UBA5;ASB13;RNF6;FBXO44;FBXO41;ZNRF2;HECTD1;BTBD1;RNF138;RBBP6;LONRF1;RNF130;SEC24B;HACE1;KLHL2;FBXL14;UBAC1;FBXO31;KLHL20;KLHL9;UBE2W;KBTBD6;KLHL5;ASB9;RLIM;ASB6;TPP2;UBE2O;ASB7;TRIP12;DZIP3;FBXL7;RNF220,0.15608465608465608
0,974,Golgi-to-ER Retrograde Transport R-HSA-8856688,26/112,1.1648327156204936e-09,Vesicle-mediated transport,Reactome_2022,1.9798856356155703e-11,0.0,0.0,6.04013345108429,148.86148647064982,ARF3;ARF4;COPA;NBAS;STX18;BICD2;KIF3B;CAPZB;TMED3;KIF1C;KIF21A;KIF1B;KIF21B;KIF3C;KIFAP3;RAB6A;SURF4;ARFGAP2;KIF9;KIFC2;KIF16B;CAPZA2;RAB18;RAB3GAP2;KDELR2;PAFAH1B2,0.23214285714285715
0,974,Retrograde Transport At Trans-Golgi-Network R-HSA-6811440,17/48,2.1787708299637803e-09,Vesicle-mediated transport,Reactome_2022,4.3205087279735015e-11,0.0,0.0,10.884652981427177,259.7629276818702,SCOC;NAA30;TMF1;STX16;M6PR;RABEPK;TGOLN2;ARFRP1;GOLGA4;VPS51;GOLGA1;VPS52;VPS54;NAA35;PLIN3;NAA38;RAB6A,0.3541666666666667
0,974,Neddylation R-HSA-8951664,37/237,1.4742330989271542e-08,Metabolism of proteins,Reactome_2022,3.3410381845374603e-10,0.0,0.0,3.7169797225186767,81.10289678178883,DCUN1D4;DCUN1D1;ASB13;DCAF5;FBXO21;FBXO44;FBXO41;DCAF6;DDA1;BTBD1;DCAF11;FBXO9;WSB2;FEM1B;COMMD10;FBXO17;COMMD3;KLHL2;FBXO15;FBXO11;FBXL14;LRRC41;FBXW2;PUM2;KCTD7;FBXO31;KLHL20;KLHL9;SPSB3;KBTBD6;KLHL5;GAN;ASB9;ASB6;ASB7;CCDC22;FBXL7,0.15611814345991562
0,974,COPI-dependent Golgi-to-ER Retrograde Traffic R-HSA-6811434,19/78,1.6695377480740007e-07,Vesicle-mediated transport,Reactome_2022,4.256611822284987e-09,0.0,0.0,6.395829266128317,123.27828094673534,ARF3;ARF4;COPA;NBAS;STX18;SURF4;ARFGAP2;KIF9;KIFC2;KIF3B;KIF16B;TMED3;KIF1C;KIF1B;KIF21A;KDELR2;KIF21B;KIF3C;KIFAP3,0.24358974358974358
0,974,ER To Golgi Anterograde Transport R-HSA-199977,24/133,8.775595459920153e-07,Metabolism of proteins,Reactome_2022,2.4860043795807802e-08,0.0,0.0,4.384432641236118,76.77143303828097,ARF3;ARF4;COPA;MCFD2;SEC23A;SEC24B;SEC16A;GOSR2;GOSR1;ARFGAP2;GOLGA2;SCFD1;TRAPPC6A;SEC23IP;CNIH1;CAPZB;LMAN2;CAPZA2;TMED3;KDELR2;PREB;YKT6;SEC22C;BET1,0.18045112781954886
0,974,SNARE interactions in vesicular transport,12/33,2.170025808404013e-06,"Folding, sorting and degradation",KEGG_2021_Human,2.2842376930568562e-08,0.0,0.0,11.288981288981288,198.62565644747448,STX16;GOSR2;STX8;GOSR1;STX18;STX7;VAMP1;USE1;SNAP29;YKT6;VTI1B;BET1,0.36363636363636365
0,974,Inner Mitochondrial Membrane Organization (GO:0007007),12/34,4.350453324531208e-06,cellular process,GO_Biological_Process_2023,3.374188204134856e-08,0.0,0.0,10.775278775278776,185.38356363823007,TIMM10B;APOO;CHCHD3;SAMM50;OPA1;MTX1;MTX2;TIMM9;CHCHD6;IMMT;GHITM;SLC25A46,0.35294117647058826
0,974,Ubiquitin-Like Protein Transferase Activity (GO:0019787),35/240,8.330972288410005e-07,catalytic activity,GO_Molecular_Function_2023,6.311342642734852e-09,0.0,0.0,3.4220888854255955,64.61217759103306,UBE2D4;RNF13;RNF14;MGRN1;UBR3;RNF6;FBXO21;RMND5B;MAEA;RMND5A;UBE2Q2;ARIH2;RBBP6;RNF130;MARCHF6;FBXO9;RSPRY1;UBL4A;HACE1;UBE2E3;UBE2E2;FBXO11;FBXL14;FBXW2;PJA2;KLHL20;KLHL9;UBE2W;TTC3;RLIM;RNF181;UBE2O;DZIP3;OBI1;RNF220,0.14583333333333334
0,974,cullin-RING Ubiquitin Ligase Complex (GO:0031461),29/174,4.641993551997903e-07,protein-containing complex,GO_Cellular_Component_2023,5.9512737846126955e-09,0.0,0.0,3.995978835978836,75.68248275380178,TMEM183A;PDCD6;DCAF5;FBXO44;DCAF6;FBXO42;DDA1;DCAF15;DCAF11;DCAF12;FBXO9;KLHDC2;ZYG11B;FEM1B;FBXO17;FBXO15;KLHL2;KCTD2;KCTD5;FBXL14;FBXO31;KLHL20;KLHL9;SPSB3;KBTBD6;APPBP2;GAN;KLHL7;FBXL7,0.16666666666666666
0,974,Organelle Organization (GO:0006996),49/418,1.648398102981786e-06,cellular process,GO_Biological_Process_2023,1.1932561241853674e-08,0.0,0.0,2.678365194462756,48.86408104106695,PITPNB;MAST2;SNX11;GOLGA2;GOLGA5;CAPZB;OPA1;ZMYM4;TMED3;KIFAP3;TMED4;RAB2A;JAGN1;CLUH;VPS13C;STX7;GOLPH3L;VPS13B;PEX1;KIF9;TMEM135;PEX6;PHIP;TMED10;SAR1A;ATL3;PEX11B;ARL1;CAMSAP1;MSTO1;VPS51;PACSIN2;LNPK;ARFGEF1;HACE1;YTHDF3;MTX1;MTX2;SEC16A;SURF4;HPS6;TOR1B;KLHL20;TTC17;SEC23IP;DOP1B;RAB18;SLC25A33;SLC25A36,0.11722488038277512
0,974,Vesicle-Mediated Transport (GO:0016192),51/411,1.359230396865784e-07,localization,GO_Biological_Process_2023,8.433694292859053e-10,0.0,0.0,2.8649512459371613,59.859191255124365,ARF3;ARF4;CLINT1;AP4M1;GOLGA4;GOLGA5;AP1G2;KIF1C;KIF1B;AP3S1;AP5S1;ARL5A;SNAP29;RAB2A;JAGN1;STX8;STX7;VPS13B;AP3B1;RAB36;PLIN3;VAMP1;SNAP47;STX12;TMED10;MGRN1;STX16;GOSR2;GOSR1;ARL1;AP3M2;ARL17A;AP5M1;VPS51;SCFD2;AP4S1;CHML;ATP9B;VTI1B;ARFGEF1;SNAPIN;RAB3IP;M6PR;AP3D1;CCZ1;TVP23B;TVP23C;AHI1;NECAP1;HOOK2;SGSM3,0.12408759124087591
0,974,Endoplasmic Reticulum To Golgi Vesicle-Mediated Transport (GO:0006888),32/115,3.42923560887146e-13,localization,GO_Biological_Process_2023,3.546262263569244e-16,0.0,0.0,7.752999258179214,275.81657176142096,ARF4;COPA;TMED10;SAR1A;ATL3;PDCD6;GOSR2;GOSR1;TEX261;IER3IP1;USE1;GOLGA2;SCFD1;LMAN2;TMED3;BCAP29;YKT6;TMED5;TMED4;RAB2A;SEC24B;SEC16A;YIPF4;YIPF5;TRAPPC6A;KDELR2;PREB;ERGIC2;CNIH4;ERGIC1;SEC22C;BET1,0.2782608695652174
0,974,Protein Transport (GO:0015031),52/313,4.1523139186763815e-12,localization,GO_Biological_Process_2023,6.4410246928795985e-15,0.0,0.0,4.054903134116239,132.49837469783782,ARF3;ARF4;C17ORF75;PDCD6;AP4M1;GOLGA4;TMED3;TIMM17A;ARL5A;TMED5;TMED4;STX8;PAM16;STX7;GOLPH3L;AP3B1;SCAMP1;SCAMP3;PDIA4;PREPL;ERP29;PREB;PHIP;STX12;COPA;TMED10;SAR1A;STX16;VPS26C;ARL1;VPS26B;GGA2;ARFRP1;ARL17A;SCFD1;GRPEL1;KIF3B;SCFD2;TBC1D13;RAB28;SNX7;RAB6A;SNX6;DNAJC19;SURF4;AP3D1;RABL2B;TVP23B;TVP23C;SEC23IP;RAB18;RAB3GAP2,0.16613418530351437
0,974,Protein Localization (GO:0008104),54/351,2.5226622076071935e-11,localization,GO_Biological_Process_2023,5.2175019805733074e-14,0.0,0.0,3.7013833992094862,113.20374860082396,ARF3;ARF4;C17ORF75;PDCD6;AP4M1;ODR4;TMED3;TIMM17A;ARL5A;TMED5;TMED4;STX8;PAM16;STX7;VPS13A;AP3B1;RAP2A;UNC50;ERP29;PHIP;CUTA;STX12;COPA;TMED10;SAR1A;STX16;VPS26C;ARL1;VPS26B;TM9SF3;GGA2;ARFRP1;ARL17A;SCFD1;GRPEL1;SCFD2;TBC1D13;AP4S1;RAB28;RAB6A;SNX6;DNAJC19;USP9X;AP3D1;RABL2B;HPS6;TM9SF2;TM9SF1;AHI1;SEC23IP;NIN;HOOK2;RAB18;RAB3GAP2,0.15384615384615385
0,974,"Retrograde Vesicle-Mediated Transport, Golgi To Endoplasmic Reticulum (GO:0006890)",19/48,1.1350237731880115e-10,localization,GO_Biological_Process_2023,2.934394449813887e-13,0.0,0.0,13.032785701390145,376.08846669515424,ARF3;ARF4;COPA;NBAS;TMED10;PITPNB;STX18;GOLPH3L;USE1;BICD2;SCFD1;RER1;LMAN2;KIF1C;KDELR2;RAB6A;ATP9B;ERGIC2;ERGIC1,0.3958333333333333
0,974,Intracellular Protein Transport (GO:0006886),49/325,5.460003734696313e-10,localization,GO_Biological_Process_2023,1.6938998142801385e-12,0.0,0.0,3.5987074030552293,97.53932105500724,ARF3;ARF4;C17ORF75;C2CD5;PDCD6;AP4M1;TMED3;TIMM17A;ARL5A;TNPO2;TMED5;TMED4;STX8;PAM16;STX7;AP3B1;ERP29;PREB;PHIP;STX12;COPA;TMED10;SAR1A;STX16;VPS26C;ARL1;KATNB1;VPS26B;GGA2;ARFRP1;ARL17A;SCFD1;GRPEL1;SCFD2;TBC1D13;AP4S1;RAB28;RAB6A;SNX6;DNAJC19;SEC16A;SURF4;AP3D1;XPO7;RABL2B;RANBP6;SEC23IP;RAB18;RAB3GAP2,0.15076923076923077
0,974,Ubiquitin-Protein Transferase Activity (GO:0004842),56/412,1.312990420690121e-09,catalytic activity,GO_Molecular_Function_2023,3.315632375480104e-12,0.0,0.0,3.199187290396808,84.56211095250987,RNF10;UBE2D4;RNF13;RNF14;LTN1;UBE3B;FBXO21;HERC4;RNF114;MAEA;UBE2Q2;ARIH2;FBXO9;RSPRY1;KCMF1;UBE2E3;FBXO17;UBE2E2;FBXO11;RC3H2;FBXW2;PJA2;RNF144A;RNF121;OBI1;MGRN1;RNF38;MYCBP2;UBR3;RNF6;FBXO44;RMND5B;ZNRF2;HECTD1;RMND5A;RNF138;UBR5;RBBP6;LONRF1;RNF130;TRIM44;MARCHF6;MARCHF5;HACE1;BFAR;FBXL14;KLHL20;KLHL9;UBE2W;TTC3;RLIM;RNF181;UBE2O;TRIP12;DZIP3;RNF220,0.13592233009708737
0,974,post-Golgi Vesicle-Mediated Transport (GO:0006892),19/56,2.059005126339998e-09,localization,GO_Biological_Process_2023,7.45244875097207e-12,0.0,0.0,10.210584406395924,261.62047887535863,VPS13C;SEC16A;VPS13A;AP3D1;SCAMP1;SCAMP3;KLHL20;AP4M1;GGA2;SCFD1;AP1G2;KIF16B;RP2;DOP1B;VPS52;VPS54;CCDC22;CCDC93;VTI1B,0.3392857142857143
0,974,Protein Ubiquitination (GO:0016567),52/434,2.957099728843269e-07,cellular process,GO_Biological_Process_2023,1.9877092282814115e-09,0.0,0.0,2.7526319973651634,55.152513701907296,RNF10;UBE2D4;RNF13;RNF14;FBXO28;UBE3B;DDA1;NPEPPS;HERC4;RNF114;ARIH2;FBXO9;WSB2;UBE4A;FBXO11;RC3H2;PJA2;RNF144A;GAN;OBI1;KLHL18;MGRN1;RNF38;MYCBP2;UBR3;RNF6;DCAF15;PCNP;RMND5A;RNF138;UBR5;RBBP6;TRIM44;MARCHF6;MARCHF5;HACE1;USP9X;KLHL2;BFAR;KLHL20;KLHL9;UBE2W;KLHL7;ASB9;RLIM;RNF181;TPP2;UBE2O;TRIP12;DZIP3;FBXL7;RNF220,0.11981566820276497
0,974,Ubiquitin-Dependent Protein Catabolic Process (GO:0006511),50/367,1.0872040101604609e-08,cellular process,GO_Biological_Process_2023,4.49722444740625e-11,0.0,0.0,3.193664905021372,76.08898845560543,UBE2D4;RNF13;RNF14;UBE3B;FBXO21;HERC4;RNF114;MAEA;ARIH2;FBXO9;UBE4A;KCTD2;ARMC8;FBXO11;KCTD5;RC3H2;PJA2;RNF144A;WDR26;KLHL15;UBR3;RNF6;PCNP;RMND5B;ZNRF2;HECTD1;RMND5A;RBBP6;DCAF11;RNF130;UBQLN4;MARCHF6;UBL4A;KLHDC2;ATE1;HACE1;USP9X;FEM1B;BFAR;FBXL14;KLHL20;SPSB3;UBE2W;KBTBD6;APPBP2;GID8;TTC3;RLIM;TRIP12;FBXL7,0.1362397820163488
0,974,COPII-coated ER To Golgi Transport Vesicle (GO:0030134),20/76,4.4183112227372854e-08,cellular anatomical structure,GO_Cellular_Component_2023,3.776334378407936e-10,0.0,0.0,7.10167714884696,154.085778898453,MCFD2;SEC23A;SEC24B;TMED10;GOSR2;SEC16A;TEX261;IER3IP1;ECPAS;GOLGA2;SEC23IP;CNIH1;LMAN2;TMED3;ERGIC2;TMED5;ERGIC1;CNIH4;TMED4;VTI1B,0.2631578947368421
0,974,Protein Polyubiquitination (GO:0000209),36/226,7.023540974640687e-08,cellular process,GO_Biological_Process_2023,3.2684523666890475e-10,0.0,0.0,3.804825496577264,83.10322673900383,UBE2D4;RNF14;MYCBP2;FBXO28;RNF6;UBE3B;DDA1;DCAF15;NPEPPS;ZNRF2;RNF114;HECTD1;RMND5A;UBE2Q2;UBR5;ARIH2;MARCHF6;FBXO9;MARCHF5;HACE1;WSB2;UBE2E3;UBE2E2;UBE4A;BFAR;RC3H2;KLHL20;RNF144A;UBE2W;KBTBD6;TTC3;TPP2;UBE2O;TRIP12;DZIP3;FBXL7,0.1592920353982301
0,974,Cytosolic Transport (GO:0016482),26/127,7.459284193797684e-08,localization,GO_Biological_Process_2023,3.8569204724910455e-10,0.0,0.0,5.139010736516689,111.39310355413022,STX16;GOSR1;ARL1;VPS26B;AP4M1;ARFRP1;CLN3;CCDC91;VPS51;VPS52;VPS54;RAB6A;TBC1D17;YKT6;SNX6;VTI1B;STX8;VPS13C;VPS13A;KLHL20;PREPL;HOOK2;KIF16B;TBC1D5;DOP1B;UBE2O,0.2047244094488189
0,974,Proteasome-Mediated Ubiquitin-Dependent Protein Catabolic Process (GO:0043161),44/319,7.84503581493845e-08,cellular process,GO_Biological_Process_2023,4.4620162339360364e-10,0.0,0.0,3.225978494623656,69.4561241151055,RNF10;WDR26;KLHL15;LTN1;UBR3;FBXO44;ECPAS;PCNP;RMND5B;ZNRF2;MAEA;HECTD1;RMND5A;UBXN8;DCAF11;DCAF12;MARCHF6;FBXO9;UBQLN2;KLHDC2;RHBDD2;FEM1B;FBXO17;TRIP4;UBE4A;KCTD2;BFAR;ARMC8;KCTD5;FBXL14;PJA2;FBXO31;KLHL20;SPSB3;UBE2W;KBTBD6;APPBP2;NEMF;JKAMP;GID8;DNAJC10;TRIP12;FBXL7;RNF121,0.13793103448275862
0,974,trans-Golgi Network (GO:0005802),38/241,3.3526011150565684e-08,cellular anatomical structure,GO_Cellular_Component_2023,1.4327355192549434e-10,0.0,0.0,3.7644414972001177,85.32582991714658,SCOC;C17ORF75;STX16;ARL1;ATP2C1;RABEPK;ECPAS;TMEM165;TGOLN2;GGA2;AP4M1;ARFRP1;CLN3;GOLGA4;CCDC91;VPS51;GOLGA1;VPS52;VPS54;AP4S1;RAB6A;ARL5A;ATP9B;ARFGEF1;YIPF4;STX8;YIPF5;GOLPH3L;M6PR;SCAMP1;SCAMP3;TMEM230;KLHL20;PREPL;TRAPPC6A;HOOK2;DOP1B;PHIP,0.15767634854771784
1,1091,7-Methylguanosine Cap Hypermethylation (GO:0036261),6/7,3.093202689279671e-06,cellular process,GO_Biological_Process_2023,1.735701449979733e-07,0.0,0.0,104.56036866359447,1627.658220557964,SNRPD2;SNRPD1;SNRPG;SNRPE;SNRPD3;SNRPF,0.8571428571428571
1,1091,U6 snRNA Binding (GO:0017070),8/13,2.707706826916732e-06,binding,GO_Molecular_Function_2023,7.696324314233606e-08,0.0,0.0,27.928347183748844,457.4645922640128,PRPF4;LSM7;SART3;LARP7;METTL16;LSM4;LSM3;LSM2,0.6153846153846154
1,1091,Mitotic DNA Replication (GO:1902969),7/10,2.6648320773025526e-06,cellular process,GO_Biological_Process_2023,1.4638475085005166e-07,0.0,0.0,40.69557195571956,640.4273309952009,GINS1;GINS3;MCM3;MCM4;MCM6;TK1;MCM2,0.7
1,1091,Pericentric Heterochromatin (GO:0005721),9/21,3.843972869012945e-06,cellular anatomical structure,GO_Cellular_Component_2023,6.702311669048212e-07,0.0,0.0,13.09865988909427,186.2058748423466,HELLS;CBX5;CBX3;INCENP;CBX1;SMARCA5;NCAPD3;BAZ1B;CENPC,0.42857142857142855
1,1091,RNA Capping (GO:0036260),6/7,3.093202689279671e-06,cellular process,GO_Biological_Process_2023,1.735701449979733e-07,0.0,0.0,104.56036866359447,1627.658220557964,SNRPD2;SNRPD1;SNRPG;SNRPE;SNRPD3;SNRPF,0.8571428571428571
1,1091,Smc5-Smc6 Complex (GO:0030915),6/8,3.843972869012945e-06,protein-containing complex,GO_Cellular_Component_2023,6.620305365751518e-07,0.0,0.0,52.27741935483871,743.800725886609,SLF1;NSMCE4A;SLF2;NSMCE1;SMC5;SMC6,0.75
1,1091,Processing Of Capped Intron-Containing Pre-mRNA R-HSA-72203,111/242,1.743010142136827e-72,Metabolism of RNA,Reactome_2022,5.4725593159712e-75,0.0,0.0,16.23584670509425,2776.234572832718,EIF4A3;HNRNPU;HNRNPR;CASC3;CWC27;CCAR1;SNRPD2;MAGOH;PAPOLA;MTREX;SNRPD3;SNRNP35;TXNL4A;METTL3;THOC1;THOC2;THOC5;WBP11;CDC40;THOC7;SRRM1;PRPF4;DDX39A;PRPF6;DDX39B;SARNP;PRPF3;SNRPG;SRSF2;SNRNP27;SRSF3;SNRPE;SRSF4;SNRNP25;SNRPF;SNRNP200;SNRPC;SRSF7;SNRPA;SNRPB;SRSF9;SLBP;RBM8A;CSTF3;CSTF2;SNU13;RNPC3;CSTF1;CHTOP;PRPF38A;FUS;UPF3B;MAGOHB;LSM5;LSM4;LSM3;CHERP;LSM2;HNRNPL;HNRNPM;LSM7;HNRNPK;HNRNPD;RNPS1;HNRNPC;NXT1;DDX46;PPWD1;PRPF19;USP39;PQBP1;SNRNP70;DHX15;BCAS2;BUD31;PRPF40A;TFIP11;WDR33;GCFC2;HNRNPH2;SNRPA1;DNAJC8;FYTTD1;SF3B5;SF3B2;SF3B3;SRRT;DDX23;SRSF1;U2AF1;TRA2B;SF3B1;SRSF10;SMNDC1;SRSF11;HNRNPA0;SF3A3;SF3A1;HNRNPA3;PPIL1;GPKOW;CDC5L;U2SURP;NUDT21;SNRNP40;PHF5A;HNRNPA2B1;RBM42;SNRNP48;PPIL3;PPIL4,0.45867768595041325
1,1091,Regulation Of DNA Replication (GO:0006275),17/75,7.687861931556291e-06,biological regulation,GO_Biological_Process_2023,4.359331042111068e-07,0.0,0.0,5.144593206190201,75.34656503918099,CDT1;USP37;ATAD5;DSCC1;JADE1;SMARCA5;NUCKS1;ESCO2;CDC6;SMC3;TERF1;PDS5A;GTPBP4;ORC5;RUVBL2;RUVBL1;FBXO5,0.22666666666666666
1,1091,Chromosome Condensation (GO:0030261),11/32,9.436483170632889e-06,cellular process,GO_Biological_Process_2023,5.406608786481927e-07,0.0,0.0,9.16084656084656,132.1953544163518,TOP2A;CDCA5;NCAPH2;NUSAP1;NCAPG;NCAPD2;KMT5A;NCAPD3;SMC4;NCAPH;SMC2,0.34375
1,1091,Metabolism Of RNA R-HSA-8953854,205/666,1.7644093224301777e-97,Metabolism of RNA,Reactome_2022,2.7698733476140937e-100,0.0,0.0,9.259094225430044,2122.552053833356,LTV1;POP5;POP7;EIF4A3;FCF1;HNRNPU;HNRNPR;PHAX;PWP2;RRP9;CCAR1;LSM10;SNRPD2;MAGOH;SNRPD3;METTL3;WDR75;IMP4;CDC40;WDR77;SRRM1;DDX39A;DDX39B;CLNS1A;SARNP;SLBP;SET;CSTF3;CSTF2;SNU13;RNPC3;MRPL13;GSPT1;RRP7A;PDCD11;ERI1;CSTF1;PRPF38A;PNO1;UPF3B;UPF3A;MAGOHB;SNUPN;HNRNPL;HNRNPM;HNRNPK;LAS1L;EPRS1;HNRNPD;MPHOSPH10;RNPS1;HNRNPC;NOL11;NOL12;NAT10;SMG9;SMG7;PRPF19;WDR46;WDR43;PQBP1;DHX15;UTP14A;UTP14C;PRMT5;WDR36;NSUN2;PRPF40A;GNL3;WDR33;GCFC2;HNRNPH2;FYTTD1;SF3B5;SF3B2;SF3B3;RNMT;NIP7;SRRT;HEATR1;NOL6;EXOSC10;SF3B1;SRSF10;SRSF11;PAIP1;SF3A3;SF3A1;UTP6;UTP4;UTP3;WDR18;RRP1B;WDR12;NUDT21;BOP1;PHF5A;XPOT;TRMT6;HNRNPA2B1;TSR1;MPHOSPH6;GEMIN2;RPP30;CASC3;CWC27;FBL;PAPOLA;MTREX;SNRNP35;TXNL4A;DIMT1;THOC1;CDKAL1;THOC2;THOC5;PUS7;WBP11;FTSJ1;THOC7;PRPF4;EBNA1BP2;PRPF6;DKC1;PRPF3;NHP2;SNRPG;SRSF2;GEMIN4;SNRNP27;SRSF3;GEMIN5;SNRPE;SRSF4;GEMIN6;SNRNP25;SNRPF;SNRNP200;SNRPC;SRSF7;SNRPA;SNRPB;SRSF9;RBM8A;DDX1;ISG20L2;EMG1;UTP20;CHTOP;NOP14;FUS;RPP40;LSM1;LSM5;LSM4;LSM3;CHERP;LSM2;LSM7;CNOT9;RBM28;NXT1;DDX46;TSEN15;WDR3;WDR4;PPWD1;USP39;NOB1;SNRNP70;TNPO1;BCAS2;UTP15;BUD31;TFIP11;UTP18;SKIC8;C1D;ETF1;SNRPA1;DNAJC8;SRSF1;DDX23;U2AF1;LAGE3;BMS1;TRA2B;SMNDC1;DCAF13;HNRNPA0;NOP56;HNRNPA3;NOP58;PPIL1;GPKOW;KRR1;CDC5L;U2SURP;PNRC2;SNRNP40;RBM42;SNRNP48;PPIL3;PPIL4;RAN,0.3078078078078078
1,1091,U2-type Prespliceosome (GO:0071004),8/15,2.1253337067382526e-06,protein-containing complex,GO_Cellular_Component_2023,3.487727108493543e-07,0.0,0.0,19.9467088774568,296.5845302428226,SF3A1;SNRNP70;SNRPG;LUC7L;LUC7L3;PRPF40A;SF3B1;SNRPB,0.5333333333333333
1,1091,mRNA Splicing R-HSA-72172,99/189,9.129997832263451e-72,Metabolism of RNA,Reactome_2022,4.299841993216697e-74,0.0,0.0,20.867842741935483,3525.2614058230088,EIF4A3;HNRNPU;HNRNPR;CASC3;CWC27;CCAR1;SNRPD2;MAGOH;PAPOLA;MTREX;SNRPD3;SNRNP35;TXNL4A;WBP11;CDC40;SRRM1;PRPF4;PRPF6;PRPF3;SNRPG;SRSF2;SNRNP27;SRSF3;SNRPE;SRSF4;SNRNP25;SNRPF;SNRNP200;SNRPC;SRSF7;SNRPA;SNRPB;SRSF9;RBM8A;CSTF3;CSTF2;SNU13;RNPC3;CSTF1;PRPF38A;FUS;UPF3B;LSM5;MAGOHB;LSM4;LSM3;CHERP;LSM2;HNRNPL;HNRNPM;LSM7;HNRNPK;HNRNPD;RNPS1;HNRNPC;DDX46;PPWD1;PRPF19;USP39;PQBP1;SNRNP70;DHX15;BCAS2;BUD31;PRPF40A;TFIP11;WDR33;GCFC2;HNRNPH2;SNRPA1;DNAJC8;SF3B5;SF3B2;SF3B3;DDX23;SRRT;SRSF1;U2AF1;TRA2B;SF3B1;SMNDC1;SRSF10;SRSF11;HNRNPA0;SF3A3;HNRNPA3;PPIL1;SF3A1;GPKOW;CDC5L;U2SURP;NUDT21;SNRNP40;PHF5A;HNRNPA2B1;RBM42;SNRNP48;PPIL3;PPIL4,0.5238095238095238
1,1091,Microtubule (GO:0005874),28/185,4.94157857618887e-06,cellular anatomical structure,GO_Cellular_Component_2023,9.122914294502528e-07,0.0,0.0,3.146101347586149,43.75379524299245,CEP57;KIF14;TUBD1;KIF11;SKA3;SKA1;AURKB;SKA2;KIF15;AURKA;FAM110A;CCT5;KIF23;KIF22;TUBG1;LRPPRC;CENPE;PSRC1;FAM161A;KIF2A;KIFC1;PRC1;KIF4A;CDK1;MAP6D1;KIF2C;KIF20A;KIF20B,0.15135135135135136
1,1091,Prespliceosome (GO:0071010),8/15,2.1253337067382526e-06,protein-containing complex,GO_Cellular_Component_2023,3.487727108493543e-07,0.0,0.0,19.9467088774568,296.5845302428226,SF3A1;SNRNP70;SNRPG;LUC7L;LUC7L3;PRPF40A;SF3B1;SNRPB,0.5333333333333333
1,1091,CENP-A Containing Chromatin Assembly (GO:0034080),6/6,5.119275588659561e-07,cellular process,GO_Biological_Process_2023,2.6004589523019626e-08,0.0,0.0,113454.0,1981473.2924943408,CENPW;MIS18A;NASP;CENPI;HJURP;OIP5,1.0
1,1091,Nucleosome Organization (GO:0034728),18/75,1.4666331711954236e-06,cellular process,GO_Biological_Process_2023,7.88326158173559e-08,0.0,0.0,5.548241526462942,90.74670007176694,SUPT16H;NPM1;SET;ATRX;HMGB2;SMARCA5;RSF1;SSRP1;NAP1L4;CHAF1B;CHAF1A;SART3;NASP;GRWD1;HAT1;DNAJC9;ASF1A;ASF1B,0.24
1,1091,DNA-templated DNA Replication Maintenance Of Fidelity (GO:0045005),15/43,8.389723706892716e-08,cellular process,GO_Biological_Process_2023,3.667097190254345e-09,0.0,0.0,9.400391662241104,182.59194277000887,TIPIN;CENPX;MCM8;DDX11;ATRX;DONSON;THOC1;NUCKS1;TRAIP;FAM111A;MMS22L;RFWD3;TIMELESS;ASF1A;CENPS,0.3488372093023256
1,1091,DNA Binding (GO:0003677),89/846,9.67425130461096e-08,binding,GO_Molecular_Function_2023,1.749864577061414e-09,0.0,0.0,2.1298591720126456,42.94589982268128,DCLRE1B;TOP2A;CREBZF;DCLRE1A;FEN1;MCM7;MCM8;POGK;HMGB2;ZNF43;HMGB3;HNRNPU;MCM10;SMC5;NUCKS1;SMC6;SMC3;CHTF18;PQBP1;TRIM28;RUVBL2;DNMT3B;YAF2;TIPIN;DDX11;ATRX;WBP11;TERF1;SMC1A;RAD23B;ILF2;WDR76;TSN;SUPV3L1;MMS22L;ILF3;RAD51C;C1D;MTF2;SDE2;MCM3;TIMELESS;MCM4;MCM5;MCM6;SNRPA;MCM2;GTF3C2;DNMT1;NUFIP1;SRRT;FOXK2;PDS5B;RNF4;CENPC;UNG;RAD51AP1;PSMC3IP;CDC45;TDG;CLSPN;LYAR;PMS1;ZNF146;H2AZ1;SUZ12;MBD4;CDT1;POLQ;SSB;ATAD5;CENPX;TREX2;CBX1;SMARCA5;CDC5L;HINFP;FAM111A;TFAP4;MYBBP1A;TDP2;FUBP1;SSBP1;HROB;TARDBP;RAD18;EZH2;CENPS;PHF19,0.10520094562647754
1,1091,Tubulin Binding (GO:0015631),46/322,1.0301334258364495e-07,binding,GO_Molecular_Function_2023,2.1294747820908515e-09,0.0,0.0,2.97177033492823,59.33849866113591,CEP57;CETN3;KIF14;SMC3;SKA1;SKA2;KIF15;SPAST;RACGAP1;KATNA1;STMN1;NUSAP1;ZNF207;FAM83D;GTSE1;DLGAP5;CCT5;GAS2L3;SPAG5;VBP1;RCC2;NDE1;KIF23;HAUS6;KIF22;TBCA;TERF1;CCSAP;CKAP5;LRPPRC;CENPE;KIF18A;KIF18B;PSRC1;KIF2A;FAM161A;CEP57L1;KIFC1;PRC1;MAP6D1;KIF2C;TUBGCP3;KIF20A;TUBGCP4;KIF20B;SPC24,0.14285714285714285
1,1091,Regulation Of Transcription By RNA Polymerase I (GO:0006356),13/32,1.0390404094486797e-07,biological regulation,GO_Biological_Process_2023,4.6400455637947035e-09,0.0,0.0,11.989551801581875,230.06201412115368,UTP15;HEATR1;SMARCA5;DDX21;WDR75;DEK;BAZ1B;WDR43;DHX33;MYBBP1A;BEND3;LYAR;SF3B1,0.40625
1,1091,Regulation Of RNA Splicing (GO:0043484),23/102,1.0390404094486797e-07,biological regulation,GO_Biological_Process_2023,4.664327886479601e-09,0.0,0.0,5.133101028777319,98.46993034942932,SF3B5;ENY2;SF3B3;FUS;SRSF1;LARP7;RRP1B;SRRM1;SRPK1;PQBP1;HNRNPL;HNRNPK;SNRNP70;TRA2B;METTL4;SRSF3;HNRNPH2;SUPT20H;RBM12;METTL16;SRSF10;MCM2;FAM50A,0.22549019607843138
1,1091,Establishment Of Chromosome Localization (GO:0051303),9/14,1.4216361156898254e-07,None,GO_Biological_Process_2023,6.4657992267050516e-09,0.0,0.0,31.448428835489835,593.014821075548,CENPF;INCENP;NDE1;SPICE1;KIF2C;KIF22;FAM83D;CENPQ;NDC80,0.6428571428571429
1,1091,"Protein Localization To Chromosome, Centromeric Region (GO:0071459)",10/18,1.424316894671828e-07,localization,GO_Biological_Process_2023,6.562121546627441e-09,0.0,0.0,21.855920444033305,411.80820129470845,MTBP;IK;ZWILCH;CDK1;TTK;KNL1;BUB3;SPDL1;HASPIN;CENPA,0.5555555555555556
1,1091,"Nuclear-Transcribed mRNA Catabolic Process, Nonsense-Mediated Decay (GO:0000184)",12/28,1.8893888791026682e-07,cellular process,GO_Biological_Process_2023,8.816404102132947e-09,0.0,0.0,13.132298424467098,243.5601655324217,SKIC8;RBM8A;EIF4A3;MAGOH;UPF3B;SMG9;UPF3A;RNPS1;SMG7;MAGOHB;GSPT1;PNRC2,0.42857142857142855
1,1091,Spindle Assembly (GO:0051225),20/81,1.890344678126573e-07,cellular process,GO_Biological_Process_2023,8.93252062906827e-09,0.0,0.0,5.770001989866985,106.93871971908182,BCCIP;SPICE1;HAUS3;HAUS6;KIF11;SMC3;SMC1A;MZT1;HAUS1;TPX2;STAG1;STAG2;KIF2A;KIFC1;ZNF207;RCC1;NEK2;TUBGCP3;TUBGCP4;SAC3D1,0.24691358024691357
1,1091,protein-DNA Complex Assembly (GO:0065004),17/59,1.9491157913568234e-07,cellular process,GO_Biological_Process_2023,9.325362025983621e-09,0.0,0.0,7.110468209630221,131.47631187174977,SUPT16H;NPM1;ATRX;HMGB2;SMARCA5;RSF1;SSRP1;NAP1L4;CHAF1B;CHAF1A;SART3;NASP;GRWD1;HAT1;DNAJC9;ASF1A;ASF1B,0.288135593220339
1,1091,Single-Stranded DNA Helicase Activity (GO:0017116),11/22,2.1064966661629818e-07,catalytic activity,GO_Molecular_Function_2023,4.8988294561929804e-09,0.0,0.0,17.498148148148147,334.81428323753795,PIF1;POLQ;MCM7;MCM8;DSCC1;MCM3;MCM4;WRNIP1;MCM5;MCM6;MCM2,0.5
1,1091,Double-Strand Break Repair Via Break-Induced Replication (GO:0000727),8/11,2.2479777783986362e-07,cellular process,GO_Biological_Process_2023,1.088801995444112e-08,0.0,0.0,46.552169898430286,853.5620938913313,GINS2;MCM7;MCM3;MCM4;CDC7;MCM5;MCM6;MCM2,0.7272727272727273
1,1091,"Condensed Chromosome, Centromeric Region (GO:0000779)",7/9,3.099716840619492e-07,cellular anatomical structure,GO_Cellular_Component_2023,4.6098353014341165e-08,0.0,0.0,61.04658671586716,1031.2287710184223,SGO1;CENPE;CBX3;NCAPD2;NCAPD3;CENPA;CENPC,0.7777777777777778
1,1091,Chromatin Remodeling At Centromere (GO:0031055),6/6,5.119275588659561e-07,None,GO_Biological_Process_2023,2.6004589523019626e-08,0.0,0.0,113454.0,1981473.2924943408,CENPW;MIS18A;NASP;CENPI;HJURP;OIP5,1.0
1,1091,mRNA Splicing - Major Pathway R-HSA-72163,95/181,5.248399879997402e-69,Metabolism of RNA,Reactome_2022,3.2956985117723085e-71,0.0,0.0,20.876354254226207,3388.04281051456,DDX46;EIF4A3;HNRNPU;PPWD1;HNRNPR;CASC3;CWC27;PRPF19;USP39;CCAR1;PQBP1;SNRPD2;SNRNP70;MAGOH;PAPOLA;DHX15;MTREX;SNRPD3;TXNL4A;BCAS2;BUD31;PRPF40A;TFIP11;WBP11;CDC40;SRRM1;WDR33;PRPF4;GCFC2;PRPF6;PRPF3;SNRPG;SRSF2;SNRNP27;SRSF3;SNRPE;SRSF4;HNRNPH2;SNRPA1;SNRPF;DNAJC8;SNRNP200;SNRPC;SRSF7;SNRPA;SNRPB;SRSF9;SF3B5;SF3B2;SF3B3;RBM8A;CSTF3;CSTF2;DDX23;SRRT;SRSF1;SNU13;U2AF1;TRA2B;CSTF1;SF3B1;SMNDC1;SRSF10;SRSF11;HNRNPA0;SF3A3;HNRNPA3;PPIL1;SF3A1;PRPF38A;GPKOW;FUS;UPF3B;CDC5L;LSM5;MAGOHB;LSM4;LSM3;U2SURP;CHERP;LSM2;HNRNPL;HNRNPM;NUDT21;LSM7;SNRNP40;HNRNPK;PHF5A;HNRNPA2B1;HNRNPD;RBM42;RNPS1;HNRNPC;PPIL3;PPIL4,0.5248618784530387
1,1091,"Regulation Of mRNA Splicing, Via Spliceosome (GO:0048024)",21/94,5.119275588659561e-07,biological regulation,GO_Biological_Process_2023,2.58151512254527e-08,0.0,0.0,5.064089105108181,88.48130564716953,PRMT5;DAZAP1;RBM8A;HNRNPU;LARP7;SRRM1;WDR77;SRPK1;HNRNPL;HNRNPK;CLNS1A;TRA2B;MAGOH;SRSF3;SRSF4;RNPS1;METTL16;SRSF7;SRSF10;SRSF9;HNRNPA0,0.22340425531914893
1,1091,Mitotic Cell Cycle Phase Transition (GO:0044772),23/111,5.119275588659561e-07,cellular process,GO_Biological_Process_2023,2.576458561699133e-08,0.0,0.0,4.605922284644195,80.48510628787913,USP37;UBE2C;CCNF;CDC7;PKMYT1;FOXM1;MASTL;ARPP19;GSPT1;AURKA;HINFP;CCNB2;WEE1;MELK;SPAST;DBF4;PPME1;UBE2S;CDK1;TACC3;RCC1;TAF2;CDKN3,0.2072072072072072
1,1091,Regulation Of DNA-templated DNA Replication Initiation (GO:0030174),8/12,5.982165793176673e-07,biological regulation,GO_Biological_Process_2023,3.1094541630215426e-08,0.0,0.0,34.91228070175438,603.5018377449185,MCM7;MCM3;MCM4;MCM5;WRNIP1;MCM6;MCM2;TICRR,0.6666666666666666
1,1091,Regulation Of Chromosome Separation (GO:1905818),8/12,5.982165793176673e-07,biological regulation,GO_Biological_Process_2023,3.1094541630215426e-08,0.0,0.0,34.91228070175438,603.5018377449185,NCAPH2;NCAPG2;NCAPG;NCAPD2;NCAPD3;SMC4;NCAPH;SMC2,0.6666666666666666
1,1091,Ribosome Binding (GO:0043022),20/85,8.394222692746703e-07,binding,GO_Molecular_Function_2023,2.169049791407417e-08,0.0,0.0,5.413775766716944,95.53360697827124,PTCD3;SRP19;NPM1;NAA10;CCDC47;IFRD2;NME1;UNG;DNAJC2;NCLN;MTRFR;DHX33;SRP72;ERI1;G3BP1;SERBP1;GEMIN5;ETF1;DHX29;GCN1,0.23529411764705882
1,1091,Kinetochore Assembly (GO:0051382),7/9,8.769046253177481e-07,cellular process,GO_Biological_Process_2023,4.6098353014341165e-08,0.0,0.0,61.04658671586716,1031.2287710184223,CENPE;CENPF;CENPW;MIS12;KNTC1;DLGAP5;CENPC,0.7777777777777778
1,1091,U4 snRNP (GO:0005687),7/10,9.515008805253356e-07,protein-containing complex,GO_Cellular_Component_2023,1.4638475085005166e-07,0.0,0.0,40.69557195571956,640.4273309952009,SNRPD2;SNRPD1;SNRPG;SNRPE;SNRPD3;SNRPF;SNRPB,0.7
1,1091,Mitotic Cytokinesis (GO:0000281),16/59,1.2327907286245986e-06,cellular process,GO_Biological_Process_2023,6.553524251400703e-08,0.0,0.0,6.530146024878313,108.01304128883032,CKAP2;CDCA8;KIF23;CENPA;AURKB;ANLN;SPAST;ESPL1;RACGAP1;INCENP;KIF4A;STMN1;NUSAP1;KIF20A;ECT2;CEP55,0.2711864406779661
1,1091,Chromatin Remodeling (GO:0006338),34/228,1.703680135800398e-06,cellular process,GO_Biological_Process_2023,9.258037359340617e-08,0.0,0.0,3.1030732768289946,50.25485716264927,SUV39H2;PAXIP1;DDX23;PSIP1;DDX21;RSF1;HPF1;SART3;RUVBL2;TDG;RUVBL1;PCGF1;SF3B1;SS18;KDM4A;PBRM1;NPM1;PCGF6;CHTOP;DR1;PHF10;CBX3;PIH1D1;ACTL6A;MBD2;ATRX;SMARCA5;DEK;BAZ1B;NPM3;MYBBP1A;MTF2;HNRNPC;ASF1A,0.14912280701754385
1,1091,Cell Cycle R-HSA-1640170,160/654,1.4141065781874117e-59,Cell Cycle,Reactome_2022,1.1099737662381566e-61,0.0,0.0,6.406415112390578,899.161850008489,ERCC6L;ZWILCH;DSCC1;HJURP;BUB1B;SMC3;SMC4;CDC20;PTTG1;PPME1;RUVBL2;RUVBL1;RCC1;NEK2;OIP5;KNTC1;KMT5A;FBXO5;GTSE1;TMPO;BORA;FKBPL;VRK1;ESCO2;KNL1;SGO1;SGO2;SHQ1;DKC1;NHP2;UBE2V2;KIF20A;BLZF1;PIF1;SET;CDCA5;CDCA8;NCAPG;HMMR;PDS5B;PKMYT1;PDS5A;ARPP19;NCAPH;SKA1;SKA2;ORC5;CCNB2;SYCE2;DSN1;ORC6;SPAST;RAD21;CLSPN;PLK4;CDT1;UBE2C;NCAPH2;RCC2;SMARCA5;CDC7;CDC6;NDC80;ZWINT;DHFR;TPX2;KIF18A;STAG2;UBE2S;CDK1;TUBGCP3;TUBGCP4;CEP57;TOP2A;DIDO1;AHCTF1;FEN1;MCM7;MCM8;CETN2;NCAPG2;MCM10;RSF1;FOXM1;CHTF18;CKS1B;LMNB1;MIS18BP1;NUF2;MYBL2;TK1;SPDL1;TOPBP1;TNPO1;LBR;ATRX;HAUS3;HAUS6;KIF23;TERF1;RANGAP1;SMC1A;TUBG1;MASTL;CKAP5;HAUS1;DBF4;RAD51C;ESPL1;KIF2A;INCENP;POLR1B;MCM3;MCM4;MCM5;KIF2C;MCM6;ITGB3BP;MCPH1;PRIM2;MIS12;CENPA;AURKB;AURKA;PSMC3IP;CDC45;NSD2;BUB3;E2F6;BUB1;H2AZ1;GINS1;CENPU;GINS2;NPM1;CENPW;RRM2;CENPX;NDE1;GINS3;MND1;MZT1;MLH3;CENPE;CENPF;WEE1;MIS18A;CENPH;CENPI;CENPK;CENPL;CENPM;CENPN;NCAPD2;NCAPD3;CENPQ;SPC24;RAN;MAD2L1;SPC25,0.24464831804281345
1,1091,Mitotic Spindle Checkpoint R-HSA-69618,46/110,1.04159668407926e-27,Cell Cycle,Reactome_2022,2.4527394444566562e-29,0.0,0.0,12.961572966507177,853.8794210594731,ERCC6L;AHCTF1;ZWILCH;MIS12;BUB1B;CDCA8;CENPA;SKA1;AURKB;SKA2;CDC20;DSN1;NUF2;KNTC1;SPDL1;BUB3;BUB1;CENPU;UBE2C;RCC2;NDE1;KNL1;RANGAP1;CKAP5;NDC80;ZWINT;SGO1;SGO2;CENPE;KIF18A;CENPF;KIF2A;CENPH;UBE2S;INCENP;CENPI;CENPK;CENPL;CENPM;KIF2C;CENPN;CENPQ;ITGB3BP;SPC24;MAD2L1;SPC25,0.41818181818181815
1,1091,Resolution Of Sister Chromatid Cohesion R-HSA-2500257,53/106,1.1742293449356684e-36,Cell Cycle,Reactome_2022,1.2903619175117234e-38,0.0,0.0,18.165703275529864,1584.8360967410729,ERCC6L;AHCTF1;ZWILCH;BUB1B;SMC3;CDC20;NUF2;KNTC1;SPDL1;KNL1;RANGAP1;SMC1A;CKAP5;SGO1;SGO2;KIF2A;INCENP;KIF2C;ITGB3BP;CDCA5;MIS12;CDCA8;PDS5B;PDS5A;CENPA;SKA1;AURKB;SKA2;CCNB2;DSN1;RAD21;BUB3;BUB1;CENPU;RCC2;NDE1;NDC80;ZWINT;CENPE;KIF18A;CENPF;STAG2;CENPH;CENPI;CENPK;CDK1;CENPL;CENPM;CENPN;CENPQ;SPC24;MAD2L1;SPC25,0.5
1,1091,Activation Of Pre-Replicative Complex R-HSA-68962,16/32,2.6396616708566304e-11,Cell Cycle,Reactome_2022,1.4503635554157313e-12,0.0,0.0,17.57488372093023,479.0773909428893,PRIM2;CDT1;MCM7;MCM8;MCM10;CDC7;CDC6;ORC5;CDC45;ORC6;DBF4;POLR1B;MCM3;MCM4;MCM5;MCM6,0.5
1,1091,Unwinding Of DNA R-HSA-176974,10/11,4.1509474408746286e-11,Cell Cycle,Reactome_2022,2.345904362189743e-12,0.0,0.0,174.91211840888067,4683.857949232971,GINS1;GINS2;CDC45;MCM7;MCM8;GINS3;MCM3;MCM4;MCM5;MCM6,0.9090909090909091
1,1091,Activation Of ATR In Response To Replication Stress R-HSA-176187,15/36,3.328076481373331e-09,Cell Cycle,Reactome_2022,1.9331056485214008e-10,0.0,0.0,12.538502389803504,280.4452107404686,MCM7;MCM8;MCM10;CDC7;CDC6;ORC5;CDC45;ORC6;DBF4;POLR1B;MCM3;MCM4;MCM5;CLSPN;MCM6,0.4166666666666667
1,1091,Processing Of Capped Intronless Pre-mRNA R-HSA-75067,13/29,1.7262015210456983e-08,Metabolism of RNA,Reactome_2022,1.056858074109611e-09,0.0,0.0,14.239853896103895,294.30880778862314,SLBP;CSTF3;CSTF2;WDR33;LSM10;NUDT21;CSTF1;PAPOLA;SNRPG;SNRPE;SNRPD3;SNRPF;SNRPB,0.4482758620689655
1,1091,DNA Strand Elongation R-HSA-69190,13/31,4.6176096477354014e-08,Cell Cycle,Reactome_2022,2.8995978949672846e-09,0.0,0.0,12.65630797773655,248.80648274852456,GINS1;PRIM2;GINS2;FEN1;MCM7;MCM8;GINS3;CDC45;POLR1B;MCM3;MCM4;MCM5;MCM6,0.41935483870967744
1,1091,SUMO E3 Ligases SUMOylate Target Proteins R-HSA-3108232,30/168,1.2858516538813366e-07,Metabolism of proteins,Reactome_2022,8.276282230633405e-09,0.0,0.0,3.846043519239438,71.57437750465033,TOP2A;TOP2B;DNMT1;ZNF131;L3MBTL2;CETN2;CDCA8;SMC5;SMC6;SMC3;AURKB;AURKA;TRIM28;RAD21;TDG;DNMT3B;SUZ12;CASP8AP2;NOP58;NPM1;CBX5;CBX2;NSMCE1;RANGAP1;SMC1A;HNRNPK;STAG2;NSMCE4A;INCENP;HNRNPC,0.17857142857142858
1,1091,Establishment Of Sister Chromatid Cohesion R-HSA-2468052,8/11,1.6513496930902366e-07,Cell Cycle,Reactome_2022,1.088801995444112e-08,0.0,0.0,46.552169898430286,853.5620938913313,STAG2;CDCA5;RAD21;ESCO2;PDS5B;PDS5A;SMC1A;SMC3,0.7272727272727273
1,1091,S Phase R-HSA-69242,29/161,1.7698384738492906e-07,Cell Cycle,Reactome_2022,1.1947104297569778e-08,0.0,0.0,3.8844161958568737,70.86253807156614,PRIM2;FEN1;MCM7;MCM8;CDCA5;PDS5B;SMC3;PDS5A;CKS1B;ORC5;ORC6;CDC45;RAD21;GINS1;CDT1;GINS2;UBE2C;GINS3;ESCO2;CDC6;SMC1A;WEE1;STAG2;UBE2S;POLR1B;MCM3;MCM4;MCM5;MCM6,0.18012422360248448
1,1091,SUMOylation R-HSA-2990846,30/174,2.770671237967276e-07,Metabolism of proteins,Reactome_2022,1.913807448517428e-08,0.0,0.0,3.684613572101791,65.48142718558148,TOP2A;TOP2B;DNMT1;ZNF131;L3MBTL2;CETN2;CDCA8;SMC5;SMC6;SMC3;AURKB;AURKA;TRIM28;RAD21;TDG;DNMT3B;SUZ12;CASP8AP2;NOP58;NPM1;CBX5;CBX2;NSMCE1;RANGAP1;SMC1A;HNRNPK;STAG2;NSMCE4A;INCENP;HNRNPC,0.1724137931034483
1,1091,Kinesins R-HSA-983189,14/42,3.380342396076132e-07,Hemostasis,Reactome_2022,2.387996983099308e-08,0.0,0.0,8.765552460538533,153.83742504746868,KIF23;KIF11;KIF22;KIF15;CENPE;KIF18A;KIF18B;RACGAP1;KIF2A;KIFC1;KIF4A;KIF2C;KIF20A;KIF20B,0.3333333333333333
1,1091,RHO GTPase Effectors R-HSA-195258,48/269,5.556420168621356e-12,Signal Transduction,Reactome_2022,2.965750168494916e-13,0.0,0.0,3.8915936018186312,112.25876221707352,AHCTF1;ERCC6L;ZWILCH;MIS12;KIF14;CDCA8;BUB1B;CENPA;SKA1;AURKB;SKA2;CDC20;DSN1;VPS72;NUF2;KNTC1;SPDL1;BUB3;BUB1;H2AZ1;CENPU;RCC2;NDE1;KNL1;RANGAP1;CKAP5;ZWINT;NDC80;SGO1;CENPE;SGO2;CENPF;KIF18A;KIF2A;CENPH;INCENP;CENPI;PRC1;CENPK;CENPL;CENPM;KIF2C;CENPN;CENPQ;SPC24;ITGB3BP;MAD2L1;SPC25,0.17843866171003717
1,1091,Metabolism Of Non-Coding RNA R-HSA-194441,15/52,9.449206505632306e-07,Metabolism of RNA,Reactome_2022,6.823602814114381e-08,0.0,0.0,7.110418969155028,117.3239973372778,PRMT5;GEMIN2;PHAX;SNUPN;WDR77;SNRPD2;CLNS1A;GEMIN4;SNRPG;GEMIN5;GEMIN6;SNRPE;SNRPD3;SNRPF;SNRPB,0.28846153846153844
1,1091,Mitotic G1 Phase And G1/S Transition R-HSA-453279,26/147,1.3079224907911693e-06,Cell Cycle,Reactome_2022,9.855616885082593e-08,0.0,0.0,3.790695689287239,61.15392590696738,TOP2A;PRIM2;MCM7;MCM8;MCM10;CKS1B;ORC5;ORC6;CDC45;MYBL2;FBXO5;TK1;E2F6;CDT1;RRM2;CDC7;CDC6;DHFR;WEE1;DBF4;POLR1B;CDK1;MCM3;MCM4;MCM5;MCM6,0.17687074829931973
1,1091,G1/S Transition R-HSA-69206,24/129,1.4747105162387105e-06,Cell Cycle,Reactome_2022,1.1343927047990081e-07,0.0,0.0,4.028169768375954,64.41848370559646,CDT1;PRIM2;RRM2;MCM7;MCM8;CDC7;MCM10;CDC6;CKS1B;ORC5;DHFR;WEE1;ORC6;DBF4;CDC45;POLR1B;CDK1;MCM3;MCM4;MCM5;FBXO5;TK1;MCM6;E2F6,0.18604651162790697
1,1091,SLBP Dependent Processing Of Replication-Dependent Histone Pre-mRNAs R-HSA-77588,7/11,4.714070364956435e-06,Metabolism of RNA,Reactome_2022,3.835084768378283e-07,0.0,0.0,30.520064575645755,450.9005075480138,LSM10;SLBP;SNRPG;SNRPE;SNRPD3;SNRPF;SNRPB,0.6363636363636364
1,1091,DNA Repair R-HSA-73894,40/310,4.714070364956435e-06,DNA Repair,Reactome_2022,3.8482207060868854e-07,0.0,0.0,2.627339042182049,38.80707129175014,DCLRE1B;DCLRE1A;FEN1;PAXIP1;CETN2;PRPF19;RNF4;UNG;RAD51AP1;PPP4C;PPP4R2;TDG;NSD2;RUVBL1;PCLAF;REV3L;CLSPN;TOPBP1;KPNA2;FANCI;H2AZ1;MBD4;KDM4A;TIPIN;CENPX;ACTL6A;SMARCA5;BAZ1B;TERF1;RAD23B;COPS3;RAD51C;TDP2;UBE2T;POLR1B;TIMELESS;UBE2V2;TCEA1;DTL;RAD18,0.12903225806451613
1,1091,DNA replication,12/36,3.2612524069862004e-06,Replication and repair,KEGG_2021_Human,2.4157425236934816e-07,0.0,0.0,8.751158480074142,133.33342899943725,PRIM2;FEN1;RNASEH2B;RNASEH2A;RNASEH1;MCM7;MCM3;MCM4;MCM5;MCM6;SSBP1;MCM2,0.3333333333333333
1,1091,Cell cycle,30/124,5.156757730961628e-11,Cell growth and death,KEGG_2021_Human,3.1831837845442146e-12,0.0,0.0,5.659554414743217,149.82617200060614,MCM7;BUB1B;TTK;SMC3;PKMYT1;CDC20;ORC5;CCNB2;ORC6;CDC45;PTTG1;ORC1;RAD21;BUB3;BUB1;CDC7;CDC6;SMC1A;STAG1;WEE1;STAG2;DBF4;ESPL1;CDK1;MCM3;MCM4;MCM5;MCM6;MCM2;MAD2L1,0.24193548387096775
1,1091,mRNA surveillance pathway,27/98,2.8164273129829155e-11,Translation,KEGG_2021_Human,1.3908283027076126e-12,0.0,0.0,6.73284443503124,183.81420493789213,DAZAP1;NXT1;RBM8A;RNMT;CSTF3;EIF4A3;CSTF2;CASC3;SMG7;GSPT1;PNN;CLP1;MAGOH;PAPOLA;CSTF1;FUS;UPF3B;UPF3A;MAGOHB;SRRM1;WDR33;DDX19A;NUDT21;DDX39B;RNPS1;ETF1;TARDBP,0.2755102040816326
1,1091,RNA transport,41/186,2.8720230768993984e-13,None,KEGG_2021_Human,1.0637122507034807e-14,0.0,0.0,5.053031198686371,162.57838034164166,POP5;POP7;NXT1;RBM8A;POP1;GEMIN2;RPP30;EIF4A3;PHAX;CASC3;PNN;MAGOH;PAIP1;EIF5B;PRMT5;EIF1AX;FUS;RPP40;THOC1;UPF3B;UPF3A;THOC2;THOC5;MAGOHB;RANGAP1;THOC7;SNUPN;SRRM1;DDX19A;DDX39B;XPOT;CLNS1A;EIF3J;GEMIN4;TACC3;GEMIN5;GEMIN6;RNPS1;TARDBP;RAN;EIF3B,0.22043010752688172
1,1091,Ribosome biogenesis in eukaryotes,41/108,1.0081287554840372e-22,Translation,KEGG_2021_Human,2.4892068036642893e-24,0.0,0.0,10.981122956645343,596.8248905925268,POP5;RBM28;POP7;NXT1;POP1;RPP30;WDR3;HEATR1;FCF1;NAT10;SNU13;PWP2;WDR43;NOL6;RRP7A;FBL;EMG1;NOB1;TCOF1;BMS1;UTP14A;MDN1;UTP14C;UTP15;NOP56;WDR36;NOP58;UTP6;UTP4;RPP40;WDR75;IMP4;GNL2;UTP18;GTPBP4;GNL3;REXO5;DKC1;NHP2;MPHOSPH10;RAN,0.37962962962962965
1,1091,Spliceosome,75/150,2.387714404737735e-52,Transcription,KEGG_2021_Human,2.947795561404611e-54,0.0,0.0,18.537401574803148,2284.893005269444,TCERG1;DDX46;EIF4A3;HNRNPU;PRPF19;USP39;PQBP1;SNRPD2;SNRPD1;SNRNP70;MAGOH;DHX15;SNRPD3;TXNL4A;BCAS2;BUD31;THOC1;PRPF40A;THOC2;WBP11;CDC40;PRPF4;PRPF6;PRPF18;DDX39B;PRPF3;SNRPG;SRSF2;SNRNP27;SRSF3;SNRPE;SRSF4;SNRPA1;SNRPF;SNRNP200;SNRPC;SRSF7;SNRPA;SRSF8;SNRPB;SRSF9;SF3B5;SF3B2;SF3B3;DHX8;RBM8A;DDX23;SRSF1;SNU13;U2AF1;TRA2B;SF3B1;SMNDC1;SRSF10;SF3A3;PRPF38B;HNRNPA3;PPIL1;SF3A1;PRPF38A;FUS;CDC5L;LSM5;MAGOHB;LSM4;LSM3;U2SURP;CHERP;LSM2;HNRNPM;LSM7;SNRNP40;HNRNPK;PHF5A;HNRNPC,0.5
1,1091,Mitotic Telophase/Cytokinesis R-HSA-68884,8/13,1.0430975719503843e-06,Cell Cycle,Reactome_2022,7.696324314233606e-08,0.0,0.0,27.928347183748844,457.4645922640128,STAG2;RAD21;KIF23;PDS5B;KIF20A;PDS5A;SMC1A;SMC3,0.6153846153846154
1,1091,Deposition Of New CENPA-containing Nucleosomes At Centromere R-HSA-606279,22/53,2.3216043269464765e-13,Cell Cycle,Reactome_2022,1.2027149574447991e-14,0.0,0.0,12.53254473580977,401.6882341256995,H2AZ1;CENPU;NPM1;CENPW;CENPX;HJURP;SMARCA5;RSF1;KNL1;CENPA;MIS18A;CENPH;MIS18BP1;CENPI;RUVBL1;CENPK;CENPL;CENPM;OIP5;CENPN;CENPQ;ITGB3BP,0.41509433962264153
1,1091,mRNA Splicing - Minor Pathway R-HSA-72165,22/49,3.17286098105483e-14,Metabolism of RNA,Reactome_2022,1.5939019057104325e-15,0.0,0.0,14.392266916120985,490.38182932150056,SF3B5;SF3B2;SF3B3;DDX23;SRSF1;RNPC3;SNRNP40;PRPF6;SNRPD2;SNRPG;SRSF2;SNRPE;SNRNP48;SNRPD3;SNRNP25;SNRPF;SNRNP35;TXNL4A;SNRNP200;SRSF7;SF3B1;SNRPB,0.4489795918367347
1,1091,Transport Of Mature mRNA Derived From An Intron-Containing Transcript R-HSA-159236,27/74,1.1663643241582595e-14,Metabolism of RNA,Reactome_2022,5.676184309090432e-16,0.0,0.0,10.183850583906574,357.504912445959,FYTTD1;NXT1;RBM8A;EIF4A3;SRSF1;U2AF1;CASC3;MAGOH;SRSF11;CHTOP;THOC1;UPF3B;THOC2;THOC5;MAGOHB;CDC40;THOC7;SRRM1;DDX39A;DDX39B;SARNP;SRSF2;SRSF3;SRSF4;RNPS1;SRSF7;SRSF9,0.36486486486486486
1,1091,Mitotic Prometaphase R-HSA-68877,68/186,1.899074562284561e-36,Cell Cycle,Reactome_2022,2.3850229981595744e-38,0.0,0.0,10.58525108935169,916.9899787806112,CEP57;ERCC6L;AHCTF1;ZWILCH;CETN2;BUB1B;SMC3;SMC4;CDC20;NUF2;KNTC1;NEK2;SPDL1;HAUS3;HAUS6;KNL1;RANGAP1;SMC1A;TUBG1;CKAP5;HAUS1;SGO1;SGO2;KIF2A;INCENP;KIF2C;ITGB3BP;CDCA5;MIS12;CDCA8;NCAPG;PDS5B;PDS5A;CENPA;NCAPH;SKA1;AURKB;SKA2;CCNB2;DSN1;RAD21;BUB3;BUB1;PLK4;CENPU;RCC2;NDE1;NDC80;ZWINT;MZT1;CENPE;KIF18A;CENPF;STAG2;CENPH;CENPI;CENPK;CDK1;CENPL;CENPM;TUBGCP3;CENPN;NCAPD2;TUBGCP4;CENPQ;SPC24;MAD2L1;SPC25,0.3655913978494624
1,1091,M Phase R-HSA-68886,93/380,6.966922752496879e-34,Cell Cycle,Reactome_2022,9.843375945443e-36,0.0,0.0,6.0463994190471535,487.3776715195917,CEP57;AHCTF1;ERCC6L;ZWILCH;CETN2;NCAPG2;BUB1B;SMC3;SMC4;LMNB1;CDC20;PTTG1;NUF2;RCC1;KNTC1;NEK2;FBXO5;KMT5A;SPDL1;TNPO1;LBR;TMPO;HAUS3;KIF23;VRK1;HAUS6;KNL1;TUBG1;MASTL;RANGAP1;SMC1A;CKAP5;HAUS1;SGO1;SGO2;KIF2A;ESPL1;INCENP;KIF2C;KIF20A;BLZF1;ITGB3BP;MCPH1;SET;CDCA5;MIS12;CDCA8;NCAPG;PDS5B;PDS5A;ARPP19;CENPA;NCAPH;SKA1;AURKB;SKA2;CCNB2;DSN1;SPAST;RAD21;BUB3;BUB1;PLK4;H2AZ1;CENPU;UBE2C;NCAPH2;RCC2;NDE1;ZWINT;MZT1;NDC80;CENPE;CENPF;KIF18A;STAG2;CENPH;CENPI;UBE2S;CENPK;CENPL;CDK1;CENPM;CENPN;NCAPD2;TUBGCP3;NCAPD3;TUBGCP4;CENPQ;SPC24;RAN;MAD2L1;SPC25,0.24473684210526317
1,1091,RNA Polymerase II Transcription Termination R-HSA-73856,39/67,2.4113424658597777e-30,Gene expression (Transcription),Reactome_2022,3.785466979371707e-32,0.0,0.0,24.998608093427485,1808.688136402099,FYTTD1;SLBP;RBM8A;CSTF3;EIF4A3;CSTF2;SRSF1;U2AF1;CASC3;LSM10;MAGOH;PAPOLA;CSTF1;SNRPD3;SRSF11;CHTOP;THOC1;UPF3B;THOC2;THOC5;MAGOHB;CDC40;THOC7;SRRM1;WDR33;NUDT21;DDX39A;DDX39B;SARNP;SNRPG;SRSF2;SRSF3;SNRPE;SRSF4;RNPS1;SNRPF;SRSF7;SNRPB;SRSF9,0.582089552238806
1,1091,rRNA Modification In Nucleus And Cytosol R-HSA-6790901,37/60,4.0844910013626865e-30,Metabolism of RNA,Reactome_2022,7.053281164048594e-32,0.0,0.0,28.825261942083987,2067.613845208139,WDR3;HEATR1;FCF1;NAT10;SNU13;PWP2;WDR46;WDR43;RRP9;NOL6;RRP7A;FBL;EMG1;PDCD11;BMS1;UTP20;UTP14A;DCAF13;UTP14C;UTP15;NOP56;WDR36;NOP14;NOP58;UTP6;UTP4;DIMT1;KRR1;PNO1;UTP3;WDR75;IMP4;UTP18;DKC1;NHP2;MPHOSPH10;NOL11,0.6166666666666667
1,1091,Unattached Kinetochores Signal Amplification Via A MAD2 Inhibitory Signal R-HSA-141444,44/93,3.2739990670365614e-29,Cell Cycle,Reactome_2022,6.1676591529731145e-31,0.0,0.0,16.1752724012241,1125.1651878291032,AHCTF1;ERCC6L;ZWILCH;MIS12;BUB1B;CDCA8;CENPA;AURKB;SKA1;SKA2;CDC20;DSN1;NUF2;KNTC1;SPDL1;BUB3;BUB1;CENPU;NDE1;RCC2;KNL1;RANGAP1;CKAP5;NDC80;ZWINT;SGO1;SGO2;CENPE;CENPF;KIF18A;KIF2A;CENPH;INCENP;CENPI;CENPK;CENPL;CENPM;KIF2C;CENPN;CENPQ;ITGB3BP;SPC24;MAD2L1;SPC25,0.4731182795698925
1,1091,EML4 And NUDC In Mitotic Spindle Formation R-HSA-9648025,44/97,2.896504035724033e-28,Cell Cycle,Reactome_2022,5.911232725967415e-30,0.0,0.0,14.951325440161469,1006.2346440848928,ERCC6L;AHCTF1;ZWILCH;MIS12;BUB1B;CDCA8;CENPA;SKA1;AURKB;SKA2;CDC20;DSN1;NUF2;KNTC1;SPDL1;BUB3;BUB1;CENPU;RCC2;NDE1;KNL1;RANGAP1;CKAP5;NDC80;ZWINT;SGO1;SGO2;CENPE;KIF18A;CENPF;KIF2A;CENPH;INCENP;CENPI;CENPK;CENPL;CENPM;KIF2C;CENPN;CENPQ;ITGB3BP;SPC24;MAD2L1;SPC25,0.4536082474226804
1,1091,Mitotic Metaphase And Anaphase R-HSA-2555396,66/233,5.65241787631217e-28,Cell Cycle,Reactome_2022,1.2422896431455317e-29,0.0,0.0,7.226358989338396,480.9720849573296,AHCTF1;ERCC6L;ZWILCH;BUB1B;SMC3;LMNB1;CDC20;PTTG1;NUF2;RCC1;KNTC1;FBXO5;SPDL1;TNPO1;LBR;TMPO;VRK1;KNL1;RANGAP1;SMC1A;CKAP5;SGO1;SGO2;KIF2A;ESPL1;INCENP;KIF2C;ITGB3BP;CDCA5;MIS12;CDCA8;PDS5B;PDS5A;CENPA;SKA1;AURKB;SKA2;CCNB2;DSN1;SPAST;RAD21;BUB3;BUB1;CENPU;UBE2C;RCC2;NDE1;ZWINT;NDC80;CENPE;CENPF;KIF18A;STAG2;CENPH;CENPI;UBE2S;CENPK;CENPL;CDK1;CENPM;CENPN;CENPQ;SPC24;RAN;MAD2L1;SPC25,0.2832618025751073
1,1091,Protein Localization To Condensed Chromosome (GO:1903083),8/10,7.234502595226508e-08,localization,GO_Biological_Process_2023,3.1194252182606915e-09,0.0,0.0,69.83194829178208,1367.701798984613,MTBP;IK;ZWILCH;CDK1;TTK;BUB3;KNL1;SPDL1,0.8
1,1091,rRNA Processing In Nucleus And Cytosol R-HSA-8868773,59/189,1.6318288771778444e-27,Metabolism of RNA,Reactome_2022,4.098785248798354e-29,0.0,0.0,8.258504770423375,539.811193814513,LTV1;RBM28;RPP30;WDR3;FCF1;NAT10;PWP2;WDR46;WDR43;RRP9;FBL;NOB1;MTREX;UTP14A;UTP14C;UTP15;WDR36;DIMT1;WDR75;IMP4;UTP18;GNL3;EBNA1BP2;DKC1;C1D;NHP2;NIP7;HEATR1;ISG20L2;SNU13;MRPL13;NOL6;RRP7A;EMG1;EXOSC10;PDCD11;ERI1;BMS1;UTP20;DCAF13;NOP56;NOP14;NOP58;UTP6;UTP4;PNO1;KRR1;UTP3;WDR18;RPP40;RRP1B;WDR12;BOP1;LAS1L;MPHOSPH10;TSR1;NOL11;NOL12;MPHOSPH6,0.31216931216931215
1,1091,Mitotic Anaphase R-HSA-68882,65/232,2.547181773160301e-27,Cell Cycle,Reactome_2022,6.797816349093425e-29,0.0,0.0,7.109932182418788,461.1385855806794,AHCTF1;ERCC6L;ZWILCH;BUB1B;SMC3;LMNB1;CDC20;PTTG1;NUF2;RCC1;KNTC1;SPDL1;TNPO1;LBR;TMPO;VRK1;KNL1;RANGAP1;SMC1A;CKAP5;SGO1;SGO2;KIF2A;ESPL1;INCENP;KIF2C;ITGB3BP;CDCA5;MIS12;CDCA8;PDS5B;PDS5A;CENPA;SKA1;AURKB;SKA2;CCNB2;DSN1;SPAST;RAD21;BUB3;BUB1;CENPU;UBE2C;RCC2;NDE1;ZWINT;NDC80;CENPE;CENPF;KIF18A;STAG2;CENPH;CENPI;UBE2S;CENPK;CENPL;CDK1;CENPM;CENPN;CENPQ;SPC24;RAN;MAD2L1;SPC25,0.2801724137931034
1,1091,Separation Of Sister Chromatids R-HSA-2467813,55/170,1.492289505420824e-26,Cell Cycle,Reactome_2022,4.216830627562768e-28,0.0,0.0,8.676095350008394,546.8829105629798,ERCC6L;AHCTF1;ZWILCH;BUB1B;SMC3;CDC20;PTTG1;NUF2;KNTC1;SPDL1;KNL1;RANGAP1;SMC1A;CKAP5;SGO1;SGO2;ESPL1;KIF2A;INCENP;KIF2C;ITGB3BP;CDCA5;MIS12;CDCA8;PDS5B;PDS5A;CENPA;SKA1;AURKB;SKA2;DSN1;RAD21;BUB3;BUB1;CENPU;UBE2C;RCC2;NDE1;NDC80;ZWINT;CENPE;KIF18A;CENPF;STAG2;CENPH;UBE2S;CENPI;CENPK;CENPL;CENPM;CENPN;CENPQ;SPC24;MAD2L1;SPC25,0.3235294117647059
1,1091,Cell Cycle Checkpoints R-HSA-69620,69/271,2.573298558625938e-26,Cell Cycle,Reactome_2022,7.675458809088356e-28,0.0,0.0,6.252460715738893,390.3683490267267,AHCTF1;ERCC6L;MCM7;ZWILCH;MCM8;BUB1B;MCM10;CDC20;NUF2;KNTC1;SPDL1;TOPBP1;GTSE1;KNL1;RANGAP1;CKAP5;SGO1;SGO2;DBF4;KIF2A;INCENP;POLR1B;UBE2V2;MCM3;MCM4;KIF2C;MCM5;MCM6;ITGB3BP;MIS12;CDCA8;PKMYT1;CENPA;SKA1;AURKB;SKA2;ORC5;CCNB2;DSN1;ORC6;CDC45;NSD2;CLSPN;BUB3;BUB1;CENPU;UBE2C;RCC2;NDE1;CDC7;CDC6;ZWINT;NDC80;CENPE;CENPF;KIF18A;WEE1;CENPH;CENPI;UBE2S;CENPK;CENPL;CDK1;CENPM;CENPN;CENPQ;SPC24;MAD2L1;SPC25,0.25461254612546125
1,1091,rRNA Processing R-HSA-72312,59/199,2.8727636936372314e-26,Metabolism of RNA,Reactome_2022,9.01966622806038e-28,0.0,0.0,7.66452796234773,477.292960286042,LTV1;RBM28;RPP30;WDR3;FCF1;NAT10;PWP2;WDR46;WDR43;RRP9;FBL;NOB1;MTREX;UTP14A;UTP14C;UTP15;WDR36;DIMT1;WDR75;IMP4;UTP18;GNL3;EBNA1BP2;DKC1;C1D;NHP2;NIP7;HEATR1;ISG20L2;SNU13;MRPL13;NOL6;RRP7A;EMG1;EXOSC10;PDCD11;ERI1;BMS1;UTP20;DCAF13;NOP56;UTP6;NOP14;NOP58;UTP4;PNO1;UTP3;KRR1;WDR18;RPP40;RRP1B;WDR12;BOP1;LAS1L;MPHOSPH10;TSR1;NOL11;NOL12;MPHOSPH6,0.2964824120603015
1,1091,Major Pathway Of rRNA Processing In Nucleolus And Cytosol R-HSA-6791226,55/179,2.3809796043130933e-25,Metabolism of RNA,Reactome_2022,7.849383310922286e-27,0.0,0.0,8.042525532444888,483.4310829769816,LTV1;RBM28;RPP30;WDR3;FCF1;PWP2;WDR46;WDR43;RRP9;FBL;NOB1;MTREX;UTP14A;UTP14C;UTP15;WDR36;WDR75;IMP4;UTP18;GNL3;EBNA1BP2;C1D;NIP7;HEATR1;ISG20L2;SNU13;MRPL13;NOL6;RRP7A;EMG1;EXOSC10;PDCD11;ERI1;BMS1;UTP20;DCAF13;NOP56;NOP14;NOP58;UTP6;UTP4;PNO1;KRR1;UTP3;WDR18;RPP40;RRP1B;WDR12;BOP1;LAS1L;MPHOSPH10;TSR1;NOL11;NOL12;MPHOSPH6,0.30726256983240224
1,1091,mRNA 3-End Processing R-HSA-72187,32/58,3.9728542003885775e-24,Metabolism of RNA,Reactome_2022,1.3721003517825542e-25,0.0,0.0,21.94581245006174,1256.360118137868,FYTTD1;RBM8A;CSTF3;EIF4A3;CSTF2;SRSF1;U2AF1;CASC3;MAGOH;PAPOLA;CSTF1;SRSF11;CHTOP;THOC1;UPF3B;THOC2;THOC5;MAGOHB;CDC40;THOC7;SRRM1;WDR33;NUDT21;DDX39A;DDX39B;SARNP;SRSF2;SRSF3;SRSF4;RNPS1;SRSF7;SRSF9,0.5517241379310345
1,1091,RHO GTPases Activate Formins R-HSA-5663220,44/119,5.127662130133001e-24,Signal Transduction,Reactome_2022,1.8514321662960602e-25,0.0,0.0,10.553276026743076,600.9950110846719,ERCC6L;AHCTF1;ZWILCH;MIS12;BUB1B;CDCA8;CENPA;SKA1;AURKB;SKA2;CDC20;DSN1;NUF2;KNTC1;SPDL1;BUB3;BUB1;CENPU;RCC2;NDE1;KNL1;RANGAP1;CKAP5;NDC80;ZWINT;SGO1;SGO2;CENPE;KIF18A;CENPF;KIF2A;CENPH;INCENP;CENPI;CENPK;CENPL;CENPM;KIF2C;CENPN;CENPQ;ITGB3BP;SPC24;MAD2L1;SPC25,0.3697478991596639
1,1091,Mitochondrial Translation Elongation R-HSA-5389840,36/82,1.0453990206308564e-22,Metabolism of proteins,Reactome_2022,3.938709025924734e-24,0.0,0.0,13.992746754584791,754.0857630677377,MRPS17;GFM1;MRPS15;MRPS16;MRPS35;MRPL19;MRPL16;MRPL39;MRPS10;MRPL17;MRPL58;MRPL37;MRPL15;MRPL12;MRPL13;MRPL57;MRPL3;MRPL42;MRPL20;MRPL1;MRPL40;CHCHD1;PTCD3;MRPS22;MRPS23;MRPS18B;MRPS2;MRPL47;MRPL48;MRPL23;MRPL24;MRPL43;MRPL44;MRPS18C;MRPL50;MRPL51,0.43902439024390244
1,1091,Mitochondrial Translation Termination R-HSA-5419276,35/82,1.3254969617595057e-21,Metabolism of proteins,Reactome_2022,5.410191680651043e-23,0.0,0.0,13.301297549967762,681.9731226988879,MRPS17;MRPS15;MRPS16;MRPS35;MRPL19;MRPL16;MRPL39;MRPS10;MRPL17;MRPL58;MRPL37;MRPL15;MRPL12;MRPL13;MRPL57;MRPL3;MRPL42;MRPL20;MRPL1;MRPL40;CHCHD1;PTCD3;MRPS22;MRPS23;MRPS18B;MRPS2;MRPL47;MRPL48;MRPL23;MRPL24;MRPL43;MRPL44;MRPS18C;MRPL50;MRPL51,0.4268292682926829
1,1091,Mitochondrial Translation Initiation R-HSA-5368286,35/82,1.3254969617595057e-21,Metabolism of proteins,Reactome_2022,5.410191680651043e-23,0.0,0.0,13.301297549967762,681.9731226988879,MRPS17;MRPS15;MRPS16;MRPS35;MRPL19;MRPL16;MRPL39;MRPS10;MRPL17;MRPL58;MRPL37;MRPL15;MRPL12;MRPL13;MRPL57;MRPL3;MRPL42;MRPL20;MRPL1;MRPL40;CHCHD1;PTCD3;MRPS22;MRPS23;MRPS18B;MRPS2;MRPL47;MRPL48;MRPL23;MRPL24;MRPL43;MRPL44;MRPS18C;MRPL50;MRPL51,0.4268292682926829
1,1091,Mitochondrial Translation R-HSA-5368287,36/88,1.8021944481692085e-21,Metabolism of proteins,Reactome_2022,7.638814772459753e-23,0.0,0.0,12.374261757200143,630.1743107810854,MRPS17;GFM1;MRPS15;MRPS16;MRPS35;MRPL19;MRPL16;MRPL39;MRPS10;MRPL17;MRPL58;MRPL37;MRPL15;MRPL12;MRPL13;MRPL57;MRPL3;MRPL42;MRPL20;MRPL1;MRPL40;CHCHD1;PTCD3;MRPS22;MRPS23;MRPS18B;MRPS2;MRPL47;MRPL48;MRPL23;MRPL24;MRPL43;MRPL44;MRPS18C;MRPL50;MRPL51,0.4090909090909091
1,1091,Translation R-HSA-72766,58/281,1.9111029604737432e-17,Metabolism of proteins,Reactome_2022,8.40045257351096e-19,0.0,0.0,4.704778194036265,195.81677897539424,MRPS17;SRP19;GFM1;MRPS15;MRPS16;MRPL39;MRPS10;MRPL37;APEH;YARS1;MRPL42;MRPL3;MRPL40;MRPL1;CHCHD1;EIF5B;RARS1;EIF1AX;MRPS22;MRPS23;SSR3;MRPS18B;MRPS2;MRPL47;MRPL48;MRPL43;DARS1;MRPS18C;MRPL44;MRPL50;MRPL51;ETF1;EEF1E1;TARS1;AARS1;MRPS35;MRPL19;MRPL16;MRPL17;MRPL58;MRPL15;MRPL12;MRPL13;MRPL57;GSPT1;MRPL20;SRP72;EIF4H;IARS1;PTCD3;MRPL23;MRPL24;EIF3M;EPRS1;EIF3J;SRPRB;FARSA;EIF3B,0.20640569395017794
1,1091,Transport Of Mature Transcript To Cytoplasm R-HSA-72202,29/83,4.012779881721791e-15,Metabolism of RNA,Reactome_2022,1.8268542632642376e-16,0.0,0.0,9.534682988072818,345.5251455175066,FYTTD1;SLBP;NXT1;RBM8A;EIF4A3;SRSF1;U2AF1;CASC3;MAGOH;SRSF11;CHTOP;THOC1;UPF3B;THOC2;THOC5;MAGOHB;CDC40;THOC7;SRRM1;WDR33;DDX39A;DDX39B;SARNP;SRSF2;SRSF3;SRSF4;RNPS1;SRSF7;SRSF9,0.3493975903614458
1,1091,Chromosome Maintenance R-HSA-73886,34/118,8.285930035523051e-15,Cell Cycle,Reactome_2022,3.902321837765957e-16,0.0,0.0,7.208744424922287,255.7647366939624,PIF1;PRIM2;FEN1;DSCC1;HJURP;RSF1;CHTF18;CENPA;MIS18BP1;RUVBL2;RUVBL1;OIP5;H2AZ1;CENPU;NPM1;CENPW;CENPX;ATRX;SMARCA5;KNL1;TERF1;SHQ1;MIS18A;CENPH;DKC1;CENPI;POLR1B;CENPK;NHP2;CENPL;CENPM;CENPN;CENPQ;ITGB3BP,0.288135593220339
1,1091,"Cell Cycle, Mitotic R-HSA-69278",131/523,1.5875399436796968e-49,Cell Cycle,Reactome_2022,1.4953280474220063e-51,0.0,0.0,6.445915710034013,754.3622547512614,ERCC6L;ZWILCH;BUB1B;SMC3;SMC4;CDC20;PTTG1;PPME1;RCC1;NEK2;KNTC1;KMT5A;FBXO5;GTSE1;TMPO;BORA;FKBPL;VRK1;ESCO2;KNL1;SGO1;SGO2;KIF20A;BLZF1;SET;CDCA5;CDCA8;NCAPG;HMMR;PDS5B;PKMYT1;PDS5A;ARPP19;NCAPH;SKA1;SKA2;ORC5;CCNB2;DSN1;ORC6;SPAST;RAD21;PLK4;CDT1;UBE2C;NCAPH2;RCC2;CDC7;CDC6;NDC80;ZWINT;DHFR;TPX2;KIF18A;STAG2;UBE2S;CDK1;TUBGCP3;TUBGCP4;CEP57;TOP2A;AHCTF1;FEN1;MCM7;MCM8;CETN2;NCAPG2;MCM10;FOXM1;CKS1B;LMNB1;NUF2;MYBL2;TK1;SPDL1;TNPO1;LBR;HAUS3;HAUS6;KIF23;RANGAP1;SMC1A;TUBG1;MASTL;CKAP5;HAUS1;DBF4;ESPL1;KIF2A;INCENP;POLR1B;MCM3;MCM4;MCM5;KIF2C;MCM6;ITGB3BP;MCPH1;PRIM2;MIS12;CENPA;AURKB;AURKA;CDC45;BUB3;E2F6;BUB1;H2AZ1;GINS1;CENPU;GINS2;RRM2;NDE1;GINS3;MZT1;CENPE;CENPF;WEE1;CENPH;CENPI;CENPK;CENPL;CENPM;CENPN;NCAPD2;NCAPD3;CENPQ;SPC24;RAN;MAD2L1;SPC25,0.25047801147227533
1,1091,DNA Replication Checkpoint Signaling (GO:0000076),10/17,7.234502595226508e-08,cellular process,GO_Biological_Process_2023,3.0668089019286917e-09,0.0,0.0,24.97951632086692,489.6641725918097,CDT1;TIPIN;CDC45;ORC1;TIMELESS;CDC6;CLSPN;NAE1;TOPBP1;TICRR,0.5882352941176471
1,1091,SUMO Ligase Complex (GO:0106068),7/12,4.885563496230704e-06,protein-containing complex,GO_Cellular_Component_2023,8.768960121439726e-07,0.0,0.0,24.41476014760148,340.50966711120384,SLF1;NSMCE4A;SLF2;NSMCE1;SMC5;SMC6;RANGAP1,0.5833333333333334
1,1091,Kinetochore Organization (GO:0051383),8/10,7.234502595226508e-08,cellular process,GO_Biological_Process_2023,3.1194252182606915e-09,0.0,0.0,69.83194829178208,1367.701798984613,CENPE;CENPF;CENPW;CENPH;MIS12;NUF2;DLGAP5;CENPC,0.8
1,1091,Positive Regulation Of Cell Cycle Process (GO:0090068),39/118,1.001605526064946e-18,biological regulation,GO_Biological_Process_2023,1.1240699938118115e-20,0.0,0.0,8.836333445637003,405.8947309675728,GPSM2;FEN1;NCAPG2;KIF14;CDCA8;NCAPG;SMC5;SMC6;DBF4B;SMC4;NCAPH;AURKB;SMC2;AURKA;SPAST;RACGAP1;RAD21;NUSAP1;ECT2;E2F8;PLK4;RANBP1;STIL;SPAG5;DDX11;NCAPH2;ATRX;CDC7;KIF23;CDC6;NDC80;DBF4;INCENP;SASS6;NCAPD2;NCAPD3;KIF20B;RAD18;MAD2L1,0.3305084745762712
1,1091,ncRNA Processing (GO:0034470),36/100,1.0977446932270431e-18,None,GO_Biological_Process_2023,1.2968041266710487e-20,0.0,0.0,10.047689573459715,460.1017812241194,ZCCHC8;INTS13;POP7;DDX27;POP1;RPP30;NOLC1;NOL8;RRP9;NOL6;RRP7A;FBL;EMG1;EXOSC10;NOB1;MTREX;UTP20;LYAR;DCAF13;UTP15;NOP56;NOP14;WDR36;NOP58;RRP7BP;SSB;PIH1D1;WDR18;INTS2;DDX10;EBNA1BP2;DKC1;MRTO4;ESF1;INTS7;INTS8,0.36
1,1091,Spliceosomal snRNP Assembly (GO:0000387),23/37,1.6693101924640912e-18,cellular process,GO_Biological_Process_2023,2.070615123552623e-20,0.0,0.0,29.065342429106472,1317.3533987890842,PRMT5;PRMT7;GEMIN2;PRPF19;LSM4;LSM2;WDR77;SART3;PRPF6;SNRPD2;SNRPD1;CLNS1A;PRPF3;GEMIN4;SNRPG;GEMIN5;GEMIN6;SNRPE;SNRPD3;HNRNPC;SNRPF;SRSF10;SNRPB,0.6216216216216216
1,1091,Microtubule Cytoskeleton Organization Involved In Mitosis (GO:1902850),28/59,2.5428496878830324e-18,cellular process,GO_Biological_Process_2023,3.304352813551489e-20,0.0,0.0,16.040542590962886,719.5219767781044,GPSM2;INTS13;BCCIP;CDCA8;TTK;KIF11;WDR62;AURKB;FAM110A;NUF2;STMN1;NUSAP1;RCC1;DLGAP5;STIL;TUBG1;CKAP5;NDC80;CENPE;ESPL1;KIF2A;CENPH;INCENP;KIF4A;CDK1;TACC3;RAN;SPC25,0.4745762711864407
1,1091,Chromatin Organization (GO:0006325),57/268,2.8149897605363626e-17,cellular process,GO_Biological_Process_2023,3.8242625216973633e-19,0.0,0.0,4.885027546820428,207.16303243447496,SUV39H2;SUV39H1;HMGB2;HNRNPU;PSIP1;RSF1;NUCKS1;CHAF1B;HMGN4;CHAF1A;SART3;TRIM28;RUVBL2;RUVBL1;HMGN2;SS18;PBRM1;SUPT16H;DDX11;PIH1D1;ACTL6A;ATRX;BAZ1B;GRWD1;MTF2;HAT1;DNAJC9;ASF1A;ASF1B;PAXIP1;DDX21;HIRIP3;PCGF1;SF3B1;KDM4A;NPM1;PCGF6;CHTOP;DR1;CBX5;PHF10;CBX3;MBD2;CBX1;SMARCA5;DEK;SSRP1;NPM3;NAP1L4;ZZZ3;MYBBP1A;NASP;ANP32B;HNRNPC;EZH2;PHF19;FAM50A,0.2126865671641791
1,1091,U2-type Prespliceosome Assembly (GO:1903241),18/23,2.9247506336882404e-17,cellular process,GO_Biological_Process_2023,4.1461320264924853e-19,0.0,0.0,63.42441752096924,2684.561572602525,SF3A3;SF3B5;SF3A1;SF3B2;SF3B3;DDX46;HTATSF1;PHF5A;SNRPD2;RBMX2;SNRPD1;SNRPG;SNRPA1;SNRPE;SNRPD3;SNRPF;SF3B1;SNRPB,0.782608695652174
1,1091,U2 snRNP (GO:0005686),18/25,6.121386254065769e-17,protein-containing complex,GO_Cellular_Component_2023,5.336593144570157e-18,0.0,0.0,45.29836240181068,1801.6039423592424,SF3A3;SF3B5;SF3B2;SF3A1;SF3B3;DDX46;HTATSF1;PHF5A;SNRPD2;RBMX2;SNRPD1;SNRPG;SNRPA1;SNRPE;SNRPD3;SNRPF;SF3B1;SNRPB,0.72
1,1091,"RNA Splicing, Via Transesterification Reactions (GO:0000375)",18/24,1.0660550655291431e-16,cellular process,GO_Biological_Process_2023,1.5742100790448072e-18,0.0,0.0,52.85088536812675,2166.50461441014,SF3A3;DBR1;SF3B3;GEMIN2;DDX23;LSM1;SRRM1;PRPF4;SNRNP40;PRPF6;PRPF3;TRA2B;MPHOSPH10;SRSF4;TXNL4A;SF3B1;SMNDC1;SRSF10,0.75
1,1091,Mitotic Spindle (GO:0072686),39/143,2.3254808093556424e-16,cellular anatomical structure,GO_Cellular_Component_2023,2.1465976701744388e-17,0.0,0.0,6.703303231939164,257.2731968051566,HNRNPU;WDR62;KIF11;SKA3;SKA1;SPOUT1;AURKA;TAF1D;NUDCD2;RACGAP1;NUSAP1;ECT2;FAM83D;DLGAP5;DR1;SPAG5;CKAP2L;CKAP2;HAUS3;CDC7;HAUS6;KIF23;CDC6;KIF22;TUBG1;KNSTRN;CCSAP;HAUS1;TPX2;CENPE;KIF18A;KIF18B;ZZZ3;FAM161A;ESPL1;KIFC1;CDK1;TACC3;MAD2L1,0.2727272727272727
1,1091,Negative Regulation Of Mitotic Metaphase/Anaphase Transition (GO:0045841),19/28,2.413171229381935e-16,biological regulation,GO_Biological_Process_2023,3.705992437326067e-18,0.0,0.0,37.22014925373134,1493.8895199709614,IK;ZWILCH;BUB1B;TTK;HASPIN;NDC80;ZWINT;CDC20;CENPF;NUF2;ZNF207;KNTC1;BUB3;FBXO5;TRIP13;BUB1;SPC24;MAD2L1;SPC25,0.6785714285714286
1,1091,DNA Repair (GO:0006281),58/291,2.9892532229984505e-16,cellular process,GO_Biological_Process_2023,4.767267396394458e-18,0.0,0.0,4.500446634453589,179.49922673436816,DCLRE1B;DCLRE1A;FEN1;CETN2;NUDT1;NUCKS1;HPF1;TRIM28;ALKBH1;KMT5B;TOPBP1;WDHD1;ZGRF1;ATRX;RECQL;WRNIP1;SMC1A;RAD23B;WDR33;TRAIP;RAD51C;NSMCE4A;TIMELESS;UBE2V2;ASF1A;RNASEH2B;RNASEH2A;CDCA5;DDX1;PDS5B;PDS5A;UNG;RECQL4;RAD51AP1;RAD21;TDG;HLTF;NSD2;PMS1;FANCI;MBD4;POLQ;NPM1;CENPX;SMARCA5;APEX2;MLH3;HINFP;TICRR;FAM111A;TDP2;RFWD3;UBE2T;CDK1;TRIP13;HROB;RAD18;CENPS,0.19931271477663232
1,1091,RNA Methylation (GO:0001510),18/62,7.234502595226508e-08,cellular process,GO_Biological_Process_2023,2.992541446185678e-09,0.0,0.0,7.1924510717614165,141.16726447297748,DIMT1;NSUN2;METTL3;FTSJ1;TARBP1;FBL;SNRPD2;SNRPD1;TRMT6;SNRPG;METTL4;METTL5;SNRPE;SNRPD3;SNRPF;METTL16;METTL8;SNRPB,0.2903225806451613
1,1091,Spindle Assembly Checkpoint Signaling (GO:0071173),18/26,9.290582694904198e-16,cellular process,GO_Biological_Process_2023,1.6462934485949554e-17,0.0,0.0,39.63397017707363,1531.6714322701769,IK;ZWILCH;BUB1B;TTK;HASPIN;NDC80;ZWINT;CDC20;CENPF;NUF2;ZNF207;KNTC1;BUB3;TRIP13;BUB1;SPC24;MAD2L1;SPC25,0.6923076923076923
1,1091,Mitotic Spindle Checkpoint Signaling (GO:0071174),18/26,9.290582694904198e-16,cellular process,GO_Biological_Process_2023,1.6462934485949554e-17,0.0,0.0,39.63397017707363,1531.6714322701769,IK;ZWILCH;BUB1B;TTK;HASPIN;NDC80;ZWINT;CDC20;CENPF;NUF2;ZNF207;KNTC1;BUB3;TRIP13;BUB1;SPC24;MAD2L1;SPC25,0.6923076923076923
1,1091,Mitotic Nuclear Division (GO:0140014),26/45,9.088643230815868e-20,cellular process,GO_Biological_Process_2023,9.663058367081252e-22,0.0,0.0,24.27180627625401,1174.4777991273331,MIS12;NCAPG2;SMC4;NSL1;DSN1;SPAST;NUSAP1;ZNF207;KNTC1;SPAG5;UBE2C;NDE1;SMC1A;TUBG1;KNSTRN;NDC80;ZWINT;SGO1;KIF18A;KIF18B;ESPL1;CENPI;KIFC1;UBE2S;CENPK;RAN,0.5777777777777777
1,1091,U12-type Spliceosomal Complex (GO:0005689),17/28,3.5158798175766976e-14,protein-containing complex,GO_Cellular_Component_2023,3.6060305821299456e-15,0.0,0.0,27.19366852886406,904.3572305952068,SF3B5;SF3B2;SF3B3;RNPC3;LSM7;PHF5A;SNRPD2;SNRPD1;SNRPG;SNRNP48;SNRPE;SNRPD3;SNRNP25;SNRPF;SNRNP35;SF3B1;SNRPB,0.6071428571428571
1,1091,DNA-templated DNA Replication (GO:0006261),26/69,4.2975474309772776e-14,cellular process,GO_Biological_Process_2023,7.86910634142325e-16,0.0,0.0,10.71112566874113,372.51599488058247,PRIM2;MCM7;MCM10;ORC5;RECQL4;CDC45;ORC6;ORC1;REV3L;MCMBP;TOPBP1;TEFM;GINS1;WDHD1;GINS2;GINS3;WDR18;RECQL;WRNIP1;NOC3L;MCM3;MCM4;MCM5;MCM6;SSBP1;MCM2,0.37681159420289856
1,1091,snRNA Binding (GO:0017069),21/43,1.5870302438194338e-13,binding,GO_Molecular_Function_2023,8.201706686405344e-16,0.0,0.0,16.84906542056075,585.2863094002778,TOE1;SF3B3;DDX21;HNRNPU;LARP7;SNU13;RNPC3;LSM4;LSM2;LSM10;PRPF4;LSM7;SART3;DDX39B;SNRNP70;GEMIN5;SNRPA1;SNRPD3;HNRNPC;SNRNP35;SNRPA,0.4883720930232558
1,1091,rRNA Metabolic Process (GO:0016072),29/91,1.593650298954821e-13,cellular process,GO_Biological_Process_2023,3.0122155680185623e-15,0.0,0.0,8.300877832452464,277.5489855919144,DDX27;NOL8;NOLC1;RRP9;NOL6;RRP7A;FBL;EMG1;EXOSC10;NOB1;MTREX;UTP20;LYAR;DCAF13;UTP15;NOP56;WDR36;NOP14;NOP58;RRP7BP;NIFK;PIH1D1;WDR18;DDX10;EBNA1BP2;DKC1;MRTO4;ESF1;POLR1G,0.31868131868131866
1,1091,mRNA Metabolic Process (GO:0016071),28/85,1.7755729781790205e-13,cellular process,GO_Biological_Process_2023,3.460951463668498e-15,0.0,0.0,8.711788879536565,290.0784628980728,TCERG1;SF3B2;GEMIN2;CSTF3;SRSF1;HNRNPR;U2AF1;USP39;TBRG4;DHX15;METTL16;HNRNPA0;SF3A3;SF3A1;SSB;METTL3;LSM5;HNRNPAB;LSM3;LSM2;NUDT21;PRPF18;PRPF3;HNRNPA2B1;SRSF2;SRSF4;SRSF7;SRSF9,0.32941176470588235
1,1091,Regulation Of Chromosome Segregation (GO:0051983),17/28,1.7955911104547053e-13,biological regulation,GO_Biological_Process_2023,3.6060305821299456e-15,0.0,0.0,27.19366852886406,904.3572305952068,CDCA2;NCAPH2;NCAPG2;NCAPG;SMC5;SMC6;CDC6;MKI67;SMC4;NCAPH;SMC2;ZNF207;KIF2C;NCAPD2;NCAPD3;BUB1;RAD18,0.6071428571428571
1,1091,Positive Regulation Of Chromosome Segregation (GO:0051984),14/18,2.297169832502522e-13,biological regulation,GO_Biological_Process_2023,4.749022099089679e-15,0.0,0.0,61.43686165273909,2026.239161242112,NCAPH2;RCC2;NCAPG2;NCAPG;SMC5;CDC6;SMC6;SMC4;NCAPH;SMC2;CDK1;NCAPD2;NCAPD3;RAD18,0.7777777777777778
1,1091,Translation (GO:0006412),46/234,1.1197304130546797e-12,cellular process,GO_Biological_Process_2023,2.3809979249833712e-14,0.0,0.0,4.38341647154637,137.5019518078391,MRPS17;MRPS15;MRPS16;FASTKD2;MRPL19;MRPS12;MRPL16;MRPL17;MRPL39;MRPS10;MRPL58;MRPL37;MRPL12;APEH;MRPL13;MRPL57;GSPT1;MRPL20;MRPL42;MRPL3;MRPL40;MRPL1;IARS1;CHCHD1;MRPS28;PTCD3;RARS1;MRPS22;MRPS23;MRPS18B;MRPS2;MRPL47;MRPL48;MRPL23;MRPL24;FTSJ1;MRPL43;DARS1;MRPS18C;MRPL44;MRPL50;MRPL51;EPRS1;ETF1;ABCE1;DAP3,0.19658119658119658
1,1091,DNA Replication (GO:0006260),25/73,1.7176661262378728e-12,cellular process,GO_Biological_Process_2023,3.753907068564754e-14,0.0,0.0,9.215232176360225,284.87410416931544,FEN1;RNASEH2A;SET;MCM7;MCM8;ORC5;RECQL4;RNASEH1;PCLAF;REV3L;MCMBP;WDHD1;DUT;WDR18;DONSON;WRNIP1;TICRR;FAM111B;FAM111A;GRWD1;CDK1;MCM4;MCM5;MCM6;MCM2,0.3424657534246575
1,1091,U2-type Catalytic Step 2 Spliceosome (GO:0071007),16/29,1.7763390849777009e-12,protein-containing complex,GO_Cellular_Component_2023,1.9129805530529087e-13,0.0,0.0,21.634060822898032,633.5522528590573,PPIL1;DHX8;BUD31;CDC5L;PRPF19;CDC40;SNRNP40;SNRPD2;SNRPD1;SNRPG;SNRPA1;SNRPE;SNRPD3;SNRPF;BCAS2;SNRPB,0.5517241379310345
1,1091,DNA Damage Response (GO:0006974),61/384,1.9292618386399656e-12,cellular process,GO_Biological_Process_2023,4.3302982792863966e-14,0.0,0.0,3.4078150831104037,104.8603610207583,TOP2A;FEN1;MCM7;MCM8;SUV39H1;NUDT1;SMC5;MCM10;SMC6;HPF1;TRIM28;ALKBH1;PCLAF;KMT5B;MTREX;FBXO5;TOPBP1;WDHD1;DDX11;METTL3;ATRX;NSMCE1;RECQL;VRK1;BAZ1B;MASTL;SMC1A;WDR76;TRAIP;RAD51C;NSMCE4A;TIMELESS;ASF1A;DCUN1D5;USP10;PDS5B;PDS5A;UNG;RECQL4;RAD51AP1;OARD1;HLTF;NAE1;MBD4;POLQ;NPM1;SLF1;SLF2;CBX5;CBX3;CBX1;SMARCA5;HINFP;TICRR;FAM111A;RFWD3;UBE2T;CDK1;HROB;RAD18;CENPS,0.15885416666666666
1,1091,Regulation Of Cell Cycle Process (GO:0010564),33/130,2.6050698373572724e-12,biological regulation,GO_Biological_Process_2023,6.001046878732051e-14,0.0,0.0,6.049110361896595,184.16067270573987,AHCTF1;CDCA2;CETN2;KIF11;DBF4B;MKI67;PKMYT1;AURKB;AURKA;RACGAP1;ZNF207;RCC1;NEK2;FBXO5;ECT2;BUB1;PRMT5;TIPIN;PBRM1;BORA;PHF10;SPAG5;ACTL6A;PRPF40A;KNSTRN;DBF4;MYBBP1A;PRC1;KIF2C;KIF20A;CEP85;KIF20B;MCM2,0.25384615384615383
1,1091,mRNA Binding (GO:0003729),51/282,3.957968940226905e-12,binding,GO_Molecular_Function_2023,3.0681929769200814e-14,0.0,0.0,3.96510989010989,123.37480073574233,DAZAP1;EIF4A3;HNRNPU;HNRNPR;SYNCRIP;SNRNP70;LUC7L;SNRNP35;METTL3;THOC2;THOC5;CDC40;GNL3;GEMIN5;LUC7L3;ETF1;SRSF7;FYTTD1;SLBP;RBM8A;CSTF3;CSTF2;SRSF1;MRPL12;MRPL13;DHX33;TRA2B;G3BP1;SF3B1;CCT5;CHTOP;SSB;LARP7;UPF3B;UPF3A;LARP4;HNRNPAB;PUM3;LRPPRC;DHFR;HNRNPL;HNRNPM;NUDT21;HNRNPK;FUBP1;HNRNPA2B1;SERBP1;RBM42;RNPS1;HNRNPC;TARDBP,0.18085106382978725
1,1091,Spindle Microtubule (GO:0005876),23/68,4.735067112469244e-12,cellular anatomical structure,GO_Cellular_Component_2023,5.342126998683249e-13,0.0,0.0,9.027715355805244,255.10502092242987,ZWILCH;HNRNPU;HAUS3;HAUS6;KIF11;TUBG1;SKA3;AURKB;SKA1;HAUS1;AURKA;SKA2;FAM110A;CENPE;KIF18A;PSRC1;KIF18B;FAM161A;KIF2A;PRC1;KIF4A;CDK1;KNTC1,0.3382352941176471
1,1091,U5 snRNP (GO:0005682),13/19,5.9796404569636135e-12,protein-containing complex,GO_Cellular_Component_2023,7.052909256931443e-13,0.0,0.0,37.9930426716141,1063.0516414298752,DDX23;SNRNP40;PRPF18;PRPF6;SNRPD2;SNRPD1;SNRPG;SNRPE;SNRPD3;SNRPF;SNRNP200;TXNL4A;SNRPB,0.6842105263157895
1,1091,Condensed Nuclear Chromosome (GO:0000794),17/28,3.5158798175766976e-14,cellular anatomical structure,GO_Cellular_Component_2023,3.6060305821299456e-15,0.0,0.0,27.19366852886406,904.3572305952068,NIFK;SUV39H1;NCAPH2;NCAPG2;NCAPG;SMC1A;TUBG1;SMC4;NCAPH;LRPPRC;NOL6;SMC2;PSMC3IP;RRS1;RCC1;NCAPD2;NCAPD3,0.6071428571428571
1,1091,Mitochondrial Translation (GO:0032543),38/98,4.878491882183262e-21,cellular process,GO_Biological_Process_2023,4.8986628468467483e-23,0.0,0.0,11.33684710351377,582.3794458526982,MRPS17;GFM1;MRPS15;MRPS16;FASTKD2;MRPL19;MRPS12;MRPL16;MRPL17;MRPL39;MRPS10;MRPL58;MRPL37;MRPL12;MRPL13;MRPL57;MRPL20;MRPL3;MRPL42;MRPL1;MRPL40;CHCHD1;MRPS28;PTCD3;MRPS22;MRPS23;MRPS18B;MRPS2;MRPL47;MRPL48;MRPL23;MRPL24;MRPL43;MRPS18C;MRPL44;MRPL50;MRPL51;DAP3,0.3877551020408163
1,1091,Mitochondrial Gene Expression (GO:0140053),39/103,3.912651362004261e-21,cellular process,GO_Biological_Process_2023,3.697721310813241e-23,0.0,0.0,10.916037903992397,563.8323556956577,MRPS17;MRPS15;MRPS16;FASTKD2;MRPL19;MRPS12;MRPL16;MRPL17;MRPL39;MRPS10;MRPL58;MRPL37;MRPL12;MRPL13;MRPL57;TBRG4;MRPL20;MRPL3;MRPL42;MRPL1;MRPL40;CHCHD1;TEFM;MRPS28;PTCD3;MRPS22;MRPS23;MRPS18B;MRPS2;MRPL47;MRPL48;MRPL23;MRPL24;MRPL43;MRPS18C;MRPL44;MRPL50;MRPL51;DAP3,0.3786407766990291
1,1091,Sister Chromatid Segregation (GO:0000819),24/34,3.307807695579964e-21,cellular process,GO_Biological_Process_2023,2.9307215259125494e-23,0.0,0.0,42.509465791940016,2205.569986014368,TOP2A;TOP2B;SPAG5;MIS12;NCAPG2;SMC1A;TUBG1;SMC4;KNSTRN;NSL1;NDC80;ZWINT;SGO1;DSN1;KIF18A;KIF18B;ESPL1;CENPI;KIFC1;CENPK;NUSAP1;ZNF207;KNTC1;RAN,0.7058823529411765
1,1091,RNA Binding (GO:0003723),322/1411,1.5350188725105528e-118,binding,GO_Molecular_Function_2023,3.966457034910989e-121,0.0,0.0,6.851873743941364,1899.578689742682,POP5;TCERG1;POP7;POP1;RTCA;RRP1;EIF4A3;NUDT1;FCF1;HNRNPU;GPATCH4;HNRNPR;PWP2;MKI67;CCAR1;RRP9;LSM10;PNN;TRIM28;SNRPD2;SNRPD1;ALKBH1;MAGOH;LUC7L;SNRPD3;ABT1;DDX18;DDX11;NGDN;METTL3;DNTTIP2;DDX10;WDR75;CDC40;GTPBP4;SRRM1;DDX39A;DDX39B;CLNS1A;SARNP;GRWD1;CCDC86;SLBP;AARS1;DHX8;CSTF3;MRPL19;CSTF2;MRPL16;NOLC1;SNU13;MRPL12;HTATSF1;MRPL13;GSPT1;RRP7A;MRPL20;DHX33;PDCD11;ERI1;DHX35;HLTF;RRS1;CSTF1;RBM12;LYAR;TOE1;PRPF38B;PRPF38A;PNO1;RCC2;KNOP1;LARP7;UPF3B;UPF3A;PA2G4;LARP4;MAGOHB;MRPL23;SNUPN;PUM3;SRPK1;DHFR;HNRNPL;HNRNPM;MEX3A;HNRNPK;LAS1L;EPRS1;FUBP1;HNRNPD;MPHOSPH10;RNPS1;NOL11;DHX29;HNRNPC;NOL12;FARSA;TOP2A;MRPS15;DAZAP1;GFM1;FASTKD2;MRPS12;MRPL39;NAT10;MRPL37;AATF;SMG7;WDR46;WDR43;SPOUT1;MRPL42;SYNCRIP;MRPL40;DHX15;UTP14A;MRPS28;WDR36;NCOA5;NSUN2;MRPS23;PRPF40A;GNL2;MRPL43;MRPL44;GNL3;WDR33;NME1;FRG1;SDE2;HNRNPH2;FYTTD1;SF3B5;SF3B2;RNMT;NIP7;SRRT;HEATR1;NOL8;NOL6;EXOSC10;TCOF1;SRP72;SRSF10;SF3B1;SRSF11;TEFM;SF3A3;UTP6;NPM1;SF3A1;UTP4;UTP3;NOC3L;RRP1B;NPM3;LRPPRC;NUDT21;BOP1;CMSS1;PHF5A;MYBBP1A;XPOT;SERBP1;HNRNPA2B1;TRMT6;TSR1;TARDBP;SRP19;DBR1;RPP30;BCCIP;NUCKS1;CASC3;APEH;YARS1;IPO5;FBL;RBMX2;ZNF207;NUSAP1;MTREX;KPNA2;MTPAP;HMGN2;SNRNP35;CHCHD1;SUPT16H;EIF1AX;DIMT1;THOC2;WBP11;THOC5;PUS7;ILF2;EBNA1BP2;ILF3;PRPF6;DKC1;RPL7L1;PRPF3;MRTO4;SRSF2;SNRPG;NHP2;SRSF3;GEMIN5;SRSF4;ERH;SNRPF;SNRNP200;SRSF7;FKBP3;SRSF8;SNRPA;SRSF9;SNRPB;DAP3;ZCCHC8;LRRC59;RBM8A;DDX1;MAZ;ISG20L2;RAD51AP1;EMG1;RNASEH1;TASOR;G3BP1;BRIX1;UTP20;GCN1;NOP14;CHTOP;FUS;API5;NONO;RPP40;LSM1;TBCA;LSM5;LSM4;LSM3;CHERP;LSM2;LSM7;RBM27;RBM28;DIDO1;DDX46;CCDC47;WDR3;HMGB2;PSIP1;HMGB3;MRPL3;MRPL1;SART3;SNRNP70;TNPO1;METTL16;LBR;UTP15;EIF5B;RBM14;URB1;SMC1A;RANGAP1;UTP18;DARS1;TSN;SUPV3L1;DNAJC2;DDX19A;C1D;LUC7L3;ETF1;SNRPA1;POLR1G;DDX27;NUFIP1;USP10;SRSF1;DDX23;GTPBP10;DDX21;U2AF1;TBRG4;BMS1;TRA2B;EIF4H;SMNDC1;DCAF13;HNRNPA0;NOP56;PTCD3;NOP58;HNRNPA3;DUT;SSB;GPKOW;NIFK;KRR1;CDC5L;DEK;SSRP1;HSPE1;HNRNPAB;U2SURP;NAP1L4;SNRNP40;MTRFR;RBM42;ESF1;FAM98A;SLIRP;SSBP1;PPIL4;RAN;EIF3B;FAM50A,0.22820694542877393
1,1091,Nucleus (GO:0005634),513/4487,3.591382766031158e-74,cellular anatomical structure,GO_Cellular_Component_2023,3.6834695036217e-76,0.0,0.0,3.335545666207512,579.3596390741939,POP7;RRP1;THYN1;HNRNPU;HNRNPR;PHAX;SMC5;SMC6;SMC3;SMC4;SMC2;FAM110A;DCAF1;PPP4R2;ALKBH1;ZNG1A;DDX11;PIH1D1;DDX10;AARSD1;PASK;WDR76;GTPBP4;WDR77;DDX39A;DDX39B;CLNS1A;SARNP;PRR11;ASF1A;ASF1B;SLBP;URI1;SET;CDCA2;CDCA4;CDCA5;MRPL19;CDCA7;NCAPG;SNU13;WDR62;RNPC3;PPP4C;FIGNL1;RAD21;MCMBP;ZNF146;NAA50;PRPF38A;NCAPH2;LARP7;UPF3B;UPF3A;CDC7;CDC6;PA2G4;MAGOHB;FAM111B;HNRNPL;FAM111A;HNRNPM;HNRNPK;TDP2;HNRNPD;PSMG1;PSMG2;HNRNPC;RAD18;EZH2;CEP57;PHF23;NCAPG2;DDX12P;SMG7;PQBP1;CHAF1B;MRPL40;CHAF1A;PBK;ZNF367;DLGAP5;TCF19;SS18;HELLS;NSUN2;ACTL6A;BAZ1B;TERF1;GNL2;GNL3;WDR33;GON7;GCFC2;INCENP;KIFC1;MTF2;SF3B5;SF3B2;SF3B3;RNMT;CENPA;UNG;RECQL4;EXOSC10;NSD2;LEO1;PCGF1;BRD8;SRSF10;SF3B1;SRSF11;PMS1;SF3A3;CASP8AP2;CENPU;MBD4;SLF1;PCGF6;SF3A1;SLF2;ATAD5;UTP3;ATAD2;MBD2;APEX2;ELP3;RRP1B;LRPPRC;HINFP;TARBP1;CENPE;NUDT21;CENPF;PHF5A;CENPH;MYBBP1A;RFWD3;SERBP1;TRMT6;HYLS1;NCAPD2;CENPQ;CDKN3;ZNF330;CSE1L;RTKN2;CASC3;IPO4;IPO5;HMGN4;RUVBL2;RUVBL1;ZNF207;KPNA6;PAPOLA;KMT5B;NEK2;MTREX;OIP5;KMT5A;KPNA2;TXNL4A;HMGN2;SNRNP35;IK;SUPT16H;RARS1;THOC1;VRK1;THOC5;ILF2;THOC7;TRAIP;ILF3;HAT1;SRSF2;SNRPG;SNRNP27;SRSF4;SNRPE;ERH;SNRPF;SNRNP25;ADNP;SNRNP200;SRSF7;SNRPA;SNRPB;DNMT1;MAZ;ISG20L2;RAD51AP1;ORC5;ORC1;NAE1;SAC3D1;MDN1;CHTOP;FUS;API5;LSM1;LSM5;LSM4;NDC80;LSM3;LSM2;COPS3;LSM7;CDK1;ARHGAP11A;DIDO1;NXT1;MCM7;MCM8;CDCA7L;WDR4;MCM10;FOXM1;METTL13;SART3;VPS72;SNRNP70;DNMT3B;SPDL1;TNPO1;METTL16;YAF2;LBR;BCAS2;EIF5B;ACTR6;ATRX;MSL2;SMC1A;RANGAP1;RAD23B;TSN;MSL1;REXO5;MMS22L;DNAJC2;ASPM;SKIC8;NSMCE4A;ESPL1;C1D;LANCL2;MCM3;MCM4;ETF1;MCM5;DNAJC9;SNRPA1;DNAJC8;MCM6;DCTPP1;MCM2;NUFIP1;UHRF1;SRSF1;FOXK2;TTK;LAGE3;CDC45;HIRIP3;E2F6;HNRNPA0;H2AZ1;HNRNPA3;DUT;PPIL1;SSB;GPKOW;DONSON;TPRKB;CDC5L;HNRNPAB;PNRC2;SNRNP40;PRC1;PDCD2;PPIL4;LTV1;JPT1;TCERG1;RTCA;JPT2;CCNF;EIF4A3;NUDT1;NTAQ1;MKI67;PWP1;CCAR1;TRIM28;SNRPD2;SNRPD1;MAGOH;PCLAF;RCC1;FBXO5;SNRPD3;TMPO;ABT1;TIPIN;IFRD2;METTL3;NSMCE1;RECQL;ESCO2;KNL1;HASPIN;SRRM1;NIF3L1;THAP5;GRWD1;CCDC86;KIF20A;KIF20B;BLZF1;L3MBTL2;PAXIP1;DHX8;DCUN1D5;CSTF3;HTATSF1;SPAST;DHX33;RACGAP1;PDCD11;ERI1;ZNHIT3;HLTF;ZNF700;LYAR;CDT1;DDIAS;INTS2;SMARCA5;AMMECR1;SRPK1;TPX2;STAG1;STAG2;FUBP1;ANP32E;INTS7;RNPS1;ANP32B;INTS8;TOP2A;SUV39H2;TOP2B;INTS13;AHCTF1;FEN1;SUV39H1;NAT10;RSF1;KIF11;AATF;PRPF19;SYNCRIP;HINT3;XPO4;RSRC1;XPO6;DHX15;REV3L;PRMT5;PBRM1;PRMT7;ATMIN;PRMT3;CACYBP;KIF23;KIF22;TUBG1;NME1;RAD51C;PRPF18;G2E3;DEPDC1;SDE2;HNRNPH2;EEF1E1;DTYMK;MIS12;RAD54B;METTL4;METTL5;METTL8;SUZ12;GINS1;RANBP1;GINS2;NPM1;GINS3;MLH3;MIS18A;TFAP4;HNRNPA2B1;TCEA1;TRIP13;TARDBP;MPHOSPH8;MAD2L1;MPHOSPH6;DBR1;GEMIN2;RPP30;POGK;BCCIP;JADE1;NUCKS1;YARS1;FBL;PTTG1;RBMX2;ZNF85;KNTC1;BORA;WRNIP1;WBP11;PUS7;PRPF4;PRPF6;DKC1;PRPF3;UBE2V2;TIMELESS;PLAA;GEMIN5;ZCCHC8;RBM8A;DDX1;PDS5B;PDS5A;CCNB2;EMG1;MYG1;RPRD1A;CLSPN;ECT2;CBX5;UBE2C;CBX3;NONO;CBX2;RPP40;CBX1;GGH;AZIN1;KIF18A;KIF18B;NASP;UBE2S;UBE2T;BLMH;PHF19;RBM27;CREBZF;USP37;DDX46;HMGB2;DPY30;PSIP1;CHTF18;USP39;LMNB1;HPF1;MYBL2;TOPBP1;RBM14;BUD31;CAD;GLRX2;MASTL;UTP18;SUPV3L1;DDX19A;LUC7L3;PFDN4;ITGB3BP;RRN3;USP10;DDX23;DBF4B;RNF4;AURKB;AURKA;CAND1;TRA2B;TDG;SMNDC1;KDM4A;NAA10;TAF11;DEK;SSRP1;U2SURP;NAP1L4;TICRR;WEE1;PITHD1;RBM42;FAM98A;TAF5;SSBP1;TAF2;RAN;FAM50A,0.11433028749721418
1,1091,Intracellular Non-Membrane-Bounded Organelle (GO:0043232),241/1195,3.591382766031158e-74,cellular anatomical structure,GO_Cellular_Component_2023,3.0980179182690297e-76,0.0,0.0,5.336237513873474,927.7886949517346,POP5;JPT1;POP7;POP1;RRP1;EIF4A3;FCF1;GPATCH4;HNRNPR;SMC3;MKI67;PWP1;RRP9;SMC2;CDC20;RCC1;FBXO5;ABT1;DDX18;DDX11;PIH1D1;NGDN;RECQL;DNTTIP2;WDR75;ESCO2;HASPIN;PIMREG;GTPBP4;GRWD1;CCDC86;KIF20A;KIF20B;SLBP;SET;CDCA2;DCUN1D5;CDCA5;CDCA8;NOLC1;SNU13;MRPL13;RRP7A;DSN1;DHX33;RACGAP1;PDCD11;ERI1;RAD21;RRS1;LYAR;ZNF146;NAA50;PLK4;PNO1;SMARCA5;UPF3B;UPF3A;CDC6;PA2G4;PUM3;TPX2;STAG1;ZZZ3;STAG2;SASS6;MPHOSPH10;INTS7;NOL11;CEP85;ANP32B;NOL12;TOP2A;TOP2B;MRPS15;FEN1;PAK1IP1;SUV39H1;MRPS12;NAT10;KIF11;WDR46;WDR43;MRPL40;XPO6;UTP14A;UTP14C;WDR36;NSUN2;KIF23;BAZ1B;TERF1;GNL2;TUBG1;CCSAP;GNL3;GON7;GCFC2;KIF2A;INCENP;FRG1;KIF2C;EEF1E1;ZNF593;SF3B3;NIP7;HEATR1;NOL8;HSPA14;NOL6;RECQL4;EXOSC10;TCOF1;METTL5;SF3B1;SUZ12;UTP6;NPM1;UTP4;UTP3;ELP3;NOC3L;RRP1B;NPM3;WDR12;LRPPRC;MZT1;HINFP;CENPE;BOP1;CENPF;CENPH;MYBBP1A;TSR1;TCEA1;CIAPIN1;TRIP13;TARDBP;MPHOSPH8;SPC24;MPHOSPH6;SRP19;ZNF330;GEMIN2;HJURP;BUB1B;NUCKS1;RDM1;FBL;RBMX2;ZNF207;NUSAP1;SNRNP35;RARS1;DIMT1;SPICE1;VRK1;ILF2;TRAIP;EBNA1BP2;ILF3;SHQ1;DKC1;MRTO4;GEMIN4;SRSF9;ZCCHC8;PDS5B;HMMR;PKMYT1;PDS5A;RAD51AP1;SYCE2;EMG1;OARD1;BRIX1;UTP20;FAM83D;SAC3D1;MDN1;GCN1;NOP14;CBX5;FUS;CBX3;CBX1;TBCA;UBE2T;RIOX2;TUBGCP3;RBM28;MCM7;CDCA7L;WDR3;HMGB2;MCM10;FOXM1;TOPBP1;UTP15;ACTR6;TFIP11;URB2;URB1;SMC1A;UTP18;CKAP5;REXO5;DNAJC2;PSRC1;SAPCD2;POLR1B;C1D;MCM3;POLR1G;MCM2;DDX27;RRN3;NUFIP1;DDX23;DDX21;TTK;AURKB;CLN6;AURKA;TAF1D;HIRIP3;KATNA1;BMS1;BEND3;DCAF13;E2F8;NOP56;NOP58;NAA10;NIFK;KRR1;DEK;WEE1;PRC1;TAF5;RAN,0.20167364016736403
1,1091,"mRNA Splicing, Via Spliceosome (GO:0000398)",106/211,1.2878767030328706e-73,cellular process,GO_Biological_Process_2023,7.607068535338869e-77,0.0,0.0,19.27216823785352,3377.8324312731647,DBR1;GEMIN2;EIF4A3;HNRNPU;HNRNPR;CASC3;CWC27;PNN;SNRPD2;SNRPD1;RBMX2;MAGOH;MTREX;SNRPD3;SNRNP35;TXNL4A;IK;METTL3;CDC40;SRRM1;WDR77;PRPF4;DDX39A;PRPF6;DDX39B;CLNS1A;PRPF3;GEMIN4;SNRPG;SRSF2;GEMIN5;SNRNP27;SRSF3;GEMIN6;SNRPE;SRSF4;SNRPF;SNRNP200;SRSF7;SNRPA;SRSF8;SNRPB;SRSF9;ZCCHC8;DHX8;RBM8A;DDX1;CWF19L2;SNU13;HTATSF1;RNPC3;DHX35;PRPF38A;MAGOHB;LSM5;LSM4;LSM3;SRPK1;LSM2;HNRNPM;LSM7;HNRNPK;CWF19L1;RNPS1;HNRNPC;DDX46;PPWD1;PRPF19;USP39;PQBP1;SYNCRIP;SART3;RSRC1;SNRNP70;DHX15;BCAS2;PRMT5;RBM14;PRMT7;BUD31;PRPF40A;TFIP11;GCFC2;FRG1;SDE2;SNRPA1;SF3B5;SF3B2;SF3B3;DDX23;SRSF1;U2AF1;TRA2B;SF3B1;SRSF10;SF3A3;SF3A1;HNRNPA3;PPIL1;GPKOW;CDC5L;SNRNP40;PHF5A;HNRNPA2B1;RBM42;PPIL3,0.5023696682464455
1,1091,mRNA Processing (GO:0006397),105/214,8.110016731996468e-72,cellular process,GO_Biological_Process_2023,9.580645873592993e-75,0.0,0.0,18.367233005191952,3130.40350569126,TCERG1;DBR1;GEMIN2;EIF4A3;HNRNPU;HNRNPR;CASC3;CWC27;PNN;SNRPD2;SNRPD1;RBMX2;MAGOH;PAPOLA;MTREX;SNRPD3;SNRNP35;TXNL4A;IK;METTL3;CDC40;SRRM1;PRPF4;DDX39A;PRPF6;DDX39B;PRPF3;SNRPG;SRSF2;GEMIN5;SNRNP27;SRSF3;GEMIN6;SNRPE;SRSF4;SNRPF;SNRNP200;SRSF7;SNRPA;SRSF8;SNRPB;SRSF9;ZCCHC8;DHX8;RBM8A;CWF19L2;SNU13;HTATSF1;RNPC3;DHX35;RPRD1A;PRPF38A;MAGOHB;LSM5;LSM4;LSM3;LSM2;HNRNPM;LSM7;HNRNPK;CWF19L1;RNPS1;HNRNPC;DDX46;PPWD1;PRPF19;USP39;SYNCRIP;SART3;RSRC1;SNRNP70;DHX15;BCAS2;RBM14;BUD31;PRPF40A;TFIP11;GCFC2;PRPF18;FRG1;SNRPA1;SF3B5;SF3B2;SF3B3;RNMT;DDX23;SRSF1;U2AF1;TBRG4;TRA2B;SF3B1;SRSF10;HNRNPA0;SF3A3;SF3A1;HNRNPA3;PPIL1;GPKOW;CDC5L;NUDT21;SNRNP40;PHF5A;HNRNPA2B1;RBM42;PPIL3,0.49065420560747663
1,1091,"RNA Splicing, Via Transesterification Reactions With Bulged Adenosine As Nucleophile (GO:0000377)",96/180,4.3488097525390766e-70,cellular process,GO_Biological_Process_2023,7.706101156300788e-73,0.0,0.0,21.622397702799717,3590.3277719990606,DBR1;DDX46;EIF4A3;HNRNPU;PPWD1;HNRNPR;CASC3;CWC27;PRPF19;USP39;PNN;SYNCRIP;SART3;SNRPD2;RBMX2;SNRPD1;RSRC1;SNRNP70;MAGOH;DHX15;MTREX;SNRPD3;SNRNP35;TXNL4A;BCAS2;IK;RBM14;BUD31;METTL3;PRPF40A;TFIP11;CDC40;SRRM1;PRPF4;GCFC2;DDX39A;PRPF6;DDX39B;PRPF3;FRG1;SNRPG;SRSF2;GEMIN5;SNRNP27;SRSF3;GEMIN6;SNRPE;SRSF4;SNRPA1;SNRPF;SNRNP200;SRSF7;SNRPA;SRSF8;SNRPB;SRSF9;ZCCHC8;SF3B5;SF3B2;SF3B3;DHX8;RBM8A;DDX23;SRSF1;CWF19L2;SNU13;U2AF1;HTATSF1;RNPC3;DHX35;TRA2B;SF3B1;SRSF10;SF3A3;HNRNPA3;PPIL1;SF3A1;PRPF38A;GPKOW;CDC5L;LSM5;MAGOHB;LSM4;LSM3;LSM2;HNRNPM;LSM7;SNRNP40;HNRNPK;PHF5A;CWF19L1;HNRNPA2B1;RBM42;RNPS1;HNRNPC;PPIL3,0.5333333333333333
1,1091,Nuclear Lumen (GO:0031981),188/780,5.810769178690458e-70,cellular anatomical structure,GO_Cellular_Component_2023,8.939644890293012e-72,0.0,0.0,6.441733261500703,1053.8394165449015,POP5;JPT1;SRP19;ZNF330;POP7;POP1;GEMIN2;EIF4A3;RRP1;HJURP;FCF1;HNRNPU;GPATCH4;HNRNPR;NUCKS1;MKI67;PWP1;RRP9;SMC2;RDM1;FBL;RBMX2;ZNF207;NUSAP1;SNRNP35;ABT1;DDX18;IK;RARS1;DIMT1;DDX11;PIH1D1;NGDN;DNTTIP2;WDR75;VRK1;PIMREG;ILF2;GTPBP4;TRAIP;EBNA1BP2;ILF3;SHQ1;DKC1;GRWD1;MRTO4;GEMIN4;CCDC86;KIF20B;SRSF9;ZCCHC8;SLBP;CDCA8;NOLC1;SNU13;PKMYT1;RRP7A;DSN1;EMG1;DHX33;PDCD11;ERI1;OARD1;FIGNL1;RRS1;BRIX1;UTP20;LYAR;MDN1;ZNF146;NAA50;PLK4;NOP14;CBX5;PNO1;SMARCA5;UPF3B;UPF3A;CDC6;PA2G4;TBCA;PUM3;STAG2;ZZZ3;UBE2T;RIOX2;MPHOSPH10;NOL11;CEP85;ANP32B;NOL12;TOP2A;RBM28;TOP2B;MRPS15;FEN1;MCM7;CDCA7L;PAK1IP1;SUV39H1;WDR3;HMGB2;NAT10;MCM10;WDR46;WDR43;MRPL40;XPO6;UTP14A;UTP14C;UTP15;PBRM1;WDR36;ACTR6;NSUN2;TFIP11;URB2;URB1;BAZ1B;GNL2;TERF1;UTP18;CKAP5;GNL3;REXO5;GON7;GCFC2;DNAJC2;KIF2A;SAPCD2;C1D;FRG1;MCM3;POLR1G;EEF1E1;MCM2;ZNF593;DDX27;RRN3;SF3B3;NUFIP1;NIP7;HEATR1;DDX23;DDX21;NOL8;CLN6;NOL6;TAF1D;EXOSC10;HIRIP3;TCOF1;BMS1;BEND3;METTL5;SF3B1;DCAF13;E2F8;NOP56;SUZ12;UTP6;NOP58;NPM1;UTP4;NAA10;NIFK;UTP3;KRR1;ELP3;NOC3L;RRP1B;DEK;NPM3;WDR12;HINFP;BOP1;WEE1;CENPH;MYBBP1A;TSR1;TCEA1;NCAPD2;CIAPIN1;TAF5;MPHOSPH8;SPC24;RAN;MPHOSPH6,0.24102564102564103
1,1091,Nucleolus (GO:0005730),185/771,1.5035885564685984e-68,cellular anatomical structure,GO_Cellular_Component_2023,3.084284218397125e-70,0.0,0.0,6.384729411055609,1021.905547585607,POP5;JPT1;SRP19;ZNF330;POP7;POP1;GEMIN2;EIF4A3;RRP1;HJURP;FCF1;GPATCH4;HNRNPR;NUCKS1;MKI67;PWP1;RRP9;SMC2;RDM1;FBL;RBMX2;ZNF207;NUSAP1;SNRNP35;ABT1;DDX18;RARS1;DIMT1;DDX11;PIH1D1;NGDN;DNTTIP2;WDR75;VRK1;PIMREG;ILF2;GTPBP4;TRAIP;EBNA1BP2;ILF3;SHQ1;DKC1;GRWD1;MRTO4;GEMIN4;CCDC86;KIF20B;SRSF9;ZCCHC8;SLBP;CDCA8;NOLC1;SNU13;PKMYT1;RRP7A;DSN1;EMG1;DHX33;PDCD11;ERI1;OARD1;RRS1;BRIX1;UTP20;LYAR;MDN1;ZNF146;NAA50;PLK4;NOP14;CBX5;PNO1;SMARCA5;UPF3B;UPF3A;CDC6;PA2G4;TBCA;PUM3;STAG2;ZZZ3;UBE2T;RIOX2;MPHOSPH10;NOL11;CEP85;ANP32B;NOL12;TOP2A;RBM28;TOP2B;MRPS15;FEN1;MCM7;CDCA7L;PAK1IP1;SUV39H1;WDR3;HMGB2;NAT10;MCM10;WDR46;WDR43;MRPL40;XPO6;UTP14A;UTP14C;UTP15;WDR36;ACTR6;NSUN2;TFIP11;URB2;URB1;BAZ1B;GNL2;TERF1;UTP18;CKAP5;GNL3;REXO5;GON7;GCFC2;DNAJC2;KIF2A;SAPCD2;POLR1B;C1D;FRG1;MCM3;POLR1F;POLR1G;EEF1E1;MCM2;ZNF593;DDX27;RRN3;SF3B3;NUFIP1;NIP7;HEATR1;DDX23;DDX21;NOL8;CLN6;NOL6;TAF1D;EXOSC10;HIRIP3;TCOF1;BMS1;BEND3;METTL5;SF3B1;DCAF13;E2F8;NOP56;SUZ12;UTP6;NOP58;NPM1;UTP4;NAA10;NIFK;UTP3;KRR1;ELP3;NOC3L;RRP1B;DEK;NPM3;WDR12;HINFP;BOP1;WEE1;CENPH;MYBBP1A;TSR1;TCEA1;CIAPIN1;TAF5;MPHOSPH8;SPC24;RAN;MPHOSPH6,0.23994811932555124
1,1091,Intracellular Membrane-Bounded Organelle (GO:0043231),529/5175,1.0687515687921421e-59,cellular anatomical structure,GO_Cellular_Component_2023,2.7403886379285693e-61,0.0,0.0,2.889688524012544,402.9658825702716,POP7;RRP1;THYN1;HNRNPU;HNRNPR;PHAX;SMC5;SMC6;SMC3;SMC4;SMC2;FAM110A;DCAF1;PPP4R2;ALKBH1;ZNG1A;DDX11;PIH1D1;DDX10;AARSD1;PASK;WDR76;GTPBP4;WDR77;DDX39A;DDX39B;CLNS1A;SARNP;PRR11;ASF1A;ASF1B;SLBP;URI1;SET;CDCA2;CDCA4;CDCA5;MRPL19;CDCA7;NCAPG;SNU13;WDR62;RNPC3;PPP4C;FIGNL1;RAD21;MCMBP;ZNF146;NAA50;PRPF38A;NCAPH2;LARP7;UPF3B;UPF3A;CDC7;CDC6;PA2G4;MAGOHB;FAM111B;HNRNPL;FAM111A;HNRNPM;HNRNPK;TDP2;HNRNPD;PSMG1;PSMG2;HNRNPC;RAD18;EZH2;CEP57;PHF23;NCAPG2;DDX12P;SMG7;PQBP1;CHAF1B;MRPL40;CHAF1A;PBK;ZNF367;DLGAP5;TCF19;SS18;HELLS;NSUN2;ACTL6A;BAZ1B;TERF1;GNL2;GNL3;WDR33;GON7;GCFC2;INCENP;KIFC1;MTF2;SF3B5;SF3B2;SF3B3;RNMT;CENPA;UNG;RECQL4;EXOSC10;NSD2;LEO1;PCGF1;BRD8;SRSF10;SF3B1;SRSF11;PMS1;SF3A3;CASP8AP2;CENPU;MBD4;SLF1;PCGF6;SF3A1;SLF2;ATAD5;UTP3;ATAD2;MBD2;APEX2;ELP3;RRP1B;LRPPRC;HINFP;TARBP1;CENPE;NUDT21;CENPF;PHF5A;CENPH;MYBBP1A;RFWD3;SERBP1;TRMT6;HYLS1;NCAPD2;CENPQ;CDKN3;ZNF330;CSE1L;RTKN2;CASC3;IPO4;IPO5;HMGN4;RUVBL2;RUVBL1;ZNF207;KPNA6;PAPOLA;KMT5B;NEK2;MTREX;OIP5;KMT5A;KPNA2;MTPAP;TXNL4A;HMGN2;SNRNP35;IK;SUPT16H;RARS1;THOC1;VRK1;THOC5;ILF2;THOC7;TRAIP;ILF3;HAT1;SRSF2;SNRPG;SNRNP27;SRSF4;SNRPE;ERH;SNRPF;SNRNP25;ADNP;SNRNP200;SRSF7;SNRPA;SNRPB;LRRC59;DNMT1;MAZ;ISG20L2;RAD51AP1;ORC5;ORC1;NAE1;SAC3D1;MDN1;CHTOP;FUS;API5;LSM1;LSM5;LSM4;NDC80;LSM3;LSM2;COPS3;LSM7;CDK1;ARHGAP11A;DIDO1;NXT1;MCM7;MCM8;CDCA7L;WDR4;MCM10;FOXM1;METTL13;SART3;VPS72;SNRNP70;DNMT3B;SPDL1;TNPO1;METTL16;YAF2;LBR;BCAS2;EIF5B;VBP1;ACTR6;ATRX;MSL2;SMC1A;RANGAP1;RAD23B;TSN;MSL1;REXO5;MMS22L;DNAJC2;ASPM;SKIC8;NSMCE4A;ESPL1;C1D;LANCL2;MCM3;MCM4;ETF1;MCM5;DNAJC9;SNRPA1;DNAJC8;MCM6;DCTPP1;MCM2;NUFIP1;UHRF1;SRSF1;FOXK2;TTK;LAGE3;CDC45;HIRIP3;E2F6;HNRNPA0;H2AZ1;HNRNPA3;DUT;PPIL1;SSB;GPKOW;DONSON;TPRKB;CDC5L;HNRNPAB;PNRC2;SNRNP40;PRC1;PDCD2;PPIL4;LTV1;JPT1;TCERG1;RTCA;JPT2;CCNF;EIF4A3;NUDT1;NTAQ1;MKI67;PWP1;CCAR1;TRIM28;SNRPD2;SNRPD1;MAGOH;PCLAF;RCC1;FBXO5;SNRPD3;TMPO;ABT1;TIPIN;IFRD2;METTL3;NSMCE1;RECQL;ESCO2;KNL1;HASPIN;SRRM1;NIF3L1;THAP5;GRWD1;CCDC86;KIF20A;KIF20B;BLZF1;L3MBTL2;PAXIP1;DHX8;DCUN1D5;CSTF3;HTATSF1;SPAST;DHX33;RACGAP1;PDCD11;ERI1;ZNHIT3;HLTF;ZNF700;LYAR;SNX5;CDT1;DDIAS;INTS2;SMARCA5;AMMECR1;SRPK1;TPX2;STAG1;STAG2;FUBP1;ANP32E;INTS7;RNPS1;ANP32B;INTS8;TOP2A;SUV39H2;TOP2B;INTS13;AHCTF1;FEN1;SUV39H1;MRPS12;NAT10;RSF1;KIF11;AATF;PRPF19;SYNCRIP;HINT3;XPO4;RSRC1;XPO6;DHX15;REV3L;PRMT5;PBRM1;PRMT7;ATMIN;PRMT3;CACYBP;KIF23;KIF22;TUBG1;NME1;RAD51C;PRPF18;G2E3;DEPDC1;SDE2;HNRNPH2;EEF1E1;DTYMK;ATP23;MIS12;RAD54B;METTL4;METTL5;METTL8;SUZ12;GINS1;RANBP1;GINS2;NPM1;GINS3;MLH3;MIS18A;TFAP4;HNRNPA2B1;TACC3;TCEA1;TRIP13;TARDBP;MPHOSPH8;MAD2L1;MPHOSPH6;DBR1;GEMIN2;RPP30;POGK;BCCIP;JADE1;NUCKS1;YARS1;FBL;PTTG1;RBMX2;ZNF85;KNTC1;BORA;WRNIP1;WBP11;PUS7;PRPF4;PRPF6;DKC1;PRPF3;UBE2V2;TIMELESS;PLAA;GEMIN5;ZCCHC8;RBM8A;DDX1;ARHGAP19;PDS5B;PDS5A;PMF1;CCNB2;EMG1;MYG1;RPRD1A;CLSPN;ECT2;CBX5;UBE2C;CBX3;NONO;CBX2;RPP40;CBX1;GGH;AZIN1;KIF18A;KIF18B;NASP;UBE2S;UBE2T;MAP6D1;BLMH;PHF19;RBM27;CREBZF;USP37;DDX46;HMGB2;DPY30;PSIP1;CHTF18;USP39;LMNB1;HPF1;MYBL2;TOPBP1;RBM14;BUD31;CAD;GLRX2;MASTL;UTP18;SUPV3L1;DDX19A;LUC7L3;FAM72D;PFDN4;FAM72C;FAM72B;ITGB3BP;FAM72A;RRN3;USP10;DDX23;DBF4B;RNF4;AURKB;CLN6;AURKA;CAND1;TRA2B;TDG;SMNDC1;BUB1;KDM4A;NAA10;TAF11;DEK;SSRP1;U2SURP;NAP1L4;TICRR;WEE1;PITHD1;RBM42;FAM98A;TAF5;SSBP1;TAF2;RAN;FAM50A,0.10222222222222223
1,1091,RNA Processing (GO:0006396),71/183,2.057610900975112e-39,cellular process,GO_Biological_Process_2023,4.861455170644091e-42,0.0,0.0,11.682309173669468,1111.305782896408,TCERG1;FASTKD2;GEMIN2;HNRNPU;HNRNPR;USP39;SYNCRIP;SNRPD2;SNRPD1;RSRC1;MAGOH;DHX15;SNRPD3;SNRNP35;BCAS2;METTL3;THOC1;DNTTIP2;TFIP11;SRRM1;PRPF4;PRPF6;PRPF18;DDX39B;DKC1;PRPF3;SNRPG;SRSF2;LUC7L3;SRSF4;SNRPA1;SNRNP25;SNRPF;SRSF7;SNRPB;SRSF9;ZCCHC8;SF3B2;NUFIP1;SF3B3;DHX8;RBM8A;CSTF3;DDX23;SRSF1;U2AF1;RNPC3;TBRG4;EXOSC10;SF3B1;HNRNPA0;SF3A3;SF3A1;FUS;LSM1;LSM5;MAGOHB;LSM4;LSM3;SRPK1;HNRNPL;NUDT21;SNRNP40;HNRNPK;HNRNPA2B1;HNRNPD;MPHOSPH10;RNPS1;SNRNP48;HNRNPC;TARDBP,0.3879781420765027
1,1091,U2-type Spliceosomal Complex (GO:0005684),50/90,5.570324484593005e-38,protein-containing complex,GO_Cellular_Component_2023,1.7139459952593857e-39,0.0,0.0,22.65730067243036,2022.436432907927,EIF4A3;CASC3;CWC27;PRPF19;SNRPD2;RBMX2;SNRNP70;SNRPD1;LUC7L;SNRPD3;TXNL4A;BCAS2;IK;BUD31;PRPF40A;TFIP11;CDC40;GCFC2;PRPF4;PRPF18;PRPF6;PRPF3;SNRPG;LUC7L3;SNRPA1;SNRPE;SNRPF;SNRNP200;SNRPB;SF3B5;SF3B2;SF3B3;DHX8;RBM8A;SNU13;HTATSF1;SF3B1;SF3A3;PPIL1;SF3A1;PRPF38A;CDC5L;LSM5;MAGOHB;LSM4;LSM3;LSM2;LSM7;SNRNP40;PHF5A,0.5555555555555556
1,1091,RNA Splicing (GO:0008380),52/98,4.095782304519332e-37,cellular process,GO_Biological_Process_2023,1.2096226534315806e-39,0.0,0.0,20.52299451814035,1839.076009037252,TCERG1;DBR1;GEMIN2;USP39;SYNCRIP;SNRPD2;SNRPD1;RSRC1;MAGOH;DHX15;SNRPD3;SNRNP35;TXNL4A;BCAS2;SRRM1;PRPF4;PRPF6;PRPF18;DDX39B;PRPF3;SNRPG;SRSF2;LUC7L3;SRSF4;SNRPA1;SNRNP25;SNRPF;SRSF7;SNRPB;SF3B2;SF3B3;DHX8;RBM8A;DDX23;U2AF1;RNPC3;TRA2B;SF3B1;SMNDC1;SRSF10;SF3A3;FUS;LSM1;MAGOHB;LSM4;SRPK1;SNRNP40;MPHOSPH10;RNPS1;SNRNP48;HNRNPC;TARDBP,0.5306122448979592
1,1091,Spliceosomal snRNP Complex (GO:0097525),38/57,3.4891362762363335e-33,protein-containing complex,GO_Cellular_Component_2023,1.25251045813612e-34,0.0,0.0,35.87844254510921,2800.769648897424,SF3B5;SF3B2;SF3B3;DDX46;DDX23;SNU13;HTATSF1;SNRPD2;RBMX2;SNRNP70;SNRPD1;LUC7L;SNRPD3;TXNL4A;SF3B1;SF3A3;SF3A1;PRPF40A;LSM5;LSM4;LSM3;LSM2;PRPF4;LSM7;SNRNP40;PRPF18;PRPF6;PHF5A;DDX39B;SNRPG;LUC7L3;SNRPA1;SNRPE;SNRPF;HNRNPC;SNRNP200;SNRPA;SNRPB,0.6666666666666666
1,1091,Mitotic Sister Chromatid Segregation (GO:0000070),51/111,2.016229963693011e-32,cellular process,GO_Biological_Process_2023,7.145528518699387e-35,0.0,0.0,15.405432692307691,1211.2366086797576,NCAPG2;BCCIP;KIF14;KIF11;SMC3;SMC4;SMC2;NUSAP1;ZNF207;KNTC1;KMT5A;SPDL1;CEP55;DLGAP5;SPICE1;KIF23;KIF22;SMC1A;TUBG1;KNSTRN;SGO1;PSRC1;ESPL1;KIF2A;KIFC1;KIF2C;CDCA5;MIS12;CDCA8;NCAPG;NCAPH;NSL1;DSN1;RRS1;SPAG5;NCAPH2;NDC80;ZWINT;MZT1;TPX2;CENPE;KIF18A;STAG1;KIF18B;STAG2;CENPI;PRC1;CENPK;NCAPD2;NCAPD3;RAN,0.4594594594594595
1,1091,Ribosome Biogenesis (GO:0042254),59/155,3.609513768793307e-32,cellular process,GO_Biological_Process_2023,1.4924156161578944e-34,0.0,0.0,11.203639777131784,872.6234610507549,LTV1;PAK1IP1;WDR3;MRPS12;FCF1;NAT10;PWP2;WDR46;WDR43;RRP9;FBL;NOB1;MTREX;UTP15;WDR36;RRP7BP;DIMT1;PIH1D1;NGDN;DDX10;DNTTIP2;WDR75;URB2;UTP18;GTPBP4;EBNA1BP2;DKC1;GRWD1;MRTO4;DDX27;NIP7;HEATR1;NOLC1;NOL8;SNU13;NOL6;RRP7A;EMG1;EXOSC10;BMS1;RRS1;UTP20;LYAR;DCAF13;NOP56;NOP14;NOP58;NPM1;UTP6;UTP4;PNO1;KRR1;UTP3;WDR18;WDR12;BOP1;MPHOSPH10;ESF1;DHX29,0.38064516129032255
1,1091,Chromosome (GO:0005694),55/164,1.2925642468351149e-27,cellular anatomical structure,GO_Cellular_Component_2023,5.302827679323548e-29,0.0,0.0,9.156600899720166,596.1563195506974,TOP2A;RRP1;HMGB2;HNRNPU;SMC5;SMC6;MKI67;SMC3;SMC2;RCC1;KMT5A;TOPBP1;DDX18;IK;PBRM1;RECQL;DNTTIP2;ESCO2;SMC1A;GNL3;EBNA1BP2;POLR1B;CCDC86;CDCA2;DDX27;CDCA5;NCAPG;DDX21;NOL8;PDS5B;PDS5A;RAD51AP1;RECQL4;SYCE2;EMG1;FIGNL1;RAD21;BMS1;BRIX1;UTP6;NIFK;UTP4;KRR1;SMARCA5;RRP1B;PUM3;BOP1;CENPE;STAG1;STAG2;CENPH;MPHOSPH10;INTS7;NCAPD2;TRIP13,0.3353658536585366
1,1091,Precatalytic Spliceosome (GO:0071011),32/52,2.3205850432273887e-26,protein-containing complex,GO_Cellular_Component_2023,1.0710392507203333e-27,0.0,0.0,28.53862134088763,1772.2817204159364,SF3B5;SF3B2;SF3B3;SNU13;CWC27;SNRPD2;RBMX2;SNRPD1;SNRPD3;TXNL4A;SF3B1;SF3A3;IK;PRPF38B;SF3A1;PRPF38A;LSM5;MAGOHB;LSM4;LSM3;LSM2;PRPF4;LSM7;PRPF6;PHF5A;PRPF3;SNRPG;SNRPA1;SNRPE;SNRPF;SNRNP200;SNRPB,0.6153846153846154
1,1091,rRNA Processing (GO:0006364),39/101,1.907142615784912e-21,cellular process,GO_Biological_Process_2023,1.5770819031889405e-23,0.0,0.0,11.269364037777503,591.6853472149008,DDX27;WDR3;NOLC1;NAT10;NOL8;SNU13;RRP9;NOL6;RRP7A;FBL;EMG1;EXOSC10;NOB1;ERI1;MTREX;UTP20;LYAR;RRP15;DCAF13;UTP15;NOP56;NOP14;WDR36;NOP58;RRP7BP;UTP4;PIH1D1;WDR18;DDX10;EBNA1BP2;LAS1L;DKC1;MRTO4;C1D;NHP2;MPHOSPH10;ESF1;NOL11;MPHOSPH6,0.38613861386138615
1,1091,Mitotic Spindle Organization (GO:0007052),37/85,1.7320078342763958e-22,cellular process,GO_Biological_Process_2023,1.3299528556168426e-24,0.0,0.0,13.793821157495255,758.341508974061,GPSM2;INTS13;BCCIP;CDCA8;TTK;KIF11;WDR62;SMC3;AURKB;AURKA;FAM110A;SPAST;NUF2;STMN1;ZNF207;RCC1;DLGAP5;STIL;SPICE1;KIF23;SMC1A;TUBG1;CKAP5;MZT1;NDC80;CENPE;TPX2;STAG1;STAG2;KIF2A;CENPH;INCENP;KIFC1;PRC1;KIF4A;RAN;SPC25,0.43529411764705883
1,1091,Condensed Chromosome (GO:0000793),31/60,1.389926208830953e-22,cellular anatomical structure,GO_Cellular_Component_2023,1.1404522739125769e-23,0.0,0.0,19.03968770331815,1005.829235518772,SUV39H1;NCAPG2;HMGB2;NCAPG;SMC5;SMC6;MKI67;SMC4;CENPA;NCAPH;SMC2;CENPC;NOL6;PSMC3IP;RRS1;RCC1;SLF1;SLF2;NIFK;CBX3;NCAPH2;NSMCE1;SMARCA5;SMC1A;TUBG1;LRPPRC;SGO1;CENPE;NSMCE4A;NCAPD2;NCAPD3,0.5166666666666667
1,1091,Spliceosomal tri-snRNP Complex (GO:0097526),25/36,8.841690814208993e-23,protein-containing complex,GO_Cellular_Component_2023,6.801300626314611e-24,0.0,0.0,40.290806754221386,2149.310200248829,DDX23;SNU13;USP39;SNRPD2;SNRPD1;SNRPD3;TXNL4A;LSM5;LSM4;LSM3;LSM2;PRPF4;LSM7;SNRNP40;PRPF18;PRPF6;PRPF3;SNRPG;RBM42;SNRNP27;SNRPE;SNRPF;SNRNP200;SNRPA;SNRPB,0.6944444444444444
1,1091,protein-RNA Complex Assembly (GO:0022618),49/150,3.1109012660764865e-23,cellular process,GO_Biological_Process_2023,2.2050097574080235e-25,0.0,0.0,8.756884133710876,497.1624237569533,GEMIN2;PWP2;PRPF19;USP39;SART3;SNRPD2;SNRPD1;LUC7L;SNRPD3;TXNL4A;PRMT5;RRP7BP;PRMT7;WDR77;GCFC2;PRPF6;SHQ1;PRPF18;DDX39B;CLNS1A;GEMIN4;SNRPG;GEMIN5;LUC7L3;GEMIN6;SNRPE;SNRPF;SNRNP200;SNRPB;SRSF9;DDX1;DDX23;SRSF1;RRP7A;MRPL20;RRS1;BRIX1;SF3B1;SRSF10;MDN1;LSM4;SRPK1;BOP1;NUDT21;EIF3M;EIF3J;DHX29;HNRNPC;EIF3B,0.32666666666666666
1,1091,U4/U6 X U5 tri-snRNP Complex (GO:0046540),25/35,3.0509373428155823e-23,protein-containing complex,GO_Cellular_Component_2023,2.1904165538163154e-24,0.0,0.0,44.322232645403375,2414.5843960567368,DDX23;SNU13;USP39;SNRPD2;SNRPD1;SNRPD3;TXNL4A;LSM5;LSM4;LSM3;LSM2;PRPF4;LSM7;SNRNP40;PRPF18;PRPF6;PRPF3;SNRPG;RBM42;SNRNP27;SNRPE;SNRPF;SNRNP200;SNRPA;SNRPB,0.7142857142857143
1,1091,Gene Expression (GO:0010467),51/296,9.35705323025677e-12,cellular process,GO_Biological_Process_2023,2.2107627242189649e-13,0.0,0.0,3.735729984301413,108.86017526740608,MRPS17;MRPS15;MRPS16;NXT1;FASTKD2;EIF4A3;MRPS12;HNRNPU;MRPL37;CASC3;SMG7;MRPL42;SYNCRIP;MRPL3;MAGOH;MRPS18B;THOC1;DNTTIP2;TFIP11;THOC2;THOC5;MRPL43;THOC7;DARS1;MRPS18C;PRPF4;DDX39A;MRPL51;DDX39B;DKC1;SARNP;SRSF3;FYTTD1;NUFIP1;DHX8;RBM8A;MRPL12;MRPL13;GSPT1;EXOSC10;TASP1;CHTOP;MAGOHB;MRPL23;MRPL24;HNRNPL;SNRNP40;HNRNPK;HNRNPA2B1;HNRNPD;MPHOSPH10,0.17229729729729729
1,1091,Spliceosomal Complex Assembly (GO:0000245),33/62,1.7687655013159184e-23,cellular process,GO_Biological_Process_2023,1.1492274373582458e-25,0.0,0.0,20.30636855485301,1166.1041269420955,SF3B5;SF3B2;SF3B3;DDX46;DDX1;DDX23;SRSF1;PRPF19;USP39;HTATSF1;SNRPD2;RBMX2;SNRPD1;LUC7L;SNRPD3;TXNL4A;SF3B1;SRSF10;SF3A3;SF3A1;SRPK1;GCFC2;PRPF6;PHF5A;DDX39B;SNRPG;LUC7L3;SNRPA1;SNRPE;SNRPF;SNRNP200;SNRPB;SRSF9,0.532258064516129
1,1091,Ribosomal Small Subunit Biogenesis (GO:0042274),38/84,9.23002844123146e-24,cellular process,GO_Biological_Process_2023,5.451877401790584e-26,0.0,0.0,14.798174986580785,860.8283720719942,LTV1;WDR3;MRPS12;HEATR1;FCF1;NAT10;SNU13;PWP2;WDR46;WDR43;RRP9;NOL6;RRP7A;FBL;EMG1;EXOSC10;NOB1;BMS1;UTP20;UTP15;NOP56;WDR36;NOP14;NOP58;NPM1;UTP6;RRP7BP;UTP4;DIMT1;KRR1;PNO1;UTP3;NGDN;DNTTIP2;WDR75;UTP18;MPHOSPH10;NOL11,0.4523809523809524
1,1091,Ribonucleoprotein Complex Biogenesis (GO:0022613),46/118,1.8502837084344007e-25,cellular process,GO_Biological_Process_2023,9.836121308865688e-28,0.0,0.0,11.516507177033493,716.1692137958846,LTV1;PAK1IP1;WDR3;NIP7;MRPS12;HEATR1;FCF1;NAT10;SNU13;PWP2;WDR46;WDR43;RRP9;NOL6;RRP7A;FBL;EMG1;EXOSC10;BMS1;RRS1;UTP20;UTP15;NOP56;NOP14;WDR36;NOP58;NPM1;UTP6;UTP4;DIMT1;PNO1;KRR1;UTP3;NGDN;DNTTIP2;WDR75;URB2;WDR12;UTP18;GTPBP4;BOP1;EBNA1BP2;SHQ1;GRWD1;MRTO4;MPHOSPH10,0.3898305084745763
1,1091,Spindle (GO:0005819),60/210,4.752984936835761e-26,cellular anatomical structure,GO_Cellular_Component_2023,2.9249138072835457e-27,0.0,0.0,7.277982541222115,444.6594968509997,HNRNPU;BUB1B;KIF11;SPOUT1;CDC20;FAM110A;NUDCD2;NUSAP1;FBXO5;DLGAP5;CKAP2L;SPICE1;CKAP2;HAUS3;KIF23;KIF22;HASPIN;TUBG1;KNSTRN;CCSAP;PSRC1;KIF2A;FAM161A;ESPL1;INCENP;KIFC1;KIF2C;KIF20A;DCUN1D5;TTK;WDR62;HMMR;SKA3;SKA1;AURKB;SKA2;AURKA;TAF1D;RACGAP1;KATNA1;ECT2;FAM83D;SAC3D1;DR1;SPAG5;CBX3;CBX1;CDC7;CDC6;MZT1;TPX2;CENPE;CENPF;ZZZ3;PRC1;KIF4A;TACC3;CDK1;TUBGCP3;MAD2L1,0.2857142857142857
1,1091,DNA Metabolic Process (GO:0006259),72/288,3.829659091651236e-26,cellular process,GO_Biological_Process_2023,1.8096439889669157e-28,0.0,0.0,6.114818449460255,390.6100315356617,TOP2A;DCLRE1B;TOP2B;FEN1;MCM7;MCM8;NUDT1;HMGB2;HMGB3;MCM10;HPF1;TRIM28;ALKBH1;RUVBL2;RUVBL1;PCLAF;KMT5B;TOPBP1;KPNA2;WDHD1;ACTL6A;ATRX;RECQL;GLRX2;TERF1;SMC1A;TSN;SUPV3L1;RAD51C;NSMCE4A;GRWD1;TIMELESS;UBE2V2;MCM3;MCM4;MCM5;MCM6;DCTPP1;ASF1A;MCM2;PRIM2;SET;RNASEH2A;PDS5B;PDS5A;UNG;RECQL4;ORC5;RAD51AP1;ORC6;CDC45;ORC1;RAD21;TDG;HLTF;MBD4;POLQ;NPM1;DUT;TREX2;SMARCA5;DONSON;NOC3L;HINFP;TICRR;FAM111B;FAM111A;UBE2T;CDK1;RAD18;RAN;CENPS,0.25
1,1091,U2-type Precatalytic Spliceosome (GO:0071005),31/49,3.645933193402787e-26,protein-containing complex,GO_Cellular_Component_2023,2.0566802629451614e-27,0.0,0.0,30.692924528301887,1886.040445000413,SF3B5;SF3B2;SF3B3;SNU13;CWC27;SNRPD2;RBMX2;SNRPD1;SNRPD3;TXNL4A;SF3B1;SF3A3;IK;SF3A1;PRPF38A;LSM5;MAGOHB;LSM4;LSM3;LSM2;PRPF4;LSM7;PRPF6;PHF5A;PRPF3;SNRPG;SNRPA1;SNRPE;SNRPF;SNRNP200;SNRPB,0.6326530612244898
1,1091,Small-Subunit Processome (GO:0032040),37/73,2.586700822004879e-26,protein-containing complex,GO_Cellular_Component_2023,1.326513242053784e-27,0.0,0.0,18.403462998102466,1138.9395982653575,WDR3;MRPS12;HEATR1;FCF1;NAT10;SNU13;PWP2;WDR46;WDR43;RRP9;NOL6;RRP7A;FBL;EMG1;EXOSC10;PDCD11;BMS1;UTP20;UTP14A;DCAF13;UTP14C;UTP15;NOP56;WDR36;NOP14;NOP58;UTP6;UTP4;DIMT1;KRR1;PNO1;UTP3;NGDN;DNTTIP2;WDR75;UTP18;MPHOSPH10,0.5068493150684932
1,1091,Nuclear Chromosome (GO:0000228),39/95,1.5748822496914238e-23,cellular anatomical structure,GO_Cellular_Component_2023,1.0499214997942823e-24,0.0,0.0,12.48076792504074,689.1047185668953,TOP2A;SF3B3;MCM7;SUV39H1;NCAPG2;HNRNPU;NCAPG;SMC4;NCAPH;SMC2;NOL6;PSMC3IP;CDC45;RUVBL2;FIGNL1;RUVBL1;RRS1;RCC1;BRD8;GINS1;H2AZ1;GINS2;IK;PBRM1;NIFK;ACTR6;GINS3;NCAPH2;SMC1A;TUBG1;LRPPRC;MCM3;ANP32E;MCM4;MCM5;NCAPD2;MCM6;NCAPD3;MCM2,0.4105263157894737
1,1091,Microtubule Cytoskeleton (GO:0015630),54/342,1.3268972210096451e-11,cellular anatomical structure,GO_Cellular_Component_2023,1.633104272011871e-12,0.0,0.0,3.366863548698168,91.37848960251172,CEP57;KIF14;BUB1B;KIF11;KIF15;CDC20;NUDCD2;FBXO5;GTSE1;GAS2L3;CKAP2L;SPICE1;CKAP2;KIF23;KIF22;HASPIN;TUBG1;CCSAP;CKAP5;PSRC1;KIF2A;INCENP;KIFC1;KIF2C;KIF20A;KIF20B;DCUN1D5;CDCA8;TUBD1;TTK;HMMR;SKA1;AURKB;AURKA;CCNB2;SPAST;RACGAP1;KATNA1;FAM83D;CCT5;SAC3D1;CBX3;CBX1;TBCA;LRPPRC;MZT1;TPX2;CENPE;CENPF;KIF18A;PRC1;MAP6D1;TUBGCP3;TUBGCP4,0.15789473684210525
1,1091,Mitotic Spindle Assembly Checkpoint Signaling (GO:0007094),18/26,9.290582694904198e-16,cellular process,GO_Biological_Process_2023,1.6462934485949554e-17,0.0,0.0,39.63397017707363,1531.6714322701769,IK;ZWILCH;BUB1B;TTK;HASPIN;NDC80;ZWINT;CDC20;CENPF;NUF2;ZNF207;KNTC1;BUB3;TRIP13;BUB1;SPC24;MAD2L1;SPC25,0.6923076923076923
1,1091,DNA Replication Initiation (GO:0006270),12/21,3.4912308168707754e-09,cellular process,GO_Biological_Process_2023,1.2166722870370688e-10,0.0,0.0,23.35495829471733,533.1874254632681,ORC5;PRIM2;CDC45;ORC6;MCM7;ORC1;MCM3;MCM10;MCM5;NOC3L;TOPBP1;MCM2,0.5714285714285714
1,1091,Double-Strand Break Repair Via Homologous Recombination (GO:0000724),29/111,3.5693024401614194e-11,cellular process,GO_Biological_Process_2023,9.065564378437156e-13,0.0,0.0,6.269613246979928,173.850877562467,FEN1;MCM7;MCM8;NUCKS1;SMC5;SMC6;RAD54B;RAD51AP1;RECQL4;PPP4C;CDC45;RAD21;REV3L;GINS2;SLF1;SLF2;ATRX;NSMCE1;RECQL;CDC7;MMS22L;NSMCE4A;RAD51C;RFWD3;MCM3;MCM4;MCM5;MCM6;MCM2,0.26126126126126126
1,1091,RNA Export From Nucleus (GO:0006405),19/65,2.539026110475819e-08,localization,GO_Biological_Process_2023,9.598208568839482e-10,0.0,0.0,7.267946950032447,150.9136452042481,FYTTD1;CHTOP;NXT1;RBM8A;EIF4A3;THOC1;CASC3;THOC2;SMG7;THOC5;MAGOHB;THOC7;DDX39A;DDX39B;SARNP;MAGOH;HNRNPA2B1;SRSF3;RAN,0.2923076923076923
1,1091,DNA Duplex Unwinding (GO:0032508),18/41,3.7508596257131664e-11,None,GO_Biological_Process_2023,9.748247107582949e-13,0.0,0.0,13.774788281534908,380.9626900262149,GINS1;GINS2;MCM7;MCM8;DDX1;DDX11;GINS3;DDX12P;RECQL;RECQL4;SUPV3L1;CDC45;MCM3;MCM4;MCM5;MCM6;SSBP1;MCM2,0.43902439024390244
1,1091,U1 snRNP (GO:0005685),12/18,6.9845076971926e-11,protein-containing complex,GO_Cellular_Component_2023,8.95449704768282e-12,0.0,0.0,35.03799814643188,891.3269133509043,SNRPD2;SNRNP70;SNRPD1;SNRPG;LUC7L;LUC7L3;PRPF40A;SNRPE;SNRPD3;SNRPF;SNRPA;SNRPB,0.6666666666666666
1,1091,DNA Unwinding Involved In DNA Replication (GO:0006268),13/20,7.202332073427571e-11,None,GO_Biological_Process_2023,1.9143824176269385e-12,0.0,0.0,32.56374238006891,878.622719447631,GINS1;GINS2;MCM7;GINS3;RECQL;RECQL4;CDC45;MCM3;MCM4;MCM5;MCM6;SSBP1;MCM2,0.65
1,1091,Positive Regulation Of Chromosome Organization (GO:2001252),16/33,9.8387051870438e-11,biological regulation,GO_Biological_Process_2023,2.6732453550148546e-12,0.0,0.0,16.540191518467854,440.758522879843,FEN1;DDX11;NCAPH2;NCAPG2;ATRX;NCAPG;TERF1;SMC4;AURKB;NCAPH;SMC2;GNL3;RAD21;CDK1;NCAPD2;NCAPD3,0.48484848484848486
1,1091,Maturation Of SSU-rRNA (GO:0030490),17/38,1.0353169896674007e-10,cellular process,GO_Biological_Process_2023,2.874181837824444e-12,0.0,0.0,14.236765097100292,378.3456352158754,NOP14;UTP6;UTP4;UTP3;WDR3;HEATR1;NGDN;NAT10;SNU13;PWP2;WDR46;WDR43;NOB1;MPHOSPH10;TSR1;NOL11;DCAF13,0.4473684210526316
1,1091,Regulation Of DNA Metabolic Process (GO:0051052),30/124,1.1227354473402823e-10,biological regulation,GO_Biological_Process_2023,3.1831837845442146e-12,0.0,0.0,5.659554414743217,149.82617200060614,PIF1;SF3B5;ENY2;USP37;SF3B3;DSCC1;JADE1;NUCKS1;SMC5;SMC6;SMC3;ORC5;RUVBL2;RUVBL1;FBXO5;SUPT20H;KPNA2;SLF1;SLF2;ACTL6A;NSMCE1;THOC1;SMARCA5;ESCO2;NSMCE4A;UBE2V2;HNRNPD;TAF5;MPHOSPH8;TAF2,0.24193548387096775
1,1091,Positive Regulation Of Transcription By RNA Polymerase I (GO:0045943),16/34,1.6234251168512986e-10,biological regulation,GO_Biological_Process_2023,4.7945219044633744e-12,0.0,0.0,15.62046511627907,407.1247285891853,UTP15;DDX11;PIH1D1;HEATR1;SMARCA5;DDX21;WDR75;DEK;BAZ1B;PWP1;WDR43;DHX33;MYBBP1A;NOL11;LYAR;SF3B1,0.47058823529411764
1,1091,"Maturation Of SSU-rRNA From Tricistronic rRNA Transcript (SSU-rRNA, 5.8S rRNA, LSU-rRNA) (GO:0000462)",15/30,2.4368302378994805e-10,cellular process,GO_Biological_Process_2023,7.340717196271323e-12,0.0,0.0,17.559479553903344,450.182642022936,NOP14;UTP6;UTP4;UTP3;HEATR1;NGDN;RPP40;PWP2;WDR46;WDR43;BMS1;RRS1;TSR1;UTP20;DCAF13,0.5
1,1091,Heterochromatin (GO:0000792),18/49,2.756284676220988e-10,cellular anatomical structure,GO_Cellular_Component_2023,3.675046234961317e-11,0.0,0.0,10.215675074407,245.45070013581852,H2AZ1;HELLS;CBX5;UHRF1;CBX3;SUV39H1;CBX2;ATRX;CBX1;SMARCA5;BAZ1B;WDR76;CENPC;INCENP;TASOR;BEND3;NCAPD3;MPHOSPH8,0.3673469387755102
1,1091,CMG Complex (GO:0071162),9/10,2.8472815967048726e-10,protein-containing complex,GO_Cellular_Component_2023,3.9423899031298227e-11,0.0,0.0,157.275415896488,3767.7919206676975,GINS1;GINS2;MCM7;GINS3;MCM3;MCM4;MCM5;MCM6;MCM2,0.9
1,1091,Mitotic Sister Chromatid Cohesion (GO:0007064),13/19,2.8429941361868887e-11,cellular process,GO_Biological_Process_2023,7.052909256931443e-13,0.0,0.0,37.9930426716141,1063.0516414298752,NAA50;CDCA5;DSCC1;ESCO2;PDS5B;HASPIN;PDS5A;SMC1A;SMC3;SGO1;STAG1;STAG2;RAD21,0.6842105263157895
1,1091,Single-Stranded DNA Binding (GO:0003697),26/96,5.378544053480511e-10,binding,GO_Molecular_Function_2023,5.559218659928177e-12,0.0,0.0,6.570274983232729,170.27237884483696,MCM7;MCM8;HMGB2;HNRNPU;MCM10;NUCKS1;SMC5;SMC6;RAD51AP1;RECQL4;CDC45;DDX11;RECQL;WBP11;RAD23B;MMS22L;FAM111A;TDP2;FUBP1;MCM3;MCM4;MCM5;MCM6;SSBP1;HROB;MCM2,0.2708333333333333
1,1091,snoRNA Binding (GO:0030515),15/31,9.820907249865483e-10,binding,GO_Molecular_Function_2023,1.3506776353058422e-11,0.0,0.0,16.461140799256505,411.9866270168668,NOP56;NOP14;NOP58;UTP6;NUFIP1;WDR3;HEATR1;NUDT1;DDX21;SNU13;RRP9;DKC1;NHP2;SDE2;TSR1,0.4838709677419355
1,1091,mRNA Export From Nucleus (GO:0006406),20/62,1.5361161979478347e-09,localization,GO_Biological_Process_2023,4.7181359889714945e-11,0.0,0.0,8.388688808856877,199.45804019586524,FYTTD1;ENY2;CHTOP;NXT1;RBM8A;EIF4A3;THOC1;CASC3;THOC2;SMG7;THOC5;MAGOHB;THOC7;DDX19A;DDX39A;DDX39B;SARNP;MAGOH;HNRNPA2B1;SRSF3,0.3225806451612903
1,1091,Positive Regulation Of Chromosome Separation (GO:1905820),10/13,1.7617215996211075e-09,biological regulation,GO_Biological_Process_2023,5.515135545181259e-11,0.0,0.0,58.297872340425535,1377.0505326121613,INCENP;NCAPH2;NCAPG2;CDCA8;NCAPG;NCAPD2;NCAPD3;SMC4;NCAPH;SMC2,0.7692307692307693
1,1091,Regulation Of Translation (GO:0006417),37/202,2.2541942957746582e-09,biological regulation,GO_Biological_Process_2023,7.189987712453132e-11,0.0,0.0,3.9878557874762808,93.13934909084432,DDX1;EIF4A3;NOLC1;NAT10;BZW2;MRPL13;GSPT1;SYNCRIP;TCOF1;ALKBH1;EIF4H;METTL5;PAIP2;GCN1;PAIP1;EIF5B;NPM1;SSB;IFRD2;METTL3;UPF3B;UPF3A;ELP3;PASK;LARP4;PUS7;PUM3;LRPPRC;DHFR;ILF3;EPRS1;SERBP1;HNRNPD;GEMIN5;ETF1;CNOT9;EIF3B,0.18316831683168316
1,1091,Metaphase Plate Congression (GO:0051310),18/51,2.461824977443602e-09,localization,GO_Biological_Process_2023,7.997659406934324e-11,0.0,0.0,9.595526561043805,223.0891518760731,CDCA5;KIF14;SPICE1;CDCA8;KIF22;NDC80;CENPE;CENPF;KIF18A;PSRC1;INCENP;KIFC1;RRS1;KIF2C;SPDL1;FAM83D;CENPQ;CEP55,0.35294117647058826
1,1091,mRNA Transport (GO:0051028),19/58,3.2122027531394604e-09,localization,GO_Biological_Process_2023,1.0625124286816877e-10,0.0,0.0,8.575631458094145,196.9412168566276,FYTTD1;SLBP;CHTOP;NXT1;RBM8A;EIF4A3;THOC1;CASC3;THOC2;SMG7;THOC5;MAGOHB;THOC7;DDX39A;DDX39B;SARNP;MAGOH;HNRNPA2B1;SRSF3,0.3275862068965517
1,1091,Regulation Of DNA-templated DNA Replication (GO:0090329),11/17,3.288303754926015e-09,biological regulation,GO_Biological_Process_2023,1.1071075843519365e-10,0.0,0.0,32.088425925925925,735.5982878308151,CDT1;TIPIN;MCM7;MCM3;METTL4;MCM4;WRNIP1;MCM5;MCM6;TICRR;MCM2,0.6470588235294118
1,1091,Double-Strand Break Repair (GO:0006302),33/168,3.297145031926474e-09,cellular process,GO_Biological_Process_2023,1.1295594320834938e-10,0.0,0.0,4.337618147448016,99.34890692632533,DCLRE1B;DCLRE1A;FEN1;MCM8;ATP23;CDCA5;DDX1;HMGB2;NUCKS1;SMC5;SMC6;PRPF19;RAD54B;RAD51AP1;RECQL4;HPF1;PPP4C;RAD21;NSD2;REV3L;POLQ;SLF1;SLF2;ZGRF1;NSMCE1;RECQL;MMS22L;NSMCE4A;RAD51C;TDP2;RFWD3;UBE2V2;TRIP13,0.19642857142857142
1,1091,RNA Metabolic Process (GO:0016070),26/111,5.3913975746149e-09,cellular process,GO_Biological_Process_2023,1.9107138480619847e-10,0.0,0.0,5.406506489919912,120.98882434738748,RNASEH2B;RNASEH2A;NUFIP1;DHX8;FASTKD2;HNRNPU;LAGE3;TBRG4;SYNCRIP;RNASEH1;EXOSC10;ALKBH1;PAPOLA;MTREX;THOC1;DNTTIP2;TFIP11;HNRNPL;SUPV3L1;PRPF4;SNRNP40;HNRNPK;DDX39B;DKC1;HNRNPD;MPHOSPH10,0.23423423423423423
1,1091,Protein Localization To Kinetochore (GO:0034501),9/11,5.7251588892758624e-09,localization,GO_Biological_Process_2023,2.0628156659529092e-10,0.0,0.0,78.63354898336414,1753.668035522503,MTBP;IK;ZWILCH;CDK1;KNTC1;TTK;BUB3;KNL1;SPDL1,0.8181818181818182
1,1091,Mitotic Chromosome Condensation (GO:0007076),10/15,1.4176536076317352e-08,cellular process,GO_Biological_Process_2023,5.236503112324114e-10,0.0,0.0,34.975023126734506,747.4231342754042,CDCA5;NCAPH2;NUSAP1;NCAPG;NCAPD2;KMT5A;NCAPD3;SMC4;NCAPH;SMC2,0.6666666666666666
1,1091,Mitotic Metaphase Plate Congression (GO:0007080),17/50,1.4176536076317352e-08,localization,GO_Biological_Process_2023,5.275379638558731e-10,0.0,0.0,9.054003724394786,193.4188733327825,CDT1;CDCA5;MIS12;KIF14;CDCA8;KIF22;NDC80;CENPC;CENPE;KIF18A;PSRC1;KIFC1;NUF2;RRS1;KIF2C;SPDL1;CEP55,0.34
1,1091,Microtubule Binding (GO:0008017),42/239,9.820907249865483e-10,binding,GO_Molecular_Function_2023,1.5226212790489123e-11,0.0,0.0,3.803012779877379,94.72545239032118,CEP57;CETN3;KIF14;SKA1;SKA2;KIF15;SPAST;RACGAP1;KATNA1;NUSAP1;ZNF207;FAM83D;GTSE1;DLGAP5;GAS2L3;SPAG5;RCC2;NDE1;KIF23;HAUS6;KIF22;TERF1;KNSTRN;CCSAP;CKAP5;LRPPRC;CENPE;KIF18A;KIF18B;PSRC1;KIF2A;FAM161A;CEP57L1;KIFC1;PRC1;MAP6D1;KIF2C;TUBGCP3;KIF20A;TUBGCP4;KIF20B;SPC24,0.17573221757322174
1,1091,Mitotic Spindle Assembly (GO:0090307),19/44,1.3538685606770585e-11,cellular process,GO_Biological_Process_2023,3.278712993960981e-13,0.0,0.0,13.387910447761191,384.850952116316,BCCIP;SPICE1;CDCA8;KIF23;KIF11;SMC3;SMC1A;AURKB;MZT1;TPX2;STAG1;STAG2;RACGAP1;KIF2A;INCENP;KIFC1;PRC1;KIF4A;ZNF207,0.4318181818181818
1,1091,Centromere Complex Assembly (GO:0034508),11/14,1.309879233466316e-10,None,GO_Biological_Process_2023,3.791144857640253e-12,0.0,0.0,64.18703703703704,1688.0133624653777,CENPE;CENPF;CENPW;MIS18A;NASP;CENPI;MIS12;HJURP;OIP5;DLGAP5;CENPC,0.7857142857142857
1,1091,Mitochondrial Ribosome (GO:0005761),11/22,3.4116847998486833e-08,cellular anatomical structure,GO_Cellular_Component_2023,4.8988294561929804e-09,0.0,0.0,17.498148148148147,334.81428323753795,MRPL20;MRPL40;MRPL51;MRPS22;MRPS12;MRPL39;MRPL37;MRPL48;MRPL13;MRPL57;MRPL43,0.5
1,1091,Nuclear Chromosome Segregation (GO:0098813),10/16,3.4586977547254666e-08,cellular process,GO_Biological_Process_2023,1.3279111285124355e-09,0.0,0.0,29.14431082331175,595.6997665501083,TOP2A;TOP2B;CENPF;INCENP;SPICE1;KIF2C;KIF22;FAM83D;CENPQ;NDC80,0.625
1,1091,Regulation Of Chromosome Condensation (GO:0060623),7/7,3.565655431798241e-08,biological regulation,GO_Biological_Process_2023,1.4110981330802251e-09,0.0,0.0,132363.0,2697412.0253967927,NCAPH2;NCAPG2;NCAPG;NCAPD3;SMC4;NCAPH;SMC2,1.0
1,1091,Positive Regulation Of Chromosome Condensation (GO:1905821),7/7,3.565655431798241e-08,biological regulation,GO_Biological_Process_2023,1.4110981330802251e-09,0.0,0.0,132363.0,2697412.0253967927,NCAPH2;NCAPG2;NCAPG;NCAPD3;SMC4;NCAPH;SMC2,1.0
1,1091,protein-DNA Complex Organization (GO:0071824),18/60,4.1352223822112345e-08,cellular process,GO_Biological_Process_2023,1.6609280684605071e-09,0.0,0.0,7.535747570230328,152.3418387736323,SUV39H2;CBX5;CBX3;SUV39H1;ATRX;CBX1;HMGB2;HNRNPU;NUCKS1;HMGN4;HIRIP3;ZZZ3;TRIM28;MTF2;HMGN2;EZH2;FAM50A;PHF19,0.3
1,1091,Nucleosome Assembly (GO:0006334),17/54,5.037315962084871e-08,cellular process,GO_Biological_Process_2023,2.053011230855618e-09,0.0,0.0,8.073481302531581,161.50158273412669,SUPT16H;NPM1;ATRX;HMGB2;SMARCA5;RSF1;SSRP1;NAP1L4;CHAF1B;CHAF1A;SART3;NASP;GRWD1;HAT1;DNAJC9;ASF1A;ASF1B,0.3148148148148148
2,881,Cilium Movement (GO:0003341),18/59,6.427084403305105e-08,cellular process,GO_Biological_Process_2023,3.8624305308323937e-11,0.0,0.0,9.705338721985134,232.7062591353248,CLXN;ODAD1;DNAI4;CFAP61;SPAG17;ODAD3;ODAD2;CFAP73;SPAG6;DNAAF11;DNAAF6;RSPH9;NME5;CFAP100;TEKT1;HYDIN;PIERCE2;CFAP53,0.3050847457627119
3,929,External Encapsulating Structure Organization (GO:0045229),30/110,7.279810648495739e-13,cellular process,GO_Biological_Process_2023,1.5429865723814625e-15,0.0,0.0,7.921718576195773,270.17065980717234,COL15A1;COL16A1;ECM2;COL13A1;COL14A1;COL11A1;NDNF;ADAMTS5;ADAMTS2;ADAMTS1;SPOCK2;POSTN;MIA;NPNT;COLQ;MMP11;SMOC2;CCDC80;SPINT1;MMP16;COL7A1;SMOC1;COL5A2;PXDN;COL8A1;TGFBI;MATN4;RECK;MATN3;MATN2,0.2727272727272727
3,929,Basement Membrane (GO:0005604),17/46,5.657561053942106e-10,cellular anatomical structure,GO_Cellular_Component_2023,9.256436064891115e-12,0.0,0.0,12.239640048396854,310.95664784722817,COL15A1;DST;TNC;P3H2;NID1;NID2;THBS4;COLQ;LOXL2;SMOC2;EFEMP2;CCDC80;FRAS1;SMOC1;PXDN;AGRN;FBN1,0.3695652173913043
3,929,Extracellular Matrix Organization R-HSA-1474244,81/291,5.566017692674063e-38,Extracellular matrix organization,Reactome_2022,1.1336084913796463e-40,0.0,0.0,8.578958894878706,789.0754625290007,DDR1;COL18A1;SPARC;COL16A1;COL14A1;COL12A1;LOXL3;PLOD3;PLOD2;ICAM5;CTSV;PLOD1;LOXL1;HAPLN1;LOXL2;COMP;ADAMTS5;EFEMP2;ADAMTS2;EFEMP1;CAPN6;ADAMTS1;CAPN5;TIMP2;CAPN3;COL27A1;DST;P3H2;P3H1;PCOLCE;ADAM19;MMP11;VCAN;MMP16;LOX;CEACAM6;COL6A2;PXDN;ADAM12;COL6A1;COL8A1;COL21A1;COL6A3;MATN4;MATN3;DDR2;PLEC;FBN2;COL15A1;TNXB;COL13A1;PCOLCE2;TMPRSS6;COL11A1;HTRA1;LTBP4;NTN4;LRP4;FBLN1;LTBP3;NID1;FBLN2;NID2;KLK7;FBLN5;SPOCK3;SERPINH1;DMD;CRTAP;LUM;MFAP5;MFAP4;BMP1;P4HA2;COL7A1;MFAP3;COL5A2;MFAP2;SDC1;AGRN;FBN1,0.27835051546391754
3,929,Collagen Formation R-HSA-1474290,35/90,2.8557310046190066e-21,Extracellular matrix organization,Reactome_2022,1.163230551779636e-23,0.0,0.0,13.53589587146634,714.807054994091,COL18A1;COL15A1;COL16A1;COL13A1;PCOLCE2;COL14A1;COL11A1;COL12A1;LOXL3;PLOD3;PLOD2;CTSV;PLOD1;LOXL1;LOXL2;ADAMTS2;SERPINH1;CRTAP;COL27A1;DST;P3H2;P3H1;PCOLCE;BMP1;LOX;P4HA2;COL6A2;COL7A1;COL6A1;PXDN;COL5A2;COL21A1;COL6A3;COL8A1;PLEC,0.3888888888888889
3,929,Collagen Biosynthesis And Modifying Enzymes R-HSA-1650814,27/67,8.020345020140456e-17,Extracellular matrix organization,Reactome_2022,4.900414472590911e-19,0.0,0.0,14.24160199556541,600.4230487902466,COL18A1;COL15A1;COL16A1;COL13A1;PCOLCE2;COL14A1;COL11A1;COL12A1;PLOD3;PLOD2;PLOD1;ADAMTS2;SERPINH1;CRTAP;COL27A1;P3H2;P3H1;PCOLCE;BMP1;P4HA2;COL6A2;COL7A1;COL6A1;COL5A2;COL21A1;COL6A3;COL8A1,0.40298507462686567
3,929,Regulation Of IGF Transport And Uptake By IGFBPs R-HSA-381426,31/123,7.089981715465468e-13,Metabolism of proteins,Reactome_2022,5.775952517690808e-15,0.0,0.0,7.121489784061199,233.47856396302387,SERPINA1;ITIH2;MSLN;CHRDL1;PRSS23;FSTL1;FSTL3;CST3;EVA1A;STC2;IGFBP7;QSOX1;IGFBP6;AMELX;IGFBP5;IGFBP4;IGFBP2;CP;VCAN;PAPPA;MXRA8;CALU;SPARCL1;FAM20C;VWA1;SCG3;MELTF;MFGE8;SCG2;MATN3;FBN1,0.25203252032520324
3,929,Post-translational Protein Phosphorylation R-HSA-8957275,28/106,3.238819977602524e-12,Metabolism of proteins,Reactome_2022,3.2981873499007375e-14,0.0,0.0,7.5671476137624865,234.9055882134473,SERPINA1;ITIH2;MSLN;CHRDL1;PRSS23;FSTL1;FSTL3;CST3;EVA1A;STC2;IGFBP7;QSOX1;AMELX;IGFBP5;IGFBP4;CP;VCAN;MXRA8;CALU;SPARCL1;FAM20C;VWA1;SCG3;MELTF;MFGE8;SCG2;MATN3;FBN1,0.2641509433962264
3,929,Elastic Fibre Formation R-HSA-1566948,17/39,2.965444921713729e-11,Extracellular matrix organization,Reactome_2022,3.671112411069941e-13,0.0,0.0,16.140001993620416,462.1384764272632,FBN2;LOXL3;LTBP4;FBLN1;LTBP3;FBLN2;FBLN5;LOXL1;LOXL2;MFAP5;MFAP4;EFEMP2;EFEMP1;LOX;MFAP3;MFAP2;FBN1,0.4358974358974359
3,929,Assembly Of Collagen Fibrils And Other Multimeric Structures R-HSA-2022090,20/57,2.965444921713729e-11,Extracellular matrix organization,Reactome_2022,4.227721884316925e-13,0.0,0.0,11.318645378051318,322.4901980722264,COL18A1;COL15A1;COL27A1;DST;COL11A1;LOXL3;PCOLCE;CTSV;LOXL1;LOXL2;BMP1;LOX;COL6A2;COL7A1;COL6A1;PXDN;COL5A2;COL6A3;COL8A1;PLEC,0.3508771929824561
3,929,Collagen Chain Trimerization R-HSA-8948216,15/44,3.600295677684425e-08,Extracellular matrix organization,Reactome_2022,5.866062203966476e-10,0.0,0.0,10.77605070550064,229.06292525053908,COL18A1;COL15A1;COL16A1;COL27A1;COL13A1;COL14A1;COL11A1;COL12A1;COL6A2;COL7A1;COL5A2;COL6A1;COL21A1;COL6A3;COL8A1,0.3409090909090909
3,929,Platelet Degranulation R-HSA-114608,23/125,7.566460526073882e-07,Hemostasis,Reactome_2022,1.3869275913373714e-08,0.0,0.0,4.721107648357356,85.42178523454277,ECM1;SPARC;SERPINA1;WDR1;PCDH7;ANXA5;ENDOD1;RAB27B;LHFPL2;ISLR;CLEC3B;SCCPDH;MMRN1;CD109;SELENOP;CALU;PHACTR2;TIMP3;CD9;SCG3;TAGLN2;MAGED2;QSOX1,0.184
3,929,Molecules Associated With Elastic Fibres R-HSA-2129379,11/28,1.0430842996458875e-06,Extracellular matrix organization,Reactome_2022,2.124407942252317e-08,0.0,0.0,13.43034730231962,237.27646526692317,MFAP5;MFAP4;EFEMP2;EFEMP1;MFAP3;MFAP2;LTBP4;FBLN1;LTBP3;FBLN2;FBLN5,0.39285714285714285
3,929,Degradation Of Extracellular Matrix R-HSA-1474228,21/109,1.1329220214867148e-06,Extracellular matrix organization,Reactome_2022,2.538114508422376e-08,0.0,0.0,4.9890243291950345,87.25433993824159,COL18A1;COL15A1;COL16A1;COL13A1;COL14A1;TMPRSS6;COL12A1;HTRA1;CTSV;NID1;KLK7;ADAMTS5;MMP11;BMP1;CAPN6;MMP16;ADAMTS1;CAPN5;SPOCK3;TIMP2;CAPN3,0.1926605504587156
3,929,Response To Elevated Platelet Cytosolic Ca2+ R-HSA-76005,23/130,1.2249923268689036e-06,Hemostasis,Reactome_2022,2.9938712672967096e-08,0.0,0.0,4.4993088650945925,77.94653725146942,ECM1;SPARC;SERPINA1;WDR1;PCDH7;ANXA5;ENDOD1;RAB27B;LHFPL2;ISLR;CLEC3B;SCCPDH;MMRN1;CD109;SELENOP;CALU;PHACTR2;TIMP3;CD9;SCG3;TAGLN2;MAGED2;QSOX1,0.17692307692307693
3,929,Crosslinking Of Collagen Fibrils R-HSA-2243919,7/10,1.8287168796452912e-06,Extracellular matrix organization,Reactome_2022,4.8418165856188977e-08,0.0,0.0,48.25596529284165,812.7940802195258,BMP1;LOX;PXDN;LOXL3;PCOLCE;LOXL1;LOXL2,0.7
3,929,Extracellular Vesicle (GO:1903561),14/60,6.405815952116676e-06,cellular anatomical structure,GO_Cellular_Component_2023,4.646705872001734e-07,0.0,0.0,6.328106438583987,92.27605003072038,SLC12A2;SERPINE2;COL12A1;FBLN2;EFEMP2;OLFML3;COL6A2;COL6A3;HAS2;CD9;CTSF;MFGE8;PROM1;EDIL3,0.23333333333333334
3,929,Adherens Junction (GO:0005912),23/150,6.405815952116676e-06,cellular anatomical structure,GO_Cellular_Component_2023,4.452027960885438e-07,0.0,0.0,3.786758443274061,55.38034229024892,CXADR;NIBAN2;ANXA2;CTNND2;PTPRM;LDB3;KLHL24;PVR;NDRG1;CDH6;MYO1E;FRMD5;PDLIM3;KRT18;TRIM29;CDH11;PKP2;PKP1;DCHS1;STXBP6;PDLIM5;PDLIM4;JCAD,0.15333333333333332
3,929,Metal Ion Binding (GO:0046872),53/521,8.158828687661739e-06,binding,GO_Molecular_Function_2023,7.589608081545805e-08,0.0,0.0,2.4049657534246576,39.42676996508281,SPARC;TCHH;PLOD3;CLGN;LOXL2;CDH6;COMP;CALB2;ANXA6;ENPP2;CAPN3;ANXA8;TGM2;POSTN;ANXA2;S100A2;TPM4;ANXA3;CEMIP2;ANXA4;TESC;ANXA5;MYOF;EML1;PLSCR3;VSNL1;PLSCR4;CDH11;FSCN1;S100A6;SPARCL1;FKBP9;DSC2;DDR2;ATP10D;LTBP4;FBLN1;THBS4;CLEC3B;SPOCK2;S100A13;SPOCK1;S100A14;AIF1L;SMOC2;GJB2;CALU;DCHS1;S100P;ANXA2P2;AGRN;PAM;FBN1,0.1017274472168906
3,929,Regulation Of Cell Migration (GO:0030334),49/434,2.643117720894243e-06,biological regulation,GO_Biological_Process_2023,8.96351918912842e-09,0.0,0.0,2.702520661157025,50.07798599582388,CLIC4;SERPINE2;FAM107A;TNC;LDLRAD4;LDB2;VSIR;DPYSL3;ENPP2;EMILIN2;CTSH;PLXNC1;SERPINB3;IGFBP5;LIMCH1;TPM1;KRT5;CLDN4;FRMD5;CEACAM6;CDH11;MMRN2;LRRC15;MACF1;GRN;CEMIP;TNXB;SEMA3C;SEMA3B;SEMA3G;TWIST2;STC1;NEDD9;NEXN;THY1;SEMA3F;PODXL;PDPN;HAS2;NTNG1;NTNG2;SEMA4B;SULF1;IGSF10;DAB2;KRT16;PLXNB2;AMOTL2;RECK,0.11290322580645161
3,929,Extracellular Structure Organization (GO:0043062),30/109,6.919274708139849e-13,cellular process,GO_Biological_Process_2023,1.173255567297982e-15,0.0,0.0,8.022415905154814,275.80258806053035,COL15A1;COL16A1;ECM2;COL13A1;COL14A1;COL11A1;NDNF;ADAMTS5;ADAMTS2;ADAMTS1;SPOCK2;POSTN;MIA;NPNT;COLQ;MMP11;SMOC2;CCDC80;SPINT1;MMP16;COL7A1;SMOC1;COL5A2;PXDN;COL8A1;TGFBI;MATN4;RECK;MATN3;MATN2,0.27522935779816515
3,929,Collagen Fibril Organization (GO:0030199),20/42,2.738798243880172e-13,cellular process,GO_Biological_Process_2023,3.482999038423278e-16,0.0,0.0,19.05090509050905,678.0877763778583,COL18A1;CRTAP;COL27A1;COL14A1;LUM;COL11A1;COL12A1;LOXL3;DPT;PLOD3;LOXL1;LOXL2;GREM1;ADAMTS2;BMP1;LOX;COL5A2;PXDN;SERPINH1;DDR2,0.47619047619047616
3,929,Supramolecular Fiber Organization (GO:0097435),55/316,1.910367274099865e-14,cellular process,GO_Biological_Process_2023,1.6196416058498226e-17,0.0,0.0,4.535232383808096,175.33998291369844,COL18A1;COL14A1;COL12A1;LOXL3;TCHH;KRT23;PLOD3;LOXL1;LOXL2;EFEMP2;ADAMTS2;CAPN3;PRSS8;KRT6B;KRT6A;COL27A1;TPM4;TPM2;TPM1;KRT7;KRT34;KRT5;RHOF;SERPINB8;CLIP3;GREM1;LOX;PXDN;TAGLN2;TAGLN3;DDR2;TNXB;COL11A1;DPT;LTBP2;KRT86;FBLN5;CST3;CNN1;SERPINH1;CRTAP;LUM;KRT13;KLHL24;MYO1D;MFAP4;MYO1E;MARCKS;MYO1B;BMP1;KRT17;KRT16;KRT15;KRT14;COL5A2,0.17405063291139242
3,929,Endoplasmic Reticulum Lumen (GO:0005788),52/284,1.2852218226651862e-15,cellular anatomical structure,GO_Cellular_Component_2023,1.3318360856634053e-17,0.0,0.0,4.8147485550269336,187.0885530870176,COL18A1;SPON1;SERPINA1;COL16A1;COL14A1;COL12A1;TNC;MSLN;CHRDL1;PRSS23;ADAMTS5;EVA1A;QSOX1;CTSC;COL27A1;IGFBP5;IGFBP4;P3H2;P3H1;SELENOM;VCAN;COL6A2;EOGT;COL6A1;MXRA8;COL8A1;SPARCL1;COL21A1;FAM20C;VWA1;COL6A3;MFGE8;MATN3;COL15A1;ITIH2;COL13A1;COL11A1;FSTL1;FSTL3;CST3;STC2;SERPINH1;IGFBP7;AMELX;CRTAP;CP;P4HA2;COL7A1;COL5A2;CALU;MELTF;FBN1,0.18309859154929578
3,929,Extracellular Matrix Organization (GO:0030198),55/176,2.2286853651620088e-27,cellular process,GO_Biological_Process_2023,9.447585269868626e-31,0.0,0.0,9.855419180361972,681.3482818718531,COL18A1;COL16A1;ECM2;COL14A1;ELN;COL12A1;LOXL3;PLOD3;CTSV;LOXL1;LOXL2;ADAMTS5;ADAMTS2;ADAMTS1;QSOX1;POSTN;COL27A1;MIA;NPNT;GREM1;MMP11;CCDC80;LOX;SPINT1;MMP16;PXDN;COL8A1;MATN4;MATN3;DDR2;MATN2;COL15A1;COL13A1;TMPRSS6;COL11A1;DPT;NDNF;NID1;NID2;KLK7;FLRT2;SPOCK2;SERPINH1;HAS2;GPM6B;CRTAP;LUM;COLQ;SMOC2;BMP1;COL7A1;SMOC1;COL5A2;TGFBI;RECK,0.3125
3,929,Collagen-Containing Extracellular Matrix (GO:0062023),119/373,7.447477064383924e-65,None,GO_Cellular_Component_2023,3.858796406416541e-67,0.0,0.0,10.883751336638475,1664.374228548932,SPON1;SPARC;COL16A1;SERPINE2;COL12A1;LOXL3;TNC;LOXL1;LOXL2;COMP;EFEMP2;EFEMP1;TGM2;POSTN;COL27A1;SERPINF1;P3H2;P3H1;PCOLCE;NPNT;ADAM19;CCDC80;LOX;S100A6;COL8A1;MXRA7;MXRA5;FREM2;FBN2;COL13A1;HTRA1;LTBP4;DPT;FBLN1;LTBP2;AEBP1;NID1;FBLN2;NID2;FBLN5;SERPINH1;IGFBP7;NDP;AMELX;PRG4;COL5A2;TGFBI;FBN1;COL18A1;SRPX;ECM1;SERPINA1;TINAGL1;COL14A1;ELN;TGFB1I1;HAPLN1;ADAMTS1;ANXA6;TIMP2;CTSH;TIMP3;EMILIN2;ANXA8;CTSF;EDIL3;CTSC;SBSPON;SERPINB1;ANXA2;DST;ANXA4;ANXA5;SERPINB8;SERPINB6;GREM1;VCAN;MMRN1;COL6A2;PXDN;COL6A1;MMRN2;ANGPTL2;COL21A1;VWA1;COL6A3;MFGE8;MATN4;MATN3;MATN2;ITIH5;CSTB;LRRC15;COL15A1;TNXB;ITIH2;COL11A1;C17ORF58;SEMA3B;THBS2;THBS4;CLEC3B;SRPX2;ABI3BP;CTHRC1;GDF10;LUM;SULF1;KAZALD1;COLQ;MFAP5;SMOC2;MFAP4;FRAS1;SMOC1;COL7A1;MFAP2;MGP;AGRN,0.3190348525469169
3,929,Cell-Substrate Junction (GO:0030055),52/395,5.657561053942106e-10,cellular anatomical structure,GO_Cellular_Component_2023,1.1725515137703847e-11,0.0,0.0,3.237434801253944,81.48381839248569,TES;TGFB1I1;FHL1;FAM107A;TNC;FHL2;PVR;RND3;MRC2;AKAP12;ALCAM;CSRP2;ADGRE5;CAPN5;ANXA6;PRSS8;SCARF2;TNS3;TNS1;TGM2;TPM4;DST;MME;ANXA5;PALLD;PHLDB2;DDR2;PLEC;FBLN7;AHNAK;FBLIM1;SYNPO2;NEDD9;NEXN;THY1;LPP;LIMA1;CNN1;EFS;FLRT2;EPB41L2;DMD;CD59;SVIL;LAYN;IGF2R;AIF1L;DAB2;MARCKS;ITGBL1;CD9;SNTB1,0.13164556962025317
3,929,Focal Adhesion (GO:0005925),51/387,6.889732594001454e-10,cellular anatomical structure,GO_Cellular_Component_2023,1.7849048170988218e-11,0.0,0.0,3.2388443703221608,80.1583890616584,TES;TGFB1I1;FHL1;FAM107A;TNC;FHL2;PVR;RND3;MRC2;AKAP12;ALCAM;CSRP2;ADGRE5;CAPN5;ANXA6;PRSS8;SCARF2;TNS3;TNS1;TGM2;TPM4;DST;MME;ANXA5;PALLD;PHLDB2;DDR2;PLEC;FBLN7;AHNAK;FBLIM1;SYNPO2;NEDD9;NEXN;THY1;LPP;LIMA1;CNN1;EFS;FLRT2;EPB41L2;CD59;SVIL;LAYN;IGF2R;AIF1L;DAB2;MARCKS;ITGBL1;CD9;SNTB1,0.13178294573643412
3,929,Calcium Ion Binding (GO:0005509),48/346,4.870198896333948e-09,binding,GO_Molecular_Function_2023,1.1326043944962669e-11,0.0,0.0,3.4322802794262164,86.50690477178,SPARC;LTBP4;TCHH;FBLN1;THBS4;CLGN;LOXL2;CDH6;COMP;CALB2;CLEC3B;SPOCK2;S100A13;ANXA6;ENPP2;CAPN3;SPOCK1;ANXA8;S100A14;TGM2;ANXA2;S100A2;TPM4;ANXA3;CEMIP2;ANXA4;TESC;ANXA5;MYOF;EML1;AIF1L;SMOC2;GJB2;PLSCR3;VSNL1;PLSCR4;CDH11;CALU;S100A6;SPARCL1;DCHS1;FKBP9;ANXA2P2;AGRN;PAM;DSC2;DDR2;FBN1,0.13872832369942195
3,929,Intermediate Filament (GO:0005882),19/69,6.452621312585185e-09,cellular anatomical structure,GO_Cellular_Component_2023,2.0059962629798503e-10,0.0,0.0,7.942835164835165,177.361206629255,MACF1;SYNM;DST;KRT8;KRT13;KRT7;KRT5;KRT86;PPL;KRT18;KRT17;KRT16;MICAL1;KRT14;PKP2;PKP1;KRT6B;KRT6A;PLEC,0.2753623188405797
3,929,Extracellular Matrix Assembly (GO:0085029),9/17,4.407733953156543e-06,cellular process,GO_Biological_Process_2023,1.6816280448668455e-08,0.0,0.0,23.31073369565217,417.2835404586579,MFAP4;EFEMP2;TNXB;ELN;PXDN;HAS2;QSOX1;FBLN5;GPM6B,0.5294117647058824
3,929,Cell-Cell Junction (GO:0005911),41/299,1.4397333492020973e-08,cellular anatomical structure,GO_Cellular_Component_2023,5.22183080021486e-10,0.0,0.0,3.366737376911796,71.95728759074267,CLIC4;COL13A1;AHNAK;WDR1;CTNND2;PTPRM;LDB3;AQP3;PVR;NDRG1;TMEM47;CDH6;PDLIM3;PDZD2;FLRT2;TRIM29;CCN3;STXBP6;PCDH1;PDLIM5;PDLIM4;CXADR;NIBAN2;CADM1;ANXA2;HEG1;KLHL24;MYO1E;CLDN4;GJB2;FRMD5;KRT18;GJB3;CDH11;FSCN1;PKP2;PKP1;DCHS1;STEAP1;DSC2;JCAD,0.13712374581939799
3,929,Endopeptidase Inhibitor Activity (GO:0004866),25/112,9.41630672360739e-09,molecular function regulator activity,GO_Molecular_Function_2023,4.379677545863903e-11,0.0,0.0,6.0344827586206895,143.93122969521886,CSTB;SERPINA1;ITIH2;SERPINE2;SPINT2;TFPI;WFDC2;CST3;SPOCK2;SPOCK3;SERPINH1;TIMP2;TIMP3;SPOCK1;SERPINB3;SERPINB1;SPINK1;ANXA2;SERPINF1;TFPI2;SERPINB8;SERPINB6;SPINT1;SERPINI1;RECK,0.22321428571428573
3,929,Negative Regulation Of Endopeptidase Activity (GO:0010951),17/66,1.8653242755938616e-06,biological regulation,GO_Biological_Process_2023,5.535086871198403e-09,0.0,0.0,7.236260293591121,137.57692819912722,SERPINB3;SERPINB1;SERPINA1;SERPINE2;SERPINF1;SERPINB8;SERPINB6;CST3;SPOCK2;SPOCK3;TIMP2;SERPINH1;TIMP3;SPOCK1;ANXA8;SERPINI1;RECK,0.25757575757575757
3,929,Intermediate Filament Cytoskeleton (GO:0045111),19/81,8.304128801661243e-08,cellular anatomical structure,GO_Cellular_Component_2023,3.872391669168455e-09,0.0,0.0,6.401471109535626,123.99261301739502,MACF1;SYNM;DTNA;DST;KRT8;KRT13;KRT7;KRT5;PPL;KRT18;KRT17;KRT16;MICAL1;KRT14;PKP2;PKP1;PHLDB2;KRT6A;PLEC,0.2345679012345679
3,929,Serine-Type Endopeptidase Inhibitor Activity (GO:0004867),16/53,1.7421171982942635e-07,molecular function regulator activity,GO_Molecular_Function_2023,1.2154306034611135e-09,0.0,0.0,9.015245256209113,185.06646392297344,SERPINB3;SERPINB1;SERPINA1;SERPINE2;ANXA2;SERPINF1;TFPI2;SPINT2;TFPI;SERPINB8;WFDC2;SERPINB6;SPINT1;SERPINH1;SPOCK1;SERPINI1,0.3018867924528302
3,929,Negative Regulation Of Peptidase Activity (GO:0010466),17/60,4.356958106663632e-07,biological regulation,GO_Biological_Process_2023,1.1081707774472992e-09,0.0,0.0,8.248572011423908,170.0901338989754,SERPINB3;CSTB;ECM1;SERPINB1;SERPINA1;SERPINE2;SERPINF1;SERPINB8;SERPINB6;CST3;SPOCK2;SPOCK3;TIMP2;SERPINH1;TIMP3;SPOCK1;SERPINI1,0.2833333333333333
3,929,Actin Cytoskeleton (GO:0015629),39/327,1.3367580164688245e-06,cellular anatomical structure,GO_Cellular_Component_2023,6.926207339216707e-08,0.0,0.0,2.8579002808988765,47.11353887265857,MACF1;LAD1;CLIC4;AHNAK;WDR1;SYNPO2;FAM107A;NEXN;LIMA1;CNN1;ABLIM1;CALD1;PSTPIP2;MICAL1;COTL1;PLS3;SYNPO;PDLIM5;SVIL;TPM4;TPM2;TPM1;MICAL2;SORBS2;MTSS1;AIF1L;CTTNBP2NL;MYO1D;MYO1E;MARCKS;MYO1B;AXL;PALLD;CDC42EP3;FSCN1;TAGLN2;TAGLN3;DDR2;GAS7,0.11926605504587157
3,929,Cytoskeleton (GO:0005856),63/599,2.843870337434372e-08,cellular anatomical structure,GO_Cellular_Component_2023,1.17880635748575e-09,0.0,0.0,2.5156513908517457,51.71868192226515,FHOD3;LAD1;RIPOR2;CLIC4;SYNM;FAM107A;TCHH;LDB3;SEPTIN11;EPB41L4B;BASP1;SYNPO;NEFH;TPM4;DST;TPM2;TPM1;KRT8;MTUS1;KRT7;RHOF;EML1;MTSS1;CTTNBP2NL;FRMD5;PALLD;CDC42EP3;FSCN1;TAGLN2;TAGLN3;PHLDB2;DDR2;PLEC;MACF1;AHNAK;GYPC;SYNPO2;NEXN;PPL;NDRG1;LIMA1;CNN1;ABLIM1;NUAK1;CALD1;EPB41L2;MICAL1;IGF2BP2;PDLIM5;PDLIM4;MPZL2;SVIL;DTNA;KRT13;SORBS2;AIF1L;MYO1D;MYO1E;MARCKS;MYO1B;KRT17;AXL;KRT16,0.10517529215358931
3,929,Microfibril (GO:0001527),7/11,2.242118909684812e-06,cellular anatomical structure,GO_Cellular_Component_2023,1.2778916065561105e-07,0.0,0.0,36.19007592190889,574.440881167273,FBN2;MFAP5;MFAP4;EFEMP2;MFAP2;LTBP4;FBN1,0.6363636363636364
3,929,Vesicle (GO:0031982),31/235,2.6211954281460623e-06,cellular anatomical structure,GO_Cellular_Component_2023,1.6297588154276038e-07,0.0,0.0,3.19269946285864,49.90081862215143,SERPINE2;AHNAK;COL12A1;FBLN2;CST3;EFEMP2;MUC1;OLFML3;BASP1;HAS2;CD59;CTSF;KCNN4;PROM1;EDIL3;SERPINB3;SLC12A2;ANXA2;ANXA4;MYO1D;MYO1E;MYO1B;GPRC5A;COL6A2;COL6A3;CD9;TAGLN2;ANXA2P2;MFGE8;GPRC5C;DDR2,0.13191489361702127
4,1059,Other Interleukin Signaling R-HSA-449836,11/24,2.3727175636256774e-07,Immune System,Reactome_2022,1.1501503450250142e-08,0.0,0.0,15.282442748091604,279.3750971510414,IL32;CSF3;CSF3R;TXLNA;CSF1;PTPRZ1;IL10RB;IL34;IL16;PRTN3;STX3,0.4583333333333333
4,1059,Endosomal/Vacuolar Pathway R-HSA-1236977,8/11,1.9188331208375493e-07,Immune System,Reactome_2022,8.612356915787924e-09,0.0,0.0,48.05074532191564,892.3055991554452,CTSL;HLA-B;HLA-A;HLA-F;B2M;HLA-G;CTSS;HLA-E,0.7272727272727273
4,1059,Activation Of Matrix Metalloproteinases R-HSA-1592389,13/33,1.1801424899766798e-07,Extracellular matrix organization,Reactome_2022,5.084994570815137e-09,0.0,0.0,11.757791586998088,224.5382152505751,MMP1;MMP3;MMP8;MMP9;MMP10;MMP14;MMP13;MMP15;CTSK;MMP28;TIMP1;TPSAB1;ELANE,0.3939393939393939
4,1059,G Alpha (I) Signaling Events R-HSA-418594,44/312,7.021276674742058e-08,Signal Transduction,Reactome_2022,2.8992704401986954e-09,0.0,0.0,3.02041026395118,59.3776615456395,CX3CR1;CCL13;CXCL6;CXCL9;CXCL8;RGS16;C5AR1;FPR1;CXCR5;CXCL1;CXCR6;CXCL13;CXCL3;CXCL2;CX3CL1;CXCL5;CXCL16;C3;HCAR2;HCAR3;RGS1;CXCR3;UBD;CCL5;CCL4;C3AR1;CCR9;CCR7;CCL1;CCL19;CCR5;CCL16;CCR2;CCR1;CCL23;CCL20;PPBP;CXCL11;GPR183;ACKR4;SAA2;CCL28;GPR18;CCL27,0.14102564102564102
4,1059,Collagen Degradation R-HSA-1442490,15/40,2.0996640991892397e-08,Extracellular matrix organization,Reactome_2022,7.539188866029585e-10,0.0,0.0,10.871264367816092,228.3589128966483,MMP1;MMP3;MMP8;MMP9;MMP10;MMP12;MMP14;MMP13;CTSL;MMP15;CTSK;MMP28;MMP19;ELANE;CTSB,0.375
4,1059,Interleukin-36 Pathway R-HSA-9014826,7/7,3.036939838326386e-08,Immune System,Reactome_2022,1.1449862945216176e-09,0.0,0.0,132587.0,2729684.339972488,IL1RL2;IL36A;IL36B;IL36G;IL36RN;IL1RAP;IL1F10,1.0
4,1059,IL-6-type Cytokine Receptor Ligand Interactions R-HSA-6788467,10/17,5.8199840443012446e-08,Immune System,Reactome_2022,2.2987369654331667e-09,0.0,0.0,25.785101457170093,512.8890295508968,CNTFR;IL11;CTF1;IL11RA;CLCF1;IL31RA;LIFR;OSMR;IL6ST;CRLF1,0.5882352941176471
4,1059,Interleukin-6 Family Signaling R-HSA-6783589,11/24,2.3727175636256774e-07,Immune System,Reactome_2022,1.1501503450250142e-08,0.0,0.0,15.282442748091604,279.3750971510414,CNTFR;IL11;CTF1;IL11RA;CLCF1;IL31RA;LIFR;OSMR;IL6ST;IL6R;CRLF1,0.4583333333333333
4,1059,Cell Surface Interactions At Vascular Wall R-HSA-202733,25/134,6.544268971334513e-07,Hemostasis,Reactome_2022,3.289758190257924e-08,0.0,0.0,4.177239898496975,71.97328654264118,CD84;ITGAM;SELPLG;SLC7A11;ITGAL;TREM1;JCHAIN;THBD;VPREB1;ITGAX;OLR1;CD58;PF4V1;MMP1;MERTK;SELE;CD2;PROCR;CEACAM1;JAML;SELL;IGLL1;CD48;S100A9;CD244,0.1865671641791045
4,1059,Cytokine-cytokine receptor interaction,143/295,8.225494886638466e-101,Signaling molecules and interaction,KEGG_2021_Human,4.59524854002149e-103,0.0,0.0,19.29748190071248,4547.282597438905,CNTFR;IL1RN;CSF3;TNFRSF6B;CSF2;CSF3R;CSF1;CXCL17;IL1RAP;CXCL13;IL27RA;CXCL16;IL36A;IL18RAP;IL36B;TNFSF10;TNFSF11;TNFRSF8;IL13RA2;IL6R;TNFRSF4;IL13RA1;IL15RA;IL4R;IL1R1;IL11RA;IL1R2;LIFR;EDAR;IL6ST;CSH2;EBI3;IL20RA;IL20RB;TNFRSF11B;TNFRSF11A;CSF2RA;TNFRSF17;IL36RN;TNFRSF14;CCR1;TNFSF18;TNFSF14;TSLP;TNFSF15;TNFSF12;TNFRSF9;TNFSF13;IL31RA;IL36G;PPBP;INHBA;INHBC;IL1F10;INHBE;IL22RA1;BMP3;CXCL11;IL7;TNFSF4;CD27;TNFSF9;TNFSF8;IL7R;CXCL6;CD40;CXCL9;IL20;CXCL8;EDA;TNFRSF13B;IL24;CXCL1;TNFRSF13C;CXCL3;CXCL2;CX3CL1;EDA2R;CXCL5;TNFSF13B;CCR9;CCR7;CCR5;PF4V1;CCR2;IL11;TNFRSF12A;IFNGR1;IL15;IFNGR2;TNFRSF18;IL18;IL16;OSMR;TNFRSF1B;IL17RA;LTA;XCL1;TNFRSF25;LTB;CCL14;CX3CR1;CCL13;CCL11;CTF1;CXCR5;CXCR6;IL1RL1;IL1RL2;CCL8;CCL7;CXCR3;CCL5;CCL4;CCL3;IL21R;CCL2;CCL1;CCL19;CCL18;CCL16;CCL15;IL32;CCL24;IL33;CCL23;CCL22;CCL20;CD70;IL10RB;IL37;IL10RA;IL34;CLCF1;ACKR4;LTBR;IL17D;CCL28;IL17C;CCL27;IL18R1;CCL26;IL17A,0.4847457627118644
4,1059,NF-kappa B signaling pathway,32/104,5.354499724920719e-15,Signal transduction,KEGG_2021_Human,1.4956703142236648e-16,0.0,0.0,8.165747051823,297.54991760570783,CCL13;CD40;CXCL8;EDA;BCL2A1;TNFAIP3;CXCL1;TNFRSF11A;TNFRSF13C;CXCL3;PTGS2;CXCL2;EDA2R;ICAM1;TNFSF13B;RELB;PLAU;CCL4;TNFSF11;CD14;LBP;CCL19;TNFSF14;IL1R1;TRAF1;NFKB2;EDAR;CYLD;LTA;LTB;LTBR;BIRC3,0.3076923076923077
4,1059,Chemokine signaling pathway,44/192,3.648727441314654e-15,Immune system,KEGG_2021_Human,8.153580874446155e-17,0.0,0.0,5.504540007988284,203.9183784024502,CCL14;CX3CR1;CXCL6;CCL13;CXCL9;CXCL8;CCL11;CXCR5;CXCL1;CXCR6;CXCL13;CXCL3;CXCL2;CX3CL1;CXCL5;CXCL16;CCL8;CCL7;CCL5;CXCR3;CCL4;CCR9;CCL3;CCL2;CCR7;CCL1;CCL19;CCR5;CCL18;PF4V1;CCL16;CCR2;CCL15;CCR1;CCL24;CCL23;CCL22;CCL20;PPBP;CXCL11;XCL1;CCL28;CCL27;CCL26,0.22916666666666666
4,1059,Hematopoietic cell lineage,32/99,1.7532699260517768e-15,Immune system,KEGG_2021_Human,2.9384412168465535e-17,0.0,0.0,8.777456437384645,334.1232478062741,CSF3;CSF2;CSF3R;ITGAM;CSF1;CD1E;CD1D;CSF2RA;HLA-DMA;ANPEP;CD38;CD37;CD14;IL6R;HLA-DQA1;CD33;CD55;IL11;CR2;IL4R;CR1;IL11RA;IL1R1;IL1R2;CD2;FCER2;CD8A;IL7;CD5;CD7;IL7R;MS4A1,0.32323232323232326
4,1059,Viral protein interaction with cytokine and cytokine receptor,64/100,9.627631820069647e-55,Signaling molecules and interaction,KEGG_2021_Human,1.0757130525217482e-56,0.0,0.0,33.77777777777778,4353.002396026298,CXCL6;CXCL9;CXCL8;IL20;CSF1;IL24;CXCL1;CXCL13;CXCL3;CXCL2;CX3CL1;CXCL5;IL18RAP;TNFSF10;CCR9;CCR7;CCR5;IL6R;PF4V1;CCR2;IL18;TNFRSF1B;LTA;XCL1;IL6ST;CCL14;CX3CR1;CCL13;CCL11;IL20RA;CXCR5;IL20RB;CCL8;CCL7;CCL5;CXCR3;CCL4;CCL3;CCL2;TNFRSF14;CCL1;CCL19;CCL18;CCL16;CCL15;CCR1;CCL24;CCL23;CCL22;TNFSF14;CCL20;IL10RB;IL37;IL10RA;IL34;PPBP;IL22RA1;CXCL11;ACKR4;LTBR;CCL28;CCL27;IL18R1;CCL26,0.64
4,1059,Macrophage Chemotaxis (GO:0048246),7/11,6.899931196436521e-06,cellular process,GO_Biological_Process_2023,3.130146302130966e-07,0.0,0.0,31.50166349809886,471.80091526400366,LGALS3;EDN2;CCL5;CCL3;CXCL17;SAA1;CCL2,0.6363636363636364
4,1059,Cellular Response To Oxygen-Containing Compound (GO:1901701),47/406,8.936912874491054e-06,cellular process,GO_Biological_Process_2023,4.0895573132996317e-07,0.0,0.0,2.4038942164774797,35.360464011641255,CX3CR1;CXCL6;CXCL9;CXCL8;GFI1;RORC;TNFAIP3;CXCL1;AHR;CXCL13;CXCL3;CXCL2;CXCL5;ZFP36;IL36A;IL36B;CASP1;CCL2;IL36RN;CD14;CCR5;GBP2;PF4V1;GBP3;EGR1;IL37;CD180;MMP3;ACOD1;IL36G;LILRB1;PPBP;PDCD1LG2;LILRB2;TNFRSF1B;MMP9;IRGM;IL1F10;CXCL11;NR4A3;TNIP1;TNFSF4;TNIP3;LCP1;CD68;LGMN;TLR2,0.11576354679802955
4,1059,Protection From Natural Killer Cell Mediated Cytotoxicity (GO:0042270),5/5,8.936912874491054e-06,biological regulation,GO_Biological_Process_2023,4.124729018995871e-07,0.0,0.0,94705.0,1392267.2328198643,SERPINB4;HLA-B;SERPINB9;HLA-G;HLA-E,1.0
4,1059,GPCR Ligand Binding R-HSA-500792,61/458,8.39485058068145e-10,Signal Transduction,Reactome_2022,2.8635935553491483e-11,0.0,0.0,2.855040054920925,69.30997647309806,CXCL6;CXCL9;CXCL8;GPR68;GPR65;CXCL1;CXCL13;CXCL3;CXCL2;CX3CL1;CXCL5;CXCL16;ADGRE1;C1QTNF1;CCRL2;C3AR1;CCR9;CCR7;CCR5;CCR2;EDN1;EDN2;CD200R1;XCL1;CX3CR1;PTGER4;CCL13;CCL11;PTAFR;C5AR1;FPR1;CXCR5;CXCR6;C3;HCAR2;HCAR3;GPNMB;CCL7;CCL5;CXCR3;UBD;CCL4;CCL3;CCL2;CCL1;CCL19;CCL16;CD55;CCR1;CCL23;CCL22;CCL20;SMOX;PPBP;CXCL11;GPR183;ACKR4;SAA2;CCL28;GPR18;CCL27,0.1331877729257642
4,1059,Interleukin-1 Family Signaling R-HSA-446652,25/152,7.99410287352045e-06,Immune System,Reactome_2022,4.16210023935535e-07,0.0,0.0,3.581763353081832,52.62353882031726,IL1RN;IL1RAP;USP18;IL18BP;IL1RL1;IL1RL2;IL18RAP;IL36A;IL36B;CASP1;S100A12;IL36RN;IL33;IL1R1;IL37;IL1R2;IL18;IL36G;IRAK3;IL1F10;NFKB2;SIGIRR;PELI1;SAA2;IL18R1,0.16447368421052633
4,1059,TNF Receptor Superfamily (TNFSF) Members Mediating Non-Canonical NF-kB Pathway R-HSA-5676594,12/17,6.840393118660765e-11,Immune System,Reactome_2022,2.210539966533102e-12,0.0,0.0,43.40630372492837,1164.929016694775,CD40;TNFRSF12A;TNFSF14;TNFSF12;LTA;TNFSF11;TNFRSF11A;TNFRSF13C;LTB;LTBR;TNFSF13B;BIRC3,0.7058823529411765
4,1059,NOD-like receptor signaling pathway,31/181,9.026401195232255e-08,Immune system,KEGG_2021_Human,6.555486901565324e-09,0.0,0.0,3.777697795071336,71.18302145151168,CXCL8;TNFAIP3;CXCL1;ANTXR2;CXCL3;CXCL2;PSTPIP1;IFI16;CCL5;NAMPT;CASP4;CASP1;CCL2;NLRP1;GBP2;GBP1;CAMP;GBP4;CTSB;GBP3;GBP5;GBP7;IL18;CYBB;AIM2;OAS1;OAS2;OAS3;NAIP;IRF9;BIRC3,0.1712707182320442
4,1059,Interleukin-4 And Interleukin-13 Signaling R-HSA-6785807,29/107,5.385676919197335e-12,Immune System,Reactome_2022,1.5470526159274213e-13,0.0,0.0,6.808899676375405,200.84384747912364,CXCL8;ITGAM;CCL11;CEBPD;RORC;F13A1;PTGS2;ICAM1;ITGAX;CCL2;LBP;TIMP1;IL13RA2;IL6R;IL13RA1;MCL1;IL4R;CCL22;MMP1;MMP3;IL18;TNFRSF1B;MMP9;BATF;FCER2;ZEB1;IRF4;LCN2;SAA2,0.27102803738317754
4,1059,Osteoclast differentiation,27/127,6.852966670549797e-09,Development and regeneration,KEGG_2021_Human,4.5941676003685787e-10,0.0,0.0,4.929331395348838,105.9858665744234,LILRA6;CSF1;NCF2;TNFRSF11B;TNFRSF11A;LILRA1;LILRA2;LILRA3;RELB;CTSK;TNFSF11;IL1R1;IFNGR1;IFNGR2;LILRB1;LILRB2;LILRB3;LILRB4;FOSL2;NFKB2;FOSL1;CYLD;TYROBP;FCGR2A;FOSB;FCGR2B;IRF9,0.2125984251968504
4,1059,TNF signaling pathway,27/112,3.4857698008756243e-10,Signal transduction,KEGG_2021_Human,2.1420931737224508e-11,0.0,0.0,5.803830369357045,142.5806841627793,CXCL6;CSF2;CSF1;TNFAIP3;CXCL1;CXCL3;PTGS2;CXCL2;CX3CL1;CXCL5;ICAM1;CCL5;CCL2;EDN1;IL15;CCL20;MMP3;TRAF1;TNFRSF1B;SELE;MMP9;MMP14;IRF1;BCL3;LTA;IL18R1;BIRC3,0.24107142857142858
4,1059,Antigen processing and presentation,24/78,1.6606841089399157e-11,Immune system,KEGG_2021_Human,9.277564854412937e-13,0.0,0.0,8.110359634997316,224.70568166719733,CIITA;KLRC3;HLA-B;TAP2;TAP1;KIR3DL1;HLA-A;KIR2DL1;KIR3DL2;IFI30;HLA-F;HLA-G;CTSS;HLA-E;TAPBP;HLA-DMA;CTSL;CD8A;KLRD1;KLRC1;B2M;HLA-DQA1;CTSB;LGMN,0.3076923076923077
4,1059,JAK-STAT signaling pathway,36/162,2.8480116426070626e-12,Signal transduction,KEGG_2021_Human,1.4319611610873497e-13,0.0,0.0,5.254852674207513,155.40996234085165,CNTFR;CSF3;CSF2;CSF3R;IL20;CTF1;CSH2;IL24;IL20RA;IL20RB;CSF2RA;IL27RA;IL21R;STAT4;IL13RA2;IL6R;IL13RA1;MCL1;IL15RA;IL11;IL4R;TSLP;IL11RA;IFNGR1;IL15;IL10RB;IFNGR2;IL10RA;LIFR;OSMR;IL22RA1;IL7;IL6ST;IL7R;IL17D;IRF9,0.2222222222222222
4,1059,IL-17 signaling pathway,28/94,6.629084214590653e-13,Immune system,KEGG_2021_Human,2.9627192020516887e-14,0.0,0.0,7.766804808511889,241.9366206895149,CXCL6;CSF3;CSF2;CXCL8;CCL11;TNFAIP3;CXCL1;CXCL3;PTGS2;CXCL2;CXCL5;CCL7;CCL2;MMP1;CCL20;MMP3;MMP9;IL17RA;FOSL1;MMP13;LCN2;FOSB;IL17D;S100A9;IL17C;S100A8;S100A7;IL17A,0.2978723404255319
4,1059,Natural killer cell mediated cytotoxicity,34/131,1.3124243199089798e-13,Immune system,KEGG_2021_Human,5.1323856085826005e-15,0.0,0.0,6.444013075182299,212.0286884737971,CSF2;ICAM2;PRF1;KIR2DL1;ITGAL;ICAM1;KLRK1;SH3BP2;TNFSF10;KLRC1;MICA;KLRC3;IFNGR1;IFNGR2;SH2D1A;HLA-B;SH2D1B;GZMB;KIR3DL1;HLA-A;KIR3DL2;HLA-G;HLA-E;NCR1;NCR3;TYROBP;RAET1E;RAET1L;KLRD1;CD48;ULBP2;ULBP1;HCST;CD244,0.2595419847328244
4,1059,Rheumatoid arthritis,30/93,9.184648642282827e-15,Immune disease,KEGG_2021_Human,3.0786531761841884e-16,0.0,0.0,8.736174742005646,312.0288111540046,CXCL6;CSF2;CXCL8;CSF1;CXCL1;TNFRSF11A;CXCL3;ITGAL;CXCL2;CXCL5;ICAM1;TNFSF13B;HLA-DMA;CTSL;CTSK;CCL5;CCL3;TNFSF11;CCL2;HLA-DQA1;IL11;IL15;MMP1;CCL20;MMP3;TNFSF13;IL18;LTB;TLR2;IL17A,0.3225806451612903
4,1059,Intestinal immune network for IgA production,14/48,1.3254397957006645e-06,Immune system,KEGG_2021_Human,1.1107037394139645e-07,0.0,0.0,7.449985927385308,119.29738333984606,PIGR;IL15RA;CD40;TNFRSF13B;IL15;TNFSF13;TNFRSF13C;TNFSF13B;HLA-DMA;CCR9;TNFRSF17;LTBR;CCL28;HLA-DQA1,0.2916666666666667
4,1059,Phagosome,25/152,4.656349642778798e-06,Transport and catabolism,KEGG_2021_Human,4.16210023935535e-07,0.0,0.0,3.581763353081832,52.62353882031726,ITGAM;NCF2;MPO;CTSS;FCAR;C3;HLA-DMA;CLEC7A;CTSL;OLR1;CD14;HLA-DQA1;MSR1;HLA-B;TAP2;CYBB;TAP1;HLA-A;HLA-F;HLA-G;HLA-E;FCGR2A;CD209;FCGR2B;TLR2,0.16447368421052633
4,1059,Antigen Processing And Presentation Of Exogenous Peptide Antigen (GO:0002478),11/31,6.157289474776916e-06,immune system process,GO_Biological_Process_2023,2.768958580373051e-07,0.0,0.0,9.929914122137404,149.93797322312253,CLEC4A;HLA-DMA;CTSL;HLA-A;IFI30;HLA-F;FCGR2B;CTSS;HLA-DQA1;HLA-E;LGMN,0.3548387096774194
4,1059,Graft-versus-host disease,14/42,2.0972224256929387e-07,Immune disease,KEGG_2021_Human,1.6402856960726893e-08,0.0,0.0,9.049282296650718,162.21571791281073,PRF1;HLA-B;GZMB;KIR3DL1;KIR2DL1;HLA-A;KIR3DL2;HLA-F;HLA-G;HLA-E;HLA-DMA;KLRD1;KLRC1;HLA-DQA1,0.3333333333333333
4,1059,Immune System R-HSA-168256,348/1943,2.4105556198079297e-100,Immune System,Reactome_2022,4.3277479709298564e-103,0.0,0.0,5.322899884925201,1254.6139822872751,IFITM3;CNTFR;IFITM1;IL1RN;TNFRSF6B;IFITM2;GMFG;CLEC10A;ICAM2;IFIT5;ICAM4;IFI35;IFI30;IFIT1;IFIT3;IL27RA;ICAM1;IFIT2;HERC5;LGALS3;IL36A;IL36B;ANPEP;DHX58;C3AR1;TNFSF11;TRIM26;LGALS9;PGLYRP1;B2M;TRIM22;HERC6;GBP6;GBP5;IL15RA;GBP7;RSAD2;IL1R1;IL1R2;SLC11A1;RNASE6;HLA-B;MCEMP1;RNASE3;HLA-A;HLA-F;RNASE1;HLA-G;HLA-E;SIGIRR;RNF125;IFI27;SLPI;TRIM14;CD226;EBI3;IL20RA;FPR1;IL20RB;CD1E;CD1D;C3;CRACR2A;KLRK1;SLAMF7;S100A12;SLAMF6;S100A11;ELANE;HLA-DQA1;TNFSF18;CCR1;EGR1;FYB1;TSLP;TNFSF14;TNFSF15;TNFSF12;TNFSF13;SH2D1A;IL31RA;SH2D1B;IL36G;PPBP;LYZ;HRNR;IL1F10;IL22RA1;BST2;CYLD;RAET1E;CD209;TNFSF4;CD27;TNFSF9;TNFSF8;LGMN;PIGR;SERPINA3;CD40;SIGLEC9;IL20;TNFRSF13B;IL24;TNFRSF13C;EDA2R;CTSS;IL18BP;GLIPR1;CTSL;GNLY;CTSK;MMP28;OLR1;TIMP1;CCR5;CD33;CTSB;CCR2;HAVCR2;DUSP4;CD53;IL11;SERPINB2;TNFRSF12A;BTN3A1;IL15;IFNGR1;NFAM1;IFNGR2;IL18;IL16;BTN3A3;BTN3A2;PDCD1LG2;OSMR;IL17RA;MMP12;NCR1;FCER2;NCR3;CD200R1;CEACAM1;ZEB1;PELI1;PLEKHO2;HCST;TLR2;SERPINB10;LILRA6;SERPINB12;SP100;CTF1;CCL11;PTAFR;LILRA1;PTGS2;LILRA2;LILRA3;RELB;HLA-DMA;STAT4;STX3;CD58;CCL19;CD55;MICA;IL32;IL33;CCL22;IL37;CD70;IL10RB;CCL20;IL34;IL10RA;KIR3DL1;LILRB1;KIR3DL2;LILRB2;LILRB4;BATF;SPSB1;LRG1;CLCF1;SAA2;CD68;SIGLEC7;IL17C;CRLF1;IL18R1;CSF3;CSF3R;CSF2;CSF1;NCF2;RORC;F13A1;RNF19B;IL1RAP;EPX;MPO;IL18RAP;PLAU;CLEC5A;TNFRSF8;IL13RA2;TNFRSF4;IL6R;IL13RA1;ZBP1;CD96;LAG3;IL4R;IL11RA;S100A1;CD300A;CD180;IRAG2;CYBB;LIFR;EDAR;CLEC4A;CLEC4C;TXLNA;TYROBP;CLEC4D;JAML;CD8A;ADAM8;PRTN3;CD300C;IL6ST;CLEC4E;S100A9;S100A8;S100A7;KLRB1;C5AR1;TNFRSF11B;GPR84;TNFRSF11A;CSF2RA;RASGRP3;CNN2;ADGRG3;CLEC7A;TNFRSF17;TNFRSF14;IL36RN;PI3;NLRP1;KLRC1;MCL1;CD160;TNFRSF9;CRTAM;LY86;ISG15;ADA2;NFKB2;ISG20;RCAN1;SELL;IL7;CLEC6A;LCN2;KLRD1;IL7R;XAF1;NFKBIE;ULBP1;CIITA;ITGAM;EDA;CXCL8;TNFAIP6;TNFAIP3;ADAR;SLC2A3;CXCL1;ITGAL;TREM1;CXCL2;FCAR;TNFSF13B;OASL;PSTPIP1;CASP4;ITGAX;CASP1;LBP;CR2;CR1;DTX3L;MMP1;TNFRSF18;MMP3;PLAUR;IRAK3;TNFRSF1B;MMP8;MMP9;TAPBP;AIM2;OAS1;IRF4;OAS2;IRF1;OAS3;IRF2;LTA;IRF8;CHI3L1;TNFRSF25;IRF5;IRF6;LTB;IRF9;BIRC3;C1S;CEBPD;CLEC12A;FGL2;SAMHD1;USP18;IL1RL1;IL1RL2;PTPRZ1;IFI16;CCL5;CCL4;CCL3;IL21R;CCL2;GBP2;GBP1;GBP4;KLRG1;MX2;ERAP1;MX1;FCGR2A;PTX3;MNDA;TRIM38;LTBR;FCGR2B,0.1791044776119403
4,1059,Adaptive Immune System R-HSA-1280218,88/733,1.4039107494624178e-11,Immune System,Reactome_2022,4.2848263448583676e-13,0.0,0.0,2.5707502055740505,73.2111770419164,IFITM1;CD40;SIGLEC9;NCF2;ICAM2;RNF19B;ICAM4;ITGAL;IFI30;TREM1;CTSS;ICAM1;HERC5;CTSL;CTSK;B2M;CD33;HERC6;CTSB;CD96;LAG3;DTX3L;BTN3A1;S100A1;CD300A;HLA-B;CYBB;BTN3A3;RNASE3;HLA-A;BTN3A2;PDCD1LG2;HLA-F;RNASE1;HLA-G;HLA-E;TAPBP;NCR1;CD200R1;NCR3;TYROBP;JAML;CD8A;CD226;CD300C;HCST;S100A9;S100A8;TLR2;LILRA6;KLRB1;CD1E;CD1D;LILRA1;LILRA2;LILRA3;RASGRP3;C3;HLA-DMA;KLRK1;SLAMF7;TNFRSF14;SLAMF6;KLRC1;HLA-DQA1;MICA;KLRG1;FYB1;CD160;ERAP1;SH2D1A;CRTAM;SH2D1B;KIR3DL1;LILRB1;KIR3DL2;LILRB2;LILRB4;SPSB1;RAET1E;SELL;CD209;KLRD1;FCGR2B;NFKBIE;SIGLEC7;ULBP1;LGMN,0.12005457025920874
4,1059,Cytokine Signaling In Immune System R-HSA-1280215,196/702,3.692266643930308e-87,Immune System,Reactome_2022,1.3257689924345809e-89,0.0,0.0,8.274426465267315,1693.3454942964363,IFITM3;CNTFR;IFITM1;IL1RN;IFITM2;TNFRSF6B;IFIT5;IFI35;IFI30;IFIT1;IFIT3;ICAM1;IFIT2;IL27RA;HERC5;IL36A;IL36B;TNFSF11;TRIM26;LGALS9;B2M;TRIM22;GBP6;GBP5;IL15RA;GBP7;RSAD2;IL1R1;IL1R2;HLA-B;HLA-A;HLA-F;HLA-G;HLA-E;SIGIRR;IFI27;TRIM14;EBI3;FPR1;IL20RA;IL20RB;S100A12;HLA-DQA1;CCR1;TNFSF18;EGR1;TSLP;TNFSF14;TNFSF15;TNFSF12;TNFSF13;IL31RA;IL36G;IL1F10;IL22RA1;BST2;TNFSF4;TNFSF9;CD27;TNFSF8;CD40;IL20;TNFRSF13B;IL24;TNFRSF13C;EDA2R;IL18BP;TIMP1;CCR5;HAVCR2;CCR2;DUSP4;IL11;SERPINB2;TNFRSF12A;IFNGR1;IL15;IFNGR2;IL18;IL16;OSMR;IL17RA;FCER2;ZEB1;PELI1;SP100;CCL11;CTF1;PTAFR;PTGS2;RELB;STAT4;CCL19;STX3;IL32;IL33;CCL22;CCL20;IL10RB;CD70;IL37;IL10RA;IL34;BATF;CLCF1;SAA2;IL17C;CRLF1;IL18R1;CSF3;CSF2;CSF3R;CSF1;RORC;F13A1;IL1RAP;IL18RAP;TNFRSF8;IL13RA2;TNFRSF4;IL6R;IL13RA1;IL4R;IL11RA;LIFR;EDAR;TXLNA;PRTN3;IL6ST;S100A9;TNFRSF11B;TNFRSF11A;CSF2RA;CNN2;TNFRSF17;TNFRSF14;IL36RN;MCL1;TNFRSF9;ISG15;NFKB2;ISG20;IL7;LCN2;XAF1;IL7R;CIITA;ITGAM;CXCL8;EDA;ADAR;CXCL1;CXCL2;TNFSF13B;OASL;ITGAX;CASP1;LBP;MMP1;TNFRSF18;MMP3;IRAK3;TNFRSF1B;MMP9;OAS1;IRF4;OAS2;IRF1;OAS3;IRF2;LTA;IRF8;TNFRSF25;IRF5;IRF6;LTB;IRF9;BIRC3;CEBPD;SAMHD1;USP18;IL1RL1;IL1RL2;PTPRZ1;CCL5;CCL4;CCL3;IL21R;CCL2;GBP2;GBP1;GBP4;MX2;MX1;TRIM38;LTBR,0.2792022792022792
4,1059,Immunoregulatory Interactions Between A Lymphoid And A non-Lymphoid Cell R-HSA-198933,55/123,2.849546766648862e-35,Immune System,Reactome_2022,2.0463531537873336e-37,0.0,0.0,15.204110030466367,1284.4369692397274,IFITM1;CD40;SIGLEC9;ICAM2;ICAM4;ITGAL;TREM1;ICAM1;B2M;CD33;CD96;CD300A;HLA-B;HLA-A;HLA-F;HLA-G;HLA-E;NCR1;CD200R1;NCR3;TYROBP;JAML;CD8A;CD226;CD300C;HCST;LILRA6;KLRB1;CD1E;CD1D;LILRA1;LILRA2;LILRA3;C3;KLRK1;SLAMF7;SLAMF6;KLRC1;MICA;KLRG1;CD160;CRTAM;SH2D1A;SH2D1B;KIR3DL1;LILRB1;KIR3DL2;LILRB2;LILRB4;RAET1E;SELL;KLRD1;FCGR2B;ULBP1;SIGLEC7,0.44715447154471544
4,1059,Chemokine Receptors Bind Chemokines R-HSA-380108,38/56,1.5969886911906622e-33,Signal Transduction,Reactome_2022,1.4335625594171115e-35,0.0,0.0,39.12689084775275,3139.1628014895296,CX3CR1;CXCL6;CCL13;CXCL9;CXCL8;CCL11;CXCR5;CXCL1;CXCR6;CXCL13;CXCL3;CXCL2;CX3CL1;CXCL5;CXCL16;CCL7;CCL5;CXCR3;CCRL2;CCL4;CCR9;CCL3;CCL2;CCR7;CCL1;CCL19;CCR5;CCL16;CCR2;CCR1;CCL22;CCL20;PPBP;CXCL11;ACKR4;XCL1;CCL28;CCL27,0.6785714285714286
4,1059,TNFs Bind Their Physiological Receptors R-HSA-5669034,26/29,1.4326838284582063e-28,Immune System,Reactome_2022,1.5432859911578528e-30,0.0,0.0,158.8860922878348,10906.519543035653,EDA;TNFRSF6B;TNFRSF13B;TNFRSF11B;EDA2R;TNFSF13B;TNFRSF17;TNFRSF8;TNFSF11;TNFRSF14;TNFRSF4;TNFSF18;TNFSF14;CD70;TNFSF15;TNFRSF18;TNFRSF9;TNFSF13;TNFRSF1B;EDAR;TNFSF4;LTA;CD27;TNFSF9;TNFRSF25;TNFSF8,0.896551724137931
4,1059,Interferon Alpha/Beta Signaling R-HSA-909733,37/72,1.895599142615388e-26,Immune System,Reactome_2022,2.3822610409888172e-28,0.0,0.0,19.55610847078557,1243.8532265579274,IFITM3;IFITM1;IFITM2;IFIT5;ADAR;IFI35;IFIT1;SAMHD1;USP18;IFIT3;IFIT2;OASL;GBP2;EGR1;RSAD2;MX2;MX1;HLA-B;ISG15;HLA-A;HLA-F;HLA-G;HLA-E;BST2;ISG20;IFI27;OAS1;IRF4;OAS2;IRF1;OAS3;IRF2;IRF8;IRF5;IRF6;XAF1;IRF9,0.5138888888888888
4,1059,Neutrophil Degranulation R-HSA-6798695,89/468,1.1247923457632031e-24,Immune System,Reactome_2022,1.615500676141046e-26,0.0,0.0,4.493697467562495,266.8697616481223,PIGR;SERPINA3;SIGLEC9;ITGAM;TNFAIP6;GMFG;CXCL1;SLC2A3;EPX;ITGAL;MPO;FCAR;CTSS;LGALS3;GLIPR1;PLAU;ANPEP;MMP28;CLEC5A;C3AR1;ITGAX;OLR1;PGLYRP1;B2M;CD33;CTSB;CD53;CR1;CD300A;NFAM1;SLC11A1;HLA-B;PLAUR;CYBB;IRAG2;MCEMP1;RNASE3;HLA-A;TNFRSF1B;MMP8;RNASE1;MMP9;MMP12;CLEC4C;CEACAM1;CLEC4D;TYROBP;SLPI;CHI3L1;ADAM8;PRTN3;PLEKHO2;S100A9;S100A8;S100A7;TLR2;SERPINB10;LILRA6;SERPINB12;CLEC12A;PTAFR;FGL2;C5AR1;FPR1;GPR84;LILRA3;C3;ADGRG3;CNN2;CRACR2A;S100A12;CD58;ELANE;S100A11;CD55;ADA2;PPBP;LILRB2;LYZ;HRNR;BST2;RCAN1;LRG1;FCGR2A;SELL;LCN2;MNDA;PTX3;CD68,0.19017094017094016
4,1059,Interleukin-10 Signaling R-HSA-6783783,29/45,1.1998297121615684e-24,Immune System,Reactome_2022,1.9386835564549582e-26,0.0,0.0,33.30248786407767,1971.6805628651096,CSF3;IL1RN;CSF2;CXCL8;CSF1;PTAFR;FPR1;CXCL1;PTGS2;CXCL2;ICAM1;CCL5;CCL4;CCL3;CCL2;CCL19;TIMP1;CCR5;CCR2;CCR1;CCL22;CCL20;IL10RB;IL1R1;IL10RA;IL1R2;IL18;TNFRSF1B;FCER2,0.6444444444444445
4,1059,Interferon Signaling R-HSA-913531,56/200,6.2616479576534986e-24,Immune System,Reactome_2022,1.1241737805482042e-25,0.0,0.0,7.288080203832946,418.6825630953144,IFITM3;IFITM1;CIITA;IFITM2;IFIT5;ADAR;IFI35;IFI30;IFIT1;IFIT3;ICAM1;IFIT2;OASL;HERC5;TRIM26;B2M;TRIM22;GBP6;GBP5;GBP7;RSAD2;IFNGR1;IFNGR2;HLA-B;HLA-A;HLA-F;HLA-G;HLA-E;IFI27;OAS1;IRF4;OAS2;IRF1;OAS3;IRF2;TRIM14;IRF8;IRF5;IRF6;IRF9;SP100;PTAFR;SAMHD1;USP18;GBP2;GBP1;HLA-DQA1;GBP4;EGR1;MX2;MX1;ISG15;BST2;ISG20;TRIM38;XAF1,0.28
4,1059,Innate Immune System R-HSA-168249,137/1035,3.3836785686693586e-22,Immune System,Reactome_2022,6.682309561106455e-24,0.0,0.0,2.985534255443526,159.31580625380573,NCF2;GMFG;CLEC10A;ICAM2;EPX;MPO;HERC5;LGALS3;PLAU;ANPEP;DHX58;CLEC5A;C3AR1;PGLYRP1;B2M;ZBP1;S100A1;CD300A;SLC11A1;CD180;RNASE6;HLA-B;CYBB;IRAG2;MCEMP1;RNASE3;HLA-A;RNASE1;HLA-E;SIGIRR;CLEC4A;CLEC4C;TYROBP;RNF125;CLEC4D;SLPI;ADAM8;PRTN3;CLEC4E;S100A9;S100A8;S100A7;C5AR1;FPR1;GPR84;C3;ADGRG3;CNN2;CRACR2A;KLRK1;CLEC7A;S100A12;PI3;NLRP1;ELANE;S100A11;LY86;ADA2;ISG15;PPBP;LYZ;HRNR;NFKB2;BST2;CYLD;RCAN1;SELL;CD209;CLEC6A;LCN2;KLRD1;LGMN;PIGR;SERPINA3;SIGLEC9;ITGAM;TNFAIP6;TNFAIP3;CXCL1;SLC2A3;ITGAL;TREM1;CTSS;FCAR;PSTPIP1;GLIPR1;CTSL;GNLY;CTSK;MMP28;CASP4;ITGAX;CASP1;OLR1;LBP;CD33;CCR2;CTSB;DUSP4;CD53;CR2;CR1;NFAM1;PLAUR;IRAK3;TNFRSF1B;MMP8;MMP9;MMP12;CEACAM1;AIM2;PELI1;CHI3L1;PLEKHO2;BIRC3;TLR2;SERPINB10;LILRA6;SERPINB12;C1S;CLEC12A;PTAFR;FGL2;LILRA3;USP18;RELB;IFI16;CD58;CD55;CCL22;LILRB2;LRG1;FCGR2A;SAA2;PTX3;MNDA;CD68,0.1323671497584541
4,1059,Interferon Gamma Signaling R-HSA-877300,35/89,2.5589261480863862e-20,Immune System,Reactome_2022,5.512946818139432e-22,0.0,0.0,11.954662181712964,585.1779971329685,CIITA;SP100;PTAFR;IFI30;ICAM1;OASL;TRIM26;GBP2;B2M;GBP1;TRIM22;GBP4;HLA-DQA1;GBP6;GBP5;GBP7;IFNGR1;IFNGR2;HLA-B;HLA-A;HLA-F;HLA-G;HLA-E;OAS1;IRF4;OAS2;IRF1;OAS3;IRF2;IRF8;TRIM14;IRF5;IRF6;TRIM38;IRF9,0.39325842696629215
4,1059,TNFR2 Non-Canonical NF-kB Pathway R-HSA-5668541,36/100,2.0758027613718592e-19,Immune System,Reactome_2022,4.844782028336475e-21,0.0,0.0,10.37958211143695,485.5193258442347,CD40;TNFRSF6B;EDA;TNFRSF13B;TNFRSF11B;TNFRSF11A;TNFRSF13C;EDA2R;TNFSF13B;RELB;TNFRSF8;TNFSF11;TNFRSF17;TNFRSF14;TNFRSF4;TNFSF18;TNFSF14;TNFRSF12A;TNFSF15;CD70;TNFRSF9;TNFSF12;TNFRSF18;TNFSF13;TNFRSF1B;NFKB2;EDAR;TNFSF4;LTA;CD27;TNFSF9;TNFSF8;TNFRSF25;LTB;LTBR;BIRC3,0.36
4,1059,Peptide Ligand-Binding Receptors R-HSA-375276,48/196,6.6925113029697456e-18,Signal Transduction,Reactome_2022,1.6821392862042448e-19,0.0,0.0,6.028711203785388,260.61546046880903,CX3CR1;CCL13;CXCL6;CXCL9;CCL11;CXCL8;C5AR1;FPR1;CXCR5;CXCL1;CXCR6;CXCL13;CXCL3;CXCL2;CX3CL1;CXCL5;CXCL16;C3;GPNMB;CCL7;CXCR3;CCL5;CCRL2;CCL4;C3AR1;CCR9;CCL3;CCL2;CCR7;CCL1;CCL19;CCR5;CCL16;CCR2;CCR1;EDN1;CCL23;EDN2;CCL22;CCL20;PPBP;CD200R1;CXCL11;ACKR4;SAA2;XCL1;CCL28;CCL27,0.24489795918367346
4,1059,Class A/1 (Rhodopsin-like Receptors) R-HSA-373076,56/327,1.9903633309889239e-13,Signal Transduction,Reactome_2022,5.360044876989919e-15,0.0,0.0,3.8464679761453646,126.39418397031388,CXCL6;CXCL9;CXCL8;GPR68;GPR65;CXCL1;CXCL13;CXCL3;CXCL2;CX3CL1;CXCL5;CXCL16;CCRL2;C3AR1;CCR9;CCR7;CCR5;CCR2;EDN1;EDN2;CD200R1;XCL1;PTGER4;CX3CR1;CCL13;CCL11;PTAFR;C5AR1;FPR1;CXCR5;CXCR6;C3;HCAR2;HCAR3;GPNMB;CCL7;CXCR3;CCL5;CCL4;CCL3;CCL2;CCL1;CCL19;CCL16;CCR1;CCL23;CCL22;CCL20;PPBP;CXCL11;GPR183;ACKR4;SAA2;CCL28;GPR18;CCL27,0.1712538226299694
4,1059,Signaling By Interleukins R-HSA-449147,110/453,7.852167577563368e-41,Immune System,Reactome_2022,4.229174637825872e-43,0.0,0.0,6.284903243248225,613.2126807621539,CNTFR;CSF3;IL1RN;CSF2;CSF3R;CSF1;RORC;F13A1;IL1RAP;ICAM1;IL27RA;IL36A;IL18RAP;IL36B;LGALS9;IL13RA2;IL6R;IL13RA1;IL15RA;IL4R;IL1R1;IL11RA;IL1R2;LIFR;SIGIRR;TXLNA;PRTN3;IL6ST;S100A9;EBI3;FPR1;IL20RA;IL20RB;CSF2RA;CNN2;S100A12;IL36RN;MCL1;CCR1;TSLP;IL31RA;IL36G;NFKB2;IL1F10;IL22RA1;IL7;LCN2;IL7R;ITGAM;IL20;CXCL8;IL24;CXCL1;CXCL2;IL18BP;ITGAX;CASP1;TIMP1;LBP;CCR5;HAVCR2;CCR2;DUSP4;IL11;SERPINB2;IL15;MMP1;MMP3;IL18;IL16;IRAK3;TNFRSF1B;OSMR;MMP9;IL17RA;FCER2;ZEB1;IRF4;PELI1;CCL11;CTF1;CEBPD;PTAFR;PTGS2;USP18;IL1RL1;IL1RL2;PTPRZ1;CCL5;CCL4;STAT4;CCL3;IL21R;CCL2;CCL19;STX3;IL32;IL33;CCL22;CCL20;IL10RB;IL37;IL10RA;IL34;BATF;CLCF1;SAA2;IL17C;CRLF1;IL18R1,0.24282560706401765
4,1059,Leukocyte Cell-Cell Adhesion (GO:0007159),11/31,6.157289474776916e-06,cellular process,GO_Biological_Process_2023,2.768958580373051e-07,0.0,0.0,9.929914122137404,149.93797322312253,SELP;LRG1;SELL;TNIP1;CD209;CCL5;OLR1;ITGAL;SELE;ICAM1;FERMT3,0.3548387096774194
4,1059,Antigen Processing And Presentation Of Endogenous Peptide Antigen Via MHC Class Ib (GO:0002476),9/13,5.8928959048526155e-08,immune system process,GO_Biological_Process_2023,1.8660790843922412e-09,0.0,0.0,40.57928571428572,815.6203646977757,RAET1E;HLA-B;HLA-A;HLA-F;ULBP2;HLA-G;ULBP1;MICA;HLA-E,0.6923076923076923
4,1059,Regulation Of Cytokine Production (GO:0001817),27/167,4.74365973410196e-06,biological regulation,GO_Biological_Process_2023,2.0771054457014498e-07,0.0,0.0,3.5134759136212623,54.0622766913521,PTGER4;LITAF;GPNMB;IFI16;CCR7;LGALS9;CCR2;SRGN;IL33;GBP7;BTN3A1;IL15;SLC11A1;NFAM1;CRTAM;HLA-B;ZBTB32;ISG15;BTN3A3;BTN3A2;TNFRSF1B;BATF;CLEC4A;CLEC6A;SAA1;IRF8;FCGR2B,0.16167664670658682
4,1059,Positive Regulation Of Tumor Necrosis Factor Superfamily Cytokine Production (GO:1903557),23/82,1.1162961154175907e-09,biological regulation,GO_Biological_Process_2023,2.3338735351925963e-11,0.0,0.0,7.104999672796283,173.93683391037536,IL33;CD84;IFNGR1;MMP8;LILRA2;HLA-E;CD2;TYROBP;OAS1;OAS2;CLEC7A;OAS3;CCL3;TNFRSF8;LGALS9;LCP1;CCL19;CD14;TMEM106A;CCR2;HAVCR2;TLR2;IL17A,0.2804878048780488
4,1059,Regulation Of T Cell Mediated Cytotoxicity (GO:0001914),16/36,4.464011399418792e-10,biological regulation,GO_Biological_Process_2023,9.15694646034624e-12,0.0,0.0,14.512751677852348,368.863474182386,HLA-B;CD1E;LILRB1;CD1D;HLA-A;HLA-F;HLA-G;HLA-E;CEACAM1;RAET1E;XCL1;KLRD1;KLRC1;ULBP2;ULBP1;MICA,0.4444444444444444
4,1059,Regulation Of Monocyte Chemotaxis (GO:0090025),10/25,5.924724687461468e-06,biological regulation,GO_Biological_Process_2023,2.617629842192049e-07,0.0,0.0,12.027963139497936,182.29372108340343,CCR1;DUSP1;CCL5;CXCL17;SLAMF8;CCL1;PLA2G7;CCR2;LGMN;S100A7,0.4
4,1059,Antimicrobial Humoral Immune Response Mediated By Antimicrobial Peptide (GO:0061844),21/65,4.2480327507064095e-10,response to stimulus,GO_Biological_Process_2023,8.546338078344256e-12,0.0,0.0,8.688846558066212,221.43975726338172,CXCL6;CCL13;CXCL9;CXCL8;TSLP;RNASE6;CXCL1;RNASE3;PPBP;CXCL13;CXCL3;CXCL2;CXCL5;CXCL11;GNLY;S100A12;PGLYRP1;S100A9;CAMP;PF4V1;S100A7,0.3230769230769231
4,1059,Positive Regulation Of Tumor Necrosis Factor Production (GO:0032760),23/78,3.7729064017094737e-10,biological regulation,GO_Biological_Process_2023,7.441629983647878e-12,0.0,0.0,7.623341523341523,195.33997876351572,IL33;CD84;IFNGR1;MMP8;LILRA2;HLA-E;CD2;TYROBP;OAS1;OAS2;CLEC7A;OAS3;CCL3;TNFRSF8;LGALS9;LCP1;CCL19;CD14;TMEM106A;CCR2;HAVCR2;TLR2;IL17A,0.2948717948717949
4,1059,Positive Regulation Of Type II Interferon Production (GO:0032729),20/58,3.5170667646776835e-10,biological regulation,GO_Biological_Process_2023,6.7982750086472e-12,0.0,0.0,9.575502760751736,246.2278505885836,IL1R1;SLC11A1;EBI3;CRTAM;IL18;ISG15;LILRB1;BTN3A2;HLA-A;CD2;CLEC7A;TNFSF4;CD226;SLAMF6;LGALS9;CD14;CD244;IL18R1;CCR2;SLAMF1,0.3448275862068966
4,1059,Regulation Of Interleukin-12 Production (GO:0032655),19/50,1.6232191335800462e-10,biological regulation,GO_Biological_Process_2023,3.073551022163401e-12,0.0,0.0,11.14423076923077,295.4133591978542,CD40;HLA-B;LAPTM5;IL16;IRAK3;LILRB1;HLA-G;SCIMP;CLEC7A;TNFSF4;CCR7;IRF5;LGALS9;LTB;CCL19;TIGIT;TLR2;SLAMF1;IL17A,0.38
4,1059,Negative Regulation Of Leukocyte Mediated Cytotoxicity (GO:0001911),11/14,1.478335256439167e-10,biological regulation,GO_Biological_Process_2023,2.74089771410812e-12,0.0,0.0,66.2589058524173,1763.9933327343729,CX3CR1;CEACAM1;LILRB1;KLRD1;KLRC1;LGALS9;HLA-F;FCGR2B;HLA-G;MICA;HLA-E,0.7857142857142857
4,1059,Regulation Of T Cell Activation (GO:0050863),20/62,1.299029175597048e-09,biological regulation,GO_Biological_Process_2023,2.7671627409167887e-11,0.0,0.0,8.661716852284705,210.5716507196555,TNFSF18;CRTAM;LAPTM5;TNFRSF1B;CD2;LGALS3;HLA-DMA;GPNMB;SIT1;CD209;CCL5;TBX21;TNFSF11;CCL2;TNFSF9;TNFSF8;TIGIT;B2M;HLA-DQA1;CCR2,0.3225806451612903
4,1059,Cellular Response To Lipid (GO:0071396),42/228,6.457814957523064e-11,cellular process,GO_Biological_Process_2023,1.1718322999844613e-12,0.0,0.0,4.164208456243855,114.40101911320905,CX3CR1;CXCL6;CXCL9;CXCL8;GFI1;RORC;TNFAIP3;CXCL1;AHR;CXCL13;CXCL3;CXCL2;CXCL5;ZFP36;IL36A;IL36B;SPP1;CASP1;CCL2;IL36RN;CD14;CCR5;GBP2;PF4V1;GBP3;IL37;CD180;ACOD1;IL36G;LILRB1;PPBP;PDCD1LG2;LILRB2;TNFRSF1B;IRGM;IL1F10;CXCL11;TNIP1;TNFSF4;TNIP3;LCP1;CD68,0.18421052631578946
4,1059,Positive Regulation Of ERK1 And ERK2 Cascade (GO:0070374),37/179,4.0265791177010066e-11,biological regulation,GO_Biological_Process_2023,6.988934168790702e-13,0.0,0.0,4.792887461756842,134.14946027871855,CCL14;CCL13;SEMA7A;CCL11;C5AR1;CXCL17;TNFRSF11A;CX3CL1;ICAM1;CCL8;CCL7;GPNMB;CCL5;CCL4;CCL3;TNFSF11;CCL2;CCR7;CCL1;LGALS9;CCL19;CCL18;CCL16;SLAMF1;CCL15;CCR1;CCL24;CCL23;CCL22;CCL20;SCIMP;MFHAS1;GPR183;CHI3L1;XCL1;S100A7;CCL26,0.20670391061452514
4,1059,Defense Response To Protozoan (GO:0042832),12/15,1.0579071221693593e-11,biological process involved in interspecies interaction between organisms,GO_Biological_Process_2023,1.7944775642320493e-13,0.0,0.0,72.35148042024832,2123.435805146095,GBP6;BATF2;CD40;GBP7;CLEC7A;IRF4;SLC11A1;NKG7;GBP2;LYST;GBP1;GBP4,0.8
4,1059,Specific Granule (GO:0042581),36/159,4.687823042283129e-12,cellular anatomical structure,GO_Cellular_Component_2023,7.813038403805216e-14,0.0,0.0,5.38387812030613,162.48758108155536,ITGAM;CLEC12A;CXCL1;SLC2A3;GPR84;ITGAL;LILRA3;FCAR;ADGRG3;CNN2;CRACR2A;PLAU;CLEC5A;C3AR1;OLR1;STX3;PGLYRP1;B2M;ELANE;CAMP;CD33;CD53;PLAUR;CYBB;MCEMP1;PRG3;LYZ;MMP8;TNFRSF1B;CEACAM1;CLEC4D;LRG1;SLPI;LCN2;CHI3L1;ADAM8,0.22641509433962265
4,1059,Negative Regulation Of Natural Killer Cell Mediated Cytotoxicity (GO:0045953),13/16,6.976688454972699e-13,biological regulation,GO_Biological_Process_2023,1.1559010457942936e-14,0.0,0.0,78.45570427023581,2517.7464161187145,SERPINB4;HLA-B;LILRB1;SERPINB9;HLA-A;HLA-F;HLA-G;HLA-E;CEACAM1;KLRD1;KLRC1;LGALS9;MICA,0.8125
4,1059,Secretory Granule Membrane (GO:0030667),51/279,5.466627141808459e-13,cellular anatomical structure,GO_Cellular_Component_2023,6.074030157564954e-15,0.0,0.0,4.152581975772765,135.93374970450566,PIGR;SIGLEC9;ITGAM;SLC2A3;ITGAL;FCAR;LGALS3;GLIPR1;PLAU;ANPEP;CLEC5A;C3AR1;ITGAX;OLR1;CD33;CD53;CR1;CD300A;SLC11A1;NFAM1;HLA-B;PLAUR;CYBB;IRAG2;MCEMP1;TNFRSF1B;CEACAM1;CLEC4C;CLEC4D;TYROBP;ADAM8;TLR2;SERPINB10;SERPINB12;CLEC12A;PTAFR;C5AR1;FPR1;GPR84;LILRA3;ADGRG3;CD14;CD58;CD55;LILRB2;LILRB3;BST2;SELP;FCGR2A;SELL;CD68,0.1827956989247312
4,1059,Positive Regulation Of Leukocyte Mediated Cytotoxicity (GO:0001912),22/51,1.5069916912816437e-13,biological regulation,GO_Biological_Process_2023,2.437343563808575e-15,0.0,0.0,13.835134506035311,465.52277480711945,ITGAM;CD160;KLRC3;CRTAM;HLA-B;CD1E;HLA-A;CD1D;HLA-F;HLA-G;HLA-E;NCR3;TYROBP;KLRK1;RAET1E;XCL1;CD226;SLAMF6;KLRD1;ULBP2;ULBP1;MICA,0.43137254901960786
4,1059,Regulation Of Natural Killer Cell Mediated Cytotoxicity (GO:0042269),18/32,1.3720843309191669e-13,biological regulation,GO_Biological_Process_2023,2.165024585276792e-15,0.0,0.0,23.376286537669824,789.331748516448,KLRB1;CD160;KLRC3;CRTAM;LILRB1;HLA-F;HLA-G;HLA-E;NCR1;NCR3;KLRK1;RAET1E;SLAMF6;CD226;KLRD1;KLRC1;LGALS9;MICA,0.5625
4,1059,Regulation Of Tumor Necrosis Factor Production (GO:0032680),34/127,1.2158112638089964e-13,biological regulation,GO_Biological_Process_2023,1.862282298802169e-15,0.0,0.0,6.72260162601626,228.0103019873295,CX3CR1;CD84;TNFAIP3;LILRA2;CX3CL1;ZFP36;CLEC7A;CCL3;TNFRSF8;LGALS9;CD14;CCL19;CD33;SLAMF1;CCR2;HAVCR2;IL33;IFNGR1;IL37;IRAK3;LILRB1;MMP8;LILRB4;HLA-E;CLEC4A;CD2;TYROBP;OAS1;OAS2;OAS3;LCP1;TMEM106A;TLR2;IL17A,0.2677165354330709
4,1059,Regulation Of Interleukin-6 Production (GO:0032675),29/114,5.082046035733171e-11,biological regulation,GO_Biological_Process_2023,9.021383495384328e-13,0.0,0.0,6.245848086807539,173.222403965122,CD84;TNFAIP3;LILRA2;AIF1;CX3CL1;CLEC7A;LGALS9;IL6R;SLAMF1;IL33;TSLP;IL37;HLA-B;IL16;IRAK3;LILRB2;POU2F2;MMP8;LILRB4;SCIMP;IL17RA;CD200R1;TYROBP;TNFSF4;LCP1;IL17D;TMEM106A;TLR2;IL17A,0.2543859649122807
4,1059,Regulation Of Dendritic Cell Differentiation (GO:2001198),9/10,1.3907047971303343e-09,biological regulation,GO_Biological_Process_2023,3.017308238349838e-11,0.0,0.0,162.34285714285716,3932.6048816681487,LGALS3;LGALS1;TMEM176B;HLA-B;LILRB1;LGALS9;LILRB2;FCGR2B;HLA-G,0.9
4,1059,Response To Molecule Of Bacterial Origin (GO:0002237),21/69,1.399293769344174e-09,response to stimulus,GO_Biological_Process_2023,3.1002377341318746e-11,0.0,0.0,7.963090077071291,192.6825499813141,CXCL8;GCH1;SLC11A1;TNFAIP3;IRAK3;AHR;TNFRSF11A;CXCL2;SELE;SELP;SLPI;NOCT;PELI1;IRF5;LGALS9;CD14;TRIB1;FCGR2B;S100A9;S100A8;S100A7,0.30434782608695654
4,1059,Extracellular Matrix Disassembly (GO:0022617),17/44,1.399293769344174e-09,cellular process,GO_Biological_Process_2023,3.146341019827137e-11,0.0,0.0,11.428805004620743,276.3736006819057,MMP1;MMP3;CAPG;MMP8;MMP9;CTSS;MMP10;MMP12;MMP14;MMP13;MMP15;CTSK;MMP19;ADAM8;LCP1;TPSAB1;ELANE,0.38636363636363635
4,1059,Positive Regulation Of Interleukin-6 Production (GO:0032755),20/76,5.455032852215095e-08,biological regulation,GO_Biological_Process_2023,1.6139150450340516e-09,0.0,0.0,6.491475319675512,131.41734011294696,IL33;TSLP;IL16;LILRB2;MMP8;LILRA2;POU2F2;AIF1;SCIMP;IL17RA;TYROBP;CLEC7A;TNFSF4;LGALS9;LCP1;IL17D;IL6R;TMEM106A;TLR2;IL17A,0.2631578947368421
4,1059,CXCR Chemokine Receptor Binding (GO:0045236),10/16,4.6958319634651633e-08,binding,GO_Molecular_Function_2023,9.938268705746376e-10,0.0,0.0,30.084207181442643,623.629312206772,CXCL6;CXCL9;CXCL11;CXCL8;PPBP;CXCL13;CXCL3;CXCL2;CXCL5;PF4V1,0.625
4,1059,Regulation Of Defense Response (GO:0031347),23/97,3.2266839293283774e-08,biological regulation,GO_Biological_Process_2023,9.244732567623535e-10,0.0,0.0,5.660296879891474,117.74434661428008,SEMA7A;IL20;IL1R1;IL37;ERAP1;PTGS2;SAMHD1;SELE;USP18;HERC5;NLRP14;CYLD;IL1RL2;TNFSF4;IRF1;DHX58;CASP4;CASP1;XCL1;NLRP1;FCGR2B;CCR2;BIRC3,0.23711340206185566
4,1059,T Cell Mediated Immunity (GO:0002456),11/20,3.2266839293283774e-08,response to stimulus,GO_Biological_Process_2023,9.41756333558395e-10,0.0,0.0,22.07930449533503,458.88024706869896,CR2;CR1;CD70;CD8A;CRTAM;PRF1;BTN3A3;BTN3A2;HLA-A;MICA;MYO1G,0.55
4,1059,Positive Regulation Of Chemokine Production (GO:0032722),17/53,3.2266839293283774e-08,biological regulation,GO_Biological_Process_2023,9.41911679567258e-10,0.0,0.0,8.567525058647899,178.05981233034328,EGR1;IL33;CD84;TSLP;IL18;AIF1;IL17RA;OAS1;CLEC7A;IL7;OAS3;TNFSF4;LGALS9;LCP1;IL6R;TLR2;IL17A,0.32075471698113206
4,1059,Response To Interferon-Beta (GO:0035456),13/29,2.6214181428343434e-08,response to stimulus,GO_Biological_Process_2023,7.342038979930507e-10,0.0,0.0,14.7003465583174,309.1811336306694,IFITM3;IFITM1;IFITM2;IRGM;BST2;PLSCR1;AIM2;IFI16;OAS1;IRF1;MNDA;XAF1;SHFL,0.4482758620689655
4,1059,Regulation Of ERK1 And ERK2 Cascade (GO:0070372),39/244,2.228751990847373e-08,biological regulation,GO_Biological_Process_2023,6.154344747902015e-10,0.0,0.0,3.494519368723099,74.11418719647166,CCL14;CCL13;SEMA7A;CCL11;C5AR1;CXCL17;CX3CL1;ICAM1;CCL8;GPNMB;CCL7;CCL5;CCL4;CCL3;CCL2;CCR7;CCL1;LGALS9;CCL19;CCL18;GBP1;CCL16;SLAMF1;CCL15;CCR1;DUSP4;CCL24;CCL23;CCL22;CCL20;SCIMP;MFHAS1;CEACAM1;TNIP1;GPR183;CHI3L1;XCL1;CCL26;S100A7,0.1598360655737705
4,1059,Regulation Of I-kappaB kinase/NF-kappaB Signaling (GO:0043122),38/232,1.8286842646100042e-08,biological regulation,GO_Biological_Process_2023,4.977483797163325e-10,0.0,0.0,3.5965649201813465,77.04175254946887,CD40;IFIT5;SECTM1;TNFAIP3;LITAF;CX3CL1;EDA2R;LGALS1;CLEC7A;UBD;MIER1;TNFSF10;CASP1;S100A12;CCR7;LGALS9;CCL19;TRIM22;APOL2;NDFIP2;GBP7;RHOH;TRAF1;LILRB4;IRGM;BST2;EDAR;TNIP1;CLEC6A;TNIP3;PELI1;S100A4;TNFRSF25;LTB;LTBR;TRIM38;TMEM106A;BIRC3,0.16379310344827586
4,1059,Positive Regulation Of Interleukin-1 Production (GO:0032732),19/64,1.6199703286229156e-08,biological regulation,GO_Biological_Process_2023,4.3454825383178796e-10,0.0,0.0,7.671452991452991,165.3713190324331,GBP5;EGR1;IL16;LILRA2;AIM2;TYROBP;IFI16;CLEC7A;CASP1;CCL3;SAA1;MNDA;LGALS9;LCP1;CCL19;NLRP1;NAIP;TMEM106A;IL17A,0.296875
4,1059,Positive Regulation Of Interleukin-12 Production (GO:0032735),14/33,1.5048381719903942e-08,biological regulation,GO_Biological_Process_2023,3.9772843204479845e-10,0.0,0.0,13.342130445731554,288.7937713796596,CD40;LAPTM5;IL16;HLA-G;SCIMP;CLEC7A;TNFSF4;CCR7;IRF5;CCL19;LGALS9;LTB;IL17A;TLR2,0.42424242424242425
4,1059,Positive Regulation Of Cytokine Production Involved In Immune Response (GO:0002720),14/33,1.5048381719903942e-08,biological regulation,GO_Biological_Process_2023,3.9772843204479845e-10,0.0,0.0,13.342130445731554,288.7937713796596,CD160;LAPTM5;HLA-A;HLA-F;HLA-G;SCIMP;HLA-E;CLEC7A;TNFSF4;XCL1;TNFRSF14;CD226;IRF5;CD55,0.42424242424242425
4,1059,Natural Killer Cell Mediated Immunity (GO:0002228),12/22,7.035707016735631e-09,response to stimulus,GO_Biological_Process_2023,1.8040274401886235e-10,0.0,0.0,21.697421203438395,486.7996383199489,CD2;KLRK1;RAET1E;GZMB;NKG7;SLAMF7;KIR3DL1;KLRD1;ULBP2;LYST;ULBP1;MICA,0.5454545454545454
4,1059,Antigen Processing And Presentation Of Endogenous Peptide Antigen (GO:0002483),12/21,3.4125797791143543e-09,immune system process,GO_Biological_Process_2023,8.615586030111192e-11,0.0,0.0,24.109519261381724,558.7348090338164,RAET1E;ERAP1;HLA-B;TAP2;TAP1;HLA-A;HLA-F;ULBP2;HLA-G;ULBP1;MICA;HLA-E,0.5714285714285714
4,1059,Cellular Component Disassembly (GO:0022411),17/46,2.918467463656931e-09,cellular process,GO_Biological_Process_2023,7.252996063526101e-11,0.0,0.0,10.639486398835132,248.4003165246714,MMP1;MMP3;CAPG;MMP8;MMP9;CTSS;MMP10;MMP12;MMP14;MMP13;MMP15;CTSK;MMP19;ADAM8;LCP1;TPSAB1;ELANE,0.3695652173913043
4,1059,Positive Regulation Of MAPK Cascade (GO:0043410),47/310,2.8649220439136724e-09,biological regulation,GO_Biological_Process_2023,7.006909929887483e-11,0.0,0.0,3.2983137708712182,77.11965281965816,CCL14;CCL13;CD40;SEMA7A;CCL11;C5AR1;CXCL17;CX3CL1;ICAM1;CCL8;GPNMB;CCL7;CCL5;CCL4;CCL3;TNFSF11;S100A12;CCL2;CCR7;CCL1;LGALS9;CCL19;CCL18;ELANE;CCL16;SLAMF1;CCL15;CCR1;IL11;CCL24;EDN1;CCL23;CCL22;CCL20;IL34;SEMA4C;LAPTM5;MMP8;SCIMP;MFHAS1;GPR183;CHI3L1;XCL1;ADAM8;TMEM106A;CCL26;S100A7,0.15161290322580645
4,1059,Myeloid Leukocyte Differentiation (GO:0002573),21/71,2.3616646298435636e-09,cellular process,GO_Biological_Process_2023,5.682901081674848e-11,0.0,0.0,7.643757225433526,180.3236792423081,BATF2;IL33;CSF3;BATF3;CSF2;CSF1;IL15;IL31RA;SNX10;TNFRSF11A;MMP9;IL1RL1;TYROBP;IFI16;UBD;GPR183;TNFSF11;CCR7;PRTN3;LGALS9;CCL19,0.29577464788732394
4,1059,Regulation Of T Cell Proliferation (GO:0042129),22/77,1.7924245306153961e-09,biological regulation,GO_Biological_Process_2023,4.2424249245334814e-11,0.0,0.0,7.284860173577628,173.9865082758157,TNFSF18;CR1;IL15;CD70;LILRB1;TNFRSF13C;PDCD1LG2;CD1D;LILRB2;TNFRSF1B;HLA-G;LILRB4;LGALS3;GPNMB;CD209;CCL5;TNFSF9;TNFSF8;VSIG4;CCL19;IL6ST;IDO1,0.2857142857142857
4,1059,Regulation Of Interleukin-1 Beta Production (GO:0032651),23/84,1.7256647849271931e-09,biological regulation,GO_Biological_Process_2023,4.0163401305997785e-11,0.0,0.0,6.8713209696816255,164.48612766630131,CX3CR1;GBP5;EGR1;TNFAIP3;LILRA2;LILRB4;CX3CL1;AIM2;TYROBP;IFI16;CLEC7A;CASP1;CCL3;CCR7;MNDA;LGALS9;LCP1;CCL19;NLRP1;CD33;NAIP;TMEM106A;IL17A,0.27380952380952384
4,1059,Positive Regulation Of Natural Killer Cell Mediated Immunity (GO:0002717),13/24,1.5129304873051835e-09,biological regulation,GO_Biological_Process_2023,3.4615372096134384e-11,0.0,0.0,21.387971493134017,515.1661502830513,CD160;KLRC3;CRTAM;SH2D1B;HLA-F;HLA-G;HLA-E;NCR3;KLRK1;RAET1E;CD226;KLRD1;SLAMF6,0.5416666666666666
4,1059,Regulation Of Viral Genome Replication (GO:0045069),25/67,1.2158112638089964e-13,biological regulation,GO_Biological_Process_2023,1.870478867398456e-15,0.0,0.0,10.879501703969789,368.95199276294034,IFITM3;IFITM1;CXCL8;IFITM2;IFIT5;ZC3HAV1;IFIT1;OASL;IFI16;CCL5;GBP7;APOBEC3F;RSAD2;MX1;ISG15;BST2;ISG20;PLSCR1;ZNFX1;OAS1;SLPI;TNIP1;OAS2;OAS3;SHFL,0.373134328358209
4,1059,Negative Regulation Of Viral Genome Replication (GO:0045071),23/53,3.284718272476992e-14,biological regulation,GO_Biological_Process_2023,4.794263356278055e-16,0.0,0.0,13.99462676962677,493.6456448503717,IFITM3;IFITM1;IFITM2;APOBEC3F;RSAD2;MX1;IFIT5;ISG15;ZC3HAV1;IFIT1;OASL;BST2;ISG20;PLSCR1;ZNFX1;OAS1;SLPI;IFI16;TNIP1;OAS2;OAS3;CCL5;SHFL,0.4339622641509434
4,1059,Receptor Ligand Activity (GO:0048018),57/319,2.3412667477460588e-14,binding,GO_Molecular_Function_2023,4.3356791624927015e-16,0.0,0.0,4.055640627142661,143.46619131281082,CSF3;CXCL9;CSF2;EDA;CSF1;CXCL1;CXCL13;CX3CL1;TNFSF13B;NPPB;LGALS3;IL36A;IL36B;TNFSF11;TIMP1;PGLYRP1;IL11;SEMA6C;EDN1;EDN2;IL15;IL18;IL16;S100A4;SEMA7A;CCL11;CSH2;SEMA3D;GPNMB;CCL5;CCL4;CCL3;CCL16;CCL15;CCL24;IL33;SEMA4A;TSLP;CD70;IL37;TNFSF12;IL34;TNFSF13;SEMA4C;IL36G;CSHL1;INHBA;INHBC;IL1F10;INHBE;BMP3;IL7;CLCF1;IL17D;CRLF1;CCL26;IL17A,0.1786833855799373
4,1059,Cytokine Receptor Binding (GO:0005126),31/100,2.21563831323184e-14,binding,GO_Molecular_Function_2023,3.5168862114791115e-16,0.0,0.0,8.24778661253031,293.4874695776332,CSF3;IL1RN;IL20;CSF1;CSH2;IL1RAP;IL36A;IL36B;CCL5;CCRL2;TNFSF11;IL36RN;CCL19;IL6R;TNFSF18;IL11;TSLP;IL37;IL34;ERAP1;IL18;LIFR;CSHL1;OSMR;INHBC;TNFSF4;CLCF1;TNFSF9;XCL1;IL6ST;CRLF1,0.31
4,1059,Positive Regulation Of Response To External Stimulus (GO:0032103),47/155,3.763953246042754e-21,biological regulation,GO_Biological_Process_2023,2.2271912698477837e-23,0.0,0.0,8.098658688332602,422.4156374326081,PTGER4;PLAT;IFI35;CD1D;PLA2G7;AIF1;CX3CL1;THBD;LGALS1;PLAU;CCL5;CASP4;NFKBIZ;CASP1;CCL3;S100A12;CCL1;NLRP1;CCL19;STX3;CCR2;GBP5;IL33;TSLP;IL15;CD180;LY86;SH2D1B;IL18;ACOD1;NKG7;IL16;IRGM;SCIMP;IL17RA;PLSCR1;AIM2;TNIP1;TNFSF4;NINJ1;ADAM8;LCP1;S100A9;NAIP;S100A8;TLR2;CCL26,0.3032258064516129
4,1059,Defense Response To Symbiont (GO:0140546),46/148,3.721622566064507e-21,biological process involved in interspecies interaction between organisms,GO_Biological_Process_2023,2.0553339615346389e-23,0.0,0.0,8.38698875404061,438.1280631341658,IFITM3;RTP4;IFITM1;CD40;IFITM2;IFIT5;PRF1;DDX60L;IFIT1;DDX60;SAMHD1;LYST;IFI44L;IFIT3;IFIT2;OASL;IFI16;CASP1;NLRP1;GBP2;MICA;GBP5;GBP7;APOBEC3F;RSAD2;MX2;MX1;RNASE6;ACOD1;ISG15;LILRB1;RNASE1;BST2;ISG20;PLSCR1;AIM2;ZNFX1;IFI27;OAS1;OAS2;IRF1;OAS3;IFIT1B;IRF2;SHFL;TLR2,0.3108108108108108
4,1059,Cytokine Receptor Activity (GO:0004896),34/76,1.2312159698280753e-21,molecular transducer activity,GO_Molecular_Function_2023,1.3028740421461113e-23,0.0,0.0,14.926039488966316,786.5259271071213,CX3CR1;CNTFR;CSF3R;EBI3;IL1RAP;CSF2RA;IL1RL1;IL1RL2;IL18RAP;CXCR3;IL21R;CCR5;IL13RA2;IL6R;CCR2;IL13RA1;CCR1;IL15RA;IL4R;IL11RA;IL1R1;IL10RB;IL1R2;IL10RA;IL31RA;LIFR;OSMR;IL17RA;IL22RA1;ACKR4;IL6ST;IL7R;CRLF1;IL18R1,0.4473684210526316
4,1059,Regulation Of Inflammatory Response (GO:0050727),60/240,2.7762551597855097e-22,biological regulation,GO_Biological_Process_2023,1.4237205947618e-24,0.0,0.0,6.259926593259927,343.72486107318235,IL20;TNFAIP6;CXCL17;TNFAIP3;IFI35;AHR;CX3CL1;LGALS1;CASP4;NFKBIZ;CASP1;CCR2;IL1R1;IL15;MMP3;IL18;ACOD1;IL16;MMP8;TNFRSF1B;MMP9;IL17RA;ACE2;CD200R1;AIM2;NINJ1;XCL1;LCP1;S100A9;NAIP;S100A8;TLR2;BIRC3;PTGER4;SEMA7A;AOAH;PTGS2;PLA2G7;USP18;IL1RL2;CCL5;CCL3;S100A12;CCL1;NLRP1;ELANE;IL33;TSLP;IL37;IL10RA;NKG7;SELE;IRGM;IL22RA1;NLRP14;CYLD;MFHAS1;TNIP1;TNFSF4;SAA1,0.25
4,1059,Response To Lipopolysaccharide (GO:0032496),51/159,3.209400243955968e-24,response to stimulus,GO_Biological_Process_2023,1.5192427190324106e-26,0.0,0.0,8.822778880070548,524.5053853318675,CXCL6;CXCL9;CXCL8;GFI1;TNFAIP3;CXCL1;CXCL13;CXCL3;CXCL2;CXCL5;ZFP36;IL36A;IL36B;CASP1;LGALS9;CCR5;PF4V1;SLC11A1;CD180;IRAK3;PDCD1LG2;TNFRSF1B;SLPI;PELI1;TRIB1;S100A9;S100A8;S100A7;CX3CR1;TNFRSF11A;NOCT;CCL2;IL36RN;CD14;GBP2;GBP3;GCH1;IL37;IL36G;LILRB1;PPBP;LILRB2;SELE;IRGM;IL1F10;SELP;CXCL11;TNIP1;TNFSF4;TNIP3;CD68,0.32075471698113206
4,1059,Cellular Response To Type II Interferon (GO:0071346),36/66,1.7722641325910755e-26,response to stimulus,GO_Biological_Process_2023,7.690298011243325e-29,0.0,0.0,22.18299120234604,1436.0161165186653,CCL14;CCL13;SP100;CCL11;AIF1;CX3CL1;CCL8;CCL7;CCL5;CCL4;CASP1;CCL3;CCL2;CCL1;LGALS9;CCL19;CD58;CCL18;GBP2;GBP1;CCL16;GBP4;CCL15;GBP6;GBP5;CCL24;CCL23;CCL22;IFNGR1;CCL20;IFNGR2;IRF1;IRF8;XCL1;TLR2;CCL26,0.5454545454545454
4,1059,Chemokine-Mediated Signaling Pathway (GO:0070098),34/57,1.019179383016696e-26,cellular process,GO_Biological_Process_2023,4.0204314911901225e-29,0.0,0.0,27.28364793213149,1783.9025353502934,CCL14;CXCL6;CCL13;CXCL9;CXCL8;CCL11;CXCL1;CXCL13;CXCL3;CXCL2;CX3CL1;CXCL5;CCL8;CCL7;CCL5;CCL4;CCL3;CCL2;CCL1;CCL19;CCL18;PF4V1;CCL16;CCR2;CCL15;CCR1;CCL24;CCL23;CCL22;CCL20;PPBP;CXCL11;XCL1;CCL26,0.5964912280701754
4,1059,Cellular Response To Chemokine (GO:1990869),35/59,2.2502044908793085e-27,response to stimulus,GO_Biological_Process_2023,7.988891683595177e-30,0.0,0.0,26.940714518229168,1805.014422639852,CCL14;CXCL6;CCL13;CXCL9;CXCL8;CCL11;CXCL1;CXCL13;CXCL3;CXCL2;CX3CL1;CXCL5;CCL8;CCL7;CCL5;CCL4;CCL3;CCL2;CCL1;CCL19;CCL18;PF4V1;CCL16;CCR2;CCL15;CCR1;CCL24;CCL23;CCL22;DUSP1;CCL20;PPBP;CXCL11;XCL1;CCL26,0.5932203389830508
4,1059,Positive Regulation Of Cytokine Production (GO:0001819),77/320,1.526164243338442e-27,biological regulation,GO_Biological_Process_2023,4.816297414874768e-30,0.0,0.0,6.033483358896349,407.2935964375306,CD40;TRAF3IP3;CSF2;CXCL17;DHX58;CASP1;CCR7;LGALS9;IL6R;CCR2;HAVCR2;CCBE1;GBP5;BTN3A1;IL1R1;IL15;SLC11A1;NFAM1;IL18;IL16;HLA-A;BTN3A2;MMP8;HLA-G;HLA-E;IL17RA;TYROBP;IRF4;IRF1;CHI3L1;XCL1;CD226;IRF5;LCP1;LTB;IL6ST;TMEM106A;TLR2;PTGER4;EBI3;LILRA2;PTGS2;LY9;AIF1;C3;IFI16;CLEC7A;SLAMF6;TNFRSF14;CCL1;CD14;CCL19;CD58;TIGIT;ELANE;SLAMF1;EGR1;IL33;TSLP;CRTAM;LAPTM5;LILRB1;ISG15;PRG3;LILRB2;POU2F2;SCIMP;BATF;CD2;IL7;TNFSF4;CLEC6A;SAA1;IL17D;IL18R1;CD244;IL17A,0.240625
4,1059,Granulocyte Chemotaxis (GO:0071621),41/73,8.111662400227207e-31,cellular process,GO_Biological_Process_2023,2.2399067771830548e-33,0.0,0.0,23.798778241650293,1789.165346526119,CCL14;CXCL6;CCL13;CXCL9;CXCL8;CCL11;CXCL1;CXCL13;CXCL3;CXCL2;TREM1;CX3CL1;CXCL5;LGALS3;CCL8;CCL7;CCL5;CCL4;CCL3;CCL2;S100A12;CCL1;CCL19;CCL18;PF4V1;CCL16;CCL15;CCL24;EDN1;CCL23;EDN2;CCL22;CCL20;PPBP;CXCL11;JAML;SAA1;XCL1;S100A9;S100A8;CCL26,0.5616438356164384
4,1059,Neutrophil Migration (GO:1990266),42/77,8.111662400227207e-31,cellular process,GO_Biological_Process_2023,1.9311263453815678e-33,0.0,0.0,22.30796460176991,1680.3966146029784,CCL14;CXCL6;CCL13;CXCL9;CXCL8;CCL11;CXCL1;CXCL13;CXCL3;CXCL2;TREM1;CX3CL1;CXCL5;LGALS3;CCL8;CCL7;CCL5;CCL4;CCL3;CCL2;S100A12;CCL1;CCL19;CCL18;PF4V1;CCL16;CCL15;CCL24;EDN1;CCL23;EDN2;CCL22;CCL20;PPBP;CXCL11;JAML;SAA1;XCL1;PRTN3;S100A9;S100A8;CCL26,0.5454545454545454
4,1059,Neutrophil Chemotaxis (GO:0030593),41/70,1.0555059085929384e-31,cellular process,GO_Biological_Process_2023,2.081865697421969e-34,0.0,0.0,26.26488720276404,2036.9635748631845,CCL14;CXCL6;CCL13;CXCL9;CXCL8;CCL11;CXCL1;CXCL13;CXCL3;CXCL2;TREM1;CX3CL1;CXCL5;LGALS3;CCL8;CCL7;CCL5;CCL4;CCL3;CCL2;S100A12;CCL1;CCL19;CCL18;PF4V1;CCL16;CCL15;CCL24;EDN1;CCL23;EDN2;CCL22;CCL20;PPBP;CXCL11;JAML;SAA1;XCL1;S100A9;S100A8;CCL26,0.5857142857142857
4,1059,Chemokine Activity (GO:0008009),34/46,6.51187345735236e-32,binding,GO_Molecular_Function_2023,5.168153537581238e-34,0.0,0.0,52.3240650406504,4010.397727132294,CCL14;CCL13;CXCL6;CXCL9;CCL11;CXCL8;CXCL1;CXCL13;CXCL3;CXCL2;CX3CL1;CXCL5;CXCL16;CCL8;CCL7;CCL5;CCL4;CCL3;CCL2;CCL1;CCL19;CCL18;CCL16;PF4V1;CCL15;CCL24;CCL23;CCL22;CCL20;PPBP;CXCL11;XCL1;CCL27;CCL26,0.7391304347826086
4,1059,Cytokine Activity (GO:0005125),62/178,4.205514356029908e-32,binding,GO_Molecular_Function_2023,2.2251398709152954e-34,0.0,0.0,10.091913672050635,782.0029472131525,CXCL6;CSF3;CXCL9;CSF2;CXCL8;CSF1;CXCL1;CXCL13;CXCL3;CXCL2;CX3CL1;CXCL5;CXCL16;IL36A;IL36B;TNFSF11;TIMP1;PF4V1;IL11;EDN1;IL15;IL18;IL16;XCL1;CCL14;CCL13;CCL11;CCL8;CCL7;CCL5;CCL4;CCL3;CCL2;CCL1;CCL19;CCL18;CCL16;CCL15;CCL24;IL33;CCL23;CCL22;TSLP;CCL20;CD70;IL37;IL34;IL36G;INHBA;PPBP;INHBC;IL1F10;INHBE;BMP3;CXCL11;IL7;CLCF1;IL17D;CCL27;CRLF1;CCL26;IL17A,0.34831460674157305
4,1059,Chemokine Receptor Binding (GO:0042379),36/50,1.1191762084210178e-32,binding,GO_Molecular_Function_2023,2.960783620161423e-35,0.0,0.0,47.57519899455383,3782.4673514233855,CCL14;CX3CR1;CXCL6;CCL13;CXCL9;CXCL8;CCL11;CXCL1;CXCL13;CXCL3;CXCL2;CX3CL1;CXCL5;CXCL16;CCL8;CCL7;CCL5;CCRL2;CCL4;CCL3;CCL2;CCL1;CCL19;CCL18;PF4V1;CCL16;CCL15;CCL24;CCL23;CCL22;CCL20;PPBP;CXCL11;XCL1;CCL27;CCL26,0.72
4,1059,Response To Type II Interferon (GO:0034341),45/80,9.36508541667816e-34,response to stimulus,GO_Biological_Process_2023,1.4777255095350153e-36,0.0,0.0,23.972104818258664,1977.759998355491,IFITM3;CCL14;CCL13;CD40;CIITA;IFITM1;SP100;IFITM2;CCL11;AIF1;CX3CL1;CXCL16;CCL8;CCL7;KYNU;CCL5;UBD;CCL4;CASP1;CCL3;CCL2;CCL1;LGALS9;CCL19;CD58;CCL18;GBP2;GBP1;CCL16;GBP4;CCL15;GBP6;GBP5;CCL24;CCL23;CCL22;GCH1;CCL20;SLC11A1;BST2;IRF8;XCL1;SHFL;TLR2;CCL26,0.5625
4,1059,Inflammatory Response (GO:0006954),77/236,3.227651946482353e-37,response to stimulus,GO_Biological_Process_2023,3.819706445541247e-40,0.0,0.0,9.262408894695715,840.6861502231567,SERPINA3;CXCL6;CD40;CIITA;CXCL9;CXCL8;TNFAIP6;GPR68;LY75;CXCL1;CXCL13;CXCL3;ITGAL;CXCL2;CX3CL1;CXCL5;CCRL2;C3AR1;OLR1;CCR7;LGALS9;CCR5;TNFRSF4;PF4V1;CCR2;CD96;SLC11A1;NFAM1;IL18;CYBB;NCR3;CHI3L1;XCL1;ADAM8;S100A9;NAIP;S100A8;TLR2;CCL14;PTGER4;CCL13;CCL11;C5AR1;FPR1;AIF1;RELB;IL1RL1;CCL8;CCL7;CCL5;CCL4;CCL3;CCL2;CCL1;CD14;CCL19;CCL18;CCL16;APOL2;CCL15;KLRG1;CCR1;CCL24;CCL23;CCL22;CCL20;IL10RB;PPBP;LYZ;SELE;NFKB2;MFHAS1;CXCL11;TNFSF4;IL17D;FCGR2B;CCL26,0.326271186440678
4,1059,Cellular Response To Cytokine Stimulus (GO:0071345),89/308,2.2882939503542407e-38,response to stimulus,GO_Biological_Process_2023,1.8053601186226748e-41,0.0,0.0,7.843797956974062,735.8676994389064,CD40;CSF3;IFITM2;CSF2;CSF3R;CXCL8;IFIT1;CX3CL1;IL27RA;TCL1A;ZFP36;IL36A;IL36B;CASP1;TNFSF11;CCR7;LGALS9;IL13RA2;IL6R;CCR2;IL13RA1;GBP6;GBP5;EDN2;IL4R;DUSP1;IL11RA;LIFR;IRAK3;OSMR;AIM2;OAS1;IRF1;CHI3L1;IRF8;XCL1;IRF5;IL6ST;TLR2;CCL14;CCL13;NFAT5;CCL11;SELPLG;EBI3;LILRA1;LILRA2;AIF1;LILRA3;CSF2RA;CCL8;CCL7;IFI16;CCL5;CCL4;STAT4;CCL3;IL21R;CCL2;CCL1;CCL19;CD58;CCL18;GBP2;GBP1;CCL16;GBP4;CCL15;GBP3;CCR1;EGR1;CCL24;CCL23;CCL22;CCL20;IL37;IL31RA;IL36G;LILRB1;LILRB2;LILRB4;IRGM;IL1F10;IL7;CLCF1;MNDA;IL7R;CRLF1;CCL26,0.288961038961039
4,1059,Cytokine-Mediated Signaling Pathway (GO:0019221),96/257,1.2170498126042153e-52,cellular process,GO_Biological_Process_2023,4.800985454060021e-56,0.0,0.0,11.6282579671446,1481.160335732373,CNTFR;CXCL6;CSF3;CXCL9;CSF2;CSF3R;CXCL8;CXCL1;IL1RAP;CXCL13;CXCL3;CXCL2;CX3CL1;CXCL5;IL27RA;OASL;IL36A;IL18RAP;IL36B;TNFSF11;IL13RA2;IL6R;PF4V1;CCR2;IL13RA1;IL15RA;IL11;EDN2;IL4R;IL1R1;IL15;IL11RA;IL18;LIFR;IRAK3;TRAF1;OSMR;TNFRSF1B;IL17RA;CEACAM1;AIM2;OAS1;OAS2;XCL1;IRF5;IL6ST;BIRC3;CCL14;CCL13;CCL11;EBI3;LILRA1;TNFRSF11A;LILRA2;LILRA3;CSF2RA;IL1RL1;CCL8;CCL7;CCL5;CCL4;STAT4;CCL3;IL21R;CCL2;CCL1;CCL19;CCL18;CCL16;CCL15;CCR1;TNFSF18;EGR1;CCL24;IL33;CCL23;CCL22;CCL20;IL37;IL34;MX1;IL31RA;IL36G;LILRB1;PPBP;LILRB2;LILRB4;IL1F10;CXCL11;IL7;CLCF1;IL7R;CRLF1;IL18R1;CCL26;IL17A,0.3735408560311284
4,1059,Monocyte Chemotaxis (GO:0002548),26/42,5.7417962902975324e-21,cellular process,GO_Biological_Process_2023,3.624013437663137e-23,0.0,0.0,29.77069215876089,1538.3074851629185,CCL14;CCL13;CCL11;TNFRSF11A;CX3CL1;LGALS3;CCL8;CCL7;CCL5;CCL4;CCL3;CCL2;S100A12;TNFSF11;CCL1;CCL19;CCL18;IL6R;CCL16;CCL15;CCL24;CCL23;CCL22;CCL20;XCL1;CCL26,0.6190476190476191
4,1059,Antigen Processing And Presentation Of Peptide Antigen Via MHC Class Ib (GO:0002428),9/13,5.8928959048526155e-08,immune system process,GO_Biological_Process_2023,1.8660790843922412e-09,0.0,0.0,40.57928571428572,815.6203646977757,RAET1E;HLA-B;HLA-A;HLA-F;ULBP2;HLA-G;ULBP1;MICA;HLA-E,0.6923076923076923
4,1059,Lymphocyte Chemotaxis (GO:0048247),26/44,3.017188457215899e-20,cellular process,GO_Biological_Process_2023,2.023361095568848e-22,0.0,0.0,26.460040873400025,1321.7349254581184,CCL14;CCL13;CCL11;CXCL13;CX3CL1;CXCL16;CCL8;CCL7;CCL5;CCL4;CCL3;CCL2;CCL1;CCL19;CCL18;CCL16;CCL15;CCL24;CCL23;CCL22;CCL20;CXCL11;GPR183;SAA1;XCL1;CCL26,0.5909090909090909
4,1059,Lymphocyte Migration (GO:0072676),25/41,5.785982981526706e-20,cellular process,GO_Biological_Process_2023,4.3366341873375705e-22,0.0,0.0,28.597981141199227,1406.728215793967,CCL14;CCL13;CCL11;CX3CL1;CCL8;CCL7;CCL5;TBX21;CCL4;CCL3;CCL2;CCL1;CCL19;CCL18;CCL16;CCL15;CCL24;CCL23;CCL22;CCL20;CRTAM;SAA1;XCL1;CCL26;MYO1G,0.6097560975609756
4,1059,Negative Regulation Of Viral Process (GO:0048525),25/61,9.400272743382842e-15,biological regulation,GO_Biological_Process_2023,1.3349499753916462e-16,0.0,0.0,12.69678164624973,464.098700616914,IFITM3;IFITM1;IFITM2;IFIT5;ZC3HAV1;IFIT1;OASL;ZFP36;IFI16;CCL5;APOBEC3F;RSAD2;MX1;ISG15;BST2;ISG20;PLSCR1;ZNFX1;OAS1;SLPI;TNIP1;OAS2;OAS3;TRIM14;SHFL,0.4098360655737705
4,1059,Antimicrobial Humoral Response (GO:0019730),32/100,2.9738047049016447e-15,response to stimulus,GO_Biological_Process_2023,4.1058447602192324e-17,0.0,0.0,8.647917979265708,326.2992205262202,CXCL6;IGHM;WFDC9;CCL13;CXCL9;CXCL8;CXCL1;CXCL13;CXCL3;CXCL2;CXCL5;JCHAIN;GNLY;S100A12;IL36RN;PI3;PGLYRP1;CAMP;PF4V1;TSLP;SLC11A1;RNASE6;HLA-A;RNASE3;PPBP;LYZ;HLA-E;CXCL11;SLPI;PRTN3;S100A9;S100A7,0.32
4,1059,Tertiary Granule (GO:0070820),42/162,5.907719320141942e-16,cellular anatomical structure,GO_Cellular_Component_2023,3.2820662889677454e-18,0.0,0.0,6.477236971484759,260.76098481077486,SERPINB10;SERPINB12;ITGAM;TNFAIP6;CLEC12A;PTAFR;FPR1;CXCL1;SLC2A3;GPR84;LILRA3;CTSS;FCAR;CNN2;LGALS3;PLAU;CLEC5A;ITGAX;OLR1;CD58;PGLYRP1;B2M;CAMP;CD33;CD55;CD53;CR1;CD300A;SLC11A1;CYBB;MCEMP1;PPBP;PRG3;LILRB2;LYZ;MMP8;MMP9;CLEC4C;CEACAM1;CLEC4D;LRG1;ADAM8,0.25925925925925924
4,1059,Negative Regulation Of Cytokine Production (GO:0001818),44/178,2.8022469462972993e-16,biological regulation,GO_Biological_Process_2023,3.75843771889973e-18,0.0,0.0,6.084170281596942,244.1122943244224,PTGER4;CD84;TNFAIP3;CX3CL1;ZFP36;GPNMB;TBX21;DHX58;IL36RN;CCR7;LGALS9;VSIG4;TIGIT;GBP1;ELANE;CD33;SLAMF1;HAVCR2;SRGN;GBP7;CR1;IL37;SLC11A1;LAPTM5;ACOD1;IRAK3;LILRB1;INHBA;PDCD1LG2;MMP8;IRGM;LILRB4;CLEC4A;SIGIRR;CYLD;CD200R1;CEACAM1;RNF125;TYROBP;TNFSF4;BCL3;XCL1;XAF1;FCGR2B,0.24719101123595505
4,1059,Regulation Of Type II Interferon Production (GO:0032649),31/87,2.8022469462972993e-16,biological regulation,GO_Biological_Process_2023,3.715492950717636e-18,0.0,0.0,10.169451778765982,408.1409842564173,EBI3;CLEC7A;CCR7;IL36RN;SLAMF6;LGALS9;CD14;CCR2;HAVCR2;SLAMF1;CR1;BTN3A1;IL1R1;SLC11A1;CRTAM;IL18;LAPTM5;ISG15;LILRB1;BTN3A2;HLA-A;PDCD1LG2;INHBA;IRGM;LILRB4;CD2;TNFSF4;XCL1;CD226;CD244;IL18R1,0.3563218390804598
4,1059,Cellular Response To Interleukin-1 (GO:0071347),30/81,2.8022469462972993e-16,response to stimulus,GO_Biological_Process_2023,3.641198564968805e-18,0.0,0.0,10.798605156348254,433.6095538626732,CCL14;CCL13;CD40;CXCL8;CCL11;IL1RAP;CX3CL1;CCL8;CCL7;CCL5;CCL4;CCL3;CCL2;CCL1;CCL19;CCL18;GBP2;GBP1;CCL16;CCL15;GBP3;CCL24;EGR1;CCL23;CCL22;IL1R1;CCL20;IRAK3;XCL1;CCL26,0.37037037037037035
4,1059,Positive Regulation Of Inflammatory Response (GO:0050729),34/104,1.6443316859659075e-16,biological regulation,GO_Biological_Process_2023,1.993544321481499e-18,0.0,0.0,8.942355400696863,364.460159091913,PTGER4;C2CD4B;IFI35;PLA2G7;CX3CL1;LGALS1;CASP4;NFKBIZ;CASP1;CCL3;S100A12;CCL1;NLRP1;CCR2;IL33;TSLP;IL15;IL18;NKG7;IL16;MMP8;OSMR;IL17RA;AIM2;TNIP1;TNFSF4;NINJ1;ADAM8;LCP1;IL6ST;S100A9;NAIP;S100A8;TLR2,0.3269230769230769
4,1059,Positive Regulation Of Defense Response (GO:0031349),37/124,1.6443316859659075e-16,biological regulation,GO_Biological_Process_2023,2.0108198132127468e-18,0.0,0.0,7.8457610724970195,319.6989871945263,PTGER4;IFI35;CD1D;PLA2G7;CX3CL1;LGALS1;CCL5;CASP4;NFKBIZ;CASP1;CCL3;S100A12;CCL1;NLRP1;CCR2;GBP5;IL33;TSLP;IL15;SH2D1B;IL18;ACOD1;NKG7;IL16;IRGM;IL17RA;PLSCR1;AIM2;TNIP1;TNFSF4;NINJ1;ADAM8;LCP1;S100A9;NAIP;S100A8;TLR2,0.29838709677419356
4,1059,Cellular Defense Response (GO:0006968),24/48,1.5238247917040448e-16,response to stimulus,GO_Biological_Process_2023,1.7432315171367772e-18,0.0,0.0,18.277294685990334,747.3730386835308,CX3CR1;LGALS3BP;CXCL9;FCMR;NCF2;KLRC3;C5AR1;CD5L;PRF1;LSP1;KIR3DL2;LILRB2;HLA-G;FOSL1;NCR1;IL1RL2;TYROBP;GNLY;CLEC5A;MNDA;CD300C;CCR5;CCR2;KLRG1,0.5
4,1059,Defense Response To Bacterium (GO:0042742),48/204,9.038792452410519e-17,biological process involved in interspecies interaction between organisms,GO_Biological_Process_2023,9.983676081557969e-19,0.0,0.0,5.717111770524234,236.96379427234723,IGHM;WFDC9;CXCL13;EPX;LYST;MPO;JCHAIN;GNLY;CASP4;SLAMF8;CASP1;S100A12;TNFRSF14;NLRP1;PI3;PGLYRP1;GBP2;IL6R;GBP1;ELANE;CAMP;MICA;GBP4;GBP3;GBP6;GBP7;SLC11A1;RNASE6;IL18;ISG15;HLA-A;RNASE3;LYZ;RNASE1;IRGM;MPEG1;HLA-E;SELP;ZNFX1;SLPI;OAS1;OAS2;OAS3;LCN2;S100A9;NAIP;S100A8;TLR2,0.23529411764705882
4,1059,Response To Tumor Necrosis Factor (GO:0034612),35/108,8.116080049062042e-17,response to stimulus,GO_Biological_Process_2023,8.644345614385608e-19,0.0,0.0,8.834278681506849,367.437186009699,CCL14;CCL13;CD40;CXCL8;CCL11;TNFRSF11A;CX3CL1;CXCL16;TCL1A;ZFP36;CCL8;CCL7;UBD;CCL5;CCL4;CCL3;CCL2;CCL1;CCL19;CD58;CCL18;GBP2;GBP1;CCL16;CCL15;GBP3;CCL24;CCL23;CCL22;GCH1;CCL20;SELE;CHI3L1;XCL1;CCL26,0.32407407407407407
4,1059,Cellular Response To Tumor Necrosis Factor (GO:0071356),37/119,4.1552766248045677e-17,response to stimulus,GO_Biological_Process_2023,4.2618221792867356e-19,0.0,0.0,8.326368669753233,352.2005650740729,CCL14;CCL13;CD40;CXCL8;CCL11;TNFRSF11A;CX3CL1;TCL1A;ZFP36;CCL8;CCL7;CCL5;CCL4;CCL3;TNFSF11;CCL2;CCL1;CCL19;CD58;CCL18;GBP2;GBP1;CCL16;CCL15;GBP3;TNFSF18;CCL24;CCL23;CCL22;CCL20;TRAF1;TNFRSF1B;AIM2;CHI3L1;XCL1;BIRC3;CCL26,0.31092436974789917
4,1059,Response To Interleukin-1 (GO:0070555),32/85,1.5698810696330066e-17,response to stimulus,GO_Biological_Process_2023,1.548206183070026e-19,0.0,0.0,11.104260439822896,480.9479481160383,CCL14;CCL13;CD40;CXCL8;CCL11;TNFRSF11A;CX3CL1;CCL8;CCL7;CCL5;CCL4;CCL3;CCL2;CCL1;LGALS9;CCL19;CCL18;GBP2;GBP1;CCL16;CCL15;GBP3;CCL24;CCL23;CCL22;IL1R1;CCL20;IRAK3;SELE;CHI3L1;XCL1;CCL26,0.3764705882352941
4,1059,CCR Chemokine Receptor Binding (GO:0048020),24/44,8.823769101295617e-18,binding,GO_Molecular_Function_2023,1.1671652250391028e-19,0.0,0.0,21.937391304347827,956.350457322569,CCL14;CCL13;CCL24;CCL23;CCL11;CCL22;CCL20;CXCL13;CX3CL1;CCL8;CCL7;CCL5;CCL4;CCRL2;CCL3;CCL2;XCL1;CCL19;CCL18;CCL16;CCL27;CCL15;CCR2;CCL26,0.5454545454545454
4,1059,Response To Cytokine (GO:0034097),39/125,4.301077985834413e-18,response to stimulus,GO_Biological_Process_2023,4.0720264954645324e-20,0.0,0.0,8.382865937072504,374.2745188998371,IFITM3;NFAT5;CSF3;IFITM1;CD40;CIITA;SP100;IFITM2;ADAR;TNFRSF11A;CXCL16;RELB;LAMP3;UBD;KYNU;CCR7;LGALS9;TIMP1;IL6R;MCL1;GCH1;IL1R1;SLC11A1;MX2;MX1;LIFR;ISG15;IRAK3;OSMR;SELE;NFKB2;BST2;SELP;PLSCR1;SELL;CHI3L1;IL6ST;XAF1;SHFL,0.312
4,1059,Eosinophil Migration (GO:0072677),19/24,1.7651341203306653e-18,cellular process,GO_Biological_Process_2023,1.6015023576964617e-20,0.0,0.0,69.18923076923078,3153.697701356508,CCL14;CCL13;CCL24;CCL23;CCL11;CCL22;CX3CL1;LGALS3;CCL8;CCL7;CCL5;CCL4;CCL3;CCL2;XCL1;CCL18;CCL16;CCL15;CCL26,0.7916666666666666
4,1059,Eosinophil Chemotaxis (GO:0048245),19/24,1.7651341203306653e-18,cellular process,GO_Biological_Process_2023,1.6015023576964617e-20,0.0,0.0,69.18923076923078,3153.697701356508,CCL14;CCL13;CCL24;CCL23;CCL11;CCL22;CX3CL1;LGALS3;CCL8;CCL7;CCL5;CCL4;CCL3;CCL2;XCL1;CCL18;CCL16;CCL15;CCL26,0.7916666666666666
4,1059,Defense Response To Virus (GO:0051607),49/189,6.036998626696489e-19,biological process involved in interspecies interaction between organisms,GO_Biological_Process_2023,5.001063951109518e-21,0.0,0.0,6.51519801980198,304.55056168127254,IFITM3;RTP4;IFITM1;CD40;IFITM2;IFIT5;PRF1;DDX60L;IFIT1;LYST;IFI44L;IFIT3;IFIT2;OASL;DHX58;CASP1;TRIM26;GBP5;GBP7;RSAD2;RNASE6;ACOD1;RNASE1;PLSCR1;AIM2;IFI27;OAS1;OAS2;IRF1;OAS3;IFIT1B;IRF2;TLR2;DDX60;SAMHD1;USP18;IFI16;NLRP1;GBP2;MICA;APOBEC3F;MX2;MX1;ISG15;LILRB1;BST2;ISG20;ZNFX1;SHFL,0.25925925925925924
4,1059,Cellular Response To Lipopolysaccharide (GO:0071222),40/124,4.275179878879218e-19,cellular process,GO_Biological_Process_2023,3.372922981364275e-21,0.0,0.0,8.81209402308519,415.388957826782,CX3CR1;CXCL6;CXCL9;CXCL8;GFI1;TNFAIP3;CXCL1;CXCL13;CXCL3;CXCL2;CXCL5;ZFP36;IL36A;IL36B;CCL5;CASP1;CCL3;CCL2;IL36RN;CD14;CCR5;GBP2;PF4V1;GBP3;IL37;CD180;IL18;IL36G;LILRB1;PPBP;PDCD1LG2;LILRB2;TNFRSF1B;IRGM;IL1F10;CXCL11;TNIP1;TNFSF4;TNIP3;CD68,0.3225806451612903
4,1059,Cellular Response To Molecule Of Bacterial Origin (GO:0071219),40/117,4.0883374001622034e-20,cellular process,GO_Biological_Process_2023,2.9029614675707953e-22,0.0,0.0,9.616762040707084,476.9061988066119,CX3CR1;CXCL6;CXCL9;CXCL8;GFI1;TNFAIP3;CXCL1;AHR;CXCL13;CXCL3;CXCL2;CXCL5;ZFP36;IL36A;IL36B;CASP1;CCL2;IL36RN;CD14;CCR5;GBP2;PF4V1;GBP3;IL37;CD180;IL36G;LILRB1;PPBP;PDCD1LG2;LILRB2;TNFRSF1B;IRGM;IL1F10;CXCL11;TNIP1;TNFSF4;TNIP3;CD68;FCGR2B;TLR2,0.3418803418803419
4,1059,"Antigen Processing And Presentation Of Endogenous Peptide Antigen Via MHC Class I Via ER Pathway, TAP-independent (GO:0002486)",9/13,5.8928959048526155e-08,immune system process,GO_Biological_Process_2023,1.8660790843922412e-09,0.0,0.0,40.57928571428572,815.6203646977757,RAET1E;HLA-B;HLA-A;HLA-F;ULBP2;HLA-G;ULBP1;MICA;HLA-E,0.6923076923076923
4,1059,Tertiary Granule Membrane (GO:0070821),22/72,4.332208687172827e-10,cellular anatomical structure,GO_Cellular_Component_2023,9.627130415939616e-12,0.0,0.0,8.01546769527483,203.3238476476445,CD53;ITGAM;CLEC12A;CD300A;SLC11A1;PTAFR;CYBB;SLC2A3;MCEMP1;GPR84;LILRB2;LILRA3;FCAR;CEACAM1;CLEC4C;CLEC4D;PLAU;CLEC5A;ITGAX;OLR1;ADAM8;CD33,0.3055555555555556
4,1059,Regulation Of Interleukin-10 Production (GO:0032653),14/46,1.4729799306075068e-06,biological regulation,GO_Biological_Process_2023,6.10110030429145e-08,0.0,0.0,7.916447368421053,131.5096988938228,TSLP;ISG15;LILRB1;PDCD1LG2;MMP8;LILRB4;TYROBP;CLEC7A;IRF4;TNFSF4;XCL1;LGALS9;TIGIT;FCGR2B,0.30434782608695654
4,1059,Macrophage Migration (GO:1905517),8/12,6.307341636752373e-07,cellular process,GO_Biological_Process_2023,2.4632221776666072e-08,0.0,0.0,36.03615604186489,631.3250005250295,LGALS3;EDN2;CCL5;CCL3;CXCL17;SAA1;CCL2;CCR2,0.6666666666666666
4,1059,Positive Regulation Of Mononuclear Cell Migration (GO:0071677),12/31,6.400613420810365e-07,biological regulation,GO_Biological_Process_2023,2.5248968129429443e-08,0.0,0.0,11.414266324837882,199.6866601920937,CCR1;LGALS3;CCL5;CXCL17;CCL1;CCR7;LGALS9;AIF1;PLA2G7;CCR2;LGMN;S100A7,0.3870967741935484
4,1059,Antigen Processing And Presentation Of Endogenous Peptide Antigen Via MHC Class I Via ER Pathway (GO:0002484),9/13,5.8928959048526155e-08,immune system process,GO_Biological_Process_2023,1.8660790843922412e-09,0.0,0.0,40.57928571428572,815.6203646977757,RAET1E;HLA-B;HLA-A;HLA-F;ULBP2;HLA-G;ULBP1;MICA;HLA-E,0.6923076923076923
4,1059,Regulation Of B Cell Proliferation (GO:0030888),14/44,8.026078820150144e-07,biological regulation,GO_Biological_Process_2023,3.229428164320768e-08,0.0,0.0,8.445103668261563,145.6643205688067,CD40;TNFRSF13B;CD300A;TNFRSF13C;TNFSF13B;TYROBP;IL7;CLCF1;GPR183;MZB1;CD38;MNDA;FCGR2B;TNFRSF4,0.3181818181818182
4,1059,Negative Regulation Of Interleukin-2 Production (GO:0032703),10/21,8.444405519517296e-07,biological regulation,GO_Biological_Process_2023,3.4310602308097886e-08,0.0,0.0,16.405234422393622,281.97007564068554,ZFP36;CR1;TBX21;LAPTM5;TNFAIP3;XCL1;VSIG4;LILRB4;GBP1;HAVCR2,0.47619047619047616
4,1059,Positive Regulation Of T Cell Mediated Cytotoxicity (GO:0001916),12/33,1.4021610450666896e-06,biological regulation,GO_Biological_Process_2023,5.7524555695043686e-08,0.0,0.0,10.32610178741984,172.14699973042408,RAET1E;HLA-B;XCL1;CD1E;CD1D;HLA-A;HLA-F;ULBP2;HLA-G;ULBP1;MICA;HLA-E,0.36363636363636365
4,1059,Inhibitory MHC Class I Receptor Activity (GO:0032396),7/9,1.4180635539294247e-06,molecular transducer activity,GO_Molecular_Function_2023,3.751490883411177e-08,0.0,0.0,63.00998098859316,1077.377887293488,KIR3DL1;LILRB1;LILRA1;LILRB2;LILRA2;LILRA3;LILRB4,0.7777777777777778
4,1059,Positive Regulation Of T Cell Mediated Immunity (GO:0002711),14/43,5.986066540183189e-07,biological regulation,GO_Biological_Process_2023,2.3141401220432053e-08,0.0,0.0,8.73677610955288,153.60687471091128,HLA-B;CD1E;CD1D;HLA-A;HLA-F;HLA-G;HLA-E;RAET1E;TNFSF4;XCL1;ULBP2;ULBP1;CD55;MICA,0.32558139534883723
4,1059,Phagocytic Vesicle (GO:0045335),21/100,1.4477308904159948e-06,cellular anatomical structure,GO_Cellular_Component_2023,4.8870159599591464e-08,0.0,0.0,4.830394380624862,81.3153365356033,NCF2;SLC11A1;HLA-B;TAP2;CYBB;TAP1;HLA-A;HLA-F;MPO;HLA-G;SCIMP;MPEG1;CTSS;HLA-E;TAPBP;RAB20;GNLY;ADAM8;PGLYRP1;CLEC4E;B2M,0.21
4,1059,Adaptive Immune Response Based On Somatic Recombination Of Immune Receptors Built From Immunoglobulin Superfamily Domains (GO:0002460),10/23,2.414738949986376e-06,response to stimulus,GO_Biological_Process_2023,1.0097133281994315e-07,0.0,0.0,13.879885605338416,223.58315449246228,CR2;CR1;CD70;CD8A;EBI3;IL18;BTN3A3;BTN3A2;IL18BP;MYO1G,0.43478260869565216
4,1059,Defense Response To Fungus (GO:0050832),11/29,2.956106138444884e-06,biological process involved in interspecies interaction between organisms,GO_Biological_Process_2023,1.2477449972923177e-07,0.0,0.0,11.03440415606446,175.41124957469555,CX3CR1;CLEC4A;CLEC4C;CLEC4D;CLEC7A;CLEC6A;S100A12;IL36RN;CLEC4E;S100A9;S100A8,0.3793103448275862
4,1059,Negative Regulation Of T Cell Mediated Immunity (GO:0002710),8/14,3.1883208565372127e-06,biological regulation,GO_Biological_Process_2023,1.3583378797081616e-07,0.0,0.0,24.021566761814142,379.8250223563547,CEACAM1;XCL1;LILRB1;KLRD1;KLRC1;HLA-F;HLA-G;LILRB4,0.5714285714285714
4,1059,MHC Class Ib Protein Binding (GO:0023029),6/7,4.577781314139643e-06,binding,GO_Molecular_Function_2023,1.4532639092506805e-07,0.0,0.0,107.92022792022792,1699.1266801937686,TAP2;TAP1;KLRD1;LILRB1;KIR3DL2;LILRB2,0.8571428571428571
4,1059,Positive Regulation Of T Cell Proliferation (GO:0042102),16/65,4.377106288243536e-06,biological regulation,GO_Biological_Process_2023,1.8993360619597196e-07,0.0,0.0,5.914493122272878,91.5361926044772,IL15;CD70;EBI3;IL18;TNFRSF13C;PDCD1LG2;CD1D;LILRB2;AIF1;CD209;CCL5;TNFSF4;TNFSF9;CCL19;IL6ST;CCR2,0.24615384615384617
4,1059,Serine-Type Peptidase Activity (GO:0008236),25/142,3.7048487622804295e-06,catalytic activity,GO_Molecular_Function_2023,1.0781305921980084e-07,0.0,0.0,3.8899634644315495,62.406166661100215,KLK1;C1S;CD5L;PLAT;CTSS;PLAU;CTSK;TPSAB1;ELANE;CELA2B;MMP1;GZMA;MMP3;GZMB;MMP8;MMP9;MMP10;GZMH;MMP12;GZMK;MMP14;MMP13;MMP19;ADAM8;PRTN3,0.176056338028169
4,1059,Negative Regulation Of T Cell Activation (GO:0050868),14/49,3.441178874156642e-06,biological regulation,GO_Biological_Process_2023,1.479639042536781e-07,0.0,0.0,7.236746411483254,113.80722687678686,CR1;LAPTM5;LILRB1;PDCD1LG2;LILRB2;HLA-G;LILRB4;LGALS3;CEACAM1;GPNMB;VSIG4;TIGIT;FCGR2B;HAVCR2,0.2857142857142857
4,1059,Ficolin-1-Rich Granule Membrane (GO:0101003),16/60,1.4477308904159948e-06,cellular anatomical structure,GO_Cellular_Component_2023,5.630064573839979e-08,0.0,0.0,6.588337836659984,109.97622353364169,SERPINB10;SERPINB12;CR1;CD300A;SLC11A1;FPR1;SLC2A3;LILRB2;LILRA3;FCAR;LGALS3;CLEC4C;CLEC4D;ITGAX;CD58;CD55,0.26666666666666666
4,1059,Regulation Of Natural Killer Cell Chemotaxis (GO:2000501),6/6,5.681998849266414e-07,biological regulation,GO_Biological_Process_2023,2.17417707447275e-08,0.0,0.0,113646.0,2005173.4910634,KLRK1;CCL7;CCL5;CCL4;CCL3;XCL1,1.0
4,1059,Regulation Of Tyrosine Phosphorylation Of STAT Protein (GO:0042509),17/65,7.481838555770451e-07,biological regulation,GO_Biological_Process_2023,2.9809297598927644e-08,0.0,0.0,6.421565099168266,111.27574079512031,TNFSF18;CD40;CSF2;IL20;CTF1;TSLP;IL15;CSH2;TNFRSF18;IL18;IL31RA;CSHL1;CCL5;CLCF1;IL6ST;IL6R;CRLF1,0.26153846153846155
4,1059,T Cell Activation (GO:0042110),23/111,3.963832068101534e-07,cellular process,GO_Biological_Process_2023,1.4854597493871624e-08,0.0,0.0,4.756263162513163,85.73143624568822,CD84;TNFSF14;CRTAM;RHOH;LY9;CD2;TRGC1;JAML;CD8A;CLEC7A;IRF4;TRBC2;TNFSF4;TRBC1;CD7;SLAMF7;SLAMF6;TRDC;CCR7;LCP1;CCL19;TNFRSF4;MICA,0.2072072072072072
4,1059,Positive Regulation Of Tyrosine Phosphorylation Of STAT Protein (GO:0042531),17/55,5.8928959048526155e-08,biological regulation,GO_Biological_Process_2023,1.7994232376429802e-09,0.0,0.0,8.115744014546923,163.4169954626278,TNFSF18;CD40;CSF2;IL20;CTF1;TSLP;IL15;CSH2;TNFRSF18;IL18;IL31RA;CSHL1;CCL5;CLCF1;IL6ST;IL6R;CRLF1,0.3090909090909091
4,1059,Positive Regulation Of Natural Killer Cell Mediated Cytotoxicity (GO:0045954),11/21,5.8928959048526155e-08,biological regulation,GO_Biological_Process_2023,1.882937153029829e-09,0.0,0.0,19.87032442748092,399.2034208794278,NCR3;KLRK1;RAET1E;CD160;KLRC3;CRTAM;CD226;KLRD1;SLAMF6;HLA-F;HLA-E,0.5238095238095238
4,1059,Negative Regulation Of Natural Killer Cell Mediated Immunity (GO:0002716),8/10,7.616661002921059e-08,biological regulation,GO_Biological_Process_2023,2.4637720009448788e-09,0.0,0.0,72.07992388201713,1428.737424598228,KLRD1;LILRB1;KLRC1;LGALS9;HLA-F;HLA-G;MICA;HLA-E,0.8
4,1059,Positive Regulation Of Interleukin-1 Beta Production (GO:0032731),17/57,1.0170360023476537e-07,biological regulation,GO_Biological_Process_2023,3.329940362716183e-09,0.0,0.0,7.7091410748560465,150.48483473311333,GBP5;EGR1;LILRA2;AIM2;TYROBP;IFI16;CLEC7A;CASP1;CCL3;MNDA;LGALS9;LCP1;CCL19;NLRP1;NAIP;TMEM106A;IL17A,0.2982456140350877
4,1059,Negative Regulation Of B Cell Activation (GO:0050869),10/20,4.982520879476738e-07,biological regulation,GO_Biological_Process_2023,1.8868718123462203e-08,0.0,0.0,18.046711153479503,320.97448079778144,TYROBP;TNFRSF13B;CD300A;ID2;LAPTM5;TNFAIP3;MNDA;INHBA;FCGR2B;SAMSN1,0.5
4,1059,Negative Regulation Of Lymphocyte Proliferation (GO:0050672),14/39,1.6207280069416398e-07,biological regulation,GO_Biological_Process_2023,5.434393711638634e-09,0.0,0.0,10.136803827751196,192.90862644133463,CR1;TNFRSF13B;CD300A;LST1;LILRB1;LILRB2;PDCD1LG2;HLA-G;LILRB4;TYROBP;GPNMB;MNDA;VSIG4;FCGR2B,0.358974358974359
4,1059,Negative Regulation Of Type II Interferon Production (GO:0032689),12/28,1.860250772552449e-07,biological regulation,GO_Biological_Process_2023,6.310909918718367e-09,0.0,0.0,13.556590257879655,255.96179043484904,CR1;TNFSF4;LAPTM5;XCL1;IL36RN;LILRB1;LGALS9;INHBA;PDCD1LG2;IRGM;LILRB4;HAVCR2,0.42857142857142855
4,1059,Positive Regulation Of Lymphocyte Proliferation (GO:0050671),19/74,1.8778412954286238e-07,biological regulation,GO_Biological_Process_2023,6.444662434015394e-09,0.0,0.0,6.273321678321678,118.31493203444396,CD40;IL15;CD70;IL18;TNFRSF13C;PDCD1LG2;CD1D;LILRB2;TNFSF13B;HLA-E;CD209;IL7;CCL5;CLCF1;GPR183;CD38;CCL19;IL6ST;TNFRSF4,0.25675675675675674
4,1059,Dendritic Cell Differentiation (GO:0097028),11/22,1.0820544483766933e-07,cellular process,GO_Biological_Process_2023,3.585505864443481e-09,0.0,0.0,18.06297709923664,351.2592685443216,BATF2;BATF3;CSF2;UBD;IRF8;LILRB1;CCR7;PRTN3;CCL19;LGALS9;BATF,0.5
4,1059,Specific Granule Membrane (GO:0035579),21/90,2.427524288663731e-07,cellular anatomical structure,GO_Cellular_Component_2023,6.743123024065917e-09,0.0,0.0,5.533383597218732,104.10918843541238,CD53;ITGAM;CLEC12A;PLAUR;CYBB;SLC2A3;MCEMP1;GPR84;ITGAL;TNFRSF1B;LILRA3;FCAR;ADGRG3;CEACAM1;CLEC4D;PLAU;CLEC5A;C3AR1;OLR1;ADAM8;CD33,0.23333333333333334
4,1059,Positive Regulation Of T Cell Activation (GO:0050870),23/107,2.0407123467003718e-07,biological regulation,GO_Biological_Process_2023,7.084129645350401e-09,0.0,0.0,4.983809064166207,93.52321455017832,IL15;CD70;RHOH;HLA-A;CD1D;TNFRSF13C;PDCD1LG2;LILRB2;AIF1;HLA-DMA;IL36B;CD209;IL7;CCL5;TNFSF11;CCL2;CCR7;LGALS9;CCL19;IL6ST;B2M;HLA-DQA1;CCR2,0.21495327102803738
4,1059,Serine-Type Endopeptidase Activity (GO:0004252),25/125,3.189636651995895e-07,catalytic activity,GO_Molecular_Function_2023,7.594372980942607e-09,0.0,0.0,4.55536750483559,85.16650519775418,KLK1;C1S;CD5L;PLAT;CTSS;PLAU;CTSK;TPSAB1;ELANE;CELA2B;MMP1;GZMA;MMP3;GZMB;MMP8;MMP9;MMP10;GZMH;MMP12;GZMK;MMP14;MMP13;MMP19;ADAM8;PRTN3,0.2
4,1059,Natural Killer Cell Mediated Cytotoxicity (GO:0042267),11/24,3.1350872307939905e-07,cellular process,GO_Biological_Process_2023,1.1501503450250142e-08,0.0,0.0,15.282442748091604,279.3750971510414,CD2;KLRK1;RAET1E;GZMB;NKG7;SLAMF7;KIR3DL1;ULBP2;LYST;ULBP1;MICA,0.4583333333333333
4,1059,Regulation Of Chemokine Production (GO:0032642),14/41,3.1350872307939905e-07,biological regulation,GO_Biological_Process_2023,1.1492998608951653e-08,0.0,0.0,9.384937090200248,171.57098834947823,EGR1;IL33;TSLP;IL18;AIF1;LILRB4;SIGIRR;IL7;TNFSF4;LGALS9;LCP1;IL6R;ELANE;TLR2,0.34146341463414637
4,1059,Positive Regulation Of Hydrolase Activity (GO:0051345),30/176,3.463514880222308e-07,biological regulation,GO_Biological_Process_2023,1.2843013757037351e-08,0.0,0.0,3.7531450936539,68.19639475413051,CCL14;CCL13;CD40;CCL11;RGS16;CTSS;CX3CL1;RASGRP3;CCL8;CCL7;RGS1;CTSL;RASGEF1B;CTSK;CCL5;CCL4;CCL3;CCL2;CCL1;CCL19;CCL18;CCL16;CCL15;CCL24;CCL23;CCL22;CCL20;XCL1;PRTN3;CCL26,0.17045454545454544
4,1059,Positive Regulation Of I-kappaB kinase/NF-kappaB Signaling (GO:0043123),30/175,3.123076901618296e-07,biological regulation,GO_Biological_Process_2023,1.121104528786055e-08,0.0,0.0,3.779229918568413,69.18396744115194,CD40;IFIT5;SECTM1;LITAF;CX3CL1;EDA2R;LGALS1;CLEC7A;UBD;MIER1;TNFSF10;CASP1;S100A12;CCR7;LGALS9;CCL19;TRIM22;APOL2;NDFIP2;EDAR;BST2;CLEC6A;PELI1;S100A4;TNFRSF25;LTB;LTBR;TRIM38;TMEM106A;BIRC3,0.17142857142857143
4,1059,Regulation Of Response To External Stimulus (GO:0032101),25/127,3.019084304309899e-07,biological regulation,GO_Biological_Process_2023,1.0656556446605184e-08,0.0,0.0,4.465572495922934,81.97491846618686,SEMA7A;IL20;PTGS2;SAMHD1;USP18;CX3CL1;HERC5;IL1RL2;DHX58;CASP4;CASP1;NLRP1;CD55;CCR2;IL1R1;IL37;ERAP1;SELE;NLRP14;CYLD;TNFSF4;IRF1;XCL1;FCGR2B;BIRC3,0.1968503937007874
4,1059,Positive Regulation Of Leukocyte Chemotaxis (GO:0002690),16/54,3.019084304309899e-07,biological regulation,GO_Biological_Process_2023,1.0718642500508518e-08,0.0,0.0,7.631023868395822,140.0390657818258,CCR1;EDN2;CSF1;IL34;CXCL17;AIF1;PLA2G7;CCL5;XCL1;CCR7;CCL1;LGALS9;IL6R;CCR2;S100A7;LGMN,0.2962962962962963
5,985,Shigellosis,60/246,1.1181997718337247e-24,Infectious disease: bacterial,KEGG_2021_Human,1.3300173497581748e-25,0.0,0.0,6.566346992153444,376.11664794242427,ARF1;ARPC1B;ARPC1A;ARPC5L;ILK;WASL;FNBP1L;ACTB;ACTG1;RPS6KA5;CAPNS1;CAPN2;CAPN1;ACTR3;ACTR2;FNBP1;ACTN1;PRKCE;PRKCD;ACTN4;CTTN;RRAGD;ELMO1;PFN4;ELMO2;PRKCQ;TLN2;ARHGEF2;PFN1;TLN1;MYL9;DOCK1;PFN3;VCL;ARF6;PXN;ITPR1;PIK3R3;ITPR2;ITPR3;FOXO3;MYL12A;FOXO1;MALT1;CDC42;CYTH3;CYTH2;PLCG2;WASF1;WASF2;CYTH1;JUN;ARPC4;ARPC5;PTK2;MAPK12;MAPK13;DIAPH1;ARPC2;ARPC3,0.24390243902439024
5,985,Phospholipase D signaling pathway,48/148,1.0169390470278396e-25,Signal transduction,KEGG_2021_Human,1.1199769240394707e-26,0.0,0.0,9.68964781216649,578.9942884205054,DGKG;SHC4;ARF1;RALA;DGKD;SHC3;RALB;DGKA;LPAR1;LPAR2;PDGFA;PIK3R3;PLD1;PLD2;CYTH3;GNA13;CYTH2;RRAS;PDGFD;PDGFC;GNA12;PLCG2;PIP5K1A;FCER1A;PTK2B;PIP5K1B;FYN;PIP5K1C;RALGDS;CYTH1;PDGFRB;PDGFRA;FCER1G;SYK;INSR;RRAS2;PRKCA;DGKZ;DNM1;DNM2;DNM3;KITLG;MRAS;KIT;GNAS;MS4A2;ARF6;RAPGEF4,0.32432432432432434
5,985,Retrograde endocannabinoid signaling,48/148,1.0169390470278396e-25,Nervous system,KEGG_2021_Human,1.1199769240394707e-26,0.0,0.0,9.68964781216649,578.9942884205054,GRIA1;GABRB3;GRIA2;GABRB2;GABRB1;DAGLA;ITPR1;GNAI3;CACNA1A;ITPR2;ABHD6;CACNA1D;ITPR3;CACNA1C;GNAI1;GNAI2;GABRR2;GNG10;GABRR1;GNG2;CNR1;GABRE;PRKACB;GABRD;GRIA3;GABRA2;GABRQ;GABRA1;GABRA6;PRKCB;GABRA5;GABRA4;GABRA3;PRKCA;GNG12;GABRG3;GNG11;GABRG2;MAPK12;GABRG1;MAPK13;GNAO1;GNB1;GNB4;GNB3;GNB5;DAGLB;MGLL,0.32432432432432434
5,985,cGMP-PKG signaling pathway,51/167,7.007170620140957e-26,Signal transduction,KEGG_2021_Human,7.099776399261763e-27,0.0,0.0,8.896191759580596,535.637341417612,MYLK2;GUCY1B1;CALML5;CALML6;IRS1;PDE3B;CALML3;CALML4;MYLK3;MYLK;PPP1CB;PPP3CA;PPP3CB;EDNRB;PPP3CC;NPPA;PRKG2;PRKG1;MEF2A;GUCY1A2;MEF2C;PPP1R12A;TRPC6;PRKCE;CREB1;PDE5A;MYL9;SRF;ITPR1;GNAI3;ITPR2;ATP1A3;CACNA1D;ITPR3;ADRB2;CACNA1C;GNAI1;GNAI2;GNA13;PPP3R1;GNA11;GNA12;MEF2D;VASP;INSR;NFATC3;NFATC2;NFATC4;PPP1CA;PDE3A;CALM1,0.30538922155688625
5,985,cAMP signaling pathway,58/216,4.0574081507837337e-26,Signal transduction,KEGG_2021_Human,3.932289837763971e-27,0.0,0.0,7.4673029918206275,454.0163200727122,CALML5;CALML6;PDE3B;CALML3;CALML4;PPP1CB;NPPA;RAC2;PDE4B;RAC3;PDE4A;PRKACB;VAV3;PPP1R12A;PDE4D;PDE4C;RRAS2;ARAP3;FOS;VAV1;VAV2;TIAM1;CREB1;ORAI1;MYL9;RAPGEF4;GRIA1;CAMK2B;GRIA2;CAMK2D;CAMK2A;GNAI3;PIK3R3;ATP1A3;CACNA1D;ADRB2;CACNA1C;PLD1;GNAI1;GNAI2;PLD2;SLC9A1;RAP1B;PAK1;RAP1A;RRAS;NPY;CAMK2G;GRIA3;JUN;GRIN2B;TSHR;PPP1CA;AFDN;CAMK4;PDE3A;GNAS;CALM1,0.26851851851851855
5,985,Adherens junction,35/71,4.0574081507837337e-26,Cellular community - eukaryotes,KEGG_2021_Human,3.8471026790753735e-27,0.0,0.0,19.422953216374268,1181.3521290962256,CTNND1;WAS;PTPRJ;WASL;IQGAP1;ACTB;PTPRF;ACTG1;IGF1R;CDC42;RAC2;CTNNA1;RAC3;CTNNA3;FYN;CTNNA2;WASF1;WASF2;WASF3;FARP2;PTPN1;YES1;CSNK2A1;ACTN1;INSR;ACTN4;SORBS1;BAIAP2;AFDN;FER;PARD3;SNAI1;PTPN6;MET;VCL,0.49295774647887325
5,985,Pathogenic Escherichia coli infection,57/197,1.7742586774992247e-27,Infectious disease: bacterial,KEGG_2021_Human,1.563223504404603e-28,0.0,0.0,8.281057573891626,530.1999494802095,CYFIP2;CYFIP1;NCKAP1;ARF1;WIPF1;WIPF2;ARPC1B;WIPF3;ARPC1A;ARPC5L;WASL;ACTB;ACTG1;NCK2;NCK1;ACTR3;ACTR2;FOS;CTTN;MYH9;ARHGEF2;EZR;ARF6;LPAR1;LPAR2;CDC42;CYTH3;GNA13;CYTH2;PAK1;MYO6;GNA12;MYH14;NCKAP1L;MYH11;FYN;PAK3;WASF1;PAK2;MYH10;WASF2;CYTH1;WASF3;JUN;MYO10;MYO5A;ARPC4;ARPC5;BAIAP2;MAPK12;MAPK13;OCLN;MYO1C;ARPC2;ARPC3;ABI1;PTPN6,0.2893401015228426
5,985,Platelet activation,47/124,1.5289365601124275e-28,Immune system,KEGG_2021_Human,1.2797266362174506e-29,0.0,0.0,12.323623072023924,819.8699541715664,MYLK2;GUCY1B1;ITGA2B;SNAP23;ITPR1;GNAI3;ITPR2;PIK3R3;ITPR3;RASGRP2;PRKCZ;RASGRP1;ACTB;ARHGAP35;MYLK3;MYL12A;GNAI1;ACTG1;MYLK;GNAI2;PPP1CB;RAP1B;GNA13;RAP1A;PLCG2;PRKG2;FYN;PRKACB;PRKG1;LYN;VASP;GUCY1A2;PRKCI;FCER1G;PPP1R12A;SYK;GP6;MAPK12;MAPK13;PPP1CA;APBB1IP;BTK;GNAS;ORAI1;LCP2;TLN2;TLN1,0.3790322580645161
5,985,Insulin signaling pathway,46/137,2.0551258231650332e-25,Endocrine system,KEGG_2021_Human,2.353888608030435e-26,0.0,0.0,10.187410034055402,601.1707177603629,SHC4;SHC3;PRKAA2;CALML5;CALML6;IRS1;PDE3B;INPPL1;PRKAG1;PIK3R3;PRKAG2;CALML3;CBLB;CALML4;PRKCZ;FOXO1;PTPRF;PPP1CB;SOCS2;SOCS1;PRKAR2B;PRKAR2A;MKNK1;MKNK2;EIF4EBP1;FLOT1;FLOT2;PRKACB;EIF4E;SOCS4;SH2B2;PTPN1;PRKAB2;PRKCI;EXOC7;INSR;SORBS1;PHKA2;PRKAB1;PPP1CA;PRKAR1B;PRKAR1A;PPP1R3D;TRIP10;CALM1;RHOQ,0.3357664233576642
5,985,Leukocyte transendothelial migration,46/114,2.432831793308029e-29,Immune system,KEGG_2021_Human,1.9291177215658383e-30,0.0,0.0,13.649721230345174,933.9206153600666,ITK;NCF1;CTNND1;PXN;GNAI3;PIK3R3;CXCR4;ARHGAP5;ACTB;ARHGAP35;MYL12A;GNAI1;ACTG1;GNAI2;RAP1B;CDC42;CDH5;RAP1A;RASSF5;PLCG2;RAC2;CTNNA1;PTK2B;CTNNA3;CTNNA2;JAM3;VASP;VAV3;PRKCB;ACTN1;MMP2;MSN;PRKCA;ACTN4;PTK2;VAV1;MAPK12;VAV2;MAPK13;AFDN;OCLN;EZR;MYL9;VCL;SIPA1;RAPGEF4,0.40350877192982454
5,985,Cellular senescence,34/156,6.225103904995916e-13,Cell growth and death,KEGG_2021_Human,1.5905551827742872e-13,0.0,0.0,5.536553412283877,163.15958857847127,CALML5;TRAF3IP2;CALML6;ITPR1;ITPR2;PIK3R3;CALML3;CACNA1D;ITPR3;CALML4;FOXO3;ETS1;FOXO1;PPP1CB;PPP3CA;PPP3R1;PPP3CB;PPP3CC;RRAS;RASSF5;CAPN2;EIF4EBP1;CAPN1;MAP2K3;NFATC3;NFATC2;RRAS2;MAPK12;NFATC4;MAPK13;PPP1CA;MRAS;MAPKAPK2;CALM1,0.21794871794871795
5,985,Circadian entrainment,43/97,1.8640206960912857e-29,Environmental adaptation,KEGG_2021_Human,1.3138471866722722e-30,0.0,0.0,16.0282102697177,1102.8144868962445,GRIA1;CAMK2B;GRIA2;CAMK2D;GUCY1B1;CALML5;CALML6;CAMK2A;ITPR1;GNAI3;CALML3;CACNA1D;ITPR3;CALML4;CACNA1C;CACNA1H;RYR3;GNAI1;GNAI2;CACNA1I;GNG10;RPS6KA5;GNG2;PRKG2;PRKACB;CAMK2G;GRIA3;PRKG1;GUCY1A2;PRKCB;PRKCA;FOS;GNG12;GNG11;GRIN2B;GNAO1;CREB1;GNB1;GNAS;GNB4;GNB3;GNB5;CALM1,0.44329896907216493
5,985,PI3K-Akt signaling pathway,82/354,9.7621538584266e-32,Signal transduction,KEGG_2021_Human,6.450762461515374e-33,0.0,0.0,6.257434369096476,463.8079795244432,IRS1;FLT3;YWHAB;ITGA2B;AREG;IGF1R;GHR;PPP2R1B;YWHAQ;PPP2R1A;ITGAV;YWHAG;YWHAH;MAGI1;PDGFRB;PDGFRA;HSP90AA1;SYK;HGF;MAGI2;FLT3LG;PRKCA;PPP2R5D;NGF;PRLR;YWHAZ;PGF;CREB1;CDC37;KIT;IL3RA;ITGA6;SGK1;MET;EPHA2;PHLPP2;PHLPP1;PRKAA2;PKN3;CSH1;LPAR1;LPAR2;PDGFA;PIK3R3;EFNA5;FOXO3;EFNA4;PPP2CA;PPP2CB;GNG10;RELN;GNG2;CD19;PDGFD;PDGFC;NTF3;EIF4EBP1;THEM4;EIF4E;NGFR;NTRK2;INSR;IGF2;PPP2R3A;GNG12;GNG11;PTK2;EPOR;KITLG;EFNA3;EFNA2;PPP2R2C;PPP2R2B;GNB1;GNB4;GNB3;PKN2;PKN1;GNB5;TEK;PIK3AP1;FGFR3,0.23163841807909605
5,985,Tight junction,59/169,2.3888739428643747e-33,Cellular community - eukaryotes,KEGG_2021_Human,1.4733143259956498e-34,0.0,0.0,10.95027488709994,853.0305600854438,ARPC1B;ARPC1A;ARPC5L;PRKAG1;PRKAG2;ACTB;ACTG1;PPP2R1B;PPP2R1A;PRKACB;MAP3K5;MAGI1;ACTR3;ACTR2;PRKAB2;PRKCI;ACTN1;PRKCE;ARHGEF18;ACTN4;PRKAB1;TIAM1;MYL6;CTTN;PARD3;MYH9;ARHGEF2;EZR;MYL9;LLGL1;PRKAA2;WAS;CACNA1D;PRKCZ;MYL12A;CDC42;PPP2CA;PPP2CB;PARD6B;RAP1A;PARD6A;MYH14;MYH11;MYH10;JAM3;VASP;JUN;RDX;MSN;ARPC4;ARPC5;TJAP1;AFDN;OCLN;ARPC2;PPP2R2C;ARPC3;PPP2R2B;TJP2,0.34911242603550297
5,985,Bacterial invasion of epithelial cells,43/77,6.962737643050721e-35,Infectious disease: bacterial,KEGG_2021_Human,3.987470896901294e-36,0.0,0.0,25.483420756837766,2077.151234991584,SHC4;SHC3;ARHGEF26;ARPC1B;ARPC1A;CLTC;PXN;ARPC5L;CLTB;CLTA;ILK;PIK3R3;WASL;ACTB;ACTG1;CDC42;CLTCL1;CTNNA1;CTNNA3;CTNNA2;WASF1;WASF2;ACTR3;ACTR2;CAV3;CAV2;RHOG;ARPC4;ARPC5;DNM1;PTK2;CD2AP;DNM2;DNM3;ARHGAP10;CTTN;ARPC2;ARPC3;ELMO1;ELMO2;DOCK1;MET;VCL,0.5584415584415584
5,985,Dopaminergic synapse,55/132,8.632507623253359e-36,Nervous system,KEGG_2021_Human,4.563440153261687e-37,0.0,0.0,14.54531490015361,1217.1166301964645,CALML5;CALML6;CALML3;ARRB1;CALML4;ARRB2;PPP1CB;PPP3CA;PPP3CB;PPP3CC;PPP2R1B;PPP2R1A;PRKACB;SCN1A;PRKCB;PRKCA;PPP2R5D;FOS;CREB1;GRIA1;CAMK2B;GRIA2;CAMK2D;CAMK2A;ITPR1;GNAI3;CACNA1A;ITPR2;CACNA1D;ITPR3;CACNA1C;GNAI1;GNAI2;PPP2CA;PPP2CB;GNG10;GNG2;CAMK2G;GRIA3;PPP2R3A;GNG12;GNG11;GRIN2B;MAPK12;MAPK13;PPP1CA;GNAO1;PPP2R2C;PPP2R2B;GNB1;GNAS;GNB4;GNB3;GNB5;CALM1,0.4166666666666667
5,985,Oxytocin signaling pathway,60/154,5.282739813049776e-37,Endocrine system,KEGG_2021_Human,2.559917971081389e-38,0.0,0.0,13.05646923519264,1130.1452367852892,MYLK2;GUCY1B1;CALML5;CALML6;PRKAG1;PRKAG2;CALML3;CALML4;ACTB;MYLK3;RYR3;ACTG1;MYLK;PPP1CB;PPP3CA;PPP3CB;EEF2K;PPP3CC;NPPA;PRKACB;GUCY1A2;MEF2C;PRKAB2;PPP1R12A;PRKCB;PRKCA;FOS;PRKAB1;CACNB3;MYL6;PPP1R12B;MYL9;PPP1R12C;CAMK2B;CAMK2D;PRKAA2;CAMK2A;ITPR1;GNAI3;ITPR2;CACNA1D;ITPR3;CACNA1C;GNAI1;CAMKK2;GNAI2;PPP3R1;MAPK7;CACNG3;CAMK2G;MAP2K5;JUN;NFATC3;NFATC2;NFATC4;PPP1CA;GNAO1;CAMK4;GNAS;CALM1,0.38961038961038963
5,985,Yersinia infection,58/137,3.772959466828827e-38,Infectious disease: bacterial,KEGG_2021_Human,1.662096681422391e-39,0.0,0.0,14.997173405431978,1339.1386870340384,WIPF1;WIPF2;ARPC1B;WIPF3;ARPC1A;ARPC5L;WASL;ACTB;ACTG1;RPS6KA3;RPS6KA6;RPS6KA2;RPS6KA1;RAC2;RAC3;MAP2K3;ACTR3;VAV3;ACTR2;RHOG;FOS;VAV1;VAV2;ZAP70;LCK;ELMO1;ELMO2;LCP2;ARHGEF7;DOCK1;SKAP2;ARF6;ARHGEF28;PXN;WAS;PIK3R3;CDC42;PIP5K1A;PTK2B;PIP5K1B;PIP5K1C;WASF2;GIT2;JUN;LIMK1;NFATC3;NFATC2;ARPC4;ARPC5;BAIAP2;PTK2;MAPK12;MAPK13;ARPC2;ARPC3;PKN2;PKN1;LAT,0.4233576642335766
5,985,Morphine addiction,50/91,6.066126091891083e-40,Substance dependence,KEGG_2021_Human,2.4050720188114427e-41,0.0,0.0,24.74761966871005,2314.605493265464,GABRB3;GABRB2;GABRB1;PDE3B;ARRB1;ARRB2;GABRR2;GABRR1;PDE4B;PDE4A;PRKACB;PRKCB;PDE4D;PDE4C;PRKCA;OPRM1;GABRG3;GABRG2;GABRG1;PDE1C;PDE1B;PDE1A;GNAI3;CACNA1A;GNAI1;GNAI2;GNG10;GRK3;GNG2;GRK2;GRK5;GRK6;GABRE;GABRD;GABRA2;GABRQ;GABRA1;GABRA6;GABRA5;GABRA4;GABRA3;GNG12;GNG11;GNAO1;GNB1;GNAS;GNB4;PDE3A;GNB3;GNB5,0.5494505494505495
5,985,Focal adhesion,71/201,2.41601055826202e-40,Cellular community - eukaryotes,KEGG_2021_Human,8.514574654667914e-42,0.0,0.0,11.284590136340684,1067.147516951912,MYLK2;ITGA2B;RASGRF1;ILK;ARHGAP5;ACTB;ARHGAP35;MYLK3;MYLK;ACTG1;IGF1R;PPP1CB;RAC2;CAPN2;RAC3;ITGAV;VAV3;PDGFRB;PDGFRA;PPP1R12A;PRKCB;ACTN1;HGF;PRKCA;ACTN4;VAV1;PGF;VAV2;ITGA6;TLN2;TLN1;PPP1R12B;MYL9;DOCK1;MET;PPP1R12C;VCL;SHC4;SHC3;PXN;PDGFA;PIK3R3;MYL12A;RAP1B;CDC42;PAK1;RELN;RAP1A;PDGFD;PDGFC;PIP5K1A;FLNA;PAK6;PIP5K1B;FLNB;FYN;PIP5K1C;FLNC;PAK3;PAK2;PAK5;PAK4;VASP;JUN;CAV3;CAV2;PTK2;PPP1CA;DIAPH1;PARVG;ZYX,0.35323383084577115
5,985,Fc gamma R-mediated phagocytosis,53/97,4.442858779766434e-42,None,KEGG_2021_Human,1.3700445576372264e-43,0.0,0.0,24.518703667577057,2419.905718603045,NCF1;ARPC1B;ARPC1A;ARPC5L;INPPL1;CFL2;CFL1;RAC2;ACTR3;VAV3;ACTR2;SYK;PRKCB;PRKCE;PRKCD;PRKCA;VAV1;DNM2;VAV2;HCK;BIN1;AMPH;DOCK1;ARF6;ASAP3;WAS;PIK3R3;ASAP1;ASAP2;PLD1;PLD2;CDC42;PAK1;SCIN;INPP5D;PLCG2;PIP5K1A;PIP5K1B;PIP5K1C;WASF1;WASF2;WASF3;LYN;VASP;GSN;MYO10;LIMK2;LIMK1;ARPC4;ARPC5;ARPC2;ARPC3;LAT,0.5463917525773195
5,985,GABAergic synapse,37/89,2.224143576429467e-24,Nervous system,KEGG_2021_Human,2.743437010573792e-25,0.0,0.0,14.23302093476144,804.9544171567584,GABRB3;GABRB2;GABRB1;GNAI3;CACNA1A;CACNA1D;CACNA1C;SLC6A1;GNAI1;GNAI2;GABRR2;GABRR1;GNG10;GNG2;GABRE;PRKACB;GABRD;GABRA2;GABRQ;GABRA1;SLC12A5;GABRA6;PRKCB;GABRA5;GABRA4;GABRA3;PRKCA;GNG12;GABRG3;GNG11;GABRG2;GABRG1;GNAO1;GNB1;GNB4;GNB3;GNB5,0.4157303370786517
5,985,Neurotrophin signaling pathway,47/119,1.898601759904489e-29,Nervous system,KEGG_2021_Human,1.42186034882715e-30,0.0,0.0,13.182909855484482,906.0032138469544,SHC4;CAMK2B;BEX3;CAMK2D;SHC3;CALML5;PRDM4;CALML6;IRS1;MAGED1;CAMK2A;PIK3R3;CALML3;CALML4;FOXO3;RAP1B;CDC42;RPS6KA3;RPS6KA6;RPS6KA5;RAP1A;MAPK7;ARHGDIA;RPS6KA2;RPS6KA1;NTF3;PLCG2;CAMK2G;SH2B3;MAP2K5;SH2B2;MAP3K5;SH2B1;NGFR;NTRK2;JUN;KIDINS220;SORT1;NTRK3;PRKCD;MATK;NGF;MAPK12;MAPK13;CAMK4;MAPKAPK2;CALM1,0.3949579831932773
5,985,Salmonella infection,59/249,1.3381974360024228e-23,Infectious disease: bacterial,KEGG_2021_Human,1.709591438064769e-24,0.0,0.0,6.31280550187564,345.47325441299824,CYFIP2;CYFIP1;NCKAP1;ARF1;ARPC1B;ARPC1A;ARPC5L;PIK3C2G;WASL;PIK3C2A;ACTB;ACTG1;PIK3C2B;MAP2K3;ACTR3;ACTR2;HSP90AA1;DYNLT1;EXOC7;RHOG;FOS;RHOB;DNM2;ELMO1;PFN4;ELMO2;PFN1;MYL9;PFN3;EXOC2;ARF6;RAB5B;RALA;RAB5C;ARHGEF26;MYL12A;CDC42;CYTH3;CYTH2;PAK1;RRAS;MYO6;FLNA;NCKAP1L;FLNB;FLNC;PAK3;CYTH1;WASF3;JUN;ARPC4;ARPC5;MAPK12;MAPK13;ARPC2;ARPC3;ABI1;PKN1;RAB5A,0.23694779116465864
5,985,Oocyte meiosis,37/129,3.97824636090954e-18,Cell growth and death,KEGG_2021_Human,8.06164460801052e-19,0.0,0.0,8.027781599706476,334.45343046853526,CAMK2B;CAMK2D;CALML5;CALML6;YWHAB;CAMK2A;ITPR1;ITPR2;CALML3;ITPR3;CALML4;IGF1R;PPP1CB;PPP2CA;RPS6KA3;PPP3CA;PPP2CB;RPS6KA6;PPP3R1;PPP3CB;PPP3CC;PPP2R1B;YWHAQ;PPP2R1A;RPS6KA2;RPS6KA1;PRKACB;CAMK2G;YWHAG;YWHAH;PPP2R5D;YWHAZ;MAPK12;MAPK13;PPP1CA;MOS;CALM1,0.2868217054263566
5,985,Glutamatergic synapse,40/114,4.808964016356123e-23,Nervous system,KEGG_2021_Human,6.5673076875347935e-24,0.0,0.0,10.834262834262834,578.3322813172472,GRIA1;GRIA2;ITPR1;GNAI3;CACNA1A;ITPR2;CACNA1D;ITPR3;GRIK1;CACNA1C;GRIK2;PLD1;GNAI1;PLD2;GNAI2;PPP3CA;GNG10;GRK3;PPP3R1;PPP3CB;GRK2;PPP3CC;GNG2;PRKACB;GRIA3;HOMER1;PRKCB;TRPC1;PRKCA;GNG12;GNG11;GRIN2B;GNAO1;GNB1;GNAS;GNB4;GNB3;GNB5;SHANK3;SHANK1,0.3508771929824561
5,985,Choline metabolism in cancer,27/98,4.953298382583455e-13,Cancer: overview,KEGG_2021_Human,1.2437797700760217e-13,0.0,0.0,7.51989179334882,223.45697809565152,DGKG;DGKD;DGKA;WAS;PDGFA;PIK3R3;PLD1;PLD2;PDGFD;PDGFC;EIF4EBP1;RAC2;PIP5K1A;RAC3;PIP5K1B;PIP5K1C;WASF1;RALGDS;WASF2;WASF3;PDGFRB;PDGFRA;JUN;PRKCB;PRKCA;FOS;DGKZ,0.2755102040816326
5,985,"Parathyroid hormone synthesis, secretion and action",29/106,7.630561267412625e-14,Endocrine system,KEGG_2021_Human,1.8824292113440832e-14,0.0,0.0,7.460767266206597,235.78731495793036,ITPR1;GNAI3;ITPR2;ITPR3;ARRB1;ARRB2;PLD1;GNAI1;PLD2;GNAI2;GNA13;AKAP13;GNA11;GNA12;PDE4B;PDE4A;PRKACB;MEF2D;MEF2A;MEF2C;JUND;PRKCB;PDE4D;PDE4C;PRKCA;FOS;RUNX2;CREB1;GNAS,0.27358490566037735
5,985,Inflammatory mediator regulation of TRP channels,28/98,6.535525155382693e-14,Sensory system,KEGG_2021_Human,1.5834972843438242e-14,0.0,0.0,7.918495297805642,251.62250475206253,CAMK2B;CAMK2D;CALML5;CALML6;CAMK2A;ITPR1;ITPR2;PIK3R3;CALML3;ITPR3;CALML4;PPP1CB;PLCG2;PRKACB;CAMK2G;MAP2K3;PRKCH;PRKCB;PRKCE;PRKCD;PRKCA;NGF;MAPK12;MAPK13;PPP1CA;GNAS;PRKCQ;CALM1,0.2857142857142857
5,985,Sphingolipid signaling pathway,31/119,4.3962942193164574e-14,Signal transduction,KEGG_2021_Human,1.0458144838902586e-14,0.0,0.0,6.988957975986278,224.98430900758345,GNAI3;PIK3R3;PLD1;PRKCZ;GNAI1;PLD2;GNAI2;GNA13;PPP2CA;PPP2CB;PPP2R1B;PPP2R1A;GNA12;RAC2;S1PR1;FCER1A;RAC3;FYN;S1PR3;MAP3K5;FCER1G;PRKCB;PRKCE;PRKCA;PPP2R5D;PPP2R3A;MAPK12;MAPK13;PPP2R2C;PPP2R2B;MS4A2,0.2605042016806723
5,985,Cholinergic synapse,31/113,9.294004167389946e-15,Nervous system,KEGG_2021_Human,2.1699657307121903e-15,0.0,0.0,7.50272281024697,253.32242079057684,CAMK2B;CAMK2D;CAMK2A;ITPR1;GNAI3;CACNA1A;ITPR2;PIK3R3;CACNA1D;ITPR3;CACNA1C;GNAI1;GNAI2;GNG10;GNG2;GNA11;FYN;PRKACB;CAMK2G;PRKCB;PRKCA;FOS;GNG12;GNG11;GNAO1;CREB1;CAMK4;GNB1;GNB4;GNB3;GNB5,0.2743362831858407
5,985,Aldosterone synthesis and secretion,30/98,9.656520604825364e-16,Endocrine system,KEGG_2021_Human,2.212066394056912e-16,0.0,0.0,8.752848783492455,315.51774224239693,ATF1;CAMK2B;CAMK2D;DAGLA;CALML5;CALML6;CAMK2A;ITPR1;ITPR2;ATP1A3;CALML3;CACNA1D;ITPR3;CALML4;CACNA1C;CACNA1H;CACNA1I;GNA11;NPPA;PRKACB;CAMK2G;PRKCB;PRKCE;PRKCA;CREB1;CAMK4;GNAS;ORAI1;CALM1;DAGLB,0.30612244897959184
5,985,C-type lectin receptor signaling pathway,31/104,7.260771838170179e-16,Immune system,KEGG_2021_Human,1.6312747301615823e-16,0.0,0.0,8.431722236581374,306.5099645155204,CALML5;CALML6;ITPR1;ITPR2;PIK3R3;CALML3;CBLB;ITPR3;CALML4;MALT1;PPP3CA;PPP3R1;PPP3CB;PAK1;PPP3CC;RRAS;PLCG2;JUN;FCER1G;KSR1;SYK;PRKCD;NFATC3;NFATC2;RRAS2;MAPK12;NFATC4;MAPK13;MRAS;MAPKAPK2;CALM1,0.2980769230769231
5,985,Gastric acid secretion,27/76,4.46902305077548e-16,Digestive system,KEGG_2021_Human,9.843663107434977e-17,0.0,0.0,10.90882365472285,402.0678080150558,CAMK2B;MYLK2;CAMK2D;CALML5;CALML6;CAMK2A;GNAI3;ITPR1;ATP1A3;ITPR2;CALML3;ITPR3;CALML4;ACTB;MYLK3;GNAI1;ACTG1;MYLK;GNAI2;SLC9A1;PRKACB;CAMK2G;PRKCB;PRKCA;GNAS;EZR;CALM1,0.35526315789473684
5,985,Adrenergic signaling in cardiomyocytes,39/150,1.8742117076294905e-17,Circulatory system,KEGG_2021_Human,4.045655227922688e-18,0.0,0.0,7.021084509456602,281.18662822389405,CAMK2B;CAMK2D;CALML5;CALML6;CAMK2A;GNAI3;ATP1A3;CALML3;CACNA1D;CALML4;ADRB2;CACNA1C;GNAI1;SLC9A1;GNAI2;PPP1CB;PPP2CA;PPP2CB;RPS6KA5;PPP2R1B;PPP2R1A;PRKACB;CACNG3;CAMK2G;SCN1B;TPM3;PRKCA;PPP2R5D;PPP2R3A;MAPK12;MAPK13;PPP1CA;CACNB3;CREB1;PPP2R2C;PPP2R2B;GNAS;CALM1;RAPGEF4,0.26
5,985,Human cytomegalovirus infection,48/225,1.8274315336143205e-17,Infectious disease: viral,KEGG_2021_Human,3.864172405880501e-18,0.0,0.0,5.452091963171318,218.60045037499452,CALML5;CALML6;PXN;GNAI3;ITPR1;PIK3R3;CXCR4;ITPR2;CALML3;ITPR3;CALML4;GNAI1;GNAI2;GNA13;AKAP13;PPP3CA;GNG10;PPP3R1;PPP3CB;PPP3CC;GNG2;GNA11;GNA12;RAC2;EIF4EBP1;RAC3;PTK2B;ITGAV;PRKACB;PDGFRA;PRKCB;NFATC3;NFATC2;PRKCA;GNG12;GNG11;PTK2;MAPK12;NFATC4;MAPK13;GNAO1;CREB1;GNB1;GNAS;GNB4;GNB3;GNB5;CALM1,0.21333333333333335
5,985,Phosphatidylinositol signaling system,32/97,8.694415388003434e-18,Signal transduction,KEGG_2021_Human,1.8001653005998302e-18,0.0,0.0,9.789329243683913,399.97880842801527,DGKG;DGKD;CALML5;CALML6;INPP1;DGKA;INPPL1;ITPR1;ITPR2;PIK3R3;CALML3;ITPR3;PIK3C2G;CALML4;PIK3C2A;PIK3C2B;INPP5D;PLCG2;PIP4K2A;PIP5K1A;PIP4K2B;PIP5K1B;PIP4K2C;PIP5K1C;PRKCB;PRKCA;SYNJ2;DGKZ;ITPKB;SYNJ1;ITPKA;CALM1,0.32989690721649484
5,985,Rap1 signaling pathway,86/210,3.4499410832689796e-55,Signal transduction,KEGG_2021_Human,9.118787004235189e-57,0.0,0.0,14.573773727080267,1880.5562373033467,DOCK4;CALML5;CALML6;CTNND1;ITGA2B;CALML3;CALML4;ACTB;ACTG1;IGF1R;RASSF5;RAC2;RAC3;VAV3;MAGI1;MAP2K3;PDGFRB;PDGFRA;PRKCI;PRKCB;HGF;MAGI2;ARAP3;PRKCA;NGF;VAV1;PGF;VAV2;APBB1IP;ENAH;TIAM1;MRAS;PARD3;KIT;PFN4;EVL;LCP2;TLN2;PFN1;TLN1;MET;PFN3;EPHA2;RAPGEF4;RALA;RALB;LPAR1;GNAI3;LPAR2;PDGFA;PIK3R3;EFNA5;RASGRP2;PRKCZ;EFNA4;GNAI1;RAP1GAP;GNAI2;RAP1B;CDC42;PARD6B;RAP1A;PARD6A;RRAS;CNR1;PDGFD;PDGFC;RALGDS;VASP;FARP2;NGFR;INSR;GRIN2B;MAPK12;MAPK13;GNAO1;AFDN;KITLG;EFNA3;EFNA2;GNAS;TEK;CALM1;FGFR3;SIPA1;LAT,0.4095238095238095
5,985,Long-term potentiation,32/67,1.7070435151883168e-23,Nervous system,KEGG_2021_Human,2.256004645623326e-24,0.0,0.0,18.208964173287363,991.4498177823688,CAMK2B;GRIA1;GRIA2;CAMK2D;CALML5;CALML6;CAMK2A;ITPR1;ITPR2;CALML3;ITPR3;CALML4;CACNA1C;PPP1CB;RAP1B;PPP3CA;RPS6KA3;PPP3CB;RPS6KA6;PPP3R1;PPP3CC;RAP1A;RPS6KA2;RPS6KA1;PRKACB;CAMK2G;PRKCB;PRKCA;GRIN2B;PPP1CA;CAMK4;CALM1,0.47761194029850745
5,985,Nicotine addiction,22/40,3.337946816157289e-18,Substance dependence,KEGG_2021_Human,6.617075186214889e-19,0.0,0.0,24.11064959040037,1009.25885189367,GABRB3;GRIA1;GABRA2;GABRQ;GABRB2;GRIA2;GABRA1;GABRB1;GABRA6;GABRA5;GABRA4;GABRA3;CACNA1A;GABRG3;GRIN2B;GABRG2;GABRG1;GABRR2;GABRR1;GABRE;GABRD;GRIA3,0.55
5,985,GnRH signaling pathway,33/93,2.0758549717880105e-19,Endocrine system,KEGG_2021_Human,3.932236290171121e-20,0.0,0.0,10.950892857142858,489.3131996231195,CAMK2B;CAMK2D;CALML5;CALML6;CAMK2A;ITPR1;ITPR2;CALML3;CACNA1D;ITPR3;CALML4;CACNA1C;PLD1;PLD2;CDC42;MAPK7;GNA11;PTK2B;PRKACB;CAMK2G;MAP3K4;MAP2K3;MAP3K2;JUN;PRKCB;MMP2;PRKCD;PRKCA;MAPK12;MAPK13;GNAS;GNRH1;CALM1,0.3548387096774194
5,985,Apelin signaling pathway,40/137,8.096652080654517e-20,Signal transduction,KEGG_2021_Human,1.498058975275285e-20,0.0,0.0,8.255277368679431,376.8330346048921,MYLK2;PRKAA2;CALML5;CALML6;PDE3B;ITPR1;PRKAG1;GNAI3;ITPR2;PRKAG2;CALML3;ITPR3;CALML4;MYLK3;RYR3;GNAI1;MYLK;SLC9A1;GNAI2;GNA13;GNG10;GNG2;RRAS;PRKACB;MEF2D;MEF2A;MEF2C;PRKAB2;PRKCE;RRAS2;GNG12;PRKAB1;GNG11;MRAS;CAMK4;GNB1;GNB4;GNB3;GNB5;CALM1,0.291970802919708
5,985,Vascular smooth muscle contraction,40/133,2.4730215223007022e-20,Circulatory system,KEGG_2021_Human,4.466690855256775e-21,0.0,0.0,8.612163622916311,403.545655078501,MYLK2;GUCY1B1;CALML5;CALML6;ITPR1;ITPR2;CALML3;CACNA1D;ITPR3;CALML4;CACNA1C;MYLK3;MYLK;PPP1CB;GNA13;GNA11;NPPA;GNA12;MYH14;MYH11;PRKACB;MYH10;PRKG1;GUCY1A2;PPP1R14A;PRKCH;PPP1R12A;PRKCB;PRKCE;PRKCD;PRKCA;PPP1CA;MYL6;GNAS;MYH9;PRKCQ;CALM1;PPP1R12B;MYL9;PPP1R12C,0.3007518796992481
5,985,Long-term depression,28/60,2.1803451638983108e-20,Nervous system,KEGG_2021_Human,3.842017909952971e-21,0.0,0.0,17.356452455590386,815.897136985629,GRIA1;GNAZ;GRIA2;GUCY1B1;GNAI3;ITPR1;CACNA1A;ITPR2;ITPR3;GNAI1;IGF1R;GNAI2;GNA13;PPP2CA;PPP2CB;PPP2R1B;PPP2R1A;GNA11;GNA12;PRKG2;PRKG1;GRIA3;LYN;GUCY1A2;PRKCB;PRKCA;GNAO1;GNAS,0.4666666666666667
5,985,Amphetamine addiction,30/69,1.1218635852763866e-20,Substance dependence,KEGG_2021_Human,1.9274308293294748e-21,0.0,0.0,15.284736206202174,729.0528609552042,CAMK2B;GRIA1;GRIA2;CAMK2D;CALML5;CALML6;CAMK2A;CALML3;CACNA1D;CALML4;CACNA1C;PPP1CB;PPP3CA;PPP3CB;PPP3R1;PPP3CC;PRKACB;CAMK2G;GRIA3;JUN;PRKCB;PRKCA;FOS;GRIN2B;PPP1CA;ARC;CREB1;CAMK4;GNAS;CALM1,0.43478260869565216
5,985,Proteoglycans in cancer,51/205,1.4019353216636954e-21,Cancer: overview,KEGG_2021_Human,2.3468520803180805e-22,0.0,0.0,6.687553880808699,333.065576949545,ACTB;ACTG1;IGF1R;PPP1CB;ITGAV;PRKACB;VAV3;PPP1R12A;PRKCB;HGF;MMP2;RRAS2;PRKCA;VAV1;VAV2;TIAM1;MRAS;CTTN;EZR;PPP1R12B;MET;PPP1R12C;CAMK2B;CAMK2D;PXN;CAMK2A;ITPR1;PIK3R3;TWIST1;ITPR2;ITPR3;IQGAP1;SLC9A1;CDC42;PAK1;RRAS;PLCG2;FLNA;FLNB;FLNC;CAMK2G;CAV3;CAV2;RDX;IGF2;MSN;PTK2;MAPK12;PPP1CA;MAPK13;PTPN6,0.24878048780487805
5,985,T cell receptor signaling pathway,37/104,1.141380395190752e-21,Immune system,KEGG_2021_Human,1.8603997630862481e-22,0.0,0.0,11.037785754770452,552.2875382766134,ITK;PIK3R3;CBLB;RASGRP1;MALT1;CDC42;PPP3CA;PPP3R1;PPP3CB;PAK1;PPP3CC;NCK2;PAK6;MAP3K8;FYN;ICOS;PAK3;PAK2;PAK5;NCK1;PAK4;VAV3;JUN;NFATC3;NFATC2;FOS;VAV1;MAPK12;VAV2;MAPK13;ZAP70;TEC;LCK;PRKCQ;LCP2;PTPN6;LAT,0.3557692307692308
5,985,Renin secretion,31/69,7.664159346796959e-22,Endocrine system,KEGG_2021_Human,1.2154613942056852e-22,0.0,0.0,16.227711574533817,818.8786968430162,GUCY1B1;CALML5;PDE1C;CALML6;PDE1B;PDE1A;PDE3B;GNAI3;ITPR1;ITPR2;CALML3;CACNA1D;ITPR3;CALML4;ADRB2;CACNA1C;GNAI1;GNAI2;PPP3CA;PPP3CB;PPP3R1;PPP3CC;NPPA;PRKG2;PRKACB;GUCY1A2;CREB1;GNAS;PDE3A;ORAI1;CALM1,0.4492753623188406
5,985,Pathways in cancer,86/531,4.775549841164286e-22,Cancer: overview,KEGG_2021_Human,7.36318257448238e-23,0.0,0.0,3.9920010998487703,203.44421187077967,SPI1;CALML5;FLT3;CALML6;ITGA2B;CALML3;CALML4;ETS1;IGF1R;RASSF1;EDNRB;RPS6KA5;RASSF5;PIM1;RAC2;RAC3;ITGAV;PRKACB;APPL1;APC2;PDGFRB;PDGFRA;HSP90AA1;RALBP1;PRKCB;TPM3;DCC;HGF;MMP2;FLT3LG;PRKCA;FOS;PGF;BCR;IL3RA;KIT;ITGA6;MET;CAMK2B;CAMK2D;RALA;RALB;CAMK2A;LPAR1;GNAI3;PDGFA;LPAR2;PIK3R3;CXCR4;CSF2RB;PLD1;RASGRP2;STK4;RASGRP1;FOXO1;GNAI1;RASGRP4;GNAI2;PLD2;CDC42;GNA13;GNG10;GNG2;GNA11;GNA12;PLCG2;CTNNA1;CTNNA3;CTNNA2;RALGDS;CAMK2G;JUN;ZBTB16;IGF2;GNG12;GNG11;PTK2;EPOR;KITLG;GNB1;GNAS;GNB4;GNB3;GNB5;CALM1;FGFR3,0.16195856873822975
5,985,Human immunodeficiency virus 1 infection,53/212,1.8114368539946573e-22,Infectious disease: viral,KEGG_2021_Human,2.7131653319743765e-23,0.0,0.0,6.7439198855507865,350.42312197194946,CALML5;CALML6;CALML3;CALML4;PPP3CA;PPP3CB;PPP3CC;CFL2;CFL1;RAC2;RAC3;MAP2K3;PRKCB;PRKCA;FOS;PXN;GNAI3;ITPR1;PIK3R3;CXCR4;ITPR2;ITPR3;GNAI1;GNAI2;GNG10;PPP3R1;PAK1;GNG2;GNA11;PLCG2;PAK6;PTK2B;PAK3;PAK2;PAK5;PAK4;JUN;LIMK2;LIMK1;NFATC3;NFATC2;GNG12;GNG11;PTK2;MAPK12;NFATC4;MAPK13;GNAO1;GNB1;GNB4;GNB3;GNB5;CALM1,0.25
5,985,Calcium signaling pathway,57/240,6.425064536906351e-23,Signal transduction,KEGG_2021_Human,9.34040219021628e-24,0.0,0.0,6.320802713397399,335.17758529073194,MYLK2;CALML5;CALML6;CALML3;CALML4;RYR3;MYLK3;MYLK;PPP3CA;PPP3CB;EDNRB;PPP3CC;PRKACB;PDGFRB;PDGFRA;PRKCB;HGF;PRKCA;NGF;PHKA2;ITPKB;ITPKA;ORAI1;MET;CAMK2B;CAMK2D;PDE1C;PDE1B;PDE1A;CAMK2A;ITPR1;PDGFA;CXCR4;CACNA1A;ITPR2;CACNA1D;ITPR3;ADRB2;CACNA1C;CACNA1E;CACNA1H;CACNA1I;GNA14;PPP3R1;GNA15;PDGFD;GNA11;PDGFC;PLCG2;PTK2B;CAMK2G;NTRK2;NTRK3;CAMK4;GNAS;CALM1;FGFR3,0.2375
5,985,Chemokine signaling pathway,51/192,6.425064536906351e-23,Immune system,KEGG_2021_Human,9.214204354038545e-24,0.0,0.0,7.309171260649688,387.68791625538415,ITK;NCF1;ARRB1;ARRB2;PREX1;RAC2;RAC3;PRKACB;VAV3;PRKCB;PRKCD;VAV1;VAV2;FGR;TIAM1;HCK;PARD3;ELMO1;DOCK2;SHC4;SHC3;PXN;GNAI3;WAS;PIK3R3;CXCR4;FOXO3;RASGRP2;PRKCZ;GNAI1;GNAI2;RAP1B;CDC42;GNG10;GRK3;PAK1;GRK2;RAP1A;GNG2;GRK5;GRK6;PLCG2;PTK2B;LYN;GNG12;GNG11;PTK2;GNB1;GNB4;GNB3;GNB5,0.265625
5,985,B cell receptor signaling pathway,30/81,2.5096886519432517e-18,Immune system,KEGG_2021_Human,4.86459474385476e-19,0.0,0.0,11.680936248845088,492.55159651696704,INPPL1;DAPP1;PIK3R3;MALT1;CD79B;PPP3CA;CD79A;PPP3CB;PPP3R1;PPP3CC;CD19;INPP5D;BLNK;RAC2;PLCG2;RAC3;VAV3;LYN;JUN;SYK;PRKCB;NFATC3;NFATC2;FOS;VAV1;VAV2;BTK;PTPN6;PIK3AP1;CD22,0.37037037037037035
5,985,Endocytosis,94/252,5.374079068608149e-56,Transport and catabolism,KEGG_2021_Human,1.1837178565216186e-57,0.0,0.0,12.59115770930117,1650.4324592449118,SH3GL3;ARF1;WIPF1;SH3KBP1;WIPF2;ARPC1B;WIPF3;ARPC1A;CLTC;ARPC5L;CLTB;CBLC;CLTA;CBLB;AP2A1;ARRB1;WASL;ARRB2;AP2A2;IGF1R;EEA1;PIP5KL1;PSD4;GIT1;AP2M1;SH3GL2;SH3GL1;ACTR3;PDGFRA;SH3GLB2;USP8;ACTR2;PRKCI;PDCD6IP;ARAP2;ARAP3;EPS15L1;ARAP1;DNM1;EPN1;RNF41;DNM2;RUFY1;DNM3;ACAP1;BIN1;HGS;PARD3;AMPH;STAM2;ARF6;RAB5B;RAB5C;AGAP2;ASAP3;CXCR4;ASAP1;ASAP2;PLD1;PRKCZ;PLD2;CDC42;CYTH3;CYTH2;SNX1;GRK3;PARD6B;GRK2;PARD6A;GRK5;CLTCL1;GRK6;AP2S1;PIP5K1A;PIP5K1B;PIP5K1C;EPS15;CYTH1;GIT2;RAB4A;CAV3;IQSEC1;CAV2;ARPC4;STAM;AP2B1;ARPC5;RAB10;EHD2;EHD4;ARPC2;ARPC3;FGFR3;RAB5A,0.373015873015873
5,985,Negative Regulation Of MET Activity R-HSA-6807004,13/21,9.388270600349957e-12,Signal Transduction,Reactome_2022,1.3073474700790048e-12,0.0,0.0,31.776105967078188,869.4902505366764,PTPN1;SH3GL3;USP8;SH3KBP1;PTPRJ;STAM;HGS;LRIG1;EPS15;STAM2;PTPN2;SH3GL2;SH3GL1,0.6190476190476191
5,985,MAPK signaling pathway,116/294,1.4282439286551282e-72,Signal transduction,KEGG_2021_Human,1.8875470422754997e-74,0.0,0.0,14.126349542933244,2398.032857973439,IGF1R;RPS6KA4;RPS6KA3;RPS6KA6;RPS6KA5;RPS6KA2;RPS6KA1;MAP3K8;MAP3K6;PRKACB;MAP3K4;MAP3K5;MAP2K3;PDGFRB;PDGFRA;MEF2C;PRKCB;HGF;FLT3LG;PRKCA;MAPK8IP2;MAPK8IP3;PGF;MAPK8IP1;CACNB3;MAPKAPK3;MAPKAPK2;EPHA2;PDGFA;CACNA1A;CACNA1D;CACNA1C;EFNA5;RASGRP2;STK4;CACNA1E;EFNA4;RASGRP1;CACNA1H;RASGRP4;RAP1B;CACNA1I;PPP3R1;RAP1A;RRAS;PDGFD;PDGFC;MAP2K5;NGFR;JUN;JUND;INSR;IGF2;NFATC3;GNG12;EFNA3;EFNA2;NF1;MAP3K13;FGFR3;MAP3K11;MAP3K12;PTPRR;FLT3;RASGRF2;RASGRF1;ARRB1;ARRB2;AREG;DUSP16;PPP3CA;PPP3CB;PPP3CC;DUSP10;RAC2;RAC3;MAP4K1;MAP4K2;DUSP3;RRAS2;FOS;DUSP8;NGF;DUSP9;DUSP6;DUSP7;MRAS;RASA1;KIT;RASA2;MET;SRF;CDC42;PAK1;MAPK7;MKNK1;NTF3;GNA12;MKNK2;FLNA;FLNB;FLNC;PAK2;CACNG3;MAP4K3;MAP3K2;NTRK2;MAPK12;MAPK13;KITLG;TAOK3;TAOK2;PTPN7;TEK;LAMTOR3;PTPN5,0.3945578231292517
5,985,Signaling By EGFR R-HSA-177929,20/49,3.438456854361532e-13,Signal Transduction,Reactome_2022,4.233014492755872e-14,0.0,0.0,13.568697516526711,417.8246600243762,SH3GL3;SH3KBP1;EPS15L1;PTPN12;STAM;AREG;EPN1;CDC42;HGS;LRIG1;SPRY2;CSK;ARHGEF7;STAM2;AAMP;EPS15;SH3GL2;PAG1;SH3GL1;PTPN3,0.40816326530612246
5,985,GPER1 Signaling R-HSA-9634597,19/43,2.572633047560812e-13,Signal Transduction,Reactome_2022,3.1411563951045234e-14,0.0,0.0,15.563707729468598,483.9005797721213,GNAZ;GNAI3;PRKCA;GNG12;GNG11;GNAI1;GNAI2;GNG10;GNG2;PRKAR1B;PRKAR2B;PRKAR1A;PRKAR2A;GNB1;GNAS;GNB4;GNB3;GNB5;PRKACB,0.4418604651162791
5,985,RHOJ GTPase Cycle R-HSA-9013409,21/54,2.5685552119484945e-13,Signal Transduction,Reactome_2022,3.1102585815723446e-14,0.0,0.0,12.530554507732932,389.7188585019702,GIT2;TRIO;FNBP1;WIPF2;SNAP23;ARHGAP1;WAS;WWP2;WASL;CDC42BPB;ARHGAP5;FNBP1L;ARHGAP26;ARHGAP35;CDC42;PREX1;PKN2;PKN1;ARHGEF7;GIT1;PAK4,0.3888888888888889
5,985,Anti-inflammatory Response Favoring Leishmania Infection R-HSA-9662851,36/165,2.465773647007953e-13,Disease,Reactome_2022,2.9609189101306395e-14,0.0,0.0,5.553753032567942,173.0032481574976,GNAZ;AHCYL1;ITPR1;GNAI3;ITPR2;ITPR3;PRKX;ADRB2;GNAI1;GNAI2;GNG10;GNG2;PRKAR2B;PRKAR2A;PLCG2;FYN;PRKACB;LYN;YES1;SYK;PRKCA;GNG12;GNG11;TSHR;FGR;HCK;CREB1;PRKAR1B;PRKAR1A;GNB1;GNAS;GNB4;GNB3;MYH9;GNB5;CALM1,0.21818181818181817
5,985,Signaling By High-Kinase Activity BRAF Mutants R-HSA-6802948,17/33,2.395520518569273e-13,Disease,Reactome_2022,2.8523856830592765e-14,0.0,0.0,20.853757747933884,650.3877385362324,KSR1;YWHAB;ITGA2B;PEBP1;ARRB1;ARRB2;IQGAP1;KSR2;RAP1B;APBB1IP;CNKSR2;CNKSR1;RAP1A;CSK;TLN1;MARK3;VCL,0.5151515151515151
5,985,Trafficking Of GluR2-containing AMPA Receptors R-HSA-416993,13/17,1.5575604960318696e-13,Neuronal System,Reactome_2022,1.838895842943781e-14,0.0,0.0,63.56558641975309,2010.390454134256,GRIA1;GRIA2;PRKCB;AP2A1;PRKCA;AP2B1;AP2A2;GRIP2;TSPAN7;AP2S1;PICK1;AP2M1;GRIA3,0.7647058823529411
5,985,Retrograde Neurotrophin Signaling R-HSA-177504,12/14,1.353981370822782e-13,Signal Transduction,Reactome_2022,1.5848823311346392e-14,0.0,0.0,117.24357656731758,3725.4945042912536,DNM3;CLTC;AP2S1;CLTA;AP2A1;AP2B1;NGF;AP2A2;DNM1;AP2M1;SH3GL2;DNM2,0.8571428571428571
5,985,RAF Activation R-HSA-5673000,17/32,1.2487801750020329e-13,Signal Transduction,Reactome_2022,1.449139456359574e-14,0.0,0.0,22.245179063360883,708.8475559374147,CAMK2B;CAMK2D;KSR1;YWHAB;CAMK2A;PPP2R5D;PPP1CB;PPP2CA;PPP2CB;MRAS;PPP2R1B;PPP2R1A;SHOC2;CALM1;CAMK2G;MARK3;MAP3K11,0.53125
5,985,CREB1 Phosphorylation Thru NMDA Receptor-Mediated Activation Of RAS Signaling R-HSA-442742,16/27,7.22877475346699e-14,Neuronal System,Reactome_2022,8.315644015088162e-15,0.0,0.0,28.52650342433624,924.8474361639406,CAMK2B;CAMK2D;ACTN2;RASGRF2;CAMK2A;RASGRF1;GRIN2B;RPS6KA3;RPS6KA6;CREB1;RPS6KA2;RPS6KA1;NEFL;CALM1;CAMK2G;LLGL1,0.5925925925925926
5,985,Beta-catenin Independent WNT Signaling R-HSA-3858494,34/142,7.22877475346699e-14,Signal Transduction,Reactome_2022,8.304108811886045e-15,0.0,0.0,6.258889278342486,202.925870694619,CLTC;CAMK2A;ITPR1;CLTB;ITPR2;CLTA;ITPR3;AP2A1;ARRB2;AP2A2;PPP3CA;GNG10;PPP3R1;PPP3CB;GNG2;PARD6A;RAC2;AP2S1;PRKG2;AP2M1;PRKG1;PRKCB;PRKCA;AP2B1;GNG12;GNG11;GNAO1;DAAM1;GNB1;GNB4;GNB3;GNB5;PFN1;CALM1,0.23943661971830985
5,985,Synthesis Of PIPs At Plasma Membrane R-HSA-1660499,21/51,6.971172778716331e-14,Metabolism,Reactome_2022,7.878621102081019e-15,0.0,0.0,13.78578838174274,447.6882872567625,RAB4A;PLEKHA2;INPPL1;PIK3R3;PIK3C2G;SYNJ2;PIK3C2A;BMX;PTPN13;PIK3C2B;RUFY1;SYNJ1;INPP5D;PIP4K2A;PIP5K1A;PIP4K2B;PIP5K1B;PIP4K2C;PIP5K1C;SBF2;RAB5A,0.4117647058823529
5,985,RHO GTPases Activate PKNs R-HSA-5625740,22/62,5.72256470688622e-13,Signal Transduction,Reactome_2022,7.102678697749798e-14,0.0,0.0,10.83722741433022,328.10485526941915,PPP1R14A;PPP1R12A;YWHAB;PKN3;KLK2;RHOC;AREG;YWHAZ;RHOB;PPP1CB;MYL6;YWHAQ;MYH9;MYH14;MYH11;PKN2;PKN1;PPP1R12B;MYL9;MYH10;YWHAG;YWHAH,0.3548387096774194
5,985,MAP Kinase Activation R-HSA-450294,23/62,5.5608628621890464e-14,Immune System,Reactome_2022,6.228615314863613e-15,0.0,0.0,11.633029479183325,380.5120010234161,MAP2K3;MEF2A;MEF2C;JUN;DUSP3;PPP2R5D;FOS;VRK3;DUSP6;DUSP7;PPP2CA;RPS6KA3;PPP2CB;RPS6KA5;CREB1;MAPK7;PPP2R1B;MAPKAPK3;PPP2R1A;RPS6KA2;RPS6KA1;MAPKAPK2;MAP3K8,0.3709677419354839
5,985,RHO GTPases Activate ROCKs R-HSA-5627117,14/19,3.789194293860188e-14,Signal Transduction,Reactome_2022,4.167731362570742e-15,0.0,0.0,54.81771369721936,1815.091494454864,PPP1R12A;LIMK2;LIMK1;RHOC;RHOB;PPP1CB;MYL6;MYH14;MYH9;MYH11;PKN1;PPP1R12B;MYH10;MYL9,0.7368421052631579
5,985,Fc Epsilon Receptor (FCERI) Signaling R-HSA-2454202,33/130,3.0234064547952644e-14,Immune System,Reactome_2022,3.2949333715225878e-15,0.0,0.0,6.760525859828467,225.4391349573066,ITK;AHCYL1;ITPR1;ITPR2;ITPR3;RASGRP2;RASGRP1;RASGRP4;MALT1;PPP3CA;PPP3R1;PPP3CB;PLCG2;FCER1A;FYN;LYN;VAV3;JUN;FCER1G;SYK;NFATC3;NFATC2;FOS;VAV1;VAV2;TEC;BTK;PRKCQ;LCP2;PKN2;PKN1;CALM1;MS4A2,0.25384615384615383
5,985,RHOV GTPase Cycle R-HSA-9013424,19/37,8.511372561768977e-15,Signal Transduction,Reactome_2022,9.189877538943296e-16,0.0,0.0,20.758166551644813,718.7153743314434,GIT2;TPM3;CLTC;IQGAP1;WASL;CDC42;PARD6B;PARD6A;NCK2;PKN2;PKN1;ARHGEF7;SPTAN1;GIT1;SPTBN1;MAP3K11;NCK1;PAK4;EPHA2,0.5135135135135135
5,985,Phase 0 - Rapid Depolarisation R-HSA-5576892,18/32,5.7217713242306654e-15,Muscle contraction,Reactome_2022,6.120159034999501e-16,0.0,0.0,25.26355443935589,884.9765874308561,CAMK2B;CAMK2D;CAMK2A;CACNA1C;FGF14;SCN11A;SCN8A;SCN3B;CALM1;FGF13;SCN2A;CAMK2G;SCN3A;FGF12;SCN1B;FGF11;SCN1A;SCN2B,0.5625
5,985,GPVI-mediated Activation Cascade R-HSA-114604,18/32,5.7217713242306654e-15,Hemostasis,Reactome_2022,6.120159034999501e-16,0.0,0.0,25.26355443935589,884.9765874308561,LYN;VAV3;FCER1G;SYK;RHOG;PIK3R3;GP6;PRKCZ;VAV1;RHOB;VAV2;CDC42;LCK;PLCG2;RAC2;FYN;LCP2;PTPN6,0.5625
5,985,Cargo Recognition For Clathrin-Mediated Endocytosis R-HSA-8856825,31/104,1.5544165938366616e-15,Vesicle-mediated transport,Reactome_2022,1.6312747301615823e-16,0.0,0.0,8.431722236581374,306.5099645155204,ITSN2;SH3GL3;SH3KBP1;ITSN1;CLTC;CLTB;CLTA;AP2A1;ARRB1;ADRB2;ARRB2;AP2A2;AREG;GRK3;GRK2;CLTCL1;AP2S1;REPS2;EPS15;AP2M1;SH3GL2;SH3GL1;SYT2;TOR1A;STAM;EPS15L1;AP2B1;SYT9;EPN1;HGS;STAM2,0.2980769230769231
5,985,Signaling By B Cell Receptor (BCR) R-HSA-983705,32/109,8.365181994890059e-16,Immune System,Reactome_2022,8.694386937171305e-17,0.0,0.0,8.25848652921056,305.4093113996353,BLK;AHCYL1;SH3KBP1;ITPR1;DAPP1;ITPR2;ITPR3;RASGRP1;MALT1;CD79B;CD79A;PPP3CA;PPP3R1;PPP3CB;CD19;PLCG2;BLNK;FYN;NCK1;LYN;SYK;PRKCB;TRPC1;NFATC3;NFATC2;VAV1;BTK;ORAI1;PTPN6;CALM1;PIK3AP1;CD22,0.29357798165137616
5,985,FCGR3A-mediated IL10 Synthesis R-HSA-9664323,20/38,8.189418879281267e-16,Disease,Reactome_2022,8.42906887675771e-17,0.0,0.0,21.873344847438112,809.5819324363304,LYN;AHCYL1;YES1;SYK;ITPR1;ITPR2;ITPR3;PRKX;PRKCA;FGR;HCK;CREB1;PRKAR1B;PRKAR2B;PRKAR1A;PRKAR2A;PLCG2;FYN;CALM1;PRKACB,0.5263157894736842
5,985,G Alpha (Z) Signaling Events R-HSA-418597,22/47,6.107358317145514e-16,Signal Transduction,Reactome_2022,6.22445196802923e-17,0.0,0.0,17.353271028037383,647.5453113873316,GNAZ;RGS17;RGS19;PRKCH;PRKCB;PRKCE;PRKCD;GNAI3;PRKCA;GNG12;GNG11;GNAI1;GNAI2;GNG10;GNG2;GNB1;GNAS;GNB4;RGS20;GNB3;PRKCQ;GNB5,0.46808510638297873
5,985,Nephrin Family Interactions R-HSA-373753,16/22,5.954366579195886e-16,Cell-Cell communication,Reactome_2022,6.00844256225619e-17,0.0,0.0,52.31234950120399,1953.9071101805955,KIRREL1;ACTN3;ACTN2;ACTN1;MAGI2;CASK;ACTN4;IQGAP1;WASL;CD2AP;NPHS1;NCK2;FYN;SPTAN1;SPTBN1;NCK1,0.7272727272727273
5,985,ERK/MAPK Targets R-HSA-198753,16/22,5.954366579195886e-16,Immune System,Reactome_2022,6.00844256225619e-17,0.0,0.0,52.31234950120399,1953.9071101805955,MEF2A;MEF2C;DUSP3;PPP2R5D;VRK3;DUSP6;DUSP7;PPP2CA;PPP2CB;RPS6KA3;MAPK7;RPS6KA5;PPP2R1B;PPP2R1A;RPS6KA2;RPS6KA1,0.7272727272727273
5,985,PIP3 Activates AKT Signaling R-HSA-1257604,48/268,5.083070898399146e-14,Signal Transduction,Reactome_2022,5.642157404883008e-15,0.0,0.0,4.376443193945862,143.58457978510114,PHLPP2;PRR5;PHLPP1;IRS1;FLT3;PDGFA;PIK3R3;FOXO3;AREG;FOXO1;PREX2;PPP2CA;PPP2CB;PPP2R1B;PPP2R1A;CD19;RAC2;PIP4K2A;PIP5K1A;THEM4;PIP4K2B;PIP5K1B;FYN;PIP4K2C;PIP5K1C;ICOS;PDGFRB;PDGFRA;JUN;TRAT1;INSR;RHOG;FLT3LG;WWP2;PPP2R5D;VAV1;KITLG;CREB1;LCK;RRAGD;KIT;SNAI1;STRN;FGF13;PIK3AP1;LAMTOR3;FGFR3;FRK,0.1791044776119403
5,985,Ras signaling pathway,100/232,7.051554460423468e-67,Signal transduction,KEGG_2021_Human,1.242564662629686e-68,0.0,0.0,16.16418421503167,2527.409356307507,CALML5;CALML6;CALML3;CALML4;ETS1;IGF1R;RASSF1;RASSF5;PRKACB;PDGFRB;PDGFRA;RALBP1;PRKCB;HGF;FLT3LG;PRKCA;PGF;TIAM1;RIN1;EPHA2;SHC4;RAB5B;RAB5C;SHC3;PDGFA;PIK3R3;RASAL1;RASAL2;EFNA5;PLD1;RASAL3;RASGRP2;STK4;EFNA4;RASGRP1;RASGRP4;PLD2;RAP1B;GNG10;RAP1A;RRAS;PDGFD;PDGFC;PLCG2;ABL2;RALGDS;BRAP;NGFR;INSR;IGF2;GNG12;GNG11;GRIN2B;AFDN;EFNA3;EFNA2;GNB1;GNB4;NF1;GNB3;GNB5;CALM1;FGFR3;RAB5A;LAT;FLT3;RASGRF2;RASGRF1;RAC2;RAC3;RASA4B;KSR1;RRAS2;KSR2;NGF;ZAP70;MRAS;RASA3;RASA4;RASA1;KIT;RASA2;MET;EXOC2;ARF6;RALA;RALB;CDC42;PAK1;GNG2;NTF3;PAK6;SHOC2;PAK3;PAK2;PAK5;PAK4;NTRK2;KITLG;TEK,0.43103448275862066
5,985,G Alpha (S) Signaling Events R-HSA-418555,34/153,6.970717367830665e-13,Signal Transduction,Reactome_2022,8.722189239263396e-14,0.0,0.0,5.6770316959591405,170.7101656287969,GNAZ;PDE1B;PDE1A;PDE3B;GNAI3;ARRB1;ADRB2;ARRB2;GNAI1;GNAI2;GNG10;GRK3;GRK2;GNG2;GRK5;PRKAR2B;PRKAR2A;GRK6;PDE4A;PRKACB;PDE4D;PDE4C;PRKCA;GNG12;GNG11;TSHR;PRKAR1B;PRKAR1A;GNB1;GNAS;GNB4;PDE3A;GNB3;GNB5,0.2222222222222222
5,985,Signaling By MET R-HSA-6806834,22/63,8.188968875177762e-13,Signal Transduction,Reactome_2022,1.0411807046139233e-13,0.0,0.0,10.572347592634804,316.0418386265004,SH3GL3;USP8;PTPN1;RAB4A;SH3KBP1;DOCK7;RANBP9;PTPRJ;STAM;PTK2;RAP1B;GGA3;RAP1A;HGS;LRIG1;RANBP10;STAM2;EPS15;SH3GL2;PTPN2;SH3GL1;ARF6,0.3492063492063492
5,985,Axon guidance,99/182,1.3015825984393283e-78,Development and regeneration,KEGG_2021_Human,1.1467688091976462e-80,0.0,0.0,25.487067910468056,4691.401001267031,EPHB6;RGS3;DPYSL5;CFL2;DPYSL2;CFL1;EPHB2;EPHB1;EPHB4;EPHB3;EPHA5;EPHA4;EPHA7;UNC5A;UNC5B;SEMA6D;PRKCA;UNC5C;PARD3;MYL9;EPHA3;NGEF;EPHA2;PIK3R3;EFNA5;EFNA4;PRKCZ;MYL12A;EFNB2;EFNB1;PPP3R1;EFNB3;RRAS;PLCG2;PLXNA2;PLXNA1;SRGAP3;SRGAP2;SRGAP1;PLXNA4;NFATC3;NFATC2;L1CAM;PTK2;NFATC4;SSH1;EFNA3;EFNA2;CDK5;FES;PLXNB1;ROBO3;ILK;RND1;PPP3CA;PPP3CB;PPP3CC;NCK2;RAC2;RAC3;NEO1;NCK1;TRPC6;TRPC3;DCC;TRPC1;RHOD;RGMA;ENAH;RASA1;MET;CAMK2B;CAMK2D;SEMA3A;CAMK2A;GNAI3;CXCR4;SEMA3E;NTN1;GNAI1;GNAI2;CDC42;PAK1;PARD6B;ABLIM2;PARD6A;ABLIM3;SLIT1;PAK6;FYN;LRIG2;PAK3;CAMK2G;PAK2;PAK5;PAK4;LIMK2;LIMK1;SEMA4F,0.5439560439560439
5,985,Regulation of actin cytoskeleton,108/218,6.639179580875461e-80,Cell motility,KEGG_2021_Human,2.9247487140420527e-82,0.0,0.0,21.16450710065305,3973.3985108011448,CYFIP2;CYFIP1;NCKAP1;MYLK2;ITGA2B;ARPC5L;ACTB;ARHGAP35;MYLK3;MYLK;ACTG1;PPP1CB;CFL2;CFL1;PIP4K2A;PIP4K2B;PIP4K2C;PDGFRB;PDGFRA;ACTN1;ACTN4;TIAM1;SPATA13;PFN4;EZR;PFN1;MYL9;PFN3;VCL;PXN;LPAR1;LPAR2;PDGFA;PIK3R3;IQGAP1;IQGAP2;MYL12A;SLC9A1;SCIN;RRAS;PDGFD;PDGFC;PIP5K1A;MYH14;NCKAP1L;PIP5K1B;MYH11;PIP5K1C;MYH10;RDX;MSN;ARPC4;ARPC5;GNG12;PTK2;SSH1;DIAPH1;DIAPH2;ARPC2;ARPC3;FGFR3;ARPC1B;ARPC1A;WASL;ITGAE;RAC2;RAC3;ITGAV;GIT1;APC2;VAV3;ACTR3;ACTR2;PPP1R12A;RRAS2;VAV1;VAV2;ENAH;MRAS;ARHGEF4;MYH9;ITGA6;ARHGEF7;PPP1R12B;DOCK1;PPP1R12C;ARHGEF6;CXCR4;FGD1;FGD3;CDC42;GNA13;PAK1;GNA12;PAK6;PAK3;WASF1;PAK2;WASF2;PAK5;PAK4;GSN;LIMK2;LIMK1;BAIAP2;PPP1CA;MOS;ABI2,0.4954128440366973
5,985,Thromboxane Signaling Thru TP Receptor R-HSA-428930,13/24,9.288313187024724e-11,Hemostasis,Reactome_2022,1.3965274115708212e-11,0.0,0.0,23.106247661803216,577.5278892054592,GNG12;GNG11;GNA13;GNA14;GNA15;GNG10;GNG2;GNA11;GNB1;GNB4;GNB3;GNB5;AAMP,0.5416666666666666
5,985,Constitutive Signaling By Aberrant PI3K In Cancer R-HSA-2219530,22/78,9.247415659660942e-11,Disease,Reactome_2022,1.3810469400906352e-11,0.0,0.0,7.734349503041092,193.40200475812276,PDGFRB;PDGFRA;FLT3;IRS1;TRAT1;RHOG;FLT3LG;PDGFA;PIK3R3;AREG;VAV1;KITLG;LCK;CD19;KIT;RAC2;FYN;STRN;ICOS;FGF13;PIK3AP1;FGFR3,0.28205128205128205
5,985,Sema3A PAK Dependent Axon Repulsion R-HSA-399954,11/16,9.184759941146635e-11,Developmental Biology,Reactome_2022,1.3624215048925887e-11,0.0,0.0,42.93839835728953,1074.2831905710889,HSP90AA1;FES;SEMA3A;LIMK1;PLXNA2;PLXNA1;FYN;PKN2;PKN1;ARHGEF7;PLXNA4,0.6875
5,985,CRMPs In Sema3A Signaling R-HSA-399956,11/16,9.184759941146635e-11,Developmental Biology,Reactome_2022,1.3624215048925887e-11,0.0,0.0,42.93839835728953,1074.2831905710889,CDK5;DPYSL4;DPYSL5;FES;SEMA3A;DPYSL2;PLXNA2;PLXNA1;FYN;PLXNA4;CDK5R1,0.6875
5,985,RHO GTPases Activate CIT R-HSA-5625900,12/19,4.7678459480398117e-11,Signal Transduction,Reactome_2022,6.976162083408403e-12,0.0,0.0,33.48935545441198,860.2920508922058,PPP1CB;MYL6;PPP1R12A;MYH14;MYH9;MYH11;RHOC;PPP1R12B;MYH10;MYL9;LLGL1;RHOB,0.631578947368421
5,985,Costimulation By CD28 Family R-HSA-388841,21/68,3.997067883895356e-11,Immune System,Reactome_2022,5.808050204651173e-12,0.0,0.0,8.791559989405844,227.45327244547843,PRR5;LYN;YES1;PIK3R3;PPP2R5D;VAV1;CDC42;PPP2CA;PPP2CB;PPP2R1B;PPP2R1A;LCK;THEM4;MAP3K8;CSK;FYN;PKN2;PTPN6;PKN1;ARHGEF7;ICOS,0.3088235294117647
5,985,Ca2+ Pathway R-HSA-4086398,20/61,3.682576359970328e-11,Signal Transduction,Reactome_2022,5.313909379170099e-12,0.0,0.0,9.591305446733225,248.99693925988456,CAMK2A;ITPR1;ITPR2;PRKCA;ITPR3;GNG12;GNG11;GNAO1;PPP3CA;PPP3CB;GNG10;PPP3R1;GNG2;GNB1;GNB4;PRKG2;GNB3;GNB5;CALM1;PRKG1,0.32786885245901637
5,985,PI3K/AKT Signaling In Cancer R-HSA-2219528,26/105,3.6555419843385016e-11,Disease,Reactome_2022,5.238011723270104e-12,0.0,0.0,6.49854146592574,168.80012881822378,PRR5;IRS1;FLT3;PDGFA;PIK3R3;FOXO3;AREG;FOXO1;CD19;RAC2;FYN;ICOS;PDGFRB;PDGFRA;TRAT1;RHOG;FLT3LG;VAV1;KITLG;CREB1;LCK;KIT;STRN;FGF13;PIK3AP1;FGFR3,0.24761904761904763
5,985,WNT5A-dependent Internalization Of FZD4 R-HSA-5099900,11/15,3.1320317932624954e-11,Signal Transduction,Reactome_2022,4.456271269929484e-12,0.0,0.0,53.67582135523614,1402.909309018827,PRKCB;CLTC;CLTB;AP2S1;CLTA;AP2A1;PRKCA;AP2B1;ARRB2;AP2A2;AP2M1,0.7333333333333333
5,985,Interleukin-17 Signaling R-HSA-448424,23/69,7.155609599371894e-13,Immune System,Reactome_2022,9.025743692446889e-14,0.0,0.0,9.859147609147607,296.13044601358075,MAP2K3;MEF2A;MEF2C;JUN;DUSP3;PPP2R5D;FOS;VRK3;DUSP6;DUSP7;PPP2CA;RPS6KA3;PPP2CB;RPS6KA5;CREB1;MAPK7;PPP2R1B;MAPKAPK3;PPP2R1A;RPS6KA2;RPS6KA1;MAPKAPK2;MAP3K8,0.3333333333333333
5,985,Cardiac Conduction R-HSA-5576891,29/126,1.6155881871727855e-11,Muscle contraction,Reactome_2022,2.2823647447446008e-12,0.0,0.0,5.916210153992149,158.58879963849466,CAMK2B;CAMK2D;AHCYL1;CAMK2A;ITPR1;ITPR2;ATP1A3;ITPR3;CACNA1C;RYR3;SCN11A;NPPA;SCN3B;SCN3A;CAMK2G;SCN1B;CORIN;SCN1A;TRPC1;PRKCA;FGF14;SCN8A;ORAI1;CALM1;FGF13;SCN2A;FGF12;FGF11;SCN2B,0.23015873015873015
5,985,SEMA3A-Plexin Repulsion Signaling By Inhibiting Integrin Adhesion R-HSA-399955,11/14,8.997194109834336e-12,Developmental Biology,Reactome_2022,1.2438098819851706e-12,0.0,0.0,71.57152635181383,1961.9789408096551,FARP2;RRAS;FES;SEMA3A;PLXNA2;PLXNA1;FYN;PIP5K1C;TLN1;PLXNA4;RND1,0.7857142857142857
5,985,DCC Mediated Attractive Signaling R-HSA-418885,11/14,8.997194109834336e-12,Developmental Biology,Reactome_2022,1.2438098819851706e-12,0.0,0.0,71.57152635181383,1961.9789408096551,CDC42;TRIO;ABLIM2;ABLIM3;DCC;FYN;WASL;NTN1;DOCK1;PTK2;NCK1,0.7857142857142857
5,985,CLEC7A (Dectin-1) Induces NFAT Activation R-HSA-5607763,10/11,6.200263052636883e-12,Immune System,Reactome_2022,8.44637247331967e-13,0.0,0.0,195.01538461538465,5421.402175095424,PPP3CA;PPP3CB;PPP3R1;AHCYL1;ITPR1;NFATC3;ITPR2;NFATC2;ITPR3;CALM1,0.9090909090909091
5,985,Signal Amplification R-HSA-392518,16/33,4.161014497267779e-12,Hemostasis,Reactome_2022,5.626396999332819e-13,0.0,0.0,18.452498027074608,520.4736861671853,GNAI3;GNG12;GNG11;GNAI1;GNAI2;GNA13;GNA14;GNA15;GNG10;GNG2;GNA11;GNB1;GNB4;GNB3;GNB5;AAMP,0.48484848484848486
5,985,Sema4D In Semaphorin Signaling R-HSA-400685,14/24,4.154957926433987e-12,Developmental Biology,Reactome_2022,5.576280567262566e-13,0.0,0.0,27.401647785787848,773.1398000370074,LIMK2;LIMK1;RHOC;ARHGAP35;RHOB;RND1;MYL6;RRAS;MYH14;MYH9;MYH11;PLXNB1;MYH10;MYL9,0.5833333333333334
5,985,Smooth Muscle Contraction R-HSA-445355,18/43,3.5423214614635e-12,Muscle contraction,Reactome_2022,4.71832929276672e-13,0.0,0.0,14.139400206825233,401.3065978755831,GUCY1A2;GUCY1B1;CAV3;TPM3;MYL11;SORBS1;CACNA1H;MYL12A;MYLK;MYL6;MYH11;PDE5A;PKN2;PKN1;CALM1;TLN1;MYL9;VCL,0.4186046511627907
5,985,Thrombin Signaling Thru Proteinase Activated Receptors (PARs) R-HSA-456926,16/32,2.2972330559541866e-12,Hemostasis,Reactome_2022,3.0367056541876735e-13,0.0,0.0,19.60681114551084,565.1238422798684,ARRB1;ARRB2;GNG12;GNG11;GNA13;GNA14;GNA15;GNG10;GNG2;GNA11;GNA12;GNB1;GNB4;GNB3;GNB5;F2RL2,0.5
5,985,Regulation Of KIT Signaling R-HSA-1433559,12/16,2.204365461566604e-12,Signal Transduction,Reactome_2022,2.891700403669612e-13,0.0,0.0,58.61562178828366,1692.3362527298596,LYN;KITLG;YES1;SOCS1;LCK;KIT;PRKCA;FYN;PTPN6;SOCS6;SH2B3;SH2B2,0.75
5,985,Rap1 Signaling R-HSA-392517,12/16,2.204365461566604e-12,Immune System,Reactome_2022,2.891700403669612e-13,0.0,0.0,58.61562178828366,1692.3362527298596,RAP1B;RAP1A;YWHAB;PRKCA;RASGRP2;RASGRP1;YWHAZ;PRKACB;RAP1GAP;PRKG1;SIPA1;RAPGEF4,0.75
5,985,Negative Regulation Of MAPK Pathway R-HSA-5675221,18/41,1.3327405012359764e-12,Signal Transduction,Reactome_2022,1.7214004455923814e-13,0.0,0.0,15.37053190054404,451.7471265320885,KSR1;YWHAB;PEBP1;PPP2R5D;DUSP8;DUSP16;DUSP9;DUSP6;MAPK12;DUSP7;PPP2CA;PPP2CB;DUSP10;PPP2R1B;PPP2R1A;PTPN7;MARK3;PTPN3,0.43902439024390244
5,985,EGFR Downregulation R-HSA-182971,16/31,1.241315561868689e-12,Signal Transduction,Reactome_2022,1.5907878542615894e-13,0.0,0.0,20.91503267973856,616.3529790240633,SH3GL3;SH3KBP1;EPS15L1;PTPN12;STAM;AREG;EPN1;CDC42;HGS;SPRY2;ARHGEF7;EPS15;STAM2;SH3GL2;SH3GL1;PTPN3,0.5161290322580645
5,985,RET Signaling R-HSA-8853659,17/40,1.1151501476663308e-11,Developmental Biology,Reactome_2022,1.5641359286137232e-12,0.0,0.0,14.501616960114983,394.207424655776,GRB7;SHC3;PIK3R3;PRKCA;GFRA3;GFRA2;RAP1GAP;DOK1;DOK2;MAPK7;DOK4;ARTN;DOK6;GRB10;NRTN;PRKACB;SHANK3,0.425
5,985,Fluid shear stress and atherosclerosis,32/139,6.36791710672284e-13,Cardiovascular disease,KEGG_2021_Human,1.6550973977825886e-13,0.0,0.0,5.933608574987006,174.62459530918045,PRKAA2;CALML5;NCF1;CALML6;ITGA2B;PDGFA;PIK3R3;CALML3;CALML4;PRKCZ;ACTB;ACTG1;CDH5;MAPK7;RAC2;RAC3;ITGAV;MAP2K5;MAP3K5;MEF2A;MEF2C;JUN;HSP90AA1;CAV3;CAV2;MMP2;FOS;PTK2;MAPK12;MAPK13;ARHGEF2;CALM1,0.2302158273381295
5,985,RAC2 GTPase Cycle R-HSA-9013404,41/87,3.3553132257375415e-29,Signal Transduction,Reactome_2022,1.422029823218736e-30,0.0,0.0,17.910118828297716,1230.8812892033636,CYFIP1;NCKAP1;DOCK4;DOCK3;TRIO;NCF1;GARRE1;ARHGAP1;PIK3R3;IQGAP1;ARHGAP35;PLD2;CDC42;PREX1;ABR;ARHGDIA;RAC2;NHS;SLITRK5;NCKAP1L;WASF2;GIT1;PAK4;VAV3;GIT2;SWAP70;ERBIN;ARHGAP26;VAV1;DEF6;VAV2;TIAM1;ABI2;TAOK3;CDC42EP4;ABI1;PKN2;PKN1;DOCK2;DOCK1;EPHA2,0.47126436781609193
5,985,Glucagon signaling pathway,27/107,4.67658436431692e-12,Endocrine system,KEGG_2021_Human,1.2567032873274545e-12,0.0,0.0,6.670733298538623,182.79496441521724,CAMK2B;CAMK2D;PRKAA2;CALML5;CALML6;PDE3B;CAMK2A;ITPR1;PRKAG1;ITPR2;PRKAG2;CALML3;ITPR3;CALML4;FOXO1;PPP3CA;PPP3R1;PPP3CB;PPP3CC;PRKACB;CAMK2G;PRKAB2;PHKA2;PRKAB1;CREB1;GNAS;CALM1,0.2523364485981308
5,985,Regulation Of Actin Dynamics For Phagocytic Cup Formation R-HSA-2029482,43/62,1.454673329702625e-40,Immune System,Reactome_2022,4.256864436062173e-42,0.0,0.0,45.637948374120015,4347.472836211705,CYFIP2;CYFIP1;NCKAP1;WIPF1;ARPC1B;WIPF2;ARPC1A;WIPF3;WAS;WASL;ACTG1;CDC42;NCKIPSD;NCKAP1L;WASF1;WASF2;WASF3;NCK1;ACTR3;VAV3;ACTR2;HSP90AA1;SYK;MYO10;LIMK1;MYO5A;MYO9B;ARPC5;BAIAP2;VAV1;PTK2;VAV2;MYH2;ABI2;ARPC2;ARPC3;ABI1;BTK;ELMO1;ELMO2;MYH9;PKN1;DOCK1,0.6935483870967742
5,985,Signaling By NTRK1 (TRKA) R-HSA-187037,57/114,2.297312953545549e-42,Signal Transduction,Reactome_2022,6.490894318796708e-44,0.0,0.0,20.42887931034483,2031.5160681150755,SH3GL3;IRS1;YWHAB;NAB1;CLTC;CLTA;AP2A1;AP2A2;RPS6KA3;RPS6KA5;PPP2R1B;PPP2R1A;RPS6KA2;RPS6KA1;AP2M1;SH3GL2;MEF2A;MEF2C;DUSP3;PPP2R5D;FOS;VRK3;NGF;DNM1;DUSP6;DNM2;DUSP7;DNM3;ARC;CREB1;MAPKAPK3;VGF;MAPKAPK2;SGK1;RALA;SHC3;RALB;SRF;ASCL1;PPP2CA;PPP2CB;RAP1A;MAPK7;AP2S1;RALGDS;MEF2D;MAP2K5;NTRK2;JUND;KIDINS220;AP2B1;MAPK12;MAPK13;RIT2;CDK5;CDK5R2;CDK5R1,0.5
5,985,Immune System R-HSA-168256,244/1943,6.302585335493542e-44,Immune System,Reactome_2022,1.7171524122939016e-45,0.0,0.0,3.3560298627675724,345.9249992600148,CYFIP2;CYFIP1;NCKAP1;AHCYL1;CALML5;WIPF1;WIPF2;WIPF3;PITPNA;ICAM3;CBLB;SLA2;RPS6KA3;RPS6KA5;PPP2R1B;PPP2R1A;RPS6KA2;RPS6KA1;PRKACB;MEF2A;MEF2C;PRKCB;PRKCE;PRKCD;FLT3LG;PRKCA;PLPP4;BTK;ORAI1;PRKCQ;ATP6V0D1;STXBP2;PIK3R3;TWIST1;IQGAP1;IQGAP2;CD79B;CD79A;PPP3R1;CD19;INPP5D;PLCG2;NCKAP1L;ICOS;PAG1;ATP6V0A1;SPTBN2;LYN;VASP;JUN;SIGLEC15;YES1;NFATC3;MYO5A;RAB27A;NFATC2;LNPEP;PTK2;CALM1;CD22;ARHGAP9;ITK;SH3KBP1;ARPC1B;ARPC1A;CLTC;CLTA;PTPRJ;AP2A1;WASL;AP2A2;EEA1;PPP3CA;PPP3CB;RAC2;FCER1A;SPTAN1;CAP1;VAV3;ATP6V0B;DUSP3;FCER1G;DBNL;SYK;RHOG;FOS;DUSP6;VAV1;DUSP7;VAV2;ENAH;NCR2;HCK;RHOU;CD47;ARHGEF7;ATP6V0C;RAPGEF4;CAB39;WAS;PPP2CA;PPP2CB;AP2S1;FLNA;FLNB;STX4;GSN;MYO9B;AP2B1;ABI2;ABI1;PKN2;PKN1;LAMTOR3;FRK;SIPA1;NCF1;IRS1;INPPL1;ACTG1;STK10;GRB10;SIRPA;MAP3K8;CAPN1;AP2M1;SH3GL2;MAP2K3;CISH;VRK3;PRLR;RNF41;MAPKAPK3;MAPKAPK2;ELMO1;ELMO2;VCL;BLK;RAB5B;RAB5C;CSH1;ITPR1;DAPP1;ITPR2;ITPR3;CSF2RB;FOXO3;RASGRP2;RASGRP1;FOXO1;RAP1GAP;RASGRP4;PLD2;SOCS2;RAP1B;NCKIPSD;SDCBP;SOCS1;RAP1A;CD300LB;THEM4;ABL2;SOCS6;SOCS5;ZBTB16;MSN;ARPC5;DIAPH1;ARPC2;ARPC3;FGF13;EIF4G3;PRR5;FLT3;YWHAB;SNAP23;GHR;BLNK;ITGAV;LRRFIP1;PRKG1;NCK1;ACTR3;ACTR2;HSP90AA1;DYNLT1;MMP2;TRPC1;PPP2R5D;OPRM1;YWHAZ;DNM1;DNM2;DNM3;FGR;ZAP70;MYH2;CREB1;LCK;IL3RA;ATP6V1B2;MYH9;LCP2;EVL;MS4A2;DOCK2;DOCK1;CAMK2B;RALA;CAMK2D;CAMK2A;MALT1;CDC42;MAPK7;S1PR1;PTK2B;FYN;CSK;NCAM1;WASF1;SH2B3;EIF4E;AAMP;WASF2;CAMK2G;WASF3;SH2B1;PTPN1;PTPN18;MYO10;TRAT1;LIMK1;PTPN12;BAIAP2;PTPN13;MAPK12;MAPK13;RAB10;TEC;PTPN6;PTPN7;PIK3AP1;PTPN5;PTPN2,0.12557900154400412
5,985,FCGR3A-mediated Phagocytosis R-HSA-9664422,45/60,5.417889736930216e-45,Disease,Reactome_2022,1.4214443305770498e-46,0.0,0.0,60.63829787234042,6401.417792514417,CYFIP2;CYFIP1;NCKAP1;WIPF1;ARPC1B;WIPF2;ARPC1A;WIPF3;WAS;WASL;ACTG1;CDC42;NCKIPSD;FYN;NCKAP1L;WASF1;WASF2;WASF3;NCK1;ACTR3;VAV3;LYN;ACTR2;YES1;SYK;MYO10;MYO5A;MYO9B;ARPC5;BAIAP2;VAV1;PTK2;VAV2;FGR;HCK;MYH2;ABI2;ARPC2;ARPC3;ABI1;BTK;ELMO1;ELMO2;MYH9;DOCK1,0.75
5,985,Neuronal System R-HSA-112316,103/386,9.53544541277257e-46,Neuronal System,Reactome_2022,2.405510951758973e-47,0.0,0.0,7.7297661113915535,829.7419808092502,RPS6KA3;RPS6KA6;RPS6KA2;RPS6KA1;PRKACB;AP2M1;PRKAB2;PRKCB;ACTN2;CASK;PRKCA;GABRG3;PRKAB1;GABRG2;GRIP2;CACNB3;PRKAR1B;PRKAR1A;LLGL1;GRIA1;GRIA2;EPB41;CACNA1A;CACNA1E;GNG10;EPB41L1;PRKAR2B;PRKAR2A;MYO6;TSPAN7;GRIA3;SYT2;HOMER1;GNG12;SYT9;GRIN2B;GNG11;PTPRD;NBEA;GNB1;GNB4;GNB3;GNB5;CALM1;GABRB3;GABRB2;GABRB1;PTPRS;RASGRF2;RASGRF1;PRKAG1;PRKAG2;AP2A1;GRIK1;SLC6A1;AP2A2;PTPRF;GABRR2;GABRR1;FLOT1;NPTN;NEFL;FLOT2;GIT1;DLGAP4;DBNL;HTR3A;HTR3B;ARHGEF9;CREB1;PICK1;ARHGEF7;SHANK3;SHANK1;CAMK2B;CAMK2D;PRKAA2;KCNA2;CAMK2A;KCNA3;GNAI3;PRKX;AKAP5;PPM1E;GNAI1;CAMKK2;GNAI2;GLRA3;GNG2;AP2S1;SLITRK5;CACNG3;CAMK2G;GABRA2;GABRQ;GABRA1;GABRA6;GABRA5;GABRA4;NTRK3;GABRA3;AP2B1;CAMK4,0.266839378238342
5,985,RHO GTPase Effectors R-HSA-195258,88/269,7.168741973137381e-47,Signal Transduction,Reactome_2022,1.7361231821927062e-48,0.0,0.0,10.208318705075852,1122.6336131143437,CYFIP2;CYFIP1;NCKAP1;NCF1;WIPF1;YWHAB;WIPF2;ARPC1B;WIPF3;ARPC1A;WASL;AREG;MYLK;ACTG1;PPP1CB;PPP2R1B;YWHAQ;PPP2R1A;RAC2;YWHAG;NCK1;YWHAH;ACTR3;ACTR2;PPP1R12A;PRKCB;PRKCD;RHOG;PRKCA;PPP2R5D;RHOC;RHOD;YWHAZ;RHOB;MYL6;DAAM1;CTTN;BTK;MYH9;EVL;PFN1;ARHGEF7;PPP1R12B;MYL9;LLGL1;RHOQ;PKN3;SRF;WAS;NOXO1;IQGAP1;KLK2;IQGAP2;PRKCZ;PPP2CA;NCKIPSD;CDC42;PPP2CB;CTNNA1;FLNA;MYH14;NCKAP1L;MYH11;RHPN2;SRGAP2;WASF1;MYH10;WASF2;WASF3;PPP1R14A;LIMK2;LIMK1;ARPC5;BAIAP2;PTK2;KTN1;DIAPH1;DIAPH2;FMNL1;ABI2;ARPC2;ARPC3;ABI1;NOXA1;NOX3;PKN2;PKN1;CALM1,0.3271375464684015
5,985,Signaling By GPCR R-HSA-372790,140/689,2.9394915387205156e-47,Signal Transduction,Reactome_2022,6.8222306145884815e-49,0.0,0.0,5.572778909475001,618.0573097695245,DGKG;TRIO;DGKD;AHCYL1;DGKA;ITSN1;PREX1;RPS6KA3;EDNRB;RGS3;PPP2R1B;PPP2R1A;RPS6KA2;RPS6KA1;PROK2;PRKACB;PRKCH;PRKCB;PRKCE;PRKCD;PRKCA;DGKZ;TIAM2;TIAM1;OBSCN;PRKAR1B;PRKAR1A;BTK;PRKCQ;NGEF;GNAZ;PDE1C;ARHGEF26;PDE1B;ARHGEF25;PDE1A;ITPR1;LPAR1;ITPR2;LPAR2;PIK3R3;ABHD6;ITPR3;ADRB2;RASGRP2;KALRN;RASGRP1;ABR;PPP3R1;GNG10;GRK3;GRK2;GRK5;PRKAR2B;PRKAR2A;GRK6;GNG12;GNG11;CDK5;NBEA;GNB1;PDE3A;GNAS;GNB4;GNRH1;GNB3;PLXNB1;GNB5;CALM1;DAGLA;RASGRF2;PDE3B;ARRB1;ARRB2;AKAP13;PPP3CA;PPP3CB;PPP3CC;MCF2L;PDE4B;PDE4A;VAV3;ARHGEF10;PLEKHG2;TRPC6;TRPC3;ARHGEF15;ARHGEF17;PDE4D;ARHGEF16;PDE4C;ARHGEF18;PPP2R5D;OPRM1;RHOC;VAV1;RHOB;VAV2;ARHGEF9;CREB1;ARHGEF3;ARHGEF4;ARHGEF2;DAGLB;ARHGEF7;MGLL;ARHGEF5;ARHGEF6;CAMK2B;RGS17;CAMK2D;RGS19;CAMK2A;GNAI3;CXCR4;PRKX;FGD1;GNAI1;CAMKK2;GNAI2;CDC42;PPP2CA;GNA13;PPP2CB;GNA14;GNA15;GNG2;MAPK7;NPY;GNA11;GNA12;S1PR1;RGS20;S1PR3;CAMK2G;TSHR;PPP1CA;CAMK4;PKN1;F2RL2,0.20319303338171263
5,985,Signaling By NTRKs R-HSA-166520,65/132,9.547201458455445e-48,Signal Transduction,Reactome_2022,2.119459455963873e-49,0.0,0.0,19.980856586632058,2239.3646616956084,SH3GL3;PTPRU;DOCK3;PTPRS;IRS1;YWHAB;NAB1;CLTC;CLTA;AP2A1;AP2A2;RPS6KA3;RPS6KA5;PPP2R1B;PPP2R1A;RPS6KA2;RPS6KA1;AP2M1;SH3GL2;MEF2A;MEF2C;DUSP3;PPP2R5D;FOS;VRK3;NGF;DNM1;DUSP6;DNM2;DUSP7;DNM3;TIAM1;ARC;CREB1;MAPKAPK3;VGF;MAPKAPK2;SGK1;RALA;SHC3;RALB;SRF;ASCL1;PPP2CA;PPP2CB;RAP1A;MAPK7;NTF3;AP2S1;FYN;RALGDS;MEF2D;MAP2K5;NTRK2;JUND;KIDINS220;NTRK3;AP2B1;GRIN2B;MAPK12;MAPK13;RIT2;CDK5;CDK5R2;CDK5R1,0.49242424242424243
5,985,Opioid Signaling R-HSA-111885,55/88,4.703206590518675e-48,Signal Transduction,Reactome_2022,9.966431725619795e-50,0.0,0.0,34.017921146953405,3838.243132636468,AHCYL1;PPP3CA;PPP3CB;PPP3CC;PPP2R1B;PPP2R1A;PDE4B;PDE4A;PRKACB;PDE4D;PDE4C;PRKCD;PPP2R5D;PRKCA;OPRM1;CREB1;PRKAR1B;PRKAR1A;CAMK2B;CAMK2D;PDE1C;PDE1B;PDE1A;CAMK2A;GNAI3;ITPR1;ITPR2;ITPR3;PRKX;GNAI1;CAMKK2;GNAI2;PPP2CA;GNA14;PPP2CB;GNA15;GNG10;PPP3R1;GNG2;GRK2;PRKAR2B;GNA11;PRKAR2A;CAMK2G;GNG12;GNG11;PPP1CA;CDK5;NBEA;CAMK4;GNB1;GNB4;GNB3;GNB5;CALM1,0.625
5,985,"Platelet Activation, Signaling And Aggregation R-HSA-76002",87/254,4.0808739972575054e-48,Hemostasis,Reactome_2022,8.235870832003039e-50,0.0,0.0,10.934318445514316,1235.804932070732,DGKG;DGKD;DAGLA;DGKA;ITGA2B;MPL;ARRB1;ARRB2;RAC2;CAP1;VAV3;PRKCH;FCER1G;TRPC6;SYK;TRPC3;ACTN2;PRKCB;ACTN1;PRKCE;APLP2;PRKCD;RHOG;PRKCA;ACTN4;DGKZ;YWHAZ;VAV1;RHOB;VAV2;APBB1IP;TMX3;LCK;PRKCQ;LCP2;PFN1;TLN1;DAGLB;MGLL;VCL;RAPGEF4;TOR4A;STXBP3;STXBP2;GNAI3;ITPR1;PDGFA;PIK3R3;ITPR2;ABHD6;ITPR3;RASGRP2;PRKCZ;RASGRP1;GNAI1;GNAI2;RAP1B;CDC42;GNA13;GNA14;GNG10;GNA15;RAP1A;GNG2;GNA11;GNA12;PLCG2;CDC37L1;FLNA;STX4;CSK;FYN;AAMP;LYN;PTPN1;IGF2;GNG12;GP6;GNG11;PTK2;GNB1;GNB4;GNB3;PTPN6;GNB5;CALM1;F2RL2,0.3425196850393701
5,985,Transmission Across Chemical Synapses R-HSA-112315,86/246,2.3331913286632632e-48,Neuronal System,Reactome_2022,4.473323435378608e-50,0.0,0.0,11.273150723025584,1280.9807766253373,GABRB3;GABRB2;GABRB1;RASGRF2;RASGRF1;PRKAG1;PRKAG2;AP2A1;GRIK1;SLC6A1;AP2A2;RPS6KA3;GABRR2;RPS6KA6;GABRR1;RPS6KA2;RPS6KA1;NPTN;NEFL;PRKACB;GIT1;AP2M1;PRKAB2;ACTN2;PRKCB;CASK;PRKCA;HTR3A;HTR3B;GABRG3;PRKAB1;GABRG2;GRIP2;ARHGEF9;CACNB3;CREB1;PRKAR1B;PRKAR1A;PICK1;ARHGEF7;LLGL1;GRIA1;CAMK2B;GRIA2;CAMK2D;PRKAA2;CAMK2A;GNAI3;CACNA1A;PRKX;AKAP5;CACNA1E;PPM1E;GNAI1;CAMKK2;GNAI2;GNG10;GLRA3;GNG2;EPB41L1;PRKAR2B;PRKAR2A;MYO6;TSPAN7;AP2S1;CACNG3;CAMK2G;GRIA3;GABRA2;GABRQ;GABRA1;GABRA6;GABRA5;GABRA4;GABRA3;AP2B1;GNG12;GNG11;GRIN2B;NBEA;CAMK4;GNB1;GNB4;GNB3;GNB5;CALM1,0.34959349593495936
5,985,Fcgamma Receptor (FCGR) Dependent Phagocytosis R-HSA-2029480,57/87,1.6006682235265986e-51,Immune System,Reactome_2022,2.9073691244680893e-53,0.0,0.0,38.87015086206897,4702.112872931953,CYFIP2;CYFIP1;NCKAP1;AHCYL1;WIPF1;ARPC1B;WIPF2;ARPC1A;WIPF3;WASL;ACTG1;NCK1;ACTR3;VAV3;ACTR2;HSP90AA1;SYK;PRKCE;PRKCD;VAV1;VAV2;FGR;HCK;MYH2;PLPP4;BTK;ELMO1;ELMO2;MYH9;DOCK1;ITPR1;WAS;ITPR2;ITPR3;PLD2;CDC42;NCKIPSD;PLCG2;FYN;NCKAP1L;WASF1;WASF2;WASF3;LYN;YES1;MYO10;LIMK1;MYO5A;MYO9B;ARPC5;BAIAP2;PTK2;ABI2;ARPC2;ARPC3;ABI1;PKN1,0.6551724137931034
5,985,GPCR Downstream Signaling R-HSA-388396,139/619,2.66230827530938e-52,Signal Transduction,Reactome_2022,4.5670273138506006e-54,0.0,0.0,6.34447645784082,779.2332459241247,DGKG;TRIO;DGKD;AHCYL1;DGKA;ITSN1;PREX1;RPS6KA3;EDNRB;RGS3;PPP2R1B;PPP2R1A;RPS6KA2;RPS6KA1;PROK2;PRKACB;PRKCH;PRKCB;PRKCE;PRKCD;PRKCA;DGKZ;TIAM2;TIAM1;OBSCN;PRKAR1B;PRKAR1A;BTK;PRKCQ;NGEF;GNAZ;PDE1C;ARHGEF26;PDE1B;ARHGEF25;PDE1A;ITPR1;LPAR1;ITPR2;LPAR2;PIK3R3;ABHD6;ITPR3;ADRB2;RASGRP2;KALRN;RASGRP1;ABR;PPP3R1;GNG10;GRK3;GRK2;GRK5;PRKAR2B;PRKAR2A;GRK6;GNG12;GNG11;CDK5;NBEA;GNB1;PDE3A;GNAS;GNB4;GNRH1;GNB3;PLXNB1;GNB5;CALM1;DAGLA;RASGRF2;PDE3B;ARRB1;ARRB2;AKAP13;PPP3CA;PPP3CB;PPP3CC;MCF2L;PDE4B;PDE4A;VAV3;ARHGEF10;PLEKHG2;TRPC6;TRPC3;ARHGEF15;ARHGEF17;PDE4D;ARHGEF16;PDE4C;ARHGEF18;PPP2R5D;OPRM1;RHOC;VAV1;RHOB;VAV2;ARHGEF9;CREB1;ARHGEF3;ARHGEF4;ARHGEF2;DAGLB;ARHGEF7;MGLL;ARHGEF5;ARHGEF6;CAMK2B;RGS17;CAMK2D;RGS19;CAMK2A;GNAI3;CXCR4;PRKX;FGD1;GNAI1;CAMKK2;GNAI2;CDC42;PPP2CA;GNA13;PPP2CB;GNA14;GNA15;GNG2;MAPK7;NPY;GNA11;GNA12;RGS20;S1PR3;CAMK2G;TSHR;PPP1CA;CAMK4;PKN1;F2RL2,0.2245557350565428
5,985,CDC42 GTPase Cycle R-HSA-9013148,73/149,2.143127596975402e-53,Signal Transduction,Reactome_2022,3.4601454643397e-55,0.0,0.0,19.94671918282549,2501.3359288948554,ARHGAP9;DOCK6;TRIO;WIPF1;WIPF2;RASGRF2;ITSN1;WIPF3;DOCK7;SNAP23;ARHGAP1;WASL;FNBP1L;ARHGAP5;ARHGAP35;ARHGAP4;PREX2;DOCK11;PREX1;ARHGDIA;MCF2L;GIT1;VAV3;ARHGEF10;PLEKHG1;PLEKHG2;ARHGEF15;FNBP1;STARD8;ARHGEF16;ARAP2;ARAP3;ARAP1;VAV2;TIAM1;ARHGAP10;ARHGEF9;DAAM1;CDC42EP5;CDC42EP4;SPATA13;ARHGEF4;ARHGEF7;NGEF;ARHGEF5;ARHGEF6;ARHGEF26;ARHGEF25;WAS;IQGAP1;IQGAP2;FGD1;CDC42;GNA13;ABR;PARD6A;SRGAP2;SRGAP1;PAK4;GIT2;MYO9B;CDC42BPB;ARHGAP26;BAIAP2;DEF6;KTN1;ARHGAP31;FMNL1;ARHGAP30;DNMBP;PKN2;PKN1;MAP3K11,0.4899328859060403
5,985,Leishmania Infection R-HSA-9658195,77/247,2.8748216568814487e-39,Disease,Reactome_2022,8.702790081376736e-41,0.0,0.0,9.400524747343871,867.1264482368993,CYFIP2;CYFIP1;NCKAP1;AHCYL1;WIPF1;WIPF2;ARPC1B;WIPF3;ARPC1A;WASL;ACTG1;PRKACB;NCK1;VAV3;ACTR3;ACTR2;SYK;PRKCA;VAV1;VAV2;FGR;HCK;MYH2;CREB1;PRKAR1B;PRKAR1A;BTK;ELMO1;ELMO2;MYH9;DOCK1;GNAZ;GNAI3;WAS;ITPR1;NOXO1;ITPR2;PRKX;ITPR3;ADRB2;GNAI1;GNAI2;NCKIPSD;CDC42;GNG10;GNG2;PRKAR2B;PRKAR2A;PLCG2;NCKAP1L;FYN;WASF1;WASF2;WASF3;LYN;JUN;YES1;MYO10;MYO5A;MYO9B;ARPC5;GNG12;BAIAP2;GNG11;PTK2;TSHR;ABI2;ARPC2;ARPC3;ABI1;GNB1;NOXA1;GNAS;GNB4;GNB3;GNB5;CALM1,0.3117408906882591
5,985,MAPK1/MAPK3 Signaling R-HSA-5684996,96/277,1.1755241069522968e-53,Signal Transduction,Reactome_2022,1.7792998591608933e-55,0.0,0.0,11.23656228054366,1416.5480128538857,ARHGAP9;IRS1;FLT3;YWHAB;RASGRF2;ITGA2B;RASGRF1;PEBP1;WDR83;ARRB1;ARRB2;AREG;DUSP16;PPP1CB;SPRED3;SPRED2;SPRED1;DUSP10;PPP2R1B;PPP2R1A;NEFL;PRKG2;NRTN;SPTAN1;PDGFRB;PDGFRA;KSR1;ACTN2;FLT3LG;PPP2R5D;KSR2;DUSP8;GFRA3;IL17RD;DUSP9;GFRA2;DUSP6;DUSP7;APBB1IP;CNKSR2;CNKSR1;MRAS;RASA3;RASA4;KIT;IL3RA;RASA2;PRKCQ;TLN1;LLGL1;VCL;CAMK2B;CAMK2D;SHC3;CAMK2A;PDGFA;CSF2RB;RASAL1;IQGAP1;RASAL2;ABHD17C;RASAL3;RASGRP1;RASGRP4;PPP2CA;RAP1B;PPP2CB;RAP1A;SHOC2;CSK;FYN;NCAM1;RALGDS;MARK3;CAMK2G;SPTBN1;SPTBN2;RANBP9;GRIN2B;PTK2;MAPK12;KITLG;ABHD17B;ARTN;PTPRA;ABHD17A;NF1;RGL3;PTPN7;TEK;CALM1;FGF13;LAMTOR3;FGFR3;MAP3K11;PTPN3,0.34657039711191334
5,985,Hemostasis R-HSA-109582,137/576,1.2512479211819299e-54,Hemostasis,Reactome_2022,1.6740390126517329e-56,0.0,0.0,6.836162805690463,877.9651483207441,DGKG;DGKD;GUCY1B1;DGKA;ITGA2B;SIRPG;MPL;DOCK11;GRB14;PPP2R1B;PPP2R1A;SIRPA;PRKACB;GUCY1A2;PRKCH;PRKCB;ACTN2;PRKCE;ACTN1;APLP2;PRKCD;PRKCA;PSG3;ACTN4;DGKZ;MAG;DOK2;TMX3;PRKAR1B;PRKAR1A;ORAI1;PRKCQ;PFN1;TLN1;VCL;GRB7;STXBP3;PDE1B;PDE1A;STXBP2;ITPR1;PDGFA;ITPR2;PIK3R3;ABHD6;ITPR3;RASGRP2;PRKCZ;RASGRP1;RAP1B;GNG10;RAP1A;PRKAR2B;PRKAR2A;INPP5D;TSPAN7;PLCG2;LYN;YES1;IGF2;GP6;L1CAM;GNG12;GNG11;PTK2;EHD2;CDK5;GNB1;GNAS;GNB4;GNB3;GNB5;CALM1;RAB5A;DOCK6;DOCK4;DAGLA;DOCK3;DOCK7;ARRB1;ARRB2;RAC2;PRKG2;ITGAV;PRKG1;CAP1;VAV3;TRPC6;FCER1G;TRPC3;SYK;RHOG;PPP2R5D;YWHAZ;VAV1;RHOB;VAV2;APBB1IP;FGR;LCK;PICK1;ITGA6;LCP2;PDE5A;CD47;DAGLB;DOCK2;DOCK1;MGLL;RAPGEF4;TOR4A;GNAI3;GNAI1;GNAI2;CDC42;PPP2CA;GNA13;PPP2CB;GNA14;GNA15;GNG2;GNA11;GNA12;CDC37L1;FLNA;STX4;CSK;FYN;AAMP;SH2B3;SH2B2;JAM3;SH2B1;PTPN1;PTPN6;TEK;F2RL2,0.2378472222222222
5,985,Neurotransmitter Receptors And Postsynaptic Signal Transmission R-HSA-112314,82/182,2.726928832404296e-56,Neuronal System,Reactome_2022,3.3020328949396115e-58,0.0,0.0,17.17641196013289,2273.3908254974904,GABRB3;GABRB2;GABRB1;RASGRF2;RASGRF1;PRKAG1;PRKAG2;AP2A1;GRIK1;AP2A2;RPS6KA3;GABRR2;RPS6KA6;GABRR1;RPS6KA2;RPS6KA1;NPTN;NEFL;PRKACB;AP2M1;GIT1;PRKAB2;ACTN2;PRKCB;CASK;PRKCA;HTR3A;HTR3B;GABRG3;PRKAB1;GABRG2;GRIP2;ARHGEF9;CREB1;PRKAR1B;PRKAR1A;PICK1;ARHGEF7;LLGL1;GRIA1;CAMK2B;GRIA2;CAMK2D;PRKAA2;CAMK2A;GNAI3;PRKX;AKAP5;PPM1E;GNAI1;CAMKK2;GNAI2;GNG10;GLRA3;GNG2;EPB41L1;PRKAR2B;PRKAR2A;MYO6;TSPAN7;AP2S1;CACNG3;CAMK2G;GRIA3;GABRA2;GABRQ;GABRA1;GABRA6;GABRA5;GABRA4;GABRA3;AP2B1;GNG12;GNG11;GRIN2B;NBEA;CAMK4;GNB1;GNB4;GNB3;GNB5;CALM1,0.45054945054945056
5,985,MAPK Family Signaling Cascades R-HSA-5683057,110/318,1.5333601685974504e-61,Signal Transduction,Reactome_2022,1.7020143142857672e-63,0.0,0.0,11.366868131868133,1642.86536833073,IRS1;ITGA2B;PEBP1;WDR83;PPP1CB;PPP2R1B;PPP2R1A;NRTN;PRKACB;PDGFRB;PDGFRA;ACTN2;FLT3LG;PRKCA;PRKCQ;TLN1;LLGL1;VCL;SHC3;PDGFA;CSF2RB;RASAL1;IQGAP1;RASAL2;FOXO3;RASAL3;KALRN;RASGRP1;FOXO1;RASGRP4;RAP1B;RAP1A;RALGDS;MARK3;SPTBN1;SPTBN2;JUN;GRIN2B;PTK2;ARTN;PTPRA;NF1;RGL3;CALM1;FGF13;FGFR3;MAP3K11;ARHGAP9;FLT3;YWHAB;RASGRF2;RASGRF1;ARRB1;ARRB2;AREG;DUSP16;SPRED3;SPRED2;SPRED1;DUSP10;NEFL;PRKG2;SPTAN1;KSR1;MMP2;PPP2R5D;KSR2;DUSP8;GFRA3;IL17RD;DUSP9;GFRA2;DUSP6;DUSP7;APBB1IP;CNKSR2;CNKSR1;MRAS;RASA3;CDC42EP5;RASA4;KIT;IL3RA;RASA2;ARHGEF7;CAMK2B;CAMK2D;CAMK2A;ABHD17C;PPP2CA;CDC42;PPP2CB;SHOC2;CSK;FYN;NCAM1;MAPK6;CAMK2G;MAPK4;RANBP9;MAPK12;KITLG;ABHD17B;ABHD17A;PKN2;PKN1;PTPN7;TEK;LAMTOR3;PTPN3,0.34591194968553457
5,985,EPH-Ephrin Signaling R-HSA-2682334,66/91,2.9440854620438624e-64,Developmental Biology,Reactome_2022,2.9708228678545536e-66,0.0,0.0,54.55233949945593,8230.953932092656,EPHB6;ARPC1B;ARPC1A;CLTC;ITSN1;CLTB;CLTA;AP2A1;WASL;AP2A2;ACTG1;NCK2;EPHB2;EPHB1;AP2M1;EPHB4;GIT1;EPHB3;ACTR3;EPHA5;VAV3;ACTR2;EPHA4;EPHA7;MMP2;DNM1;VAV2;TIAM1;MYL6;MYH9;ARHGEF7;MYL9;EPHA3;NGEF;EPHA2;EPHA10;ARHGEF28;EFNA5;EFNA4;KALRN;MYL12A;CDC42;EFNB2;EFNB1;SDCBP;EFNB3;CLTCL1;AP2S1;MYH14;FYN;MYH11;MYH10;LYN;YES1;LIMK2;LIMK1;AP2B1;ARPC5;GRIN2B;PTK2;EFNA3;EFNA2;ARPC2;ARPC3;PKN2;PKN1,0.7252747252747253
5,985,Developmental Biology R-HSA-1266738,205/1073,7.331302844632788e-66,Developmental Biology,Reactome_2022,6.658095418939969e-68,0.0,0.0,5.494704891882312,849.9206936179058,EPHB6;SPI1;TRIO;ITSN1;PITPNA;RPS6KA4;RPS6KA3;RPS6KA6;RPS6KA5;CAPNS1;DPYSL4;DPYSL5;SCN11A;DPYSL2;RPS6KA2;RPS6KA1;EPHB2;PRKACB;EPHB1;EPHB4;SCN1B;EPHB3;SCN1A;MEF2A;EPHA5;EPHA4;MEF2C;EPHA7;UNC5A;UNC5B;UNC5C;PRKCA;SHTN1;TIAM1;MYL6;PRKCQ;PFN1;TLN1;EZR;MYL9;NGEF;EPHA3;LLGL1;EPHA2;GRB7;EPHA10;AGAP2;PIK3R3;KALRN;MYL12A;RRAS;FLRT3;PRKAR2A;PIP5K1C;SCN3B;SCN3A;SPTBN1;SPTBN2;LYN;VASP;JUN;YES1;RDX;L1CAM;GRIN2B;PTK2;ARTN;SCN2A;SCN2B;ROBO3;NRP2;SH3KBP1;ARPC1B;ARPC1A;CLTC;CLTB;CLTA;AP2A1;WASL;AP2A2;PPP3CB;SPTAN1;GIT1;CAP1;VAV3;MAP4K2;RGMB;RHOC;GFRA3;GFRA2;RGMA;VAV2;RHOB;ENAH;ARHGEF7;CXCR4;AKAP5;DRP2;RELN;AP2S1;CTNNA1;CTNNA2;MEF2D;PAK4;FARP2;RANBP9;MYO9B;AP2B1;PKN2;PKN1;CDK5R1;PLXND1;NAB1;ITGA2B;ARHGAP35;ACTG1;CDH2;GRB10;NRTN;CAPN1;AP2M1;SH3GL2;SEMA6D;DOK1;MAG;DOK2;CACNB3;DOK4;DOK6;SCN8A;SHC3;ARHGEF28;CACNA1D;CACNA1C;FOXO3;EFNA5;EFNA4;FOXO1;RAP1GAP;CACNA1H;EFNB2;EFNB1;SDCBP;EFNB3;CLTCL1;PLXNA2;ABL2;PLXNA1;MYH14;MYH11;SRGAP2;SRGAP1;MYH10;PLXNA4;CNTN6;MSN;ARPC5;EFNA3;EFNA2;ARPC2;CDK5;ARPC3;PTPRA;FES;CNTN2;PLXNB1;FGF13;RND1;NCK2;ITGAV;NEO1;NCK1;ACTR3;ACTR2;HSP90AA1;TRPC6;TRPC3;DCC;MMP2;TRPC1;DNM1;DNM2;DNM3;GAP43;CREB1;NUMB;MYH9;EVL;SHANK3;DOCK1;SEMA3A;SEMA3E;NTN1;CDC42;ABLIM2;MAPK7;ABLIM3;FYN;NCAM1;CACNG3;MYO10;LIMK2;LIMK1;MAPK12;MAPK13,0.19105312208760486
5,985,RAC1 GTPase Cycle R-HSA-9013149,93/178,1.7001527947470057e-71,Signal Transduction,Reactome_2022,1.3724745063547978e-73,0.0,0.0,23.219335267739385,3895.55655648386,CYFIP2;ARHGAP9;DOCK6;CYFIP1;NCKAP1;DOCK4;TRIO;DOCK3;NCF1;WIPF1;WIPF2;RASGRF2;WIPF3;DOCK7;SNAP23;ARHGAP1;WASL;ARHGAP5;ARHGAP35;ARHGAP4;PREX2;DOCK11;PREX1;ARHGDIA;MCF2L;GIT1;VAV3;ARHGEF10;PLEKHG1;PLEKHG2;ARHGEF15;SWAP70;ARAP2;ARAP3;ARHGEF18;ARAP1;VAV1;VAV2;TIAM2;TIAM1;ARHGAP10;ALS2;CDC42EP4;SPATA13;ARHGEF4;ARHGEF7;DOCK2;DOCK1;NGEF;ARHGEF5;EPHA2;ARHGEF6;GARRE1;ARHGEF25;WAS;PIK3R3;NOXO1;IQGAP1;IQGAP2;KALRN;PLD2;CDC42;GNA13;ABR;FGD5;PARD6A;NHS;ABL2;NCKAP1L;SRGAP2;WASF1;SRGAP1;WASF2;WASF3;PAK4;FARP2;GIT2;ERBIN;MYO9B;ARHGAP26;BAIAP2;DEF6;KTN1;ARHGAP31;FMNL1;ARHGAP30;ABI2;TAOK3;NOXA1;ABI1;NOX3;PKN2;PKN1,0.5224719101123596
5,985,RHO GTPase Cycle R-HSA-9012999,165/441,3.1917598095293685e-100,Signal Transduction,Reactome_2022,2.2545225697987463e-102,0.0,0.0,13.661784199363732,3197.550718734635,CYFIP2;ITSN2;CYFIP1;NCKAP1;TRIO;NCF1;PLXND1;WIPF1;WIPF2;ITSN1;WIPF3;FNBP1L;ARHGAP35;ACTG1;PREX2;PREX1;STK10;DOCK11;ARHGDIA;FNBP1;RALGAPA1;TPM3;STARD8;SWAP70;ACTN1;TIAM2;TIAM1;OBSCN;DAAM1;HGS;CDC37;SPATA13;ELMO2;STAM2;NGEF;EPHA2;GRB7;GARRE1;ARHGEF26;ARHGEF25;ARHGEF28;PIK3R3;IQGAP1;RASAL2;IQGAP2;KALRN;PLD2;ABR;MYO6;ABL2;PLXNA1;NCKAP1L;RHPN2;SRGAP2;SRGAP1;SPTBN1;STAM;ARHGAP26;DIAPH1;ARHGAP31;DIAPH2;ARHGAP30;DNMBP;NOXA1;NOX3;PLXNB1;MAP3K11;ARHGAP9;DOCK6;DOCK4;DOCK3;RASGRF2;CLTC;SNAP23;DOCK7;ARHGAP1;WASL;ARHGAP5;ARHGAP4;RND1;AKAP13;MCF2L;NCK2;RAC2;FLOT1;FLOT2;SPTAN1;GIT1;NCK1;VAV3;ARHGEF10;HSP90AA1;PLEKHG1;PLEKHG2;ARHGEF15;ARHGEF17;ARHGEF16;RHOG;ARAP2;RRAS2;ARAP3;ARHGEF18;ARAP1;RHOC;RHOD;VAV1;RHOB;VAV2;ARHGAP10;ZAP70;ARHGEF9;ALS2;CDC42EP5;LCK;CDC42EP4;ARHGEF3;ARHGEF4;RHOU;PDE5A;ARHGEF2;ARHGEF7;DOCK2;DOCK1;ARHGEF5;RHOQ;ARHGEF6;PKN3;WAS;NOXO1;UACA;FGD1;CDC42;GNA13;FGD5;PARD6B;PARD6A;NHS;SLITRK5;PTK2B;CSK;WASF1;WASF2;WASF3;PAK4;FARP2;GIT2;KIDINS220;ERBIN;WWP2;SEMA4F;MYO9B;CDC42BPB;BAIAP2;PTPN13;DEF6;KTN1;TMEM59;FMNL1;ABI2;TAOK3;ABI1;TRIP10;PKN2;PKN1;TJP2,0.3741496598639456
5,985,Nervous System Development R-HSA-9675108,190/545,8.55164014396595e-110,Developmental Biology,Reactome_2022,5.177582327325501e-112,0.0,0.0,12.562317300026574,3219.033411025102,EPHB6;TRIO;PLXND1;NAB1;ITSN1;ITGA2B;PITPNA;ARHGAP35;ACTG1;RPS6KA4;RPS6KA3;RPS6KA6;RPS6KA5;DPYSL4;DPYSL5;SCN11A;DPYSL2;RPS6KA2;RPS6KA1;GRB10;NRTN;EPHB2;PRKACB;EPHB1;AP2M1;EPHB4;SCN1B;SH3GL2;EPHB3;SCN1A;EPHA5;EPHA4;EPHA7;UNC5A;UNC5B;SEMA6D;PRKCA;UNC5C;SHTN1;TIAM1;DOK1;MYL6;CACNB3;MAG;DOK2;DOK4;DOK6;SCN8A;PRKCQ;EZR;PFN1;TLN1;MYL9;NGEF;EPHA3;LLGL1;EPHA2;GRB7;SHC3;EPHA10;ARHGEF28;AGAP2;PIK3R3;CACNA1D;CACNA1C;EFNA5;KALRN;EFNA4;RAP1GAP;MYL12A;CACNA1H;EFNB2;EFNB1;SDCBP;EFNB3;RRAS;FLRT3;PRKAR2A;CLTCL1;PLXNA2;ABL2;PLXNA1;MYH14;MYH11;PIP5K1C;SRGAP2;SCN3B;SRGAP1;SCN3A;MYH10;PLXNA4;SPTBN1;SPTBN2;LYN;VASP;YES1;CNTN6;RDX;MSN;ARPC5;L1CAM;GRIN2B;PTK2;EFNA3;EFNA2;ARPC2;CDK5;ARPC3;PTPRA;ARTN;FES;CNTN2;PLXNB1;SCN2A;SCN2B;ROBO3;NRP2;SH3KBP1;ARPC1B;ARPC1A;CLTC;CLTB;CLTA;AP2A1;WASL;AP2A2;RND1;PPP3CB;NCK2;ITGAV;NEO1;SPTAN1;GIT1;NCK1;ACTR3;CAP1;VAV3;ACTR2;HSP90AA1;TRPC6;TRPC3;DCC;TRPC1;MMP2;GFRA3;RGMB;RHOC;GFRA2;DNM1;RGMA;RHOB;VAV2;DNM2;ENAH;DNM3;GAP43;CREB1;NUMB;MYH9;EVL;ARHGEF7;DOCK1;SHANK3;SEMA3A;CXCR4;SEMA3E;AKAP5;NTN1;CDC42;DRP2;ABLIM2;RELN;MAPK7;ABLIM3;AP2S1;FYN;NCAM1;PAK4;FARP2;MYO10;LIMK2;LIMK1;RANBP9;MYO9B;AP2B1;MAPK12;MAPK13;PKN2;PKN1;CDK5R1,0.3486238532110092
5,985,Axon Guidance R-HSA-422475,187/519,7.503039560300129e-111,Developmental Biology,Reactome_2022,3.7855900909687836e-113,0.0,0.0,13.187037624180936,3413.608608801708,EPHB6;TRIO;PLXND1;ITSN1;ITGA2B;PITPNA;ARHGAP35;ACTG1;RPS6KA4;RPS6KA3;RPS6KA6;RPS6KA5;DPYSL4;DPYSL5;SCN11A;DPYSL2;RPS6KA2;RPS6KA1;GRB10;NRTN;EPHB2;PRKACB;EPHB1;AP2M1;EPHB4;SCN1B;SH3GL2;EPHB3;SCN1A;EPHA5;EPHA4;EPHA7;UNC5A;UNC5B;SEMA6D;PRKCA;UNC5C;SHTN1;TIAM1;DOK1;MYL6;CACNB3;DOK2;DOK4;DOK6;SCN8A;PRKCQ;EZR;PFN1;TLN1;MYL9;NGEF;EPHA3;LLGL1;EPHA2;GRB7;SHC3;EPHA10;ARHGEF28;AGAP2;PIK3R3;CACNA1D;CACNA1C;EFNA5;KALRN;EFNA4;RAP1GAP;MYL12A;CACNA1H;EFNB2;EFNB1;SDCBP;EFNB3;RRAS;FLRT3;PRKAR2A;CLTCL1;PLXNA2;ABL2;PLXNA1;MYH14;MYH11;PIP5K1C;SRGAP2;SCN3B;SRGAP1;SCN3A;MYH10;PLXNA4;SPTBN1;SPTBN2;LYN;VASP;YES1;CNTN6;RDX;MSN;ARPC5;L1CAM;GRIN2B;PTK2;EFNA3;EFNA2;ARPC2;CDK5;ARPC3;PTPRA;ARTN;FES;CNTN2;PLXNB1;SCN2A;SCN2B;ROBO3;NRP2;SH3KBP1;ARPC1B;ARPC1A;CLTC;CLTB;CLTA;AP2A1;WASL;AP2A2;RND1;PPP3CB;NCK2;ITGAV;NEO1;SPTAN1;GIT1;NCK1;ACTR3;CAP1;VAV3;ACTR2;HSP90AA1;TRPC6;TRPC3;DCC;TRPC1;MMP2;GFRA3;RGMB;RHOC;GFRA2;DNM1;RGMA;RHOB;VAV2;DNM2;ENAH;DNM3;GAP43;CREB1;NUMB;MYH9;EVL;ARHGEF7;DOCK1;SHANK3;SEMA3A;CXCR4;SEMA3E;AKAP5;NTN1;CDC42;ABLIM2;RELN;MAPK7;ABLIM3;AP2S1;FYN;NCAM1;PAK4;FARP2;MYO10;LIMK2;LIMK1;RANBP9;MYO9B;AP2B1;MAPK12;MAPK13;PKN2;PKN1;CDK5R1,0.3603082851637765
5,985,"Signaling By Rho GTPases, Miro GTPases And RHOBTB3 R-HSA-9716542",212/660,4.605053895587354e-115,Signal Transduction,Reactome_2022,1.8587503110342494e-117,0.0,0.0,11.366325540565514,3055.0699799066174,CYFIP2;ITSN2;CYFIP1;NCKAP1;TRIO;WIPF1;WIPF2;ITSN1;WIPF3;FNBP1L;MYLK;PREX2;PREX1;PPP2R1B;PPP2R1A;FNBP1;PRKCB;STARD8;ACTN1;PRKCD;PRKCA;TIAM2;TIAM1;MYL6;DAAM1;CDC37;SPATA13;BTK;PFN1;MYL9;NGEF;LLGL1;EPHA2;GRB7;GARRE1;PIK3R3;IQGAP1;KLK2;IQGAP2;PRKCZ;KALRN;ABR;MYO6;NCKAP1L;SPTBN1;STAM;PTK2;NOX3;CALM1;ARHGAP9;ARPC1B;ARPC1A;CLTC;ARHGAP1;WASL;ARHGAP5;AREG;ARHGAP4;AKAP13;RAC2;SPTAN1;GIT1;VAV3;RHOG;RRAS2;RHOC;RHOD;VAV1;RHOB;VAV2;ARHGEF9;CTTN;CDC42EP5;CDC42EP4;ARHGEF3;ARHGEF4;RHOU;ARHGEF2;ARHGEF7;ARHGEF5;RHOQ;ARHGEF6;PKN3;WAS;NOXO1;FGD1;PPP2CA;PPP2CB;FGD5;CTNNA1;FLNA;PAK4;FARP2;GIT2;KIDINS220;ERBIN;WWP2;MYO9B;DEF6;KTN1;TMEM59;ABI2;TAOK3;ABI1;TRIP10;PKN2;PKN1;TJP2;NCF1;PLXND1;ARHGAP35;ACTG1;PPP1CB;STK10;DOCK11;ARHGDIA;RALGAPA1;TPM3;SWAP70;OBSCN;HGS;ELMO2;STAM2;ARHGEF26;ARHGEF25;ARHGEF28;RASAL2;PLD2;NCKIPSD;ABL2;PLXNA1;MYH14;MYH11;RHPN2;SRGAP2;SRGAP1;MYH10;ARPC5;ARHGAP26;DIAPH1;ARHGAP31;DIAPH2;ARHGAP30;DNMBP;ARPC2;ARPC3;NOXA1;PLXNB1;MAP3K11;DOCK6;DOCK4;DOCK3;YWHAB;RASGRF2;SNAP23;DOCK7;RND1;YWHAQ;MCF2L;NCK2;FLOT1;FLOT2;YWHAG;NCK1;YWHAH;ACTR3;ACTR2;ARHGEF10;HSP90AA1;PLEKHG1;PLEKHG2;PPP1R12A;ARHGEF15;ARHGEF17;ARHGEF16;ARAP2;ARAP3;ARHGEF18;PPP2R5D;ARAP1;YWHAZ;ARHGAP10;ZAP70;ALS2;LCK;MYH9;EVL;PDE5A;PPP1R12B;DOCK2;DOCK1;SRF;UACA;CDC42;GNA13;PARD6B;PARD6A;NHS;SLITRK5;PTK2B;CSK;WASF1;WASF2;WASF3;PPP1R14A;LIMK2;LIMK1;SEMA4F;CDC42BPB;BAIAP2;PTPN13;FMNL1,0.3212121212121212
5,985,Signaling By Rho GTPases R-HSA-194315,212/644,2.1825751720322325e-117,Signal Transduction,Reactome_2022,6.607190228150048e-120,0.0,0.0,11.797458195582388,3237.4826943761777,CYFIP2;ITSN2;CYFIP1;NCKAP1;TRIO;WIPF1;WIPF2;ITSN1;WIPF3;FNBP1L;MYLK;PREX2;PREX1;PPP2R1B;PPP2R1A;FNBP1;PRKCB;STARD8;ACTN1;PRKCD;PRKCA;TIAM2;TIAM1;MYL6;DAAM1;CDC37;SPATA13;BTK;PFN1;MYL9;NGEF;LLGL1;EPHA2;GRB7;GARRE1;PIK3R3;IQGAP1;KLK2;IQGAP2;PRKCZ;KALRN;ABR;MYO6;NCKAP1L;SPTBN1;STAM;PTK2;NOX3;CALM1;ARHGAP9;ARPC1B;ARPC1A;CLTC;ARHGAP1;WASL;ARHGAP5;AREG;ARHGAP4;AKAP13;RAC2;SPTAN1;GIT1;VAV3;RHOG;RRAS2;RHOC;RHOD;VAV1;RHOB;VAV2;ARHGEF9;CTTN;CDC42EP5;CDC42EP4;ARHGEF3;ARHGEF4;RHOU;ARHGEF2;ARHGEF7;ARHGEF5;RHOQ;ARHGEF6;PKN3;WAS;NOXO1;FGD1;PPP2CA;PPP2CB;FGD5;CTNNA1;FLNA;PAK4;FARP2;GIT2;KIDINS220;ERBIN;WWP2;MYO9B;DEF6;KTN1;TMEM59;ABI2;TAOK3;ABI1;TRIP10;PKN2;PKN1;TJP2;NCF1;PLXND1;ARHGAP35;ACTG1;PPP1CB;STK10;DOCK11;ARHGDIA;RALGAPA1;TPM3;SWAP70;OBSCN;HGS;ELMO2;STAM2;ARHGEF26;ARHGEF25;ARHGEF28;RASAL2;PLD2;NCKIPSD;ABL2;PLXNA1;MYH14;MYH11;RHPN2;SRGAP2;SRGAP1;MYH10;ARPC5;ARHGAP26;DIAPH1;ARHGAP31;DIAPH2;ARHGAP30;DNMBP;ARPC2;ARPC3;NOXA1;PLXNB1;MAP3K11;DOCK6;DOCK4;DOCK3;YWHAB;RASGRF2;SNAP23;DOCK7;RND1;YWHAQ;MCF2L;NCK2;FLOT1;FLOT2;YWHAG;NCK1;YWHAH;ACTR3;ACTR2;ARHGEF10;HSP90AA1;PLEKHG1;PLEKHG2;PPP1R12A;ARHGEF15;ARHGEF17;ARHGEF16;ARAP2;ARAP3;ARHGEF18;PPP2R5D;ARAP1;YWHAZ;ARHGAP10;ZAP70;ALS2;LCK;MYH9;EVL;PDE5A;PPP1R12B;DOCK2;DOCK1;SRF;UACA;CDC42;GNA13;PARD6B;PARD6A;NHS;SLITRK5;PTK2B;CSK;WASF1;WASF2;WASF3;PPP1R14A;LIMK2;LIMK1;SEMA4F;CDC42BPB;BAIAP2;PTPN13;FMNL1,0.32919254658385094
5,985,Signaling By Receptor Tyrosine Kinases R-HSA-9006934,194/496,8.458026155779533e-123,Signal Transduction,Reactome_2022,1.7069679426396638e-125,0.0,0.0,15.197134987148466,4365.96086799098,CYFIP2;CYFIP1;NCKAP1;AHCYL1;RPS6KA3;RPS6KA5;PPP2R1B;PPP2R1A;RPS6KA2;RPS6KA1;PRKACB;MEF2A;MEF2C;PRKCB;PRKCE;PRKCD;FLT3LG;PRKCA;GABRG3;GABRG2;TIAM1;ARC;CDC37;ATP6V0D1;LLGL1;GRB7;SH2D2A;PDGFA;PIK3R3;PRKCZ;FLRT3;PDGFD;PDGFC;NCKAP1L;RALGDS;PAG1;ATP6V0A1;LYN;JUND;YES1;INSR;IGF2;PTK6;STAM;GRIN2B;PTK2;RANBP10;GRAP;CALM1;GABRB3;GABRB2;PTPRU;GABRB1;NRP2;PTPRS;SH3KBP1;CLTC;CLTA;AP2A1;PTPRJ;SHB;AREG;AP2A2;VAV3;ATP6V0B;DUSP3;EPS15L1;FOS;DUSP6;VAV1;DUSP7;VAV2;KIT;ARHGEF7;SGK1;ATP6V0C;ARF6;ASCL1;PPP2CA;PPP2CB;GGA3;NTF3;AP2S1;CTNNA1;MEF2D;EPS15;GABRQ;GABRA1;KIDINS220;ERBIN;RANBP9;AP2B1;KITLG;RIT2;ABI2;ABI1;PKN2;PKN1;CDK5R2;CDK5R1;SH3GL3;NCF1;IRS1;NAB1;IGF1R;CDH5;GRB10;AP2M1;SH3GL2;SH3GL1;PDGFRB;USP8;PDGFRA;MATK;VRK3;PGF;RNF41;MAPKAPK3;HGS;MAPKAPK2;ELMO1;ELMO2;STAM2;SHC3;ITPR1;ITPR2;ITPR3;STK4;RAP1B;RAP1A;SOCS1;THEM4;SOCS6;MAP2K5;RAB4A;ADAP1;DIAPH1;FER;CDK5;FES;FGF13;FGFR3;PRR5;DOCK3;FLT3;YWHAB;DOCK7;PDE3B;SPRED2;SPRED1;NCK2;ITGAV;NCK1;HSP90AA1;PPP2R5D;NGF;DNM1;EPN1;DNM2;DNM3;CREB1;VGF;LCK;ATP6V1B2;DOCK1;RALA;RALB;SRF;CDC42;MAPK7;MKNK1;LRIG1;PTK2B;CSK;FYN;WASF1;AAMP;SH2B3;WASF2;SH2B2;WASF3;NTRK2;PTPN1;PTPN18;NTRK3;PTPN12;BAIAP2;MAPK12;MAPK13;TEC;SPRY2;PTPN6;PTPN2;PTPN3,0.3911290322580645
5,985,Signal Transduction R-HSA-162582,532/2465,1.5532449404724491e-232,Signal Transduction,Reactome_2022,1.5673511003758316e-235,0.0,0.0,10.378158371676324,5611.035489020621,ITSN2;CYFIP2;CYFIP1;NCKAP1;TRIO;WIPF1;WIPF2;ITSN1;WIPF3;WDR83;FNBP1L;MYLK;PREX2;PREX1;PIP4K2A;PROK2;PIP4K2B;PIP4K2C;PRKACB;MEF2A;PRKAB2;MEF2C;PRKCI;PRKCH;FNBP1;PRKCB;STARD8;PRKCE;PRKCD;PRKCA;PRKAB1;GABRG3;GABRG2;MYL6;PRKAR1B;DAAM1;PRKAR1A;PARD3;PRKCQ;MYL9;NGEF;PDGFA;IQGAP1;IQGAP2;PRKCZ;ABR;PPP3R1;PRKAR2B;FLRT3;PDGFD;PRKAR2A;PDGFC;MYO6;PLCG2;PIP5K1A;PIP5K1B;NCKAP1L;PIP5K1C;ICOS;LYN;NGFR;JUN;SRMS;JUND;GRIN2B;NOX3;SNAI1;STRN;ARHGAP9;GABRB3;GABRB2;GABRB1;ARPC1B;ARPC1A;CLTC;PRKAG1;ARHGAP1;CLTB;PRKAG2;CLTA;SHB;ARHGAP5;AREG;ARHGAP4;NEFL;DUSP3;RRAS2;EPS15L1;FOS;DUSP8;DUSP9;DUSP6;DUSP7;APBB1IP;MRAS;CDC42EP5;CDC42EP4;MGLL;RAPGEF4;ARF6;PHLPP2;PHLPP1;PKN3;ASCL1;FGD1;FGD5;GGA3;NTF3;AP2S1;FLNA;MEF2D;FARP2;GABRA1;KIDINS220;WWP2;DEF6;KTN1;TMEM59;TAOK3;ABI2;ABI1;PKN2;PKN1;LAMTOR3;FRK;DGKG;DGKD;NCF1;PLXND1;IRS1;NAB1;DGKA;ITGA2B;PPP1CB;STK10;CDH5;GRB10;AP2M1;USP8;TPM3;RALGAPA1;SWAP70;VRK3;DGKZ;PGF;RNF41;MAG;OBSCN;MAPKAPK3;MAPKAPK2;SHC3;ITPR1;ITPR2;RASAL1;ABHD6;ITPR3;RASAL2;FOXO3;RASAL3;FOXO1;SAV1;RAP1B;SOCS1;RAP1A;EIF4EBP1;THEM4;ABL2;PLXNA1;SOCS6;SRGAP2;SRGAP1;MAP2K5;RAB4A;ARPC5;ADAP1;ARPC2;NBEA;CDK5;ARPC3;PTPRA;NOXA1;NF1;PLXNB1;MAP3K11;DAGLA;FLT3;RASGRF2;RASGRF1;SNAP23;ARRB1;ARRB2;DUSP16;DUSP10;NCK2;PRKG2;ITGAV;PRKG1;NCK1;ACTR3;ACTR2;HSP90AA1;PLEKHG1;PPP1R12A;TRPC6;PLEKHG2;KSR1;TRPC3;KSR2;NGF;LCK;IL3RA;NUMB;EVL;PPP1R12B;DAGLB;PRKAA2;SRF;CDC42;PARD6B;PARD6A;NHS;SLITRK5;FYN;CSK;WASF1;SH2B3;EIF4E;AAMP;WASF2;SH2B2;WASF3;SH2B1;PTPN1;LINGO1;PPP1R14A;NTRK2;PTPN18;NTRK3;SEMA4F;PTPN12;CDC42BPB;BAIAP2;PTPN13;PTPN6;PTPN7;PIK3AP1;PTPN2;PTPN3;AHCYL1;ZDHHC7;RPS6KA3;EDNRB;RPS6KA5;PPP2R1B;PPP2R1A;RPS6KA2;RPS6KA1;ACTN2;ACTN1;FLT3LG;UHMK1;TIAM2;TIAM1;ARC;CDC37;SPATA13;RRAGD;BTK;PFN1;TLN1;ATP6V0D1;LLGL1;EPHA2;GRB7;BEX3;GARRE1;PDE1C;MAGED1;PDE1B;SH2D2A;PDE1A;LPAR1;LPAR2;PIK3R3;KLK2;KALRN;GNG10;CD19;RALGDS;PAG1;SPTBN1;ATP6V0A1;SPTBN2;YES1;INSR;IGF2;PTK6;STAM;GNG12;GNG11;PTK2;ARTN;RANBP10;PDE3A;GNRH1;RGL3;GRAP;CALM1;PTPRU;NRP2;PTPRS;CAB39L;SH3KBP1;PTPRJ;AP2A1;WASL;AP2A2;PPP3CA;AKAP13;PPP3CB;PPP3CC;RAC2;SPTAN1;GIT1;VAV3;ATP6V0B;SYK;RHOG;IL17RD;RHOC;GFRA3;RHOD;GFRA2;VAV1;VAV2;RHOB;CNKSR2;CNKSR1;ARHGEF9;CTTN;KIT;ARHGEF3;ARHGEF4;RHOU;ARHGEF2;ARHGEF7;SGK1;ATP6V0C;ARHGEF5;RHOQ;ARHGEF6;CAB39;GNAI3;WAS;NOXO1;CXCR4;PRKX;ZDHHC21;GNAI1;CAMKK2;GNAI2;PPP2CA;PPP2CB;NPY;CTNNA1;SHOC2;EPS15;PAK4;GABRQ;GIT2;ERBIN;RANBP9;MYO9B;AP2B1;PPP1CA;KITLG;RIT2;CAMK4;TRIP10;F2RL2;CDK5R2;TJP2;CDK5R1;SH3GL3;PRDM4;PEBP1;ARHGAP35;ACTG1;IGF1R;DOCK11;RGS3;ARHGDIA;NRTN;SH3GL2;SH3GL1;PDGFRB;PDGFRA;MATK;DOK1;HGS;ELMO1;ELMO2;STAM2;VCL;GNAZ;ARHGEF26;ARHGEF25;ARHGEF28;CSF2RB;ADRB2;RASGRP2;STK4;RASGRP1;RASGRP4;PLD2;NCKIPSD;GRK3;GRK2;GRK5;GRK6;MYH14;MYH11;RHPN2;MYH10;MARK3;CAV2;ARHGAP26;GNAO1;DIAPH1;ARHGAP31;DIAPH2;FER;ARHGAP30;DNMBP;FES;GNB1;GNB4;GNAS;GNB3;GNB5;FGF13;FGFR3;PRR5;DOCK6;DOCK4;DOCK3;YWHAB;DOCK7;PDE3B;RND1;SPRED3;SPRED2;SPRED1;EEF2K;YWHAQ;MCF2L;FLOT1;PDE4B;FLOT2;PDE4A;YWHAG;YWHAH;ARHGEF10;ARHGEF15;ARHGEF17;MMP2;PDE4D;ARHGEF16;PDE4C;ARAP2;ARHGEF18;ARAP3;PPP2R5D;ARAP1;OPRM1;YWHAZ;EPN1;DNM1;DNM2;DNM3;ARHGAP10;ZAP70;CREB1;VGF;ALS2;RASA3;RASA4;RASA2;ATP6V1B2;MYH9;PDE5A;DOCK2;DOCK1;CAMK2B;RGS17;RALA;CAMK2D;RALB;RGS19;CAMK2A;ABHD17C;UACA;GNA13;GNA14;GNA15;GNG2;MAPK7;MKNK1;GNA11;GNA12;S1PR1;LRIG1;PTK2B;RGS20;S1PR3;NCAM1;MAPK6;CAMK2G;MAPK4;TRAT1;LIMK2;LIMK1;MAPK12;EPOR;TSHR;MAPK13;FMNL1;TEC;ABHD17B;ABHD17A;SPRY2;TEK,0.21582150101419878
5,985,RHOB GTPase Cycle R-HSA-9013026,31/69,1.8250336994815668e-21,Signal Transduction,Reactome_2022,1.2154613942056852e-22,0.0,0.0,16.227711574533817,818.8786968430162,ARHGEF25;PKN3;ARHGEF28;SNAP23;ARHGAP1;ARHGAP5;ARHGAP35;AKAP13;PREX1;STK10;ABR;MCF2L;FLOT1;FLOT2;RHPN2;ARHGEF10;ARHGEF17;STARD8;ERBIN;MYO9B;ARHGAP26;RHOB;VAV2;DIAPH1;DAAM1;ARHGEF3;PKN2;ARHGEF2;PKN1;ARHGEF5;TJP2,0.4492753623188406
5,985,RAF/MAP Kinase Cascade R-HSA-5673001,96/271,1.2512479211819299e-54,Signal Transduction,Reactome_2022,1.7676559935970754e-56,0.0,0.0,11.62551823879158,1492.4271924324405,ARHGAP9;IRS1;FLT3;YWHAB;RASGRF2;ITGA2B;RASGRF1;PEBP1;WDR83;ARRB1;ARRB2;AREG;DUSP16;PPP1CB;SPRED3;SPRED2;SPRED1;DUSP10;PPP2R1B;PPP2R1A;NEFL;PRKG2;NRTN;SPTAN1;PDGFRB;PDGFRA;KSR1;ACTN2;FLT3LG;PPP2R5D;KSR2;DUSP8;GFRA3;IL17RD;DUSP9;GFRA2;DUSP6;DUSP7;APBB1IP;CNKSR2;CNKSR1;MRAS;RASA3;RASA4;KIT;IL3RA;RASA2;PRKCQ;TLN1;LLGL1;VCL;CAMK2B;CAMK2D;SHC3;CAMK2A;PDGFA;CSF2RB;RASAL1;IQGAP1;RASAL2;ABHD17C;RASAL3;RASGRP1;RASGRP4;PPP2CA;RAP1B;PPP2CB;RAP1A;SHOC2;CSK;FYN;NCAM1;RALGDS;MARK3;CAMK2G;SPTBN1;SPTBN2;RANBP9;GRIN2B;PTK2;MAPK12;KITLG;ABHD17B;ARTN;PTPRA;ABHD17A;NF1;RGL3;PTPN7;TEK;CALM1;FGF13;LAMTOR3;FGFR3;MAP3K11;PTPN3,0.35424354243542433
5,985,"Glutamate Binding, Activation Of AMPA Receptors And Synaptic Plasticity R-HSA-399721",22/31,2.659139287168563e-21,Neuronal System,Reactome_2022,1.798276829488609e-22,0.0,0.0,48.24414445598247,2415.58639495648,CAMK2B;GRIA1;GRIA2;CAMK2D;PRKCB;CAMK2A;AP2A1;PRKCA;AKAP5;AP2B1;AP2A2;GRIP2;EPB41L1;MYO6;TSPAN7;AP2S1;PICK1;CACNG3;CAMK2G;AP2M1;GRIA3;LLGL1,0.7096774193548387
5,985,Signaling By VEGF R-HSA-194138,51/102,6.778481157536263e-38,Signal Transduction,Reactome_2022,2.1204128747086188e-39,0.0,0.0,20.30406852248394,1808.0612171420696,CYFIP2;PRR5;CYFIP1;NCKAP1;NRP2;AHCYL1;NCF1;SHB;CDH5;NCK2;ITGAV;PRKACB;NCK1;VAV3;HSP90AA1;PRKCB;PRKCD;PRKCA;PGF;VAV1;VAV2;MAPKAPK3;MAPKAPK2;ELMO1;ELMO2;ARHGEF7;DOCK1;SH2D2A;ITPR1;ITPR2;ITPR3;PRKCZ;CDC42;CTNNA1;THEM4;PTK2B;NCKAP1L;FYN;WASF1;AAMP;WASF2;WASF3;BAIAP2;PTK2;MAPK12;MAPK13;ABI2;ABI1;PKN2;PKN1;CALM1,0.5
5,985,G Alpha (12/13) Signaling Events R-HSA-416482,44/78,1.0025583009976472e-35,Signal Transduction,Reactome_2022,3.3384887924240522e-37,0.0,0.0,26.103769456773144,2192.4589952165,TRIO;ARHGEF26;RASGRF2;ITSN1;KALRN;FGD1;GNA13;AKAP13;PREX1;ABR;GNG10;GNG2;MCF2L;GNA12;VAV3;ARHGEF10;PLEKHG2;ARHGEF15;ARHGEF17;ARHGEF16;ARHGEF18;RHOC;GNG12;GNG11;VAV1;RHOB;VAV2;TIAM2;TIAM1;ARHGEF9;OBSCN;GNB1;ARHGEF3;BTK;GNB4;ARHGEF4;GNB3;PLXNB1;ARHGEF2;GNB5;ARHGEF7;ARHGEF5;NGEF;ARHGEF6,0.5641025641025641
5,985,Netrin-1 Signaling R-HSA-373752,28/49,3.829295374163824e-23,Developmental Biology,Reactome_2022,2.4343653740900195e-24,0.0,0.0,26.463253221873916,1438.869428695519,TRIO;PITPNA;AGAP2;WASL;NTN1;CDC42;ABLIM2;ABLIM3;FYN;NEO1;NCK1;TRPC6;TRPC3;UNC5A;MYO10;DCC;UNC5B;TRPC1;UNC5C;RGMB;MAPK12;PTK2;RGMA;MAPK13;PRKCQ;PKN1;EZR;DOCK1,0.5714285714285714
5,985,PLC Beta Mediated Events R-HSA-112043,28/47,7.63796777761467e-24,Signal Transduction,Reactome_2022,4.7785469446227e-25,0.0,0.0,29.25193862398944,1638.1229201178746,CAMK2B;CAMK2D;AHCYL1;PDE1C;PDE1B;PDE1A;CAMK2A;ITPR1;ITPR2;ITPR3;PRKX;CAMKK2;GNA14;GNA15;GRK2;PRKAR2B;GNA11;PRKAR2A;CAMK2G;PRKACB;PRKCD;PRKCA;CREB1;NBEA;PRKAR1B;PRKAR1A;CAMK4;CALM1,0.5957446808510638
5,985,DAG And IP3 Signaling R-HSA-1489509,26/39,5.2193564093282134e-24,Signal Transduction,Reactome_2022,3.212721906851877e-25,0.0,0.0,39.628779979144944,2234.964467644841,CAMK2B;CAMK2D;AHCYL1;PDE1C;PDE1B;PDE1A;CAMK2A;ITPR1;ITPR2;ITPR3;PRKX;CAMKK2;GRK2;PRKAR2B;PRKAR2A;CAMK2G;PRKACB;PRKCE;PRKCD;PRKCA;CREB1;NBEA;PRKAR1B;PRKAR1A;CAMK4;CALM1,0.6666666666666666
5,985,Antigen Activates B Cell Receptor Leading To Second Messenger Generation R-HSA-983695,24/31,9.87302074840668e-25,Immune System,Reactome_2022,5.977610947572159e-26,0.0,0.0,67.81507358406422,3938.644640989668,BLK;LYN;AHCYL1;SYK;SH3KBP1;TRPC1;ITPR1;DAPP1;ITPR2;ITPR3;VAV1;CD79B;CD79A;CD19;BLNK;PLCG2;BTK;ORAI1;FYN;PTPN6;CALM1;PIK3AP1;CD22;NCK1,0.7741935483870968
5,985,Nuclear Events (Kinase And Transcription Factor Activation) R-HSA-198725,32/61,8.188503475598595e-25,Signal Transduction,Reactome_2022,4.8750928865824126e-26,0.0,0.0,21.983283279661325,1281.2533098820527,SH3GL3;NAB1;SRF;ASCL1;PPP2CA;RPS6KA3;PPP2CB;RPS6KA5;MAPK7;PPP2R1B;PPP2R1A;RPS6KA2;RPS6KA1;MEF2D;MEF2A;MEF2C;DUSP3;JUND;PPP2R5D;FOS;VRK3;DUSP6;DNM2;DUSP7;ARC;CREB1;VGF;CDK5;MAPKAPK2;SGK1;CDK5R2;CDK5R1,0.5245901639344263
5,985,"Cell Death Signaling Via NRAGE, NRIF And NADE R-HSA-204998",35/74,4.0450841969255017e-25,Signal Transduction,Reactome_2022,2.3674559376556926e-26,0.0,0.0,17.92604588394062,1057.733444759367,BEX3;TRIO;ARHGEF26;MAGED1;RASGRF2;ITSN1;KALRN;FGD1;GNA13;AKAP13;PREX1;ABR;MCF2L;VAV3;ARHGEF10;NGFR;PLEKHG2;ARHGEF15;ARHGEF17;ARHGEF16;ARHGEF18;NGF;VAV1;VAV2;TIAM2;TIAM1;ARHGEF9;OBSCN;ARHGEF3;ARHGEF4;ARHGEF2;ARHGEF7;ARHGEF5;NGEF;ARHGEF6,0.47297297297297297
5,985,Integration Of Energy Metabolism R-HSA-163685,41/105,2.348188794865308e-25,Metabolism,Reactome_2022,1.350623222071872e-26,0.0,0.0,12.860682600635592,766.0677314678214,AHCYL1;PRKAA2;ITPR1;CACNA1A;ITPR2;PRKAG2;CACNA1D;ITPR3;CACNA1C;IQGAP1;AKAP5;CACNA1E;GNAI1;GNAI2;PPP2CA;GNA14;PPP2CB;GNG10;GNA15;RAP1A;GNG2;PPP2R1B;PPP2R1A;PRKAR2B;PRKAR2A;GNA11;PRKACB;PRKAB2;PRKCA;PPP2R5D;GNG12;GNG11;CACNB3;PRKAR1B;PRKAR1A;GNB1;GNAS;GNB4;GNB3;GNB5;RAPGEF4,0.3904761904761905
5,985,RAC3 GTPase Cycle R-HSA-9013423,39/93,1.645732467500102e-25,Signal Transduction,Reactome_2022,9.299800018164046e-27,0.0,0.0,14.475745830396994,867.6733767207623,CYFIP1;NCKAP1;TRIO;NCF1;GARRE1;SNAP23;ARHGAP1;NOXO1;ARHGAP5;ARHGAP35;CDC42;PREX1;ABR;NHS;ABL2;SLITRK5;NCKAP1L;SRGAP2;WASF1;WASF2;GIT1;PAK4;GIT2;SWAP70;ARAP2;ERBIN;ARAP3;ARHGAP26;BAIAP2;VAV2;TIAM1;ABI2;TAOK3;ABI1;NOXA1;NOX3;PKN2;PKN1;EPHA2,0.41935483870967744
5,985,RHOU GTPase Cycle R-HSA-9013420,27/39,1.4024206948131402e-25,Signal Transduction,Reactome_2022,7.783364098357488e-27,0.0,0.0,44.6312630480167,2683.1337412224675,ITSN2;CLTC;IQGAP1;CDC42;PARD6A;MYO6;NCK2;PTK2B;SRGAP2;SPTAN1;GIT1;SPTBN1;NCK1;PAK4;GIT2;WWP2;STAM;ARHGAP31;ARHGAP30;HGS;PKN2;RHOU;PKN1;ARHGEF7;STAM2;ARHGEF6;EPHA2,0.6923076923076923
5,985,DARPP-32 Events R-HSA-180024,22/24,6.283119248285633e-26,Signal Transduction,Reactome_2022,3.423697673132434e-27,0.0,0.0,217.1786085150571,13234.66380650616,PDE4D;PDE4C;PPP2R5D;PRKCA;PPP1CA;PPP2CA;PPP2CB;PPP3CA;PPP3CB;PPP3R1;PPP3CC;CDK5;PPP2R1B;PRKAR1B;PPP2R1A;PRKAR1A;PRKAR2B;PRKAR2A;PDE4B;PDE4A;CALM1;PRKACB,0.9166666666666666
5,985,P75 NTR Receptor-Mediated Signaling R-HSA-193704,40/95,3.192962627949275e-26,Signal Transduction,Reactome_2022,1.7076389433028412e-27,0.0,0.0,14.591630591630592,899.3505672527639,BEX3;TRIO;PRDM4;ARHGEF26;MAGED1;RASGRF2;ITSN1;KALRN;FGD1;GNA13;AKAP13;PREX1;ABR;ARHGDIA;MCF2L;VAV3;ARHGEF10;LINGO1;NGFR;PRKCI;PLEKHG2;ARHGEF15;ARHGEF17;ARHGEF16;ARHGEF18;NGF;VAV1;VAV2;TIAM2;TIAM1;ARHGEF9;MAG;OBSCN;ARHGEF3;ARHGEF4;ARHGEF2;ARHGEF7;ARHGEF5;NGEF;ARHGEF6,0.42105263157894735
5,985,G-protein Mediated Events R-HSA-112040,31/52,2.4998105081611792e-26,Signal Transduction,Reactome_2022,1.3117068256748871e-27,0.0,0.0,29.39073574922632,1819.241525126188,CAMK2B;CAMK2D;AHCYL1;PDE1C;PDE1B;PDE1A;CAMK2A;GNAI3;ITPR1;ITPR2;ITPR3;PRKX;GNAI1;CAMKK2;GNAI2;GNA14;GNA15;GRK2;PRKAR2B;GNA11;PRKAR2A;PRKACB;CAMK2G;PRKCD;PRKCA;CREB1;PRKAR1B;NBEA;PRKAR1A;CAMK4;CALM1,0.5961538461538461
5,985,Recycling Pathway Of L1 R-HSA-437239,24/28,1.0419526092187051e-26,Developmental Biology,Reactome_2022,5.362218271458523e-28,0.0,0.0,118.69510926118626,7453.222572428859,CLTC;RDX;CLTA;MSN;AP2A1;AP2B1;L1CAM;AP2A2;DNM1;DNM2;RPS6KA4;DNM3;RPS6KA3;SHTN1;RPS6KA6;RPS6KA5;DPYSL2;RPS6KA2;RPS6KA1;AP2S1;NUMB;EZR;AP2M1;SH3GL2,0.8571428571428571
5,985,Vesicle-mediated Transport R-HSA-5653656,105/637,3.9496496168499e-27,Vesicle-mediated transport,Reactome_2022,1.992759645232038e-28,0.0,0.0,4.145409688995216,264.40609482870093,ITSN2;USP6NL;SH3GL3;ITSN1;FNBP1L;RABGEF1;GJA4;ARFIP2;SBF2;AP2M1;SH3GL2;SH3GL1;PRKAB2;FNBP1;PRKAB1;BIN1;HGS;AMPH;RIN1;RIN2;STAM2;GRIA1;RAB5B;RAB5C;STXBP3;ADRB2;GRK3;GRK2;MYO6;CLTCL1;PIP5K1C;SPTBN1;SPTBN2;RAB4A;TOR1A;SYT2;HPS1;MYO5A;RAB27A;LNPEP;ARPC5;SYNJ2;STAM;SYT9;ARPC2;SYNJ1;ARPC3;CALM1;RAB5A;GDI1;SH3KBP1;YWHAB;DENND1A;ARPC1A;CLTC;SNAP23;CLTB;PRKAG1;CLTA;PRKAG2;ARRB1;AP2A1;ARRB2;WASL;PIK3C2A;AREG;AP2A2;YWHAQ;SPTAN1;YWHAG;YWHAH;ACTR3;ACTR2;HSP90AA1;EXOC7;DENND2B;EPS15L1;YWHAZ;DNM1;EPN1;DNM2;DNM3;TBC1D1;CTTN;ALS2;TBC1D4;MYH9;EXOC2;RHOQ;ARF6;RALA;PRKAA2;CYTH3;CYTH2;GGA3;CUX1;AP2S1;REPS2;STX4;EPS15;CYTH1;SORT1;AP2B1;RAB10;TRIP10,0.16483516483516483
5,985,VEGFA-VEGFR2 Pathway R-HSA-4420097,48/93,1.6383017982303445e-36,Signal Transduction,Reactome_2022,5.290177350491526e-38,0.0,0.0,21.5951618641053,1853.564177350485,CYFIP2;PRR5;CYFIP1;NCKAP1;AHCYL1;NCF1;SH2D2A;ITPR1;ITPR2;ITPR3;SHB;PRKCZ;CDC42;CDH5;NCK2;CTNNA1;PTK2B;THEM4;ITGAV;FYN;NCKAP1L;WASF1;PRKACB;WASF2;WASF3;NCK1;VAV3;HSP90AA1;PRKCB;PRKCD;PRKCA;BAIAP2;VAV1;MAPK12;PTK2;VAV2;MAPK13;MAPKAPK3;ABI2;MAPKAPK2;ABI1;ELMO1;ELMO2;PKN2;PKN1;ARHGEF7;CALM1;DOCK1,0.5161290322580645
5,985,Post NMDA Receptor Activation Events R-HSA-438064,34/61,1.784805207168214e-27,Neuronal System,Reactome_2022,8.824970247350403e-29,0.0,0.0,25.142812633874676,1624.1598839667636,CAMK2B;GRIA1;GRIA2;CAMK2D;PRKAA2;RASGRF2;RASGRF1;CAMK2A;PRKAG1;PRKAG2;PRKX;CAMKK2;RPS6KA3;RPS6KA6;PRKAR2B;RPS6KA2;PRKAR2A;RPS6KA1;NEFL;PRKACB;CAMK2G;GIT1;PRKAB2;ACTN2;PRKCA;PRKAB1;GRIN2B;CREB1;PRKAR1B;PRKAR1A;CAMK4;ARHGEF7;CALM1;LLGL1,0.5573770491803278
5,985,Membrane Trafficking R-HSA-199991,104/599,9.112535044889131e-29,Vesicle-mediated transport,Reactome_2022,4.321787559130063e-30,0.0,0.0,4.416652334927023,298.6270172566511,ITSN2;USP6NL;SH3GL3;ITSN1;FNBP1L;RABGEF1;GJA4;ARFIP2;SBF2;AP2M1;SH3GL2;SH3GL1;PRKAB2;FNBP1;PRKAB1;BIN1;HGS;AMPH;RIN1;RIN2;STAM2;GRIA1;RAB5B;RAB5C;STXBP3;ADRB2;GRK3;GRK2;MYO6;CLTCL1;PIP5K1C;SPTBN1;SPTBN2;RAB4A;TOR1A;SYT2;HPS1;MYO5A;RAB27A;LNPEP;ARPC5;SYNJ2;STAM;SYT9;ARPC2;SYNJ1;ARPC3;CALM1;RAB5A;GDI1;SH3KBP1;YWHAB;DENND1A;ARPC1A;CLTC;SNAP23;CLTB;PRKAG1;CLTA;PRKAG2;ARRB1;AP2A1;ARRB2;WASL;PIK3C2A;AREG;AP2A2;YWHAQ;SPTAN1;YWHAG;YWHAH;ACTR3;ACTR2;EXOC7;DENND2B;EPS15L1;YWHAZ;DNM1;EPN1;DNM2;DNM3;TBC1D1;CTTN;ALS2;TBC1D4;MYH9;EXOC2;RHOQ;ARF6;RALA;PRKAA2;CYTH3;CYTH2;GGA3;CUX1;AP2S1;REPS2;STX4;EPS15;CYTH1;SORT1;AP2B1;RAB10;TRIP10,0.17362270450751252
5,985,NRAGE Signals Death Thru JNK R-HSA-193648,34/57,7.726505822604036e-29,Signal Transduction,Reactome_2022,3.5864709166476854e-30,0.0,0.0,29.521693411969093,2001.582152684444,TRIO;ARHGEF26;MAGED1;RASGRF2;ITSN1;KALRN;FGD1;GNA13;AKAP13;PREX1;ABR;MCF2L;VAV3;ARHGEF10;NGFR;PLEKHG2;ARHGEF15;ARHGEF17;ARHGEF16;ARHGEF18;NGF;VAV1;VAV2;TIAM2;TIAM1;ARHGEF9;OBSCN;ARHGEF3;ARHGEF4;ARHGEF2;ARHGEF7;ARHGEF5;NGEF;ARHGEF6,0.5964912280701754
5,985,RHO GTPases Activate WASPs And WAVEs R-HSA-5663213,28/36,7.68349298063974e-29,Signal Transduction,Reactome_2022,3.4889725946396404e-30,0.0,0.0,69.5135841170324,4714.9635937788735,CYFIP2;CYFIP1;NCKAP1;WIPF1;ARPC1B;WIPF2;ARPC1A;WIPF3;WAS;WASL;ACTG1;CDC42;NCKIPSD;NCKAP1L;WASF1;WASF2;WASF3;NCK1;ACTR3;ACTR2;ARPC5;BAIAP2;PTK2;ABI2;ARPC2;ARPC3;ABI1;BTK,0.7777777777777778
5,985,Activation Of NMDA Receptors And Postsynaptic Events R-HSA-442755,38/74,7.157492546284867e-29,Neuronal System,Reactome_2022,3.177897800570476e-30,0.0,0.0,21.154581720051624,1436.847386958217,CAMK2B;GRIA1;GRIA2;CAMK2D;PRKAA2;RASGRF2;RASGRF1;CAMK2A;PRKAG1;PRKAG2;PRKX;PPM1E;CAMKK2;RPS6KA3;RPS6KA6;PRKAR2B;RPS6KA2;PRKAR2A;RPS6KA1;NEFL;PRKACB;CAMK2G;GIT1;GRIA3;PRKAB2;ACTN2;CASK;PRKCA;PRKAB1;GRIN2B;CREB1;PRKAR1B;NBEA;PRKAR1A;CAMK4;ARHGEF7;CALM1;LLGL1,0.5135135135135135
5,985,Intracellular Signaling By Second Messengers R-HSA-9006925,73/306,6.624338835248813e-29,Signal Transduction,Reactome_2022,2.8743347115610386e-30,0.0,0.0,6.452290866651608,438.8959971946948,PRR5;AHCYL1;IRS1;FLT3;AREG;PREX2;PPP2R1B;PPP2R1A;RAC2;PIP4K2A;PIP4K2B;PIP4K2C;PRKACB;PDGFRB;PDGFRA;PRKCE;PRKCD;RHOG;FLT3LG;PRKCA;PPP2R5D;VAV1;CREB1;PRKAR1B;PRKAR1A;LCK;RRAGD;KIT;PHLPP2;CAMK2B;CAMK2D;PHLPP1;PDE1C;PDE1B;PDE1A;CAMK2A;ITPR1;PDGFA;PIK3R3;ITPR2;PRKX;ITPR3;FOXO3;FOXO1;CAMKK2;PPP2CA;PPP2CB;GRK2;PRKAR2B;CD19;PRKAR2A;PIP5K1A;THEM4;PIP5K1B;FYN;PIP5K1C;ICOS;CAMK2G;JUN;TRAT1;INSR;WWP2;KITLG;NBEA;CAMK4;SNAI1;STRN;CALM1;FGF13;PIK3AP1;LAMTOR3;FGFR3;FRK,0.238562091503268
5,985,Sema4D Induced Cell Migration And Growth-Cone Collapse R-HSA-416572,12/20,1.100563769541142e-10,Developmental Biology,Reactome_2022,1.6658381980945643e-11,0.0,0.0,29.3016443987667,727.2113636597343,MYL6;LIMK2;LIMK1;MYH14;MYH9;MYH11;PLXNB1;RHOC;MYH10;MYL9;RHOB;RND1,0.6
5,985,Diseases Of Signal Transduction By Growth Factor Receptors And Second Messengers R-HSA-5663202,89/424,8.572634379986751e-31,Disease,Reactome_2022,3.54670039938907e-32,0.0,0.0,5.538779317697228,401.10014940250113,PRR5;IRS1;FLT3;YWHAB;CLTC;ITGA2B;PEBP1;ARRB1;ARRB2;AREG;DUSP16;PPP1CB;SPRED3;SPRED2;KIAA1549;SPRED1;DUSP10;PPP2R1B;PPP2R1A;RAC2;LRRFIP1;PDGFRB;PDGFRA;HSP90AA1;KSR1;TPM3;RHOG;FLT3LG;AGTRAP;PPP2R5D;KSR2;DUSP8;DUSP9;SND1;DUSP6;VAV1;DUSP7;APBB1IP;CNKSR2;CNKSR1;MRAS;CREB1;PRKAR1A;LCK;CDC37;KIT;MYH9;TLN1;VCL;CAMK2B;CAMK2D;FAM114A2;CAMK2A;PDGFA;PIK3R3;IQGAP1;FOXO3;FOXO1;RAP1B;PPP2CA;PPP2CB;RAP1A;CUX1;CD19;CSK;FYN;SHOC2;ICOS;MARK3;CAMK2G;SPTBN1;LYN;YES1;TRAT1;ERBIN;MSN;PTPN12;QKI;CLCN6;KITLG;FAM131B;NF1;NOX4;STRN;PIK3AP1;CALM1;FGF13;FGFR3;MAP3K11,0.2099056603773585
5,985,Disease R-HSA-1643685,202/1736,6.895863081469751e-31,Disease,Reactome_2022,2.783395794740565e-32,0.0,0.0,2.9398862063970186,213.60934264161395,CYFIP2;CYFIP1;NCKAP1;AHCYL1;WIPF1;WIPF2;WIPF3;CAPNS1;PPP2R1B;CAPNS2;PPP2R1A;PRKACB;FLT3LG;PRKCA;SND1;PRKAR1B;PRKAR1A;CDC37;BTK;TLN1;PDGFA;PIK3R3;IQGAP1;CD79B;CD79A;GNG10;PRKAR2B;PRKAR2A;CD19;PLCG2;NCKAP1L;ICOS;SPTBN1;LYN;JUN;YES1;MYO5A;STAM;GNG12;GNG11;PTK2;ARTN;NOX4;STRN;CALM1;SH3KBP1;ARPC1B;ARPC1A;CLTC;CLTA;AP2A1;WASL;AREG;AP2A2;RAC2;VAV3;MAP4K2;SYK;RHOG;AGTRAP;DUSP8;DUSP9;DUSP6;VAV1;DUSP7;VAV2;CNKSR2;APBB1IP;CNKSR1;HCK;MRAS;KIT;GNAI3;WAS;NOXO1;CXCR4;PRKX;GNAI1;GNAI2;PPP2CA;PPP2CB;CUX1;AP2S1;SHOC2;MAP4K5;EPS15;BRD4;ERBIN;MYO9B;AP2B1;KITLG;ABI2;CAMK4;ABI1;PKN2;CDK5R1;SH3GL3;IRS1;ITGA2B;PEBP1;ACTG1;PPP1CB;CAPN2;CAPN1;AP2M1;SH3GL2;SH3GL1;PDGFRB;MAP2K3;PDGFRA;TPM3;HGS;ELMO1;ELMO2;STAM2;VCL;GNAZ;FAM114A2;ITPR1;ITPR2;ITPR3;CSF2RB;ADRB2;FOXO3;FOXO1;RAP1B;NCKIPSD;RAP1A;MARK3;SYT2;MSN;ARPC5;QKI;ARPC2;CDK5;ARPC3;NOXA1;GNB1;GNB4;GNAS;NF1;GNB3;GNB5;FGF13;RAB5A;FGFR3;MAP3K11;PRR5;FLT3;YWHAB;ARRB1;ARRB2;DUSP16;SPRED3;SPRED2;KIAA1549;SPRED1;DUSP10;YWHAQ;BLNK;LRRFIP1;YWHAG;NCK1;YWHAH;ACTR3;ACTR2;HSP90AA1;PDCD6IP;KSR1;PPP2R5D;KSR2;YWHAZ;FGR;MYH2;CREB1;LCK;MYH9;DOCK2;DOCK1;CAMK2B;CAMK2D;CAMK2A;ATP1A3;CDC42;GNG2;S1PR1;LRIG1;FYN;CSK;WASF1;WASF2;CAMK2G;WASF3;MYO10;TRAT1;PTPN12;BAIAP2;TSHR;CLCN6;FAM131B;PTPN6;PIK3AP1,0.11635944700460829
5,985,Clathrin-mediated Endocytosis R-HSA-8856828,55/142,1.2036172666539333e-33,Vesicle-mediated transport,Reactome_2022,4.7367379817864164e-35,0.0,0.0,12.866641947843284,1016.9167131632584,ITSN2;SH3GL3;SH3KBP1;ITSN1;ARPC1A;CLTC;CLTB;CLTA;AP2A1;ARRB1;ARRB2;WASL;FNBP1L;PIK3C2A;AP2A2;AREG;AP2M1;SH3GL2;SH3GL1;ACTR3;ACTR2;FNBP1;EPS15L1;DNM1;EPN1;DNM2;DNM3;CTTN;BIN1;HGS;AMPH;STAM2;ARF6;RAB5B;RAB5C;ADRB2;GRK3;GRK2;CLTCL1;AP2S1;REPS2;PIP5K1C;EPS15;SYT2;TOR1A;ARPC5;STAM;SYNJ2;AP2B1;SYT9;ARPC2;SYNJ1;ARPC3;TRIP10;RAB5A,0.3873239436619718
5,985,EPH-ephrin Mediated Repulsion Of Cells R-HSA-3928665,35/49,8.672075344867575e-34,Developmental Biology,Reactome_2022,3.325316479363954e-35,0.0,0.0,50.002631578947366,3969.654588365651,EPHB6;EPHA10;CLTC;CLTB;CLTA;AP2A1;EFNA5;AP2A2;EFNA4;EFNB2;EFNB1;EFNB3;CLTCL1;AP2S1;FYN;EPHB2;EPHB1;AP2M1;EPHB4;EPHB3;EPHA5;VAV3;LYN;EPHA4;EPHA7;YES1;MMP2;AP2B1;DNM1;VAV2;TIAM1;EFNA3;EFNA2;EPHA3;EPHA2,0.7142857142857143
5,985,Oncogenic MAPK Signaling R-HSA-6802957,43/78,2.2703593556787893e-34,Disease,Reactome_2022,8.476619188709908e-36,0.0,0.0,24.75401880497422,1999.029395153265,CAMK2B;CAMK2D;YWHAB;FAM114A2;ITGA2B;CAMK2A;PEBP1;ARRB1;ARRB2;IQGAP1;DUSP16;PPP1CB;SPRED3;RAP1B;SPRED2;KIAA1549;SPRED1;DUSP10;RAP1A;CSK;SHOC2;CAMK2G;MARK3;KSR1;AGTRAP;KSR2;DUSP8;DUSP9;DUSP6;SND1;QKI;DUSP7;APBB1IP;CNKSR2;CNKSR1;CLCN6;MRAS;FAM131B;NF1;TLN1;CALM1;VCL;MAP3K11,0.5512820512820513
5,985,RHOA GTPase Cycle R-HSA-8980692,57/147,7.04508208963492e-35,Signal Transduction,Reactome_2022,2.5592629185353897e-36,0.0,0.0,12.91576867816092,1058.490434192852,ARHGAP9;TRIO;RASGRF2;SNAP23;ARHGAP1;ARHGAP5;ARHGAP35;ARHGAP4;PREX2;PREX1;STK10;AKAP13;ARHGDIA;MCF2L;FLOT1;FLOT2;VAV3;ARHGEF10;ARHGEF15;STARD8;ARHGEF17;ARAP2;ARAP3;ARHGEF18;ARAP1;VAV1;VAV2;TIAM1;ARHGAP10;OBSCN;DAAM1;ARHGEF3;ARHGEF4;ARHGEF2;ARHGEF7;DOCK2;NGEF;ARHGEF5;ARHGEF25;PKN3;ARHGEF28;IQGAP1;KALRN;ABR;RHPN2;SRGAP1;ERBIN;MYO9B;ARHGAP26;DEF6;KTN1;DIAPH1;ARHGAP31;ARHGAP30;PKN2;PKN1;TJP2,0.3877551020408163
5,985,L1CAM Interactions R-HSA-373760,48/99,7.024943793635942e-35,Developmental Biology,Reactome_2022,2.4810598665717262e-36,0.0,0.0,19.048527842300206,1561.6816976967038,NRP2;ITGA2B;CLTC;CLTA;AP2A1;AP2A2;RPS6KA4;RPS6KA3;SDCBP;RPS6KA6;RPS6KA5;SCN11A;DPYSL2;RPS6KA2;RPS6KA1;AP2S1;ITGAV;NCAM1;EPHB2;SCN3B;SCN3A;SPTAN1;AP2M1;SCN1B;SH3GL2;SPTBN1;SCN1A;SPTBN2;CNTN6;RDX;MSN;RANBP9;AP2B1;L1CAM;DNM1;DNM2;VAV2;DNM3;SHTN1;GAP43;SCN8A;NUMB;CNTN2;PKN1;EZR;SCN2A;LLGL1;SCN2B,0.48484848484848486
5,985,Innate Immune System R-HSA-168249,155/1035,1.8305541425772275e-35,Immune System,Reactome_2022,6.280407754553555e-37,0.0,0.0,3.848473439211391,320.80187072316414,CYFIP2;CYFIP1;NCKAP1;AHCYL1;NCF1;CALML5;WIPF1;WIPF2;WIPF3;ICAM3;ACTG1;STK10;RPS6KA3;RPS6KA5;PPP2R1B;PPP2R1A;RPS6KA2;RPS6KA1;SIRPA;MAP3K8;CAPN1;PRKACB;MEF2A;MAP2K3;MEF2C;PRKCE;PRKCD;PRKCA;VRK3;PLPP4;MAPKAPK3;MAPKAPK2;BTK;ELMO1;ELMO2;PRKCQ;ATP6V0D1;VCL;RAB5B;RAB5C;ITPR1;ITPR2;ITPR3;IQGAP1;IQGAP2;RASGRP2;RASGRP1;RASGRP4;PLD2;RAP1B;NCKIPSD;SDCBP;PPP3R1;SOCS1;RAP1A;CD19;PLCG2;CD300LB;NCKAP1L;ATP6V0A1;LYN;JUN;SIGLEC15;YES1;NFATC3;MYO5A;RAB27A;NFATC2;ARPC5;PTK2;DIAPH1;ARPC2;ARPC3;CALM1;ARHGAP9;ITK;ARPC1B;SNAP23;ARPC1A;PTPRJ;WASL;AP2A2;EEA1;PPP3CA;PPP3CB;RAC2;FCER1A;ITGAV;LRRFIP1;SPTAN1;NCK1;ACTR3;CAP1;VAV3;ACTR2;HSP90AA1;ATP6V0B;DUSP3;FCER1G;DBNL;SYK;DYNLT1;RHOG;PPP2R5D;FOS;DUSP6;VAV1;DNM1;DUSP7;VAV2;DNM2;DNM3;FGR;NCR2;HCK;MYH2;CREB1;LCK;ATP6V1B2;MYH9;LCP2;CD47;ARHGEF7;MS4A2;DOCK2;ATP6V0C;DOCK1;CAB39;WAS;MALT1;CDC42;PPP2CA;PPP2CB;MAPK7;FYN;WASF1;AAMP;WASF2;WASF3;GSN;MYO10;LIMK1;MYO9B;BAIAP2;MAPK12;MAPK13;RAB10;TEC;ABI2;ABI1;PKN2;PTPN6;PKN1;LAMTOR3;FRK,0.1497584541062802
5,985,Semaphorin Interactions R-HSA-373755,35/64,6.944367261749114e-28,Developmental Biology,Reactome_2022,3.3635684012508324e-29,0.0,0.0,24.120145190562614,1581.364121103348,PLXND1;SEMA3A;SEMA3E;ARHGAP35;RND1;DPYSL4;RRAS;DPYSL5;DPYSL2;PLXNA2;MYH14;PLXNA1;FYN;MYH11;PIP5K1C;MYH10;PLXNA4;FARP2;HSP90AA1;SEMA6D;LIMK2;LIMK1;RHOC;RHOB;MYL6;CDK5;FES;MYH9;PKN2;PLXNB1;PKN1;ARHGEF7;TLN1;MYL9;CDK5R1,0.546875
5,985,Serotonergic synapse,28/113,2.965866962434963e-12,Nervous system,KEGG_2021_Human,7.839295935951444e-13,0.0,0.0,6.515950580859303,181.6285854706263,GABRB3;GABRB2;GABRB1;ITPR1;GNAI3;CACNA1A;ITPR2;CACNA1D;ITPR3;CACNA1C;GNAI1;GNAI2;GNG10;GNG2;PRKACB;PRKCB;TRPC1;PRKCA;HTR3A;HTR3B;GNG12;GNG11;GNAO1;GNB1;GNAS;GNB4;GNB3;GNB5,0.24778761061946902
5,985,G Alpha (Q) Signaling Events R-HSA-416476,52/212,2.659139287168563e-21,Signal Transduction,Reactome_2022,1.8246364432639983e-22,0.0,0.0,6.567926045016077,328.7607649255437,DGKG;TRIO;DGKD;DAGLA;DGKA;RPS6KA3;EDNRB;RGS3;RPS6KA2;RPS6KA1;PROK2;PRKCH;TRPC6;TRPC3;PRKCE;PRKCD;PRKCA;DGKZ;CREB1;BTK;PRKCQ;DAGLB;MGLL;RGS17;RGS19;ARHGEF25;LPAR1;ITPR1;LPAR2;PIK3R3;ITPR2;ABHD6;ITPR3;RASGRP2;KALRN;RASGRP1;GNA14;GNG10;GNA15;GRK2;GNG2;MAPK7;GRK5;GNA11;GNG12;GNG11;GNB1;GNB4;GNRH1;GNB3;GNB5;F2RL2,0.24528301886792453
5,985,Muscle Contraction R-HSA-397014,49/196,1.7784739813876962e-20,Muscle contraction,Reactome_2022,1.256237928326324e-21,0.0,0.0,6.719373219373219,323.37766740613233,AHCYL1;GUCY1B1;RYR3;MYLK;SCN11A;NPPA;SCN1B;SCN1A;GUCY1A2;ACTN3;ACTN2;TPM3;MYL11;TRPC1;PRKCA;MYL6;MYL1;SCN8A;ORAI1;PDE5A;TLN1;MYL9;VCL;CAMK2B;CAMK2D;CAMK2A;ITPR1;ITPR2;ATP1A3;ITPR3;CACNA1C;MYL12A;CACNA1H;MYH11;SCN3B;SCN3A;CAMK2G;CORIN;CAV3;SORBS1;FGF14;PKN2;PKN1;CALM1;SCN2A;FGF13;FGF12;FGF11;SCN2B,0.25
5,985,GnRH secretion,15/64,9.002474337077626e-07,Endocrine system,KEGG_2021_Human,3.60892143028222e-07,0.0,0.0,5.985482852934989,88.79276284775045,PRKCB;TRPC1;ITPR1;ITPR2;PIK3R3;ARRB1;PRKCA;CACNA1D;ITPR3;ARRB2;CACNA1C;CACNA1H;CACNA1I;GNA11;GNRH1,0.234375
5,985,Neuroactive ligand-receptor interaction,40/341,8.675039402642149e-07,Signaling molecules and interaction,KEGG_2021_Human,3.439442934968253e-07,0.0,0.0,2.631651110056425,39.166300640261454,GABRB3;GRIA1;GABRB2;GRIA2;GABRB1;CSH1;LPAR1;LPAR2;GRIK1;GRIK2;ADRB2;GHR;GABRR2;GABRR1;EDNRB;GLRA3;CNR1;NPY;S1PR1;S1PR3;GABRE;GABRD;GRIA3;GABRA2;GABRQ;GABRA1;GABRA6;GABRA5;GABRA4;GABRA3;OPRM1;GABRG3;GRIN2B;PRLR;GABRG2;TSHR;GABRG1;PARD3;GNRH1;F2RL2,0.11730205278592376
5,985,Prolactin signaling pathway,16/70,5.463975281731775e-07,Endocrine system,KEGG_2021_Human,2.1422634364499029e-07,0.0,0.0,5.797806061995948,89.03245903916473,SHC4;SHC3;CISH;PIK3R3;CSN2;FOS;FOXO3;PRLR;MAPK12;MAPK13;SOCS2;SOCS1;SOCS6;SOCS7;SOCS4;SOCS5,0.22857142857142856
5,985,Epithelial cell signaling in Helicobacter pylori infection,16/70,5.463975281731775e-07,Infectious disease: bacterial,KEGG_2021_Human,2.1422634364499029e-07,0.0,0.0,5.797806061995948,89.03245903916473,LYN;ATP6V0B;JUN;MAPK12;MAPK13;CDC42;PAK1;ATP6V1B2;PLCG2;CSK;ATP6V0D1;ATP6V0C;MET;GIT1;ATP6V0A1;JAM3,0.22857142857142856
5,985,Type II diabetes mellitus,13/46,5.401643725992802e-07,Endocrine and metabolic disease,KEGG_2021_Human,2.070233498508255e-07,0.0,0.0,7.693166230203267,118.40116903126967,IRS1;INSR;PRKCE;PRKCD;CACNA1A;PIK3R3;CACNA1D;CACNA1C;CACNA1E;PRKCZ;SOCS2;SOCS1;SOCS4,0.2826086956521739
5,985,Taste transduction,18/86,4.1935521105719204e-07,Sensory system,KEGG_2021_Human,1.5887466145779085e-07,0.0,0.0,5.186538110590669,81.19603333802031,GABRA2;GABRA1;PDE1C;GABRA6;PDE1B;GABRA5;PDE1A;GABRA4;GABRA3;CACNA1A;HTR3A;ITPR3;HTR3B;CACNA1C;GNB3;SCN2A;PRKACB;SCN3A,0.20930232558139536
5,985,Tuberculosis,28/180,1.710067272386763e-07,Infectious disease: bacterial,KEGG_2021_Human,6.403335601448231e-08,0.0,0.0,3.6308914920530166,60.14158452799698,CAMK2B;RAB5B;CAMK2D;RAB5C;CALML5;CALML6;CAMK2A;CALML3;CALML4;MALT1;EEA1;PPP3CA;PPP3R1;PPP3CB;PPP3CC;CAMK2G;ATP6V0A1;ATP6V0B;FCER1G;KSR1;SYK;MAPK12;MAPK13;CREB1;ATP6V0D1;CALM1;RAB5A;ATP6V0C,0.15555555555555556
5,985,Estrogen signaling pathway,24/137,1.502042426741653e-07,Endocrine system,KEGG_2021_Human,5.55821867164312e-08,0.0,0.0,4.177506837457295,69.78693554665901,SHC4;JUN;HSP90AA1;SHC3;CALML5;CALML6;MMP2;PRKCD;ITPR1;GNAI3;ITPR2;PIK3R3;CALML3;ITPR3;CALML4;FOS;OPRM1;GNAI1;GNAI2;GNAO1;CREB1;GNAS;CALM1;PRKACB,0.17518248175182483
5,985,PD-L1 expression and PD-1 checkpoint pathway in cancer,19/89,1.4114304722856921e-07,Cancer: overview,KEGG_2021_Human,5.160736969150329e-08,0.0,0.0,5.323203194321207,89.32122751202955,MAP2K3;JUN;CSNK2A1;NFATC3;PIK3R3;NFATC2;FOS;RASGRP1;MAPK12;MAPK13;PPP3CA;ZAP70;PPP3CB;PPP3R1;PPP3CC;LCK;PRKCQ;PTPN6;LAT,0.21348314606741572
5,985,Alcoholism,29/186,9.828950438159667e-08,Substance dependence,KEGG_2021_Human,3.5505459732559154e-08,0.0,0.0,3.6436452309250327,62.50155761745253,SHC4;SHC3;CALML5;CALML6;GNAI3;CALML3;CALML4;GNAI1;CAMKK2;GNAI2;PPP1CB;GNG10;GNG2;NPY;PRKACB;NTRK2;GNG12;GNG11;GRIN2B;PPP1CA;GNAO1;CREB1;CAMK4;GNB1;GNAS;GNB4;GNB3;GNB5;CALM1,0.15591397849462366
5,985,Salivary secretion,20/93,5.667027223244866e-08,Digestive system,KEGG_2021_Human,2.0221550884706352e-08,0.0,0.0,5.377812477819576,95.27610578688572,GUCY1A2;GUCY1B1;CALML5;CALML6;PRKCB;ITPR1;ATP1A3;ITPR2;CALML3;PRKCA;ITPR3;CALML4;ADRB2;RYR3;SLC9A1;GNAS;PRKG2;CALM1;PRKACB;PRKG1,0.21505376344086022
5,985,Melanogenesis,21/101,4.808244310113231e-08,Endocrine system,KEGG_2021_Human,1.6945354396874823e-08,0.0,0.0,5.156055497925311,92.25870407765204,CAMK2B;CAMK2D;CALML5;CALML6;PRKCB;CAMK2A;GNAI3;CALML3;PRKCA;CALML4;GNAI1;GNAI2;GNAO1;KITLG;EDNRB;CREB1;KIT;GNAS;CALM1;PRKACB;CAMK2G,0.2079207920792079
5,985,Inositol phosphate metabolism,18/73,3.015958979868777e-08,Carbohydrate metabolism,KEGG_2021_Human,1.049606869645962e-08,0.0,0.0,6.416846855316349,117.89201127371317,INPP1;INPPL1;PIK3C2G;SYNJ2;PIK3C2A;PIK3C2B;ITPKB;SYNJ1;PIP5KL1;INPP5D;ITPKA;PLCG2;PIP4K2A;PIP5K1A;PIP4K2B;PIP5K1B;PIP4K2C;PIP5K1C,0.2465753424657534
5,985,Regulation of lipolysis in adipocytes,16/55,1.499961786230759e-08,Endocrine system,KEGG_2021_Human,5.154053714801727e-09,0.0,0.0,8.03408218888095,153.318265270804,IRS1;INSR;PDE3B;GNAI3;PIK3R3;ADRB2;GNAI1;TSHR;GNAI2;NPY;NPPA;GNAS;PRKG2;PRKACB;PRKG1;MGLL,0.2909090909090909
5,985,Chagas disease,19/102,1.214337232132007e-06,Infectious disease: parasitic,KEGG_2021_Human,4.975037999483553e-07,0.0,0.0,4.486367831574746,65.11362919669703,JUN;GNAI3;PIK3R3;FOS;GNAI1;MAPK12;GNAI2;MAPK13;GNAO1;PPP2CA;GNA14;PPP2CB;GNA15;PPP2R1B;PPP2R2C;PPP2R1A;PPP2R2B;GNA11;GNAS,0.18627450980392157
5,985,Synaptic vesicle cycle,19/78,1.499961786230759e-08,Nervous system,KEGG_2021_Human,5.112695193071799e-09,0.0,0.0,6.319331859493982,120.64577151352908,ATP6V0B;CLTC;CLTB;CLTA;CACNA1A;AP2A1;AP2B1;SLC6A1;AP2A2;DNM1;DNM2;DNM3;CLTCL1;ATP6V1B2;AP2S1;ATP6V0D1;ATP6V0C;AP2M1;ATP6V0A1,0.24358974358974358
5,985,Hippo signaling pathway,29/163,4.899076559902611e-09,Signal transduction,KEGG_2021_Human,1.6186573987877015e-09,0.0,0.0,4.274253731343284,86.51802838632547,YWHAB;PRKCZ;AREG;ACTB;ACTG1;SAV1;PPP1CB;PPP2CA;PPP2CB;RASSF1;PAK1;PARD6B;PARD6A;PPP2R1B;YWHAQ;PPP2R1A;CTNNA1;CTNNA3;CTNNA2;YWHAG;YWHAH;APC2;PRKCI;YWHAZ;PPP1CA;PPP2R2C;PPP2R2B;PARD3;LLGL1,0.17791411042944785
5,985,Osteoclast differentiation,26/127,1.5040113194442022e-09,Development and regeneration,KEGG_2021_Human,4.902944389377575e-10,0.0,0.0,5.077112090771121,108.83305098267414,SPI1;NCF1;SIRPG;PIK3R3;PPP3CA;PPP3R1;PPP3CB;SOCS1;PPP3CC;PLCG2;BLNK;SIRPA;FYN;JUN;JUND;SYK;NFATC2;FOS;MAPK12;MAPK13;CREB1;TEC;LCK;CAMK4;BTK;LCP2,0.2047244094488189
5,985,Glioma,20/75,1.1033872959423975e-09,Cancer: specific types,KEGG_2021_Human,3.5483380001671807e-10,0.0,0.0,7.14460668864814,155.462151910188,PDGFRB;CAMK2B;SHC4;PDGFRA;CAMK2D;SHC3;CALML5;CALML6;PRKCB;CAMK2A;PDGFA;PIK3R3;CALML3;PRKCA;CALML4;IGF1R;CAMK4;PLCG2;CALM1;CAMK2G,0.26666666666666666
5,985,Natural killer cell mediated cytotoxicity,27/131,6.11989263571611e-10,Immune system,KEGG_2021_Human,1.9411113205795592e-10,0.0,0.0,5.124829372089288,114.6044594784411,SHC4;SHC3;PIK3R3;PPP3CA;PPP3R1;PPP3CB;PAK1;PPP3CC;PLCG2;RAC2;RAC3;PTK2B;FYN;VAV3;FCER1G;SYK;PRKCB;NFATC2;PRKCA;VAV1;VAV2;NCR2;ZAP70;LCK;LCP2;PTPN6;LAT,0.20610687022900764
5,985,Endocrine and other factor-regulated calcium reabsorption,18/53,1.0036002857000792e-10,Excretory system,KEGG_2021_Human,3.139014109458398e-11,0.0,0.0,10.094253213177725,244.1247419044672,PRKCB;CLTC;CLTB;CLTA;ATP1A3;AP2A1;PRKCA;KLK2;AP2B1;AP2A2;DNM1;DNM2;DNM3;CLTCL1;AP2S1;GNAS;PRKACB;AP2M1,0.33962264150943394
5,985,VEGF signaling pathway,19/59,8.398228740919309e-11,Signal transduction,KEGG_2021_Human,2.589762166803312e-11,0.0,0.0,9.330357142857142,227.44490292839563,PRKCB;SH2D2A;PXN;PIK3R3;NFATC2;PRKCA;MAPK12;PTK2;MAPK13;CDC42;PPP3CA;PPP3CB;PPP3R1;PPP3CC;MAPKAPK3;MAPKAPK2;RAC2;PLCG2;RAC3,0.3220338983050847
5,985,AMPK signaling pathway,27/120,7.548084776768483e-11,Signal transduction,KEGG_2021_Human,2.294351760339319e-11,0.0,0.0,5.734325543807664,140.47942503767246,PRKAA2;CAB39;IRS1;CAB39L;PRKAG1;PIK3R3;PRKAG2;FOXO3;FOXO1;IGF1R;CAMKK2;PPP2CA;PPP2CB;EEF2K;PPP2R1B;PPP2R1A;EIF4EBP1;PRKAB2;INSR;PPP2R5D;PPP2R3A;PRKAB1;RAB10;TBC1D1;CREB1;PPP2R2C;PPP2R2B,0.225
5,985,Kaposi sarcoma-associated herpesvirus infection,35/193,6.414476380237733e-11,Infectious disease: viral,KEGG_2021_Human,1.9215171535513914e-11,0.0,0.0,4.397035309793471,108.49825756264492,CALML5;CALML6;ITPR1;PIK3R3;ITPR2;CALML3;ITPR3;CALML4;PREX1;PPP3CA;GNG10;PPP3R1;PPP3CB;PPP3CC;GNG2;PLCG2;LYN;JUN;SYK;NFATC3;NFATC2;FOS;GNG12;GNG11;MAPK12;NFATC4;MAPK13;HCK;CREB1;MAPKAPK2;GNB1;GNB4;GNB3;GNB5;CALM1,0.18134715025906736
5,985,Insulin resistance,26/108,3.5507443273552984e-11,Endocrine and metabolic disease,KEGG_2021_Human,1.0480170481621366e-11,0.0,0.0,6.259798062005646,158.25731112047555,PRKAA2;IRS1;PRKAG1;PIK3R3;PRKAG2;PRKCZ;FOXO1;PTPRF;PPP1CB;PTPA;RPS6KA3;RPS6KA6;RPS6KA2;RPS6KA1;PTPN1;PRKAB2;PRKCB;PRKCE;INSR;PRKCD;PRKAB1;PPP1CA;CREB1;TBC1D4;PPP1R3D;PRKCQ,0.24074074074074073
5,985,Fc epsilon RI signaling pathway,21/68,1.997617267357297e-11,Immune system,KEGG_2021_Human,5.808050204651173e-12,0.0,0.0,8.791559989405844,227.45327244547843,MAP2K3;VAV3;LYN;FCER1G;SYK;PIK3R3;PRKCA;VAV1;MAPK12;VAV2;MAPK13;INPP5D;RAC2;BTK;PLCG2;FCER1A;RAC3;LCP2;FYN;MS4A2;LAT,0.3088235294117647
5,985,Relaxin signaling pathway,29/129,1.4948966808149305e-11,Endocrine system,KEGG_2021_Human,4.2805411565185234e-12,0.0,0.0,5.7378138075313805,150.19841738685724,SHC4;SHC3;GNAI3;PIK3R3;ARRB1;ARRB2;PRKCZ;GNAI1;GNAI2;GNG10;GNA15;EDNRB;GNG2;PRKACB;JUN;MMP2;PRKCA;FOS;GNG12;GNG11;MAPK12;MAPK13;GNAO1;CREB1;GNB1;GNAS;GNB4;GNB3;GNB5,0.2248062015503876
5,985,Gap junction,24/88,1.2889211469716977e-11,Cellular community - eukaryotes,KEGG_2021_Human,3.633962705118443e-12,0.0,0.0,7.395031217481789,194.7902796280992,PDGFRB;MAP3K2;GUCY1A2;PDGFRA;GUCY1B1;PRKCB;GNAI3;ITPR1;LPAR1;ITPR2;PDGFA;PRKCA;ITPR3;GNAI1;GNAI2;MAPK7;GNA11;PDGFD;PDGFC;GNAS;PRKG2;PRKACB;PRKG1;MAP2K5,0.2727272727272727
5,985,"Growth hormone synthesis, secretion and action",28/119,1.107266066672919e-11,Endocrine system,KEGG_2021_Human,3.07302917182352e-12,0.0,0.0,6.084398360260429,161.28740593195795,SHC4;SHC3;IRS1;CSH1;ITPR1;GNAI3;ITPR2;PIK3R3;CACNA1D;ITPR3;CACNA1C;GNAI1;GNAI2;SOCS2;GHR;SOCS1;GNA11;PLCG2;PRKACB;MAP2K3;PRKCB;PRKCA;FOS;PTK2;MAPK12;MAPK13;CREB1;GNAS,0.23529411764705882
5,985,ErbB signaling pathway,24/85,5.819284830227595e-12,Signal transduction,KEGG_2021_Human,1.5894081915159069e-12,0.0,0.0,7.759949506149673,210.81966495474543,CAMK2B;SHC4;CAMK2D;JUN;SHC3;PRKCB;CAMK2A;PIK3R3;CBLB;PRKCA;AREG;PTK2;PAK1;NCK2;EIF4EBP1;PLCG2;ABL2;PAK6;PAK3;CAMK2G;PAK2;PAK5;NCK1;PAK4,0.2823529411764706
5,985,Lipid and atherosclerosis,34/215,4.899076559902611e-09,Cardiovascular disease,KEGG_2021_Human,1.6402194649894203e-09,0.0,0.0,3.720166617285672,75.25315152334996,CAMK2B;CAMK2D;CALML5;NCF1;CALML6;CAMK2A;ITPR1;PIK3R3;CALML3;CALML4;RAP1B;CDC42;PPP3CA;PPP3R1;PPP3CB;PPP3CC;RAP1A;CAMK2G;MAP3K5;LYN;VAV3;MAP2K3;JUN;HSP90AA1;NFATC3;NFATC2;PRKCA;FOS;PTK2;VAV1;MAPK12;VAV2;MAPK13;CALM1,0.15813953488372093
5,985,Signaling By BRAF And RAF1 Fusions R-HSA-6802952,29/62,9.96107395226924e-21,Disease,Reactome_2022,6.935561076756585e-22,0.0,0.0,17.44890325852669,850.1142326005835,CAMK2B;CAMK2D;YWHAB;FAM114A2;ITGA2B;CAMK2A;PEBP1;ARRB1;ARRB2;IQGAP1;RAP1B;KIAA1549;RAP1A;CSK;CAMK2G;MARK3;KSR1;AGTRAP;KSR2;SND1;QKI;APBB1IP;CNKSR2;CNKSR1;CLCN6;FAM131B;TLN1;CALM1;VCL,0.46774193548387094
5,985,Longevity regulating pathway,19/102,1.214337232132007e-06,Aging,KEGG_2021_Human,4.975037999483553e-07,0.0,0.0,4.486367831574746,65.11362919669703,PRKAB2;PRKAA2;IRS1;INSR;PRKAG1;PIK3R3;PRKAG2;FOXO3;PRKAB1;FOXO1;IGF1R;CAMKK2;CREB1;RB1CC1;CAMK4;EIF4EBP1;PRKACB;EIF4E;APPL1,0.18627450980392157
5,985,Arrhythmogenic right ventricular cardiomyopathy,16/77,2.040353746713568e-06,Cardiovascular disease,KEGG_2021_Human,8.538925371708765e-07,0.0,0.0,5.130589250367964,71.69208615873417,DSP;ACTN3;ACTN2;ITGA2B;CACNA1D;CACNA1C;ACTB;ACTG1;CACNB3;CDH2;CTNNA1;ITGAV;ITGA6;CTNNA3;CTNNA2;CACNG3,0.2077922077922078
5,985,RHOG GTPase Cycle R-HSA-9013408,31/74,2.2404523343320167e-20,Signal Transduction,Reactome_2022,1.6051676663730897e-21,0.0,0.0,14.336989907854322,686.4702558857219,CYFIP1;DOCK4;DOCK3;TRIO;ARHGEF26;GARRE1;ITSN1;ARHGAP1;ARHGAP5;IQGAP2;KALRN;ARHGAP35;CDC42;PREX1;ARHGDIA;MCF2L;PAK4;VAV3;ARHGEF16;RHOG;ERBIN;VAV1;VAV2;KTN1;ELMO2;PKN2;DOCK2;DOCK1;ARHGEF5;MAP3K11;EPHA2,0.4189189189189189
5,985,RHO GTPases Activate PAKs R-HSA-5627123,18/21,3.978893418840139e-20,Signal Transduction,Reactome_2022,2.8908206473914225e-21,0.0,0.0,117.96483971044468,5578.881263881068,PPP1R12A;LIMK1;MYLK;CDC42;PPP1CB;MYL6;CTTN;FLNA;MYH14;MYH9;MYH11;PKN2;PKN1;ARHGEF7;CALM1;PPP1R12B;MYH10;MYL9,0.8571428571428571
5,985,EPHB-mediated Forward Signaling R-HSA-3928662,22/34,5.76456527849601e-20,Developmental Biology,Reactome_2022,4.246349801515728e-21,0.0,0.0,36.17739702319142,1697.0175594016816,ACTR3;LYN;ACTR2;YES1;ARHGEF28;ARPC1B;LIMK2;ARPC1A;ITSN1;LIMK1;WASL;ARPC5;KALRN;GRIN2B;PTK2;ACTG1;CDC42;TIAM1;ARPC2;ARPC3;FYN;PKN1,0.6470588235294118
5,985,Negative Regulation Of PI3K/AKT Network R-HSA-199418,37/113,6.816764745987655e-20,Signal Transduction,Reactome_2022,5.090217872886846e-21,0.0,0.0,9.726057628247837,454.46916721300624,PHLPP2;PHLPP1;IRS1;FLT3;PDGFA;PIK3R3;AREG;PPP2CA;PPP2CB;PPP2R1B;PPP2R1A;CD19;RAC2;PIP4K2A;PIP5K1A;THEM4;PIP4K2B;PIP5K1B;FYN;PIP4K2C;PIP5K1C;ICOS;PDGFRB;PDGFRA;TRAT1;INSR;RHOG;FLT3LG;PPP2R5D;VAV1;KITLG;LCK;KIT;STRN;FGF13;PIK3AP1;FGFR3,0.3274336283185841
5,985,Death Receptor Signaling R-HSA-73887,40/139,3.559930236186056e-19,Signal Transduction,Reactome_2022,2.6941954360641187e-20,0.0,0.0,8.087648976537865,364.4343335851641,BEX3;TRIO;PRDM4;ARHGEF26;MAGED1;RASGRF2;ITSN1;KALRN;FGD1;GNA13;PREX1;ABR;AKAP13;ARHGDIA;MCF2L;VAV3;NGFR;ARHGEF10;LINGO1;PRKCI;PLEKHG2;ARHGEF15;ARHGEF17;ARHGEF16;ARHGEF18;NGF;VAV1;VAV2;TIAM2;TIAM1;MAG;ARHGEF9;OBSCN;ARHGEF3;ARHGEF4;ARHGEF2;ARHGEF7;NGEF;ARHGEF5;ARHGEF6,0.28776978417266186
5,985,GABA Receptor Activation R-HSA-977443,27/59,4.8773500065886725e-19,Neuronal System,Reactome_2022,3.740450055506954e-20,0.0,0.0,16.71910882045929,747.8874670971842,GABRB3;GABRB2;GABRB1;GNAI3;GNAI1;GNAI2;GABRR2;GABRR1;GNG10;GNG2;NPTN;GABRA2;GABRQ;GABRA1;GABRA6;GABRA5;GABRA4;GABRA3;GNG12;GABRG3;GNG11;GABRG2;ARHGEF9;GNB1;GNB4;GNB3;GNB5,0.4576271186440678
5,985,FCERI Mediated Ca+2 Mobilization R-HSA-2871809,20/29,4.940018966697105e-19,Immune System,Reactome_2022,3.83835984294326e-20,0.0,0.0,43.76741508347726,1956.6948011667496,LYN;VAV3;ITK;AHCYL1;SYK;ITPR1;NFATC3;ITPR2;NFATC2;ITPR3;VAV1;VAV2;PPP3CA;PPP3CB;PPP3R1;TEC;PLCG2;BTK;LCP2;CALM1,0.6896551724137931
5,985,Cell-Cell Communication R-HSA-1500931,37/120,6.650925519986004e-19,Cell-Cell communication,Reactome_2022,5.234835424408762e-20,0.0,0.0,8.902496060190128,395.2384774399831,SIRPG;ILK;IQGAP1;WASL;CDH5;PARD6B;PARD6A;CDH2;NCK2;CTNNA1;SIRPA;FLNA;PTK2B;FYN;FLNC;SPTAN1;SPTBN1;NCK1;VASP;KIRREL1;PRKCI;ACTN3;ACTN2;ACTN1;MAGI2;CASK;ACTN4;PTK2;CD2AP;AFDN;NPHS1;PARD3;ITGA6;PTPN6;CD47;SKAP2;ARHGEF6,0.30833333333333335
5,985,Paradoxical Activation Of RAF Signaling By Kinase Inactive BRAF R-HSA-6802955,23/41,7.059483934169606e-19,Disease,Reactome_2022,5.680497500247384e-20,0.0,0.0,25.232790482790485,1118.1826078772506,CAMK2B;CAMK2D;KSR1;YWHAB;CAMK2A;ITGA2B;PEBP1;ARRB1;ARRB2;IQGAP1;KSR2;RAP1B;APBB1IP;CNKSR2;CNKSR1;RAP1A;CSK;CALM1;TLN1;CAMK2G;MARK3;MAP3K11;VCL,0.5609756097560976
5,985,CaM Pathway R-HSA-111997,21/33,7.059483934169606e-19,Signal Transduction,Reactome_2022,5.698877040702002e-20,0.0,0.0,34.497147302904565,1528.6180215670167,CAMK2B;CAMK2D;PDE1C;PDE1B;PDE1A;CAMK2A;PRKCD;PRKX;PRKCA;CAMKK2;GRK2;CREB1;NBEA;PRKAR1B;PRKAR2B;PRKAR1A;PRKAR2A;CAMK4;CALM1;CAMK2G;PRKACB,0.6363636363636364
5,985,MAPK Targets/ Nuclear Events Mediated By MAP Kinases R-HSA-450282,20/30,1.334936503210485e-18,Immune System,Reactome_2022,1.0986192113608652e-19,0.0,0.0,39.38860103626943,1719.5118454608844,MEF2A;JUN;MEF2C;DUSP3;PPP2R5D;FOS;VRK3;DUSP6;DUSP7;PPP2CA;PPP2CB;RPS6KA3;MAPK7;RPS6KA5;CREB1;PPP2R1B;PPP2R1A;RPS6KA2;RPS6KA1;MAPKAPK2,0.6666666666666666
5,985,Translocation Of SLC2A4 (GLUT4) To Plasma Membrane R-HSA-1445148,25/51,1.334936503210485e-18,Vesicle-mediated transport,Reactome_2022,1.104589235754387e-19,0.0,0.0,19.01943108974359,830.1913815690822,RALA;PRKAA2;STXBP3;YWHAB;SNAP23;PRKAG1;PRKAG2;YWHAQ;STX4;YWHAG;YWHAH;PRKAB2;RAB4A;EXOC7;MYO5A;LNPEP;PRKAB1;YWHAZ;RAB10;TBC1D1;TBC1D4;MYH9;CALM1;EXOC2;RHOQ,0.49019607843137253
5,985,Infectious Disease R-HSA-5663205,116/961,1.648432769640252e-18,Disease,Reactome_2022,1.3806248222012203e-19,0.0,0.0,2.870360408821947,124.64993764612151,CYFIP2;SH3GL3;CYFIP1;NCKAP1;AHCYL1;WIPF1;IRS1;WIPF2;WIPF3;ACTG1;PRKACB;AP2M1;SH3GL2;SH3GL1;MAP2K3;PRKCA;PRKAR1B;PRKAR1A;HGS;BTK;ELMO1;ELMO2;STAM2;GNAZ;ITPR1;ITPR2;ITPR3;ADRB2;NCKIPSD;CD79B;CD79A;GNG10;PRKAR2B;PRKAR2A;PLCG2;NCKAP1L;LYN;JUN;YES1;SYT2;MYO5A;ARPC5;STAM;GNG12;GNG11;PTK2;ARPC2;ARPC3;NOXA1;GNB1;GNAS;GNB4;GNB3;GNB5;CALM1;RAB5A;YWHAB;SH3KBP1;ARPC1B;ARPC1A;CLTC;CLTA;AP2A1;WASL;AP2A2;DUSP16;YWHAQ;BLNK;YWHAG;NCK1;YWHAH;ACTR3;VAV3;ACTR2;HSP90AA1;PDCD6IP;SYK;YWHAZ;VAV1;VAV2;FGR;HCK;MYH2;CREB1;LCK;MYH9;DOCK2;DOCK1;GNAI3;WAS;NOXO1;CXCR4;ATP1A3;PRKX;GNAI1;GNAI2;CDC42;GNG2;AP2S1;LRIG1;S1PR1;FYN;WASF1;EPS15;WASF2;WASF3;BRD4;MYO10;MYO9B;AP2B1;BAIAP2;TSHR;ABI2;ABI1;PKN2;PTPN6,0.12070759625390219
5,985,Ephrin Signaling R-HSA-3928664,16/18,1.7516344603981353e-18,Developmental Biology,Reactome_2022,1.4847355668359573e-19,0.0,0.0,156.97007223942208,6805.261688010436,EPHB6;MYL12A;EFNB2;EFNB1;SDCBP;EFNB3;NCK2;FYN;PKN2;PKN1;ARHGEF7;EPHB2;EPHB1;EPHB4;GIT1;EPHB3,0.8888888888888888
5,985,Vibrio cholerae infection,13/50,1.4512103439324091e-06,Infectious disease: bacterial,KEGG_2021_Human,6.009417283244338e-07,0.0,0.0,6.860026693360027,98.26828992991275,ARF1;ATP6V0B;PRKCA;ACTB;ACTG1;ATP6V1B2;PLCG2;GNAS;ATP6V0D1;PRKACB;ATP6V0C;ATP6V0A1;TJP2,0.26
5,985,Effects Of PIP2 Hydrolysis R-HSA-114508,19/27,2.152219384979417e-18,Hemostasis,Reactome_2022,1.846000481566604e-19,0.0,0.0,46.73046066252588,2015.7696078197555,DGKG;DAGLA;DGKD;PRKCH;TRPC6;TRPC3;DGKA;PRKCE;PRKCD;ITPR1;ITPR2;ABHD6;ITPR3;RASGRP2;RASGRP1;DGKZ;PRKCQ;DAGLB;MGLL,0.7037037037037037
5,985,Ca-dependent Events R-HSA-111996,21/35,3.8629952300873795e-18,Signal Transduction,Reactome_2022,3.3913278003794355e-19,0.0,0.0,29.565871369294605,1257.3742802920076,CAMK2B;CAMK2D;PDE1C;PDE1B;PDE1A;CAMK2A;PRKCD;PRKX;PRKCA;CAMKK2;GRK2;CREB1;NBEA;PRKAR1B;PRKAR2B;PRKAR1A;PRKAR2A;CAMK4;CALM1;CAMK2G;PRKACB,0.6
5,985,"PI5P, PP2A And IER3 Regulate PI3K/AKT Signaling R-HSA-6811558",34/106,4.7362266726307256e-18,Signal Transduction,Reactome_2022,4.205731051377434e-19,0.0,0.0,9.40620983759785,398.00183997603176,IRS1;FLT3;PDGFA;PIK3R3;AREG;PPP2CA;PPP2CB;PPP2R1B;PPP2R1A;CD19;RAC2;PIP4K2A;PIP5K1A;PIP4K2B;PIP5K1B;FYN;PIP4K2C;PIP5K1C;ICOS;PDGFRB;PDGFRA;TRAT1;INSR;RHOG;FLT3LG;PPP2R5D;VAV1;KITLG;LCK;KIT;STRN;FGF13;PIK3AP1;FGFR3,0.32075471698113206
5,985,Adaptive Immune System R-HSA-1280218,96/733,1.1933040943030141e-17,Immune System,Reactome_2022,1.071685816276168e-18,0.0,0.0,3.1155038116310814,128.91113192710878,PRR5;ITK;AHCYL1;NCF1;SH3KBP1;YWHAB;CLTC;SNAP23;CLTA;ICAM3;CBLB;AP2A1;PTPRJ;AP2A2;PPP3CA;PPP3CB;PPP2R1B;PPP2R1A;BLNK;MAP3K8;ITGAV;PRKACB;AP2M1;PRKG1;SH3GL2;NCK1;SYK;PRKCB;TRPC1;PRKCA;PPP2R5D;YWHAZ;VAV1;DNM1;RNF41;DNM2;ENAH;DNM3;NCR2;ZAP70;LCK;BTK;ORAI1;PRKCQ;EVL;LCP2;ARHGEF7;RAPGEF4;BLK;ITPR1;WAS;ITPR2;PIK3R3;DAPP1;ITPR3;RASGRP2;RASGRP1;RAP1GAP;MALT1;RAP1B;CDC42;CD79B;PPP2CA;CD79A;PPP2CB;PPP3R1;RAP1A;SOCS1;CD19;INPP5D;PLCG2;AP2S1;CD300LB;THEM4;STX4;CSK;FYN;ICOS;PAG1;SPTBN2;LYN;VASP;YES1;TRAT1;ZBTB16;NFATC3;NFATC2;LNPEP;AP2B1;PKN2;PTPN6;PKN1;PIK3AP1;CALM1;CD22;SIPA1,0.13096862210095497
5,985,Platelet Homeostasis R-HSA-418346,30/83,1.20326341481828e-17,Hemostasis,Reactome_2022,1.092772021530224e-18,0.0,0.0,11.238960782376768,464.8188503431582,GUCY1B1;PDE1B;PDE1A;ITPR1;ITPR2;ITPR3;PPP2CA;PPP2CB;GNG10;GNG2;PPP2R1B;PPP2R1A;PRKG2;PRKG1;GUCY1A2;TRPC6;TRPC3;PPP2R5D;GNG12;GNG11;FGR;GNB1;GNAS;GNB4;ORAI1;GNB3;PDE5A;PTPN6;GNB5;CALM1,0.3614457831325301
5,985,Cytokine Signaling In Immune System R-HSA-1280215,93/702,1.9693358802566164e-17,Immune System,Reactome_2022,1.8083709899430082e-18,0.0,0.0,3.151085731957852,128.73478811183966,IRS1;FLT3;PITPNA;INPPL1;PTPRJ;SLA2;GHR;RPS6KA3;RPS6KA5;PPP2R1B;PPP2R1A;RPS6KA2;RPS6KA1;GRB10;BLNK;MAP3K8;MEF2A;MAP2K3;MEF2C;HSP90AA1;DUSP3;CISH;SYK;MMP2;PRKCD;FLT3LG;PRKCA;PPP2R5D;FOS;OPRM1;VRK3;PRLR;YWHAZ;DUSP6;VAV1;DUSP7;HCK;CREB1;MAPKAPK3;LCK;MAPKAPK2;IL3RA;RHOU;CAMK2B;CAMK2D;RALA;CSH1;STXBP2;CAMK2A;PIK3R3;TWIST1;CSF2RB;FOXO3;FOXO1;RAP1B;SOCS2;CDC42;PPP2CA;PPP2CB;SOCS1;MAPK7;INPP5D;S1PR1;FLNA;ABL2;PTK2B;FLNB;STX4;CSK;FYN;NCAM1;SOCS6;EIF4E;SH2B3;CAMK2G;SOCS5;SH2B1;LYN;PTPN1;PTPN18;JUN;YES1;MSN;PTPN12;PTPN13;TEC;PKN2;PTPN6;PTPN7;FGF13;EIF4G3;PTPN5;PTPN2,0.13247863247863248
5,985,RHOC GTPase Cycle R-HSA-9013106,28/73,2.643404545134856e-17,Signal Transduction,Reactome_2022,2.4540183466438623e-18,0.0,0.0,12.33391385115523,500.1254658046216,ARHGEF25;PKN3;ARHGEF28;ARHGAP1;IQGAP1;ARHGAP5;ARHGAP35;AKAP13;PREX1;STK10;ABR;ARHGDIA;MCF2L;FLOT1;FLOT2;ARHGEF10;ARHGEF17;ERBIN;MYO9B;RHOC;ARHGAP26;VAV2;DIAPH1;DAAM1;PKN2;PKN1;ARHGEF5;TJP2,0.3835616438356164
5,985,Glucagon-like Peptide-1 (GLP1) Regulates Insulin Secretion R-HSA-381676,22/42,2.907808870403548e-17,Metabolism,Reactome_2022,2.728821644273764e-18,0.0,0.0,21.69730010384216,877.4965698560388,ITPR1;ITPR2;ITPR3;PRKCA;AKAP5;IQGAP1;GNG12;GNG11;GNG10;GNG2;RAP1A;PRKAR1B;PRKAR2B;PRKAR1A;PRKAR2A;GNB1;GNAS;GNB4;GNB3;GNB5;PRKACB;RAPGEF4,0.5238095238095238
5,985,Signaling By RAF1 Mutants R-HSA-9656223,21/38,3.8512553271605207e-17,Disease,Reactome_2022,3.653057525258214e-18,0.0,0.0,24.34452038076641,977.4560387918292,CAMK2B;CAMK2D;KSR1;YWHAB;CAMK2A;ITGA2B;ARRB1;ARRB2;IQGAP1;KSR2;RAP1B;APBB1IP;CNKSR2;CNKSR1;RAP1A;CSK;CALM1;TLN1;CAMK2G;MARK3;VCL,0.5526315789473685
5,985,RHOQ GTPase Cycle R-HSA-9013406,25/59,9.642997317338063e-17,Signal Transduction,Reactome_2022,9.244043846085934e-18,0.0,0.0,14.538143382352942,570.2230882622027,ITSN1;SNAP23;ARHGAP1;WASL;IQGAP1;ARHGAP5;ARHGAP35;CDC42;PREX1;SRGAP2;GIT1;PAK4;GIT2;FNBP1;WWP2;CDC42BPB;ARHGAP26;ARHGEF9;OBSCN;CDC42EP4;TRIP10;PKN2;PKN1;ARHGEF7;RHOQ,0.423728813559322
5,985,MAP2K And MAPK Activation R-HSA-5674135,20/37,4.320039011298545e-16,Signal Transduction,Reactome_2022,4.184901564930983e-17,0.0,0.0,23.161231331911004,873.4670888609745,KSR1;YWHAB;ITGA2B;PEBP1;ARRB1;WDR83;ARRB2;IQGAP1;KSR2;IL17RD;RAP1B;APBB1IP;CNKSR2;CNKSR1;RAP1A;CSK;TLN1;MARK3;LAMTOR3;VCL,0.5405405405405406
5,985,Signaling By Interleukins R-HSA-449147,69/453,4.502148436013752e-16,Immune System,Reactome_2022,4.406744685099234e-17,0.0,0.0,3.654757437227074,137.64112664799003,IRS1;PITPNA;INPPL1;RPS6KA3;RPS6KA5;PPP2R1B;PPP2R1A;RPS6KA2;RPS6KA1;BLNK;MAP3K8;MEF2A;MAP2K3;MEF2C;HSP90AA1;DUSP3;CISH;SYK;MMP2;PRKCA;PPP2R5D;FOS;OPRM1;VRK3;YWHAZ;DUSP6;VAV1;DUSP7;HCK;CREB1;MAPKAPK3;LCK;MAPKAPK2;IL3RA;RHOU;RALA;STXBP2;PIK3R3;TWIST1;CSF2RB;FOXO3;FOXO1;RAP1B;SOCS2;CDC42;PPP2CA;PPP2CB;SOCS1;MAPK7;INPP5D;S1PR1;PTK2B;STX4;FYN;SOCS5;LYN;PTPN18;JUN;YES1;MSN;PTPN12;PTPN13;TEC;PKN2;PTPN6;PTPN7;FGF13;PTPN5;PTPN2,0.152317880794702
5,985,Signaling By SCF-KIT R-HSA-1433557,21/42,5.7227624134849085e-16,Signal Transduction,Reactome_2022,5.65924032816873e-17,0.0,0.0,19.703319502074688,737.1141259852411,LYN;GRB7;PTPRU;YES1;PIK3R3;PRKCA;VAV1;FER;KITLG;SOCS1;TEC;FES;LCK;KIT;GRB10;FYN;PTPN6;GRAP;SOCS6;SH2B3;SH2B2,0.5
5,985,Cushing syndrome,23/155,5.103539842998185e-06,Endocrine and metabolic disease,KEGG_2021_Human,2.1808077743208103e-06,0.0,0.0,3.4201867951867952,44.58492304955585,APC2;CAMK2B;USP8;CAMK2D;CAMK2A;ITPR1;GNAI3;ITPR2;CACNA1D;ITPR3;CACNA1C;CACNA1H;GNAI1;GNAI2;RAP1B;CACNA1I;RAP1A;CREB1;GNA11;GNAS;ORAI1;PRKACB;CAMK2G,0.14838709677419354
5,985,mTOR signaling pathway,23/154,4.602153751696522e-06,Signal transduction,KEGG_2021_Human,1.946285287061084e-06,0.0,0.0,3.446477599149355,45.319760422028224,PRR5;PRKAA2;CAB39;IRS1;PRKCB;CAB39L;INSR;PIK3R3;PRKCA;IGF1R;RPS6KA3;RPS6KA6;DEPTOR;RPS6KA2;RPS6KA1;RRAGD;GRB10;EIF4EBP1;ATP6V1B2;ULK2;SGK1;EIF4E;LAMTOR3,0.14935064935064934
5,985,Extra-nuclear Estrogen Signaling R-HSA-9009391,29/73,2.202984023472352e-18,Signal Transduction,Reactome_2022,1.911772210076915e-19,0.0,0.0,13.079093761886648,563.7231462932334,SRF;GNAI3;PIK3R3;ZDHHC7;ZDHHC21;FOXO3;AREG;PRKCZ;GNAI1;IGF1R;GNAI2;GNG10;GNG2;S1PR3;HSP90AA1;CAV2;MMP2;FOS;GNG12;GNG11;PTK2;UHMK1;CREB1;GNB1;GNB4;GNB3;STRN;GNB5;CALM1,0.3972602739726027
5,985,ERKs Are Inactivated R-HSA-202670,10/13,1.3164409967243652e-10,Immune System,Reactome_2022,2.0058788143832402e-11,0.0,0.0,64.9982905982906,1601.0608869539612,PPP2CA;PPP2CB;DUSP3;MAPK7;PPP2R1B;PPP2R1A;PPP2R5D;VRK3;DUSP6;DUSP7,0.7692307692307693
5,985,Phosphatidylinositol Biosynthetic Process (GO:0006661),20/98,1.2099731932918138e-06,cellular process,GO_Biological_Process_2023,5.147973018952638e-08,0.0,0.0,5.031752358177228,84.44325901846899,CISH;INPPL1;PIK3R3;SYNJ2;SLA2;PIK3C2A;PGF;SOCS2;ITPKB;SOCS1;SYNJ1;INPP5D;ITPKA;PLCG2;PIP5K1A;PIP5K1B;PIP5K1C;SOCS6;SOCS7;SOCS5,0.20408163265306123
5,985,"Unblocking Of NMDA Receptors, Glutamate Binding And Activation R-HSA-438066",12/21,2.4047620148974206e-10,Neuronal System,Reactome_2022,3.7127001844531313e-11,0.0,0.0,26.044535799931484,625.5031934655618,CAMK2B;GRIA1;GRIA2;CAMK2D;ACTN2;CAMK2A;NEFL;CALM1;GRIN2B;CAMK2G;GRIA3;LLGL1,0.5714285714285714
5,985,Positive Regulation Of Protein Phosphorylation (GO:0001934),53/377,2.3761586424434165e-10,biological regulation,GO_Biological_Process_2023,5.250746340491719e-12,0.0,0.0,3.280556217877391,85.20474136976715,DOCK7;PRKAG1;PRKAG2;ILK;PTPRJ;ARRB1;GHR;RB1CC1;FLOT1;NPTN;MAP3K5;MAP2K3;RALBP1;HSP90AA1;HGF;NGF;PGF;ALS2;LCP2;ARHGEF2;RALB;CAB39;AGAP2;PDGFA;PIK3R3;IQGAP1;EFNA5;STK4;RASGRP1;CAMKK2;SDCBP;PAK1;RELN;RAP1A;PDGFD;PDGFC;NTF3;PLCG2;PTK2B;PAK2;LYN;NTRK2;INSR;TNK2;LIMK2;NTRK3;IGF2;PTK2;TAOK2;SPRY2;TEK;CALM1;MAP3K12,0.14058355437665782
5,985,Actin Binding (GO:0003779),34/183,2.5935504399618807e-10,binding,GO_Molecular_Function_2023,1.860352636259577e-11,0.0,0.0,4.526806822913359,111.84684897038652,ARPC1A;CACNA1A;CXCR4;IQGAP2;EPS8;SCIN;RUSC1;MYO6;ABL2;FLNB;MYH10;SPTAN1;SPTBN1;SPTBN2;DBNL;GSN;PRKCE;RDX;MSN;MYO9B;ACTN4;SORBS1;PTK2;SSH1;PARVG;MAP1B;PFN4;MYH9;TLN2;EZR;PFN1;PFN3;VCL;CDK5R2,0.18579234972677597
5,985,Inhibitory Extracellular Ligand-Gated Monoatomic Ion Channel Activity (GO:0005237),10/13,2.7165330229075884e-10,transporter activity,GO_Molecular_Function_2023,2.0058788143832402e-11,0.0,0.0,64.9982905982906,1601.0608869539612,GABRA2;GLRA3;GABRA6;GABRA5;GABRA4;GABRA3;GABRE;GABRG3;GABRG2;GABRG1,0.7692307692307693
5,985,Positive Regulation Of Phosphatidylinositol 3-Kinase Signaling (GO:0014068),21/69,3.5517754340008125e-10,None,GO_Biological_Process_2023,7.965723268867259e-12,0.0,0.0,8.607948651452283,219.98364571890613,PDGFRB;PDGFRA;NTRK2;NCF1;FLT3;UNC5B;HGF;INSR;NTRK3;PDGFA;SEMA3E;PTK2;IGF1R;FGR;PDGFD;KIT;PDGFC;PLXNB1;PTPN6;TEK;PIK3AP1,0.30434782608695654
5,985,Calcium Channel Complex (GO:0034704),19/59,3.584776051943532e-10,protein-containing complex,GO_Cellular_Component_2023,2.589762166803312e-11,0.0,0.0,9.330357142857142,227.44490292839563,PDE4D;CACNA1A;CACNA1D;CACNA1C;CACNA1E;RYR3;CACNA1H;PTPA;CACNA1I;CACNB3;SCN11A;SCN8A;PDE4B;ORAI1;CALM1;SCN2A;CACNG3;SCN3A;SCN1A,0.3220338983050847
5,985,Regulation Of Insulin Receptor Signaling Pathway (GO:0046626),17/44,4.4107594179465137e-10,biological regulation,GO_Biological_Process_2023,1.0037678094931049e-11,0.0,0.0,12.350627486991124,312.77563078342365,GRB7;PTPN1;IRS1;PRKCB;PRKCD;IGF2;SORBS1;PRKCZ;SOCS1;GRB14;GRB10;PIP4K2A;PIP4K2B;PRKCQ;PIP4K2C;PTPN2;NCK1,0.38636363636363635
5,985,Endosome Membrane (GO:0010008),50/361,4.820644619361846e-10,cellular anatomical structure,GO_Cellular_Component_2023,3.665889444381632e-11,0.0,0.0,3.216121876988153,77.2813665662917,DAGLA;FLT3;CLTC;ARHGAP1;CLTA;WDR83;AP2A1;SLA2;AP2A2;RABGEF1;EPHB1;AP2M1;APPL1;EPHA4;USP8;ATP6V0B;APLP2;RHOD;RHOB;RUFY1;BACE1;RHOU;ATP6V0D1;ATP6V0C;LLGL1;ARF6;GRIA1;RAB5B;RAB5C;ABHD6;ADRB2;ABHD17C;SNX1;GGA3;RAP1A;AP2S1;PIP5K1C;ATP6V0A1;RAB4A;SLC31A2;SORT1;INSR;AP2B1;EHD2;CLCN6;EHD4;ABHD17B;ABHD17A;LAMTOR3;RAB5A,0.13850415512465375
5,985,Ephrin Receptor Binding (GO:0046875),12/21,4.888388576196623e-10,binding,GO_Molecular_Function_2023,3.7127001844531313e-11,0.0,0.0,26.044535799931484,625.5031934655618,LYN;EFNB2;PTPN1;EFNB1;EFNA3;EFNA2;EFNB3;CHN1;FYN;EFNA5;EFNA4;NCK1,0.5714285714285714
5,985,Nervous System Development (GO:0007399),57/433,5.344661793635067e-10,developmental process,GO_Biological_Process_2023,1.2339258758392306e-11,0.0,0.0,3.0448201348129125,76.48050818883907,NCKAP1;SH3GL3;PLXND1;CHD7;GRIK1;RPS6KA3;RPS6KA6;EDNRB;DPYSL4;CDH2;DPYSL5;NRTN;EPHB2;EPHB1;SH3GL2;SH3GL1;APC2;MEF2C;DBNL;APLP2;PPP2R5D;GFRA3;GFRA2;DNM3;SCN8A;EVL;DAGLB;MET;SHANK3;SHC3;LPAR1;CXCR4;ASCL1;EFNA5;KALRN;RELN;EFNB3;SCIN;FLRT3;PDGFC;NTF3;SPTBN1;GSN;CNTN6;ZBTB16;LIMK1;SEMA4F;L1CAM;ARHGAP26;FGF14;CDK5;ARTN;NF1;SCN2A;FGF13;FGF12;FGF11,0.13163972286374134
5,985,Actin Filament Organization (GO:0007015),30/144,6.146738240738038e-10,cellular process,GO_Biological_Process_2023,1.4393747199617435e-11,0.0,0.0,5.208321851749793,130.0217301726873,WIPF1;SH3KBP1;INPPL1;WAS;WASL;RND1;EPS8;CDC42;SCIN;MYO6;RAC2;RAC3;FLNA;GSN;TPM3;ACTN1;RHOG;DSTN;MYO5A;ARPC4;BAIAP2;CD2AP;ENAH;ACTA1;MYO1C;ABI2;ELMO1;ELMO2;EVL;ARHGEF2,0.20833333333333334
5,985,Receptor Internalization (GO:0031623),18/51,6.267273967948593e-10,localization,GO_Biological_Process_2023,1.4882708631012492e-11,0.0,0.0,10.707154272821285,266.9381473599613,RALA;FCER1G;RALB;SYK;CAV3;CLTC;ARRB1;ARRB2;ARR3;DNM1;DNM2;DNM3;GRK3;SNX1;GRK2;HGS;RAB5A;AP2M1,0.35294117647058826
5,985,Activation Of GTPase Activity (GO:0090630),25/102,7.105906288753597e-10,biological regulation,GO_Biological_Process_2023,1.7108547463028123e-11,0.0,0.0,6.404897186147186,158.78664303512082,USP6NL;ARHGEF26;DOCK7;RASGRF1;AGAP2;RASGRP1;RAP1GAP;NTF3;PIP5K1A;APC2;ARHGEF10;ARHGEF15;RALGAPA1;NTRK3;ARHGEF16;RHOG;BCR;TIAM2;TIAM1;TBC1D1;TBC1D4;NGEF;ARHGEF5;SIPA1;EPHA2,0.24509803921568626
5,985,Positive Regulation Of MAPK Cascade (GO:0043410),46/310,8.612090050176508e-10,biological regulation,GO_Biological_Process_2023,2.1018953288689367e-11,0.0,0.0,3.47946719592087,85.54477667983488,FLT3;LPAR1;PDGFA;PTPRJ;ARRB1;IQGAP1;ADRB2;ARRB2;PRKCZ;RASGRP1;IGF1R;GHR;RAP1A;PDGFD;PDGFC;NTF3;PLCG2;PTK2B;ALKAL2;ALKAL1;MAP2K5;MAP4K1;PDGFRB;PDGFRA;NTRK2;MEF2C;KSR1;CAV2;INSR;DENND2B;NTRK3;IGF2;PRKCA;OPRM1;MOS;DOK2;RIT2;TAOK3;DOK4;DOK6;KIT;TAOK2;SPRY2;TEK;FGFR3;MAP3K12,0.14838709677419354
5,985,Synaptic Vesicle Endocytosis (GO:0048488),16/40,8.843546652041747e-10,localization,GO_Biological_Process_2023,2.1875527668309072e-11,0.0,0.0,13.065703474372205,320.7062179600036,ITSN2;SH3GL3;SYT2;ITSN1;AP2B1;SYNJ2;DNM1;DNM2;DNM3;CDK5;SYNJ1;AP2S1;PIP5K1C;AP2M1;SH3GL2;SH3GL1,0.4
5,985,Regulation Of Protein Localization To Plasma Membrane (GO:1903076),22/80,9.586778395257382e-10,biological regulation,GO_Biological_Process_2023,2.4030183312650428e-11,0.0,0.0,7.46686002792996,182.5774992819127,PRKCI;PRKCH;PRKCE;CLTC;ARHGEF16;RHOG;ZDHHC7;AKAP5;SORBS1;ACTB;TMEM59;CDK5;NUMB;STX4;EPHB2;AP2M1;EPHA3;RHOQ;SPTBN1;APPL1;ARF6;EPHA2,0.275
5,985,Positive Regulation Of Kinase Activity (GO:0033674),25/104,1.0656690574873374e-09,biological regulation,GO_Biological_Process_2023,2.706349519344492e-11,0.0,0.0,6.242088607594937,151.88771424726067,FLT3;AGAP2;PRKAG1;PRKAG2;IQGAP1;IGF1R;RAP1A;RELN;PTK2B;EPHB4;MAP3K5;MAP2K3;PDGFRB;PDGFRA;NTRK2;INSR;NTRK3;PTK2;ALS2;LCP2;TEK;FGFR3;MET;EPHA2;MAP3K12,0.2403846153846154
5,985,Transmembrane Receptor Protein Tyrosine Kinase Activity (GO:0004714),17/50,1.3944124752281214e-09,catalytic activity,GO_Molecular_Function_2023,1.0884654342497996e-10,0.0,0.0,10.101865765088906,231.7477317199665,EPHB6;EPHA5;PDGFRB;PDGFRA;NTRK2;FLT3;INSR;NTRK3;IGF1R;KIT;TEK;MET;FGFR3;EPHB4;EPHA3;EPHB3;EPHA2,0.34
5,985,Rac Protein Signal Transduction (GO:0016601),11/17,1.433632422028697e-09,cellular process,GO_Biological_Process_2023,3.6881045157730336e-11,0.0,0.0,35.780116358658454,859.5573057945295,FARP2;EPS8;CYFIP1;NCKAP1;TIAM1;DBNL;GARRE1;RHOG;ELMO1;RAC3;WASF1,0.6470588235294118
5,985,Negative Regulation Of ERK1 And ERK2 Cascade (GO:0070373),17/48,1.9766756026171363e-09,biological regulation,GO_Biological_Process_2023,5.150309122914042e-11,0.0,0.0,10.754732071447616,254.77292716191116,LYN;EPHA4;PTPN1;PTPRR;DUSP3;RANBP9;DUSP6;SPRED3;SPRED2;RPS6KA6;SPRED1;DUSP10;SIRPA;SPRY2;EPHB2;EZR;PTPN2,0.3541666666666667
5,985,Extracellular Ligand-Gated Monoatomic Ion Channel Activity (GO:0005230),9/10,2.2601671720089823e-10,transporter activity,GO_Molecular_Function_2023,1.5735341070948613e-11,0.0,0.0,175.33401639344262,4361.45327936494,GABRA2;GABRA6;GABRA5;GABRA4;GABRA3;GABRE;GABRG3;GABRG2;GABRG1,0.9
5,985,Positive Regulation Of MAP Kinase Activity (GO:0043406),23/91,2.1269194370883304e-09,biological regulation,GO_Biological_Process_2023,5.611924636116968e-11,0.0,0.0,6.661688271982389,157.23944084949517,PDGFRB;MAP4K2;PTPN1;MEF2C;FLT3;INSR;NTRK3;PDGFA;RASGRP1;GHR;PAK1;TAOK3;PDGFD;KIT;NTF3;PDGFC;MAP3K13;MAP3K4;ARHGEF5;MAP2K5;MAP3K11;MAP3K5;MAP3K12,0.25274725274725274
5,985,Chemical Synaptic Transmission (GO:0007268),44/273,1.563476935665091e-10,cellular process,GO_Biological_Process_2023,3.403346891619262e-12,0.0,0.0,3.83585241009982,101.29052292353796,GABRB3;GRIA1;GABRB2;GRIA2;GABRB1;STXBP3;CNP;STXBP2;CACNA1A;GRIK1;GRIK2;SLC6A1;CACNA1E;RPS6KA3;GABRR2;SDCBP;GABRR1;GLRA3;RPS6KA2;RPS6KA1;GABRE;GABRD;GRIA3;GABRA2;GABRQ;GABRA1;SLC12A5;HOMER1;GABRA6;GABRA5;GABRA4;GABRA3;HTR3A;HTR3B;GABRG3;GRIN2B;GABRG2;GABRG1;CACNB3;RIT2;CDK5;AMPH;RAPSN;SCN2B,0.16117216117216118
5,985,Signaling Receptor Complex Adaptor Activity (GO:0030159),17/44,1.4868310678116618e-10,molecular adaptor activity,GO_Molecular_Function_2023,1.0037678094931049e-11,0.0,0.0,12.350627486991124,312.77563078342365,IRS1;TRAT1;MAGI2;SORBS1;MAPK8IP3;GNB1;BLNK;NCK2;GNB4;GNB3;GNB5;SH2B3;SHANK3;SH2B2;NCK1;SH2B1;SHANK1,0.38636363636363635
5,985,Guanyl Ribonucleotide Binding (GO:0032561),41/226,6.234138082404793e-12,binding,GO_Molecular_Function_2023,3.5510913127622244e-13,0.0,0.0,4.42069399908383,126.72516690508664,ARF1;RAB5B;RALA;RAB5C;RALB;AGAP2;GNAI3;GNAI1;RND1;RAP1B;CDC42;GNA14;GNA15;RAP1A;RRAS;GNA11;RAC2;ARFIP2;RAC3;PIP4K2B;RAB4A;RAB4B;INSR;RHOG;RAB27A;RRAS2;RHOC;RHOD;RHOB;DNM2;RAB10;RIT1;MRAS;RIT2;RRAGD;RHOU;PDE5A;RAB5A;ARHGEF5;RHOQ;ARF6,0.18141592920353983
5,985,Regulation Of Actin Filament Polymerization (GO:0030833),23/70,7.200223331113096e-12,cellular process,GO_Biological_Process_2023,1.282361675066317e-13,0.0,0.0,9.648869819082584,286.4257624427742,VASP;NCKAP1;PLEKHG2;PRKCE;PRKCD;BAIAP2;SSH1;HCK;FER;CTTN;BIN1;CDC42EP5;CDC42EP4;RASA1;NCK2;PTK2B;EVL;NCKAP1L;PFN1;PAK3;PFN3;NCK1;ARF6,0.32857142857142857
5,985,Receptor-Mediated Endocytosis (GO:0006898),30/122,8.176865752079987e-12,localization,GO_Biological_Process_2023,1.483270502521106e-13,0.0,0.0,6.46130207147735,190.86270702453425,RALA;RALB;CLTC;CLTB;CLTA;AP2A1;ADRB2;ARRB2;FNBP1L;AP2A2;GRK3;SNX1;GRK2;CLTCL1;AP2S1;PIP5K1C;WASF1;EPS15;AP2M1;FCER1G;SYK;CAV2;INSR;MAGI2;AP2B1;DNM1;DNM2;DNM3;CTTN;HGS,0.2459016393442623
5,985,Insulin Receptor Signaling Pathway (GO:0008286),19/47,1.2281028363136687e-11,cellular process,GO_Biological_Process_2023,2.2682638137719478e-13,0.0,0.0,13.33751109139308,388.3161871835559,GRB7;IRS1;STXBP4;CAV2;INSR;IGF2;PIK3R3;SORBS1;PIK3C2A;BAIAP2;FOXO1;IGF1R;FER;GRB14;GRB10;SH2B2;PTPN2;RHOQ;APPL1,0.40425531914893614
5,985,Regulation Of Axonogenesis (GO:0050770),18/42,1.5291261741392513e-11,biological regulation,GO_Biological_Process_2023,2.874676514707696e-13,0.0,0.0,14.72931747673216,425.3483113498429,EPHA4;NTRK2;GDI1;PLXND1;ARHGAP35;TIAM2;TIAM1;PAK1;EFNB3;CDH2;CHN1;PLXNA2;PLXNA1;PLXNB1;PAK3;PAK2;PLXNA4;EPHB3,0.42857142857142855
5,985,Antigen Receptor-Mediated Signaling Pathway (GO:0050851),31/134,1.7993851127158e-11,cellular process,GO_Biological_Process_2023,3.4420955322399874e-13,0.0,0.0,5.966416315564511,171.22138589083897,BLK;ITK;PTPRJ;SLA2;MALT1;CD79B;CD79A;CD19;INPP5D;PLCG2;BLNK;PDE4B;NCKAP1L;CSK;FYN;SH2B2;VAV3;MEF2C;SYK;PRKCB;PDE4D;NFATC2;BMX;GNAO1;LAT2;ZAP70;TEC;LCK;BTK;IGHE;LCP2,0.23134328358208955
5,985,Transmembrane-Ephrin Receptor Activity (GO:0005005),11/14,2.105592443074896e-11,catalytic activity,GO_Molecular_Function_2023,1.2438098819851706e-12,0.0,0.0,71.57152635181383,1961.9789408096551,EPHA5;EPHB6;EPHA4;EPHA7;EFNB3;EPHA10;EPHB2;EFNA4;EPHB1;EPHA3;EPHB3,0.7857142857142857
5,985,Benzodiazepine Receptor Activity (GO:0008503),9/9,2.689969135641748e-11,molecular transducer activity,GO_Molecular_Function_2023,1.645761707460141e-12,0.0,0.0,171135.0,4643374.77331897,GABRA2;GABRA6;GABRA5;GABRA4;GABRA3;GABRE;GABRG3;GABRG2;GABRG1,1.0
5,985,Actin Filament (GO:0005884),22/71,2.770326837857016e-11,cellular anatomical structure,GO_Cellular_Component_2023,1.6853699393806944e-12,0.0,0.0,8.842520185644352,239.7121982876571,APC2;ACTN3;WIPF1;ACTN2;TPM3;ACTN1;WAS;MYO5A;MYO9B;IQGAP1;ACTG1;ACTA1;HCK;DIAPH1;PAK1;DIAPH2;CTTN;MYO6;RAC2;TEK;EZR;RHOQ,0.30985915492957744
5,985,Regulation Of Stress Fiber Assembly (GO:0051492),23/75,3.457523948441635e-11,biological regulation,GO_Biological_Process_2023,6.728031430015057e-13,0.0,0.0,8.718794978410363,244.3644883904653,ARHGEF10;ARHGEF15;PXN;LIMK1;ASAP3;LPAR1;WAS;ARHGEF18;ARAP1;RHOC;PPM1E;ACTG1;SLC9A1;CDC42;PAK1;EVL;CD47;RHPN2;PFN1;MET;PAK2;WASF2;ARHGEF5,0.30666666666666664
5,985,SH3 Domain Binding (GO:0017124),20/59,4.132471532279621e-11,binding,GO_Molecular_Function_2023,2.6154883115693802e-12,0.0,0.0,10.084230104955491,268.94208371575945,VASP;NCF1;WIPF1;WAS;CBLC;CBLB;AKAP5;PTPN12;CD2AP;DNM2;ENAH;RUFY1;ABI2;NOXA1;ELMO1;EVL;SHANK3;SOCS7;WASF2;SHANK1,0.3389830508474576
5,985,GTP Binding (GO:0005525),37/201,4.901546983053253e-11,binding,GO_Molecular_Function_2023,3.205653090182507e-12,0.0,0.0,4.486254759699496,118.73369075631082,ARF1;RALA;RALB;AGAP2;GNAI1;RND1;RAP1B;CDC42;GNA14;GNA15;RAP1A;RRAS;GNA11;RAC2;ARFIP2;RAC3;PIP4K2B;RAB4A;RAB4B;INSR;RHOG;RAB27A;RRAS2;RHOC;RHOD;RHOB;DNM2;RAB10;RIT1;MRAS;RIT2;RRAGD;RHOU;RAB5A;ARHGEF5;RHOQ;ARF6,0.18407960199004975
5,985,Regulation Of Cytoskeleton Organization (GO:0051493),28/114,5.0086967562866556e-11,biological regulation,GO_Biological_Process_2023,9.91166904278362e-13,0.0,0.0,6.439843503195548,177.99658829328544,RALA;PRKAA2;PDGFA;EFNA5;IQGAP2;ARHGAP35;CDC42;PAK1;CAPN2;RAC3;PAK3;PAK2;EPHA5;PDGFRB;SIGLEC15;PRKCD;RHOG;BAIAP2;PTK2;DIAPH1;HCK;CAPN10;TAOK2;PLXNB1;EZR;EPHA3;ARHGEF5;RHOQ,0.24561403508771928
5,985,Regulation Of Actin Filament-Based Process (GO:0032970),22/70,5.867663477631757e-11,biological regulation,GO_Biological_Process_2023,1.2192044824894482e-12,0.0,0.0,9.02721529941156,247.6419952795733,EPHA5;PDGFRB;RALA;SIGLEC15;PRKCD;RHOG;PDGFA;EFNA5;IQGAP2;BAIAP2;ARHGAP35;CDC42;HCK;PAK1;CAPN10;TAOK2;RAC3;EZR;PAK3;ARHGEF5;EPHA3;RHOQ,0.3142857142857143
5,985,Lamellipodium Assembly (GO:0030032),14/25,5.867663477631757e-11,cellular process,GO_Biological_Process_2023,1.2099916617898472e-12,0.0,0.0,24.90927815747589,683.5207468442732,CYFIP1;PTPRO;RHOD;ABLIM2;ABLIM3;KIT;SPATA13;S1PR1;ARFIP2;ARHGEF4;SRGAP3;ARHGEF7;VCL;ARHGEF6,0.56
5,985,Cellular Response To Insulin Stimulus (GO:0032869),26/99,5.867663477631757e-11,cellular process,GO_Biological_Process_2023,1.201075544877569e-12,0.0,0.0,7.034896510348965,193.09245827707315,GRB7;IRS1;STXBP4;PDE3B;PIK3R3;ZDHHC7;PIK3C2A;FOXO1;IGF1R;GRB14;GRB10;SH2B2;APPL1;PRKCI;CAV2;INSR;IGF2;MYO5A;SORBS1;BAIAP2;RAB10;FER;TBC1D4;CAPN10;RHOQ;PTPN2,0.26262626262626265
5,985,Positive Regulation Of Actin Filament Polymerization (GO:0030838),17/41,1.2081371041974908e-10,cellular process,GO_Biological_Process_2023,2.550157475878609e-12,0.0,0.0,13.8966511707989,370.9692409007251,VASP;NCKAP1;PRKCE;BAIAP2;HCK;FER;CTTN;BIN1;CDC42EP5;CDC42EP4;NCK2;PTK2B;NCKAP1L;EVL;PFN1;NCK1;ARF6,0.4146341463414634
5,985,Endocytic Vesicle Membrane (GO:0030666),32/159,1.2391013835105367e-10,cellular anatomical structure,GO_Cellular_Component_2023,8.009400577824763e-12,0.0,0.0,4.993894126298221,127.5960184122572,GRIA1;CAMK2B;GRIA2;CAMK2D;CLTC;SNAP23;CAMK2A;AP2A1;ADRB2;WASL;AP2A2;AREG;RAC2;AP2S1;STX4;CACNG3;CAMK2G;AP2M1;SH3GL2;GRIA3;ATP6V0A1;LYN;ATP6V0B;SYT2;AP2B1;SYT9;DNM2;GNAO1;PICK1;ATP6V0D1;RAB5A;ATP6V0C,0.20125786163522014
5,985,Postsynaptic Density (GO:0014069),31/151,1.4412961289070315e-10,cellular anatomical structure,GO_Cellular_Component_2023,9.864384152215424e-12,0.0,0.0,5.116570580013976,129.66459420715375,GRIA1;GRIA2;DAGLA;PTPRS;GRIK1;CACNA1C;GRIK2;AKAP5;KALRN;CDH2;PTK2B;FYN;SRGAP3;CACNG3;GRIA3;USP8;NTRK2;HOMER1;MAGI2;MAPK8IP2;GRIN2B;DNM3;ARHGEF9;GAP43;CDK5;SYT11;PICK1;STRN;SHANK3;SHANK1;CDK5R1,0.2052980132450331
5,985,Negative Regulation Of Intracellular Signal Transduction (GO:1902532),40/231,1.5121463283454335e-10,biological regulation,GO_Biological_Process_2023,3.2417385007405397e-12,0.0,0.0,4.171639103576276,110.36034269319148,DGKG;SPI1;PHLPP1;DGKD;PRKAA2;PDE3B;ITPR1;TWIST1;PEBP1;PTPRJ;ARRB2;SLA2;DUSP16;UACA;IGF1R;PPP2CA;SPRED3;SPRED2;SPRED1;DEPTOR;PPP2R1A;RPS6KA1;MARK3;SH2B3;LYN;MAP2K3;DUSP3;CAV3;PDE4D;MAGI2;DUSP8;DUSP9;DUSP6;CD2AP;DUSP7;MYO1C;PDE3A;NF1;CD22;EPHA2,0.17316017316017315
5,985,Dendrite Membrane (GO:0032590),13/28,2.1819138226668047e-09,cellular anatomical structure,GO_Cellular_Component_2023,1.7422125580229238e-10,0.0,0.0,16.941015089163237,380.67638372685,GRIA1;GABRA2;GABRA1;DAGLA;GABRA6;GABRA5;GABRA4;INSR;GABRA3;GABRG3;GABRG2;GABRG1;GABRE,0.4642857142857143
5,985,Regulation Of Ras Protein Signal Transduction (GO:0046578),21/76,2.3118841621498916e-09,biological regulation,GO_Biological_Process_2023,6.176207689120752e-11,0.0,0.0,7.5096190116937,176.53410801266534,GIT2;DENND1A;STARD8;ARHGEF28;RASGRF1;RDX;ARHGEF18;MYO9B;NGF;RASAL3;RASGRP1;RASGRP4;EPS8;BCR;ARHGDIA;SPRY2;SHOC2;ARHGEF2;EPHB2;GIT1;ARF6,0.27631578947368424
5,985,Protein Serine/Threonine Phosphatase Complex (GO:0008287),13/29,3.605057581750946e-09,protein-containing complex,GO_Cellular_Component_2023,3.0156375208563045e-10,0.0,0.0,15.88136574074074,348.1519298205725,PPP2R5D;PPP2R3A;PPP2CA;PTPA;PPP2CB;PPP3CA;PPP3CB;PPP3R1;PPP3CC;PPP2R1B;PPP2R2C;PPP2R1A;PPP2R2B,0.4482758620689655
5,985,Clathrin-Dependent Endocytosis (GO:0072583),12/27,5.006976126373539e-08,localization,GO_Biological_Process_2023,1.6678911238909219e-09,0.0,0.0,15.621788283658788,315.74298899334184,ITSN2;CLTC;ITSN1;MAGI2;CLTB;AP2S1;CLTA;PIP5K1C;AP2B1;FNBP1L;AP2A2;AP2M1,0.4444444444444444
5,985,Vesicle (GO:0031982),35/235,5.0530566444501336e-08,cellular anatomical structure,GO_Cellular_Component_2023,4.803285783697845e-09,0.0,0.0,3.465921052631579,66.38613266624223,ITSN2;CSH1;ITSN1;CLTC;ATP1A3;PIK3C2A;PRKCZ;ACTB;GNAI2;EPS8;SDCBP;SNX1;CFL1;PLCG2;FLOT2;SPTAN1;APPL1;RAB4A;PDCD6IP;APLP2;MYO5A;MSN;YWHAZ;CD2AP;MYL6;MYO1C;SYNJ1;ALS2;BIN1;SYT11;GNB1;ARHGEF2;EZR;CALM1;VCL,0.14893617021276595
5,985,MAP Kinase Kinase Kinase Activity (GO:0004709),10/19,5.5736029195449983e-08,catalytic activity,GO_Molecular_Function_2023,4.938635498331011e-09,0.0,0.0,21.659259259259255,414.2588210575648,MOS;TAOK2;MAP3K8;MAP3K9;MAP3K13;MAP3K6;MAP3K11;MAP3K4;MAP3K12;MAP3K5,0.5263157894736842
5,985,Positive Regulation Of Protein Kinase Activity (GO:0045860),27/145,6.162687780538507e-08,biological regulation,GO_Biological_Process_2023,2.093525202491643e-09,0.0,0.0,4.513454937900287,90.19876329729512,RALB;CAB39;CAB39L;AGAP2;PRKAG1;PRKAG2;ADRB2;IQGAP1;CAMKK2;PPP2CA;RAP1A;RELN;PTK2B;MAP3K5;MAP2K3;EPHA4;PTPN1;HSP90AA1;INSR;PRKCD;PTK2;ALS2;TAOK2;NOX4;LCP2;CALM1;MAP3K12,0.18620689655172415
5,985,Axon Development (GO:0061564),22/99,6.162687780538507e-08,cellular process,GO_Biological_Process_2023,2.076573229026624e-09,0.0,0.0,5.618750927162142,112.33314080070852,DCC;APLP2;DOCK7;L1CAM;BAIAP2;MAPK8IP3;ARHGAP35;RAB10;SHTN1;GAP43;PARD6B;CDK5;MAP1B;PARD3;TAOK2;SLITRK5;CTNNA2;EPHB2;PAK3;LLGL1;EPHB3;CDK5R1,0.2222222222222222
5,985,Cortical Cytoskeleton (GO:0030863),17/63,6.17931164698357e-08,cellular anatomical structure,GO_Cellular_Component_2023,6.1088252023411734e-09,0.0,0.0,7.242027488321955,136.97231398737273,GSN;ACTN3;ACTN2;EPB41;RDX;ACTN4;AKAP13;CDH2;CTTN;CAPN2;FLOT1;FLOT2;EZR;SPTAN1;LLGL1;SPTBN1;SPTBN2,0.2698412698412698
5,985,Asymmetric Synapse (GO:0032279),25/133,6.552290525686333e-08,cellular anatomical structure,GO_Cellular_Component_2023,6.726686091008783e-09,0.0,0.0,4.558979552469136,85.78715354886302,GRIA1;GRIA2;CACNA1C;AKAP5;KALRN;CDH2;PTK2B;FYN;SRGAP3;USP8;NTRK2;HOMER1;MAGI2;MAPK8IP2;GRIN2B;DNM3;ARHGEF9;GAP43;CDK5;SYT11;PICK1;STRN;SHANK3;SHANK1;CDK5R1,0.18796992481203006
5,985,Voltage-Gated Calcium Channel Complex (GO:0005891),15/49,6.700416334433405e-08,protein-containing complex,GO_Cellular_Component_2023,7.133523093693359e-09,0.0,0.0,8.632959369314737,161.94102820813777,PDE4D;CACNA1A;CACNA1D;CACNA1C;CACNA1E;CACNA1H;CACNA1I;CACNB3;SCN11A;SCN8A;PDE4B;SCN2A;CACNG3;SCN3A;SCN1A,0.30612244897959184
5,985,Plasma Membrane Bounded Cell Projection Assembly (GO:0120031),39/275,7.821971403485906e-08,cellular process,GO_Biological_Process_2023,2.68299810673659e-09,0.0,0.0,3.280453828788476,64.74412250056146,CYFIP1;PTPRO;ASAP1;FNBP1L;NTN1;FGD1;MYLK;FGD3;RAP1B;SDCBP;FGD5;RAP1A;ABLIM2;ABLIM3;S1PR1;ARFIP2;PIP5K1A;FLNA;SRGAP3;ACTR3;ACTR2;GSN;ACTN2;RHOD;CD2AP;DNM3;SHTN1;EHD2;EHD4;DNMBP;SPATA13;KIT;ARHGEF4;ATP6V0D1;EZR;ARHGEF7;VCL;ARF6;ARHGEF6,0.14181818181818182
5,985,Actin Polymerization Or Depolymerization (GO:0008154),16/53,8.149626513630136e-08,cellular process,GO_Biological_Process_2023,2.822265118506478e-09,0.0,0.0,8.469249435193708,166.72332415329453,GSN;WIPF1;WAS;DSTN;WASL;ENAH;PREX1;DIAPH1;DIAPH2;SCIN;ABI2;CFL2;CFL1;EVL;WASF1;WASF3,0.3018867924528302
5,985,Actin Nucleation (GO:0045010),11/23,8.76834482760298e-08,cellular process,GO_Biological_Process_2023,3.065450368489168e-09,0.0,0.0,17.884411362080765,350.5893917905498,ACTR3;SCIN;ARPC2;ARPC3;ARPC1B;ARPC1A;WIPF3;ARPC5L;ARPC4;ARPC5;IQGAP2,0.4782608695652174
5,985,Monoatomic Anion Transmembrane Transport (GO:0098656),16/54,1.0848589915859719e-07,localization,GO_Biological_Process_2023,3.828493143129914e-09,0.0,0.0,8.245939927217425,159.81286757122487,GABRB3;GABRA2;GABRB2;GABRA1;GABRB1;SLC12A5;GABRA6;GABRA5;GABRA4;GABRA3;SLC6A1;GABRG3;GABRG2;GABRG1;GLRA3;GABRE,0.2962962962962963
5,985,Cortical Actin Cytoskeleton (GO:0030864),14/44,1.1758464828310399e-07,cellular anatomical structure,GO_Cellular_Component_2023,1.2965607605361276e-08,0.0,0.0,9.124270511500171,165.70556246477673,GSN;ACTN3;ACTN2;RDX;ACTN4;AKAP13;CDH2;CAPN2;FLOT1;FLOT2;SPTAN1;SPTBN1;LLGL1;SPTBN2,0.3181818181818182
5,985,Protein Phosphatase Type 2A Complex (GO:0000159),9/16,1.2058282577916477e-07,protein-containing complex,GO_Cellular_Component_2023,1.3754694955798262e-08,0.0,0.0,25.039812646370024,453.26782446541824,PPP2CA;PTPA;PPP2CB;PPP2R1B;PPP2R2C;PPP2R1A;PPP2R2B;PPP2R5D;PPP2R3A,0.5625
5,985,Arp2/3 Complex-Mediated Actin Nucleation (GO:0034314),10/19,1.3864761880499653e-07,cellular process,GO_Biological_Process_2023,4.938635498331011e-09,0.0,0.0,21.659259259259255,414.2588210575648,ACTR3;ARPC2;ARPC3;ARPC1B;ARPC1A;WIPF3;ARPC5L;ARPC4;ARPC5;IQGAP2,0.5263157894736842
5,985,"3',5'-Cyclic-Nucleotide Phosphodiesterase Activity (GO:0004114)",9/16,1.5149390755674753e-07,catalytic activity,GO_Molecular_Function_2023,1.3754694955798262e-08,0.0,0.0,25.039812646370024,453.26782446541824,PDE1C;PDE1B;PDE4D;PDE3B;PDE4C;PDE3A;PDE4B;PDE4A;PDE5A,0.5625
5,985,1-Phosphatidylinositol-4-Phosphate 5-Kinase Activity (GO:0016308),6/6,1.5149390755674753e-07,catalytic activity,GO_Molecular_Function_2023,1.4062725595985004e-08,0.0,0.0,114090.0,2062717.321509465,PIP4K2A;PIP5K1A;PIP4K2B;PIP5K1B;PIP4K2C;PIP5K1C,1.0
5,985,Platelet-Derived Growth Factor Receptor Signaling Pathway (GO:0048008),9/15,1.7506100555421498e-07,cellular process,GO_Biological_Process_2023,6.293420054554562e-09,0.0,0.0,29.21465163934426,551.6825046643494,PDGFRB;PDGFRA;PTPN1;FER;PDGFD;PDGFC;PDGFA;PTPRJ;PIK3C2A,0.6
5,985,Positive Regulation Of Lipid Kinase Activity (GO:0090218),12/30,1.9938527279426239e-07,biological regulation,GO_Biological_Process_2023,7.233634567074161e-09,0.0,0.0,13.016101404590612,243.98062803766533,PDGFRB;FGR;PDGFRA;FLT3;IRS1;CD19;KIT;PTK2B;TEK;DGKZ;FGFR3;PTK2,0.4
5,985,Response To Calcium Ion (GO:0051592),23/106,4.482901366306114e-08,response to stimulus,GO_Biological_Process_2023,1.4763556704532054e-09,0.0,0.0,5.453447887182827,110.88871424633972,MEF2A;MEF2C;CAMK2D;AHCYL1;SYT2;PRKAA2;HOMER1;TRPC3;TRPC1;CACNA1A;ITPR3;IQGAP1;RASGRP2;SYT9;RYR3;ITPKB;PPP3CA;RASA4;SYT11;ITPKA;CHP2;PLCG2;CALM1,0.2169811320754717
5,985,Regulation Of Signal Transduction (GO:0009966),32/193,4.482901366306114e-08,biological regulation,GO_Biological_Process_2023,1.4785294743753675e-09,0.0,0.0,3.932191901351078,79.95018233289747,PXN;ILK;ZDHHC7;RASGRP4;PPP2CA;SOCS2;RGS3;GRK5;PPP2R1A;INPP5D;GRK6;NCK2;RGS20;CSK;FYN;NCAM1;GIT1;YWHAG;SOCS5;NCK1;BRAP;GIT2;PTPN1;SRMS;MPIG6B;HOMER1;CAV3;DYNLT1;MAPK8IP2;LLGL1;MGLL;PTPN2,0.16580310880829016
5,985,Positive Regulation Of Axonogenesis (GO:0050772),14/38,4.4512545768640935e-08,biological regulation,GO_Biological_Process_2023,1.4387300413347e-09,0.0,0.0,11.40894267078613,232.28042567248437,NTRK2;PLXND1;LIMK1;L1CAM;NGF;NTN1;TIAM2;SHTN1;TIAM1;PLXNA2;PLXNA1;PLXNB1;MAP3K13;PLXNA4,0.3684210526315789
5,985,Voltage-Gated Calcium Channel Activity (GO:0005245),15/47,4.3160793322938017e-08,transporter activity,GO_Molecular_Function_2023,3.73331756590814e-09,0.0,0.0,9.173485824742269,178.020377599076,CACNA1A;CACNA1D;CACNA1C;OPRM1;CACNA1E;CACNA1H;CACNA1I;CACNB3;SCN11A;SCN8A;ITGAV;SCN2A;CACNG3;SCN3A;SCN1A,0.3191489361702128
5,985,Plasma Membrane Bounded Cell Projection Morphogenesis (GO:0120039),17/50,4.0246673129821864e-09,cellular process,GO_Biological_Process_2023,1.0884654342497996e-10,0.0,0.0,10.101865765088906,231.7477317199665,NCKAP1;TRIO;DBNL;MYO9B;NGF;DNM2;SHTN1;PAK1;SNX1;CTTN;TAOK3;NTF3;NCKAP1L;PLXNB1;SRGAP3;SGK1;WASF1,0.34
5,985,Phosphatidylinositol Phosphate Biosynthetic Process (GO:0046854),16/44,4.398200248018223e-09,cellular process,GO_Biological_Process_2023,1.2039928119574948e-10,0.0,0.0,11.196815568332596,255.7375915156917,CISH;PIK3R3;PIK3C2G;PIK3C2A;SLA2;PIK3C2B;SOCS2;ITPKB;SOCS1;ITPKA;PIP4K2A;PIP4K2B;PIP4K2C;SOCS6;SOCS7;SOCS5,0.36363636363636365
5,985,Cytoskeleton Organization (GO:0007010),25/111,4.438356064465068e-09,cellular process,GO_Biological_Process_2023,1.2296237117911134e-10,0.0,0.0,5.731891957364341,130.79686070370653,PRR5;SH3KBP1;FGD1;PLD2;ARHGAP4;NCKIPSD;FGD3;FGD5;DPYSL2;CFL1;RAC3;PAK6;WASF3;MARK1;PAK4;PRKCI;RHOG;ARAP3;RANBP9;CDC42BPB;DIAPH1;BIN1;RANBP10;RHOU;SIPA1,0.22522522522522523
5,985,Positive Regulation Of Hydrolase Activity (GO:0051345),32/176,4.657550685446021e-09,biological regulation,GO_Biological_Process_2023,1.3057117686771495e-10,0.0,0.0,4.4003730908242975,100.1485427458156,USP6NL;RTN4R;DOCK6;RASGRF2;DOCK7;RASGRF1;ASAP3;RASGRP2;RASGRP1;RAP1GAP;RASGRP4;PREX2;DOCK11;PREX1;RAP1A;CHP2;SRGAP3;RALGDS;RALBP1;CAV2;ARAP1;RHOC;MAPK12;ALS2;NF1;PLXNB1;RGL3;ITGA6;GNB5;CALM1;ARHGEF7;RAPGEF4,0.18181818181818182
5,985,Negative Regulation Of Protein Phosphorylation (GO:0001933),29/149,6.2612734923381115e-09,biological regulation,GO_Biological_Process_2023,1.7759548823914168e-10,0.0,0.0,4.776455718270572,107.23865617079052,PRKAG2;PRKCZ;PPM1E;SPRED2;SPRED1;DEPTOR;PIP5KL1;NTF3;NCK2;CHP1;SIRPA;SFN;EPHB2;PAK2;SH3GL2;YWHAG;NCK1;LYN;CAV3;PDE4D;NTRK3;PRKCD;PTPN13;OCLN;PARD3;NF1;SPRY2;PTPN6;CALM1,0.19463087248322147
5,985,Regulation Of Rho Protein Signal Transduction (GO:0035023),20/73,7.268195946058086e-09,biological regulation,GO_Biological_Process_2023,2.0855311586644242e-10,0.0,0.0,7.414996578355655,165.28640856438457,RTN4R;RALBP1;STARD8;ARHGEF28;LPAR1;ARHGEF18;ARRB1;MYO9B;ARHGAP35;EPS8;BCR;AKAP13;RIT2;ARHGDIA;MCF2L;ARHGEF3;ABL2;ARHGEF2;MET;F2RL2,0.273972602739726
5,985,Regulation Of MAP Kinase Activity (GO:0043405),25/114,7.787340079488417e-09,biological regulation,GO_Biological_Process_2023,2.2601778594821264e-10,0.0,0.0,5.5378043071161045,122.99688987808057,FLT3;CBLC;PDGFA;PTPRJ;RASGRP1;GHR;PDGFD;PDGFC;NTF3;SH2B3;MAP2K5;PDGFRB;LYN;PTPN1;MEF2C;CAV3;KSR1;INSR;NTRK3;PRKCD;DUSP7;HGS;KIT;NF1;SPRY2,0.21929824561403508
5,985,Regulation Of Protein Phosphorylation (GO:0001932),40/265,8.701330625016975e-09,biological regulation,GO_Biological_Process_2023,2.5541504802985183e-10,0.0,0.0,3.5348618459729573,78.07849242075201,RALB;PDGFA;PIK3R3;ILK;ARRB1;EFNA5;STK4;RASGRP1;CAMKK2;PPP2CA;CDH5;PAK1;RELN;SOCS1;PIP5KL1;RB1CC1;FLOT1;NPTN;CHP1;SIRPA;FYN;EPHB2;SH3GL2;LYN;NTRK2;EPHA7;RALBP1;HSP90AA1;INSR;HGF;LIMK2;NTRK3;IGF2;PTPN13;PTK2;PGF;FGR;OCLN;FER;TEK,0.1509433962264151
5,985,Cellular Response To Oxygen-Containing Compound (GO:1901701),52/406,9.177658672733128e-09,cellular process,GO_Biological_Process_2023,2.7242390519326563e-10,0.0,0.0,2.9380105485615324,64.70575065056418,GUCY1B1;NCF1;IRS1;ACTB;RYR3;CHP2;CAPN2;PDE4B;SIRPA;GIT1;MEF2A;PDGFRA;MEF2C;PRKCD;FOS;ITPKB;CREB1;RASA4;ITPKA;RRAGD;EZR;EPHA3;CAMK2D;PRKAA2;PXN;CACNA1A;AKAP6;IQGAP1;RASGRP2;PPM1E;FOXO1;CACNA1H;CAMKK2;RAP1B;RAP1A;GNG2;PLCG2;ABL2;PTK2B;LYN;JUN;SYT2;PTK6;SYT9;TSHR;SSH1;FER;SYT11;FES;GNB1;PDE3A;LAMTOR3,0.12807881773399016
5,985,Membrane Raft (GO:0045121),35/169,6.086078806320111e-12,cellular anatomical structure,GO_Cellular_Component_2023,3.471147608167363e-13,0.0,0.0,5.191162608012569,148.929891915912,RTN4R;CBLC;CBLB;FAIM2;AKAP5;SLC9A1;RAP1B;PPP2CA;CD79A;SDCBP;PPP2R1B;PRKAR2A;CAPN2;PLCG2;FLOT1;FYN;PAG1;LYN;CAV3;CAV2;SORBS1;GP6;LAT2;ZAP70;MYO1C;RIT2;MYL1;PRKAR1A;LCK;NPHS2;BTK;ORAI1;LCP2;TEK;EZR,0.20710059171597633
5,985,Adherens Junction (GO:0005912),28/150,1.1394380246786488e-08,cellular anatomical structure,GO_Cellular_Component_2023,9.964667135972972e-10,0.0,0.0,4.530928276547271,93.91166857940424,CTNND1;SNAP23;RND1;CYTH3;CDH5;SDCBP;CDH2;FLOT1;CTNNA1;FLOT2;CTNNA3;CTNNA2;PAK4;MAGI1;DSP;RDX;MSN;SORBS1;BAIAP2;PPP1CA;RAB10;PARD3;CDC42EP4;ZYX;EZR;TLN1;LLGL1;VCL,0.18666666666666668
5,985,Regulation Of Monoatomic Ion Transmembrane Transporter Activity (GO:0032412),19/69,1.7633538261919004e-08,None,GO_Biological_Process_2023,5.367196994611615e-10,0.0,0.0,7.460351966873706,159.24527961419784,MEF2C;TRPC6;CAV3;HOMER1;CACNA1D;WWP2;OPRM1;MAPK8IP2;RELN;PTK2B;CAPN1;SCN3B;CACNG3;FGF12;SCN1B;YWHAH;SHANK1;PTPN3;SCN2B,0.2753623188405797
5,985,Chloride Transmembrane Transport (GO:1902476),16/48,1.7633538261919004e-08,localization,GO_Biological_Process_2023,5.408704018332675e-10,0.0,0.0,9.79514963880289,209.00734966587757,GABRB3;GABRA2;GABRB2;GABRA1;GABRB1;SLC12A5;GABRA6;GABRA5;GABRA4;GABRA3;SLC6A1;GABRG3;GABRG2;GABRG1;GLRA3;GABRE,0.3333333333333333
5,985,Regulation Of Protein Kinase Activity (GO:0045859),25/119,1.9162617153657856e-08,biological regulation,GO_Biological_Process_2023,5.940916927585219e-10,0.0,0.0,5.24185505319149,111.35790293099092,AGAP2;PRKAG1;PRKAG2;IQGAP1;PPM1E;CAMKK2;SPRED1;DEPTOR;RAP1A;RELN;CHP1;PTK2B;SFN;EPHB2;PAK2;YWHAG;MAP3K5;MAP2K3;CAV3;PTK2;FGR;ALS2;NF1;LCP2;MAP3K12,0.21008403361344538
5,985,Positive Regulation Of Phosphorylation (GO:0042327),36/231,2.6273852618298162e-08,biological regulation,GO_Biological_Process_2023,8.232242739902126e-10,0.0,0.0,3.6611818108130016,76.58384122012464,RALB;FLT3;PIK3R3;ILK;ARRB1;EFNA5;STK4;RASGRP1;CAMKK2;IGF1R;SDCBP;PAK1;RELN;RB1CC1;FLOT1;NPTN;NCKAP1L;EPHB4;LYN;PDGFRB;PDGFRA;NTRK2;RALBP1;HSP90AA1;INSR;HGF;LIMK2;NTRK3;IGF2;PTK2;PGF;ITGA6;TEK;FGFR3;MET;EPHA2,0.15584415584415584
5,985,GDP Binding (GO:0019003),18/67,2.9501345100852466e-08,binding,GO_Molecular_Function_2023,2.3650867380430248e-09,0.0,0.0,7.2048625034295,143.10622944456864,RAB5B;RALA;RAB4A;RAB5C;RALB;GNAI3;RRAS2;RAB27A;GNAI1;RAP1B;RAB10;RIT1;MRAS;RAP1A;RIT2;RRAS;RRAGD;RAB5A,0.26865671641791045
5,985,Dendritic Spine Organization (GO:0097061),12/26,3.063694485503504e-08,cellular process,GO_Biological_Process_2023,9.700351932992626e-10,0.0,0.0,16.738511231830863,347.38585246704616,CDC42;INSR;PICK1;FYN;WASL;EPHB2;PAK3;EPHB1;SHANK3;IGF1R;EPHB3;SHANK1,0.46153846153846156
5,985,Protein Kinase C Activity (GO:0004697),9/14,3.199822342638143e-08,catalytic activity,GO_Molecular_Function_2023,2.6327652186263206e-09,0.0,0.0,35.0594262295082,692.6070684203305,PRKCI;PRKCH;PRKCB;PRKCE;PRKCD;PRKCA;PRKCQ;PKN1;PRKCZ,0.6428571428571429
5,985,High Voltage-Gated Calcium Channel Activity (GO:0008331),11/23,3.632558686659664e-08,transporter activity,GO_Molecular_Function_2023,3.065450368489168e-09,0.0,0.0,17.884411362080765,350.5893917905498,CACNA1I;CACNB3;SCN11A;SCN8A;CACNA1D;CACNA1C;SCN2A;CACNA1E;SCN3A;CACNA1H;SCN1A,0.4782608695652174
5,985,Synaptic Vesicle Recycling (GO:0036465),15/44,4.1020031459162194e-08,localization,GO_Biological_Process_2023,1.312316309874252e-09,0.0,0.0,10.1240668325631,207.05207021930607,GIT2;SYT2;AP2B1;SYNJ2;DNM1;PLD2;DNM2;DNM3;CDK5;SYNJ1;AP2S1;PIP5K1C;RAB5A;AP2M1;GIT1,0.3409090909090909
5,985,Regulation Of Postsynaptic Membrane Potential (GO:0060078),14/35,1.3211387875626372e-08,biological regulation,GO_Biological_Process_2023,3.965159289848284e-10,0.0,0.0,13.040851355990387,282.3123263319169,GABRA2;GABRA1;MEF2C;GABRA6;GABRA5;GABRA4;GABRA3;ARRB2;MAPK8IP2;GABRG3;GRIN2B;GABRG2;GABRG1;GABRE,0.4
5,985,Regulation Of Phosphatidylinositol 3-Kinase Signaling (GO:0014066),26/90,5.895299286750948e-12,None,GO_Biological_Process_2023,1.0305107592275735e-13,0.0,0.0,8.027991397288842,240.06545536925464,NCF1;FLT3;PDGFA;TWIST1;SEMA3E;IGF1R;PDGFD;PDGFC;PIP5K1A;PIP5K1B;PIP5K1C;PDGFRB;PDGFRA;NTRK2;UNC5B;HGF;INSR;NTRK3;PTPN13;PTK2;FGR;KIT;PLXNB1;PTPN6;TEK;PIK3AP1,0.28888888888888886
5,985,Negative Regulation Of Insulin Receptor Signaling Pathway (GO:0046627),15/26,5.895299286750948e-12,biological regulation,GO_Biological_Process_2023,1.0169740472455898e-13,0.0,0.0,26.71602624179944,799.2573355805299,GRB7;PTPN1;IRS1;PRKCB;PRKCD;PRKCZ;SOCS1;GRB14;GRB10;PIP4K2A;PIP4K2B;PRKCQ;PIP4K2C;PTPN2;NCK1,0.5769230769230769
5,985,Endocytosis (GO:0006897),38/189,5.4064760440435786e-12,localization,GO_Biological_Process_2023,9.094006538463805e-14,0.0,0.0,5.0129163548885645,150.53073837853248,RAB5B;DENND1A;CLTC;INPPL1;AP2A1;ADRB2;PIK3C2A;NCKIPSD;EEA1;CDC42;CYTH2;DPYSL2;CLTCL1;MYO6;REPS2;PIP5K1A;PIP5K1C;WASF1;EPS15;RALBP1;CAV3;SORT1;INSR;EPS15L1;DNM1;EPN1;DNM2;DNM3;EHD2;EHD4;CTTN;BIN1;MYL1;AMPH;RHOU;RAB5A;MET;RHOQ,0.20105820105820105
5,985,Cytoskeleton (GO:0005856),95/599,9.159858756296396e-23,cellular anatomical structure,GO_Cellular_Component_2023,1.7414180145050182e-24,0.0,0.0,3.920423131799536,214.4759310149385,WIPF1;ARPC1B;ARPC1A;WASL;MYLK3;ACTB;MYLK;ACTG1;RND1;AKAP13;RASSF1;PPP2R1A;RUSC1;CFL2;ARHGDIA;CFL1;CHP1;RAC3;LRRFIP1;SPTAN1;APC2;ACTR3;ACTR2;PRKCI;PPP1R12A;TPM3;ACTN2;PRKCE;SWAP70;RHOG;CASK;ACTN4;GABRG3;CD2AP;ITPKB;FGR;SHTN1;ACTA1;CTTN;BIN1;CDC42EP4;ITPKA;MYH9;AMPH;TLN2;ARHGEF2;EZR;EPHA3;LLGL1;VCL;EPB41;WAS;IQGAP1;IQGAP2;NTN1;KALRN;PPP2CA;SDCBP;ABLIM2;SCIN;ABLIM3;EPB41L1;CNR1;MYO6;FLNA;ABL2;FLNB;WASF1;WASF2;SPTBN1;CORIN;MARK1;VASP;GSN;MYO5A;DSTN;MSN;MYO9B;ARPC5;CDC42BPB;BAIAP2;PTK2;EHD2;FER;MYO1C;TEC;ARPC2;PARVG;ARPC3;FES;TAOK2;ZYX;SPRY2;PKN2;PTPN7,0.15859766277128548
5,985,Extrinsic Component Of Cytoplasmic Side Of Plasma Membrane (GO:0031234),34/77,9.348401407056173e-23,cellular anatomical structure,GO_Cellular_Component_2023,2.1327151498987464e-24,0.0,0.0,15.774044457486612,859.7587145956632,BLK;GNAZ;TRAF3IP2;GNAI3;IQGAP1;GNAI1;GNAI2;GNA13;GNA14;GNA15;GNG2;GNA11;GNA12;FYN;CYTH1;LYN;SRMS;YES1;SYK;PTK6;FGR;GNAO1;HCK;TIAM1;ZAP70;FER;LCK;FES;GNB1;GNAS;GNB4;GNB3;GNB5;FRK,0.44155844155844154
5,985,Enzyme-Linked Receptor Protein Signaling Pathway (GO:0007167),42/124,4.883850092852223e-22,cellular process,GO_Biological_Process_2023,2.4161527504216142e-24,0.0,0.0,10.283552750691875,559.2182178024981,BLK;SHC4;PTPRU;TRIO;SHC3;FLT3;RASGRP4;PTPRF;NPPA;NTF3;BLNK;ALKAL2;FYN;ALKAL1;PDGFRB;LYN;PDGFRA;NTRK2;SRMS;YES1;SYK;INSR;NTRK3;PTK6;GP6;NGF;GFRA2;PTPRD;FGR;CNKSR1;HCK;ZAP70;DOK2;DOK4;LCK;DOK6;LCP2;TEK;FGFR3;MET;FRK;EPHA2,0.3387096774193548
5,985,Small GTPase Binding (GO:0031267),52/199,5.187813828187447e-22,binding,GO_Molecular_Function_2023,7.661328438251505e-24,0.0,0.0,7.153691916209142,380.761381793745,USP6NL;CYFIP1;NCKAP1;DOCK4;DOCK3;DOCK7;ARHGAP1;EPS8;RABGEF1;AKAP13;ARFIP2;GIT1;RALBP1;PLEKHG1;PLEKHG2;ARHGEF16;RNF41;ALS2;CDC42EP5;CDC42EP4;ARHGEF2;RIN1;DOCK2;RIN2;DOCK1;EXOC2;RAPGEF4;GARRE1;WAS;IQGAP1;IQGAP2;FGD1;RAP1GAP;FGD3;FGD5;PAK1;GGA3;PARD6A;FLNA;SRGAP3;WASF1;PAK2;NGFR;GIT2;MYO5A;RANBP9;MYO9B;FMNL1;MYO1C;ABI2;NOXA1;PKN1,0.2613065326633166
5,985,Regulation Of GTPase Activity (GO:0043087),53/214,8.278818932285172e-21,biological regulation,GO_Biological_Process_2023,4.368769885110909e-23,0.0,0.0,6.659438061472023,342.86100650551543,USP6NL;ARHGAP9;DOCK6;PLXND1;RASGRF2;DOCK7;RASGRF1;PREX2;PREX1;DOCK11;PRKG1;EPHB3;EPHA5;VAV3;EPHA4;RALBP1;ARAP1;VAV1;VAV2;ALS2;RASA4;ITGA6;ARHGEF7;EPHA3;NGEF;ARHGEF5;RAPGEF4;RTN4R;ASAP3;EFNA5;RASGRP2;RASGRP1;FGD1;RAP1GAP;RASGRP4;FGD3;FGD5;RAP1A;CHN2;CHN1;PLXNA2;PLXNA1;SRGAP3;RALGDS;PLXNA4;NTRK2;CAV2;RDX;PTK2;NF1;RGL3;PLXNB1;GNB5,0.24766355140186916
5,985,Regulation Of Cell Migration (GO:0030334),77/434,8.359531578529448e-21,biological regulation,GO_Biological_Process_2023,4.687072454980232e-23,0.0,0.0,4.432020385246609,227.8707722969156,PTPRU;PLXND1;PTPRJ;MYLK;ARHGAP4;ACTG1;IGF1R;CDH5;PPP3CA;DUSP10;PIP5KL1;EPHB2;APPL1;PDGFRB;EPHA4;PDGFRA;DUSP3;SEMA6D;APLP2;HGF;MAGI2;PRKCA;ACTN4;RHOC;RHOD;RNF41;RHOB;FGR;TIAM1;SPATA13;KIT;NUMB;ITGA6;SGK1;VCL;EPHA2;CAMK2B;GRB7;CAMK2A;PDGFA;PIK3R3;TWIST1;CXCR4;SEMA3E;PRKX;FOXO3;CDC42;SDCBP;PARD6B;PAK1;RELN;PDGFD;PDGFC;NTF3;GNA12;PLXNA2;FLNA;PLXNA1;PTK2B;STX4;FYN;SRGAP3;CTNNA2;SRGAP1;PLXNA4;NGFR;NTRK3;INSR;RDX;SEMA4F;PTK2;FER;MYO1C;SNAI1;NF1;SPRY2;PLXNB1,0.1774193548387097
5,985,Non-Membrane Spanning Protein Tyrosine Kinase Activity (GO:0004715),23/36,4.871886218208017e-20,catalytic activity,GO_Molecular_Function_2023,8.222592773346868e-22,0.0,0.0,34.946905485367026,1696.6717882728326,BLK;LYN;ITK;SRMS;YES1;SYK;MATK;PTK6;BMX;PTK2;FGR;HCK;ZAP70;FER;TEC;FES;LCK;BTK;ABL2;PTK2B;CSK;FYN;FRK,0.6388888888888888
5,985,GTPase Activator Activity (GO:0005096),51/211,5.0121287668709726e-20,molecular function regulator activity,GO_Molecular_Function_2023,9.516700190261341e-22,0.0,0.0,6.434722965738758,311.46519712332514,USP6NL;ARHGAP9;ARHGAP1;ARRB1;ARHGAP5;ARHGAP35;ARHGAP4;PREX2;PREX1;RGS3;GIT1;VAV3;RALBP1;RALGAPA1;STARD8;ARAP2;ARAP3;ARAP1;BCR;TBC1D1;ALS2;TBC1D4;RASA4;RASA1;DOCK1;LLGL1;ARHGEF6;AGAP2;ASAP3;ASAP1;IQGAP1;ASAP2;IQGAP2;RAP1GAP;CHN2;CHN1;RGS20;NCKAP1L;SRGAP3;SRGAP1;GIT2;JUN;MYO9B;ADAP1;ARHGAP26;ARHGAP31;ARHGAP30;NF1;PLXNB1;GNB5;SIPA1,0.24170616113744076
5,985,Peptidyl-Tyrosine Phosphorylation (GO:0018108),30/67,1.127337778445644e-19,cellular process,GO_Biological_Process_2023,6.692638526392345e-22,0.0,0.0,16.11263619640583,785.5854966713626,BLK;FLT3;IGF1R;RELN;ABL2;PTK2B;FYN;EPHB2;PDGFRB;LYN;EPHA4;PDGFRA;SRMS;SYK;INSR;PTK6;PRLR;PTK2;FGR;HCK;ZAP70;FER;ABI2;LCK;FES;BTK;PTPN6;TEK;FGFR3;EPHA3,0.44776119402985076
5,985,Protein Dephosphorylation (GO:0006470),39/124,3.6493537906056723e-19,cellular process,GO_Biological_Process_2023,2.286864182767407e-21,0.0,0.0,9.181320731252333,436.3615983462794,PTPRU;PTPRR;PTPRS;PTPRO;DAPP1;PTPRJ;DUSP16;PPM1E;PTPRF;PPP1CB;PPP2CA;PPP3CA;PPP2CB;PPP3R1;PPP3CB;DUSP10;PPP3CC;PPP2R1B;PPP2R1A;NCK1;PTPN1;PTPN18;DUSP3;PPP1R12A;PPP2R5D;PPP2R3A;PTPN12;PTPN13;DUSP6;SSH1;DUSP7;PPP1CA;PTPRD;PTPRA;PTPN6;PTPN7;PTPN5;PTPN2;PTPN3,0.31451612903225806
5,985,Vesicle-Mediated Transport (GO:0016192),72/411,4.1367014439307233e-19,localization,GO_Biological_Process_2023,2.7286948838593157e-21,0.0,0.0,4.344560866151654,205.71697081402863,ITSN2;USP6NL;ARF1;GDI1;DENND1A;ITSN1;WIPF3;SNAP23;ARHGAP1;INPPL1;AP2A1;WASL;FNBP1L;PIK3C2A;AP2A2;EEA1;DPYSL2;PIP4K2A;AP2M1;PRKCI;RALBP1;EXOC7;ARAP3;EPS15L1;MAPK8IP3;DNM1;EPN1;MAPK8IP1;RHOB;DNM2;DNM3;ALS2;TBC1D4;BIN1;MYL1;HGS;RHOU;AMPH;EXOC2;RHOQ;ARF6;RAB5B;RAB5C;STXBP3;STXBP2;AGAP2;ADRB2;KALRN;CDC42;NCKIPSD;CYTH3;CYTH2;MYO6;AP2S1;REPS2;STX4;EPS15;CYTH1;SPTBN2;RAB4A;RAB4B;CAV3;SORT1;CAV2;MYO5A;RAB27A;AP2B1;RAB10;EHD2;EHD4;SYT11;RAB5A,0.17518248175182483
5,985,Neuron Projection Morphogenesis (GO:0048812),42/146,4.435051547206436e-19,cellular process,GO_Biological_Process_2023,3.071770530716859e-21,0.0,0.0,8.098764173260461,382.521095373892,NCKAP1;TRIO;DOCK7;IQGAP1;WASL;ARHGAP35;CDC42;PAK1;PARD6B;FLRT3;NTF3;SLITRK5;NCKAP1L;SRGAP3;CTNNA2;EPHB2;PAK3;EPHB1;EPHB3;MEF2A;EPHA4;DBNL;DCC;APLP2;MAPK8IP2;NGF;BAIAP2;DNM2;RAB10;SHTN1;CDK5;ALS2;CTTN;TAOK3;MAP1B;PARD3;TAOK2;PLXNB1;SGK1;SHANK3;LLGL1;SHANK1,0.2876712328767123
5,985,Regulation Of Hydrolase Activity (GO:0051336),30/71,7.322660498669196e-19,biological regulation,GO_Biological_Process_2023,5.313276087424878e-21,0.0,0.0,14.537606946750095,678.6747816109107,ARHGAP9;PLXND1;CAMK2A;EFNA5;FGD1;RAP1GAP;FGD3;FGD5;CHN2;CHN1;PLXNA2;PLXNA1;PRKG1;PLXNA4;EPHB3;EPHA5;VAV3;EPHA4;NTRK2;RALBP1;RDX;VAV1;PTK2;VAV2;ALS2;NF1;PLXNB1;ARHGEF5;EPHA3;NGEF,0.4225352112676056
5,985,Cadherin Binding (GO:0045296),61/319,1.7177156385916701e-18,binding,GO_Molecular_Function_2023,3.623872655256688e-20,0.0,0.0,4.799561226886809,214.8483200264252,YWHAB;PTPRO;CTNND1;ARHGAP1;PTPRJ;FNBP1L;CDH5;CDH2;ARFIP2;LRRFIP1;SPTAN1;SH3GL1;NCK1;SH3GLB2;USP8;DBNL;SWAP70;ARHGEF16;EPS15L1;YWHAZ;SND1;CD2AP;SHTN1;CTTN;NUMB;MYH9;ITGA6;EZR;PFN1;TLN1;VCL;EPHA2;ASAP1;IQGAP1;SNX1;CTNNA1;FLNA;PAK6;SFN;CTNNA3;FLNB;FYN;CTNNA2;EPS15;PAK2;WASF2;SPTBN1;SPTBN2;PAK4;VASP;PTPN1;RDX;BAIAP2;KTN1;PPP1CA;RAB10;EHD4;ABI1;PKN2;CDK5R1;TJP2,0.19122257053291536
5,985,Protein Phosphorylated Amino Acid Binding (GO:0045309),24/45,1.908574897062776e-18,binding,GO_Molecular_Function_2023,4.4291822505676244e-20,0.0,0.0,22.58837520440018,1006.616762206702,SHC3;YES1;SYK;IRS1;YWHAB;CBLC;PIK3R3;SHB;YWHAZ;VAV1;VAV2;FGR;HCK;ZAP70;LCK;RASA1;NCK2;PLCG2;ABL2;PTPN6;GRAP;PFN1;PTPN5;PTPN3,0.5333333333333333
5,985,Peptidyl-Tyrosine Modification (GO:0018212),26/54,4.816669308505225e-18,cellular process,GO_Biological_Process_2023,3.6538058738661e-20,0.0,0.0,18.38455236109042,822.8177850737814,BLK;FLT3;RELN;ABL2;PTK2B;FYN;EPHB2;PDGFRB;LYN;EPHA4;PDGFRA;SRMS;SYK;INSR;PTK2;FGR;HCK;ZAP70;FER;LCK;FES;BTK;PTPN6;TEK;FGFR3;EPHA3,0.48148148148148145
5,985,GABA-A Receptor Complex (GO:1902711),16/18,5.578363629683668e-18,protein-containing complex,GO_Cellular_Component_2023,1.4847355668359573e-19,0.0,0.0,156.97007223942208,6805.261688010436,GABRA2;GABRB3;GABRQ;GABRB2;GABRB1;GABRA6;GABRA5;GABRA4;GABRA3;GABRG3;GABRG2;GABRG1;GABRR2;GABRR1;GABRE;GABRD,0.8888888888888888
5,985,GABA-A Receptor Activity (GO:0004890),16/18,5.864705489002032e-18,molecular transducer activity,GO_Molecular_Function_2023,1.4847355668359573e-19,0.0,0.0,156.97007223942208,6805.261688010436,GABRA2;GABRB3;GABRQ;GABRB2;GABRB1;GABRA6;GABRA5;GABRA4;GABRA3;GABRG3;GABRG2;GABRG1;GABRR2;GABRR1;GABRE;GABRD,0.8888888888888888
5,985,GTPase Activity (GO:0003924),54/265,9.231796501714765e-18,catalytic activity,GO_Molecular_Function_2023,2.7266909498735594e-19,0.0,0.0,5.1690634847104215,220.95693244685887,ARF1;RND1;RGS3;RAC2;RAC3;RHOG;RRAS2;RHOC;RHOD;DNM1;RHOB;DNM2;DNM3;MRAS;RASA1;RRAGD;RHOU;RHOQ;ARF6;GNAZ;RGS17;RAB5B;RALA;RAB5C;RALB;RGS19;AGAP2;GNAI3;GNAI1;RAP1GAP;GNAI2;RAP1B;CDC42;GNA13;GNA14;GNG10;GNA15;RAP1A;RRAS;GNA11;GNA12;RGS20;RAB4A;RAB4B;RAB27A;GNG11;GNAO1;RIT1;RIT2;GNB1;GNAS;GNB3;GNB5;RAB5A,0.2037735849056604
5,985,Regulation Of MAPK Cascade (GO:0043408),56/204,1.975177463305111e-24,biological regulation,GO_Biological_Process_2023,9.120212561435208e-27,0.0,0.0,7.6844616414045905,460.7549747059464,FLT3;PEBP1;PTPRJ;DUSP16;IGF1R;SPRED3;SPRED2;SPRED1;PPP2R1A;EPHB1;MAP4K1;EPHA7;DUSP3;SYK;KSR1;DUSP8;DUSP9;YWHAZ;DUSP6;DUSP7;RNF41;DOK2;DOK4;DOK6;KIT;ARHGEF5;EPHA2;PHLPP1;LPAR1;PDGFA;IQGAP1;ADRB2;STK4;RASGRP1;PAK1;RRAS;PLCG2;PAK6;PAK3;PAK2;PAK4;LYN;NTRK2;CAV3;CAV2;INSR;IGF2;MOS;RIT2;TAOK3;TAOK2;NF1;PTPN6;GRAP;TEK;FGFR3,0.27450980392156865
5,985,GTPase Binding (GO:0051020),59/225,4.370384296136372e-25,binding,GO_Molecular_Function_2023,5.5321320204257864e-27,0.0,0.0,7.234712066408181,437.4050790802405,USP6NL;CYFIP1;NCKAP1;DOCK4;DOCK3;DOCK7;ARHGAP1;FNBP1L;EPS8;RABGEF1;AKAP13;ARFIP2;GIT1;RALBP1;HSP90AA1;PLEKHG1;PLEKHG2;ARHGEF16;RNF41;ALS2;CDC42EP5;CDC42EP4;RASA1;RRAGD;ARHGEF2;RIN1;DOCK2;RIN2;DOCK1;EXOC2;RAPGEF4;GARRE1;WAS;IQGAP1;IQGAP2;FGD1;RAP1GAP;FGD3;FGD5;PAK1;GGA3;PARD6A;FLNA;SRGAP3;WASF1;PAK2;SPTBN1;NGFR;GIT2;MYO5A;RANBP9;MYO9B;FMNL1;MYO1C;ABI2;GNB1;NOXA1;GNB3;PKN1,0.26222222222222225
5,985,Neuron Projection Guidance (GO:0097485),45/124,4.2829679950961025e-25,cellular process,GO_Biological_Process_2023,1.8363649055491208e-27,0.0,0.0,11.474818206302182,706.4128672904836,CYFIP2;EPHB6;CYFIP1;ROBO3;TRIO;EPHA10;ARHGEF25;SEMA3A;PTPRO;SEMA3E;EFNA5;EFNA4;KALRN;ARHGAP35;EFNB2;EFNB1;RPS6KA5;EFNB3;RELN;DPYSL5;SLIT1;FYN;EPHB2;EPHB1;NEO1;SCN1B;EPHB3;EPHA5;VASP;EPHA4;EPHA7;CNTN6;DCC;SEMA6D;UNC5C;SEMA4F;L1CAM;PTK2;ENAH;EFNA3;EFNA2;CNTN2;PRKCQ;EPHA3;CDK5R1,0.3629032258064516
5,985,Small GTPase Mediated Signal Transduction (GO:0007264),44/112,3.5156893926102315e-26,cellular process,GO_Biological_Process_2023,1.3914337965475851e-28,0.0,0.0,13.02850534475214,835.6750136282168,RALA;RALB;RGS19;RASGRF2;RASGRF1;ARHGAP1;PLD1;RASGRP2;RASGRP1;NTN1;RASGRP4;PLD2;RASSF1;RRAS;ARFIP2;CHP1;SHOC2;RALGDS;BRAP;USP8;RALBP1;KSR1;TNK2;ARHGEF18;RRAS2;BCR;TIAM2;CNKSR2;SHTN1;TIAM1;DOK2;ARHGAP31;RIT1;ARHGAP30;MRAS;RIT2;DOK4;DOK6;GNB1;NF1;RGL3;GRAP;RIN2;RAPGEF4,0.39285714285714285
5,985,Transmembrane Receptor Protein Tyrosine Kinase Signaling Pathway (GO:0007169),106/284,1.4034168053135214e-61,cellular process,GO_Biological_Process_2023,4.628683394833514e-65,0.0,0.0,12.761705717682249,1890.4649572753335,EPHB6;IRS1;IGF1R;GRB14;GRB10;EPHB2;EPHB1;EPHB4;EPHB3;EPHA5;PDGFRB;EPHA4;PDGFRA;EPHA7;HGF;PRLR;PGF;TIAM1;DOK2;DOK4;MAPKAPK3;DOK6;MAPKAPK2;EPHA3;NGEF;EPHA2;BLK;SHC4;GRB7;SHC3;EPHA10;STXBP4;ARHGEF28;CSH1;PXN;PDGFA;PIK3R3;ADRB2;EFNA5;KALRN;EFNA4;FOXO1;RASGRP4;EFNB2;SOCS2;EFNB1;EFNB3;FLRT3;PDGFD;PDGFC;LYN;SRMS;YES1;CAV2;INSR;IGF2;PTK6;PTK2;NFATC4;EFNA3;FER;EFNA2;FGFR3;FLT3;PTPRJ;PIK3C2A;GHR;BLNK;APPL1;SYK;MMP2;NGF;GFRA2;VAV1;VAV2;FGR;CNKSR1;HCK;ZAP70;LCK;RASA1;KIT;LCP2;ARHGEF7;MET;RHOQ;PAK1;CHN1;NTF3;PTK2B;ALKAL2;SHOC2;FYN;ALKAL1;PAK3;PAK2;SH2B2;NTRK2;SORT1;NTRK3;SORBS1;BAIAP2;TEK;FRK;PTPN2;CDK5R1,0.3732394366197183
5,985,GTPase Regulator Activity (GO:0030695),119/424,1.090967288593843e-54,molecular function regulator activity,GO_Molecular_Function_2023,2.3016187523076865e-57,0.0,0.0,8.429523340779161,1099.3256452254425,USP6NL;TRIO;ITSN1;ARHGAP35;PREX2;PREX1;RABGEF1;DOCK11;RGS3;SIRPA;SBF2;RALBP1;RALGAPA1;STARD8;SWAP70;BCR;TIAM2;TIAM1;OBSCN;SPATA13;ELMO1;RIN1;RIN2;NGEF;LLGL1;ARHGEF25;ARHGEF28;AGAP2;IQGAP1;IQGAP2;RASGRP2;KALRN;RASGRP1;RAP1GAP;RASGRP4;RAP1A;NCKAP1L;SRGAP3;SRGAP1;RALGDS;JUN;TNK2;HPS1;ADAP1;ARHGAP26;ARHGAP31;ARHGAP30;DNMBP;NF1;PLXNB1;RGL3;GNB5;ARHGAP9;DOCK6;DOCK4;DOCK3;GDI1;DENND1A;RASGRF2;RASGRF1;DOCK7;ARHGAP1;ARRB1;WASL;ARHGAP5;ARHGAP4;AKAP13;MCF2L;GIT1;VAV3;ARHGEF10;PLEKHG1;PLEKHG2;ARHGEF15;DENND2B;ARHGEF17;ARHGEF16;ARAP2;ARAP3;ARHGEF18;ARAP1;RHOD;VAV1;VAV2;TBC1D1;ARHGEF9;ALS2;TBC1D4;RASA4;RASA1;ARHGEF3;ARHGEF4;RHOU;ARHGEF2;ARHGEF7;DOCK2;DOCK1;ARHGEF5;RAPGEF4;ARHGEF6;WAS;ASAP3;ASAP1;ASAP2;FGD1;FGD3;CYTH3;GNA13;CYTH2;FGD5;CHN2;CHN1;RGS20;CYTH1;FARP2;GIT2;MYO9B;LAMTOR3;SIPA1,0.2806603773584906
5,985,Protein Phosphorylation (GO:0006468),124/500,4.989890348307871e-50,cellular process,GO_Biological_Process_2023,3.2914843986199677e-53,0.0,0.0,7.139261620579732,862.7488629872788,EPHB6;MYLK2;MYLK3;IGF1R;RPS6KA4;STK10;RPS6KA3;RPS6KA5;RPS6KA1;PIM1;MAP3K9;MAP3K6;EPHB2;PRKACB;EPHB1;EPHB4;MAP3K5;EPHB3;EPHA5;PDGFRB;EPHA4;PDGFRA;PRKCI;EPHA7;PRKCH;CSNK2A1;PRKCB;PRKCE;PRKCD;PRKCA;VRK3;PRKAB1;UHMK1;PRKAR1B;MAPKAPK3;MAPKAPK2;BTK;ULK2;PRKCQ;EPHA3;BLK;EPHA10;CSF2RB;STK4;PRKCZ;GRK3;GRK2;GRK5;GRK6;ABL2;MARK3;MARK1;LYN;SRMS;INSR;PTK6;BMX;PTK2;FER;CDK5;FES;MAP3K13;FGFR3;MAP3K11;MAP3K12;FLT3;PRKAG1;PRKAG2;ILK;PPP3CB;EEF2K;RB1CC1;PRKG2;PRKG1;MAP4K1;MAP4K2;SYK;YWHAZ;FGR;HCK;ZAP70;CREB1;LCK;KIT;PICK1;SGK1;CAMK2B;CAMK2D;PRKAA2;CAB39;PKN3;CAMK2A;PRKX;CAMKK2;PAK1;RELN;MKNK1;MKNK2;PAK6;PTK2B;CSK;FYN;MAP4K5;PAK3;MAPK6;PAK2;MAP4K3;PAK4;NTRK2;LIMK2;LIMK1;CDC42BPB;MAPK12;MAPK13;MOS;ABI2;TAOK3;CAMK4;TAOK2;PKN2;PTPN6;PKN1;TEK;CDK5R1,0.248
5,985,Focal Adhesion (GO:0005925),99/387,1.3168434451760068e-41,cellular anatomical structure,GO_Cellular_Component_2023,1.0014018594494348e-43,0.0,0.0,7.265695541760722,719.3747581704274,CYFIP1;NCKAP1;ARPC5L;ACTB;ACTG1;PPP1CB;CDH2;CFL1;CAPN2;CHP1;CAPN1;PDGFRB;ACTN3;ACTN2;ACTN1;CASK;ACTN4;TLN2;EZR;PFN1;TLN1;VCL;EPHA2;GRB7;PXN;IQGAP1;SLC9A1;EFNB2;RRAS;PRKAR2A;PIP5K1A;PIP5K1C;VASP;YES1;CAV3;CAV2;RDX;MSN;ARPC5;L1CAM;PTK2;ARPC2;PARVG;ARPC3;PTPRA;FES;FGFR3;ARF1;YWHAB;ARPC1B;CLTC;SNAP23;DOCK7;ILK;YWHAQ;RAC2;FLOT1;FLOT2;ITGAV;GIT1;YWHAG;ACTR3;ACTR2;PDCD6IP;PPP1R12A;RHOG;RRAS2;YWHAZ;RHOB;DNM2;ENAH;HCK;CTTN;NUMB;MYH9;EVL;ITGA6;ARHGEF2;ARHGEF7;ATP6V0C;ARF6;RALA;ASAP3;CXCR4;CDC42;GNA13;GNA12;CTNNA1;FLNA;PTK2B;FLNB;FLNC;PAK4;GIT2;GSN;SORBS1;RAB10;ZYX;LAMTOR3,0.2558139534883721
5,985,Cell-Substrate Junction (GO:0030055),100/395,1.3168434451760068e-41,cellular anatomical structure,GO_Cellular_Component_2023,1.0004653249611374e-43,0.0,0.0,7.170353346739443,709.9416595228504,CYFIP1;NCKAP1;ARPC5L;ACTB;ACTG1;PPP1CB;CDH2;CFL1;CAPN2;CHP1;CAPN1;PDGFRB;ACTN3;ACTN2;ACTN1;CASK;ACTN4;TLN2;EZR;PFN1;TLN1;VCL;EPHA2;GRB7;PXN;IQGAP1;SLC9A1;EFNB2;RRAS;PRKAR2A;PIP5K1A;PIP5K1C;VASP;YES1;CAV3;CAV2;RDX;MSN;ARPC5;L1CAM;PTK2;ARPC2;PARVG;ARPC3;PTPRA;FES;FGFR3;ARF1;YWHAB;ARPC1B;CLTC;SNAP23;DOCK7;ILK;YWHAQ;RAC2;FLOT1;FLOT2;ITGAV;GIT1;YWHAG;ACTR3;ACTR2;PDCD6IP;PPP1R12A;RHOG;RRAS2;YWHAZ;RHOB;DNM2;ENAH;HCK;CTTN;NUMB;MYH9;EVL;ITGA6;ARHGEF2;ARHGEF7;ATP6V0C;ARF6;RALA;ASAP3;CXCR4;CDC42;GNA13;GNA12;CTNNA1;FLNA;PTK2B;FLNB;FLNC;PAK4;GIT2;GSN;ERBIN;SORBS1;RAB10;ZYX;LAMTOR3,0.25316455696202533
5,985,Protein Modification Process (GO:0036211),132/711,1.3262435737881315e-38,cellular process,GO_Biological_Process_2023,1.7496617068445006e-41,0.0,0.0,4.927345728881303,462.4144778939757,EPHB6;MYLK3;PPP1CB;RPS6KA4;STK10;RPS6KA5;PPP2R1B;PPP2R1A;RPS6KA1;PIM1;MAP3K9;MAP3K6;EPHB2;PRKACB;EPHB1;MAP3K5;EPHB3;EPHA5;EPHA4;PRKCI;EPHA7;PRKCH;CSNK2A1;PRKCB;PRKCE;PRKCD;PRKCA;PHKA2;PRKAB1;PRKAR1B;MAPKAPK2;BTK;PRKCQ;EPHA3;EPHA10;DAPP1;CSF2RB;STK4;PRKCZ;PPP3R1;GRK3;GRK2;GRK5;GRK6;ABL2;MARK3;MARK1;LYN;YES1;INSR;PTK6;BMX;PTK2;SSH1;PTPRD;FER;CDK5;PTPRA;MAP3K13;MAP3K11;MAP3K12;PTPRU;PTPRR;PTPRS;PTPRO;PRKAG1;PRKAG2;ILK;PTPRJ;DUSP16;PPP3CA;PPP3CB;PPP3CC;RB1CC1;PRKG2;PRKG1;DSP;MAP4K1;MAP4K2;PPP1R12A;SYK;PPP2R5D;YWHAZ;FGR;HCK;ZAP70;CREB1;LCK;PICK1;SGK1;CAMK2B;CAMK2D;PRKAA2;PKN3;CAMK2A;PPM1E;CAMKK2;PPP2CA;PPP2CB;PAK1;MKNK1;MKNK2;PAK6;PTK2B;CSK;FYN;MAP4K5;PAK3;MAPK6;PAK2;MAP4K3;PAK4;PTPN1;PTPN18;LIMK2;LIMK1;WWP2;CDC42BPB;PTPN12;PPP2R3A;PTPN13;PPP1CA;TMEM59;TAOK3;CAMK4;TAOK2;PKN2;PTPN6;PKN1;PTPN7;PTPN5;PTPN3,0.18565400843881857
5,985,Regulation Of Small GTPase Mediated Signal Transduction (GO:0051056),56/118,1.3262435737881315e-38,biological regulation,GO_Biological_Process_2023,1.4876545760322466e-41,0.0,0.0,18.42716760998646,1732.3156940810995,ARHGAP9;TRIO;DOCK3;RASGRF2;ITSN1;RASGRF1;ARHGAP1;ARHGAP5;ARHGAP35;ARHGAP4;PREX2;PREX1;AKAP13;MCF2L;ITGAV;VAV3;ARHGEF10;RALBP1;PLEKHG1;ARHGEF15;SWAP70;ARHGEF17;ARAP1;RHOD;VAV1;CD2AP;VAV2;BCR;TIAM2;TIAM1;ARHGEF9;OBSCN;SPATA13;ARHGEF3;ARHGEF4;RHOU;ARHGEF2;DOCK2;NGEF;ARHGEF5;ARHGEF25;ARHGEF28;KALRN;FGD1;FGD3;GNA13;FGD5;RELN;CHN2;CHN1;SRGAP3;MYO9B;ARHGAP26;ARHGAP31;ARHGAP30;DNMBP,0.4745762711864407
5,985,Phosphorylation (GO:0016310),101/429,2.503408017931789e-38,cellular process,GO_Biological_Process_2023,4.128311375217332e-41,0.0,0.0,6.50930843725858,605.2883564070993,DGKG;EPHB6;DGKD;DGKA;MYLK3;RPS6KA4;STK10;RPS6KA5;RPS6KA1;PIM1;MAP3K9;MAP3K6;EPHB2;PRKACB;EPHB1;MAP3K5;EPHB3;EPHA5;EPHA4;PRKCI;EPHA7;PRKCH;CSNK2A1;PRKCB;PRKCE;PRKCD;PRKCA;PRKAB1;DGKZ;PRKAR1B;MAPKAPK2;BTK;PRKCQ;EPHA3;EPHA10;CSF2RB;STK4;PRKCZ;GRK3;GRK2;GRK5;GRK6;MARK3;MARK1;LYN;TNK2;INSR;PTK6;BMX;PTK2;FER;CDK5;MAP3K13;MAP3K11;MAP3K12;PRR5;PRKAG1;PRKAG2;ILK;PPP3CB;RB1CC1;PRKG2;PRKG1;MAP4K1;MAP4K2;SYK;YWHAZ;FGR;HCK;ZAP70;CREB1;LCK;PICK1;SGK1;CAMK2B;CAMK2D;PRKAA2;PKN3;CAMK2A;CAMKK2;PAK1;MKNK1;MKNK2;PAK6;PTK2B;CSK;FYN;MAP4K5;PAK3;MAPK6;PAK2;MAP4K3;PAK4;LIMK2;LIMK1;CDC42BPB;TAOK3;CAMK4;TAOK2;PKN2;PKN1,0.23543123543123542
5,985,Guanyl-Nucleotide Exchange Factor Activity (GO:0005085),70/203,4.81556010209366e-38,molecular function regulator activity,GO_Molecular_Function_2023,2.031881899617578e-40,0.0,0.0,10.861087144089732,992.642991575044,DOCK6;DOCK4;TRIO;DOCK3;DENND1A;RASGRF2;ITSN1;DOCK7;RASGRF1;PREX2;PREX1;RABGEF1;AKAP13;DOCK11;MCF2L;SBF2;VAV3;ARHGEF10;PLEKHG1;PLEKHG2;ARHGEF15;DENND2B;SWAP70;ARHGEF17;ARHGEF16;ARHGEF18;RHOD;VAV1;VAV2;BCR;TIAM2;TIAM1;ARHGEF9;OBSCN;ALS2;SPATA13;ARHGEF3;ELMO1;ARHGEF4;RHOU;ARHGEF2;RIN1;ARHGEF7;DOCK2;RIN2;DOCK1;NGEF;ARHGEF5;ARHGEF6;RAPGEF4;ARHGEF25;ARHGEF28;RASGRP2;KALRN;RASGRP1;FGD1;RASGRP4;FGD3;CYTH3;GNA13;CYTH2;FGD5;RAP1A;RALGDS;CYTH1;FARP2;HPS1;DNMBP;RGL3;LAMTOR3,0.3448275862068966
5,985,GABA Receptor Activity (GO:0016917),17/21,9.231796501714765e-18,molecular transducer activity,GO_Molecular_Function_2023,2.5639157292832475e-19,0.0,0.0,83.46771694214875,3573.0510618374724,GABRA2;GABRB3;GABRQ;GABRA1;GABRB2;GABRB1;GABRA6;GABRA5;GABRA4;GABRA3;GABRG3;GABRG2;GABRG1;GABRR2;GABRR1;GABRE;GABRD,0.8095238095238095
5,985,Ras Protein Signal Transduction (GO:0007265),59/144,1.7612591768661537e-36,cellular process,GO_Biological_Process_2023,3.485341379022732e-39,0.0,0.0,14.189683648837503,1256.5284512212136,CYFIP1;NCKAP1;GDI1;RASGRF2;RASGRF1;ARHGAP1;ARHGAP5;ARHGAP35;ARHGAP4;EPS8;RASSF1;ARHGDIA;CFL1;RAC3;USP8;DBNL;KSR1;RHOG;RRAS2;RHOD;RHOB;CNKSR2;SHTN1;TIAM1;DOK2;MRAS;DOK4;DOK6;ELMO1;ARHGEF3;RAPGEF4;RALA;RALB;GARRE1;WAS;PLD1;RASGRP2;RASGRP1;NTN1;RASGRP4;RAP1B;GNA13;RAP1A;RRAS;GNA12;SHOC2;WASF1;RALGDS;BRAP;FARP2;NGFR;LIMK1;MYO9B;RIT1;RIT2;GNB1;NF1;RGL3;GRAP,0.4097222222222222
5,985,Neuron Projection (GO:0043005),109/557,1.4662869553705507e-34,cellular anatomical structure,GO_Cellular_Component_2023,2.2300942287004574e-36,0.0,0.0,5.156869190313111,423.3326493031452,CYFIP2;EPHB6;CYFIP1;IGF1R;CDH2;SCN11A;PPP2R1A;CAPN2;EPHB2;EPHB1;EPHB3;EPHA5;EPHA4;EPHA7;MAGI2;GABRG3;MAPK8IP3;GABRG2;CD2AP;GABRG1;UHMK1;SHTN1;BIN1;MAP1B;SCN8A;EPHA3;LLGL1;GRIA1;RTN4R;GRIA2;EPHA10;IQGAP1;MARK3;MARK1;SYT2;HOMER1;CNTN6;INSR;MYO5A;RAB27A;L1CAM;GRIN2B;CDK5;NF1;CNTN2;STRN;SCN2A;FGF13;RAB5A;GABRB3;GABRB2;ROBO3;GABRB1;PTPRS;RASGRF1;PTPRO;DOCK7;SLC6A1;GABRR2;TMEM222;GABRR1;NEFL;RAC3;GIT1;ARHGEF15;HTR3A;HTR3B;OPRM1;RHOC;ALS2;PICK1;ARHGEF7;SHANK3;SHANK1;CAMK2B;CAMK2D;PRKAA2;SEMA3A;KCNA2;CAMK2A;KCNA3;ATP1A3;CDC42;PAK1;GLRA3;RELN;GNA12;PTK2B;FYN;CTNNA2;GABRE;GABRD;CAMK2G;GABRA2;GABRQ;GABRA1;NTRK2;SLC12A5;GABRA6;GABRA5;GABRA4;NTRK3;GABRA3;LIMK1;RIT2;SYT11;TAOK2;CDK5R2;CDK5R1,0.19569120287253142
5,985,Actin Cytoskeleton (GO:0015629),83/327,1.4662869553705507e-34,cellular anatomical structure,GO_Cellular_Component_2023,1.888779014871442e-36,0.0,0.0,7.078954781723674,582.2945232210833,WIPF1;ARPC1B;ARPC1A;WASL;ACTB;MYLK3;MYLK;ACTG1;RND1;AKAP13;CDH2;CFL2;CFL1;RAC2;CAPN2;FLOT1;FLOT2;SPTAN1;APC2;ACTR3;ACTR2;DBNL;PPP1R12A;ACTN3;ACTN2;TPM3;ACTN1;SWAP70;CASK;ACTN4;CD2AP;FGR;HCK;ACTA1;CTTN;BIN1;CDC42EP4;MYH9;AMPH;TLN2;EZR;EPHA3;LLGL1;RHOQ;WAS;ASAP1;IQGAP1;IQGAP2;KALRN;NTN1;PAK1;SCIN;ABLIM2;ABLIM3;CNR1;MYO6;FLNA;ABL2;FLNB;WASF1;WASF2;SPTBN1;CORIN;SPTBN2;VASP;GSN;RDX;MYO5A;DSTN;MYO9B;ARPC5;BAIAP2;DIAPH1;DIAPH2;FER;MYO1C;PARVG;ARPC2;ARPC3;TAOK2;ZYX;SPRY2;TEK,0.25382262996941896
5,985,Protein Serine/Threonine Kinase Activity (GO:0004674),84/342,1.5787484526195526e-33,catalytic activity,GO_Molecular_Function_2023,9.992078814047802e-36,0.0,0.0,6.777946983971298,546.243360089254,MYLK2;ILK;MYLK3;MYLK;RPS6KA4;RPS6KA3;STK10;RPS6KA6;RPS6KA5;RPS6KA2;RPS6KA1;PIM1;MAP3K8;MAP3K9;MAP3K6;PRKACB;MAP3K4;MAP3K5;MAP4K1;MAP4K2;PRKAB2;PRKCI;PRKCH;CSNK2A1;SYK;PRKCB;PRKCE;PRKCD;CASK;PRKCA;VRK3;PRKAB1;UHMK1;MAPKAPK3;MAPKAPK2;ULK2;PRKCQ;SGK1;CAMK2B;CAMK2D;PRKAA2;PKN3;CAMK2A;STK4;PRKCZ;CAMKK2;PAK1;GRK3;GRK2;MAPK7;GRK5;MKNK1;GRK6;MKNK2;PAK6;PTK2B;FYN;MAP4K5;PAK3;MAPK6;PAK2;MARK3;CAMK2G;MAP4K3;MAPK4;BRD4;PAK4;MARK1;MAP3K2;LIMK2;LIMK1;CDC42BPB;MAPK12;MAPK13;MOS;TAOK3;CDK5;CAMK4;TAOK2;PKN2;PKN1;MAP3K13;MAP3K11;MAP3K12,0.24561403508771928
5,985,Axon Guidance (GO:0007411),57/149,2.326037563513456e-33,cellular process,GO_Biological_Process_2023,6.137302278399619e-36,0.0,0.0,12.633655828335831,1024.3201137593387,CYFIP2;EPHB6;CYFIP1;ROBO3;TRIO;PLXND1;PTPRO;ARHGAP35;RPS6KA5;DPYSL5;RAC3;EPHB2;EPHB1;NEO1;SCN1B;EPHB3;EPHA5;EPHA4;EPHA7;UNC5A;UNC5B;DCC;SEMA6D;UNC5C;ENAH;GAP43;PRKCQ;EPHA3;EPHA10;ARHGEF25;SEMA3A;SEMA3E;EFNA5;EFNA4;KALRN;NTN1;EFNB2;EFNB1;EFNB3;RELN;CHN1;PLXNA2;SLIT1;PLXNA1;FYN;NCAM1;PLXNA4;VASP;CNTN6;SEMA4F;L1CAM;PTK2;EFNA3;EFNA2;CNTN2;PLXNB1;CDK5R1,0.3825503355704698
5,985,Ephrin Receptor Signaling Pathway (GO:0048013),33/43,1.6927170025081428e-32,cellular process,GO_Biological_Process_2023,5.024555746231295e-35,0.0,0.0,65.87867647058823,5202.843655897345,EPHB6;EPHA10;ARHGEF28;EFNA5;EFNA4;KALRN;EFNB2;EFNB1;PAK1;EFNB3;CHN1;FYN;EPHB2;PAK3;EPHB1;EPHB4;EPHB3;EPHA5;LYN;EPHA4;EPHA7;YES1;MMP2;PTK2;TIAM1;EFNA3;EFNA2;RASA1;ARHGEF7;EPHA3;NGEF;CDK5R1;EPHA2,0.7674418604651163
5,985,Axonogenesis (GO:0007409),62/188,3.973185426400239e-32,cellular process,GO_Biological_Process_2023,1.310417356992163e-34,0.0,0.0,10.069975408003575,785.6347845385126,CYFIP2;EPHB6;CYFIP1;ROBO3;TRIO;DOCK7;PTPRO;ARHGAP35;PPP3CB;RPS6KA5;DPYSL5;EPHB2;EPHB1;NEO1;SCN1B;EPHB3;EPHA5;EPHA4;EPHA7;HSP90AA1;DCC;APLP2;SEMA6D;UNC5C;ENAH;SHTN1;MAP1B;PARD3;ULK2;PRKCQ;EPHA3;LLGL1;EPHA10;ARHGEF25;SEMA3A;SEMA3E;EFNA5;EFNA4;KALRN;EFNB2;EFNB1;PARD6B;EFNB3;RELN;SLIT1;SLITRK5;FYN;CTNNA2;PAK3;VASP;CNTN6;SEMA4F;L1CAM;BAIAP2;PTK2;RAB10;EFNA3;EFNA2;CDK5;TAOK2;CNTN2;CDK5R1,0.32978723404255317
5,985,Protein Kinase Binding (GO:0019901),99/511,1.3116144454571429e-30,binding,GO_Molecular_Function_2023,1.106847633297167e-32,0.0,0.0,5.04530287755594,371.23947526408926,IRS1;PEBP1;ACTB;PPP1CB;CDH5;SIRPA;MAP2K3;PDGFRB;EPHA4;PRKAB2;PRKCB;PRKCD;UNC5C;PSG3;MAPK8IP2;PRKAB1;MAPK8IP3;MAPK8IP1;PRKAR1B;MAPKAPK3;PRKAR1A;MAPKAPK2;EZR;LLGL1;GRB7;AGAP2;IQGAP1;FOXO3;SOCS1;GRK5;PRKAR2B;PRKAR2A;PLCG2;SFN;CAV2;MSN;GP6;PTK2;NBEA;NOX4;MAP3K13;CALM1;MAP3K11;MAP3K12;PTPRR;CLTC;PDE3B;PRKAG1;PRKAG2;ILK;AP2A1;PTPRJ;DUSP16;AP2A2;GHR;SPRED3;SPRED2;SPRED1;DUSP10;RB1CC1;BLNK;PRKG2;RAC3;ITGAV;YWHAG;APPL1;DSP;MAP4K2;HSP90AA1;DUSP3;PPP1R12A;RHOG;YWHAZ;DNM1;CEACAM3;CNKSR2;FGR;LCK;PICK1;ARHGEF7;EXOC2;WAS;CDC42;MAPK7;CSK;SH2B3;PAK2;MAPK4;MAP3K2;PTPN1;TAOK2;SPRY2;PTPN6;PKN1;PTPN5;PTPN2;CDK5R2;CDK5R1;TJP2,0.19373776908023482
5,985,Protein Autophosphorylation (GO:0046777),55/162,3.998590198957735e-29,cellular process,GO_Biological_Process_2023,1.4506758637379643e-31,0.0,0.0,10.450607979097578,742.0779034111149,MYLK2;FLT3;IGF1R;STK10;EEF2K;RB1CC1;PIM1;MAP3K9;EPHB1;EPHB4;EPHB3;PDGFRB;MAP4K1;EPHA4;PDGFRA;UHMK1;FGR;HCK;MAPKAPK3;LCK;MAPKAPK2;KIT;ULK2;CAMK2B;CAMK2D;CAMK2A;PRKX;STK4;CAMKK2;PAK1;GRK5;MKNK1;MKNK2;PTK2B;FYN;MARK3;PAK2;LYN;NTRK2;SRMS;INSR;PTK6;BMX;PTK2;MOS;FER;TAOK3;FES;CAMK4;TAOK2;TEK;MAP3K13;FGFR3;MAP3K11;MAP3K12,0.3395061728395062
5,985,Protein Tyrosine Kinase Activity (GO:0004713),42/99,5.4304936942685206e-27,catalytic activity,GO_Molecular_Function_2023,5.728368875810675e-29,0.0,0.0,14.813417424792098,963.3096746041068,BLK;ITK;FLT3;IGF1R;CAMKK2;RPS6KA5;ABL2;PTK2B;CSK;FYN;EPHB2;EPHB4;PDGFRB;LYN;EPHA4;PDGFRA;EPHA7;SRMS;YES1;SYK;INSR;TNK2;NTRK3;MATK;PTK6;BMX;PTK2;BCR;FGR;HCK;ZAP70;FER;TEC;FES;LCK;KIT;BTK;TEK;FGFR3;MET;FRK;EPHA2,0.42424242424242425
5,985,Regulation Of Intracellular Signal Transduction (GO:1902531),81/297,1.965322034971453e-35,biological regulation,GO_Biological_Process_2023,4.537352983113513e-38,0.0,0.0,7.798257743362832,670.540130446869,ARHGAP9;TRIO;DOCK3;RASGRF2;ITSN1;ARHGAP1;ARHGAP5;ARHGAP35;ARHGAP4;PREX2;PREX1;AKAP13;SPRED1;MCF2L;ITGAV;VAV3;ARHGEF10;RALBP1;PLEKHG1;ARHGEF15;SWAP70;ARHGEF17;ARAP1;RHOD;VAV1;VAV2;RNF41;BCR;TIAM2;TIAM1;ARHGEF9;OBSCN;SPATA13;ARHGEF3;ARHGEF4;RHOU;ARHGEF2;EZR;SGK1;DOCK2;NGEF;ARHGEF5;PHLPP1;ARHGEF25;ARHGEF28;AKAP6;AKAP5;STK4;KALRN;FGD1;GNAI1;FGD3;GNA13;FGD5;PAK1;RRAS;CHN2;CHN1;GNA12;PLCG2;PIP5K1A;PAK6;PIP5K1B;PIP5K1C;SRGAP3;PAK3;PAK2;PAK4;LYN;NTRK2;NTRK3;MYO9B;ARHGAP26;PTPN13;ARHGAP31;RIT2;ARHGAP30;DNMBP;TAOK3;GRAP;TEK,0.2727272727272727
5,985,Positive Regulation Of Plasma Membrane Bounded Cell Projection Assembly (GO:0120034),20/88,2.0174211324890994e-07,biological regulation,GO_Biological_Process_2023,7.385677628835422e-09,0.0,0.0,5.774763791526974,108.12507859148624,ACTR3;CYFIP1;NCKAP1;ACTR2;RALA;WASL;ARAP1;FNBP1L;ARHGAP35;EPS8;CDC42;DOCK11;OCLN;ARPC2;CDC42EP5;CDC42EP4;RAC2;PFN1;WASF2;RHOQ,0.22727272727272727
5,985,Phosphotyrosine Residue Binding (GO:0001784),22/39,9.863621904318964e-18,binding,GO_Molecular_Function_2023,3.1213993368097983e-19,0.0,0.0,25.53026693543461,1087.8660010884307,SHC3;YES1;SYK;IRS1;CBLC;PIK3R3;SHB;VAV1;VAV2;FGR;HCK;ZAP70;LCK;RASA1;NCK2;PLCG2;ABL2;PTPN6;GRAP;PFN1;PTPN5;PTPN3,0.5641025641025641
5,985,Ribonucleoside Triphosphate Phosphatase Activity (GO:0017111),54/270,1.8495886884319177e-17,catalytic activity,GO_Molecular_Function_2023,6.633545928975234e-19,0.0,0.0,5.048066595059076,211.2968087507813,ARF1;RND1;RGS3;RAC2;RAC3;RHOG;RRAS2;RHOC;RHOD;DNM1;RHOB;DNM2;DNM3;MRAS;RASA1;RRAGD;RHOU;RHOQ;ARF6;GNAZ;RGS17;RAB5B;RALA;RAB5C;RALB;RGS19;AGAP2;GNAI3;GNAI1;RAP1GAP;GNAI2;RAP1B;CDC42;GNA13;GNA14;GNG10;GNA15;RAP1A;RRAS;GNA11;GNA12;RGS20;RAB4A;RAB4B;RAB27A;GNG11;GNAO1;RIT1;RIT2;GNB1;GNAS;GNB3;GNB5;RAB5A,0.2
5,985,Cytoplasmic Side Of Plasma Membrane (GO:0009898),32/124,1.0523723169164525e-13,cellular anatomical structure,GO_Cellular_Component_2023,5.2018403497771406e-15,0.0,0.0,6.906519458004471,227.15379447241244,BLK;TRAF3IP2;AP2A1;IQGAP1;AKAP5;AP2A2;PPP3CA;AP2S1;FYN;AP2M1;CYTH1;LYN;SRMS;YES1;SYK;EXOC7;PTK6;AP2B1;FGR;TIAM1;HCK;ZAP70;FER;RASA3;FES;LCK;NPHS2;MYH9;PTPN7;EZR;FRK;PTPN3,0.25806451612903225
5,985,Positive Regulation Of Cell Motility (GO:2000147),44/221,1.1879876169311197e-13,biological regulation,GO_Biological_Process_2023,1.4497210364924612e-15,0.0,0.0,4.976506541304178,170.03431570418454,GRB7;PDGFA;PIK3R3;TWIST1;CXCR4;SEMA3E;NTN1;MYLK;IGF1R;CDC42;PPP3CA;CDH5;SDCBP;PAK1;PDGFD;PDGFC;NTF3;PTK2B;STX4;EPHB2;PDGFRB;EPHA4;PDGFRA;INSR;HGF;SEMA6D;NTRK3;RDX;PRKCA;SEMA4F;ACTN4;RHOC;RHOD;PTK2;FGR;TIAM1;FER;MYO1C;KIT;SNAI1;NUMB;SPRY2;ITGA6;EPHA2,0.19909502262443438
5,985,Regulation Of Actin Cytoskeleton Organization (GO:0032956),28/91,1.5246126481197025e-13,biological regulation,GO_Biological_Process_2023,1.9107942159811573e-15,0.0,0.0,8.80157900847556,298.2965798733961,RALA;PDGFA;SEMA3E;EFNA5;IQGAP2;ARHGAP35;EPS8;CDC42;PAK1;ARHGDIA;RAC3;ABL2;PTK2B;PAK3;EPHA5;PDGFRB;PDGFRA;SIGLEC15;PRKCD;RHOG;BAIAP2;HCK;CAPN10;TAOK2;EZR;ARHGEF5;EPHA3;RHOQ,0.3076923076923077
5,985,Regulation Of ERK1 And ERK2 Cascade (GO:0070372),46/244,2.2203030545751166e-13,biological regulation,GO_Biological_Process_2023,2.8559307100405527e-15,0.0,0.0,4.655619023031163,155.9137881351381,PTPRR;PDGFA;ARRB1;ARRB2;PRKCZ;RASGRP1;SPRED3;SPRED2;RPS6KA6;SPRED1;RAP1A;DUSP10;RRAS;PDGFD;PDGFC;SIRPA;PTK2B;ALKAL2;ALKAL1;EPHB2;EPHB1;LYN;PDGFRB;EPHA4;PDGFRA;NTRK2;PTPN1;EPHA7;DUSP3;SYK;DENND2B;NTRK3;RANBP9;PRKCA;OPRM1;YWHAZ;DUSP6;SPRY2;PTPN6;TEK;EZR;FGFR3;ARHGEF5;PTPN2;EPHA2;MAP3K12,0.1885245901639344
5,985,Positive Regulation Of Cytoskeleton Organization (GO:0051495),26/79,2.347838204636872e-13,biological regulation,GO_Biological_Process_2023,3.097411879468169e-15,0.0,0.0,9.69980522163417,324.05312504778084,NCKAP1;MYLK3;SCIN;CFL2;NCK2;PTK2B;NCKAP1L;NCK1;VASP;GSN;PRKCE;LIMK1;BAIAP2;HCK;FER;CTTN;CDK5;BIN1;CDC42EP5;FES;CDC42EP4;EVL;TEK;PFN1;PFN3;ARF6,0.3291139240506329
5,985,Lamellipodium Organization (GO:0097581),17/30,2.4909205260202493e-13,cellular process,GO_Biological_Process_2023,3.3683292073492816e-15,0.0,0.0,25.67021614748888,855.4435128217016,CYFIP1;PTPRO;MYO9B;RHOD;SNX1;ABLIM2;ABLIM3;CTTN;KIT;SPATA13;S1PR1;ARFIP2;ARHGEF4;WASF1;ARHGEF7;VCL;ARHGEF6,0.5666666666666667
5,985,Heterotrimeric G-protein Complex (GO:0005834),15/24,3.54804974066141e-13,protein-containing complex,GO_Cellular_Component_2023,1.8886956794395343e-14,0.0,0.0,32.65635738831615,1031.9508480358431,GNAZ;GNAI3;GNAI1;GNAI2;GNA13;GNAO1;GNA14;GNA15;GNG2;GNA12;GNB1;GNAS;GNB4;GNB3;GNB5,0.625
5,985,Neuron Projection Development (GO:0031175),40/192,4.149704145157219e-13,cellular process,GO_Biological_Process_2023,5.748270913476359e-15,0.0,0.0,5.252854358117516,172.24044985655678,NCKAP1;TRIO;DOCK7;RASGRF1;WASL;ARHGAP35;CDC42;PAK1;FLRT3;NPY;NTF3;NRTN;NCKAP1L;SRGAP3;EPHB2;PAK3;EPHB1;SH3GL2;EPHB3;LYN;EPHA4;TOR1A;DBNL;UNC5A;L1CAM;NGF;MAPK8IP3;UHMK1;DNM2;SHTN1;CDK5;ALS2;CTTN;TAOK3;MAP1B;PLXNB1;SGK1;SHANK3;SHANK1;CDK5R1,0.20833333333333334
5,985,Purine Ribonucleoside Triphosphate Binding (GO:0035639),66/476,4.645863420179096e-13,binding,GO_Molecular_Function_2023,2.352335908951441e-14,0.0,0.0,3.2589240691101145,102.26758727828488,ARF1;PRKAG1;PRKAG2;RND1;RPS6KA4;RPS6KA5;PIM1;RAC2;ARFIP2;RAC3;PIP4K2B;MAP3K6;PRKACB;MAP3K5;MAP4K1;MAP4K2;PRKCI;HSP90AA1;KSR1;RHOG;RRAS2;RHOC;RHOD;UHMK1;RHOB;DNM2;ACTA1;ZAP70;MRAS;RRAGD;BTK;MYH9;RHOU;ARHGEF5;RHOQ;ARF6;RALA;RALB;AGAP2;ATP1A3;STK4;GNAI1;RAP1B;CDC42;PTPA;GNA14;GNA15;RAP1A;RRAS;GNA11;MKNK1;MKNK2;MAP4K5;MYH10;MAP4K3;MARK1;RAB4A;RAB4B;INSR;RAB27A;MYO9B;CDC42BPB;RAB10;RIT1;RIT2;RAB5A,0.13865546218487396
5,985,Negative Regulation Of Cellular Response To Insulin Stimulus (GO:1900077),16/27,5.863495965987746e-13,biological regulation,GO_Biological_Process_2023,8.315644015088162e-15,0.0,0.0,28.52650342433624,924.8474361639406,GRB7;PTPN1;IRS1;PRKCB;APLP2;PRKCD;PRKCZ;SOCS1;GRB14;GRB10;PIP4K2A;PIP4K2B;PRKCQ;PIP4K2C;PTPN2;NCK1,0.5925925925925926
5,985,B Cell Receptor Signaling Pathway (GO:0050853),20/46,6.660835411908867e-13,cellular process,GO_Biological_Process_2023,9.666119990896772e-15,0.0,0.0,15.13670785173376,488.4638239185356,BLK;VAV3;ITK;MEF2C;SYK;PRKCB;NFATC2;BMX;CD79B;LAT2;CD79A;TEC;LCK;CD19;BLNK;PLCG2;BTK;IGHE;NCKAP1L;SH2B2,0.43478260869565216
5,985,Positive Regulation Of Protein Polymerization (GO:0032273),24/70,8.33839138450829e-13,biological regulation,GO_Biological_Process_2023,1.2650593789161651e-14,0.0,0.0,10.29851151427408,329.56341094289166,VASP;NCKAP1;HSP90AA1;CAV3;PRKCE;BAIAP2;HCK;PAK1;FER;OCLN;CTTN;BIN1;CDC42EP5;FES;CDC42EP4;NCK2;PTK2B;EVL;NCKAP1L;PFN1;MET;NCK1;ARF6;CDK5R1,0.34285714285714286
5,985,Rho Protein Signal Transduction (GO:0007266),21/52,8.33839138450829e-13,cellular process,GO_Biological_Process_2023,1.2608314926611658e-14,0.0,0.0,13.34038281354571,426.951212975224,NGFR;LIMK1;ARHGAP1;RHOG;WAS;MYO9B;ARHGAP5;RHOD;NTN1;ARHGAP35;ARHGAP4;RHOB;EPS8;CDC42;GNA13;SHTN1;ARHGDIA;CFL1;GNA12;ARHGEF3;RHOU,0.40384615384615385
5,985,Regulation Of Cell Adhesion (GO:0030155),34/144,8.368545952589794e-13,biological regulation,GO_Biological_Process_2023,1.2972350256323228e-14,0.0,0.0,6.144441258005926,196.4743845756006,PLXND1;PDE3B;CXCR4;PTPRJ;PRKX;EFNA5;RND1;PPP1CB;PPP2CA;PPP3CA;PPP2R1A;PLXNA2;RAC2;ABL2;PLXNA1;PTK2B;ITGAV;STX4;EPHB2;PLXNA4;CYTH1;EPHB3;LYN;EPHA4;EPHA7;PPP1R12A;PRKCA;RHOD;PTK2;FES;RASA1;PLXNB1;SIPA1;EPHA2,0.2361111111111111
5,985,"Synaptic Transmission, GABAergic (GO:0051932)",12/14,1.0011173391667138e-12,cellular process,GO_Biological_Process_2023,1.5848823311346392e-14,0.0,0.0,117.24357656731758,3725.4945042912536,GABRA2;GABRB3;GABRA1;GABRB2;GABRA6;GABRA5;GABRA4;GABRA3;GABRE;GABRG3;GABRG2;GABRG1,0.8571428571428571
5,985,Ephrin Receptor Activity (GO:0005003),12/15,1.4350528498416865e-12,catalytic activity,GO_Molecular_Function_2023,7.568844144734633e-14,0.0,0.0,78.15827338129496,2361.329552219682,EPHA5;EPHB6;EPHA4;EPHA7;EFNB3;EPHA10;EPHB2;EFNA4;EPHB1;EPHA3;EPHB4;EPHB3,0.8
5,985,Peptidyl-Tyrosine Dephosphorylation (GO:0035335),16/29,2.439872839400975e-12,cellular process,GO_Biological_Process_2023,3.9430662642034235e-14,0.0,0.0,24.13527030245297,744.9165974835973,PTPN1;PTPN18;PTPRR;PTPRS;DUSP3;PTPRO;PTPRJ;PTPN12;PTPN13;PTPRF;DUSP6;DUSP7;DUSP10;PTPN6;PTPN5;PTPN2,0.5517241379310345
5,985,Positive Regulation Of Cell Projection Organization (GO:0031346),30/118,3.4577729102317817e-12,biological regulation,GO_Biological_Process_2023,5.702132107902016e-14,0.0,0.0,6.756425511661114,206.03956844962235,CAMK2B;PLXND1;ARHGAP35;RAP1A;RELN;CUX1;PLXNA2;NPTN;PLXNA1;PTK2B;ALKAL2;ALKAL1;SCN1B;PLXNA4;LYN;NTRK2;PRKCI;KIDINS220;NTRK3;MAGI2;PTK6;TIAM2;PTPRD;TIAM1;RIT2;FES;PLXNB1;ITGA6;MAP3K13;EPHA3,0.2542372881355932
5,985,Calmodulin-Dependent Protein Kinase Activity (GO:0004683),14/23,4.436603991374049e-12,catalytic activity,GO_Molecular_Function_2023,2.433580248433023e-13,0.0,0.0,30.44787733150246,884.3355383869696,CAMK2B;MYLK2;CAMK2D;CAMK2A;PHKA2;MYLK3;EEF2K;MAPKAPK3;CAMK4;MKNK1;MAPKAPK2;MKNK2;PTK2B;CAMK2G,0.6086956521739131
5,985,Receptor Tyrosine Kinase Binding (GO:0030971),23/59,3.5732323768187254e-14,binding,GO_Molecular_Function_2023,1.7338469338993812e-15,0.0,0.0,12.60444097944098,428.40520773838455,SHC4;PTPN1;DOCK4;DUSP3;SHC3;IRS1;TRAT1;ARHGEF16;CBLC;FLT3LG;CBLB;RNF41;GRB14;BLNK;ELMO2;ALKAL2;ALKAL1;SH2B3;SH2B2;PTPN2;NCK1;SH2B1;SOCS5,0.3898305084745763
5,985,Ligand-Gated Monoatomic Anion Channel Activity (GO:0099095),14/18,2.4751056111482048e-14,transporter activity,GO_Molecular_Function_2023,1.1487831950476901e-15,0.0,0.0,68.52574665293511,2357.290694365242,GABRA2;GABRB3;GABRA1;GABRB2;GABRB1;GABRA6;GABRA5;GABRA4;GABRA3;GABRG3;GABRG2;GABRG1;GLRA3;GABRE,0.7777777777777778
5,985,Gamma-Aminobutyric Acid Signaling Pathway (GO:0007214),15/20,2.271722363369985e-14,cellular process,GO_Biological_Process_2023,2.697295682101565e-16,0.0,0.0,58.79381443298969,2107.706027700446,GABRA2;GABRB3;GABRA1;GABRB2;GABRB1;GABRA6;GABRA5;GABRA4;GABRA3;GABRG3;GABRG2;GABRG1;GNAI2;GABRR1;GABRE,0.75
5,985,MAPK Cascade (GO:0000165),30/98,1.916281516223016e-14,cellular process,GO_Biological_Process_2023,2.212066394056912e-16,0.0,0.0,8.752848783492455,315.51774224239693,CAMKK2;PPP1CB;PAK1;NRTN;ITGAV;MAP3K4;MAP2K5;MAP3K5;MAP2K3;MEF2A;BRAP;MEF2C;DUSP9;DUSP6;MAPK12;DUSP7;MAPK13;MOS;RIT2;TAOK3;MAPKAPK2;TAOK2;NF1;PTPN7;FGF13;MAP3K13;FGFR3;SHANK3;MAP3K11;PTPN3,0.30612244897959184
5,985,Dendrite (GO:0030425),54/270,2.166809296729565e-17,cellular anatomical structure,GO_Cellular_Component_2023,6.633545928975234e-19,0.0,0.0,5.048066595059076,211.2968087507813,EPHB6;DAGLA;TMEM222;CAPN2;EPHB2;EPHB1;EPHB3;EPHA5;EPHA4;EPHA7;ARHGEF15;MAGI2;OPRM1;GABRG3;MAPK8IP3;GABRG2;CD2AP;GABRG1;UHMK1;ALS2;BIN1;MAP1B;EPHA3;SHANK1;GRIA1;GRIA2;PRKAA2;EPHA10;KCNA2;AKAP5;PAK1;RELN;PTK2B;FYN;GABRE;MARK3;MARK1;GABRA2;GABRA1;NTRK2;HOMER1;GABRA6;GABRA5;INSR;GABRA4;GABRA3;RAB27A;CDK5;SYT11;NF1;STRN;FGF13;RAB5A;CDK5R1,0.2
5,985,Cell-Cell Junction (GO:0005911),57/299,2.166809296729565e-17,cellular anatomical structure,GO_Cellular_Component_2023,7.414936756869234e-19,0.0,0.0,4.764805678255914,198.9097687450226,PTPRU;CTNND1;SNAP23;PTPRJ;ACTG1;RND1;CDH5;CDH2;GJA4;FLOT1;FLOT2;MAGI1;DSP;PRKCI;KIRREL1;ACTN1;CASK;TIAM1;CNKSR1;MYH2;PARD3;CDC42EP4;EZR;TLN1;LLGL1;VCL;EPHA2;PXN;PRKCZ;RAP1B;CYTH3;SDCBP;PAK1;PARD6B;PARD6A;CTNNA1;FLNA;CTNNA3;CTNNA2;PAK2;JAM3;PAK4;RDX;MSN;SORBS1;CDC42BPB;BAIAP2;PPP1CA;RAB10;OCLN;DNMBP;NPHS1;NPHS2;ZYX;PKN2;TEK;TJP2,0.19063545150501673
5,985,Fc-gamma Receptor Signaling Pathway (GO:0038094),18/24,3.2112866300859016e-17,cellular process,GO_Biological_Process_2023,2.5419155383265715e-19,0.0,0.0,58.97311271975181,2525.0045193101805,LYN;VAV3;FCER1G;YES1;SYK;PRKCE;LIMK1;PRKCD;PTK2;VAV1;PLD2;VAV2;FGR;HCK;PAK1;PLPP4;LCK;FYN,0.75
5,985,Endocytic Vesicle (GO:0030139),45/196,5.609840328193842e-17,cellular anatomical structure,GO_Cellular_Component_2023,2.1330191361953782e-18,0.0,0.0,5.980555164153868,243.3427687829604,GRIA1;CAMK2B;GRIA2;RAB5B;CAMK2D;RALA;SH3KBP1;CLTC;CAMK2A;LPAR1;CLTB;LPAR2;CLTA;AP2A1;WASL;ARRB2;PLD1;AP2A2;RABGEF1;MYO6;CLTCL1;AP2S1;FLOT2;ITGAV;SRGAP3;CACNG3;CAMK2G;AP2M1;GRIA3;LYN;HSP90AA1;AP2B1;DNM2;GNAO1;EHD2;FMNL1;EHD4;CTTN;SYT11;PICK1;RIN1;RIN2;STAM2;RAB5A;ARF6,0.22959183673469388
5,985,Regulation Of Neuron Projection Development (GO:0010975),43/174,7.597065566213729e-17,biological regulation,GO_Biological_Process_2023,6.264071212247468e-19,0.0,0.0,6.580217500526734,275.80512115305714,RTN4R;CAMK2B;PTPRS;SEMA3A;PTPRO;LPAR1;ARHGAP35;EFNB2;PAK1;RAP1A;RELN;CDH2;CFL1;CHN1;NPTN;ABL2;PTK2B;ALKAL2;ALKAL1;CTNNA2;PAK3;CAMK2G;PAK2;SCN1B;EPHB3;MARK1;LYN;EPHA4;NTRK2;PRKCI;DCC;KIDINS220;NTRK3;MAGI2;PTK6;MAG;RIT2;CDK5;FES;ITGA6;SHANK3;EPHA3;CDK5R1,0.2471264367816092
5,985,Fc Receptor Mediated Stimulatory Signaling Pathway (GO:0002431),17/22,1.2554741698421125e-16,cellular process,GO_Biological_Process_2023,1.076593945115268e-18,0.0,0.0,66.77066115702479,2762.4844939619197,LYN;VAV3;FCER1G;YES1;SYK;PRKCE;LIMK1;PRKCD;PTK2;VAV1;PLD2;VAV2;FGR;HCK;PAK1;PLPP4;FYN,0.7727272727272727
5,985,Kinase Binding (GO:0019900),71/460,1.9213292955165622e-16,binding,GO_Molecular_Function_2023,7.296187198164161e-18,0.0,0.0,3.719479336007155,146.7676037472712,PTPRR;DGKD;CLTC;PRKAG1;PRKAG2;PEBP1;ILK;AP2A1;PTPRJ;AP2A2;ACTB;PPP1CB;GHR;SPRED3;SPRED2;SPRED1;RB1CC1;BLNK;CHP1;RAC3;MAP2K3;PDGFRB;PRKAB2;DUSP3;PPP1R12A;PRKCD;RHOG;UNC5C;MAPK8IP2;PRKAB1;YWHAZ;DNM1;CNKSR2;FGR;TIAM1;LCK;CDC37;ARHGEF7;EXOC2;LLGL1;GRB7;CAB39;AGAP2;WAS;IQGAP1;FOXO3;CDC42;SOCS1;PLCG2;PIP5K1A;FLNA;SFN;PAK2;MAPK4;MAP3K2;PTPN1;GSN;CAV2;MSN;PTK2;NBEA;SNAI1;SPRY2;PTPN6;MAP3K13;CALM1;PTPN5;PTPN2;CDK5R2;MAP3K12;CDK5R1,0.15434782608695652
5,985,Peptidyl-Serine Phosphorylation (GO:0018105),40/158,4.637888076603836e-16,cellular process,GO_Biological_Process_2023,4.206314619124231e-18,0.0,0.0,6.778584880279795,271.21080686147,CAMK2B;CAMK2D;CAB39;PKN3;CAMK2A;PRKX;STK4;PRKCZ;RPS6KA3;GRK2;MKNK1;MKNK2;PRKACB;MARK3;PAK2;MARK1;MAP4K1;PRKCI;PRKCH;CSNK2A1;PRKCB;PRKCE;PRKCD;PRKCA;VRK3;MAPK12;UHMK1;MAPK13;MAPKAPK3;CDK5;CAMK4;MAPKAPK2;ULK2;PRKCQ;PKN2;PKN1;MAP3K13;SGK1;MAP3K12;CDK5R1,0.25316455696202533
5,985,Fc-gamma Receptor Signaling Pathway Involved In Phagocytosis (GO:0038096),16/20,4.637888076603836e-16,cellular process,GO_Biological_Process_2023,4.283010097127553e-18,0.0,0.0,78.47678018575851,3138.4336320721563,LYN;VAV3;YES1;SYK;PRKCE;LIMK1;PRKCD;PTK2;VAV1;PLD2;VAV2;FGR;HCK;PAK1;PLPP4;FYN,0.8
5,985,Transmitter-Gated Monoatomic Ion Channel Activity (GO:0022824),22/40,1.8495886884319177e-17,transporter activity,GO_Molecular_Function_2023,6.617075186214889e-19,0.0,0.0,24.11064959040037,1009.25885189367,GABRB3;GRIA1;GABRA2;GABRB2;GRIA2;GABRA1;GABRB1;GABRA6;GABRA5;GABRA4;GABRA3;GRIK1;HTR3A;GRIK2;HTR3B;GABRG3;GRIN2B;GABRG2;GABRG1;GLRA3;GABRE;GRIA3,0.55
5,985,Protein Tyrosine Kinase Binding (GO:1990782),29/85,6.367481890304459e-16,binding,GO_Molecular_Function_2023,2.5523661585608602e-17,0.0,0.0,10.269930514046624,392.3824725734187,SHC4;DOCK4;SHC3;CBLC;CBLB;CDH5;GRB14;BLNK;PLCG2;SIRPA;ALKAL2;ALKAL1;SH2B3;NCK1;SOCS5;EPHA4;PTPN1;HSP90AA1;DUSP3;ARHGEF16;FLT3LG;PSG3;GP6;RNF41;CEACAM3;ELMO2;NOX4;PTPN2;TJP2,0.3411764705882353
5,985,Positive Regulation Of Cell Migration (GO:0030335),52/272,2.322106660947393e-15,biological regulation,GO_Biological_Process_2023,2.297598938932118e-17,0.0,0.0,4.761473253434668,182.4219534542437,MYLK;IGF1R;PPP3CA;CDH5;EPHB2;PDGFRB;EPHA4;PDGFRA;PRKCE;HGF;SEMA6D;PRKCA;ACTN4;RHOC;RHOD;FGR;SHTN1;TIAM1;KIT;NUMB;ITGA6;ARHGEF2;PFN1;ARHGEF7;DOCK1;EPHA2;GRB7;SEMA3A;PDGFA;PIK3R3;TWIST1;CXCR4;SEMA3E;CDC42;SDCBP;PAK1;PDGFD;PDGFC;NTF3;PLCG2;PTK2B;NCKAP1L;STX4;INSR;NTRK3;RDX;SEMA4F;PTK2;FER;MYO1C;SNAI1;SPRY2,0.19117647058823528
5,985,Protein Tyrosine Phosphatase Activity (GO:0004725),27/76,2.3329481564620903e-15,catalytic activity,GO_Molecular_Function_2023,9.843663107434977e-17,0.0,0.0,10.90882365472285,402.0678080150558,PTPRU;PTPRR;PTPRS;PTPRN;PTPRO;PTPRJ;DUSP16;PTPRF;PPP2CA;DUSP10;PTPN1;PTPN18;DUSP3;PTPN12;DUSP8;PTPN13;DUSP9;DUSP6;PTK2;DUSP7;PTPRD;PTPRA;PTPN6;PTPN7;PTPN5;PTPN2;PTPN3,0.35526315789473684
5,985,Peptidyl-Serine Modification (GO:0018209),40/166,2.7019787799548618e-15,cellular process,GO_Biological_Process_2023,2.762577248634589e-17,0.0,0.0,6.345511043923742,241.94026525857691,CAMK2B;CAMK2D;CAB39;PKN3;CAMK2A;PRKX;STK4;PRKCZ;RPS6KA3;GRK2;MKNK1;MKNK2;PRKACB;MARK3;PAK2;MARK1;MAP4K1;PRKCI;PRKCH;CSNK2A1;PRKCB;PRKCE;PRKCD;PRKCA;VRK3;MAPK12;UHMK1;MAPK13;MAPKAPK3;CDK5;CAMK4;MAPKAPK2;ULK2;PRKCQ;PKN2;PKN1;MAP3K13;SGK1;MAP3K12;CDK5R1,0.24096385542168675
5,985,GABA-gated Chloride Ion Channel Activity (GO:0022851),12/12,4.3090563117428e-15,transporter activity,GO_Molecular_Function_2023,1.909075581151873e-16,0.0,0.0,228180.0,8258916.309863925,GABRA2;GABRB3;GABRB2;GABRB1;GABRA6;GABRA5;GABRA4;GABRA3;GABRE;GABRG3;GABRG2;GABRG1,1.0
5,985,Cytoplasmic Vesicle Membrane (GO:0030659),62/389,4.819155616377139e-15,cellular anatomical structure,GO_Cellular_Component_2023,2.0156164174961415e-16,0.0,0.0,3.838884636920559,138.73896616314588,FLT3;ARHGAP1;WDR83;ARRB1;AP2A1;WASL;SLA2;AP2A2;AP2M1;APPL1;ATP6V0B;APLP2;RHOG;RHOD;RHOB;DNM2;BACE1;PICK1;RHOU;ATP6V0D1;ATP6V0C;RHOQ;GRIA1;CAMK2B;GRIA2;RAB5B;CAMK2D;RALA;CAMK2A;ITPR1;ITPR2;ITPR3;IQGAP1;ADRB2;ABHD17C;IQGAP2;SNX1;GGA3;RAP1A;AP2S1;NCKAP1L;PIP5K1C;CACNG3;CAMK2G;GRIA3;ATP6V0A1;LYN;RAB4A;RAB4B;TOR1A;SORT1;INSR;AP2B1;RAB10;GNAO1;EHD2;DIAPH1;CLCN6;ABHD17B;ABHD17A;LAMTOR3;RAB5A,0.15938303341902313
5,985,Dephosphorylation (GO:0016311),37/147,8.852290213961036e-15,cellular process,GO_Biological_Process_2023,9.342786505499772e-17,0.0,0.0,6.707757959340237,247.57893278978256,PTPRU;PTPRR;PTPRS;PTPRO;DAPP1;PTPRJ;DUSP16;PPM1E;PPP1CB;PPP2CA;PPP3CA;PPP2CB;PPP3R1;PPP3CB;DUSP10;PPP3CC;PPP2R1B;PPP2R1A;PTPN1;PTPN18;DUSP3;PPP1R12A;PPP2R5D;PPP2R3A;PTPN12;DUSP8;PTPN13;SSH1;PPP1CA;PTPRD;PLPP4;PTPRA;ALPL;PTPN6;PTPN7;PTPN5;PTPN3,0.25170068027210885
5,985,Axon (GO:0030424),43/205,9.21863862697202e-15,cellular anatomical structure,GO_Cellular_Component_2023,4.206222947667841e-16,0.0,0.0,5.312305050981625,188.08107877112664,ROBO3;PTPRS;PRKAA2;SEMA3A;PTPRO;KCNA2;DOCK7;KCNA3;ATP1A3;IQGAP1;SLC6A1;IGF1R;PAK1;SCN11A;NEFL;CTNNA2;EPHB2;EPHA5;EPHA4;NTRK2;SYT2;CNTN6;INSR;NTRK3;OPRM1;L1CAM;MAPK8IP3;CD2AP;UHMK1;SHTN1;CDK5;BIN1;SYT11;MAP1B;SCN8A;TAOK2;NF1;CNTN2;SCN2A;FGF13;RAB5A;LLGL1;CDK5R1,0.2097560975609756
5,985,Positive Regulation Of Supramolecular Fiber Organization (GO:1902905),30/96,1.0708427138683836e-14,biological regulation,GO_Biological_Process_2023,1.1654950381812882e-16,0.0,0.0,9.019038553069969,330.8924306300728,NCKAP1;MYLK3;PAK1;SCIN;CFL2;NCK2;PTK2B;NCKAP1L;NCK1;VASP;USP8;GSN;CAV3;PRKCE;LIMK1;BAIAP2;HCK;FER;OCLN;CTTN;BIN1;CDC42EP5;FES;CDC42EP4;EVL;PFN1;MET;PFN3;ARF6;CDK5R1,0.3125
5,985,Negative Regulation Of MAPK Cascade (GO:0043409),31/105,1.916281516223016e-14,biological regulation,GO_Biological_Process_2023,2.207580588734197e-16,0.0,0.0,8.317340925831491,299.835685011966,PTPRR;CBLC;PEBP1;PTPRJ;DUSP16;FOXO1;IGF1R;SPRED3;SPRED2;RPS6KA6;SPRED1;DUSP10;PPP2R1A;SIRPA;EPHB2;SH2B3;LYN;EPHA4;PTPN1;DUSP3;CAV3;PRKCD;RANBP9;DUSP8;DUSP9;DUSP6;DUSP7;NF1;SPRY2;EZR;PTPN2,0.29523809523809524
5,985,Positive Regulation Of GTPase Activity (GO:0043547),48/234,2.1704188655400168e-15,biological regulation,GO_Biological_Process_2023,2.0759283344545016e-17,0.0,0.0,5.185802320377319,199.20501520562155,USP6NL;RTN4R;DOCK6;ARHGEF26;RASGRF2;DOCK7;RASGRF1;AGAP2;ASAP3;RASGRP2;RASGRP1;RAP1GAP;RASGRP4;PREX2;PREX1;DOCK11;RAP1A;NTF3;PIP5K1A;SRGAP3;RALGDS;APC2;ARHGEF10;RALBP1;ARHGEF15;RALGAPA1;CAV2;NTRK3;ARHGEF16;RHOG;ARAP1;BCR;TIAM2;TIAM1;TBC1D1;ALS2;TBC1D4;NF1;RGL3;PLXNB1;ITGA6;GNB5;ARHGEF7;NGEF;ARHGEF5;SIPA1;EPHA2;RAPGEF4,0.20512820512820512
5,985,Toll Like Receptor 4 (TLR4) Cascade R-HSA-166016,29/140,2.376413684069045e-10,Immune System,Reactome_2022,3.64495338020681e-11,0.0,0.0,5.166195484187116,124.16998606492668,PPP2CA;RPS6KA3;PPP2CB;RPS6KA5;SOCS1;MAPK7;PPP2R1B;PPP2R1A;RPS6KA2;RPS6KA1;PLCG2;MAP3K8;MAP2K3;MEF2A;MEF2C;JUN;DUSP3;PPP2R5D;FOS;VRK3;DNM1;DUSP6;DNM2;DUSP7;DNM3;CREB1;MAPKAPK3;MAPKAPK2;BTK,0.20714285714285716
5,985,Regulation Of JUN Kinase Activity (GO:0043506),14/43,2.506193244895245e-07,biological regulation,GO_Biological_Process_2023,9.257705917818848e-09,0.0,0.0,9.439397705884442,174.60818112490517,MAP4K2;PTPN1;DUSP16;MAPK8IP1;PAK1;DUSP10;TAOK3;NPPA;MAP3K13;MAP3K4;ARHGEF5;MAP3K11;MAP3K5;MAP3K12,0.32558139534883723
5,985,Anterograde Trans-Synaptic Signaling (GO:0098916),31/199,3.278974377557113e-07,cellular process,GO_Biological_Process_2023,1.2328597593717378e-08,0.0,0.0,3.645409054607168,66.38779928237507,GABRB3;GRIA1;GABRB2;GRIA2;GABRB1;CNP;CACNA1A;GRIK1;GRIK2;SLC6A1;CACNA1E;RPS6KA3;GABRR2;SDCBP;GABRR1;GLRA3;RPS6KA2;RPS6KA1;GABRD;GABRQ;SLC12A5;HOMER1;HTR3A;HTR3B;GRIN2B;CACNB3;RIT2;CDK5;AMPH;RAPSN;SCN2B,0.15577889447236182
5,985,InlB-mediated Entry Of Listeria Monocytogenes Into Host Cell R-HSA-8875360,8/15,7.191400688120519e-07,Disease,Reactome_2022,1.5892197282526677e-07,0.0,0.0,22.234829653458107,348.08297841241284,SH3GL3;SH3KBP1;HGS;STAM;EPS15;STAM2;SH3GL2;SH3GL1,0.5333333333333333
5,985,Cell Surface Interactions At Vascular Wall R-HSA-202733,23/134,7.005760757641649e-07,Hemostasis,Reactome_2022,1.5411259789766693e-07,0.0,0.0,4.07177239609672,63.86812121524936,LYN;GRB7;YES1;FCER1G;SIRPG;PSG3;GP6;L1CAM;DOK2;MAG;GRB14;LCK;INPP5D;TSPAN7;SIRPA;PICK1;ITGAV;ITGA6;FYN;PTPN6;CD47;TEK;JAM3,0.17164179104477612
5,985,Transcriptional Regulation By MECP2 R-HSA-8986944,15/60,6.611578745669488e-07,Gene expression (Transcription),Reactome_2022,1.4477422682242976e-07,0.0,0.0,6.518900343642612,102.66023168816932,CAMK2B;GRIA2;PTPN1;MEF2C;CAMK2D;TRPC3;CAMK2A;PRKCA;OPRM1;GRIN2B;CREB1;CAMK4;SGK1;CALM1;CAMK2G,0.25
5,985,Assembly And Cell Surface Presentation Of NMDA Receptors R-HSA-9609736,10/25,6.114741540810485e-07,Neuronal System,Reactome_2022,1.3327791854844248e-07,0.0,0.0,12.991452991452991,205.66547435205732,CAMK2B;CAMK2D;NBEA;ACTN2;CAMK2A;NEFL;CASK;CAMK2G;GRIN2B;LLGL1,0.4
5,985,ADORA2B Mediated Anti-Inflammatory Cytokine Production R-HSA-9660821,23/131,4.626455266104616e-07,Disease,Reactome_2022,1.0037213745837463e-07,0.0,0.0,4.185541310541311,67.44740813759213,GNAZ;GNAI3;PRKCA;PRKX;ADRB2;GNG12;GNG11;GNAI1;TSHR;GNAI2;GNG10;CREB1;GNG2;PRKAR1B;PRKAR1A;PRKAR2B;PRKAR2A;GNB1;GNAS;GNB4;GNB3;GNB5;PRKACB,0.17557251908396945
5,985,C-type Lectin Receptors (CLRs) R-HSA-5621481,24/141,4.538657933614826e-07,Immune System,Reactome_2022,9.800936405586003e-08,0.0,0.0,4.033832279409803,65.09880343168305,LYN;AHCYL1;FCER1G;SYK;PRKCD;ITPR1;NFATC3;ICAM3;ITPR2;NFATC2;PRKCA;ITPR3;MALT1;PPP3CA;PPP3R1;PPP3CB;RPS6KA5;PLCG2;FYN;PKN2;PKN1;CALM1;ARHGEF7;PRKACB,0.1702127659574468
5,985,Signaling To RAS R-HSA-167044,9/19,4.51817696791004e-07,Signal Transduction,Reactome_2022,9.711116994599785e-08,0.0,0.0,17.525102459016395,282.985004757088,RALA;RALB;SHC3;MAPKAPK3;MAPKAPK2;NGF;RALGDS;MAPK12;MAPK13,0.47368421052631576
5,985,Prostacyclin Signaling Thru Prostacyclin Receptor R-HSA-392851,9/19,4.51817696791004e-07,Hemostasis,Reactome_2022,9.711116994599785e-08,0.0,0.0,17.525102459016395,282.985004757088,GNG10;GNG2;GNB1;GNAS;GNB4;GNB3;GNB5;GNG12;GNG11,0.47368421052631576
5,985,Signaling By MAPK Mutants R-HSA-9652817,6/7,4.429463687619888e-07,Disease,Reactome_2022,9.431047811178569e-08,0.0,0.0,116.5311542390194,1885.086439227277,DUSP10;DUSP8;DUSP16;DUSP9;DUSP6;DUSP7,0.8571428571428571
5,985,CREB Phosphorylation R-HSA-199920,6/7,4.429463687619888e-07,Immune System,Reactome_2022,9.431047811178569e-08,0.0,0.0,116.5311542390194,1885.086439227277,RPS6KA3;CREB1;RPS6KA5;RPS6KA2;MAPKAPK2;RPS6KA1,0.8571428571428571
5,985,Ion Homeostasis R-HSA-5578775,14/50,3.803254175278794e-07,Muscle contraction,Reactome_2022,8.020990137570817e-08,0.0,0.0,7.601155738642865,124.19238659389744,CAMK2B;CAMK2D;AHCYL1;TRPC1;CAMK2A;ITPR1;ATP1A3;ITPR2;PRKCA;ITPR3;RYR3;ORAI1;CALM1;CAMK2G,0.28
5,985,Activation Of AMPK Downstream Of NMDARs R-HSA-9619483,7/10,3.45301650859141e-07,Neuronal System,Reactome_2022,7.247501854561184e-08,0.0,0.0,45.35923653715065,745.7069330399572,PRKAB2;PRKAA2;PRKAG1;PRKAG2;CALM1;PRKAB1;CAMKK2,0.7
5,985,FCERI Mediated MAPK Activation R-HSA-2871796,11/29,2.858332225350017e-07,Immune System,Reactome_2022,5.97048204487844e-08,0.0,0.0,11.919176363221538,198.26182840407915,LYN;VAV3;JUN;SYK;PLCG2;LCP2;PKN2;FOS;PKN1;VAV1;VAV2,0.3793103448275862
5,985,Activation Of Kainate Receptors Upon Glutamate Binding R-HSA-451326,11/29,2.858332225350017e-07,Neuronal System,Reactome_2022,5.97048204487844e-08,0.0,0.0,11.919176363221538,198.26182840407915,GNG10;GNG2;GNB1;GNB4;GNB3;GRIK1;GNB5;GNG12;CALM1;GNG11;LLGL1,0.3793103448275862
5,985,VEGFR2 Mediated Cell Proliferation R-HSA-5218921,9/18,2.583857069756165e-07,Signal Transduction,Reactome_2022,5.345012101917394e-08,0.0,0.0,19.473360655737704,326.0720172876185,AHCYL1;PRKCB;PRKCD;ITPR1;ITPR2;ITPR3;PRKCA;CALM1;PRKCZ,0.5
5,985,G Beta:Gamma Signaling Thru BTK R-HSA-8964315,9/18,2.583857069756165e-07,Signal Transduction,Reactome_2022,5.345012101917394e-08,0.0,0.0,19.473360655737704,326.0720172876185,GNG10;GNG2;GNB1;BTK;GNB4;GNB3;GNB5;GNG12;GNG11,0.5
5,985,MTOR Signaling R-HSA-165159,13/41,2.2012196226431206e-07,Signal Transduction,Reactome_2022,4.509057350116583e-08,0.0,0.0,9.06933421516755,153.40409363463033,PRKAB2;PRKAA2;CAB39;CAB39L;YWHAB;PRKAG1;PRKAG2;PRKAB1;EEF2K;RRAGD;EIF4EBP1;EIF4E;LAMTOR3,0.3170731707317073
5,985,Programmed Cell Death R-HSA-5357801,31/208,1.74292535641455e-07,Programmed Cell Death,Reactome_2022,3.5526833702900015e-08,0.0,0.0,3.458396996292743,59.32180602616944,MAGED1;SATB1;YWHAB;UACA;SDCBP;PPP3R1;PPP3CC;YWHAQ;FLOT1;FLOT2;SPTAN1;YWHAG;APPL1;YWHAH;HSP90AA1;DBNL;GSN;PDCD6IP;UNC5A;UNC5B;DCC;PRKCD;BMX;YWHAZ;PTK2;ARHGAP10;OCLN;CDC37;PRKCQ;PKN2;TJP2,0.14903846153846154
5,985,Role Of Nef In HIV-1 Replication And Disease Pathogenesis R-HSA-164952,11/27,1.2148890418162505e-07,Disease,Reactome_2022,2.464103909233768e-08,0.0,0.0,13.410485112936344,234.93631102535448,HCK;LCK;AP2S1;ELMO1;AP2A1;FYN;PKN2;AP2B1;DOCK2;AP2A2;AP2M1,0.4074074074074074
5,985,CD209 (DC-SIGN) Signaling R-HSA-5621575,9/20,7.605589895287189e-07,Immune System,Reactome_2022,1.688425607430052e-07,0.0,0.0,15.93107302533532,248.4339185290141,LYN;RPS6KA5;ICAM3;PRKCA;FYN;PKN2;PKN1;ARHGEF7;PRKACB,0.45
5,985,Formation Of Annular Gap Junctions R-HSA-196025,7/9,1.125427984607008e-07,Vesicle-mediated transport,Reactome_2022,2.2712976480464337e-08,0.0,0.0,68.04243353783231,1197.5692451218954,CLTC;CLTCL1;CLTB;CLTA;AP2M1;DNM1;DNM2,0.7777777777777778
5,985,Role Of Phospholipids In Phagocytosis R-HSA-2029485,10/26,9.283413057207886e-07,Immune System,Reactome_2022,2.0702666858152807e-07,0.0,0.0,12.178846153846154,187.43753572344465,AHCYL1;PLPP4;SYK;PRKCE;PRKCD;ITPR1;PLCG2;ITPR2;ITPR3;PLD2,0.38461538461538464
5,985,Synaptic Adhesion-Like Molecules R-HSA-8849932,9/21,1.2556623715767385e-06,Neuronal System,Reactome_2022,2.8255571025389777e-07,0.0,0.0,14.602715163934429,220.20003849606465,GRIA1;PTPRD;PTPRS;FLOT1;FLOT2;GRIN2B;PTPRF;GRIA3;LLGL1,0.42857142857142855
5,985,Listeria Monocytogenes Entry Into Host Cells R-HSA-8876384,8/19,6.405259385240959e-06,Disease,Reactome_2022,1.5641501223292757e-06,0.0,0.0,14.146459477063368,189.11224596520225,SH3GL3;SH3KBP1;HGS;STAM;EPS15;STAM2;SH3GL2;SH3GL1,0.42105263157894735
5,985,Response To Elevated Platelet Cytosolic Ca2+ R-HSA-76005,21/130,6.097280325572989e-06,Hemostasis,Reactome_2022,1.48278966545216e-06,0.0,0.0,3.7784651109673,50.71299192334279,CAP1;TOR4A;STXBP3;ACTN2;PRKCB;ACTN1;APLP2;ITGA2B;STXBP2;IGF2;PDGFA;PRKCA;ACTN4;TMX3;CDC37L1;FLNA;STX4;PFN1;TLN1;CALM1;VCL,0.16153846153846155
5,985,RHO GTPases Activate NADPH Oxidases R-HSA-5668599,9/24,4.53911489423819e-06,Signal Transduction,Reactome_2022,1.0992811045581897e-06,0.0,0.0,11.68032786885246,160.2640749155632,NCF1;PRKCB;PRKCD;NOXA1;NOX3;RAC2;NOXO1;PRKCA;PRKCZ,0.375
5,985,Potential Therapeutics For SARS R-HSA-9679191,18/97,4.34581964026247e-06,Disease,Reactome_2022,1.0480836468443294e-06,0.0,0.0,4.461770057465998,61.43209145133052,HSP90AA1;SYK;SH3KBP1;ATP1A3;AP2A1;AP2B1;AP2A2;VAV1;CD79B;CD79A;BTK;PLCG2;BLNK;AP2S1;S1PR1;AP2M1;NCK1;BRD4,0.18556701030927836
5,985,Calcineurin Activates NFAT R-HSA-2025928,6/9,4.325742212430605e-06,Immune System,Reactome_2022,1.0388765353768757e-06,0.0,0.0,38.839632277834525,535.108011089029,PPP3CA;PPP3CB;PPP3R1;NFATC3;NFATC2;CALM1,0.6666666666666666
5,985,Cooperation Of PDCL (PhLP1) And TRiC/CCT In G-protein Beta Folding R-HSA-6814122,11/37,4.29114342600636e-06,Metabolism of proteins,Reactome_2022,1.026237126098393e-06,0.0,0.0,8.248262517769705,113.74033749180168,GNA14;GNA15;GNG10;GNG2;GNA11;GNB1;GNB4;GNB3;GNB5;GNG12;GNG11,0.2972972972972973
5,985,Regulation Of Signaling By CBL R-HSA-912631,8/18,3.9742671783923765e-06,Immune System,Reactome_2022,9.464450596373368e-07,0.0,0.0,15.561924257932446,215.85249386012904,LYN;HCK;YES1;SYK;BLNK;PIK3R3;FYN;VAV1,0.4444444444444444
5,985,TCR Signaling R-HSA-202403,20/116,3.847655777677948e-06,Immune System,Reactome_2022,9.124108049993116e-07,0.0,0.0,4.084412780656304,56.80264537223935,VASP;ITK;TRAT1;WAS;PTPRJ;MALT1;ENAH;ZAP70;LCK;INPP5D;PLCG2;PRKCQ;EVL;LCP2;CSK;PKN2;PKN1;ARHGEF7;PAG1;NCK1,0.1724137931034483
5,985,Signal Regulatory Protein Family Interactions R-HSA-391160,7/13,3.847655777677948e-06,Cell-Cell communication,Reactome_2022,9.09288701576339e-07,0.0,0.0,22.676039536468984,315.437387905767,SIRPG;PTK2B;SIRPA;PTPN6;CD47;PTK2;SKAP2,0.5384615384615384
5,985,PKA Activation R-HSA-163615,8/17,2.337379695285913e-06,Signal Transduction,Reactome_2022,5.495554682155577e-07,0.0,0.0,17.291936767883545,249.24867627814413,NBEA;PRKAR1B;PRKAR1A;PRKAR2B;PRKAR2A;PRKCA;CALM1;PRKACB,0.47058823529411764
5,985,RND1 GTPase Cycle R-HSA-9696273,12/42,2.283135736629448e-06,Signal Transduction,Reactome_2022,5.344979726518991e-07,0.0,0.0,7.804727646454265,112.71539199236172,GRB7;TMEM59;KIDINS220;FLOT2;PLXNA1;RRAS2;RASAL2;ARHGAP5;PTPN13;ARHGAP35;RND1;EPHA2,0.2857142857142857
5,985,p38MAPK Events R-HSA-171007,7/12,1.880614882368215e-06,Signal Transduction,Reactome_2022,4.383673439223589e-07,0.0,0.0,27.21267893660532,398.3992960148184,RALA;RALB;MAPKAPK3;MAPKAPK2;RALGDS;MAPK12;MAPK13,0.5833333333333334
5,985,"Regulation Of Glycolysis By Fructose 2,6-Bisphosphate Metabolism R-HSA-9634600",7/12,1.880614882368215e-06,Metabolism,Reactome_2022,4.383673439223589e-07,0.0,0.0,27.21267893660532,398.3992960148184,PPP2CA;PPP2CB;PPP2R1B;PPP2R1A;PPP2R5D;PRKCA;PRKACB,0.5833333333333334
5,985,PECAM1 Interactions R-HSA-210990,7/12,1.880614882368215e-06,Hemostasis,Reactome_2022,4.383673439223589e-07,0.0,0.0,27.21267893660532,398.3992960148184,LYN;YES1;LCK;INPP5D;FYN;ITGAV;PTPN6,0.5833333333333334
5,985,CD28 Dependent Vav1 Pathway R-HSA-389359,7/12,1.880614882368215e-06,Immune System,Reactome_2022,4.383673439223589e-07,0.0,0.0,27.21267893660532,398.3992960148184,CDC42;LCK;FYN;PKN2;PKN1;ARHGEF7;VAV1,0.5833333333333334
5,985,ROBO Receptors Bind AKAP5 R-HSA-9010642,6/8,1.5778725784209131e-06,Developmental Biology,Reactome_2022,3.614299448047904e-07,0.0,0.0,58.26251276813075,864.2193648204391,ROBO3;PPP3CB;PRKAR2A;PRKCA;AKAP5;PRKACB,0.75
5,985,Nef And Signal Transduction R-HSA-164944,6/8,1.5778725784209131e-06,Disease,Reactome_2022,3.614299448047904e-07,0.0,0.0,58.26251276813075,864.2193648204391,HCK;LCK;ELMO1;FYN;PKN2;DOCK2,0.75
5,985,Nef Mediated CD4 Down-regulation R-HSA-167590,6/8,1.5778725784209131e-06,Disease,Reactome_2022,3.614299448047904e-07,0.0,0.0,58.26251276813075,864.2193648204391,LCK;AP2S1;AP2A1;AP2B1;AP2A2;AP2M1,0.75
5,985,CREB1 Phosphorylation Thru Activation Of CaMKII/CaMKK/CaMKIV Cascasde R-HSA-442729,6/8,1.5778725784209131e-06,Neuronal System,Reactome_2022,3.614299448047904e-07,0.0,0.0,58.26251276813075,864.2193648204391,CAMK2B;CREB1;CAMK4;CALM1;CAMK2G;CAMKK2,0.75
5,985,CTLA4 Inhibitory Signaling R-HSA-389513,9/21,1.2556623715767385e-06,Immune System,Reactome_2022,2.8255571025389777e-07,0.0,0.0,14.602715163934429,220.20003849606465,LYN;PPP2CA;PPP2CB;YES1;PPP2R1B;LCK;PPP2R1A;PPP2R5D;FYN,0.42857142857142855
5,985,G-protein Beta:Gamma Signaling R-HSA-397795,12/32,8.581558267407906e-08,Signal Transduction,Reactome_2022,1.723239248450225e-08,0.0,0.0,11.713257965056526,209.3917624816049,CDC42;GNG10;GNG2;GNB1;BTK;GNB4;GNB3;GNB5;PKN1;GNG12;GNG11;ARHGEF6,0.375
5,985,FLT3 Signaling Thru SRC Family Kinases R-HSA-9706374,6/6,7.03846518465714e-08,Immune System,Reactome_2022,1.4062725595985004e-08,0.0,0.0,114090.0,2062717.321509465,HCK;SYK;FLT3;LCK;FLT3LG;FYN,1.0
5,985,Aquaporin-mediated Transport R-HSA-445717,15/50,4.894418174899328e-08,Transport of small molecules,Reactome_2022,9.729569933957291e-09,0.0,0.0,8.385861561119293,154.70318031076454,PRKCA;GNG12;GNG11;GNG10;GNG2;PRKAR1B;PRKAR1A;PRKAR2B;PRKAR2A;GNB1;GNAS;GNB4;GNB3;GNB5;PRKACB,0.3
5,985,MyD88 Dependent Cascade Initiated On Endosome R-HSA-975155,23/102,3.798086332148506e-09,Immune System,Reactome_2022,6.592036822699726e-10,0.0,0.0,5.730782389010237,121.1486740941328,MAP2K3;MEF2A;MEF2C;JUN;DUSP3;PPP2R5D;FOS;VRK3;DUSP6;DUSP7;PPP2CA;RPS6KA3;PPP2CB;RPS6KA5;CREB1;MAPK7;PPP2R1B;MAPKAPK3;PPP2R1A;RPS6KA2;RPS6KA1;MAPKAPK2;MAP3K8,0.22549019607843138
5,985,Vasopressin Regulates Renal Water Homeostasis Via Aquaporins R-HSA-432040,15/42,3.5811326927909283e-09,Transport of small molecules,Reactome_2022,6.179351064250744e-10,0.0,0.0,10.875143184421535,230.6034708325167,PRKCA;GNG12;GNG11;GNG10;GNG2;PRKAR1B;PRKAR2B;PRKAR1A;PRKAR2A;GNB1;GNAS;GNB4;GNB3;GNB5;PRKACB,0.35714285714285715
5,985,TRAF6 Mediated Induction Of NFkB And MAP Kinases Upon TLR7/8 Or 9 Activation R-HSA-975138,23/101,3.1196549199801767e-09,Immune System,Reactome_2022,5.351577562024522e-10,0.0,0.0,5.804560477637401,123.9184245106644,MAP2K3;MEF2A;MEF2C;JUN;DUSP3;PPP2R5D;FOS;VRK3;DUSP6;DUSP7;PPP2CA;RPS6KA3;PPP2CB;RPS6KA5;CREB1;MAPK7;PPP2R1B;MAPKAPK3;PPP2R1A;RPS6KA2;RPS6KA1;MAPKAPK2;MAP3K8,0.22772277227722773
5,985,Signaling By WNT R-HSA-195721,42/294,3.070832858305394e-09,Signal Transduction,Reactome_2022,5.236839082276604e-10,0.0,0.0,3.3161894662424887,70.8674094234938,CLTC;CAMK2A;CLTB;ITPR1;CLTA;ITPR2;AP2A1;ITPR3;ARRB2;AP2A2;PPP2CA;PPP3CA;PPP2CB;GNG10;PPP3R1;PPP3CB;GNG2;PARD6A;PPP2R1B;PPP2R1A;RAC2;AP2S1;PRKG2;PIP5K1B;AP2M1;PRKG1;USP8;PRKCB;PRKCA;PPP2R5D;AP2B1;GNG12;GNG11;YWHAZ;GNAO1;DAAM1;GNB1;GNB4;GNB3;GNB5;PFN1;CALM1,0.14285714285714285
5,985,G Beta:Gamma Signaling Thru CDC42 R-HSA-8964616,11/20,2.5751591210438476e-09,Signal Transduction,Reactome_2022,4.3655573394083386e-10,0.0,0.0,23.84964636094,514.0100841361369,CDC42;GNG10;GNG2;GNB1;GNB4;GNB3;GNB5;PKN1;GNG12;GNG11;ARHGEF6,0.55
5,985,CREB1 Phosphorylation Thru Activation Of Adenylate Cyclase R-HSA-442720,9/12,1.8779339563034752e-09,Neuronal System,Reactome_2022,3.1646313895325964e-10,0.0,0.0,58.43852459016394,1278.273437523594,CREB1;PRKAR1B;PRKAR1A;PRKAR2B;PRKAR2A;PRKCA;PRKX;CALM1;PRKACB,0.75
5,985,Toll-like Receptor Cascades R-HSA-168898,30/162,1.8482365942499046e-09,Immune System,Reactome_2022,3.0959361720028677e-10,0.0,0.0,4.493812470252261,98.39544198816203,EEA1;PPP2CA;RPS6KA3;PPP2CB;RPS6KA5;SOCS1;MAPK7;PPP2R1B;PPP2R1A;RPS6KA2;RPS6KA1;PLCG2;MAP3K8;MAP2K3;MEF2A;MEF2C;JUN;DUSP3;PPP2R5D;FOS;VRK3;DNM1;DUSP6;DNM2;DUSP7;DNM3;CREB1;MAPKAPK3;MAPKAPK2;BTK,0.18518518518518517
5,985,G-protein Activation R-HSA-202040,12/24,1.787863186956283e-09,Signal Transduction,Reactome_2022,2.9767651447808955e-10,0.0,0.0,19.530318602261048,428.39780690503136,GNA14;GNA15;GNG10;GNG2;GNA11;GNB1;GNB4;GNB3;OPRM1;GNB5;GNG12;GNG11,0.5
5,985,PI Metabolism R-HSA-1483255,21/82,1.775605961919594e-09,Metabolism,Reactome_2022,2.9384397351646157e-10,0.0,0.0,6.768825249982994,148.56198835769345,RAB4A;PLEKHA2;INPPL1;PIK3R3;PIK3C2G;SYNJ2;PIK3C2A;BMX;PTPN13;PIK3C2B;RUFY1;SYNJ1;INPP5D;PIP4K2A;PIP5K1A;PIP4K2B;PIP5K1B;PIP4K2C;PIP5K1C;SBF2;RAB5A,0.25609756097560976
5,985,Toll Like Receptor 9 (TLR9) Cascade R-HSA-168138,24/106,1.560207054055076e-09,Immune System,Reactome_2022,2.566233600514404e-10,0.0,0.0,5.76624958757392,127.33846320980898,MAP2K3;MEF2A;MEF2C;JUN;DUSP3;PPP2R5D;FOS;VRK3;DUSP6;DUSP7;EEA1;PPP2CA;RPS6KA3;PPP2CB;RPS6KA5;CREB1;MAPK7;PPP2R1B;MAPKAPK3;PPP2R1A;RPS6KA2;RPS6KA1;MAPKAPK2;MAP3K8,0.22641509433962265
5,985,Ras Activation Upon Ca2+ Influx Thru NMDA Receptor R-HSA-442982,11/19,1.2577726573045246e-09,Neuronal System,Reactome_2022,2.0560965739993237e-10,0.0,0.0,26.83226386036961,598.4947619406151,CAMK2B;CAMK2D;ACTN2;RASGRF2;CAMK2A;RASGRF1;NEFL;CALM1;GRIN2B;CAMK2G;LLGL1,0.5789473684210527
5,985,EPHA-mediated Growth Cone Collapse R-HSA-3928663,10/15,1.184182217442313e-09,Developmental Biology,Reactome_2022,1.9238480021010327e-10,0.0,0.0,38.99487179487179,872.3746939284242,LYN;MYL6;YES1;MYH14;MYH9;FYN;MYH11;MYH10;MYL9;NGEF,0.6666666666666666
5,985,NGF-stimulated Transcription R-HSA-9031628,15/39,1.1207513733950623e-09,Signal Transduction,Reactome_2022,1.8094875857034307e-10,0.0,0.0,12.23646907216495,274.4983518297,SH3GL3;JUND;NAB1;SRF;FOS;ASCL1;DNM2;ARC;CREB1;CDK5;VGF;SGK1;MEF2D;CDK5R2;CDK5R1,0.38461538461538464
5,985,MyD88 Cascade Initiated On Plasma Membrane R-HSA-975871,23/96,1.1207513733950623e-09,Immune System,Reactome_2022,1.804744613664372e-10,0.0,0.0,6.203770683222738,139.18427429235234,MAP2K3;MEF2A;MEF2C;JUN;DUSP3;PPP2R5D;FOS;VRK3;DUSP6;DUSP7;PPP2CA;RPS6KA3;PPP2CB;RPS6KA5;CREB1;MAPK7;PPP2R1B;MAPKAPK3;PPP2R1A;RPS6KA2;RPS6KA1;MAPKAPK2;MAP3K8,0.23958333333333334
5,985,"Adrenaline,noradrenaline Inhibits Insulin Secretion R-HSA-400042",13/28,1.092742180380201e-09,Metabolism,Reactome_2022,1.7422125580229238e-10,0.0,0.0,16.941015089163237,380.67638372685,CACNA1D;CACNA1C;GNG12;GNG11;GNAI1;GNAI2;GNG10;CACNB3;GNG2;GNB1;GNB4;GNB3;GNB5,0.4642857142857143
5,985,MyD88:MAL(TIRAP) Cascade Initiated On Plasma Membrane R-HSA-166058,25/112,9.53156696845126e-10,Immune System,Reactome_2022,1.5100464319342558e-10,0.0,0.0,5.665708812260537,128.1226990275092,PPP2CA;RPS6KA3;PPP2CB;RPS6KA5;SOCS1;MAPK7;PPP2R1B;PPP2R1A;RPS6KA2;RPS6KA1;MAP3K8;MAP2K3;MEF2A;MEF2C;JUN;DUSP3;PPP2R5D;FOS;VRK3;DUSP6;DUSP7;CREB1;MAPKAPK3;MAPKAPK2;BTK,0.22321428571428573
5,985,"Interleukin-3, Interleukin-5 And GM-CSF Signaling R-HSA-512988",16/44,7.648441516986395e-10,Immune System,Reactome_2022,1.2039928119574948e-10,0.0,0.0,11.196815568332596,255.7375915156917,LYN;YES1;SYK;INPPL1;PIK3R3;CSF2RB;PRKCA;YWHAZ;VAV1;HCK;TEC;INPP5D;IL3RA;BLNK;FYN;PTPN6,0.36363636363636365
5,985,Glucagon Signaling In Metabolic Regulation R-HSA-163359,14/32,5.918136419809891e-10,Metabolism,Reactome_2022,9.256419223718801e-11,0.0,0.0,15.216729602929396,351.5539108808416,PRKCA;GNG12;GNG11;GNG10;GNG2;PRKAR1B;PRKAR2B;PRKAR1A;PRKAR2A;GNB1;GNAS;GNB4;GNB3;PRKACB,0.4375
5,985,FLT3 Signaling R-HSA-9607240,15/37,4.758840998005406e-10,Immune System,Reactome_2022,7.395171682066928e-11,0.0,0.0,13.350281162136833,311.43013513316964,SYK;FLT3;FLT3LG;PTPRJ;FOXO3;SLA2;SOCS2;HCK;LCK;GRB10;ABL2;CSK;FYN;SOCS6;SH2B3,0.40540540540540543
5,985,Signaling By ERBB2 R-HSA-1227986,16/49,4.39144871077155e-09,Signal Transduction,Reactome_2022,7.666202088430657e-10,0.0,0.0,9.497826562842045,199.35016287908303,USP8;GRB7;PTPN18;HSP90AA1;YES1;PRKCE;PRKCD;MATK;ERBIN;PRKCA;PTK6;PTPN12;RNF41;DIAPH1;CDC37;FYN,0.32653061224489793
5,985,Toll Like Receptor 3 (TLR3) Cascade R-HSA-168164,23/103,4.585308371697918e-09,Immune System,Reactome_2022,8.097164127619935e-10,0.0,0.0,5.658848752598753,118.4642470298107,MAP2K3;MEF2A;MEF2C;JUN;DUSP3;PPP2R5D;FOS;VRK3;DUSP6;DUSP7;PPP2CA;RPS6KA3;PPP2CB;RPS6KA5;CREB1;MAPK7;PPP2R1B;MAPKAPK3;PPP2R1A;RPS6KA2;RPS6KA1;MAPKAPK2;MAP3K8,0.22330097087378642
5,985,Toll Like Receptor 7/8 (TLR7/8) Cascade R-HSA-168181,23/103,4.585308371697918e-09,Immune System,Reactome_2022,8.097164127619935e-10,0.0,0.0,5.658848752598753,118.4642470298107,MAP2K3;MEF2A;MEF2C;JUN;DUSP3;PPP2R5D;FOS;VRK3;DUSP6;DUSP7;PPP2CA;RPS6KA3;PPP2CB;RPS6KA5;CREB1;MAPK7;PPP2R1B;MAPKAPK3;PPP2R1A;RPS6KA2;RPS6KA1;MAPKAPK2;MAP3K8,0.22330097087378642
5,985,Negative Regulation Of NMDA Receptor-Mediated Neuronal Transmission R-HSA-9617324,11/21,4.932124301575635e-09,Neuronal System,Reactome_2022,8.759373128933518e-10,0.0,0.0,21.463552361396303,447.6379796602972,CAMK2B;CAMK2D;ACTN2;CAMK4;CAMK2A;NEFL;CALM1;GRIN2B;PPM1E;CAMK2G;LLGL1,0.5238095238095238
5,985,ADP Signaling Thru P2Y Purinoceptor 1 R-HSA-418592,11/25,4.6650828548042265e-08,Hemostasis,Reactome_2022,9.22660181172178e-09,0.0,0.0,15.327882076855383,283.58382905061524,GNA14;GNA15;GNG10;GNG2;GNA11;GNB1;GNB4;GNB3;GNB5;GNG12;GNG11,0.44
5,985,Platelet Aggregation (Plug Formation) R-HSA-76009,13/36,3.7814495847571296e-08,Hemostasis,Reactome_2022,7.440793834789509e-09,0.0,0.0,11.04383610663804,206.6996204608504,PTPN1;SYK;ITGA2B;MPL;RASGRP2;RASGRP1;PTK2;RAP1B;APBB1IP;RAP1A;CSK;TLN1;RAPGEF4,0.3611111111111111
5,985,Negative Regulation Of FLT3 R-HSA-9706369,9/15,3.2148346773523566e-08,Immune System,Reactome_2022,6.293420054554562e-09,0.0,0.0,29.21465163934426,551.6825046643494,SOCS2;FLT3;FLT3LG;ABL2;PTPRJ;CSK;SLA2;SOCS6;SH2B3,0.6
5,985,Growth Hormone Receptor Signaling R-HSA-982772,11/24,2.7765750405871833e-08,Immune System,Reactome_2022,5.407456940800468e-09,0.0,0.0,16.50781867003633,314.2343663877053,LYN;GHR;SOCS2;PTPN1;SOCS1;CISH;IRS1;CSH1;PTPN6;PRLR;SH2B1,0.4583333333333333
5,985,PKA-mediated Phosphorylation Of CREB R-HSA-111931,10/19,2.549056134815641e-08,Signal Transduction,Reactome_2022,4.938635498331011e-09,0.0,0.0,21.659259259259255,414.2588210575648,CREB1;NBEA;PRKAR1B;PRKAR1A;PRKAR2B;PRKAR2A;PRKCA;PRKX;CALM1;PRKACB,0.5263157894736842
5,985,"WNT5A-dependent Internalization Of FZD2, FZD5 And ROR2 R-HSA-5140745",8/11,2.524043929523243e-08,Signal Transduction,Reactome_2022,4.8647062617451e-09,0.0,0.0,51.89218696690549,993.2818168071318,CLTC;AP2S1;CLTB;CLTA;AP2A1;AP2B1;AP2A2;AP2M1,0.7272727272727273
5,985,Interaction Between L1 And Ankyrins R-HSA-445095,12/29,2.369764283903764e-08,Developmental Biology,Reactome_2022,4.543443127565239e-09,0.0,0.0,13.782479898434191,264.75566005066713,SCN11A;SCN8A;SCN3B;L1CAM;SCN2A;SCN3A;SPTAN1;SCN1B;SPTBN1;SCN1A;SPTBN2;SCN2B,0.41379310344827586
5,985,CD28 Co-Stimulation R-HSA-389356,13/34,1.7177319572416033e-08,Immune System,Reactome_2022,3.2759973755667302e-09,0.0,0.0,12.096903782088969,236.3328963065464,PRR5;LYN;YES1;PIK3R3;VAV1;CDC42;LCK;THEM4;FYN;MAP3K8;PKN2;PKN1;ARHGEF7,0.38235294117647056
5,985,Long-term Potentiation R-HSA-9620244,11/23,1.6158836782833862e-08,Neuronal System,Reactome_2022,3.065450368489168e-09,0.0,0.0,17.884411362080765,350.5893917905498,CAMK2B;GRIA1;GRIA2;CAMK2D;ACTN2;CAMK2A;NEFL;CALM1;GRIN2B;CAMK2G;LLGL1,0.4782608695652174
5,985,Gap Junction Trafficking R-HSA-190828,9/25,6.699094791797327e-06,Vesicle-mediated transport,Reactome_2022,1.642664010501262e-06,0.0,0.0,10.949731045081966,145.8415617873923,CLTC;CLTCL1;GJA4;MYO6;CLTB;CLTA;AP2M1;DNM1;DNM2,0.36
5,985,ESR-mediated Signaling R-HSA-8939211,31/188,1.6158836782833862e-08,Signal Transduction,Reactome_2022,3.0532165012780677e-09,0.0,0.0,3.903096582942755,76.52828874376718,SRF;GNAI3;PIK3R3;ZDHHC7;ZDHHC21;FOXO3;PRKCZ;AREG;GNAI1;IGF1R;GNAI2;GNG10;GNG2;S1PR3;JUN;HSP90AA1;JUND;CAV2;MMP2;FOS;GNG12;GNG11;PTK2;UHMK1;CREB1;GNB1;GNB4;GNB3;STRN;GNB5;CALM1,0.16489361702127658
5,985,MyD88-independent TLR4 Cascade R-HSA-166166,23/107,9.611010415419672e-09,Immune System,Reactome_2022,1.7941845881459531e-09,0.0,0.0,5.388241263241263,108.5122561574233,MAP2K3;MEF2A;MEF2C;JUN;DUSP3;PPP2R5D;FOS;VRK3;DUSP6;DUSP7;PPP2CA;RPS6KA3;PPP2CB;RPS6KA5;CREB1;MAPK7;PPP2R1B;MAPKAPK3;PPP2R1A;RPS6KA2;RPS6KA1;MAPKAPK2;MAP3K8,0.21495327102803738
5,985,ADP Signaling Thru P2Y Purinoceptor 12 R-HSA-392170,11/22,9.015262565733541e-09,Hemostasis,Reactome_2022,1.673873170630647e-09,0.0,0.0,19.51129363449692,394.2866730089168,GNG10;GNG2;GNB1;GNAI3;GNB4;GNB3;GNB5;GNG12;GNG11;GNAI1;GNAI2,0.5
5,985,VEGFR2 Mediated Vascular Permeability R-HSA-5218920,12/27,9.015262565733541e-09,Signal Transduction,Reactome_2022,1.6678911238909219e-09,0.0,0.0,15.621788283658788,315.74298899334184,PRR5;VAV3;CDH5;HSP90AA1;CTNNA1;THEM4;PKN2;PKN1;ARHGEF7;CALM1;VAV1;VAV2,0.4444444444444444
5,985,Integrin Signaling R-HSA-354192,12/27,9.015262565733541e-09,Hemostasis,Reactome_2022,1.6678911238909219e-09,0.0,0.0,15.621788283658788,315.74298899334184,RAP1B;APBB1IP;PTPN1;RAP1A;SYK;ITGA2B;CSK;RASGRP2;TLN1;RASGRP1;PTK2;RAPGEF4,0.4444444444444444
5,985,Gap Junction Degradation R-HSA-190873,8/10,7.593413772314596e-09,Vesicle-mediated transport,Reactome_2022,1.3868899019060964e-09,0.0,0.0,77.84237461617195,1587.6888028519777,CLTC;CLTCL1;MYO6;CLTB;CLTA;AP2M1;DNM1;DNM2,0.8
5,985,CaMK IV-mediated Phosphorylation Of CREB R-HSA-111932,8/10,7.593413772314596e-09,Signal Transduction,Reactome_2022,1.3868899019060964e-09,0.0,0.0,77.84237461617195,1587.6888028519777,CAMK2B;CAMK2D;CREB1;CAMK4;CAMK2A;CALM1;CAMK2G;CAMKK2,0.8
5,985,Generation Of Second Messenger Molecules R-HSA-202433,13/32,7.443592136924232e-09,Immune System,Reactome_2022,1.3445035242274846e-09,0.0,0.0,13.371669915529564,273.1463241911027,VASP;ITK;WAS;ENAH;ZAP70;LCK;PLCG2;EVL;LCP2;PKN2;PKN1;ARHGEF7;NCK1,0.40625
5,985,Protein-protein Interactions At Synapses R-HSA-6794362,21/88,6.7031550402709915e-09,Neuronal System,Reactome_2022,1.2039975753463538e-09,0.0,0.0,6.160710967981668,126.52633157316144,GRIA1;PTPRS;DBNL;SYT2;HOMER1;EPB41;NTRK3;CASK;SYT9;GRIN2B;PTPRF;PTPRD;EPB41L1;FLOT1;FLOT2;SLITRK5;SHANK3;LLGL1;GRIA3;DLGAP4;SHANK1,0.23863636363636365
5,985,NCAM Signaling For Neurite Out-Growth R-HSA-375165,17/57,6.2356367701510705e-09,Developmental Biology,Reactome_2022,1.113731289926074e-09,0.0,0.0,8.330965909090908,171.7474437177524,CACNA1D;CACNA1C;GFRA2;CACNA1H;PTK2;CACNB3;RPS6KA5;CREB1;ARTN;PTPRA;CNTN2;NRTN;FYN;NCAM1;SPTAN1;SPTBN1;SPTBN2,0.2982456140350877
5,985,Signaling To ERKs R-HSA-187687,13/33,1.1288167229907437e-08,Signal Transduction,Reactome_2022,2.118667108741456e-09,0.0,0.0,12.702417695473253,253.69876645846,RALA;RALB;SHC3;YWHAB;KIDINS220;NGF;MAPK12;MAPK13;RAP1A;RIT2;MAPKAPK3;MAPKAPK2;RALGDS,0.3939393939393939
5,985,CD22 Mediated BCR Regulation R-HSA-5690714,5/6,6.706872354581215e-06,Immune System,Reactome_2022,1.6513389046597544e-06,0.0,0.0,97.01020408163264,1291.586498117163,CD79B;LYN;CD79A;PTPN6;CD22,0.8333333333333334
5,985,Apoptosis R-HSA-109581,25/178,9.072165889484772e-06,Programmed Cell Death,Reactome_2022,2.242866440891796e-06,0.0,0.0,3.210443899782135,41.76067041544879,MAGED1;YWHAB;SATB1;UACA;PPP3R1;PPP3CC;YWHAQ;SPTAN1;YWHAG;APPL1;YWHAH;DBNL;GSN;UNC5A;UNC5B;DCC;PRKCD;BMX;YWHAZ;PTK2;ARHGAP10;OCLN;PRKCQ;PKN2;TJP2,0.1404494382022472
5,985,Activation Of PPARGC1A (PGC-1alpha) By Phosphorylation R-HSA-2151209,6/10,9.96740595750001e-06,Organelle biogenesis and maintenance,Reactome_2022,2.4885015892543595e-06,0.0,0.0,29.12819203268641,375.86523237174976,PRKAB2;PRKAA2;PRKAG1;PRKAG2;PRKAB1;MAPK12,0.6
5,985,Platelet Aggregation (GO:0070527),12/35,1.2753312108034957e-06,cellular process,GO_Biological_Process_2023,5.5522335034980684e-08,0.0,0.0,10.18383305777738,170.1360080292687,PDGFRA;STXBP3;ACTN1;GNAS;ILK;FLNA;MYH9;TLN1;MYL9;MYL12A;VCL;ACTG1,0.34285714285714286
5,985,Dendrite Morphogenesis (GO:0048813),12/35,1.2753312108034957e-06,cellular process,GO_Biological_Process_2023,5.5522335034980684e-08,0.0,0.0,10.18383305777738,170.1360080292687,CDC42;MEF2A;TAOK2;WASL;CTNNA2;EPHB2;PAK3;MAPK8IP2;EPHB1;SHANK3;EPHB3;SHANK1,0.34285714285714286
5,985,Early Endosome (GO:0005769),38/307,1.3226677390920577e-06,cellular anatomical structure,GO_Cellular_Component_2023,1.7099126665068426e-07,0.0,0.0,2.7963398405451767,43.57159805526007,GRIA1;RAB5B;RAB5C;DAGLA;WIPF3;CXCR4;EEA1;RABGEF1;SNX1;GGA3;RAP1A;RUSC1;CLTCL1;FLOT1;EPHB1;SH3GL2;APPL1;EPHA4;USP8;NTRK2;PTPN1;RAB4A;SORT1;MYO5A;LNPEP;RUFY1;BACE1;EHD2;EHD4;ALS2;MYL1;HGS;PICK1;ATP6V0D1;RAB5A;EPHA3;LLGL1;CD22,0.1237785016286645
5,985,Stress-Activated MAPK Cascade (GO:0051403),13/42,1.4219112296658823e-06,cellular process,GO_Biological_Process_2023,6.237275512716439e-08,0.0,0.0,8.756137363417057,145.265520844428,MAP2K3;MAP4K1;MAP4K2;MAPK8IP2;DUSP9;MAPK13;MAPK8IP1;TAOK2;MAP3K13;MAP4K3;MAP3K11;MAP3K5;MAP3K12,0.30952380952380953
5,985,Regulation Of Cell-Matrix Adhesion (GO:0001952),16/65,1.5970123920761268e-06,biological regulation,GO_Biological_Process_2023,7.058036297434069e-08,0.0,0.0,6.39110380994503,105.23919956926312,DUSP3;PLEKHA2;CASK;SEMA3E;EFNA5;PTK2;ACTG1;SLC9A1;PTPRA;RASA1;NF1;PTK2B;FYN;TLN1;EPHA3;VCL,0.24615384615384617
5,985,Positive Regulation Of Actin Nucleation (GO:0051127),7/10,1.6157665899286404e-06,biological regulation,GO_Biological_Process_2023,7.247501854561184e-08,0.0,0.0,45.35923653715065,745.7069330399572,CYFIP1;NCKAP1;GSN;SCIN;WASF1;WASF2;WASF3,0.7
5,985,calcineurin-NFAT Signaling Cascade (GO:0033173),7/10,1.6157665899286404e-06,cellular process,GO_Biological_Process_2023,7.247501854561184e-08,0.0,0.0,45.35923653715065,745.7069330399572,PPP3CA;PPP3CB;PPP3R1;PPP3CC;NFATC3;NFATC2;NFATC4,0.7
5,985,Regulation Of Glucose Import (GO:0046324),12/36,1.7608489179555748e-06,biological regulation,GO_Biological_Process_2023,7.95634240632961e-08,0.0,0.0,9.758992805755396,159.52743842717317,PRKCI;OCLN;IRS1;CAPN10;APLP2;INSR;CLTCL1;GRB10;PRKAG2;SORBS1;RHOQ;APPL1,0.3333333333333333
5,985,Negative Regulation Of Cell Projection Organization (GO:0031345),14/50,1.7622929055880232e-06,biological regulation,GO_Biological_Process_2023,8.020990137570817e-08,0.0,0.0,7.601155738642865,124.19238659389744,RTN4R;EPHA4;PTPRS;DCC;SEMA3A;PTPRO;LPAR1;GRIN2B;EFNB2;MAG;DPYSL5;SPRY2;FYN;YWHAH,0.28
5,985,Protein Serine/Threonine Kinase Inhibitor Activity (GO:0030291),11/32,1.841910263460644e-06,molecular function regulator activity,GO_Molecular_Function_2023,1.9429433158867558e-07,0.0,0.0,10.214823506404615,157.8587757377144,SPRED2;SPRED1;PRKAR1B;PRKAR2B;PRKAR1A;PRKAR2A;PRKAG2;SPRY2;SFN;PTPN6;YWHAG,0.34375
5,985,Protein Serine/Threonine/Tyrosine Kinase Activity (GO:0004712),10/26,1.924130213875378e-06,catalytic activity,GO_Molecular_Function_2023,2.0702666858152807e-07,0.0,0.0,12.178846153846154,187.43753572344465,MAP2K3;PRKAA2;MAPKAPK3;RPS6KA2;TNK2;RPS6KA1;MAP3K9;PAK3;SGK1;MAP2K5,0.38461538461538464
5,985,Regulation Of Endocytosis (GO:0030100),16/66,1.937668843258877e-06,biological regulation,GO_Biological_Process_2023,8.894395709863907e-08,0.0,0.0,6.262951496388029,101.68064190970289,PTPN1;RAB5B;RAB4A;RAB4B;SYK;FGR;RUFY1;HCK;RIT2;SYT11;FLOT1;AP2S1;ABL2;ITGAV;EPHA3;CD22,0.24242424242424243
5,985,Calcium Ion Transmembrane Import Into Cytosol (GO:0097553),18/83,1.937668843258877e-06,localization,GO_Biological_Process_2023,8.947019724810117e-08,0.0,0.0,5.426775912815209,88.07310133264437,ITPR1;CACNA1A;ITPR2;CACNA1D;CACNA1C;CACNA1E;GRIN2B;CACNA1H;CACNA1I;CACNB3;SCN11A;LCK;SCN8A;PLCG2;FLNA;SCN2A;SCN3A;SCN1A,0.21686746987951808
5,985,Cell-Cell Contact Zone (GO:0044291),13/47,2.0540367257587444e-06,cellular anatomical structure,GO_Cellular_Component_2023,2.733508950629508e-07,0.0,0.0,7.466503267973856,112.83760184671424,DSP;AKAP6;TIAM1;PAK1;CDH2;FLOT1;FLOT2;FGF13;SCN1B;VCL;JAM3;YWHAH;TJP2,0.2765957446808511
5,985,Positive Regulation Of Actin Filament Bundle Assembly (GO:0032233),14/51,2.254366055185444e-06,biological regulation,GO_Biological_Process_2023,1.05580468283751e-07,0.0,0.0,7.395329417986472,118.7970368123453,ARHGEF10;ARHGEF15;PXN;LIMK1;LPAR1;RHOC;PPM1E;CDC42;PAK1;EVL;CD47;PFN1;ARHGEF5;PFN3,0.27450980392156865
5,985,Negative Regulation Of MAP Kinase Activity (GO:0043407),14/51,2.254366055185444e-06,biological regulation,GO_Biological_Process_2023,1.05580468283751e-07,0.0,0.0,7.395329417986472,118.7970368123453,LYN;PTPN1;CAV3;PRKCD;CBLC;PTPRJ;DUSP16;DUSP7;MAPK8IP1;DUSP10;NPPA;NF1;SPRY2;SH2B3,0.27450980392156865
5,985,Regulation Of Sodium Ion Transmembrane Transporter Activity (GO:2000649),12/37,2.385219283617105e-06,biological regulation,GO_Biological_Process_2023,1.1249550051360357e-07,0.0,0.0,9.36813977389517,149.8935396964817,CAMK2D;FGF14;CAV3;PRKCE;SCN3B;FGF13;FGF12;SCN1B;FGF11;YWHAH;PTPN3;SCN2B,0.32432432432432434
5,985,Regulation Of Cell Size (GO:0008361),10/25,2.770931950401669e-06,cellular process,GO_Biological_Process_2023,1.3327791854844248e-07,0.0,0.0,12.991452991452991,205.66547435205732,VAV3;DEPTOR;CAV3;RDX;MSN;ARHGAP5;EZR;ARHGAP35;VAV1;VAV2,0.4
5,985,Presynaptic Endocytosis (GO:0140238),11/31,2.770931950401669e-06,localization,GO_Biological_Process_2023,1.3342878125285085e-07,0.0,0.0,10.726129363449692,169.79138826649674,DNM3;SYT2;CDK5;SYNJ1;AP2S1;PIP5K1C;AP2B1;SYNJ2;AP2M1;DNM1;DNM2,0.3548387096774194
5,985,Axonal Growth Cone (GO:0044295),8/15,1.2665599652437928e-06,cellular anatomical structure,GO_Cellular_Component_2023,1.5892197282526677e-07,0.0,0.0,22.234829653458107,348.08297841241284,RTN4R;SHTN1;HSP90AA1;DCC;FLRT3;TAOK2;L1CAM;NEO1,0.5333333333333333
5,985,Cardiac Muscle Cell Contraction (GO:0086003),9/18,1.2466212840779645e-06,cellular process,GO_Biological_Process_2023,5.345012101917394e-08,0.0,0.0,19.473360655737704,326.0720172876185,CAMK2D;GSN;CACNA1D;CACNA1C;SCN3B;FGF12;SCN1B;SCN1A;SCN2B,0.5
5,985,G Alpha (I) Signaling Events R-HSA-418594,66/312,4.3336935725633073e-23,Signal Transduction,Reactome_2022,2.798752660383972e-24,0.0,0.0,5.479418243583959,297.16456847101387,AHCYL1;PPP3CA;PPP3CB;PPP3CC;RGS3;PPP2R1B;PPP2R1A;PDE4B;PDE4A;PRKACB;PDE4D;PRKCD;PDE4C;PRKCA;PPP2R5D;OPRM1;CREB1;PRKAR1B;PRKAR1A;CAMK2B;GNAZ;RGS17;CAMK2D;RGS19;PDE1C;PDE1B;PDE1A;CAMK2A;LPAR1;GNAI3;ITPR1;LPAR2;CXCR4;ITPR2;PRKX;ITPR3;GNAI1;CAMKK2;GNAI2;PPP2CA;PPP2CB;GNA14;GNG10;PPP3R1;GNA15;GRK2;GNG2;PRKAR2B;PRKAR2A;NPY;GNA11;RGS20;S1PR3;CAMK2G;GNG12;GNG11;PPP1CA;CDK5;NBEA;CAMK4;GNB1;GNAS;GNB4;GNB3;GNB5;CALM1,0.21153846153846154
5,985,Filopodium (GO:0030175),15/60,1.1898631766968446e-06,cellular anatomical structure,GO_Cellular_Component_2023,1.4477422682242976e-07,0.0,0.0,6.518900343642612,102.66023168816932,MYO10;ACTN2;RDX;MSN;UNC5C;IQGAP2;CDC42;SHTN1;GAP43;KITLG;SPATA13;ITGAV;EZR;FGF13;ARF6,0.25
5,985,Positive Regulation Of Protein Localization To Cell Periphery (GO:1904377),15/51,3.469635448396105e-07,biological regulation,GO_Biological_Process_2023,1.315989698435198e-08,0.0,0.0,8.152491408934708,147.93585700807438,PRKCI;PRKCH;EPB41;PRKCE;ARHGEF16;RHOG;AKAP5;SORBS1;GNAI1;STX4;EPHB2;EPHA3;SPTBN1;ARF6;EPHA2,0.29411764705882354
5,985,Phosphatidylinositol Phosphate Kinase Activity (GO:0016307),8/13,3.502224304964184e-07,None,GO_Molecular_Function_2023,3.4726696694792545e-08,0.0,0.0,31.132036847492323,534.7163025658261,PIP4K2A;PIP5K1A;PIK3C2G;PIP4K2B;PIP5K1B;PIP4K2C;PIP5K1C;PIK3C2B,0.6153846153846154
5,985,Insulin-Like Growth Factor Receptor Binding (GO:0005159),8/13,3.502224304964184e-07,binding,GO_Molecular_Function_2023,3.4726696694792545e-08,0.0,0.0,31.132036847492323,534.7163025658261,SOCS2;SOCS1;IRS1;INSR;IGF2;GNAS;YWHAG;YWHAH,0.6153846153846154
5,985,"3',5'-cyclic-AMP Phosphodiesterase Activity (GO:0004115)",8/13,3.502224304964184e-07,catalytic activity,GO_Molecular_Function_2023,3.4726696694792545e-08,0.0,0.0,31.132036847492323,534.7163025658261,PDE1C;PDE1B;PDE4D;PDE3B;PDE4C;PDE3A;PDE4B;PDE4A,0.6153846153846154
5,985,Cell Projection Assembly (GO:0030031),8/12,3.6492250994912833e-07,cellular process,GO_Biological_Process_2023,1.3961415288291189e-08,0.0,0.0,38.917093142272265,703.8922324468572,CYFIP2;NCKAP1;GSN;SCIN;PARVG;PDGFA;RAC3;NCKAP1L,0.6666666666666666
5,985,Positive Regulation Of Phosphatidylinositol 3-Kinase Activity (GO:0043552),11/26,3.926573486700875e-07,None,GO_Biological_Process_2023,1.5281519506289684e-08,0.0,0.0,14.30527036276523,257.4465378049887,PDGFRB;FGR;PDGFRA;FLT3;IRS1;CD19;KIT;PTK2B;TEK;FGFR3;PTK2,0.4230769230769231
5,985,Fc Receptor Signaling Pathway (GO:0038093),11/26,3.926573486700875e-07,cellular process,GO_Biological_Process_2023,1.5281519506289684e-08,0.0,0.0,14.30527036276523,257.4465378049887,LYN;VAV3;FER;FCER1G;SYK;LCK;KIT;PLCG2;PRKCQ;VAV1;VAV2,0.4230769230769231
5,985,Positive Regulation Of Neuron Projection Development (GO:0010976),20/92,4.238033475425333e-07,biological regulation,GO_Biological_Process_2023,1.6633442730066448e-08,0.0,0.0,5.452792170408751,97.6695984143285,CAMK2B;LYN;NTRK2;PRKCI;KIDINS220;NTRK3;MAGI2;PTK6;ARHGAP35;RAP1A;RELN;RIT2;FES;NPTN;PTK2B;ITGA6;ALKAL2;ALKAL1;SCN1B;EPHA3,0.21739130434782608
5,985,Positive Regulation Of Cellular Process (GO:0048522),62/594,4.95868930510833e-07,biological regulation,GO_Biological_Process_2023,1.9625419413357508e-08,0.0,0.0,2.333731131729649,41.41541997707779,PRR5;IRS1;FLT3;SIRPG;PTPRJ;AREG;ACTB;IGF1R;RPS6KA3;PPP3CA;CAPNS1;RPS6KA1;CHP2;ITGAV;CAPN1;PDGFRB;EPHA4;PDGFRA;CSNK2A1;RHOG;MATK;FLT3LG;PRKCA;RHOD;PGF;TIAM1;HCK;MYL1;PARD3;CD47;PRKAA2;SRF;PDGFA;TWIST1;AKAP6;NTN1;GNAI2;CDC42;EFNB2;SDCBP;PAK1;GRK5;PDGFD;PDGFC;NTF3;PTK2B;STX4;S1PR3;LYN;NTRK2;NTRK3;INSR;IGF2;PTK6;PTK2;EPOR;TSHR;KITLG;FER;CAPN10;PTPN6;FGFR3,0.10437710437710437
5,985,Regulation Of Actin Cytoskeleton Reorganization (GO:2000249),10/25,2.770931950401669e-06,None,GO_Biological_Process_2023,1.3327791854844248e-07,0.0,0.0,12.991452991452991,205.66547435205732,PDGFRA;HCK;CDK5;FES;ARHGDIA;ABL2;PTK2B;SEMA3E;TEK;BAIAP2,0.4
5,985,Integrin-Mediated Signaling Pathway (GO:0007229),19/85,5.853844876357471e-07,cellular process,GO_Biological_Process_2023,2.336132025195429e-08,0.0,0.0,5.647013614404918,99.2303632030002,MPIG6B;SYK;ITGA2B;ERBIN;ILK;ITGAE;PTK2;FGR;CDC42;HCK;TEC;PTPRA;ZYX;MYH9;PTK2B;ITGAV;ITGA6;CD47;DOCK1,0.2235294117647059
5,985,Regulation Of Lamellipodium Assembly (GO:0010591),12/33,6.383805134694799e-07,biological regulation,GO_Biological_Process_2023,2.5868935819742903e-08,0.0,0.0,11.154896490970488,194.878528985765,CDC42;ACTR3;CYFIP1;NCKAP1;ACTR2;FER;OCLN;ARPC2;WAS;RAC2;WASF2;EPHA2,0.36363636363636365
5,985,1-Phosphatidylinositol-3-Kinase Regulator Activity (GO:0046935),8/14,7.655042982428379e-07,molecular function regulator activity,GO_Molecular_Function_2023,7.751942260686966e-08,0.0,0.0,25.94199931763903,424.7415403237456,SOCS2;SOCS1;CISH;PIK3R3;SLA2;SOCS6;SOCS7;SOCS5,0.5714285714285714
5,985,"Phosphatidylinositol-3,4,5-Trisphosphate Binding (GO:0005547)",12/36,7.696543470612725e-07,binding,GO_Molecular_Function_2023,7.95634240632961e-08,0.0,0.0,9.758992805755396,159.52743842717317,ARHGAP9;CYTH3;OBSCN;MYO10;PARD3;ARAP2;BTK;DAPP1;ARAP3;IQGAP1;ARAP1;IQGAP2,0.3333333333333333
5,985,Inhibitory Synapse Assembly (GO:1904862),8/13,8.491237449887982e-07,cellular process,GO_Biological_Process_2023,3.4726696694792545e-08,0.0,0.0,31.132036847492323,534.7163025658261,GABRA2;GABRB3;GABRA1;GABRB2;PLXNB1;SRGAP3;FGF13;GABRG2,0.6153846153846154
5,985,Polymeric Cytoskeletal Fiber (GO:0099513),35/265,9.057680542808472e-07,cellular anatomical structure,GO_Cellular_Component_2023,1.0676353491523292e-07,0.0,0.0,3.009038901601831,48.30304652469406,WIPF1;WAS;IQGAP1;ACTG1;NCKIPSD;PAK1;DPYSL2;MYO6;RAC2;NEFL;APC2;DSP;ACTN3;ACTN2;TPM3;ACTN1;MYO5A;MYO9B;DNM1;DNM2;DNM3;HCK;DIAPH1;ACTA1;DIAPH2;CTTN;CDK5;SYNJ1;MAP1B;ARHGEF2;TEK;EZR;FGF13;RHOQ;MAP3K11,0.1320754716981132
5,985,Regulation Of Phosphatidylinositol 3-Kinase Activity (GO:0043551),12/34,9.263980879663308e-07,None,GO_Biological_Process_2023,3.8192533309957575e-08,0.0,0.0,10.647295150892273,181.862464292124,PDGFRB;FGR;PDGFRA;FLT3;IRS1;CD19;KIT;PIK3R3;PTK2B;TEK;FGFR3;PTK2,0.35294117647058826
5,985,Negative Regulation Of Signal Transduction (GO:0009968),36/267,9.94697598853052e-07,biological regulation,GO_Biological_Process_2023,4.133637778874821e-08,0.0,0.0,3.084696125792016,52.4445318423761,GRB7;IRS1;YWHAB;INPPL1;TWIST1;PTPRJ;FAIM2;ARRB1;PRKCZ;SOCS1;GRB14;INPP5D;GRB10;PIP4K2A;PIP4K2B;PIP4K2C;APPL1;SOCS5;NCK1;BRAP;LYN;PTPN1;PTPN18;SRMS;MPIG6B;CSNK2A1;PRKCB;PRKCD;WWP2;PTPN12;MAPK8IP2;HGS;SPRY2;PRKCQ;CD47;PTPN2,0.1348314606741573
5,985,Inorganic Anion Transmembrane Transport (GO:0098661),16/63,1.045312582021673e-06,None,GO_Biological_Process_2023,4.37845309751822e-08,0.0,0.0,6.663768306874822,112.91079194126876,GABRB3;GABRA2;GABRB2;GABRA1;GABRB1;SLC12A5;GABRA6;GABRA5;GABRA4;GABRA3;SLC6A1;GABRG3;GABRG2;GABRG1;GLRA3;GABRE,0.25396825396825395
5,985,Positive Regulation Of Intracellular Signal Transduction (GO:1902533),56/525,1.092606348913233e-06,biological regulation,GO_Biological_Process_2023,4.6125861695545476e-08,0.0,0.0,2.383689732178719,40.26502964384072,NCF1;TRAF3IP2;FLT3;ILK;PTPRJ;IGF1R;AKAP13;ITGAV;MAP4K1;PDGFRB;PDGFRA;HSP90AA1;KSR1;PRKCB;UNC5B;HGF;RHOC;FGR;DOK2;DOK4;LCK;DOK6;RRAGD;KIT;LPAR1;PDGFA;SEMA3E;IQGAP1;ADRB2;MALT1;RELN;PDGFD;PDGFC;PLCG2;FLNA;BRD4;SH2B1;LYN;NTRK2;CAV2;TRAT1;NTRK3;INSR;IGF2;PTK2;MOS;MYO1C;RIT2;TAOK2;SPRY2;PLXNB1;PTPN6;TEK;PIK3AP1;LAMTOR3;FGFR3,0.10666666666666667
5,985,Cell Morphogenesis Involved In Neuron Differentiation (GO:0048667),18/77,6.383805134694799e-07,developmental process,GO_Biological_Process_2023,2.5897362518715707e-08,0.0,0.0,5.980544406078558,104.47487604362678,MEF2A;MEF2C;DCC;APLP2;DOCK7;MAPK8IP2;BAIAP2;RAB10;SHTN1;PARD6B;CDK5;MAP1B;PARD3;TAOK2;SLITRK5;CTNNA2;PAK3;LLGL1,0.23376623376623376
5,985,Cell Chemotaxis (GO:0060326),15/50,2.610624428297213e-07,cellular process,GO_Biological_Process_2023,9.729569933957291e-09,0.0,0.0,8.385861561119293,154.70318031076454,PDGFRB;PDGFRA;DOCK4;HGF;ARHGEF16;PRKCD;RHOG;LPAR1;ARRB2;KIT;ELMO2;PIP5K1A;PRKCQ;EPHB1;EPHA2,0.3
5,985,Chloride Transport (GO:0006821),17/77,3.1812374424804157e-06,localization,GO_Biological_Process_2023,1.5423545647909665e-07,0.0,0.0,5.548123278236915,87.0211233469304,GABRB3;GABRA2;GABRB2;GABRA1;GABRB1;SLC12A5;GABRA6;GABRA5;GABRA4;GABRA3;SLC6A1;GABRG3;GABRG2;GABRG1;CLCN6;GLRA3;GABRE,0.22077922077922077
5,985,Calcium-Dependent Protein Serine/Threonine Kinase Activity (GO:0009931),6/8,3.2324112044805783e-06,catalytic activity,GO_Molecular_Function_2023,3.614299448047904e-07,0.0,0.0,58.26251276813075,864.2193648204391,MAPKAPK3;CAMK4;MKNK1;MAPKAPK2;MKNK2;PRKCA,0.75
5,985,Semaphorin-Plexin Signaling Pathway (GO:0071526),11/34,7.273895876371186e-06,cellular process,GO_Biological_Process_2023,3.934429167958029e-07,0.0,0.0,9.325595928934916,137.5369647605051,FARP2;PLXND1;SEMA3A;SEMA6D;PLXNA2;FLNA;SEMA3E;SEMA4F;PLXNB1;MET;PLXNA4,0.3235294117647059
5,985,Clathrin-Coated Vesicle (GO:0030136),16/78,7.290565976031983e-06,cellular anatomical structure,GO_Cellular_Component_2023,1.0256689776166669e-06,0.0,0.0,5.047571490395819,69.6068462113811,SORT1;DENND1A;TNK2;CLTC;CLTB;CLTA;AP2A1;AP2B1;PIK3C2A;AP2A2;MYL1;CLTCL1;MYO6;NUMB;AP2S1;AP2M1,0.20512820512820512
5,985,Clathrin Coat Of Coated Pit (GO:0030132),7/12,3.202516984766122e-06,protein-containing complex,GO_Cellular_Component_2023,4.383673439223589e-07,0.0,0.0,27.21267893660532,398.3992960148184,SYNJ1;AP2S1;AP2B1;EPS15L1;AP2A2;EPS15;AP2M1,0.5833333333333334
5,985,Non-Membrane Spanning Protein Tyrosine Phosphatase Activity (GO:0004726),6/9,8.207124629477318e-06,catalytic activity,GO_Molecular_Function_2023,1.0388765353768757e-06,0.0,0.0,38.839632277834525,535.108011089029,PTPN1;PTPN18;PTPN6;PTPN12;PTPN7;PTPN2,0.6666666666666666
5,985,MAP Kinase Tyrosine/Serine/Threonine Phosphatase Activity (GO:0017017),6/9,8.207124629477318e-06,catalytic activity,GO_Molecular_Function_2023,1.0388765353768757e-06,0.0,0.0,38.839632277834525,535.108011089029,DUSP10;DUSP8;DUSP16;DUSP9;DUSP6;DUSP7,0.6666666666666666
5,985,MAP Kinase Tyrosine Phosphatase Activity (GO:0033550),6/9,8.207124629477318e-06,catalytic activity,GO_Molecular_Function_2023,1.0388765353768757e-06,0.0,0.0,38.839632277834525,535.108011089029,DUSP10;DUSP8;DUSP16;DUSP9;DUSP6;DUSP7,0.6666666666666666
5,985,Regulation Of Peptidyl-Tyrosine Phosphorylation (GO:0050730),18/90,6.092680200567355e-06,biological regulation,GO_Biological_Process_2023,3.275418445555669e-07,0.0,0.0,4.897362978283351,73.12571001457918,EPHA7;HGF;TNK2;PRKCD;IGF2;PDGFA;PTPRJ;EFNA5;PRKCZ;GHR;RELN;NTF3;PLCG2;PTK2B;FYN;PTPN6;ARHGEF2;PAK2,0.2
5,985,Fc-epsilon Receptor Signaling Pathway (GO:0038095),9/22,8.40275261448939e-06,cellular process,GO_Biological_Process_2023,4.572738065272921e-07,0.0,0.0,13.478720050441362,196.762132714892,LYN;VAV3;FER;FCER1G;SYK;PLCG2;PRKCQ;VAV1;VAV2,0.4090909090909091
5,985,Cell-Substrate Junction Assembly (GO:0007044),10/28,8.435261008861608e-06,cellular process,GO_Biological_Process_2023,4.67389132417134e-07,0.0,0.0,10.824501424501424,157.7790548990255,BCR;ACTN3;CTTN;ACTN2;TAOK2;PIP5K1A;ITGA6;SORBS1;ARHGEF7;RHOD,0.35714285714285715
5,985,Negative Regulation Of Signaling (GO:0023057),10/28,8.435261008861608e-06,biological regulation,GO_Biological_Process_2023,4.67389132417134e-07,0.0,0.0,10.824501424501424,157.7790548990255,BRAP;PPP3CA;PTPN1;PPP3CB;MPIG6B;SRMS;TRAT1;INPP5D;OPRM1;SOCS5,0.35714285714285715
5,985,Regulation Of Adenylate Cyclase Activity (GO:0045761),8/17,9.801483409585712e-06,biological regulation,GO_Biological_Process_2023,5.495554682155577e-07,0.0,0.0,17.291936767883545,249.24867627814413,EDNRB;GNAI3;NF1;ORAI1;CACNA1D;AKAP5;CACNA1C;GNAI2,0.47058823529411764
5,985,Regulation Of Axon Extension (GO:0030516),11/35,9.801483409585712e-06,biological regulation,GO_Biological_Process_2023,5.483249273755302e-07,0.0,0.0,8.936558863791923,128.83298747693428,RTN4R;SHTN1;MAG;PTPRS;CTTN;SEMA3A;LIMK1;L1CAM;MAP3K13;NTN1;DNM2,0.3142857142857143
5,985,G Beta:Gamma Signaling Thru PLC Beta R-HSA-418217,8/20,9.96740595750001e-06,Signal Transduction,Reactome_2022,2.4943659712008096e-06,0.0,0.0,12.9669054930058,167.29221976349794,GNG10;GNG2;GNB1;GNB4;GNB3;GNB5;GNG12;GNG11,0.4
5,985,Role Of Second Messengers In Netrin-1 Signaling R-HSA-418890,6/10,9.96740595750001e-06,Developmental Biology,Reactome_2022,2.4885015892543595e-06,0.0,0.0,29.12819203268641,375.86523237174976,TRPC6;TRPC3;DCC;TRPC1;PITPNA;NTN1,0.6
5,985,B Cell Activation (GO:0042113),18/92,8.435261008861608e-06,cellular process,GO_Biological_Process_2023,4.625050899994135e-07,0.0,0.0,4.7644987283043125,69.49787657484477,MEF2C;FLT3;PRKCB;PIK3R3;PTPRJ;RASGRP1;MALT1;LAT2;CD79B;ZAP70;CD79A;KIT;BLNK;BTK;PLCG2;EPHB2;CD22;PTPN2,0.1956521739130435
5,985,Cellular Response To Salt (GO:1902075),20/109,6.0532069150304615e-06,cellular process,GO_Biological_Process_2023,3.234233246157436e-07,0.0,0.0,4.407288816440589,65.86386287187422,MEF2A;MEF2C;CAMK2D;SYT2;PRKAA2;CACNA1A;IQGAP1;RASGRP2;SYT9;CACNA1H;RYR3;SSH1;MAPK13;ITPKB;RASA4;SYT11;ITPKA;CHP2;PLCG2;FYN,0.1834862385321101
5,985,Protein Tyrosine/Threonine Phosphatase Activity (GO:0008330),6/9,8.207124629477318e-06,catalytic activity,GO_Molecular_Function_2023,1.0388765353768757e-06,0.0,0.0,38.839632277834525,535.108011089029,DUSP10;DUSP8;DUSP16;DUSP9;DUSP6;DUSP7,0.6666666666666666
5,985,Focal Adhesion Assembly (GO:0048041),9/21,5.321173375713156e-06,cellular process,GO_Biological_Process_2023,2.8255571025389777e-07,0.0,0.0,14.602715163934429,220.20003849606465,BCR;ACTN3;CTTN;ACTN2;TAOK2;PIP5K1A;SORBS1;ARHGEF7;RHOD,0.42857142857142855
5,985,Chloride Channel Activity (GO:0005254),15/64,3.2324112044805783e-06,transporter activity,GO_Molecular_Function_2023,3.60892143028222e-07,0.0,0.0,5.985482852934989,88.79276284775045,GABRB3;GABRA2;GABRB2;GABRA1;GABRB1;GABRA6;GABRA5;GABRA4;GABRA3;GABRG3;GABRG2;GABRG1;CLCN6;GLRA3;GABRE,0.234375
5,985,Sodium Channel Regulator Activity (GO:0017080),11/34,3.45355449187427e-06,molecular function regulator activity,GO_Molecular_Function_2023,3.934429167958029e-07,0.0,0.0,9.325595928934916,137.5369647605051,CAMK2D;CAV3;SCN3B;FGF13;SGK1;FGF12;SCN1B;SNTA1;YWHAH;PTPN3;SCN2B,0.3235294117647059
5,985,Regulation Of Cell-Substrate Junction Assembly (GO:0090109),9/21,5.321173375713156e-06,biological regulation,GO_Biological_Process_2023,2.8255571025389777e-07,0.0,0.0,14.602715163934429,220.20003849606465,DUSP3;PTPRA;FYN;EFNA5;TLN1;PTK2;EPHA3;VCL;SLC9A1,0.42857142857142855
5,985,Cellular Response To Calcium Ion (GO:0071277),16/69,3.5224039285559604e-06,cellular process,GO_Biological_Process_2023,1.7309966535449804e-07,0.0,0.0,5.9075101738808735,91.97637890580636,MEF2A;MEF2C;CAMK2D;PRKAA2;SYT2;CACNA1A;IQGAP1;RASGRP2;SYT9;RYR3;ITPKB;RASA4;SYT11;ITPKA;CHP2;PLCG2,0.2318840579710145
5,985,Actin Cytoskeleton Reorganization (GO:0031532),14/53,3.619426422869905e-06,None,GO_Biological_Process_2023,1.7906133358525253e-07,0.0,0.0,7.015342364466978,108.98711398613068,FARP2;PTPN1;CDC42BPB;PAK1;FER;CTTN;PARVG;NPHS2;KIT;S1PR1;MYH9;FLNA;PIP5K1A;EZR,0.2641509433962264
5,985,Membrane Organization (GO:0061024),26/167,3.704141726051215e-06,cellular process,GO_Biological_Process_2023,1.844740767261654e-07,0.0,0.0,3.629105377202908,56.27202570306048,SNAP23;WASL;FNBP1L;PIK3C2A;CHP1;PIP5K1C;AP2M1;SPTBN1;SH3GLB2;PRKCI;TOR1A;DBNL;PDCD6IP;CAV3;EXOC7;STAM;SYNJ2;DNM2;SYNJ1;BIN1;HGS;AAK1;CNTN2;PICK1;STAM2;EXOC2,0.15568862275449102
5,985,Calcineurin-Mediated Signaling (GO:0097720),7/11,3.8058666516128767e-06,cellular process,GO_Biological_Process_2023,1.907954258064503e-07,0.0,0.0,34.017638036809814,526.3230746026043,PPP3CA;PPP3CB;PPP3R1;PPP3CC;NFATC3;NFATC2;NFATC4,0.6363636363636364
5,985,Cellular Response To Organonitrogen Compound (GO:0071417),20/105,3.5056721359140163e-06,None,GO_Biological_Process_2023,1.7112119924646252e-07,0.0,0.0,4.615665955501371,71.9162009026753,GABRB3;GABRB2;MEF2C;GABRB1;AKAP6;ACTB;GABRG2;RYR3;TSHR;SSH1;MAPK13;RAP1B;DIAPH1;RAP1A;RRAGD;CAPN2;PDE3A;CTNNA1;EZR;LAMTOR3,0.19047619047619047
5,985,Homotypic Cell-Cell Adhesion (GO:0034109),13/46,4.049708768639955e-06,cellular process,GO_Biological_Process_2023,2.070233498508255e-07,0.0,0.0,7.693166230203267,118.40116903126967,PDGFRA;STXBP3;ACTN1;ILK;MYL12A;ACTG1;GNAS;FLNA;MYH9;TLN1;MYL9;VCL;TJP2,0.2826086956521739
5,985,Cellular Response To Nerve Growth Factor Stimulus (GO:1990090),9/21,5.321173375713156e-06,response to stimulus,GO_Biological_Process_2023,2.8255571025389777e-07,0.0,0.0,14.602715163934429,220.20003849606465,NTRK2;RAP1A;KIDINS220;NTRK3;MAGI2;NTF3;NGF;WASF1;SH3GL2,0.42857142857142855
5,985,Synapse Assembly (GO:0007416),16/71,5.066598740096732e-06,cellular process,GO_Biological_Process_2023,2.640246045301068e-07,0.0,0.0,5.692091190543203,86.21937766847071,GABRB3;GABRA2;GABRB2;GABRA1;DBNL;PLXND1;GABRG2;DNM3;PTPRD;CDH2;CDK5;FLRT3;PLXNB1;SRGAP3;FGF13;SHANK3,0.22535211267605634
5,985,Regulation Of Actin Filament Bundle Assembly (GO:0032231),10/26,4.049708768639955e-06,biological regulation,GO_Biological_Process_2023,2.0702666858152807e-07,0.0,0.0,12.178846153846154,187.43753572344465,CDC42;LIMK1;RDX;ASAP3;WAS;PFN1;SHANK3;PFN3;SLC9A1;SHANK1,0.38461538461538464
5,985,Regulation Of Insulin Secretion R-HSA-422356,33/77,5.025744425526655e-22,Metabolism,Reactome_2022,3.296401490002347e-23,0.0,0.0,14.94564075630252,773.6853912211366,AHCYL1;ITPR1;CACNA1A;ITPR2;CACNA1D;ITPR3;AKAP5;CACNA1C;IQGAP1;CACNA1E;GNAI1;GNAI2;GNA14;GNA15;GNG10;GNG2;RAP1A;PRKAR2B;GNA11;PRKAR2A;PRKACB;PRKCA;GNG12;GNG11;CACNB3;PRKAR1B;PRKAR1A;GNB1;GNAS;GNB4;GNB3;GNB5;RAPGEF4,0.42857142857142855
5,985,Adenyl Ribonucleotide Binding (GO:0032559),37/309,4.80709851343752e-06,binding,GO_Molecular_Function_2023,5.679272505327028e-07,0.0,0.0,2.6894507011665425,38.67772342620972,AGAP2;PRKAG1;PRKAG2;ATP1A3;STK4;RPS6KA4;PTPA;RPS6KA5;MKNK1;MYO6;MKNK2;PIM1;PDE4B;PDE4A;PIP4K2B;MAP4K5;MAP3K6;PRKACB;MYH10;MAP4K3;MAP3K5;MARK1;MAP4K1;MAP4K2;PRKCI;HSP90AA1;KSR1;INSR;PDE4D;MYO9B;CDC42BPB;UHMK1;ACTA1;ZAP70;BTK;MYH9;RAPGEF4,0.11974110032362459
5,985,Phosphatidylinositol 3-Kinase Regulator Activity (GO:0035014),8/17,4.736168944257716e-06,molecular function regulator activity,GO_Molecular_Function_2023,5.495554682155577e-07,0.0,0.0,17.291936767883545,249.24867627814413,SOCS2;SOCS1;CISH;PIK3R3;SLA2;SOCS6;SOCS7;SOCS5,0.47058823529411764
5,985,Cellular Component Assembly (GO:0022607),34/260,4.049708768639955e-06,cellular process,GO_Biological_Process_2023,2.0575759841447094e-07,0.0,0.0,2.9723067474386533,45.76332018285213,CYFIP2;NCKAP1;WIPF1;WAS;PDGFA;WASL;EPS8;CDC42;PARD6B;SCIN;PPP2R1A;REPS2;RAC3;PTK2B;NCKAP1L;WASF1;SPTBN1;AP2M1;WASF3;MAGI1;GSN;RANBP9;BAIAP2;RHOD;YWHAZ;CD2AP;PTPRD;TIAM1;OCLN;PARVG;PARD3;EZR;LLGL1;SHANK1,0.13076923076923078
5,985,Cell-Cell Junction Assembly (GO:0007043),16/71,5.066598740096732e-06,cellular process,GO_Biological_Process_2023,2.640246045301068e-07,0.0,0.0,5.692091190543203,86.21937766847071,CTNND1;PRKCA;RHOC;ACTG1;CDH5;PARD6B;CDH2;GJA4;CTNNA1;PKN2;TLN2;PIP5K1C;TLN1;PAK2;VCL;JAM3,0.22535211267605634
6,837,Chromatin Modifying Enzymes R-HSA-3247509,46/238,1.4918976817948535e-16,Chromatin organization,Reactome_2022,2.110180596598095e-18,0.0,0.0,5.746062473662032,233.8633529311385,KDM5A;KDM5B;SETD2;KDM5C;HDAC2;KDM3A;HDAC3;SMARCD3;KDM1A;PHF20;HDAC1;ARID4A;ARID4B;YEATS4;CHD4;PHF21A;MTA1;MECOM;EP400;HMG20B;SAP18;KAT7;TBL1X;NCOA1;KDM6B;NCOA2;BRD1;KDM4B;KDM2A;PRMT1;USP22;SMARCA2;JMJD6;SAP30;NCOR2;KAT2B;MORF4L1;REST;NCOR1;TBL1XR1;KAT6A;CARM1;BRWD1;CLOCK;OGT;RCOR1,0.19327731092436976
6,837,Transcriptional Regulation By TP53 R-HSA-3700989,64/354,1.3168506460195085e-21,Gene expression (Transcription),Reactome_2022,1.6763303839003646e-23,0.0,0.0,5.3881964580452335,282.57237878035403,DYRK2;PHF20;CHD4;TRIAP1;NOC2L;PIDD1;SESN3;AIFM2;PPP1R13L;SESN1;SESN2;ELOB;ELOC;TP63;ZNF385A;BNIP3L;DAXX;BRD1;USP7;PRMT1;USP2;RABGGTB;RABGGTA;RBL2;CCNA1;TFDP2;KAT6A;MAPKAPK5;L3MBTL1;HDAC2;RNF34;HDAC1;PRDX5;PCBP4;PRDX1;PERP;PLAGL1;TP53INP1;TP53BP2;E2F4;RFFL;BANP;PLK3;TIGAR;CRADD;TXNRD1;ARID3A;POU4F1;POU4F2;PML;HIPK2;CDK9;TP53I3;BCL6;TTC5;CARM1;AGO2;CCNG1;JMY;MDM4;CDK12;CDK13;TNRC6A;TNRC6B,0.1807909604519774
6,837,Cellular Responses To Stimuli R-HSA-8953897,97/736,3.1985579288034127e-22,Cellular responses to stimuli,Reactome_2022,3.619301758193395e-24,0.0,0.0,3.799915408366112,205.1033263167612,UBE2D3;SESN1;SESN2;SKP1;MUL1;TBL1XR1;MAPKAPK5;TNIK;FKBP4;CLOCK;AJUBA;FKBP5;HSPA4L;CUL2;CUL1;HSP90B1;STIP1;PRDX5;HSPH1;BAG5;BAG2;PRDX1;BAG1;EP400;ZBTB17;PHC2;CBX6;CBX4;HMGA1;NR1D1;HSPA2;H1-0;H1-3;H1-2;H1-4;MAFG;HYOU1;MDM4;RLN1;HSP90AB1;SRXN1;CHD9;HIF3A;LIMD1;CABIN1;SIN3B;SIN3A;UBXN7;ELOB;PHGDH;ELOC;HIF1AN;NCOA1;KDM6B;NCOA2;NCOA6;MINK1;NCOR2;DNAJC3;CCNA1;NCOR1;DNAJC7;TFDP2;CTDSP2;TKT;HDAC3;SMARCD3;HM13;HSPA13;DNAJB1;DNAJB6;UBN1;HSF1;LMNA;NRIP1;TBL1X;VHL;MAP4K4;CDKN2D;NQO1;CDKN2B;HSPA1L;NFYA;TXNRD2;TXNRD1;PTGES3;PSMB8;ATOX1;PSMB9;DNAJA1;CCS;CARM1;DNAJA2;HDGF;BMAL1;TNRC6A;TNRC6B,0.13179347826086957
6,837,Cellular Responses To Stress R-HSA-2262752,97/722,8.51203693674687e-23,Cellular responses to stimuli,Reactome_2022,8.427759343313733e-25,0.0,0.0,3.8879697297297295,215.52220076517548,UBE2D3;SESN1;SESN2;SKP1;MUL1;TBL1XR1;MAPKAPK5;TNIK;FKBP4;CLOCK;AJUBA;FKBP5;HSPA4L;CUL2;CUL1;HSP90B1;STIP1;PRDX5;HSPH1;BAG5;BAG2;PRDX1;BAG1;EP400;ZBTB17;PHC2;CBX6;CBX4;HMGA1;NR1D1;HSPA2;H1-0;H1-3;H1-2;H1-4;MAFG;HYOU1;MDM4;RLN1;HSP90AB1;SRXN1;CHD9;HIF3A;LIMD1;CABIN1;SIN3B;SIN3A;UBXN7;ELOB;PHGDH;ELOC;HIF1AN;NCOA1;KDM6B;NCOA2;NCOA6;MINK1;NCOR2;DNAJC3;CCNA1;NCOR1;DNAJC7;TFDP2;CTDSP2;TKT;HDAC3;SMARCD3;HM13;HSPA13;DNAJB1;DNAJB6;UBN1;HSF1;LMNA;NRIP1;TBL1X;VHL;MAP4K4;CDKN2D;NQO1;CDKN2B;HSPA1L;NFYA;TXNRD2;TXNRD1;PTGES3;PSMB8;ATOX1;PSMB9;DNAJA1;CCS;CARM1;DNAJA2;HDGF;BMAL1;TNRC6A;TNRC6B,0.13434903047091412
6,837,Regulation Of Lipid Metabolism By PPARalpha R-HSA-400206,47/118,8.484235969691282e-32,Metabolism,Reactome_2022,6.000166880969788e-34,0.0,0.0,15.99793189516848,1223.779492105219,HDAC3;SMARCD3;CHD9;CCNC;MED16;MED15;MED17;MED12;MED14;MED13;MED30;SIN3B;SIN3A;MED10;MED31;TBL1X;PPARGC1B;NCOA1;NCOA2;CDK19;NFYA;NCOA6;NCOA3;TXNRD1;MED8;MED9;NR1D1;MED4;MED27;MED6;SREBF2;MED7;MED13L;MED23;NCOR2;CDK8;MED22;MED25;MED24;NCOR1;TBL1XR1;THRAP3;MED21;CARM1;MED20;CLOCK;BMAL1,0.3983050847457627
6,837,Transcriptional Regulation Of White Adipocyte Differentiation R-HSA-381340,41/84,6.219841403236517e-32,Developmental Biology,Reactome_2022,3.519005037191806e-34,0.0,0.0,22.902886525651518,1764.2028188174413,HDAC3;SMARCD3;CHD9;CCNC;MED16;MED15;MED17;MED12;CCND3;MED14;MED13;MED30;MED10;MED31;TBL1X;NCOA1;NCOA2;CDK19;NCOA6;NCOA3;MED8;MED9;MED27;MED4;MED6;SREBF2;MED7;MED13L;MED23;NCOR2;MED22;CDK8;MED25;MED24;NCOR1;TBL1XR1;THRAP3;MED21;ZNF638;CARM1;MED20,0.4880952380952381
6,837,Gene Expression (Transcription) R-HSA-74160,254/1449,7.442913978873279e-92,Gene expression (Transcription),Reactome_2022,3.158237897683146e-94,0.0,0.0,6.550840049663765,1410.3499052525494,ZNF175;HDAC11;CCNC;NOC2L;ZNF729;ZNF607;MYB;TP63;SKP1;ZNF285;DAXX;ZFP1;ZNF705D;ZNF282;MED8;ZNF705A;ZNF12;MED4;MED6;MED7;RUNX1;ZNF713;ZSCAN25;ZFPM1;ZNF157;L3MBTL1;ZNF155;ZNF274;ZNF23;GATA2;ZNF25;GATA1;ZNF26;PRDX5;ZNF706;PCBP4;PRDX1;TP53BP2;HIVEP3;PPARGC1B;ZNF267;ZNF266;BANP;NFE2;PLK3;ZNF263;PHC2;CRADD;NR1D2;NR1D1;SMARCA2;NR2F6;ZNF37A;AGO2;INTS6;CDK12;INTS9;CDK13;ZNF254;ZNF253;PHF20;ZNF45;MED16;MED15;MED17;MED12;MECP2;MED14;MED13;AIFM2;MED10;ZNF41;ELOB;ELOC;JARID2;ZNF485;TEAD4;BRD2;BRD1;ZNF480;PRMT1;TCF12;MED27;MED23;NCOR2;KAT2B;MED25;MED24;NCOR1;MED20;RARB;ZNF479;ZNF233;ZNF112;ZNF595;ZNF350;NFIX;ZNF3;PLAGL1;PERP;ZNF227;ZNF226;TBL1X;ZNF586;ZNF101;ZNF584;WWOX;TIGAR;CDKN2B;NFYA;PCGF5;WWP1;ZNF79;POU4F1;PSMB8;POU4F2;PSMB9;HIPK2;ITCH;RYBP;TTC5;NFIB;PRKRA;CCNG2;CCNG1;ZNF74;ZNF214;RNF141;ZNF334;ZNF212;ZNF333;ZNF691;UBE2D3;YEATS4;ARID4B;YY1;CCND3;CCND2;SESN3;SESN1;ZNF208;SESN2;ZNF202;MEN1;BNIP3L;USP7;FBXW7;USP2;KCTD1;ZNF99;KCTD6;SAP30;TBL1XR1;KAT6A;ZNF679;ZNF558;MAPKAPK5;ZNF557;ZNF676;ZNF433;ZNF675;ZNF432;FKBP5;ZNF430;ZNF671;CBFB;MAX;CUL1;SUPT6H;MED30;ZKSCAN8;MED31;ZKSCAN3;ZNF786;TFAP2A;TFAP2C;ZFHX3;CBX6;POU2F1;CBX4;CDK9;CDK8;ZFP69;TP53I3;BCL6;ZNF419;ZNF417;JMY;NABP1;MDM4;ZNF655;ZNF775;ZNF774;ZNF772;PIWIL2;KDM5B;DYRK2;CHD4;TRIAP1;YBX1;AFF4;PIDD1;SIN3B;PPP1R13L;SIN3A;ZNF528;MYBL1;ZNF385A;TGIF1;TGIF2;RABGGTB;RABGGTA;RBL2;PPM1A;CCNA1;TFDP2;ZNF510;HDAC4;HDAC2;ZNF197;RNF34;SMARCD3;HDAC3;ZNF195;HDAC1;PPM1D;HDAC9;NR2C1;HDAC7;MTA1;ZNF749;ZNF626;TP53INP1;SAP18;E2F4;E2F5;RFFL;ZNF860;ZNF184;MGA;TXNRD1;ZNF804B;ARID3A;PML;ZNF619;CARM1;ZNF737;ZNF615;ZNF735;PTPN4;ZNF730;TRIM33;TNRC6A;TNRC6B,0.17529330572808835
6,837,RNA Polymerase II Transcription R-HSA-73857,244/1312,2.5874502668077427e-93,Gene expression (Transcription),Reactome_2022,7.319519849526854e-96,0.0,0.0,6.971439579109587,1527.1469914252448,ZNF175;HDAC11;CCNC;NOC2L;ZNF729;ZNF607;MYB;TP63;SKP1;ZNF285;DAXX;ZFP1;ZNF705D;ZNF282;MED8;ZNF705A;ZNF12;MED4;MED6;MED7;RUNX1;ZNF713;ZSCAN25;ZFPM1;ZNF157;L3MBTL1;ZNF155;ZNF274;ZNF23;GATA2;ZNF25;GATA1;ZNF26;PRDX5;ZNF706;PCBP4;PRDX1;TP53BP2;HIVEP3;PPARGC1B;ZNF267;ZNF266;BANP;NFE2;PLK3;ZNF263;PHC2;CRADD;NR1D2;NR1D1;SMARCA2;NR2F6;ZNF37A;AGO2;INTS6;CDK12;INTS9;CDK13;ZNF254;ZNF253;PHF20;ZNF45;MED16;MED15;MED17;MED12;MECP2;MED14;MED13;AIFM2;MED10;ZNF41;ELOB;ELOC;ZNF485;TEAD4;BRD2;BRD1;ZNF480;PRMT1;TCF12;MED27;MED23;NCOR2;KAT2B;MED25;MED24;NCOR1;MED20;RARB;ZNF479;ZNF233;ZNF112;ZNF595;ZNF350;ZNF3;PLAGL1;PERP;ZNF227;ZNF226;TBL1X;ZNF586;ZNF101;ZNF584;WWOX;TIGAR;CDKN2B;NFYA;PCGF5;WWP1;ZNF79;POU4F1;PSMB8;POU4F2;PSMB9;HIPK2;ITCH;RYBP;TTC5;CCNG2;CCNG1;ZNF74;ZNF214;RNF141;ZNF334;ZNF212;ZNF333;ZNF691;UBE2D3;YEATS4;YY1;CCND3;CCND2;SESN3;SESN1;ZNF208;SESN2;ZNF202;MEN1;BNIP3L;USP7;FBXW7;USP2;KCTD1;ZNF99;KCTD6;TBL1XR1;KAT6A;ZNF679;ZNF558;MAPKAPK5;ZNF557;ZNF676;ZNF433;ZNF675;ZNF432;FKBP5;ZNF430;ZNF671;CBFB;MAX;CUL1;SUPT6H;MED30;ZKSCAN8;MED31;ZKSCAN3;ZNF786;TFAP2A;TFAP2C;ZFHX3;CBX6;POU2F1;CBX4;CDK9;CDK8;ZFP69;TP53I3;BCL6;ZNF419;ZNF417;JMY;NABP1;MDM4;ZNF655;ZNF775;ZNF774;ZNF772;KDM5B;DYRK2;CHD4;TRIAP1;YBX1;AFF4;PIDD1;SIN3B;PPP1R13L;SIN3A;ZNF528;ZNF385A;TGIF1;TGIF2;RABGGTB;RABGGTA;RBL2;PPM1A;CCNA1;TFDP2;ZNF510;HDAC4;HDAC2;ZNF197;RNF34;SMARCD3;HDAC3;ZNF195;HDAC1;PPM1D;HDAC9;NR2C1;HDAC7;ZNF749;ZNF626;TP53INP1;E2F4;E2F5;RFFL;ZNF860;ZNF184;MGA;TXNRD1;ZNF804B;ARID3A;PML;ZNF619;CARM1;ZNF737;ZNF615;ZNF735;PTPN4;ZNF730;TRIM33;TNRC6A;TNRC6B,0.18597560975609756
6,837,Generic Transcription Pathway R-HSA-212436,238/1190,1.7745014865121152e-97,Gene expression (Transcription),Reactome_2022,2.509903092662115e-100,0.0,0.0,7.600584307178631,1743.104819176521,ZNF175;HDAC11;CCNC;NOC2L;ZNF729;ZNF607;MYB;TP63;SKP1;ZNF285;DAXX;ZFP1;ZNF705D;ZNF282;MED8;ZNF705A;ZNF12;MED4;MED6;MED7;RUNX1;ZNF713;ZSCAN25;ZFPM1;ZNF157;L3MBTL1;ZNF155;ZNF274;ZNF23;GATA2;ZNF25;GATA1;ZNF26;PRDX5;ZNF706;PCBP4;PRDX1;TP53BP2;HIVEP3;PPARGC1B;ZNF267;ZNF266;BANP;NFE2;PLK3;ZNF263;PHC2;CRADD;NR1D2;NR1D1;SMARCA2;NR2F6;ZNF37A;AGO2;CDK12;CDK13;ZNF254;ZNF253;PHF20;ZNF45;MED16;MED15;MED17;MED12;MECP2;MED14;MED13;AIFM2;MED10;ZNF41;ELOB;ELOC;ZNF485;TEAD4;BRD2;BRD1;ZNF480;PRMT1;TCF12;MED27;MED23;NCOR2;KAT2B;MED25;MED24;NCOR1;MED20;RARB;ZNF479;ZNF233;ZNF112;ZNF595;ZNF350;ZNF3;PLAGL1;PERP;ZNF227;ZNF226;TBL1X;ZNF586;ZNF101;ZNF584;WWOX;TIGAR;CDKN2B;NFYA;PCGF5;WWP1;ZNF79;POU4F1;PSMB8;POU4F2;PSMB9;HIPK2;ITCH;RYBP;TTC5;CCNG2;CCNG1;ZNF74;ZNF214;RNF141;ZNF334;ZNF212;ZNF333;ZNF691;UBE2D3;YEATS4;YY1;CCND3;CCND2;SESN3;SESN1;ZNF208;SESN2;ZNF202;MEN1;BNIP3L;USP7;FBXW7;USP2;KCTD1;ZNF99;KCTD6;TBL1XR1;KAT6A;ZNF679;ZNF558;MAPKAPK5;ZNF557;ZNF676;ZNF433;ZNF675;ZNF432;FKBP5;ZNF430;ZNF671;CBFB;MAX;CUL1;MED30;ZKSCAN8;MED31;ZKSCAN3;ZNF786;TFAP2A;TFAP2C;ZFHX3;CBX6;CBX4;CDK9;CDK8;ZFP69;TP53I3;BCL6;ZNF419;ZNF417;JMY;MDM4;ZNF655;ZNF775;ZNF774;ZNF772;KDM5B;DYRK2;CHD4;TRIAP1;YBX1;PIDD1;SIN3B;PPP1R13L;SIN3A;ZNF528;ZNF385A;TGIF1;TGIF2;RABGGTB;RABGGTA;RBL2;PPM1A;CCNA1;TFDP2;ZNF510;HDAC4;HDAC2;ZNF197;RNF34;SMARCD3;HDAC3;ZNF195;HDAC1;PPM1D;HDAC9;NR2C1;HDAC7;ZNF749;ZNF626;TP53INP1;E2F4;E2F5;RFFL;ZNF860;ZNF184;MGA;TXNRD1;ZNF804B;ARID3A;PML;ZNF619;CARM1;ZNF737;ZNF615;ZNF735;PTPN4;ZNF730;TRIM33;TNRC6A;TNRC6B,0.2
6,837,PPARA Activates Gene Expression R-HSA-1989781,45/116,7.010424001626121e-30,Metabolism,Reactome_2022,5.949440453996709e-32,0.0,0.0,15.278489116517283,1098.514594599992,HDAC3;SMARCD3;CHD9;CCNC;MED16;MED15;MED17;MED12;MED14;MED13;MED30;MED10;MED31;TBL1X;PPARGC1B;NCOA1;NCOA2;CDK19;NFYA;NCOA6;NCOA3;TXNRD1;MED8;MED9;NR1D1;MED4;MED27;MED6;SREBF2;MED7;MED13L;MED23;NCOR2;CDK8;MED22;MED25;MED24;NCOR1;TBL1XR1;THRAP3;MED21;CARM1;MED20;CLOCK;BMAL1,0.3879310344827586
6,837,SUMO Transferase Activity (GO:0019789),11/24,2.307745653692505e-08,catalytic activity,GO_Molecular_Function_2023,9.787314156285179e-10,0.0,0.0,19.61724715962004,406.9551598441969,HDAC4;PIAS3;ZNF451;UHRF2;ZMIZ1;ZMIZ2;MUL1;HDAC9;PIAS2;PML;PIAS1,0.4583333333333333
6,837,Regulation Of TP53 Activity R-HSA-5633007,31/157,2.1749011244645336e-11,Gene expression (Transcription),Reactome_2022,4.3067348999297693e-13,0.0,0.0,5.811050061050061,165.4605048005291,L3MBTL1;HDAC2;DYRK2;RNF34;PHF20;HDAC1;CHD4;NOC2L;PPP1R13L;TP53INP1;TP53BP2;RFFL;TP63;ZNF385A;BANP;PLK3;DAXX;USP7;BRD1;USP2;POU4F1;PML;POU4F2;HIPK2;CCNA1;TTC5;KAT6A;JMY;CCNG1;MAPKAPK5;MDM4,0.19745222929936307
6,837,Chromatin Organization (GO:0006325),43/268,3.959471867480434e-12,cellular process,GO_Biological_Process_2023,2.956055313755612e-14,0.0,0.0,4.5582647635040585,142.0005936054309,L3MBTL1;KDM5A;HDAC4;KDM5B;ZNF274;KDM5C;HDAC2;HDAC3;SMARCD3;HDAC1;HDAC11;YEATS4;CHD4;BAZ2B;CTCF;BMI1;CHD1;MYSM1;CABIN1;YY1;MTA1;UBN1;BCL7B;KAT7;JARID2;SKP1;KDM6B;BRD2;DAXX;KDM4B;BRPF1;BICRAL;NAP1L1;BAZ1A;SMARCA2;PER2;KAT2B;PER1;REST;RYBP;HDGF;TOP1;BCOR,0.16044776119402984
6,837,DNA-binding Transcription Factor Binding (GO:0140297),43/282,6.276365232981289e-12,binding,GO_Molecular_Function_2023,1.8212666970704638e-13,0.0,0.0,4.288081110420202,125.78688845034873,HDAC4;HDAC2;HDAC3;SMARCD3;CTBP2;KDM1A;UHRF2;CTBP1;MAX;HDAC1;HDAC11;CHD4;NOC2L;GATA2;GATA1;HDAC9;YY1;PURA;MTA1;SIN3A;UBXN7;VHL;GTF2I;HES6;MED1;ZBTB17;DAXX;TLE1;TCF12;PIAS2;USF1;HIPK2;KAT2B;REST;NCOR1;BCL6;KAT6A;MYOD1;CARM1;TCF3;BCOR;ZFPM1;BMAL1,0.1524822695035461
6,837,Nuclear Thyroid Hormone Receptor Binding (GO:0046966),14/27,1.7556182139182685e-11,binding,GO_Molecular_Function_2023,5.486306918494589e-13,0.0,0.0,25.05841667445556,707.4329534383926,MED1;NCOA6;NCOA3;JMJD1C;MED16;MED4;MED17;MED12;MED22;MED13;NCOR1;MED30;THRAP3;TRIP6,0.5185185185185185
6,837,Transcription Initiation At RNA Polymerase II Promoter (GO:0006367),21/76,3.7000766626475713e-10,cellular process,GO_Biological_Process_2023,2.9158629859105706e-12,0.0,0.0,8.940909090909091,237.4781925236552,MED1;MED8;MED9;MED16;MED27;MED4;MED15;MED6;MED17;MED7;MED23;CDK9;MED22;MED14;MED30;MED10;MED21;MED20;MED31;ELOB;ELOC,0.27631578947368424
6,837,Transcription Coregulator Binding (GO:0001221),23/99,4.1295217217202885e-10,binding,GO_Molecular_Function_2023,1.3826523621831324e-11,0.0,0.0,7.096227208069314,177.43713328407765,MED1;ZBTB17;HDAC3;SMARCD3;CTBP2;CTBP1;HDAC1;HMGA1;MED9;CHD4;NR1D1;CTCF;GATA2;GATA1;MED6;CDK9;PER2;PER1;BCL6;ATF7;ELOB;HDGF;ELOC,0.23232323232323232
6,837,RNA Polymerase II Preinitiation Complex Assembly (GO:0051123),18/56,7.399589773572181e-10,cellular process,GO_Biological_Process_2023,6.138191433904755e-12,0.0,0.0,11.061307113938692,285.5641352443883,MED1;MED8;MED9;MED16;MED27;MED4;MED15;MED6;MED17;MED7;MED23;MED22;MED14;MED30;MED10;MED21;MED20;MED31,0.32142857142857145
6,837,RNA Polymerase II-specific DNA-binding Transcription Factor Binding (GO:0061629),35/228,7.609667505060207e-10,binding,GO_Molecular_Function_2023,2.71773839466436e-11,0.0,0.0,4.289470623958239,104.35696927586152,HDAC4;HDAC2;HDAC3;SMARCD3;KDM1A;UHRF2;HDAC1;FAF1;CHD4;GATA2;GATA1;HDAC9;MTA1;SIN3A;NRIP1;TP53BP2;UBXN7;HIF1AN;GTF2I;NCOA1;HES6;MED1;NCOA2;DAXX;NCOA3;PIAS2;HIPK2;DNAJA1;REST;NCOR1;MYOD1;CRY1;TCF3;ZFPM1;BMAL1,0.15350877192982457
6,837,Transcription Preinitiation Complex Assembly (GO:0070897),18/59,1.909093379674611e-09,cellular process,GO_Biological_Process_2023,1.6628353783976288e-11,0.0,0.0,10.250335030822836,254.41241157371712,MED1;MED8;MED9;MED16;MED27;MED4;MED15;MED6;MED17;MED7;MED23;MED22;MED14;MED30;MED10;MED21;MED20;MED31,0.3050847457627119
6,837,Nuclear Vitamin D Receptor Binding (GO:0042809),9/13,6.114645888589684e-09,binding,GO_Molecular_Function_2023,2.3202897345094782e-10,0.0,0.0,52.0625,1154.9627709869148,MED12;MED22;MED14;MED13;MED30;THRAP3;MED16;MED4;MED17,0.6923076923076923
6,837,Transcription Regulatory Region Nucleic Acid Binding (GO:0001067),33/224,7.566124540807021e-09,binding,GO_Molecular_Function_2023,3.0399607530028205e-10,0.0,0.0,4.076971165116825,89.3427718984059,KDM5A;HDAC4;ARID4A;ARID4B;CTCF;GABPB1;GATA1;YY1;DHX36;HSF1;TBL1X;GABPA;MEN1;TFAP2A;ZNF263;NFYA;TCF12;TFE3;NR1D1;SMARCA2;ETV5;RUNX1;PER2;PER1;REST;NCOR1;TBL1XR1;CARM1;ZNF217;ATF7;BCOR;MZF1;BMAL1,0.14732142857142858
6,837,NOTCH1 Intracellular Domain Regulates Transcription R-HSA-2122947,20/48,7.715797109034873e-14,Signal Transduction,Reactome_2022,1.2004776265825125e-15,0.0,0.0,16.729323308270676,574.7535833963806,HDAC4;TLE4;TLE3;HDAC2;HDAC3;TLE1;HDAC1;FBXW7;HDAC11;CUL1;CCNC;HDAC9;HDAC7;NCOR2;CDK8;KAT2B;NCOR1;TBL1XR1;TBL1X;SKP1,0.4166666666666667
6,837,Positive Regulation Of Stem Cell Population Maintenance (GO:1902459),14/40,4.1857630796838084e-08,biological regulation,GO_Biological_Process_2023,3.8194437060573935e-10,0.0,0.0,12.52070286942705,271.52078397852404,HDAC2;HDAC1;BICRAL;NCOA3;ARID4A;ARID4B;ING1;SMARCA2;SAP30;ING2;REST;SIN3A;BCL7B;OGT,0.35
6,837,Regulation Of Stem Cell Population Maintenance (GO:2000036),16/56,6.972589933528738e-08,biological regulation,GO_Biological_Process_2023,6.651578949446744e-10,0.0,0.0,9.316930572472597,196.8760288777733,HDAC2;HDAC1;BICRAL;NCOA3;ARID4A;ARID4B;ELAVL1;ING1;SMARCA2;SAP30;ING2;REST;ZNF706;SIN3A;BCL7B;OGT,0.2857142857142857
6,837,Sin3 Complex (GO:0016580),10/21,1.6227341818779294e-07,None,GO_Cellular_Component_2023,3.622174513120378e-09,0.0,0.0,21.053094426734088,409.1919706764641,MORF4L1;HDAC2;ING2;SIN3B;HDAC1;SIN3A;ARID4B;ING1;OGT;SAP30,0.47619047619047616
6,837,Sin3-type Complex (GO:0070822),10/21,1.6227341818779294e-07,protein-containing complex,GO_Cellular_Component_2023,3.622174513120378e-09,0.0,0.0,21.053094426734088,409.1919706764641,MORF4L1;HDAC2;ING2;SIN3B;HDAC1;SIN3A;ARID4B;ING1;OGT;SAP30,0.47619047619047616
6,837,Histone Demethylase Activity (GO:0032452),11/29,2.454974369073717e-07,catalytic activity,GO_Molecular_Function_2023,1.1192091663389264e-08,0.0,0.0,14.164312617702448,259.32106273581746,KDM5A;KDM6B;KDM5B;KDM3A;KDM5C;KDM4B;KDM2A;KDM1A;JMJD1C;JARID2;JMJD6,0.3793103448275862
6,837,Ubiquitin Protein Ligase Binding (GO:0031625),34/271,2.454974369073717e-07,binding,GO_Molecular_Function_2023,1.1507692355033051e-08,0.0,0.0,3.381223365964132,61.80960885748607,USP13;HSP90AB1;RNF34;CUL5;FAF1;HM13;UBE2D3;CUL2;CUL1;NEDD8;GABARAP;BAG5;BAG1;UBXN7;ELOB;ARIH1;APBB1;PATZ1;DNM1L;RFFL;DAXX;HSPA1L;FBXW7;USP2;MUL1;PRDX6;MID1;PML;DNAJA1;PER1;TRAF4;ANKRA2;ZNF675;OTUB1,0.12546125461254612
6,837,Ubiquitin-Like Protein Ligase Binding (GO:0044389),35/289,3.572954129574879e-07,binding,GO_Molecular_Function_2023,1.7545756886305212e-08,0.0,0.0,3.248841478979716,58.0192850956722,USP13;HSP90AB1;RNF34;CUL5;FAF1;HM13;UBE2D3;CUL2;CUL1;NEDD8;GABARAP;BAG5;BAG1;UBXN7;ELOB;ARIH1;APBB1;PATZ1;DNM1L;RFFL;DAXX;HSPA1L;FBXW7;USP2;MUL1;PRDX6;MID1;PML;DNAJA1;PER1;ITCH;TRAF4;ANKRA2;ZNF675;OTUB1,0.12110726643598616
6,837,Ubiquitin-Like Protein Transferase Activity (GO:0019787),31/240,5.004320289332226e-07,catalytic activity,GO_Molecular_Function_2023,2.5691822913982407e-08,0.0,0.0,3.488038277511962,60.96076960858982,HDAC4;MAGEL2;CUL5;UHRF2;UBE2D3;CUL2;UBE3A;HDAC9;ARIH1;VHL;PIAS3;UBE2H;CBX4;SIAH2;SIAH1;HUWE1;WWP1;MUL1;LMO7;PIAS2;PML;PIAS1;RNF146;ITCH;FBXL3;MDM4;BIRC7;BCOR;RNF141;TRIM33;UBE2M,0.12916666666666668
6,837,Chromatin DNA Binding (GO:0031490),17/83,8.939298562060163e-07,binding,GO_Molecular_Function_2023,4.7889099439608016e-08,0.0,0.0,5.998688100517369,101.1041563155436,KDM6B;HDAC2;KDM3A;HDAC1;JMJD1C;CHD4;CTCF;ZFX;GATA1;H1-0;H1-10;H1-3;H1-2;H1-4;PER1;HSF1;CLOCK,0.20481927710843373
6,837,Protein Modification By Small Protein Conjugation (GO:0032446),41/364,8.954465750844324e-07,cellular process,GO_Biological_Process_2023,8.91361169723201e-09,0.0,0.0,3.0043405883908707,55.68751475799366,HDAC4;ZNF451;RNF34;CUL5;UHRF2;DCUN1D3;UBE2D3;CUL2;CUL1;NEDD8;HDAC9;RPGR;NUB1;ZMIZ1;ZMIZ2;MKRN4P;ARIH1;ELOC;VHL;SKP1;PIAS3;RNF44;USP7;CBX4;FBXW7;WWP1;MUL1;LMO7;PIAS2;PML;PIAS1;ITCH;NFX1;NEDD4;MKRN1;FBXL3;MDM4;BIRC7;LZTR1;TRIM33;UBE2M,0.11263736263736264
6,837,Transcription By RNA Polymerase II (GO:0006366),27/192,3.1620861533869838e-06,cellular process,GO_Biological_Process_2023,3.4099643296582984e-08,0.0,0.0,3.837979797979798,65.99014371583826,SETD2;NFIX;CBFB;SRCAP;MED16;SUPT6H;MED17;MNT;ELOB;ELOC;NCOA1;MED1;NCOA2;PCID2;KLF13;NFYA;ETV1;MED4;MED27;MED7;CDK9;MED23;TFCP2;NFX1;NFIC;MED20;CDK12,0.140625
6,837,Negative Regulation Of Stem Cell Population Maintenance (GO:1902455),9/20,3.733519920988674e-06,biological regulation,GO_Biological_Process_2023,4.1810467800370883e-08,0.0,0.0,18.92490118577075,321.53632515725263,HDAC2;ING2;ZNF706;HDAC1;SIN3A;ARID4B;ING1;OGT;SAP30,0.45
6,837,Deubiquitinase Activity (GO:0101005),19/113,3.913932968943502e-06,catalytic activity,GO_Molecular_Function_2023,2.184114379990793e-07,0.0,0.0,4.71194662643708,72.26658458494835,USP46;OTUB2;USP13;USP47;USP14;USP7;USP48;USP26;USP16;USP42;USP20;USP4;USP22;USP2;MYSM1;USP19;STAMBP;OTUB1;OTUD3,0.168141592920354
6,837,Protein Serine/Threonine Kinase Activity (GO:0004674),36/342,6.668863517436617e-06,catalytic activity,GO_Molecular_Function_2023,3.870322577083751e-07,0.0,0.0,2.769626202540941,40.89286006081714,DYRK3;DYRK2;TESK2;PPM1D;STK3;MAP3K20;TLK1;PIM3;MAP4K4;SRPK2;PLK3;BRD2;CDKL3;CDK19;CDKL5;RIOK3;MINK1;DYRK1A;OXSR1;CLK4;CDK11B;CLK3;HIPK2;CDK9;CDK8;STK24;PRKD3;SIK3;MAPKAPK5;CDK12;TNIK;TOP1;CDK13;CSNK1G2;CDK16;CDKL1,0.10526315789473684
6,837,Positive Regulation Of Transcription Initiation By RNA Polymerase II (GO:0060261),20/52,1.0937909955535093e-12,biological regulation,GO_Biological_Process_2023,7.712338002658507e-15,0.0,0.0,14.635097919216646,475.5814835559161,MED1;MED8;MED9;MED16;MED27;MED4;MED15;MED6;MED17;MED7;MED12;MED23;MED22;MED14;MED13;MED30;MED10;MED21;MED20;MED31,0.38461538461538464
6,837,Transcription Cis-Regulatory Region Binding (GO:0000976),60/474,6.647786479847671e-13,binding,GO_Molecular_Function_2023,1.7806570928163405e-14,0.0,0.0,3.4970995840561057,110.71540610950191,KDM5A;ZNF175;ARID4A;ARID4B;CTCF;HIF3A;GABPB1;YY1;CIC;GABPA;MEN1;TCF12;TFE3;OXSR1;ETV5;RUNX1;RBL2;NCOR1;TFDP2;NFX1;TBL1XR1;MYOD1;RFX5;ZNF516;ATF7;MZF1;ZNF433;ZNF510;HDAC4;MAX;HDAC1;GATA1;PURA;PRDX5;MNT;PLAGL1;HSF2;DHX36;HSF1;TBL1X;ZNF101;TFAP2A;NFE2;ZBTB17;ZNF263;TFAP2C;NFYA;HMGA1;NR1D1;SMARCA2;PER2;PER1;REST;TFCP2;CARM1;AGO2;ZNF217;BCOR;TCF3;BMAL1,0.12658227848101267
6,837,Double-Stranded DNA Binding (GO:0003690),73/650,5.439076028661083e-13,binding,GO_Molecular_Function_2023,1.3354874177516051e-14,0.0,0.0,3.077794513960093,98.32597807601648,KDM5B;YBX1;H1-10;MECP2;YY1;ZNF444;GABPA;HOXA4;MEN1;TGIF1;HES6;PCID2;KLF13;TGIF2;ZFP1;ZNF282;TCF12;TFE3;ETV1;ZNF12;ZBTB33;OXSR1;POU3F2;ETV4;SREBF2;ETV5;ELF1;MYCN;POLG2;ELF4;ZNF638;MYOD1;RFX5;ZNF713;CRY1;RARB;ATF7;TOP1;CLOCK;ZNF274;NFIX;MAX;ZNF23;GATA2;GATA1;NR2C1;PURA;HSF2;HSF1;E2F4;ZBTB18;TFAP2A;NFE2;ZNF263;TFAP2C;ZNF76;NR1D2;NR1D1;H1-0;POU4F1;H1-3;USF1;H1-2;NR2F6;TBX2;H1-4;TFCP2;BCL6;NFIB;PRKRA;NFIC;MAFG;BMAL1,0.1123076923076923
6,837,Sequence-Specific DNA Binding (GO:0043565),78/717,3.998755256240796e-13,binding,GO_Molecular_Function_2023,8.925792982680349e-15,0.0,0.0,2.9791113832754985,96.37375043928536,ZNF451;KDM5B;CSRNP2;KDM1A;CTCF;YBX1;MECP2;YY1;ZNF444;GABPA;HOXA4;TGIF1;HES6;UPF1;KDM2A;KLF13;TGIF2;ZFP1;ZNF282;PRMT1;TCF12;TFE3;ETV1;ZNF12;ZBTB33;OXSR1;POU3F2;ETV4;FOXP2;SREBF2;ETV5;ELF1;MYCN;ELF4;NCL;MYOD1;RFX5;ERF;ZNF713;RARB;ATF7;CLOCK;HDAC4;ZNF274;HDAC2;NFIX;CBFB;MAX;ZNF23;GATA2;GATA1;NR2C1;HSF2;HSF1;ZKSCAN3;PLAGL2;E2F4;ZNF148;ZBTB18;TFAP2A;NFE2;ZNF263;TFAP2C;POU2F1;ZNF76;NR1D2;NR1D1;POU4F1;USF1;NR2F6;TBX2;TFCP2;BCL6;NFIB;PRKRA;NFIC;MAFG;BMAL1,0.1087866108786611
6,837,Regulation Of DNA-templated Transcription (GO:0006355),265/1922,4.427086662172614e-71,biological regulation,GO_Biological_Process_2023,1.8362035098185876e-74,0.0,0.0,4.894566809171517,831.0171574010463,JMJD1C;BACH1;TIAL1;ZMIZ1;ZMIZ2;ZXDB;MYB;KAT7;TP63;HOXA4;DDX17;HES6;MED1;DAXX;ZNF282;MED8;ZNF12;MED4;MED6;MED7;RUNX1;JMJD6;RFX5;ZNF713;ATF7;ZSCAN25;CLOCK;L3MBTL1;ZNF274;CTBP2;SRCAP;CTBP1;MYNN;BAZ2B;GATA1;MBTD1;ZNF706;DHX36;HIVEP3;ZNF148;PATZ1;PPARGC1B;HEXIM1;NFE2;ZNF263;PBX3;NR1D2;NR1D1;SMARCA2;MLLT11;ZNF37A;HBP1;SLC2A4RG;RCOR1;CDK16;CDKN1C;ZNF253;CSRNP2;PHF20;TCF20;CTCF;HIF3A;MED16;LIMD1;ING1;MED17;MED12;MECP2;ZNF280D;MED14;ING2;HINT1;MED13;MECOM;ELOC;CIC;GABPA;ZNF485;NCOA1;TEAD4;BRD3;NCOA2;BRD2;BRD1;NCOA6;TCF12;TFE3;BAZ1A;MED27;ZFX;CBFA2T3;MLF2;MED23;NCOR2;MED22;KAT2B;NCOR1;MED21;MED20;ZNF479;ZNF350;NFIX;MYCBP;CIPC;ZNF2;PURA;MNT;SERTAD3;CREG1;HSF2;HSF1;PLAGL2;APBB1;TBL1X;ZNF101;NFYA;PCGF5;ZNF76;WWP1;POU4F1;POU4F2;HIPK2;PER2;PER1;RYBP;NFIB;PRKRA;NFIC;ZNF219;ZNF217;CRLF3;BMAL1;ZNF212;ZNF691;KDM1A;NAB2;ARID4A;YEATS4;ARID4B;YY1;SALL4;ZNF202;ZNF444;MEN1;PIAS3;PCID2;TLE1;KDM2A;DYRK1A;KCTD1;MITF;ZBTB33;POU3F2;FOXP2;PIAS2;SAP30;PIAS1;MORF4L1;MYCL;MYCN;DMTF1;TBL1XR1;KAT6A;ZNF318;ERF;ZNF679;ZNF676;MZF1;AJUBA;ZNF433;ZNF675;ZNF430;ZNF671;KHDRBS1;DDX5;MAGEL2;CBFB;MAX;MED30;ZKSCAN8;MED31;NACC1;ZKSCAN3;EP400;ZBTB18;TFAP2A;TFAP2C;ZFHX3;BRPF1;POU2F1;CBX4;BICRAL;HMGA1;TFCP2;BCL6;MAFG;JMY;MDM4;TCF3;BRWD1;OGT;NFE2L1;KDM5A;KDM5C;CHD4;YBX1;CHD1;PPP1R13L;SIN3A;BCL7B;ERC1;MYBL1;USP47;KLF13;TGIF2;ETV1;OXSR1;ETV4;ETV5;PPM1A;ELF1;PTP4A3;TFDP2;ELF4;THRAP3;MYOD1;ZNF516;CRY1;ZNF510;HDAC4;USP13;HDAC2;KDM3A;SMARCD3;HDAC3;USP16;ZNF195;PLAG1;HDAC1;HDAC9;MTA1;CCDC85B;ZNF626;TP53INP1;SAP18;E2F4;VHL;E2F5;CNBP;USP22;ARID3A;CDK11B;USF1;PML;TBX2;REST;CARM1;ZNF737;PDCD4;ZNF735;CDK2AP1;BCOR;SSBP2;ZNF730;TRIM33,0.13787721123829344
6,837,Regulation Of Transcription By RNA Polymerase II (GO:0006357),268/2028,3.205641339549709e-68,biological regulation,GO_Biological_Process_2023,2.659179875196772e-71,0.0,0.0,4.657297491612079,756.8365685760457,ZNF175;JMJD1C;CCNC;NOC2L;GABPB1;BACH1;TIAL1;ZMIZ1;ZMIZ2;ZXDB;MYB;TP63;HOXA4;DDX17;HES6;MED1;ZNF705D;MED8;PTOV1;ZNF705A;MED9;MED4;MED6;MED7;RUNX1;JMJD6;ZNF705EP;RFX5;ATF7;ZSCAN25;BCORL1;ZFPM1;CLOCK;ZNF274;CTBP2;SRCAP;CTBP1;MYNN;BAZ2B;GATA2;ZNF25;GATA1;DHX36;HIVEP3;ZNF148;PATZ1;PPARGC1B;ZNF266;HEXIM1;NFE2;PLK3;ZNF263;PBX3;NR1D2;NR1D1;SMARCA2;NR2F6;AGO2;HBP1;CDK12;CDK13;SLC2A4RG;RCOR1;ZNF254;CSRNP2;PHF20;TCF20;CTCF;HIF3A;MED16;BMI1;ING1;MED17;MED12;MECP2;MED14;ING2;MED13;MECOM;MED10;ELOC;CIC;GABPA;ZNF485;NCOA1;TEAD4;BRD3;NCOA2;BRD2;BRD1;NCOA6;NCOA3;TCF12;TFE3;BAZ1A;MED27;PPRC1;ZFX;SREBF2;MED23;NCOR2;KAT2B;NCOR1;NFX1;MED21;MED20;RARB;ZNF350;NFIX;ZNF3;ZNF8;PURA;MNT;PLAGL1;CREG1;HSF2;HSF1;PLAGL2;APBB1;TBL1X;ZNF101;WWOX;NFYA;PCGF5;ZNF76;ZNF79;POU4F1;POU4F2;HIPK2;PER2;PER1;NFIB;PRKRA;NFIC;ZNF219;ZNF217;HDGF;CRLF3;BMAL1;ZNF212;ZNF691;ZBTB25;KDM1A;FHOD1;UBE2D3;ATN1;ARID4A;YEATS4;ARID4B;YY1;SALL4;ZNF202;ZNF444;GTF2I;MEN1;PIAS3;KDM2A;USP2;MITF;LMO7;ZBTB33;POU3F2;FOXP2;PIAS2;SAP30;PIAS1;MYCL;MYCN;DMTF1;TBL1XR1;ERF;ZNF558;ZNF557;MZF1;ZNF433;ZNF675;PPID;ZNF671;DDX5;MAGEL2;CBFB;MAX;PHF21A;ZKSCAN8;MED31;NACC1;ZKSCAN3;ZBTB18;TFAP2A;ZBTB17;TFAP2C;ZFHX3;CBX6;BRPF1;POU2F1;CBX4;BICRAL;HMGA1;CDK9;ZFP69;TFCP2;BCL6;MAFG;JMY;MDM4;TCF3;BRWD1;OGT;NFE2L1;AKAP8L;CHD4;TRIAP1;YBX1;CHD1;MYSM1;SIN3B;PPP1R13L;SIN3A;BCL7B;MYBL1;TGIF1;KDM6B;KLF13;TGIF2;ETV1;OXSR1;ETV4;ETV5;PPM1A;ELF1;HAX1;TFDP2;ELF4;THRAP3;MYOD1;CRY1;ZNF510;HDAC4;HDAC2;KDM3A;SMARCD3;HDAC3;USP16;PLAG1;HDAC1;PPM1D;HDAC9;NR2C1;DNAJB1;MTA1;ZNF749;NRIP1;SAP18;E2F4;E2F5;CNBP;USP22;ARID3A;USF1;TBX2;REST;ZNF619;DNAJA3;CDK2AP1;BCOR;LPIN1;SSBP2;TRIM33,0.13214990138067062
6,837,Negative Regulation Of DNA-templated Transcription (GO:0045892),159/1025,2.453845646012749e-46,biological regulation,GO_Biological_Process_2023,3.0533127076060758e-49,0.0,0.0,4.954837621860246,553.5071028665045,ZNF175;ZBTB25;KDM1A;UBE2D3;NAB2;ATN1;ARID4A;ARID4B;NOC2L;BACH1;YY1;MYB;MAF1;ZNF202;TP63;MEN1;MED1;DAXX;TLE1;KDM2A;ZNF705D;ZNF282;USP2;ZNF705A;MED9;KCTD1;MITF;ZNF12;ZBTB33;FOXP2;SAP30;RUNX1;ZNF705EP;TBL1XR1;KAT6A;ZNF318;ERF;ZNF558;ZNF557;BCORL1;MZF1;ZNF675;ZFPM1;CLOCK;PPID;L3MBTL1;KHDRBS1;ZNF274;DDX5;MAGEL2;CTBP2;CBFB;MAX;CTBP1;GATA2;ZNF25;GATA1;PHF21A;PRDX5;ZNF706;NACC1;ZKSCAN3;ZNF148;PATZ1;ZNF266;HEXIM1;ZBTB18;TFAP2A;ZBTB17;PLK3;ZNF263;ZFHX3;CBX6;POU2F1;CBX4;HMGA1;NR1D2;NR1D1;SMARCA2;NR2F6;ZFP69;BCL6;MAFG;MDM4;TCF3;OGT;RCOR1;ZNF254;CDKN1C;ZNF253;KDM5C;CHD4;CTCF;BMI1;LIMD1;ING1;MECP2;ING2;MECOM;SIN3B;SIN3A;CIC;TGIF1;USP47;TGIF2;OXSR1;CBFA2T3;SREBF2;ETV5;NCOR2;PPM1A;NCOR1;TFDP2;NFX1;CRY1;RARB;HDAC4;HDAC2;ZNF350;NFIX;HDAC3;HDAC1;CIPC;ZNF3;ZNF8;HDAC9;NR2C1;DNAJB1;PURA;MNT;MTA1;CCDC85B;ZNF749;HSF1;NRIP1;SAP18;APBB1;TBL1X;CNBP;WWP1;ZNF79;POU4F1;PML;POU4F2;TBX2;PER2;PER1;REST;ZNF619;NFIB;NFIC;DNAJA3;ZNF219;PDCD4;ZNF217;HDGF;BCOR;BMAL1;TRIM33,0.1551219512195122
6,837,RNA Polymerase II Transcription Regulatory Region Sequence-Specific DNA Binding (GO:0000977),170/1225,2.5561994100523933e-43,binding,GO_Molecular_Function_2023,5.705802254581235e-46,0.0,0.0,4.374627851950802,455.73748980280186,ZNF175;ZNF691;BACH1;YY1;ZNF729;ZNF607;SALL4;ZNF208;MYB;ZNF202;ZNF444;TP63;HOXA4;HES6;ZFP1;MED8;ZNF99;MITF;ZNF12;POU3F2;FOXP2;RUNX1;MYCL;MYCN;DMTF1;RFX5;ZNF713;ZNF679;ZSCAN25;ZNF676;MZF1;ZNF433;ZNF675;CLOCK;ZNF432;ZNF157;ZNF430;ZNF671;ZNF274;MAX;MYNN;ZNF23;GATA2;GATA1;ZNF26;ZKSCAN8;DHX36;NACC1;ZKSCAN3;HIVEP3;ZNF148;ZNF786;ZNF267;TFAP2A;ZNF264;ZBTB17;NFE2;ZNF263;TFAP2C;ZFHX3;POU2F1;PBX3;HMGA1;NR1D2;NR1D1;NR2F6;TFCP2;ZNF37A;ZNF419;MAFG;ZNF417;HBP1;ZNF655;TCF3;ZNF774;SLC2A4RG;NFE2L1;ZNF772;ZNF254;ZNF253;CTCF;HIF3A;ZNF280D;MECOM;ZNF528;ZNF41;CIC;MYBL1;GABPA;ZNF485;TGIF1;TEAD4;KDM6B;KLF13;TGIF2;ZNF480;TCF12;TFE3;ETV1;OXSR1;ZFX;ETV4;SREBF2;ETV5;RBL2;ELF1;TFDP2;ELF4;NFX1;THRAP3;MYOD1;ZNF516;RARB;ZNF479;TOP1;ZNF510;ZNF112;ZNF595;HDAC4;ZNF197;ZNF350;NFIX;ZNF195;PLAG1;HDAC1;ZNF2;ZNF8;NR2C1;ZNF7;PURA;MNT;MTA1;PLAGL1;HSF2;ZNF626;HSF1;NRIP1;ZNF227;ZNF623;ZNF226;E2F4;E2F5;ZNF586;ZNF860;ZNF101;ZNF584;NFYA;ZNF184;ZNF76;POU4F1;USF1;POU4F2;TBX2;PER1;REST;NFIB;PRKRA;NFIC;ZNF737;ZNF219;ZNF615;ZNF74;ZNF735;ZNF217;ZNF334;ZNF730;BMAL1;ZNF212;ZNF333;ZNF574,0.13877551020408163
6,837,Cis-Regulatory Region Sequence-Specific DNA Binding (GO:0000987),158/1098,2.0688695753289906e-42,binding,GO_Molecular_Function_2023,1.3854037334792344e-44,0.0,0.0,4.511067590010341,455.56257724680114,ZNF175;ZNF691;BACH1;YY1;ZNF729;ZNF607;SALL4;ZNF208;MYB;ZNF202;ZNF444;TP63;HOXA4;HES6;ZFP1;MED8;ZNF99;MITF;ZNF12;POU3F2;FOXP2;RUNX1;MYCL;MYCN;DMTF1;RFX5;ZNF713;ZNF679;ZSCAN25;ZNF676;MZF1;ZNF675;CLOCK;ZNF432;ZNF157;ZNF430;ZNF671;ZNF274;MYNN;ZNF23;GATA2;GATA1;ZNF26;ZKSCAN8;DHX36;NACC1;ZKSCAN3;HIVEP3;ZNF148;ZNF786;ZNF267;TFAP2A;ZNF264;ZBTB17;NFE2;ZNF263;TFAP2C;ZFHX3;POU2F1;PBX3;HMGA1;NR1D2;NR1D1;NR2F6;TFCP2;ZNF37A;ZNF419;MAFG;ZNF417;HBP1;ZNF655;TCF3;ZNF774;SLC2A4RG;NFE2L1;ZNF772;ZNF254;ZNF253;CTCF;HIF3A;ZNF280D;MECOM;ZNF528;ZNF41;MYBL1;GABPA;ZNF485;TGIF1;TEAD4;KDM6B;KLF13;TGIF2;ZNF480;TCF12;TFE3;ETV1;ZFX;ETV4;SREBF2;ELF1;ELF4;THRAP3;MYOD1;ZNF516;RARB;ZNF479;TOP1;ZNF112;ZNF595;HDAC4;ZNF197;ZNF350;NFIX;ZNF195;PLAG1;HDAC1;ZNF2;ZNF8;NR2C1;ZNF7;MNT;MTA1;HSF2;ZNF626;HSF1;NRIP1;ZNF227;ZNF623;ZNF226;E2F4;E2F5;ZNF586;ZNF860;ZNF584;NFYA;ZNF184;ZNF76;POU4F1;USF1;POU4F2;TBX2;PER1;REST;NFIB;PRKRA;NFIC;ZNF737;ZNF219;ZNF615;ZNF74;ZNF735;ZNF217;ZNF334;ZNF730;BMAL1;ZNF212;ZNF333;ZNF574,0.14389799635701275
6,837,RNA Polymerase II Cis-Regulatory Region Sequence-Specific DNA Binding (GO:0000978),160/1122,2.0688695753289906e-42,binding,GO_Molecular_Function_2023,1.1641111695277071e-44,0.0,0.0,4.471482049030055,452.3431112223103,ZNF175;ZNF691;BACH1;YY1;ZNF729;ZNF607;SALL4;ZNF208;MYB;ZNF202;ZNF444;TP63;HOXA4;HES6;ZFP1;MED8;ZNF99;MITF;ZNF12;POU3F2;FOXP2;RUNX1;MYCL;MYCN;DMTF1;RFX5;ZNF713;ZNF679;ATF7;ZSCAN25;ZNF676;MZF1;ZNF675;CLOCK;ZNF432;ZNF157;ZNF430;ZNF671;ZNF274;MAX;MYNN;ZNF23;GATA2;GATA1;ZNF26;ZKSCAN8;DHX36;NACC1;ZKSCAN3;HIVEP3;ZNF148;ZNF786;ZNF267;TFAP2A;ZNF264;ZBTB17;NFE2;ZNF263;TFAP2C;ZFHX3;POU2F1;PBX3;HMGA1;NR1D2;NR1D1;NR2F6;TFCP2;ZNF37A;ZNF419;MAFG;ZNF417;HBP1;ZNF655;TCF3;ZNF774;SLC2A4RG;NFE2L1;ZNF772;ZNF254;ZNF253;CTCF;HIF3A;ZNF280D;MECOM;ZNF528;ZNF41;MYBL1;GABPA;ZNF485;TGIF1;TEAD4;KDM6B;KLF13;TGIF2;ZNF480;TCF12;TFE3;ETV1;ZFX;ETV4;SREBF2;ELF1;ELF4;THRAP3;MYOD1;ZNF516;RARB;ZNF479;TOP1;ZNF112;ZNF595;HDAC4;ZNF197;ZNF350;NFIX;ZNF195;PLAG1;HDAC1;ZNF2;ZNF8;NR2C1;ZNF7;MNT;MTA1;HSF2;ZNF626;HSF1;NRIP1;ZNF227;ZNF623;ZNF226;E2F4;E2F5;ZNF586;ZNF860;ZNF584;NFYA;ZNF184;ZNF76;POU4F1;USF1;POU4F2;TBX2;PER1;REST;NFIB;PRKRA;NFIC;ZNF737;ZNF219;ZNF615;ZNF74;ZNF735;ZNF217;ZNF334;ZNF730;BMAL1;ZNF212;ZNF333;ZNF574,0.14260249554367202
6,837,Positive Regulation Of DNA-templated Transcription (GO:0045893),162/1243,2.387608007389094e-37,biological regulation,GO_Biological_Process_2023,3.961191219227033e-40,0.0,0.0,4.014505087881592,364.22343676913175,ZNF175;KDM1A;FHOD1;CCNC;YEATS4;GABPB1;YY1;ZMIZ1;ZMIZ2;MYB;KAT7;TP63;GTF2I;MEN1;DDX17;MED1;PCID2;DYRK1A;PTOV1;MED9;MITF;LMO7;MED4;POU3F2;MED6;RUNX1;JMJD6;MORF4L1;MYCN;TBL1XR1;KAT6A;RFX5;ZNF318;ATF7;MZF1;ZFPM1;CLOCK;CTBP2;MAX;GATA2;GATA1;MBTD1;MED30;DHX36;ZKSCAN3;EP400;HIVEP3;PPARGC1B;ZBTB18;TFAP2A;ZBTB17;NFE2;ZNF263;TFAP2C;ZFHX3;BRPF1;POU2F1;BICRAL;HMGA1;NR1D2;NR1D1;SMARCA2;MLLT11;CDK9;TFCP2;AGO2;TCF3;CDK12;CDK13;OGT;NFE2L1;CDKN1C;KDM5A;CSRNP2;PHF20;AKAP8L;CHD4;TCF20;CTCF;TRIAP1;YBX1;MED16;MYSM1;ING1;MED17;MED12;MED14;ING2;MED13;MECOM;SIN3A;MED10;MYBL1;GABPA;NCOA1;KDM6B;NCOA2;NCOA6;NCOA3;TCF12;TFE3;ETV1;OXSR1;PPRC1;ZFX;ETV4;SREBF2;ETV5;MED22;PPM1A;KAT2B;ELF1;HAX1;TFDP2;ELF4;THRAP3;MED21;MYOD1;ZNF516;RARB;HDAC4;HDAC2;KDM3A;NFIX;SMARCD3;HDAC3;USP16;PLAG1;HDAC1;SERTAD3;MTA1;PLAGL1;HSF2;TP53INP1;HSF1;NRIP1;E2F4;VHL;APBB1;TBL1X;WWOX;NFYA;PCGF5;CNBP;USP22;ZNF76;POU4F1;USF1;POU4F2;HIPK2;PER1;REST;RYBP;NFIB;PRKRA;CARM1;NFIC;CRLF3;LPIN1;SSBP2;BMAL1;ZPR1,0.13032984714400644
6,837,Negative Regulation Of Transcription By RNA Polymerase II (GO:0000122),123/763,8.309712063552136e-37,biological regulation,GO_Biological_Process_2023,1.7232915934367763e-39,0.0,0.0,4.985839023109244,445.0189518368697,ZNF451;ZNF175;ZBTB25;KDM1A;UBE2D3;ATN1;ARID4A;ARID4B;NOC2L;BACH1;YY1;MYB;ZNF202;MEN1;MED1;PCID2;ZNF705D;USP2;MED9;ZNF705A;MITF;ZBTB33;SAP30;RUNX1;ZNF705EP;TBL1XR1;ERF;ZNF558;ZNF557;BCORL1;MZF1;ZNF675;ZFPM1;PPID;ZNF274;MAGEL2;DDX5;CTBP2;CBFB;CTBP1;MAX;GATA2;GATA1;ZNF25;PHF21A;ZKSCAN3;ZNF148;PATZ1;ZNF266;HEXIM1;ZBTB18;TFAP2A;PLK3;ZBTB17;ZNF263;CBX6;ZFHX3;CBX4;NR1D2;NR1D1;SMARCA2;NR2F6;ZFP69;BCL6;MAFG;MDM4;TCF3;OGT;ZNF254;CHD4;CTCF;BMI1;ING1;MECP2;ING2;SIN3B;SIN3A;TGIF1;TGIF2;OXSR1;SREBF2;ETV5;NCOR2;PPM1A;NCOR1;NFX1;CRY1;RARB;HDAC4;HDAC2;NFIX;ZNF350;HDAC3;HDAC1;ZNF3;ZNF8;HDAC9;NR2C1;DNAJB1;PURA;MNT;MTA1;ZNF749;HSF1;NRIP1;APBB1;TBL1X;CNBP;ZNF79;POU4F1;POU4F2;TBX2;PER2;PER1;REST;ZNF619;NFIC;DNAJA3;ZNF219;ZNF217;HDGF;BCOR;TRIM33,0.16120576671035386
6,837,Positive Regulation Of Transcription By RNA Polymerase II (GO:0045944),134/938,1.3094456300709862e-34,biological regulation,GO_Biological_Process_2023,3.258678465543724e-37,0.0,0.0,4.352536747273589,365.6754442864316,ZNF175;KDM1A;FHOD1;CCNC;GABPB1;YY1;ZMIZ1;ZMIZ2;MYB;TP63;GTF2I;MEN1;DDX17;MED1;MED8;PTOV1;MED9;MITF;LMO7;MED4;POU3F2;MED6;MED7;RUNX1;JMJD6;MYCN;TBL1XR1;RFX5;ATF7;MZF1;ZFPM1;CTBP2;MAX;MEPCE;GATA2;GATA1;SUPT6H;MED30;MED31;DHX36;PPARGC1B;ZBTB18;TFAP2A;ZBTB17;ZNF263;TFAP2C;ZFHX3;POU2F1;HMGA1;NR1D2;NR1D1;SMARCA2;CDK9;TFCP2;AGO2;TCF3;CDK12;CDK13;OGT;NFE2L1;CSRNP2;AKAP8L;TCF20;TRIAP1;YBX1;MED16;MED15;MYSM1;MED17;MED12;MED14;MED13;SIN3A;MED10;MYBL1;GABPA;NCOA1;KDM6B;NCOA2;NCOA6;NCOA3;TCF12;TFE3;ETV1;OXSR1;MED27;PPRC1;ZFX;ETV4;SREBF2;ETV5;MED23;MED22;KAT2B;ELF1;HAX1;TFDP2;ELF4;THRAP3;MED21;MYOD1;MED20;RARB;HDAC4;HDAC2;NFIX;HDAC3;USP16;PLAG1;HDAC1;PLAGL1;HSF2;HSF1;NRIP1;E2F4;APBB1;TBL1X;WWOX;NFYA;PCGF5;CNBP;ZNF76;POU4F1;USF1;POU4F2;HIPK2;PER1;NFIB;PRKRA;NFIC;CRLF3;LPIN1;SSBP2;BMAL1,0.14285714285714285
6,837,Regulation Of Nucleic Acid-Templated Transcription (GO:1903506),79/452,2.9337819937309013e-25,None,GO_Biological_Process_2023,8.517824121159812e-28,0.0,0.0,5.250199834473392,327.24611954938166,ZNF253;NAB2;JMJD1C;YEATS4;YBX1;LIMD1;BACH1;ZNF280D;ING2;HINT1;ZMIZ1;MYB;KAT7;ERC1;HES6;NCOA2;DAXX;BRD1;TGIF2;ZNF282;MITF;BAZ1A;SAP30;MLF2;MED23;KAT2B;PTP4A3;DMTF1;KAT6A;ZNF516;ZNF713;ZNF679;ATF7;ZNF479;ZNF676;MZF1;CLOCK;AJUBA;ZNF675;ZNF430;USP13;ZNF274;ZNF350;MYCBP;SRCAP;ZNF195;PLAG1;ZNF2;SERTAD3;ZNF626;RALY;APBB1;VHL;PATZ1;PPARGC1B;ZNF263;ZFHX3;BRPF1;NFYA;CNBP;HMGA1;NR1D2;SMARCA2;CDK11B;PML;REST;RYBP;ZNF37A;ZNF737;CARM1;ZNF219;ZNF735;ZNF217;TCF3;SSBP2;ZNF730;BMAL1;ZNF212;SLC2A4RG,0.1747787610619469
6,837,Regulation Of Gene Expression (GO:0010468),128/1127,3.641425421979981e-23,biological regulation,GO_Biological_Process_2023,1.2082705672268707e-25,0.0,0.0,3.2825378269666,188.33704318056303,ZBTB25;NAB2;JMJD1C;YEATS4;BACH1;YY1;MYB;KAT7;HES6;MED1;DAXX;TLE1;ZNF282;FBXW7;MITF;ZBTB33;SAP30;MYCN;DMTF1;KAT6A;ZNF713;ZNF679;ATF7;ZNF676;MZF1;ANKRA2;AJUBA;ZNF675;CLOCK;ZNF430;ZNF274;SRCAP;GATA2;HNRNPDL;DHX36;ZNF148;PATZ1;SLC38A2;PPARGC1B;TFAP2A;SRPK2;ZBTB17;ZNF263;TFAP2C;ZFHX3;BRPF1;HMGA1;NR1D2;SMARCA2;CLK4;PRDX6;CLK3;ZNF37A;BCL6;TCF3;OGT;SLC2A4RG;ZNF253;SETD2;PHF20;CHD4;CTCF;YBX1;BMI1;LIMD1;AFF4;YBX3;MECP2;ZNF280D;RO60;ING2;HINT1;HMG20B;ANXA7;ERC1;KDM6B;NCOA2;BRD1;TGIF2;BAZ1A;OXSR1;MLF2;MED23;RBL2;SLC7A5;KAT2B;PTP4A3;HNRNPH1;PTRH2;ZNF638;MYOD1;ZNF516;ZNF479;HDAC4;USP13;ZNF350;MYCBP;ZNF195;PLAG1;HDAC1;ZNF2;TOB2;TOB1;SERTAD3;MTA1;ZNF626;VHL;APBB1;RBM38;NFYA;CNBP;USP22;CDK11B;POU4F1;PML;PER1;REST;RYBP;CARM1;ZNF737;ZNF219;ZNF735;ZNF217;SSBP2;ZNF730;BMAL1;ZNF212;ZPR1,0.11357586512866016
6,837,Negative Regulation Of Nucleic Acid-Templated Transcription (GO:1903507),75/456,2.7580586808528287e-22,None,GO_Biological_Process_2023,1.0295532197293843e-24,0.0,0.0,4.8520263707194085,267.99157122756407,CDKN1C;ZNF253;KDM5C;KDM1A;ARID4A;CHD4;CTCF;LIMD1;MECP2;MECOM;SIN3A;MYB;CIC;TP63;MEN1;USP47;DAXX;TLE1;ZNF282;KCTD1;ZNF12;ZBTB33;CBFA2T3;FOXP2;NCOR2;NCOR1;TFDP2;KAT6A;ZNF318;CRY1;CLOCK;HDAC4;L3MBTL1;KHDRBS1;MAGEL2;HDAC2;ZNF350;HDAC3;CTBP2;CTBP1;HDAC1;CIPC;HDAC9;MTA1;ZNF706;CCDC85B;NACC1;ZKSCAN3;SAP18;ZNF148;PATZ1;HEXIM1;ZBTB18;TFAP2A;POU2F1;CBX4;HMGA1;WWP1;NR1D2;NR1D1;SMARCA2;PML;TBX2;PER2;PER1;REST;BCL6;ZNF219;PDCD4;ZNF217;MDM4;BCOR;BMAL1;TRIM33;RCOR1,0.16447368421052633
6,837,Cysteine-Type Deubiquitinase Activity (GO:0004843),17/98,9.896581833839383e-06,catalytic activity,GO_Molecular_Function_2023,5.964457801644273e-07,0.0,0.0,4.883980728696176,69.99856708958455,USP46;OTUB2;USP13;USP47;USP14;USP7;USP48;USP26;USP16;USP42;USP20;USP4;USP22;USP2;USP19;OTUB1;OTUD3,0.17346938775510204
6,837,Positive Regulation Of Nucleic Acid-Templated Transcription (GO:1903508),82/557,2.830472643730616e-21,None,GO_Biological_Process_2023,1.1739828468397413e-23,0.0,0.0,4.273031718368769,225.612036836392,CDKN1C;KDM5A;PHF20;YEATS4;CHD4;CTCF;MED16;ING1;MED17;MED12;YY1;ING2;MED14;MED13;MECOM;ZMIZ1;MYB;MYBL1;TP63;NCOA1;MED1;PCID2;NCOA6;TFE3;DYRK1A;MITF;MED4;JMJD6;RUNX1;KAT2B;MED22;MORF4L1;PPM1A;ELF1;MYCN;TBL1XR1;ELF4;THRAP3;KAT6A;ZNF318;ZNF516;CLOCK;HDAC4;HDAC2;KDM3A;SMARCD3;USP16;MAX;HDAC1;GATA1;MBTD1;SERTAD3;MTA1;MED30;TP53INP1;ZKSCAN3;EP400;HIVEP3;APBB1;TBL1X;VHL;TFAP2A;NFE2;ZFHX3;BRPF1;NFYA;BICRAL;CNBP;USP22;HMGA1;NR1D2;NR1D1;SMARCA2;HIPK2;MLLT11;REST;RYBP;NFIB;TCF3;CRLF3;OGT;BMAL1,0.14721723518850988
6,837,DNA Binding (GO:0003677),96/846,3.3572930595039203e-17,binding,GO_Molecular_Function_2023,2.9975830888427854e-19,0.0,0.0,3.1806531713900137,135.65902581483408,KDM5A;ZNF451;KDM5B;CSRNP2;JMJD1C;ARID4A;CHD4;CTCF;JRKL;YBX1;CHD1;H1-10;MECP2;YY1;ING2;MECOM;AIFM2;TP63;MEN1;POLG;KDM6B;PCID2;BAZ1A;ZBTB33;POU3F2;FOXP2;ETV5;MYCL;MYCN;POLG2;THRAP3;ZNF638;KAT6A;RFX5;CRY1;ERF;RARB;TOP1;ZNF675;CLOCK;HDAC4;KHDRBS1;ZNF274;HDAC2;KDM3A;ZNF350;CBFB;MAX;ZNF3;ZNF8;GATA1;NR2C1;ZNF7;PURA;PLAGL1;DHX36;HSF1;ZKSCAN3;PLAGL2;E2F4;ZNF148;PATZ1;DEDD;ZBTB18;TFAP2A;NFE2;ZNF263;TFAP2C;POU2F1;NFYA;CNBP;HUWE1;HMGA1;ZNF76;ARID3A;H1-0;SMARCA2;POU4F1;H1-3;USF1;H1-2;NR2F6;TBX2;CDK9;H1-4;PER1;TFCP2;RYBP;BCL6;NFIB;ZNF219;NABP1;TCF3;CRLF3;SSBP2;BMAL1,0.11347517730496454
6,837,Positive Regulation Of Transcription Elongation By RNA Polymerase II (GO:0032968),22/43,3.638927226516261e-17,biological regulation,GO_Biological_Process_2023,1.660232247684731e-19,0.0,0.0,24.605550686532283,1063.9971416161618,MED1;MED8;MED9;MED16;MED27;MED4;MED15;SUPT6H;MED6;MED17;MED7;CDK9;MED23;MED22;MED14;MED30;MED10;MED21;MED31;MED20;CDK12;CDK13,0.5116279069767442
6,837,Regulation Of Transcription Initiation By RNA Polymerase II (GO:0060260),24/57,2.455416428377093e-16,biological regulation,GO_Biological_Process_2023,1.2221068909384122e-18,0.0,0.0,17.11282567371128,705.8348435619702,ZNF451;MED1;PCID2;MED8;MED9;MED16;MED27;MED4;PPM1D;MED15;MED6;MED17;MED7;MED12;MED23;MED22;MED14;MED13;MED30;MED10;MED21;MED20;DHX36;MED31,0.42105263157894735
6,837,"DNA-binding Transcription Repressor Activity, RNA Polymerase II-specific (GO:0001227)",46/243,4.468736812761869e-16,transcription regulator activity,GO_Molecular_Function_2023,4.987429478528871e-18,0.0,0.0,5.598747328768442,223.0519158413373,ZNF175;ZNF350;MAX;CTCF;ZNF3;BACH1;ZNF25;YY1;MNT;ZNF749;HSF1;NACC1;ZKSCAN3;ZNF148;ZNF202;ZNF266;TFAP2A;ZBTB18;TGIF1;ZNF263;TFAP2C;ZFHX3;TGIF2;ZNF705D;ZNF705A;MITF;NR1D1;ZNF79;POU4F1;SREBF2;POU4F2;FOXP2;TBX2;ZFP69;REST;ZNF619;BCL6;ZNF705EP;NFX1;ZNF219;ERF;ZNF217;ZNF558;ZNF557;TCF3;MZF1,0.18930041152263374
6,837,Regulation Of Transcription Elongation By RNA Polymerase II (GO:0034243),27/77,4.497713411224261e-16,biological regulation,GO_Biological_Process_2023,2.425146177765052e-18,0.0,0.0,12.742,516.8236732468498,SRCAP;MED16;MED15;SUPT6H;MED17;MED14;MED30;MED10;MED31;VHL;HEXIM1;MED1;MED8;MED9;MED27;MED4;MED6;MED7;MED23;CDK9;MED22;MED21;MED20;CDK12;INTS6;CDK13;INTS9,0.35064935064935066
6,837,"Positive Regulation Of DNA-templated Transcription, Elongation (GO:0032786)",23/56,2.17690413024564e-15,biological regulation,GO_Biological_Process_2023,1.264067101760222e-17,0.0,0.0,16.379644106916835,637.3256001700144,MED1;MED8;MED9;MED16;MED27;MED4;MED15;SUPT6H;MED6;MED17;MED7;MED23;CDK9;MED22;MED14;MED30;MED10;MED21;MED20;MED31;KAT7;CDK12;CDK13,0.4107142857142857
6,837,"DNA-binding Transcription Activator Activity, RNA Polymerase II-specific (GO:0001228)",54/348,4.672674472738934e-15,transcription regulator activity,GO_Molecular_Function_2023,6.258046168846786e-17,0.0,0.0,4.426225662678864,165.14282719045812,ZNF175;YY1;ZNF729;MECOM;MYB;ZNF208;MYBL1;GABPA;GTF2I;ZNF485;TCF12;MITF;ZNF99;ETV1;ZFX;ETV4;ETV5;RUNX1;ELF1;MYCN;TFDP2;ELF4;MYOD1;RFX5;MZF1;CLOCK;ZNF112;ZNF197;PLAG1;GATA1;HSF2;PLAGL1;HSF1;PLAGL2;ZNF227;ZNF226;E2F4;ZNF786;ZNF267;TFAP2A;ZBTB17;TFAP2C;POU2F1;ZNF76;POU4F1;POU4F2;TFCP2;NFIB;PRKRA;NFIC;ZNF615;TCF3;NFE2L1;ZNF574,0.15517241379310345
6,837,Sequence-Specific Double-Stranded DNA Binding (GO:1990837),82/715,5.178720926965759e-15,binding,GO_Molecular_Function_2023,8.091751448383997e-17,0.0,0.0,3.179351976815961,117.80485111262684,KDM5A;KDM5B;ARID4A;ARID4B;CTCF;YBX1;GABPB1;YY1;KAT7;ZNF444;GABPA;HOXA4;MEN1;TGIF1;HES6;KLF13;TGIF2;ZFP1;ZNF282;TCF12;TFE3;ETV1;ZNF12;ZBTB33;OXSR1;POU3F2;ETV4;SREBF2;ETV5;RUNX1;ELF1;NCOR1;MYCN;TBL1XR1;ELF4;MYOD1;RFX5;ZNF713;RARB;ATF7;MZF1;CLOCK;HDAC4;ZNF274;NFIX;MAX;ZNF23;GATA2;GATA1;NR2C1;HSF2;DHX36;HSF1;E2F4;TBL1X;ZBTB18;TFAP2A;NFE2;ZNF263;TFAP2C;NFYA;ZNF76;NR1D2;NR1D1;POU4F1;SMARCA2;USF1;NR2F6;TBX2;PER2;PER1;REST;TFCP2;BCL6;NFIB;PRKRA;NFIC;MAFG;CARM1;ZNF217;BCOR;BMAL1,0.11468531468531469
6,837,Nuclear Receptor Coactivator Activity (GO:0030374),21/50,1.0613116946013896e-14,None,GO_Molecular_Function_2023,1.8951994546453384e-16,0.0,0.0,16.97996957403651,614.7094936006629,NCOA1;MED1;NCOA2;KDM1A;NCOA6;NCOA3;USP22;HMGA1;MED4;PPRC1;MED17;MED12;MED22;MED14;MED13;MED30;ZMIZ1;THRAP3;ZMIZ2;CARM1;PPARGC1B,0.42
6,837,Chromatin Remodeling (GO:0006338),43/228,1.1474034880145881e-14,cellular process,GO_Biological_Process_2023,7.138553430202746e-17,0.0,0.0,5.555544965620532,206.54647531547144,KDM5A;HDAC4;KDM5B;ZNF274;SETD2;KDM5C;HDAC2;SMARCD3;KDM1A;HDAC1;YEATS4;CHD4;BAZ2B;CTCF;BMI1;SUPT6H;CHD1;MYSM1;YY1;MTA1;MECOM;BCL7B;JARID2;SKP1;SRPK2;KDM6B;DAXX;PCID2;TFAP2C;KDM4B;BRPF1;BICRAL;BAZ1A;SMARCA2;PER2;CDK9;KAT2B;PER1;REST;RYBP;HDGF;TOP1;BCOR,0.18859649122807018
6,837,Positive Regulation Of DNA-templated Transcription Initiation (GO:2000144),22/56,3.039096510542575e-14,biological regulation,GO_Biological_Process_2023,2.0168205793729243e-16,0.0,0.0,15.18722482858174,548.8638630031569,MED1;MED8;MED9;MITF;MED16;MED27;MED4;MED15;MED6;MED17;MED7;MED12;MED23;MED22;MED14;MED13;MED30;MED10;MED21;MED20;DHX36;MED31,0.39285714285714285
6,837,Nuclear Receptor Binding (GO:0016922),29/115,1.4687883049096097e-13,binding,GO_Molecular_Function_2023,2.950690791113055e-15,0.0,0.0,7.961561708496431,266.36787687109074,DDX5;KDM3A;SMARCD3;KDM1A;JMJD1C;MED16;MED17;MED12;MED14;MED13;MED30;NRIP1;PPARGC1B;NCOA1;MED1;NCOA2;DAXX;NCOA6;NCOA3;HMGA1;MED9;MED4;MED22;NCOR1;THRAP3;MYOD1;TRIP6;CRY1;PPID,0.25217391304347825
6,837,Core Mediator Complex (GO:0070847),17/23,1.881940316280072e-17,protein-containing complex,GO_Cellular_Component_2023,2.5204557807322393e-19,0.0,0.0,66.19288617886178,2834.688971389626,MED8;MED9;MED16;MED27;MED4;MED15;MED6;MED17;MED7;MED23;MED22;MED14;MED30;MED10;MED21;MED20;MED31,0.7391304347826086
6,837,SUMOylation Of Transcription Cofactors R-HSA-3899300,18/43,1.5984350136202049e-12,Metabolism of proteins,Reactome_2022,2.939130859556246e-14,0.0,0.0,16.824615384615385,524.222668215429,DDX17;NCOA1;NCOA2;PIAS3;DDX5;DAXX;PHC2;ZNF350;UHRF2;CBX4;CTBP1;MBD1;PIAS2;HIPK2;PIAS1;NCOR2;SIN3A;NRIP1,0.4186046511627907
6,837,Estrogen-dependent Gene Expression R-HSA-9018519,29/119,4.606006647087668e-13,Signal Transduction,Reactome_2022,7.817833064363791e-15,0.0,0.0,7.6061193619361935,247.0647756241139,DDX5;HSP90AB1;KDM1A;CBFB;HDAC1;CHD1;YY1;MYB;NRIP1;NCOA1;TLE3;NCOA2;KDM4B;POU2F1;PRMT1;NCOA3;PTGES3;KCTD6;USF1;RUNX1;CDK9;KAT2B;CARM1;AGO2;ZNF217;FKBP4;EBAG9;TNRC6A;TNRC6B,0.24369747899159663
6,837,Loss Of MECP2 Binding Ability To NCoR/SMRT Complex R-HSA-9022537,6/7,6.146341867624432e-07,Disease,Reactome_2022,3.564356670050944e-08,0.0,0.0,138.35379061371842,2372.7256104585144,MECP2;NCOR2;HDAC3;NCOR1;TBL1XR1;TBL1X,0.8571428571428571
6,837,Transcriptional misregulation in cancer,27/192,1.3725106426874651e-06,Cancer: overview,KEGG_2021_Human,3.4099643296582984e-08,0.0,0.0,3.837979797979798,65.99014371583826,DDX5;HDAC2;MAX;HDAC1;PRCC;JMJD1C;BMI1;CCND2;SIN3A;MEN1;ZBTB17;TFE3;PBX3;MITF;ETV1;ETV4;ETV5;PML;RUNX1;GADD45G;CDK9;PER2;CCNA1;MYCN;NCOR1;BCL6;TCF3,0.140625
6,837,Ubiquitin mediated proteolysis,23/140,9.987004618517716e-07,"Folding, sorting and degradation",KEGG_2021_Human,1.860932537611997e-08,0.0,0.0,4.599613599613599,81.87129610729602,PIAS3;UBE2H;CUL5;FBXW7;UBE2D3;CUL2;SIAH1;CUL1;HUWE1;WWP1;UBE3A;MID1;PIAS2;PML;PIAS1;ITCH;NEDD4;ELOB;ELOC;BIRC7;VHL;SKP1;UBE2M,0.16428571428571428
6,837,p53 signaling pathway,17/73,4.953351203285801e-07,Cell growth and death,KEGG_2021_Human,6.153231308429567e-09,0.0,0.0,7.073584494773519,133.7352290253711,SIAH1;SHISA5;PPM1D;GADD45G;PIDD1;CCND3;CCND2;TP53I3;SESN3;AIFM2;ZMAT3;SESN1;PERP;CCNG2;SESN2;CCNG1;MDM4,0.2328767123287671
6,837,Herpes simplex virus 1 infection,73/498,7.9054241897429665e-19,Infectious disease: viral,KEGG_2021_Human,4.910201360088799e-21,0.0,0.0,4.212731752386818,196.9998569875713,ZNF254;ZNF253;ZNF175;ZNF45;ZNF729;ZNF607;ZNF528;ZNF41;ZNF208;DAXX;ZNF285;ZNF705D;ZFP1;ZNF282;ZNF480;ZNF705A;ZNF99;ZNF12;ZNF713;ZNF558;ZNF679;ZNF557;ZNF479;ZNF676;ZNF433;ZNF675;ZNF510;ZNF157;ZNF432;ZNF112;ZNF233;ZNF155;ZNF595;ZNF430;ZNF671;ZNF230;ZNF350;ZNF195;ZNF2;ZNF23;ZNF3;ZNF8;ZNF25;ZNF26;ZNF7;ZNF749;ZNF227;ZNF623;ZNF226;ZNF786;ZNF267;ZNF101;ZNF860;ZNF584;POU2F1;ZNF184;ZNF79;PML;ZFP69;ZNF619;ZNF37A;ZNF419;ZNF737;ZNF74;ZNF417;ZNF615;ZNF735;ZNF214;ZNF334;ZNF730;ZNF212;ZNF333;ZNF772,0.1465863453815261
6,837,Regulation Of TP53 Activity Thru Association With Co-factors R-HSA-6804759,8/14,3.95997358651845e-07,Gene expression (Transcription),Reactome_2022,2.1844267308941946e-08,0.0,0.0,30.811419380780052,543.4927115143281,PHF20;PPP1R13L;TP53BP2;POU4F1;POU4F2;TP63;ZNF385A;BANP,0.5714285714285714
6,837,Attenuation Phase R-HSA-3371568,10/26,7.586597654696516e-07,Cellular responses to stimuli,Reactome_2022,4.5068896958593167e-08,0.0,0.0,14.470223700120918,244.7648970800545,DNAJB1;HSP90AB1;HSPH1;DNAJB6;HSPA1L;PTGES3;HSF1;HSPA2;RLN1;FKBP4,0.38461538461538464
6,837,Cytoprotection By HMOX1 R-HSA-9707564,14/57,1.073196648943316e-06,Cellular responses to stimuli,Reactome_2022,6.52722148579386e-08,0.0,0.0,7.563932295346011,125.14298604108144,NCOA1;NCOA2;HDAC3;SMARCD3;CHD9;NCOA6;HM13;NCOR2;NCOR1;SIN3B;SIN3A;TBL1XR1;CARM1;TBL1X,0.24561403508771928
6,837,"BMAL1:CLOCK,NPAS2 Activates Circadian Gene Expression R-HSA-1368108",10/27,1.10711442833069e-06,Circadian clock,Reactome_2022,6.890103938691709e-08,0.0,0.0,13.618322782559217,224.57423977959215,NCOA1;NCOA2;SMARCD3;CHD9;NCOA6;TBL1XR1;CARM1;TBL1X;BMAL1;CLOCK,0.37037037037037035
6,837,Potential Therapeutics For SARS R-HSA-9679191,18/97,1.51565904014803e-06,Disease,Reactome_2022,9.647051882130321e-08,0.0,0.0,5.3092224231464735,85.76532969775347,HDAC2;HSP90AB1;KDM1A;HDAC1;PTGES3;SIGMAR1;ARID4A;ARID4B;CHD4;PHF21A;SAP30;REST;MTA1;FNTA;HMG20B;SAP18;FKBP4;RCOR1,0.18556701030927836
6,837,TP53 Regulates Transcription Of Cell Death Genes R-HSA-5633008,13/44,3.189705586824479e-07,Gene expression (Transcription),Reactome_2022,1.7144103578405968e-08,0.0,0.0,9.73676792984654,174.10910174862806,BNIP3L;CRADD;TRIAP1;RABGGTB;RABGGTA;PIDD1;TP53I3;BCL6;AIFM2;PERP;TP53INP1;TP53BP2;TP63,0.29545454545454547
6,837,NR1H3 And NR1H2 Regulate Gene Expression Linked To Cholesterol Transport And Efflux R-HSA-9029569,11/36,2.2829952477857546e-06,Signal Transduction,Reactome_2022,1.4854000197757386e-07,0.0,0.0,10.19457627118644,160.2833236257012,NCOA1;NCOR2;KDM3A;HDAC3;NCOR1;KDM1A;TBL1XR1;AGO2;TBL1X;TNRC6A;TNRC6B,0.3055555555555556
6,837,Formation Of Senescence-Associated Heterochromatin Foci (SAHF) R-HSA-2559584,8/17,2.327998040909458e-06,Cellular responses to stimuli,Reactome_2022,1.5805361522440454e-07,0.0,0.0,20.537729526873072,321.6276531537653,H1-4;UBN1;HMGA1;EP400;H1-0;H1-3;CABIN1;H1-2,0.47058823529411764
6,837,RORA Activates Gene Expression R-HSA-1368082,8/18,3.946585999912566e-06,None,Reactome_2022,2.7405444418450333e-07,0.0,0.0,18.48299155609168,279.2768758537594,NCOA1;NCOA2;SMARCD3;CHD9;NCOA6;TBL1XR1;CARM1;TBL1X,0.4444444444444444
6,837,NR1H2 And NR1H3-mediated Signaling R-HSA-9024446,12/46,3.946585999912566e-06,Signal Transduction,Reactome_2022,2.791079207858958e-07,0.0,0.0,8.183529411764706,123.50310336177102,NCOA1;NCOR2;KDM3A;HDAC3;NCOR1;KDM1A;TBL1XR1;NRIP1;AGO2;TBL1X;TNRC6A;TNRC6B,0.2608695652173913
6,837,Ub-specific Processing Proteases R-HSA-5689880,26/201,4.5704186819398015e-06,Metabolism of proteins,Reactome_2022,3.296907394327156e-07,0.0,0.0,3.4785132992777874,51.91719632445859,USP13;USP14;IDE;USP19;SNX3;TNKS2;RCE1;USP47;USP7;USP48;USP26;USP42;USP20;USP4;SIAH2;USP22;USP2;MUL1;PSMB8;PSMB9;RNF146;CCNA1;POLG2;PTRH2;MDM4;OTUB1,0.12935323383084577
6,837,Cellular Senescence R-HSA-2559583,23/165,5.576574751874968e-06,Cellular responses to stimuli,Reactome_2022,4.101582561492197e-07,0.0,0.0,3.784847908087345,55.66270887722821,KDM6B;CDKN2D;CBX6;PHC2;CDKN2B;CBX4;MINK1;HMGA1;H1-0;H1-3;H1-2;CABIN1;H1-4;CCNA1;TFDP2;UBN1;EP400;MAPKAPK5;MDM4;TNIK;TNRC6A;MAP4K4;TNRC6B,0.1393939393939394
6,837,SUMOylation Of Transcription Factors R-HSA-3232118,8/19,6.082869772471358e-06,Metabolism of proteins,Reactome_2022,4.560001385303847e-07,0.0,0.0,16.801842307270533,245.31988086685195,TFAP2A;PIAS3;TFAP2C;MTA1;SP3;MITF;PIAS2;PIAS1,0.42105263157894735
6,837,Signaling By TGFB Family Members R-HSA-9006936,19/119,6.5728000889898455e-06,Signal Transduction,Reactome_2022,5.020243349440617e-07,0.0,0.0,4.427836185819071,64.22406908755505,TGIF1;CDKN2B;TGIF2;HDAC1;UBE2D3;CCNC;NEDD8;YBX1;CDK9;NCOR2;CDK8;PPM1A;NCOR1;TFDP2;E2F4;E2F5;TRIM33;MEN1;UBE2M,0.15966386554621848
6,837,TP53 Regulates Transcription Of Additional Cell Death Genes With Uncertain Roles In P53-Dependent Apoptosis R-HSA-6803205,7/14,7.475946631310389e-06,Gene expression (Transcription),Reactome_2022,5.81580006679026e-07,0.0,0.0,23.07951807228916,331.36457971535845,TP53I3;BCL6;PERP;TP53BP2;RABGGTB;RABGGTA;TP63,0.5
6,837,HDMs Demethylate Histones R-HSA-3214842,9/26,7.827365774343758e-06,Chromatin organization,Reactome_2022,6.199893682648521e-07,0.0,0.0,12.24168797953964,174.97734456860243,KDM5A;KDM6B;KDM5B;KDM3A;KDM5C;KDM4B;KDM2A;KDM1A;JMJD6,0.34615384615384615
6,837,Regulation Of RUNX1 Expression And Activity R-HSA-8934593,8/17,2.327998040909458e-06,Gene expression (Transcription),Reactome_2022,1.5805361522440454e-07,0.0,0.0,20.537729526873072,321.6276531537653,CCND3;CCND2;CBFB;AGO2;PML;TNRC6A;RUNX1;TNRC6B,0.47058823529411764
6,837,Transcriptional Regulation By MECP2 R-HSA-8986944,15/60,3.189705586824479e-07,Gene expression (Transcription),Reactome_2022,1.7072061534629444e-08,0.0,0.0,7.752635847526358,138.6622689704014,HDAC2;HDAC3;HDAC1;HIPK2;MECP2;NCOR2;NCOR1;SIN3A;TBL1XR1;AGO2;TBL1X;PTPN4;TNRC6A;FKBP5;TNRC6B,0.25
6,837,Thyroid hormone signaling pathway,20/121,4.538103500381746e-06,Endocrine system,KEGG_2021_Human,1.409348913162033e-07,0.0,0.0,4.620138880473115,72.88254214920488,NCOA1;MED1;NCOA2;HDAC2;HDAC3;HDAC1;NCOA3;MED4;MED16;MED27;MED13L;MED17;MED12;KAT2B;MED14;MED13;MED24;NCOR1;MED30;SIN3A,0.1652892561983471
6,837,Signaling By NOTCH R-HSA-157118,29/203,1.4969569039095836e-07,Signal Transduction,Reactome_2022,7.410677742126652e-09,0.0,0.0,3.9168729372937294,73.32520855011295,HDAC4;HDAC2;HDAC3;HDAC1;HDAC11;CUL1;CCNC;YBX1;HDAC9;HDAC7;TBL1X;SKP1;TLE4;TLE3;TLE1;FBXW7;PSMB8;RUNX1;PSMB9;NCOR2;KAT2B;CDK8;ITCH;NCOR1;TFDP2;TBL1XR1;AGO2;TNRC6A;TNRC6B,0.14285714285714285
6,837,PTEN Regulation R-HSA-6807070,29/139,2.678275493166068e-11,Signal Transduction,Reactome_2022,5.682338387198163e-13,0.0,0.0,6.21666291629163,175.28654055580407,USP13;HDAC2;HDAC3;KDM1A;HDAC1;ATN1;CHD4;HDAC7;MTA1;MECOM;TNKS2;SALL4;MAF1;USP7;CBX6;PHC2;CBX4;PML;PSMB8;PSMB9;RNF146;REST;NEDD4;AGO2;MKRN1;RCOR1;TNRC6A;OTUD3;TNRC6B,0.20863309352517986
6,837,Cellular Response To Chemical Stress R-HSA-9711123,33/182,4.1186722491123706e-11,Cellular responses to stimuli,Reactome_2022,9.320899007892212e-13,0.0,0.0,5.237754182109586,145.0928467530052,HDAC3;SMARCD3;SRXN1;CHD9;HM13;CUL1;PRDX5;SIN3B;SIN3A;SESN1;PRDX1;SESN2;UBXN7;PHGDH;TBL1X;SKP1;NCOA1;NCOA2;NQO1;NCOA6;TXNRD2;TXNRD1;MUL1;ATOX1;PSMB8;PSMB9;NCOR2;CCS;NCOR1;TBL1XR1;MAFG;CARM1;TKT,0.1813186813186813
6,837,Signaling By NOTCH1 R-HSA-1980143,21/74,6.84021931214019e-11,Signal Transduction,Reactome_2022,1.6447486323392257e-12,0.0,0.0,9.279273029966705,251.77853815532583,TLE4;HDAC4;TLE3;HDAC2;TLE1;HDAC3;FBXW7;HDAC1;HDAC11;CUL1;CCNC;HDAC9;HDAC7;NCOR2;KAT2B;CDK8;ITCH;NCOR1;TBL1XR1;TBL1X;SKP1,0.28378378378378377
6,837,SUMO E3 Ligases SUMOylate Target Proteins R-HSA-3108232,31/168,1.1116393726121658e-10,Metabolism of proteins,Reactome_2022,2.830199251346391e-12,0.0,0.0,5.341381246490736,142.03092743469833,HDAC4;DDX5;HDAC2;ZNF350;UHRF2;CTBP1;HDAC1;NR2C1;HDAC7;MTA1;SIN3A;NRIP1;VHL;DDX17;TFAP2A;NCOA1;PIAS3;NCOA2;DAXX;PHC2;TFAP2C;CBX4;MBD1;MITF;PIAS2;PML;PIAS1;HIPK2;NCOR2;SP3;TOP1,0.18452380952380953
6,837,Circadian Clock R-HSA-400253,20/69,1.342753746735385e-10,None,Reactome_2022,3.608531992641063e-12,0.0,0.0,9.549121974371143,251.59759275733725,NCOA1;NCOA2;HDAC3;SMARCD3;CHD9;NCOA6;CUL1;NR1D1;PER2;PER1;NCOR1;TBL1XR1;CARM1;NRIP1;CRY1;FBXL3;TBL1X;CLOCK;BMAL1;SKP1,0.2898550724637681
6,837,SUMOylation R-HSA-2990846,31/174,2.6053397480399227e-10,Metabolism of proteins,Reactome_2022,7.370126585685778e-12,0.0,0.0,5.115653577192039,131.1325471145778,HDAC4;DDX5;HDAC2;ZNF350;UHRF2;CTBP1;HDAC1;NR2C1;HDAC7;MTA1;SIN3A;NRIP1;VHL;DDX17;TFAP2A;NCOA1;PIAS3;NCOA2;DAXX;PHC2;TFAP2C;CBX4;MBD1;MITF;PIAS2;PML;PIAS1;HIPK2;NCOR2;SP3;TOP1,0.1781609195402299
6,837,Transcriptional Activity Of SMAD2/SMAD3:SMAD4 Heterotrimer R-HSA-2173793,17/51,4.11522142417451e-10,Gene expression (Transcription),Reactome_2022,1.2223429972795576e-11,0.0,0.0,11.664024390243902,293.0897151171851,TGIF1;CDKN2B;TGIF2;HDAC1;UBE2D3;CCNC;YBX1;NCOR2;CDK9;PPM1A;CDK8;NCOR1;TFDP2;E2F4;E2F5;TRIM33;MEN1,0.3333333333333333
6,837,Signaling By Nuclear Receptors R-HSA-9006931,38/260,5.606073666938043e-10,Signal Transduction,Reactome_2022,1.7444642245068882e-11,0.0,0.0,4.05776364599894,100.5188745736053,DDX5;KDM3A;HSP90AB1;HDAC3;KDM1A;CBFB;HDAC1;CHD1;YY1;MYB;NRIP1;TBL1X;NCOA1;NCOA2;TLE3;KDM4B;POU2F1;PRMT1;NCOA3;PTGES3;KCTD6;USF1;RUNX1;NCOR2;CDK9;KAT2B;NCOR1;TBL1XR1;CARM1;AGO2;RARB;ZNF217;FKBP4;EBAG9;PPID;TNRC6A;FKBP5;TNRC6B,0.14615384615384616
6,837,HDACs Deacetylate Histones R-HSA-3214815,18/60,7.019394100102225e-10,Chromatin organization,Reactome_2022,2.283536977402421e-11,0.0,0.0,10.005756148613292,245.1681460041478,HDAC2;HDAC3;KDM1A;HDAC1;ARID4A;ARID4B;CHD4;PHF21A;SAP30;NCOR2;REST;NCOR1;MTA1;TBL1XR1;HMG20B;SAP18;TBL1X;RCOR1,0.3
6,837,SMAD2/SMAD3:SMAD4 Heterotrimer Regulates Transcription R-HSA-2173796,12/36,2.5940451946456373e-07,Gene expression (Transcription),Reactome_2022,1.3208716691264917e-08,0.0,0.0,11.59939393939394,210.4407155035756,TGIF1;CDK9;CDK8;CDKN2B;TGIF2;TFDP2;HDAC1;CCNC;YBX1;E2F4;E2F5;MEN1,0.3333333333333333
6,837,Regulation Of MECP2 Expression And Activity R-HSA-9022692,13/31,3.192415145301804e-09,Gene expression (Transcription),Reactome_2022,1.128859669484372e-10,0.0,0.0,16.78027238403452,384.34614753978695,HDAC2;HDAC3;HDAC1;HIPK2;MECP2;NCOR2;NCOR1;SIN3A;TBL1XR1;AGO2;TBL1X;TNRC6A;TNRC6B,0.41935483870967744
6,837,Constitutive Signaling By NOTCH1 HD+PEST Domain Mutants R-HSA-2894862,17/58,3.3740979981020684e-09,Disease,Reactome_2022,1.240828118113915e-10,0.0,0.0,9.669066032123736,220.5520917470525,HDAC4;HDAC2;HDAC3;FBXW7;HDAC1;HDAC11;CUL1;CCNC;HDAC9;HDAC7;NCOR2;KAT2B;CDK8;NCOR1;TBL1XR1;TBL1X;SKP1,0.29310344827586204
6,837,ESR-mediated Signaling R-HSA-8939211,31/188,1.7125398170883255e-09,Signal Transduction,Reactome_2022,5.8134307793663095e-11,0.0,0.0,4.656050955414012,109.73504337951,DDX5;HSP90AB1;KDM1A;CBFB;HDAC1;CHD1;YY1;MYB;NRIP1;NCOA1;TLE3;NCOA2;KDM4B;POU2F1;PRMT1;NCOA3;PTGES3;KCTD6;USF1;RUNX1;CDK9;KAT2B;CARM1;AGO2;ZNF217;FKBP4;EBAG9;PPID;TNRC6A;FKBP5;TNRC6B,0.16489361702127658
6,837,Transcriptional Regulation By RUNX1 R-HSA-8878171,31/204,1.2118012190039778e-08,Gene expression (Transcription),Reactome_2022,4.799212748530605e-10,0.0,0.0,4.221876389506448,90.59048637115384,SMARCD3;CBFB;HDAC1;GATA2;GATA1;CCND3;CCND2;SIN3B;SIN3A;MYB;NFE2;PHC2;CBX6;CBX4;PRMT1;PCGF5;TCF12;SMARCA2;PSMB8;KCTD6;PML;RUNX1;HIPK2;PSMB9;KAT2B;ITCH;RYBP;AGO2;ZFPM1;TNRC6A;TNRC6B,0.15196078431372548
6,837,Transcriptional Activation Of Mitochondrial Biogenesis R-HSA-2151201,15/52,4.794646042249536e-08,Organelle biogenesis and maintenance,Reactome_2022,1.966686495406457e-09,0.0,0.0,9.432826987571511,189.09908736030968,NCOA1;NCOA2;HDAC3;SMARCD3;CHD9;NCOA6;NR1D1;PPRC1;NCOR1;POLG2;TBL1XR1;CARM1;TBL1X;GABPA;PPARGC1B,0.28846153846153844
6,837,Heme Signaling R-HSA-9707616,14/45,5.3250329619633777e-08,Cellular responses to stimuli,Reactome_2022,2.259561369998604e-09,0.0,0.0,10.498490965390191,209.0049568244277,NCOA1;NCOA2;HDAC3;SMARCD3;CHD9;NCOA6;NR1D1;NCOR1;TBL1XR1;CARM1;NRIP1;TBL1X;BMAL1;CLOCK,0.3111111111111111
6,837,Regulation Of PTEN Gene Transcription R-HSA-8943724,16/61,6.070454046036865e-08,Signal Transduction,Reactome_2022,2.661726667993534e-09,0.0,0.0,8.279550683448369,163.47385639923584,HDAC2;CBX6;PHC2;HDAC3;KDM1A;CBX4;HDAC1;ATN1;CHD4;HDAC7;REST;MTA1;MECOM;SALL4;MAF1;RCOR1,0.26229508196721313
6,837,Disorders Of Developmental Biology R-HSA-9675151,8/12,8.574297191399744e-08,Disease,Reactome_2022,3.880870015909361e-09,0.0,0.0,46.22195416164053,895.1901300440085,MECP2;NCOR2;HDAC3;NCOR1;HDAC1;SIN3A;TBL1XR1;TBL1X,0.6666666666666666
6,837,Signaling By TGF-beta Receptor Complex R-HSA-170834,19/91,1.1986782168684098e-07,Signal Transduction,Reactome_2022,5.5949619740675405e-09,0.0,0.0,6.158805351806574,117.0259196490363,TGIF1;CDKN2B;TGIF2;HDAC1;UBE2D3;CCNC;NEDD8;YBX1;NCOR2;CDK9;PPM1A;CDK8;NCOR1;TFDP2;E2F4;E2F5;TRIM33;MEN1;UBE2M,0.2087912087912088
6,837,Deubiquitination R-HSA-5688426,35/279,1.4627866164310873e-07,Metabolism of proteins,Reactome_2022,7.03461739160636e-09,0.0,0.0,3.3837792813049345,63.52173443136115,OTUB2;USP13;USP14;NEDD8;ABRAXAS2;IDE;MYSM1;USP19;SNX3;YY1;TNKS2;RCE1;USP47;USP7;USP48;USP26;USP42;USP20;USP4;SIAH2;USP22;USP2;MUL1;PSMB8;PSMB9;RNF146;KAT2B;CCNA1;POLG2;PTRH2;MDM4;STAMBP;OGT;OTUB1;OTUD3,0.12544802867383512
6,837,Notch-HLH Transcription Pathway R-HSA-350054,12/28,1.1455143090575114e-08,Gene expression (Transcription),Reactome_2022,4.3746656781545696e-10,0.0,0.0,17.406363636363636,375.1074989290104,HDAC4;NCOR2;KAT2B;HDAC2;HDAC3;NCOR1;HDAC1;TBL1XR1;HDAC11;TBL1X;HDAC9;HDAC7,0.42857142857142855
7,512,Sequence-Specific DNA Binding (GO:0043565),97/717,5.275063871277434e-41,binding,GO_Molecular_Function_2023,6.6214190852854824e-43,0.0,0.0,7.113082005441119,690.8285654267004,FERD3L;SOX18;GSC2;PKNOX2;PITX3;NKX2-8;NKX6-2;ESX1;SOX14;OVOL1;POU3F1;ISL1;POU3F4;ISL2;ZNF711;HOXB1;LMX1B;HOXB8;HOXB7;HOXB6;DLX3;GATA5;BHLHE23;HOXB13;NEUROD2;ALX3;HOXC4;ALX1;OTX1;HOXC9;NKX2-3;EVX1;SCRT1;PHOX2A;TLX3;TLX2;FEV;LHX6;HOXD4;LHX5;HOXD9;HOXD8;VSX1;LHX8;VSX2;BARHL1;BARHL2;FOXE3;ONECUT2;TCF21;SIX1;HOXC13;HOXC12;HOXC11;HOXC10;DMBX1;SIX6;SIX2;SIX3;FOXD4;FOXD3;FOXD2;OLIG3;EN2;FOXL1;OLIG2;PAX2;ADRA2A;PAX1;DMRTA2;PAX7;PAX9;HMX2;HMX1;HOXD12;ASCL2;HOXD10;BARX2;HSF4;SHOX;HES2;ATOH1;TBX1;IRX1;FOXB1;SKOR1;GSX1;CDX2;CDX1;GSX2;UNCX;DMRT3;VAX1;LBX1;VAX2;POU4F3;NEUROG1,0.13528591352859135
7,512,Sequence-Specific Double-Stranded DNA Binding (GO:1990837),97/715,5.275063871277434e-41,binding,GO_Molecular_Function_2023,5.167192037274594e-43,0.0,0.0,7.13685811205989,694.9075212785087,FERD3L;SOX18;GSC2;PKNOX2;PITX3;NKX2-8;NKX6-2;ESX1;SOX14;OVOL1;POU3F1;ISL1;POU3F4;ISL2;HOXB1;LMX1B;HOXB8;HOXB7;HOXB6;DLX3;GATA5;BHLHE23;HOXB13;NEUROD2;NKX2-1;ALX3;HOXC4;ALX1;OTX1;HOXC9;NKX2-3;EVX1;SCRT1;PHOX2A;TLX3;TLX2;FEV;LHX6;HOXD4;LHX5;HOXD9;HOXD8;VSX1;LHX8;VSX2;BARHL1;MESP1;BARHL2;ONECUT2;TCF21;SIX1;HOXC13;HOXC12;HOXC11;HOXC10;DMBX1;SIX6;SIX2;SIX3;FOXD3;FOXD2;OLIG3;EN2;OLIG2;PAX2;ADRA2A;PAX1;DMRTA2;PAX7;PAX9;HAND1;HMX2;HMX1;HOXD12;ASCL2;HOXD10;BARX2;HSF4;SHOX;HES2;ATOH1;TBX1;IRX1;FOXB1;SKOR1;GSX1;CDX2;CDX1;GSX2;UNCX;FOXJ1;DMRT3;VAX1;LBX1;VAX2;POU4F3;NEUROG1,0.13566433566433567
7,512,G Protein-Coupled Receptor Activity (GO:0004930),59/250,4.0452069042391004e-38,molecular transducer activity,GO_Molecular_Function_2023,6.770220760232805e-40,0.0,0.0,13.158616783976514,1186.7870960693524,NPFFR2;GPR27;VIPR1;VIPR2;GPR26;MLNR;RRH;GRPR;RXFP1;GPR174;GRM6;GPER1;GRM8;FFAR4;ADORA1;OXER1;PRLHR;QRFPR;GHSR;GPR32;GLP2R;GPBAR1;TAAR2;PTH2R;GPR37L1;TRHR;MTNR1A;LTB4R2;ADORA2A;OPRD1;CALCRL;GPR45;NPY4R;GPR88;OPRL1;GPR83;CRHR1;GHRHR;GALR1;GPR150;KISS1R;DRD2;NTSR1;NTSR2;DRD5;GABBR2;GABBR1;GPR55;SCTR;GPR4;GPR50;GPR6;HCRTR1;GPR143;MC1R;NMUR1;GPR101;LGR5;ADGRL3,0.236
7,512,Double-Stranded DNA Binding (GO:0003690),93/650,5.275063871277434e-41,binding,GO_Molecular_Function_2023,3.648842051045147e-43,0.0,0.0,7.543749973219986,737.1507236157728,BARHL1;BARHL2;ONECUT2;TCF21;SIX1;HOXC13;HOXC12;HOXC11;HOXC10;FERD3L;DMBX1;SIX6;SOX18;SIX2;SIX3;GSC2;PKNOX2;PITX3;NKX2-8;FOXD3;FOXD2;NKX6-2;OLIG3;ESX1;EN2;SOX14;OLIG2;OVOL1;POU3F1;ISL1;PAX2;ADRA2A;PAX1;POU3F4;DMRTA2;ISL2;PAX7;PAX9;HOXB1;LMX1B;HOXB8;HOXB7;HOXB6;HMX2;HMX1;DLX3;GATA5;HOXD12;BHLHE23;HOXB13;ASCL2;HOXD10;BARX2;NEUROD2;ALX3;HSF4;SHOX;HOXC4;ALX1;OTX1;HOXC9;HES2;NKX2-3;ATOH1;TBX1;IRX1;FOXB1;SKOR1;GSX1;CDX2;CDX1;GSX2;UNCX;DMRT3;EVX1;VAX1;LBX1;VAX2;SCRT1;PHOX2A;POU4F3;TLX3;TLX2;FEV;LHX6;HOXD4;LHX5;HOXD9;NEUROG1;HOXD8;VSX1;LHX8;VSX2,0.14307692307692307
7,512,Transcription Cis-Regulatory Region Binding (GO:0000976),52/474,1.6338459654920246e-17,binding,GO_Molecular_Function_2023,6.836175587832738e-19,0.0,0.0,5.107315062847723,213.62309672941197,BARHL1;MESP1;BARHL2;HMX3;TCF21;SIX1;OTP;HOXC13;HOXC10;FERD3L;DMBX1;SOX18;FOXD3;TCF15;ESX1;ISL1;PAX2;ISL2;HAND1;HOXB1;LMX1B;HOXB8;HMX2;HMX1;CASZ1;ASCL4;GATA5;BARX1;ASCL2;NPAS1;BARX2;GBX1;ALX3;NKX2-1;ALX1;BHLHA9;CDX2;CDX1;FOXJ1;FOXN4;SCRT1;PHOX2A;LHX6;HOXD4;LHX5;SIM1;HOXD9;SIM2;HOXD8;VSX1;LHX8;VSX2,0.10970464135021098
7,512,Adenylate Cyclase-Modulating G Protein-Coupled Receptor Signaling Pathway (GO:0007188),35/163,1.0492369200059031e-19,cellular process,GO_Biological_Process_2023,1.5032047564554485e-22,0.0,0.0,11.098008385744237,557.6668499412838,VIPR1;VIPR2;CALCRL;GPR26;OPRL1;CRHR1;GHRHR;CALCR;GALR3;UCN3;GALR2;GPER1;GRM8;OXER1;GPHA2;DRD5;GABBR2;GABBR1;HTR1F;GCGR;GLP2R;NPY1R;SCTR;HTR1B;PTH2R;GPR4;GPR37L1;ADRA2A;GIP;MTNR1A;MC1R;ADORA2A;ADRB3;MC5R;ADGRL3,0.2147239263803681
7,512,Neuropeptide Receptor Activity (GO:0008188),23/36,8.697536205102241e-27,molecular transducer activity,GO_Molecular_Function_2023,2.547395541243334e-28,0.0,0.0,70.46169576844423,4476.94668629226,NPY5R;NPY2R;NPY1R;TACR2;TACR3;GPR83;SORCS1;NMBR;SSTR1;GRPR;SORCS3;SSTR2;SSTR4;SSTR5;GPR143;GALR3;GALR2;GALR1;KISS1R;PRLHR;NMUR1;NTSR1;NTSR2,0.6388888888888888
7,512,G Protein-Coupled Peptide Receptor Activity (GO:0008528),33/77,9.398212047585716e-31,molecular transducer activity,GO_Molecular_Function_2023,2.3593837776365807e-32,0.0,0.0,30.444676409185803,2217.1129332927453,OPRD1;OXTR;VIPR1;VIPR2;MLNR;OPRL1;GPR83;GRPR;CRHR1;BRS3;GHRHR;CCKAR;GALR1;KISS1R;PRLHR;AVPR1B;GPR32;GCGR;GLP2R;NPY1R;SCTR;PTH2R;SORCS1;AVPR1A;GPR37L1;NMBR;SORCS3;HCRTR1;MC1R;CCKBR;LTB4R2;MC5R;NMUR1,0.42857142857142855
7,512,Amine Ligand-Binding Receptors R-HSA-375280,17/40,8.840388170344112e-16,Signal Transduction,Reactome_2022,3.4499075786708726e-17,0.0,0.0,29.06499780412824,1101.726155739357,HTR1F;CHRM4;HTR1A;HTR2C;HTR1B;ADRB1;ADRA2C;ADRA1A;ADRA2A;GPR143;HRH3;ADRB3;HRH2;HRH4;DRD2;DRD4;DRD5,0.425
7,512,G Alpha (I) Signaling Events R-HSA-418594,34/312,2.2132114461953832e-11,Signal Transduction,Reactome_2022,1.1875768735682545e-12,0.0,0.0,4.915113933957437,134.964635131268,OPRD1;CHRM4;NPY2R;OPRL1;RRH;GALR3;GRM7;GALR2;GRM6;GALR1;GPER1;PENK;HRH4;GRM8;ADORA1;OXER1;RGS22;DRD4;GABBR2;NPY5R;HTR1F;GPR55;NPY1R;HTR1B;GPR37L1;SSTR1;ADRA2C;SSTR2;ADRA2A;SSTR4;SSTR5;PYY;MTNR1A;NMUR1,0.10897435897435898
7,512,G Alpha (S) Signaling Events R-HSA-418555,29/153,8.561920593989497e-16,Signal Transduction,Reactome_2022,2.505927978728633e-17,0.0,0.0,9.376143725372335,358.4057892096212,GPR27;VIPR1;GPR25;VIPR2;CALCRL;GPR45;SCT;ADRB1;GPR83;PTH2;RXFP1;CRHR1;GHRHR;CALCR;HRH2;GPER1;GPR150;GPHA2;DRD5;GPR32;GLP2R;SCTR;GPBAR1;PTH2R;MC1R;PDE10A;ADORA2A;ADRB3;MC5R,0.1895424836601307
7,512,Peptide Ligand-Binding Receptors R-HSA-375276,45/196,2.0324807510542634e-28,Signal Transduction,Reactome_2022,4.9572701245225935e-30,0.0,0.0,12.33979040515053,832.648305353116,NPFFR2;OPRD1;OXTR;NPY2R;MLNR;OPRL1;OXT;TRH;GRPR;RXFP1;BRS3;CCKAR;GALR3;GALR2;GALR1;GPER1;PENK;KISS1R;PRLHR;TAC3;QRFPR;NTSR1;NTSR2;GHSR;AVPR1B;EDN3;NPY5R;NPFF;TACR2;NPY1R;TACR3;GPR37L1;NMBR;AVPR1A;SSTR1;SSTR2;SSTR4;TRHR;SSTR5;HCRTR1;PYY;MC1R;CCKBR;MC5R;NMUR1,0.22959183673469388
7,512,GPCR Downstream Signaling R-HSA-388396,93/619,2.6911368441739533e-43,Signal Transduction,Reactome_2022,5.250998720339421e-45,0.0,0.0,8.001424721181158,815.8085487454355,GPR27;NPFFR2;GPR25;VIPR1;OXTR;VIPR2;SCT;CHRM4;NPY2R;MLNR;HTR2C;RRH;OXT;TRH;GRPR;RXFP1;ADRA1A;BRS3;CCKAR;GRM7;GRM6;GPER1;GRM8;ADORA1;FFAR4;OXER1;QRFPR;GHSR;AVPR1B;EDN3;NPY5R;GPR32;NPFF;GLP2R;TACR2;NPY1R;TACR3;GPBAR1;PTH2R;GPR37L1;AVPR1A;SSTR1;ADRA2C;SSTR2;ADRA2A;SSTR4;TRHR;SSTR5;MTNR1A;LTB4R2;ADORA2A;CCKBR;ADRB3;OPRD1;CALCRL;GPR45;OPRL1;GPR83;ADRB1;PTH2;CRHR1;GHRHR;CALCR;GALR3;GALR2;HRH2;GPR150;GALR1;P2RY2;PENK;HRH4;KISS1R;TAC3;RGS22;GPHA2;DRD4;NTSR1;DRD5;NTSR2;GABBR2;HTR1F;GPR55;SCTR;HTR1B;GPR4;NMBR;HCRTR1;PYY;GPR143;MC1R;PDE10A;MC5R;NMUR1,0.15024232633279483
7,512,Signaling By GPCR R-HSA-372790,102/689,4.562827239862735e-47,Signal Transduction,Reactome_2022,6.677308155896686e-49,0.0,0.0,8.010562180579216,888.5952780563772,NPFFR2;VIPR1;OXTR;VIPR2;SCT;CHRM4;NPY2R;RRH;GRPR;RXFP1;ADORA1;OXER1;GHSR;NPFF;NPY1R;GPR37L1;TRHR;MTNR1A;LTB4R2;CALCRL;GPR83;ADRB1;CRHR1;GHRHR;CALCR;GALR3;HRH3;GALR2;HRH2;GALR1;PENK;HRH4;TAC3;DRD2;DRD4;NTSR1;DRD5;NTSR2;HTR1F;HTR1A;HTR1B;NMBR;PYY;MC1R;NMUR1;GPR27;UCN;GPR25;MLNR;HTR2C;OXT;TRH;ADRA1A;BRS3;CCKAR;UCN3;GRM7;GRM6;GPER1;GRM8;FFAR4;PRLHR;QRFPR;AVPR1B;EDN3;NPY5R;GPR32;GLP2R;TACR2;TACR3;GPBAR1;PTH2R;AVPR1A;SSTR1;ADRA2C;SSTR2;ADRA2A;SSTR4;SSTR5;ADORA2A;CCKBR;ADRB3;OPRD1;PLPPR1;GPR45;PLPPR3;PLPPR5;OPRL1;PTH2;GPR150;P2RY2;KISS1R;RGS22;GPHA2;GABBR2;GPR55;SCTR;GPR4;HCRTR1;GPR143;PDE10A;MC5R,0.14804063860667635
7,512,Class A/1 (Rhodopsin-like Receptors) R-HSA-373076,77/327,5.476486599523634e-50,Signal Transduction,Reactome_2022,5.342913755632814e-52,0.0,0.0,13.621388505747126,1608.122788300766,NPFFR2;OXTR;CHRM4;NPY2R;MLNR;RRH;HTR2C;OXT;TRH;GRPR;RXFP1;ADRA1A;BRS3;CCKAR;GPER1;FFAR4;ADORA1;OXER1;PRLHR;QRFPR;GHSR;AVPR1B;EDN3;NPY5R;NPFF;TACR2;NPY1R;GPBAR1;TACR3;GPR37L1;AVPR1A;SSTR1;ADRA2C;SSTR2;ADRA2A;SSTR4;TRHR;SSTR5;MTNR1A;ADRB3;CCKBR;LTB4R2;ADORA2A;OPRD1;PLPPR1;PLPPR3;PLPPR5;OPRL1;ADRB1;GALR3;HRH3;GALR2;HRH2;GALR1;P2RY2;PENK;HRH4;KISS1R;TAC3;DRD2;GPHA2;NTSR1;DRD4;NTSR2;DRD5;HTR1F;GPR55;HTR1A;HTR1B;GPR4;NMBR;HCRTR1;PYY;GPR143;MC1R;MC5R;NMUR1,0.23547400611620795
7,512,GPCR Ligand Binding R-HSA-500792,94/458,1.2539949209770612e-55,Signal Transduction,Reactome_2022,6.117048395010054e-58,0.0,0.0,11.814869341185132,1556.477367274788,NPFFR2;UCN;OXTR;VIPR1;VIPR2;SCT;CHRM4;NPY2R;MLNR;HTR2C;RRH;OXT;TRH;GRPR;RXFP1;ADRA1A;BRS3;CCKAR;UCN3;GRM7;GRM6;GPER1;GRM8;ADORA1;FFAR4;PRLHR;OXER1;QRFPR;GHSR;AVPR1B;EDN3;NPY5R;NPFF;GLP2R;TACR2;NPY1R;TACR3;GPBAR1;PTH2R;GPR37L1;AVPR1A;SSTR1;ADRA2C;SSTR2;ADRA2A;SSTR4;TRHR;SSTR5;MTNR1A;LTB4R2;ADORA2A;ADRB3;CCKBR;OPRD1;PLPPR1;CALCRL;PLPPR3;PLPPR5;OPRL1;ADRB1;PTH2;CRHR1;GHRHR;CALCR;GALR3;HRH3;GALR2;HRH2;GALR1;P2RY2;PENK;HRH4;KISS1R;TAC3;DRD2;GPHA2;DRD4;NTSR1;DRD5;NTSR2;GABBR2;HTR1F;GPR55;SCTR;HTR1A;HTR1B;GPR4;NMBR;HCRTR1;PYY;GPR143;MC1R;MC5R;NMUR1,0.2052401746724891
7,512,Neuropeptide Signaling Pathway (GO:0007218),22/68,2.8764492148873083e-16,cellular process,GO_Biological_Process_2023,8.241974827757331e-19,0.0,0.0,18.976220053238688,790.1674649210621,OPRD1;GRP;ECEL1;OPRL1;SORCS1;GPR83;SSTR1;SORCS3;SSTR2;SSTR4;SSTR5;HCRTR1;PYY;LTB4R2;GALR3;GALR2;GALR1;PENK;KISS1R;NMUR1;NTSR1;NTSR2,0.3235294117647059
7,512,Neuroactive ligand-receptor interaction,92/341,2.8287674861066284e-66,Signaling molecules and interaction,KEGG_2021_Human,3.984179557896659e-68,0.0,0.0,16.924727481353987,2626.60693132846,NPFFR2;UCN;OXTR;VIPR1;VIPR2;SCT;CHRM4;NPY2R;MLNR;HTR2C;OXT;TRH;GRPR;RXFP1;ADRA1A;MLN;BRS3;CCKAR;UCN3;GRM7;GRM6;GRM8;ADORA1;PRLHR;GHSR;AVPR1B;EDN3;NPY5R;GRID1;NPFF;GLP2R;TACR2;NPY1R;TACR3;TAAR2;PTH2R;AVPR1A;SSTR1;ADRA2C;SSTR2;ADRA2A;SSTR4;TRHR;GIP;SSTR5;MTNR1A;ADRB3;CCKBR;LTB4R2;ADORA2A;OPRD1;CALCRL;GRP;NPY4R;OPRL1;ADRB1;GPR83;PTH2;CRHR1;GHRHR;HRH1;CALCR;GALR3;HRH3;GALR2;HRH2;GALR1;P2RY2;PENK;HRH4;KISS1R;TAC3;DRD2;NTSR1;DRD4;NTSR2;DRD5;GABBR2;GABBR1;HTR1F;GCGR;SCTR;HTR1A;HTR1B;GPR50;CCK;NMBR;HCRTR1;PYY;MC1R;MC5R;NMUR1,0.2697947214076246
7,512,cAMP signaling pathway,23/216,3.091914935457856e-07,Signal transduction,KEGG_2021_Human,8.709619536501002e-09,0.0,0.0,4.702257965394111,87.26844253618808,HCN4;GABBR2;GHSR;OXTR;GABBR1;VIPR2;EDN3;HTR1F;NPY1R;HTR1A;HTR1B;ADRB1;OXT;SSTR1;SSTR2;GIP;SSTR5;PDE10A;ADORA2A;ADORA1;DRD2;HCN2;DRD5,0.10648148148148148
7,512,ADORA2B Mediated Anti-Inflammatory Cytokine Production R-HSA-9660821,27/131,8.840388170344112e-16,Disease,Reactome_2022,3.4191782719604245e-17,0.0,0.0,10.37605075337034,393.4032570116168,GPR27;VIPR1;GPR25;VIPR2;CALCRL;GPR45;SCT;ADRB1;GPR83;PTH2;RXFP1;CRHR1;GHRHR;CALCR;HRH2;GPR150;GPHA2;DRD5;GPR32;GLP2R;SCTR;GPBAR1;PTH2R;MC1R;ADORA2A;ADRB3;MC5R,0.20610687022900764
7,512,Anti-inflammatory Response Favoring Leishmania Infection R-HSA-9662851,27/165,2.981703223728568e-13,Disease,Reactome_2022,1.4544893774285696e-14,0.0,0.0,7.805916629314209,248.7084968689398,GPR27;VIPR1;GPR25;VIPR2;CALCRL;GPR45;SCT;ADRB1;GPR83;PTH2;RXFP1;CRHR1;GHRHR;CALCR;HRH2;GPR150;GPHA2;DRD5;GPR32;GLP2R;SCTR;GPBAR1;PTH2R;MC1R;ADORA2A;ADRB3;MC5R,0.16363636363636364
7,512,Adenylate Cyclase-Inhibiting G Protein-Coupled Receptor Signaling Pathway (GO:0007193),18/52,8.837349010461104e-14,cellular process,GO_Biological_Process_2023,3.16523961692733e-16,0.0,0.0,20.84853536556323,744.0661458214797,GABBR2;GABBR1;HTR1F;CHRM4;NPY1R;OPRL1;HTR1A;HTR1B;GPR37L1;ADRA2A;MTNR1A;GRM7;HRH3;GRM8;HRH4;OXER1;DRD2;DRD4,0.34615384615384615
7,512,Adenylate Cyclase-Activating G Protein-Coupled Receptor Signaling Pathway (GO:0007189),22/110,1.1526757404343115e-11,cellular process,GO_Biological_Process_2023,5.779892681260877e-14,0.0,0.0,9.89795918367347,301.70767348021235,CALCRL;GPR26;GCGR;ADRB1;GPR4;ADRA2C;CRHR1;ADRA2A;GIP;GHRHR;CALCR;MC1R;UCN3;ADORA2A;ADRB3;GPER1;MC5R;DRD2;GPR101;GPHA2;DRD5;ADGRL3,0.2
7,512,"G Protein-Coupled Receptor Signaling Pathway, Coupled To Cyclic Nucleotide Second Messenger (GO:0007187)",17/50,7.032661505153455e-13,cellular process,GO_Biological_Process_2023,3.022633884736442e-15,0.0,0.0,20.24701561065197,676.9113418383226,OPRD1;VIPR1;CALCRL;HTR1F;CHRM4;NPY1R;HTR1A;HTR2C;HTR1B;MTNR1A;MC1R;GALR3;HRH3;HRH2;HRH4;MC5R;DRD4,0.34
7,512,G Alpha (Q) Signaling Events R-HSA-416476,32/212,1.277132402425902e-14,Signal Transduction,Reactome_2022,5.606922742357618e-16,0.0,0.0,7.151111111111111,251.12813935321915,NPFFR2;OXTR;MLNR;HTR2C;OXT;TRH;GRPR;ADRA1A;BRS3;CCKAR;P2RY2;FFAR4;KISS1R;TAC3;QRFPR;NTSR1;NTSR2;GHSR;AVPR1B;EDN3;NPFF;TACR2;TACR3;GPR4;NMBR;AVPR1A;TRHR;HCRTR1;GPR143;CCKBR;LTB4R2;NMUR1,0.1509433962264151
7,512,Class B/2 (Secretin Family Receptors) R-HSA-373080,13/92,7.879316449891856e-06,Signal Transduction,Reactome_2022,6.149710399915595e-07,0.0,0.0,6.4005732984957255,91.53901935977837,UCN;VIPR1;VIPR2;CALCRL;SCT;GLP2R;SCTR;PTH2R;PTH2;CRHR1;GHRHR;CALCR;UCN3,0.14130434782608695
7,512,Potassium Channels R-HSA-1296071,17/102,1.2627336645070737e-08,Neuronal System,Reactome_2022,8.623546977121479e-10,0.0,0.0,7.839595959595959,163.6229859989807,HCN4;KCNH3;GABBR2;KCNH7;KCND3;KCNH8;KCNC4;KCNAB1;KCNA5;KCNV1;KCNS2;KCNQ1;KCNS3;KCNQ3;HCN2;KCNK3;KCNH1,0.16666666666666666
7,512,Leishmania Infection R-HSA-9658195,27/247,3.827786478997002e-09,Disease,Reactome_2022,2.4273767915590736e-10,0.0,0.0,4.875688847235239,107.943069272291,GPR27;VIPR1;GPR25;VIPR2;CALCRL;GPR45;SCT;ADRB1;GPR83;PTH2;RXFP1;CRHR1;GHRHR;CALCR;HRH2;GPR150;GPHA2;DRD5;GPR32;GLP2R;SCTR;GPBAR1;PTH2R;MC1R;ADRB3;ADORA2A;MC5R,0.10931174089068826
7,512,Voltage Gated Potassium Channels R-HSA-1296072,13/43,5.401463355298001e-10,Neuronal System,Reactome_2022,3.1618322079793187e-11,0.0,0.0,16.89739478957916,408.5331186138678,KCNH3;KCND3;KCNH7;KCNH8;KCNC4;KCNA5;KCNAB1;KCNV1;KCNS2;KCNQ1;KCNS3;KCNQ3;KCNH1,0.3023255813953488
7,512,Voltage-Gated Monoatomic Cation Channel Activity (GO:0022843),12/76,6.859620309661367e-06,transporter activity,GO_Molecular_Function_2023,4.879227835323985e-07,0.0,0.0,7.284,105.85916358199452,HCN4;KCNH3;KCNV1;LRRC26;KCND3;KCNS2;KCNH8;KCNQ1;KCNS3;KCNC4;KCNQ3;HCN2,0.15789473684210525
7,512,Adenylate Cyclase-Activating Adrenergic Receptor Signaling Pathway (GO:0071880),7/15,2.737180544962776e-06,cellular process,GO_Biological_Process_2023,3.725388993860512e-08,0.0,0.0,33.75247524752475,577.353284972047,ADRB3;ADRB1;ADRA2C;DRD2;GPR101;ADRA2A;DRD5,0.4666666666666667
7,512,Neuron Differentiation (GO:0030182),20/173,1.6735201546920276e-06,cellular process,GO_Biological_Process_2023,2.0379543431063373e-08,0.0,0.0,5.137095488601945,90.97145863032571,IRX1;GSX1;IRX4;EN2;OTP;FOXN4;BHLHE23;VAX1;ASCL2;VAX2;PHOX2A;ISL2;LHX6;LHX5;INSM2;LMX1B;VSX1;ATOH1;PITX3;LHX8,0.11560693641618497
7,512,Embryonic Organ Morphogenesis (GO:0048562),11/44,8.666915365873284e-07,developmental process,GO_Biological_Process_2023,9.933427353436431e-09,0.0,0.0,12.944111776447103,238.5258110413859,TBX1;MESP1;SIX2;SIX1;TCF21;HOXC4;ALX1;HOXD4;HOXC9;DSCAML1;HOXD9,0.25
7,512,Potassium Channel Complex (GO:0034705),14/81,6.978254759124132e-07,protein-containing complex,GO_Cellular_Component_2023,1.6484066360135743e-08,0.0,0.0,8.148834142540311,146.0342103398082,DPP10;LRRC26;KCND3;KCNC4;KCNAB1;KCNA5;KCNV1;DPP6;KCNS2;KCNQ1;KCNS3;KCNQ3;HCN2;KCNH1,0.1728395061728395
7,512,Generation Of Neurons (GO:0048699),21/172,3.126357779299343e-07,cellular process,GO_Biological_Process_2023,3.3592669548345373e-09,0.0,0.0,5.477090948328185,106.86649585433264,IRX1;GSX1;IRX4;EN2;SIX1;OTP;CCK;CELSR1;VAX1;ASCL2;VAX2;NELL1;TAFA3;SIX3;LHX6;LHX5;INSM2;LMX1B;ASTN1;LHX8;ADGRL3,0.12209302325581395
7,512,Anterior/Posterior Pattern Specification (GO:0009952),13/59,2.400060445304194e-07,multicellular organismal process,GO_Biological_Process_2023,2.4069374093308533e-09,0.0,0.0,11.010978478696524,218.51188443209503,TBX1;CDX2;CDX1;SIX2;HOXC5;HOXC4;HOXD4;HOXC9;HOXB7;HES2;HOXD9;NEUROG1;HOXB6,0.22033898305084745
7,512,E-box Binding (GO:0070888),10/51,7.321481140540021e-06,binding,GO_Molecular_Function_2023,5.514086214632651e-07,0.0,0.0,9.448547274317365,136.1610277680103,NEUROD2;OLIG3;TCF15;ATOH8;TCF21;OLIG2;BHLHE23;ASCL2;NEUROG1;ATOH1,0.19607843137254902
7,512,Serotonin Receptor Activity (GO:0099589),9/26,1.3943774365265998e-07,molecular transducer activity,GO_Molecular_Function_2023,9.334744344947947e-09,0.0,0.0,20.49339258566249,378.9130422288144,HRH3;HRH2;HTR1F;CHRM4;HRH4;HTR1A;HTR2C;HTR1B;DRD4,0.34615384615384615
7,512,Potassium Ion Transmembrane Transport (GO:0071805),19/137,2.368288718749689e-07,localization,GO_Biological_Process_2023,2.205426457288392e-09,0.0,0.0,6.326365730395022,126.0993039679997,HCN4;KCNH3;LRRC26;KCNH7;KCND3;KCNH8;KCNK12;KCNC4;KCNA5;SLC9A2;SLC9A3;KCNV1;KCNS2;KCNQ1;KCNS3;KCNQ3;HCN2;KCNK3;KCNH1,0.1386861313868613
7,512,Chemical Synaptic Transmission (GO:0007268),32/273,1.1892972306914188e-10,cellular process,GO_Biological_Process_2023,7.667389023082213e-13,0.0,0.0,5.324204702627939,148.5273689832612,CHRM4;KCNC4;HTR2C;SLC6A2;GALR3;PTCHD1;HRH3;GRM7;HRH2;PENK;HRH4;RIMBP3C;DRD2;NTSR1;DRD4;RIMBP3B;DRD5;GABBR2;GABBR1;SLC32A1;NPY5R;HTR1F;GRID1;NPFF;HTR1A;HTR1B;SHISA6;HCRTR1;KCNQ3;RIMBP3;ZACN;KCNK3,0.11721611721611722
7,512,Neuropeptide Binding (GO:0042923),11/28,8.754358580075998e-10,binding,GO_Molecular_Function_2023,4.029202693758829e-11,0.0,0.0,25.14746976634965,601.9013570514327,OPRD1;NPY5R;NPY4R;OPRL1;NPY1R;PRLHR;NMUR1;SSTR1;SSTR2;SSTR4;SSTR5,0.39285714285714285
7,512,Phospholipase C-activating G Protein-Coupled Receptor Signaling Pathway (GO:0007200),19/83,4.015321826251616e-11,cellular process,GO_Biological_Process_2023,2.301044026505224e-13,0.0,0.0,11.696754563894524,340.3784032134588,OPRD1;GPR32;GPR55;OPRL1;HTR2C;GPR83;GPR4;NMBR;GRPR;ADRA2A;TRHR;GPR174;CCKAR;CCKBR;GALR2;NMUR1;GPR139;DRD2;DRD5,0.2289156626506024
7,512,Potassium Ion Transport (GO:0006813),20/122,5.312160524700378e-09,localization,GO_Biological_Process_2023,3.8052725821635946e-11,0.0,0.0,7.725968436154949,185.3618086285064,HCN4;KCNH3;LRRC26;KCNH7;KCND3;KCNH8;KCNK12;KCNC4;KCNAB1;KCNA5;SLC9A2;SLC9A3;KCNV1;KCNS2;KCNQ1;KCNS3;KCNQ3;HCN2;KCNK3;KCNH1,0.16393442622950818
7,512,Axon Development (GO:0061564),18/99,7.785255078831682e-09,cellular process,GO_Biological_Process_2023,6.134513314265653e-11,0.0,0.0,8.730094466936572,205.28385241407636,OLIG3;RTN4RL2;CCK;OLIG2;BHLHE23;ISL1;PAX2;NEUROD2;ISL2;GRM7;CRTAC1;SLITRK1;SLITRK3;MGARP;DRD2;DSCAML1;NEUROG1;ATOH1,0.18181818181818182
7,512,Voltage-Gated Potassium Channel Activity (GO:0005249),16/80,3.2009220258464907e-09,transporter activity,GO_Molecular_Function_2023,1.6071575025170664e-10,0.0,0.0,9.790322580645162,220.7853224111244,HCN4;KCNH3;LRRC26;KCND3;KCNH7;KCNH8;KCNC4;KCNA5;KCNV1;KCNT1;KCNS2;KCNQ1;KCNS3;KCNQ3;HCN2;KCNH1,0.2
7,512,G Protein-Coupled Amine Receptor Activity (GO:0008227),10/28,1.6803992741476492e-08,molecular transducer activity,GO_Molecular_Function_2023,9.607634253619895e-10,0.0,0.0,21.54714475431607,447.3896779672076,HRH3;HRH2;HTR1F;CHRM4;HRH4;HTR1A;HTR2C;HTR1B;TAAR2;DRD4,0.35714285714285715
7,512,G Protein-Coupled Serotonin Receptor Activity (GO:0004993),9/21,1.6803992741476492e-08,molecular transducer activity,GO_Molecular_Function_2023,9.84334302847995e-10,0.0,0.0,29.03976143141153,602.2572251336351,HRH3;HTR1F;HRH2;CHRM4;HRH4;HTR1A;HTR1B;HTR2C;DRD4,0.42857142857142855
7,512,Potassium Channel Activity (GO:0005267),15/79,2.066792125323179e-08,transporter activity,GO_Molecular_Function_2023,1.297149869449694e-09,0.0,0.0,9.159959758551308,187.4411394443044,HCN4;KCNH3;LRRC26;KCND3;KCNH8;KCNK12;KCNC4;KCNV1;KCNT1;KCNS2;KCNQ1;KCNS3;KCNQ3;HCN2;KCNK3,0.189873417721519
7,512,Voltage-Gated Potassium Channel Complex (GO:0008076),15/73,2.5582658238426647e-08,protein-containing complex,GO_Cellular_Component_2023,4.0287650769175816e-10,0.0,0.0,10.11066398390342,218.71783690780583,DPP10;HCN4;LRRC26;KCND3;KCNC4;KCNAB1;KCNA5;KCNV1;DPP6;KCNS2;KCNQ1;KCNS3;KCNQ3;HCN2;KCNH1,0.2054794520547945
7,512,Anterograde Trans-Synaptic Signaling (GO:0098916),24/199,3.796421731994926e-08,cellular process,GO_Biological_Process_2023,3.263399769623146e-10,0.0,0.0,5.427540983606558,118.55421952770304,GABBR2;NPY5R;HTR1F;NPFF;CHRM4;KCNC4;HTR1A;HTR1B;HTR2C;SLC6A2;HCRTR1;GALR3;PTCHD1;HRH3;GRM7;HRH2;PENK;HRH4;KCNQ3;ZACN;NTSR1;DRD4;KCNK3;DRD5,0.12060301507537688
8,452,Metabolism Of Amino Acids And Derivatives R-HSA-71291,37/364,4.4070482187078083e-13,Metabolism,Reactome_2022,2.1783888533536692e-14,0.0,0.0,5.240610147010059,164.85704792788528,DMGDH;GCDH;GPT;CSAD;HNMT;PAPSS2;RIDA;LDHD;PCBD1;GLUL;AASS;HGD;BHMT2;BBOX1;PIPOX;FAH;ACADSB;PRODH2;INMT;GNMT;ALDH4A1;QDPR;GSTZ1;GRHPR;ALDH6A1;GATM;DAO;PAH;IVD;PXMP2;SARDH;AGXT;CDO1;ALDH7A1;HPD;ASPA;PAOX,0.10164835164835165
8,452,Arachidonic Acid Metabolism R-HSA-2142753,17/59,1.9750389811539759e-13,Metabolism,Reactome_2022,9.01158470488506e-15,0.0,0.0,18.15008210180624,586.9784732180836,CYP2J2;CBR1;PON3;CYP4F2;EPHX2;CYP4A11;PON1;CYP4F3;CYP4B1;PTGR1;CYP4F22;CYP4F11;CYP4F8;PTGR2;HPGDS;CYP2U1;CYP1A1,0.288135593220339
8,452,Bile Acid And Bile Salt Metabolism R-HSA-194068,16/45,3.016214450620455e-14,Metabolism,Reactome_2022,1.2615345610960078e-15,0.0,0.0,24.699778551091427,847.3616563558584,ABCC3;STARD5;SLC10A1;AKR1C1;OSBPL3;SLC10A2;SLC51A;BAAT;CYP7B1;CYP27A1;CYP39A1;AMACR;ACOX2;ALB;SLCO1A2;SLC27A2,0.35555555555555557
8,452,Protein Localization R-HSA-9609507,31/164,1.5317026885696012e-18,Protein localization,Reactome_2022,5.823964595321678e-20,0.0,0.0,10.748932902327075,476.067235294312,ABCD2;ECI2;GLYAT;CROT;LDHD;LONP2;MLYCD;ACAA1;HAO2;GSTK1;CYB5A;PHYH;EPHX2;IDH1;PIPOX;BAAT;DHRS4;ALDH3A2;NUDT7;AMACR;DAO;ACOX2;ACOX1;EHHADH;PXMP2;ACOT2;AGXT;SLC27A2;CRAT;ACOT4;PAOX,0.18902439024390244
8,452,Peroxisomal Lipid Metabolism R-HSA-390918,18/29,1.3590069196296134e-21,Metabolism,Reactome_2022,4.6505940215462064e-23,0.0,0.0,73.66275659824046,3787.920315310445,PHYH;ACBD4;ECI2;CROT;ALDH3A2;ACOXL;NUDT7;AMACR;ACOX2;ACOX1;EHHADH;MLYCD;ACAA1;ACOT6;HAO2;CRAT;SLC27A2;ACOT4,0.6206896551724138
8,452,Drug ADME R-HSA-9748784,20/95,5.374946127250989e-13,Drug ADME,Reactome_2022,2.861188052529044e-14,0.0,0.0,12.02037037037037,374.8547013946072,ABCC3;UGT1A10;PON3;BCHE;ABCC2;ACY1;ADH1A;UGT2B15;PON1;ACSM5;GLYAT;SULT1A1;SULT1E1;SLCO2B1;ALB;CYP2E1;SLC22A7;CES2;SULT2A1;CES1,0.21052631578947367
8,452,Metabolism Of Steroids R-HSA-8957322,33/153,1.3590069196296134e-21,Metabolism,Reactome_2022,4.370735582573226e-23,0.0,0.0,12.751073985680192,656.4829978279411,AKR1B1;HSD17B14;MSMO1;SERPINA6;HSD17B11;TM7SF2;HSD11B2;CYP11A1;HSD17B1;CYP2R1;HSD17B2;TSPO;ABCC3;STARD3;STARD5;SLC10A1;OSBPL3;SLC10A2;AKR1C1;CYP51A1;SLC51A;BAAT;CYP7B1;CYP27A1;CYP39A1;PLPP6;AMACR;ACOX2;SCD;FDX1;ALB;SLCO1A2;SLC27A2,0.21568627450980393
8,452,Phase I - Functionalization Of Compounds R-HSA-211945,51/104,3.0597535948567487e-54,Metabolism,Reactome_2022,3.4902132260723365e-56,0.0,0.0,46.78139556768456,5973.741061936808,ALDH2;CYP4V2;CYP2R1;CYP4A11;CMBL;CYP7B1;CYP27A1;CYP39A1;CYP2A6;CYP26C1;CYP2U1;FDX1;CYP2E1;CES3;CES2;CES1;PAOX;MAOB;MTARC2;ADH1C;MAOA;ADH1B;ADH1A;ADH7;CYP4F22;CYP2C18;BPHL;ADH5;ADH6;CYB5R3;ALDH1B1;CYP11A1;ACSS1;CYP2J2;AOC1;NQO2;CYP4F2;CYP4F3;EPHX1;CYP51A1;CYP4B1;FMO1;FMO3;CYP4F11;CYP4F8;FMO4;CYP4F12;CYP26A1;AADAC;CYP2S1;CYP1A1,0.49038461538461536
8,452,Peroxisomal Protein Import R-HSA-9033241,26/63,5.700885107499215e-25,Protein localization,Reactome_2022,1.300582153802102e-26,0.0,0.0,32.18411369115594,1918.3148003506317,ECI2;CROT;GLYAT;LONP2;MLYCD;ACAA1;HAO2;GSTK1;PHYH;EPHX2;IDH1;PIPOX;BAAT;DHRS4;NUDT7;AMACR;DAO;ACOX2;ACOX1;EHHADH;ACOT2;AGXT;SLC27A2;CRAT;ACOT4;PAOX,0.4126984126984127
8,452,Fatty Acid Metabolism R-HSA-8978868,58/173,2.399228546436871e-50,Metabolism,Reactome_2022,4.561271000830553e-52,0.0,0.0,24.875612447583315,2940.715886736262,ACADVL;ACAA2;ACSM3;ECI2;DBI;CROT;FADS2;HPGDS;ACOXL;MCEE;ACADL;CPT2;MLYCD;ACAA1;ACAD11;ACOT9;CBR1;PHYH;ACSL1;ELOVL5;ELOVL2;CYP4A11;ACOT12;ACSL5;PTGR1;PTGR2;ALDH3A2;CYP2U1;ACOX2;ACOX1;EHHADH;ACOT2;ACOT1;ACOT6;SLC27A2;ACOT4;PON3;SLC22A5;PON1;CYP4F22;HSD17B8;THEM5;SLC25A20;HAO2;DECR1;CYP2J2;ACBD4;CYP4F2;EPHX2;CYP4F3;CYP4B1;CYP4F11;CYP4F8;NUDT7;AMACR;SCD;CYP1A1;CRAT,0.3352601156069364
8,452,Metabolism Of Lipids R-HSA-556833,104/732,7.66163483590401e-52,Metabolism,Reactome_2022,1.1652676556508e-53,0.0,0.0,9.00358737828538,1097.3937763134577,SLC27A1;ACAA2;ACSM3;ECI2;MSMO1;TM7SF2;FADS2;HPGDS;MLYCD;ACAD11;ACAA1;SULT2A1;STARD3;ACOT9;PHYH;STARD5;DGAT1;ACSL1;ACOT12;ACSL5;SLC51A;CYP39A1;CYP27A1;ALDH3A2;PLPP6;CYP2U1;FDX1;ACOT2;ACOT1;CYP2E1;ACOT6;SLC27A2;ACOT4;SLC22A5;PEX11A;ABCB4;CYP4F22;HSD11B2;ALDH3B2;CYP11A1;ALDH3B1;THEM5;HAO2;DECR1;CYP2J2;ACBD4;SLC10A1;CYP4F2;OSBPL3;SLC10A2;EPHX2;CYP4F3;CYP4F8;CYP4F11;CIDEC;AMACR;SLCO1A2;ALB;CYP1A1;ACADVL;ALAS1;AKR1B1;DBI;CROT;SERPINA6;MCEE;ACOXL;ACADL;CPT2;CYP2R1;TSPO;HMGCS2;ABCC3;CBR1;ELOVL5;ELOVL2;CYP4A11;PTGR1;BAAT;CYP7B1;PTGR2;BDH2;BDH1;ACOX2;ACOX1;EHHADH;AGXT;PON3;PON1;HSD17B14;FITM1;HSD17B11;HSD17B8;HSD17B1;HSD17B2;SLC25A20;BCHE;AKR1C1;CYP51A1;CYP4B1;ETNPPL;NUDT7;SCD;CRAT,0.14207650273224043
8,452,Biological Oxidations R-HSA-211859,72/218,4.7864070379207e-62,Metabolism,Reactome_2022,3.6398532607761984e-64,0.0,0.0,25.179235760634462,3678.0191599380505,UGT1A10;ACY3;ACY1;ACSM5;HPGDS;AKR7A3;ALDH2;CYP4V2;CYP2R1;SULT4A1;SULT2A1;GSTK1;UGT2B15;CYP4A11;AKR1A1;ABHD14B;CMBL;CYP7B1;CYP27A1;CYP39A1;SULT2B1;CYP2A6;CYP26C1;CYP2U1;FDX1;CYP2E1;CES3;CES2;CES1;PAOX;MAOB;MTARC2;SLC35D1;ADH1C;MAOA;ADH1B;MGST3;ADH1A;GLYAT;ADH7;CYP4F22;CYP2C18;BPHL;ADH5;PAPSS2;ADH6;SULT1A1;CYB5R3;SULT1E1;ALDH1B1;CYP11A1;ACSS1;CYP2J2;AOC1;NQO2;CYP4F2;CYP4F3;EPHX1;CYP51A1;FMO1;CYP4B1;FMO3;CYP4F8;FMO4;CYP4F11;CYP4F12;GSTZ1;CYP26A1;SULT1B1;AADAC;CYP2S1;CYP1A1,0.3302752293577982
8,452,Metabolism R-HSA-1430728,210/2049,1.4636802305564554e-86,Metabolism,Reactome_2022,5.565324070556865e-89,0.0,0.0,8.356342604451754,1698.1217787630906,DMGDH;ACSM3;SLC23A1;ECI2;ACSM5;MLYCD;ACAD11;GLUL;SULT2A1;STARD3;ACOT9;GSTK1;STARD5;ACSL1;ACSL5;SLC51A;CMBL;SULT2B1;CYP39A1;CYP27A1;PLPP6;CYP2U1;FDX1;ACOT2;ACOT1;CYP2E1;ACOT6;HPD;ALDH7A1;CES3;ACOT4;CES2;CES1;GCDH;SLC22A5;RETSAT;SLC35D1;MTARC2;MAOB;MAOA;PEX11A;MGST3;ABCB4;ADH7;ADH5;ADH6;SULT1A1;HSD11B2;CYB5R3;APOM;RDH11;TTPA;LDHD;PNPO;HAO2;DECR1;SLC10A1;CYP4F2;ADHFE1;SLC10A2;CYP4F3;CYP4F8;ACADSB;CIDEC;SULT1B1;CYP26A1;ALDH6A1;VNN1;AKR1B10;PAH;CYP2S1;CYP1A1;ACY3;ACY1;AKR1B1;GPT;CROT;CSAD;SERPINA6;MCEE;ACADL;TSPO;AASS;CBR1;ELOVL5;ELOVL2;BHMT2;AKR1A1;PTGR1;BAAT;CYP7B1;PTGR2;BDH2;BDH1;IVD;ADH1C;ADH1B;ADH1A;FITM1;HSD17B8;PAPSS2;RIDA;SULT1E1;HSD17B1;HSD17B2;BCHE;AOC1;NQO2;AKR1C1;BBOX1;FMO1;FMO3;FMO4;FAH;GNMT;ETNPPL;ALDH4A1;GATM;NUDT7;AADAC;CRAT;UGT1A10;ALDH1L1;SLC27A1;ACAA2;MSMO1;HNMT;TM7SF2;FADS2;HPGDS;AKR7A3;SLCO2B1;ACAA1;PHYH;DGAT1;HGD;UGT2B15;ACOT12;PIPOX;ALDH3A2;SLC27A2;GLYAT;CYP4F22;CYP2C18;ALDH3B2;CYP11A1;ALDH3B1;THEM5;CYP2J2;ACBD4;OSBPL3;IDH1;EPHX2;EPHX1;CYP4F11;CYP4F12;QDPR;GRHPR;AMACR;DAO;PXMP2;SLCO1A2;ALB;CRYL1;ACADVL;ALAS1;DBI;ACOXL;CPT2;CA3;ALDH2;CYP4V2;CYP2R1;AOX1;HMGCS2;SULT4A1;ABCC3;ABCC2;DCXR;CYP4A11;SORD;ABHD14B;PRODH2;INMT;CYP2A6;CYP26C1;ACOX2;ACOX1;EHHADH;HAGH;AGXT;ASPA;PAOX;PON3;PON1;ETFDH;HSD17B14;HSD17B11;BPHL;ALDH1B1;PCBD1;SLC25A20;ACSS1;CYB5A;CYP51A1;CYP4B1;GSTZ1;SCD;SARDH;CDO1,0.10248901903367497
8,452,Ethanol Oxidation R-HSA-71384,9/11,1.3167095268231209e-12,Metabolism,Reactome_2022,7.509750152983578e-14,0.0,0.0,198.54853273137695,6000.13449600984,ADH1C;ALDH1B1;ALDH2;ADH1B;ADH1A;ACSS1;ADH7;ADH5;ADH6,0.8181818181818182
8,452,Cytochrome P450 - Arranged By Substrate Type R-HSA-211897,25/65,3.917249289159028e-23,Metabolism,Reactome_2022,1.0426138792438475e-24,0.0,0.0,28.55386416861827,1576.7532689641926,CYP4F22;CYP2C18;CYP11A1;CYP4V2;CYP2R1;CYP2J2;CYP4F2;CYP4A11;CYP4F3;CYP51A1;CYP4B1;CYP7B1;CYP4F11;CYP4F8;CYP4F12;CYP27A1;CYP39A1;CYP26A1;CYP2A6;CYP26C1;CYP2U1;CYP2S1;FDX1;CYP1A1;CYP2E1,0.38461538461538464
8,452,RA Biosynthesis Pathway R-HSA-5365859,11/22,6.4519961031814616e-12,Signal Transduction,Reactome_2022,3.925168731973514e-13,0.0,0.0,44.3015873015873,1265.5278644917796,CYP26A1;CYP26C1;ADH1C;DHRS9;RDH11;ADH1A;RDH10;RDH16;ADH7;ALDH8A1;DHRS4,0.5
8,452,Recycling Of Bile Acids And Salts R-HSA-159418,8/18,2.1561760202745668e-08,Metabolism,Reactome_2022,2.2955486147409842e-09,0.0,0.0,35.203603603603604,700.2804318335211,ABCC3;STARD5;SLC10A1;SLC10A2;ALB;SLCO1A2;SLC51A;BAAT,0.4444444444444444
8,452,Metabolic Disorders Of Biological Oxidation Enzymes R-HSA-5579029,12/34,7.841477079617322e-11,Disease,Reactome_2022,5.366790396696266e-12,0.0,0.0,24.20578512396694,628.1592726210292,CYP27A1;CYP26C1;ACY1;SLC35D1;CYP2U1;MAOA;CYP11A1;CYP2R1;FDX1;FMO3;CYP4F22;CYP7B1,0.35294117647058826
8,452,Tyrosine Catabolism R-HSA-8963684,4/5,8.526134611132084e-06,Metabolism,Reactome_2022,1.264331748418826e-06,0.0,0.0,174.52678571428572,2370.242489038371,GSTZ1;HGD;FAH;HPD,0.8
8,452,Formation Of Xylulose-5-Phosphate R-HSA-5661270,4/5,8.526134611132084e-06,Metabolism,Reactome_2022,1.264331748418826e-06,0.0,0.0,174.52678571428572,2370.242489038371,DCXR;AKR1A1;SORD;CRYL1,0.8
8,452,Synthesis Of Bile Acids And Bile Salts Via 7Alpha-Hydroxycholesterol R-HSA-193368,7/24,5.069626541494704e-06,Metabolism,Reactome_2022,7.132174221874679e-07,0.0,0.0,18.07230667547918,255.78602246589995,CYP27A1;AMACR;ACOX2;AKR1C1;BAAT;CYP7B1;SLC27A2,0.2916666666666667
8,452,Beta-oxidation Of pristanoyl-CoA R-HSA-389887,5/9,4.925575611156043e-06,Metabolism,Reactome_2022,6.742232775726903e-07,0.0,0.0,54.65324384787472,776.606445510915,ACOXL;AMACR;ACOX2;CROT;CRAT,0.5555555555555556
8,452,Canonical Retinoid Cycle In Rods (Twilight Vision) R-HSA-2453902,7/23,3.871225006346391e-06,Sensory Perception,Reactome_2022,5.151820350651091e-07,0.0,0.0,19.202808988764044,278.03258485927097,DHRS9;RDH11;CYP4V2;HSD17B1;RDH10;RDH16;HSD17B6,0.30434782608695654
8,452,Glyoxylate Metabolism And Glycine Degradation R-HSA-389661,8/31,2.472671000268177e-06,Metabolism,Reactome_2022,3.196608897685096e-07,0.0,0.0,15.295730513121818,228.76302390702307,ALDH4A1;GRHPR;DAO;LDHD;PXMP2;AGXT;PRODH2;GNMT,0.25806451612903225
8,452,Synthesis Of Bile Acids And Bile Salts R-HSA-192105,9/34,3.708180449646583e-07,Metabolism,Reactome_2022,4.5118545394939414e-08,0.0,0.0,15.865191873589165,268.343418563126,CYP27A1;CYP39A1;AMACR;ACOX2;AKR1C1;OSBPL3;BAAT;CYP7B1;SLC27A2,0.2647058823529412
8,452,Cytosolic Sulfonation Of Small Molecules R-HSA-156584,8/22,1.314388047914401e-07,Metabolism,Reactome_2022,1.5492786876557577e-08,0.0,0.0,25.14028314028314,452.0949785641799,SULT1A1;SULT2B1;SULT1B1;SULT1E1;ABHD14B;SULT4A1;PAPSS2;SULT2A1,0.36363636363636365
8,452,Synthesis Of Leukotrienes (LT) And Eoxins (EX) R-HSA-2142691,8/21,8.816603973523008e-08,Metabolism,Reactome_2022,1.0056962707440691e-08,0.0,0.0,27.075537075537078,498.5960324555134,CYP4F2;CYP4A11;CYP4F3;CYP4B1;CYP4F11;CYP4F22;CYP4F8;PTGR1,0.38095238095238093
8,452,Paracetamol ADME R-HSA-9753281,9/28,6.077572247545124e-08,Drug ADME,Reactome_2022,6.701505520106789e-09,0.0,0.0,20.881668052750385,393.0124885316152,SULT1A1;ABCC3;UGT1A10;ABCC2;ACY1;SULT1E1;UGT2B15;CYP2E1;SULT2A1,0.32142857142857145
8,452,Beta-oxidation Of Very Long Chain Fatty Acids R-HSA-390247,7/11,8.546795939079294e-09,Metabolism,Reactome_2022,8.774277199815244e-10,0.0,0.0,76.85842696629213,1602.807675345193,ACOX1;EHHADH;ECI2;MLYCD;ACAA1;ACOT6;ACOT4,0.6363636363636364
8,452,Phenylalanine And Tyrosine Metabolism R-HSA-8963691,7/11,8.546795939079294e-09,Metabolism,Reactome_2022,8.774277199815244e-10,0.0,0.0,76.85842696629213,1602.807675345193,GSTZ1;QDPR;HGD;PAH;PCBD1;FAH;HPD,0.6363636363636364
8,452,Metabolism Of Steroid Hormones R-HSA-196071,11/35,1.873727789347952e-09,Metabolism,Reactome_2022,1.7811100659201062e-10,0.0,0.0,20.29138321995465,455.5134320174839,HSD11B2;STARD3;CYP11A1;HSD17B1;HSD17B2;FDX1;AKR1B1;HSD17B14;TSPO;HSD17B11;SERPINA6,0.3142857142857143
8,452,Aspirin ADME R-HSA-9749641,12/44,1.8431500990738415e-09,Drug ADME,Reactome_2022,1.681962067595901e-10,0.0,0.0,16.632954545454545,374.3394440544829,ABCC3;BCHE;ABCC2;SLCO2B1;UGT2B15;ALB;ACSM5;GLYAT;CYP2E1;SLC22A7;CES2;CES1,0.2727272727272727
8,452,Signaling By Retinoic Acid R-HSA-5362517,12/41,7.659112231198781e-10,Signal Transduction,Reactome_2022,6.698082939831634e-11,0.0,0.0,18.3564263322884,430.0289263288296,CYP26A1;CYP26C1;ADH1C;DHRS9;RDH11;ADH1A;RDH10;LDHD;RDH16;ADH7;ALDH8A1;DHRS4,0.2926829268292683
8,452,Phase II - Conjugation Of Compounds R-HSA-156580,18/107,3.692190259004266e-10,Metabolism,Reactome_2022,3.088524171030185e-11,0.0,0.0,9.068037073473826,219.45323165257645,UGT1A10;GSTK1;SLC35D1;MGST3;UGT2B15;AKR1A1;ABHD14B;ACSM5;GLYAT;PAPSS2;SULT2B1;SULT1A1;GSTZ1;SULT1B1;HPGDS;SULT1E1;SULT4A1;SULT2A1,0.16822429906542055
8,452,Miscellaneous Substrates R-HSA-211958,8/12,3.6645056991538135e-10,Metabolism,Reactome_2022,2.9260311666247186e-11,0.0,0.0,88.03603603603604,2135.2954845054423,CYP2U1;CYP2S1;CYP4F2;CYP4A11;CYP4F3;CYP4B1;CYP4F11;CYP4F22,0.6666666666666666
8,452,Eicosanoids R-HSA-211979,8/12,3.6645056991538135e-10,Metabolism,Reactome_2022,2.9260311666247186e-11,0.0,0.0,88.03603603603604,2135.2954845054423,CYP4F2;CYP4A11;CYP4F3;CYP4B1;CYP4F11;CYP4F22;CYP4F8;CYP4F12,0.6666666666666666
8,452,Fatty Acids R-HSA-211935,9/15,8.728578579876054e-11,Metabolism,Reactome_2022,6.305817225005514e-12,0.0,0.0,66.16930022573364,1706.4763799979949,CYP2J2;CYP4F2;CYP4A11;CYP4F3;CYP4B1;CYP4F11;CYP4F22;CYP4F8;CYP4F12,0.6
8,452,Mitochondrial Fatty Acid Beta-Oxidation R-HSA-77289,13/36,7.531271645502014e-12,Metabolism,Reactome_2022,4.868122356408146e-13,0.0,0.0,25.138655046053284,712.7034425356691,ACOT9;ACADVL;ACAA2;ACSM3;ACOT12;DBI;MCEE;ACADL;THEM5;ACOT2;ACOT1;ACAD11;DECR1,0.3611111111111111
8,452,Alpha-Linolenic (Omega3) And Linoleic (Omega6) Acid Metabolism R-HSA-2046104,6/13,1.5409550129913689e-06,Metabolism,Reactome_2022,1.9335176969093225e-07,0.0,0.0,37.554772581678414,580.5500158832322,FADS2;ACSL1;ELOVL5;ACOX1;ELOVL2;ACAA1,0.46153846153846156
8,452,Microbody Lumen (GO:0031907),28/49,4.182144468092674e-32,cellular anatomical structure,GO_Cellular_Component_2023,8.99385907116704e-34,0.0,0.0,61.405660377358494,4672.439665927704,ECI2;CROT;ACOXL;SCP2;LONP2;MLYCD;ACAA1;HAO2;GSTK1;PHYH;AOC1;EPHX2;IDH1;PIPOX;BAAT;DHRS4;GRHPR;NUDT7;AMACR;ACOX2;ACOX1;EHHADH;ACOT2;ACOT6;AGXT;CRAT;ACOT4;PAOX,0.5714285714285714
8,452,Icosanoid Metabolic Process (GO:0006690),12/52,4.704331156936869e-08,cellular process,GO_Biological_Process_2023,1.397326086218872e-09,0.0,0.0,13.30090909090909,271.1883165411741,CYP2J2;FAAH;CYP4F2;CYP2S1;CYP4A11;CYP4F3;EPHX1;PTGR1;CYP4F22;CYP4F11;CYP4F8;CYP4F12,0.23076923076923078
8,452,Unsaturated Fatty Acid Metabolic Process (GO:0033559),13/49,2.025948078304766e-09,cellular process,GO_Biological_Process_2023,4.234654949151876e-11,0.0,0.0,16.050113895216402,383.3591238975854,CYP2J2;FAAH;ELOVL5;ELOVL2;CYP4F2;CYP4A11;EPHX1;PTGR1;CYP4F11;CYP4F12;SCP2;SCD;ACAA1,0.2653061224489796
8,452,Retinoid Metabolic Process (GO:0001523),12/40,2.1978116317741766e-09,cellular process,GO_Biological_Process_2023,4.8356691568188693e-11,0.0,0.0,19.01298701298701,451.60438653834734,ADH4;CYP27C1;AKR1B10;ADH1B;RDH11;CYP4V2;RDH10;AKR1C1;AKR1B1;ADH7;ALDH8A1;DHRS4,0.3
8,452,"Alcohol Dehydrogenase Activity, Zinc-Dependent (GO:0004024)",6/6,3.321751142587029e-09,None,GO_Molecular_Function_2023,1.2894299728388507e-10,0.0,0.0,117288.0,2670841.3662161645,ADH4;ADH1C;ADH1B;ADH7;ADH5;ADH6,1.0
8,452,"Oxidoreductase Activity, Acting On Paired Donors, With Incorporation Or Reduction Of Molecular Oxygen, NAD(P)H As One Donor, And Incorporation Of One Atom Of Oxygen (GO:0016709)",10/27,3.321751142587029e-09,catalytic activity,GO_Molecular_Function_2023,1.8827891596810194e-10,0.0,0.0,25.992813414958743,582.0595831876074,CYP27A1;CYP26A1;CYP4F2;FMO1;FMO2;FMO3;CYP2E1;CYP4F11;FMO4;FMO5,0.37037037037037035
8,452,Aldehyde Dehydrogenase [NAD(P)+] Activity (GO:0004030),8/14,3.321751142587029e-09,catalytic activity,GO_Molecular_Function_2023,1.7058617928531675e-10,0.0,0.0,58.68468468468468,1319.9230464370728,ALDH3A2;ALDH4A1;ALDH3B2;ALDH1L1;ALDH1B1;ALDH2;ALDH3B1;ALDH7A1,0.5714285714285714
8,452,acyl-CoA Hydrolase Activity (GO:0047617),9/20,3.321751142587029e-09,catalytic activity,GO_Molecular_Function_2023,1.9137660903793579e-10,0.0,0.0,36.0831110199056,807.4237595812631,ACOT9;ABCD2;ACAA2;ACOT2;THEM5;ACOT1;BAAT;ACOT6;ACOT4,0.45
8,452,"Oxidoreductase Activity, Acting On The Aldehyde Or Oxo Group Of Donors, NAD Or NADP As Acceptor (GO:0016620)",9/20,3.321751142587029e-09,catalytic activity,GO_Molecular_Function_2023,1.9137660903793579e-10,0.0,0.0,36.0831110199056,807.4237595812631,ALDH3A2;ALDH4A1;ALDH3B2;ALDH6A1;AKR1B10;ALDH2;ALDH3B1;AKR1B1;ALDH8A1,0.45
8,452,Aldehyde Dehydrogenase (NAD+) Activity (GO:0004029),8/14,3.321751142587029e-09,catalytic activity,GO_Molecular_Function_2023,1.7058617928531675e-10,0.0,0.0,58.68468468468468,1319.9230464370728,ALDH3A2;ALDH4A1;ALDH3B2;ALDH1L1;ALDH1B1;ALDH2;ALDH3B1;ALDH7A1,0.5714285714285714
8,452,Organic Hydroxy Compound Biosynthetic Process (GO:1901617),12/42,3.976782828258916e-09,None,GO_Biological_Process_2023,9.187287061984295e-11,0.0,0.0,17.743636363636362,410.06635465460494,CYP27A1;CYP39A1;AMACR;SCP2;ACOX2;HSD17B1;OSBPL3;PNPO;MSMO1;BAAT;CYP7B1;SLC27A2,0.2857142857142857
8,452,Arachidonic Acid Epoxygenase Activity (GO:0008392),8/15,5.805110663412362e-09,catalytic activity,GO_Molecular_Function_2023,3.5834016440817056e-10,0.0,0.0,50.2985842985843,1093.9709907055178,CYP2J2;CYP2A6;CYP4F2;CYP2S1;CYP4A11;CYP2E1;CYP2C18;CYP4F12,0.5333333333333333
8,452,Monocarboxylic Acid Biosynthetic Process (GO:0072330),14/65,6.536220366519908e-09,cellular process,GO_Biological_Process_2023,1.5819235210499226e-10,0.0,0.0,12.219446682782705,275.758812103204,ACSM3;OSBPL3;ACSM5;BAAT;CYP7B1;HSD17B8;CYP27A1;CYP39A1;GATM;AMACR;SCP2;ACOX2;MLYCD;SLC27A2,0.2153846153846154
8,452,Arachidonic Acid Monooxygenase Activity (GO:0008391),8/16,1.0670167444790308e-08,catalytic activity,GO_Molecular_Function_2023,7.025624655005964e-10,0.0,0.0,44.009009009009006,927.546495649368,CYP2J2;CYP2A6;CYP4F2;CYP2S1;CYP4A11;CYP2E1;CYP2C18;CYP4F12,0.5
8,452,Diterpenoid Metabolic Process (GO:0016101),10/28,1.1343002585490232e-08,cellular process,GO_Biological_Process_2023,2.870066660795109e-10,0.0,0.0,24.5475113122172,539.3460295462365,ALDH3A2;ADH4;AKR1B10;ADH1B;RDH11;CYP4V2;RDH10;AKR1C1;AKR1B1;ADH7,0.35714285714285715
8,452,Ethanol Oxidation (GO:0006069),6/7,3.2192354163976164e-08,None,GO_Biological_Process_2023,8.85378277337078e-10,0.0,0.0,262.9641255605381,5481.488809338506,ADH4;ADH1C;ADH1B;ADH1A;ADH7;ADH6,0.8571428571428571
8,452,Steroid Biosynthetic Process (GO:0006694),12/50,3.2192354163976164e-08,cellular process,GO_Biological_Process_2023,8.562844027851648e-10,0.0,0.0,14.002392344497608,292.34780805187006,CYP27A1;CYP39A1;AMACR;SCP2;ACOX2;HSD17B1;OSBPL3;CYP51A1;MSMO1;BAAT;CYP7B1;SLC27A2,0.24
8,452,Epoxygenase P450 Pathway (GO:0019373),8/17,4.5482313489279067e-08,cellular process,GO_Biological_Process_2023,1.300924258219203e-09,0.0,0.0,39.11711711711712,800.3436820010662,CYP2J2;CYP2A6;CYP4F2;CYP2S1;CYP4A11;CYP2E1;CYP2C18;CYP4F12,0.47058823529411764
8,452,Fatty Acid Metabolic Process (GO:0006631),36/122,1.174722355018855e-27,cellular process,GO_Biological_Process_2023,2.5846476458060616e-30,0.0,0.0,19.583855098389986,1334.2081672591269,FAAH;ABCD2;ACSM3;ACSM5;MSMO1;CROT;HSD17B8;CPT2;TSPO;MLYCD;ACAA1;HAO2;CYP2J2;PHYH;ACBD4;ACSL1;CYP4F2;CYP4A11;ACSL5;CYP4B1;CYP4F11;BAAT;ACADSB;CYP4F12;ACOX2;ACOX1;ACOT2;CYP1A1;ACOT1;ECHDC3;CYP2E1;ACOT6;SLC27A2;CRAT;ACOT4;CES1,0.29508196721311475
8,452,Carboxylic Acid Metabolic Process (GO:0019752),10/33,5.9392006127704976e-08,cellular process,GO_Biological_Process_2023,1.829456734406754e-09,0.0,0.0,19.206177454259297,386.4138239144508,CYP2J2;PON3;GRHPR;CYP4F2;CYP2S1;PON1;CYP4F3;GLYAT;CYP4F22;CYP4F8,0.30303030303030304
8,452,Bile Acid Biosynthetic Process (GO:0006699),9/25,6.599052803673126e-08,cellular process,GO_Biological_Process_2023,2.105308375209248e-09,0.0,0.0,24.80079006772009,495.4901209313632,CYP27A1;CYP39A1;AMACR;SCP2;ACOX2;OSBPL3;BAAT;CYP7B1;SLC27A2,0.36
8,452,Cholesterol Metabolic Process (GO:0008203),15/67,9.695871984956801e-10,cellular process,GO_Biological_Process_2023,1.9199746504864948e-11,0.0,0.0,12.869213166696005,317.5623003967076,STARD3;ACAA2;CYP51A1;MSMO1;HSD17B7;TM7SF2;CYP27A1;SULT2B1;PLPP6;CYP11A1;FDX1;APOF;ABCG1;SULT2A1;CES1,0.22388059701492538
8,452,Estradiol 17-Beta-Dehydrogenase [NAD(P)] Activity (GO:0004303),6/9,1.461261851620637e-07,catalytic activity,GO_Molecular_Function_2023,1.022281953808676e-08,0.0,0.0,87.6457399103139,1612.5627146532338,HSD17B1;HSD17B2;HSD17B14;HSD17B11;HSD17B7;HSD17B8,0.6666666666666666
8,452,Fatty Acid Beta-Oxidation Using acyl-CoA Oxidase (GO:0033540),8/11,5.320047380395341e-10,cellular process,GO_Biological_Process_2023,9.949483549694259e-12,0.0,0.0,117.3873873873874,2973.833433627747,ACOXL;AMACR;ACOX2;SCP2;ACOX1;EHHADH;CROT;CRAT,0.7272727272727273
8,452,Flavin Adenine Dinucleotide Binding (GO:0050660),14/55,4.816989507738006e-10,binding,GO_Molecular_Function_2023,1.3876101462619768e-11,0.0,0.0,15.20759550061254,380.202860731097,GCDH;ACADVL;AOC1;NQO2;SORD;ETFDH;CYB5R1;ACOXL;POR;CYB5R3;ACOX2;ACOX1;LDHD;AOX1,0.2545454545454545
8,452,Fatty Acid Beta-Oxidation (GO:0006635),22/49,2.388733555539963e-21,cellular process,GO_Biological_Process_2023,1.0511478792255065e-23,0.0,0.0,36.990697674418605,1957.16206899292,GCDH;ABCD2;ACADVL;ACAA2;ECI2;ETFDH;CROT;ACOXL;BDH2;AMACR;ACADL;CPT2;SCP2;ACOX2;ACOX1;EHHADH;IVD;ACAA1;ACAD11;SLC27A2;CRAT;DECR1,0.4489795918367347
8,452,Fatty Acid Oxidation (GO:0019395),20/52,9.363335581616433e-18,cellular process,GO_Biological_Process_2023,5.150349604849521e-20,0.0,0.0,28.234953703703702,1253.9887569822383,ABCD2;PHYH;ACAA2;CYP4F2;ECI2;CROT;ADH7;ADH5;ADH4;BDH2;CPT2;SCP2;ACOX1;CYP4V2;EHHADH;ACAA1;ACAD11;SLC27A2;HAO2;DECR1,0.38461538461538464
8,452,Mitochondrial Matrix (GO:0005759),41/355,1.5819480209947563e-16,cellular anatomical structure,GO_Cellular_Component_2023,8.505096887068581e-18,0.0,0.0,6.110573868303191,240.18139799484936,DMGDH;GCDH;ACADVL;ACAA2;ALAS1;ACSM3;ETFDH;ABAT;ACSM5;OGDHL;GLYAT;HSD17B8;MCEE;RIDA;ACADL;ALDH2;ALDH1B1;CYP11A1;THEM5;MLYCD;HMGCS2;ACSS1;AASS;DECR1;ACOT9;GSTK1;ADHFE1;ACADSB;ETNPPL;CYP27A1;ALDH4A1;GSTZ1;ALDH6A1;BTD;BDH1;TST;IVD;FDX1;ACOT2;SARDH;ALDH7A1,0.11549295774647887
8,452,Long-Chain Fatty Acid Metabolic Process (GO:0001676),22/78,2.484591629138554e-16,cellular process,GO_Biological_Process_2023,1.6399944746789136e-18,0.0,0.0,17.80830564784053,729.2828622121635,CYP2J2;FAAH;ACSL1;ELOVL5;ELOVL2;CYP4F2;CYP4A11;EPHX1;ACSL5;PTGR1;CYP4F11;CYP4F12;ACADL;CPT2;SCP2;ACOT2;CYP1A1;ACOT1;CYP2E1;ACAA1;SLC27A2;ACOT4,0.28205128205128205
8,452,Fatty Acid Catabolic Process (GO:0009062),19/61,5.911560707935682e-15,cellular process,GO_Biological_Process_2023,4.552356980808556e-17,0.0,0.0,20.37908281095348,766.8302715765057,ABCD2;FAAH;PHYH;ACAA2;ECI2;CROT;MCEE;NUDT7;BDH2;ACADL;CPT2;SCP2;ACOX1;EHHADH;ACAA1;ACAD11;SLC27A2;HAO2;DECR1,0.3114754098360656
8,452,Ethanol Metabolic Process (GO:0006067),10/14,3.3033642607026995e-12,cellular process,GO_Biological_Process_2023,2.9072512745458307e-14,0.0,0.0,110.54298642533936,3445.512491889932,SULT1A1;ADH4;SULT1B1;ADH1C;SULT1E1;ADH1B;ADH1A;ADH7;ADH6;SULT2A1,0.7142857142857143
8,452,acyl-CoA Metabolic Process (GO:0006637),13/31,4.863891849908982e-12,cellular process,GO_Biological_Process_2023,4.815734504860378e-14,0.0,0.0,32.12984054669704,985.2391569707156,ACOT9;ACSM3;ACOT12;ACSM5;GLYAT;BAAT;MCEE;ACOT2;ACOT1;HMGCS2;MLYCD;ACOT6;ACOT4,0.41935483870967744
8,452,Ribonucleoside Bisphosphate Metabolic Process (GO:0033875),12/25,5.0574617037240236e-12,cellular process,GO_Biological_Process_2023,6.120140675573626e-14,0.0,0.0,40.98251748251748,1246.876956287391,ACOT9;ACSM3;ACOT12;ACOT2;ACOT1;ACSM5;CROT;GLYAT;MLYCD;BAAT;ACOT6;ACOT4,0.48
8,452,Purine Nucleoside Bisphosphate Metabolic Process (GO:0034032),12/25,5.0574617037240236e-12,cellular process,GO_Biological_Process_2023,6.120140675573626e-14,0.0,0.0,40.98251748251748,1246.876956287391,ACOT9;ACSM3;ACOT12;ACOT2;ACOT1;ACSM5;CROT;GLYAT;MLYCD;BAAT;ACOT6;ACOT4,0.48
8,452,NAD-retinol Dehydrogenase Activity (GO:0004745),11/19,5.184611924386782e-12,catalytic activity,GO_Molecular_Function_2023,4.4708490426524905e-14,0.0,0.0,60.92403628117914,1872.7203717503928,ADH4;ADH1C;DHRS9;ADH1B;RDH11;RDH10;AKR1A1;RDH16;HSD17B6;ADH7;ADH6,0.5789473684210527
8,452,Alcohol Dehydrogenase (NAD+) Activity (GO:0004022),8/8,5.184611924386782e-12,catalytic activity,GO_Molecular_Function_2023,6.400755462205905e-14,0.0,0.0,156384.0,4750910.777004008,ADH4;ADH1C;DHRS9;ADH1B;ADHFE1;ADH7;ADH5;ADH6,1.0
8,452,Very Long-Chain Fatty Acid Metabolic Process (GO:0000038),13/32,6.01878469576008e-12,cellular process,GO_Biological_Process_2023,7.94559035743905e-14,0.0,0.0,30.437237741278025,918.0958790264544,ABCD2;ACSL1;ELOVL5;CYP4F2;ELOVL2;CYP4F12;ACOX2;ACOX1;ACOT2;ACOT1;ACAA1;SLC27A2;ACOT4,0.40625
8,452,Sterol Metabolic Process (GO:0016125),16/60,1.4957877178968443e-11,cellular process,GO_Biological_Process_2023,2.1391903556280501e-13,0.0,0.0,16.266889074228523,474.55686331905326,STARD3;CYP51A1;MSMO1;CYP7B1;CYP27A1;CYP39A1;SULT2B1;CYP26A1;CYP26C1;CYP11A1;CYP4V2;FDX1;APOF;ABCG1;SULT2A1;CES1,0.26666666666666666
8,452,Purine Ribonucleotide Metabolic Process (GO:0009150),18/84,2.6490420080205872e-11,cellular process,GO_Biological_Process_2023,4.079932685620266e-13,0.0,0.0,12.242563887725176,349.25005617682626,ACOT9;ACSM3;ACOT12;ABHD14B;ACSM5;CROT;GLYAT;BAAT;SULT2B1;SULT1A1;SULT1B1;SULT1E1;ACOT2;ACOT1;MLYCD;ACOT6;ACOT4;SULT2A1,0.21428571428571427
8,452,Bile Acid Metabolic Process (GO:0008206),12/31,8.900326040329863e-11,cellular process,GO_Biological_Process_2023,1.4687006667210994e-12,0.0,0.0,28.032057416267943,763.7794611502907,CYP27A1;CYP39A1;AMACR;SCP2;ACOX2;NPC1;AKR1C1;OSBPL3;ACAA1;BAAT;CYP7B1;SLC27A2,0.3870967741935484
8,452,"Oxidoreductase Activity, Acting On Paired Donors, With Incorporation Or Reduction Of Molecular Oxygen, Reduced Flavin Or Flavoprotein As One Donor, And Incorporation Of One Atom Of Oxygen (GO:0016712)",11/25,1.3977526984703079e-10,catalytic activity,GO_Molecular_Function_2023,2.333019610298248e-12,0.0,0.0,34.80304502753482,932.1598061466344,CYP2J2;CYP2A6;CYP2U1;CYP4F2;CYP2S1;CYP2R1;CYP4A11;CYP4F3;CYP2E1;CYP2C18;CYP4F12,0.44
8,452,Alcohol Dehydrogenase [NAD(P)+] Activity (GO:0018455),7/7,1.3977526984703079e-10,catalytic activity,GO_Molecular_Function_2023,2.8760343589924035e-12,0.0,0.0,136836.0,3636363.1600883296,ADH4;ADH1C;DHRS9;ADHFE1;ADH7;ADH6;DHRS4,1.0
8,452,CoA Hydrolase Activity (GO:0016289),9/15,2.5538559761272333e-10,catalytic activity,GO_Molecular_Function_2023,6.305817225005514e-12,0.0,0.0,66.16930022573364,1706.4763799979949,ACOT9;ABCD2;ACAA2;ACOT12;ACOT2;ACOT1;BAAT;ACOT6;ACOT4,0.6
8,452,Arachidonic Acid Metabolic Process (GO:0019369),14/52,3.4076153334673984e-10,cellular process,GO_Biological_Process_2023,5.99800278718134e-12,0.0,0.0,16.41071857726508,424.0463146539409,CYP2J2;CBR1;FAAH;CYP4F2;CYP4A11;EPHX1;CYP4F11;CYP2C18;CYP4F12;CYP2A6;CYP2U1;CYP2S1;CYP1A1;CYP2E1,0.2692307692307692
8,452,"Steroid Dehydrogenase Activity, Acting On The CH-OH Group Of Donors, NAD Or NADP As Acceptor (GO:0033764)",10/22,4.850902307871284e-10,catalytic activity,GO_Molecular_Function_2023,1.5970048750193533e-11,0.0,0.0,36.83257918552036,915.6691930448766,DHRS9;AKR1C1;HSD17B1;HSD17B2;RDH16;HSD17B14;HSD17B6;HSD17B11;HSD17B7;HSD17B8,0.45454545454545453
8,452,Monocarboxylic Acid Metabolic Process (GO:0032787),29/97,2.459839107508376e-22,cellular process,GO_Biological_Process_2023,8.1182808828659255e-25,0.0,0.0,19.639827562230565,1089.4312297231434,ABAT;MSMO1;GLYAT;CROT;SCP2;TSPO;ACAA1;CYP2J2;ACBD4;AKR1C1;CYP4A11;CYP4B1;CYP4F11;BAAT;ACADSB;CYP4F12;GRHPR;GATM;BTD;AMACR;VNN1;NPC1;ACOT2;CYP1A1;ACOT1;ECHDC3;ACOT6;AGXT;ACOT4,0.29896907216494845
8,452,acyl-CoA Dehydrogenase Activity (GO:0003995),6/10,3.384356936106799e-07,catalytic activity,GO_Molecular_Function_2023,2.506931063782814e-08,0.0,0.0,65.73094170403587,1150.3980574581915,GCDH;ACADVL;ACADL;IVD;ACAD11;ACADSB,0.6
8,452,Lipid Transport (GO:0006869),15/108,6.319497461586873e-07,localization,GO_Biological_Process_2023,2.0856427265963275e-08,0.0,0.0,7.180556580792795,126.99247784697936,ABCC3;SLC27A1;ABCC2;ACSL1;ABCA6;SLC10A1;SLC10A2;AKR1C1;SLC51A;ABCA8;SCP2;SLCO2B1;TTPA;EHHADH;SLCO1A2,0.1388888888888889
8,452,Pyruvate metabolism,18/47,7.39632502990393e-17,Carbohydrate metabolism,KEGG_2021_Human,4.2264714456593896e-18,0.0,0.0,27.915302717304943,1116.7562689697868,ADH1C;ADH1B;ADH1A;ACOT12;AKR1A1;ACYP2;ADH7;ADH5;ADH6;ALDH3A2;ADH4;GRHPR;ALDH1B1;ALDH2;LDHD;HAGH;ACSS1;ALDH7A1,0.3829787234042553
8,452,Tyrosine metabolism,16/36,2.576945560849322e-16,Amino acid metabolism,KEGG_2021_Human,1.7179637072328813e-17,0.0,0.0,35.83119266055046,1383.1846106473822,ADH1C;MAOB;HGD;ADH1B;MAOA;ADH1A;ADH7;FAH;ADH5;ADH6;GSTZ1;ADH4;ALDH3B2;ALDH3B1;AOX1;HPD,0.4444444444444444
8,452,Steroid hormone biosynthesis,16/61,3.727953818771153e-12,Lipid metabolism,KEGG_2021_Human,2.840345766682783e-13,0.0,0.0,15.904587155963302,459.4784400735151,UGT1A10;AKR1C1;UGT2B15;HSD17B6;CYP7B1;HSD17B7;HSD17B8;CYP3A7;SULT2B1;HSD11B2;SULT1E1;CYP11A1;HSD17B1;HSD17B2;CYP1A1;CYP2E1,0.26229508196721313
8,452,Histidine metabolism,11/22,4.579363520635766e-12,Amino acid metabolism,KEGG_2021_Human,3.925168731973514e-13,0.0,0.0,44.3015873015873,1265.5278644917796,ALDH3A2;ALDH3B2;AOC1;MAOB;ALDH1B1;ALDH2;MAOA;ALDH3B1;HNMT;ALDH7A1;ASPA,0.5
8,452,PPAR signaling pathway,17/74,5.732163015984852e-12,Endocrine system,KEGG_2021_Human,5.459202872366527e-13,0.0,0.0,13.36346037507562,377.3347219438465,SLC27A1;ACSL1;ACSL5;DBI;CYP27A1;FADS2;ACADL;CPT2;SCP2;ACOX2;ACOX1;SCD;EHHADH;PLIN4;HMGCS2;ACAA1;SLC27A2,0.22972972972972974
8,452,"Valine, leucine and isoleucine degradation",14/48,1.6952839214566988e-11,Amino acid metabolism,KEGG_2021_Human,1.7760117272403512e-12,0.0,0.0,18.34515175933387,496.358366276524,ACAA2;ABAT;ACADSB;ALDH3A2;MCEE;ALDH6A1;ALDH1B1;ALDH2;EHHADH;IVD;AOX1;HMGCS2;ACAA1;ALDH7A1,0.2916666666666667
8,452,Tryptophan metabolism,13/42,4.1580209340436487e-11,Amino acid metabolism,KEGG_2021_Human,4.752023924621313e-12,0.0,0.0,19.931427224884143,519.6611496999633,GCDH;AOC1;MAOB;MAOA;INMT;ALDH3A2;ALDH1B1;ALDH2;EHHADH;CYP1A1;AOX1;ALDH8A1;ALDH7A1,0.30952380952380953
8,452,Biosynthesis of unsaturated fatty acids,11/27,5.291533542771583e-11,Lipid metabolism,KEGG_2021_Human,6.551422481526722e-12,0.0,0.0,30.44954648526077,784.1165914141789,FADS2;SCP2;ELOVL5;ACOX1;SCD;ELOVL2;ACOT2;ACOT1;ACAA1;BAAT;ACOT4,0.4074074074074074
8,452,Glycolysis / Gluconeogenesis,15/67,1.439980987864871e-10,Carbohydrate metabolism,KEGG_2021_Human,1.9199746504864948e-11,0.0,0.0,12.869213166696005,317.5623003967076,ADH1C;ADH1B;ADH1A;AKR1A1;ADH7;ADH5;ADH6;ALDH3A2;ADH4;ALDH3B2;ALDH2;ALDH1B1;ALDH3B1;ACSS1;ALDH7A1,0.22388059701492538
8,452,beta-Alanine metabolism,11/30,1.8074961467916635e-10,Metabolism of other amino acids,KEGG_2021_Human,2.5821373525595197e-11,0.0,0.0,25.637784938536814,625.0445444597558,ALDH3A2;ALDH3B2;ALDH6A1;ALDH1B1;ALDH2;ACOX1;ALDH3B1;EHHADH;ABAT;MLYCD;ALDH7A1,0.36666666666666664
8,452,"Glycine, serine and threonine metabolism",12/40,3.1734078841623835e-10,Amino acid metabolism,KEGG_2021_Human,4.8356691568188693e-11,0.0,0.0,19.01298701298701,451.60438653834734,DMGDH;GRHPR;GATM;ALAS1;DAO;MAOB;MAOA;SARDH;PIPOX;AGXT;ALDH7A1;GNMT,0.3
8,452,Arginine and proline metabolism,12/50,5.288815428967195e-09,Amino acid metabolism,KEGG_2021_Human,8.562844027851648e-10,0.0,0.0,14.002392344497608,292.34780805187006,ALDH3A2;ALDH4A1;AOC1;GATM;DAO;ALDH2;MAOB;ALDH1B1;MAOA;SAT2;PRODH2;ALDH7A1,0.24
8,452,Bile secretion,14/90,8.172531215718407e-08,Digestive system,KEGG_2021_Human,1.4010053512660125e-08,0.0,0.0,8.189377553472722,148.09253247487123,ABCC3;UGT1A10;ABCC2;SLC10A1;ABCB4;SLC10A2;UGT2B15;EPHX1;SLC51A;SLCO1B7;BAAT;SLCO1A2;SLC22A7;SULT2A1,0.15555555555555556
8,452,Phenylalanine metabolism,7/17,2.413264982505948e-07,Amino acid metabolism,KEGG_2021_Human,4.5966952047732347e-08,0.0,0.0,30.733932584269663,519.2603368192684,ALDH3B2;MAOB;MAOA;ALDH3B1;PAH;GLYAT;HPD,0.4117647058823529
8,452,Primary bile acid biosynthesis,7/17,2.413264982505948e-07,Lipid metabolism,KEGG_2021_Human,4.5966952047732347e-08,0.0,0.0,30.733932584269663,519.2603368192684,CYP27A1;CYP39A1;AMACR;ACOX2;SCP2;BAAT;CYP7B1,0.4117647058823529
8,452,Pentose and glucuronate interconversions,8/34,3.466101070726671e-06,Carbohydrate metabolism,KEGG_2021_Human,6.932202141453342e-07,0.0,0.0,13.52875952875953,191.86375988722347,UGT1A10;AKR1B10;DCXR;UGT2B15;AKR1A1;SORD;AKR1B1;CRYL1,0.23529411764705882
8,452,Fatty acid elongation,7/27,8.236080803794107e-06,Lipid metabolism,KEGG_2021_Human,1.7256550255568605e-06,0.0,0.0,15.359101123595506,203.8137952031563,ACAA2;ELOVL5;ELOVL2;THEM5;ACOT2;ACOT1;ACOT4,0.25925925925925924
8,452,Ovarian steroidogenesis,9/51,8.499689652676505e-06,Endocrine system,KEGG_2021_Human,1.8618367810624723e-06,0.0,0.0,9.435343437600777,124.48942162758485,CYP2J2;CYP11A1;HSD17B1;HSD17B2;ACOT2;CYP1A1;ACOT1;HSD17B7;ACOT4,0.17647058823529413
8,452,Butanoate metabolism,7/28,9.871412122484252e-06,Carbohydrate metabolism,KEGG_2021_Human,2.2563227708535438e-06,0.0,0.0,14.626966292134831,190.17651241101535,BDH2;ACSM3;BDH1;EHHADH;ABAT;ACSM5;HMGCS2,0.25
8,452,Metabolism of xenobiotics by cytochrome P450,23/76,9.50169946124476e-19,Xenobiotics biodegradation and metabolism,KEGG_2021_Human,4.524618791068933e-20,0.0,0.0,19.72049962616,878.3938178707543,UGT1A10;CBR1;GSTK1;ADH1C;ADH1B;ADH1A;MGST3;AKR1C1;UGT2B15;EPHX1;ADH7;ADH5;ADH6;ADH4;ALDH3B2;HPGDS;CYP2A6;AKR7A3;ALDH3B1;CYP2S1;CYP1A1;CYP2E1;SULT2A1,0.3026315789473684
8,452,acyl-CoA Oxidase Activity (GO:0003997),5/6,4.344046157911683e-07,catalytic activity,GO_Molecular_Function_2023,3.3965793004247736e-08,0.0,0.0,218.64653243847877,3760.2638036232615,ACOXL;ACADL;ACOX2;ACOX1;CRAT,0.8333333333333334
8,452,Drug metabolism,28/108,1.0816847260940672e-20,None,KEGG_2021_Human,4.120703718453589e-22,0.0,0.0,16.070283018867926,791.3143649217898,UGT1A10;MAOB;ADH1C;MAOA;ADH1B;MGST3;ADH1A;ADH7;ADH5;ADH6;ADH4;ALDH3B2;HPGDS;ALDH3B1;AOX1;GSTK1;UGT2B15;FMO1;FMO2;FMO3;FMO4;FMO5;CYP2A6;NAT1;NAT2;CYP2E1;CES2;CES1,0.25925925925925924
8,452,Peroxisome,29/82,1.6667512654160865e-25,Transport and catabolism,KEGG_2021_Human,3.1747643150782594e-27,0.0,0.0,25.21767250992462,1538.6452961304049,ABCD2;PEX11A;ECI2;CROT;SCP2;MLYCD;ACAA1;HAO2;GSTK1;PHYH;ACSL1;EPHX2;IDH1;ACSL5;PIPOX;BAAT;DHRS4;NUDT7;AMACR;DAO;ACOX2;ACOX1;EHHADH;PXMP2;AGXT;PEX11G;SLC27A2;CRAT;PAOX,0.35365853658536583
8,452,Bile Acid And Bile Salt Transport (GO:0015721),8/23,6.828699956521837e-07,localization,GO_Biological_Process_2023,2.328819567130659e-08,0.0,0.0,23.463063063063064,412.37082340708895,ABCC3;ABCC2;SLC10A1;AKR1C1;SLC10A2;SLCO2B1;SLCO1A2;SLC51A,0.34782608695652173
8,452,Fatty Acid Beta-Oxidation Using acyl-CoA Dehydrogenase (GO:0033539),6/10,7.121251053058056e-07,cellular process,GO_Biological_Process_2023,2.506931063782814e-08,0.0,0.0,65.73094170403587,1150.3980574581915,GCDH;ACADVL;ACADL;IVD;ETFDH;ACAD11,0.6
8,452,Sulfation (GO:0051923),7/16,7.372221313879874e-07,cellular process,GO_Biological_Process_2023,2.7574865200430773e-08,0.0,0.0,34.15056179775281,594.4370124784579,SULT1A1;SULT2B1;SULT1B1;SULT1C2;SULT1E1;SULT4A1;SULT2A1,0.4375
8,452,Prostanoid Metabolic Process (GO:0006692),7/16,7.372221313879874e-07,cellular process,GO_Biological_Process_2023,2.7574865200430773e-08,0.0,0.0,34.15056179775281,594.4370124784579,HPGDS;AKR1C1;CYP2S1;CYP4F8;PTGR1;PTGR2;CES1,0.4375
8,452,Cholesterol Binding (GO:0015485),10/50,1.7493577841496435e-06,binding,GO_Molecular_Function_2023,1.439800645390653e-07,0.0,0.0,11.03393665158371,173.82412499274693,SULT2B1;GRAMD1C;STARD3;STARD5;SCP2;NPC1;OSBPL3;APOF;TSPO;ABCG1,0.2
8,452,Secondary Alcohol Metabolic Process (GO:1902652),10/47,2.002689198057203e-06,cellular process,GO_Biological_Process_2023,7.711124524972729e-08,0.0,0.0,11.9304145774734,195.39652935752355,CYP27A1;SULT2B1;STARD3;CYP11A1;IDH1;FDX1;APOF;ABCG1;SULT2A1;CES1,0.2127659574468085
8,452,Steroid Hormone Biosynthetic Process (GO:0120178),7/19,2.8662716835630773e-06,cellular process,GO_Biological_Process_2023,1.1451725192195603e-07,0.0,0.0,25.608988764044945,409.2966963335355,CYP11A1;HSD17B1;HSD17B2;HSD17B6;HSD17B11;HSD17B7;HSD17B8,0.3684210526315789
8,452,Estrogen Biosynthetic Process (GO:0006703),5/7,2.8662716835630773e-06,cellular process,GO_Biological_Process_2023,1.166689244134586e-07,0.0,0.0,109.31767337807608,1745.139206671929,HSD17B1;HSD17B2;HSD17B11;HSD17B7;HSD17B8,0.7142857142857143
8,452,"Oxidoreductase Activity, Acting On Paired Donors, With Incorporation Or Reduction Of Molecular Oxygen, Reduced Iron-Sulfur Protein As One Donor, And Incorporation Of One Atom Of Oxygen (GO:0016713)",5/8,3.533118115228595e-06,catalytic activity,GO_Molecular_Function_2023,3.053311951432119e-07,0.0,0.0,72.87472035794184,1093.256991006353,CYP2U1;CYP4F2;CYP4A11;CYP4F8;CYP4F12,0.625
8,452,Heme Binding (GO:0020037),12/87,6.490146751506252e-06,binding,GO_Molecular_Function_2023,5.875853026055043e-07,0.0,0.0,7.081090909090909,101.5941419306012,CYP27A1;CYP2J2;CYB5A;CYP26A1;CYP2A6;CYP2U1;CYP11A1;CYP2S1;CYP2R1;CYP51A1;CYP2E1;CYP2C18,0.13793103448275862
8,452,Sterol Binding (GO:0032934),10/59,7.758812740531153e-06,binding,GO_Molecular_Function_2023,7.343732223548006e-07,0.0,0.0,9.003139717425432,127.16258229117236,SULT2B1;GRAMD1C;STARD3;STARD5;SCP2;NPC1;OSBPL3;APOF;TSPO;ABCG1,0.1694915254237288
8,452,Oxoacid Metabolic Process (GO:0043436),7/22,8.742518642716363e-06,cellular process,GO_Biological_Process_2023,3.654738266482088e-07,0.0,0.0,20.484044943820223,303.6159720075666,SULT1A1;SULT2B1;GRHPR;SULT1B1;MTARC2;SULT1E1;SULT2A1,0.3181818181818182
8,452,Peroxisome (GO:0005777),36/129,7.322098687309235e-28,cellular anatomical structure,GO_Cellular_Component_2023,2.36196731848685e-29,0.0,0.0,18.10328784119107,1193.2867775675804,ABCD2;PEX11A;ECI2;CROT;ACOXL;RIDA;SCP2;LONP2;MLYCD;ACAA1;ACAD11;HAO2;GSTK1;PHYH;AOC1;EPHX2;IDH1;PIPOX;BAAT;DHRS4;ALDH3A2;GRHPR;NUDT7;AMACR;ACOX2;ACOX1;EHHADH;PXMP2;ACOT2;ACOT6;PEX11G;AGXT;SLC27A2;CRAT;ACOT4;PAOX,0.27906976744186046
8,452,Peroxisomal Matrix (GO:0005782),28/49,4.182144468092674e-32,cellular anatomical structure,GO_Cellular_Component_2023,8.99385907116704e-34,0.0,0.0,61.405660377358494,4672.439665927704,ECI2;CROT;ACOXL;SCP2;LONP2;MLYCD;ACAA1;HAO2;GSTK1;PHYH;AOC1;EPHX2;IDH1;PIPOX;BAAT;DHRS4;GRHPR;NUDT7;AMACR;ACOX2;ACOX1;EHHADH;ACOT2;ACOT6;AGXT;CRAT;ACOT4;PAOX,0.5714285714285714
8,452,Steroid Metabolic Process (GO:0008202),38/92,1.849922412490303e-35,cellular process,GO_Biological_Process_2023,2.0351181655558887e-38,0.0,0.0,33.13526570048309,2875.7328247295936,UGT1A10;HSD17B14;MSMO1;HSD17B6;CYP3A7;HSD11B2;SCP2;SULT1E1;CYP11A1;CYP4V2;HSD17B1;CYP2R1;HSD17B2;RDH16;TSPO;ACAA1;SULT2A1;CBR1;STARD3;AKR1C1;UGT2B15;CYP51A1;BAAT;CYP7B1;DHRS4;CYP27A1;CYP39A1;SULT2B1;SLC22A24;CYP26A1;CYP2A6;CYP26C1;AMACR;BDH1;NPC1;DHRS9;CYP1A1;CYP2E1,0.41304347826086957
8,452,Fatty acid degradation,24/43,9.701626076515475e-27,Lipid metabolism,KEGG_2021_Human,9.239643882395691e-29,0.0,0.0,57.63600590260698,3720.488580458909,GCDH;ACADVL;ACAA2;ADH1C;ADH1B;ACSL1;ADH1A;ECI2;ACSL5;ADH7;ACADSB;ADH5;ADH6;ALDH3A2;ADH4;ACADL;ALDH1B1;ALDH2;CPT2;CYP2U1;ACOX1;EHHADH;ACAA1;ALDH7A1,0.5581395348837209
8,452,Retinol metabolism,26/68,5.028619022396631e-24,Metabolism of cofactors and vitamins,KEGG_2021_Human,1.4367482921133231e-25,0.0,0.0,28.345405767940974,1621.4208423904806,UGT1A10;ADH1C;RETSAT;ADH1B;ADH1A;HSD17B6;ADH7;CYP2C18;ADH5;ADH6;CYP3A7;ADH4;RDH11;RDH10;RDH16;AOX1;DGAT1;UGT2B15;DHRS4;CYP26A1;CYP2A6;CYP27C1;CYP26C1;DHRS9;CYP2S1;CYP1A1,0.38235294117647056
8,452,"Oxidoreductase Activity, Acting On The CH-OH Group Of Donors, NAD Or NADP As Acceptor (GO:0016616)",30/95,4.7925087727819066e-24,catalytic activity,GO_Molecular_Function_2023,1.9722258324205374e-26,0.0,0.0,21.30842143638352,1261.2039059129131,ADH1C;ADH1B;ADH1A;HSD17B6;ADH7;HSD17B11;HSD17B7;HSD17B8;ADH5;ADH6;ADH4;AKR7A3;RDH11;RDH10;LDHD;RDH16;CBR1;DCXR;AKR1C1;AKR1A1;SORD;PTGR1;DHRS4;GRHPR;BDH2;AKR1B10;BDH1;DHRS9;EHHADH;CRYL1,0.3157894736842105
10,300,Expression And Translocation Of Olfactory Receptors R-HSA-9752946,292/393,0.0,Sensory Perception,Reactome_2022,0.0,0.0,0.0,7082.806930693069,inf,OR7G1;OR8I2;OR9K2;OR2M7;OR11H4;OR52N1;OR2M5;OR2M4;OR2M3;OR4K17;OR2M2;OR1K1;OR4Q3;OR52N5;OR52N4;OR51L1;OR52N2;OR5D18;OR2AE1;OR11H6;OR5D16;OR8H3;OR5D13;OR8H2;OR2L8;OR11G2;OR1J4;OR2L3;OR1J2;OR4P4;OR2L2;OR1J1;OR10AD1;OR52M1;OR6T1;OR10V1;OR4K15;OR4K14;OR4K13;OR4C12;OR6C6;OR4C11;OR6C4;OR4C16;OR6C3;OR8G5;OR5A2;OR5AK2;OR5A1;OR6C2;OR6C1;OR4C13;OR8G1;OR9I1;OR13J1;OR2K2;OR1I1;OR10T2;OR6S1;OR52L1;OR5M11;OR5M10;OR7D4;OR7D2;OR6B1;OR2A25;OR8B12;OR51I2;OR14K1;OR4N5;OR2J2;OR4N4;OR10S1;OR4N2;OR5P3;OR51I1;OR52K2;OR52K1;OR9G9;OR4D11;OR10C1;OR2A12;OR4D10;OR2Z1;OR9G4;OR2A14;OR2A1;OR10J1;OR5W2;OR6Y1;OR51Q1;OR4D9;OR5AP2;OR52B2;OR5B17;OR4D5;OR52B6;OR5F1;OR1N1;OR10Z1;OR6X1;OR52R1;OR52A1;OR4A15;OR4C3;OR3A2;OR52A5;OR4A16;OR8K5;OR8K1;OR10H5;OR10H4;OR1M1;OR4S2;OR4S1;OR2AG1;OR2AG2;OR4C45;OR5AN1;OR4C46;OR4B1;OR6F1;OR8J3;OR8J1;OR10G2;OR14A16;OR1L8;OR10G4;OR10G3;OR1L6;OR51M1;OR1L4;OR1L3;OR1L1;OR5T2;OR6V1;OR10X1;OR4A5;OR10G8;OR10G7;OR10G9;OR7G3;OR5C1;OR1C1;OR5K2;OR51D1;OR5K1;OR6M1;OR2T12;OR2T10;OR52W1;OR1S2;OR1S1;OR13D1;OR2D3;OR2D2;OR1B1;OR52E4;OR14C36;OR5J2;OR5AS1;OR52E2;OR2T8;OR2T6;OR2T5;OR2T4;OR2T3;OR2T2;OR13C9;OR13C8;OR4X2;OR5AC2;OR4X1;OR9A4;OR51T1;OR9A2;OR52E8;OR52E6;OR13C3;OR13C2;OR13C5;OR13C4;OR2C3;OR1A2;OR1A1;OR6K6;OR6K3;OR51B2;OR6K2;OR5AR1;OR5I1;OR52D1;OR9Q2;OR9Q1;OR1Q1;OR2S2;OR2AK2;OR51S1;OR51B6;OR4A47;OR51B5;OR51B4;OR4F6;OR2B3;OR5H6;OR10K2;OR4F3;OR5H2;OR5B21;OR5H1;OR51A4;OR2A7;OR51A2;OR13A1;OR51A7;OR2A2;OR7A10;OR52J3;RTP2;OR14J1;OR8U9;OR13H1;OR8U8;OR4M1;OR10R2;OR10AG1;OR8U3;OR6Q1;OR8U1;OR56B1;OR8D4;OR8D2;OR56B4;OR8D1;OR51G2;OR51G1;OR52I2;OR6C70;OR52I1;OR6C76;OR6C75;OR13G1;OR6C74;OR14I1;OR4L1;OR10Q1;OR6P1;OR10A7;OR56A5;OR7A5;OR10A2;OR56A4;OR10A4;OR10A3;OR56A3;OR10A6;OR56A1;OR51F2;OR5M9;OR2G6;OR51F1;OR52H1;OR5M8;OR6C65;OR2G3;OR2G2;OR5M3;OR4K2;OR4K1;OR5M1;OR8S1;OR2T33;OR8B8;OR2W3;OR2W1;OR8B4;OR13F1;OR6C68;OR12D3;OR5AU1;OR1D5;OR2T27;OR1D4;OR5L2;OR6N2;OR5L1;OR6N1;OR4F17;OR51V1;OR2V2;OR2V1;OR8A1,0.7430025445292621
10,300,Sensory Perception R-HSA-9709957,292/616,0.0,Sensory Perception,Reactome_2022,0.0,0.0,0.0,2182.7901234567903,inf,OR7G1;OR8I2;OR9K2;OR2M7;OR11H4;OR52N1;OR2M5;OR2M4;OR2M3;OR4K17;OR2M2;OR1K1;OR4Q3;OR52N5;OR52N4;OR51L1;OR52N2;OR5D18;OR2AE1;OR11H6;OR5D16;OR8H3;OR5D13;OR8H2;OR2L8;OR11G2;OR1J4;OR2L3;OR1J2;OR4P4;OR2L2;OR1J1;OR10AD1;OR52M1;OR6T1;OR10V1;OR4K15;OR4K14;OR4K13;OR4C12;OR6C6;OR4C11;OR6C4;OR4C16;OR6C3;OR8G5;OR5A2;OR5AK2;OR5A1;OR6C2;OR6C1;OR4C13;OR8G1;OR9I1;OR13J1;OR2K2;OR1I1;OR10T2;OR6S1;OR52L1;OR5M11;OR5M10;OR7D4;OR7D2;OR6B1;OR2A25;OR8B12;OR51I2;OR14K1;OR4N5;OR2J2;OR4N4;OR10S1;OR4N2;OR5P3;OR51I1;OR52K2;OR52K1;OR9G9;OR4D11;OR10C1;OR2A12;OR4D10;OR2Z1;OR9G4;OR2A14;OR2A1;OR10J1;OR5W2;OR6Y1;OR51Q1;OR4D9;OR5AP2;OR52B2;OR5B17;OR4D5;OR52B6;OR5F1;OR1N1;OR10Z1;OR6X1;OR52R1;OR52A1;OR4A15;OR4C3;OR3A2;OR52A5;OR4A16;OR8K5;OR8K1;OR10H5;OR10H4;OR1M1;OR4S2;OR4S1;OR2AG1;OR2AG2;OR4C45;OR5AN1;OR4C46;OR4B1;OR6F1;OR8J3;OR8J1;OR10G2;OR14A16;OR1L8;OR10G4;OR10G3;OR1L6;OR51M1;OR1L4;OR1L3;OR1L1;OR5T2;OR6V1;OR10X1;OR4A5;OR10G8;OR10G7;OR10G9;OR7G3;OR5C1;OR1C1;OR5K2;OR51D1;OR5K1;OR6M1;OR2T12;OR2T10;OR52W1;OR1S2;OR1S1;OR13D1;OR2D3;OR2D2;OR1B1;OR52E4;OR14C36;OR5J2;OR5AS1;OR52E2;OR2T8;OR2T6;OR2T5;OR2T4;OR2T3;OR2T2;OR13C9;OR13C8;OR4X2;OR5AC2;OR4X1;OR9A4;OR51T1;OR9A2;OR52E8;OR52E6;OR13C3;OR13C2;OR13C5;OR13C4;OR2C3;OR1A2;OR1A1;OR6K6;OR6K3;OR51B2;OR6K2;OR5AR1;OR5I1;OR52D1;OR9Q2;OR9Q1;OR1Q1;OR2S2;OR2AK2;OR51S1;OR51B6;OR4A47;OR51B5;OR51B4;OR4F6;OR2B3;OR5H6;OR10K2;OR4F3;OR5H2;OR5B21;OR5H1;OR51A4;OR2A7;OR51A2;OR13A1;OR51A7;OR2A2;OR7A10;OR52J3;RTP2;OR14J1;OR8U9;OR13H1;OR8U8;OR4M1;OR10R2;OR10AG1;OR8U3;OR6Q1;OR8U1;OR56B1;OR8D4;OR8D2;OR56B4;OR8D1;OR51G2;OR51G1;OR52I2;OR6C70;OR52I1;OR6C76;OR6C75;OR13G1;OR6C74;OR14I1;OR4L1;OR10Q1;OR6P1;OR10A7;OR56A5;OR7A5;OR10A2;OR56A4;OR10A4;OR10A3;OR56A3;OR10A6;OR56A1;OR51F2;OR5M9;OR2G6;OR51F1;OR52H1;OR5M8;OR6C65;OR2G3;OR2G2;OR5M3;OR4K2;OR4K1;OR5M1;OR8S1;OR2T33;OR8B8;OR2W3;OR2W1;OR8B4;OR13F1;OR6C68;OR12D3;OR5AU1;OR1D5;OR2T27;OR1D4;OR5L2;OR6N2;OR5L1;OR6N1;OR4F17;OR51V1;OR2V2;OR2V1;OR8A1,0.474025974025974
10,300,Olfactory Signaling Pathway R-HSA-381753,292/401,0.0,Sensory Perception,Reactome_2022,0.0,0.0,0.0,6560.288990825688,inf,OR7G1;OR8I2;OR9K2;OR2M7;OR11H4;OR52N1;OR2M5;OR2M4;OR2M3;OR4K17;OR2M2;OR1K1;OR4Q3;OR52N5;OR52N4;OR51L1;OR52N2;OR5D18;OR2AE1;OR11H6;OR5D16;OR8H3;OR5D13;OR8H2;OR2L8;OR11G2;OR1J4;OR2L3;OR1J2;OR4P4;OR2L2;OR1J1;OR10AD1;OR52M1;OR6T1;OR10V1;OR4K15;OR4K14;OR4K13;OR4C12;OR6C6;OR4C11;OR6C4;OR4C16;OR6C3;OR8G5;OR5A2;OR5AK2;OR5A1;OR6C2;OR6C1;OR4C13;OR8G1;OR9I1;OR13J1;OR2K2;OR1I1;OR10T2;OR6S1;OR52L1;OR5M11;OR5M10;OR7D4;OR7D2;OR6B1;OR2A25;OR8B12;OR51I2;OR14K1;OR4N5;OR2J2;OR4N4;OR10S1;OR4N2;OR5P3;OR51I1;OR52K2;OR52K1;OR9G9;OR4D11;OR10C1;OR2A12;OR4D10;OR2Z1;OR9G4;OR2A14;OR2A1;OR10J1;OR5W2;OR6Y1;OR51Q1;OR4D9;OR5AP2;OR52B2;OR5B17;OR4D5;OR52B6;OR5F1;OR1N1;OR10Z1;OR6X1;OR52R1;OR52A1;OR4A15;OR4C3;OR3A2;OR52A5;OR4A16;OR8K5;OR8K1;OR10H5;OR10H4;OR1M1;OR4S2;OR4S1;OR2AG1;OR2AG2;OR4C45;OR5AN1;OR4C46;OR4B1;OR6F1;OR8J3;OR8J1;OR10G2;OR14A16;OR1L8;OR10G4;OR10G3;OR1L6;OR51M1;OR1L4;OR1L3;OR1L1;OR5T2;OR6V1;OR10X1;OR4A5;OR10G8;OR10G7;OR10G9;OR7G3;OR5C1;OR1C1;OR5K2;OR51D1;OR5K1;OR6M1;OR2T12;OR2T10;OR52W1;OR1S2;OR1S1;OR13D1;OR2D3;OR2D2;OR1B1;OR52E4;OR14C36;OR5J2;OR5AS1;OR52E2;OR2T8;OR2T6;OR2T5;OR2T4;OR2T3;OR2T2;OR13C9;OR13C8;OR4X2;OR5AC2;OR4X1;OR9A4;OR51T1;OR9A2;OR52E8;OR52E6;OR13C3;OR13C2;OR13C5;OR13C4;OR2C3;OR1A2;OR1A1;OR6K6;OR6K3;OR51B2;OR6K2;OR5AR1;OR5I1;OR52D1;OR9Q2;OR9Q1;OR1Q1;OR2S2;OR2AK2;OR51S1;OR51B6;OR4A47;OR51B5;OR51B4;OR4F6;OR2B3;OR5H6;OR10K2;OR4F3;OR5H2;OR5B21;OR5H1;OR51A4;OR2A7;OR51A2;OR13A1;OR51A7;OR2A2;OR7A10;OR52J3;RTP2;OR14J1;OR8U9;OR13H1;OR8U8;OR4M1;OR10R2;OR10AG1;OR8U3;OR6Q1;OR8U1;OR56B1;OR8D4;OR8D2;OR56B4;OR8D1;OR51G2;OR51G1;OR52I2;OR6C70;OR52I1;OR6C76;OR6C75;OR13G1;OR6C74;OR14I1;OR4L1;OR10Q1;OR6P1;OR10A7;OR56A5;OR7A5;OR10A2;OR56A4;OR10A4;OR10A3;OR56A3;OR10A6;OR56A1;OR51F2;OR5M9;OR2G6;OR51F1;OR52H1;OR5M8;OR6C65;OR2G3;OR2G2;OR5M3;OR4K2;OR4K1;OR5M1;OR8S1;OR2T33;OR8B8;OR2W3;OR2W1;OR8B4;OR13F1;OR6C68;OR12D3;OR5AU1;OR1D5;OR2T27;OR1D4;OR5L2;OR6N2;OR5L1;OR6N1;OR4F17;OR51V1;OR2V2;OR2V1;OR8A1,0.7281795511221946
10,300,Olfactory transduction,297/440,0.0,Sensory system,KEGG_2021_Human,0.0,0.0,0.0,13539.46153846154,inf,OR7G1;OR8I2;OR9K2;OR2M7;OR11H4;OR52N1;OR2M5;OR2M4;OR2M3;OR4K17;OR2M2;OR1K1;OR4Q3;OR52N5;OR52N4;OR51L1;OR52N2;OR5D18;OR2AE1;OR11H6;OR2A42;OR5D16;OR8H3;OR5D13;OR8H2;OR2L8;OR11G2;OR1J4;OR2L3;OR1J2;OR4P4;OR2L2;OR1J1;OR10AD1;OR52M1;OR6T1;OR10V1;OR4K15;OR4K14;OR4K13;OR4C12;OR6C6;OR4C11;OR6C4;OR4C16;OR6C3;OR8G5;OR5A2;OR5AK2;OR5A1;OR6C2;OR6C1;OR4C13;OR8G1;OR9I1;OR13J1;OR2K2;OR1I1;OR10T2;OR51J1;OR6S1;OR52L1;OR5M11;OR5M10;OR7D4;OR7D2;OR6B1;OR2A25;OR8B12;OR51I2;OR14K1;OR4N5;OR2J2;OR4N4;OR10S1;OR4N2;OR5P3;OR51I1;OR52K2;OR52K1;OR9G9;OR4D11;OR10C1;OR2A12;OR4D10;OR2Z1;OR9G4;OR2A14;OR9G1;OR2A1;OR10J1;OR10J3;OR5W2;OR6Y1;OR51Q1;OR4D9;OR5AP2;OR52B2;OR5B17;OR4D5;OR52B6;OR5F1;OR1N1;OR10Z1;OR6X1;OR52R1;OR52A1;OR4A15;OR4C3;OR3A2;OR52A5;OR4A16;OR8K5;OR8K1;OR10H5;OR10H4;OR1M1;OR4S2;OR4S1;OR2AG1;OR2AG2;OR4C45;OR5AN1;OR4C46;OR4B1;OR6F1;OR8J3;OR8J1;OR10G2;OR14A16;OR1L8;OR10G4;OR10G3;OR1L6;OR51M1;OR1L4;OR1L3;OR1L1;OR5T2;OR6V1;OR10X1;OR4A5;OR10G8;OR10G7;OR10G9;OR7G3;OR5C1;OR1C1;OR5K2;OR51D1;OR5K1;OR6M1;OR2T12;OR2T10;OR52W1;OR1S2;OR1S1;OR13D1;OR2D3;OR2D2;OR1B1;OR52E4;OR14C36;OR5J2;OR5AS1;OR52E2;OR2T8;OR2T6;OR2T5;OR2T4;OR2T3;OR2T2;OR13C9;OR13C8;OR4X2;OR5AC2;OR4X1;OR9A4;OR51T1;OR9A2;OR52E8;OR52E6;OR13C3;OR13C2;OR13C5;OR13C4;OR2C3;OR1A2;OR1A1;OR6K6;OR6K3;OR51B2;OR6K2;OR5AR1;OR5I1;OR52D1;OR9Q2;OR9Q1;OR1Q1;OR2S2;OR2AK2;OR51S1;OR51B6;OR4A47;OR51B5;OR51B4;OR4F6;OR2B3;OR5H6;OR4F4;OR10K2;OR4F3;OR5H2;OR5B21;OR5H1;OR51A4;OR2A7;OR51A2;OR13A1;OR51A7;OR2A2;OR7A10;OR52J3;OR14J1;OR8U9;OR13H1;OR8U8;OR4M1;OR10R2;OR10AG1;OR8U3;OR6Q1;OR8U1;OR56B1;OR8D4;OR8D2;OR56B4;OR8D1;OR51G2;OR51G1;OR52I2;OR6C70;OR52I1;OR6C76;OR6C75;OR13G1;OR6C74;OR14I1;OR4L1;OR10Q1;OR6P1;OR10A7;OR56A5;OR7A5;OR10A2;OR56A4;OR10A4;OR10A3;OR56A3;OR10A6;OR56A1;OR51F2;OR5M9;OR2G6;OR51F1;OR52H1;OR5M8;OR6C65;OR2G3;OR2G2;OR5M3;OR4K2;OR4K1;OR5M1;OR8S1;OR2T33;OR8B8;OR2W3;OR2W1;OR8B4;OR13F1;OR6C68;OR12D3;OR5AU1;OR1D5;OR2T27;OR1D4;OR2T29;OR5L2;OR6N2;OR5L1;OR6N1;OR4F17;OR51V1;OR2V2;OR2V1;OR8A1,0.675
10,300,Olfactory Receptor Activity (GO:0004984),251/362,0.0,molecular transducer activity,GO_Molecular_Function_2023,0.0,0.0,0.0,903.996874425446,inf,OR7G1;OR8I2;OR9K2;OR2M7;OR52N1;OR2M5;OR2M4;OR2M3;OR2M2;OR52N5;OR52N4;OR51L1;OR52N2;OR5D18;OR2AE1;OR2A42;OR5D16;OR8H3;OR5D13;OR8H2;OR2L8;OR1J4;OR2L3;OR1J2;OR2L2;OR1J1;OR10AD1;OR52M1;OR6T1;OR10V1;OR6C6;OR6C4;OR1F12P;OR6C3;OR8G5;OR5A2;OR5AK2;OR5A1;OR6C2;OR6C1;OR8G1;OR9I1;OR13J1;OR2K2;OR1I1;OR10T2;OR51J1;OR6S1;OR52L1;OR5M11;OR5M10;OR7D4;OR7D2;OR6B1;OR2A25;OR8B12;OR51I2;OR14K1;OR2J2;OR10S1;OR5P3;OR51I1;OR52K2;OR52K1;OR10C1;OR2A12;OR2Z1;OR9G4;OR2A14;OR2A1;OR10J1;OR10J3;OR5W2;OR6Y1;OR51Q1;OR5AP2;OR52B2;OR5B17;OR52B6;OR5F1;OR1N1;OR10Z1;OR6X1;OR52R1;OR52A1;OR3A2;OR52A5;OR8K5;OR8K1;OR10H5;OR10H4;OR1M1;OR2AG1;OR2AG2;OR5AN1;OR6F1;OR8J3;OR8J1;OR10G2;OR14A16;OR1L8;OR10G4;OR10G3;OR1L6;OR51M1;OR1L4;OR1L3;OR1L1;OR5T2;OR6V1;OR10G8;OR10G7;OR10G9;OR7G3;OR5C1;OR1C1;OR5K2;OR51D1;OR5K1;OR6M1;OR2T12;OR2T10;OR52W1;OR1S2;OR1S1;OR13D1;OR2D3;OR2D2;OR1B1;OR52E4;OR14C36;OR5J2;OR5AS1;OR52E2;OR2T8;OR2T6;OR2T5;OR2T4;OR2T3;OR2T2;OR13C9;OR13C8;OR5AC2;OR51T1;OR52E8;OR52E6;OR13C3;OR13C2;OR13C5;OR13C4;OR2C3;OR1A2;OR1A1;OR6K6;OR6K3;OR51B2;OR6K2;OR5AR1;OR5I1;OR52D1;OR9Q2;OR9Q1;OR1Q1;OR2S2;OR2AK2;OR51S1;OR51B6;OR51B5;OR51B4;OR2B3;OR5H6;OR10K2;OR5H2;OR5B21;OR5H1;OR51A4;OR51A2;OR13A1;OR51A7;OR2A2;OR7A10;OR52J3;OR51H1;OR14J1;OR8U9;OR13H1;OR8U8;OR4M1;OR10R2;OR10AG1;OR8U3;OR6Q1;OR8U1;OR56B1;OR8D4;OR8D2;OR56B4;OR8D1;OR51G2;OR51G1;OR52I2;OR6C70;OR6C76;OR6C75;OR13G1;OR6C74;OR14I1;OR10Q1;OR6P1;OR10A7;OR56A5;OR7A5;OR10A2;OR56A4;OR10A4;OR10A3;OR56A3;OR10A6;OR56A1;OR51F2;OR5M9;OR2G6;OR51F1;OR52H1;OR5M8;OR6C65;OR2G3;OR2G2;OR5M3;OR5M1;OR8S1;OR2T33;OR8B8;OR2W3;OR2W1;OR8B4;OR13F1;OR6C68;OR12D3;OR5AU1;OR1D5;OR2T27;OR2T29;OR5L2;OR6N2;OR5L1;OR6N1;OR51V1;OR2V2;OR2V1;OR8A1,0.6933701657458563
10,300,Sensory Perception Of Smell (GO:0007608),149/230,3.0208737300862194e-227,multicellular organismal process,GO_Biological_Process_2023,1.4385113000410568e-228,0.0,0.0,239.00179870820048,125386.50804264712,OR8I2;OR1C1;OR2M7;OR2M5;OR2M4;OR2M3;OR2M2;OR2T12;OR2T10;OR5D18;OR2AE1;OR2A42;OR13D1;OR5D16;OR5D13;OR8H3;OR8H2;OR2D3;OR2D2;OR2L8;OR2L3;OR2L2;OR2T8;OR10AD1;OR2T6;OR2T5;OR2T4;OR2T3;OR13C9;OR2T2;OR13C8;OR5AC2;OR6C3;OR8G5;OR13C3;OR5AK2;OR6C2;OR13C2;OR13C5;OR13C4;OR8G1;OR2C3;OR9I1;OR6K6;OR6K3;OR13J1;OR5I1;OR6K2;OR52D1;OR9Q2;OR10T2;OR2K2;OR9Q1;OR51J1;OR5M11;OR5M10;OR1Q1;OR2S2;OR2AK2;OR51B6;OR51B5;OR51B4;OR6B1;OR2A25;OR2B3;OR10K2;OR8B12;OR51I2;OR5B21;OR2J2;OR10S1;OR51I1;OR10C1;OR2A12;OR2Z1;OR9G4;OR2A14;OR2A2;OR10J1;OR2A1;OR10J3;OR8U9;OR13H1;OR8U8;OR10AG1;OR10R2;OR6Q1;OR8U3;OR8U1;OR6Y1;OR5AP2;OR8D4;OR8D2;OR5B17;OR8D1;OR5F1;OR13G1;OR6P1;OR10Z1;OR10A7;OR7A5;OR10A2;OR52A1;OR10A4;OR10A3;OR10A6;OR52A5;OR8K5;OR2G6;OR5M9;OR5M8;OR8K1;OR2G3;OR2G2;OR10H5;OR10H4;OR5M3;OR5M1;OR2T33;OR2W3;OR8B8;OR2AG1;OR2W1;OR2AG2;OR8B4;OR13F1;OR12D3;OR1D5;OR2T27;OR8J3;OR8J1;OR10G2;OR10G4;OR2T29;OR10G3;OR1L6;OR5L2;OR51M1;OR5L1;OR6N2;OR6N1;OR5T2;OR51V1;OR2V2;OR2V1;OR10G8;OR8A1;OR10G7;OR10G9,0.6478260869565218
10,300,Detection Of Chemical Stimulus Involved In Sensory Perception (GO:0050907),90/141,1.3832849838586992e-131,response to stimulus,GO_Biological_Process_2023,1.3174142703416184e-132,0.0,0.0,165.11764705882354,50140.54298222312,OR10J1;OR2A1;OR10J3;OR2M7;OR13H1;OR2M5;OR2M4;OR2M3;OR2M2;OR10AG1;OR10R2;OR2T12;OR6Q1;OR2T10;OR2AE1;OR6Y1;OR2A42;OR13D1;OR2D3;OR2D2;OR2L8;OR13G1;OR2L3;OR2L2;OR6P1;OR2T8;OR10AD1;OR2T6;OR2T5;OR2T4;OR10Z1;OR2T3;OR10A7;OR13C9;OR2T2;OR13C8;OR10A2;OR13C3;OR10A4;OR13C2;OR10A3;OR13C5;OR10A6;OR13C4;OR2C3;OR6K6;OR2G6;OR6K3;OR2G3;OR13J1;OR6K2;OR2G2;OR10H5;OR10H4;OR10T2;OR2K2;OR2T33;OR2S2;OR2AK2;OR2W3;OR2AG1;OR2W1;OR2AG2;OR13F1;OR5AN1;OR12D3;OR6B1;OR2A25;OR2B3;OR10K2;OR2T27;OR10G2;OR10G4;OR2T29;OR10G3;OR1L6;OR2J2;OR6N2;OR10S1;OR6N1;OR2V2;OR2V1;OR10C1;OR2A12;OR2Z1;OR10G8;OR10G7;OR10G9;OR2A14;OR2A2,0.6382978723404256
10,300,Detection Of Chemical Stimulus Involved In Sensory Perception Of Smell (GO:0050911),89/139,2.041729856642161e-130,response to stimulus,GO_Biological_Process_2023,2.91675693806023e-131,0.0,0.0,165.76777251184834,49824.51682799674,OR10J1;OR2A1;OR10J3;OR2M7;OR13H1;OR2M5;OR2M4;OR2M3;OR2M2;OR10AG1;OR10R2;OR2T12;OR6Q1;OR2T10;OR2AE1;OR6Y1;OR2A42;OR13D1;OR2D3;OR2D2;OR2L8;OR13G1;OR2L3;OR2L2;OR6P1;OR2T8;OR10AD1;OR2T6;OR2T5;OR2T4;OR10Z1;OR2T3;OR10A7;OR13C9;OR2T2;OR13C8;OR10A2;OR13C3;OR10A4;OR13C2;OR10A3;OR13C5;OR10A6;OR13C4;OR2C3;OR6K6;OR2G6;OR6K3;OR2G3;OR13J1;OR6K2;OR2G2;OR10H5;OR10H4;OR10T2;OR2K2;OR2T33;OR2S2;OR2AK2;OR2W3;OR2AG1;OR2W1;OR2AG2;OR13F1;OR12D3;OR6B1;OR2A25;OR2B3;OR10K2;OR2T27;OR10G2;OR10G4;OR2T29;OR10G3;OR1L6;OR2J2;OR6N2;OR10S1;OR6N1;OR2V2;OR2V1;OR10C1;OR2A12;OR2Z1;OR10G8;OR10G7;OR10G9;OR2A14;OR2A2,0.6402877697841727
10,300,Sensory Perception Of Chemical Stimulus (GO:0007606),67/110,5.372131089793618e-95,multicellular organismal process,GO_Biological_Process_2023,1.023263064722594e-95,0.0,0.0,131.45214093222876,28751.55236165329,OR10J1;OR8I2;OR1C1;OR8U9;OR8U8;OR2M4;OR8U3;OR8U1;OR5D18;OR5AP2;OR8D4;OR5D16;OR8D2;OR5B17;OR8D1;OR5D13;OR8H3;OR8H2;OR2D2;OR5F1;OR5AC2;OR7A5;OR52A1;OR6C3;OR8G5;OR5AK2;OR6C2;OR10A3;OR3A2;OR52A5;OR8G1;OR8K5;OR9I1;OR5M9;OR5M8;OR8K1;OR5I1;OR52D1;OR5M3;OR9Q2;OR9Q1;OR5M1;OR51J1;OR5M11;OR1Q1;OR2S2;OR5M10;OR8B8;OR51B6;OR8B4;OR51B5;OR5AN1;OR51B4;OR1D5;OR8J3;OR8B12;OR51I2;OR8J1;OR5B21;OR5L2;OR51M1;OR5L1;OR51I1;OR5T2;OR51V1;OR8A1;OR9G4,0.6090909090909091
11,123,Regulation Of Kinase Activity (GO:0043549),9/85,2.538052284242551e-06,biological regulation,GO_Biological_Process_2023,2.601724401925254e-09,0.0,0.0,20.568905817174517,406.5874408798461,RET;NTRK1;ERBB3;ERBB2;KDR;IRS2;MAPT;ROS1;FGFR1,0.10588235294117647
11,123,Fanconi anemia pathway,7/54,2.7714672984195683e-06,Replication and repair,KEGG_2021_Human,3.903475068196575e-08,0.0,0.0,25.46038151137197,434.3239009726163,ERCC1;USP1;PMS2;BRCA1;POLK;BRCA2;MLH1,0.12962962962962962
11,123,Diseases Of Mismatch Repair (MMR) R-HSA-5423599,4/5,2.2501113778633446e-06,Disease,Reactome_2022,6.777443909226942e-09,0.0,0.0,668.1008403361344,12566.753534515065,MSH6;MSH2;PMS2;MLH1,0.8
