Community Index,Community Size,Term,Overlap,Adjusted P-value,Category,Gene_set,P-value,Old P-value,Old Adjusted P-value,Odds Ratio,Combined Score,Genes,Overlap (value)
1,1000,RNA Binding (GO:0003723),357/1411,1.6718725747520844e-163,binding,GO_Molecular_Function_2023,4.3652025450446074e-166,0.0,0.0,9.453318617368184,3599.4026866869426,POP5;SLC4A1AP;POP1;RTCA;RRP1;PPAN;FCF1;HNRNPU;GPATCH4;HNRNPR;PWP2;CCAR1;RRP9;LSM10;PNN;SNRPD2;SNRPD1;ALKBH1;DHX57;MAGOH;LUC7L;ARL6IP4;SNRPD3;ABT1;DDX18;NGDN;METTL3;DNTTIP2;DDX10;WDR75;RC3H2;CDC40;GTPBP4;SRRM1;DDX39B;LACTB2;CLNS1A;ZC3H11A;SUB1;SARNP;GRWD1;CCDC86;SRFBP1;AARS1;DHX8;CSTF3;MRPL19;CSTF2;MRPL16;NOLC1;SNU13;NMD3;MRPL12;HTATSF1;MRPL13;GSPT1;MRPL11;RRP7A;MRPL20;DHX33;PDCD11;ERI1;DHX35;ERI3;RRS1;RBM12;LYAR;RBM10;TRMT1L;PRPF38B;PRPF38A;PNO1;MRPL27;KNOP1;LARP7;MRPL28;UPF3B;PRRC2C;UPF3A;PA2G4;LARP4;MRPL23;MAGOHB;PUM3;MRPL22;AIMP1;HNRNPL;TBL3;TBL2;HNRNPK;LAS1L;EPRS1;FUBP1;HNRNPD;MPHOSPH10;RNPS1;DHX29;NOL11;HNRNPC;ALDH18A1;NOL12;FARSA;DZIP3;MRPS15;DAZAP1;GFM1;FASTKD1;MRPS14;FASTKD2;MRPS11;MRPS12;SRP54;MRPL39;NAT10;MRPL37;AATF;SMG7;ZCCHC17;WDR46;WDR43;MRPL41;MRPL42;SYNCRIP;MRPL40;PCF11;DHX15;RRP12;UTP14A;MRPS28;MRPS26;WDR36;MRPS27;CLUH;NSUN2;PABPC4;STRBP;MRPS23;PRPF40A;MRPS7;GNL2;MRPL44;GNL3;WDR33;NME1;NSA2;SLTM;SDE2;FAM32A;HNRNPH2;HNRNPH3;FYTTD1;SF3B5;STAU1;NIP7;SRRT;HEATR1;MRPS31;NOL7;NOL8;MRPS30;NOL6;BCLAF1;EXOSC10;TCOF1;SRP72;PES1;SF3B1;SRSF11;TEFM;TSNAX;SF3A3;UTP6;SF3A1;UTP4;YTHDF3;UTP3;RSRC2;NOC3L;RRP1B;NPM3;ELP5;LRPPRC;NUDT21;BOP1;RSL1D1;PHF5A;XPOT;SERBP1;HNRNPA2B1;TRMT6;TSR1;UBAP2;TARDBP;SRP19;RPP30;BCCIP;NUCKS1;CASC3;APEH;YARS1;BZW1;FBL;HMGN5;ZNF207;MTPAP;SNRNP35;CHCHD1;EIF1AX;DIMT1;THOC2;WBP11;THOC5;PUS7;ILF2;FTSJ3;EBNA1BP2;ILF3;RBMXL1;PRPF6;HNRNPUL1;PSPC1;RPL7L1;PRPF3;MRTO4;SRSF2;SRSF3;GEMIN5;SRSF4;ERH;MATR3;SRSF5;SRSF6;SRSF7;FKBP3;SRSF8;SRSF9;DAP3;LRRC59;UTP25;RBM8A;YTHDC1;DDX1;UTP23;NOP2;ISG20L2;UBFD1;PRPF8;EMG1;G3BP1;KHDC4;UTP20;GCN1;HSPA9;NOP14;CHTOP;NOP16;FUS;API5;NONO;RPP40;LSM1;TBCA;LSM3;CHERP;LSM8;GNL3L;CAPRIN1;PIN4;GRSF1;RBM27;RBM28;RBM25;DDX49;RBM26;DDX46;NVL;CCDC47;WDR3;MRPL4;RBM3;NGRN;MRPL3;MRPL2;MRPL1;SART3;SNRNP70;MRPL9;RBM34;TNPO1;METTL16;RBM5;UTP15;EIF5B;TSFM;RBM14;RBM19;EDF1;URB1;UTP18;DARS1;PTBP2;SUPV3L1;DNAJC2;SARS1;DDX19B;NEMF;C1D;LUC7L3;ETF1;NCBP3;DDX27;NUFIP1;NUFIP2;SRSF1;MAK16;DDX23;WBP4;GTPBP10;DDX21;U2AF1;MTIF2;TBRG4;HSPD1;PUF60;U2AF2;BMS1;TRA2B;TRA2A;EIF4H;HNRNPA1;SMNDC1;DCAF13;HNRNPA0;NOP56;PTCD3;RBM39;NOP58;HNRNPA3;SSB;GPKOW;NIFK;KRR1;CDC5L;IMMT;HSPE1;HNRNPAB;TPD52L2;U2SURP;SNRNP40;ESF1;FAM98A;SLIRP;NAA15;R3HDM1;PPIL4;EIF3B;FAM50A,0.25301204819277107
1,1000,90S Preribosome (GO:0030686),7/12,3.9056680376174656e-06,protein-containing complex,GO_Cellular_Component_2023,4.85779606668839e-07,0.0,0.0,26.780463242698893,389.3212736229914,RSL1D1;NOP14;TBL3;UTP4;HEATR1;SRFBP1;UTP20,0.5833333333333334
1,1000,Translocation Of Molecules Into Host (GO:0044417),6/7,3.3525667753758274e-06,biological process involved in interspecies interaction between organisms,GO_Biological_Process_2023,1.0321697591447189e-07,0.0,0.0,114.682092555332,1844.825741094551,DDX39B;THOC1;THOC2;THOC5;THOC7;THOC6,0.8571428571428571
1,1000,Viral mRNA Export From Host Cell Nucleus (GO:0046784),6/7,3.3525667753758274e-06,viral process,GO_Biological_Process_2023,1.0321697591447189e-07,0.0,0.0,114.682092555332,1844.825741094551,DDX39B;THOC1;THOC2;THOC5;THOC7;THOC6,0.8571428571428571
1,1000,Regulation Of RNA Metabolic Process (GO:0051252),19/91,3.2658914563235643e-06,biological regulation,GO_Biological_Process_2023,9.539589869180037e-08,0.0,0.0,5.09162985615585,82.30736897288138,SF3B5;ENY2;SF3B3;FUS;SRSF1;RRP1B;PTBP2;RC3H2;PQBP1;HNRNPL;SNRNP70;TRA2B;METTL4;HNRNPH2;HNRNPH3;HNRNPA1;RBM12;GRSF1;FAM50A,0.2087912087912088
1,1000,Ribosome Assembly (GO:0042255),14/50,3.2658914563235643e-06,cellular process,GO_Biological_Process_2023,9.668121540330268e-08,0.0,0.0,7.479603335587108,120.80940652641092,RRP7BP;MRPS11;NOP2;PPAN;MRPS2;PWP2;MRPS7;MRPL22;RRP7A;NGRN;MRPL20;RRS1;DHX29;MDN1,0.28
1,1000,"Maturation Of LSU-rRNA From Tricistronic rRNA Transcript (SSU-rRNA, 5.8S rRNA, LSU-rRNA) (GO:0000463)",8/14,3.06678889330406e-06,cellular process,GO_Biological_Process_2023,8.715563462320597e-08,0.0,0.0,25.52956989247312,414.9977209945581,DDX18;NIFK;PES1;RPL7L1;URB1;WDR12;RBM34;FTSJ3,0.5714285714285714
1,1000,Regulation Of mRNA Processing (GO:0050684),12/35,2.355073834212258e-06,biological regulation,GO_Biological_Process_2023,6.55349142735205e-08,0.0,0.0,10.021299067065655,165.75912905192055,RBM39;HNRNPK;RBM8A;SLTM;YTHDC1;MAGOH;PAPOLA;LARP7;SRSF3;METTL16;MAGOHB;SRRM1,0.34285714285714286
1,1000,TIM23 Mitochondrial Import Inner Membrane Translocase Complex (GO:0005744),8/15,1.4953846246819636e-06,protein-containing complex,GO_Cellular_Component_2023,1.78553388021727e-07,0.0,0.0,21.881336405529957,340.00048032551064,DNAJC19;HSPA9;GRPEL1;PAM16;TIMM17A;TIMM23;TIMM17B;TIMM10,0.5333333333333333
1,1000,Mitochondrion Organization (GO:0007005),27/162,1.252630227328474e-06,cellular process,GO_Biological_Process_2023,3.411544728070444e-08,0.0,0.0,3.8776978417266186,66.67125816240343,ATP23;TIMM9;TIMM13;MIEF1;TIMM10;TOMM20;HSPD1;CHCHD3;SAMM50;MSTO1;CHCHD7;TIMM17A;TIMM17B;MPV17;SLC25A46;DNAJC19;TIMM8B;CLUH;MTX2;TOMM34;TIMM23;GDAP1;SUPV3L1;OXA1L;FMC1;MTFR1;ATPAF1,0.16666666666666666
1,1000,U2-type Catalytic Step 2 Spliceosome (GO:0071007),11/29,6.087628297365013e-07,protein-containing complex,GO_Cellular_Component_2023,6.965942827830611e-08,0.0,0.0,11.729131558251884,193.29195683775657,SNRNP40;DHX8;SNRPD2;SNRPD1;BUD31;CDC5L;SNRPE;SNRPD3;PRPF8;BCAS2;CDC40,0.3793103448275862
1,1000,Establishment Of Protein Localization To Mitochondrion (GO:0072655),14/44,5.891261549292019e-07,localization,GO_Biological_Process_2023,1.569607872813149e-08,0.0,0.0,8.978363759296823,161.33989415853253,DNAJC19;TIMM8B;TIMM9;PAM16;TIMM13;TOMM34;TIMM23;TIMM10;TOMM20;GDAP1;HSPD1;GRPEL1;TIMM17A;TIMM17B,0.3181818181818182
1,1000,Mitochondrial Transport (GO:0006839),14/53,6.863252402879352e-06,localization,GO_Biological_Process_2023,2.153655283319157e-07,0.0,0.0,6.90315701877568,105.96987410380817,DNAJC19;TIMM8B;MTX2;TIMM9;TOMM34;TIMM13;TIMM23;TIMM10;TOMM20;GDAP1;OXA1L;KIFBP;TIMM17A;TIMM17B,0.2641509433962264
1,1000,pre-mRNA Binding (GO:0036002),12/30,4.6883417143408267e-07,binding,GO_Molecular_Function_2023,8.568770757280884e-09,0.0,0.0,12.808367071524966,237.9172313802545,HNRNPL;ZRSR2;ERI1;U2AF2;TRA2B;HNRNPU;U2AF1;HNRNPC;RNPC3;HNRNPA1;SRSF6;PRPF8,0.4
1,1000,Inner Mitochondrial Membrane Organization (GO:0007007),13/34,1.5442923561276766e-07,cellular process,GO_Biological_Process_2023,3.931590959946127e-09,0.0,0.0,11.90365224103826,230.3859241386336,HSPA9;TIMM8B;TIMM8A;TIMM29;MTX2;TIMM9;TIMM13;IMMT;TIMM22;TIMM10;CHCHD3;SAMM50;SLC25A46,0.38235294117647056
1,1000,"Nuclear-Transcribed mRNA Catabolic Process, Nonsense-Mediated Decay (GO:0000184)",12/28,1.3301018952009064e-07,cellular process,GO_Biological_Process_2023,3.307535796236712e-09,0.0,0.0,14.410931174089068,281.40315223892253,UPF2;SKIC8;RBM8A;MAGOH;UPF3B;SMG9;UPF3A;RNPS1;SMG7;MAGOHB;GSPT1;PNRC2,0.42857142857142855
1,1000,tRNA Modification (GO:0006400),18/67,1.2362339507624956e-07,cellular process,GO_Biological_Process_2023,3.0009231486833814e-09,0.0,0.0,7.089197389750198,139.1208615836943,SSB;METTL1;NSUN2;WDR4;KTI12;CDKAL1;THADA;PUS7;ELP5;FTSJ1;TARBP1;GON7;SARS1;ALKBH1;TRMT6;DUS1L;DUS4L;METTL8,0.26865671641791045
1,1000,RNA Modification (GO:0009451),16/51,7.859476374074009e-08,cellular process,GO_Biological_Process_2023,1.8613324746178822e-09,0.0,0.0,8.810685249709639,177.11215895271778,AARS1;SSB;METTL1;NSUN2;WDR4;METTL3;TSR3;NAT10;KTI12;PUS7;ELP5;FTSJ1;HNRNPAB;FTSJ3;SARS1;ALKBH1,0.3137254901960784
1,1000,U5 snRNP (GO:0005682),10/19,5.2183892804492357e-08,protein-containing complex,GO_Cellular_Component_2023,5.711669859198167e-09,0.0,0.0,21.31425364758698,404.560613945833,SNRNP40;PRPF18;PRPF6;SNRPD2;SNRPD1;DDX23;SNRPE;SNRPD3;TXNL4A;PRPF8,0.5263157894736842
1,1000,Spliceosomal snRNP Assembly (GO:0000387),14/37,5.014659254109912e-08,cellular process,GO_Biological_Process_2023,1.1579142149809743e-09,0.0,0.0,11.715230619984126,241.06014789692492,GEMIN2;PRPF8;WDR77;SART3;PRPF6;SNRPD2;SNRPD1;CLNS1A;PRPF3;GEMIN5;GEMIN6;SNRPE;SNRPD3;HNRNPC,0.3783783783783784
1,1000,"Endonucleolytic Cleavage Of Tricistronic rRNA Transcript (SSU-rRNA, 5.8S rRNA, LSU-rRNA) (GO:0000479)",9/13,4.996451909723709e-08,cellular process,GO_Biological_Process_2023,1.1241277239165243e-09,0.0,0.0,43.12916246215944,888.7306687961795,RCL1;NOP14;TBL3;BMS1;RPP40;RRS1;SDE2;TSR1;UTP20,0.6923076923076923
1,1000,RNA Methylation (GO:0001510),18/62,3.4288319092300096e-08,cellular process,GO_Biological_Process_2023,7.511354685702211e-10,0.0,0.0,7.896870949824106,165.90879768326835,DIMT1;METTL1;NSUN2;METTL3;THADA;FTSJ1;FTSJ3;TARBP1;FBL;SNRPD2;SNRPD1;TRMT6;METTL4;METTL5;SNRPE;SNRPD3;METTL16;METTL8,0.2903225806451613
1,1000,Mitochondrial Matrix (GO:0005759),46/355,3.1657842621122815e-08,cellular anatomical structure,GO_Cellular_Component_2023,3.253932278526191e-09,0.0,0.0,2.916644616772845,57.00115718710955,GFM1;FASTKD1;POLDIP2;FASTKD2;GFM2;MRPS14;MRPS12;MRPL39;MRPL58;ETFA;MRPL37;ETFB;LIAS;MRPL34;MRPL13;MRPL35;MRPL57;MRPL11;HSPD1;TBRG4;GCSH;MRPL20;MRPL40;GRPEL1;METTL4;MRPL9;TEFM;DNAJC19;HSPA9;TSFM;MRPS22;PAM16;TWNK;MRPL49;MRPL28;MRPL48;HSPE1;CLPX;SUPV3L1;GARS1;OXA1L;MRPL51;LACTB2;MTHFD2;ABCE1;MTRF1L,0.1295774647887324
1,1000,Maturation Of 5.8S rRNA (GO:0000460),10/16,2.666211430065333e-08,cellular process,GO_Biological_Process_2023,5.682866280778683e-10,0.0,0.0,31.976430976430976,680.7268996347557,NSA2;EXOSC10;LAS1L;PES1;MAK16;URB1;WDR12;RRP15;FTSJ3;MPHOSPH6,0.625
1,1000,U2-type Prespliceosome Assembly (GO:1903241),12/23,8.952264766511586e-09,cellular process,GO_Biological_Process_2023,1.8551170327288662e-10,0.0,0.0,20.966875230033125,469.8237094173442,SF3A3;SF3B5;SF3A1;SF3B3;PHF5A;DDX46;SNRPD2;SNRPD1;SNRPE;SNRPD3;HTATSF1;SF3B1,0.5217391304347826
1,1000,mRNA Splice Site Recognition (GO:0006376),12/29,2.0674548546059683e-07,cellular process,GO_Biological_Process_2023,5.385909627155867e-09,0.0,0.0,13.56251488449631,258.2232257652364,SF3A3;SF3A1;PUF60;YTHDC1;SRSF1;LUC7L;LUC7L3;KHDC4;HNRNPC;SRSF5;SRSF6;SRSF9,0.41379310344827586
1,1000,U2 snRNP (GO:0005686),12/25,6.877106870428108e-09,protein-containing complex,GO_Cellular_Component_2023,6.500747787966867e-10,0.0,0.0,17.739333540952973,375.25668587986377,SF3A3;SF3B5;SF3A1;SF3B3;PHF5A;DDX46;SNRPD2;SNRPD1;SNRPE;SNRPD3;HTATSF1;SF3B1,0.48
1,1000,U1 snRNP (GO:0005685),8/18,8.203556307510545e-06,protein-containing complex,GO_Cellular_Component_2023,1.0611565372899213e-06,0.0,0.0,15.314516129032258,210.66879899260064,SNRPD2;SNRNP70;SNRPD1;LUC7L;LUC7L3;PRPF40A;SNRPE;SNRPD3,0.4444444444444444
1,1000,mRNA surveillance pathway,27/98,3.5201218787488084e-12,Translation,KEGG_2021_Human,1.7823401917715486e-13,0.0,0.0,7.398100835227191,217.17627328136544,DAZAP1;NXT1;RBM8A;CSTF3;CSTF2;CASC3;SMG7;GSPT1;PNN;CLP1;PCF11;MAGOH;PAPOLA;UPF2;FUS;PABPC4;UPF3B;UPF3A;MAGOHB;SRRM1;WDR33;NUDT21;DDX19B;DDX39B;RNPS1;ETF1;TARDBP,0.2755102040816326
1,1000,Mitochondrial Protein Import R-HSA-1268020,19/65,3.678805039673295e-09,Protein localization,Reactome_2022,2.2263661623383047e-10,0.0,0.0,7.980454726765058,177.36943849437773,DNAJC19;HSPA9;TIMM8B;TIMM8A;MTX2;TIMM9;PAM16;TIMM13;TIMM23;TIMM22;TIMM10;TOMM20;HSPD1;CHCHD3;SAMM50;GRPEL1;CHCHD7;TIMM17A;TIMM17B,0.2923076923076923
1,1000,tRNA Aminoacylation R-HSA-379724,16/42,1.146680075478664e-09,Metabolism of proteins,Reactome_2022,6.609107063277603e-11,0.0,0.0,11.866166353971233,278.1427906179369,AARS1;RARS1;MARS1;YARS1;DARS1;AIMP1;AIMP2;GARS1;SARS1;NARS1;EPRS1;PPA1;IARS1;EEF1E1;FARSA;TARS1,0.38095238095238093
1,1000,mRNA Splicing - Minor Pathway R-HSA-72165,19/49,1.3323074945001706e-11,Metabolism of RNA,Reactome_2022,7.295055445389984e-13,0.0,0.0,12.24702684335712,342.26042642194125,SF3B5;ZRSR2;SF3B3;DDX23;SRSF1;RNPC3;PRPF8;SNRNP40;PRPF6;SNRPD2;SRSF2;SNRPE;SNRNP48;SNRPD3;SNRNP35;TXNL4A;SRSF6;SRSF7;SF3B1,0.3877551020408163
1,1000,Cytosolic tRNA Aminoacylation R-HSA-379716,16/24,1.319224510530398e-14,Metabolism of proteins,Reactome_2022,6.843239535892553e-16,0.0,0.0,38.60162601626016,1347.8954471272398,AARS1;RARS1;MARS1;YARS1;DARS1;AIMP1;AIMP2;GARS1;SARS1;EPRS1;NARS1;PPA1;IARS1;EEF1E1;FARSA;TARS1,0.6666666666666666
1,1000,Transport Of Mature Transcript To Cytoplasm R-HSA-72202,32/83,2.4453950509319247e-19,Metabolism of RNA,Reactome_2022,1.1980321575170811e-20,0.0,0.0,12.282612218441097,563.4159693678779,FYTTD1;NXT1;LUZP4;RBM8A;SRSF1;U2AF1;CASC3;U2AF2;MAGOH;SRSF11;CHTOP;THOC1;UPF3B;THOC2;THOC5;MAGOHB;CDC40;THOC7;SRRM1;THOC6;WDR33;DDX39B;SARNP;ZC3H11A;SRSF2;SRSF3;SRSF4;RNPS1;SRSF5;SRSF6;SRSF7;SRSF9,0.3855421686746988
1,1000,Transport Of Mature mRNA Derived From An Intron-Containing Transcript R-HSA-159236,31/74,5.421479157267484e-20,Metabolism of RNA,Reactome_2022,2.499817478855324e-21,0.0,0.0,14.10389516883865,669.061555461986,FYTTD1;NXT1;LUZP4;RBM8A;SRSF1;U2AF1;CASC3;U2AF2;MAGOH;SRSF11;CHTOP;THOC1;UPF3B;THOC2;THOC5;MAGOHB;CDC40;THOC7;SRRM1;THOC6;DDX39B;SARNP;ZC3H11A;SRSF2;SRSF3;SRSF4;RNPS1;SRSF5;SRSF6;SRSF7;SRSF9,0.4189189189189189
1,1000,mRNA 3-End Processing R-HSA-72187,36/58,3.5716217025394428e-31,Metabolism of RNA,Reactome_2022,1.5439286898585487e-32,0.0,0.0,32.21463598642022,2359.670307762278,FYTTD1;LUZP4;RBM8A;CSTF3;CSTF2;SRSF1;U2AF1;CASC3;PCF11;U2AF2;MAGOH;PAPOLA;SRSF11;CHTOP;THOC1;UPF3B;THOC2;THOC5;MAGOHB;CDC40;THOC7;SRRM1;THOC6;WDR33;NUDT21;DDX39B;SARNP;ZC3H11A;SRSF2;SRSF3;SRSF4;RNPS1;SRSF5;SRSF6;SRSF7;SRSF9,0.6206896551724138
1,1000,Major Pathway Of rRNA Processing In Nucleolus And Cytosol R-HSA-6791226,60/179,3.218111044081488e-32,Metabolism of RNA,Reactome_2022,1.298373331906076e-33,0.0,0.0,10.12748077954586,766.8953382300539,LTV1;RBM28;DDX49;RPP30;WDR3;FCF1;PWP2;WDR46;WDR43;RRP9;FBL;NOB1;UTP14A;UTP14C;UTP15;WDR36;WDR75;IMP4;UTP18;FTSJ3;GNL3;EBNA1BP2;C1D;UTP25;NIP7;HEATR1;ISG20L2;SNU13;MRPL13;NOL6;RRP7A;EMG1;EXOSC10;PDCD11;ERI1;BMS1;PES1;UTP20;DCAF13;NOP56;NOP14;NOP58;UTP6;UTP4;PNO1;KRR1;UTP3;WDR18;RPP40;RRP1B;WDR12;RCL1;BOP1;TBL3;LAS1L;MPHOSPH10;TSR1;NOL11;NOL12;MPHOSPH6,0.33519553072625696
1,1000,rRNA Processing R-HSA-72312,64/199,3.8805874657335216e-33,Metabolism of RNA,Reactome_2022,1.4538223935024722e-34,0.0,0.0,9.554922443811332,744.4593315763389,LTV1;RBM28;DDX49;RPP30;WDR3;FCF1;NAT10;PWP2;WDR46;WDR43;RRP9;FBL;NOB1;UTP14A;UTP14C;UTP15;WDR36;DIMT1;WDR75;IMP4;UTP18;GNL3;FTSJ3;EBNA1BP2;C1D;UTP25;NIP7;HEATR1;TSR3;NOP2;ISG20L2;SNU13;MRPL13;NOL6;RRP7A;EMG1;EXOSC10;PDCD11;ERI1;PES1;BMS1;UTP20;DCAF13;NOP56;UTP6;NOP14;NOP58;UTP4;PNO1;UTP3;KRR1;WDR18;RPP40;RRP1B;WDR12;RCL1;BOP1;TBL3;LAS1L;MPHOSPH10;TSR1;NOL11;NOL12;MPHOSPH6,0.32160804020100503
1,1000,RNA Polymerase II Transcription Termination R-HSA-73856,40/67,1.386538508617727e-33,Gene expression (Transcription),Reactome_2022,4.7949458511275854e-35,0.0,0.0,29.27932098765432,2313.7373182392093,FYTTD1;ZNF473;LUZP4;RBM8A;CSTF3;CSTF2;SRSF1;U2AF1;CASC3;LSM10;PCF11;U2AF2;MAGOH;PAPOLA;SNRPD3;SRSF11;CHTOP;THOC1;UPF3B;THOC2;THOC5;MAGOHB;CDC40;THOC7;SRRM1;THOC6;WDR33;NUDT21;DDX39B;SARNP;ZC3H11A;SRSF2;SRSF3;SNRPE;SRSF4;RNPS1;SRSF5;SRSF6;SRSF7;SRSF9,0.5970149253731343
1,1000,rRNA Processing In Nucleus And Cytosol R-HSA-8868773,64/189,1.3621341666579063e-34,Metabolism of RNA,Reactome_2022,4.3180045628924985e-36,0.0,0.0,10.324786324786324,840.7501376961277,LTV1;RBM28;DDX49;RPP30;WDR3;FCF1;NAT10;PWP2;WDR46;WDR43;RRP9;FBL;NOB1;UTP14A;UTP14C;UTP15;WDR36;DIMT1;WDR75;IMP4;UTP18;FTSJ3;GNL3;EBNA1BP2;C1D;UTP25;NIP7;NOP2;HEATR1;TSR3;ISG20L2;SNU13;MRPL13;NOL6;RRP7A;EMG1;EXOSC10;PDCD11;ERI1;BMS1;PES1;UTP20;DCAF13;NOP56;NOP14;NOP58;UTP6;UTP4;PNO1;KRR1;UTP3;WDR18;RPP40;RRP1B;WDR12;RCL1;BOP1;TBL3;LAS1L;MPHOSPH10;TSR1;NOL11;NOL12;MPHOSPH6,0.3386243386243386
1,1000,Ribosome,33/158,3.05414374990867e-11,Translation,KEGG_2021_Human,1.933002373359918e-12,0.0,0.0,5.153050672182006,138.98780801009633,MRPS17;MRPS15;MRPS16;MRPS14;MRPS11;MRPL19;MRPS12;MRPL16;MRPL17;MRPS10;MRPL36;MRPL15;MRPL12;MRPL34;MRPL13;MRPL35;MRPL11;MRPL4;MRPL20;MRPL3;MRPL2;MRPL1;MRPL9;MRPL27;MRPS18A;MRPL28;MRPS2;MRPL23;MRPS7;MRPL24;MRPS18C;MRPL22;MRPL30,0.2088607594936709
1,1000,rRNA Modification In Nucleus And Cytosol R-HSA-6790901,41/60,5.853319441601461e-38,Metabolism of RNA,Reactome_2022,1.6868355739485473e-39,0.0,0.0,42.71011470281543,3813.072095451666,UTP25;DDX49;WDR3;HEATR1;NOP2;TSR3;FCF1;NAT10;SNU13;PWP2;WDR46;WDR43;RRP9;NOL6;RRP7A;FBL;EMG1;PDCD11;BMS1;UTP20;UTP14A;DCAF13;UTP14C;UTP15;NOP56;WDR36;NOP14;NOP58;UTP6;UTP4;DIMT1;KRR1;PNO1;UTP3;WDR75;IMP4;UTP18;RCL1;TBL3;MPHOSPH10;NOL11,0.6833333333333333
1,1000,Mitochondrial Translation Initiation R-HSA-5368286,60/82,1.1963999831208428e-58,Metabolism of proteins,Reactome_2022,2.7582708544572745e-60,0.0,0.0,55.06189555125725,7551.215974850216,MRPS17;MRPS15;MRPS16;MRPS14;MRPS11;MRPL38;MRPL39;MRPS10;MRPL36;MRPL37;MRPL34;MRPL35;MRPL4;MRPL41;MRPL3;MRPL42;MRPL1;MRPL40;MRPL9;CHCHD1;MRPS26;MRPS27;MRPS25;MRPS22;MRPS23;MRPL49;MRPS18B;MRPS18A;MRPS2;MRPL47;MRPL48;MRPS7;MRPL46;MRPL44;MRPS18C;MRPL52;OXA1L;MRPL50;MRPL51;AURKAIP1;MRPS35;MRPS33;MRPL19;MRPS34;MRPL16;MRPS31;MRPL17;MRPL58;MTIF2;MRPL15;MRPS30;MRPL12;MRPL13;MRPL57;MRPL11;MRPL20;PTCD3;MRPL23;MRPL24;MRPL30,0.7317073170731707
1,1000,Mitochondrial Translation Termination R-HSA-5419276,61/82,2.438349598988836e-60,Metabolism of proteins,Reactome_2022,4.9188608625135034e-62,0.0,0.0,58.71083726355292,8288.044435342854,MRPS17;MRPS15;MRPS16;GFM2;MRPS14;MRPS11;MRPL38;MRPL39;MRPS10;MRPL36;MRPL37;MRPL34;MRPL35;MRPL4;MRPL41;MRPL3;MRPL42;MRPL1;MRPL40;MRPL9;CHCHD1;MRPS26;MRPS27;MRPS25;MRPS22;MRPS23;MRPL49;MRPS18B;MRPS18A;MRPS2;MRPL47;MRPL48;MRPS7;MRPL46;MRPL44;MRPS18C;MRPL52;OXA1L;MRPL50;MRPL51;AURKAIP1;MTRF1L;MRPS35;MRPS33;MRPL19;MRPS34;MRPL16;MRPS31;MRPL17;MRPL58;MRPL15;MRPS30;MRPL12;MRPL13;MRPL57;MRPL11;MRPL20;PTCD3;MRPL23;MRPL24;MRPL30,0.7439024390243902
1,1000,Mitochondrial Translation Elongation R-HSA-5389840,61/82,2.438349598988836e-60,Metabolism of proteins,Reactome_2022,4.9188608625135034e-62,0.0,0.0,58.71083726355292,8288.044435342854,MRPS17;GFM1;MRPS15;MRPS16;MRPS14;MRPS11;MRPL38;MRPL39;MRPS10;MRPL36;MRPL37;MRPL34;MRPL35;MRPL4;MRPL41;MRPL3;MRPL42;MRPL1;MRPL40;MRPL9;CHCHD1;TSFM;MRPS26;MRPS27;MRPS25;MRPS22;MRPS23;MRPL49;MRPS18B;MRPS18A;MRPS2;MRPL47;MRPL48;MRPS7;MRPL46;MRPL44;MRPS18C;MRPL52;OXA1L;MRPL50;MRPL51;AURKAIP1;MRPS35;MRPS33;MRPL19;MRPS34;MRPL16;MRPS31;MRPL17;MRPL58;MRPL15;MRPS30;MRPL12;MRPL13;MRPL57;MRPL11;MRPL20;PTCD3;MRPL23;MRPL24;MRPL30,0.7439024390243902
1,1000,Mitochondrial Translation R-HSA-5368287,64/88,3.970234464200794e-62,Metabolism of proteins,Reactome_2022,5.7207989397705964e-64,0.0,0.0,54.06267806267806,7872.67948730248,MRPS17;GFM1;MRPS15;MRPS16;GFM2;MRPS14;MRPS11;MRPL38;MRPL39;MRPS10;MRPL36;MRPL37;MRPL34;MRPL35;MRPL4;MRPL41;MRPL3;MRPL42;MRPL1;MRPL40;MRPL9;CHCHD1;TSFM;MRPS26;MRPS27;MRPS25;MRPS22;MRPS23;MRPL49;MRPS18B;MRPS18A;MRPS2;MRPL47;MRPL48;MRPS7;MRPL46;MRPL44;MRPS18C;MRPL52;OXA1L;MRPL50;MRPL51;AURKAIP1;MTRF1L;MRPS35;MRPS33;MRPL19;MRPS34;MRPL16;MRPS31;MRPL17;MRPL58;MTIF2;MRPL15;MRPS30;MRPL12;MRPL13;MRPL57;MRPL11;MRPL20;PTCD3;MRPL23;MRPL24;MRPL30,0.7272727272727273
1,1000,mRNA Splicing - Major Pathway R-HSA-72163,87/181,2.849138214664053e-62,Metabolism of RNA,Reactome_2022,3.284309181168937e-64,0.0,0.0,19.165505348278995,2801.542460440887,DDX46;HNRNPU;PPWD1;HNRNPR;CASC3;CWC27;CCAR1;PQBP1;SNRPD2;PCF11;SNRNP70;MAGOH;PAPOLA;DHX15;SNRPD3;TXNL4A;BCAS2;CTNNBL1;RBM5;BUD31;PRPF40A;TFIP11;WBP11;CDC40;SRRM1;WDR33;PRPF4;GCFC2;PRPF6;HNRNPUL1;PRPF3;SRSF2;SNRNP27;SRSF3;PPIH;SNRPE;SRSF4;HNRNPH2;SRSF5;DNAJC8;SRSF6;SRSF7;SRSF9;SF3B5;SF3B3;RBM8A;CSTF3;CSTF2;DDX23;SRRT;SRSF1;WBP4;SNU13;U2AF1;PRPF8;PUF60;U2AF2;TRA2B;HNRNPA1;SF3B1;SMNDC1;SRSF11;HNRNPA0;SF3A3;HNRNPA3;SF3A1;PRPF38A;GPKOW;FUS;UPF3B;CDC5L;MAGOHB;LSM3;U2SURP;CHERP;HNRNPL;LSM8;NUDT21;SNRNP40;HNRNPK;PHF5A;HNRNPA2B1;HNRNPD;RNPS1;HNRNPC;PPIL3;PPIL4,0.48066298342541436
1,1000,mRNA Splicing R-HSA-72172,91/189,3.5451937859512745e-65,Metabolism of RNA,Reactome_2022,3.065009036845482e-67,0.0,0.0,19.30897375451831,2957.230167535578,DDX46;HNRNPU;PPWD1;HNRNPR;CASC3;CWC27;CCAR1;PQBP1;SNRPD2;PCF11;SNRNP70;MAGOH;PAPOLA;DHX15;SNRPD3;SNRNP35;TXNL4A;BCAS2;CTNNBL1;RBM5;BUD31;PRPF40A;TFIP11;WBP11;CDC40;SRRM1;WDR33;PRPF4;GCFC2;PRPF6;HNRNPUL1;PRPF3;SRSF2;SNRNP27;SRSF3;PPIH;SNRPE;SRSF4;HNRNPH2;SRSF5;DNAJC8;SRSF6;SRSF7;SRSF9;SF3B5;SF3B3;RBM8A;CSTF3;CSTF2;DDX23;SRRT;SRSF1;WBP4;SNU13;U2AF1;RNPC3;PRPF8;PUF60;U2AF2;TRA2B;HNRNPA1;SF3B1;SMNDC1;SRSF11;HNRNPA0;SF3A3;ZRSR2;HNRNPA3;SF3A1;PRPF38A;GPKOW;FUS;UPF3B;CDC5L;MAGOHB;LSM3;U2SURP;CHERP;HNRNPL;LSM8;NUDT21;SNRNP40;HNRNPK;PHF5A;HNRNPA2B1;HNRNPD;RNPS1;SNRNP48;HNRNPC;PPIL3;PPIL4,0.48148148148148145
1,1000,Processing Of Capped Intron-Containing Pre-mRNA R-HSA-72203,104/242,2.579275621094354e-68,Metabolism of RNA,Reactome_2022,1.486614190832481e-70,0.0,0.0,15.864777432712216,2550.809598458061,HNRNPU;HNRNPR;CASC3;CWC27;CCAR1;SNRPD2;MAGOH;PAPOLA;SNRPD3;SNRNP35;TXNL4A;METTL3;THOC1;THOC2;THOC5;WBP11;CDC40;THOC7;SRRM1;THOC6;PRPF4;PRPF6;DDX39B;HNRNPUL1;SARNP;ZC3H11A;PRPF3;SRSF2;SNRNP27;SRSF3;PPIH;SNRPE;SRSF4;SRSF5;SRSF6;SRSF7;SRSF9;RBM8A;CSTF3;CSTF2;SNU13;RNPC3;PRPF8;ZRSR2;CHTOP;PRPF38A;FUS;UPF3B;MAGOHB;LSM3;CHERP;HNRNPL;LSM8;HNRNPK;HNRNPD;RNPS1;HNRNPC;NXT1;DDX46;PPWD1;PQBP1;PCF11;SNRNP70;DHX15;BCAS2;CTNNBL1;RBM5;BUD31;PRPF40A;TFIP11;WDR33;GCFC2;HNRNPH2;DNAJC8;FYTTD1;SF3B5;SF3B3;LUZP4;SRRT;DDX23;SRSF1;WBP4;U2AF1;PUF60;U2AF2;TRA2B;HNRNPA1;SF3B1;SMNDC1;SRSF11;HNRNPA0;SF3A3;SF3A1;HNRNPA3;GPKOW;CDC5L;U2SURP;NUDT21;SNRNP40;PHF5A;HNRNPA2B1;SNRNP48;PPIL3;PPIL4,0.4297520661157025
1,1000,Metabolism Of RNA R-HSA-8953854,199/666,2.267917953263128e-99,Metabolism of RNA,Reactome_2022,6.5357866088274565e-102,0.0,0.0,9.85937545947651,2297.100264180824,LTV1;POP5;FCF1;HNRNPU;HNRNPR;PHAX;PWP2;RRP9;CCAR1;LSM10;SNRPD2;MAGOH;SNRPD3;METTL1;METTL3;WDR75;IMP4;CDC40;WDR77;SRRM1;DDX39B;CLNS1A;SARNP;ZC3H11A;CSTF3;CSTF2;SNU13;RNPC3;MRPL13;GSPT1;RRP7A;PDCD11;ERI1;ZRSR2;PRPF38A;PNO1;UPF3B;UPF3A;MAGOHB;HNRNPL;TBL3;HNRNPK;LAS1L;EPRS1;HNRNPD;MPHOSPH10;RNPS1;HNRNPC;NOL11;NOL12;NAT10;SMG9;SMG7;WDR46;WDR43;PQBP1;PCF11;DHX15;UTP14A;UTP14C;UPF2;WDR36;NSUN2;PRPF40A;GNL3;WDR33;GCFC2;HNRNPH2;FYTTD1;SF3B5;ZNF473;SF3B3;NIP7;SRRT;TSR3;HEATR1;NOL6;EXOSC10;PES1;SF3B1;SRSF11;PAIP1;SF3A3;SF3A1;UTP6;UTP4;UTP3;WDR18;RRP1B;WDR12;NUDT21;BOP1;PHF5A;XPOT;TRMT6;HNRNPA2B1;TSR1;MPHOSPH6;GEMIN2;RPP30;CASC3;CWC27;FBL;PAPOLA;SNRNP35;TXNL4A;DIMT1;THOC1;CDKAL1;THOC2;THOC5;PUS7;WBP11;FTSJ1;THOC7;FTSJ3;THOC6;PRPF4;EBNA1BP2;PRPF6;HNRNPUL1;PRPF3;SRSF2;SNRNP27;SRSF3;GEMIN5;SNRPE;SRSF4;GEMIN6;PPIH;SRSF5;SRSF6;SRSF7;SRSF9;UTP25;RBM8A;DDX1;NOP2;ISG20L2;THADA;PRPF8;EMG1;UTP20;CHTOP;NOP14;FUS;RPP40;LSM1;LSM3;CHERP;RCL1;LSM8;RBM28;NXT1;DDX49;DDX46;WDR3;WDR4;PPWD1;NOB1;SNRNP70;TNPO1;BCAS2;CTNNBL1;RBM5;UTP15;BUD31;TFIP11;UTP18;SKIC8;C1D;ETF1;DNAJC8;LUZP4;SRSF1;WBP4;DDX23;U2AF1;LAGE3;PUF60;U2AF2;BMS1;TRA2B;HNRNPA1;SMNDC1;DCAF13;HNRNPA0;NOP56;HNRNPA3;NOP58;GPKOW;KRR1;CDC5L;U2SURP;PNRC2;SNRNP40;SNRNP48;PPIL3;PPIL4,0.2987987987987988
1,1000,Spliceosome,69/150,1.7041395358956139e-47,Transcription,KEGG_2021_Human,2.1571386530324227e-49,0.0,0.0,17.310617814377213,1939.7912534007723,RBM25;DDX46;HNRNPU;PQBP1;SNRPD2;SNRPD1;SNRNP70;MAGOH;DHX15;SNRPD3;TXNL4A;BCAS2;CTNNBL1;BUD31;THOC1;PRPF40A;THOC2;WBP11;CDC40;PRPF4;PRPF6;RBMXL1;PRPF18;DDX39B;PRPF3;SRSF2;SNRNP27;SRSF3;PPIH;SNRPE;SRSF4;SRSF5;SRSF6;SRSF7;SRSF8;SRSF9;SF3B5;SF3B3;DHX8;RBM8A;DDX23;SRSF1;SNU13;U2AF1;PRPF8;PUF60;U2AF2;TRA2B;TRA2A;HNRNPA1;SF3B1;SMNDC1;SF3A3;PRPF38B;HNRNPA3;SF3A1;PRPF38A;FUS;CDC5L;MAGOHB;LSM3;U2SURP;CHERP;LSM8;SNRNP40;HNRNPK;PHF5A;HNRNPC;HNRNPA1L2,0.46
1,1000,Ribosome biogenesis in eukaryotes,43/108,2.1977675815876123e-26,Translation,KEGG_2021_Human,5.563968560981297e-28,0.0,0.0,13.089060364922434,821.4180013254926,POP5;RBM28;NXT1;POP1;NVL;RPP30;WDR3;HEATR1;FCF1;NAT10;NMD3;SNU13;PWP2;AK6;WDR43;NOL6;RRP7A;FBL;EMG1;NOB1;TCOF1;BMS1;UTP14A;MDN1;UTP14C;UTP15;NOP56;WDR36;NOP58;UTP6;UTP4;IMP3;RPP40;WDR75;IMP4;GNL2;UTP18;GTPBP4;GNL3;RCL1;TBL3;GNL3L;MPHOSPH10,0.39814814814814814
1,1000,RNA transport,38/186,2.2477754403592937e-12,None,KEGG_2021_Human,8.53585610263023e-14,0.0,0.0,5.03157835590268,151.4098314508767,POP5;NXT1;RBM8A;POP1;GEMIN2;RPP30;PHAX;NMD3;CASC3;PNN;MAGOH;EIF4EBP2;PAIP1;UPF2;EIF5B;EIF1AX;FUS;PABPC4;RPP40;THOC1;UPF3B;UPF3A;THOC2;THOC5;MAGOHB;THOC7;SRRM1;THOC6;DDX19B;DDX39B;XPOT;CLNS1A;EIF3J;GEMIN5;GEMIN6;RNPS1;TARDBP;EIF3B,0.20430107526881722
1,1000,Translation R-HSA-72766,96/281,1.2237775397455769e-52,Metabolism of proteins,Reactome_2022,3.1740627832017843e-54,0.0,0.0,10.800287012676392,1330.4288478252206,MRPS17;SRP19;GFM1;MRPS15;MRPS16;GFM2;MRPS14;MRPS11;MRPL38;SRP54;MRPL39;MRPS10;MRPL36;MRPL37;MRPL34;APEH;YARS1;MRPL35;MRPL41;MRPL4;MRPL42;MRPL3;MRPL40;MRPL1;NARS1;SEC61G;MRPL9;CHCHD1;EIF5B;TSFM;MRPS26;MRPS27;RARS1;MRPS25;EIF1AX;MRPS22;MRPS23;SSR3;MARS1;MRPS18B;MRPL49;MRPS18A;MRPS2;MRPL47;MRPL48;MRPS7;MRPL46;DARS1;MRPS18C;MRPL44;MRPL52;OXA1L;MRPL50;SARS1;MRPL51;PPA1;ETF1;AURKAIP1;EEF1E1;TARS1;MTRF1L;AARS1;MRPS35;MRPS33;MRPL19;MRPS34;MRPL16;MRPS31;MRPL17;MRPL58;MTIF2;MRPL15;MRPS30;MRPL12;MRPL13;MRPL57;GSPT1;MRPL11;MRPL20;SRP72;EIF4H;SSR1;IARS1;PTCD3;MRPL23;MRPL24;AIMP1;MRPL30;AIMP2;GARS1;EIF3M;EPRS1;EIF3J;SRPRB;FARSA;EIF3B,0.3416370106761566
1,1000,snoRNA Binding (GO:0030515),14/31,4.254035427956985e-09,binding,GO_Molecular_Function_2023,6.664285265728959e-11,0.0,0.0,15.85502923278845,371.50986533497263,NOP56;UTP25;NOP14;NOP58;UTP6;NUFIP1;WDR3;HEATR1;DDX21;SNU13;RRP9;TBL3;SDE2;TSR1,0.45161290322580644
1,1000,U12-type Spliceosomal Complex (GO:0005689),12/28,3.1657842621122815e-08,protein-containing complex,GO_Cellular_Component_2023,3.307535796236712e-09,0.0,0.0,14.410931174089068,281.40315223892253,SF3B5;ZRSR2;SF3B3;PHF5A;SNRPD2;SNRPD1;SNRNP48;SNRPE;SNRPD3;RNPC3;SNRNP35;SF3B1,0.42857142857142855
1,1000,Chromosome (GO:0005694),31/164,1.4842750407321252e-09,cellular anatomical structure,GO_Cellular_Component_2023,1.3292015290138435e-10,0.0,0.0,4.538257408226449,103.20574849599144,DDX27;RRP1;HP1BP3;NOL7;HNRNPU;DDX21;NOL8;SMC5;MACROH2A1;EMG1;BMS1;PES1;RBM34;DDX18;IK;UTP6;NIFK;UTP4;KRR1;DNTTIP1;DNTTIP2;RRP1B;PUM3;FTSJ3;GNL3;BOP1;RSL1D1;EBNA1BP2;CCDC86;MPHOSPH10;PIN4,0.18902439024390244
1,1000,Spliceosomal snRNP Complex (GO:0097525),29/57,1.0991651090901126e-21,protein-containing complex,GO_Cellular_Component_2023,4.9216348168214e-23,0.0,0.0,20.23642783580992,1039.460636476406,SF3B5;SF3B3;DDX46;DDX23;SNU13;HTATSF1;PRPF8;SNRPD2;SNRNP70;SNRPD1;LUC7L;SNRPD3;TXNL4A;SF3B1;SF3A3;SF3A1;PRPF40A;LSM3;PRPF4;LSM8;SNRNP40;PRPF18;PRPF6;PHF5A;DDX39B;LUC7L3;PPIH;SNRPE;HNRNPC,0.5087719298245614
1,1000,"Maturation Of 5.8S rRNA From Tricistronic rRNA Transcript (SSU-rRNA, 5.8S rRNA, LSU-rRNA) (GO:0000466)",12/21,2.198962134990404e-09,cellular process,GO_Biological_Process_2023,4.426566760785894e-11,0.0,0.0,25.628879892037787,611.0133005339148,NOP14;EXOSC10;ERI1;ERI2;PES1;RPP40;ERI3;RRS1;UTP20;URB1;WDR12;FTSJ3,0.5714285714285714
1,1000,protein-RNA Complex Assembly (GO:0022618),46/150,4.321896464566895e-22,cellular process,GO_Biological_Process_2023,3.5823890174029916e-24,0.0,0.0,8.760845024995968,472.9630875468607,YTHDC1;GEMIN2;DDX1;MRPS11;NOP2;DDX23;SRSF1;PPAN;PWP2;RRP7A;MRPL20;SART3;SNRPD2;PUF60;SNRPD1;RRS1;LUC7L;KHDC4;SNRPD3;TXNL4A;SF3B1;MDN1;RBM5;ZRSR2;RRP7BP;MRPS7;WDR77;GCFC2;BOP1;NUDT21;EIF3M;PRPF6;PRPF18;DDX39B;CLNS1A;EIF3J;GEMIN5;LUC7L3;GEMIN6;SNRPE;SRSF5;DHX29;HNRNPC;SRSF6;SRSF9;EIF3B,0.30666666666666664
1,1000,Mitochondrial Membrane (GO:0031966),96/540,1.0089637027757571e-26,cellular anatomical structure,GO_Cellular_Component_2023,4.015775931445799e-28,0.0,0.0,4.438172685960296,279.96948405328084,MRPS17;MRS2;SLC25A3;MRPS15;MRPS16;MRPS14;MRPS11;MRPS12;MRPL38;MRPL39;MRPS10;MRPL36;MRPL37;MRPL34;MRPL35;TOMM20;MRPL41;MRPL4;MRPL42;MRPL3;NGRN;MRPL2;MRPL40;MRPL1;CHCHD3;TIMM17A;TIMM17B;MPV17;MRPL9;CHCHD1;TMEM14A;SLC25A46;MRPS28;MRPS26;TIMM29;MRPS27;MRPS25;MRPS22;MRPS23;MRPL49;MRPS18B;TOMM34;TIMM23;MRPS18A;MRPS2;MRPL47;TIMM22;NME4;MRPL48;MRPS7;MRPL46;CLPX;MRPL44;MRPS18C;MRPL52;IMMP1L;OXA1L;MRPL50;MRPL51;AURKAIP1;DAP3;TIMM9;MRPS33;MRPL19;MRPS34;MRPL16;TIMM13;MRPS31;MRPL17;MRPL58;MIEF1;TIMM10;MRPS30;MRPL12;MRPL13;MRPL57;MRPL11;HSPD1;MRPL20;SAMM50;MSTO1;ATP5MJ;DNAJC19;PTCD3;MTX2;MRPL27;MRPL28;IMMT;MRPL23;MRPL24;GDAP1;MRPL22;MRPL30;SFXN1;SLC25A32;ALDH18A1,0.17777777777777778
1,1000,U2-type Spliceosomal Complex (GO:0005684),41/90,4.09565532912206e-28,protein-containing complex,GO_Cellular_Component_2023,1.4263476270574337e-29,0.0,0.0,16.534889659722076,1098.2449013294272,SF3B5;SF3B3;DHX8;RBM8A;WBP4;SNU13;CASC3;CWC27;HTATSF1;PRPF8;SNRPD2;SNRNP70;SNRPD1;U2AF2;LUC7L;SNRPD3;TXNL4A;SF3B1;BCAS2;SF3A3;IK;SF3A1;PRPF38A;BUD31;YJU2;CDC5L;PRPF40A;TFIP11;MAGOHB;CDC40;LSM3;GCFC2;PRPF4;LSM8;SNRNP40;PRPF18;PRPF6;PHF5A;PRPF3;LUC7L3;SNRPE,0.45555555555555555
1,1000,RNA Splicing (GO:0008380),45/98,2.053495242217742e-30,cellular process,GO_Biological_Process_2023,1.580546959670257e-32,0.0,0.0,16.84510520596661,1233.4820203384295,SF3B3;DHX8;RBM8A;GEMIN2;DDX23;WBP4;U2AF1;RNPC3;PRPF8;SYNCRIP;SNRPD2;SNRPD1;RSRC1;TRA2B;MAGOH;DHX15;SNRPD3;SNRNP35;TXNL4A;SF3B1;SMNDC1;BCAS2;SF3A3;ZRSR2;FUS;YJU2;LSM1;MAGOHB;SRRM1;PRPF4;SNRNP40;PRPF6;PRPF18;DDX39B;PRPF3;SRSF2;MPHOSPH10;LUC7L3;SRSF4;RNPS1;SNRNP48;HNRNPC;HNRNPH3;TARDBP;SRSF7,0.45918367346938777
1,1000,Organelle Inner Membrane (GO:0019866),87/398,7.671477364425451e-31,cellular anatomical structure,GO_Cellular_Component_2023,2.2899932431120744e-32,0.0,0.0,5.726300701197071,417.1849082846627,MRPS17;MRS2;SLC25A3;MRPS15;MRPS16;MRPS14;MRPS11;MRPS12;MRPL38;MRPL39;MRPS10;MRPL36;MRPL37;MRPL34;MRPL35;MRPL41;MRPL4;MRPL42;MRPL3;MRPL2;MRPL40;MRPL1;CHCHD3;TIMM17A;TIMM17B;MPV17;MRPL9;CHCHD1;MRPS28;MRPS26;TIMM29;MRPS27;MRPS25;MRPS22;MRPS23;MRPL49;MRPS18B;TIMM23;MRPS18A;MRPS2;MRPL47;TIMM22;NME4;MRPL48;MRPS7;MRPL46;CLPX;MRPL44;MRPS18C;MRPL52;IMMP1L;MRPL50;MRPL51;MATR3;AURKAIP1;DAP3;TIMM9;MRPS33;MRPL19;MRPS34;MRPL16;TIMM13;MRPS31;MRPL17;MRPL58;TIMM10;MRPS30;MRPL12;MRPL13;MRPL57;MRPL11;HSPD1;MRPL20;ATP5MJ;DNAJC19;PTCD3;MRPL27;MRPL28;IMMT;MRPL23;MRPL24;MRPL22;MRPL30;GARS1;SFXN1;SLC25A32;ALDH18A1,0.2185929648241206
1,1000,Gene Expression (GO:0010467),76/296,3.277728246243366e-31,cellular process,GO_Biological_Process_2023,2.3287589671356067e-33,0.0,0.0,7.02125147579693,527.5766433353531,MRPS17;MRPS15;MRPS16;NXT1;FASTKD2;MRPS14;MRPS11;DIS3L;MRPS12;HNRNPU;MRPL36;MRPL37;CASC3;MRPL34;SMG7;MRPL35;MRPL41;RBM3;MRPL42;SYNCRIP;MRPL3;MAGOH;MRPL9;RBM5;UPF2;PABPC4;MRPS18B;THOC1;DNTTIP2;MRPS18A;TFIP11;THOC2;MRPS7;THOC5;THOC7;DARS1;MRPS18C;THOC6;MRPL52;PRPF4;DDX19B;SARS1;MRPL51;DDX39B;HNRNPUL1;SARNP;SRSF3;NCBP3;HNRNPH3;FYTTD1;NUFIP1;DHX8;RBM8A;YTHDC1;MRPS33;MRPL12;MRPL13;GSPT1;MRPL11;HSPD1;EXOSC10;EIF4EBP2;TASP1;RBM39;CHTOP;MRPL27;MRPL28;MAGOHB;MRPL23;MRPL24;HNRNPL;SNRNP40;HNRNPK;HNRNPA2B1;HNRNPD;MPHOSPH10,0.25675675675675674
1,1000,rRNA Processing (GO:0006364),47/101,4.5437655965601256e-32,cellular process,GO_Biological_Process_2023,2.9592315904180807e-34,0.0,0.0,17.303291749251876,1335.8654017798335,DDX49;DDX27;NVL;WDR3;NOP2;MAK16;TSR3;NOLC1;NAT10;NOL8;SNU13;RRP9;NOL6;RRP7A;FBL;EMG1;EXOSC10;NOB1;ERI1;PES1;UTP20;RRP12;LYAR;RRP15;DCAF13;UTP15;NOP56;NOP14;WDR36;NOP58;RRP7BP;UTP4;WDR18;WDR74;DDX10;WDR55;EBNA1BP2;NSA2;LAS1L;MRTO4;C1D;MPHOSPH10;ESF1;SRFBP1;PIN4;NOL11;MPHOSPH6,0.46534653465346537
1,1000,Mitochondrial Inner Membrane (GO:0005743),86/370,1.6325938458870742e-32,cellular anatomical structure,GO_Cellular_Component_2023,4.0611787211121255e-34,0.0,0.0,6.200788978950288,476.7564651773913,MRPS17;MRS2;MRPS15;SLC25A3;MRPS16;MRPS14;MRPS11;MRPS12;MRPL38;MRPL39;MRPS10;MRPL36;MRPL37;MRPL34;MRPL35;MRPL41;MRPL4;MRPL42;MRPL3;MRPL2;MRPL40;CHCHD3;MRPL1;TIMM17A;TIMM17B;MPV17;MRPL9;CHCHD1;MRPS28;MRPS26;MRPS27;TIMM29;MRPS25;MRPS22;MRPS23;PAM16;MRPS18B;MRPL49;MRPS18A;MRPS2;TIMM23;MRPL47;NME4;TIMM22;MRPL48;MRPS7;MRPL46;CLPX;MRPS18C;MRPL44;MRPL52;IMMP1L;MRPL50;MRPL51;AURKAIP1;DAP3;MRPS33;TIMM9;MRPL19;MRPS34;MRPL16;MRPS31;TIMM13;MRPL17;MRPL58;MRPS30;TIMM10;MRPL12;MRPL13;MRPL57;MRPL11;HSPD1;MRPL20;ATP5MJ;DNAJC19;PTCD3;MRPL27;MRPL28;IMMT;MRPL23;MRPL24;MRPL22;MRPL30;SFXN1;SLC25A32;ALDH18A1,0.23243243243243245
1,1000,Ribosomal Small Subunit Biogenesis (GO:0042274),44/84,8.609812270546935e-33,cellular process,GO_Biological_Process_2023,5.097579793100611e-35,0.0,0.0,21.81589958158996,1722.620788030329,LTV1;MRPS11;WDR3;MRPS12;HEATR1;TSR3;FCF1;NOL7;NAT10;SNU13;PWP2;WDR46;WDR43;RRP9;NOL6;RRP7A;FBL;EMG1;EXOSC10;NOB1;BMS1;UTP20;UTP15;NOP56;WDR36;NOP14;NOP58;UTP6;RRP7BP;UTP4;DIMT1;KRR1;PNO1;UTP3;NGDN;DNTTIP2;WDR75;MRPS7;UTP18;RCL1;TBL3;MPHOSPH10;SRFBP1;NOL11,0.5238095238095238
1,1000,mRNA Binding (GO:0003729),61/282,1.9535095896904062e-20,binding,GO_Molecular_Function_2023,1.020109446313528e-22,0.0,0.0,5.520068041962423,279.51947636287395,DAZAP1;RBM25;SLC4A1AP;MRPS11;HNRNPU;HNRNPR;SYNCRIP;PCF11;SNRNP70;LUC7L;SNRNP35;RBM5;CLUH;PABPC4;METTL3;THOC2;MRPS7;THOC5;CDC40;PTBP2;GNL3;GEMIN5;LUC7L3;ETF1;NCBP3;SRSF7;FYTTD1;RBM8A;YTHDC1;CSTF3;CSTF2;UTP23;SRSF1;MRPL12;MRPL13;DHX33;TRA2B;G3BP1;SF3B1;CHTOP;SSB;YTHDF3;LARP7;UPF3B;UPF3A;LARP4;HNRNPAB;PUM3;LRPPRC;HNRNPL;NUDT21;RSL1D1;HNRNPK;FUBP1;CAPRIN1;HNRNPA2B1;SERBP1;RNPS1;HNRNPC;TARDBP;GRSF1,0.21631205673758866
1,1000,Small-Subunit Processome (GO:0032040),42/73,4.334455207101834e-34,protein-containing complex,GO_Cellular_Component_2023,8.625781506670317e-36,0.0,0.0,26.82665499360226,2165.938727568027,UTP25;WDR3;MRPS12;HEATR1;UTP23;FCF1;NOL7;NAT10;SNU13;PWP2;WDR46;WDR43;RRP9;NOL6;RRP7A;FBL;EMG1;EXOSC10;PDCD11;BMS1;UTP20;UTP14A;DCAF13;UTP14C;UTP15;NOP56;WDR36;NOP14;NOP58;UTP6;UTP4;DIMT1;KRR1;PNO1;UTP3;NGDN;DNTTIP2;WDR75;UTP18;RCL1;TBL3;MPHOSPH10,0.5753424657534246
1,1000,Intracellular Non-Membrane-Bounded Organelle (GO:0043232),177/1195,5.5200728319872125e-39,cellular anatomical structure,GO_Cellular_Component_2023,8.238914674607781e-41,0.0,0.0,3.7989506024010105,350.6322003523507,POP5;SRP19;ZNF330;ZNF692;POP1;GEMIN2;RRP1;FCF1;GPATCH4;HNRNPR;NUCKS1;PWP1;RRP9;FBL;ZNF207;SNRNP35;ABT1;DDX18;RARS1;DIMT1;METTL1;NGDN;DNTTIP1;WDR74;DNTTIP2;WDR75;ILF2;MIF4GD;GTPBP4;FTSJ3;EBNA1BP2;ILF3;SUB1;MORF4L2;GRWD1;MRTO4;CCDC86;PKP4;SRSF5;SRSF9;UTP25;DCUN1D5;UTP23;NOP2;NOLC1;SNU13;NMD3;MRPL13;MACROH2A1;RRP7A;EMG1;DHX33;PDCD11;ERI1;OARD1;RRS1;EIF4EBP2;UTP20;LYAR;SAC3D1;MDN1;GCN1;ZNF146;ZNF300;NAA50;NOP14;NOP16;FUS;PNO1;UPF3B;UPF3A;PA2G4;TBCA;PUM3;WDR55;RCL1;TBL3;GNL3L;CAPRIN1;C6ORF89;RIOX2;MPHOSPH10;PIN4;NOL11;ANP32B;NOL12;RBM28;MRPS15;NVL;CDCA7L;PAK1IP1;WDR3;MRPS12;HP1BP3;SRP54;NAT10;WDR46;WDR43;MRPL40;SERP1;SFR1;XPO6;UBXN8;RRP12;RBM34;UTP14A;UTP14C;UTP15;WDR36;MRPS27;ACTR6;NSUN2;MARS1;RBM19;TFIP11;EDF1;URB2;URB1;MRPS7;GNL2;UTP18;GNL3;GON7;GCFC2;DNAJC2;RCN2;C1D;FAM32A;EEF1E1;ZNF593;DDX27;SF3B3;NUFIP1;NIP7;MAK16;HEATR1;DDX23;MRPS31;NOL7;KATNB1;DDX21;NOL8;NOL6;EXOSC10;TCOF1;PNMA1;PES1;BMS1;ZNF506;TRA2A;BEND3;METTL5;HNRNPA1;SF3B1;DCAF13;NOP56;ARFGEF1;UTP6;NOP58;UTP4;NAA10;NIFK;UTP3;KRR1;MTX2;NOC3L;RRP1B;NPM3;WDR12;LRPPRC;BOP1;RSL1D1;KLHL7;TSR1;CIAPIN1;TARDBP;MPHOSPH6,0.14811715481171547
1,1000,RNA Processing (GO:0006396),72/183,2.2103202800810136e-43,cellular process,GO_Biological_Process_2023,1.0469249402396751e-45,0.0,0.0,13.202935694315004,1367.4342809293164,FASTKD1;FASTKD2;GEMIN2;DIS3L;HNRNPU;HNRNPR;RBM3;SYNCRIP;SNRPD2;SNRPD1;RSRC1;MAGOH;DHX15;SNRPD3;SNRNP35;BCAS2;RBM5;PABPC4;METTL3;THOC1;DNTTIP2;TFIP11;SRRM1;PRPF4;PRPF6;PRPF18;DDX39B;HNRNPUL1;PRPF3;SRSF2;LUC7L3;SRSF4;SRSF5;HNRNPH3;SRSF7;SRSF9;NUFIP1;SF3B3;DHX8;RBM8A;CSTF3;DDX23;SRSF1;WBP4;U2AF1;RNPC3;PRPF8;TBRG4;EXOSC10;U2AF2;SF3B1;HNRNPA0;SF3A3;ZRSR2;RBM39;SF3A1;FUS;YJU2;LSM1;MAGOHB;LSM3;HNRNPL;NUDT21;SNRNP40;HNRNPK;HNRNPA2B1;HNRNPD;MPHOSPH10;RNPS1;SNRNP48;HNRNPC;TARDBP,0.39344262295081966
1,1000,Ribosome Biogenesis (GO:0042254),69/155,8.243541309118342e-46,cellular process,GO_Biological_Process_2023,3.4165061671893666e-48,0.0,0.0,16.299877600979194,1781.502718522716,LTV1;DDX49;NVL;PAK1IP1;WDR3;MRPS12;FCF1;NAT10;MRPL36;PWP2;WDR46;WDR43;RRP9;FBL;NOB1;RRP12;UTP15;WDR36;RRP7BP;DIMT1;NGDN;WDR74;DDX10;DNTTIP2;WDR75;URB2;UTP18;GTPBP4;EBNA1BP2;GRWD1;MRTO4;DDX27;NIP7;HEATR1;NOL7;NOLC1;NOL8;SNU13;NOL6;RRP7A;EMG1;EXOSC10;BMS1;PES1;RRS1;HEATR3;UTP20;LYAR;DCAF13;NOP56;NOP14;NOP58;UTP6;NOP16;UTP4;PNO1;KRR1;UTP3;WDR18;WDR12;MRPL22;WDR55;RCL1;BOP1;TBL3;MPHOSPH10;ESF1;PIN4;DHX29,0.44516129032258067
1,1000,Translation (GO:0006412),83/234,5.960891394468628e-46,cellular process,GO_Biological_Process_2023,2.1175457884435625e-48,0.0,0.0,11.298482670961311,1240.2776786112445,MRPS17;MRPS15;MRPS16;FASTKD2;GFM2;MRPS14;MRPS11;MRPS12;MRPL38;MRPL39;MRPS10;MRPL36;MRPL37;MRPL34;APEH;MRPL35;MRPL41;MRPL4;MRPL42;MRPL3;MRPL2;MRPL40;MRPL1;NARS1;MRPL9;CHCHD1;MRPS28;TSFM;MRPS26;MRPS27;RARS1;MRPS25;MRPS22;PABPC4;MRPS23;MARS1;MRPS18B;MRPL49;MRPS18A;MRPS2;MRPL47;MRPL48;MRPS7;QRSL1;MRPL46;FTSJ1;DARS1;MRPS18C;MRPL44;MRPL52;MRPL50;SARS1;MRPL51;ETF1;AURKAIP1;DAP3;MRPS33;MRPL19;MRPS34;MRPL16;MRPS31;MRPL17;MRPL58;MRPS30;MRPL12;MRPL13;MRPL57;GSPT1;MRPL11;MRPL20;EIF4EBP2;IARS1;PTCD3;MRPL27;MRPL28;GATB;MRPL23;MRPL24;MRPL22;MRPL30;GARS1;EPRS1;ABCE1,0.3547008547008547
1,1000,Nucleolus (GO:0005730),161/771,2.8936726994968046e-55,cellular anatomical structure,GO_Cellular_Component_2023,2.879276317907268e-57,0.0,0.0,5.785165790656324,753.1696427207548,POP5;SRP19;ZNF330;ZNF692;POP1;GEMIN2;RRP1;FCF1;GPATCH4;HNRNPR;NUCKS1;PWP1;RRP9;FBL;ZNF207;SNRNP35;ABT1;DDX18;RARS1;DIMT1;METTL1;NGDN;DNTTIP1;WDR74;DNTTIP2;WDR75;ILF2;MIF4GD;GTPBP4;FTSJ3;EBNA1BP2;ILF3;SUB1;MORF4L2;GRWD1;MRTO4;CCDC86;SRSF5;SRSF9;UTP25;UTP23;NOP2;NOLC1;SNU13;NMD3;MACROH2A1;RRP7A;EMG1;DHX33;PDCD11;ERI1;OARD1;RRS1;UTP20;LYAR;MDN1;ZNF146;ZNF300;NAA50;NOP14;NOP16;PNO1;UPF3B;UPF3A;PA2G4;TBCA;PUM3;WDR55;RCL1;TBL3;GNL3L;C6ORF89;RIOX2;MPHOSPH10;PIN4;NOL11;ANP32B;NOL12;RBM28;MRPS15;NVL;CDCA7L;PAK1IP1;WDR3;SRP54;NAT10;WDR46;WDR43;MRPL40;SFR1;XPO6;UBXN8;RRP12;RBM34;UTP14A;UTP14C;UTP15;WDR36;MRPS27;ACTR6;NSUN2;RBM19;MARS1;TFIP11;EDF1;URB2;URB1;GNL2;UTP18;GNL3;GON7;GCFC2;DNAJC2;RCN2;C1D;FAM32A;EEF1E1;ZNF593;DDX27;SF3B3;NUFIP1;NIP7;MAK16;HEATR1;DDX23;MRPS31;NOL7;DDX21;NOL8;NOL6;EXOSC10;TCOF1;PNMA1;PES1;BMS1;ZNF506;TRA2A;BEND3;METTL5;SF3B1;DCAF13;NOP56;ARFGEF1;UTP6;NOP58;UTP4;NAA10;NIFK;UTP3;KRR1;MTX2;NOC3L;RRP1B;NPM3;WDR12;BOP1;RSL1D1;KLHL7;TSR1;CIAPIN1;MPHOSPH6,0.20881971465629054
1,1000,Nuclear Lumen (GO:0031981),163/780,9.457569570802412e-56,cellular anatomical structure,GO_Cellular_Component_2023,4.705258492936524e-58,0.0,0.0,5.802209016147428,765.8988700591153,POP5;SRP19;ZNF330;ZNF692;POP1;GEMIN2;RRP1;FCF1;HNRNPU;GPATCH4;HNRNPR;NUCKS1;PWP1;RRP9;FBL;ZNF207;SNRNP35;ABT1;DDX18;IK;RARS1;DIMT1;METTL1;NGDN;DNTTIP1;WDR74;DNTTIP2;WDR75;ILF2;MIF4GD;GTPBP4;FTSJ3;EBNA1BP2;ILF3;SUB1;MORF4L2;GRWD1;MRTO4;CCDC86;SRSF5;SRSF9;UTP25;UTP23;NOP2;NOLC1;SNU13;NMD3;MACROH2A1;RRP7A;EMG1;DHX33;PDCD11;ERI1;OARD1;RRS1;UTP20;LYAR;MDN1;ZNF146;ZNF300;NAA50;NOP14;NOP16;PNO1;UPF3B;UPF3A;PA2G4;TBCA;PUM3;WDR55;RCL1;TBL3;GNL3L;C6ORF89;RIOX2;MPHOSPH10;PIN4;NOL11;ANP32B;NOL12;RBM28;MRPS15;NVL;CDCA7L;PAK1IP1;WDR3;SRP54;NAT10;WDR46;WDR43;MRPL40;SFR1;XPO6;UBXN8;RRP12;RBM34;UTP14A;UTP14C;UTP15;WDR36;MRPS27;ACTR6;NSUN2;RBM19;MARS1;TFIP11;EDF1;URB2;URB1;GNL2;UTP18;GNL3;GON7;GCFC2;DNAJC2;RCN2;C1D;FAM32A;EEF1E1;ZNF593;DDX27;SF3B3;NUFIP1;NIP7;MAK16;HEATR1;DDX23;MRPS31;NOL7;DDX21;NOL8;NOL6;EXOSC10;TCOF1;PNMA1;PES1;BMS1;ZNF506;TRA2A;BEND3;METTL5;SF3B1;DCAF13;NOP56;ARFGEF1;UTP6;NOP58;UTP4;NAA10;NIFK;UTP3;KRR1;MTX2;NOC3L;RRP1B;NPM3;WDR12;BOP1;RSL1D1;KLHL7;TSR1;CIAPIN1;MPHOSPH6,0.20897435897435898
1,1000,Mitochondrial Gene Expression (GO:0140053),70/103,5.414254634080179e-64,cellular process,GO_Biological_Process_2023,1.6027988851628712e-66,0.0,0.0,43.2613229064842,6554.04130719667,MRPS17;MRPS15;MRPS16;FASTKD1;FASTKD2;GFM2;MRPS14;MRPS11;MRPS12;MRPL38;MRPL39;MRPS10;MRPL36;MRPL37;MRPL34;MRPL35;MRPL4;MRPL41;MRPL3;MRPL42;MRPL2;MRPL1;MRPL40;MRPL9;CHCHD1;MRPS28;MRPS26;MRPS27;MRPS25;MRPS22;MRPS23;TWNK;MRPS18B;MRPL49;MRPS18A;MRPS2;MRPL47;MRPL48;MRPS7;QRSL1;MRPL46;MRPS18C;MRPL44;MRPL52;MRPL50;MRPL51;DAP3;MRPS33;MRPL19;MRPS34;MRPL16;MRPS31;MRPL17;MRPL58;MRPS30;MRPL12;MRPL13;MRPL57;MRPL11;TBRG4;MRPL20;TEFM;PTCD3;MRPL27;MRPL28;GATB;MRPL23;MRPL24;MRPL22;MRPL30,0.6796116504854369
1,1000,"RNA Splicing, Via Transesterification Reactions With Bulged Adenosine As Nucleophile (GO:0000377)",90/180,9.304640332536696e-66,cellular process,GO_Biological_Process_2023,2.203585632335511e-68,0.0,0.0,20.78021978021978,3237.261094113759,DDX46;HNRNPU;PPWD1;HNRNPR;CASC3;CWC27;PNN;SYNCRIP;SART3;SNRPD2;SNRPD1;RSRC1;SNRNP70;MAGOH;DHX15;SNRPD3;SNRNP35;TXNL4A;BCAS2;CTNNBL1;RBM5;IK;RBM14;BUD31;METTL3;RBM19;CENATAC;PRPF40A;TFIP11;CDC40;SRRM1;PRPF4;GCFC2;PRPF6;DDX39B;PRPF3;SRSF2;GEMIN5;SNRNP27;SRSF3;GEMIN6;PPIH;SNRPE;SRSF4;SRSF5;HNRNPH3;SRSF6;SRSF7;SRSF8;SRSF9;SF3B5;SF3B3;DHX8;RBM8A;YTHDC1;DDX23;SRSF1;WBP4;CWF19L2;SNU13;U2AF1;C9ORF78;HTATSF1;RNPC3;PRPF8;U2AF2;DHX35;TRA2B;TRA2A;HNRNPA1;SF3B1;RBM10;SF3A3;ZRSR2;HNRNPA3;SF3A1;PRPF38A;GPKOW;CDC5L;MAGOHB;LSM3;LSM8;SNRNP40;HNRNPK;PHF5A;CWF19L1;HNRNPA2B1;RNPS1;HNRNPC;PPIL3,0.5
1,1000,mRNA Processing (GO:0006397),97/214,9.28020593231633e-66,cellular process,GO_Biological_Process_2023,1.6483491886885132e-68,0.0,0.0,17.336807034481453,2705.859703244525,GEMIN2;HNRNPU;HNRNPR;CASC3;CWC27;PNN;SNRPD2;SNRPD1;MAGOH;PAPOLA;SNRPD3;SNRNP35;TXNL4A;IK;METTL3;CDC40;SRRM1;PRPF4;PRPF6;DDX39B;PRPF3;SRSF2;GEMIN5;SNRNP27;SRSF3;GEMIN6;PPIH;SNRPE;SRSF4;SRSF5;SRSF6;SRSF7;SRSF8;SRSF9;DHX8;RBM8A;YTHDC1;CWF19L2;SNU13;C9ORF78;HTATSF1;RNPC3;PRPF8;DHX35;RPRD1A;RBM10;ZRSR2;PRPF38A;MAGOHB;LSM3;LSM8;HNRNPK;CWF19L1;RNPS1;HNRNPC;DDX46;PPWD1;SYNCRIP;SART3;RSRC1;SNRNP70;DHX15;BCAS2;CTNNBL1;RBM5;RBM14;BUD31;RBM19;CENATAC;PRPF40A;TFIP11;GCFC2;PRPF18;HNRNPH3;SF3B5;SF3B3;DDX23;SRSF1;WBP4;U2AF1;TBRG4;U2AF2;TRA2B;TRA2A;HNRNPA1;SF3B1;HNRNPA0;SF3A3;SF3A1;HNRNPA3;GPKOW;CDC5L;NUDT21;SNRNP40;PHF5A;HNRNPA2B1;PPIL3,0.4532710280373832
1,1000,Mitochondrial Translation (GO:0032543),70/98,4.6415631175704393e-66,cellular process,GO_Biological_Process_2023,5.496226308549956e-69,0.0,0.0,51.0,8015.889793963606,MRPS17;GFM1;MRPS15;MRPS16;FASTKD2;GFM2;MRPS14;MRPS11;MRPS12;MRPL38;MRPL39;MRPS10;MRPL36;MRPL37;MRPL34;MRPL35;MRPL4;MRPL41;MRPL3;MRPL42;MRPL2;MRPL1;MRPL40;MRPL9;CHCHD1;MRPS28;TSFM;MRPS26;MRPS27;MRPS25;MRPS22;MRPS23;MRPS18B;MRPL49;MRPS18A;MRPS2;MRPL47;MRPL48;MRPS7;QRSL1;MRPL46;MRPS18C;MRPL44;MRPL52;MRPL50;MRPL51;MTRF1L;DAP3;MRPS33;MRPL19;MRPS34;MRPL16;MRPS31;MRPL17;MRPL58;MTIF2;MRPS30;MRPL12;MRPL13;MRPL57;MRPL11;MRPL20;PTCD3;MRPL27;MRPL28;GATB;MRPL23;MRPL24;MRPL22;MRPL30,0.7142857142857143
1,1000,"mRNA Splicing, Via Spliceosome (GO:0000398)",97/211,4.6415631175704393e-66,cellular process,GO_Biological_Process_2023,3.0572478800541257e-69,0.0,0.0,17.795865633074936,2807.491000712021,GEMIN2;HNRNPU;HNRNPR;CASC3;CWC27;PNN;SNRPD2;SNRPD1;MAGOH;SNRPD3;SNRNP35;TXNL4A;IK;METTL3;CDC40;SRRM1;WDR77;PRPF4;PRPF6;DDX39B;CLNS1A;PRPF3;SRSF2;GEMIN5;SNRNP27;SRSF3;GEMIN6;PPIH;SNRPE;SRSF4;SRSF5;SRSF6;SRSF7;SRSF8;SRSF9;DHX8;RBM8A;YTHDC1;DDX1;CWF19L2;SNU13;C9ORF78;HTATSF1;RNPC3;PRPF8;DHX35;RBM10;ZRSR2;PRPF38A;MAGOHB;LSM3;LSM8;HNRNPK;CWF19L1;RNPS1;HNRNPC;DDX46;PPWD1;PQBP1;SYNCRIP;SART3;RSRC1;SNRNP70;DHX15;BCAS2;CTNNBL1;RBM5;RBM14;BUD31;RBM19;CENATAC;PRPF40A;TFIP11;GCFC2;SDE2;HNRNPH3;SF3B5;SF3B3;DDX23;SRSF1;WBP4;U2AF1;PUF60;U2AF2;TRA2B;TRA2A;HNRNPA1;SF3B1;SF3A3;SF3A1;HNRNPA3;GPKOW;CDC5L;SNRNP40;PHF5A;HNRNPA2B1;PPIL3,0.4597156398104265
1,1000,Ribonucleoprotein Complex Biogenesis (GO:0022613),53/118,3.258608347716303e-35,cellular process,GO_Biological_Process_2023,1.7363810023355078e-37,0.0,0.0,16.303387214686055,1379.981386525002,LTV1;NVL;PAK1IP1;WDR3;MRPS12;FCF1;NAT10;MRPL36;PWP2;WDR46;WDR43;RRP9;FBL;UTP15;WDR36;DIMT1;NGDN;WDR74;DNTTIP2;WDR75;URB2;UTP18;GTPBP4;EBNA1BP2;GRWD1;MRTO4;NIP7;HEATR1;NOL7;SNU13;NOL6;RRP7A;EMG1;EXOSC10;BMS1;PES1;RRS1;HEATR3;UTP20;NOP56;NOP14;NOP58;UTP6;NOP16;UTP4;PNO1;KRR1;UTP3;WDR12;RCL1;BOP1;TBL3;MPHOSPH10,0.4491525423728814
1,1000,Spliceosomal Complex Assembly (GO:0000245),29/62,1.113740845529475e-19,cellular process,GO_Biological_Process_2023,1.055053494876945e-21,0.0,0.0,17.165777236838,829.1189790144199,SF3B5;SF3B3;DDX46;YTHDC1;DDX1;DDX23;SRSF1;HTATSF1;SNRPD2;PUF60;SNRPD1;LUC7L;KHDC4;SNRPD3;TXNL4A;SF3B1;RBM5;SF3A3;ZRSR2;SF3A1;GCFC2;PRPF6;PHF5A;DDX39B;LUC7L3;SNRPE;SRSF5;SRSF6;SRSF9,0.46774193548387094
1,1000,ncRNA Processing (GO:0034470),38/100,5.968607769921487e-22,None,GO_Biological_Process_2023,5.3007173800368456e-24,0.0,0.0,12.06565622694655,646.6491937513512,INTS12;INTS13;DDX49;DDX27;POP1;NVL;RPP30;NOLC1;NOL8;RRP9;NOL6;RRP7A;FBL;EMG1;EXOSC10;NOB1;PES1;UTP20;RRP12;LYAR;DCAF13;UTP15;NOP56;NOP14;WDR36;NOP58;RRP7BP;SSB;WDR18;INTS2;WDR74;DDX10;WDR55;EBNA1BP2;MRTO4;ESF1;PIN4;INTS8,0.38
1,1000,Precatalytic Spliceosome (GO:0071011),24/52,1.0214536018084166e-16,protein-containing complex,GO_Cellular_Component_2023,5.081858715464759e-18,0.0,0.0,16.661592505854802,663.4788524193498,SF3A3;SF3B5;IK;PRPF38B;SF3A1;SF3B3;PRPF38A;WBP4;SNU13;CWC27;MAGOHB;PRPF8;LSM3;PRPF4;LSM8;PRPF6;PHF5A;SNRPD2;SNRPD1;PRPF3;SNRPE;SNRPD3;TXNL4A;SF3B1,0.46153846153846156
1,1000,Macromolecule Biosynthetic Process (GO:0009059),34/183,1.4333059075312975e-09,cellular process,GO_Biological_Process_2023,2.80042006800076e-11,0.0,0.0,4.452971500826767,108.20126984547306,MRPS17;MRPS15;MRPS16;MRPS14;MRPS11;MRPS33;MRPS12;MRPL36;MRPL37;MRPL12;MRPL34;MRPL13;MRPL35;GSPT1;MRPL11;MRPL41;MRPL3;MRPL42;EIF4EBP2;MRPL9;TSFM;PABPC4;MRPS18B;MRPL27;MRPS18A;MRPL28;MRPL23;MRPS7;MRPL24;DARS1;MRPS18C;MRPL52;SARS1;MRPL51,0.18579234972677597
1,1000,snRNA Binding (GO:0017069),17/43,6.28319331127503e-10,binding,GO_Molecular_Function_2023,8.20260223404051e-12,0.0,0.0,12.62062759214336,322.16132946437494,SF3B3;DDX21;HNRNPU;LARP7;SNU13;RNPC3;PRPF8;LSM10;LSM8;PRPF4;SART3;DDX39B;SNRNP70;GEMIN5;SNRPD3;HNRNPC;SNRNP35,0.3953488372093023
1,1000,rRNA Binding (GO:0019843),18/46,2.344319757976784e-10,binding,GO_Molecular_Function_2023,2.4483757263465104e-12,0.0,0.0,12.419842886237998,332.051905268372,PTCD3;UTP25;MRPS27;FASTKD2;MRPS11;UTP23;MRPL16;PPAN;DDX21;MRPS18A;MRPS7;MRPL11;MRPS18C;NGRN;EMG1;ERI1;RRS1;RBM34,0.391304347826087
1,1000,Regulation Of RNA Splicing (GO:0043484),26/102,1.8890576490396482e-10,biological regulation,GO_Biological_Process_2023,3.5790316618868416e-12,0.0,0.0,6.646817248459959,175.18304239701078,SF3B5;ENY2;SF3B3;YTHDC1;SRSF1;PQBP1;SNRNP70;U2AF2;TRA2B;METTL4;RBM12;METTL16;HNRNPA1;RBM39;FUS;LARP7;RRP1B;PTBP2;SRRM1;HNRNPL;HNRNPK;SRSF3;HNRNPH2;HNRNPH3;GRSF1;FAM50A,0.2549019607843137
1,1000,Peptide Biosynthetic Process (GO:0043043),33/158,1.0531745189048067e-10,cellular process,GO_Biological_Process_2023,1.933002373359918e-12,0.0,0.0,5.153050672182006,138.98780801009633,MRPS17;MRPS15;MRPS16;MRPS14;MRPS11;MRPS33;MRPS12;MRPL36;MRPL37;MRPL12;MRPL34;MRPL13;MRPL35;GSPT1;MRPL11;MRPL41;MRPL3;MRPL42;EIF4EBP2;MRPL9;PABPC4;MRPS18B;MRPL27;MRPS18A;MRPL28;MRPL23;MRPS7;MRPL24;DARS1;MRPS18C;MRPL52;SARS1;MRPL51,0.2088607594936709
1,1000,Regulation Of Translation (GO:0006417),38/202,7.222369593392433e-11,biological regulation,GO_Biological_Process_2023,1.2828365174764537e-12,0.0,0.0,4.536838902692561,124.22748447023464,DDX1;NOLC1;NAT10;MTIF2;BZW2;MRPL13;BZW1;GSPT1;RBM3;SYNCRIP;TCOF1;ALKBH1;EIF4H;METTL5;GCN1;PAIP1;EIF5B;TSFM;SSB;YTHDF3;IFRD2;METTL3;UPF3B;UPF3A;LARP4;ELP5;PUS7;MIF4GD;PUM3;LRPPRC;ILF3;EPRS1;CAPRIN1;SERBP1;HNRNPD;GEMIN5;ETF1;EIF3B,0.18811881188118812
1,1000,Maturation Of LSU-rRNA (GO:0000470),13/20,3.6826260233525065e-11,cellular process,GO_Biological_Process_2023,6.323040537431775e-13,0.0,0.0,35.73729917498915,1003.8395065401426,DDX18;NIFK;MAK16;NOP2;URB1;WDR12;FTSJ3;NSA2;LAS1L;PES1;RPL7L1;RBM34;RRP15,0.65
1,1000,rRNA Metabolic Process (GO:0016072),34/91,2.4469575406533694e-19,cellular process,GO_Biological_Process_2023,2.4628939130318106e-21,0.0,0.0,11.697032436162871,555.0586942528653,DDX49;DDX27;NVL;DIS3L;NOL8;NOLC1;RRP9;NOL6;RRP7A;FBL;EMG1;EXOSC10;NOB1;PES1;UTP20;RRP12;LYAR;DCAF13;UTP15;NOP56;WDR36;NOP14;NOP58;RRP7BP;NIFK;WDR18;MARS1;WDR74;DDX10;WDR55;EBNA1BP2;MRTO4;ESF1;PIN4,0.37362637362637363
1,1000,Protein Targeting To Mitochondrion (GO:0006626),21/59,2.054362614253265e-11,localization,GO_Biological_Process_2023,3.2840610174563744e-13,0.0,0.0,10.703779366700717,307.67505828117,MIPEP;DNAJC19;TIMM8B;TIMM8A;TIMM29;MTX2;TIMM9;PAM16;TOMM34;TIMM13;TIMM23;TIMM22;TIMM10;TOMM20;GDAP1;HSPD1;IMMP1L;SAMM50;GRPEL1;TIMM17A;TIMM17B,0.3559322033898305
1,1000,RNA Export From Nucleus (GO:0006405),22/65,1.92129671763198e-11,localization,GO_Biological_Process_2023,2.9575911579888376e-13,0.0,0.0,9.917106577257812,286.10089919190466,UPF2;FYTTD1;CHTOP;NXT1;RBM8A;YTHDC1;THOC1;CASC3;THOC2;SMG7;THOC5;MAGOHB;THOC7;THOC6;DDX19B;DDX39B;SARNP;MAGOH;HNRNPA2B1;SRSF3;NCBP3;HNRNPA1,0.3384615384615385
1,1000,mRNA Transport (GO:0051028),21/58,1.4989362333935025e-11,localization,GO_Biological_Process_2023,2.218674116923479e-13,0.0,0.0,10.993650443088644,320.3186556847501,UPF2;FYTTD1;CHTOP;NXT1;RBM8A;YTHDC1;THOC1;CASC3;THOC2;SMG7;THOC5;MAGOHB;THOC7;THOC6;DDX19B;DDX39B;SARNP;MAGOH;HNRNPA2B1;SRSF3;NCBP3,0.3620689655172414
1,1000,Spliceosomal tri-snRNP Complex (GO:0097526),17/36,2.931981529053992e-12,protein-containing complex,GO_Cellular_Component_2023,2.333915645018103e-13,0.0,0.0,17.276703967446593,502.5112277700367,DDX23;SNU13;PRPF8;LSM3;LSM8;PRPF4;SNRNP40;PRPF18;PRPF6;SNRPD2;SNRPD1;PRPF3;SNRNP27;PPIH;SNRPE;SNRPD3;TXNL4A,0.4722222222222222
1,1000,Ribosomal Large Subunit Biogenesis (GO:0042273),20/54,3.03545057273473e-11,cellular process,GO_Biological_Process_2023,5.032126467529453e-13,0.0,0.0,11.384153661464586,322.3737716839977,NOP16;NVL;PAK1IP1;NIP7;MAK16;NOP2;PPAN;WDR74;WDR12;GTPBP4;MRPL20;EBNA1BP2;NSA2;LAS1L;PES1;MRTO4;RRS1;HEATR3;RRP15;MDN1,0.37037037037037035
1,1000,mRNA Export From Nucleus (GO:0006406),23/62,6.049671802572897e-13,localization,GO_Biological_Process_2023,8.596336486782092e-15,0.0,0.0,11.445371755504816,370.68629412590775,UPF2;FYTTD1;ENY2;CHTOP;NXT1;RBM8A;YTHDC1;THOC1;CASC3;THOC2;SMG7;THOC5;MAGOHB;THOC7;THOC6;DDX19B;DDX39B;SARNP;ZC3H11A;MAGOH;HNRNPA2B1;SRSF3;NCBP3,0.3709677419354839
1,1000,U2-type Precatalytic Spliceosome (GO:0071005),23/49,2.6244695809576463e-16,protein-containing complex,GO_Cellular_Component_2023,1.5668475110194902e-17,0.0,0.0,17.179828359971655,664.7714128719301,SF3A3;SF3B5;IK;SF3A1;SF3B3;PRPF38A;WBP4;SNU13;CWC27;MAGOHB;PRPF8;LSM3;PRPF4;LSM8;PRPF6;PHF5A;SNRPD2;SNRPD1;PRPF3;SNRPE;SNRPD3;TXNL4A;SF3B1,0.46938775510204084
1,1000,U4/U6 X U5 tri-snRNP Complex (GO:0046540),17/35,1.730822914998483e-12,protein-containing complex,GO_Cellular_Component_2023,1.291658891789913e-13,0.0,0.0,18.237481632191702,541.2461229870569,DDX23;SNU13;PRPF8;LSM3;LSM8;PRPF4;SNRNP40;PRPF18;PRPF6;SNRPD2;SNRPD1;PRPF3;SNRNP27;PPIH;SNRPE;SNRPD3;TXNL4A,0.4857142857142857
1,1000,Maturation Of SSU-rRNA (GO:0030490),21/38,4.663639572444833e-16,cellular process,GO_Biological_Process_2023,4.9701309830673184e-18,0.0,0.0,23.95259268160788,954.3451976663058,UTP25;NOP14;UTP6;UTP4;UTP3;MRPS11;WDR3;HEATR1;TSR3;NGDN;NAT10;SNU13;PWP2;WDR46;WDR43;NOB1;MPHOSPH10;TSR1;SRFBP1;NOL11;DCAF13,0.5526315789473685
1,1000,Mitochondrial Ribosome (GO:0005761),16/22,1.180082851431772e-15,cellular anatomical structure,GO_Cellular_Component_2023,7.63237665105126e-17,0.0,0.0,51.47425474254742,1910.289239425901,MRPS14;MRPS22;MRPS12;MRPL49;MRPL28;MRPL39;MRPL37;MRPL48;MRPL34;MRPL13;MRPL35;MRPL57;MRPL20;MRPL40;MRPL51;MRPL9,0.7272727272727273
1,1000,"RNA Splicing, Via Transesterification Reactions (GO:0000375)",17/24,1.4765451181646088e-15,cellular process,GO_Biological_Process_2023,1.661003981357464e-17,0.0,0.0,46.9235576224386,1812.963176823122,SF3A3;SF3B3;GEMIN2;DDX23;LSM1;PRPF8;SRRM1;PRPF4;SNRNP40;PRPF6;PRPF3;TRA2B;MPHOSPH10;SRSF4;TXNL4A;SF3B1;SMNDC1,0.7083333333333334
1,1000,Ribosome Binding (GO:0043022),30/85,4.635477110097218e-16,binding,GO_Molecular_Function_2023,3.630922018352912e-18,0.0,0.0,10.653233364573572,427.80237223800265,SRP19;CCDC47;MTIF2;NMD3;RBM3;TMEM147;NCLN;DHX33;SRP72;ERI1;SEC61G;G3BP1;GCN1;PTCD3;MRPS27;NAA10;YTHDF3;IFRD2;GTPBP6;NME1;TMCO1;DNAJC2;OXA1L;NEMF;SERBP1;GEMIN5;ETF1;NAA16;DHX29;NAA15,0.35294117647058826
1,1000,"Preribosome, Large Subunit Precursor (GO:0030687)",14/18,2.0348613444797013e-14,protein-containing complex,GO_Cellular_Component_2023,1.4173163593390953e-15,0.0,0.0,67.43002028397567,2305.43314866993,NIP7;MAK16;PPAN;WDR74;WDR12;FTSJ3;EBNA1BP2;NSA2;LAS1L;PES1;MRTO4;RRS1;MDN1;RRP15,0.7777777777777778
1,1000,"Regulation Of mRNA Splicing, Via Spliceosome (GO:0048024)",29/94,6.623640816549351e-14,biological regulation,GO_Biological_Process_2023,8.235432631588888e-16,0.0,0.0,8.700229739364651,302.1843451504643,DAZAP1;RBM25;RBM8A;YTHDC1;HNRNPU;RBM3;PUF60;U2AF2;TRA2B;MAGOH;TRA2A;METTL16;HNRNPA1;RBM5;HNRNPA0;RBM39;LARP7;SRRM1;WDR77;HNRNPL;RBMXL1;HNRNPK;CLNS1A;SRSF3;SRSF4;RNPS1;SRSF6;SRSF7;SRSF9,0.30851063829787234
1,1000,RNA Metabolic Process (GO:0016070),31/111,1.4553401723424533e-13,cellular process,GO_Biological_Process_2023,1.895647352962343e-15,0.0,0.0,7.566047471620227,256.4830775343251,NUFIP1;DHX8;FASTKD1;FASTKD2;DIS3L;HNRNPU;LAGE3;NUDT3;TBRG4;RBM3;SYNCRIP;EXOSC10;ALKBH1;PAPOLA;RBM5;RBM39;PABPC4;THOC1;WDR74;DNTTIP2;TFIP11;HNRNPL;SUPV3L1;PRPF4;SNRNP40;HNRNPK;DDX39B;HNRNPUL1;HNRNPD;MPHOSPH10;HNRNPH3,0.27927927927927926
1,1000,mRNA Metabolic Process (GO:0016071),27/85,2.64255419243155e-13,cellular process,GO_Biological_Process_2023,3.598504820954745e-15,0.0,0.0,9.06251550483751,301.40347845568965,GEMIN2;CSTF3;SRSF1;HNRNPR;U2AF1;PRPF8;TBRG4;PCF11;U2AF2;DHX15;METTL16;HNRNPA0;SF3A3;SF3A1;SSB;METTL3;HNRNPAB;LSM3;NUDT21;PRPF18;PRPF3;HNRNPA2B1;SRSF2;SRSF4;SRSF5;SRSF7;SRSF9,0.3176470588235294
1,1000,"Maturation Of SSU-rRNA From Tricistronic rRNA Transcript (SSU-rRNA, 5.8S rRNA, LSU-rRNA) (GO:0000462)",18/30,1.3580331159588971e-14,cellular process,GO_Biological_Process_2023,1.6080913155226732e-16,0.0,0.0,29.0040733197556,1054.7712240078415,UTP25;NOP14;UTP6;UTP4;UTP3;MRPS11;HEATR1;NGDN;RPP40;PWP2;WDR46;WDR43;TBL3;BMS1;RRS1;TSR1;UTP20;DCAF13,0.6
2,951,Response To Elevated Platelet Cytosolic Ca2+ R-HSA-76005,23/130,2.6743841200584124e-06,Hemostasis,Reactome_2022,4.591217373490838e-08,0.0,0.0,4.387548340315823,74.13436643078842,ECM1;SPARC;SERPINA1;WDR1;PCDH7;ANXA5;ENDOD1;RAB27B;LHFPL2;ISLR;CLEC3B;SCCPDH;MMRN1;CD109;SELENOP;HABP4;CALU;CDC37L1;PHACTR2;TIMP3;SCG3;MAGED2;QSOX1,0.17692307692307693
2,951,Extracellular Matrix Organization R-HSA-1474244,71/291,2.081737509708233e-28,Extracellular matrix organization,Reactome_2022,4.4672478749103705e-31,0.0,0.0,6.9052634297520665,482.5630471113943,DDR1;COL18A1;SPARC;COL14A1;COL12A1;LOXL3;PLOD2;CTSV;PLOD1;LOXL1;HAPLN1;LOXL2;COMP;ADAMTS5;EFEMP2;ADAMTS2;CAPN9;EFEMP1;CAPN6;ADAMTS1;CAPN5;TIMP2;CAPN3;COL27A1;DST;P3H2;P3H1;PCOLCE;ASPN;ADAM19;CEACAM1;VCAN;MMP16;LOX;CEACAM6;PXDN;ADAM12;COL6A1;COL21A1;MATN4;MATN3;DDR2;PLEC;FBN2;COL15A1;TNXB;COL13A1;PCOLCE2;HTRA1;NTN4;FBLN1;LTBP3;NID1;FBLN2;NID2;KLK7;FBLN5;SPOCK3;SERPINH1;DMD;CRTAP;LUM;MFAP5;MFAP4;BMP1;P4HA2;MFAP3;MFAP2;SDC1;AGRN;FBN1,0.24398625429553264
2,951,Collagen Formation R-HSA-1474290,27/90,1.2182113292601854e-12,Extracellular matrix organization,Reactome_2022,5.228374803691783e-15,0.0,0.0,8.806122448979592,289.58648275950054,COL18A1;COL15A1;COL13A1;PCOLCE2;COL14A1;COL12A1;LOXL3;PLOD2;CTSV;PLOD1;LOXL1;LOXL2;ADAMTS2;SERPINH1;CRTAP;COL27A1;DST;P3H2;P3H1;PCOLCE;BMP1;LOX;P4HA2;COL6A1;PXDN;COL21A1;PLEC,0.3
2,951,Regulation Of IGF Transport And Uptake By IGFBPs R-HSA-381426,30/123,1.1699376795260849e-11,Metabolism of proteins,Reactome_2022,7.531787636434025e-14,0.0,0.0,6.639347133200238,200.62154329091925,SERPINA1;ITIH2;MSLN;CHRDL1;PRSS23;FSTL1;FSTL3;CST3;EVA1A;STC2;IGFBP7;QSOX1;IGFBP6;IGFBP5;IGFBP4;IGFBP2;TMEM132A;VCAN;PAPPA;MXRA8;CALU;SPARCL1;FAM20C;VWA1;SCG3;MELTF;MFGE8;SCG2;MATN3;FBN1,0.24390243902439024
2,951,Post-translational Protein Phosphorylation R-HSA-8957275,27/106,5.023680126435218e-11,Metabolism of proteins,Reactome_2022,4.312171782347826e-13,0.0,0.0,7.01668584579977,199.78023391238327,SERPINA1;ITIH2;MSLN;CHRDL1;PRSS23;FSTL1;FSTL3;CST3;EVA1A;STC2;IGFBP7;QSOX1;IGFBP5;IGFBP4;TMEM132A;VCAN;MXRA8;CALU;SPARCL1;FAM20C;VWA1;SCG3;MELTF;MFGE8;SCG2;MATN3;FBN1,0.25471698113207547
2,951,Elastic Fibre Formation R-HSA-1566948,16/39,7.558322772397146e-10,Extracellular matrix organization,Reactome_2022,8.109788382400373e-12,0.0,0.0,14.15559172285515,361.50478431804055,FBN2;LOXL3;FBLN1;LTBP3;FBLN2;FBLN5;LOXL1;LOXL2;MFAP5;MFAP4;EFEMP2;EFEMP1;LOX;MFAP3;MFAP2;FBN1,0.41025641025641024
2,951,Collagen Biosynthesis And Modifying Enzymes R-HSA-1650814,19/67,1.3211667000349316e-08,Extracellular matrix organization,Reactome_2022,1.7010730043368215e-10,0.0,0.0,8.069988376251787,181.53109353918825,COL18A1;COL15A1;CRTAP;COL27A1;COL13A1;PCOLCE2;COL14A1;COL12A1;P3H2;P3H1;PLOD2;PCOLCE;PLOD1;ADAMTS2;BMP1;P4HA2;COL6A1;SERPINH1;COL21A1,0.2835820895522388
2,951,Platelet Degranulation R-HSA-114608,23/125,1.4236067342173051e-06,Hemostasis,Reactome_2022,2.1384650513993856e-08,0.0,0.0,4.603839164976336,81.30652714264774,ECM1;SPARC;SERPINA1;WDR1;PCDH7;ANXA5;ENDOD1;RAB27B;LHFPL2;ISLR;CLEC3B;SCCPDH;MMRN1;CD109;SELENOP;HABP4;CALU;CDC37L1;PHACTR2;TIMP3;SCG3;MAGED2;QSOX1,0.184
2,951,Crosslinking Of Collagen Fibrils R-HSA-2243919,7/10,2.9459715919110794e-06,Extracellular matrix organization,Reactome_2022,5.6896447054076644e-08,0.0,0.0,47.076977401129945,785.3396877069539,BMP1;LOX;PXDN;LOXL3;PCOLCE;LOXL1;LOXL2,0.7
2,951,Collagen-Containing Extracellular Matrix (GO:0062023),110/373,1.1205777516804027e-54,None,GO_Cellular_Component_2023,5.575013689952253e-57,0.0,0.0,9.342761423798391,1210.1590632454283,SPON1;SPARC;SERPINE2;COL12A1;LOXL3;LOXL1;LOXL2;COMP;EFEMP2;EFEMP1;TGM2;POSTN;COL27A1;SERPINF1;P3H2;P3H1;ANXA11;PCOLCE;NPNT;ADAM19;CCDC80;LOX;S100A6;S100A4;MXRA7;MXRA5;FREM2;FBN2;COL13A1;HTRA1;FBLN1;LTBP2;AEBP1;NID1;FBLN2;NID2;FBLN5;SERPINH1;IGFBP7;NDP;S100A10;PRG4;TGFBI;FBN1;COL18A1;SRPX;ECM1;SERPINA1;TINAGL1;COL14A1;ELN;TGFB1I1;HAPLN1;ADAMTS1;ANXA6;TIMP2;CTSH;TIMP3;EMILIN2;ANXA8;CTSF;EDIL3;CTSC;SBSPON;SERPINB1;ANXA2;DST;ANXA4;ANXA5;ASPN;SERPINB6;GREM1;VCAN;MMRN1;PXDN;COL6A1;MMRN2;ANGPTL2;COL21A1;VWA1;MFGE8;MATN4;MATN3;MATN2;ITIH5;CSTB;LRRC15;COL15A1;TNXB;ITIH2;C17ORF58;SEMA3B;THBS2;COCH;THBS4;CLEC3B;SRPX2;ABI3BP;CTHRC1;LUM;SULF1;KAZALD1;MFAP5;SMOC2;MFAP4;FRAS1;SMOC1;MFAP2;MGP;AGRN,0.2949061662198391
2,951,Focal Adhesion (GO:0005925),50/387,6.64179412403098e-09,cellular anatomical structure,GO_Cellular_Component_2023,1.321750074434026e-10,0.0,0.0,3.08131090743223,70.09025338581853,SCARB2;TES;TGFB1I1;FHL1;FAM107A;FHL2;RND3;MRC2;AKAP12;CSRP2;CSRP1;ADGRE5;CAPN5;ANXA6;PRSS8;SCARF2;TNS3;TNS1;TGM2;TPM4;DST;MME;ANXA5;LMO7;PALLD;PHLDB2;DDR2;PLEC;FBLN7;AHNAK;FBLIM1;SYNPO2;NEDD9;NEXN;LPP;PDLIM1;LIMA1;CNN1;EFS;FLRT2;EPB41L2;CD59;SVIL;LAYN;IGF2R;AIF1L;EHD3;DAB2;MARCKS;ITGBL1,0.12919896640826872
2,951,Intermediate Filament Cytoskeleton (GO:0045111),17/81,4.563374851419711e-06,cellular anatomical structure,GO_Cellular_Component_2023,2.043302172277483e-07,0.0,0.0,5.399240497858672,83.16735456264475,SYNM;KRT80;DTNA;DST;KRT8;KRT13;KRT7;PPL;KRT18;KRT17;KRT16;MICAL1;KRT14;PKP2;PHLDB2;KRT6A;PLEC,0.20987654320987653
2,951,External Encapsulating Structure Organization (GO:0045229),23/110,7.788677048871414e-07,cellular process,GO_Biological_Process_2023,1.6239943804986263e-09,0.0,0.0,5.401877724930638,109.3252382048366,POSTN;COL15A1;ECM2;MIA;COL13A1;COL14A1;NDNF;NPNT;ADAMTS5;SMOC2;ADAMTS2;CCDC80;SPINT1;MMP16;ADAMTS1;SPOCK2;SMOC1;PXDN;TGFBI;MATN4;RECK;MATN3;MATN2,0.20909090909090908
2,951,Extracellular Structure Organization (GO:0043062),23/109,7.788677048871414e-07,cellular process,GO_Biological_Process_2023,1.3440149199934903e-09,0.0,0.0,5.464978448275862,111.63641830809082,POSTN;COL15A1;ECM2;MIA;COL13A1;COL14A1;NDNF;NPNT;ADAMTS5;SMOC2;ADAMTS2;CCDC80;SPINT1;MMP16;ADAMTS1;SPOCK2;SMOC1;PXDN;TGFBI;MATN4;RECK;MATN3;MATN2,0.21100917431192662
2,951,Intermediate Filament (GO:0005882),17/69,4.082789382361e-07,cellular anatomical structure,GO_Cellular_Component_2023,1.6249907989496517e-08,0.0,0.0,6.649419370779114,119.25852393719926,KRT81;SYNM;KRT80;DST;KRT8;KRT13;KRT7;PPL;KRT18;KRT17;KRT16;MICAL1;KRT14;PKP2;KRT6B;KRT6A;PLEC,0.2463768115942029
2,951,Cytoskeleton (GO:0005856),62/599,2.089267144240657e-07,cellular anatomical structure,GO_Cellular_Component_2023,7.276054731186368e-09,0.0,0.0,2.404191096224704,45.05136052865527,FHOD3;LAD1;RIPOR2;SYNM;FAM107A;TCHH;LDB3;SEPTIN11;EPB41L4B;BASP1;SYNPO;TPM4;DST;TPM2;TPM1;KRT8;MTUS1;KRT7;NAV1;ANK3;RHOF;EML1;MTSS1;CTTNBP2NL;FRMD5;PALLD;CDC42EP3;PHLDB2;DDR2;PLEC;KRT80;AHNAK;GYPC;SYNPO2;NEXN;PPL;NDRG1;PDLIM1;LIMA1;CNN1;ABLIM1;NUAK1;CALD1;EPB41L2;MICAL1;EPB41L3;IGF2BP2;PDLIM5;PDLIM4;MPZL2;SVIL;DTNA;KRT13;SORBS2;AIF1L;MYO1D;MYO1E;MARCKS;MYO1B;KRT17;AXL;KRT16,0.10350584307178631
2,951,Cell-Cell Junction (GO:0005911),40/299,1.1540341729348779e-07,cellular anatomical structure,GO_Cellular_Component_2023,3.444878128163814e-09,0.0,0.0,3.185434140428652,62.07257155510416,COL13A1;AHNAK;WDR1;CTNND2;PTPRM;LDB3;AQP3;NDRG1;TMEM47;PDLIM1;PDLIM3;PDZD2;PDLIM2;FLRT2;TRIM29;EPB41L3;CCN3;STXBP6;PCDH1;PDLIM5;PDLIM4;CXADR;CADM1;ANXA2;HEG1;FRMD4B;KLHL24;MYO1E;CLDN4;GJB2;CEACAM1;FRMD5;KRT18;GJB3;CDH11;PKP2;PKP3;STEAP1;DSC2;JCAD,0.13377926421404682
2,951,Endopeptidase Inhibitor Activity (GO:0004866),24/112,8.852986224898544e-08,molecular function regulator activity,GO_Molecular_Function_2023,4.225769081097157e-10,0.0,0.0,5.57840541335687,120.4079264790117,CSTB;SPINK2;SERPINB1;SPINK1;SERPINA1;ITIH2;SERPINE2;ANXA2;SERPINF1;TFPI2;SPINT2;TFPI;WFDC2;SERPINB6;CST3;SPINT1;SPOCK2;SPOCK3;SERPINH1;TIMP2;TIMP3;SPOCK1;SERPINI1;RECK,0.21428571428571427
2,951,Calcium Ion Binding (GO:0005509),46/346,8.852986224898544e-08,binding,GO_Molecular_Function_2023,2.82758590925121e-10,0.0,0.0,3.1766261510128917,69.84266093846057,SPARC;TCHH;FBLN1;THBS4;LOXL2;COMP;CLEC3B;SPOCK2;S100A13;ANXA6;ENPP2;CAPN3;SPOCK1;ANXA8;S100A14;TGM2;FER1L4;ANXA2;S100A2;TPM4;ANXA3;CEMIP2;ANXA4;TESC;ANXA5;MYOF;ANXA11;EML1;ASPN;AIF1L;SMOC2;GJB2;PLSCR3;VSNL1;PLSCR4;CDH11;CALU;S100A6;SPARCL1;FKBP9;ANXA2P2;AGRN;PAM;DSC2;DDR2;FBN1,0.1329479768786127
2,951,Basement Membrane (GO:0005604),15/46,6.627340732628178e-08,cellular anatomical structure,GO_Cellular_Component_2023,1.6485922220468102e-09,0.0,0.0,9.83147229114971,198.8252472712645,COL15A1;DST;P3H2;NID1;NID2;THBS4;LOXL2;SMOC2;EFEMP2;CCDC80;FRAS1;SMOC1;PXDN;AGRN;FBN1,0.32608695652173914
2,951,Collagen Fibril Organization (GO:0030199),16/42,2.501619145186329e-08,cellular process,GO_Biological_Process_2023,3.129631958114673e-11,0.0,0.0,12.52027972027972,302.83452378427984,COL18A1;CRTAP;COL27A1;COL14A1;LUM;COL12A1;LOXL3;LOXL1;LOXL2;GREM1;ADAMTS2;BMP1;LOX;PXDN;SERPINH1;DDR2,0.38095238095238093
2,951,Extracellular Matrix Assembly (GO:0085029),9/17,8.236141637969252e-06,cellular process,GO_Biological_Process_2023,2.0607527034118232e-08,0.0,0.0,22.74004777070064,402.4444840446803,MFAP4;EFEMP2;TNXB;ELN;PXDN;HAS2;QSOX1;FBLN5;GPM6B,0.5294117647058824
2,951,Cell-Substrate Junction (GO:0030055),51/395,5.911239306654351e-09,cellular anatomical structure,GO_Cellular_Component_2023,8.822745233812465e-11,0.0,0.0,3.08125,71.33433596575115,SCARB2;TES;TGFB1I1;FHL1;FAM107A;FHL2;RND3;MRC2;AKAP12;CSRP2;CSRP1;ADGRE5;CAPN5;ANXA6;PRSS8;SCARF2;TNS3;TNS1;TGM2;TPM4;DST;MME;ANXA5;LMO7;PALLD;PHLDB2;DDR2;PLEC;FBLN7;AHNAK;FBLIM1;SYNPO2;NEDD9;NEXN;LPP;PDLIM1;LIMA1;CNN1;EFS;FLRT2;EPB41L2;DMD;CD59;SVIL;LAYN;IGF2R;AIF1L;EHD3;DAB2;MARCKS;ITGBL1,0.1291139240506329
2,951,Endoplasmic Reticulum Lumen (GO:0005788),44/284,4.1938055007632015e-10,cellular anatomical structure,GO_Cellular_Component_2023,4.172940796779305e-12,0.0,0.0,3.801892686512312,99.61871331544964,COL18A1;SPON1;COL15A1;SERPINA1;ITIH2;COL13A1;COL14A1;COL12A1;MSLN;CHRDL1;PRSS23;FSTL1;FSTL3;CST3;ADAMTS5;EVA1A;STC2;SERPINH1;QSOX1;IGFBP7;CTSC;CRTAP;COL27A1;IGFBP5;IGFBP4;RNASET2;TMEM132A;P3H2;P3H1;SELENOM;VCAN;P4HA2;EOGT;COL6A1;MXRA8;CALU;SPARCL1;COL21A1;FAM20C;VWA1;MELTF;MFGE8;MATN3;FBN1,0.15492957746478872
2,951,Supramolecular Fiber Organization (GO:0097435),49/316,2.8749332013835305e-10,cellular process,GO_Biological_Process_2023,2.397775814331552e-13,0.0,0.0,3.821379041165284,111.04570059137814,COL18A1;COL14A1;COL12A1;STMN2;LOXL3;TCHH;KRT23;LOXL1;LOXL2;EFEMP2;ADAMTS2;CAPN3;PRSS8;KRT6B;KRT6A;COL27A1;TPM4;TPM2;TPM1;KRT7;KRT34;RHOF;GREM1;LOX;PXDN;DDR2;KRT81;KRT80;TNXB;LTBP2;FBLN5;CST3;CNN1;SERPINH1;CRTAP;LUM;KRT13;KLHL24;MYO1D;MFAP4;MYO1E;KRT19;MARCKS;MYO1B;BMP1;KRT17;KRT16;KRT15;KRT14,0.1550632911392405
2,951,Extracellular Matrix Organization (GO:0030198),46/176,1.7688669116766565e-18,cellular process,GO_Biological_Process_2023,7.376425820169544e-22,0.0,0.0,7.397144071398215,359.9345475093495,COL18A1;COL15A1;ECM2;COL13A1;COL14A1;ELN;COL12A1;LOXL3;NDNF;CTSV;NID1;NID2;LOXL1;KLK7;LOXL2;ADAMTS5;ADAMTS2;FLRT2;ADAMTS1;SPOCK2;SH3PXD2B;SERPINH1;HAS2;QSOX1;GPM6B;POSTN;CRTAP;COL27A1;MIA;LUM;NPNT;GREM1;SMOC2;CCDC80;BMP1;LOX;SPINT1;MMP16;SMOC1;PXDN;TGFBI;MATN4;RECK;MATN3;DDR2;MATN2,0.26136363636363635
2,951,Cell-Cell Adhesion Mediator Activity (GO:0098632),13/43,7.912485044749337e-06,binding,GO_Molecular_Function_2023,5.6652637551904564e-08,0.0,0.0,8.786318407960199,146.61138464544462,NTNG1;ANXA2;NEXN;PDLIM1;KRT18;EPCAM;TRIM29;PALLD;NRCAM;STXBP6;PKP3;PDLIM5;CD200,0.3023255813953488
3,1151,Cell Surface Interactions At Vascular Wall R-HSA-202733,25/134,3.4675268915714043e-06,Hemostasis,Reactome_2022,1.631066656314075e-07,0.0,0.0,3.817198168396695,59.65846133840911,CD84;ITGAM;SELPLG;ITGB2;SLC7A11;ITGAL;TREM1;JCHAIN;THBD;VPREB1;ITGAX;OLR1;CD58;PF4V1;MMP1;MERTK;SELE;CD2;PROCR;JAML;SELL;IGLL1;CD48;S100A9;CD244,0.1865671641791045
3,1151,Hematopoietic cell lineage,32/99,1.2493701346174574e-14,Immune system,KEGG_2021_Human,3.203513165685788e-16,0.0,0.0,8.016539287476824,286.0069813634071,CSF3;GYPA;CSF3R;ITGAM;CSF1;CD1E;CD1D;CD1C;CSF2RA;HLA-DMA;CD38;CD37;CD14;IL6R;HLA-DQA1;CD33;CD55;IL11;CR2;IL4R;CR1;IL11RA;IL1R1;IL1R2;CD2;FCER2;CD8A;IL7;CD5;CD7;IL7R;MS4A1,0.32323232323232326
3,1151,Cytokine-cytokine receptor interaction,144/295,8.433273438461143e-97,Signaling molecules and interaction,KEGG_2021_Human,4.324755609467253e-99,0.0,0.0,17.707254516398457,4010.543850559988,CNTFR;CSF3;TNFRSF6B;CSF3R;CSF1;CXCL17;IL1RAP;CXCL13;IL27RA;CXCL16;IL36A;IL18RAP;IL36B;TNFSF10;TNFSF11;TNFRSF8;IL13RA2;IL6R;TNFRSF4;IL13RA1;IL15RA;IL4R;IL1R1;IL11RA;IL1R2;LIFR;EDAR;IL6ST;CSH2;EBI3;IL20RA;IL20RB;TNFRSF11B;CSF2RA;TNFRSF17;IL36RN;TNFRSF14;CCR1;TNFSF18;TNFSF14;TSLP;TNFSF15;TNFSF12;TNFRSF9;TNFSF13;LIF;IL36G;PPBP;INHBA;INHBC;IL1F10;INHBE;IL22RA1;BMP3;CXCL10;CXCL11;CXCL12;IL7;TNFSF4;CD27;TNFSF9;TNFSF8;IL7R;CXCL6;CD40;CXCL9;IL20;CXCL8;EDA;TNFRSF13B;IL24;CXCL1;TNFRSF13C;CXCL3;CXCL2;CX3CL1;EDA2R;CXCL5;TNFSF13B;CCR9;CCR7;CCR5;PF4V1;CCR2;IL11;TNFRSF12A;IFNGR1;IL15;IFNGR2;TNFRSF18;IL18;IL16;OSMR;TNFRSF1B;IL17RA;LTA;XCL1;TNFRSF25;LTB;TNFRSF21;CCL14;CX3CR1;CCL13;CCL11;CTF1;CXCR5;CXCR6;IL1RL1;IL1RL2;CCL8;CCL7;CXCR3;CCL5;CCL4;CCL3;IL21R;CCL1;CCL19;CCL18;CCL17;CCL16;CCL15;GDF10;IL32;CCL24;IL33;CCL23;CCL22;CCL20;CD70;IL10RB;IL37;IL10RA;IL34;CLCF1;ACKR4;LTBR;IL17D;CCL28;IL17C;CCL27;IL18R1;CCL26;IL17A,0.488135593220339
3,1151,Viral protein interaction with cytokine and cytokine receptor,66/100,2.087706980011014e-55,Signaling molecules and interaction,KEGG_2021_Human,2.141237928216425e-57,0.0,0.0,33.66196801301166,4392.414419285641,CXCL6;CXCL9;CXCL8;IL20;CSF1;IL24;CXCL1;CXCL13;CXCL3;CXCL2;CX3CL1;CXCL5;IL18RAP;TNFSF10;CCR9;CCR7;CCR5;IL6R;PF4V1;CCR2;IL18;TNFRSF1B;LTA;XCL1;IL6ST;CCL14;CX3CR1;CCL13;CCL11;IL20RA;CXCR5;IL20RB;CCL8;CCL7;CCL5;CXCR3;CCL4;CCL3;TNFRSF14;CCL1;CCL19;CCL18;CCL17;CCL16;CCL15;CCR1;CCL24;CCL23;CCL22;TNFSF14;CCL20;IL10RB;IL37;IL10RA;IL34;PPBP;IL22RA1;CXCL10;CXCL11;CXCL12;ACKR4;LTBR;CCL28;CCL27;IL18R1;CCL26,0.66
3,1151,NF-kappa B signaling pathway,35/104,1.9545960411988662e-16,Signal transduction,KEGG_2021_Human,3.0070708326136405e-18,0.0,0.0,8.535920211937043,344.3865255743956,CCL13;CD40;CXCL8;EDA;BCL2A1;TNFAIP3;CXCL1;TNFRSF13C;CXCL3;PTGS2;CXCL2;EDA2R;ICAM1;TNFSF13B;RELB;PLAU;CCL4;TNFSF11;CD14;LBP;CCL19;EDARADD;VCAM1;GADD45B;TNFSF14;IL1R1;TRAF1;NFKB2;EDAR;CYLD;CXCL12;LTA;LTB;LTBR;BIRC3,0.33653846153846156
3,1151,Chemokine signaling pathway,46/192,3.0039025152821457e-15,Immune system,KEGG_2021_Human,6.161851313399273e-17,0.0,0.0,5.332783735201141,199.0491889267776,CCL14;CX3CR1;CXCL6;CCL13;CXCL9;CXCL8;CCL11;CXCR5;CXCL1;CXCR6;CXCL13;CXCL3;CXCL2;CX3CL1;CXCL5;CXCL16;CCL8;CCL7;CCL5;CXCR3;CCL4;CCR9;CCL3;CCR7;CCL1;CCL19;CCR5;CCL18;CCL17;PF4V1;CCL16;CCR2;CCL15;CCR1;CCL24;CCL23;CCL22;CCL20;PPBP;CXCL10;CXCL11;CXCL12;XCL1;CCL28;CCL27;CCL26,0.23958333333333334
3,1151,Defense Response To Fungus (GO:0050832),11/29,6.882406286574674e-06,biological process involved in interspecies interaction between organisms,GO_Biological_Process_2023,2.893504144505869e-07,0.0,0.0,10.094590643274854,151.98039524422887,CX3CR1;CLEC4A;CLEC4C;CLEC4D;CLEC7A;CLEC6A;S100A12;IL36RN;CLEC4E;S100A9;S100A8,0.3793103448275862
3,1151,Negative Regulation Of T Cell Activation (GO:0050868),15/49,1.5768364346082725e-06,biological regulation,GO_Biological_Process_2023,5.6822934580478294e-08,0.0,0.0,7.306985294117647,121.90481638637682,CD274;CR1;LAPTM5;LILRB1;LILRB2;HLA-G;LILRB4;LGALS3;GPNMB;CTSG;VSIG4;TIGIT;FCGR2B;TNFRSF21;HAVCR2,0.30612244897959184
3,1151,Antigen Processing And Presentation Of Exogenous Peptide Antigen (GO:0002478),12/31,1.7403619753416972e-06,immune system process,GO_Biological_Process_2023,6.336903588894318e-08,0.0,0.0,10.441291992052124,173.0570065434264,CLEC4A;HLA-DMA;CTSL;HLA-A;IFI30;HLA-F;FCGR2B;CTSD;CTSS;HLA-DQA1;HLA-E;LGMN,0.3870967741935484
3,1151,Regulation Of Cytokine Production (GO:0001817),28/167,7.357227087036939e-06,biological regulation,GO_Biological_Process_2023,3.120745723855759e-07,0.0,0.0,3.35611831105018,50.27473171750689,PTGER4;GATA3;LITAF;GPNMB;IFI16;CCR7;LGALS9;CCR2;SRGN;IL33;GBP7;BTN3A1;IL15;SLC11A1;NFAM1;CRTAM;ZBTB32;ISG15;BTN3A3;TNFRSF1B;BATF;CLEC4A;CLEC6A;BCL6B;SAA1;IRF8;ACKR1;FCGR2B,0.16766467065868262
3,1151,MHC Protein Binding (GO:0042287),12/34,7.371074102134534e-06,binding,GO_Molecular_Function_2023,2.096040029042996e-07,0.0,0.0,9.016042780748664,138.6491186986057,LAG3;CLEC7A;CD8A;TAP2;TAP1;LILRB1;PILRB;KIR3DL2;LILRB2;CD244;HLA-E;TAPBP,0.35294117647058826
3,1151,MHC Class Ib Protein Binding (GO:0023029),6/7,7.753337790176691e-06,binding,GO_Molecular_Function_2023,2.3884689874951894e-07,0.0,0.0,98.76681222707424,1505.9413477524934,TAP2;TAP1;KLRD1;LILRB1;KIR3DL2;LILRB2,0.8571428571428571
3,1151,Endopeptidase Activity (GO:0004175),44/335,8.219587330440622e-06,catalytic activity,GO_Molecular_Function_2023,2.72687731341632e-07,0.0,0.0,2.534797306735954,38.3133054968074,ADAMDEC1;KLK1;C1S;CD5L;TMPRSS2;CTSW;PLAT;MST1L;USP18;CTSS;ADAM28;CTSL;PLAU;CTSK;MMP28;CASP4;CTSG;TPSAB1;CTSD;CTSB;CELA2B;ERAP2;MMP1;GZMA;MST1;MMP3;ERAP1;ADAM32;GZMB;MMP8;MMP10;GZMH;MMP12;GZMK;ACE2;MMP11;MMP14;MMP13;MMP15;MMP23B;MMP19;ADAM8;PRTN3;LGMN,0.13134328358208955
3,1151,Negative Regulation Of Antigen Receptor-Mediated Signaling Pathway (GO:0050858),10/24,8.292233918174366e-06,biological regulation,GO_Biological_Process_2023,3.5796054826953905e-07,0.0,0.0,11.79103543257794,175.0124884050757,LGALS3;CD300A;SH2D1A;LAPTM5;LPXN;THY1;UBASH3A;FCGR2B;LILRB4;GBP1,0.4166666666666667
3,1151,Natural Killer Cell Mediated Cytotoxicity (GO:0042267),10/24,8.292233918174366e-06,cellular process,GO_Biological_Process_2023,3.5796054826953905e-07,0.0,0.0,11.79103543257794,175.0124884050757,CD2;KLRK1;RAET1E;GZMB;NKG7;SLAMF7;KIR3DL1;ULBP2;ULBP1;MICA,0.4166666666666667
3,1151,Negative Regulation Of T Cell Proliferation (GO:0042130),12/36,9.86994544020667e-06,biological regulation,GO_Biological_Process_2023,4.297723990480382e-07,0.0,0.0,8.263827919227392,121.14780053682834,CD274;CR1;GPNMB;CRTAM;TNFRSF14;LILRB1;LGALS9;VSIG4;LILRB2;HLA-G;LILRB4;TNFRSF21,0.3333333333333333
3,1151,Positive Regulation Of I-kappaB kinase/NF-kappaB Signaling (GO:0043123),29/175,6.042971500251043e-06,biological regulation,GO_Biological_Process_2023,2.4952209648183735e-07,0.0,0.0,3.3110333797279807,50.34001899462752,CD40;IFIT5;SECTM1;LITAF;CX3CL1;EDA2R;LGALS1;CLEC7A;UBD;MIER1;TNFSF10;S100A12;CCR7;LGALS9;CCL19;TRIM22;APOL2;NDFIP2;S100B;EDAR;BST2;CLEC6A;PELI1;TNFRSF25;LTB;LTBR;TRIM38;TMEM106A;BIRC3,0.1657142857142857
3,1151,Ficolin-1-Rich Granule Membrane (GO:0101003),16/60,5.56087861499377e-06,cellular anatomical structure,GO_Cellular_Component_2023,1.7653582904742125e-07,0.0,0.0,6.024829795754906,93.68454881992834,SERPINB10;SERPINB12;CR1;CD300A;SLC11A1;ITGB2;FPR1;LILRB2;LILRA3;FCAR;LGALS3;CLEC4C;CLEC4D;ITGAX;CD58;CD55,0.26666666666666666
3,1151,Negative Regulation Of Lymphocyte Activation (GO:0051250),10/23,5.38101443975232e-06,biological regulation,GO_Biological_Process_2023,2.201691343592353e-07,0.0,0.0,12.698712330614171,194.65690786010305,LGALS3;GPNMB;LST1;LAPTM5;TNFAIP3;CTSG;FCGR2B;TIGIT;SAMSN1;MICA,0.43478260869565216
3,1151,Regulation Of Chemokine Production (GO:0032642),13/41,6.618179681609642e-06,biological regulation,GO_Biological_Process_2023,2.7575748673373505e-07,0.0,0.0,7.6786655787095155,115.97659938313836,EGR1;IL33;TSLP;IL18;AIF1;LILRB4;SIGIRR;IL7;TNFSF4;LGALS9;LCP1;IL6R;TLR2,0.3170731707317073
3,1151,Antigen Processing And Presentation Of Peptide Antigen Via MHC Class I (GO:0002474),9/18,5.018524425676747e-06,immune system process,GO_Biological_Process_2023,2.034536929328411e-07,0.0,0.0,16.49737302977233,254.18867637949035,CLEC4A;ERAP2;ERAP1;TAP2;TAP1;HLA-A;IFI30;B2M;TAPBP,0.5
3,1151,Positive Regulation Of T Cell Mediated Cytotoxicity (GO:0001916),12/33,3.596499089849823e-06,biological regulation,GO_Biological_Process_2023,1.4310394276429478e-07,0.0,0.0,9.445879844475105,148.86418156071903,RAET1E;XCL1;CD1E;CD1D;HLA-A;CD1C;HLA-F;ULBP2;HLA-G;ULBP1;MICA;HLA-E,0.36363636363636365
3,1151,Dendritic Cell Differentiation (GO:0097028),10/22,3.3291385340982853e-06,cellular process,GO_Biological_Process_2023,1.3121604582594596e-07,0.0,0.0,13.75766871165644,218.00980580779844,BATF2;BATF3;UBD;IRF8;LILRB1;CCR7;PRTN3;CCL19;LGALS9;BATF,0.45454545454545453
3,1151,Antigen Processing And Presentation Of Endogenous Peptide Antigen Via MHC Class I Via ER Pathway (GO:0002484),8/13,2.9874251917430927e-06,immune system process,GO_Biological_Process_2023,1.1662620868666728e-07,0.0,0.0,26.37830271216098,421.1109220539049,RAET1E;HLA-A;HLA-F;ULBP2;HLA-G;ULBP1;MICA;HLA-E,0.6153846153846154
3,1151,"Antigen Processing And Presentation Of Endogenous Peptide Antigen Via MHC Class I Via ER Pathway, TAP-independent (GO:0002486)",8/13,2.9874251917430927e-06,immune system process,GO_Biological_Process_2023,1.1662620868666728e-07,0.0,0.0,26.37830271216098,421.1109220539049,RAET1E;HLA-A;HLA-F;ULBP2;HLA-G;ULBP1;MICA;HLA-E,0.6153846153846154
3,1151,Antigen Processing And Presentation Of Endogenous Peptide Antigen Via MHC Class Ib (GO:0002476),8/13,2.9874251917430927e-06,immune system process,GO_Biological_Process_2023,1.1662620868666728e-07,0.0,0.0,26.37830271216098,421.1109220539049,RAET1E;HLA-A;HLA-F;ULBP2;HLA-G;ULBP1;MICA;HLA-E,0.6153846153846154
3,1151,Antigen Processing And Presentation Of Peptide Antigen Via MHC Class Ib (GO:0002428),8/13,2.9874251917430927e-06,immune system process,GO_Biological_Process_2023,1.1662620868666728e-07,0.0,0.0,26.37830271216098,421.1109220539049,RAET1E;HLA-A;HLA-F;ULBP2;HLA-G;ULBP1;MICA;HLA-E,0.6153846153846154
3,1151,Positive Regulation Of T Cell Proliferation (GO:0042102),17/65,2.6587701166060265e-06,biological regulation,GO_Biological_Process_2023,9.980368305578179e-08,0.0,0.0,5.871858465608466,94.65471518067784,CD274;VCAM1;IL15;CD70;EBI3;IL18;TNFRSF13C;CD1D;LILRB2;AIF1;CD209;CCL5;TNFSF4;TNFSF9;CCL19;IL6ST;CCR2,0.26153846153846155
3,1151,Inhibitory MHC Class I Receptor Activity (GO:0032396),7/9,2.56096382036982e-06,molecular transducer activity,GO_Molecular_Function_2023,6.675498109968724e-08,0.0,0.0,57.66127622377623,952.6932668346216,KIR3DL1;LILRB1;LILRA1;LILRB2;LILRA2;LILRA3;LILRB4,0.7777777777777778
3,1151,Positive Regulation Of Interleukin-1 Beta Production (GO:0032731),16/57,2.1652155979699893e-06,biological regulation,GO_Biological_Process_2023,8.046409316780365e-08,0.0,0.0,6.466702482002794,105.63652609744824,GBP5;EGR1;LILRA2;AIM2;TYROBP;IFI16;CLEC7A;CCL3;MNDA;LGALS9;LCP1;CCL19;NLRP1;NAIP;TMEM106A;IL17A,0.2807017543859649
3,1151,Positive Regulation Of T Cell Mediated Immunity (GO:0002711),14/43,1.7848728239754402e-06,biological regulation,GO_Biological_Process_2023,6.565973601711454e-08,0.0,0.0,7.990780335425955,132.1577575591053,CD1E;CD1D;HLA-A;CD1C;HLA-F;HLA-G;HLA-E;RAET1E;TNFSF4;XCL1;ULBP2;ULBP1;CD55;MICA,0.32558139534883723
3,1151,Neutrophil Activation (GO:0042119),9/18,5.018524425676747e-06,cellular process,GO_Biological_Process_2023,2.034536929328411e-07,0.0,0.0,16.49737302977233,254.18867637949035,CXCL6;CXCL8;TYROBP;IL15;CCL5;CTSG;PRG3;LILRA2;CAMP,0.5
3,1151,Rheumatoid arthritis,29/93,7.406838274505822e-13,Immune disease,KEGG_2021_Human,2.2790271613864065e-14,0.0,0.0,7.586410984848484,238.3076998565273,CXCL6;CXCL8;CSF1;ITGB2;CXCL1;CXCL3;ITGAL;CXCL2;CXCL5;ICAM1;TNFSF13B;HLA-DMA;CTSL;CTSK;CCL5;CCL3;TNFSF11;HLA-DQA1;IL11;IL15;MMP1;CCL20;MMP3;TNFSF13;IL18;CXCL12;LTB;TLR2;IL17A,0.3118279569892473
3,1151,Activation Of Matrix Metalloproteinases R-HSA-1592389,13/33,3.303744566666165e-07,Extracellular matrix organization,Reactome_2022,1.3813566132402084e-08,0.0,0.0,10.754701230228472,194.6344388050233,MMP1;MMP3;MMP8;MMP10;MMP11;MMP14;MMP13;MMP15;CTSK;MMP28;CTSG;TIMP1;TPSAB1,0.3939393939393939
3,1151,JAK-STAT signaling pathway,36/162,4.059404303902951e-11,Signal transduction,KEGG_2021_Human,1.6653966374986466e-12,0.0,0.0,4.797693786034594,130.11805070906826,CNTFR;CSF3;CSF3R;IL20;CTF1;CSH2;IL24;IL20RA;IL20RB;CSF2RA;IL27RA;IL21R;STAT4;IL13RA2;IL6R;IL13RA1;MCL1;IL15RA;IL11;IL4R;TSLP;IL11RA;IFNGR1;IL15;IL10RB;IFNGR2;IL10RA;LIF;LIFR;OSMR;IL22RA1;IL7;IL6ST;IL7R;IL17D;IRF9,0.2222222222222222
3,1151,TNFR2 Non-Canonical NF-kB Pathway R-HSA-5668541,37/100,4.0216222426777034e-19,Immune System,Reactome_2022,7.706941580044377e-21,0.0,0.0,9.903992476703428,458.67533895156674,CD40;TNFRSF6B;EDA;TNFRSF13B;TNFRSF11B;TNFRSF13C;TANK;EDA2R;TNFSF13B;RELB;TNFRSF8;TNFSF11;TNFRSF17;TNFRSF14;TNFRSF4;TNFSF18;EDARADD;TNFSF14;TNFRSF12A;TNFSF15;CD70;TNFRSF9;TNFSF12;TNFRSF18;TNFSF13;TNFRSF1B;NFKB2;EDAR;TNFSF4;LTA;CD27;TNFSF9;TNFSF8;TNFRSF25;LTB;LTBR;BIRC3,0.37
3,1151,Peptide Ligand-Binding Receptors R-HSA-375276,51/196,1.210180723998436e-18,Signal Transduction,Reactome_2022,2.5299945449444654e-20,0.0,0.0,5.98058934169279,269.8650317363531,CXCL6;CXCL9;CXCL8;CXCL1;CXCL13;CXCL3;CXCL2;CX3CL1;CXCL5;CXCL16;CCRL2;C3AR1;CCR9;CCR7;CCR5;CCR2;EDN1;EDN2;CD200R1;XCL1;CX3CR1;CCL13;CCL11;C5AR1;FPR1;CXCR5;CXCR6;GPNMB;CCL7;CXCR3;CCL5;CCL4;CCL3;CCL1;CCL19;CCL17;CCL16;CCR1;CCL23;CCL22;CCL20;PPBP;CXCL10;CXCL11;CXCL12;PNOC;ACKR4;SAA2;ACKR1;CCL28;CCL27,0.2602040816326531
3,1151,Innate Immune System R-HSA-168249,136/1035,1.863700423617064e-18,Immune System,Reactome_2022,4.220924304359203e-20,0.0,0.0,2.675331649287385,119.35095308915696,NCF2;GMFG;CLEC10A;ICAM2;EPX;MPO;HERC5;LGALS3;PLAU;DHX58;CLEC5A;C3AR1;B2M;NHLRC3;S100A1;CD300A;SLC11A1;CD180;KRT1;RNASE6;CYBB;MCEMP1;RNASE3;HLA-A;RNASE1;HLA-E;SIGIRR;CLEC4A;CLEC4C;TYROBP;RNF125;CLEC4D;SLPI;TXNIP;ADAM8;PRTN3;CLEC4E;S100A9;S100A8;S100A7;C5AR1;FPR1;GPR84;ADGRG3;CNN2;CRACR2A;KLRK1;CLEC7A;S100A12;PI3;NLRP1;S100A11;LY86;ADA2;ISG15;PPBP;LYZ;HRNR;NFKB2;BST2;CYLD;RCAN1;SELL;CD209;CLEC6A;LCN2;KLRD1;LGMN;PIGR;SIGLEC9;ITGAM;TNFAIP6;CRISP3;ITGB2;TNFAIP3;CXCL1;ITGAL;TREM1;CTSS;FCAR;PSTPIP1;GLIPR1;CTSL;GNLY;CTSK;MMP28;CASP4;ITGAX;OLR1;CTSG;LBP;CTSD;CD33;CCR2;CTSB;DUSP4;CD53;CR2;CR1;NFAM1;PLAUR;IRAK3;TNFRSF1B;MMP8;MMP12;AIM2;PELI1;CHI3L1;PLEKHO2;BIRC3;TLR2;SERPINB10;LILRA6;SERPINB12;C1S;CLEC12A;PTAFR;FGL2;TANK;LILRA3;USP18;RELB;IFI16;CD58;CCL17;CD55;CCL22;LILRB2;S100B;LRG1;FCGR2A;SAA2;PTX3;S100P;MNDA;CD68,0.13140096618357489
3,1151,Interferon Gamma Signaling R-HSA-877300,34/89,3.643320191798039e-18,Immune System,Reactome_2022,8.886146809263509e-20,0.0,0.0,10.401171970375191,456.2703777431675,CIITA;SP100;PTAFR;IFI30;ICAM1;OASL;TRIM26;GBP2;B2M;GBP1;TRIM22;GBP4;HLA-DQA1;GBP6;GBP5;GBP7;VCAM1;IFNGR1;IFNGR2;HLA-A;HLA-F;HLA-G;HLA-E;OAS1;IRF4;OAS2;IRF1;IRF2;IRF8;TRIM14;IRF5;IRF6;TRIM38;IRF9,0.38202247191011235
3,1151,Interleukin-4 And Interleukin-13 Signaling R-HSA-6785807,32/107,1.5153893967193137e-13,Immune System,Reactome_2022,3.96007682069507e-15,0.0,0.0,7.158391420911528,237.39024834509016,CXCL8;ITGAM;CCL11;CEBPD;ITGB2;RORC;F13A1;GATA3;PTGS2;ICAM1;ITGAX;LBP;TIMP1;IL13RA2;IL6R;IL13RA1;MCL1;IL4R;VCAM1;CCL22;MMP1;MMP3;LIF;IL18;TNFRSF1B;BATF;FCER2;ZEB1;IRF4;FSCN1;LCN2;SAA2,0.29906542056074764
3,1151,Class A/1 (Rhodopsin-like Receptors) R-HSA-373076,58/327,4.762906464640664e-13,Signal Transduction,Reactome_2022,1.3276394326524495e-14,0.0,0.0,3.66523024178874,117.11432781662872,CXCL6;CXCL9;CXCL8;GPR65;CXCL1;CXCL13;CXCL3;CXCL2;CX3CL1;CXCL5;CXCL16;CCRL2;C3AR1;CCR9;CCR7;CCR5;CCR2;EDN1;EDN2;CD200R1;XCL1;PTGER4;CX3CR1;CCL13;CCL11;PTAFR;C5AR1;FPR1;CXCR5;CXCR6;HCAR2;HCAR3;GPNMB;CCL7;CXCR3;CCL5;CCL4;CCL3;CCL1;CCL19;CCL17;CCL16;CCR1;CCL23;CCL22;CCL20;PPBP;CXCL10;CXCL11;CXCL12;GPR183;PNOC;ACKR4;SAA2;ACKR1;CCL28;GPR18;CCL27,0.17737003058103976
3,1151,Adaptive Immune System R-HSA-1280218,92/733,3.7234026772221726e-11,Immune System,Reactome_2022,1.102749921825382e-12,0.0,0.0,2.467721145106428,67.94429469348745,IFITM1;CD40;SIGLEC9;NCF2;ITGB2;ICAM2;RNF19B;ICAM4;ICAM5;ITGAL;IFI30;TREM1;CTSS;ICAM1;HERC5;CTSL;CTSK;B2M;CTSD;CD33;HERC6;CTSB;CD96;LAG3;DTX3L;BTN3A1;S100A1;CD300A;CYBB;BTN3A3;RNASE3;HLA-A;HLA-F;RNASE1;HLA-G;HLA-E;TAPBP;NCR1;CD200R1;NCR3;TYROBP;JAML;CD8A;CD226;CD300C;HCST;S100A9;CLEC4G;S100A8;TLR2;LILRA6;CD274;KLRB1;CD1E;CD1D;LILRA1;CD1C;LILRA2;LILRA3;RASGRP3;HLA-DMA;KLRK1;NCR3LG1;SLAMF7;TNFRSF14;KLRC1;HLA-DQA1;MICA;KLRG1;FYB1;VCAM1;ERAP2;ERAP1;SH2D1A;CRTAM;SH2D1B;KIR3DL1;LILRB1;KIR3DL2;LILRB2;LILRB4;LILRB5;RAET1E;SELL;CD209;KLRD1;FCGR2B;NFKBIE;ASB2;SIGLEC7;ULBP1;LGMN,0.12551159618008187
3,1151,Neutrophil Degranulation R-HSA-6798695,86/468,2.194259631142673e-20,Immune System,Reactome_2022,3.8227519706318343e-22,0.0,0.0,3.903748494457144,192.5168761220163,PIGR;SIGLEC9;ITGAM;TNFAIP6;GMFG;CRISP3;ITGB2;CXCL1;EPX;ITGAL;MPO;FCAR;CTSS;LGALS3;GLIPR1;PLAU;MMP28;CLEC5A;C3AR1;ITGAX;OLR1;CTSG;B2M;CTSD;CD33;CTSB;CD53;CR1;NHLRC3;CD300A;NFAM1;SLC11A1;KRT1;PLAUR;CYBB;MCEMP1;RNASE3;HLA-A;TNFRSF1B;MMP8;RNASE1;MMP12;CLEC4C;CLEC4D;TYROBP;SLPI;CHI3L1;ADAM8;PRTN3;PLEKHO2;S100A9;S100A8;S100A7;TLR2;SERPINB10;LILRA6;SERPINB12;CLEC12A;PTAFR;FGL2;C5AR1;FPR1;GPR84;LILRA3;ADGRG3;CNN2;CRACR2A;S100A12;CD58;S100A11;CD55;ADA2;PPBP;LILRB2;LYZ;HRNR;BST2;RCAN1;LRG1;FCGR2A;SELL;LCN2;MNDA;PTX3;S100P;CD68,0.18376068376068377
3,1151,TNF Receptor Superfamily (TNFSF) Members Mediating Non-Canonical NF-kB Pathway R-HSA-5676594,12/17,1.882673998558969e-10,Immune System,Reactome_2022,5.903855744610009e-12,0.0,0.0,39.7064091308165,1026.6257045984803,CD40;TNFRSF12A;TNFSF14;TNFSF12;LTA;TNFSF11;TNFRSF13C;LTB;LTBR;TANK;TNFSF13B;BIRC3,0.7058823529411765
3,1151,G Alpha (I) Signaling Events R-HSA-418594,47/312,3.9020867862717876e-08,Signal Transduction,Reactome_2022,1.3596121206521903e-09,0.0,0.0,2.9855345911949684,60.95287240341533,CX3CR1;CCL13;CXCL6;CXCL9;CXCL8;RGS16;C5AR1;FPR1;CXCR5;CXCL1;CXCR6;CXCL13;CXCL3;CXCL2;CX3CL1;CXCL5;CXCL16;HCAR2;HCAR3;RGS1;CXCR3;UBD;CCL5;CCL4;C3AR1;CCR9;PDE4B;CCR7;CCL1;CCL19;CCR5;CCL16;CCR2;CCR1;CCL23;CCL20;PPBP;CXCL10;CXCL11;CXCL12;GPR183;PNOC;ACKR4;SAA2;CCL28;GPR18;CCL27,0.15064102564102563
3,1151,Interleukin-36 Pathway R-HSA-9014826,7/7,5.616224103914565e-08,Immune System,Reactome_2022,2.0547161355784995e-09,0.0,0.0,131943.0,2639272.735130764,IL1RL2;IL36A;IL36B;IL36G;IL36RN;IL1RAP;IL1F10,1.0
3,1151,Collagen Degradation R-HSA-1442490,15/40,6.178125849606091e-08,Extracellular matrix organization,Reactome_2022,2.367922799500592e-09,0.0,0.0,9.94225352112676,197.46560980947532,MMP1;MMP3;MMP8;MMP10;MMP12;MMP11;MMP14;MMP13;CTSL;MMP15;CTSK;MMP28;MMP19;CTSD;CTSB,0.375
3,1151,IL-6-type Cytokine Receptor Ligand Interactions R-HSA-6788467,10/17,1.2841234076820477e-07,Immune System,Reactome_2022,5.1454422259036765e-09,0.0,0.0,23.590835107048957,450.2347332455024,CNTFR;IL11;CTF1;IL11RA;CLCF1;LIF;LIFR;OSMR;IL6ST;CRLF1,0.5882352941176471
3,1151,Regulation Of Response To External Stimulus (GO:0032101),25/127,1.5298730401233765e-06,biological regulation,GO_Biological_Process_2023,5.4556283337733017e-08,0.0,0.0,4.080686448646954,68.24553461099457,SEMA7A;IL20;PTGS2;SAMHD1;USP18;CX3CL1;HERC5;IL1RL2;DHX58;CASP4;NLRP1;CD55;CCR2;IL1R1;IL37;ELMOD2;ERAP1;SELE;NLRP14;CYLD;TNFSF4;IRF1;XCL1;FCGR2B;BIRC3,0.1968503937007874
3,1151,Interleukin-6 Family Signaling R-HSA-6783589,11/24,6.259746892463086e-07,Immune System,Reactome_2022,2.726370597762668e-08,0.0,0.0,13.980836707152497,243.5141519214873,CNTFR;IL11;CTF1;IL11RA;CLCF1;LIF;LIFR;OSMR;IL6ST;IL6R;CRLF1,0.4583333333333333
3,1151,Interleukin-1 Family Signaling R-HSA-446652,27/152,3.340988604268985e-06,Immune System,Reactome_2022,1.5133397859058125e-07,0.0,0.0,3.5982064056939502,56.50542978515664,IL1RAP;PTPN23;TANK;USP18;IL18BP;IL1RL1;IL1RL2;IL18RAP;IL36A;IL36B;S100A12;IL36RN;CTSG;IL33;IL1R1;IL37;IL1R2;IL18;IL36G;IRAK3;S100B;IL1F10;NFKB2;SIGIRR;PELI1;SAA2;IL18R1,0.17763157894736842
3,1151,GPCR Ligand Binding R-HSA-500792,64/458,1.185792137480009e-09,Signal Transduction,Reactome_2022,3.925095925456477e-11,0.0,0.0,2.757834864270404,66.08060592625087,CXCL6;CXCL9;CXCL8;GPR65;CXCL1;CXCL13;CXCL3;CXCL2;CX3CL1;CXCL5;CXCL16;ADGRE1;ADGRE2;C1QTNF1;CCRL2;C3AR1;CCR9;CCR7;CCR5;CCR2;EDN1;EDN2;CD200R1;XCL1;CX3CR1;PTGER4;CCL13;CCL11;PTAFR;C5AR1;FPR1;CXCR5;CXCR6;HCAR2;HCAR3;GPNMB;CCL7;CCL5;CXCR3;UBD;CCL4;CCL3;CCL1;CCL19;CCL17;CCL16;CD55;CCR1;CCL23;CCL22;CCL20;SMOX;PPBP;CXCL10;CXCL11;CXCL12;GPR183;PNOC;ACKR4;SAA2;ACKR1;CCL28;GPR18;CCL27,0.13973799126637554
3,1151,Natural killer cell mediated cytotoxicity,33/131,9.421739487457007e-12,Immune system,KEGG_2021_Human,3.3821628929332845e-13,0.0,0.0,5.647685371107298,162.17379821254605,ITGB2;ICAM2;PRF1;KIR2DL1;ITGAL;ICAM1;KLRK1;SH3BP2;TNFSF10;KLRC1;MICA;KLRC3;IFNGR1;IFNGR2;SH2D1A;SH2D1B;GZMB;KIR3DL1;HLA-A;KIR3DL2;HLA-G;HLA-E;NCR1;NCR3;TYROBP;RAET1E;RAET1L;KLRD1;CD48;ULBP2;ULBP1;HCST;CD244,0.25190839694656486
3,1151,Interferon Signaling R-HSA-913531,54/200,1.842955223694947e-20,Immune System,Reactome_2022,2.889651047605317e-22,0.0,0.0,6.305877798728787,312.74465241934405,IFITM3;IFITM1;CIITA;IFITM2;IFIT5;ADAR;IFI35;IFI30;IFIT1;IFIT3;ICAM1;IFIT2;OASL;HERC5;TRIM26;B2M;TRIM22;GBP6;GBP5;GBP7;RSAD2;IFNGR1;IFNGR2;HLA-A;HLA-F;HLA-G;HLA-E;IFI27;OAS1;IRF4;OAS2;IRF1;IRF2;TRIM14;IRF8;IRF5;IRF6;IRF9;SP100;PTAFR;SAMHD1;USP18;GBP2;GBP1;HLA-DQA1;GBP4;EGR1;VCAM1;MX2;ISG15;BST2;ISG20;TRIM38;XAF1,0.27
3,1151,Interleukin-10 Signaling R-HSA-6783783,28/45,4.891984392064937e-22,Immune System,Reactome_2022,5.965834624469435e-24,0.0,0.0,27.62013514221361,1477.0141608659228,CSF3;CXCL8;CSF1;PTAFR;FPR1;CXCL1;PTGS2;CXCL2;ICAM1;CCL5;CCL4;CCL3;CCL19;TIMP1;CCR5;CCR2;CCR1;CCL22;CCL20;IL10RB;IL1R1;IL10RA;IL1R2;IL18;LIF;TNFRSF1B;CXCL10;FCER2,0.6222222222222222
3,1151,IL-17 signaling pathway,26/94,2.3551067841978236e-10,Immune system,KEGG_2021_Human,1.0869723619374572e-11,0.0,0.0,6.383084967320261,161.1412343092489,CXCL6;CSF3;CXCL8;CCL11;TNFAIP3;CXCL1;CXCL3;PTGS2;CXCL2;CXCL5;CCL7;CCL17;MMP1;CCL20;MMP3;IL17RA;CXCL10;MMP13;LCN2;FOSB;IL17D;S100A9;IL17C;S100A8;S100A7;IL17A,0.2765957446808511
3,1151,TNF signaling pathway,28/112,4.927772171892571e-10,Signal transduction,KEGG_2021_Human,2.5270626522526e-11,0.0,0.0,5.569902048085486,135.91328753574118,CXCL6;CSF1;TNFAIP3;CXCL1;CXCL3;PTGS2;CXCL2;CX3CL1;CXCL5;ICAM1;CCL5;JUNB;EDN1;VCAM1;IL15;CCL20;MMP3;LIF;TRAF1;TNFRSF1B;SELE;CXCL10;MMP14;IRF1;BCL3;LTA;IL18R1;BIRC3,0.25
3,1151,Antigen processing and presentation,23/78,7.082636321080201e-10,Immune system,KEGG_2021_Human,3.995333309327294e-11,0.0,0.0,6.967472598323663,166.8243494792157,CIITA;KLRC3;TAP2;TAP1;KIR3DL1;HLA-A;KIR2DL1;KIR3DL2;IFI30;HLA-F;HLA-G;CTSS;HLA-E;TAPBP;HLA-DMA;CTSL;CD8A;KLRD1;KLRC1;B2M;HLA-DQA1;CTSB;LGMN,0.2948717948717949
3,1151,Osteoclast differentiation,27/127,4.564775672410007e-08,Development and regeneration,KEGG_2021_Human,2.809092721483081e-09,0.0,0.0,4.50376334519573,88.6809210512907,LILRA6;CSF1;NCF2;TNFRSF11B;LILRA1;LILRA2;LILRA3;RELB;CTSK;TNFSF11;JUNB;IL1R1;IFNGR1;IFNGR2;LILRB1;LILRB2;LILRB3;LILRB4;LILRB5;FOSL2;NFKB2;CYLD;TYROBP;FCGR2A;FOSB;FCGR2B;IRF9,0.2125984251968504
3,1151,NOD-like receptor signaling pathway,33/181,4.937646199327e-08,Immune system,KEGG_2021_Human,3.291764132884666e-09,0.0,0.0,3.729711598897645,72.84813842085431,CXCL8;TNFAIP3;CXCL1;ANTXR2;CXCL3;ANTXR1;CXCL2;TANK;PSTPIP1;IFI16;CCL5;NAMPT;CASP4;NLRP1;GBP2;GBP1;CAMP;GBP4;CTSB;GBP3;GBP5;GABARAPL1;GBP7;IL18;CYBB;AIM2;OAS1;OAS2;CARD18;TXNIP;NAIP;IRF9;BIRC3,0.18232044198895028
3,1151,Malaria,16/50,1.3964001485134109e-07,Infectious disease: parasitic,KEGG_2021_Human,1.0025436963686026e-08,0.0,0.0,7.800984711065043,143.67963070949648,CD40;CSF3;GYPA;CXCL8;CR1;VCAM1;KLRB1;ITGB2;IL18;ITGAL;SELE;ICAM1;SELP;KLRK1;ACKR1;TLR2,0.32
3,1151,Intestinal immune network for IgA production,15/48,5.412173972006641e-07,Immune system,KEGG_2021_Human,4.163210747697416e-08,0.0,0.0,7.528809218950064,127.94755136976104,PIGR;IL15RA;CD40;TNFRSF13B;IL15;TNFSF13;TNFRSF13C;TNFSF13B;HLA-DMA;CXCL12;CCR9;TNFRSF17;LTBR;CCL28;HLA-DQA1,0.3125
3,1151,Interferon Alpha/Beta Signaling R-HSA-909733,34/72,1.4837132158334919e-21,Immune System,Reactome_2022,2.067892983740059e-23,0.0,0.0,15.06794515384253,787.0428782395195,IFITM3;IFITM1;IFITM2;IFIT5;ADAR;IFI35;IFIT1;SAMHD1;USP18;IFIT3;IFIT2;OASL;GBP2;EGR1;RSAD2;MX2;ISG15;HLA-A;HLA-F;HLA-G;HLA-E;BST2;ISG20;IFI27;OAS1;IRF4;OAS2;IRF1;IRF2;IRF8;IRF5;IRF6;XAF1;IRF9,0.4722222222222222
3,1151,Graft-versus-host disease,13/42,4.611967737677872e-06,Immune disease,KEGG_2021_Human,3.784178656556203e-07,0.0,0.0,7.413490091509606,109.6252558074576,PRF1;GZMB;KIR3DL1;KIR2DL1;HLA-A;KIR3DL2;HLA-F;HLA-G;HLA-E;HLA-DMA;KLRD1;KLRC1;HLA-DQA1,0.30952380952380953
3,1151,Inflammatory bowel disease,16/65,6.3090205580055255e-06,Immune disease,KEGG_2021_Human,5.823711284312792e-07,0.0,0.0,5.408612784320777,77.646899231326,IL4R;IFNGR1;IFNGR2;RORC;IL18;GATA3;HLA-DMA;IL18RAP;MAF;TBX21;IL21R;STAT4;HLA-DQA1;IL18R1;TLR2;IL17A,0.24615384615384617
3,1151,Immune System R-HSA-168256,350/1943,4.539863353402223e-90,Immune System,Reactome_2022,7.909169605230355e-93,0.0,0.0,4.733254806256774,1003.7926632772112,IFITM3;CNTFR;IFITM1;TNFRSF6B;IFITM2;GMFG;CLEC10A;ICAM2;IFIT5;ICAM4;IFI35;ICAM5;IFI30;IFIT1;IFIT3;IL27RA;ICAM1;IFIT2;HERC5;LGALS3;IL36A;IL36B;DHX58;C3AR1;TNFSF11;TRIM26;LGALS9;B2M;TRIM22;HERC6;GBP6;GBP5;IL15RA;GBP7;RSAD2;NHLRC3;IL1R1;IL1R2;SLC11A1;KRT1;RNASE6;MCEMP1;RNASE3;HLA-A;HLA-F;RNASE1;HLA-G;HLA-E;SIGIRR;RNF125;IFI27;SLPI;TXNIP;TRIM14;CD226;EBI3;IL20RA;FPR1;IL20RB;CD1E;GATA3;CD1D;CD1C;CRACR2A;KLRK1;SLAMF7;S100A12;S100A11;HLA-DQA1;TNFSF18;CCR1;EGR1;FYB1;TSLP;TNFSF14;TNFSF15;TNFSF12;TNFSF13;SH2D1A;SH2D1B;LIF;IL36G;PPBP;LYZ;HRNR;IL1F10;IL22RA1;BST2;CYLD;RAET1E;CD209;TNFSF4;CD27;TNFSF9;TNFSF8;LGMN;PIGR;CD40;SIGLEC9;IL20;TNFRSF13B;IL24;TNFRSF13C;EDA2R;CTSS;IL18BP;GLIPR1;CTSL;GNLY;CTSK;MMP28;OLR1;CTSG;TIMP1;CCR5;CTSD;CD33;CTSB;CCR2;HAVCR2;DUSP4;CD53;EDARADD;IL11;SERPINB2;TNFRSF12A;BTN3A1;IL15;IFNGR1;NFAM1;IFNGR2;IL18;IL16;BTN3A3;OSMR;IL17RA;MMP12;NCR1;FCER2;NCR3;CD200R1;ZEB1;PELI1;PLEKHO2;HCST;TLR2;SERPINB10;LILRA6;SERPINB12;SP100;CTF1;CCL11;PTAFR;LILRA1;PTGS2;LILRA2;TANK;LILRA3;RELB;HLA-DMA;NCR3LG1;STAT4;STX3;CD58;CCL19;CCL17;CD55;MICA;IL32;IL33;CCL22;IL37;CD70;IL10RB;CCL20;IL34;IL10RA;KIR3DL1;LILRB1;KIR3DL2;LILRB2;LILRB4;LILRB5;BATF;LRG1;CLCF1;SAA2;CD68;SIGLEC7;IL17C;CRLF1;IL18R1;CSF3;CSF3R;CSF1;NCF2;RORC;F13A1;RNF19B;IL1RAP;EPX;MPO;IL18RAP;PLAU;CLEC5A;TNFRSF8;RAG2;IL13RA2;TNFRSF4;IL6R;IL13RA1;CD96;LAG3;IL4R;IL11RA;S100A1;CD300A;CD180;CYBB;LIFR;EDAR;CLEC4A;CLEC4C;TXLNA;TYROBP;CLEC4D;JAML;CD8A;FSCN1;ADAM8;PRTN3;CD300C;IL6ST;CLEC4E;S100A9;S100A8;CLEC4G;S100A7;CD274;KLRB1;C5AR1;TNFRSF11B;GPR84;CSF2RA;RASGRP3;CNN2;ADGRG3;CLEC7A;TNFRSF17;TNFRSF14;IL36RN;PI3;NLRP1;KLRC1;MCL1;VCAM1;TNFRSF9;CRTAM;LY86;ISG15;ADA2;NFKB2;ISG20;CXCL10;RCAN1;SELL;IL7;CLEC6A;LCN2;KLRD1;IL7R;XAF1;NFKBIE;ULBP1;CIITA;ITGAM;EDA;CXCL8;TNFAIP6;CRISP3;ITGB2;TNFAIP3;ADAR;CXCL1;PTPN23;ITGAL;TREM1;CXCL2;FCAR;TNFSF13B;OASL;PSTPIP1;CASP4;ITGAX;LBP;CR2;CR1;DTX3L;MMP1;TNFRSF18;MMP3;PLAUR;IRAK3;TNFRSF1B;MMP8;TAPBP;AIM2;OAS1;IRF4;OAS2;IRF1;IRF2;LTA;IRF8;CHI3L1;TNFRSF25;IRF5;IRF6;LTB;IRF9;BIRC3;C1S;CEBPD;CLEC12A;FGL2;SAMHD1;USP18;IL1RL1;IL1RL2;IFI16;CCL5;CCL4;CCL3;IL21R;GBP2;GBP1;GBP4;KLRG1;ERAP2;MX2;ERAP1;S100B;FCGR2A;S100P;PTX3;MNDA;TRIM38;LTBR;FCGR2B;ASB2,0.18013381369016984
3,1151,Cytokine Signaling In Immune System R-HSA-1280215,197/702,2.7059708357226532e-81,Immune System,Reactome_2022,9.428469810880326e-84,0.0,0.0,7.501023309878158,1433.9962346146388,IFITM3;CNTFR;IFITM1;IFITM2;TNFRSF6B;IFIT5;IFI35;IFI30;IFIT1;IFIT3;ICAM1;IFIT2;IL27RA;HERC5;IL36A;IL36B;TNFSF11;TRIM26;LGALS9;B2M;TRIM22;GBP6;GBP5;IL15RA;GBP7;RSAD2;IL1R1;IL1R2;HLA-A;HLA-F;HLA-G;HLA-E;SIGIRR;IFI27;TRIM14;EBI3;FPR1;IL20RA;IL20RB;GATA3;S100A12;HLA-DQA1;CCR1;TNFSF18;EGR1;TSLP;TNFSF14;TNFSF15;TNFSF12;TNFSF13;LIF;IL36G;IL1F10;IL22RA1;BST2;TNFSF4;TNFSF9;CD27;TNFSF8;CD40;IL20;TNFRSF13B;IL24;TNFRSF13C;EDA2R;IL18BP;CTSG;TIMP1;CCR5;HAVCR2;CCR2;DUSP4;EDARADD;IL11;SERPINB2;TNFRSF12A;IFNGR1;IL15;IFNGR2;IL18;IL16;OSMR;IL17RA;FCER2;ZEB1;PELI1;SP100;CCL11;CTF1;PTAFR;PTGS2;TANK;RELB;STAT4;CCL19;STX3;IL32;IL33;CCL22;CCL20;IL10RB;CD70;IL37;IL10RA;IL34;BATF;CLCF1;SAA2;IL17C;CRLF1;IL18R1;CSF3;CSF3R;CSF1;RORC;F13A1;IL1RAP;IL18RAP;TNFRSF8;IL13RA2;RAG2;TNFRSF4;IL6R;IL13RA1;IL4R;IL11RA;LIFR;EDAR;TXLNA;FSCN1;PRTN3;IL6ST;S100A9;TNFRSF11B;CSF2RA;CNN2;TNFRSF17;TNFRSF14;IL36RN;MCL1;VCAM1;TNFRSF9;ISG15;NFKB2;ISG20;CXCL10;IL7;LCN2;XAF1;IL7R;CIITA;ITGAM;CXCL8;EDA;ITGB2;ADAR;CXCL1;PTPN23;CXCL2;TNFSF13B;OASL;ITGAX;LBP;MMP1;TNFRSF18;MMP3;IRAK3;TNFRSF1B;OAS1;IRF4;OAS2;IRF1;IRF2;LTA;IRF8;TNFRSF25;IRF5;IRF6;LTB;IRF9;BIRC3;CEBPD;SAMHD1;USP18;IL1RL1;IL1RL2;CCL5;CCL4;CCL3;IL21R;GBP2;GBP1;GBP4;MX2;S100B;TRIM38;LTBR,0.28062678062678065
3,1151,Signaling By Interleukins R-HSA-449147,114/453,1.9821031675738797e-40,Immune System,Reactome_2022,1.0359424220769407e-42,0.0,0.0,6.002508939162492,580.2821213774697,CNTFR;CSF3;CSF3R;CSF1;RORC;F13A1;IL1RAP;ICAM1;IL27RA;IL36A;IL18RAP;IL36B;LGALS9;IL13RA2;RAG2;IL6R;IL13RA1;IL15RA;IL4R;IL1R1;IL11RA;IL1R2;LIFR;SIGIRR;TXLNA;FSCN1;PRTN3;IL6ST;S100A9;EBI3;FPR1;IL20RA;IL20RB;GATA3;CSF2RA;CNN2;S100A12;IL36RN;MCL1;CCR1;VCAM1;TSLP;LIF;IL36G;NFKB2;IL1F10;IL22RA1;CXCL10;IL7;LCN2;IL7R;ITGAM;IL20;CXCL8;ITGB2;IL24;CXCL1;PTPN23;CXCL2;IL18BP;ITGAX;CTSG;TIMP1;LBP;CCR5;HAVCR2;CCR2;DUSP4;IL11;SERPINB2;IL15;MMP1;MMP3;IL18;IL16;IRAK3;TNFRSF1B;OSMR;IL17RA;FCER2;ZEB1;IRF4;PELI1;CCL11;CTF1;CEBPD;PTAFR;PTGS2;TANK;USP18;IL1RL1;IL1RL2;CCL5;CCL4;STAT4;CCL3;IL21R;CCL19;STX3;IL32;IL33;CCL22;CCL20;IL10RB;IL37;IL10RA;IL34;S100B;BATF;CLCF1;SAA2;IL17C;CRLF1;IL18R1,0.25165562913907286
3,1151,Immunoregulatory Interactions Between A Lymphoid And A non-Lymphoid Cell R-HSA-198933,58/123,7.4339200634388146e-37,Immune System,Reactome_2022,5.1804320999573614e-39,0.0,0.0,15.33495671757337,1351.8673733549424,IFITM1;CD40;SIGLEC9;ITGB2;ICAM2;ICAM4;ICAM5;ITGAL;TREM1;ICAM1;B2M;CD33;CD96;CD300A;HLA-A;HLA-F;HLA-G;HLA-E;NCR1;CD200R1;NCR3;TYROBP;JAML;CD8A;CD226;CD300C;HCST;CLEC4G;LILRA6;KLRB1;CD1E;CD1D;LILRA1;CD1C;LILRA2;LILRA3;KLRK1;NCR3LG1;SLAMF7;KLRC1;MICA;KLRG1;VCAM1;CRTAM;SH2D1A;SH2D1B;KIR3DL1;LILRB1;KIR3DL2;LILRB2;LILRB4;LILRB5;RAET1E;SELL;KLRD1;FCGR2B;ULBP1;SIGLEC7,0.4715447154471545
3,1151,Chemokine Receptors Bind Chemokines R-HSA-380108,40/56,2.5767878112651e-35,Signal Transduction,Reactome_2022,2.244588685770993e-37,0.0,0.0,42.37848784878488,3576.198800134708,CX3CR1;CXCL6;CCL13;CXCL9;CXCL8;CCL11;CXCR5;CXCL1;CXCR6;CXCL13;CXCL3;CXCL2;CX3CL1;CXCL5;CXCL16;CCL7;CCL5;CXCR3;CCRL2;CCL4;CCR9;CCL3;CCR7;CCL1;CCL19;CCR5;CCL17;CCL16;CCR2;CCR1;CCL22;CCL20;PPBP;CXCL10;CXCL11;CXCL12;ACKR4;XCL1;CCL28;CCL27,0.7142857142857143
3,1151,TNFs Bind Their Physiological Receptors R-HSA-5669034,27/29,8.612870179422573e-30,Immune System,Reactome_2022,9.003000187549728e-32,0.0,0.0,226.36521352313167,16181.754661564137,EDA;TNFRSF6B;TNFRSF13B;TNFRSF11B;EDA2R;TNFSF13B;TNFRSF17;TNFRSF8;TNFSF11;TNFRSF14;TNFRSF4;EDARADD;TNFSF18;TNFSF14;CD70;TNFSF15;TNFRSF18;TNFRSF9;TNFSF13;TNFRSF1B;EDAR;TNFSF4;LTA;CD27;TNFSF9;TNFRSF25;TNFSF8,0.9310344827586207
3,1151,Phagosome,26/152,6.292600770176872e-06,Transport and catabolism,KEGG_2021_Human,5.485857081692657e-07,0.0,0.0,3.434201058201058,49.5071756527768,ITGAM;CLEC4M;NCF2;ITGB2;MPO;CTSS;FCAR;HLA-DMA;CLEC7A;CTSL;OLR1;CD14;HLA-DQA1;MSR1;TAP2;CYBB;TAP1;HLA-A;HLA-F;HLA-G;HLA-E;MARCO;FCGR2A;CD209;FCGR2B;TLR2,0.17105263157894737
3,1151,Serine-Type Peptidase Activity (GO:0008236),27/142,1.471325014949658e-06,catalytic activity,GO_Molecular_Function_2023,3.486552168127152e-08,0.0,0.0,3.913182732477178,67.19626372859187,KLK1;C1S;CD5L;TMPRSS2;PLAT;CTSS;PLAU;CTSK;CTSG;TPSAB1;CELA2B;MMP1;GZMA;MMP3;GZMB;MMP8;KLK10;MMP10;GZMH;MMP12;GZMK;MMP11;MMP14;MMP13;MMP19;ADAM8;PRTN3,0.19014084507042253
3,1151,Other Interleukin Signaling R-HSA-449836,10/24,7.3381912395255505e-06,Immune System,Reactome_2022,3.5796054826953905e-07,0.0,0.0,11.79103543257794,175.0124884050757,IL32;CSF3;CSF3R;TXLNA;CSF1;IL10RB;IL34;IL16;PRTN3;STX3,0.4166666666666667
3,1151,T Cell Mediated Immunity (GO:0002456),10/20,1.194073747390322e-06,response to stimulus,GO_Biological_Process_2023,4.168500694718466e-08,0.0,0.0,16.510955302366344,280.5727160690656,CR2;CR1;CD70;CD8A;CRTAM;PRF1;BTN3A3;HLA-A;MICA;MYO1G,0.5
3,1151,Negative Regulation Of Lymphocyte Proliferation (GO:0050672),15/39,6.122670939545856e-08,biological regulation,GO_Biological_Process_2023,1.5628439335177103e-09,0.0,0.0,10.35706426056338,210.00769224169204,CD274;CR1;TNFRSF13B;CD300A;LST1;LILRB1;LILRB2;HLA-G;LILRB4;TYROBP;GPNMB;MNDA;VSIG4;FCGR2B;TNFRSF21,0.38461538461538464
3,1151,Antimicrobial Humoral Response (GO:0019730),33/100,4.6712995098445306e-15,immune system process,GO_Biological_Process_2023,5.4358215016959626e-17,0.0,0.0,8.274450644808159,309.8859208841725,CXCL6;IGHM;WFDC9;CCL13;CXCL9;CXCL8;CXCL1;CXCL13;CXCL3;CXCL2;CXCL5;JCHAIN;GNLY;S100A12;IL36RN;CTSG;PI3;CAMP;PF4V1;TSLP;SLC11A1;RNASE6;HLA-A;RNASE3;PPBP;LYZ;HLA-E;CXCL10;CXCL11;SLPI;PRTN3;S100A9;S100A7,0.33
3,1151,Positive Regulation Of Inflammatory Response (GO:0050729),33/104,1.6609764559175652e-14,biological regulation,GO_Biological_Process_2023,2.0575158800780643e-16,0.0,0.0,7.806621482022726,281.9740915242052,PTGER4;IFI35;PLA2G7;CX3CL1;LGALS2;LGALS1;CASP4;NFKBIZ;CCL3;S100A12;CCL1;NLRP1;CCR2;IL33;TSLP;IL15;IL18;NKG7;IL16;MMP8;OSMR;IL17RA;AIM2;TNIP1;TNFSF4;NINJ1;ADAM8;LCP1;IL6ST;S100A9;NAIP;S100A8;TLR2,0.3173076923076923
3,1151,Regulation Of Type II Interferon Production (GO:0032649),30/87,2.8145727643139393e-14,biological regulation,GO_Biological_Process_2023,3.592172446947219e-16,0.0,0.0,8.82294943424574,313.7670597536924,CD274;EBI3;CLEC7A;PDE4B;CCR7;IL36RN;LGALS9;CD14;CCR2;HAVCR2;SLAMF1;CR1;BTN3A1;IL1R1;SLC11A1;CRTAM;IL18;LAPTM5;ISG15;LILRB1;HLA-A;INHBA;IRGM;LILRB4;CD2;TNFSF4;XCL1;CD226;CD244;IL18R1,0.3448275862068966
3,1151,Cytokine Receptor Binding (GO:0005126),32/100,3.133546302909461e-14,binding,GO_Molecular_Function_2023,4.455279103662742e-16,0.0,0.0,7.898228460284918,279.1808279615847,CSF3;IL20;CSF1;CSH2;IL1RAP;IL36A;IL36B;CCL5;CCRL2;TNFSF11;IL36RN;CCL19;IL6R;TNFSF18;IL11;TSLP;IL37;IL34;ERAP1;LIF;IL18;LIFR;CSHL1;OSMR;INHBC;CXCL12;TNFSF4;CLCF1;TNFSF9;XCL1;IL6ST;CRLF1,0.32
3,1151,Tertiary Granule (GO:0070820),41/162,7.318914258235161e-14,cellular anatomical structure,GO_Cellular_Component_2023,3.8724414064736298e-16,0.0,0.0,5.716983098801281,202.88130237131983,SERPINB10;SERPINB12;ITGAM;TNFAIP6;CLEC12A;CRISP3;ITGB2;PTAFR;FPR1;CXCL1;GPR84;LILRA3;CTSS;FCAR;CNN2;LGALS3;PLAU;CLEC5A;ITGAX;OLR1;CD58;B2M;CTSD;CAMP;CD33;CD55;CD53;CR1;CD300A;SLC11A1;CYBB;MCEMP1;PPBP;PRG3;LILRB2;LYZ;MMP8;CLEC4C;CLEC4D;LRG1;ADAM8,0.25308641975308643
3,1151,Receptor Ligand Activity (GO:0048018),58/319,2.5741036564095425e-13,binding,GO_Molecular_Function_2023,4.269840188357061e-15,0.0,0.0,3.7792009759072887,125.04317851108624,CSF3;CXCL9;EDA;CSF1;CXCL1;CXCL13;CX3CL1;TNFSF13B;NPPB;LGALS3;IL36A;IL36B;TNFSF11;CTSG;TIMP1;IL11;SEMA6C;EDN1;EDN2;IL15;IL18;IL16;SEMA7A;CCL11;CSH2;SEMA3D;GPNMB;CCL5;CCL4;CCL3;CCL16;CCL15;GDF10;CCL24;IL33;SEMA4A;TSLP;CD70;IL37;TNFSF12;IL34;TNFSF13;SEMA4C;LIF;IL36G;CSHL1;INHBA;INHBC;IL1F10;INHBE;BMP3;CXCL10;IL7;CLCF1;IL17D;CRLF1;CCL26;IL17A,0.18181818181818182
3,1151,Defense Response To Bacterium (GO:0042742),44/204,1.3385680336538922e-12,biological process involved in interspecies interaction between organisms,GO_Biological_Process_2023,1.7586291733440776e-14,0.0,0.0,4.642705510388438,147.0421749687662,IGHM;WFDC9;CXCL13;EPX;MPO;JCHAIN;GNLY;CASP4;SLAMF8;S100A12;CTSG;TNFRSF14;NLRP1;PI3;GBP2;IL6R;GBP1;CAMP;MICA;GBP4;GBP3;GBP6;GBP7;SLC11A1;RNASE6;IL18;ISG15;HLA-A;RNASE3;LYZ;RNASE1;IRGM;MPEG1;HLA-E;SELP;ZNFX1;SLPI;OAS1;OAS2;LCN2;S100A9;NAIP;S100A8;TLR2,0.21568627450980393
3,1151,Negative Regulation Of Viral Process (GO:0048525),23/61,8.258185759845329e-12,biological regulation,GO_Biological_Process_2023,1.1159710486277473e-13,0.0,0.0,10.093621687196714,301.0309749587781,IFITM3;IFITM1;IFITM2;APOBEC3F;RSAD2;IFIT5;ISG15;ZC3HAV1;IFIT1;OASL;BST2;ISG20;ZFP36;PLSCR1;ZNFX1;OAS1;SLPI;IFI16;TNIP1;OAS2;CCL5;TRIM14;SHFL,0.3770491803278688
3,1151,Regulation Of Tumor Necrosis Factor Production (GO:0032680),33/127,9.38569855289084e-12,biological regulation,GO_Biological_Process_2023,1.303569243457061e-13,0.0,0.0,5.889268450500514,174.72576181732924,CX3CR1;CD84;TNFAIP3;LILRA2;CX3CL1;ZFP36;CLEC7A;CCL3;TNFRSF8;LGALS9;CD14;CCL19;CD33;SLAMF1;CCR2;HAVCR2;IL33;IFNGR1;IL37;IRAK3;LILRB1;MMP8;LILRB4;HLA-E;CLEC4A;CD2;TYROBP;OAS1;OAS2;LCP1;TMEM106A;TLR2;IL17A,0.25984251968503935
3,1151,Negative Regulation Of Viral Genome Replication (GO:0045071),21/53,2.9067789679818977e-11,biological regulation,GO_Biological_Process_2023,4.146306335709914e-13,0.0,0.0,10.928014380530971,311.57286146701244,IFITM3;IFITM1;IFITM2;APOBEC3F;RSAD2;IFIT5;ISG15;ZC3HAV1;IFIT1;OASL;BST2;ISG20;PLSCR1;ZNFX1;OAS1;SLPI;IFI16;TNIP1;OAS2;CCL5;SHFL,0.39622641509433965
3,1151,Regulation Of Viral Genome Replication (GO:0045069),23/67,7.725405859899092e-11,biological regulation,GO_Biological_Process_2023,1.130971578588831e-12,0.0,0.0,8.714438265635074,239.71628022574745,IFITM3;IFITM1;CXCL8;IFITM2;GBP7;APOBEC3F;RSAD2;IFIT5;ISG15;ZC3HAV1;IFIT1;OASL;BST2;ISG20;PLSCR1;ZNFX1;OAS1;SLPI;IFI16;TNIP1;OAS2;CCL5;SHFL,0.34328358208955223
3,1151,Specific Granule (GO:0042581),36/159,8.708718275766426e-11,cellular anatomical structure,GO_Cellular_Component_2023,9.21557489499093e-13,0.0,0.0,4.915498195340698,136.22178205321234,ITGAM;CLEC12A;CRISP3;ITGB2;CXCL1;GPR84;ITGAL;LILRA3;FCAR;ADGRG3;CNN2;CRACR2A;PLAU;CLEC5A;C3AR1;OLR1;STX3;B2M;CTSD;CAMP;CD33;CD53;PLAUR;CYBB;MCEMP1;PRG3;LYZ;MMP8;TNFRSF1B;CEACAM3;CLEC4D;LRG1;SLPI;LCN2;CHI3L1;ADAM8,0.22641509433962265
3,1151,CXCR Chemokine Receptor Binding (GO:0045236),12/16,9.667314929847858e-11,binding,GO_Molecular_Function_2023,1.8326663374119158e-12,0.0,0.0,49.63564530289728,1341.4156832412305,CXCL6;CXCL10;CXCL9;CXCL11;CXCL8;CXCL12;PPBP;CXCL13;CXCL3;CXCL2;CXCL5;PF4V1,0.75
3,1151,Positive Regulation Of Defense Response (GO:0031349),37/124,2.717920584257448e-15,biological regulation,GO_Biological_Process_2023,3.060721378668297e-17,0.0,0.0,7.162694236364762,272.36356812319826,PTGER4;IFI35;CD1D;PLA2G7;CX3CL1;LGALS2;LGALS1;CCL5;CASP4;NFKBIZ;CCL3;S100A12;CCL1;NLRP1;CCR2;GBP5;IL33;TSLP;IL15;SH2D1B;IL18;ACOD1;NKG7;IL16;IRGM;IL17RA;PLSCR1;AIM2;TNIP1;TNFSF4;NINJ1;ADAM8;LCP1;S100A9;NAIP;S100A8;TLR2,0.29838709677419356
3,1151,Positive Regulation Of Leukocyte Mediated Cytotoxicity (GO:0001912),20/51,1.260841732341817e-10,biological regulation,GO_Biological_Process_2023,1.893155754266993e-12,0.0,0.0,10.734434271697898,289.7521794394064,ITGAM;KLRC3;CRTAM;CD1E;HLA-A;CD1D;HLA-F;CD1C;HLA-G;HLA-E;NCR3;TYROBP;KLRK1;RAET1E;XCL1;CD226;KLRD1;ULBP2;ULBP1;MICA,0.39215686274509803
3,1151,Regulation Of T Cell Proliferation (GO:0042129),24/77,2.527608571634122e-10,biological regulation,GO_Biological_Process_2023,3.984968468792536e-12,0.0,0.0,7.552259295843029,198.23541556546465,TNFSF18;CD274;CR1;VCAM1;IL15;CD70;LILRB1;TNFRSF13C;CD1D;LILRB2;TNFRSF1B;HLA-G;LILRB4;LGALS3;GPNMB;CD209;CCL5;TNFSF9;TNFSF8;VSIG4;CCL19;IL6ST;TNFRSF21;IDO1,0.3116883116883117
3,1151,Regulation Of Interleukin-6 Production (GO:0032675),29/114,4.3392039426493685e-10,biological regulation,GO_Biological_Process_2023,7.003970327849957e-12,0.0,0.0,5.705735556254587,146.5492155930681,CD84;TNFAIP3;LILRA2;AIF1;CX3CL1;CLEC7A;LGALS9;IL6R;SLAMF1;IL33;TSLP;IL37;IL16;IRAK3;LILRB2;POU2F2;MMP8;LILRB4;SCIMP;IL17RA;CD200R1;TYROBP;TNFSF4;POU2AF1;LCP1;IL17D;TMEM106A;TLR2;IL17A,0.2543859649122807
3,1151,Positive Regulation Of ERK1 And ERK2 Cascade (GO:0070374),37/179,4.972144144169981e-10,biological regulation,GO_Biological_Process_2023,8.21225008796844e-12,0.0,0.0,4.375546817710572,111.68755720190238,CCL14;CCL13;SEMA7A;CCL11;C5AR1;CXCL17;CX3CL1;ICAM1;CCL8;CCL7;GPNMB;CCL5;CCL4;CCL3;TNFSF11;CCR7;CCL1;LGALS9;CCL19;CCL18;CCL17;CCL16;SLAMF1;CCL15;CCR1;CCL24;CCL23;CCL22;CCL20;SCIMP;MARCO;MFHAS1;GPR183;CHI3L1;XCL1;S100A7;CCL26,0.20670391061452514
3,1151,Secretory Granule Membrane (GO:0030667),48/279,5.078133962212155e-10,cellular anatomical structure,GO_Cellular_Component_2023,8.060530098749453e-12,0.0,0.0,3.5074118990710104,89.59347613337147,SERPINB10;PIGR;SERPINB12;SIGLEC9;ITGAM;CLEC12A;PTAFR;C5AR1;ITGB2;FPR1;GPR84;ITGAL;LILRA3;FCAR;ADGRG3;LGALS3;GLIPR1;PLAU;CLEC5A;C3AR1;ITGAX;OLR1;CD14;CD58;CD33;CD55;CD53;CR1;CD300A;SLC11A1;NFAM1;PLAUR;CYBB;MCEMP1;LILRB2;LILRB3;TNFRSF1B;BST2;CEACAM3;SELP;CLEC4C;CLEC4D;TYROBP;FCGR2A;SELL;ADAM8;CD68;TLR2,0.17204301075268819
3,1151,Regulation Of T Cell Activation (GO:0050863),21/62,8.638849681652901e-10,biological regulation,GO_Biological_Process_2023,1.4592651489278547e-11,0.0,0.0,8.525102525361536,212.70559644615284,TNFSF18;CRTAM;LAPTM5;THY1;TNFRSF1B;CD2;LGALS3;HLA-DMA;GPNMB;SIT1;CD209;CCL5;TBX21;TNFSF11;TNFSF9;CTSG;TNFSF8;TIGIT;B2M;HLA-DQA1;CCR2,0.3387096774193548
3,1151,Positive Regulation Of Tyrosine Phosphorylation Of STAT Protein (GO:0042531),16/55,1.306674144232762e-06,biological regulation,GO_Biological_Process_2023,4.610636995415902e-08,0.0,0.0,6.799051169095222,114.85171214308572,TNFSF18;CD40;IL20;CTF1;TSLP;IL15;CSH2;TNFRSF18;IL18;LIF;CSHL1;CCL5;CLCF1;IL6ST;IL6R;CRLF1,0.2909090909090909
3,1151,Regulation Of I-kappaB kinase/NF-kappaB Signaling (GO:0043122),39/232,5.817446505282227e-08,biological regulation,GO_Biological_Process_2023,1.4630965309831427e-09,0.0,0.0,3.3901666231781413,68.96517896063558,CD40;IFIT5;OTUD7B;SECTM1;TNFAIP3;LITAF;TANK;CX3CL1;EDA2R;LGALS1;CLEC7A;UBD;MIER1;TNFSF10;S100A12;CCR7;LGALS9;CCL19;TRIM22;APOL2;NDFIP2;GBP7;RHOH;TRAF1;S100B;LILRB4;IRGM;BST2;EDAR;TNIP1;CLEC6A;TNIP3;PELI1;TNFRSF25;LTB;LTBR;TRIM38;TMEM106A;BIRC3,0.16810344827586207
3,1151,Positive Regulation Of T Cell Activation (GO:0050870),25/107,5.4943206591046585e-08,biological regulation,GO_Biological_Process_2023,1.3612055686970998e-09,0.0,0.0,5.081391067019018,103.7360655052772,CD274;CD1D;GATA3;THY1;TNFRSF13C;AIF1;HLA-DMA;IL36B;CCL5;TNFSF11;CCR7;LGALS9;CCL19;B2M;HLA-DQA1;CCR2;VCAM1;IL15;CD70;RHOH;HLA-A;LILRB2;CD209;IL7;IL6ST,0.2336448598130841
3,1151,Positive Regulation Of Interleukin-12 Production (GO:0032735),14/33,4.836631080778552e-08,biological regulation,GO_Biological_Process_2023,1.1801089348746467e-09,0.0,0.0,12.202934777577187,250.86377299440383,CD40;LAPTM5;IL16;HLA-G;SCIMP;CLEC7A;TNFSF4;CCR7;IRF5;CCL19;LGALS9;LTB;IL17A;TLR2,0.42424242424242425
3,1151,Positive Regulation Of Interleukin-6 Production (GO:0032755),21/76,4.42340181848844e-08,biological regulation,GO_Biological_Process_2023,1.0626791155527783e-09,0.0,0.0,6.350345937248592,131.21384924640012,IL33;TSLP;IL16;LILRB2;MMP8;LILRA2;POU2F2;AIF1;SCIMP;IL17RA;TYROBP;CLEC7A;POU2AF1;TNFSF4;LGALS9;LCP1;IL17D;IL6R;TMEM106A;TLR2;IL17A,0.27631578947368424
3,1151,Positive Regulation Of Tumor Necrosis Factor Superfamily Cytokine Production (GO:1903557),22/82,3.353934622641944e-08,biological regulation,GO_Biological_Process_2023,7.931602148139732e-10,0.0,0.0,6.102125775022143,127.87002046485318,IL33;CD84;IFNGR1;MMP8;LILRA2;HLA-E;CD2;TYROBP;OAS1;OAS2;CLEC7A;CCL3;TNFRSF8;LGALS9;LCP1;CCL19;CD14;TMEM106A;CCR2;HAVCR2;TLR2;IL17A,0.2682926829268293
3,1151,Positive Regulation Of Leukocyte Chemotaxis (GO:0002690),18/54,2.4223262408389453e-08,biological regulation,GO_Biological_Process_2023,5.637546056006553e-10,0.0,0.0,8.302294792586055,176.80900788673753,CCR1;EDN2;CSF1;IL34;CXCL17;AIF1;PLA2G7;CXCL10;CXCL12;CCL5;XCL1;CCR7;CCL1;LGALS9;IL6R;CCR2;S100A7;LGMN,0.3333333333333333
3,1151,Leukocyte Cell-Cell Adhesion (GO:0007159),14/31,1.860732097861948e-08,cellular process,GO_Biological_Process_2023,4.2606853592184254e-10,0.0,0.0,13.640022763722904,294.30287223776355,VCAM1;CLEC4M;ITGB2;ITGAL;SELE;ICAM1;SELP;LRG1;SELL;TNIP1;CD209;CCL5;OLR1;FERMT3,0.45161290322580644
3,1151,Positive Regulation Of Mononuclear Cell Migration (GO:0071677),14/31,1.860732097861948e-08,biological regulation,GO_Biological_Process_2023,4.2606853592184254e-10,0.0,0.0,13.640022763722904,294.30287223776355,CCR1;CXCL17;AIF1;PLA2G7;LGALS3;CXCL10;CXCL12;CCL5;CCL1;CCR7;LGALS9;CCR2;LGMN;S100A7,0.45161290322580644
3,1151,Regulation Of Natural Killer Cell Mediated Cytotoxicity (GO:0042269),16/32,2.1286411758020079e-10,biological regulation,GO_Biological_Process_2023,3.2760618696652525e-12,0.0,0.0,16.59295154185022,438.7903003696066,KLRB1;KLRC3;CRTAM;LILRB1;HLA-F;HLA-G;HLA-E;NCR1;NCR3;KLRK1;RAET1E;CD226;KLRD1;KLRC1;LGALS9;MICA,0.5
3,1151,Negative Regulation Of Cytokine Production (GO:0001818),45/178,1.3446091852143376e-15,biological regulation,GO_Biological_Process_2023,1.463726215135728e-17,0.0,0.0,5.725570707963398,221.9400751683942,PTGER4;CD274;CD84;OTUD7B;TNFAIP3;CX3CL1;ZFP36;GPNMB;TBX21;DHX58;HOMER3;IL36RN;CCR7;LGALS9;VSIG4;TIGIT;GBP1;CD33;SLAMF1;HAVCR2;SRGN;GBP7;CR1;IL37;SLC11A1;LAPTM5;ACOD1;IRAK3;LILRB1;INHBA;MMP8;IRGM;LILRB4;CLEC4A;SIGIRR;CYLD;CD200R1;RNF125;TYROBP;TNFSF4;BCL3;XCL1;XAF1;FCGR2B;TNFRSF21,0.25280898876404495
3,1151,Defense Response To Virus (GO:0051607),47/189,5.417060795554616e-16,biological process involved in interspecies interaction between organisms,GO_Biological_Process_2023,5.693607442775122e-18,0.0,0.0,5.608472392324964,222.69666559788823,IFITM3;RTP4;IFITM1;CD40;IFITM2;IFIT5;PRF1;DDX60L;IFIT1;DDX60;SAMHD1;TANK;USP18;IFI44L;IFIT3;IFIT2;OASL;IFI16;DHX58;TRIM26;NLRP1;GBP2;MICA;GBP5;GBP7;APOBEC3F;RSAD2;MX2;RNASE6;ACOD1;ISG15;LILRB1;RNASE1;BST2;ISG20;CXCL10;PLSCR1;AIM2;ZNFX1;IFI27;OAS1;OAS2;IRF1;IFIT1B;IRF2;SHFL;TLR2,0.24867724867724866
3,1151,Eosinophil Chemotaxis (GO:0048245),18/24,4.0285763649581713e-16,cellular process,GO_Biological_Process_2023,4.083016586106254e-18,0.0,0.0,49.89320388349515,1997.708695970378,CCL14;CCL13;CCL24;CCL23;CCL11;CCL22;CX3CL1;LGALS3;CCL8;CCL7;CCL5;CCL4;CCL3;XCL1;CCL18;CCL16;CCL15;CCL26,0.75
3,1151,Cytokine-Mediated Signaling Pathway (GO:0019221),94/257,2.734297729055979e-47,cellular process,GO_Biological_Process_2023,1.0263880364324246e-50,0.0,0.0,10.194867984978902,1173.4620180709098,CNTFR;CXCL6;CSF3;CXCL9;CSF3R;CXCL8;CXCL1;IL1RAP;CXCL13;CXCL3;CXCL2;CX3CL1;CXCL5;IL27RA;OASL;IL36A;IL18RAP;IL36B;TNFSF11;CTSG;IL13RA2;IL6R;PF4V1;CCR2;IL13RA1;IL15RA;IL11;EDN2;IL4R;IL1R1;IL15;IL11RA;IL18;LIFR;IRAK3;TRAF1;OSMR;TNFRSF1B;IL17RA;AIM2;OAS1;OAS2;XCL1;IRF5;IL6ST;BIRC3;CCL14;CCL13;CCL11;EBI3;LILRA1;LILRA2;LILRA3;CSF2RA;IL1RL1;CCL8;CCL7;CCL5;CCL4;STAT4;CCL3;IL21R;CCL1;CCL19;CCL18;CCL17;CCL16;CCL15;CCR1;TNFSF18;EGR1;CCL24;IL33;CCL23;CCL22;CCL20;IL37;IL34;IL36G;LILRB1;PPBP;LILRB2;LILRB4;IL1F10;CXCL10;CXCL11;CXCL12;IL7;CLCF1;IL7R;CRLF1;IL18R1;CCL26;IL17A,0.3657587548638132
3,1151,Cellular Response To Cytokine Stimulus (GO:0071345),93/308,6.280024428846016e-39,response to stimulus,GO_Biological_Process_2023,4.714733054689202e-42,0.0,0.0,7.618420011430079,724.952709483506,CD40;CSF3;IFITM2;CSF3R;CXCL8;IFIT1;CX3CL1;IL27RA;TCL1A;ZFP36;IL36A;IL36B;TNFSF11;CCR7;CTSG;LGALS9;IL13RA2;IL6R;CCR2;IL13RA1;GBP6;GBP5;EDN2;IL4R;DUSP1;IL11RA;LIFR;IRAK3;OSMR;AIM2;OAS1;IRF1;CHI3L1;IRF8;XCL1;IRF5;IL6ST;TNFRSF21;TLR2;CCL14;CCL13;NFAT5;CCL11;SELPLG;EBI3;GATA3;LILRA1;LILRA2;AIF1;LILRA3;TANK;CSF2RA;ZFP36L2;CCL8;CCL7;IFI16;CCL5;CCL4;STAT4;CCL3;IL21R;CCL1;CCL19;CD58;CCL18;GBP2;CCL17;GBP1;CCL16;GBP4;CCL15;GBP3;CCR1;EGR1;CCL24;CCL23;CCL22;CCL20;IL37;IL36G;LILRB1;LILRB2;LILRB4;IRGM;IL1F10;CRNN;CXCL12;IL7;CLCF1;MNDA;IL7R;CRLF1;CCL26,0.30194805194805197
3,1151,Inflammatory Response (GO:0006954),81/236,2.0071880846704e-38,response to stimulus,GO_Biological_Process_2023,2.2603469421963957e-41,0.0,0.0,9.130021103406692,854.4829707154407,CXCL6;CD40;CIITA;CXCL9;CXCL8;TNFAIP6;ITGB2;LY75;CXCL1;CXCL13;CXCL3;ITGAL;CXCL2;CX3CL1;CXCL5;CCRL2;C3AR1;OLR1;CCR7;LGALS9;CCR5;TNFRSF4;PF4V1;CCR2;CD96;SLC11A1;NFAM1;IL18;CYBB;NCR3;CARD18;CHI3L1;XCL1;ADAM8;S100A9;NAIP;S100A8;TLR2;CCL14;PTGER4;CCL13;CCL11;C5AR1;FPR1;GATA3;AIF1;RELB;IL1RL1;CCL8;CCL7;CCL5;CCL4;CCL3;CCL1;CD14;CCL19;CCL18;CCL17;CCL16;APOL2;CCL15;KLRG1;CCR1;CCL24;CCL23;CCL22;VCAM1;CCL20;IL10RB;PPBP;LYZ;SELE;NFKB2;CXCL10;MFHAS1;CXCL11;TNFSF4;ACKR1;IL17D;FCGR2B;CCL26,0.3432203389830508
3,1151,Chemokine Receptor Binding (GO:0042379),38/50,1.1110900093549542e-34,binding,GO_Molecular_Function_2023,2.632914714111265e-37,0.0,0.0,53.59433962264151,4514.120292867471,CCL14;CX3CR1;CXCL6;CCL13;CXCL9;CXCL8;CCL11;CXCL1;CXCL13;CXCL3;CXCL2;CX3CL1;CXCL5;CXCL16;CCL8;CCL7;CCL5;CCRL2;CCL4;CCL3;CCL1;CCL19;CCL18;CCL17;PF4V1;CCL16;CCL15;CCL24;CCL23;CCL22;CCL20;PPBP;CXCL10;CXCL11;CXCL12;XCL1;CCL27;CCL26,0.76
3,1151,Neutrophil Chemotaxis (GO:0030593),44/70,2.1946653222050416e-34,cellular process,GO_Biological_Process_2023,3.2952932765841464e-37,0.0,0.0,28.77534570217497,2417.219775423816,CCL14;CXCL6;CCL13;CXCL9;CXCL8;CCL11;ITGB2;CXCL1;CXCL13;CXCL3;CXCL2;TREM1;CX3CL1;CXCL5;LGALS3;CCL8;CCL7;CCL5;CCL4;PDE4B;CCL3;S100A12;CCL1;CCL19;CCL18;CCL17;PF4V1;CCL16;CCL15;CCL24;EDN1;CCL23;EDN2;CCL22;CCL20;PPBP;CXCL10;CXCL11;JAML;SAA1;XCL1;S100A9;S100A8;CCL26,0.6285714285714286
3,1151,Chemokine Activity (GO:0008009),36/46,6.693180045582757e-34,binding,GO_Molecular_Function_2023,3.172123244352017e-36,0.0,0.0,60.825470852017936,4971.792614577767,CCL14;CCL13;CXCL6;CXCL9;CCL11;CXCL8;CXCL1;CXCL13;CXCL3;CXCL2;CX3CL1;CXCL5;CXCL16;CCL8;CCL7;CCL5;CCL4;CCL3;CCL1;CCL19;CCL18;CCL17;CCL16;PF4V1;CCL15;CCL24;CCL23;CCL22;CCL20;PPBP;CXCL10;CXCL11;CXCL12;XCL1;CCL27;CCL26,0.782608695652174
3,1151,Granulocyte Chemotaxis (GO:0071621),44/73,2.39920073845084e-33,cellular process,GO_Biological_Process_2023,4.7455119777270375e-36,0.0,0.0,25.79447403669439,2098.015832798086,CCL14;CXCL6;CCL13;CXCL9;CXCL8;CCL11;ITGB2;CXCL1;CXCL13;CXCL3;CXCL2;TREM1;CX3CL1;CXCL5;LGALS3;CCL8;CCL7;CCL5;CCL4;PDE4B;CCL3;S100A12;CCL1;CCL19;CCL18;CCL17;PF4V1;CCL16;CCL15;CCL24;EDN1;CCL23;EDN2;CCL22;CCL20;PPBP;CXCL10;CXCL11;JAML;SAA1;XCL1;S100A9;S100A8;CCL26,0.6027397260273972
3,1151,Neutrophil Migration (GO:1990266),45/77,2.39920073845084e-33,cellular process,GO_Biological_Process_2023,5.4036052667811706e-36,0.0,0.0,23.92532210669078,1942.8796346216568,CCL14;CXCL6;CCL13;CXCL9;CXCL8;CCL11;ITGB2;CXCL1;CXCL13;CXCL3;CXCL2;TREM1;CX3CL1;CXCL5;LGALS3;CCL8;CCL7;CCL5;CCL4;PDE4B;CCL3;S100A12;CCL1;CCL19;CCL18;CCL17;PF4V1;CCL16;CCL15;CCL24;EDN1;CCL23;EDN2;CCL22;CCL20;PPBP;CXCL10;CXCL11;JAML;SAA1;XCL1;PRTN3;S100A9;S100A8;CCL26,0.5844155844155844
3,1151,Cytokine Activity (GO:0005125),65/178,4.1051723506919346e-33,binding,GO_Molecular_Function_2023,2.91836896968621e-35,0.0,0.0,9.923890545804202,789.1423514722817,CXCL6;CSF3;CXCL9;CXCL8;CSF1;CXCL1;CXCL13;CXCL3;CXCL2;CX3CL1;CXCL5;CXCL16;IL36A;IL36B;TNFSF11;TIMP1;PF4V1;IL11;EDN1;IL15;IL18;IL16;XCL1;CCL14;CCL13;CCL11;CCL8;CCL7;CCL5;CCL4;CCL3;CCL1;CCL19;CCL18;CCL17;CCL16;CCL15;GDF10;CCL24;IL33;CCL23;CCL22;TSLP;CCL20;CD70;IL37;IL34;LIF;IL36G;INHBA;PPBP;INHBC;IL1F10;INHBE;BMP3;CXCL10;CXCL11;CXCL12;IL7;CLCF1;IL17D;CCL27;CRLF1;CCL26;IL17A,0.3651685393258427
3,1151,Response To Type II Interferon (GO:0034341),44/80,4.652346274180281e-31,response to stimulus,GO_Biological_Process_2023,1.2224633603326565e-33,0.0,0.0,20.771153267088227,1574.130220535688,IFITM3;CCL14;CCL13;CD40;CIITA;IFITM1;SP100;IFITM2;CCL11;AIF1;CX3CL1;CXCL16;CCL8;CCL7;KYNU;CCL5;UBD;CCL4;CCL3;CCL1;LGALS9;CCL19;CD58;CCL18;GBP2;CCL17;GBP1;CCL16;GBP4;CCL15;GBP6;GBP5;CCL24;CCL23;CCL22;GCH1;CCL20;SLC11A1;BST2;IRF8;XCL1;SHFL;TLR2;CCL26,0.55
3,1151,Cellular Response To Chemokine (GO:1990869),37/59,6.64134350786374e-29,response to stimulus,GO_Biological_Process_2023,1.994397449808931e-31,0.0,0.0,28.42333115717317,2009.2394785335969,CCL14;CXCL6;CCL13;CXCL9;CXCL8;CCL11;CXCL1;CXCL13;CXCL3;CXCL2;CX3CL1;CXCL5;CCL8;CCL7;CCL5;CCL4;CCL3;CCL1;CCL19;CCL18;CCL17;PF4V1;CCL16;CCR2;CCL15;CCR1;CCL24;CCL23;CCL22;DUSP1;CCL20;PPBP;CXCL10;CXCL11;CXCL12;XCL1;CCL26,0.6271186440677966
3,1151,Chemokine-Mediated Signaling Pathway (GO:0070098),36/57,2.658776522002221e-28,cellular process,GO_Biological_Process_2023,8.982353114872369e-31,0.0,0.0,28.947597693786037,2002.7359568066963,CCL14;CXCL6;CCL13;CXCL9;CXCL8;CCL11;CXCL1;CXCL13;CXCL3;CXCL2;CX3CL1;CXCL5;CCL8;CCL7;CCL5;CCL4;CCL3;CCL1;CCL19;CCL18;CCL17;PF4V1;CCL16;CCR2;CCL15;CCR1;CCL24;CCL23;CCL22;CCL20;PPBP;CXCL10;CXCL11;CXCL12;XCL1;CCL26,0.631578947368421
3,1151,Positive Regulation Of Cytokine Production (GO:0001819),76/320,1.6794345708799475e-24,biological regulation,GO_Biological_Process_2023,6.304183824624429e-27,0.0,0.0,5.390697674418605,325.2131574628203,CD40;TRAF3IP3;CXCL17;DHX58;PDE4B;CCR7;LGALS9;IL6R;CCR2;HAVCR2;CCBE1;GBP5;BTN3A1;IL1R1;IL15;SLC11A1;NFAM1;IL18;IL16;HLA-A;MMP8;HLA-G;HLA-E;IL17RA;TYROBP;IRF4;IRF1;CHI3L1;XCL1;CD226;IRF5;LCP1;LTB;IL6ST;TMEM106A;TLR2;PTGER4;CD274;EBI3;GATA3;LILRA2;PTGS2;LY9;AIF1;TANK;IFI16;CLEC7A;TNFRSF14;CCL1;CD14;CCL19;CD58;TIGIT;SLAMF1;EGR1;IL33;TSLP;CRTAM;LAPTM5;LILRB1;ISG15;PRG3;LILRB2;POU2F2;SCIMP;BATF;CD2;IL7;TNFSF4;CLEC6A;POU2AF1;SAA1;IL17D;IL18R1;CD244;IL17A,0.2375
3,1151,Cellular Response To Type II Interferon (GO:0071346),35/66,6.690368173899742e-24,response to stimulus,GO_Biological_Process_2023,2.762539411144788e-26,0.0,0.0,19.03775002890508,1120.3918089026704,CCL14;CCL13;SP100;CCL11;AIF1;CX3CL1;CCL8;CCL7;CCL5;CCL4;CCL3;CCL1;LGALS9;CCL19;CD58;CCL18;GBP2;CCL17;GBP1;CCL16;GBP4;CCL15;GBP6;GBP5;CCL24;CCL23;CCL22;IFNGR1;CCL20;IFNGR2;IRF1;IRF8;XCL1;TLR2;CCL26,0.5303030303030303
3,1151,Response To Lipopolysaccharide (GO:0032496),51/159,1.557918824870227e-22,response to stimulus,GO_Biological_Process_2023,7.017652364280302e-25,0.0,0.0,8.045378787878787,447.4533843484566,CXCL6;CXCL9;CXCL8;GFI1;TNFAIP3;CXCL1;CXCL13;CXCL3;CXCL2;CXCL5;ZFP36;IL36A;IL36B;PDE4B;CTSG;LGALS9;CCR5;PF4V1;SLC11A1;CD180;IRAK3;TNFRSF1B;SLPI;PELI1;TRIB1;S100A9;S100A8;S100A7;CX3CR1;CD274;NOCT;IL36RN;CD14;GBP2;GBP3;GCH1;IL37;IL36G;LILRB1;PPBP;LILRB2;SELE;IRGM;IL1F10;SELP;CXCL10;CXCL11;TNIP1;TNFSF4;TNIP3;CD68,0.32075471698113206
3,1151,Lymphocyte Chemotaxis (GO:0048247),28/44,4.883275620362455e-22,cellular process,GO_Biological_Process_2023,2.3829798447714683e-24,0.0,0.0,29.34795191451469,1596.3434130033604,CCL14;CCL13;CCL11;CXCL13;CX3CL1;CXCL16;CCL8;CCL7;CCL5;CCL4;CCL3;CCL1;CCL19;CCL18;CCL17;CCL16;CCL15;CCL24;CCL23;CCL22;CCL20;CH25H;CXCL10;CXCL11;GPR183;SAA1;XCL1;CCL26,0.6363636363636364
3,1151,Lymphocyte Migration (GO:0072676),26/41,2.3051405972452984e-20,cellular process,GO_Biological_Process_2023,1.2114102237775593e-22,0.0,0.0,29.01831111111111,1464.4115916436408,CCL14;CCL13;CCL11;GATA3;CX3CL1;CCL8;CCL7;CCL5;TBX21;CCL4;CCL3;CCL1;CCL19;CCL18;CCL17;CCL16;CCL15;CCL24;CCL23;CCL22;CCL20;CRTAM;SAA1;XCL1;CCL26;MYO1G,0.6341463414634146
3,1151,Eosinophil Migration (GO:0072677),18/24,4.0285763649581713e-16,cellular process,GO_Biological_Process_2023,4.083016586106254e-18,0.0,0.0,49.89320388349515,1997.708695970378,CCL14;CCL13;CCL24;CCL23;CCL11;CCL22;CX3CL1;LGALS3;CCL8;CCL7;CCL5;CCL4;CCL3;XCL1;CCL18;CCL16;CCL15;CCL26,0.75
3,1151,Cellular Response To Interleukin-1 (GO:0071347),31/81,3.7503660983520764e-16,response to stimulus,GO_Biological_Process_2023,3.5194877049099824e-18,0.0,0.0,10.406589285714286,418.22226046493336,CCL14;CCL13;CD40;CXCL8;CCL11;IL1RAP;TANK;CX3CL1;CCL8;CCL7;CCL5;CCL4;CCL3;CCL1;CCL19;CCL18;GBP2;CCL17;GBP1;CCL16;CCL15;GBP3;CCL24;EGR1;CCL23;CCL22;IL1R1;CCL20;IRAK3;XCL1;CCL26,0.38271604938271603
3,1151,Response To Interleukin-1 (GO:0070555),32/85,2.0007911407019926e-16,response to stimulus,GO_Biological_Process_2023,1.8025145411729665e-18,0.0,0.0,10.14166961741447,414.36173516897486,CCL14;CCL13;CD40;CXCL8;CCL11;TANK;CX3CL1;CCL8;CCL7;CCL5;CCL4;CCL3;CCL1;LGALS9;CCL19;CCL18;GBP2;CCL17;GBP1;CCL16;CCL15;GBP3;CCL24;CCL23;CCL22;IL1R1;CCL20;IRAK3;SELE;CHI3L1;XCL1;CCL26,0.3764705882352941
3,1151,CCR Chemokine Receptor Binding (GO:0048020),24/44,6.7692142347286e-17,binding,GO_Molecular_Function_2023,8.020396012711613e-19,0.0,0.0,20.048624667258206,835.3686296433561,CCL14;CCL13;CCL24;CCL23;CCL11;CCL22;CCL20;CXCL13;CX3CL1;CCL8;CCL7;CCL5;CCL4;CCRL2;CCL3;XCL1;CCL19;CCL18;CCL17;CCL16;CCL27;CCL15;CCR2;CCL26,0.5454545454545454
3,1151,Defense Response To Symbiont (GO:0140546),43/148,2.926880986665267e-17,biological process involved in interspecies interaction between organisms,GO_Biological_Process_2023,2.526961812811605e-19,0.0,0.0,6.927900979886539,296.6672619711246,IFITM3;RTP4;IFITM1;CD40;IFITM2;IFIT5;PRF1;DDX60L;IFIT1;DDX60;SAMHD1;TANK;IFI44L;IFIT3;IFIT2;OASL;IFI16;NLRP1;GBP2;MICA;GBP5;GBP7;APOBEC3F;RSAD2;MX2;RNASE6;ACOD1;ISG15;LILRB1;RNASE1;BST2;ISG20;PLSCR1;AIM2;ZNFX1;IFI27;OAS1;OAS2;IRF1;IFIT1B;IRF2;SHFL;TLR2,0.2905405405405405
3,1151,Response To Cytokine (GO:0034097),40/125,1.1347538607907836e-17,response to stimulus,GO_Biological_Process_2023,9.37109044196593e-20,0.0,0.0,7.947900672420183,348.22989544591104,IFITM3;CD274;NFAT5;CSF3;IFITM1;CD40;CIITA;SP100;IFITM2;ADAR;CXCL16;RELB;LAMP3;UBD;KYNU;CCR7;LGALS9;TIMP1;IL6R;MCL1;GCH1;IL1R1;SLC11A1;MX2;LIFR;ISG15;IRAK3;OSMR;SELE;NFKB2;BST2;CRNN;SELP;CH25H;PLSCR1;SELL;CHI3L1;IL6ST;XAF1;SHFL,0.32
3,1151,Regulation Of T Cell Mediated Cytotoxicity (GO:0001914),15/36,1.8405295492295628e-08,biological regulation,GO_Biological_Process_2023,4.076247875545954e-10,0.0,0.0,11.838531187122737,255.9570234711026,CD1E;LILRB1;CD1D;HLA-A;CD1C;HLA-F;HLA-G;HLA-E;RAET1E;XCL1;KLRD1;KLRC1;ULBP2;ULBP1;MICA,0.4166666666666667
3,1151,Response To Tumor Necrosis Factor (GO:0034612),38/108,2.281693142157761e-18,response to stimulus,GO_Biological_Process_2023,1.798631981430667e-20,0.0,0.0,9.15931202669747,416.4251490443758,CCL14;CCL13;CD40;CXCL8;CCL11;GATA3;TANK;ZFP36L2;CX3CL1;CXCL16;TCL1A;ZFP36;CCL8;CCL7;UBD;CCL5;CCL4;CCL3;CCL1;CCL19;CD58;CCL18;GBP2;CCL17;GBP1;CCL16;CCL15;GBP3;CCL24;CCL23;CCL22;GCH1;CCL20;SELE;CHI3L1;XCL1;TNFRSF21;CCL26,0.35185185185185186
3,1151,Cellular Response To Lipopolysaccharide (GO:0071222),41/124,1.1402351886927444e-18,cellular process,GO_Biological_Process_2023,8.132308027463266e-21,0.0,0.0,8.351307934440465,386.3184952075748,CX3CR1;CD274;CXCL6;CXCL9;CXCL8;GFI1;TNFAIP3;CXCL1;CXCL13;CXCL3;CXCL2;CXCL5;ZFP36;IL36A;IL36B;CCL5;PDE4B;CCL3;IL36RN;CTSG;CD14;CCR5;GBP2;PF4V1;GBP3;IL37;CD180;IL18;IL36G;LILRB1;PPBP;LILRB2;TNFRSF1B;IRGM;IL1F10;CXCL10;CXCL11;TNIP1;TNFSF4;TNIP3;CD68,0.33064516129032256
3,1151,Cellular Response To Molecule Of Bacterial Origin (GO:0071219),40/117,8.8725789561416e-19,cellular process,GO_Biological_Process_2023,5.9949857811767555e-21,0.0,0.0,8.777397220241504,408.7051376675491,CX3CR1;CD274;CXCL6;CXCL9;CXCL8;GFI1;TNFAIP3;CXCL1;CXCL13;CXCL3;CXCL2;CXCL5;ZFP36;IL36A;IL36B;PDE4B;IL36RN;CTSG;CD14;CCR5;GBP2;PF4V1;GBP3;IL37;CD180;IL36G;LILRB1;PPBP;LILRB2;TNFRSF1B;IRGM;IL1F10;CXCL10;CXCL11;TNIP1;TNFSF4;TNIP3;CD68;FCGR2B;TLR2,0.3418803418803419
3,1151,Regulation Of Inflammatory Response (GO:0050727),58/240,5.081056988566184e-19,biological regulation,GO_Biological_Process_2023,3.2424162464574003e-21,0.0,0.0,5.442657068457617,256.77350180490566,IL20;TNFAIP6;CXCL17;TNFAIP3;IFI35;CX3CL1;LGALS2;LGALS1;CASP4;NFKBIZ;CCR2;IL1R1;IL15;MMP3;IL18;ACOD1;IL16;MMP8;TNFRSF1B;IL17RA;ACE2;CD200R1;AIM2;NINJ1;XCL1;LCP1;S100A9;NAIP;S100A8;TLR2;BIRC3;PTGER4;SEMA7A;GATA3;AOAH;PTGS2;PLA2G7;USP18;IL1RL2;CCL5;CCL3;S100A12;CCL1;NLRP1;IL33;TSLP;IL37;IL10RA;NKG7;SELE;IRGM;IL22RA1;NLRP14;CYLD;MFHAS1;TNIP1;TNFSF4;SAA1,0.24166666666666667
3,1151,Cytokine Receptor Activity (GO:0004896),33/76,2.67171721844199e-19,molecular transducer activity,GO_Molecular_Function_2023,2.532433382409469e-21,0.0,0.0,12.909223280775471,612.2212863560641,CX3CR1;CNTFR;CSF3R;EBI3;IL1RAP;CSF2RA;IL1RL1;IL1RL2;IL18RAP;CXCR3;IL21R;CCR5;IL13RA2;IL6R;CCR2;IL13RA1;CCR1;IL15RA;IL4R;IL11RA;IL1R1;IL10RB;IL1R2;IL10RA;LIFR;OSMR;IL17RA;IL22RA1;ACKR4;IL6ST;IL7R;CRLF1;IL18R1,0.4342105263157895
3,1151,Positive Regulation Of Response To External Stimulus (GO:0032103),47/155,1.2101638372543878e-19,biological regulation,GO_Biological_Process_2023,7.268251274801127e-22,0.0,0.0,7.387505032206119,359.57466477181873,PTGER4;PLAT;IFI35;CD1D;PLA2G7;AIF1;CX3CL1;THBD;LGALS2;LGALS1;PLAU;CCL5;CASP4;NFKBIZ;CCL3;S100A12;CCL1;NLRP1;CCL19;STX3;CCR2;GBP5;IL33;TSLP;IL15;CD180;LY86;SH2D1B;IL18;ACOD1;NKG7;IL16;IRGM;SCIMP;IL17RA;PLSCR1;AIM2;TNIP1;TNFSF4;NINJ1;ADAM8;LCP1;S100A9;NAIP;S100A8;TLR2;CCL26,0.3032258064516129
3,1151,Monocyte Chemotaxis (GO:0002548),26/42,5.341666259515151e-20,cellular process,GO_Biological_Process_2023,3.007694965943216e-22,0.0,0.0,27.203222222222223,1348.074666500106,CCL14;CCL13;CCL11;CX3CL1;LGALS3;CCL8;CCL7;CCL5;CCL4;CCL3;S100A12;TNFSF11;CCL1;CTSG;CCL19;CCL18;CCL17;IL6R;CCL16;CCL15;CCL24;CCL23;CCL22;CCL20;XCL1;CCL26,0.6190476190476191
3,1151,Cellular Response To Tumor Necrosis Factor (GO:0071356),40/119,1.62732926863006e-18,response to stimulus,GO_Biological_Process_2023,1.2217186701426876e-20,0.0,0.0,8.55427314883387,392.2257697985489,CCL14;CCL13;CD40;CXCL8;CCL11;GATA3;TANK;ZFP36L2;CX3CL1;TCL1A;ZFP36;CCL8;CCL7;CCL5;CCL4;CCL3;TNFSF11;CCL1;CCL19;CD58;CCL18;GBP2;CCL17;GBP1;CCL16;CCL15;GBP3;TNFSF18;CCL24;CCL23;CCL22;CCL20;TRAF1;TNFRSF1B;AIM2;CHI3L1;XCL1;TNFRSF21;BIRC3;CCL26,0.33613445378151263
3,1151,Tertiary Granule Membrane (GO:0070821),21/72,1.66480793733511e-08,cellular anatomical structure,GO_Cellular_Component_2023,3.523403041979068e-10,0.0,0.0,6.849869859448204,149.09716919896465,CD53;ITGAM;CLEC12A;CD300A;SLC11A1;ITGB2;PTAFR;CYBB;MCEMP1;GPR84;LILRB2;LILRA3;FCAR;CLEC4C;CLEC4D;PLAU;CLEC5A;ITGAX;OLR1;ADAM8;CD33,0.2916666666666667
3,1151,Cellular Defense Response (GO:0006968),23/48,1.576618998905699e-14,response to stimulus,GO_Biological_Process_2023,1.893836635322161e-16,0.0,0.0,15.35290780141844,555.817586549919,CX3CR1;LGALS3BP;CXCL9;FCMR;NCF2;KLRC3;C5AR1;CD5L;PRF1;LSP1;KIR3DL2;LILRB2;HLA-G;NCR1;IL1RL2;TYROBP;GNLY;CLEC5A;MNDA;CD300C;CCR5;CCR2;KLRG1,0.4791666666666667
3,1151,Positive Regulation Of Tumor Necrosis Factor Production (GO:0032760),22/78,1.2894448950980932e-08,biological regulation,GO_Biological_Process_2023,2.758947410682856e-10,0.0,0.0,6.539383778312033,143.9383874345249,IL33;CD84;IFNGR1;MMP8;LILRA2;HLA-E;CD2;TYROBP;OAS1;OAS2;CLEC7A;CCL3;TNFRSF8;LGALS9;LCP1;CCL19;CD14;TMEM106A;CCR2;HAVCR2;TLR2;IL17A,0.28205128205128205
3,1151,Regulation Of Monocyte Chemotaxis (GO:0090025),12/25,1.2097457248726157e-07,biological regulation,GO_Biological_Process_2023,3.224172164637977e-09,0.0,0.0,15.265212399540758,298.4744334002252,CCR1;CXCL10;CXCL12;DUSP1;CCL5;CXCL17;SLAMF8;CCL1;PLA2G7;CCR2;LGMN;S100A7,0.48
3,1151,Positive Regulation Of Lymphocyte Proliferation (GO:0050671),20/74,1.495602309200435e-07,biological regulation,GO_Biological_Process_2023,4.042168403244419e-09,0.0,0.0,6.154828568621672,118.9511992731363,CD274;CD40;VCAM1;IL15;CD70;IL18;TNFRSF13C;CD1D;LILRB2;TNFSF13B;HLA-E;CD209;IL7;CCL5;CLCF1;GPR183;CD38;CCL19;IL6ST;TNFRSF4,0.2702702702702703
3,1151,Regulation Of Defense Response (GO:0031347),23/97,1.6373918278984333e-07,biological regulation,GO_Biological_Process_2023,4.548310633051203e-09,0.0,0.0,5.173291642706537,99.3712240571628,SEMA7A;IL20;IL1R1;IL37;ELMOD2;ERAP1;PTGS2;SAMHD1;SELE;USP18;HERC5;NLRP14;CYLD;IL1RL2;TNFSF4;IRF1;DHX58;CASP4;XCL1;NLRP1;FCGR2B;CCR2;BIRC3,0.23711340206185566
3,1151,Negative Regulation Of Interleukin-2 Production (GO:0032703),11/21,1.6373918278984333e-07,biological regulation,GO_Biological_Process_2023,4.522774168751076e-09,0.0,0.0,18.177982456140352,349.2743048691949,ZFP36;CR1;TBX21;LAPTM5;TNFAIP3;XCL1;HOMER3;VSIG4;LILRB4;GBP1;HAVCR2,0.5238095238095238
3,1151,Negative Regulation Of Natural Killer Cell Mediated Immunity (GO:0002716),8/10,1.6709006049115904e-07,biological regulation,GO_Biological_Process_2023,4.766833557555587e-09,0.0,0.0,65.95625546806649,1263.8263015698642,KLRD1;LILRB1;KLRC1;LGALS9;HLA-F;HLA-G;MICA;HLA-E,0.8
3,1151,Regulation Of Dendritic Cell Differentiation (GO:2001198),8/10,1.6709006049115904e-07,biological regulation,GO_Biological_Process_2023,4.766833557555587e-09,0.0,0.0,65.95625546806649,1263.8263015698642,LGALS3;LGALS1;TMEM176B;LILRB1;LGALS9;LILRB2;FCGR2B;HLA-G,0.8
3,1151,Regulation Of ERK1 And ERK2 Cascade (GO:0070372),39/244,2.2085329734132587e-07,biological regulation,GO_Biological_Process_2023,6.3835224832139985e-09,0.0,0.0,3.1896648534830674,60.18752697116401,CCL14;CCL13;SEMA7A;CCL11;C5AR1;CXCL17;CX3CL1;ICAM1;CCL8;GPNMB;CCL7;CCL5;CCL4;CCL3;CCR7;CCL1;LGALS9;CCL19;CCL18;CCL17;GBP1;CCL16;SLAMF1;CCL15;CCR1;DUSP4;CCL24;CCL23;CCL22;CCL20;SCIMP;MARCO;MFHAS1;TNIP1;GPR183;CHI3L1;XCL1;CCL26;S100A7,0.1598360655737705
3,1151,Response To Molecule Of Bacterial Origin (GO:0002237),19/69,2.399541837944296e-07,response to stimulus,GO_Biological_Process_2023,7.0256855615486145e-09,0.0,0.0,6.310618374558304,118.47361224174637,CXCL8;GCH1;SLC11A1;TNFAIP3;IRAK3;CXCL2;SELE;SELP;SLPI;NOCT;PELI1;IRF5;LGALS9;CD14;TRIB1;FCGR2B;S100A9;S100A8;S100A7,0.2753623188405797
3,1151,Natural Killer Cell Mediated Immunity (GO:0002228),11/22,2.8914262183560344e-07,immune system process,GO_Biological_Process_2023,8.574424596476228e-09,0.0,0.0,16.524561403508773,306.9351674979668,CD2;KLRK1;RAET1E;GZMB;NKG7;SLAMF7;KIR3DL1;KLRD1;ULBP2;ULBP1;MICA,0.5
3,1151,Regulation Of B Cell Proliferation (GO:0030888),15/44,3.6106817239948957e-07,biological regulation,GO_Biological_Process_2023,1.0884443070655204e-08,0.0,0.0,8.569086935405537,157.12218942342807,CD40;TNFRSF13B;CD300A;TNFRSF13C;TNFSF13B;TYROBP;IL7;CLCF1;GPR183;MZB1;CD38;MNDA;FCGR2B;TNFRSF4;TNFRSF21,0.3409090909090909
3,1151,Positive Regulation Of Monocyte Chemotaxis (GO:0090026),10/18,3.6106817239948957e-07,biological regulation,GO_Biological_Process_2023,1.0978424160795289e-08,0.0,0.0,20.6408851884312,378.2923954636719,CCR1;CXCL10;CXCL12;CCL5;CXCL17;CCL1;PLA2G7;CCR2;LGMN;S100A7,0.5555555555555556
3,1151,Negative Regulation Of B Cell Activation (GO:0050869),11/20,8.646889597405592e-08,biological regulation,GO_Biological_Process_2023,2.2720805999188867e-09,0.0,0.0,20.198830409356724,402.0086333407996,TYROBP;TNFRSF13B;CD300A;ID2;LAPTM5;TNFAIP3;MNDA;INHBA;FCGR2B;SAMSN1;TNFRSF21,0.55
3,1151,Myeloid Leukocyte Differentiation (GO:0002573),19/71,3.8320407318390297e-07,cellular process,GO_Biological_Process_2023,1.1795320570975993e-08,0.0,0.0,6.067256727371569,110.76118709551488,BATF2;IL33;CSF3;BATF3;CSF1;IL15;LIF;SNX10;GATA3;IL1RL1;TYROBP;IFI16;UBD;GPR183;TNFSF11;CCR7;PRTN3;LGALS9;CCL19,0.2676056338028169
3,1151,Serine-Type Endopeptidase Activity (GO:0004252),26/125,4.191838133713655e-07,catalytic activity,GO_Molecular_Function_2023,8.939939147730545e-09,0.0,0.0,4.377104377104377,81.11972448108894,KLK1;C1S;CD5L;TMPRSS2;PLAT;CTSS;PLAU;CTSK;CTSG;TPSAB1;CELA2B;MMP1;GZMA;MMP3;GZMB;MMP8;MMP10;GZMH;MMP12;GZMK;MMP11;MMP14;MMP13;MMP19;ADAM8;PRTN3,0.208
3,1151,Positive Regulation Of Cytokine Production Involved In Immune Response (GO:0002720),13/33,4.380873830561804e-07,biological regulation,GO_Biological_Process_2023,1.3813566132402084e-08,0.0,0.0,10.754701230228472,194.6344388050233,LAPTM5;HLA-A;HLA-F;HLA-G;SCIMP;HLA-E;CLEC7A;TNFSF4;XCL1;TNFRSF14;CD226;IRF5;CD55,0.3939393939393939
3,1151,T Cell Activation (GO:0042110),24/111,4.670176321070807e-07,cellular process,GO_Biological_Process_2023,1.4901088111524721e-08,0.0,0.0,4.592479270568798,82.76488803628338,CD84;TNFSF14;CRTAM;RHOH;GATA3;CD1C;LY9;CD2;TRGC1;JAML;CD8A;CLEC7A;IRF4;TRBC2;TNFSF4;TRBC1;CD7;SLAMF7;TRDC;CCR7;LCP1;CCL19;TNFRSF4;MICA,0.21621621621621623
3,1151,Negative Regulation Of Type II Interferon Production (GO:0032689),12/28,4.971928453854375e-07,biological regulation,GO_Biological_Process_2023,1.6050519783463824e-08,0.0,0.0,12.40100965759438,222.5674259271551,CD274;CR1;TNFSF4;LAPTM5;XCL1;IL36RN;LILRB1;LGALS9;INHBA;IRGM;LILRB4;HAVCR2,0.42857142857142855
3,1151,Regulation Of Interleukin-10 Production (GO:0032653),15/46,6.65315930002057e-07,biological regulation,GO_Biological_Process_2023,2.1727659876193305e-08,0.0,0.0,8.015390731485688,141.4290024432397,CD274;TSLP;ISG15;LILRB1;MMP8;LILRB4;TYROBP;CLEC7A;IRF4;TNFSF4;XCL1;LGALS9;TIGIT;FCGR2B;TNFRSF21,0.32608695652173914
3,1151,Positive Regulation Of Hydrolase Activity (GO:0051345),31/176,6.888126629705004e-07,biological regulation,GO_Biological_Process_2023,2.275357144947599e-08,0.0,0.0,3.570344827586207,62.83286953332787,CCL14;CCL13;CD40;CCL11;RGS16;THY1;CTSS;CX3CL1;RASGRP3;CCL8;CCL7;RGS1;CTSL;RASGEF1B;CTSK;CCL5;CCL4;CCL3;CCL1;CCL19;CCL18;CCL17;CCL16;CCL15;CCL24;CCL23;CCL22;CCL20;XCL1;PRTN3;CCL26,0.17613636363636365
3,1151,Positive Regulation Of Chemokine Production (GO:0032722),16/53,7.680578159292135e-07,biological regulation,GO_Biological_Process_2023,2.5659589195833333e-08,0.0,0.0,7.167329443981426,125.2730817459284,EGR1;IL33;CD84;TSLP;IL18;AIF1;IL17RA;OAS1;CLEC7A;IL7;TNFSF4;LGALS9;LCP1;IL6R;TLR2;IL17A,0.3018867924528302
3,1151,Positive Regulation Of Natural Killer Cell Mediated Immunity (GO:0002717),11/24,8.070056969377498e-07,biological regulation,GO_Biological_Process_2023,2.726370597762668e-08,0.0,0.0,13.980836707152497,243.5141519214873,NCR3;KLRK1;RAET1E;KLRC3;CRTAM;SH2D1B;CD226;KLRD1;HLA-F;HLA-G;HLA-E,0.4583333333333333
3,1151,Negative Regulation Of Leukocyte Mediated Cytotoxicity (GO:0001911),10/14,1.4267204496759414e-08,biological regulation,GO_Biological_Process_2023,3.1062232012464185e-10,0.0,0.0,41.29053461875548,903.9506898869842,CX3CR1;LILRB1;KLRD1;KLRC1;LGALS9;HLA-F;FCGR2B;HLA-G;MICA;HLA-E,0.7142857142857143
3,1151,Regulation Of Natural Killer Cell Chemotaxis (GO:2000501),6/6,1.038997318382417e-06,biological regulation,GO_Biological_Process_2023,3.588128877296636e-08,0.0,0.0,113094.0,1938776.0832895276,KLRK1;CCL7;CCL5;CCL4;CCL3;XCL1,1.0
3,1151,Specific Granule Membrane (GO:0035579),21/90,1.0846080636976651e-06,cellular anatomical structure,GO_Cellular_Component_2023,2.869333501845676e-08,0.0,0.0,5.058099268949596,87.84199167288531,CD53;ITGAM;CLEC12A;ITGB2;PLAUR;CYBB;MCEMP1;GPR84;ITGAL;TNFRSF1B;LILRA3;FCAR;CEACAM3;ADGRG3;CLEC4D;PLAU;CLEC5A;C3AR1;OLR1;ADAM8;CD33,0.23333333333333334
3,1151,Positive Regulation Of Interleukin-1 Production (GO:0032732),18/64,3.8826767487492426e-07,biological regulation,GO_Biological_Process_2023,1.2096928308790808e-08,0.0,0.0,6.493994397329137,118.38755876566532,GBP5;EGR1;IL16;LILRA2;AIM2;TYROBP;IFI16;CLEC7A;CCL3;SAA1;MNDA;LGALS9;LCP1;CCL19;NLRP1;NAIP;TMEM106A;IL17A,0.28125
3,1151,Response To Interferon-Beta (GO:0035456),13/29,7.839007226294993e-08,response to stimulus,GO_Biological_Process_2023,2.030373493297126e-09,0.0,0.0,13.446232425307556,269.1269615138447,IFITM3;IFITM1;IFITM2;IRGM;BST2;PLSCR1;AIM2;IFI16;OAS1;IRF1;MNDA;XAF1;SHFL,0.4482758620689655
3,1151,Regulation Of Interleukin-2 Production (GO:0032663),15/47,8.847511886903635e-07,biological regulation,GO_Biological_Process_2023,3.0222356670729384e-08,0.0,0.0,7.764497139084507,134.43981360052123,CR1;LAPTM5;TNFAIP3;LILRB4;ZFP36;CLEC7A;IRF4;TBX21;PDE4B;XCL1;HOMER3;VSIG4;GBP1;CCR2;HAVCR2,0.3191489361702128
3,1151,Cellular Response To Lipid (GO:0071396),41/228,3.6355933716093797e-09,cellular process,GO_Biological_Process_2023,6.550618687584468e-11,0.0,0.0,3.686187792070145,86.4369623717864,CX3CR1;CD274;CXCL6;CXCL9;CXCL8;GFI1;RORC;TNFAIP3;CXCL1;CXCL13;CXCL3;CXCL2;CXCL5;ZFP36;IL36A;IL36B;PDE4B;CTSG;IL36RN;CD14;CCR5;GBP2;PF4V1;GBP3;IL37;CD180;ACOD1;IL36G;LILRB1;PPBP;LILRB2;TNFRSF1B;IRGM;IL1F10;CXCL10;CXCL11;TNIP1;TNFSF4;TNIP3;LCP1;CD68,0.17982456140350878
3,1151,Antimicrobial Humoral Immune Response Mediated By Antimicrobial Peptide (GO:0061844),21/65,2.310961917528427e-09,immune system process,GO_Biological_Process_2023,4.077147527171024e-11,0.0,0.0,7.942578439259855,190.0106091127909,CXCL6;CCL13;CXCL9;CXCL8;TSLP;RNASE6;CXCL1;RNASE3;PPBP;CXCL13;CXCL3;CXCL2;CXCL5;CXCL10;CXCL11;GNLY;S100A12;S100A9;CAMP;PF4V1;S100A7,0.3230769230769231
3,1151,Defense Response To Protozoan (GO:0042832),11/15,1.397761104159907e-09,biological process involved in interspecies interaction between organisms,GO_Biological_Process_2023,2.413551456131972e-11,0.0,0.0,45.45942982456141,1111.3619883345743,GBP6;BATF2;CD40;GBP7;CLEC7A;IRF4;SLC11A1;NKG7;GBP2;GBP1;GBP4,0.7333333333333333
3,1151,Negative Regulation Of Natural Killer Cell Mediated Cytotoxicity (GO:0045953),11/16,3.979871928026357e-09,biological regulation,GO_Biological_Process_2023,7.320335002751182e-11,0.0,0.0,36.36561403508772,848.6926973922092,SERPINB4;LILRB1;SERPINB9;KLRD1;HLA-A;KLRC1;LGALS9;HLA-F;HLA-G;MICA;HLA-E,0.6875
3,1151,Positive Regulation Of MAPK Cascade (GO:0043410),49/310,5.896215088827686e-09,biological regulation,GO_Biological_Process_2023,1.1066469761313224e-10,0.0,0.0,3.166697957736196,72.59501872285233,CD40;CXCL17;CX3CL1;ICAM1;ARL6IP5;TNFSF11;CCR7;LGALS9;IL11;EDN1;MMP8;CHI3L1;XCL1;ADAM8;TMEM106A;S100A7;CCL14;CCL13;SEMA7A;CCL11;C5AR1;CCL8;GPNMB;CCL7;CCL5;CCL4;CCL3;S100A12;CCL1;CCL19;CCL18;CCL17;CCL16;SLAMF1;CCL15;CCR1;CCL24;CCL23;CCL22;CCL20;IL34;SEMA4C;LIF;LAPTM5;SCIMP;MARCO;MFHAS1;GPR183;CCL26,0.15806451612903225
3,1151,Extracellular Matrix Disassembly (GO:0022617),17/44,6.0508209633464805e-09,cellular process,GO_Biological_Process_2023,1.1583778871271412e-10,0.0,0.0,10.450519302371154,239.09565742153933,MMP1;MMP3;CAPG;MMP8;CTSS;MMP10;MMP12;MMP11;MMP14;MMP13;MMP15;CTSK;MMP19;CTSG;ADAM8;LCP1;TPSAB1,0.38636363636363635
3,1151,Regulation Of Interleukin-12 Production (GO:0032655),18/50,6.702399750998901e-09,biological regulation,GO_Biological_Process_2023,1.3082762276724578e-10,0.0,0.0,9.342067519858782,212.5987432590652,CD40;LAPTM5;IL16;IRAK3;LILRB1;HLA-G;SCIMP;CLEC7A;TNFSF4;CCR7;IRF5;LGALS9;LTB;CCL19;TIGIT;TLR2;SLAMF1;IL17A,0.36
3,1151,Regulation Of Interleukin-1 Beta Production (GO:0032651),23/84,1.0543291003254008e-08,biological regulation,GO_Biological_Process_2023,2.0975766635602944e-10,0.0,0.0,6.280141843971631,139.95338943222305,CX3CR1;GBP5;EGR1;TNFAIP3;LILRA2;LILRB4;CX3CL1;AIM2;TYROBP;IFI16;CLEC7A;CCL3;CARD18;CCR7;MNDA;LGALS9;LCP1;CCL19;NLRP1;CD33;NAIP;TMEM106A;IL17A,0.27380952380952384
3,1151,Antigen Processing And Presentation Of Endogenous Peptide Antigen (GO:0002483),12/21,1.1151160358125598e-08,immune system process,GO_Biological_Process_2023,2.2603703428632966e-10,0.0,0.0,22.05443371378402,489.836080079305,RAET1E;ERAP2;ERAP1;TAP2;TAP1;HLA-A;HLA-F;ULBP2;HLA-G;ULBP1;MICA;HLA-E,0.5714285714285714
3,1151,Positive Regulation Of Type II Interferon Production (GO:0032729),19/58,1.2588204161873034e-08,biological regulation,GO_Biological_Process_2023,2.6361178042745277e-10,0.0,0.0,8.095270453927698,178.55368591314783,IL1R1;SLC11A1;EBI3;CRTAM;IL18;ISG15;LILRB1;HLA-A;CD2;CLEC7A;TNFSF4;PDE4B;CD226;LGALS9;CD14;CD244;IL18R1;CCR2;SLAMF1,0.3275862068965517
3,1151,Cellular Component Disassembly (GO:0022411),17/46,1.2588204161873034e-08,cellular process,GO_Biological_Process_2023,2.6461690430363736e-10,0.0,0.0,9.728759958645016,214.5457942386177,MMP1;MMP3;CAPG;MMP8;CTSS;MMP10;MMP12;MMP11;MMP14;MMP13;MMP15;CTSK;MMP19;CTSG;ADAM8;LCP1;TPSAB1,0.3695652173913043
4,979,Myogenesis R-HSA-525793,10/29,2.901706051719093e-06,Developmental Biology,Reactome_2022,6.448235670486873e-07,0.0,0.0,10.321003747759493,147.11857119208128,CDC42;MEF2A;MEF2C;CDH2;CTNNA1;CTNNA2;MEF2D;NEO1;MAPK12;NTN3,0.3448275862068966
4,979,Role Of Nef In HIV-1 Replication And Disease Pathogenesis R-HSA-164952,10/27,1.3973883482529169e-06,Disease,Reactome_2022,2.97029407358108e-07,0.0,0.0,11.536453590724216,173.38637577721937,HCK;LCK;AP2S1;ELMO1;AP2A1;FYN;AP2B1;DOCK2;AP2A2;AP2M1,0.37037037037037035
4,979,Nef Mediated CD4 Down-regulation R-HSA-167590,6/8,1.625108369669003e-06,Disease,Reactome_2022,3.485739691463948e-07,0.0,0.0,58.64028776978417,871.9467968051118,LCK;AP2S1;AP2A1;AP2B1;AP2A2;AP2M1,0.75
4,979,G Beta:Gamma Signaling Thru PI3Kgamma R-HSA-392451,9/25,6.733588909151036e-06,Signal Transduction,Reactome_2022,1.561411920962559e-06,0.0,0.0,11.020940721649485,147.34909652811305,GNG10;GNG2;GNG4;GNG7;GNB1;GNB4;GNB5;GNG12;GNG11,0.36
4,979,Gap Junction Trafficking R-HSA-190828,9/25,6.733588909151036e-06,Vesicle-mediated transport,Reactome_2022,1.561411920962559e-06,0.0,0.0,11.020940721649485,147.34909652811305,GJA1;CLTC;CLTCL1;GJA4;MYO6;CLTB;AP2M1;DNM1;DNM2,0.36
4,979,ROBO Receptors Bind AKAP5 R-HSA-9010642,6/8,1.625108369669003e-06,Developmental Biology,Reactome_2022,3.485739691463948e-07,0.0,0.0,58.64028776978417,871.9467968051118,ROBO3;PPP3CB;PRKAR2A;PRKCA;AKAP5;PRKACB,0.75
4,979,C-type Lectin Receptors (CLRs) R-HSA-5621481,23/141,1.6588595064683516e-06,Immune System,Reactome_2022,3.574161062245821e-07,0.0,0.0,3.8540617686688887,57.21110028283766,AHCYL1;SYK;PRKCD;ITPR1;NFATC3;ICAM3;ITPR2;NFATC2;PRKCA;ITPR3;NFATC1;MALT1;PPP3CA;PPP3R1;PPP3CB;RPS6KA5;MUC2;PLCG2;FYN;PKN1;CALM1;ARHGEF7;PRKACB,0.16312056737588654
4,979,"Regulation Of Glycolysis By Fructose 2,6-Bisphosphate Metabolism R-HSA-9634600",7/12,1.9344517767588503e-06,Metabolism,Reactome_2022,4.205329949475762e-07,0.0,0.0,27.389300411522637,402.1226667056111,PPP2CA;PPP2CB;PPP2R1B;PPP2R1A;PPP2R5D;PRKCA;PRKACB,0.5833333333333334
4,979,p38MAPK Events R-HSA-171007,7/12,1.9344517767588503e-06,Signal Transduction,Reactome_2022,4.205329949475762e-07,0.0,0.0,27.389300411522637,402.1226667056111,RALA;RALB;MAPKAPK3;MAPKAPK2;RALGDS;MAPK12;MAPK13,0.5833333333333334
4,979,RND1 GTPase Cycle R-HSA-9696273,12/42,2.283416923992928e-06,Signal Transduction,Reactome_2022,5.008073833298498e-07,0.0,0.0,7.855635987590486,113.96205907396156,GRB7;TMEM59;KIDINS220;FLOT2;PLXNA1;RRAS2;RASAL2;ARHGAP5;PTPN13;ARHGAP35;RND1;EPHA2,0.2857142857142857
4,979,DAP12 Interactions R-HSA-2172127,12/43,2.9745650494140094e-06,Immune System,Reactome_2022,6.638884313184891e-07,0.0,0.0,7.601828068185609,108.13715767030716,VAV3;NCR2;SIGLEC15;SIGLEC14;SYK;KIR2DS2;LCK;PLCG2;BTK;FYN;LCP2;VAV2,0.27906976744186046
4,979,Listeria Monocytogenes Entry Into Host Cells R-HSA-8876384,8/19,6.496231787280405e-06,Disease,Reactome_2022,1.4938194834519194e-06,0.0,0.0,14.23836719408295,190.99593937753556,SH3GL3;SH3KBP1;HGS;STAM;EPS15;STAM2;SH3GL2;SH3GL1,0.42105263157894735
4,979,Defective Intrinsic Pathway For Apoptosis R-HSA-9734009,9/24,4.581260538795427e-06,Disease,Reactome_2022,1.044615929619054e-06,0.0,0.0,11.756288659793814,161.90597649119744,JUN;BCL2L11;CAPNS1;CDK5;CAPNS2;CAPN2;CAPN1;FOXO3;CDK5R1,0.375
4,979,Apoptotic Execution Phase R-HSA-75153,13/52,4.034844816965876e-06,Programmed Cell Death,Reactome_2022,9.161241854946676e-07,0.0,0.0,6.550034506556246,91.0658758445242,DBNL;GSN;SATB1;PRKCD;BMX;PTK2;OCLN;PKP1;PRKCQ;MAPT;VIM;SPTAN1;TJP2,0.25
4,979,Signal Regulatory Protein Family Interactions R-HSA-391160,7/13,3.85928130232111e-06,Cell-Cell communication,Reactome_2022,8.725331640030336e-07,0.0,0.0,22.823216735253773,318.4264427106609,SIRPG;PTK2B;SIRPA;PTPN6;CD47;PTK2;SKAP2,0.5384615384615384
4,979,Cardiac Conduction R-HSA-5576891,21/126,3.5246463560639414e-06,Muscle contraction,Reactome_2022,7.934711120414477e-07,0.0,0.0,3.949060542797495,55.47185596519381,CAMK2B;WWTR1;CAMK2D;AHCYL1;TRPC1;CAMK2A;ITPR1;ITPR2;PRKCA;ITPR3;FGF14;SCN8A;NPPA;ORAI1;SCN3B;CALM1;FGF13;FGF12;SCN1B;FGF11;CORIN,0.16666666666666666
4,979,"Unblocking Of NMDA Receptors, Glutamate Binding And Activation R-HSA-438066",9/21,1.2678994586469378e-06,Neuronal System,Reactome_2022,2.682801753079028e-07,0.0,0.0,14.697680412371136,222.3940411691468,CAMK2B;GRIA2;CAMK2D;ACTN2;CAMK2A;NEFL;CALM1;GRIA3;LLGL1,0.42857142857142855
4,979,Long-term Potentiation R-HSA-9620244,9/23,3.0447889245597097e-06,Neuronal System,Reactome_2022,6.825034111090363e-07,0.0,0.0,12.596686303387337,178.84143252835204,CAMK2B;GRIA2;CAMK2D;ACTN2;CAMK2A;NEFL;NRG1;CALM1;LLGL1,0.391304347826087
4,979,Activation Of GABAB Receptors R-HSA-991365,12/42,2.283416923992928e-06,Neuronal System,Reactome_2022,5.008073833298498e-07,0.0,0.0,7.855635987590486,113.96205907396156,GNG10;GNG2;GNG4;GNG7;GNB1;GNAI3;GNB4;GNB5;GNG12;GNG11;GNAI1;GNAI2,0.2857142857142857
4,979,PKA Activation R-HSA-163615,8/17,2.3812074849411453e-06,Signal Transduction,Reactome_2022,5.245558517551508e-07,0.0,0.0,17.40427966586566,251.67830938959196,NBEA;PRKAR1B;PRKAR1A;PRKAR2B;PRKAR2A;PRKCA;CALM1;PRKACB,0.47058823529411764
4,979,Cell Surface Interactions At Vascular Wall R-HSA-202733,22/134,2.5751965947643465e-06,Hemostasis,Reactome_2022,5.697777972956862e-07,0.0,0.0,3.881157635467981,55.803359705131335,GRB7;ANGPT4;YES1;SIRPG;PSG3;GP6;L1CAM;DOK2;MAG;GRB14;LCK;INPP5D;TSPAN7;SIRPA;PICK1;ITGAV;ITGA6;FYN;PTPN6;CD47;TEK;JAM3,0.16417910447761194
4,979,Response To Elevated Platelet Cytosolic Ca2+ R-HSA-76005,21/130,5.875306537285479e-06,Hemostasis,Reactome_2022,1.345360047668269e-06,0.0,0.0,3.8033364616651664,51.416730892810826,CAP1;TOR4A;STXBP3;ACTN2;PRKCB;ACTN1;APLP2;ITGA2B;STXBP2;IGF2;PDGFA;PRKCA;ACTN4;TMX3;LAMP2;FLNA;STX4;PFN1;TLN1;CALM1;VCL,0.16153846153846155
4,979,Presynaptic Function Of Kainate Receptors R-HSA-500657,9/21,1.2678994586469378e-06,Neuronal System,Reactome_2022,2.682801753079028e-07,0.0,0.0,14.697680412371136,222.3940411691468,GNG10;GNG2;GNG4;GNG7;GNB1;GNB4;GNB5;GNG12;GNG11,0.42857142857142855
4,979,Inflammatory mediator regulation of TRP channels,26/98,2.8461155595404668e-12,Sensory system,KEGG_2021_Human,8.078493946293902e-13,0.0,0.0,7.180162061326804,199.9273098607458,CAMK2B;CAMK2D;CALML5;CALML6;CAMK2A;ITPR1;ITPR2;PIK3R3;CALML3;ITPR3;CALML4;PPP1CB;PLCG2;PRKACA;PRKACB;PRKCH;PRKCB;PRKCD;PRKCA;NGF;MAPK12;MAPK13;PPP1CA;GNAS;PRKCQ;CALM1,0.2653061224489796
4,979,Synthesis Of IP3 And IP4 In Cytosol R-HSA-1855204,9/26,9.811041783294452e-06,Metabolism,Reactome_2022,2.2845034490569693e-06,0.0,0.0,10.372104305639782,134.72701613971606,ITPKB;SYNJ1;INPP5D;ITPKA;INPPL1;PTEN;PLCG2;CALM1;PLCD1,0.34615384615384615
4,979,Apoptosis R-HSA-109581,29/178,6.274486538190108e-08,Programmed Cell Death,Reactome_2022,1.1336511909580192e-08,0.0,0.0,3.866393500529848,70.73658611455242,MAGED1;YWHAB;SATB1;UACA;PPP3R1;BCL2L11;PPP3CC;YWHAQ;SPTAN1;YWHAG;APPL1;DBNL;GSN;UNC5A;UNC5B;DCC;DAPK2;PRKCD;BMX;YWHAZ;PTK2;ARHGAP10;OCLN;PKP1;PRKCQ;MAPT;VIM;BCL2L1;TJP2,0.16292134831460675
4,979,FLT3 Signaling Thru SRC Family Kinases R-HSA-9706374,6/6,7.462593929760522e-08,Immune System,Reactome_2022,1.3555243080144718e-08,0.0,0.0,114126.0,2067562.8140709784,HCK;SYK;FLT3;LCK;FLT3LG;FYN,1.0
4,979,Apoptotic Cleavage Of Cellular Proteins R-HSA-111465,13/38,8.09929124390644e-08,Programmed Cell Death,Reactome_2022,1.479001009756828e-08,0.0,0.0,10.2255900621118,184.36037281240215,DBNL;GSN;SATB1;PRKCD;BMX;PTK2;OCLN;PKP1;PRKCQ;MAPT;VIM;SPTAN1;TJP2,0.34210526315789475
4,979,TRAF6 Mediated Induction Of NFkB And MAP Kinases Upon TLR7/8 Or 9 Activation R-HSA-975138,21/101,8.304144569565676e-08,Immune System,Reactome_2022,1.5244323364420078e-08,0.0,0.0,5.189992171189979,93.41497343863928,MEF2A;MEF2C;JUN;DUSP3;PPP2R5D;FOS;VRK3;DUSP6;DUSP7;PPP2CA;RPS6KA3;PPP2CB;RPS6KA5;CREB1;MAPK7;PPP2R1B;MAPKAPK3;PPP2R1A;RPS6KA2;RPS6KA1;MAPKAPK2,0.2079207920792079
4,979,Generation Of Second Messenger Molecules R-HSA-202433,12/32,8.724406214289145e-08,Immune System,Reactome_2022,1.6100111951007017e-08,0.0,0.0,11.78965873836608,211.5588192708208,VASP;ENAH;ITK;ZAP70;LCK;WAS;PLCG2;EVL;LCP2;PKN1;ARHGEF7;NCK1,0.375
4,979,Signaling By Non-Receptor Tyrosine Kinases R-HSA-9006927,15/52,8.774111173490342e-08,Signal Transduction,Reactome_2022,1.6276612031982084e-08,0.0,0.0,7.9836267803072785,143.1746630986941,PTPN1;SRMS;EPAS1;NRG1;PTK6;ARAP1;NR3C1;ARHGAP35;DOK1;CCND1;ERBB3;ELMO1;ELMO2;DOCK1;HBEGF,0.28846153846153844
4,979,MyD88 Dependent Cascade Initiated On Endosome R-HSA-975155,21/102,9.826002364860653e-08,Immune System,Reactome_2022,1.832288363688991e-08,0.0,0.0,5.125647568236295,91.31400132008037,MEF2A;MEF2C;JUN;DUSP3;PPP2R5D;FOS;VRK3;DUSP6;DUSP7;PPP2CA;RPS6KA3;PPP2CB;RPS6KA5;CREB1;MAPK7;PPP2R1B;MAPKAPK3;PPP2R1A;RPS6KA2;RPS6KA1;MAPKAPK2,0.20588235294117646
4,979,Toll Like Receptor 3 (TLR3) Cascade R-HSA-168164,21/103,1.160042418488797e-07,Immune System,Reactome_2022,2.1967953045778184e-08,0.0,0.0,5.0628723458424565,89.2770765247605,MEF2A;MEF2C;JUN;DUSP3;PPP2R5D;FOS;VRK3;DUSP6;DUSP7;PPP2CA;RPS6KA3;PPP2CB;RPS6KA5;CREB1;MAPK7;PPP2R1B;MAPKAPK3;PPP2R1A;RPS6KA2;RPS6KA1;MAPKAPK2,0.20388349514563106
4,979,Toll Like Receptor 7/8 (TLR7/8) Cascade R-HSA-168181,21/103,1.160042418488797e-07,Immune System,Reactome_2022,2.1967953045778184e-08,0.0,0.0,5.0628723458424565,89.2770765247605,MEF2A;MEF2C;JUN;DUSP3;PPP2R5D;FOS;VRK3;DUSP6;DUSP7;PPP2CA;RPS6KA3;PPP2CB;RPS6KA5;CREB1;MAPK7;PPP2R1B;MAPKAPK3;PPP2R1A;RPS6KA2;RPS6KA1;MAPKAPK2,0.20388349514563106
4,979,Formation Of Annular Gap Junctions R-HSA-196025,7/9,1.160042418488797e-07,Vesicle-mediated transport,Reactome_2022,2.177108409379788e-08,0.0,0.0,68.48405349794238,1208.242457742235,GJA1;CLTC;CLTCL1;CLTB;AP2M1;DNM1;DNM2,0.7777777777777778
4,979,Cell Junction Organization R-HSA-446728,19/86,1.3641083418177128e-07,Cell-Cell communication,Reactome_2022,2.5964187762134243e-08,0.0,0.0,5.598973880597015,97.79474403270063,VASP;PRKCI;JUP;ACTN1;ILK;CLDN1;CDH6;CDH5;AFDN;PARD6B;PARD6A;CDH2;PARD3;CTNNA1;FLNA;ITGA6;FLNC;CDH18;ARHGEF6,0.22093023255813954
4,979,Potential Therapeutics For SARS R-HSA-9679191,20/97,2.029761702175196e-07,Disease,Reactome_2022,3.88302238676994e-08,0.0,0.0,5.1308857982476335,87.55377866066365,HSP90AA1;SYK;SH3KBP1;AP2A1;AP2B1;NR3C1;AP2A2;VAV1;CD79B;FKBP1A;CD79A;BTK;PLCG2;BLNK;AP2S1;S1PR1;JAK3;AP2M1;NCK1;BRD4,0.20618556701030927
4,979,MyD88-independent TLR4 Cascade R-HSA-166166,21/107,2.3047457873226057e-07,Immune System,Reactome_2022,4.431346972726556e-08,0.0,0.0,4.826370345195902,81.71999239776947,MEF2A;MEF2C;JUN;DUSP3;PPP2R5D;FOS;VRK3;DUSP6;DUSP7;PPP2CA;RPS6KA3;PPP2CB;RPS6KA5;CREB1;MAPK7;PPP2R1B;MAPKAPK3;PPP2R1A;RPS6KA2;RPS6KA1;MAPKAPK2,0.19626168224299065
4,979,VEGFR2 Mediated Cell Proliferation R-HSA-5218921,9/18,2.6240916494998484e-07,Signal Transduction,Reactome_2022,5.070708501448983e-08,0.0,0.0,19.6,329.2251237678452,AHCYL1;PRKCB;PRKCD;ITPR1;ITPR2;ITPR3;PRKCA;CALM1;PRKCZ,0.5
4,979,Deregulated CDK5 Triggers Neurodegenerative Pathways In Alzheimers Disease Models R-HSA-8862803,9/21,1.2678994586469378e-06,Disease,Reactome_2022,2.682801753079028e-07,0.0,0.0,14.697680412371136,222.3940411691468,JUN;BCL2L11;CAPNS1;CDK5;CAPNS2;CAPN2;CAPN1;FOXO3;CDK5R1,0.42857142857142855
4,979,Activation Of Kainate Receptors Upon Glutamate Binding R-HSA-451326,11/29,2.8740724545014975e-07,Neuronal System,Reactome_2022,5.6093008290753873e-08,0.0,0.0,11.996843434343434,200.3023531149377,GNG10;GNG2;GNG4;GNG7;GNB1;GNB4;GNB5;GNG12;CALM1;GNG11;LLGL1,0.3793103448275862
4,979,CaMK IV-mediated Phosphorylation Of CREB R-HSA-111932,7/10,3.542888266023928e-07,Signal Transduction,Reactome_2022,6.948853314037269e-08,0.0,0.0,45.65363511659808,752.4679660226842,CAMK2B;CAMK2D;CREB1;CAMK4;CAMK2A;CALM1;CAMKK2,0.7
4,979,Estrogen-dependent Nuclear Events Downstream Of ESR-membrane Signaling R-HSA-9634638,10/24,3.988019585685418e-07,Signal Transduction,Reactome_2022,7.898975990971118e-08,0.0,0.0,14.01076219961669,229.13127104862411,CREB1;CCND1;SRF;TGFA;FOS;FOXO3;AREG;PTK2;UHMK1;HBEGF,0.4166666666666667
4,979,Growth Hormone Receptor Signaling R-HSA-982772,10/24,3.988019585685418e-07,Immune System,Reactome_2022,7.898975990971118e-08,0.0,0.0,14.01076219961669,229.13127104862411,GHR;SOCS2;PTPN1;SOCS1;CISH;IRS1;CSH1;IRS2;PTPN6;PRLR,0.4166666666666667
4,979,ADORA2B Mediated Anti-Inflammatory Cytokine Production R-HSA-9660821,23/131,4.518398719775764e-07,Disease,Reactome_2022,8.993141413273503e-08,0.0,0.0,4.213146985898032,68.35501736589413,GNAZ;GNAI3;PRKCA;PRKX;GNG12;GNG11;GNAI1;TSHR;GNAI2;GNG10;CREB1;GNG2;PRKAR1B;PRKAR1A;PRKAR2B;GNG4;PRKAR2A;GNG7;GNB1;GNAS;GNB4;GNB5;PRKACB,0.17557251908396945
4,979,CREB Phosphorylation R-HSA-199920,6/7,4.546575187326006e-07,Immune System,Reactome_2022,9.093150374652013e-08,0.0,0.0,117.28674203494349,1901.5886347289156,RPS6KA3;CREB1;RPS6KA5;RPS6KA2;MAPKAPK2;RPS6KA1,0.8571428571428571
4,979,Ras Activation Upon Ca2+ Influx Thru NMDA Receptor R-HSA-442982,9/19,4.563571316631662e-07,Neuronal System,Reactome_2022,9.215327586241713e-08,0.0,0.0,17.639072164948452,285.7496635845305,CAMK2B;CAMK2D;ACTN2;RASGRF2;CAMK2A;RASGRF1;NEFL;CALM1;LLGL1,0.47368421052631576
4,979,Signaling To RAS R-HSA-167044,9/19,4.563571316631662e-07,Signal Transduction,Reactome_2022,9.215327586241713e-08,0.0,0.0,17.639072164948452,285.7496635845305,RALA;RALB;SHC3;MAPKAPK3;MAPKAPK2;NGF;RALGDS;MAPK12;MAPK13,0.47368421052631576
4,979,Cooperation Of PDCL (PhLP1) And TRiC/CCT In G-protein Beta Folding R-HSA-6814122,12/37,5.187537678213643e-07,Metabolism of proteins,Reactome_2022,1.052543876739e-07,0.0,0.0,9.429245087900725,151.49860284903275,GNA14;GNA15;GNG10;GNG2;GNG4;GNA11;GNG7;GNB1;GNB4;GNB5;GNG12;GNG11,0.32432432432432434
4,979,Negative Regulation Of FLT3 R-HSA-9706369,8/15,7.4016500641286e-07,Immune System,Reactome_2022,1.5160867764205445e-07,0.0,0.0,22.37928497866706,351.398707498748,SOCS2;FLT3;FLT3LG;PTPRJ;CSK;SLA2;SOCS6;SH2B3,0.5333333333333333
4,979,InlB-mediated Entry Of Listeria Monocytogenes Into Host Cell R-HSA-8875360,8/15,7.4016500641286e-07,Disease,Reactome_2022,1.5160867764205445e-07,0.0,0.0,22.37928497866706,351.398707498748,SH3GL3;SH3KBP1;HGS;STAM;EPS15;STAM2;SH3GL2;SH3GL1,0.5333333333333333
4,979,G Beta:Gamma Signaling Thru PLC Beta R-HSA-418217,9/20,7.787638480334931e-07,Signal Transduction,Reactome_2022,1.6026734263877686e-07,0.0,0.0,16.034676663542644,250.88532612323405,GNG10;GNG2;GNG4;GNG7;GNB1;GNB4;GNB5;GNG12;GNG11,0.45
4,979,Phase 0 - Rapid Depolarisation R-HSA-5576892,11/32,8.808729700414754e-07,Muscle contraction,Reactome_2022,1.826962981147397e-07,0.0,0.0,10.281385281385282,159.5202229877945,CAMK2B;CAMK2D;FGF14;SCN8A;CAMK2A;SCN3B;CALM1;FGF13;FGF12;SCN1B;FGF11,0.34375
4,979,"WNT5A-dependent Internalization Of FZD2, FZD5 And ROR2 R-HSA-5140745",7/11,8.808729700414754e-07,Signal Transduction,Reactome_2022,1.8298327396996835e-07,0.0,0.0,34.238425925925924,531.1705260487116,CLTC;AP2S1;CLTB;AP2A1;AP2B1;AP2A2;AP2M1,0.6363636363636364
4,979,Role Of Phospholipids In Phagocytosis R-HSA-2029485,10/26,9.371878300659636e-07,Immune System,Reactome_2022,1.9558702540507066e-07,0.0,0.0,12.25812693498452,189.35447895049813,PLPP5;AHCYL1;PLPP4;SYK;PRKCD;ITPR1;PLCG2;ITPR2;ITPR3;PLD2,0.38461538461538464
4,979,Downregulation Of ERBB2 Signaling R-HSA-8863795,11/29,2.8740724545014975e-07,Signal Transduction,Reactome_2022,5.6093008290753873e-08,0.0,0.0,11.996843434343434,200.3023531149377,PTPN18;USP8;HSP90AA1;ERBB3;CDC37;ERBIN;MATK;NRG1;PTPN12;RNF41;HBEGF,0.3793103448275862
4,979,Calcium signaling pathway,56/240,3.2403330203124624e-22,Signal transduction,KEGG_2021_Human,4.386477014396784e-23,0.0,0.0,6.211267605633803,319.7618373906846,RET;MYLK2;CALML5;CALML6;CALML3;CALML4;MYLK3;MYLK;PPP3CA;PPP3CB;EDNRB;PPP3CC;PRKACA;PRKACB;PDGFRB;PDGFRA;PRKCB;HGF;PRKCA;NGF;PHKA2;ITPKB;ITPKA;ORAI1;MET;CAMK2B;CAMK2D;PDE1C;PDE1B;PDE1A;CAMK2A;ITPR1;PDGFA;CXCR4;CACNA1A;ITPR2;ITPR3;CACNA1H;CACNA1I;GNA14;PPP3R1;GNA15;ERBB3;PDGFD;GNA11;PDGFC;PLCG2;PTK2B;NOS3;NTRK3;CAMK4;GNAS;CALM1;FGFR3;PLCD1;FGFR1,0.23333333333333334
4,979,Vascular smooth muscle contraction,40/133,2.2167425568002886e-20,Circulatory system,KEGG_2021_Human,3.5816364454851816e-21,0.0,0.0,8.669941713330356,408.1675661367344,MYLK2;GUCY1B1;CALML5;CALML6;ITPR1;ITPR2;CALML3;ITPR3;CALML4;MYLK3;MYLK;PPP1CB;GNA13;GNA11;NPPA;GNA12;MYH14;MYH11;PRKACA;PRKACB;MYH10;PRKG1;GUCY1A2;PPP1R14A;GUCY1A1;PRKCH;PPP1R12A;PRKCB;PRKCD;PRKCA;PPP1CA;ACTA2;MYL6;GNAS;MYH9;PRKCQ;CALM1;PPP1R12B;MYL9;PPP1R12C,0.3007518796992481
4,979,Retrograde endocannabinoid signaling,43/148,3.624180052103307e-21,Nervous system,KEGG_2021_Human,5.277290093550944e-22,0.0,0.0,8.276231176231176,405.4811954536221,GABRB3;GRIA2;GABRB2;GABRB1;DAGLA;ITPR1;GNAI3;CACNA1A;ITPR2;ITPR3;GNAI1;GNAI2;GNG10;GNG2;GNG4;GNG7;PRKACA;GABRE;PRKACB;GABRD;GRIA3;GABRA2;GABRQ;GABRA1;GABRA6;PRKCB;GABRA5;GABRA4;GABRA3;PRKCA;GNG12;GABRG3;GNG11;GABRG2;MAPK12;GABRG1;MAPK13;GNAO1;GNB1;GNB4;GNB5;DAGLB;MGLL,0.2905405405405405
4,979,Autophagy,23/137,5.390082895861303e-07,None,KEGG_2021_Human,2.0948357106185853e-07,0.0,0.0,3.990136166776775,61.36278993363009,IRS1;DAPK2;PRKCD;ITPR1;PTEN;PIK3R3;RRAS2;IRS2;IGF1R;CAMKK2;PPP2CA;PPP2CB;DEPTOR;MRAS;RRAS;LAMP2;ATG2A;ULK2;PRKCQ;PRKACA;PRKACB;ATG2B;BCL2L1,0.1678832116788321
4,979,Renal cell carcinoma,16/69,4.1458853010710157e-07,Cancer: specific types,KEGG_2021_Human,1.5931786309792548e-07,0.0,0.0,5.946198005446815,93.0720585190788,JUN;EPAS1;HGF;PIK3R3;TGFA;ETS1;CDC42;RAP1B;PAK1;RAP1A;PAK6;PAK3;MET;PAK2;PAK5;PAK4,0.2318840579710145
4,979,Alcoholism,28/186,3.024560311494702e-07,Substance dependence,KEGG_2021_Human,1.1490687646289918e-07,0.0,0.0,3.515047451716381,56.16744871768866,SHC4;SHC3;CALML5;CALML6;GNAI3;CALML3;CALML4;GNAI1;CAMKK2;GNAI2;PPP1CB;GNG10;GNG2;GNG4;GNG7;PRKACA;PRKACB;GNG12;GNG11;PPP1CA;GNAO1;CREB1;CAMK4;GNB1;GNAS;GNB4;GNB5;CALM1,0.15053763440860216
4,979,Salivary secretion,19/93,2.630189448330402e-07,Digestive system,KEGG_2021_Human,9.877567360542121e-08,0.0,0.0,5.067469031531531,81.74037584863035,GUCY1A2;GUCY1A1;GUCY1B1;CALML5;CALML6;PRKCB;ITPR1;ITPR2;CALML3;PRKCA;ITPR3;CALML4;SLC9A1;GNAS;PRKG2;PRKACA;CALM1;PRKACB;PRKG1,0.20430107526881722
4,979,Amoebiasis,20/102,2.531243608709595e-07,Infectious disease: parasitic,KEGG_2021_Human,9.395445709184087e-08,0.0,0.0,4.8167552582720825,77.93729493504274,RAB5B;RAB5C;LAMA2;PRKCB;LAMC3;ACTN1;PIK3R3;HSPB1;PRKCA;ACTN4;PTK2;GNA14;GNA15;MUC2;GNA11;GNAS;PRKACA;PRKACB;RAB5A;VCL,0.19607843137254902
4,979,Arrhythmogenic right ventricular cardiomyopathy,18/77,6.429947705374786e-08,Cardiovascular disease,KEGG_2021_Human,2.3585834377793973e-08,0.0,0.0,6.01978870879557,105.7232588239849,DSP;ACTN3;LAMA2;JUP;ACTN2;ITGA2B;ACTB;ACTG1;GJA1;CACNB3;CDH2;DAG1;CTNNA1;ITGAV;ITGA6;CTNNA3;CTNNA2;CACNG3,0.23376623376623376
4,979,JAK-STAT signaling pathway,27/162,6.072476768443103e-08,Signal transduction,KEGG_2021_Human,2.200941361488112e-08,0.0,0.0,3.9676470588235295,69.9567418887391,CSH1;MPL;PDGFA;PIK3R3;CSF2RB;SOCS2;GHR;SOCS1;CCND1;PIM1;SOCS6;SOCS7;JAK3;SOCS4;SOCS5;PDGFRB;PDGFRA;CISH;STAM;PRLR;EPOR;GFAP;IL3RA;PTPN6;STAM2;PTPN2;BCL2L1,0.16666666666666666
4,979,AMPK signaling pathway,23/120,4.56350311555153e-08,Signal transduction,KEGG_2021_Human,1.6340928186691072e-08,0.0,0.0,4.693654833283009,84.15532058301605,CAB39;IRS1;INSR;PRKAG1;PIK3R3;PRKAG2;IRS2;PPP2R5D;PPP2R3A;FOXO3;FOXO1;IGF1R;CAMKK2;PPP2CA;RAB10;PPP2CB;CREB1;CCND1;PPP2R1B;PPP2R2C;PPP2R1A;PPP2R2B;EIF4EBP1,0.19166666666666668
4,979,Regulation of lipolysis in adipocytes,16/55,1.3356637258963818e-08,Endocrine system,KEGG_2021_Human,4.724400078498119e-09,0.0,0.0,8.086694890433208,155.02618859883546,IRS1;INSR;PDE3B;GNAI3;PIK3R3;IRS2;GNAI1;TSHR;GNAI2;NPPA;GNAS;PRKG2;PRKACA;PRKACB;PRKG1;MGLL,0.2909090909090909
4,979,Fc epsilon RI signaling pathway,18/68,7.981871558567217e-09,Immune system,KEGG_2021_Human,2.788426745350993e-09,0.0,0.0,7.106722164412071,139.98670863551666,VAV3;SYK;PIK3R3;PRKCA;VAV1;MAPK12;VAV2;MAPK13;INPP5D;RAC2;BTK;PLCG2;FCER1A;RAC3;LCP2;FYN;MS4A2;LAT,0.2647058823529412
4,979,Melanogenesis,22/101,7.981871558567217e-09,Endocrine system,KEGG_2021_Human,2.7694366849786756e-09,0.0,0.0,5.512003491924924,108.61194472124808,CAMK2B;CAMK2D;CALML5;CALML6;PRKCB;CAMK2A;GNAI3;CALML3;MITF;PRKCA;CALML4;GNAI1;GNAI2;GNAO1;KITLG;EDNRB;CREB1;KIT;GNAS;PRKACA;CALM1;PRKACB,0.21782178217821782
4,979,Signaling By ERBB4 R-HSA-1236394,16/57,4.6655411818707343e-08,Signal Transduction,Reactome_2022,8.384450819593782e-09,0.0,0.0,7.691411493554188,143.03630994997002,GABRB3;YAP1;GABRQ;GABRB2;GABRA1;GABRB1;NRG1;ADAP1;GABRG3;ESR1;GABRG2;GFAP;ERBB3;PGR;LLGL1;HBEGF,0.2807017543859649
4,979,PD-L1 expression and PD-1 checkpoint pathway in cancer,21/89,3.9571480552868764e-09,Cancer: overview,KEGG_2021_Human,1.3478495559492415e-09,0.0,0.0,6.109741495763232,124.78997582853307,ALK;JUN;CSNK2A1;PTEN;NFATC3;PIK3R3;NFATC2;NFATC1;FOS;RASGRP1;MAPK12;MAPK13;PPP3CA;ZAP70;PPP3CB;PPP3R1;PPP3CC;LCK;PRKCQ;PTPN6;LAT,0.23595505617977527
4,979,Prolactin signaling pathway,19/70,1.887956203501447e-09,Endocrine system,KEGG_2021_Human,6.348149679895695e-10,0.0,0.0,7.36172385620915,155.9042876450673,SHC4;SHC3;CISH;PIK3R3;CSN2;FOS;FOXO3;PRLR;ESR1;ESR2;MAPK12;MAPK13;SOCS2;SOCS1;CCND1;SOCS6;SOCS7;SOCS4;SOCS5,0.2714285714285714
4,979,Glucagon signaling pathway,24/107,8.405309022189381e-10,Endocrine system,KEGG_2021_Human,2.7895348719929827e-10,0.0,0.0,5.734081877247209,126.149664028687,CAMK2B;CAMK2D;CALML5;CALML6;PDE3B;CAMK2A;ITPR1;PRKAG1;ITPR2;PRKAG2;CALML3;ITPR3;CALML4;PHKA2;FOXO1;PPP3CA;PPP3R1;PPP3CB;PPP3CC;CREB1;GNAS;PRKACA;CALM1;PRKACB,0.22429906542056074
4,979,Inositol phosphate metabolism,20/73,5.718226425188088e-10,Carbohydrate metabolism,KEGG_2021_Human,1.8727815803017755e-10,0.0,0.0,7.463749581915124,167.1762436497117,INPP1;INPPL1;PTEN;PIK3C2G;SYNJ2;PIK3C2A;PIK3C2B;ITPKB;SYNJ1;PIP5KL1;INPP5D;ITPKA;PLCG2;PIP4K2A;PIP5K1A;PIP4K2B;PIP5K1B;PIP4K2C;PIP5K1C;PLCD1,0.273972602739726
4,979,Lipid and atherosclerosis,36/215,2.7588164782824024e-10,Cardiovascular disease,KEGG_2021_Human,8.914952811916932e-11,0.0,0.0,4.018507437928399,92.99109944008954,CAMK2B;CAMK2D;CALML5;NCF1;CALML6;NCF4;CAMK2A;ITPR1;PIK3R3;CALML3;CALML4;RAP1B;CDC42;PPP3CA;PPP3R1;PPP3CB;PPP3CC;RAP1A;MAP3K5;VAV3;JUN;HSP90AA1;NOS3;NFATC3;NFATC2;PRKCA;NFATC1;CYBA;FOS;PTK2;VAV1;MAPK12;VAV2;MAPK13;CALM1;BCL2L1,0.16744186046511628
4,979,Insulin resistance,25/108,1.8008677047316314e-10,Endocrine and metabolic disease,KEGG_2021_Human,5.740757312026597e-11,0.0,0.0,5.9792629638049055,140.99607247857628,IRS1;PRKAG1;PTEN;PIK3R3;PRKAG2;IRS2;PRKCZ;FOXO1;PTPRF;PPP1CB;PTPA;RPS6KA3;RPS6KA6;RPS6KA2;RPS6KA1;PTPN1;PRKCB;NOS3;INSR;PRKCD;PPP1CA;CREB1;TBC1D4;PPP1R3D;PRKCQ,0.23148148148148148
4,979,Natural killer cell mediated cytotoxicity,28/131,9.974122645300038e-11,Immune system,KEGG_2021_Human,3.1359686919720644e-11,0.0,0.0,5.407736363357937,130.788796480964,SHC4;SHC3;PIK3R3;PPP3CA;PPP3R1;PPP3CB;PAK1;PPP3CC;PLCG2;RAC2;RAC3;PTK2B;FYN;VAV3;SYK;PRKCB;KIR2DS2;NFATC2;PRKCA;NFATC1;VAV1;VAV2;NCR2;ZAP70;LCK;LCP2;PTPN6;LAT,0.21374045801526717
4,979,Endocrine and other factor-regulated calcium reabsorption,18/53,9.15585712619771e-11,Excretory system,KEGG_2021_Human,2.8387155282097702e-11,0.0,0.0,10.160487587334622,246.74829811454603,PRKCB;CLTC;CLTB;AP2A1;PRKCA;KLK2;AP2B1;AP2A2;ESR1;DNM1;DNM2;DNM3;CLTCL1;AP2S1;GNAS;PRKACA;PRKACB;AP2M1,0.33962264150943394
4,979,Serotonergic synapse,26/113,8.989685320985877e-11,Nervous system,KEGG_2021_Human,2.7479387444061637e-11,0.0,0.0,5.937499246179638,144.38564224894722,GABRB3;GABRB2;GABRB1;ITPR1;GNAI3;CACNA1A;ITPR2;ITPR3;GNAI1;GNAI2;GNG10;GNG2;GNG4;GNG7;PRKACA;PRKACB;PRKCB;TRPC1;PRKCA;GNG12;GNG11;GNAO1;GNB1;GNAS;GNB4;GNB5,0.23008849557522124
4,979,"Growth hormone synthesis, secretion and action",27/119,5.3818269129856186e-11,Endocrine system,KEGG_2021_Human,1.6215985021659727e-11,0.0,0.0,5.835346638655462,144.97932512929643,SHC4;SHC3;IRS1;CSH1;ITPR1;GNAI3;ITPR2;PIK3R3;IRS2;ITPR3;GNAI1;GNAI2;SOCS2;GHR;SOCS1;GNA11;PLCG2;PRKACA;PRKACB;PRKCB;PRKCA;FOS;PTK2;MAPK12;MAPK13;CREB1;GNAS,0.226890756302521
4,979,Glioma,22/75,1.730923623768823e-11,Cancer: specific types,KEGG_2021_Human,5.139860542195632e-12,0.0,0.0,8.227282585122532,213.8599437691892,PDGFRB;CAMK2B;SHC4;PDGFRA;CAMK2D;SHC3;CALML5;CALML6;PRKCB;CAMK2A;PTEN;PDGFA;PIK3R3;TGFA;CALML3;PRKCA;CALML4;IGF1R;CCND1;CAMK4;PLCG2;CALM1,0.29333333333333333
4,979,Estrogen signaling pathway,30/137,1.1005709901056172e-11,Endocrine system,KEGG_2021_Human,3.2200111937587935e-12,0.0,0.0,5.587977507065972,147.86702833311196,SHC4;SHC3;CALML5;CALML6;ITPR1;GNAI3;ITPR2;PIK3R3;TGFA;CALML3;ITPR3;CALML4;GNAI1;GNAI2;PRKACA;PRKACB;JUN;HSP90AA1;NOS3;MMP2;PRKCD;FOS;ESR1;ESR2;GNAO1;CREB1;GNAS;PGR;CALM1;HBEGF,0.21897810218978103
4,979,Osteoclast differentiation,29/127,8.424516871584152e-12,Development and regeneration,KEGG_2021_Human,2.428026696613773e-12,0.0,0.0,5.8943823845327605,157.63902207651523,SPI1;NCF1;NCF4;SIRPG;PIK3R3;PPP3CA;PPP3R1;PPP3CB;SOCS1;PPP3CC;PLCG2;BLNK;SIRPA;FYN;JUN;SYK;NFATC2;CYBA;MITF;NFATC1;FOS;MAPK12;MAPK13;CREB1;TEC;LCK;CAMK4;BTK;LCP2,0.2283464566929134
4,979,VEGF signaling pathway,21/59,7.918786338881524e-13,Signal transduction,KEGG_2021_Human,2.1785307395176247e-13,0.0,0.0,10.950527414569828,319.2621398241862,PRKCB;NOS3;SH2D2A;PXN;HSPB1;PIK3R3;NFATC2;PRKCA;MAPK12;PTK2;MAPK13;CDC42;PPP3CA;PPP3CB;PPP3R1;PPP3CC;MAPKAPK3;MAPKAPK2;RAC2;PLCG2;RAC3,0.3559322033898305
4,979,"Parathyroid hormone synthesis, secretion and action",28/106,4.435710588965002e-13,Endocrine system,KEGG_2021_Human,1.200934744610612e-13,0.0,0.0,7.150421957992936,212.7286713746231,ITPR1;GNAI3;ITPR2;ITPR3;ARRB1;ARRB2;PLD1;GNAI1;PLD2;GNAI2;GNA13;GNA11;GNA12;PDE4A;PRKACA;PRKACB;MEF2D;MEF2A;MEF2C;PRKCB;PDE4C;PRKCA;FOS;RUNX2;CREB1;GNAS;FGFR1;HBEGF,0.2641509433962264
4,979,Gastric acid secretion,26/76,4.271069140502925e-15,Digestive system,KEGG_2021_Human,9.138968903259533e-16,0.0,0.0,10.351437565582373,358.4580052657612,CAMK2B;MYLK2;CAMK2D;CALML5;CALML6;CAMK2A;GNAI3;ITPR1;ITPR2;CALML3;ITPR3;CALML4;ACTB;MYLK3;GNAI1;ACTG1;MYLK;GNAI2;SLC9A1;PRKACA;PRKACB;PRKCB;PRKCA;GNAS;EZR;CALM1,0.34210526315789475
4,979,Relaxin signaling pathway,33/129,9.903859663546782e-15,Endocrine system,KEGG_2021_Human,2.1624147737001705e-15,0.0,0.0,6.876816860465116,232.21326300036267,SHC4;SHC3;GNAI3;PIK3R3;ARRB1;ARRB2;PRKCZ;GNAI1;GNAI2;GNG10;GNA15;EDNRB;GNG2;GNG4;GNG7;PRKACA;PRKACB;JUN;NOS3;MMP2;PRKCA;FOS;GNG12;GNG11;MAPK12;MAPK13;GNAO1;ACTA2;CREB1;GNB1;GNAS;GNB4;GNB5,0.2558139534883721
4,979,GABAergic synapse,34/89,3.624180052103307e-21,Nervous system,KEGG_2021_Human,5.3808786799787095e-22,0.0,0.0,12.406810966810967,607.6114129113088,GABRB3;GABRB2;GABRB1;GNAI3;CACNA1A;GNAI1;GNAI2;GNG10;GNG2;GNG4;GNG7;PRKACA;GABRE;PRKACB;GABRD;GABRA2;GABRQ;GABRA1;SLC12A5;GABRA6;PRKCB;GABRA5;GABRA4;GABRA3;PRKCA;GNG12;GABRG3;GNG11;GABRG2;GABRG1;GNAO1;GNB1;GNB4;GNB5,0.38202247191011235
4,979,Apelin signaling pathway,41/137,9.194112929835179e-21,Signal transduction,KEGG_2021_Human,1.4052137665686957e-21,0.0,0.0,8.616793265813788,413.7275521282632,MYLK2;CALML5;CALML6;PDE3B;ITPR1;PRKAG1;GNAI3;ITPR2;PRKAG2;CALML3;ITPR3;CALML4;MYLK3;GNAI1;MYLK;SLC9A1;GNAI2;GNA13;GNG10;GNG2;CCND1;RRAS;CDH1;GNG4;GNG7;PRKACA;PRKACB;MEF2D;MEF2A;MEF2C;NOS3;RRAS2;GNG12;GNG11;ACTA2;MRAS;CAMK4;GNB1;GNB4;GNB5;CALM1,0.29927007299270075
4,979,Renin secretion,30/69,1.0300529633438976e-20,Endocrine system,KEGG_2021_Human,1.6192972349511057e-21,0.0,0.0,15.386236524276567,736.5744492654195,GUCY1B1;CALML5;PDE1C;CALML6;PDE1B;PDE1A;PDE3B;GNAI3;ITPR1;ITPR2;CALML3;ITPR3;CALML4;GNAI1;GNAI2;PPP3CA;PPP3CB;PPP3R1;PPP3CC;NPPA;PRKG2;PRKACA;PRKACB;GUCY1A2;GUCY1A1;CREB1;GNAS;PDE3A;ORAI1;CALM1,0.43478260869565216
4,979,Kaposi sarcoma-associated herpesvirus infection,37/193,2.655007047901896e-12,Infectious disease: viral,KEGG_2021_Human,7.420107033437612e-13,0.0,0.0,4.749884315967119,132.66147946546457,CALML5;CALML6;ITPR1;PIK3R3;ITPR2;CALML3;ITPR3;CALML4;PREX1;PPP3CA;GNG10;PPP3R1;PPP3CB;PPP3CC;GNG2;CCND1;GNG4;GNG7;PLCG2;JUN;SYK;NFATC3;NFATC2;NFATC1;FOS;GNG12;GNG11;MAPK12;NFATC4;MAPK13;HCK;CREB1;MAPKAPK2;GNB1;GNB4;GNB5;CALM1,0.19170984455958548
4,979,Long-term potentiation,29/67,5.364119763135367e-20,Nervous system,KEGG_2021_Human,8.901159432277028e-21,0.0,0.0,15.249501385041553,704.0405874148538,CAMK2B;GRIA2;CAMK2D;CALML5;CALML6;CAMK2A;ITPR1;ITPR2;CALML3;ITPR3;CALML4;PPP1CB;RAP1B;PPP3CA;RPS6KA3;PPP3CB;RPS6KA6;PPP3R1;PPP3CC;RAP1A;RPS6KA2;RPS6KA1;PRKACA;PRKACB;PRKCB;PRKCA;PPP1CA;CAMK4;CALM1,0.43283582089552236
4,979,Phosphatidylinositol signaling system,34/97,8.039545831508546e-20,Signal transduction,KEGG_2021_Human,1.3778998499206894e-20,0.0,0.0,10.826774166456708,495.1207399632826,DGKG;DGKD;CALML5;CALML6;INPP1;DGKA;INPPL1;ITPR1;PTEN;ITPR2;PIK3R3;CALML3;ITPR3;PIK3C2G;CALML4;PIK3C2A;PIK3C2B;INPP5D;PLCG2;PIP4K2A;PIP5K1A;PIP4K2B;PIP5K1B;PIP4K2C;PIP5K1C;PRKCB;PRKCA;SYNJ2;DGKZ;ITPKB;SYNJ1;ITPKA;CALM1;PLCD1,0.35051546391752575
4,979,cAMP signaling pathway,50/216,8.039545831508546e-20,Signal transduction,KEGG_2021_Human,1.404287481486209e-20,0.0,0.0,6.113258199644649,279.4503091798314,CALML5;CALML6;PDE3B;CALML3;CALML4;PPP1CB;NPPA;RAC2;RAC3;PDE4A;PRKACA;PRKACB;VAV3;PPP1R12A;PDE4C;RRAS2;ARAP3;FOS;VAV1;VAV2;TIAM1;CREB1;ORAI1;MYL9;RAPGEF4;CAMK2B;GRIA2;CAMK2D;CAMK2A;GNAI3;PIK3R3;PLD1;GNAI1;GNAI2;PLD2;SLC9A1;RAP1B;PAK1;RAP1A;RRAS;GRIA3;JUN;NFATC1;TSHR;PPP1CA;AFDN;CAMK4;PDE3A;GNAS;CALM1,0.23148148148148148
4,979,Human cytomegalovirus infection,51/225,8.704166824169021e-20,Infectious disease: viral,KEGG_2021_Human,1.5583879466852834e-20,0.0,0.0,5.952716260404281,271.49178048567586,CALML5;CALML6;CALML3;CALML4;PPP3CA;PPP3CB;PPP3CC;CCND1;RAC2;RAC3;ITGAV;PRKACA;PRKACB;PDGFRA;PRKCB;PRKCA;CREB1;PXN;GNAI3;ITPR1;PIK3R3;CXCR4;ITPR2;ITPR3;GNAI1;GNAI2;GNA13;GNG10;PPP3R1;GNG2;GNG4;GNA11;GNG7;GNA12;EIF4EBP1;PTK2B;NFATC3;NFATC2;NFATC1;GNG12;GNG11;PTK2;MAPK12;NFATC4;MAPK13;GNAO1;GNB1;GNAS;GNB4;GNB5;CALM1,0.22666666666666666
4,979,Long-term depression,27/60,3.022279565724686e-19,Nervous system,KEGG_2021_Human,5.543045491722133e-20,0.0,0.0,16.31894576012223,723.5683109007969,GNAZ;GRIA2;GUCY1B1;GNAI3;ITPR1;CACNA1A;ITPR2;ITPR3;GNAI1;IGF1R;GNAI2;GNA13;PPP2CA;PPP2CB;PPP2R1B;PPP2R1A;GNA11;GNA12;PRKG2;PRKG1;GRIA3;GUCY1A2;GUCY1A1;PRKCB;PRKCA;GNAO1;GNAS,0.45
4,979,Oocyte meiosis,38/129,4.204205751386817e-19,Cell growth and death,KEGG_2021_Human,7.894360144525465e-20,0.0,0.0,8.400462449346616,369.4989884837428,CAMK2B;CAMK2D;CALML5;CALML6;YWHAB;CAMK2A;ITPR1;ITPR2;CALML3;ITPR3;CALML4;IGF1R;PPP1CB;PPP2CA;RPS6KA3;PPP3CA;PPP2CB;RPS6KA6;PPP3R1;PPP3CB;PPP3CC;PPP2R1B;YWHAQ;PPP2R1A;RPS6KA2;RPS6KA1;PRKACA;PRKACB;YWHAG;PPP2R5D;YWHAZ;MAPK12;MAPK13;PPP1CA;MOS;CPEB1;PGR;CALM1,0.29457364341085274
4,979,Glutamatergic synapse,35/114,2.676748851588553e-18,Nervous system,KEGG_2021_Human,5.143098230126478e-19,0.0,0.0,8.889857326753916,374.3648810046339,GRIA2;ITPR1;GNAI3;CACNA1A;ITPR2;ITPR3;PLD1;GNAI1;PLD2;GNAI2;PPP3CA;GNG10;GRK3;PPP3R1;PPP3CB;GRK2;PPP3CC;GNG2;GNG4;GNG7;PRKACA;PRKACB;GRIA3;PRKCB;TRPC1;PRKCA;GNG12;GNG11;GNAO1;GNB1;GNAS;GNB4;GNB5;SHANK3;SHANK1,0.30701754385964913
4,979,GnRH signaling pathway,31/93,1.8747235464022e-17,Endocrine system,KEGG_2021_Human,3.683954567165895e-18,0.0,0.0,9.999472573839665,401.4042766521813,CAMK2B;CAMK2D;CALML5;CALML6;CAMK2A;ITPR1;ITPR2;CALML3;ITPR3;CALML4;PLD1;PLD2;CDC42;MAPK7;GNA11;PTK2B;PRKACA;PRKACB;MAP3K4;MAP3K2;JUN;PRKCB;MMP2;PRKCD;PRKCA;MAPK12;MAPK13;GNAS;GNRH1;CALM1;HBEGF,0.3333333333333333
4,979,T cell receptor signaling pathway,37/104,1.0793947563514856e-21,Immune system,KEGG_2021_Human,1.5083245503601544e-22,0.0,0.0,11.111607567259243,558.3124179875589,ITK;PIK3R3;CBLB;RASGRP1;MALT1;CDC42;PPP3CA;PPP3R1;PPP3CB;PAK1;PPP3CC;NCK2;PAK6;FYN;ICOS;PAK3;PAK2;PAK5;NCK1;PAK4;VAV3;JUN;NFATC3;NFATC2;NFATC1;FOS;VAV1;MAPK12;VAV2;MAPK13;ZAP70;TEC;LCK;PRKCQ;LCP2;PTPN6;LAT,0.3557692307692308
4,979,B cell receptor signaling pathway,29/81,2.364143942739128e-17,Immune system,KEGG_2021_Human,4.748935430829689e-18,0.0,0.0,11.135647773279352,444.18552449728526,INPPL1;DAPP1;PIK3R3;MALT1;CD79B;PPP3CA;CD79A;PPP3CB;PPP3R1;PPP3CC;CD19;INPP5D;BLNK;RAC2;PLCG2;RAC3;VAV3;JUN;SYK;PRKCB;NFATC3;NFATC2;NFATC1;FOS;VAV1;VAV2;BTK;PTPN6;PIK3AP1,0.35802469135802467
4,979,C-type lectin receptor signaling pathway,31/104,6.564922632558585e-16,Immune system,KEGG_2021_Human,1.3760536522393543e-16,0.0,0.0,8.487775273105601,309.9917317318696,CALML5;CALML6;ITPR1;ITPR2;PIK3R3;CALML3;CBLB;ITPR3;CALML4;MALT1;PPP3CA;PPP3R1;PPP3CB;PAK1;PPP3CC;RRAS;PLCG2;JUN;KSR1;SYK;PRKCD;NFATC3;NFATC2;RRAS2;NFATC1;MAPK12;NFATC4;MAPK13;MRAS;MAPKAPK2;CALM1,0.2980769230769231
4,979,Aldosterone synthesis and secretion,27/98,4.036162331718759e-13,Endocrine system,KEGG_2021_Human,1.0751349442569621e-13,0.0,0.0,7.569682802698544,226.03950951501744,ATF1;CAMK2B;CAMK2D;DAGLA;CALML5;CALML6;CAMK2A;ITPR1;ITPR2;CALML3;ITPR3;CALML4;CACNA1H;CACNA1I;GNA11;NPPA;PRKACA;PRKACB;PRKCB;PRKCA;CREB1;PRKD3;CAMK4;GNAS;ORAI1;CALM1;DAGLB,0.2755102040816326
4,979,Choline metabolism in cancer,27/98,4.036162331718759e-13,Cancer: overview,KEGG_2021_Human,1.0751349442569621e-13,0.0,0.0,7.569682802698544,226.03950951501744,DGKG;DGKD;DGKA;WAS;PDGFA;PIK3R3;PLD1;PLD2;PDGFD;PDGFC;EIF4EBP1;RAC2;PIP5K1A;RAC3;PIP5K1B;PIP5K1C;WASF1;RALGDS;WASF2;WASF3;PDGFRB;PDGFRA;JUN;PRKCB;PRKCA;FOS;DGKZ,0.2755102040816326
4,979,Nicotine addiction,18/40,3.538339932171496e-13,Substance dependence,KEGG_2021_Human,9.116246986817389e-14,0.0,0.0,16.175480087030554,485.6871180031412,GABRB3;GABRA2;GABRQ;GABRB2;GRIA2;GABRA1;GABRB1;GABRA6;GABRA5;GABRA4;GABRA3;CACNA1A;GABRG3;GABRG2;GABRG1;GABRE;GABRD;GRIA3,0.45
4,979,Cellular senescence,35/156,9.126382034766749e-14,Cell growth and death,KEGG_2021_Human,2.311485406185465e-14,0.0,0.0,5.791252276229164,181.8354818525507,CALML5;TRAF3IP2;CALML6;ITPR1;PTEN;ITPR2;PIK3R3;CALML3;ITPR3;CALML4;FOXO3;ETS1;FOXO1;PPP1CB;PPP3CA;PPP3R1;PPP3CB;PPP3CC;CCND1;RRAS;RASSF5;CAPN2;EIF4EBP1;CAPN1;NFATC3;NFATC2;RRAS2;NFATC1;MAPK12;NFATC4;MAPK13;PPP1CA;MRAS;MAPKAPK2;CALM1,0.22435897435897437
4,979,Fluid shear stress and atherosclerosis,33/139,9.073848080349321e-14,Cardiovascular disease,KEGG_2021_Human,2.25855607240136e-14,0.0,0.0,6.224769635805178,195.5913849721373,CALML5;NCF1;CALML6;ITGA2B;PDGFA;PIK3R3;CALML3;CALML4;PRKCZ;ACTB;ACTG1;CDH5;MAPK7;RAC2;RAC3;ITGAV;MAP2K5;MAP3K5;MEF2A;MEF2C;JUN;HSP90AA1;CAV3;CAV2;NOS3;MMP2;CYBA;FOS;PTK2;MAPK12;MAPK13;ARHGEF2;CALM1,0.23741007194244604
4,979,ErbB signaling pathway,26/85,8.024631708258057e-14,Signal transduction,KEGG_2021_Human,1.9623553522377775e-14,0.0,0.0,8.768243014921657,276.7436879716803,CAMK2B;SHC4;CAMK2D;SHC3;CAMK2A;PIK3R3;TGFA;CBLB;AREG;PAK1;ERBB3;NCK2;EIF4EBP1;PLCG2;PAK6;PAK3;PAK2;PAK5;NCK1;PAK4;JUN;PRKCB;NRG1;PRKCA;PTK2;HBEGF,0.3058823529411765
4,979,Hippo signaling pathway,36/163,6.87268412708009e-14,Signal transduction,KEGG_2021_Human,1.650644659342379e-14,0.0,0.0,5.67951169412413,180.23944780263656,YAP1;YWHAB;PRKCZ;AREG;ACTB;ACTG1;SAV1;PPP1CB;PPP2CA;PPP2CB;RASSF1;PAK1;PARD6B;PARD6A;CCND1;PPP2R1B;YWHAQ;CDH1;PPP2R1A;CTNNA1;CTNNA3;CTNNA2;TEAD1;YWHAG;APC2;WWTR1;PRKCI;YWHAZ;PPP1CA;LATS1;LATS2;PPP2R2C;PPP2R2B;PARD3;NF2;LLGL1,0.22085889570552147
4,979,Cholinergic synapse,30/113,5.841047262607865e-14,Nervous system,KEGG_2021_Human,1.3773648566848242e-14,0.0,0.0,7.212919115873399,230.20766464659852,CAMK2B;CAMK2D;CAMK2A;ITPR1;GNAI3;CACNA1A;ITPR2;PIK3R3;ITPR3;GNAI1;GNAI2;GNG10;GNG2;GNG4;GNA11;GNG7;FYN;PRKACA;PRKACB;PRKCB;PRKCA;FOS;GNG12;GNG11;GNAO1;CREB1;CAMK4;GNB1;GNB4;GNB5,0.26548672566371684
4,979,Sphingolipid signaling pathway,31/119,3.8291283194631015e-14,Signal transduction,KEGG_2021_Human,8.862174713167877e-15,0.0,0.0,7.035421461449943,227.6450211209529,PTEN;GNAI3;PIK3R3;PLD1;PRKCZ;GNAI1;PLD2;GNAI2;GNA13;PPP2CA;PPP2CB;PPP2R1B;PPP2R1A;GNA12;RAC2;S1PR1;FCER1A;RAC3;FYN;S1PR3;MAP3K5;PRKCB;NOS3;PRKCA;PPP2R5D;PPP2R3A;MAPK12;MAPK13;PPP2R2C;PPP2R2B;MS4A2,0.2605042016806723
4,979,Adrenergic signaling in cardiomyocytes,35/150,2.857286493086443e-14,Circulatory system,KEGG_2021_Human,6.48816146901725e-15,0.0,0.0,6.095338983050848,199.12739304813624,CAMK2B;CAMK2D;CALML5;CALML6;CAMK2A;GNAI3;CALML3;CALML4;GNAI1;SLC9A1;GNAI2;PPP1CB;PPP2CA;PPP2CB;RPS6KA5;PPP2R1B;PPP2R1A;PRKACA;PRKACB;CACNG3;SCN1B;TPM3;PRKCA;PPP2R5D;PPP2R3A;MAPK12;MAPK13;PPP1CA;CACNB3;CREB1;PPP2R2C;PPP2R2B;GNAS;CALM1;RAPGEF4,0.23333333333333334
4,979,Gap junction,27/88,2.5459270507629205e-14,Cellular community - eukaryotes,KEGG_2021_Human,5.66996854100039e-15,0.0,0.0,8.81526381044221,289.1723246872076,GUCY1B1;GNAI3;ITPR1;LPAR1;ITPR2;PDGFA;ITPR3;GNAI1;GNAI2;GJA1;MAPK7;GNA11;PDGFD;PDGFC;PRKG2;PRKACA;PRKACB;PRKG1;MAP2K5;PDGFRB;MAP3K2;GUCY1A2;PDGFRA;GUCY1A1;PRKCB;PRKCA;GNAS,0.3068181818181818
4,979,Amphetamine addiction,26/69,2.8263893311577737e-16,Substance dependence,KEGG_2021_Human,5.80088640019281e-17,0.0,0.0,12.04099660801874,450.1639267261967,CAMK2B;GRIA2;CAMK2D;CALML5;CALML6;CAMK2A;CALML3;CALML4;PPP1CB;PPP3CA;PPP3CB;PPP3R1;PPP3CC;PRKACA;PRKACB;GRIA3;JUN;PRKCB;PRKCA;FOS;PPP1CA;ARC;CREB1;CAMK4;GNAS;CALM1,0.37681159420289856
4,979,NCAM Signaling For Neurite Out-Growth R-HSA-375165,16/57,4.6655411818707343e-08,Developmental Biology,Reactome_2022,8.384450819593782e-09,0.0,0.0,7.691411493554188,143.03630994997002,PRNP;GFRA1;CACNA1H;PTK2;CACNB3;RPS6KA5;CREB1;ARTN;PTPRA;CNTN2;NRTN;FYN;NCAM1;SPTAN1;SPTBN1;FGFR1,0.2807017543859649
4,979,G-protein Activation R-HSA-202040,12/24,1.7949372390719976e-09,Signal Transduction,Reactome_2022,2.7747822053286917e-10,0.0,0.0,19.65770423991727,432.5732598194545,GNA14;GNA15;GNG10;GNG2;GNG4;GNA11;GNG7;GNB1;GNB4;GNB5;GNG12;GNG11,0.5
4,979,Platelet Aggregation (Plug Formation) R-HSA-76009,13/36,3.911103996748696e-08,Hemostasis,Reactome_2022,6.915285327584652e-09,0.0,0.0,11.115942028985508,208.86334413474623,PTPN1;SYK;ITGA2B;MPL;RASGRP2;RASGRP1;PTK2;RAP1B;APBB1IP;RAP1A;CSK;TLN1;RAPGEF4,0.3611111111111111
4,979,Vesicle-mediated Transport R-HSA-5653656,91/637,2.6341888596403843e-19,Vesicle-mediated transport,Reactome_2022,1.8324792067063544e-20,0.0,0.0,3.46753003003003,157.58548088643636,ITSN2;SH3GL3;HIP1;GDI1;SH3KBP1;YWHAB;ITSN1;ARPC1A;CLTC;SNAP23;CLTB;PRKAG1;PRKAG2;ARRB1;AP2A1;ARRB2;WASL;PIK3C2A;AREG;AP2A2;GJA1;YWHAQ;MPZ;GJA4;SPTAN1;SBF2;AP2M1;SH3GL2;YWHAG;SH3GL1;ACTR3;ACTR2;HSP90AA1;FNBP1;EXOC7;DENND2B;EPS15L1;YWHAZ;DNM1;EPN1;DNM2;DNM3;CTTN;ALS2;TBC1D4;BIN1;HGS;MYH9;AMPH;RIN1;STAM2;RHOQ;ARF6;HBEGF;RAB5B;RALA;RAB5C;STXBP3;TGFA;CYTH3;CYTH2;GRK3;GRK2;CUX1;MYO6;CLTCL1;AP2S1;REPS2;STX4;PIP5K1C;EPS15;SPTBN1;CYTH1;RAB4A;SYT2;SORT1;MYO5A;RAB27A;LNPEP;ARPC5;SYNJ2;STAM;AP2B1;SYT9;RAB10;ARPC2;SYNJ1;ARPC3;TRIP10;CALM1;RAB5A,0.14285714285714285
4,979,PIP3 Activates AKT Signaling R-HSA-1257604,56/268,1.8294755517280104e-19,Signal Transduction,Reactome_2022,1.255002552393128e-20,0.0,0.0,5.382898260389624,246.6689672033845,PRR5;IRS1;FLT3;PTEN;IRS2;AREG;PREX2;PPP2R1B;MECOM;PPP2R1A;RAC2;PIP4K2A;PIP4K2B;PIP4K2C;PDGFRB;PDGFRA;RHOG;FLT3LG;NRG1;PPP2R5D;VAV1;CREB1;LCK;KIT;HBEGF;PHLPP2;PHLPP1;PDGFA;PIK3R3;TGFA;FOXO3;FOXO1;PPP2CA;PPP2CB;ERBB3;CD19;PIP5K1A;THEM4;PIP5K1B;FYN;PIP5K1C;ICOS;JUN;INSR;WWP2;ESR1;ESR2;KITLG;SNAI1;STRN;FGF13;PIK3AP1;LAMTOR3;FGFR3;FRK;FGFR1,0.208955223880597
4,979,Signaling By BRAF And RAF1 Fusions R-HSA-6802952,28/62,1.4796736659067875e-19,Disease,Reactome_2022,1.0007454745263295e-20,0.0,0.0,16.442011504917424,757.1703592668595,CAMK2B;CAMK2D;YWHAB;FAM114A2;ITGA2B;CAMK2A;PEBP1;ARRB1;ARRB2;IQGAP1;RAP1B;KIAA1549;BCL2L11;RAP1A;CSK;MARK3;KSR1;AGTRAP;KSR2;SND1;APBB1IP;CNKSR2;CNKSR1;CLCN6;FAM131B;TLN1;CALM1;VCL,0.45161290322580644
4,979,Regulation Of Insulin Secretion R-HSA-422356,31/77,8.421540678694571e-20,Metabolism,Reactome_2022,5.614360452463047e-21,0.0,0.0,13.488924050632912,628.9744901665761,AHCYL1;ITPR1;CACNA1A;ITPR2;ITPR3;AKAP5;IQGAP1;GNAI1;GNAI2;GNA14;GNA15;GNG10;GNG2;RAP1A;GNG4;PRKAR2B;GNA11;GNG7;PRKAR2A;PRKACB;PRKCA;GNG12;GNG11;CACNB3;PRKAR1B;PRKAR1A;GNB1;GNAS;GNB4;GNB5;RAPGEF4,0.4025974025974026
4,979,RHO GTPases Activate PAKs R-HSA-5627123,18/21,3.941455314413384e-20,Signal Transduction,Reactome_2022,2.5895551824165226e-21,0.0,0.0,118.738813735692,5628.552339034191,PPP1R12A;LIMK1;MYLK;CDC42;PPP1CB;MYL6;CTTN;FLNA;MYH14;MYH9;MYH11;NF2;PKN1;ARHGEF7;CALM1;PPP1R12B;MYH10;MYL9,0.8571428571428571
4,979,Membrane Trafficking R-HSA-199991,90/599,1.443448341989766e-20,Vesicle-mediated transport,Reactome_2022,9.344061730755009e-22,0.0,0.0,3.68193661450472,178.28721713038215,ITSN2;SH3GL3;HIP1;GDI1;SH3KBP1;YWHAB;ITSN1;ARPC1A;CLTC;SNAP23;CLTB;PRKAG1;PRKAG2;ARRB1;AP2A1;ARRB2;WASL;PIK3C2A;AREG;AP2A2;GJA1;YWHAQ;MPZ;GJA4;SPTAN1;SBF2;AP2M1;SH3GL2;YWHAG;SH3GL1;ACTR3;ACTR2;FNBP1;EXOC7;DENND2B;EPS15L1;YWHAZ;DNM1;EPN1;DNM2;DNM3;CTTN;ALS2;TBC1D4;BIN1;HGS;MYH9;AMPH;RIN1;STAM2;RHOQ;ARF6;HBEGF;RAB5B;RALA;RAB5C;STXBP3;TGFA;CYTH3;CYTH2;GRK3;GRK2;CUX1;MYO6;CLTCL1;AP2S1;REPS2;STX4;PIP5K1C;EPS15;SPTBN1;CYTH1;RAB4A;SYT2;SORT1;MYO5A;RAB27A;LNPEP;ARPC5;SYNJ2;STAM;AP2B1;SYT9;RAB10;ARPC2;SYNJ1;ARPC3;TRIP10;CALM1;RAB5A,0.15025041736227046
4,979,G Alpha (Q) Signaling Events R-HSA-416476,51/212,1.4309098169660378e-20,Signal Transduction,Reactome_2022,9.124642311087778e-22,0.0,0.0,6.437807881773399,311.8853540221338,DGKG;TRIO;DGKD;DAGLA;DGKA;RPS6KA3;EDNRB;RGS3;RPS6KA2;RPS6KA1;PROK2;PRKCH;TRPC6;TRPC3;PRKCD;PRKCA;DGKZ;CREB1;BTK;PRKCQ;DAGLB;MGLL;HBEGF;RGS19;ARHGEF25;LPAR1;ITPR1;LPAR2;PIK3R3;ITPR2;ITPR3;RASGRP2;KALRN;RASGRP1;GNA14;GNG10;GNA15;GRK2;GNG2;MAPK7;GRK5;GNG4;GNA11;GNG7;GNG12;GNG11;GNB1;GNB4;GNRH1;GNB5;F2RL2,0.24056603773584906
4,979,DAG And IP3 Signaling R-HSA-1489509,24/39,5.401800788631748e-21,Signal Transduction,Reactome_2022,3.392435277884673e-22,0.0,0.0,31.84251308900524,1574.144951889806,CAMK2B;CAMK2D;AHCYL1;PDE1C;PDE1B;PDE1A;CAMK2A;PRKCD;ITPR1;ITPR2;ITPR3;PRKX;PRKCA;CAMKK2;GRK2;CREB1;NBEA;PRKAR1B;PRKAR2B;PRKAR1A;PRKAR2A;CAMK4;CALM1;PRKACB,0.6153846153846154
4,979,Infectious Disease R-HSA-5663205,117/961,4.1099138142895232e-19,Disease,Reactome_2022,2.8987797917211126e-20,0.0,0.0,2.9231988322098945,131.50715014335276,CYFIP2;SH3GL3;CYFIP1;NCKAP1;AHCYL1;WIPF1;IRS1;WIPF2;WIPF3;NR3C1;ACTG1;GJA1;PRKACB;AP2M1;SH3GL2;SH3GL1;CYBA;PRKCA;PRKAR1B;PRKAR1A;HGS;BTK;ELMO1;ELMO2;STAM2;GNAZ;ITPR1;ITPR2;ITPR3;NCKIPSD;CD79B;CD79A;GNG10;PRKAR2B;PRKAR2A;PLCG2;NCKAP1L;JUN;YES1;SYT2;MYO5A;ARPC5;STAM;GNG12;GNG11;PTK2;ARPC2;ARPC3;NOXA1;GNB1;GNAS;GNB4;GNB5;CALM1;RAB5A;YWHAB;SH3KBP1;ARPC1B;ARPC1A;CLTC;BRK1;AP2A1;WASL;AP2A2;DUSP16;YWHAQ;BLNK;JAK3;YWHAG;NCK1;ACTR3;VAV3;ACTR2;HSP90AA1;PDCD6IP;SYK;YWHAZ;VAV1;VAV2;FGR;HCK;MYH2;CREB1;LCK;MYH9;DOCK2;DOCK1;HBEGF;GNAI3;WAS;NOXO1;CXCR4;PRKX;GNAI1;GNAI2;CDC42;GNG2;GNG4;GNG7;AP2S1;LRIG1;S1PR1;FYN;WASF1;EPS15;WASF2;WASF3;BRD4;MYO10;MYO9B;AP2B1;BAIAP2;TSHR;FKBP1A;ABI2;ABI1;PTPN6,0.12174817898022892
4,979,Integration Of Energy Metabolism R-HSA-163685,37/105,3.5933487585352606e-21,Metabolism,Reactome_2022,2.221974111558036e-22,0.0,0.0,10.947623954040214,545.8318462317591,AHCYL1;ITPR1;CACNA1A;ITPR2;PRKAG2;ITPR3;IQGAP1;AKAP5;GNAI1;GNAI2;PPP2CA;GNA14;PPP2CB;GNG10;GNA15;RAP1A;GNG2;PPP2R1B;PPP2R1A;PRKAR2B;GNG4;PRKAR2A;GNA11;GNG7;PRKACB;PRKCA;PPP2R5D;GNG12;GNG11;CACNB3;PRKAR1B;PRKAR1A;GNB1;GNAS;GNB4;GNB5;RAPGEF4,0.3523809523809524
4,979,DARPP-32 Events R-HSA-180024,20/24,7.610688619563417e-22,Signal Transduction,Reactome_2022,4.559059849400307e-23,0.0,0.0,99.15015641293012,5100.516127640822,PDE4C;PPP2R5D;PRKCA;PPP1CA;PPP2CA;PPP2CB;PPP3CA;PPP3CB;PPP3R1;PPP3CC;CDK5;PPP2R1B;PRKAR1B;PPP2R1A;PRKAR1A;PRKAR2B;PRKAR2A;PDE4A;CALM1;PRKACB,0.8333333333333334
4,979,Post NMDA Receptor Activation Events R-HSA-438064,30/61,2.9454330135399404e-22,Neuronal System,Reactome_2022,1.7359556891394817e-23,0.0,0.0,19.36503620109453,1014.880862280854,CAMK2B;GRIA2;CAMK2D;RASGRF2;RASGRF1;CAMK2A;PRKAG1;PRKAG2;PRKX;CAMKK2;RPS6KA3;RPS6KA6;PRKAR2B;RPS6KA2;PRKAR2A;RPS6KA1;NEFL;PRKACB;GIT1;ACTN2;NRG1;PRKCA;CREB1;PRKAR1B;PRKAR1A;CAMK4;MAPT;ARHGEF7;CALM1;LLGL1,0.4918032786885246
4,979,PLC Beta Mediated Events R-HSA-112043,27/47,1.954136433086728e-22,Signal Transduction,Reactome_2022,1.1328327148328857e-23,0.0,0.0,26.94469537815126,1423.6158619392238,CAMK2B;CAMK2D;AHCYL1;PDE1C;PDE1B;PDE1A;CAMK2A;ITPR1;ITPR2;ITPR3;PRKX;CAMKK2;GNA14;GNA15;GRK2;PRKAR2B;GNA11;PRKAR2A;PRKACB;PRKCD;PRKCA;CREB1;NBEA;PRKAR1B;PRKAR1A;CAMK4;CALM1,0.574468085106383
4,979,RHOU GTPase Cycle R-HSA-9013420,25/39,1.7880457691971084e-22,Signal Transduction,Reactome_2022,1.0192724674650184e-23,0.0,0.0,35.57764300688829,1883.493514540395,ITSN2;CLTC;IQGAP1;CDC42;PARD6A;MYO6;NCK2;PTK2B;SRGAP2;SPTAN1;GIT1;SPTBN1;NCK1;PAK4;GIT2;WWP2;STAM;ARHGAP31;HGS;RHOU;PKN1;ARHGEF7;STAM2;ARHGEF6;EPHA2,0.6410256410256411
4,979,Activation Of NMDA Receptors And Postsynaptic Events R-HSA-442755,33/74,1.0126892651231293e-22,Neuronal System,Reactome_2022,5.6749736596271976e-24,0.0,0.0,16.148610323312536,864.3701336046572,CAMK2B;GRIA2;CAMK2D;RASGRF2;RASGRF1;CAMK2A;PRKAG1;PRKAG2;PRKX;CAMKK2;RPS6KA3;RPS6KA6;PRKAR2B;RPS6KA2;PRKAR2A;RPS6KA1;NEFL;PRKACB;GIT1;GRIA3;ACTN2;CASK;NRG1;PRKCA;CREB1;PRKAR1B;NBEA;PRKAR1A;CAMK4;MAPT;ARHGEF7;CALM1;LLGL1,0.44594594594594594
4,979,Recycling Pathway Of L1 R-HSA-437239,22/28,6.146686985961643e-23,Developmental Biology,Reactome_2022,3.3851319632832245e-24,0.0,0.0,72.8544061302682,3937.245123483568,CLTC;RDX;MSN;AP2A1;AP2B1;L1CAM;AP2A2;DNM1;DNM2;RPS6KA4;DNM3;RPS6KA3;RPS6KA6;RPS6KA5;DPYSL2;RPS6KA2;RPS6KA1;AP2S1;NUMB;EZR;AP2M1;SH3GL2,0.7857142857142857
4,979,Nuclear Events (Kinase And Transcription Factor Activation) R-HSA-198725,31/61,1.5977282140011573e-23,Signal Transduction,Reactome_2022,8.644713041938629e-25,0.0,0.0,20.70045710267229,1146.9642905741,SH3GL3;NAB1;SRF;ASCL1;PPP2CA;RPS6KA3;PPP2CB;RPS6KA5;MAPK7;PPP2R1B;PPP2R1A;RPS6KA2;RPS6KA1;MEF2D;MEF2A;MEF2C;DUSP3;PPP2R5D;FOS;VRK3;DUSP6;DNM2;DUSP7;ARC;CREB1;VGF;CDK5;MAPKAPK2;SGK1;CDK5R2;CDK5R1,0.5081967213114754
4,979,Cell-Cell Communication R-HSA-1500931,42/120,8.072398415795524e-24,Cell-Cell communication,Reactome_2022,4.2896803175725005e-25,0.0,0.0,10.885887858139723,610.7899148151984,SIRPG;ILK;IQGAP1;WASL;CLDN1;CDH6;CDH5;PARD6B;PARD6A;CDH2;NCK2;CTNNA1;SIRPA;FLNA;PTK2B;FYN;FLNC;SPTAN1;SPTBN1;NCK1;KIRREL3;VASP;KIRREL1;PRKCI;KIRREL2;ACTN3;JUP;ACTN2;ACTN1;MAGI2;CASK;ACTN4;PTK2;AFDN;NPHS1;PARD3;ITGA6;PTPN6;CD47;CDH18;SKAP2;ARHGEF6,0.35
4,979,Antigen Activates B Cell Receptor Leading To Second Messenger Generation R-HSA-983695,22/31,2.58594054213718e-21,Immune System,Reactome_2022,1.5740507647791532e-22,0.0,0.0,48.56194125159642,2437.965803008001,BLK;AHCYL1;SYK;SH3KBP1;TRPC1;ITPR1;DAPP1;ITPR2;ITPR3;VAV1;CD79B;CD79A;CD19;BLNK;PLCG2;BTK;ORAI1;FYN;PTPN6;CALM1;PIK3AP1;NCK1,0.7096774193548387
4,979,RAC3 GTPase Cycle R-HSA-9013423,38/93,2.038291337208296e-24,Signal Transduction,Reactome_2022,1.0634563498478068e-25,0.0,0.0,13.925379190416384,800.7525140941601,CYFIP1;NCKAP1;TRIO;NCF1;GARRE1;NCF4;SNAP23;ARHGAP1;BRK1;NOXO1;ARHGAP5;ARHGAP35;CDC42;PREX1;ABR;NHS;SLITRK5;NCKAP1L;SRGAP2;WASF1;WASF2;GIT1;PAK4;GIT2;ARAP2;ERBIN;ARAP3;CYBA;BAIAP2;VAV2;TIAM1;ABI2;TAOK3;ABI1;NOXA1;NOX3;PKN1;EPHA2,0.40860215053763443
4,979,FCERI Mediated Ca+2 Mobilization R-HSA-2871809,20/29,4.758079981786593e-19,Immune System,Reactome_2022,3.4019122575092544e-20,0.0,0.0,44.0551500405515,1974.87625388918,VAV3;ITK;AHCYL1;SYK;ITPR1;NFATC3;ITPR2;NFATC2;ITPR3;NFATC1;VAV1;VAV2;PPP3CA;PPP3CB;PPP3R1;TEC;PLCG2;BTK;LCP2;CALM1,0.6896551724137931
4,979,Platelet Homeostasis R-HSA-418346,31/83,1.0688501330536936e-18,Hemostasis,Reactome_2022,7.848561363486059e-20,0.0,0.0,11.928736611489777,524.7614851219679,GUCY1B1;PDE1B;PDE1A;ITPR1;ITPR2;ITPR3;PPP2CA;PPP2CB;GNG10;GNG2;PPP2R1B;PPP2R1A;GNG4;GNG7;PRKG2;PRKG1;GUCY1A2;GUCY1A1;TRPC6;TRPC3;PPP2R5D;GNG12;GNG11;FGR;GNB1;GNAS;GNB4;ORAI1;PTPN6;GNB5;CALM1,0.37349397590361444
4,979,"Glutamate Binding, Activation Of AMPA Receptors And Synaptic Plasticity R-HSA-399721",19/31,9.558428863309659e-17,Neuronal System,Reactome_2022,8.681085151218434e-18,0.0,0.0,31.351649305555554,1231.6616176054274,CAMK2B;GRIA2;CAMK2D;PRKCB;CAMK2A;AP2A1;PRKCA;AKAP5;AP2B1;AP2A2;GRIP2;MYO6;TSPAN7;AP2S1;PICK1;CACNG3;AP2M1;GRIA3;LLGL1,0.6129032258064516
4,979,EGFR Downregulation R-HSA-182971,19/31,9.558428863309659e-17,Signal Transduction,Reactome_2022,8.681085151218434e-18,0.0,0.0,31.351649305555554,1231.6616176054274,SH3GL3;SH3KBP1;TGFA;EPS15L1;PTPN12;STAM;AREG;EPN1;CDC42;HGS;SPRY2;SPRY1;ARHGEF7;EPS15;STAM2;SH3GL2;SH3GL1;HBEGF;PTPN3,0.6129032258064516
4,979,Ca-dependent Events R-HSA-111996,20/35,9.377677091311564e-17,Signal Transduction,Reactome_2022,8.335712970054722e-18,0.0,0.0,26.424748001390338,1039.1791806947174,CAMK2B;CAMK2D;PDE1C;PDE1B;PDE1A;CAMK2A;PRKCD;PRKX;PRKCA;CAMKK2;GRK2;CREB1;NBEA;PRKAR1B;PRKAR2B;PRKAR1A;PRKAR2A;CAMK4;CALM1;PRKACB,0.5714285714285714
4,979,GABA Receptor Activation R-HSA-977443,25/59,9.100357584558952e-17,Neuronal System,Reactome_2022,8.001280581592894e-18,0.0,0.0,14.634202737698851,576.1036358392054,GABRB3;GABRB2;GABRB1;GNAI3;GNAI1;GNAI2;GNG10;GNG2;GNG4;GNG7;GABRA2;GABRQ;GABRA1;GABRA6;GABRA5;GABRA4;GABRA3;GNG12;GABRG3;GNG11;GABRG2;ARHGEF9;GNB1;GNB4;GNB5,0.423728813559322
4,979,RHOQ GTPase Cycle R-HSA-9013406,25/59,9.100357584558952e-17,Signal Transduction,Reactome_2022,8.001280581592894e-18,0.0,0.0,14.634202737698851,576.1036358392054,ITSN1;SNAP23;ARHGAP1;WASL;IQGAP1;ARHGAP5;ARHGAP35;CDC42;PREX1;GJA1;SRGAP2;GIT1;PAK4;GIT2;JUP;FNBP1;WWP2;ARHGEF9;OBSCN;CDC42EP4;CDC42EP2;TRIP10;PKN1;ARHGEF7;RHOQ,0.423728813559322
4,979,EPHB-mediated Forward Signaling R-HSA-3928662,20/34,4.35316603454975e-17,Developmental Biology,Reactome_2022,3.7433021939606556e-18,0.0,0.0,28.31371964844332,1136.132269747433,ACTR3;ACTR2;YES1;ARHGEF28;ARPC1B;LIMK2;ARPC1A;ITSN1;LIMK1;WASL;ARPC5;KALRN;PTK2;ACTG1;CDC42;TIAM1;ARPC2;ARPC3;FYN;PKN1,0.5882352941176471
4,979,RHOG GTPase Cycle R-HSA-9013408,28/74,3.7755378404270315e-17,Signal Transduction,Reactome_2022,3.210119130024916e-18,0.0,0.0,12.145110410094638,489.2077632723553,CYFIP1;DOCK4;DOCK3;TRIO;ARHGEF26;GARRE1;ITSN1;ARHGAP1;ARHGAP5;IQGAP2;KALRN;ARHGAP35;CDC42;PREX1;ARHGDIA;MCF2L;PAK4;VAV3;ARHGEF16;RHOG;ERBIN;VAV1;VAV2;ELMO2;DOCK2;DOCK1;MAP3K11;EPHA2,0.3783783783783784
4,979,Signaling By Interleukins R-HSA-449147,71/453,2.656715142204405e-17,Immune System,Reactome_2022,2.2331808441718186e-18,0.0,0.0,3.815326821505178,155.0667275368689,IRS1;PITPNA;INPPL1;IRS2;RPS6KA3;RPS6KA5;PPP2R1B;CCND1;PPP2R1A;RPS6KA2;RPS6KA1;BLNK;JAK3;MEF2A;MEF2C;HSP90AA1;DUSP3;CISH;SYK;MMP2;PRKCA;PPP2R5D;FOS;VRK3;YWHAZ;DUSP6;VAV1;DUSP7;HCK;CREB1;MAPKAPK3;LCK;MAPKAPK2;IL3RA;RHOU;RALA;STXBP2;PIK3R3;TWIST1;CSF2RB;FOXO3;FOXO1;RAP1B;SOCS2;CDC42;PPP2CA;PPP2CB;SOCS1;MAPK7;PTPRZ1;INPP5D;S1PR1;PTK2B;STX4;FYN;SOCS5;PTPN18;JUN;YES1;MSN;PTPN12;PTPN13;TEC;PDCD4;PTPN6;PTPN7;VIM;FGF13;PTPN5;PTPN2;BCL2L1,0.15673289183222958
4,979,G Alpha (I) Signaling Events R-HSA-418594,60/312,5.666980981059405e-19,Signal Transduction,Reactome_2022,4.1065079572894243e-20,0.0,0.0,4.862687185864552,217.06611978847764,AHCYL1;PPP3CA;PPP3CB;PPP3CC;RGS3;PPP2R1B;PPP2R1A;PDE4A;PRKACB;PRKCD;PDE4C;PRKCA;PPP2R5D;CREB1;PRKAR1B;PRKAR1A;CAMK2B;GNAZ;CAMK2D;RGS19;PDE1C;PDE1B;PDE1A;CAMK2A;LPAR1;GNAI3;ITPR1;LPAR2;CXCR4;ITPR2;PRKX;ITPR3;GNAI1;CAMKK2;GNAI2;PPP2CA;PPP2CB;GNA14;GNG10;PPP3R1;GNA15;GRK2;GNG2;PRKAR2B;GNG4;PRKAR2A;GNA11;GNG7;S1PR3;GNG12;GNG11;PPP1CA;CDK5;NBEA;CAMK4;GNB1;GNAS;GNB4;GNB5;CALM1,0.19230769230769232
4,979,Adaptive Immune System R-HSA-1280218,95/733,2.656715142204405e-17,Immune System,Reactome_2022,2.2261693168866485e-18,0.0,0.0,3.0964712265422203,125.85994161208416,PRR5;ITK;AHCYL1;NCF1;SH3KBP1;YWHAB;CLTC;NCF4;SNAP23;PTEN;ICAM3;CBLB;AP2A1;PTPRJ;AP2A2;PPP3CA;PPP3CB;PPP2R1B;PPP2R1A;BLNK;ITGAV;PRKACB;AP2M1;PRKG1;SH3GL2;NCK1;TRIM63;SYK;PRKCB;TRPC1;PRKCA;CYBA;PPP2R5D;YWHAZ;VAV1;DNM1;RNF41;DNM2;ENAH;DNM3;NCR2;ZAP70;LCK;BTK;ORAI1;PRKCQ;EVL;LCP2;ARHGEF7;RAPGEF4;BLK;ITPR1;WAS;ITPR2;PIK3R3;DAPP1;ITPR3;RASGRP2;RASGRP1;RAP1GAP;MALT1;RAP1B;CDC42;CD79B;PPP2CA;CD79A;PPP2CB;PPP3R1;RAP1A;SOCS1;CD19;INPP5D;PLCG2;AP2S1;THEM4;STX4;CSK;FYN;ICOS;PAG1;VASP;YES1;KIR2DS2;ZBTB16;NFATC3;NFATC2;LNPEP;NFATC1;AP2B1;FKBP1A;PTPN6;PKN1;PIK3AP1;CALM1;SIPA1,0.1296043656207367
4,979,Constitutive Signaling By Aberrant PI3K In Cancer R-HSA-2219530,29/78,1.7453417690584188e-17,Disease,Reactome_2022,1.416509261844514e-18,0.0,0.0,11.819291084854994,485.7531974109996,FLT3;IRS1;PDGFA;PIK3R3;TGFA;IRS2;AREG;ERBB3;CD19;RAC2;FYN;ICOS;PDGFRB;PDGFRA;RHOG;FLT3LG;NRG1;ESR1;VAV1;ESR2;KITLG;LCK;KIT;STRN;FGF13;PIK3AP1;FGFR3;HBEGF;FGFR1,0.3717948717948718
4,979,Paradoxical Activation Of RAF Signaling By Kinase Inactive BRAF R-HSA-6802955,22/41,1.4912689490192198e-17,Disease,Reactome_2022,1.1958968383439153e-18,0.0,0.0,22.99092558983666,948.7811319369672,CAMK2B;CAMK2D;KSR1;YWHAB;CAMK2A;ITGA2B;PEBP1;ARRB1;ARRB2;IQGAP1;KSR2;RAP1B;APBB1IP;CNKSR2;CNKSR1;RAP1A;CSK;CALM1;TLN1;MARK3;MAP3K11;VCL,0.5365853658536586
4,979,Nephrin Family Interactions R-HSA-373753,17/22,1.22557445061069e-17,Cell-Cell communication,Reactome_2022,9.709865212567786e-19,0.0,0.0,67.208316008316,2787.5303919416606,KIRREL3;KIRREL1;KIRREL2;ACTN3;ACTN2;ACTN1;MAGI2;CASK;ACTN4;IQGAP1;WASL;NPHS1;NCK2;FYN;SPTAN1;SPTBN1;NCK1,0.7727272727272727
4,979,Signaling By EGFR R-HSA-177929,24/49,6.8166363893238946e-18,Signal Transduction,Reactome_2022,5.334758913383916e-19,0.0,0.0,19.0954554973822,803.4388663191414,SH3GL3;SH3KBP1;ADAM10;TGFA;EPS15L1;PTPN12;STAM;AREG;EPN1;CDC42;HGS;LRIG1;SPRY2;CSK;SPRY1;ARHGEF7;STAM2;AAMP;EPS15;SH3GL2;PAG1;SH3GL1;HBEGF;PTPN3,0.4897959183673469
4,979,PI3K/AKT Signaling In Cancer R-HSA-2219528,34/105,3.205847305304012e-18,Disease,Reactome_2022,2.4779496079644536e-19,0.0,0.0,9.602801997168196,411.4002213496408,PRR5;IRS1;FLT3;PTEN;PDGFA;PIK3R3;TGFA;IRS2;FOXO3;AREG;FOXO1;ERBB3;CD19;RAC2;FYN;ICOS;PDGFRB;PDGFRA;RHOG;FLT3LG;NRG1;ESR1;ESR2;VAV1;KITLG;CREB1;LCK;KIT;STRN;FGF13;PIK3AP1;FGFR3;FGFR1;HBEGF,0.3238095238095238
4,979,Death Receptor Signaling R-HSA-73887,39/139,2.2946267485337134e-18,Signal Transduction,Reactome_2022,1.7514542331803222e-19,0.0,0.0,7.850202127659575,339.0397917439604,BEX3;TRIO;ARHGEF26;MAGED1;RASGRF2;ITSN1;KALRN;FGD1;GNA13;PREX1;ABR;BCL2L11;ARHGDIA;MCF2L;ARHGEF40;VAV3;NGFR;ARHGEF10;LINGO1;PRKCI;PLEKHG2;ARHGEF15;ARHGEF17;ARHGEF16;ARHGEF18;NGF;VAV1;VAV2;TIAM2;TIAM1;MAG;ARHGEF9;OBSCN;ARHGEF3;ARHGEF4;ARHGEF2;ARHGEF7;NGEF;ARHGEF6,0.2805755395683453
4,979,Glucagon-like Peptide-1 (GLP1) Regulates Insulin Secretion R-HSA-381676,23/42,1.3867403416415753e-18,Metabolism,Reactome_2022,1.0450796777588682e-19,0.0,0.0,24.061109887689938,1051.5913763912074,ITPR1;ITPR2;ITPR3;PRKCA;AKAP5;IQGAP1;GNG12;GNG11;GNG10;GNG2;RAP1A;PRKAR1B;GNG4;PRKAR2B;PRKAR1A;GNG7;PRKAR2A;GNB1;GNAS;GNB4;GNB5;PRKACB;RAPGEF4,0.5476190476190477
4,979,MAPK Targets/ Nuclear Events Mediated By MAP Kinases R-HSA-450282,20/30,1.3091947468347665e-18,Immune System,Reactome_2022,9.739902947466377e-20,0.0,0.0,39.64754953076121,1735.5901430723873,MEF2A;JUN;MEF2C;DUSP3;PPP2R5D;FOS;VRK3;DUSP6;DUSP7;PPP2CA;PPP2CB;RPS6KA3;MAPK7;RPS6KA5;CREB1;PPP2R1B;PPP2R1A;RPS6KA2;RPS6KA1;MAPKAPK2,0.6666666666666666
4,979,CaM Pathway R-HSA-111997,20/33,1.9665944830798886e-17,Signal Transduction,Reactome_2022,1.6150775947999085e-18,0.0,0.0,30.49330231811984,1249.223649568385,CAMK2B;CAMK2D;PDE1C;PDE1B;PDE1A;CAMK2A;PRKCD;PRKX;PRKCA;CAMKK2;GRK2;CREB1;NBEA;PRKAR1B;PRKAR2B;PRKAR1A;PRKAR2A;CAMK4;CALM1;PRKACB,0.6060606060606061
4,979,Cytokine Signaling In Immune System R-HSA-1280215,91/702,1.314984945088849e-16,Immune System,Reactome_2022,1.2069910124003929e-17,0.0,0.0,3.0877419973164653,120.2855093655177,IRS1;FLT3;PITPNA;INPPL1;IRS2;PTPRJ;SLA2;GHR;RPS6KA3;RPS6KA5;PPP2R1B;CCND1;PPP2R1A;RPS6KA2;RPS6KA1;GRB10;BLNK;JAK3;MEF2A;MEF2C;HSP90AA1;DUSP3;CISH;SYK;MMP2;PRKCD;FLT3LG;PRKCA;PPP2R5D;FOS;VRK3;PRLR;YWHAZ;DUSP6;VAV1;DUSP7;HCK;CREB1;MAPKAPK3;LCK;MAPKAPK2;IL3RA;RHOU;CAMK2B;CAMK2D;RALA;CSH1;STXBP2;CAMK2A;PIK3R3;TWIST1;CSF2RB;FOXO3;FOXO1;RAP1B;SOCS2;CDC42;PPP2CA;PPP2CB;BCL2L11;SOCS1;MAPK7;PTPRZ1;INPP5D;S1PR1;FLNA;PTK2B;FLNB;STX4;CSK;FYN;NCAM1;SOCS6;SH2B3;SOCS5;PTPN1;PTPN18;JUN;YES1;MSN;PTPN12;PTPN13;TEC;PDCD4;PTPN6;PTPN7;VIM;FGF13;PTPN5;PTPN2;BCL2L1,0.12962962962962962
4,979,Netrin-1 Signaling R-HSA-373752,29/49,1.4531891698651643e-24,Developmental Biology,Reactome_2022,7.441451787715335e-26,0.0,0.0,29.001526315789476,1678.0325600581973,TRIO;PITPNA;AGAP2;WASL;NTN1;CDC42;ABLIM2;ABLIM3;FYN;SLIT3;NEO1;NCK1;TRPC6;TRPC3;UNC5A;MYO10;DCC;UNC5B;TRPC1;UNC5C;RGMB;MAPK12;PTK2;RGMA;MAPK13;PRKCQ;PKN1;EZR;DOCK1,0.5918367346938775
4,979,P75 NTR Receptor-Mediated Signaling R-HSA-193704,39/95,3.97152145079718e-25,Signal Transduction,Reactome_2022,1.956981584450784e-26,0.0,0.0,14.050816869300911,831.7494736501466,BEX3;TRIO;ARHGEF26;MAGED1;RASGRF2;ITSN1;KALRN;FGD1;GNA13;PREX1;ABR;BCL2L11;ARHGDIA;MCF2L;ARHGEF40;VAV3;ARHGEF10;LINGO1;NGFR;PRKCI;PLEKHG2;ARHGEF15;ARHGEF17;ARHGEF16;ARHGEF18;NGF;VAV1;VAV2;TIAM2;TIAM1;ARHGEF9;MAG;OBSCN;ARHGEF3;ARHGEF4;ARHGEF2;ARHGEF7;NGEF;ARHGEF6,0.4105263157894737
4,979,Yersinia infection,57/137,3.674915754851802e-37,Infectious disease: bacterial,KEGG_2021_Human,1.7652433756930056e-38,0.0,0.0,14.637161062906724,1272.407605612805,WIPF1;WIPF2;ARPC1B;WIPF3;ARPC1A;ARPC5L;WASL;ACTB;ACTG1;RPS6KA3;RPS6KA6;RPS6KA2;RPS6KA1;RAC2;RAC3;ACTR3;VAV3;ACTR2;RHOG;FOS;VAV1;VAV2;ZAP70;LCK;ELMO1;ELMO2;LCP2;ARHGEF7;DOCK1;SKAP2;ARF6;ARHGEF28;PXN;WAS;PIK3R3;CDC42;PIP5K1A;PTK2B;PIP5K1B;PIP5K1C;WASF2;GIT2;JUN;LIMK1;NFATC3;NFATC2;ARPC4;NFATC1;ARPC5;BAIAP2;PTK2;MAPK12;MAPK13;ARPC2;ARPC3;PKN1;LAT,0.41605839416058393
4,979,Morphine addiction,47/91,4.288340485493093e-36,Substance dependence,KEGG_2021_Human,2.2471653199090443e-37,0.0,0.0,21.749878072571207,1835.3847516021335,GABRB3;GABRB2;GABRB1;PDE1C;PDE1B;PDE1A;PDE3B;GNAI3;CACNA1A;ARRB1;ARRB2;GNAI1;GNAI2;GNG10;GRK3;GNG2;GRK2;GRK5;GNG4;GNG7;GRK6;PDE4A;PRKACA;GABRE;PRKACB;GABRD;GABRA2;GABRQ;GABRA1;GABRA6;PRKCB;GABRA5;GABRA4;PDE4C;GABRA3;PRKCA;GNG12;GABRG3;GNG11;GABRG2;GABRG1;GNAO1;GNB1;GNAS;GNB4;PDE3A;GNB5,0.5164835164835165
4,979,Oxytocin signaling pathway,57/154,6.456908980839525e-34,Endocrine system,KEGG_2021_Human,3.665494181262613e-35,0.0,0.0,12.061050607151644,956.3389762247892,MYLK2;GUCY1B1;CALML5;CALML6;PRKAG1;PRKAG2;CALML3;CALML4;ACTB;MYLK3;ACTG1;MYLK;PPP1CB;PPP3CA;PPP3CB;PPP3CC;CCND1;NPPA;PRKACA;PRKACB;GUCY1A2;GUCY1A1;MEF2C;PPP1R12A;PRKCB;PRKCA;FOS;CACNB3;MYL6;PPP1R12B;MYL9;PPP1R12C;CAMK2B;CAMK2D;CAMK2A;ITPR1;GNAI3;ITPR2;ITPR3;GNAI1;CAMKK2;GNAI2;PPP3R1;MAPK7;CACNG3;MAP2K5;JUN;NOS3;NFATC3;NFATC2;NFATC1;NFATC4;PPP1CA;GNAO1;CAMK4;GNAS;CALM1,0.37012987012987014
4,979,Bacterial invasion of epithelial cells,42/77,1.2574408020577353e-33,Infectious disease: bacterial,KEGG_2021_Human,7.687411016946854e-35,0.0,0.0,24.31504802561366,1909.9687648490496,SHC4;SHC3;ARHGEF26;ARPC1B;ARPC1A;CLTC;PXN;ARPC5L;CLTB;ILK;PIK3R3;WASL;ACTB;ACTG1;CDC42;CDH1;CLTCL1;CTNNA1;CTNNA3;CTNNA2;WASF1;WASF2;ACTR3;ACTR2;CAV3;CAV2;RHOG;ARPC4;ARPC5;DNM1;PTK2;DNM2;DNM3;ARHGAP10;CTTN;ARPC2;ARPC3;ELMO1;ELMO2;DOCK1;MET;VCL,0.5454545454545454
4,979,Tight junction,59/169,1.6050181577649203e-33,Cellular community - eukaryotes,KEGG_2021_Human,1.0513219374006027e-34,0.0,0.0,11.025187747035574,862.5869278598406,ARPC1B;ARPC1A;ARPC5L;PRKAG1;PRKAG2;CLDN1;ACTB;ACTG1;CCND1;PPP2R1B;PPP2R1A;PRKACA;PRKACB;MAP3K5;MAGI1;ACTR3;ACTR2;PRKCI;ACTN1;ARHGEF18;ACTN4;RUNX1;TIAM1;MYL6;CTTN;PARD3;MYH9;ARHGEF2;EZR;MYL9;LLGL1;WAS;PRKCZ;MYL12A;CDC42;PPP2CA;PPP2CB;PARD6B;RAP1A;PARD6A;MYH14;MYH11;MYH10;JAM3;VASP;JUN;RDX;MSN;ARPC4;ARPC5;TJAP1;AFDN;OCLN;ARPC2;PPP2R2C;ARPC3;PPP2R2B;NF2;TJP2,0.34911242603550297
4,979,Leukocyte transendothelial migration,49/114,6.779656548897212e-33,Immune system,KEGG_2021_Human,4.736877938094122e-34,0.0,0.0,15.365492142266335,1179.0328548437642,ITK;NCF1;CTNND1;NCF4;ARHGAP5;CLDN1;ACTB;ARHGAP35;ACTG1;CDH5;RASSF5;RAC2;VAV3;PRKCB;ACTN1;MMP2;CYBA;PRKCA;ACTN4;VAV1;VAV2;EZR;MYL9;VCL;RAPGEF4;PXN;GNAI3;PIK3R3;CXCR4;MYL12A;GNAI1;GNAI2;RAP1B;CDC42;RAP1A;PLCG2;CTNNA1;PTK2B;CTNNA3;CTNNA2;JAM3;VASP;MSN;PTK2;MAPK12;MAPK13;AFDN;OCLN;SIPA1,0.4298245614035088
4,979,Dopaminergic synapse,51/132,1.6131366083625404e-31,Nervous system,KEGG_2021_Human,1.1975249931075628e-32,0.0,0.0,12.850415070242656,944.537197488716,CALML5;CALML6;CALML3;ARRB1;CALML4;ARRB2;PPP1CB;PPP3CA;PPP3CB;PPP3CC;PPP2R1B;PPP2R1A;PRKACA;PRKACB;PRKCB;PRKCA;PPP2R5D;FOS;CREB1;CAMK2B;GRIA2;CAMK2D;CAMK2A;ITPR1;GNAI3;CACNA1A;ITPR2;ITPR3;GNAI1;GNAI2;PPP2CA;PPP2CB;GNG10;GNG2;GNG4;GNG7;GRIA3;PPP2R3A;GNG12;GNG11;MAPK12;MAPK13;PPP1CA;GNAO1;PPP2R2C;PPP2R2B;GNB1;GNAS;GNB4;GNB5;CALM1,0.38636363636363635
4,979,Adherens junction,39/71,1.711198941116633e-31,Cellular community - eukaryotes,KEGG_2021_Human,1.3450472026244278e-32,0.0,0.0,24.62004654255319,1806.773970627548,CTNND1;WAS;PTPRJ;WASL;IQGAP1;NLK;ACTB;PTPRF;ACTG1;IGF1R;CDC42;CDH1;RAC2;CTNNA1;RAC3;CTNNA3;FYN;CTNNA2;WASF1;WASF2;WASF3;FARP2;PTPN1;YES1;CSNK2A1;ACTN1;INSR;ACTN4;SORBS1;BAIAP2;AFDN;FER;PTPRB;PARD3;SNAI1;PTPN6;MET;VCL;FGFR1,0.5492957746478874
4,979,PI3K-Akt signaling pathway,89/354,1.5332169527078004e-37,Signal transduction,KEGG_2021_Human,6.695270535841922e-39,0.0,0.0,7.077735849056603,622.128856509327,IRS1;FLT3;LAMC3;YWHAB;ITGA2B;PTEN;AREG;IGF1R;GHR;PPP2R1B;CCND1;YWHAQ;PPP2R1A;ITGAV;JAK3;YWHAG;MAGI1;PDGFRB;PDGFRA;HSP90AA1;SYK;HGF;MAGI2;FLT3LG;PRKCA;PPP2R5D;NGF;PRLR;YWHAZ;PGF;CREB1;CDC37;KIT;IL3RA;ITGA6;SGK1;MET;EPHA2;PHLPP2;PHLPP1;LAMA2;PKN3;CSH1;LPAR1;LPAR2;PDGFA;PIK3R3;TGFA;EFNA5;FOXO3;EFNA4;PPP2CA;PPP2CB;GNG10;RELN;BCL2L11;GNG2;ERBB3;GNG4;CD19;PDGFD;GNG7;PDGFC;EIF4EBP1;THEM4;NGFR;ANGPT4;NOS3;INSR;IGF2;PPP2R3A;GNG12;GNG11;PTK2;EPOR;KITLG;EFNA3;EFNA2;PPP2R2C;PPP2R2B;GNB1;GNB4;PKN1;GNB5;TEK;PIK3AP1;FGFR3;BCL2L1;FGFR1,0.2514124293785311
4,979,Platelet activation,48/124,9.260110911082377e-30,Immune system,KEGG_2021_Human,7.683061454609831e-31,0.0,0.0,12.852054949403584,891.1758817709185,MYLK2;GUCY1B1;ITGA2B;SNAP23;ITPR1;GNAI3;ITPR2;PIK3R3;ITPR3;RASGRP2;PRKCZ;RASGRP1;ACTB;ARHGAP35;MYLK3;MYL12A;GNAI1;ACTG1;MYLK;GNAI2;PPP1CB;RAP1B;GNA13;RAP1A;PLCG2;PRKG2;FYN;PRKACA;PRKACB;PRKG1;VASP;GUCY1A2;GUCY1A1;PRKCI;PPP1R12A;SYK;NOS3;GP6;MAPK12;MAPK13;PPP1CA;APBB1IP;BTK;GNAS;ORAI1;LCP2;TLN2;TLN1,0.3870967741935484
4,979,Proteoglycans in cancer,57/205,1.224431718076203e-26,Cancer: overview,KEGG_2021_Human,1.1228413135196622e-27,0.0,0.0,7.883574192413672,489.20680169356086,ACTB;ACTG1;IGF1R;PPP1CB;CCND1;ITGAV;PRKACA;PRKACB;VAV3;PPP1R12A;PRKCB;HGF;MMP2;RRAS2;PRKCA;VAV1;VAV2;TIAM1;MRAS;CTTN;EZR;PPP1R12B;MET;PPP1R12C;HBEGF;CAMK2B;CAMK2D;PXN;CAMK2A;ITPR1;PIK3R3;TWIST1;ITPR2;ITPR3;IQGAP1;SLC9A1;CDC42;PAK1;RRAS;ERBB3;PLCG2;FLNA;FLNB;FLNC;CAV3;CAV2;RDX;IGF2;MSN;ESR1;PTK2;MAPK12;PPP1CA;MAPK13;PDCD4;PTPN6;FGFR1,0.2780487804878049
4,979,Circadian entrainment,40/97,3.741012886204294e-26,Environmental adaptation,KEGG_2021_Human,3.5939861788862205e-27,0.0,0.0,14.17259869588775,862.9771249842598,CAMK2B;GRIA2;CAMK2D;GUCY1B1;CALML5;CALML6;CAMK2A;ITPR1;GNAI3;CALML3;ITPR3;CALML4;CACNA1H;GNAI1;GNAI2;CACNA1I;GNG10;RPS6KA5;GNG2;GNG4;GNG7;PRKG2;PRKACA;PRKACB;GRIA3;PRKG1;GUCY1A2;GUCY1A1;PRKCB;PRKCA;FOS;GNG12;GNG11;GNAO1;CREB1;GNB1;GNAS;GNB4;GNB5;CALM1,0.41237113402061853
4,979,Phospholipase D signaling pathway,47/148,8.2462336120581245e-25,Signal transduction,KEGG_2021_Human,8.28224336582257e-26,0.0,0.0,9.446734373008116,545.5781812034197,DGKG;SHC4;ARF1;RALA;DGKD;SHC3;RALB;DGKA;LPAR1;LPAR2;PDGFA;PIK3R3;PLD1;PLD2;CYTH3;GNA13;CYTH2;RRAS;PDGFD;PDGFC;GNA12;PLCG2;PIP5K1A;FCER1A;PTK2B;PIP5K1B;FYN;PIP5K1C;RALGDS;CYTH1;PDGFRB;PDGFRA;SYK;INSR;RRAS2;PRKCA;DGKZ;DNM1;DNM2;DNM3;KITLG;MRAS;KIT;GNAS;MS4A2;ARF6;RAPGEF4,0.31756756756756754
4,979,Chemokine signaling pathway,53/192,1.1433265446689074e-24,Immune system,KEGG_2021_Human,1.1982461603516937e-25,0.0,0.0,7.774958434979878,446.156413920652,ITK;NCF1;ARRB1;ARRB2;PREX1;RAC2;RAC3;PRKACA;PRKACB;JAK3;VAV3;PRKCB;PRKCD;VAV1;VAV2;FGR;TIAM1;HCK;PARD3;ELMO1;DOCK2;SHC4;SHC3;PXN;GNAI3;WAS;PIK3R3;CXCR4;FOXO3;RASGRP2;PRKCZ;GNAI1;GNAI2;RAP1B;CDC42;GNG10;GRK3;PAK1;GRK2;RAP1A;GNG2;GRK5;GNG4;GNG7;GRK6;PLCG2;PTK2B;GNG12;GNG11;PTK2;GNB1;GNB4;GNB5,0.2760416666666667
4,979,Salmonella infection,60/249,1.764823735032595e-24,Infectious disease: bacterial,KEGG_2021_Human,1.9266634661927896e-25,0.0,0.0,6.505345700122631,370.211661927977,CYFIP2;CYFIP1;NCKAP1;ARF1;ARPC1B;FHOD1;ARPC1A;ARPC5L;BRK1;PIK3C2G;WASL;PIK3C2A;ACTB;ACTG1;PIK3C2B;ACTR3;ACTR2;HSP90AA1;DYNLT1;EXOC7;RHOG;FOS;RHOB;DNM2;RHOJ;ELMO1;PFN4;ELMO2;PFN1;MYL9;PFN3;ARF6;RAB5B;RALA;RAB5C;ARHGEF26;MYL12A;CDC42;CYTH3;CYTH2;PAK1;RRAS;MYO6;FLNA;NCKAP1L;FLNB;FLNC;PAK3;CYTH1;WASF3;JUN;ARPC4;ARPC5;MAPK12;MAPK13;ARPC2;ARPC3;ABI1;PKN1;RAB5A,0.24096385542168675
4,979,Neurotrophin signaling pathway,42/119,2.574014149127617e-24,Nervous system,KEGG_2021_Human,2.9224614793588667e-25,0.0,0.0,11.027845153778983,622.9872460308843,SHC4;CAMK2B;BEX3;CAMK2D;SHC3;CALML5;CALML6;IRS1;MAGED1;CAMK2A;PIK3R3;CALML3;CALML4;FOXO3;RAP1B;CDC42;RPS6KA3;RPS6KA6;RPS6KA5;RAP1A;MAPK7;ARHGDIA;RPS6KA2;RPS6KA1;PLCG2;SH2B3;MAP2K5;SH2B2;MAP3K5;NGFR;JUN;KIDINS220;SORT1;NTRK3;PRKCD;MATK;NGF;MAPK12;MAPK13;CAMK4;MAPKAPK2;CALM1,0.35294117647058826
4,979,cGMP-PKG signaling pathway,49/167,3.373922031536072e-24,Signal transduction,KEGG_2021_Human,4.114658296375674e-25,0.0,0.0,8.440377255330782,473.927786649948,MYLK2;GUCY1B1;CALML5;CALML6;IRS1;PDE3B;CALML3;IRS2;CALML4;MYLK3;MYLK;PPP1CB;PPP3CA;PPP3CB;EDNRB;PPP3CC;NPPA;PRKG2;PRKG1;MEF2A;GUCY1A2;GUCY1A1;MEF2C;PPP1R12A;TRPC6;CREB1;MYL9;SRF;ITPR1;GNAI3;ITPR2;ITPR3;GNAI1;GNAI2;GNA13;PPP3R1;GNA11;GNA12;MEF2D;VASP;NOS3;INSR;NFATC3;NFATC2;NFATC1;NFATC4;PPP1CA;PDE3A;CALM1,0.2934131736526946
4,979,Human immunodeficiency virus 1 infection,55/212,3.373922031536072e-24,Infectious disease: viral,KEGG_2021_Human,4.1253195145419215e-25,0.0,0.0,7.151956323930846,401.56435219376567,CALML5;CALML6;CALML3;CALML4;PPP3CA;PPP3CB;PPP3CC;CFL2;CFL1;RAC2;RAC3;PRKCB;PRKCA;FOS;PXN;GNAI3;ITPR1;PIK3R3;CXCR4;ITPR2;ITPR3;GNAI1;GNAI2;GNG10;PPP3R1;PAK1;GNG2;GNG4;GNA11;GNG7;PLCG2;PAK6;PTK2B;PAK3;PAK2;PAK5;PAK4;JUN;LIMK2;LIMK1;NFATC3;NFATC2;NFATC1;GNG12;GNG11;PTK2;MAPK12;NFATC4;MAPK13;GNAO1;GNB1;GNB4;GNB5;CALM1;BCL2L1,0.25943396226415094
4,979,Pathogenic Escherichia coli infection,59/197,1.7568198118608153e-29,Infectious disease: bacterial,KEGG_2021_Human,1.5343404470400136e-30,0.0,0.0,8.77518115942029,602.4113793508981,CYFIP2;CYFIP1;NCKAP1;ARF1;WIPF1;WIPF2;ARPC1B;WIPF3;ARPC1A;ARPC5L;BRK1;WASL;CLDN1;ACTB;ACTG1;NCK2;NCK1;ACTR3;ACTR2;FOS;CTTN;MYH9;ARHGEF2;EZR;ARF6;LPAR1;LPAR2;CDC42;CYTH3;GNA13;CYTH2;PAK1;MYO6;GNA12;MYH14;NCKAP1L;MYH11;FYN;PAK3;WASF1;PAK2;MYH10;WASF2;CYTH1;WASF3;JUN;MYO10;MYO5A;ARPC4;ARPC5;BAIAP2;MAPK12;MAPK13;OCLN;MYO1C;ARPC2;ARPC3;ABI1;PTPN6,0.29949238578680204
4,979,G-protein Mediated Events R-HSA-112040,30/52,6.1337750298826645e-25,Signal Transduction,Reactome_2022,3.081703396656025e-26,0.0,0.0,27.300028738384903,1603.6509150368945,CAMK2B;CAMK2D;AHCYL1;PDE1C;PDE1B;PDE1A;CAMK2A;GNAI3;ITPR1;ITPR2;ITPR3;PRKX;GNAI1;CAMKK2;GNAI2;GNA14;GNA15;GRK2;PRKAR2B;GNA11;PRKAR2A;PRKACB;PRKCD;PRKCA;CREB1;PRKAR1B;NBEA;PRKAR1A;CAMK4;CALM1,0.5769230769230769
4,979,Pathways in cancer,110/531,5.61138986993179e-38,Cancer: overview,KEGG_2021_Human,2.2053497305408783e-39,0.0,0.0,5.592471210800084,497.78548510728814,SPI1;CALML5;CALML6;ITGA2B;CALML3;CALML4;ETS1;IGF1R;RASSF1;EDNRB;RPS6KA5;CCND1;CDH1;RASSF5;PIM1;PRKACA;PRKACB;PDGFRB;PDGFRA;RALBP1;PRKCB;TPM3;DAPK2;HGF;FLT3LG;PRKCA;MITF;PGF;RUNX1;BCR;EPAS1;LPAR1;PDGFA;LPAR2;PIK3R3;TGFA;KLK3;CSF2RB;PLD1;RASGRP2;STK4;RASGRP1;FOXO1;RASGRP4;PLD2;GNG10;BCL2L11;PLCG2;RALGDS;JUN;JUP;ZBTB16;IGF2;GNG12;GNG11;ESR1;PTK2;ESR2;GNB1;GNAS;GNB4;GNB5;CALM1;FGFR3;BCL2L1;FGFR1;RET;ALK;FLT3;LAMC3;PTEN;MECOM;RAC2;RAC3;ITGAV;JAK3;APPL1;APC2;HSP90AA1;DCC;MMP2;FOS;IL3RA;KIT;ITGA6;BIRC7;MET;CAMK2B;CAMK2D;RALA;RALB;LAMA2;CAMK2A;GNAI3;CXCR4;GNAI1;GNAI2;CDC42;GNA13;GNG2;GNG4;GNA11;GNG7;GNA12;CTNNA1;CTNNA3;CTNNA2;RUNX1T1;EPOR;KITLG,0.2071563088512241
4,979,Focal adhesion,74/201,1.1215285375443824e-43,Cellular community - eukaryotes,KEGG_2021_Human,3.428253171533046e-45,0.0,0.0,12.164753991386435,1245.4795585031443,MYLK2;LAMC3;ITGA2B;RASGRF1;PTEN;ILK;ARHGAP5;ACTB;ARHGAP35;MYLK3;MYLK;ACTG1;IGF1R;PPP1CB;CCND1;RAC2;CAPN2;RAC3;ITGAV;VAV3;PDGFRB;PDGFRA;PPP1R12A;PRKCB;ACTN1;HGF;PRKCA;ACTN4;VAV1;PGF;VAV2;ITGA6;TLN2;TLN1;PPP1R12B;MYL9;DOCK1;MET;PPP1R12C;VCL;SHC4;SHC3;LAMA2;PXN;PDGFA;PIK3R3;MYL12A;RAP1B;CDC42;PAK1;RELN;RAP1A;PDGFD;PDGFC;PIP5K1A;FLNA;PAK6;PIP5K1B;FLNB;FYN;PIP5K1C;FLNC;PAK3;PAK2;PAK5;PAK4;VASP;JUN;CAV3;CAV2;PTK2;PPP1CA;DIAPH1;ZYX,0.3681592039800995
4,979,"Cell Death Signaling Via NRAGE, NRIF And NADE R-HSA-204998",35/74,3.97152145079718e-25,Signal Transduction,Reactome_2022,1.9272651236313187e-26,0.0,0.0,18.045686657974795,1068.5051459282938,BEX3;TRIO;ARHGEF26;MAGED1;RASGRF2;ITSN1;KALRN;FGD1;GNA13;PREX1;ABR;BCL2L11;MCF2L;ARHGEF40;VAV3;ARHGEF10;NGFR;PLEKHG2;ARHGEF15;ARHGEF17;ARHGEF16;ARHGEF18;NGF;VAV1;VAV2;TIAM2;TIAM1;ARHGEF9;OBSCN;ARHGEF3;ARHGEF4;ARHGEF2;ARHGEF7;NGEF;ARHGEF6,0.47297297297297297
4,979,"PI5P, PP2A And IER3 Regulate PI3K/AKT Signaling R-HSA-6811558",41/106,3.5053201385057408e-25,Signal Transduction,Reactome_2022,1.6595235438336356e-26,0.0,0.0,12.747187141216992,756.6817207350076,IRS1;FLT3;PDGFA;PIK3R3;TGFA;IRS2;AREG;PPP2CA;PPP2CB;PPP2R1B;ERBB3;PPP2R1A;CD19;RAC2;PIP4K2A;PIP5K1A;PIP4K2B;PIP5K1B;FYN;PIP4K2C;PIP5K1C;ICOS;PDGFRB;PDGFRA;INSR;RHOG;FLT3LG;NRG1;PPP2R5D;ESR1;ESR2;VAV1;KITLG;LCK;KIT;STRN;FGF13;PIK3AP1;FGFR3;FGFR1;HBEGF,0.3867924528301887
4,979,Extra-nuclear Estrogen Signaling R-HSA-9009391,35/73,2.2956420320026198e-25,Signal Transduction,Reactome_2022,1.0646455800591858e-26,0.0,0.0,18.52154884032114,1107.6732727001968,SRF;GNAI3;PIK3R3;TGFA;ZDHHC7;ZDHHC21;FOXO3;AREG;PRKCZ;GNAI1;IGF1R;GNAI2;GNG10;GNG2;CCND1;GNG4;GNG7;S1PR3;HSP90AA1;CAV2;MMP2;FOS;GNG12;ESR1;GNG11;ESR2;PTK2;UHMK1;CREB1;GNB1;GNB4;STRN;GNB5;CALM1;HBEGF,0.4794520547945205
4,979,RHOA GTPase Cycle R-HSA-8980692,49/147,1.3210236577032602e-26,Signal Transduction,Reactome_2022,5.9988513924689115e-28,0.0,0.0,10.173655913978497,637.6930400213091,TRIO;RASGRF2;SNAP23;ARHGAP1;ARHGAP5;ARHGAP35;ARHGAP4;PREX2;PREX1;ARHGDIA;MCF2L;FLOT1;FLOT2;ARHGEF40;VAV3;ARHGEF10;ARHGEF15;STARD8;ARHGEF17;ARAP2;ARAP3;ARHGEF18;ARAP1;VAV1;VAV2;TIAM1;ARHGAP10;OBSCN;DAAM1;ARHGEF3;ARHGEF4;ARHGEF2;ARHGEF7;DOCK2;NGEF;ARHGEF25;PKN3;ARHGEF28;IQGAP1;KALRN;ABR;SRGAP1;JUP;ERBIN;MYO9B;DIAPH1;ARHGAP31;PKN1;TJP2,0.3333333333333333
4,979,L1CAM Interactions R-HSA-373760,42/99,1.009211067019088e-27,Developmental Biology,Reactome_2022,4.485382520084836e-29,0.0,0.0,14.912992192327136,973.4327985830432,NRP2;ITGA2B;CLTC;AP2A1;AP2A2;RPS6KA4;RPS6KA3;SDCBP;RPS6KA6;RPS6KA5;DPYSL2;RPS6KA2;RPS6KA1;AP2S1;ITGAV;NCAM1;EPHB2;SCN3B;SPTAN1;AP2M1;SCN1B;SH3GL2;SPTBN1;CNTN6;RDX;MSN;RANBP9;AP2B1;L1CAM;DNM1;DNM2;VAV2;DNM3;GAP43;SCN8A;CNTN1;NUMB;CNTN2;PKN1;EZR;LLGL1;FGFR1,0.42424242424242425
4,979,Semaphorin Interactions R-HSA-373755,35/64,6.278533449068104e-28,Developmental Biology,Reactome_2022,2.7297971517687406e-29,0.0,0.0,24.281122150789013,1596.9873814490231,PLXND1;SEMA3A;SEMA3E;ARHGAP35;RND1;DPYSL4;RRAS;DPYSL5;DPYSL2;PLXNA2;MYH14;PLXNA1;FYN;MYH11;PIP5K1C;MYH10;PLXNA4;PLXNA3;FARP2;HSP90AA1;SEMA6D;LIMK2;LIMK1;RHOC;RHOB;MYL6;CDK5;FES;MYH9;PLXNB1;PKN1;ARHGEF7;TLN1;MYL9;CDK5R1,0.546875
4,979,RAC2 GTPase Cycle R-HSA-9013404,40/87,4.64436411363608e-28,Signal Transduction,Reactome_2022,1.9744156618356277e-29,0.0,0.0,17.19710873949199,1136.6376606243896,CYFIP1;NCKAP1;DOCK4;DOCK3;TRIO;NCF1;GARRE1;NCF4;ARHGAP1;BRK1;PIK3R3;IQGAP1;ARHGAP35;PLD2;CDC42;PREX1;ABR;ARHGDIA;RAC2;NHS;SLITRK5;NCKAP1L;WASF2;GIT1;PAK4;VAV3;GIT2;ERBIN;CYBA;VAV1;VAV2;TIAM1;ABI2;TAOK3;CDC42EP4;ABI1;PKN1;DOCK2;DOCK1;EPHA2,0.45977011494252873
4,979,Negative Regulation Of PI3K/AKT Network R-HSA-199418,45/113,3.061083388766308e-28,Signal Transduction,Reactome_2022,1.2717544513715098e-29,0.0,0.0,13.428722131250789,893.4742565723523,PHLPP2;PHLPP1;IRS1;FLT3;PTEN;PDGFA;PIK3R3;TGFA;IRS2;AREG;PPP2CA;PPP2CB;PPP2R1B;ERBB3;PPP2R1A;CD19;RAC2;PIP4K2A;PIP5K1A;THEM4;PIP4K2B;PIP5K1B;FYN;PIP4K2C;PIP5K1C;ICOS;PDGFRB;PDGFRA;INSR;RHOG;FLT3LG;NRG1;PPP2R5D;ESR1;ESR2;VAV1;KITLG;LCK;KIT;STRN;FGF13;PIK3AP1;FGFR3;FGFR1;HBEGF,0.39823008849557523
4,979,Fc gamma R-mediated phagocytosis,51/97,1.5952464222887748e-39,None,KEGG_2021_Human,5.57291326563764e-41,0.0,0.0,22.669719827586206,2101.212597928083,NCF1;ARPC1B;ARPC1A;ARPC5L;INPPL1;CFL2;CFL1;RAC2;ACTR3;VAV3;ACTR2;SYK;PRKCB;PRKCD;PRKCA;VAV1;DNM2;VAV2;HCK;BIN1;AMPH;DOCK1;ARF6;ASAP3;WAS;PIK3R3;ASAP1;ASAP2;PLD1;PLD2;CDC42;PAK1;SCIN;INPP5D;PLCG2;PIP5K1A;PIP5K1B;PIP5K1C;WASF1;WASF2;WASF3;VASP;GSN;MYO10;LIMK2;LIMK1;ARPC4;ARPC5;ARPC2;ARPC3;LAT,0.5257731958762887
4,979,NRAGE Signals Death Thru JNK R-HSA-193648,34/57,7.205047102182647e-29,Signal Transduction,Reactome_2022,2.9237872298712195e-30,0.0,0.0,29.71851851851852,2020.9981344129048,TRIO;ARHGEF26;MAGED1;RASGRF2;ITSN1;KALRN;FGD1;GNA13;PREX1;ABR;BCL2L11;MCF2L;ARHGEF40;VAV3;ARHGEF10;NGFR;PLEKHG2;ARHGEF15;ARHGEF17;ARHGEF16;ARHGEF18;NGF;VAV1;VAV2;TIAM2;TIAM1;ARHGEF9;OBSCN;ARHGEF3;ARHGEF4;ARHGEF2;ARHGEF7;NGEF;ARHGEF6,0.5964912280701754
4,979,RHO GTPases Activate WASPs And WAVEs R-HSA-5663213,29/36,1.0471899670663544e-30,Signal Transduction,Reactome_2022,4.047110983831321e-32,0.0,0.0,82.9181954887218,5993.718517817867,CYFIP2;CYFIP1;NCKAP1;WIPF1;ARPC1B;WIPF2;ARPC1A;WIPF3;WAS;BRK1;WASL;ACTG1;CDC42;NCKIPSD;NCKAP1L;WASF1;WASF2;WASF3;NCK1;ACTR3;ACTR2;ARPC5;BAIAP2;PTK2;ABI2;ARPC2;ARPC3;ABI1;BTK,0.8055555555555556
4,979,Neuronal System R-HSA-112316,85/386,3.8879462229110175e-31,Neuronal System,Reactome_2022,1.4650232144302387e-32,0.0,0.0,5.913175321634819,433.4407884356104,GABRB3;GABRB2;GABRB1;PTPRS;RASGRF2;RASGRF1;PRKAG1;PRKAG2;AP2A1;AP2A2;PTPRF;RPS6KA3;RPS6KA6;RPS6KA2;RPS6KA1;FLOT1;NEFL;FLOT2;PRKACB;AP2M1;GIT1;DBNL;PRKCB;ACTN2;CASK;PRKCA;NRG1;GABRG3;GABRG2;GRIP2;CACNB3;ARHGEF9;CREB1;PRKAR1B;PRKAR1A;PICK1;MAPT;ARHGEF7;SHANK3;LLGL1;SHANK1;CAMK2B;GRIA2;CAMK2D;EPB41;CAMK2A;KCNA3;GNAI3;CACNA1A;PRKX;AKAP5;GNAI1;CAMKK2;GNAI2;GNG10;GNG2;PRKAR2B;GNG4;PRKAR2A;GNG7;MYO6;TSPAN7;AP2S1;SLITRK5;CACNG3;GRIA3;GABRA2;GABRQ;GABRA1;SYT2;GABRA6;GABRA5;GABRA4;NTRK3;GABRA3;AP2B1;GNG12;SYT9;GNG11;NBEA;CAMK4;GNB1;GNB4;GNB5;CALM1,0.22020725388601037
4,979,Regulation of actin cytoskeleton,110/218,7.280186688326041e-83,Cell motility,KEGG_2021_Human,3.1791208245965246e-85,0.0,0.0,22.1671354899203,4312.9072245107845,CYFIP2;CYFIP1;NCKAP1;MYLK2;ITGA2B;ARPC5L;ACTB;ARHGAP35;MYLK3;MYLK;ACTG1;PPP1CB;CFL2;CFL1;PIP4K2A;PIP4K2B;PIP4K2C;PDGFRB;PDGFRA;ACTN1;ACTN4;TIAM1;SPATA13;PFN4;EZR;PFN1;MYL9;PFN3;VCL;PXN;LPAR1;LPAR2;PDGFA;PIK3R3;IQGAP1;IQGAP2;MYL12A;SLC9A1;SCIN;RRAS;PDGFD;PDGFC;PIP5K1A;MYH14;NCKAP1L;PIP5K1B;MYH11;PIP5K1C;MYH10;RDX;MSN;ARPC4;ARPC5;GNG12;PTK2;SSH1;DIAPH1;DIAPH2;ARPC2;ARPC3;FGFR3;FGFR1;ARPC1B;ARPC1A;BRK1;WASL;ITGAE;RAC2;RAC3;ITGAV;GIT1;APC2;VAV3;ACTR3;ACTR2;PPP1R12A;RRAS2;VAV1;VAV2;ENAH;MRAS;ARHGEF4;MYH9;ITGA6;ARHGEF7;PPP1R12B;DOCK1;PPP1R12C;ARHGEF6;CXCR4;FGD1;FGD3;CDC42;GNA13;PAK1;GNA12;PAK6;PAK3;WASF1;PAK2;WASF2;PAK5;PAK4;GSN;LIMK2;LIMK1;BAIAP2;PPP1CA;MOS;ABI2,0.5045871559633027
4,979,Axon guidance,101/182,1.0321817900952952e-81,Development and regeneration,KEGG_2021_Human,9.014688123103015e-84,0.0,0.0,26.89811299530358,5143.4112397997005,EPHB6;RGS3;DPYSL5;CFL2;DPYSL2;CFL1;EPHB2;EPHB1;EPHB4;EPHB3;EPHA5;EPHA4;EPHA7;UNC5A;UNC5B;SEMA6D;PRKCA;UNC5C;PARD3;MYL9;EPHA3;NGEF;EPHA2;PIK3R3;EFNA5;EFNA4;PRKCZ;MYL12A;EFNB2;EFNB1;PPP3R1;EFNB3;RRAS;PLCG2;PLXNA2;PLXNA1;SRGAP3;SRGAP2;SRGAP1;PLXNA4;PLXNA3;NFATC3;NFATC2;L1CAM;PTK2;NFATC4;SSH1;EFNA3;EFNA2;CDK5;FES;PLXNB1;ROBO3;ILK;RND1;PPP3CA;PPP3CB;PPP3CC;NCK2;RAC2;RAC3;NEO1;NCK1;TRPC6;TRPC3;DCC;TRPC1;RHOD;RGMA;ENAH;RASA1;MET;CAMK2B;CAMK2D;SEMA3A;CAMK2A;GNAI3;CXCR4;SEMA3E;NTN1;GNAI1;GNAI2;NTN3;CDC42;PAK1;PARD6B;ABLIM2;PARD6A;ABLIM3;SLIT1;PAK6;FYN;SLIT3;LRIG2;PAK3;PAK2;PAK5;PAK4;LIMK2;LIMK1;SEMA4F,0.554945054945055
4,979,MAPK signaling pathway,118/294,3.416304415747647e-75,Signal transduction,KEGG_2021_Human,4.475507968228359e-77,0.0,0.0,14.674466793369232,2579.7776060874453,IGF1R;RPS6KA4;RPS6KA3;RPS6KA6;RPS6KA5;RPS6KA2;RPS6KA1;PRKACA;MAP3K6;PRKACB;MAP3K4;MAP3K5;PDGFRB;PDGFRA;MEF2C;PRKCB;HGF;FLT3LG;PRKCA;MAPK8IP2;MAPK8IP3;PGF;MAPK8IP1;CACNB3;MAPKAPK3;MAPKAPK2;EPHA2;PDGFA;TGFA;CACNA1A;NLK;EFNA5;RASGRP2;STK4;EFNA4;RASGRP1;CACNA1H;RASGRP4;RAP1B;CACNA1I;PPP3R1;RAP1A;RRAS;PDGFD;PDGFC;MAP2K5;NGFR;JUN;INSR;IGF2;NFATC3;NFATC1;GNG12;EFNA3;EFNA2;NF1;MAP3K13;FGFR3;MAP3K11;FGFR1;MAP3K12;PTPRR;FLT3;RASGRF2;RASGRF1;HSPB1;ARRB1;ARRB2;AREG;DUSP16;PPP3CA;PPP3CB;PPP3CC;DUSP10;MECOM;RAC2;RAC3;MAP4K1;MAP4K2;DUSP3;RRAS2;FOS;NGF;DUSP9;DUSP6;DUSP7;MRAS;RASA1;KIT;RASA2;MAPT;MET;SRF;CDC42;PAK1;MAPK7;ERBB3;MKNK1;GNA12;MKNK2;FLNA;FLNB;FLNC;PAK2;CACNG3;MAP4K3;MAP4K4;MAP3K2;ANGPT4;MAPK12;MAPK13;KITLG;TAOK3;TAOK2;PTPN7;TEK;LAMTOR3;PTPN5,0.4013605442176871
4,979,Ras signaling pathway,101/232,2.3637599238510853e-68,Signal transduction,KEGG_2021_Human,4.1288382949363946e-70,0.0,0.0,16.58775148237667,2650.108283646832,CALML5;CALML6;CALML3;CALML4;ETS1;IGF1R;RASSF1;RASSF5;PRKACA;PRKACB;PDGFRB;PDGFRA;RALBP1;PRKCB;HGF;FLT3LG;PRKCA;PGF;TIAM1;RIN1;EPHA2;SHC4;RAB5B;RAB5C;SHC3;PDGFA;PIK3R3;TGFA;RASAL1;RASAL2;EFNA5;PLD1;RASAL3;RASGRP2;STK4;EFNA4;RASGRP1;RASGRP4;PLD2;RAP1B;GNG10;RAP1A;RRAS;PDGFD;PDGFC;PLCG2;RALGDS;BRAP;NGFR;INSR;IGF2;GNG12;GNG11;AFDN;EFNA3;EFNA2;GNB1;GNB4;NF1;GNB5;CALM1;FGFR3;RAB5A;LAT;BCL2L1;FGFR1;FLT3;RASGRF2;RASGRF1;RAC2;RAC3;RASA4B;KSR1;RRAS2;KSR2;NGF;ZAP70;MRAS;RASA3;RASA4;RASA1;KIT;RASA2;MET;ARF6;RALA;RALB;CDC42;PAK1;GNG2;GNG4;GNG7;PAK6;SHOC2;PAK3;PAK2;PAK5;PAK4;ANGPT4;KITLG;TEK,0.4353448275862069
4,979,Rap1 signaling pathway,87/210,1.6844479371344102e-56,Signal transduction,KEGG_2021_Human,3.677833923874258e-58,0.0,0.0,14.985289292354809,1981.7687153878023,DOCK4;CALML5;CALML6;CTNND1;ITGA2B;CALML3;CALML4;ACTB;ACTG1;IGF1R;CDH1;RASSF5;RAC2;RAC3;VAV3;MAGI1;PDGFRB;PDGFRA;PRKCI;PRKCB;HGF;MAGI2;ARAP3;PRKCA;NGF;VAV1;PGF;VAV2;APBB1IP;ENAH;TIAM1;MRAS;PRKD3;PARD3;KIT;PFN4;EVL;LCP2;TLN2;PFN1;TLN1;MET;PFN3;EPHA2;RAPGEF4;RALA;RALB;LPAR1;GNAI3;LPAR2;PDGFA;PIK3R3;EFNA5;RASGRP2;PRKCZ;EFNA4;GNAI1;RAP1GAP;GNAI2;RAP1B;CDC42;PARD6B;RAP1A;PARD6A;RRAS;PDGFD;PDGFC;RALGDS;VASP;FARP2;NGFR;ANGPT4;INSR;MAPK12;MAPK13;GNAO1;AFDN;KITLG;EFNA3;EFNA2;GNAS;TEK;CALM1;FGFR3;SIPA1;LAT;FGFR1,0.4142857142857143
4,979,Endocytosis,92/252,4.054027578981077e-54,Transport and catabolism,KEGG_2021_Human,1.0621906320474438e-55,0.0,0.0,12.226691093573844,1547.6771377172774,SH3GL3;ARF1;WIPF1;SH3KBP1;WIPF2;ARPC1B;WIPF3;ARPC1A;CLTC;ARPC5L;CLTB;CBLC;CBLB;AP2A1;ARRB1;WASL;ARRB2;AP2A2;IGF1R;EEA1;PIP5KL1;GIT1;AP2M1;SH3GL2;SH3GL1;ACTR3;PDGFRA;SH3GLB2;USP8;ACTR2;PRKCI;PDCD6IP;ARAP2;ARAP3;EPS15L1;ARAP1;DNM1;EPN1;RNF41;DNM2;DNM3;ACAP1;BIN1;HGS;PARD3;AMPH;STAM2;ARF6;RAB5B;RAB5C;AGAP2;ASAP3;CXCR4;ASAP1;ASAP2;PLD1;PRKCZ;PLD2;CDC42;CYTH3;CYTH2;SNX1;GRK3;PARD6B;GRK2;PARD6A;GRK5;CLTCL1;GRK6;AP2S1;PIP5K1A;PIP5K1B;PIP5K1C;EPS15;CYTH1;GIT2;RAB4A;CAV3;IQSEC1;CAV2;IQSEC3;ARPC4;STAM;AP2B1;ARPC5;RAB10;EHD2;EHD4;ARPC2;ARPC3;FGFR3;RAB5A,0.36507936507936506
4,979,Oncogenic MAPK Signaling R-HSA-6802957,40/78,2.020995704227829e-30,Disease,Reactome_2022,8.00587670273826e-32,0.0,0.0,21.28019729835772,1523.7163296926883,CAMK2B;CAMK2D;YWHAB;FAM114A2;ITGA2B;CAMK2A;PEBP1;ARRB1;ARRB2;IQGAP1;DUSP16;PPP1CB;RAP1B;SPRED2;KIAA1549;SPRED1;DUSP10;BCL2L11;RAP1A;CSK;SHOC2;MARK3;KSR1;AGTRAP;KSR2;DUSP9;DUSP6;SND1;DUSP7;APBB1IP;CNKSR2;CNKSR1;CLCN6;MRAS;FAM131B;NF1;TLN1;CALM1;VCL;MAP3K11,0.5128205128205128
4,979,Toll Like Receptor 9 (TLR9) Cascade R-HSA-168138,22/106,4.04944014501235e-08,Immune System,Reactome_2022,7.199004702244178e-09,0.0,0.0,5.182539682539683,97.16911075992353,MEF2A;MEF2C;JUN;DUSP3;PPP2R5D;FOS;VRK3;DUSP6;DUSP7;EEA1;PPP2CA;RPS6KA3;PPP2CB;RPS6KA5;CREB1;MAPK7;PPP2R1B;MAPKAPK3;PPP2R1A;RPS6KA2;RPS6KA1;MAPKAPK2,0.20754716981132076
4,979,Ephrin Signaling R-HSA-3928664,15/18,1.532934548647345e-16,Developmental Biology,Reactome_2022,1.4218523349772477e-17,0.0,0.0,98.64107883817428,3826.483358992479,EPHB6;MYL12A;EFNB2;EFNB1;SDCBP;EFNB3;NCK2;FYN;PKN1;ARHGEF7;EPHB2;EPHB1;EPHB4;GIT1;EPHB3,0.8333333333333334
4,979,ERK/MAPK Targets R-HSA-198753,16/22,5.760513637021449e-16,Immune System,Reactome_2022,5.4543993857787615e-17,0.0,0.0,52.65489788854275,1971.7955561429128,MEF2A;MEF2C;DUSP3;PPP2R5D;VRK3;DUSP6;DUSP7;PPP2CA;PPP2CB;RPS6KA3;MAPK7;RPS6KA5;PPP2R1B;PPP2R1A;RPS6KA2;RPS6KA1,0.7272727272727273
4,979,AGE-RAGE signaling pathway in diabetic complications,19/100,8.363473989037488e-07,Endocrine and metabolic disease,KEGG_2021_Human,3.2869548428531617e-07,0.0,0.0,4.627829218106996,69.08485513422738,JUN;PRKCB;NOS3;MMP2;PRKCD;PIK3R3;PRKCA;NFATC1;PRKCZ;FOXO1;MAPK12;MAPK13;CDC42;DIAPH1;CCND1;PIM1;PLCG2;NOX4;PLCD1,0.19
4,979,Calcineurin Activates NFAT R-HSA-2025928,8/9,1.7949372390719976e-09,Immune System,Reactome_2022,2.7615446493401473e-10,0.0,0.0,156.70442842430484,3449.073989601357,FKBP1A;PPP3CA;PPP3CB;PPP3R1;NFATC3;NFATC2;NFATC1;CALM1,0.8888888888888888
4,979,WNT5A-dependent Internalization Of FZD4 R-HSA-5099900,10/15,1.186901444780721e-09,Signal Transduction,Reactome_2022,1.8118881958971396e-10,0.0,0.0,39.24871001031992,880.4067096014246,PRKCB;CLTC;CLTB;AP2S1;AP2A1;PRKCA;AP2B1;ARRB2;AP2A2;AP2M1,0.6666666666666666
4,979,Programmed Cell Death R-HSA-5357801,35/208,9.321994624816463e-10,Programmed Cell Death,Reactome_2022,1.4140610203827868e-10,0.0,0.0,4.0393847359655135,91.61076243413056,MAGED1;SATB1;YWHAB;UACA;SDCBP;PPP3R1;PPP3CC;BCL2L11;YWHAQ;FLOT1;FLOT2;SPTAN1;YWHAG;APPL1;HSP90AA1;DBNL;GSN;PDCD6IP;UNC5A;UNC5B;DCC;DAPK2;PRKCD;BMX;YWHAZ;PTK2;ARHGAP10;OCLN;CDC37;PKP1;PRKCQ;MAPT;VIM;TJP2;BCL2L1,0.16826923076923078
4,979,"Interleukin-3, Interleukin-5 And GM-CSF Signaling R-HSA-512988",16/44,7.298588674311206e-10,Immune System,Reactome_2022,1.1000771335193704e-10,0.0,0.0,11.270137961726746,258.429567541097,YES1;SYK;INPPL1;PIK3R3;CSF2RB;PRKCA;YWHAZ;VAV1;HCK;TEC;INPP5D;IL3RA;BLNK;FYN;PTPN6;JAK3,0.36363636363636365
4,979,ADP Signaling Thru P2Y Purinoceptor 12 R-HSA-392170,12/22,4.853326729474944e-10,Hemostasis,Reactome_2022,7.268267082788562e-11,0.0,0.0,23.591726990692862,550.7469350323033,GNG10;GNG2;GNG4;GNG7;GNB1;GNAI3;GNB4;GNB5;GNG12;GNG11;GNAI1;GNAI2,0.5454545454545454
4,979,FLT3 Signaling R-HSA-9607240,15/37,4.5612483428192234e-10,Immune System,Reactome_2022,6.786784973856623e-11,0.0,0.0,13.437617880045266,314.6211110965477,SYK;FLT3;FLT3LG;PTPRJ;FOXO3;SLA2;SOCS2;HCK;BCL2L11;LCK;GRB10;CSK;FYN;SOCS6;SH2B3,0.40540540540540543
4,979,Vasopressin Regulates Renal Water Homeostasis Via Aquaporins R-HSA-432040,16/42,3.2616642361635247e-10,Transport of small molecules,Reactome_2022,4.821590609980863e-11,0.0,0.0,12.138349708443169,288.35052904342103,PRKCA;GNG12;GNG11;GNG10;GNG2;PRKAR1B;GNG4;PRKAR2B;PRKAR1A;GNG7;PRKAR2A;GNB1;GNAS;GNB4;GNB5;PRKACB,0.38095238095238093
4,979,CREB1 Phosphorylation Thru Activation Of Adenylate Cyclase R-HSA-442720,9/12,1.926748996915935e-09,Neuronal System,Reactome_2022,2.9971651063136767e-10,0.0,0.0,58.81855670103093,1289.7841370481974,CREB1;PRKAR1B;PRKAR1A;PRKAR2B;PRKAR2A;PRKCA;PRKX;CALM1;PRKACB,0.75
4,979,Signaling By WNT R-HSA-195721,44/294,2.4144062731270113e-10,Signal Transduction,Reactome_2022,3.545794719954645e-11,0.0,0.0,3.5333647058823527,85.02220200742727,CLTC;CAMK2A;CLTB;ITPR1;ITPR2;AP2A1;ITPR3;ARRB2;NLK;AP2A2;PPP2CA;PPP3CA;PPP2CB;GNG10;PPP3R1;PPP3CB;GNG2;PARD6A;PPP2R1B;PPP2R1A;GNG4;GNG7;RAC2;AP2S1;PRKG2;PIP5K1B;AP2M1;PRKG1;USP8;PRKCB;PRKCA;NFATC1;PPP2R5D;AP2B1;GNG12;GNG11;YWHAZ;GNAO1;DAAM1;GNB1;GNB4;GNB5;PFN1;CALM1,0.14965986394557823
4,979,Sema4D Induced Cell Migration And Growth-Cone Collapse R-HSA-416572,12/20,1.0701998566346701e-10,Developmental Biology,Reactome_2022,1.5510142849777828e-11,0.0,0.0,29.492761116856254,734.0608720170517,MYL6;LIMK2;LIMK1;MYH14;MYH9;MYH11;PLXNB1;RHOC;MYH10;MYL9;RHOB;RND1,0.6
4,979,G Beta:Gamma Signaling Thru CDC42 R-HSA-8964616,12/20,1.0701998566346701e-10,Signal Transduction,Reactome_2022,1.5510142849777828e-11,0.0,0.0,29.492761116856254,734.0608720170517,CDC42;GNG10;GNG2;GNG4;GNG7;GNB1;GNB4;GNB5;PKN1;GNG12;GNG11;ARHGEF6,0.6
4,979,Sema3A PAK Dependent Axon Repulsion R-HSA-399954,11/16,8.918161947651454e-11,Developmental Biology,Reactome_2022,1.2752540756061984e-11,0.0,0.0,43.21818181818182,1084.140649645603,HSP90AA1;FES;SEMA3A;LIMK1;PLXNA2;PLXNA1;FYN;PKN1;ARHGEF7;PLXNA4;PLXNA3,0.6875
4,979,Regulation Of KIT Signaling R-HSA-1433559,11/16,8.918161947651454e-11,Signal Transduction,Reactome_2022,1.2752540756061984e-11,0.0,0.0,43.21818181818182,1084.140649645603,KITLG;YES1;SOCS1;LCK;KIT;PRKCA;FYN;PTPN6;SOCS6;SH2B3;SH2B2,0.6875
4,979,Interleukin-17 Signaling R-HSA-448424,21/69,5.0320931977920574e-11,Immune System,Reactome_2022,7.09841166065353e-12,0.0,0.0,8.664600730688935,222.4302656253388,MEF2A;MEF2C;JUN;DUSP3;PPP2R5D;FOS;VRK3;DUSP6;DUSP7;PPP2CA;RPS6KA3;PPP2CB;RPS6KA5;CREB1;MAPK7;PPP2R1B;MAPKAPK3;PPP2R1A;RPS6KA2;RPS6KA1;MAPKAPK2,0.30434782608695654
4,979,RHO GTPases Activate PKNs R-HSA-5625740,20/62,4.781852513355895e-11,Signal Transduction,Reactome_2022,6.699213666054152e-12,0.0,0.0,9.424003177913502,242.47046952879805,PPP1R14A;PPP1R12A;YWHAB;PKN3;KLK2;RHOC;AREG;YWHAZ;RHOB;PPP1CB;MYL6;YWHAQ;MYH9;MYH14;MYH11;PKN1;PPP1R12B;MYL9;MYH10;YWHAG,0.3225806451612903
4,979,RHO GTPases Activate CIT R-HSA-5625900,12/19,4.667151270074648e-11,Signal Transduction,Reactome_2022,6.493427854016901e-12,0.0,0.0,33.70778549268725,868.320325618696,PPP1CB;MYL6;PPP1R12A;MYH14;MYH9;MYH11;RHOC;PPP1R12B;MYH10;MYL9;LLGL1;RHOB,0.631578947368421
4,979,Signaling By ERBB2 R-HSA-1227986,18/49,4.4243999614752336e-11,Signal Transduction,Reactome_2022,6.112939077207328e-12,0.0,0.0,11.47393508106475,296.26404226096923,USP8;GRB7;PTPN18;HSP90AA1;YES1;PRKCD;MATK;ERBIN;NRG1;PRKCA;PTK6;PTPN12;RNF41;DIAPH1;ERBB3;CDC37;FYN;HBEGF,0.3673469387755102
4,979,ERKs Are Inactivated R-HSA-202670,10/13,1.2941403266798924e-10,Immune System,Reactome_2022,1.888069462112693e-11,0.0,0.0,65.42139662882697,1615.442772572209,PPP2CA;PPP2CB;DUSP3;MAPK7;PPP2R1B;PPP2R1A;PPP2R5D;VRK3;DUSP6;DUSP7,0.7692307692307693
4,979,Glucagon Signaling In Metabolic Regulation R-HSA-163359,15/32,3.7637507423611846e-11,Metabolism,Reactome_2022,5.163793289036602e-12,0.0,0.0,17.394434952404197,452.0700523419232,PRKCA;GNG12;GNG11;GNG10;GNG2;PRKAR1B;GNG4;PRKAR2B;PRKAR1A;GNG7;PRKAR2A;GNB1;GNAS;GNB4;PRKACB,0.46875
4,979,ADP Signaling Thru P2Y Purinoceptor 1 R-HSA-418592,12/25,3.257422836878994e-09,Hemostasis,Reactome_2022,5.098574875114948e-10,0.0,0.0,18.144618566542043,388.2384051200194,GNA14;GNA15;GNG10;GNG2;GNG4;GNA11;GNG7;GNB1;GNB4;GNB5;GNG12;GNG11,0.48
4,979,Aquaporin-mediated Transport R-HSA-445717,16/50,6.216393786608093e-09,Transport of small molecules,Reactome_2022,9.850131217427318e-10,0.0,0.0,9.278358072200843,192.41798700253264,PRKCA;GNG12;GNG11;GNG10;GNG2;PRKAR1B;PRKAR1A;GNG4;PRKAR2B;GNG7;PRKAR2A;GNB1;GNAS;GNB4;GNB5;PRKACB,0.32
4,979,EPHA-mediated Growth Cone Collapse R-HSA-3928663,9/15,3.3924227962882976e-08,Developmental Biology,Reactome_2022,5.965419796371692e-09,0.0,0.0,29.40463917525773,556.8440737646042,MYL6;YES1;MYH14;MYH9;FYN;MYH11;MYH10;MYL9;NGEF,0.6
4,979,MyD88 Cascade Initiated On Plasma Membrane R-HSA-975871,21/96,3.3396936823801524e-08,Immune System,Reactome_2022,5.840430497688962e-09,0.0,0.0,5.5374530271398745,104.98158906768764,MEF2A;MEF2C;JUN;DUSP3;PPP2R5D;FOS;VRK3;DUSP6;DUSP7;PPP2CA;RPS6KA3;PPP2CB;RPS6KA5;CREB1;MAPK7;PPP2R1B;MAPKAPK3;PPP2R1A;RPS6KA2;RPS6KA1;MAPKAPK2,0.21875
4,979,Toll-like Receptor Cascades R-HSA-168898,28/162,3.0355132000080314e-08,Immune System,Reactome_2022,5.279153391318314e-09,0.0,0.0,4.149881507290048,79.09466698093047,EEA1;PPP2CA;RPS6KA3;PPP2CB;RPS6KA5;SOCS1;MAPK7;PPP2R1B;PPP2R1A;RPS6KA2;RPS6KA1;PLCG2;MEF2A;MEF2C;JUN;DUSP3;PPP2R5D;FOS;VRK3;DNM1;DUSP6;DNM2;DUSP7;DNM3;CREB1;MAPKAPK3;MAPKAPK2;BTK,0.1728395061728395
4,979,RHO GTPases Activate NADPH Oxidases R-HSA-5668599,11/24,2.933328550620617e-08,Signal Transduction,Reactome_2022,5.073099618947733e-09,0.0,0.0,16.615384615384617,317.34244536590666,NCF1;PRKCB;NCF4;PRKCD;NOXA1;NOX3;RAC2;NOXO1;CYBA;PRKCA;PRKCZ,0.4583333333333333
4,979,Prostacyclin Signaling Thru Prostacyclin Receptor R-HSA-392851,10/19,2.7075810473318973e-08,Hemostasis,Reactome_2022,4.656516197343745e-09,0.0,0.0,21.80025226464855,418.2378018855185,GNG10;GNG2;GNG4;GNG7;GNB1;GNAS;GNB4;GNB5;GNG12;GNG11,0.5263157894736842
4,979,PKA-mediated Phosphorylation Of CREB R-HSA-111931,10/19,2.7075810473318973e-08,Signal Transduction,Reactome_2022,4.656516197343745e-09,0.0,0.0,21.80025226464855,418.2378018855185,CREB1;NBEA;PRKAR1B;PRKAR1A;PRKAR2B;PRKAR2A;PRKCA;PRKX;CALM1;PRKACB,0.5263157894736842
4,979,MyD88:MAL(TIRAP) Cascade Initiated On Plasma Membrane R-HSA-166058,23/112,2.4016120794218908e-08,Immune System,Reactome_2022,4.0839007340893995e-09,0.0,0.0,5.117718960086503,98.8549507507238,MEF2A;MEF2C;JUN;DUSP3;PPP2R5D;FOS;VRK3;DUSP6;DUSP7;PPP2CA;RPS6KA3;PPP2CB;RPS6KA5;SOCS1;CREB1;MAPK7;PPP2R1B;MAPKAPK3;PPP2R1A;RPS6KA2;RPS6KA1;MAPKAPK2;BTK,0.20535714285714285
4,979,Costimulation By CD28 Family R-HSA-388841,18/68,1.6491552465361588e-08,Immune System,Reactome_2022,2.788426745350993e-09,0.0,0.0,7.106722164412071,139.98670863551666,PRR5;YES1;PIK3R3;PPP2R5D;VAV1;CDC42;PPP2CA;PPP2CB;PPP2R1B;PPP2R1A;LCK;THEM4;CSK;FYN;PTPN6;PKN1;ARHGEF7;ICOS,0.2647058823529412
4,979,Toll Like Receptor 4 (TLR4) Cascade R-HSA-166016,27/140,5.1745739362469674e-09,Immune System,Reactome_2022,8.149329001045946e-10,0.0,0.0,4.745630995761136,99.3161637010572,PPP2CA;RPS6KA3;PPP2CB;RPS6KA5;SOCS1;MAPK7;PPP2R1B;PPP2R1A;RPS6KA2;RPS6KA1;PLCG2;MEF2A;MEF2C;JUN;DUSP3;PPP2R5D;FOS;VRK3;DNM1;DUSP6;DNM2;DUSP7;DNM3;CREB1;MAPKAPK3;MAPKAPK2;BTK,0.19285714285714287
4,979,"Adrenaline,noradrenaline Inhibits Insulin Secretion R-HSA-400042",12/28,1.5477254883204422e-08,Metabolism,Reactome_2022,2.601973284712627e-09,0.0,0.0,14.740175801447776,291.3689920400171,GNG10;CACNB3;GNG2;GNG4;GNG7;GNB1;GNB4;GNB5;GNG12;GNG11;GNAI1;GNAI2,0.42857142857142855
4,979,NGF-stimulated Transcription R-HSA-9031628,14/39,1.1918619174342851e-08,Signal Transduction,Reactome_2022,1.9806787420163963e-09,0.0,0.0,11.02358549222798,220.9107379381396,SH3GL3;NAB1;SRF;FOS;ASCL1;DNM2;ARC;CREB1;CDK5;VGF;SGK1;MEF2D;CDK5R2;CDK5R1,0.358974358974359
4,979,Signaling To ERKs R-HSA-187687,13/33,1.1907523950458348e-08,Signal Transduction,Reactome_2022,1.9673300439887702e-09,0.0,0.0,12.785351966873709,256.30268997705303,RALA;RALB;SHC3;YWHAB;KIDINS220;NGF;MAPK12;MAPK13;RAP1A;RIT2;MAPKAPK3;MAPKAPK2;RALGDS,0.3939393939393939
4,979,PI Metabolism R-HSA-1483255,20/82,1.0830601296809488e-08,Metabolism,Reactome_2022,1.778939343437307e-09,0.0,0.0,6.377274714924821,128.48453859200063,RAB4A;INPPL1;PTEN;PIK3R3;PIK3C2G;SYNJ2;PIK3C2A;BMX;PTPN13;PIK3C2B;SYNJ1;INPP5D;PIP4K2A;PIP5K1A;PIP4K2B;PIP5K1B;PIP4K2C;PIP5K1C;SBF2;RAB5A,0.24390243902439024
4,979,VEGFR2 Mediated Vascular Permeability R-HSA-5218920,12/27,9.529736274110518e-09,Signal Transduction,Reactome_2022,1.5560632177050023e-09,0.0,0.0,15.723681489141676,318.893663313704,PRR5;VAV3;CDH5;HSP90AA1;JUP;CTNNA1;THEM4;PKN1;ARHGEF7;CALM1;VAV1;VAV2,0.4444444444444444
4,979,Integrin Signaling R-HSA-354192,12/27,9.529736274110518e-09,Hemostasis,Reactome_2022,1.5560632177050023e-09,0.0,0.0,15.723681489141676,318.893663313704,RAP1B;APBB1IP;PTPN1;RAP1A;SYK;ITGA2B;CSK;RASGRP2;TLN1;RASGRP1;PTK2;RAPGEF4,0.4444444444444444
4,979,Signaling By Nuclear Receptors R-HSA-9006931,38/260,9.526300777150302e-09,Signal Transduction,Reactome_2022,1.537093941820387e-09,0.0,0.0,3.4196034504217288,69.39528578050597,SRF;GNAI3;PIK3R3;TGFA;ZDHHC7;ZDHHC21;FOXO3;PRKCZ;AREG;GNAI1;GNAI2;IGF1R;GNG10;GNG2;CCND1;GNG4;GNG7;S1PR3;JUN;HSP90AA1;CAV2;MMP2;FOS;GNG12;GNG11;ESR1;PTK2;ESR2;RUNX1;UHMK1;CREB1;GNB1;GNB4;STRN;PGR;GNB5;CALM1;HBEGF,0.14615384615384616
4,979,Gap Junction Degradation R-HSA-190873,8/10,8.237805782050439e-09,Vesicle-mediated transport,Reactome_2022,1.321232618183935e-09,0.0,0.0,78.34809474768281,1601.8033502279802,GJA1;CLTC;CLTCL1;MYO6;CLTB;AP2M1;DNM1;DNM2,0.8
4,979,G-protein Beta:Gamma Signaling R-HSA-397795,13/32,7.829017534584907e-09,Signal Transduction,Reactome_2022,1.2481042446439708e-09,0.0,0.0,13.458973520758418,275.9310304456273,GNG12;GNG11;CDC42;GNG10;GNG2;GNG4;GNG7;GNB1;BTK;GNB4;GNB5;PKN1;ARHGEF6,0.40625
4,979,G Beta:Gamma Signaling Thru BTK R-HSA-8964315,10/18,1.3802437420418289e-08,Signal Transduction,Reactome_2022,2.3070740809008352e-09,0.0,0.0,24.5265737874097,487.766981302969,GNG10;GNG2;GNG4;GNG7;GNB1;BTK;GNB4;GNB5;GNG12;GNG11,0.5555555555555556
4,979,MAP2K And MAPK Activation R-HSA-5674135,20/37,3.967077165206554e-16,Signal Transduction,Reactome_2022,3.717937053381989e-17,0.0,0.0,23.31350058271484,881.9678561345628,KSR1;YWHAB;ITGA2B;PEBP1;ARRB1;WDR83;ARRB2;IQGAP1;KSR2;IL17RD;RAP1B;APBB1IP;CNKSR2;CNKSR1;RAP1A;CSK;TLN1;MARK3;LAMTOR3;VCL,0.5405405405405406
4,979,CREB1 Phosphorylation Thru NMDA Receptor-Mediated Activation Of RAS Signaling R-HSA-442742,14/27,3.355521063308605e-11,Neuronal System,Reactome_2022,4.571289564507375e-12,0.0,0.0,21.212594659226784,553.886848323274,CAMK2B;CAMK2D;ACTN2;RASGRF2;CAMK2A;RASGRF1;RPS6KA3;RPS6KA6;CREB1;RPS6KA2;RPS6KA1;NEFL;CALM1;LLGL1,0.5185185185185185
4,979,Negative Regulation Of MET Activity R-HSA-6807004,13/21,9.007818135990986e-12,Signal Transduction,Reactome_2022,1.2097456240606252e-12,0.0,0.0,31.98356625258799,877.6486001369279,PTPN1;SH3GL3;USP8;SH3KBP1;PTPRJ;STAM;HGS;LRIG1;EPS15;STAM2;PTPN2;SH3GL2;SH3GL1,0.6190476190476191
4,979,G Alpha (Z) Signaling Events R-HSA-418597,20/47,1.276364950045894e-13,Signal Transduction,Reactome_2022,1.43051530633163e-14,0.0,0.0,14.671146641949562,467.6891096911786,GNAZ;RGS19;PRKCH;PRKCB;PRKCD;GNAI3;PRKCA;GNG12;GNG11;GNAI1;GNAI2;GNG10;GNG2;GNG4;GNG7;GNB1;GNAS;GNB4;PRKCQ;GNB5,0.425531914893617
4,979,Thrombin Signaling Thru Proteinase Activated Receptors (PARs) R-HSA-456926,17/32,1.179781235416257e-13,Hemostasis,Reactome_2022,1.3108680393513963e-14,0.0,0.0,22.39099099099099,715.739261901196,ARRB1;ARRB2;GNG12;GNG11;GNA13;GNA14;GNA15;GNG10;GNG2;GNG4;GNA11;GNG7;GNA12;GNB1;GNB4;GNB5;F2RL2,0.53125
4,979,Signaling By MET R-HSA-6806834,23/63,7.45981732007546e-14,Signal Transduction,Reactome_2022,8.216610381532389e-15,0.0,0.0,11.416396443514644,370.2636320182888,SH3GL3;USP8;PTPN1;RAB4A;LAMA2;LAMC3;SH3KBP1;DOCK7;RANBP9;PTPRJ;STAM;PTK2;RAP1B;RAP1A;HGS;LRIG1;RANBP10;STAM2;EPS15;SH3GL2;PTPN2;SH3GL1;ARF6,0.36507936507936506
4,979,RHO GTPases Activate ROCKs R-HSA-5627117,14/19,3.5075145817774056e-14,Signal Transduction,Reactome_2022,3.829460364645863e-15,0.0,0.0,55.1759585492228,1831.6240166608168,PPP1R12A;LIMK2;LIMK1;RHOC;RHOB;PPP1CB;MYL6;MYH14;MYH9;MYH11;PKN1;PPP1R12B;MYH10;MYL9,0.7368421052631579
4,979,CLEC7A (Dectin-1) Induces NFAT Activation R-HSA-5607763,11/11,3.3843979480889495e-14,Immune System,Reactome_2022,3.6623436732943214e-15,0.0,0.0,209231.0,6954979.274335594,PPP3CA;PPP3CB;PPP3R1;AHCYL1;ITPR1;NFATC3;ITPR2;NFATC2;ITPR3;NFATC1;CALM1,1.0
4,979,Ca2+ Pathway R-HSA-4086398,23/61,3.3604751398599854e-14,Signal Transduction,Reactome_2022,3.603987831154187e-15,0.0,0.0,12.01852565514204,399.6969279916,CAMK2A;ITPR1;ITPR2;PRKCA;ITPR3;NFATC1;NLK;GNG12;GNG11;GNAO1;PPP3CA;PPP3CB;GNG10;PPP3R1;GNG2;GNG4;GNG7;GNB1;GNB4;PRKG2;GNB5;CALM1;PRKG1,0.3770491803278688
4,979,RHOC GTPase Cycle R-HSA-9013106,25/73,2.9912671821944874e-14,Signal Transduction,Reactome_2022,3.179124541462741e-15,0.0,0.0,10.35825034940601,345.78087963344973,ARHGEF25;PKN3;ARHGEF28;ARHGAP1;IQGAP1;ARHGAP5;ARHGAP35;PREX1;ABR;ARHGDIA;MCF2L;FLOT1;FLOT2;ARHGEF40;ARHGEF10;JUP;ARHGEF17;ERBIN;MYO9B;RHOC;VAV2;DIAPH1;DAAM1;PKN1;TJP2,0.3424657534246575
4,979,GPER1 Signaling R-HSA-9634597,20/43,1.6109854097519905e-14,Signal Transduction,Reactome_2022,1.6965933300769757e-15,0.0,0.0,17.226277372262775,585.868347618847,GNAZ;GNAI3;PRKCA;GNG12;GNG11;GNAI1;GNAI2;GNG10;GNG2;PRKAR1B;GNG4;PRKAR2B;PRKAR1A;GNG7;PRKAR2A;GNB1;GNAS;GNB4;GNB5;PRKACB,0.46511627906976744
4,979,SEMA3A-Plexin Repulsion Signaling By Inhibiting Integrin Adhesion R-HSA-399955,12/14,1.303107463582148e-13,Developmental Biology,Reactome_2022,1.4730780023102542e-14,0.0,0.0,118.00827300930712,3758.426276638,FARP2;RRAS;FES;SEMA3A;PLXNA2;PLXNA1;FYN;PIP5K1C;TLN1;PLXNA4;RND1;PLXNA3,0.8571428571428571
4,979,FCGR3A-mediated IL10 Synthesis R-HSA-9664323,19/38,1.5033183658080873e-14,Disease,Reactome_2022,1.5686800338866996e-15,0.0,0.0,19.79375,674.7400756773203,AHCYL1;YES1;SYK;ITPR1;ITPR2;ITPR3;PRKX;PRKCA;FGR;HCK;CREB1;PRKAR1B;PRKAR2B;PRKAR1A;PRKAR2A;PLCG2;FYN;CALM1;PRKACB,0.5
4,979,Signaling By SCF-KIT R-HSA-1433557,20/42,9.284400765114116e-15,Signal Transduction,Reactome_2022,9.508661653160351e-16,0.0,0.0,18.010237937245236,622.958971963679,GRB7;PTPRU;YES1;PIK3R3;PRKCA;VAV1;FER;KITLG;SOCS1;TEC;FES;LCK;KIT;GRB10;FYN;PTPN6;GRAP;SOCS6;SH2B3;SH2B2,0.47619047619047616
4,979,Muscle Contraction R-HSA-397014,42/196,3.298238081902667e-15,Muscle contraction,Reactome_2022,3.3460386338142993e-16,0.0,0.0,5.49151062384787,195.682206964157,CAMK2B;CAMK2D;AHCYL1;GUCY1B1;CAMK2A;ITPR1;ITPR2;ITPR3;MYL12A;CACNA1H;MYLK;NPPA;MYH11;SCN3B;SCN1B;CORIN;WWTR1;GUCY1A2;GUCY1A1;ACTN3;CAV3;ACTN2;TPM3;MYL11;TRPC1;PRKCA;SORBS1;ACTA2;MYL6;FGF14;MYL1;SCN8A;ORAI1;PKN1;VIM;TLN1;CALM1;FGF13;MYL9;FGF12;VCL;FGF11,0.21428571428571427
4,979,RET Signaling R-HSA-8853659,20/40,2.7874226968690976e-15,Developmental Biology,Reactome_2022,2.8008885069989e-16,0.0,0.0,19.8133472367049,709.5441945467203,RET;GRB7;SHC3;PIK3R3;IRS2;GFRA1;PRKCA;GFRA3;RAP1GAP;DOK1;DOK2;MAPK7;DOK4;ARTN;DOK5;DOK6;GRB10;NRTN;PRKACB;SHANK3,0.5
4,979,Effects Of PIP2 Hydrolysis R-HSA-114508,17/27,2.477815681022585e-15,Hemostasis,Reactome_2022,2.4658455569596743e-16,0.0,0.0,33.595322245322244,1207.3764645787828,DGKG;DAGLA;DGKD;PRKCH;TRPC6;TRPC3;DGKA;PRKCD;ITPR1;ITPR2;ITPR3;RASGRP2;RASGRP1;DGKZ;PRKCQ;DAGLB;MGLL,0.6296296296296297
4,979,Beta-catenin Independent WNT Signaling R-HSA-3858494,36/142,1.5910587273896337e-15,Signal Transduction,Reactome_2022,1.567999905253552e-16,0.0,0.0,6.812261149682866,247.908814631564,CLTC;CAMK2A;ITPR1;CLTB;ITPR2;ITPR3;AP2A1;ARRB2;NLK;AP2A2;PPP3CA;GNG10;PPP3R1;PPP3CB;GNG2;PARD6A;GNG4;GNG7;RAC2;AP2S1;PRKG2;AP2M1;PRKG1;PRKCB;PRKCA;NFATC1;AP2B1;GNG12;GNG11;GNAO1;DAAM1;GNB1;GNB4;GNB5;PFN1;CALM1,0.2535211267605634
4,979,Signaling By RAF1 Mutants R-HSA-9656223,20/38,7.676180145221957e-16,Disease,Reactome_2022,7.49076516586877e-17,0.0,0.0,22.01714749160005,817.5027549552086,CAMK2B;CAMK2D;KSR1;YWHAB;CAMK2A;ITGA2B;ARRB1;ARRB2;IQGAP1;KSR2;RAP1B;APBB1IP;CNKSR2;CNKSR1;RAP1A;CSK;CALM1;TLN1;MARK3;VCL,0.5263157894736842
4,979,Signaling By B Cell Receptor (BCR) R-HSA-983705,32/109,7.552453611040897e-16,Immune System,Reactome_2022,7.29705662902502e-17,0.0,0.0,8.313443684087824,308.89826669775823,BLK;AHCYL1;SH3KBP1;ITPR1;DAPP1;ITPR2;ITPR3;RASGRP1;MALT1;CD79B;CD79A;PPP3CA;PPP3R1;PPP3CB;CD19;PLCG2;BLNK;FYN;NCK1;SYK;PRKCB;TRPC1;NFATC3;NFATC2;NFATC1;VAV1;FKBP1A;BTK;ORAI1;PTPN6;CALM1;PIK3AP1,0.29357798165137616
4,979,RHOB GTPase Cycle R-HSA-9013026,26/69,6.064563054747029e-16,Signal Transduction,Reactome_2022,5.80088640019281e-17,0.0,0.0,12.04099660801874,450.1639267261967,ARHGEF25;PKN3;ARHGEF28;SNAP23;ARHGAP1;ARHGAP5;ARHGAP35;PREX1;ABR;MCF2L;FLOT1;FLOT2;ARHGEF10;JUP;ARHGEF17;STARD8;ERBIN;MYO9B;RHOB;VAV2;DIAPH1;DAAM1;ARHGEF3;ARHGEF2;PKN1;TJP2,0.37681159420289856
4,979,Cargo Recognition For Clathrin-Mediated Endocytosis R-HSA-8856825,30/104,1.1201579142761171e-14,Vesicle-mediated transport,Reactome_2022,1.1580376505076768e-15,0.0,0.0,8.094010765243642,278.36961891523777,ITSN2;SH3GL3;SH3KBP1;ITSN1;CLTC;CLTB;TGFA;AP2A1;ARRB1;ARRB2;AP2A2;AREG;GRK3;GRK2;CLTCL1;AP2S1;REPS2;EPS15;AP2M1;SH3GL2;SH3GL1;SYT2;STAM;EPS15L1;AP2B1;SYT9;EPN1;HGS;STAM2;HBEGF,0.28846153846153844
4,979,Negative Regulation Of MAPK Pathway R-HSA-5675221,17/41,1.709950351011539e-11,Signal Transduction,Reactome_2022,2.3129763202088455e-12,0.0,0.0,13.987742550242553,374.7663960353293,KSR1;YWHAB;PEBP1;PPP2R5D;DUSP16;DUSP9;DUSP6;MAPK12;DUSP7;PPP2CA;PPP2CB;DUSP10;PPP2R1B;PPP2R1A;PTPN7;MARK3;PTPN3,0.4146341463414634
4,979,RHOV GTPase Cycle R-HSA-9013424,18/37,1.4330454977808644e-13,Signal Transduction,Reactome_2022,1.6338103259723868e-14,0.0,0.0,18.732460704310203,594.6671425567258,GIT2;TPM3;CLTC;IQGAP1;WASL;CDC42;PARD6B;PARD6A;NCK2;PKN1;ARHGEF7;SPTAN1;GIT1;SPTBN1;MAP3K11;NCK1;PAK4;EPHA2,0.4864864864864865
4,979,Signaling By High-Kinase Activity BRAF Mutants R-HSA-6802948,17/33,2.226100065696952e-13,Disease,Reactome_2022,2.5809855834167557e-14,0.0,0.0,20.990449584199585,656.7496057036734,KSR1;YWHAB;ITGA2B;PEBP1;ARRB1;ARRB2;IQGAP1;KSR2;RAP1B;APBB1IP;CNKSR2;CNKSR1;RAP1A;CSK;TLN1;MARK3;VCL,0.5151515151515151
4,979,Translocation Of SLC2A4 (GLUT4) To Plasma Membrane R-HSA-1445148,19/51,8.800338076477301e-12,Vesicle-mediated transport,Reactome_2022,1.1733784101969736e-12,0.0,0.0,11.744498697916669,322.6346974691368,RALA;RAB4A;STXBP3;YWHAB;EXOC7;SNAP23;PRKAG1;PRKAG2;MYO5A;LNPEP;YWHAZ;RAB10;YWHAQ;TBC1D4;MYH9;STX4;CALM1;YWHAG;RHOQ,0.37254901960784315
4,979,DCC Mediated Attractive Signaling R-HSA-418885,11/14,8.790414901595746e-12,Developmental Biology,Reactome_2022,1.1635621657184709e-12,0.0,0.0,72.03787878787878,1979.5674103008969,CDC42;TRIO;ABLIM2;ABLIM3;DCC;FYN;WASL;NTN1;DOCK1;PTK2;NCK1,0.7857142857142857
4,979,Retrograde Neurotrophin Signaling R-HSA-177504,11/14,8.790414901595746e-12,Signal Transduction,Reactome_2022,1.1635621657184709e-12,0.0,0.0,72.03787878787878,1979.5674103008969,DNM3;CLTC;AP2S1;AP2A1;AP2B1;NGF;AP2A2;DNM1;AP2M1;SH3GL2;DNM2,0.7857142857142857
4,979,Trafficking Of GluR2-containing AMPA Receptors R-HSA-416993,12/17,6.697473797582136e-12,Neuronal System,Reactome_2022,8.735835388150611e-13,0.0,0.0,47.19586349534643,1310.448493376663,GRIA2;PRKCB;TSPAN7;AP2S1;PICK1;AP2A1;PRKCA;AP2B1;AP2A2;GRIP2;AP2M1;GRIA3,0.7058823529411765
4,979,MAP Kinase Activation R-HSA-450294,21/62,5.188961165068847e-12,Immune System,Reactome_2022,6.718075324823434e-13,0.0,0.0,10.147665359743367,284.42692855453976,MEF2A;MEF2C;JUN;DUSP3;PPP2R5D;FOS;VRK3;DUSP6;DUSP7;PPP2CA;RPS6KA3;PPP2CB;RPS6KA5;CREB1;MAPK7;PPP2R1B;MAPKAPK3;PPP2R1A;RPS6KA2;RPS6KA1;MAPKAPK2,0.3387096774193548
4,979,Thromboxane Signaling Thru TP Receptor R-HSA-428930,14/24,3.993068986520495e-12,Hemostasis,Reactome_2022,5.13119009862054e-13,0.0,0.0,27.580725388601035,780.4867749153211,GNG12;GNG11;GNA13;GNA14;GNA15;GNG10;GNG2;GNG4;GNA11;GNG7;GNB1;GNB4;GNB5;AAMP,0.5833333333333334
4,979,Sema4D In Semaphorin Signaling R-HSA-400685,14/24,3.993068986520495e-12,Developmental Biology,Reactome_2022,5.13119009862054e-13,0.0,0.0,27.580725388601035,780.4867749153211,LIMK2;LIMK1;RHOC;ARHGAP35;RHOB;RND1;MYL6;RRAS;MYH14;MYH9;MYH11;PLXNB1;MYH10;MYL9,0.5833333333333334
4,979,Smooth Muscle Contraction R-HSA-445355,18/43,3.361251189349837e-12,Muscle contraction,Reactome_2022,4.254337254152934e-13,0.0,0.0,14.232174817898024,405.41299562235736,GUCY1A2;GUCY1A1;GUCY1B1;CAV3;TPM3;MYL11;SORBS1;CACNA1H;MYL12A;MYLK;ACTA2;MYL6;MYH11;PKN1;CALM1;TLN1;MYL9;VCL,0.4186046511627907
4,979,Signal Amplification R-HSA-392518,17/33,2.226100065696952e-13,Hemostasis,Reactome_2022,2.5809855834167557e-14,0.0,0.0,20.990449584199585,656.7496057036734,GNAI3;GNG12;GNG11;GNAI1;GNAI2;GNA13;GNA14;GNA15;GNG10;GNG2;GNG4;GNA11;GNG7;GNB1;GNB4;GNB5;AAMP,0.5151515151515151
4,979,G Alpha (S) Signaling Events R-HSA-418555,33/153,3.3264600946834978e-12,Signal Transduction,Reactome_2022,4.178162437766712e-13,0.0,0.0,5.494476744186047,156.61310725155428,GNAZ;PDE1B;PDE1A;PDE3B;GNAI3;ARRB1;ARRB2;GNAI1;GNAI2;GNG10;GRK3;GRK2;GNG2;GRK5;PRKAR2B;GNG4;PRKAR2A;GNG7;GRK6;PDE4A;PRKACB;PDE4C;PRKCA;GNG12;GNG11;TSHR;PRKAR1B;PRKAR1A;GNB1;GNAS;GNB4;PDE3A;GNB5,0.21568627450980393
4,979,GPVI-mediated Activation Cascade R-HSA-114604,16/32,2.2182998934371045e-12,Hemostasis,Reactome_2022,2.7648375483418985e-13,0.0,0.0,19.73520249221184,570.6754365148453,VAV3;SYK;RHOG;PIK3R3;GP6;PRKCZ;VAV1;RHOB;VAV2;CDC42;LCK;PLCG2;RAC2;FYN;LCP2;PTPN6,0.5
4,979,Rap1 Signaling R-HSA-392517,12/16,2.1916457825936293e-12,Immune System,Reactome_2022,2.689265839511024e-13,0.0,0.0,58.99793174767321,1707.6560763113864,RAP1B;RAP1A;YWHAB;PRKCA;RASGRP2;RASGRP1;YWHAZ;PRKACB;RAP1GAP;PRKG1;SIPA1;RAPGEF4,0.75
4,979,CRMPs In Sema3A Signaling R-HSA-399956,12/16,2.1916457825936293e-12,Developmental Biology,Reactome_2022,2.689265839511024e-13,0.0,0.0,58.99793174767321,1707.6560763113864,CDK5;DPYSL4;DPYSL5;FES;SEMA3A;DPYSL2;PLXNA2;PLXNA1;FYN;PLXNA4;CDK5R1;PLXNA3,0.75
4,979,Anti-inflammatory Response Favoring Leishmania Infection R-HSA-9662851,35/165,1.138465973927436e-12,Disease,Reactome_2022,1.3749589057094641e-13,0.0,0.0,5.3877526075619295,159.55927601049086,GNAZ;AHCYL1;ITPR1;GNAI3;ITPR2;ITPR3;PRKX;GNAI1;GNAI2;GNG10;GNG2;PRKAR2B;GNG4;PRKAR2A;GNG7;PLCG2;FYN;PRKACB;YES1;SYK;PRKCA;GNG12;GNG11;TSHR;FGR;HCK;CREB1;PRKAR1B;PRKAR1A;GNB1;GNAS;GNB4;MYH9;GNB5;CALM1,0.21212121212121213
4,979,Fc Epsilon Receptor (FCERI) Signaling R-HSA-2454202,31/130,1.0164386847807529e-12,Immune System,Reactome_2022,1.2177622890126892e-13,0.0,0.0,6.250074585517623,185.85591306715045,ITK;AHCYL1;ITPR1;ITPR2;ITPR3;RASGRP2;RASGRP1;RASGRP4;MALT1;PPP3CA;PPP3R1;PPP3CB;PLCG2;FCER1A;FYN;VAV3;JUN;SYK;NFATC3;NFATC2;NFATC1;FOS;VAV1;VAV2;TEC;BTK;PRKCQ;LCP2;PKN1;CALM1;MS4A2,0.23846153846153847
4,979,Synthesis Of PIPs At Plasma Membrane R-HSA-1660499,20/51,7.931735347019112e-13,Metabolism,Reactome_2022,9.42612026747199e-14,0.0,0.0,12.77540448720105,383.1689599421412,RAB4A;INPPL1;PTEN;PIK3R3;PIK3C2G;SYNJ2;PIK3C2A;BMX;PTPN13;PIK3C2B;SYNJ1;INPP5D;PIP4K2A;PIP5K1A;PIP4K2B;PIP5K1B;PIP4K2C;PIP5K1C;SBF2;RAB5A,0.39215686274509803
4,979,ESR-mediated Signaling R-HSA-8939211,38/188,5.340749667324439e-13,Signal Transduction,Reactome_2022,6.295376419454894e-14,0.0,0.0,5.080396741055615,154.42564875556116,SRF;GNAI3;PIK3R3;TGFA;ZDHHC7;ZDHHC21;FOXO3;PRKCZ;AREG;GNAI1;IGF1R;GNAI2;GNG10;GNG2;CCND1;GNG4;GNG7;S1PR3;JUN;HSP90AA1;CAV2;MMP2;FOS;GNG12;ESR1;GNG11;ESR2;PTK2;RUNX1;UHMK1;CREB1;GNB1;GNB4;PGR;STRN;GNB5;CALM1;HBEGF,0.20212765957446807
4,979,RHOJ GTPase Cycle R-HSA-9013409,21/54,2.360175846126368e-13,Signal Transduction,Reactome_2022,2.7592393949883153e-14,0.0,0.0,12.613019548301386,393.794063038611,GIT2;TRIO;JUP;FNBP1;DOCK8;WIPF2;SNAP23;ARHGAP1;WAS;WWP2;WASL;ARHGAP5;ARHGAP35;CDC42;PREX1;GJA1;RHOJ;PKN1;ARHGEF7;GIT1;PAK4,0.3888888888888889
4,979,RAF Activation R-HSA-5673000,16/32,2.2182998934371045e-12,Signal Transduction,Reactome_2022,2.7648375483418985e-13,0.0,0.0,19.73520249221184,570.6754365148453,CAMK2B;CAMK2D;KSR1;YWHAB;CAMK2A;PPP2R5D;PPP1CB;PPP2CA;PPP2CB;MRAS;PPP2R1B;PPP2R1A;SHOC2;CALM1;MARK3;MAP3K11,0.5
4,979,Chagas disease,19/102,1.141219076154983e-06,Infectious disease: parasitic,KEGG_2021_Human,4.534975368126789e-07,0.0,0.0,4.515838353413654,65.95958135642555,JUN;GNAI3;PIK3R3;FOS;GNAI1;MAPK12;GNAI2;MAPK13;GNAO1;PPP2CA;GNA14;PPP2CB;GNA15;PPP2R1B;PPP2R2C;PPP2R1A;PPP2R2B;GNA11;GNAS,0.18627450980392157
4,979,Signaling By Rho GTPases R-HSA-194315,206/644,1.4970218857923728e-111,Signal Transduction,Reactome_2022,4.3391938718619496e-114,0.0,0.0,11.306532693000644,2951.3104450956384,CYFIP2;ITSN2;CYFIP1;NCKAP1;TRIO;WIPF1;WIPF2;ITSN1;WIPF3;MYLK;PREX2;PREX1;GJA1;PPP2R1B;PPP2R1A;FNBP1;PRKCB;STARD8;ACTN1;PRKCD;PRKCA;TIAM2;TIAM1;MYL6;DAAM1;CDC37;SPATA13;BTK;PFN1;MYL9;NGEF;LLGL1;EPHA2;GRB7;GARRE1;PIK3R3;IQGAP1;KLK2;IQGAP2;PRKCZ;KALRN;ABR;MYO6;NCKAP1L;SPTBN1;JUP;STAM;PTK2;NOX3;CALM1;ARPC1B;ARPC1A;CLTC;ARHGAP1;WASL;ARHGAP5;AREG;ARHGAP4;RAC2;SPTAN1;GIT1;VAV3;RHOG;RRAS2;RHOC;RHOD;VAV1;RHOB;VAV2;ARHGEF9;CTTN;CDC42EP5;CDC42EP4;RHOJ;CDC42EP2;ARHGEF3;ARHGEF4;RHOU;ARHGEF2;ARHGEF7;RHOQ;ARHGEF6;PKN3;WAS;NOXO1;FGD1;PPP2CA;PPP2CB;FGD5;CTNNA1;FLNA;PAK4;FARP2;GIT2;KIDINS220;ERBIN;WWP2;MYO9B;TMEM59;ABI2;TAOK3;ABI1;TRIP10;PKN1;TJP2;NCF1;PLXND1;NCF4;ARHGAP35;ACTG1;PPP1CB;DOCK11;ARHGDIA;MPZ;ARHGEF40;RALGAPA1;TPM3;CYBA;OBSCN;HGS;ELMO2;STAM2;ARHGEF26;ARHGEF25;ARHGEF28;RASAL2;PLD2;NCKIPSD;PLXNA1;MYH14;MYH11;SRGAP2;SRGAP1;MYH10;ARPC5;DIAPH1;ARHGAP31;DIAPH2;ARPC2;ARPC3;NOXA1;PLXNB1;NF2;MAP3K11;DOCK6;DOCK4;DOCK3;YWHAB;RASGRF2;DOCK8;SNAP23;DOCK7;BRK1;RND1;YWHAQ;MCF2L;NCK2;FLOT1;FLOT2;YWHAG;NCK1;ACTR3;ACTR2;ARHGEF10;HSP90AA1;PLEKHG2;PPP1R12A;ARHGEF15;ARHGEF17;ARHGEF16;ARAP2;ARAP3;ARHGEF18;PPP2R5D;ARAP1;YWHAZ;ARHGAP10;ZAP70;ALS2;LCK;MYH9;EVL;PPP1R12B;DOCK2;DOCK1;SRF;UACA;CDC42;GNA13;PARD6B;PARD6A;NHS;SLITRK5;PTK2B;CSK;WASF1;WASF2;WASF3;PPP1R14A;LIMK2;LIMK1;SEMA4F;BAIAP2;PTPN13;FMNL1;VIM,0.3198757763975155
4,979,Progesterone-mediated oocyte maturation,18/100,3.758027828291001e-06,Endocrine system,KEGG_2021_Human,1.5261859739347734e-06,0.0,0.0,4.326057714271212,57.93776083795917,HSP90AA1;PDE3B;GNAI3;PIK3R3;GNAI1;MAPK12;IGF1R;GNAI2;MAPK13;MOS;RPS6KA3;RPS6KA6;CPEB1;RPS6KA2;RPS6KA1;PGR;PRKACA;PRKACB,0.18
4,979,Actin Filament (GO:0005884),22/71,2.274660643028478e-11,cellular anatomical structure,GO_Cellular_Component_2023,1.4930204992851014e-12,0.0,0.0,8.900774102744546,242.3700358060237,APC2;ACTN3;WIPF1;ACTN2;TPM3;ACTN1;WAS;MYO5A;MYO9B;IQGAP1;ACTG1;ACTA1;HCK;DIAPH1;PAK1;DIAPH2;CTTN;MYO6;RAC2;TEK;EZR;RHOQ,0.30985915492957744
4,979,Positive Regulation Of Kinase Activity (GO:0033674),27/104,2.71488027203554e-11,biological regulation,GO_Biological_Process_2023,5.190975663547879e-13,0.0,0.0,6.977627414602204,197.3739455165293,ALK;RET;FLT3;AGAP2;PRKAG1;PRKAG2;IQGAP1;IGF1R;RAP1A;RELN;ERBB3;PTK2B;EPHB4;MAP3K5;PDGFRB;PDGFRA;INSR;NTRK3;PTK2;ALS2;LCP2;TEK;FGFR3;MET;EPHA2;FGFR1;MAP3K12,0.25961538461538464
4,979,Benzodiazepine Receptor Activity (GO:0008503),9/9,2.905059490850725e-11,molecular transducer activity,GO_Molecular_Function_2023,1.5573514796313165e-12,0.0,0.0,171189.0,4654292.439215073,GABRA2;GABRA6;GABRA5;GABRA4;GABRA3;GABRE;GABRG3;GABRG2;GABRG1,1.0
4,979,Regulation Of Insulin Receptor Signaling Pathway (GO:0046626),18/44,3.5353764604640795e-11,biological regulation,GO_Biological_Process_2023,6.872465394783583e-13,0.0,0.0,13.68406307532218,383.2370104136485,GRB7;PTPN1;IRS1;PRKCB;PRKCD;IGF2;SORBS1;PRKCZ;SOCS1;GRB14;GKAP1;GRB10;PIP4K2A;PIP4K2B;PRKCQ;PIP4K2C;PTPN2;NCK1,0.4090909090909091
4,979,Positive Regulation Of Phosphatidylinositol 3-Kinase Signaling (GO:0014068),22/69,3.9267823350722176e-11,None,GO_Biological_Process_2023,7.75846095520961e-13,0.0,0.0,9.280508681829298,258.78533474956043,PDGFRB;PDGFRA;NCF1;FLT3;UNC5B;HGF;INSR;NTRK3;PDGFA;SEMA3E;PTK2;IGF1R;FGR;ERBB3;PDGFD;KIT;PDGFC;PLXNB1;PTPN6;TEK;PIK3AP1;FGFR1,0.3188405797101449
4,979,SH3 Domain Binding (GO:0017124),20/59,4.201421766443384e-11,binding,GO_Molecular_Function_2023,2.3389358287416777e-12,0.0,0.0,10.15053073447234,271.84466317245307,VASP;NCF1;WIPF1;WAS;CBLC;CBLB;CYBA;AKAP5;PTPN12;DNM2;ENAH;ABI2;NOXA1;ELMO1;EVL;MAPT;SHANK3;SOCS7;WASF2;SHANK1,0.3389830508474576
4,979,Rac Protein Signal Transduction (GO:0016601),12/17,4.351278007621685e-11,cellular process,GO_Biological_Process_2023,8.735835388150611e-13,0.0,0.0,47.19586349534643,1310.448493376663,FARP2;EPS8;CYFIP1;NCKAP1;TIAM1;DBNL;GARRE1;RHOG;ELMO1;BRK1;RAC3;WASF1,0.7058823529411765
4,979,Regulation Of Actin Filament-Based Process (GO:0032970),22/70,5.2940778071706494e-11,biological regulation,GO_Biological_Process_2023,1.079735435496882e-12,0.0,0.0,9.08668582375479,250.37731328056,EPHA5;PDGFRB;RALA;SIGLEC15;PRKCD;RHOG;PDGFA;NRG1;EFNA5;IQGAP2;BAIAP2;ARHGAP35;CDC42;HCK;PAK1;CAPN10;TAOK2;RAC3;EZR;PAK3;EPHA3;RHOQ,0.3142857142857143
4,979,Positive Regulation Of MAPK Cascade (GO:0043410),48/310,6.161432493870835e-11,biological regulation,GO_Biological_Process_2023,1.2762686810121234e-12,0.0,0.0,3.691475143693476,101.0987265110621,RET;FLT3;LPAR1;PDGFA;TGFA;PTPRJ;ARRB1;IQGAP1;ARRB2;PRKCZ;RASGRP1;IGF1R;GHR;RAP1A;PDGFD;PDGFC;PLCG2;PTK2B;ALKAL2;ALKAL1;MAP2K5;MAP4K1;PDGFRB;PDGFRA;MEF2C;KSR1;CAV2;INSR;DENND2B;NTRK3;IGF2;PRKCA;NRG1;MOS;DOK2;RIT2;TAOK3;DOK4;DOK5;DOK6;HAND2;KIT;TAOK2;SPRY2;TEK;FGFR3;FGFR1;MAP3K12,0.15483870967741936
4,979,Positive Regulation Of Actin Filament Polymerization (GO:0030838),17/41,1.0673705430610819e-10,cellular process,GO_Biological_Process_2023,2.3129763202088455e-12,0.0,0.0,13.987742550242553,374.7663960353293,VASP;NCKAP1;BAIAP2;HCK;FER;CTTN;BIN1;CDC42EP5;CDC42EP4;NCK2;CDC42EP2;PTK2B;NCKAP1L;EVL;PFN1;NCK1;ARF6,0.4146341463414634
4,979,Actin Filament Organization (GO:0007015),31/144,1.0673705430610819e-10,cellular process,GO_Biological_Process_2023,2.2627936184090543e-12,0.0,0.0,5.471677681938688,146.7198686753312,HIP1;WIPF1;SH3KBP1;INPPL1;WAS;WASL;RND1;EPS8;CDC42;SCIN;MYO6;RAC2;RAC3;FLNA;GSN;TPM3;ACTN1;RHOG;DSTN;MYO5A;ARPC4;BAIAP2;ENAH;ACTA1;MYO1C;ABI2;ELMO1;CDC42EP2;ELMO2;EVL;ARHGEF2,0.2152777777777778
4,979,Dendritic Spine Organization (GO:0097061),14/26,1.0673705430610819e-10,cellular process,GO_Biological_Process_2023,2.304597808474135e-12,0.0,0.0,22.981519861830744,615.8154477426199,PRNP;INSR;PTEN;WASL;IGF1R;CDC42;PICK1;FYN;EPHB2;PAK3;EPHB1;SHANK3;EPHB3;SHANK1,0.5384615384615384
4,979,Positive Regulation Of Cellular Process (GO:0048522),71/594,1.327328754982544e-10,biological regulation,GO_Biological_Process_2023,2.9186005128679265e-12,0.0,0.0,2.765639608830788,73.4551581608738,PRR5;IRS1;FLT3;SIRPG;PTEN;IRS2;PTPRJ;AREG;ACTB;IGF1R;RPS6KA3;PPP3CA;CAPNS1;RPS6KA1;CHP2;ITGAV;CAPN1;TEAD1;PDGFRB;EPHA4;PDGFRA;CSNK2A1;RHOG;MATK;FLT3LG;ADAM10;PRKCA;NRG1;RHOD;PGF;TIAM1;HCK;MYL1;PARD3;CD47;MAPT;HBEGF;YAP1;LAMA2;SRF;PDGFA;TGFA;TWIST1;AKAP6;NTN1;GNAI2;CDC42;EFNB2;SDCBP;PAK1;GRK5;ERBB3;PDGFD;PDGFC;PTK2B;STX4;S1PR3;WWTR1;NTRK3;INSR;IGF2;PTK6;PTK2;EPOR;TSHR;KITLG;FER;CAPN10;PTPN6;FGFR3;FGFR1,0.11952861952861953
4,979,Transmembrane Receptor Protein Tyrosine Kinase Activity (GO:0004714),18/50,1.579307083852804e-10,catalytic activity,GO_Molecular_Function_2023,9.117649143892476e-12,0.0,0.0,11.114789281997918,282.5469366842321,EPHB6;RET;EPHA5;PDGFRB;PDGFRA;FLT3;INSR;NTRK3;IGF1R;KIT;TEK;MET;FGFR3;EPHB4;EPHA3;EPHB3;EPHA2;FGFR1,0.36
4,979,Regulation Of Stress Fiber Assembly (GO:0051492),22/75,2.3041260544871274e-10,biological regulation,GO_Biological_Process_2023,5.139860542195632e-12,0.0,0.0,8.227282585122532,213.8599437691892,ARHGEF10;ARHGEF15;FHOD1;PXN;LIMK1;ASAP3;LPAR1;WAS;ARHGEF18;ARAP1;RHOC;ACTG1;SLC9A1;CDC42;PAK1;EVL;CD47;NF2;PFN1;MET;PAK2;WASF2,0.29333333333333333
4,979,Transmembrane-Ephrin Receptor Activity (GO:0005005),11/14,2.2573106014938328e-11,catalytic activity,GO_Molecular_Function_2023,1.1635621657184709e-12,0.0,0.0,72.03787878787878,1979.5674103008969,EPHA5;EPHB6;EPHA4;EPHA7;EFNB3;EPHA10;EPHB2;EFNA4;EPHB1;EPHA3;EPHB3,0.7857142857142857
4,979,Axon (GO:0030424),38/205,1.753663535796239e-11,cellular anatomical structure,GO_Cellular_Component_2023,1.0833442692177538e-12,0.0,0.0,4.559119805023322,125.6081652863017,RET;ROBO3;PTPRS;SEMA3A;PTPRO;DOCK7;KCNA3;IQGAP1;IGF1R;PAK1;NEFL;CTNNA2;EPHB2;EPHA5;KIRREL3;EPHA4;SYT2;CNTN6;INSR;NTRK3;L1CAM;MAPK8IP3;UHMK1;CDK5;BIN1;SYT11;MAP1B;SCN8A;TAOK2;CNTN1;NF1;CNTN2;MAPT;VIM;FGF13;RAB5A;LLGL1;CDK5R1,0.18536585365853658
4,979,Positive Regulation Of Cell Projection Organization (GO:0031346),29/118,1.7505415523915452e-11,biological regulation,GO_Biological_Process_2023,3.2913305159688073e-13,0.0,0.0,6.493530455351863,186.6390933536268,RET;CAMK2B;PLXND1;ARHGAP35;RAP1A;RELN;CUX1;PLXNA2;PLXNA1;PTK2B;ALKAL2;ALKAL1;SCN1B;PLXNA4;PLXNA3;PRKCI;CDKL5;KIDINS220;NTRK3;MAGI2;PTK6;TIAM2;TIAM1;RIT2;FES;PLXNB1;ITGA6;MAP3K13;EPHA3,0.2457627118644068
4,979,Nervous System Development (GO:0007399),60/433,1.5785516047682847e-11,developmental process,GO_Biological_Process_2023,2.917654336410469e-13,0.0,0.0,3.264067773865403,94.21022094342815,NCKAP1;SH3GL3;PLXND1;CHD7;PTEN;RPS6KA3;RPS6KA6;EDNRB;DPYSL4;CDH2;DPYSL5;CDH1;NRTN;EPHB2;EPHB1;SH3GL2;SH3GL1;APC2;KIRREL3;MEF2C;DBNL;APLP2;NRG1;GFRA1;PPP2R5D;GFRA3;SOX10;DNM3;SCN8A;EVL;DAGLB;MET;SHANK3;SHC3;LPAR1;CXCR4;ASCL1;EFNA5;KALRN;RELN;EFNB3;SCIN;PTPRZ1;ERBB3;FLRT3;PDGFC;SPTBN1;GSN;CNTN6;ZBTB16;LIMK1;SEMA4F;L1CAM;FGF14;CDK5;ARTN;NF1;FGF13;FGF12;FGF11,0.13856812933025403
4,979,Insulin Receptor Signaling Pathway (GO:0008286),20/47,9.587048199875493e-13,cellular process,GO_Biological_Process_2023,1.43051530633163e-14,0.0,0.0,14.671146641949562,467.6891096911786,GRB7;IRS1;STXBP4;CAV2;INSR;IGF2;PIK3R3;IRS2;SORBS1;PIK3C2A;BAIAP2;FOXO1;IGF1R;FER;GRB14;GRB10;SH2B2;PTPN2;RHOQ;APPL1,0.425531914893617
4,979,"Synaptic Transmission, GABAergic (GO:0051932)",12/14,9.630247440103284e-13,cellular process,GO_Biological_Process_2023,1.4730780023102542e-14,0.0,0.0,118.00827300930712,3758.426276638,GABRA2;GABRB3;GABRA1;GABRB2;GABRA6;GABRA5;GABRA4;GABRA3;GABRE;GABRG3;GABRG2;GABRG1,0.8571428571428571
4,979,Membrane Raft (GO:0045121),36/169,1.0696204046326417e-12,cellular anatomical structure,GO_Cellular_Component_2023,5.368751065723685e-14,0.0,0.0,5.421570894362098,165.6593299153856,RTN4R;CBLC;CBLB;AKAP5;SLC9A1;RAP1B;PPP2CA;CD79A;SDCBP;GJA1;PPP2R1B;PRKAR2A;CAPN2;PLCG2;FLOT1;FYN;PRKACA;PAG1;PRNP;CAV3;CAV2;SORBS1;GP6;ZAP70;MYO1C;RIT2;MYL1;PRKAR1A;LCK;NPHS2;BTK;ORAI1;LCP2;MAPT;TEK;EZR,0.21301775147928995
4,979,Fc-gamma Receptor Signaling Pathway (GO:0038094),15/24,1.105805747547307e-12,cellular process,GO_Biological_Process_2023,1.7267202558896763e-14,0.0,0.0,32.86998616874136,1041.6487933657088,VAV3;YES1;SYK;LIMK1;PRKCD;PTK2;VAV1;PLD2;VAV2;FGR;HCK;PAK1;PLPP4;LCK;FYN,0.625
4,979,Cellular Response To Insulin Stimulus (GO:0032869),28/99,1.135376073372348e-12,cellular process,GO_Biological_Process_2023,1.8090759613963482e-14,0.0,0.0,7.858295937560166,248.6630060427416,GRB7;IRS1;STXBP4;PDE3B;PIK3R3;IRS2;ZDHHC7;PIK3C2A;FOXO1;IGF1R;GRB14;GRB10;SH2B2;APPL1;PRKCI;CAV2;INSR;IGF2;MYO5A;SORBS1;BAIAP2;RAB10;CPEB1;FER;TBC1D4;CAPN10;RHOQ;PTPN2,0.2828282828282828
4,979,Ligand-Gated Monoatomic Anion Channel Activity (GO:0099095),13/18,1.2324256822960896e-12,transporter activity,GO_Molecular_Function_2023,5.84449292635259e-14,0.0,0.0,51.18178053830228,1559.5442433689616,GABRA2;GABRB3;GABRA1;GABRB2;GABRB1;GABRA6;GABRA5;GABRA4;GABRA3;GABRG3;GABRG2;GABRG1;GABRE,0.7222222222222222
4,979,Ephrin Receptor Activity (GO:0005003),12/15,1.4220493801766999e-12,catalytic activity,GO_Molecular_Function_2023,7.036945386441404e-14,0.0,0.0,78.66804550155119,2382.4631048017645,EPHA5;EPHB6;EPHA4;EPHA7;EFNB3;EPHA10;EPHB2;EFNA4;EPHB1;EPHA3;EPHB4;EPHB3,0.8
4,979,Extracellular Ligand-Gated Monoatomic Ion Channel Activity (GO:0005230),9/10,2.4909346300826514e-10,transporter activity,GO_Molecular_Function_2023,1.4894248303586988e-11,0.0,0.0,176.4742268041237,4399.510591581608,GABRA2;GABRA6;GABRA5;GABRA4;GABRA3;GABRE;GABRG3;GABRG2;GABRG1,0.9
4,979,Cytoplasmic Vesicle Membrane (GO:0030659),57/389,1.990923042915706e-12,cellular anatomical structure,GO_Cellular_Component_2023,1.0761746177922737e-13,0.0,0.0,3.480101534119123,103.91650512546464,RET;FLT3;NCF4;ARHGAP1;WDR83;ARRB1;AP2A1;WASL;SLA2;AP2A2;GJA1;AP2M1;APPL1;APLP2;RHOG;RHOD;RHOB;DNM2;BACE1;PICK1;RHOU;RHOQ;HBEGF;CAMK2B;GRIA2;RAB5B;CAMK2D;RALA;CAMK2A;ITPR1;ITPR2;ITPR3;IQGAP1;IQGAP2;SNX1;RAP1A;AP2S1;NCKAP1L;PIP5K1C;CACNG3;GRIA3;ATP6V0A1;RAB4A;RAB4B;SORT1;NOS3;INSR;AP2B1;RAB10;GNAO1;EHD2;DIAPH1;CLCN6;ABHD17B;ABHD17A;LAMTOR3;RAB5A,0.14652956298200515
4,979,Endocytosis (GO:0006897),38/189,4.536347787571923e-12,localization,GO_Biological_Process_2023,7.517211120259402e-14,0.0,0.0,5.046484295275563,152.49968920942715,RAB5B;HIP1;CLTC;INPPL1;AP2A1;PIK3C2A;NCKIPSD;EEA1;CDC42;CYTH2;DPYSL2;CLTCL1;MYO6;REPS2;PIP5K1A;PIP5K1C;WASF1;EPS15;RALBP1;CAV3;SORT1;INSR;EPS15L1;DNM1;EPN1;DNM2;DNM3;EHD2;EHD4;CTTN;BIN1;MYL1;RHOJ;AMPH;RHOU;RAB5A;MET;RHOQ,0.20105820105820105
4,979,Fc Receptor Mediated Stimulatory Signaling Pathway (GO:0002431),14/22,5.406103364277787e-12,cellular process,GO_Biological_Process_2023,9.172645274251776e-14,0.0,0.0,34.479533678756475,1035.0744144842606,VAV3;YES1;SYK;LIMK1;PRKCD;PTK2;VAV1;PLD2;VAV2;FGR;HCK;PAK1;PLPP4;FYN,0.6363636363636364
4,979,Negative Regulation Of Insulin Receptor Signaling Pathway (GO:0046627),15/26,5.406103364277787e-12,biological regulation,GO_Biological_Process_2023,9.303045942351832e-14,0.0,0.0,26.89079592606564,806.8811737367058,GRB7;PTPN1;IRS1;PRKCB;PRKCD;PRKCZ;SOCS1;GRB14;GRB10;PIP4K2A;PIP4K2B;PRKCQ;PIP4K2C;PTPN2;NCK1,0.5769230769230769
4,979,Regulation Of Cytoskeleton Organization (GO:0051493),29/114,7.1153448316650666e-12,biological regulation,GO_Biological_Process_2023,1.2638811166642701e-13,0.0,0.0,6.800544891640867,201.9722319672093,RALA;PDGFA;EFNA5;IQGAP2;ARHGAP35;CDC42;PAK1;CAPN2;RAC3;PAK3;PAK2;PLXNA3;EPHA5;PDGFRB;SIGLEC15;PRKCD;RHOG;NRG1;BAIAP2;PTK2;DIAPH1;HCK;CAPN10;TAOK2;PLXNB1;MAPT;EZR;EPHA3;RHOQ,0.2543859649122807
4,979,B Cell Receptor Signaling Pathway (GO:0050853),19/46,7.1153448316650666e-12,cellular process,GO_Biological_Process_2023,1.2697874779262071e-13,0.0,0.0,13.92307098765432,413.44220497548406,BLK;VAV3;ITK;MEF2C;SYK;PRKCB;NFATC2;BMX;CD79B;CD79A;TEC;LCK;CD19;BLNK;PLCG2;BTK;IGHE;NCKAP1L;SH2B2,0.41304347826086957
4,979,Heterotrimeric G-protein Complex (GO:0005834),14/24,8.859854903618131e-12,protein-containing complex,GO_Cellular_Component_2023,5.13119009862054e-13,0.0,0.0,27.580725388601035,780.4867749153211,GNAZ;GNAI3;GNAI1;GNAI2;GNA13;GNAO1;GNA14;GNA15;GNG2;GNA12;GNB1;GNAS;GNB4;GNB5,0.5833333333333334
4,979,Regulation Of Axonogenesis (GO:0050770),18/42,1.4265336858993109e-11,biological regulation,GO_Biological_Process_2023,2.59121797629894e-13,0.0,0.0,14.825962539021852,429.6783098611511,EPHA4;GDI1;PLXND1;PTEN;ARHGAP35;TIAM2;TIAM1;PAK1;EFNB3;CDH2;PLXNA2;PLXNA1;PLXNB1;PAK3;PAK2;PLXNA4;EPHB3;PLXNA3,0.42857142857142855
4,979,Lamellipodium Organization (GO:0097581),16/30,4.515202096533761e-12,cellular process,GO_Biological_Process_2023,7.338282566068253e-14,0.0,0.0,22.5568906690402,682.1899949866815,CYFIP1;PTPRO;MYO9B;RHOD;SNX1;ABLIM2;ABLIM3;CTTN;KIT;SPATA13;S1PR1;ARHGEF4;WASF1;ARHGEF7;VCL;ARHGEF6,0.5333333333333333
4,979,Actin Binding (GO:0003779),34/183,2.5478284062190515e-10,binding,GO_Molecular_Function_2023,1.575976333743743e-11,0.0,0.0,4.556997265722098,113.34874968574547,ARPC1A;CACNA1A;CXCR4;IQGAP2;EPS8;SCIN;RUSC1;MYO6;DAG1;FLNB;MYH10;SPTAN1;SPTBN1;DBNL;GSN;NOS3;RDX;MSN;MYO9B;ACTN4;SORBS1;PTK2;SSH1;MAP1B;PFN4;MYH9;TLN2;NF2;MAPT;EZR;PFN1;PFN3;VCL;CDK5R2,0.18579234972677597
4,979,Regulation Of Cell Population Proliferation (GO:0042127),83/766,3.3559796450970404e-10,biological regulation,GO_Biological_Process_2023,7.593198049773418e-12,0.0,0.0,2.487146386739176,63.68031972181202,ALK;PTPRU;IRS1;FLT3;SIRPG;PTEN;IRS2;PTPRJ;AREG;ETS1;ACTB;IGF1R;PPP3CA;CAPNS1;RPS6KA2;CHP2;NCK2;ITGAV;CAPN1;PDGFRB;EPHA4;PDGFRA;MYOCD;CSNK2A1;KSR1;MAGI2;RHOG;MATK;FLT3LG;ADAM10;NRG1;NGF;CBFA2T3;PGF;RNF41;RUNX1;TIAM1;HCK;HGS;KIT;BIRC7;ARHGEF2;CD47;SGK1;HBEGF;YAP1;PDGFA;TGFA;SAV1;GNAI2;EFNB2;SDCBP;PAK1;SCIN;GRK5;ERBB3;PDGFD;PDGFC;PTK2B;STX4;S1PR3;SH2B3;WWTR1;JUN;JUP;NOS3;NTRK3;INSR;IGF2;PTK2;EPOR;TSHR;KITLG;FER;MYO1C;FES;NOX4;STRN;PTPN6;NF2;FGFR3;PTPN2;FGFR1,0.10835509138381201
4,979,Guanyl Ribonucleotide Binding (GO:0032561),38/226,3.68209861559001e-10,binding,GO_Molecular_Function_2023,2.3535063316142336e-11,0.0,0.0,4.045345603364461,98.99984063053176,ARF1;RAB5B;RALA;RAB5C;RALB;AGAP2;GNAI3;GNAI1;RND1;RAP1B;CDC42;GNA14;GNA15;RAP1A;RRAS;GNA11;RAC2;RAC3;PIP4K2B;RAB4A;RAB4B;INSR;RHOG;RAB27A;RRAS2;RHOC;RHOD;RHOB;DNM2;RAB10;RIT1;MRAS;RIT2;RHOJ;RHOU;RAB5A;RHOQ;ARF6,0.168141592920354
4,979,Positive Regulation Of Axonogenesis (GO:0050772),15/38,3.907049301946327e-09,biological regulation,GO_Biological_Process_2023,1.0707655830700576e-10,0.0,0.0,12.852697095435683,295.06549845919216,CDKL5;PLXND1;LIMK1;L1CAM;NGF;NTN1;TIAM2;TIAM1;PLXNA2;PLXNA1;PLXNB1;MAPT;MAP3K13;PLXNA4;PLXNA3,0.39473684210526316
4,979,Phosphatidylinositol Phosphate Biosynthetic Process (GO:0046854),16/44,3.967864419521591e-09,cellular process,GO_Biological_Process_2023,1.1000771335193704e-10,0.0,0.0,11.270137961726746,258.429567541097,CISH;PIK3R3;PIK3C2G;PIK3C2A;SLA2;PIK3C2B;SOCS2;ITPKB;SOCS1;ITPKA;PIP4K2A;PIP4K2B;PIP4K2C;SOCS6;SOCS7;SOCS5,0.36363636363636365
4,979,Regulation Of Lamellipodium Assembly (GO:0010591),14/33,4.966937504597315e-09,biological regulation,GO_Biological_Process_2023,1.4162296012712045e-10,0.0,0.0,14.509299154622306,329.0397504600237,ACTR3;CYFIP1;NCKAP1;ACTR2;WAS;BRK1;NRG1;CDC42;FER;OCLN;ARPC2;RAC2;WASF2;EPHA2,0.42424242424242425
4,979,Receptor Internalization (GO:0031623),17/51,4.966937504597315e-09,localization,GO_Biological_Process_2023,1.417533048019395e-10,0.0,0.0,9.86850311850312,223.78738264001944,RALA;RALB;SYK;CAV3;CLTC;ARRB1;ARRB2;ARR3;DNM1;DNM2;DNM3;GRK3;SNX1;GRK2;HGS;RAB5A;AP2M1,0.3333333333333333
4,979,Negative Regulation Of Cell Adhesion (GO:0007162),20/72,4.966937504597315e-09,biological regulation,GO_Biological_Process_2023,1.4245518655632835e-10,0.0,0.0,7.607684286516403,172.48136980456448,EPHA4;PLXND1;PDE3B;PTPRO;ADAM10;NRG1;PTK2;RND1;ERBB3;CDH1;RASA1;PLXNA2;PLXNA1;PLXNB1;NF2;EPHB2;PLXNA4;SIPA1;JAM3;PLXNA3,0.2777777777777778
4,979,Negative Regulation Of Protein Phosphorylation (GO:0001933),29/149,5.3058657345136394e-09,biological regulation,GO_Biological_Process_2023,1.5386672461464023e-10,0.0,0.0,4.808149122807017,108.6398135959293,PTEN;HSPB1;PRKAG2;PRKCZ;SPRED2;SPRED1;DEPTOR;PIP5KL1;NCK2;CHP1;SIRPA;SFN;EPHB2;PAK2;SH3GL2;YWHAG;NCK1;PRNP;WWTR1;CAV3;NTRK3;PRKCD;PTPN13;OCLN;PARD3;NF1;SPRY2;PTPN6;CALM1,0.19463087248322147
4,979,Receptor-Mediated Endocytosis (GO:0006898),26/122,5.781115071706145e-09,localization,GO_Biological_Process_2023,1.6949094537825534e-10,0.0,0.0,5.378300979363414,121.00220731970931,RALA;RALB;CLTC;CLTB;AP2A1;ARRB2;AP2A2;GRK3;SNX1;GRK2;CLTCL1;AP2S1;PIP5K1C;WASF1;EPS15;AP2M1;SYK;CAV2;INSR;MAGI2;AP2B1;DNM1;DNM2;DNM3;CTTN;HGS,0.21311475409836064
4,979,Filopodium (GO:0030175),18/60,3.801793653803587e-09,cellular anatomical structure,GO_Cellular_Component_2023,2.935747995215125e-10,0.0,0.0,8.463951241266537,185.7743233806855,MYO10;ACTN2;RDX;MSN;UNC5C;IQGAP2;ACTA2;CDC42;GAP43;KITLG;MAP2;SPATA13;DAG1;ITGAV;NF2;EZR;FGF13;ARF6,0.3
4,979,Positive Regulation Of Phosphorylation (GO:0042327),37/231,6.1512945235356595e-09,biological regulation,GO_Biological_Process_2023,1.82304139798858e-10,0.0,0.0,3.811800949941997,85.48095032852838,RET;ALK;RALB;FLT3;PIK3R3;ILK;ARRB1;EFNA5;STK4;RASGRP1;CAMKK2;IGF1R;SDCBP;PAK1;RELN;CCND1;ERBB3;FLOT1;NCKAP1L;EPHB4;PDGFRB;PDGFRA;RALBP1;HSP90AA1;INSR;HGF;LIMK2;NTRK3;IGF2;PTK2;PGF;ITGA6;TEK;FGFR3;MET;EPHA2;FGFR1,0.16017316017316016
4,979,Endocytic Vesicle Membrane (GO:0030666),29/159,9.4950027686579e-09,cellular anatomical structure,GO_Cellular_Component_2023,7.698650893506406e-10,0.0,0.0,4.4359433198380565,93.08740921780549,CAMK2B;GRIA2;CAMK2D;CLTC;SNAP23;CAMK2A;TGFA;AP2A1;WASL;AP2A2;AREG;RAC2;AP2S1;STX4;CACNG3;AP2M1;SH3GL2;GRIA3;ATP6V0A1;SYT2;NOS3;CYBA;AP2B1;SYT9;DNM2;GNAO1;PICK1;RAB5A;HBEGF,0.18238993710691823
4,979,Dendrite Morphogenesis (GO:0048813),14/35,1.2023154783501965e-08,cellular process,GO_Biological_Process_2023,3.6603909006475737e-10,0.0,0.0,13.12607944732297,285.20714245990894,MEF2A;PTEN;WASL;MAPK8IP2;CDC42;MAP2;TAOK2;CTNNA2;EPHB2;PAK3;EPHB1;SHANK3;EPHB3;SHANK1,0.4
4,979,Cell-Cell Junction Organization (GO:0045216),19/68,1.2023154783501965e-08,cellular process,GO_Biological_Process_2023,3.678211788451844e-10,0.0,0.0,7.663010204081632,166.46682148776537,DSP;KIRREL1;PRKCI;CTNND1;CLDN1;CDH6;CDH5;PARD6B;OCLN;PARD6A;CDH2;CDH1;GJA4;PKP1;CSK;TLN2;TLN1;CDH18;TJP2,0.27941176470588236
4,979,Inhibitory Extracellular Ligand-Gated Monoatomic Ion Channel Activity (GO:0005237),9/13,1.2909531508357612e-08,transporter activity,GO_Molecular_Function_2023,9.316156758608582e-10,0.0,0.0,44.11159793814433,917.2610118241812,GABRA2;GABRA6;GABRA5;GABRA4;GABRA3;GABRE;GABRG3;GABRG2;GABRG1,0.6923076923076923
4,979,Regulation Of Apoptotic Process (GO:0042981),74/705,1.5098019143079393e-08,biological regulation,GO_Biological_Process_2023,4.707745792813285e-10,0.0,0.0,2.38306292738878,51.18018872761124,ALK;PRR5;HIP1;FLT3;HSPB1;ACTB;IGF1R;RPS6KA3;PIP5KL1;RPS6KA2;ARHGDIA;CFL1;RPS6KA1;PIM1;MYO18A;PROK2;JAK3;MAP3K5;MEF2C;PRKCI;HSP90AA1;ACTN3;ACTN2;DAPK2;ACTN1;HGF;NRG1;ACTN4;MAPK8IP3;PRLR;YWHAZ;DUSP6;RHOB;DNM2;LATS1;HCK;LATS2;BIN1;RASA1;ITGA6;BIRC7;ARHGEF7;SGK1;PHLPP1;MAGED1;ASCL1;FOXO3;STK4;FOXO1;MALT1;SAV1;SOCS2;PTPA;BCL2L11;SCIN;GRK5;ERBB3;FLNA;PTK2B;NCKAP1L;FYN;PAK2;MAP4K4;ANGPT4;JUN;PTK2;CDK5;NF1;SPRY2;PTPN6;NF2;TEK;MAP3K11;BCL2L1,0.1049645390070922
4,979,Positive Regulation Of Lipid Kinase Activity (GO:0090218),13/30,1.5098019143079393e-08,biological regulation,GO_Biological_Process_2023,4.71512388789605e-10,0.0,0.0,15.043965412251858,323.0702966419617,PDGFRB;PDGFRA;FLT3;IRS1;DGKZ;PTK2;FGR;CD19;KIT;PTK2B;MAPT;TEK;FGFR3,0.43333333333333335
4,979,Regulation Of Protein Kinase Activity (GO:0045859),25/119,1.659564438068754e-08,biological regulation,GO_Biological_Process_2023,5.235719546488421e-10,0.0,0.0,5.276495383380168,112.76053541820536,AGAP2;PRKAG1;HSPB1;PRKAG2;IQGAP1;CAMKK2;SPRED1;DEPTOR;RAP1A;RELN;CHP1;PTK2B;SFN;EPHB2;PAK2;YWHAG;MAP3K5;WWTR1;CAV3;PTK2;FGR;ALS2;NF1;LCP2;MAP3K12,0.21008403361344538
4,979,Cellular Response To Oxygen-Containing Compound (GO:1901701),52/406,7.3216262154592894e-09,cellular process,GO_Biological_Process_2023,2.193221364732865e-10,0.0,0.0,2.9579775595901974,65.78683934677848,RET;GUCY1B1;NCF1;IRS1;ACTB;CDH1;CHP2;CAPN2;SIRPA;GIT1;MEF2A;PDGFRA;MEF2C;PRKCD;FOS;ITPKB;CREB1;RASA4;ITPKA;MAPT;EZR;EPHA3;CAMK2D;PXN;CACNA1A;AKAP6;IQGAP1;RASGRP2;FOXO1;CACNA1H;CAMKK2;RAP1B;RAP1A;GNG2;PLCG2;PTK2B;JUN;SYT2;PTK6;SYT9;ESR1;TSHR;SSH1;CPEB1;FER;SYT11;FES;GNB1;PDCD4;PDE3A;VIM;LAMTOR3,0.12807881773399016
4,979,Regulation Of Actin Cytoskeleton Organization (GO:0032956),27/91,9.587048199875493e-13,biological regulation,GO_Biological_Process_2023,1.435918627769752e-14,0.0,0.0,8.40071888130252,267.7677604903586,RALA;PDGFA;SEMA3E;EFNA5;IQGAP2;ARHGAP35;EPS8;CDC42;PAK1;ARHGDIA;RAC3;PTK2B;PAK3;EPHA5;PDGFRB;PDGFRA;SIGLEC15;PRKCD;RHOG;NRG1;BAIAP2;HCK;CAPN10;TAOK2;EZR;EPHA3;RHOQ,0.2967032967032967
4,979,Protein Serine/Threonine Phosphatase Complex (GO:0008287),13/29,3.801793653803587e-09,protein-containing complex,GO_Cellular_Component_2023,2.7969898240659434e-10,0.0,0.0,15.985054347826088,351.6281503607144,PPP2R5D;PPP2R3A;PPP2CA;PTPA;PPP2CB;PPP3CA;PPP3CB;PPP3R1;PPP3CC;PPP2R1B;PPP2R2C;PPP2R1A;PPP2R2B,0.4482758620689655
4,979,Positive Regulation Of Cell Population Proliferation (GO:0008284),59/483,3.327716072199534e-09,biological regulation,GO_Biological_Process_2023,9.013889934256227e-11,0.0,0.0,2.8128153199343724,65.05948817814043,IRS1;FLT3;SIRPG;PTEN;IRS2;AREG;ACTB;IGF1R;GJA1;CAPNS1;CHP2;PIM1;ITGAV;CAPN1;PDGFRB;EPHA4;PDGFRA;MEF2C;PRKCI;PRKCH;CSNK2A1;RHOG;MATK;FLT3LG;ADAM10;NRG1;PGF;TIAM1;HCK;CD47;HBEGF;YAP1;PDGFA;TGFA;CSF2RB;GNAI2;EFNB2;SDCBP;PAK1;GRK5;ERBB3;PDGFD;PDGFC;PTK2B;STX4;S1PR3;WWTR1;NTRK3;INSR;IGF2;PTK2;EPOR;TSHR;TBX2;KITLG;FER;PTPN6;FGFR3;FGFR1,0.12215320910973085
4,979,Cell-Cell Junction Assembly (GO:0007043),21/71,5.716218943954947e-10,cellular process,GO_Biological_Process_2023,1.3115607519590698e-11,0.0,0.0,8.31713987473904,208.40438848474756,JUP;CTNND1;PRKCA;RHOC;ACTG1;CDH6;CDH5;GJA1;PARD6B;CDH2;CDH1;GJA4;CTNNA1;PKP1;TLN2;PIP5K1C;TLN1;PAK2;CDH18;VCL;JAM3,0.29577464788732394
4,979,Regulation Of Protein Phosphorylation (GO:0001932),42/265,6.550596128975611e-10,biological regulation,GO_Biological_Process_2023,1.5238799152811332e-11,0.0,0.0,3.778474379160664,94.111127750582,RALB;PTEN;PDGFA;PIK3R3;HSPB1;ILK;ARRB1;EFNA5;STK4;RASGRP1;CAMKK2;PPP2CA;CDH5;PAK1;RELN;SOCS1;CCND1;PIP5KL1;FLOT1;CHP1;SIRPA;FYN;EPHB2;SH3GL2;WWTR1;PRNP;EPHA7;RALBP1;HSP90AA1;INSR;HGF;LIMK2;NTRK3;IGF2;NRG1;PTPN13;PTK2;PGF;FGR;OCLN;FER;TEK,0.15849056603773584
4,979,Regulation Of Signal Transduction (GO:0009966),35/193,6.87834340447788e-10,biological regulation,GO_Biological_Process_2023,1.622044015077639e-11,0.0,0.0,4.426390527783737,109.97256133471596,PXN;ILK;ZDHHC7;RASGRP4;PPP2CA;SOCS2;RGS3;GRK5;ERBB3;PPP2R1A;GNG4;INPP5D;GNG7;GRK6;NCK2;CSK;FYN;NCAM1;GIT1;YWHAG;SOCS5;NCK1;BRAP;GIT2;PRNP;PTPN1;SRMS;MPIG6B;CAV3;DYNLT1;MAPK8IP2;DOK5;LLGL1;MGLL;PTPN2,0.18134715025906736
4,979,GTP Binding (GO:0005525),35/201,8.034172277290964e-10,binding,GO_Molecular_Function_2023,5.300897172645584e-11,0.0,0.0,4.211283694098428,99.64133026369495,ARF1;RALA;RALB;AGAP2;GNAI1;RND1;RAP1B;CDC42;GNA14;GNA15;RAP1A;RRAS;GNA11;RAC2;RAC3;PIP4K2B;RAB4A;RAB4B;INSR;RHOG;RAB27A;RRAS2;RHOC;RHOD;RHOB;DNM2;RAB10;RIT1;MRAS;RIT2;RHOJ;RHOU;RAB5A;RHOQ;ARF6,0.17412935323383086
4,979,Synaptic Vesicle Endocytosis (GO:0048488),16/40,8.352941325603793e-10,localization,GO_Biological_Process_2023,1.9964008904406768e-11,0.0,0.0,13.151263412945656,324.00886055909245,ITSN2;SH3GL3;SYT2;ITSN1;AP2B1;SYNJ2;DNM1;DNM2;DNM3;CDK5;SYNJ1;AP2S1;PIP5K1C;AP2M1;SH3GL2;SH3GL1,0.4
4,979,Regulation Of Protein Localization To Plasma Membrane (GO:1903076),22/80,8.81319191413637e-10,biological regulation,GO_Biological_Process_2023,2.1344888001095092e-11,0.0,0.0,7.516052318668252,184.670975143177,PRKCI;PRKCH;CLTC;ARHGEF16;RHOG;ZDHHC7;AKAP5;SORBS1;ACTB;TMEM59;CDK5;NUMB;STX4;EPHB2;AP2M1;EPHA3;RHOQ;SPTBN1;APPL1;ARF6;EPHA2;BCL2L1,0.275
4,979,Positive Regulation Of Hydrolase Activity (GO:0051345),33/176,9.876256022363612e-10,biological regulation,GO_Biological_Process_2023,2.423428023333328e-11,0.0,0.0,4.605139046999512,112.56457857980972,RTN4R;DOCK6;DOCK8;RASGRF2;DOCK7;RASGRF1;ASAP3;RASGRP2;RASGRP1;RAP1GAP;RASGRP4;PREX2;DOCK11;PREX1;RAP1A;CHP2;SRGAP3;RALGDS;MAP4K4;RALBP1;CDKL5;CAV2;ARAP1;RHOC;MAPK12;ALS2;NF1;PLXNB1;ITGA6;GNB5;CALM1;ARHGEF7;RAPGEF4,0.1875
4,979,Transmitter-Gated Monoatomic Ion Channel Activity (GO:0022824),15/40,3.6215039313395486e-09,transporter activity,GO_Molecular_Function_2023,2.538786261145251e-10,0.0,0.0,11.823236514522822,261.2245361756503,GABRB3;GABRA2;GABRB2;GRIA2;GABRA1;GABRB1;GABRA6;GABRA5;GABRA4;GABRA3;GABRG3;GABRG2;GABRG1;GABRE;GRIA3,0.375
4,979,Lamellipodium Assembly (GO:0030032),13/25,1.0355208359263456e-09,cellular process,GO_Biological_Process_2023,2.5739523646352758e-11,0.0,0.0,21.31789164941339,519.7940118220914,CYFIP1;PTPRO;RHOD;ABLIM2;ABLIM3;KIT;SPATA13;S1PR1;ARHGEF4;SRGAP3;ARHGEF7;VCL;ARHGEF6,0.52
4,979,Positive Regulation Of Protein Phosphorylation (GO:0001934),51/377,1.7595899178228763e-09,biological regulation,GO_Biological_Process_2023,4.4858888918365234e-11,0.0,0.0,3.151592579860377,75.09457016353534,DOCK7;PRKAG1;PRKAG2;ILK;PTPRJ;ARRB1;GHR;CCND1;FLOT1;MAP3K5;RALBP1;HSP90AA1;HGF;NGF;PGF;LATS1;ALS2;LCP2;ARHGEF2;RALB;CAB39;AGAP2;PDGFA;PIK3R3;IQGAP1;EFNA5;STK4;RASGRP1;CAMKK2;SDCBP;PAK1;RELN;RAP1A;PDGFD;PDGFC;PLCG2;PTK2B;PAK2;PRNP;ANGPT4;INSR;TNK2;LIMK2;NTRK3;IGF2;PTK2;TAOK2;SPRY2;TEK;CALM1;MAP3K12,0.13527851458885942
4,979,Negative Regulation Of ERK1 And ERK2 Cascade (GO:0070373),17/48,1.813433895254476e-09,biological regulation,GO_Biological_Process_2023,4.6809479131807697e-11,0.0,0.0,10.825229696197438,257.4773888839153,EPHA4;PTPN1;PTPRR;DUSP3;PTEN;RANBP9;DUSP6;SPRED2;RPS6KA6;SPRED1;DUSP10;SIRPA;SPRY2;SPRY1;EPHB2;EZR;PTPN2,0.3541666666666667
4,979,Positive Regulation Of MAP Kinase Activity (GO:0043406),23/91,1.901470056143494e-09,biological regulation,GO_Biological_Process_2023,4.968787272267895e-11,0.0,0.0,6.705620846665026,159.09259953857168,PDGFRB;MAP4K2;PTPN1;MEF2C;FLT3;INSR;NTRK3;PDGFA;TGFA;RASGRP1;GHR;PAK1;TAOK3;PDGFD;KIT;PDGFC;MAP3K13;MAP3K4;MAP2K5;MAP3K11;MAP3K5;FGFR1;MAP3K12,0.25274725274725274
4,979,Antigen Receptor-Mediated Signaling Pathway (GO:0050851),28/134,2.06806473996583e-09,cellular process,GO_Biological_Process_2023,5.535928558225932e-11,0.0,0.0,5.253853937265639,124.08119684307798,BLK;ITK;PTPRJ;SLA2;MALT1;CD79B;CD79A;CD19;INPP5D;PLCG2;BLNK;NCKAP1L;CSK;FYN;SH2B2;VAV3;MEF2C;SYK;PRKCB;NFATC2;BMX;GNAO1;ZAP70;TEC;LCK;BTK;IGHE;LCP2,0.208955223880597
4,979,Regulation Of Ras Protein Signal Transduction (GO:0046578),21/76,2.06806473996583e-09,biological regulation,GO_Biological_Process_2023,5.5152137452052063e-11,0.0,0.0,7.559043461757449,178.55160332253513,GIT2;STARD8;ARHGEF28;RASGRF1;RDX;ARHGEF18;MYO9B;NGF;RASAL3;RASGRP1;RASGRP4;EPS8;BCR;ARHGDIA;SPRY2;SHOC2;SPRY1;ARHGEF2;EPHB2;GIT1;ARF6,0.27631578947368424
4,979,Calmodulin-Dependent Protein Kinase Activity (GO:0004683),12/23,2.134066929721199e-09,catalytic activity,GO_Molecular_Function_2023,1.4520455398103004e-10,0.0,0.0,21.445896399360723,485.81126724053087,CAMK2B;MYLK2;CAMK2D;MAPKAPK3;CAMK4;MKNK1;CAMK2A;MAPKAPK2;MKNK2;PTK2B;PHKA2;MYLK3,0.5217391304347826
4,979,Polymeric Cytoskeletal Fiber (GO:0099513),40/265,3.0683495140418197e-09,cellular anatomical structure,GO_Cellular_Component_2023,2.1324436777124612e-10,0.0,0.0,3.558584782865933,79.24463825572863,WIPF1;WAS;IQGAP1;ACTG1;NCKIPSD;PAK1;DPYSL2;MYO6;RAC2;NEFL;APC2;DSP;TRIM63;ACTN3;ACTN2;TPM3;ACTN1;MYO5A;MYO9B;DNM1;GFAP;DNM2;DNM3;HCK;DIAPH1;ACTA1;DIAPH2;CTTN;CDK5;SYNJ1;MAP1B;PKP1;ARHGEF2;MAPT;TEK;VIM;EZR;FGF13;RHOQ;MAP3K11,0.1509433962264151
4,979,Regulation Of MAP Kinase Activity (GO:0043405),26/114,1.349222545582552e-09,biological regulation,GO_Biological_Process_2023,3.396704305322549e-11,0.0,0.0,5.869717638080702,141.49324383833672,FLT3;CBLC;PDGFA;TGFA;PTPRJ;RASGRP1;GHR;PDGFD;PDGFC;SH2B3;MAP2K5;PDGFRB;PTPN1;MEF2C;CAV3;KSR1;INSR;NTRK3;PRKCD;DUSP7;HGS;KIT;NF1;SPRY2;SPRY1;FGFR1,0.22807017543859648
4,979,Adherens Junction (GO:0005912),34/150,8.514864096977557e-13,cellular anatomical structure,GO_Cellular_Component_2023,3.9451107785224213e-14,0.0,0.0,5.863619777412881,180.97308538199775,CTNND1;SNAP23;RND1;CDH6;CYTH3;CDH5;SDCBP;CDH2;CDH1;FLOT1;CTNNA1;FLOT2;CTNNA3;CTNNA2;PAK4;MAGI1;DSP;JUP;RDX;MSN;SORBS1;BAIAP2;PPP1CA;RAB10;PARD3;CDC42EP4;ZYX;PKP1;NF2;EZR;TLN1;LLGL1;VCL;CDH18,0.22666666666666666
4,979,Fc-gamma Receptor Signaling Pathway Involved In Phagocytosis (GO:0038096),14/20,8.500865435337695e-13,cellular process,GO_Biological_Process_2023,1.2190533607080823e-14,0.0,0.0,45.97754749568221,1473.034031244599,VAV3;YES1;SYK;LIMK1;PRKCD;PTK2;VAV1;PLD2;VAV2;FGR;HCK;PAK1;PLPP4;FYN,0.7
4,979,Gamma-Aminobutyric Acid Signaling Pathway (GO:0007214),14/20,8.500865435337695e-13,cellular process,GO_Biological_Process_2023,1.2190533607080823e-14,0.0,0.0,45.97754749568221,1473.034031244599,GABRA2;GABRB3;GABRA1;GABRB2;GABRB1;GABRA6;GABRA5;GABRA4;GABRA3;GABRG3;GABRG2;GABRG1;GNAI2;GABRE,0.7
4,979,Protein Autophosphorylation (GO:0046777),54/162,2.6760199238382663e-28,cellular process,GO_Biological_Process_2023,1.1086124604811173e-30,0.0,0.0,10.223243243243244,705.1425144088458,ALK;MYLK2;FLT3;IGF1R;PIM1;MAP3K9;EPHB1;EPHB4;EPHB3;PDGFRB;MAP4K1;EPHA4;PDGFRA;CDKL5;DAPK2;UHMK1;FGR;HCK;MAPKAPK3;LCK;MAPKAPK2;KIT;ULK2;CAMK2B;CAMK2D;CAMK2A;PRKX;STK4;CAMKK2;PAK1;GRK5;MKNK1;MKNK2;PTK2B;FYN;MARK3;PAK2;SRMS;INSR;PTK6;BMX;PTK2;MOS;FER;TAOK3;FES;CAMK4;TAOK2;TEK;MAP3K13;FGFR3;MAP3K11;FGFR1;MAP3K12,0.3333333333333333
4,979,Neuron Projection (GO:0043005),99/557,6.581104419900083e-28,cellular anatomical structure,GO_Cellular_Component_2023,1.0163867829961518e-29,0.0,0.0,4.559688864628821,304.3989636033733,CYFIP2;EPHB6;CYFIP1;IGF1R;CDH2;PPP2R1A;CAPN2;EPHB2;EPHB1;EPHB3;EPHA5;KIRREL3;EPHA4;EPHA7;MAGI2;GABRG3;MAPK8IP3;GABRG2;GABRG1;UHMK1;BIN1;MAP1B;SCN8A;EPHA3;LLGL1;RTN4R;GRIA2;EPHA10;IQGAP1;MAP2;MARK3;MARK1;PRNP;SYT2;CNTN6;INSR;MYO5A;RAB27A;L1CAM;CPEB1;CDK5;NF1;CNTN1;CNTN2;STRN;FGF13;RAB5A;GABRB3;RET;GABRB2;ROBO3;GABRB1;PTPRS;RASGRF1;PTPRO;DOCK7;PTEN;TMEM222;NEFL;RAC3;GIT1;ARHGEF15;RHOC;ALS2;PICK1;MAPT;ARHGEF7;SHANK3;SHANK1;CAMK2B;CAMK2D;SEMA3A;CAMK2A;KCNA3;CDC42;PAK1;RELN;GNA12;PTK2B;FYN;CTNNA2;GABRE;GABRD;GABRA2;GABRQ;GABRA1;SLC12A5;GABRA6;GABRA5;GABRA4;NTRK3;GABRA3;LIMK1;RIT2;SYT11;TAOK2;VIM;CDK5R2;CDK5R1,0.17773788150807898
4,979,Regulation Of MAPK Cascade (GO:0043408),55/204,1.159771700765155e-23,biological regulation,GO_Biological_Process_2023,5.174252329736191e-26,0.0,0.0,7.539149888143177,438.9558259486095,RET;FLT3;PEBP1;PTPRJ;DUSP16;IGF1R;SPRED2;SPRED1;PPP2R1A;DAG1;EPHB1;MAP4K1;EPHA7;DUSP3;SYK;KSR1;DUSP9;YWHAZ;DUSP6;DUSP7;RNF41;DOK2;DOK4;DOK5;DOK6;KIT;EPHA2;PHLPP1;LPAR1;PDGFA;IQGAP1;STK4;RASGRP1;PAK1;RRAS;PLCG2;PAK6;PAK3;PAK2;MAP4K4;PAK4;CAV3;CAV2;INSR;IGF2;MOS;RIT2;TAOK3;TAOK2;NF1;PTPN6;GRAP;TEK;FGFR3;FGFR1,0.2696078431372549
4,979,Enzyme-Linked Receptor Protein Signaling Pathway (GO:0007167),43/124,3.748404981108262e-23,cellular process,GO_Biological_Process_2023,1.7917805837037582e-25,0.0,0.0,10.742059723541203,612.0977894865442,BLK;SHC4;ALK;RET;PTPRU;TRIO;SHC3;FLT3;RASGRP4;PTPRF;ERBB3;NPPA;BLNK;ALKAL2;FYN;ALKAL1;JAK3;PDGFRB;PDGFRA;SRMS;YES1;SYK;INSR;NTRK3;PTK6;GP6;NGF;FGR;CNKSR1;HCK;ZAP70;DOK2;DOK4;DOK5;LCK;DOK6;LCP2;TEK;FGFR3;MET;FRK;EPHA2;FGFR1,0.3467741935483871
4,979,Cytoskeleton (GO:0005856),95/599,5.743800545830949e-23,cellular anatomical structure,GO_Cellular_Component_2023,1.108841804214469e-24,0.0,0.0,3.948311696473461,217.78384374262703,HIP1;WIPF1;ARPC1B;FHOD1;ARPC1A;HSPB1;WASL;MYLK3;ACTB;MYLK;ACTG1;RND1;RASSF1;CDH1;PPP2R1A;RUSC1;CFL2;ARHGDIA;CFL1;CHP1;RAC3;LRRFIP1;SPTAN1;APC2;ACTR3;ACTR2;PRKCI;PPP1R12A;TPM3;ACTN2;RHOG;CASK;ACTN4;GABRG3;ITPKB;FGR;ACTA1;CTTN;BIN1;CDC42EP4;ITPKA;CDC42EP2;MYH9;AMPH;TLN2;ARHGEF2;MAPT;EZR;EPHA3;LLGL1;VCL;EPB41;WAS;IQGAP1;IQGAP2;NTN1;KALRN;PPP2CA;SDCBP;ABLIM2;SCIN;ABLIM3;MYO6;FLNA;FLNB;WASF1;WASF2;SPTBN1;CORIN;MARK1;VASP;GSN;JUP;MYO5A;DSTN;MSN;MYO9B;ARPC5;BAIAP2;PTK2;GFAP;EHD2;FER;MYO1C;TEC;ARPC2;ARPC3;FES;TRIP6;TAOK2;ZYX;SPRY2;NF2;PTPN7;VIM,0.15859766277128548
4,979,Cell-Cell Junction (GO:0005911),64/299,2.2209746940109063e-22,cellular anatomical structure,GO_Cellular_Component_2023,5.1451151212607865e-24,0.0,0.0,5.591461457970003,299.8364983989999,PTPRU;CTNND1;SNAP23;PTPRJ;CLDN1;ACTG1;RND1;CDH6;CDH5;GJA1;CDH2;CDH1;GJA4;FLOT1;FLOT2;KIRREL3;MAGI1;DSP;PRKCI;KIRREL1;KIRREL2;ACTN1;CASK;TIAM1;CNKSR1;MYH2;PARD3;CDC42EP4;PKP1;EZR;TLN1;LLGL1;VCL;CDH18;EPHA2;PXN;PRKCZ;RAP1B;CYTH3;SDCBP;PAK1;PARD6B;PARD6A;CTNNA1;FLNA;CTNNA3;CTNNA2;PAK2;JAM3;PAK4;JUP;RDX;MSN;SORBS1;BAIAP2;PPP1CA;RAB10;OCLN;NPHS1;NPHS2;ZYX;NF2;TEK;TJP2,0.2140468227424749
4,979,Small GTPase Mediated Signal Transduction (GO:0007264),40/112,4.730413314761196e-22,cellular process,GO_Biological_Process_2023,2.411937955263835e-24,0.0,0.0,11.21109927819193,609.6776474153369,RALA;RALB;RGS19;RASGRF2;RASGRF1;ARHGAP1;PLD1;RASGRP2;RASGRP1;NTN1;RASGRP4;PLD2;RASSF1;RRAS;CHP1;SHOC2;RALGDS;BRAP;USP8;RALBP1;KSR1;TNK2;ARHGEF18;RRAS2;BCR;TIAM2;CNKSR2;TIAM1;DOK2;ARHGAP31;RIT1;MRAS;RIT2;DOK4;DOK5;DOK6;GNB1;NF1;GRAP;RAPGEF4,0.35714285714285715
4,979,Regulation Of Small GTPase Mediated Signal Transduction (GO:0051056),47/118,1.7963163677926555e-28,biological regulation,GO_Biological_Process_2023,6.869278653126789e-31,0.0,0.0,13.459620383243667,934.8120748483748,TRIO;DOCK3;ARHGEF25;ARHGEF28;DOCK8;RASGRF2;ITSN1;RASGRF1;ARHGAP1;ARHGAP5;KALRN;ARHGAP35;FGD1;ARHGAP4;PREX2;FGD3;GNA13;PREX1;FGD5;RELN;MCF2L;ITGAV;SRGAP3;ARHGEF40;VAV3;ARHGEF10;RALBP1;ARHGEF15;ARHGEF17;MYO9B;ARAP1;RHOD;VAV1;VAV2;BCR;TIAM2;TIAM1;ARHGAP31;ARHGEF9;OBSCN;SPATA13;ARHGEF3;ARHGEF4;RHOU;ARHGEF2;DOCK2;NGEF,0.3983050847457627
4,979,Extrinsic Component Of Cytoplasmic Side Of Plasma Membrane (GO:0031234),33/77,1.0070461962782477e-21,cellular anatomical structure,GO_Cellular_Component_2023,2.7217464764276965e-23,0.0,0.0,15.045190274841438,781.7207552523414,BLK;GNAZ;TRAF3IP2;GNAI3;IQGAP1;GNAI1;GNAI2;GNA13;GNA14;GNA15;GNG2;GNA11;GNA12;FYN;JAK3;CYTH1;SRMS;YES1;SYK;PTK6;FGR;GNAO1;HCK;TIAM1;ZAP70;FER;LCK;FES;GNB1;GNAS;GNB4;GNB5;FRK,0.42857142857142855
4,979,Peptidyl-Tyrosine Phosphorylation (GO:0018108),31/67,5.84980597972196e-21,cellular process,GO_Biological_Process_2023,3.339809811548578e-23,0.0,0.0,17.24493084857009,892.4862749656149,ALK;BLK;FLT3;IGF1R;RELN;PTK2B;FYN;EPHB2;JAK3;PDGFRB;EPHA4;PDGFRA;SRMS;SYK;INSR;PTK6;PRLR;PTK2;FGR;HCK;ZAP70;FER;ABI2;LCK;FES;BTK;PTPN6;TEK;FGFR3;EPHA3;FGFR1,0.4626865671641791
4,979,Protein Dephosphorylation (GO:0006470),40/124,3.192898372960485e-20,cellular process,GO_Biological_Process_2023,1.933239932640192e-22,0.0,0.0,9.603428165728484,480.1490777120182,PTPRU;PTPRR;PTPRS;PTPRO;PTEN;DAPP1;PTPRJ;DUSP16;PTPRF;PPP1CB;PPP2CA;PPP3CA;PPP2CB;PPP3R1;PPP3CB;DUSP10;PPP3CC;PPP2R1B;PTPRZ1;PPP2R1A;NCK1;PTPN1;PTPN18;DUSP3;PPP1R12A;PPP2R5D;PPP2R3A;PTPN12;PTPN13;DUSP6;SSH1;DUSP7;PPP1CA;PTPRB;PTPRA;PTPN6;PTPN7;PTPN5;PTPN2;PTPN3,0.3225806451612903
4,979,Kinase Binding (GO:0019900),77/460,1.05476309626932e-19,binding,GO_Molecular_Function_2023,1.3048615623950353e-21,0.0,0.0,4.154174361586958,199.766725993884,PTPRR;DGKD;CLTC;PRKAG1;PRKAG2;PEBP1;HSPB1;ILK;AP2A1;PTPRJ;NR3C1;AP2A2;ACTB;PPP1CB;GHR;SPRED2;SPRED1;CCND1;BLNK;CHP1;RAC3;PRKACA;PDGFRB;DUSP3;PPP1R12A;PRKCD;RHOG;ADAM10;UNC5C;MAPK8IP2;YWHAZ;DNM1;CNKSR2;ACTA2;FGR;LATS1;TIAM1;MYCN;LCK;CDC37;MAPT;ARHGEF7;LLGL1;GRB7;CAB39;AGAP2;WAS;IQGAP1;FOXO3;CDC42;SOCS1;PLCG2;PIP5K1A;FLNA;SFN;PAK2;MAPK4;MAP3K2;PTPN1;GSN;CAV2;MSN;ESR1;PTK2;NBEA;TRIP6;SNAI1;SPRY2;PTPN6;MAP3K13;CALM1;PTPN5;PTPN2;CDK5R2;BCL2L1;MAP3K12;CDK5R1,0.1673913043478261
4,979,GTPase Binding (GO:0051020),51/225,1.079740220203375e-18,binding,GO_Molecular_Function_2023,1.5583879466852834e-20,0.0,0.0,5.952716260404281,271.49178048567586,CYFIP1;NCKAP1;DOCK4;DOCK3;DOCK7;ARHGAP1;BRK1;EPS8;GIT1;RALBP1;HSP90AA1;CDKL5;PLEKHG2;ARHGEF16;RNF41;ALS2;CDC42EP5;CDC42EP4;RASA1;CDC42EP2;ARHGEF2;RIN1;DOCK2;DOCK1;RAPGEF4;GARRE1;WAS;IQGAP1;IQGAP2;FGD1;RAP1GAP;FGD3;FGD5;PAK1;PARD6A;FLNA;SRGAP3;WASF1;PAK2;SPTBN1;NGFR;GIT2;MYO5A;RANBP9;MYO9B;FMNL1;MYO1C;ABI2;GNB1;NOXA1;PKN1,0.22666666666666666
4,979,Non-Membrane Spanning Protein Tyrosine Kinase Activity (GO:0004715),22/36,1.4218046741669017e-18,catalytic activity,GO_Molecular_Function_2023,2.345244823368085e-20,0.0,0.0,31.210180623973727,1410.6786935076286,BLK;ITK;SRMS;YES1;SYK;MATK;PTK6;BMX;PTK2;FGR;HCK;ZAP70;FER;TEC;FES;LCK;BTK;PTK2B;CSK;FYN;JAK3;FRK,0.6111111111111112
4,979,Regulation Of GTPase Activity (GO:0043087),50/214,1.4274011715077864e-18,biological regulation,GO_Biological_Process_2023,9.097521806932991e-21,0.0,0.0,6.188466486387146,285.5747376080245,DOCK6;PLXND1;DOCK8;RASGRF2;DOCK7;RASGRF1;PREX2;PREX1;DOCK11;PRKG1;EPHB3;EPHA5;VAV3;EPHA4;RALBP1;CDKL5;ARAP1;VAV1;VAV2;ALS2;RASA4;ITGA6;ARHGEF7;EPHA3;NGEF;RAPGEF4;RTN4R;ASAP3;EFNA5;RASGRP2;RASGRP1;FGD1;RAP1GAP;RASGRP4;FGD3;FGD5;RAP1A;PLXNA2;PLXNA1;SRGAP3;RALGDS;PLXNA4;MAP4K4;PLXNA3;CAV2;RDX;PTK2;NF1;PLXNB1;GNB5,0.2336448598130841
4,979,Positive Regulation Of Cell Migration (GO:0030335),56/272,3.932476173873764e-18,biological regulation,GO_Biological_Process_2023,2.631676215785502e-20,0.0,0.0,5.282091408851972,238.1382362515834,RET;CLDN1;MYLK;IGF1R;PPP3CA;CDH5;EPHB2;PDGFRB;EPHA4;PDGFRA;HGF;SEMA6D;ADAM10;PRKCA;ACTN4;RHOC;RHOD;FGR;TIAM1;KIT;NUMB;ITGA6;ARHGEF2;PFN1;ARHGEF7;DOCK1;EPHA2;HBEGF;GRB7;SEMA3A;PDGFA;PIK3R3;TWIST1;CXCR4;SEMA3E;CDC42;SDCBP;PAK1;PDGFD;PDGFC;PLCG2;PTK2B;NCKAP1L;STX4;MAP4K4;INSR;NTRK3;RDX;SEMA4F;PTK2;FER;MYO1C;TRIP6;SNAI1;CNTN1;SPRY2,0.20588235294117646
4,979,Neuron Projection Morphogenesis (GO:0048812),44/146,5.84980597972196e-21,cellular process,GO_Biological_Process_2023,3.35552924267034e-23,0.0,0.0,8.728489042675895,451.6892495395636,NCKAP1;TRIO;DOCK7;PTEN;IQGAP1;WASL;ARHGAP35;CDC42;PAK1;PARD6B;FLRT3;MAP2;SLITRK5;NCKAP1L;SRGAP3;CTNNA2;EPHB2;PAK3;EPHB1;EPHB3;PLXNA3;MAP4K4;MEF2A;EPHA4;DBNL;DCC;APLP2;MAPK8IP2;NGF;BAIAP2;DNM2;RAB10;CDK5;ALS2;CTTN;TAOK3;MAP1B;PARD3;TAOK2;PLXNB1;SGK1;SHANK3;LLGL1;SHANK1,0.3013698630136986
4,979,Peptidyl-Tyrosine Modification (GO:0018212),26/54,4.4747619351983626e-18,cellular process,GO_Biological_Process_2023,3.137181726397832e-20,0.0,0.0,18.50614600509669,831.0809816574919,BLK;FLT3;RELN;PTK2B;FYN;EPHB2;JAK3;PDGFRB;EPHA4;PDGFRA;SRMS;SYK;INSR;PTK2;FGR;HCK;ZAP70;FER;LCK;FES;BTK;PTPN6;TEK;FGFR3;EPHA3;FGFR1,0.48148148148148145
4,979,Regulation Of Cell Migration (GO:0030334),89/434,4.098046154445551e-29,biological regulation,GO_Biological_Process_2023,1.4365362555417802e-31,0.0,0.0,5.413333333333333,384.4435818163531,RET;PTPRU;PLXND1;PTEN;PTPRJ;CLDN1;MYLK;ARHGAP4;ACTG1;IGF1R;CDH5;PPP3CA;DUSP10;CDH1;PIP5KL1;DAG1;EPHB2;APPL1;PDGFRB;EPHA4;PDGFRA;DUSP3;SEMA6D;APLP2;HGF;MAGI2;ADAM10;PRKCA;MITF;ACTN4;RHOC;RHOD;RNF41;RHOB;FGR;TIAM1;SPATA13;KIT;NUMB;ITGA6;SGK1;VCL;HBEGF;EPHA2;CAMK2B;GRB7;CAMK2A;PDGFA;PIK3R3;TWIST1;CXCR4;SEMA3E;PRKX;FOXO3;CDC42;SDCBP;PARD6B;PAK1;RELN;PDGFD;PDGFC;GNA12;PLXNA2;FLNA;PLXNA1;PTK2B;STX4;FYN;SRGAP3;CTNNA2;SRGAP1;PLXNA4;PLXNA3;MAP4K4;NGFR;NTRK3;INSR;RDX;SEMA4F;PTK2;FER;MYO1C;TRIP6;SNAI1;NF1;CNTN1;SPRY2;PLXNB1;NF2,0.20506912442396313
4,979,Actin Cytoskeleton (GO:0015629),78/327,1.5847476357610752e-30,cellular anatomical structure,GO_Cellular_Component_2023,1.8356150221170748e-32,0.0,0.0,6.526510035703302,476.9269619877744,WIPF1;ARPC1B;ARPC1A;WASL;ACTB;MYLK3;MYLK;ACTG1;RND1;LASP1;CDH2;CDH1;CFL2;CFL1;RAC2;CAPN2;FLOT1;FLOT2;SPTAN1;APC2;ACTR3;ACTR2;DBNL;PPP1R12A;ACTN3;ACTN2;TPM3;ACTN1;CASK;ACTN4;FGR;HCK;ACTA1;CTTN;BIN1;CDC42EP4;MYH9;AMPH;TLN2;EZR;EPHA3;LLGL1;RHOQ;WAS;ASAP1;IQGAP1;IQGAP2;KALRN;NTN1;PAK1;SCIN;ABLIM2;ABLIM3;MYO6;FLNA;FLNB;WASF1;WASF2;SPTBN1;CORIN;VASP;GSN;RDX;MYO5A;DSTN;MYO9B;ARPC5;BAIAP2;DIAPH1;DIAPH2;FER;MYO1C;ARPC2;ARPC3;TAOK2;ZYX;SPRY2;TEK,0.23853211009174313
4,979,Transmembrane Receptor Protein Tyrosine Kinase Signaling Pathway (GO:0007169),107/284,5.956201117010722e-63,cellular process,GO_Biological_Process_2023,1.8980883100735253e-66,0.0,0.0,13.063727776913906,1976.9309055905685,EPHB6;IRS1;IRS2;IGF1R;GRB14;GRB10;EPHB2;EPHB1;EPHB4;EPHB3;EPHA5;PDGFRB;EPHA4;PDGFRA;EPHA7;HGF;PRLR;PGF;TIAM1;DOK2;DOK4;MAPKAPK3;DOK5;DOK6;MAPKAPK2;EPHA3;NGEF;EPHA2;BLK;SHC4;GRB7;SHC3;EPHA10;STXBP4;ARHGEF28;CSH1;PXN;PDGFA;PIK3R3;EFNA5;KALRN;EFNA4;FOXO1;RASGRP4;EFNB2;SOCS2;EFNB1;EFNB3;FLRT3;PDGFD;PDGFC;SRMS;YES1;CAV2;INSR;IGF2;PTK6;PTK2;NFATC4;EFNA3;FER;EFNA2;FGFR3;FGFR1;RET;ALK;FLT3;PTPRJ;PIK3C2A;GHR;BLNK;APPL1;SYK;MMP2;NRG1;NGF;VAV1;VAV2;FGR;CNKSR1;HCK;ZAP70;LCK;RASA1;KIT;LCP2;ARHGEF7;MET;RHOQ;PAK1;ERBB3;PTK2B;ALKAL2;SHOC2;FYN;ALKAL1;PAK3;PAK2;SH2B2;SORT1;NTRK3;SORBS1;BAIAP2;TEK;FRK;PTPN2;CDK5R1,0.3767605633802817
4,979,Protein Phosphorylation (GO:0006468),124/500,2.587912739248175e-50,cellular process,GO_Biological_Process_2023,1.6494026381441523e-53,0.0,0.0,7.191675998506906,874.0518257426833,EPHB6;MYLK2;MYLK3;IGF1R;RPS6KA4;RPS6KA3;RPS6KA5;RPS6KA1;PIM1;MAP3K9;PRKACA;MAP3K6;EPHB2;PRKACB;EPHB1;EPHB4;MAP3K5;EPHB3;PDK1;EPHA5;PDGFRB;EPHA4;PDGFRA;PRKCI;EPHA7;PRKCH;CDKL5;CSNK2A1;PRKCB;DAPK2;PRKCD;ADAM10;PRKCA;VRK3;UHMK1;PRKAR1B;MAPKAPK3;MAPKAPK2;BTK;ULK2;PRKCQ;EPHA3;BLK;EPHA10;CSF2RB;STK4;PRKCZ;GRK3;GRK2;GRK5;GRK6;MARK3;MARK1;SRMS;INSR;PTK6;BMX;PTK2;FER;CDK5;FES;MAP3K13;FGFR3;MAP3K11;MAP3K12;FGFR1;ALK;FLT3;PRKAG1;PRKAG2;ILK;PPP3CB;PRKG2;JAK3;PRKG1;MAP4K1;MAP4K2;SYK;YWHAZ;FGR;LATS1;HCK;ZAP70;CREB1;LATS2;LCK;KIT;PICK1;SGK1;CAMK2B;CAMK2D;CAB39;PKN3;CAMK2A;PRKX;CAMKK2;PAK1;RELN;MKNK1;MKNK2;PAK6;PTK2B;CSK;FYN;MAP4K5;PAK3;MAPK6;PAK2;MAP4K3;MAP4K4;PAK4;LIMK2;LIMK1;MAPK12;MAPK13;MOS;ABI2;TAOK3;CAMK4;TAOK2;PTPN6;PKN1;TEK;CDK5R1,0.248
4,979,Cell-Substrate Junction (GO:0030055),107/395,4.9500140608621715e-48,cellular anatomical structure,GO_Cellular_Component_2023,3.822404680202449e-50,0.0,0.0,7.9814562627421,908.1969376939294,CYFIP1;NCKAP1;ARPC5L;ACTB;ACTG1;PPP1CB;GJA1;CDH2;CFL1;DAG1;CAPN2;CHP1;CAPN1;PDGFRB;ACTN3;ACTN2;ACTN1;ADAM10;CASK;ACTN4;TLN2;EZR;PFN1;TLN1;VCL;EPHA2;GRB7;PXN;IQGAP1;SLC9A1;EFNB2;RRAS;PRKAR2A;PIP5K1A;PIP5K1C;VASP;YES1;JUP;CAV3;CAV2;RDX;MSN;ARPC5;L1CAM;PTK2;ARPC2;ARPC3;PTPRA;FES;TRIP6;FGFR3;ARF1;YWHAB;ARPC1B;CLTC;SNAP23;DOCK7;HSPB1;ILK;LASP1;YWHAQ;RAC2;FLOT1;FLOT2;ITGAV;GIT1;YWHAG;ACTR3;ACTR2;PDCD6IP;PPP1R12A;RHOG;RRAS2;YWHAZ;RHOB;DNM2;ENAH;HCK;CTTN;NUMB;MYH9;EVL;ITGA6;ARHGEF2;ARHGEF7;ARF6;RALA;ASAP3;CXCR4;CDC42;GNA13;GNA12;CTNNA1;FLNA;PTK2B;FLNB;FLNC;MAP4K4;PAK4;GIT2;GSN;ERBIN;SORBS1;RAB10;ZYX;VIM;LAMTOR3,0.2708860759493671
4,979,Focal Adhesion (GO:0005925),106/387,4.9500140608621715e-48,cellular anatomical structure,GO_Cellular_Component_2023,3.488943538483008e-50,0.0,0.0,8.097573304309188,922.1488596601532,CYFIP1;NCKAP1;ARPC5L;ACTB;ACTG1;PPP1CB;GJA1;CDH2;CFL1;DAG1;CAPN2;CHP1;CAPN1;PDGFRB;ACTN3;ACTN2;ACTN1;ADAM10;CASK;ACTN4;TLN2;EZR;PFN1;TLN1;VCL;EPHA2;GRB7;PXN;IQGAP1;SLC9A1;EFNB2;RRAS;PRKAR2A;PIP5K1A;PIP5K1C;VASP;YES1;JUP;CAV3;CAV2;RDX;MSN;ARPC5;L1CAM;PTK2;ARPC2;ARPC3;PTPRA;FES;TRIP6;FGFR3;ARF1;YWHAB;ARPC1B;CLTC;SNAP23;DOCK7;HSPB1;ILK;LASP1;YWHAQ;RAC2;FLOT1;FLOT2;ITGAV;GIT1;YWHAG;ACTR3;ACTR2;PDCD6IP;PPP1R12A;RHOG;RRAS2;YWHAZ;RHOB;DNM2;ENAH;HCK;CTTN;NUMB;MYH9;EVL;ITGA6;ARHGEF2;ARHGEF7;ARF6;RALA;ASAP3;CXCR4;CDC42;GNA13;GNA12;CTNNA1;FLNA;PTK2B;FLNB;FLNC;MAP4K4;PAK4;GIT2;GSN;SORBS1;RAB10;ZYX;VIM;LAMTOR3,0.2739018087855297
4,979,GTPase Regulator Activity (GO:0030695),104/424,1.1782129604290646e-41,molecular function regulator activity,GO_Molecular_Function_2023,2.4293050730496176e-44,0.0,0.0,6.946085714285714,697.5685684308503,TRIO;ITSN1;ARHGAP35;PREX2;PREX1;DOCK11;RGS3;SIRPA;ARHGEF40;SBF2;RALBP1;RALGAPA1;STARD8;BCR;TIAM2;TIAM1;OBSCN;SPATA13;ELMO1;RIN1;NGEF;LLGL1;ARHGEF25;ARHGEF28;AGAP2;IQGAP1;IQGAP2;RASGRP2;KALRN;RASGRP1;RAP1GAP;RASGRP4;RAP1A;NCKAP1L;SRGAP3;SRGAP1;RALGDS;JUN;TNK2;ADAP1;ARHGAP31;NF1;PLXNB1;GNB5;DOCK6;DOCK4;DOCK3;GDI1;RASGRF2;DOCK8;RASGRF1;DOCK7;ARHGAP1;ARRB1;WASL;ARHGAP5;ARHGAP4;MCF2L;GIT1;VAV3;ARHGEF10;PLEKHG2;ARHGEF15;DENND2B;ARHGEF17;ARHGEF16;ARAP2;ARAP3;ARHGEF18;ARAP1;RHOD;VAV1;VAV2;ARHGEF9;ALS2;TBC1D4;RASA4;RASA1;CDC42EP2;ARHGEF3;ARHGEF4;RHOU;ARHGEF2;ARHGEF7;DOCK2;DOCK1;RAPGEF4;ARHGEF6;WAS;ASAP3;ASAP1;ASAP2;FGD1;FGD3;CYTH3;GNA13;CYTH2;FGD5;CYTH1;FARP2;GIT2;MYO9B;LAMTOR3;SIPA1,0.24528301886792453
4,979,Phosphorylation (GO:0016310),104/429,8.185323664208623e-41,cellular process,GO_Biological_Process_2023,7.825357231557002e-44,0.0,0.0,6.837394285714286,678.6549692201957,DGKG;EPHB6;DGKD;DGKA;MYLK3;RPS6KA4;RPS6KA5;RPS6KA1;PIM1;MAP3K9;PRKACA;MAP3K6;EPHB2;PRKACB;EPHB1;MAP3K5;EPHB3;PDK1;EPHA5;EPHA4;PRKCI;EPHA7;PRKCH;CDKL5;CSNK2A1;PRKCB;DAPK2;PRKCD;ADAM10;PRKCA;DGKZ;PRKAR1B;MAPKAPK2;BTK;PRKCQ;EPHA3;EPHA10;CSF2RB;STK4;PRKCZ;GRK3;GRK2;GRK5;GRK6;MARK3;MARK1;TNK2;INSR;PTK6;BMX;PTK2;FER;CDK5;MAP3K13;MAP3K11;MAP3K12;FGFR1;ALK;PRR5;PRKAG1;PRKAG2;ILK;PPP3CB;PRKG2;JAK3;PRKG1;MAP4K1;MAP4K2;SYK;YWHAZ;FGR;LATS1;HCK;ZAP70;CREB1;LATS2;LCK;PICK1;SGK1;CAMK2B;CAMK2D;PKN3;CAMK2A;CAMKK2;PAK1;MKNK1;MKNK2;PAK6;PTK2B;CSK;FYN;MAP4K5;PAK3;MAPK6;PAK2;MAP4K3;MAP4K4;PAK4;LIMK2;LIMK1;TAOK3;CAMK4;TAOK2;PKN1,0.24242424242424243
4,979,Protein Modification Process (GO:0036211),134/711,2.7302482755725824e-40,cellular process,GO_Biological_Process_2023,3.480239994356384e-43,0.0,0.0,5.069059510014049,495.571826641947,EPHB6;MYLK3;PPP1CB;RPS6KA4;RPS6KA5;PPP2R1B;PPP2R1A;RPS6KA1;PIM1;MAP3K9;PRKACA;MAP3K6;EPHB2;PRKACB;EPHB1;MAP3K5;EPHB3;PDK1;EPHA5;EPHA4;PRKCI;EPHA7;PRKCH;CDKL5;CSNK2A1;PRKCB;DAPK2;PRKCD;ADAM10;PRKCA;PHKA2;PRKAR1B;MAPKAPK2;BTK;PRKCQ;EPHA3;EPHA10;DAPP1;CSF2RB;STK4;PRKCZ;PPP3R1;GRK3;GRK2;GRK5;GRK6;MARK3;MARK1;YES1;INSR;PTK6;BMX;PTK2;SSH1;PTPRB;FER;CDK5;PTPRA;MAP3K13;MAP3K11;MAP3K12;FGFR1;PTPRU;PTPRR;PTPRS;PTPRO;PRKAG1;PTEN;PRKAG2;ILK;PTPRJ;DUSP16;PPP3CA;PPP3CB;PPP3CC;PRKG2;JAK3;PRKG1;DSP;MAP4K1;MAP4K2;PPP1R12A;SYK;PPP2R5D;YWHAZ;FGR;LATS1;HCK;ZAP70;CREB1;LATS2;LCK;PICK1;SGK1;CAMK2B;CAMK2D;PKN3;CAMK2A;CAMKK2;PPP2CA;PPP2CB;PAK1;PTPRZ1;MKNK1;MKNK2;PAK6;PTK2B;CSK;FYN;MAP4K5;PAK3;MAPK6;PAK2;MAP4K3;MAP4K4;PAK4;PTPN1;PTPN18;LIMK2;LIMK1;WWP2;PTPN12;PPP2R3A;PTPN13;PPP1CA;TMEM59;TAOK3;CAMK4;TAOK2;PTPN6;PKN1;PTPN7;PTPN5;PTPN3,0.18846694796061886
4,979,Ephrin Receptor Signaling Pathway (GO:0048013),31/43,4.098046154445551e-29,cellular process,GO_Biological_Process_2023,1.3284743696680215e-31,0.0,0.0,51.80019338959213,3682.792075761556,EPHB6;EPHA10;ARHGEF28;EFNA5;EFNA4;KALRN;EFNB2;EFNB1;PAK1;EFNB3;FYN;EPHB2;PAK3;EPHB1;EPHB4;EPHB3;EPHA5;EPHA4;EPHA7;YES1;MMP2;PTK2;TIAM1;EFNA3;EFNA2;RASA1;ARHGEF7;EPHA3;NGEF;CDK5R1;EPHA2,0.7209302325581395
4,979,Axon Guidance (GO:0007411),62/149,5.632943364415792e-39,cellular process,GO_Biological_Process_2023,8.975371836226564e-42,0.0,0.0,14.71449880294313,1390.7274574272185,CYFIP2;EPHB6;RET;CYFIP1;ROBO3;TRIO;PLXND1;PTPRO;ARHGAP35;RPS6KA5;DPYSL5;DAG1;RAC3;ARHGEF40;EPHB2;EPHB1;NEO1;SCN1B;EPHB3;EPHA5;EPHA4;EPHA7;UNC5A;UNC5B;DCC;SEMA6D;UNC5C;ENAH;GAP43;PRKCQ;EPHA3;EPHA10;ARHGEF25;SEMA3A;SEMA3E;EFNA5;EFNA4;KALRN;NTN1;NTN3;EFNB2;EFNB1;EFNB3;RELN;PLXNA2;SLIT1;PLXNA1;FYN;NCAM1;PLXNA4;PLXNA3;VASP;CNTN6;SEMA4F;L1CAM;PTK2;EFNA3;EFNA2;CNTN1;CNTN2;PLXNB1;CDK5R1,0.4161073825503356
4,979,Ras Protein Signal Transduction (GO:0007265),59/144,1.1062838399993513e-36,cellular process,GO_Biological_Process_2023,2.467809713191669e-39,0.0,0.0,14.286751918158568,1270.056351850536,CYFIP1;NCKAP1;GDI1;RASGRF2;RASGRF1;ARHGAP1;BRK1;ARHGAP5;ARHGAP35;ARHGAP4;EPS8;RASSF1;ARHGDIA;CFL1;RAC3;USP8;DBNL;KSR1;RHOG;RRAS2;RHOD;RHOB;CNKSR2;TIAM1;DOK2;MRAS;DOK4;DOK5;DOK6;ELMO1;ARHGEF3;RAPGEF4;RALA;RALB;GARRE1;WAS;PLD1;RASGRP2;RASGRP1;NTN1;RASGRP4;RAP1B;GNA13;RAP1A;RRAS;GNA12;SHOC2;WASF1;RALGDS;BRAP;FARP2;NGFR;LIMK1;MYO9B;RIT1;RIT2;GNB1;NF1;GRAP,0.4097222222222222
4,979,Regulation Of Intracellular Signal Transduction (GO:1902531),78/297,5.164722764390226e-33,biological regulation,GO_Biological_Process_2023,1.3166915906667242e-35,0.0,0.0,7.432411475833549,596.9367738809757,TRIO;DOCK3;DOCK8;RASGRF2;ITSN1;ARHGAP1;PTEN;HSPB1;ARHGAP5;ARHGAP35;ARHGAP4;PREX2;PREX1;SPRED1;MCF2L;ITGAV;ARHGEF40;VAV3;ARHGEF10;RALBP1;ARHGEF15;DAPK2;ARHGEF17;ARAP1;RHOD;VAV1;VAV2;RNF41;BCR;TIAM2;TIAM1;ARHGEF9;OBSCN;SPATA13;ARHGEF3;ARHGEF4;RHOU;ARHGEF2;MAPT;EZR;SGK1;DOCK2;NGEF;PHLPP1;ARHGEF25;ARHGEF28;AKAP6;AKAP5;STK4;KALRN;FGD1;GNAI1;FGD3;GNA13;FGD5;PAK1;RRAS;GNA12;PLCG2;PIP5K1A;PAK6;PIP5K1B;PIP5K1C;SRGAP3;PAK3;PAK2;MAP4K4;PAK4;WWTR1;NTRK3;MYO9B;PTPN13;ARHGAP31;RIT2;TAOK3;GRAP;NF2;TEK,0.26262626262626265
4,979,Protein Kinase Binding (GO:0019901),102/511,1.1359108374051176e-32,binding,GO_Molecular_Function_2023,4.684168401670588e-35,0.0,0.0,5.292615133275531,418.3615899273321,IRS1;PEBP1;NR3C1;ACTB;PPP1CB;CDH5;CCND1;SIRPA;PRKACA;PDGFRB;EPHA4;PRKCB;PRKCD;ADAM10;UNC5C;PSG3;MAPK8IP2;MAPK8IP3;MAPK8IP1;PRKAR1B;MAPKAPK3;PRKAR1A;MAPKAPK2;EZR;LLGL1;GRB7;AGAP2;IQGAP1;FOXO3;SOCS1;GRK5;PRKAR2B;PRKAR2A;PLCG2;SFN;CAV2;MSN;GP6;ESR1;PTK2;NBEA;NOX4;MAP3K13;CALM1;MAP3K11;BCL2L1;MAP3K12;PTPRR;CLTC;PDE3B;PRKAG1;PRKAG2;HSPB1;ILK;AP2A1;PTPRJ;DUSP16;AP2A2;GHR;SPRED2;SPRED1;DUSP10;BLNK;PRKG2;RAC3;ITGAV;YWHAG;APPL1;DSP;MAP4K2;HSP90AA1;DUSP3;PPP1R12A;RHOG;YWHAZ;DNM1;CNKSR2;ACTA2;FGR;LATS1;LCK;PICK1;MAPT;ARHGEF7;WAS;CDC42;MAPK7;CSK;SH2B3;PAK2;MAPK4;MAP3K2;PTPN1;TAOK2;SPRY2;PTPN6;PKN1;PTPN5;PTPN2;CDK5R2;CDK5R1;TJP2,0.19960861056751467
4,979,Protein Serine/Threonine Kinase Activity (GO:0004674),82/342,4.6737129397718637e-32,catalytic activity,GO_Molecular_Function_2023,2.890956457590844e-34,0.0,0.0,6.596355372609553,509.4121569083656,MYLK2;ILK;MYLK3;MYLK;RPS6KA4;RPS6KA3;RPS6KA6;RPS6KA5;RPS6KA2;RPS6KA1;PIM1;MAP3K9;PRKACA;MAP3K6;PRKACB;MAP3K4;MAP3K5;MAP4K1;MAP4K2;PRKCI;PRKCH;CDKL5;CSNK2A1;SYK;PRKCB;DAPK2;PRKCD;CASK;PRKCA;VRK3;UHMK1;LATS1;LATS2;MAPKAPK3;PRKD3;MAPKAPK2;ULK2;PRKCQ;SGK1;CAMK2B;CAMK2D;PKN3;CAMK2A;STK4;PRKCZ;CAMKK2;PAK1;GRK3;GRK2;MAPK7;GRK5;MKNK1;GRK6;MKNK2;PAK6;PTK2B;FYN;MAP4K5;PAK3;MAPK6;PAK2;MARK3;MAP4K3;MAPK4;BRD4;MAP4K4;PAK4;MARK1;MAP3K2;LIMK2;LIMK1;MAPK12;MAPK13;MOS;TAOK3;CDK5;CAMK4;TAOK2;PKN1;MAP3K13;MAP3K11;MAP3K12,0.23976608187134502
4,979,Neuron Projection Guidance (GO:0097485),51/124,1.0603022998295163e-31,cellular process,GO_Biological_Process_2023,3.0410199803905827e-34,0.0,0.0,14.264702409069438,1100.888396319041,CYFIP2;EPHB6;RET;CYFIP1;ROBO3;TRIO;PTPRO;ARHGAP35;RPS6KA5;DPYSL5;DAG1;ARHGEF40;EPHB2;EPHB1;NEO1;SCN1B;EPHB3;EPHA5;EPHA4;EPHA7;DCC;SEMA6D;UNC5C;ENAH;PRKCQ;EPHA3;EPHA10;ARHGEF25;SEMA3A;SEMA3E;EFNA5;EFNA4;KALRN;NTN3;EFNB2;EFNB1;EFNB3;RELN;SLIT1;FYN;PLXNA3;VASP;CNTN6;SEMA4F;L1CAM;PTK2;EFNA3;EFNA2;CNTN1;CNTN2;CDK5R1,0.4112903225806452
4,979,Protein Tyrosine Kinase Activity (GO:0004713),45/99,1.3362765671145843e-30,catalytic activity,GO_Molecular_Function_2023,1.1020837666924405e-32,0.0,0.0,16.92273376159886,1245.2681679779298,BLK;ALK;RET;ITK;FLT3;IGF1R;CAMKK2;RPS6KA5;ERBB3;PTK2B;CSK;FYN;EPHB2;JAK3;EPHB4;PDGFRB;EPHA4;PDGFRA;EPHA7;SRMS;YES1;SYK;INSR;TNK2;NTRK3;MATK;PTK6;BMX;PTK2;BCR;FGR;HCK;ZAP70;FER;TEC;FES;LCK;KIT;BTK;TEK;FGFR3;MET;FRK;EPHA2;FGFR1,0.45454545454545453
4,979,Guanyl-Nucleotide Exchange Factor Activity (GO:0005085),62/203,1.340676291789832e-30,molecular function regulator activity,GO_Molecular_Function_2023,1.3821405069998268e-32,0.0,0.0,9.05326496361091,664.1392755141547,DOCK6;DOCK4;TRIO;DOCK3;DOCK8;RASGRF2;ITSN1;DOCK7;RASGRF1;PREX2;PREX1;DOCK11;MCF2L;ARHGEF40;SBF2;VAV3;ARHGEF10;PLEKHG2;ARHGEF15;DENND2B;ARHGEF17;ARHGEF16;ARHGEF18;RHOD;VAV1;VAV2;BCR;TIAM2;TIAM1;ARHGEF9;OBSCN;ALS2;SPATA13;ARHGEF3;ELMO1;ARHGEF4;RHOU;ARHGEF2;RIN1;ARHGEF7;DOCK2;DOCK1;NGEF;ARHGEF6;RAPGEF4;ARHGEF25;ARHGEF28;RASGRP2;KALRN;RASGRP1;FGD1;RASGRP4;FGD3;CYTH3;GNA13;CYTH2;FGD5;RAP1A;RALGDS;CYTH1;FARP2;LAMTOR3,0.3054187192118227
4,979,Axonogenesis (GO:0007409),68/188,2.7414435918418233e-38,cellular process,GO_Biological_Process_2023,5.241765949984366e-41,0.0,0.0,11.75693377241127,1090.4477344526586,CYFIP2;EPHB6;RET;CYFIP1;ROBO3;TRIO;DOCK7;PTPRO;PTEN;ARHGAP35;PPP3CB;RPS6KA5;DPYSL5;DAG1;ARHGEF40;EPHB2;EPHB1;NEO1;SCN1B;EPHB3;EPHA5;EPHA4;EPHA7;HSP90AA1;DCC;APLP2;SEMA6D;UNC5C;ENAH;MAP1B;PARD3;ULK2;PRKCQ;EPHA3;LLGL1;EPHA10;ARHGEF25;SEMA3A;SEMA3E;EFNA5;EFNA4;KALRN;NTN3;EFNB2;EFNB1;PARD6B;EFNB3;RELN;SLIT1;SLITRK5;FYN;CTNNA2;PAK3;PLXNA3;VASP;CNTN6;SEMA4F;L1CAM;BAIAP2;PTK2;RAB10;EFNA3;EFNA2;CDK5;TAOK2;CNTN1;CNTN2;CDK5R1,0.3617021276595745
4,979,Cytoskeleton Organization (GO:0007010),24/111,1.953110634216356e-08,cellular process,GO_Biological_Process_2023,6.224061931855818e-10,0.0,0.0,5.469290485647229,115.93489233410276,PRR5;PRKCI;SH3KBP1;RHOG;ARAP3;RANBP9;FGD1;PLD2;ARHGAP4;NCKIPSD;FGD3;DIAPH1;FGD5;BIN1;DPYSL2;CFL1;RANBP10;RAC3;PAK6;RHOU;WASF3;SIPA1;MARK1;PAK4,0.21621621621621623
4,979,Small GTPase Binding (GO:0031267),47/199,4.513256944410423e-18,binding,GO_Molecular_Function_2023,8.37511597931831e-20,0.0,0.0,6.260186074090806,274.98766877858515,CYFIP1;NCKAP1;DOCK4;DOCK3;GARRE1;DOCK7;ARHGAP1;WAS;BRK1;IQGAP1;IQGAP2;FGD1;RAP1GAP;EPS8;FGD3;FGD5;PAK1;PARD6A;FLNA;SRGAP3;WASF1;PAK2;GIT1;NGFR;GIT2;RALBP1;CDKL5;PLEKHG2;ARHGEF16;MYO5A;RANBP9;MYO9B;RNF41;FMNL1;MYO1C;ABI2;ALS2;CDC42EP5;CDC42EP4;NOXA1;CDC42EP2;ARHGEF2;PKN1;RIN1;DOCK2;DOCK1;RAPGEF4,0.23618090452261306
4,979,Cadherin Binding (GO:0045296),60/319,6.26794215069059e-18,binding,GO_Molecular_Function_2023,1.292359206327957e-19,0.0,0.0,4.729498657681465,205.6984173870884,YWHAB;PTPRO;CTNND1;ARHGAP1;PTPRJ;CDH6;CDH5;LASP1;CDH2;CDH1;LRRFIP1;SPTAN1;SH3GL1;NCK1;SH3GLB2;USP8;DBNL;ARHGEF16;EPS15L1;YWHAZ;SND1;CTTN;NUMB;PKP1;MYH9;ITGA6;EZR;PFN1;TLN1;VCL;CDH18;EPHA2;ASAP1;IQGAP1;SNX1;CTNNA1;FLNA;PAK6;SFN;CTNNA3;FLNB;FYN;CTNNA2;EPS15;PAK2;WASF2;SPTBN1;PAK4;VASP;PTPN1;JUP;RDX;BAIAP2;PPP1CA;RAB10;PTPRB;EHD4;ABI1;CDK5R1;TJP2,0.18808777429467086
4,979,Negative Regulation Of MAPK Cascade (GO:0043409),31/105,1.7192172488678913e-14,biological regulation,GO_Biological_Process_2023,1.8627592881296462e-16,0.0,0.0,8.372633709659025,303.2509539830376,PTPRR;PTEN;CBLC;PEBP1;PTPRJ;DUSP16;FOXO1;IGF1R;SPRED2;RPS6KA6;SPRED1;DUSP10;PPP2R1A;DAG1;SIRPA;EPHB2;SH2B3;EPHA4;PTPN1;DUSP3;CAV3;PRKCD;RANBP9;DUSP9;DUSP6;DUSP7;NF1;SPRY2;SPRY1;EZR;PTPN2,0.29523809523809524
4,979,GABA Receptor Activity (GO:0016917),15/21,2.101203849148348e-14,molecular transducer activity,GO_Molecular_Function_2023,8.231520233777031e-16,0.0,0.0,49.31275933609958,1712.7993400520716,GABRA2;GABRB3;GABRQ;GABRA1;GABRB2;GABRB1;GABRA6;GABRA5;GABRA4;GABRA3;GABRG3;GABRG2;GABRG1;GABRE;GABRD,0.7142857142857143
4,979,Positive Regulation Of Cytoskeleton Organization (GO:0051495),27/79,2.355145568951376e-14,biological regulation,GO_Biological_Process_2023,2.626835401953415e-16,0.0,0.0,10.34589124111183,371.1648658119319,NCKAP1;MYLK3;SCIN;CFL2;NCK2;PTK2B;NCKAP1L;NCK1;PLXNA3;VASP;GSN;LIMK1;BAIAP2;HCK;FER;CTTN;CDK5;BIN1;CDC42EP5;FES;CDC42EP4;CDC42EP2;EVL;TEK;PFN1;PFN3;ARF6,0.34177215189873417
4,979,GABA-A Receptor Activity (GO:0004890),14/18,2.558941647071004e-14,molecular transducer activity,GO_Molecular_Function_2023,1.0552336688952594e-15,0.0,0.0,68.97357512953369,2378.554715380443,GABRA2;GABRB3;GABRQ;GABRB2;GABRB1;GABRA6;GABRA5;GABRA4;GABRA3;GABRG3;GABRG2;GABRG1;GABRE;GABRD,0.7777777777777778
4,979,GABA-A Receptor Complex (GO:1902711),14/18,2.7330552024387216e-14,protein-containing complex,GO_Cellular_Component_2023,1.0552336688952594e-15,0.0,0.0,68.97357512953369,2378.554715380443,GABRA2;GABRB3;GABRQ;GABRB2;GABRB1;GABRA6;GABRA5;GABRA4;GABRA3;GABRG3;GABRG2;GABRG1;GABRE;GABRD,0.7777777777777778
4,979,Receptor Tyrosine Kinase Binding (GO:0030971),23/59,3.3838243230373264e-14,binding,GO_Molecular_Function_2023,1.5205091246954156e-15,0.0,0.0,12.687558112505812,432.89607194762,SHC4;ANGPT4;PTPN1;DOCK4;DUSP3;SHC3;IRS1;ARHGEF16;CBLC;FLT3LG;CBLB;NRG1;RNF41;GRB14;BLNK;ELMO2;ALKAL2;ALKAL1;SH2B3;SH2B2;PTPN2;NCK1;SOCS5,0.3898305084745763
4,979,Purine Ribonucleoside Triphosphate Binding (GO:0035639),68/476,3.3838243230373264e-14,binding,GO_Molecular_Function_2023,1.5349306207591993e-15,0.0,0.0,3.4052323454079767,116.1534669501182,ARF1;PRKAG1;PRKAG2;RND1;RPS6KA4;RPS6KA5;PIM1;RAC2;MYO18A;RAC3;PIP4K2B;MAP3K6;PRKACB;MAP3K5;MAP4K1;MAP4K2;PRKCI;HSP90AA1;CDKL5;KSR1;DAPK2;RHOG;RRAS2;RHOC;RHOD;UHMK1;RHOB;DNM2;LATS1;ACTA1;ZAP70;MRAS;LATS2;RHOJ;BTK;MYH9;RHOU;RHOQ;ARF6;RALA;RALB;AGAP2;STK4;GNAI1;RAP1B;CDC42;PTPA;GNA14;GNA15;RAP1A;RRAS;GNA11;MKNK1;MKNK2;MAP4K5;MYH10;MAP4K3;MAP4K4;MARK1;RAB4A;RAB4B;INSR;RAB27A;MYO9B;RAB10;RIT1;RIT2;RAB5A,0.14285714285714285
4,979,Regulation Of Hydrolase Activity (GO:0051336),26/71,1.2604512022373441e-14,biological regulation,GO_Biological_Process_2023,1.3255222968079143e-16,0.0,0.0,11.50462865803894,420.60410325625526,PLXND1;CAMK2A;EFNA5;FGD1;RAP1GAP;FGD3;FGD5;PLXNA2;PLXNA1;PRKG1;PLXNA4;EPHB3;PLXNA3;EPHA5;VAV3;EPHA4;RALBP1;RDX;VAV1;PTK2;VAV2;ALS2;NF1;PLXNB1;EPHA3;NGEF,0.36619718309859156
4,979,Positive Regulation Of GTPase Activity (GO:0043547),46/234,3.763079178465388e-14,biological regulation,GO_Biological_Process_2023,4.3171080441285524e-16,0.0,0.0,4.93898656815124,174.73529819749464,RTN4R;DOCK6;ARHGEF26;DOCK8;RASGRF2;DOCK7;RASGRF1;AGAP2;ASAP3;RASGRP2;RASGRP1;RAP1GAP;RASGRP4;PREX2;PREX1;DOCK11;RAP1A;PIP5K1A;SRGAP3;RALGDS;MAP4K4;APC2;ARHGEF10;RALBP1;CDKL5;ARHGEF15;RALGAPA1;CAV2;NTRK3;ARHGEF16;RHOG;ARAP1;BCR;TIAM2;TIAM1;ALS2;TBC1D4;NF1;PLXNB1;ITGA6;GNB5;ARHGEF7;NGEF;SIPA1;EPHA2;RAPGEF4,0.19658119658119658
4,979,Positive Regulation Of Protein Polymerization (GO:0032273),25/70,8.631595488535754e-14,biological regulation,GO_Biological_Process_2023,1.0177470779981609e-15,0.0,0.0,11.05054740274866,381.4779907725125,NCKAP1;PAK1;NCK2;PTK2B;NCKAP1L;NCK1;VASP;HSP90AA1;CAV3;BAIAP2;HCK;FER;OCLN;CTTN;BIN1;CDC42EP5;FES;CDC42EP4;CDC42EP2;EVL;MAPT;PFN1;MET;ARF6;CDK5R1,0.35714285714285715
4,979,Regulation Of Phosphatidylinositol 3-Kinase Signaling (GO:0014066),28/90,9.811936001990685e-14,None,GO_Biological_Process_2023,1.1881885534596749e-15,0.0,0.0,9.00329025474034,309.41019227816275,NCF1;FLT3;PTEN;PDGFA;TWIST1;SEMA3E;IGF1R;ERBB3;PDGFD;PDGFC;PIP5K1A;PIP5K1B;PIP5K1C;PDGFRB;PDGFRA;UNC5B;HGF;INSR;NTRK3;PTPN13;PTK2;FGR;KIT;PLXNB1;PTPN6;TEK;PIK3AP1;FGFR1,0.3111111111111111
4,979,Neuron Projection Development (GO:0031175),40/192,3.776382407531886e-13,cellular process,GO_Biological_Process_2023,4.693400697697372e-15,0.0,0.0,5.288100442800292,174.4682830359538,NCKAP1;TRIO;DOCK7;RASGRF1;PTEN;WASL;ARHGAP35;CDC42;PAK1;FLRT3;MAP2;NRTN;NCKAP1L;SRGAP3;EPHB2;PAK3;EPHB1;SH3GL2;EPHB3;PLXNA3;MAP4K4;EPHA4;DBNL;UNC5A;L1CAM;NGF;MAPK8IP3;UHMK1;DNM2;CDK5;ALS2;CTTN;TAOK3;MAP1B;PLXNB1;MAPT;SGK1;SHANK3;SHANK1;CDK5R1,0.20833333333333334
4,979,Negative Regulation Of Cellular Response To Insulin Stimulus (GO:1900077),16/27,5.930828391127097e-13,biological regulation,GO_Biological_Process_2023,7.560010696146714e-15,0.0,0.0,28.71330123666572,933.638940501438,GRB7;PTPN1;IRS1;PRKCB;APLP2;PRKCD;PRKCZ;SOCS1;GRB14;GRB10;PIP4K2A;PIP4K2B;PRKCQ;PIP4K2C;PTPN2;NCK1,0.5925925925925926
4,979,Rho Protein Signal Transduction (GO:0007266),21/52,8.157833970436558e-13,cellular process,GO_Biological_Process_2023,1.1178676250120203e-14,0.0,0.0,13.428176981614923,431.3770747304324,NGFR;LIMK1;ARHGAP1;RHOG;WAS;MYO9B;ARHGAP5;RHOD;NTN1;ARHGAP35;ARHGAP4;RHOB;EPS8;CDC42;GNA13;ARHGDIA;CFL1;RHOJ;GNA12;ARHGEF3;RHOU,0.40384615384615385
4,979,Regulation Of Actin Filament Polymerization (GO:0030833),24/70,8.157833970436558e-13,cellular process,GO_Biological_Process_2023,1.1058281949315443e-14,0.0,0.0,10.366492146596858,333.1334113351245,VASP;NCKAP1;PLEKHG2;PRKCD;BAIAP2;SSH1;LATS1;HCK;FER;CTTN;BIN1;CDC42EP5;CDC42EP4;RASA1;NCK2;CDC42EP2;PTK2B;EVL;NCKAP1L;PFN1;PAK3;PFN3;NCK1;ARF6,0.34285714285714286
4,979,Regulation Of ERK1 And ERK2 Cascade (GO:0070372),45/244,8.157833970436558e-13,biological regulation,GO_Biological_Process_2023,1.068392888038771e-14,0.0,0.0,4.556992672140144,146.5986172040901,PTPRR;PTEN;PDGFA;ARRB1;ARRB2;PRKCZ;RASGRP1;SPRED2;RPS6KA6;SPRED1;RAP1A;DUSP10;RRAS;PDGFD;PDGFC;SIRPA;PTK2B;ALKAL2;ALKAL1;EPHB2;EPHB1;PDGFRB;EPHA4;PDGFRA;PTPN1;EPHA7;DUSP3;SYK;DENND2B;NTRK3;RANBP9;PRKCA;NRG1;YWHAZ;DUSP6;HAND2;SPRY2;PTPN6;SPRY1;TEK;EZR;FGFR3;PTPN2;EPHA2;MAP3K12,0.18442622950819673
4,979,Endocytic Vesicle (GO:0030139),41/196,4.323187270137732e-14,cellular anatomical structure,GO_Cellular_Component_2023,1.836102701602898e-15,0.0,0.0,5.320214595226632,180.5208992650128,CAMK2B;GRIA2;RAB5B;CAMK2D;RALA;SH3KBP1;CLTC;CAMK2A;LPAR1;CLTB;LPAR2;AP2A1;WASL;ARRB2;PLD1;AP2A2;MYO6;CLTCL1;AP2S1;FLOT2;ITGAV;SRGAP3;CACNG3;AP2M1;GRIA3;HSP90AA1;NOS3;AP2B1;DNM2;GNAO1;EHD2;FMNL1;EHD4;CTTN;SYT11;PICK1;RIN1;STAM2;RAB5A;ARF6;HBEGF,0.20918367346938777
4,979,Positive Regulation Of Cell Motility (GO:2000147),50/221,5.536961001145135e-18,biological regulation,GO_Biological_Process_2023,4.058320682802361e-20,0.0,0.0,5.9329342372796,264.9110467297763,RET;CLDN1;MYLK;IGF1R;PPP3CA;CDH5;EPHB2;PDGFRB;EPHA4;PDGFRA;HGF;SEMA6D;ADAM10;PRKCA;ACTN4;RHOC;RHOD;FGR;TIAM1;KIT;NUMB;ITGA6;EPHA2;HBEGF;GRB7;PDGFA;PIK3R3;TWIST1;CXCR4;SEMA3E;NTN1;CDC42;SDCBP;PAK1;PDGFD;PDGFC;PTK2B;STX4;MAP4K4;INSR;NTRK3;RDX;SEMA4F;PTK2;FER;MYO1C;TRIP6;SNAI1;CNTN1;SPRY2,0.22624434389140272
4,979,Regulation Of Neuron Projection Development (GO:0010975),40/174,1.2604512022373441e-14,biological regulation,GO_Biological_Process_2023,1.3043662876188924e-16,0.0,0.0,6.004164481108833,219.60618358976728,RTN4R;RET;CAMK2B;PTPRS;SEMA3A;PTPRO;LPAR1;PTEN;ARHGAP35;EFNB2;PAK1;RAP1A;RELN;CDH2;CFL1;PTK2B;ALKAL2;ALKAL1;CTNNA2;PAK3;PAK2;SCN1B;EPHB3;MARK1;EPHA4;PRKCI;CDKL5;DCC;KIDINS220;NTRK3;MAGI2;PTK6;MAG;RIT2;CDK5;FES;ITGA6;SHANK3;EPHA3;CDK5R1,0.22988505747126436
4,979,GABA-gated Chloride Ion Channel Activity (GO:0022851),12/12,5.05932547802761e-15,transporter activity,GO_Molecular_Function_2023,1.7733718170406055e-16,0.0,0.0,228252.0,8278352.816693037,GABRA2;GABRB3;GABRB2;GABRB1;GABRA6;GABRA5;GABRA4;GABRA3;GABRE;GABRG3;GABRG2;GABRG1,1.0
4,979,Protein Phosphorylated Amino Acid Binding (GO:0045309),23/45,3.68875657093781e-17,binding,GO_Molecular_Function_2023,8.366252016559983e-19,0.0,0.0,20.77676873335869,864.8311446236884,SHC3;YES1;SYK;IRS1;YWHAB;CBLC;PIK3R3;SHB;YWHAZ;VAV1;VAV2;FGR;HCK;ZAP70;LCK;RASA1;NCK2;PLCG2;PTPN6;GRAP;PFN1;PTPN5;PTPN3,0.5111111111111111
4,979,Peptidyl-Serine Phosphorylation (GO:0018105),41/158,6.318078836907299e-17,cellular process,GO_Biological_Process_2023,4.832182666850708e-19,0.0,0.0,7.062343957866346,297.84601228763034,CAMK2B;CAMK2D;CAB39;PKN3;CAMK2A;PRKX;STK4;PRKCZ;RPS6KA3;GRK2;MKNK1;MKNK2;PRKACA;PRKACB;MARK3;PAK2;MARK1;MAP4K1;PRKCI;PRKCH;CSNK2A1;PRKCB;PRKCD;PRKCA;VRK3;MAPK12;UHMK1;MAPK13;LATS1;LATS2;MAPKAPK3;CDK5;CAMK4;MAPKAPK2;ULK2;PRKCQ;PKN1;MAP3K13;SGK1;MAP3K12;CDK5R1,0.25949367088607594
4,979,Vesicle-Mediated Transport (GO:0016192),68/411,7.96632296840602e-17,localization,GO_Biological_Process_2023,6.34665628458096e-19,0.0,0.0,4.064683988696624,170.3150906618933,ITSN2;ARF1;HIP1;GDI1;ITSN1;WIPF3;SNAP23;ARHGAP1;INPPL1;AP2A1;WASL;PIK3C2A;AP2A2;EEA1;DPYSL2;PIP4K2A;AP2M1;PRKCI;RALBP1;EXOC7;ARAP3;EPS15L1;MAPK8IP3;DNM1;EPN1;MAPK8IP1;RHOB;DNM2;DNM3;ALS2;TBC1D4;BIN1;MYL1;HGS;RHOJ;RHOU;AMPH;RHOQ;ARF6;RAB5B;RAB5C;STXBP3;STXBP2;AGAP2;KALRN;CDC42;NCKIPSD;CYTH3;CYTH2;MYO6;AP2S1;REPS2;STX4;EPS15;CYTH1;RAB4A;RAB4B;CAV3;SORT1;CAV2;MYO5A;RAB27A;AP2B1;RAB10;EHD2;EHD4;SYT11;RAB5A,0.1654501216545012
4,979,Protein Tyrosine Kinase Binding (GO:1990782),30/85,8.153838482495138e-17,binding,GO_Molecular_Function_2023,2.017444572988488e-18,0.0,0.0,10.901044161318136,444.1597743255306,SHC4;DOCK4;SHC3;CBLC;CBLB;CDH5;GRB14;BLNK;PLCG2;SIRPA;ALKAL2;ALKAL1;SH2B3;NCK1;SOCS5;EPHA4;ANGPT4;PTPN1;HSP90AA1;DUSP3;ARHGEF16;FLT3LG;NRG1;PSG3;GP6;RNF41;ELMO2;NOX4;PTPN2;TJP2,0.35294117647058826
4,979,Phosphotyrosine Residue Binding (GO:0001784),21/39,2.48796663446035e-16,binding,GO_Molecular_Function_2023,6.668776545976197e-18,0.0,0.0,23.14213639526792,915.2505567511108,SHC3;YES1;SYK;IRS1;CBLC;PIK3R3;SHB;VAV1;VAV2;FGR;HCK;ZAP70;LCK;RASA1;NCK2;PLCG2;PTPN6;GRAP;PFN1;PTPN5;PTPN3,0.5384615384615384
4,979,Protein Tyrosine Phosphatase Activity (GO:0004725),28/76,2.557586829653612e-16,catalytic activity,GO_Molecular_Function_2023,7.38272486910321e-18,0.0,0.0,11.637837364178058,459.0822962265877,PTPRU;PTPRR;PTPRS;PTPRN;PTPRO;PTEN;PTPRJ;DUSP16;PTPRF;PPP2CA;DUSP10;PTPRZ1;PTPN1;PTPN18;DUSP3;PTPN12;PTPN13;DUSP9;DUSP6;PTK2;DUSP7;PTPRB;PTPRA;PTPN6;PTPN7;PTPN5;PTPN2;PTPN3,0.3684210526315789
4,979,Cytoplasmic Side Of Plasma Membrane (GO:0009898),35/124,3.3369900022539197e-16,cellular anatomical structure,GO_Cellular_Component_2023,1.0307305026266937e-17,0.0,0.0,7.886831079794325,308.4829776379615,BLK;TRAF3IP2;PTEN;AP2A1;IQGAP1;AKAP5;AP2A2;PPP3CA;CDH1;AP2S1;FYN;JAK3;AP2M1;CYTH1;SRMS;YES1;JUP;SYK;EXOC7;PTK6;AP2B1;FGR;TIAM1;HCK;ZAP70;FER;RASA3;FES;LCK;NPHS2;MYH9;PTPN7;EZR;FRK;PTPN3,0.28225806451612906
4,979,GTPase Activator Activity (GO:0005096),44/211,5.169761179722184e-15,molecular function regulator activity,GO_Molecular_Function_2023,1.918674252268027e-16,0.0,0.0,5.312856639661852,192.2708315600092,AGAP2;ARHGAP1;ASAP3;ARRB1;ASAP1;IQGAP1;ASAP2;IQGAP2;ARHGAP5;ARHGAP35;RAP1GAP;ARHGAP4;PREX2;PREX1;RGS3;NCKAP1L;SRGAP3;SRGAP1;GIT1;VAV3;GIT2;JUN;RALBP1;RALGAPA1;STARD8;ARAP2;ARAP3;MYO9B;ARAP1;ADAP1;BCR;ARHGAP31;ALS2;TBC1D4;RASA4;RASA1;CDC42EP2;NF1;PLXNB1;GNB5;DOCK1;LLGL1;SIPA1;ARHGEF6,0.20853080568720378
4,979,Dendrite (GO:0030425),52/270,3.6670051537295207e-16,cellular anatomical structure,GO_Cellular_Component_2023,1.2742488951183662e-17,0.0,0.0,4.83831636036143,188.21819778190104,EPHB6;DAGLA;TMEM222;CAPN2;EPHB2;EPHB1;EPHB3;EPHA5;KIRREL3;EPHA4;EPHA7;CDKL5;ARHGEF15;MAGI2;GABRG3;MAPK8IP3;GABRG2;GABRG1;UHMK1;ALS2;BIN1;MAP1B;MAPT;EPHA3;SHANK1;GRIA2;EPHA10;AKAP5;PAK1;RELN;MAP2;PTK2B;FYN;GABRE;MARK3;MARK1;GABRA2;GABRA1;PRNP;GABRA6;GABRA5;INSR;GABRA4;GABRA3;RAB27A;CDK5;SYT11;NF1;STRN;FGF13;RAB5A;CDK5R1,0.1925925925925926
4,979,Regulation Of Cell Adhesion (GO:0030155),38/144,5.95980944305133e-16,biological regulation,GO_Biological_Process_2023,5.127943115436133e-18,0.0,0.0,7.206003248250556,286.8841550214145,RET;PLXND1;LAMA2;PDE3B;CXCR4;PTPRJ;PRKX;EFNA5;RND1;PPP1CB;PPP2CA;PPP3CA;ERBB3;PPP2R1A;PLXNA2;RAC2;PLXNA1;PTK2B;ITGAV;STX4;EPHB2;PLXNA4;CYTH1;EPHB3;PLXNA3;EPHA4;EPHA7;PPP1R12A;ADAM10;PRKCA;NRG1;RHOD;PTK2;FES;RASA1;PLXNB1;SIPA1;EPHA2,0.2638888888888889
4,979,GTPase Activity (GO:0003924),51/265,8.780180827384996e-16,catalytic activity,GO_Molecular_Function_2023,2.715519843521133e-17,0.0,0.0,4.829786698356429,184.23203575157717,ARF1;RND1;RGS3;RAC2;RAC3;RHOG;RRAS2;RHOC;RHOD;DNM1;RHOB;DNM2;DNM3;MRAS;RASA1;RHOJ;RHOU;RHOQ;ARF6;GNAZ;RAB5B;RALA;RAB5C;RALB;RGS19;AGAP2;GNAI3;GNAI1;RAP1GAP;GNAI2;RAP1B;CDC42;GNA13;GNA14;GNG10;GNA15;RAP1A;RRAS;GNA11;GNA12;RAB4A;RAB4B;RAB27A;GNG11;GNAO1;RIT1;RIT2;GNB1;GNAS;GNB5;RAB5A,0.19245283018867926
4,979,Positive Regulation Of Supramolecular Fiber Organization (GO:1902905),31/96,1.1726998777406076e-15,biological regulation,GO_Biological_Process_2023,1.0463861241789996e-17,0.0,0.0,9.536449204803636,372.86185235791066,NCKAP1;MYLK3;PAK1;SCIN;CFL2;NCK2;PTK2B;NCKAP1L;NCK1;VASP;USP8;GSN;CAV3;LIMK1;BAIAP2;HCK;FER;OCLN;CTTN;BIN1;CDC42EP5;FES;CDC42EP4;CDC42EP2;EVL;MAPT;PFN1;MET;PFN3;ARF6;CDK5R1,0.3229166666666667
4,979,Dephosphorylation (GO:0016311),38/147,1.1903391246655562e-15,cellular process,GO_Biological_Process_2023,1.10005846447741e-17,0.0,0.0,7.006561436691398,273.5962975777767,PTPRU;PTPRR;PTPRS;PTPRO;PTEN;DAPP1;PTPRJ;DUSP16;PPP1CB;PPP2CA;PPP3CA;PPP2CB;PPP3R1;PPP3CB;DUSP10;PPP3CC;PPP2R1B;PTPRZ1;PPP2R1A;PTPN1;PTPN18;DUSP3;PPP1R12A;PPP2R5D;PPP2R3A;PTPN12;PTPN13;SSH1;PPP1CA;PLPP5;PTPRB;PLPP4;PTPRA;ALPL;PTPN6;PTPN7;PTPN5;PTPN3,0.2585034013605442
4,979,Ribonucleoside Triphosphate Phosphatase Activity (GO:0017111),51/270,1.870105038754901e-15,catalytic activity,GO_Molecular_Function_2023,6.169418684552251e-17,0.0,0.0,4.718262871988663,176.10605690949956,ARF1;RND1;RGS3;RAC2;RAC3;RHOG;RRAS2;RHOC;RHOD;DNM1;RHOB;DNM2;DNM3;MRAS;RASA1;RHOJ;RHOU;RHOQ;ARF6;GNAZ;RAB5B;RALA;RAB5C;RALB;RGS19;AGAP2;GNAI3;GNAI1;RAP1GAP;GNAI2;RAP1B;CDC42;GNA13;GNA14;GNG10;GNA15;RAP1A;RRAS;GNA11;GNA12;RAB4A;RAB4B;RAB27A;GNG11;GNAO1;RIT1;RIT2;GNB1;GNAS;GNB5;RAB5A,0.18888888888888888
4,979,MAPK Cascade (GO:0000165),31/98,2.1415534991603325e-15,cellular process,GO_Biological_Process_2023,2.0473742821800504e-17,0.0,0.0,9.250802947288872,355.4841982991936,CAMKK2;PPP1CB;PAK1;NRTN;ITGAV;MAP3K4;MAP2K5;MAP3K5;MAP4K4;MEF2A;BRAP;MEF2C;DUSP9;DUSP6;MAPK12;DUSP7;MAPK13;MOS;RIT2;TAOK3;MAPKAPK2;TAOK2;NF1;PTPN7;FGF13;MAP3K13;FGFR3;SHANK3;MAP3K11;FGFR1;PTPN3,0.3163265306122449
4,979,Peptidyl-Tyrosine Dephosphorylation (GO:0035335),18/29,4.698437986593146e-15,cellular process,GO_Biological_Process_2023,4.641541669355881e-17,0.0,0.0,32.36969066313499,1217.3884596183775,PTPN1;PTPN18;PTPRR;PTPRS;DUSP3;PTPRO;PTPRJ;PTPN12;PTPN13;PTPRF;DUSP6;DUSP7;PTPRB;DUSP10;PTPRZ1;PTPN6;PTPN5;PTPN2,0.6206896551724138
4,979,Peptidyl-Serine Modification (GO:0018209),41/166,4.100428277739869e-16,cellular process,GO_Biological_Process_2023,3.3974230472032056e-18,0.0,0.0,6.607556503198294,265.779144531418,CAMK2B;CAMK2D;CAB39;PKN3;CAMK2A;PRKX;STK4;PRKCZ;RPS6KA3;GRK2;MKNK1;MKNK2;PRKACA;PRKACB;MARK3;PAK2;MARK1;MAP4K1;PRKCI;PRKCH;CSNK2A1;PRKCB;PRKCD;PRKCA;VRK3;MAPK12;UHMK1;MAPK13;LATS1;LATS2;MAPKAPK3;CDK5;CAMK4;MAPKAPK2;ULK2;PRKCQ;PKN1;MAP3K13;SGK1;MAP3K12;CDK5R1,0.2469879518072289
4,979,Epithelial cell signaling in Helicobacter pylori infection,15/70,2.8539037339157987e-06,Infectious disease: bacterial,KEGG_2021_Human,1.146546478254382e-06,0.0,0.0,5.365711052433044,73.39625330557548,JUN;ADAM10;MAPK12;MAPK13;CDC42;PAK1;PTPRZ1;ATP6V1B2;PLCG2;CSK;MET;GIT1;HBEGF;ATP6V0A1;JAM3,0.21428571428571427
4,979,Negative Regulation Of Intracellular Signal Transduction (GO:1902532),36/231,2.1697998326480468e-08,biological regulation,GO_Biological_Process_2023,6.983740697815573e-10,0.0,0.0,3.685651358185823,77.7018832015544,DGKG;SPI1;PHLPP1;DGKD;PDE3B;ITPR1;PTEN;TWIST1;PEBP1;PTPRJ;ARRB2;SLA2;DUSP16;UACA;IGF1R;PPP2CA;SPRED2;SPRED1;DEPTOR;PPP2R1A;RPS6KA1;DAG1;MARK3;SH2B3;DUSP3;CAV3;MAGI2;DUSP9;ESR1;DUSP6;DUSP7;MYO1C;PDE3A;NF1;EPHA2;BCL2L1,0.15584415584415584
4,979,Cell Chemotaxis (GO:0060326),16/50,2.9720876692583582e-08,cellular process,GO_Biological_Process_2023,9.850131217427318e-10,0.0,0.0,9.278358072200843,192.41798700253264,PDGFRB;PDGFRA;DOCK4;HGF;ARHGEF16;PRKCD;RHOG;LPAR1;ARRB2;KIT;ELMO2;PIP5K1A;PRKCQ;EPHB1;EPHA2;HBEGF,0.32
4,979,Positive Regulation Of Neuron Death (GO:1901216),11/34,6.714358938080918e-06,None,GO_Biological_Process_2023,3.701670160254936e-07,0.0,0.0,9.386363636363637,139.00558330448706,EFNB2;BACE1;PRNP;EPHA7;CDK5;NF1;FYN;MAPT;FOXO3;MAP3K5;CDK5R1,0.3235294117647059
4,979,Regulation Of calcineurin-NFAT Signaling Cascade (GO:0070884),11/34,6.714358938080918e-06,biological regulation,GO_Biological_Process_2023,3.701670160254936e-07,0.0,0.0,9.386363636363637,139.00558330448706,PPP3CA;PRNP;PPP3CB;PPP3R1;PPP3CC;CHP2;PLCG2;CHP1;AKAP6;AKAP5;SLC9A1,0.3235294117647059
4,979,Cellular Response To Organic Cyclic Compound (GO:0071407),24/152,6.716274634335301e-06,None,GO_Biological_Process_2023,3.724129338350358e-07,0.0,0.0,3.709358638743456,54.9106098626708,GABRB3;GABRB2;MEF2C;GABRB1;JUP;MSN;AKAP6;NR3C1;ESR1;ACTB;GABRG2;GNAI1;SSH1;RAP1B;DIAPH1;RAP1A;CREB1;GNG2;CDH1;FES;GNB1;PDE3A;CTNNA1;EZR,0.15789473684210525
4,979,Growth Factor Receptor Binding (GO:0070851),18/96,7.494072929247634e-06,binding,GO_Molecular_Function_2023,8.189399283507723e-07,0.0,0.0,4.5488673657248055,63.753536561893455,PDGFRB;PDGFRA;LINGO1;HIP1;TNK2;CBLC;PDGFA;TGFA;PTPRJ;PGF;SDCBP;SNX1;FER;PDGFD;PDGFC;TRIP6;FYN;GRAP,0.1875
4,979,Cell Projection Assembly (GO:0030031),7/12,7.497912148553943e-06,cellular process,GO_Biological_Process_2023,4.205329949475762e-07,0.0,0.0,27.389300411522637,402.1226667056111,CYFIP2;NCKAP1;GSN;SCIN;PDGFA;RAC3;NCKAP1L,0.5833333333333334
4,979,Semaphorin-Plexin Signaling Pathway Involved In Neuron Projection Guidance (GO:1902285),7/12,7.497912148553943e-06,cellular process,GO_Biological_Process_2023,4.205329949475762e-07,0.0,0.0,27.389300411522637,402.1226667056111,PLXND1;SEMA3A;PLXNA2;PLXNA1;PLXNB1;PLXNA4;PLXNA3,0.5833333333333334
4,979,Vascular Endothelial Growth Factor Receptor Signaling Pathway (GO:0048010),10/28,7.832793067780645e-06,cellular process,GO_Biological_Process_2023,4.4181146367022765e-07,0.0,0.0,10.894966173603944,159.41931345152838,MAPKAPK3;MAPKAPK2;HSPB1;PTK2B;FYN;PAK2;PGF;PTK2;VAV1;VAV2,0.35714285714285715
4,979,Insulin-Like Growth Factor Receptor Binding (GO:0005159),7/13,7.83664045447169e-06,binding,GO_Molecular_Function_2023,8.725331640030336e-07,0.0,0.0,22.823216735253773,318.4264427106609,SOCS2;SOCS1;IRS1;INSR;IGF2;GNAS;YWHAG,0.5384615384615384
4,979,Regulation Of Epithelial To Mesenchymal Transition (GO:0010717),17/83,7.849040602176454e-06,biological regulation,GO_Biological_Process_2023,4.4522919923116914e-07,0.0,0.0,5.0752063252063255,74.22325135150858,EPHA4;WWTR1;PTEN;TWIST1;IL17RD;PTK2;PPP2CA;SPRED2;TIAM1;SDCBP;SPRED1;DAG1;SNAI1;SPRY2;SPRY1;EPHA3;MARK1,0.20481927710843373
4,979,Negative Regulation Of Cell Motility (GO:2000146),22/133,8.730742049383716e-06,biological regulation,GO_Biological_Process_2023,4.989219814747972e-07,0.0,0.0,3.916330123226675,56.829146217442265,EPHA4;NGFR;PTPRU;DUSP3;MAGI2;PTEN;WAS;MITF;PTPRJ;FOXO3;RNF41;ARHGAP4;RHOB;DUSP10;CDH1;PIP5KL1;DAG1;NF1;SRGAP3;NF2;SRGAP1;VCL,0.16541353383458646
4,979,Stress-Activated MAPK Cascade (GO:0051403),12/42,8.730742049383716e-06,cellular process,GO_Biological_Process_2023,5.008073833298498e-07,0.0,0.0,7.855635987590486,113.96205907396156,MAP4K1;MAP4K2;TAOK2;MAPK8IP2;MAP3K13;DUSP9;MAP4K3;MAP3K11;MAP3K5;MAPK13;MAPK8IP1;MAP3K12,0.2857142857142857
4,979,Non-Membrane Spanning Protein Tyrosine Phosphatase Activity (GO:0004726),6/9,8.837511189532517e-06,catalytic activity,GO_Molecular_Function_2023,1.0021919905655432e-06,0.0,0.0,39.09146968139774,539.9830177537317,PTPN1;PTPN18;PTPN6;PTPN12;PTPN7;PTPN2,0.6666666666666666
4,979,Protein Kinase Activator Activity (GO:0030295),17/88,9.213003014975002e-06,molecular function regulator activity,GO_Molecular_Function_2023,1.0637694202857734e-06,0.0,0.0,4.716552955989576,64.87001619042971,CAB39;AGAP2;IGF2;PRKAG2;NRG1;IQGAP1;STK4;ALS2;ERBB3;TAOK2;SPRY2;NCKAP1L;CALM1;MAP3K13;PAK2;CDK5R1;MAP3K12,0.19318181818181818
4,979,Signal Transduction R-HSA-162582,529/2465,3.271483673727128e-231,Signal Transduction,Reactome_2022,3.160853791040703e-234,0.0,0.0,10.374156336088154,5577.707372582497,ITSN2;CYFIP2;CYFIP1;NCKAP1;TRIO;WIPF1;WIPF2;ITSN1;WIPF3;WDR83;MYLK;PREX2;PREX1;GJA1;PIP4K2A;PROK2;PIP4K2B;PIP4K2C;PRKACB;MEF2A;MEF2C;PRKCI;PRKCH;FNBP1;PRKCB;STARD8;PRKCD;PRKCA;GABRG3;GABRG2;MYL6;PRKAR1B;DAAM1;PRKAR1A;PARD3;PRKCQ;MYL9;NGEF;PDGFA;IQGAP1;IQGAP2;PRKCZ;ABR;PPP3R1;PRKAR2B;FLRT3;PDGFD;PRKAR2A;PDGFC;MYO6;PLCG2;PIP5K1A;PIP5K1B;NCKAP1L;PIP5K1C;ICOS;NGFR;JUN;SRMS;JUP;NFATC1;NOX3;SNAI1;STRN;GABRB3;RET;GABRB2;GABRB1;ARPC1B;ARPC1A;CLTC;PRKAG1;ARHGAP1;CLTB;PRKAG2;SHB;ARHGAP5;AREG;ARHGAP4;MECOM;NEFL;JAK3;DUSP3;RRAS2;EPS15L1;FOS;DUSP9;DUSP6;DUSP7;APBB1IP;MRAS;CDC42EP5;CDC42EP4;CDC42EP2;MGLL;RAPGEF4;ARF6;HBEGF;PHLPP2;PHLPP1;PKN3;ASCL1;FGD1;FGD5;AP2S1;FLNA;MEF2D;FARP2;GABRA1;KIDINS220;WWP2;TMEM59;TAOK3;ABI2;ABI1;PKN1;LAMTOR3;FRK;DGKG;DGKD;NCF1;PLXND1;IRS1;NAB1;DGKA;NCF4;ITGA2B;IRS2;PPP1CB;CDH5;GRB10;AP2M1;USP8;TPM3;RALGAPA1;VRK3;DGKZ;PGF;RNF41;MAG;OBSCN;MAPKAPK3;MAPKAPK2;PGR;SHC3;ITPR1;ITPR2;RASAL1;ITPR3;RASAL2;FOXO3;RASAL3;FOXO1;SAV1;RAP1B;BCL2L11;SOCS1;RAP1A;EIF4EBP1;THEM4;PLXNA1;SOCS6;SRGAP2;SRGAP1;MAP2K5;RAB4A;ARPC5;ADAP1;GFAP;ARPC2;NBEA;CDK5;ARPC3;PTPRA;NOXA1;NF1;PLXNB1;NF2;MAP3K11;BCL2L1;ALK;DAGLA;FLT3;RASGRF2;RASGRF1;SNAP23;PTEN;BRK1;ARRB1;ARRB2;DUSP16;DUSP10;NCK2;PRKG2;ITGAV;PRKG1;NCK1;ACTR3;ACTR2;HSP90AA1;PPP1R12A;TRPC6;PLEKHG2;KSR1;TRPC3;NRG1;KSR2;NGF;LCK;IL3RA;NUMB;EVL;PPP1R12B;DAGLB;SRF;CDC42;PARD6B;PARD6A;PTPRZ1;NHS;SLITRK5;FYN;CSK;WASF1;SH2B3;AAMP;WASF2;SH2B2;WASF3;PTPN1;LINGO1;PPP1R14A;PTPN18;NTRK3;SEMA4F;PTPN12;BAIAP2;PTPN13;PTPN6;PTPN7;PIK3AP1;PTPN2;PTPN3;AHCYL1;ZDHHC7;RPS6KA3;EDNRB;RPS6KA5;PPP2R1B;PPP2R1A;RPS6KA2;RPS6KA1;ACTN2;ACTN1;FLT3LG;RUNX1;UHMK1;TIAM2;TIAM1;ARC;CDC37;SPATA13;BTK;PFN1;TLN1;LLGL1;EPHA2;GRB7;BEX3;GARRE1;PDE1C;EPAS1;MAGED1;PDE1B;SH2D2A;PDE1A;LPAR1;LPAR2;TGFA;PIK3R3;KLK2;NLK;KALRN;GNG10;CD19;RALGDS;PAG1;SPTBN1;ATP6V0A1;WWTR1;YES1;INSR;IGF2;PTK6;STAM;GNG12;GNG11;PTK2;ARTN;RANBP10;PDE3A;GNRH1;GRAP;CALM1;PTPRU;NRP2;PTPRS;SH3KBP1;PTPRJ;AP2A1;WASL;AP2A2;PPP3CA;PPP3CB;PPP3CC;RAC2;SPTAN1;GIT1;VAV3;SYK;RHOG;GFRA1;IL17RD;RHOC;GFRA3;RHOD;VAV1;VAV2;RHOB;CNKSR2;CNKSR1;ARHGEF9;CTTN;KIT;RHOJ;ARHGEF3;ARHGEF4;RHOU;ARHGEF2;ARHGEF7;SGK1;RHOQ;ARHGEF6;YAP1;CAB39;GNAI3;WAS;NOXO1;CXCR4;PRKX;ZDHHC21;GNAI1;CAMKK2;GNAI2;PPP2CA;PPP2CB;CTNNA1;SHOC2;EPS15;PAK4;GABRQ;GIT2;ERBIN;RANBP9;MYO9B;AP2B1;PPP1CA;FKBP1A;KITLG;RIT2;CAMK4;TRIP10;F2RL2;CDK5R2;TJP2;CDK5R1;SH3GL3;PEBP1;NR3C1;ARHGAP35;ACTG1;IGF1R;DOCK11;RGS3;CCND1;MPZ;ARHGDIA;NRTN;ARHGEF40;SH3GL2;SH3GL1;PDGFRB;PDGFRA;MATK;ADAM10;CYBA;DOK1;MYCN;HGS;ELMO1;ELMO2;STAM2;VCL;GNAZ;ARHGEF26;ARHGEF25;ARHGEF28;CSF2RB;RASGRP2;STK4;RASGRP1;RASGRP4;PLD2;NCKIPSD;GRK3;GRK2;GRK5;GRK6;MYH14;MYH11;MYH10;MARK3;CAV2;ESR1;ESR2;GNAO1;DIAPH1;ARHGAP31;DIAPH2;FER;FES;GNB1;CNTN1;GNB4;GNAS;GNB5;FGF13;FGFR3;FGFR1;PRR5;DOCK6;DOCK4;DOCK3;YWHAB;LAMC3;DOCK8;DOCK7;PDE3B;HSPB1;RND1;SPRED2;SPRED1;YWHAQ;MCF2L;FLOT1;FLOT2;PDE4A;YWHAG;ARHGEF10;ARHGEF15;ARHGEF17;MMP2;ARHGEF16;PDE4C;ARAP2;ARHGEF18;ARAP3;PPP2R5D;ARAP1;YWHAZ;EPN1;DNM1;DNM2;LATS1;ACTA2;DNM3;ARHGAP10;ZAP70;LATS2;CREB1;VGF;ALS2;RASA3;RASA4;RASA2;ATP6V1B2;MYH9;DOCK2;DOCK1;CAMK2B;RALA;CAMK2D;RALB;RGS19;LAMA2;CAMK2A;UACA;GNA13;GNA14;GNA15;GNG2;MAPK7;ERBB3;GNG4;MKNK1;GNG7;GNA11;GNA12;S1PR1;LRIG1;PTK2B;S1PR3;NCAM1;MAPK6;MAPK4;LIMK2;LIMK1;MAPK12;EPOR;TSHR;MAPK13;FMNL1;TEC;ABHD17B;ABHD17A;SPRY2;SPRY1;TEK;VIM,0.21460446247464504
4,979,Signaling By Receptor Tyrosine Kinases R-HSA-9006934,205/496,1.29735791654699e-136,Signal Transduction,Reactome_2022,2.5069718194144736e-139,0.0,0.0,17.047381834003748,5440.505740373589,CYFIP2;CYFIP1;NCKAP1;AHCYL1;RPS6KA3;RPS6KA5;PPP2R1B;PPP2R1A;RPS6KA2;RPS6KA1;PRKACB;MEF2A;MEF2C;PRKCB;PRKCD;FLT3LG;PRKCA;GABRG3;GABRG2;TIAM1;ARC;CDC37;LLGL1;GRB7;SH2D2A;PDGFA;PIK3R3;TGFA;PRKCZ;FLRT3;PDGFD;PDGFC;NCKAP1L;RALGDS;PAG1;ATP6V0A1;YES1;JUP;INSR;IGF2;PTK6;STAM;PTK2;RANBP10;GRAP;CALM1;GABRB3;GABRB2;PTPRU;GABRB1;NRP2;PTPRS;SH3KBP1;CLTC;AP2A1;PTPRJ;SHB;AREG;AP2A2;JAK3;VAV3;DUSP3;EPS15L1;FOS;DUSP6;VAV1;DUSP7;VAV2;KIT;ARHGEF7;SGK1;ARF6;HBEGF;YAP1;ASCL1;PPP2CA;PPP2CB;AP2S1;CTNNA1;MEF2D;EPS15;GABRQ;GABRA1;KIDINS220;ERBIN;RANBP9;AP2B1;KITLG;RIT2;ABI2;ABI1;PKN1;CDK5R2;CDK5R1;SH3GL3;NCF1;IRS1;NAB1;NCF4;IRS2;IGF1R;CDH5;GRB10;AP2M1;SH3GL2;SH3GL1;PDGFRB;USP8;PDGFRA;MATK;ADAM10;CYBA;VRK3;PGF;RNF41;MYCN;MAPKAPK3;HGS;MAPKAPK2;ELMO1;ELMO2;PGR;STAM2;SHC3;ITPR1;ITPR2;ITPR3;STK4;RAP1B;RAP1A;SOCS1;THEM4;SOCS6;MAP2K5;RAB4A;ADAP1;ESR1;GFAP;DIAPH1;FER;CDK5;FES;FGF13;FGFR3;FGFR1;ALK;PRR5;DOCK3;FLT3;LAMC3;YWHAB;DOCK7;PDE3B;BRK1;HSPB1;SPRED2;SPRED1;NCK2;ITGAV;NCK1;HSP90AA1;NRG1;PPP2R5D;NGF;DNM1;EPN1;DNM2;DNM3;CREB1;VGF;LCK;ATP6V1B2;DOCK1;RALA;RALB;LAMA2;SRF;CDC42;MAPK7;PTPRZ1;ERBB3;MKNK1;LRIG1;PTK2B;CSK;FYN;WASF1;AAMP;SH2B3;WASF2;SH2B2;WASF3;PTPN1;PTPN18;NTRK3;PTPN12;BAIAP2;MAPK12;MAPK13;TEC;SPRY2;PTPN6;SPRY1;PTPN2;PTPN3,0.41330645161290325
4,979,"Phosphatidylinositol-3,4,5-Trisphosphate Binding (GO:0005547)",11/36,6.625320995161539e-06,binding,GO_Molecular_Function_2023,7.10343694326598e-07,0.0,0.0,8.634545454545455,122.24372326149413,CYTH3;OBSCN;MYO10;PARD3;ARAP2;BTK;DAPP1;ARAP3;IQGAP1;ARAP1;IQGAP2,0.3055555555555556
4,979,Protein Tyrosine Kinase Activator Activity (GO:0030296),10/29,6.132145686639478e-06,molecular function regulator activity,GO_Molecular_Function_2023,6.448235670486873e-07,0.0,0.0,10.321003747759493,147.11857119208128,ALK;ANGPT4;ERBB3;ALKAL2;NRG1;ALKAL1;EFNA5;AREG;PAK2;HBEGF,0.3448275862068966
4,979,Positive Regulation Of Peptidyl-Tyrosine Phosphorylation (GO:0050731),22/130,6.092398530381404e-06,biological regulation,GO_Biological_Process_2023,3.3199494859630976e-07,0.0,0.0,4.025755640698169,60.05681074327026,EPHA4;PRNP;ANGPT4;PTPN1;FLT3;HGF;CSH1;TNK2;IGF2;PTK6;PTPRJ;EFNA5;GHR;RELN;ERBB3;KIT;PLCG2;NOX4;PTK2B;ARHGEF2;FGFR3;PAK2,0.16923076923076924
4,979,Clathrin-Dependent Endocytosis (GO:0072583),10/27,5.482813413469074e-06,localization,GO_Biological_Process_2023,2.97029407358108e-07,0.0,0.0,11.536453590724216,173.38637577721937,ITSN2;CLTC;ITSN1;MAGI2;CLTB;AP2S1;PIP5K1C;AP2B1;AP2A2;AP2M1,0.37037037037037035
4,979,Epidermal Growth Factor Receptor Signaling Pathway (GO:0007173),13/45,2.7891983099262305e-06,cellular process,GO_Biological_Process_2023,1.4488187524473409e-07,0.0,0.0,7.985798395445134,125.75513904414858,GRB7;DGKD;SHC3;ERBIN;TGFA;IQGAP1;PIK3C2A;AREG;PTK2;NCK2;REPS2;PTK2B;HBEGF,0.28888888888888886
4,979,Dendritic Spine Morphogenesis (GO:0060997),8/15,2.900902624638822e-06,cellular process,GO_Biological_Process_2023,1.5160867764205445e-07,0.0,0.0,22.37928497866706,351.398707498748,PTEN;WASL;EPHB2;PAK3;EPHB1;SHANK3;EPHB3;SHANK1,0.5333333333333333
4,979,Plasma Membrane Raft (GO:0044853),17/82,3.0976069730959718e-06,cellular anatomical structure,GO_Cellular_Component_2023,3.707560469728769e-07,0.0,0.0,5.153558292019831,76.31245615906407,CAV3;IRS1;CAV2;NOS3;INSR;AKAP6;HCK;EHD2;MYL1;PRKAR1A;PRKAR2A;FLOT1;FLOT2;ORAI1;LCP2;PRKACA;EZR,0.2073170731707317
4,979,Clathrin Coat Of Coated Pit (GO:0030132),7/12,3.4036889278569444e-06,protein-containing complex,GO_Cellular_Component_2023,4.205329949475762e-07,0.0,0.0,27.389300411522637,402.1226667056111,SYNJ1;AP2S1;AP2B1;EPS15L1;AP2A2;EPS15;AP2M1,0.5833333333333334
4,979,Calcium-Dependent Protein Serine/Threonine Kinase Activity (GO:0009931),6/8,3.450170919102072e-06,catalytic activity,GO_Molecular_Function_2023,3.485739691463948e-07,0.0,0.0,58.64028776978417,871.9467968051118,MAPKAPK3;CAMK4;MKNK1;MAPKAPK2;MKNK2;PRKCA,0.75
4,979,Catenin Complex (GO:0016342),10/28,3.467550578502695e-06,protein-containing complex,GO_Cellular_Component_2023,4.4181146367022765e-07,0.0,0.0,10.894966173603944,159.41931345152838,CDH6;APC2;CDH5;CDH2;JUP;CDH1;CTNND1;CTNNA1;CTNNA2;CDH18,0.35714285714285715
4,979,Response To Calcium Ion (GO:0051592),20/106,3.4711817628097275e-06,response to stimulus,GO_Biological_Process_2023,1.825191175473566e-07,0.0,0.0,4.59175012731285,71.24748179772338,MEF2A;MEF2C;CAMK2D;AHCYL1;SYT2;TRPC3;TRPC1;CACNA1A;ITPR3;IQGAP1;RASGRP2;SYT9;ITPKB;PPP3CA;RASA4;SYT11;ITPKA;CHP2;PLCG2;CALM1,0.18867924528301888
4,979,Shigellosis,59/246,5.028844017765887e-24,Infectious disease: bacterial,KEGG_2021_Human,6.368405088000469e-25,0.0,0.0,6.458997907463381,359.8519477332839,ARF1;ARPC1B;ARPC1A;ARPC5L;ILK;WASL;ACTB;ACTG1;RPS6KA5;CAPNS1;CAPN2;CAPN1;ACTR3;ACTR2;FNBP1;ACTN1;PRKCD;ACTN4;CTTN;ELMO1;PFN4;ELMO2;PRKCQ;TLN2;ARHGEF2;PFN1;TLN1;MYL9;DOCK1;PFN3;VCL;ARF6;PXN;ITPR1;PIK3R3;ITPR2;ITPR3;FOXO3;MYL12A;FOXO1;MALT1;CDC42;CYTH3;CYTH2;PLCG2;WASF1;WASF2;CYTH1;JUN;ARPC4;ARPC5;PTK2;MAPK12;MAPK13;DIAPH1;ARPC2;ARPC3;PLCD1;BCL2L1,0.23983739837398374
4,979,Endosome Membrane (GO:0010008),41/361,3.6920226629135e-06,cellular anatomical structure,GO_Cellular_Component_2023,4.969388357245677e-07,0.0,0.0,2.554440964818763,37.07719686890947,RET;RAB5B;RAB5C;DAGLA;FLT3;CLTC;NCF4;ARHGAP1;WDR83;AP2A1;SLA2;AP2A2;SNX1;RAP1A;LAMP2;AP2S1;PIP5K1C;EPHB1;AP2M1;ATP6V0A1;APPL1;EPHA4;USP8;RAB4A;SORT1;INSR;APLP2;AP2B1;RHOD;RHOB;BACE1;EHD2;CLCN6;EHD4;ABHD17B;ABHD17A;RHOU;LAMTOR3;RAB5A;LLGL1;ARF6,0.11357340720221606
4,979,Negative Regulation Of Apoptotic Process (GO:0043066),51/482,3.721289576658704e-06,biological regulation,GO_Biological_Process_2023,1.9685598142936421e-07,0.0,0.0,2.370414633170653,36.60108270442144,PRR5;HSPB1;IGF1R;RPS6KA3;ARHGDIA;CFL1;RPS6KA1;PIM1;MYO18A;PROK2;MEF2C;PRKCI;PRKCH;CSNK2A1;UNC5B;HGF;PRKCD;PRKCA;NGF;MAPK8IP2;MAPK8IP3;PRLR;YWHAZ;HCK;MAG;RASA1;BIRC7;YAP1;AGAP2;PIK3R3;SEMA3E;ASCL1;FOXO1;MALT1;SOCS2;PTPRZ1;GRK5;ERBB3;FLNA;PTK2B;NCKAP1L;SFN;PAK2;MAP2K5;MAP4K4;ANGPT4;PTK2;NFATC4;SPRY2;TEK;BCL2L1,0.10580912863070539
4,979,NADPH Oxidase Complex (GO:0043020),8/17,3.773887933460668e-06,protein-containing complex,GO_Cellular_Component_2023,5.245558517551508e-07,0.0,0.0,17.40427966586566,251.67830938959196,NCF1;NCF4;NOXA1;NOX3;RAC2;NOXO1;NOX4;RAC3,0.47058823529411764
4,979,Phosphatidylinositol-Mediated Signaling (GO:0048015),15/62,4.002535105959839e-06,cellular process,GO_Biological_Process_2023,2.1344783747274225e-07,0.0,0.0,6.281672110885495,96.48568808146317,PDGFRB;PDGFRA;IRS1;EXOC7;PTEN;PIK3C2G;PIK3C2A;IGF1R;PIK3C2B;ERBB3;PLCG2;NF1;EZR;PLCD1;FGFR1,0.24193548387096775
4,979,Monoatomic Anion Transmembrane Transport (GO:0098656),14/54,4.002535105959839e-06,localization,GO_Biological_Process_2023,2.142848622693604e-07,0.0,0.0,6.884300518134715,105.71504045859828,GABRB3;GABRA2;GABRB2;GABRA1;GABRB1;SLC12A5;GABRA6;GABRA5;GABRA4;GABRA3;GABRG3;GABRG2;GABRG1;GABRE,0.25925925925925924
4,979,Clathrin-Coated Endocytic Vesicle (GO:0045334),17/85,4.453774655540016e-06,cellular anatomical structure,GO_Cellular_Component_2023,6.362535222200023e-07,0.0,0.0,4.9254158004158,70.27420101355892,SYT2;CLTC;CLTB;TGFA;AP2A1;AP2B1;SYT9;AP2A2;AREG;GNAO1;CLTCL1;MYO6;AP2S1;RAB5A;AP2M1;SH3GL2;HBEGF,0.2
4,979,Regulation Of Cell-Substrate Junction Assembly (GO:0090109),9/21,4.981438994770408e-06,biological regulation,GO_Biological_Process_2023,2.682801753079028e-07,0.0,0.0,14.697680412371136,222.3940411691468,DUSP3;PTPRA;FYN;EFNA5;TLN1;PTK2;EPHA3;VCL;SLC9A1,0.42857142857142855
4,979,Phosphatidylinositol 3-Kinase Regulator Activity (GO:0035014),8/17,5.088191762024962e-06,molecular function regulator activity,GO_Molecular_Function_2023,5.245558517551508e-07,0.0,0.0,17.40427966586566,251.67830938959196,SOCS2;SOCS1;CISH;PIK3R3;SLA2;SOCS6;SOCS7;SOCS5,0.47058823529411764
4,979,Asymmetric Synapse (GO:0032279),22/133,3.6920226629135e-06,cellular anatomical structure,GO_Cellular_Component_2023,4.989219814747972e-07,0.0,0.0,3.916330123226675,56.829146217442265,USP8;GRIA2;PRNP;MAGI2;IQSEC3;AKAP5;MAPK8IP2;KALRN;DNM3;ARHGEF9;GAP43;CDH2;CDK5;SYT11;PICK1;PTK2B;STRN;FYN;SRGAP3;SHANK3;SHANK1;CDK5R1,0.16541353383458646
4,979,Nervous System Development R-HSA-9675108,191/545,3.237923182967565e-111,Developmental Biology,Reactome_2022,1.2513712784415708e-113,0.0,0.0,12.781399667326278,3322.753317885591,EPHB6;TRIO;PLXND1;NAB1;ITSN1;ITGA2B;PITPNA;IRS2;ARHGAP35;ACTG1;RPS6KA4;RPS6KA3;RPS6KA6;RPS6KA5;DPYSL4;DPYSL5;DPYSL2;RPS6KA2;MPZ;RPS6KA1;GRB10;DAG1;NRTN;EPHB2;PRKACB;EPHB1;AP2M1;EPHB4;SCN1B;SH3GL2;EPHB3;EPHA5;EPHA4;EPHA7;UNC5A;UNC5B;SEMA6D;ADAM10;PRKCA;UNC5C;SOX10;TIAM1;DOK1;MYL6;CACNB3;MAG;DOK2;DOK4;DOK5;DOK6;SCN8A;PRKCQ;EZR;PFN1;TLN1;MYL9;NGEF;EPHA3;LLGL1;EPHA2;GRB7;SHC3;EPHA10;ARHGEF28;AGAP2;PIK3R3;EFNA5;KALRN;EFNA4;RAP1GAP;MYL12A;CACNA1H;EFNB2;EFNB1;SDCBP;EFNB3;RRAS;FLRT3;PRKAR2A;CLTCL1;PLXNA2;PLXNA1;MYH14;MYH11;PIP5K1C;SRGAP2;SCN3B;SRGAP1;MYH10;PLXNA4;SPTBN1;PLXNA3;VASP;WWTR1;PRNP;YES1;CNTN6;RDX;MSN;ARPC5;L1CAM;PTK2;EFNA3;EFNA2;ARPC2;CDK5;ARPC3;PTPRA;ARTN;FES;CNTN1;CNTN2;PLXNB1;FGFR1;RET;ROBO3;NRP2;SH3KBP1;ARPC1B;ARPC1A;CLTC;CLTB;AP2A1;WASL;AP2A2;RND1;PPP3CB;NCK2;ITGAV;TEAD1;NEO1;SPTAN1;GIT1;NCK1;ACTR3;CAP1;VAV3;ACTR2;HSP90AA1;TRPC6;TRPC3;DCC;TRPC1;MMP2;GFRA1;GFRA3;RGMB;RHOC;DNM1;RGMA;RHOB;VAV2;DNM2;ENAH;DNM3;GAP43;CREB1;NUMB;MYH9;EVL;ARHGEF7;DOCK1;SHANK3;YAP1;LAMA2;SEMA3A;CXCR4;SEMA3E;AKAP5;NTN1;CDC42;ABLIM2;RELN;MAPK7;ABLIM3;AP2S1;FYN;NCAM1;SLIT3;PAK4;FARP2;MYO10;LIMK2;LIMK1;RANBP9;MYO9B;AP2B1;MAPK12;MAPK13;PKN1;CDK5R1,0.3504587155963303
4,979,"Signaling By Rho GTPases, Miro GTPases And RHOBTB3 R-HSA-9716542",206/660,2.0349849447465585e-109,Signal Transduction,Reactome_2022,9.830845143703181e-112,0.0,0.0,10.898672715149512,2785.7444007228623,CYFIP2;ITSN2;CYFIP1;NCKAP1;TRIO;WIPF1;WIPF2;ITSN1;WIPF3;MYLK;PREX2;PREX1;GJA1;PPP2R1B;PPP2R1A;FNBP1;PRKCB;STARD8;ACTN1;PRKCD;PRKCA;TIAM2;TIAM1;MYL6;DAAM1;CDC37;SPATA13;BTK;PFN1;MYL9;NGEF;LLGL1;EPHA2;GRB7;GARRE1;PIK3R3;IQGAP1;KLK2;IQGAP2;PRKCZ;KALRN;ABR;MYO6;NCKAP1L;SPTBN1;JUP;STAM;PTK2;NOX3;CALM1;ARPC1B;ARPC1A;CLTC;ARHGAP1;WASL;ARHGAP5;AREG;ARHGAP4;RAC2;SPTAN1;GIT1;VAV3;RHOG;RRAS2;RHOC;RHOD;VAV1;RHOB;VAV2;ARHGEF9;CTTN;CDC42EP5;CDC42EP4;RHOJ;CDC42EP2;ARHGEF3;ARHGEF4;RHOU;ARHGEF2;ARHGEF7;RHOQ;ARHGEF6;PKN3;WAS;NOXO1;FGD1;PPP2CA;PPP2CB;FGD5;CTNNA1;FLNA;PAK4;FARP2;GIT2;KIDINS220;ERBIN;WWP2;MYO9B;TMEM59;ABI2;TAOK3;ABI1;TRIP10;PKN1;TJP2;NCF1;PLXND1;NCF4;ARHGAP35;ACTG1;PPP1CB;DOCK11;ARHGDIA;MPZ;ARHGEF40;RALGAPA1;TPM3;CYBA;OBSCN;HGS;ELMO2;STAM2;ARHGEF26;ARHGEF25;ARHGEF28;RASAL2;PLD2;NCKIPSD;PLXNA1;MYH14;MYH11;SRGAP2;SRGAP1;MYH10;ARPC5;DIAPH1;ARHGAP31;DIAPH2;ARPC2;ARPC3;NOXA1;PLXNB1;NF2;MAP3K11;DOCK6;DOCK4;DOCK3;YWHAB;RASGRF2;DOCK8;SNAP23;DOCK7;BRK1;RND1;YWHAQ;MCF2L;NCK2;FLOT1;FLOT2;YWHAG;NCK1;ACTR3;ACTR2;ARHGEF10;HSP90AA1;PLEKHG2;PPP1R12A;ARHGEF15;ARHGEF17;ARHGEF16;ARAP2;ARAP3;ARHGEF18;PPP2R5D;ARAP1;YWHAZ;ARHGAP10;ZAP70;ALS2;LCK;MYH9;EVL;PPP1R12B;DOCK2;DOCK1;SRF;UACA;CDC42;GNA13;PARD6B;PARD6A;NHS;SLITRK5;PTK2B;CSK;WASF1;WASF2;WASF3;PPP1R14A;LIMK2;LIMK1;SEMA4F;BAIAP2;PTPN13;FMNL1;VIM,0.31212121212121213
4,979,Axon Guidance R-HSA-422475,183/519,5.947394248373142e-107,Developmental Biology,Reactome_2022,3.44776478166559e-109,0.0,0.0,12.784738424264178,3192.912339541078,EPHB6;TRIO;PLXND1;ITSN1;ITGA2B;PITPNA;IRS2;ARHGAP35;ACTG1;RPS6KA4;RPS6KA3;RPS6KA6;RPS6KA5;DPYSL4;DPYSL5;DPYSL2;RPS6KA2;RPS6KA1;GRB10;DAG1;NRTN;EPHB2;PRKACB;EPHB1;AP2M1;EPHB4;SCN1B;SH3GL2;EPHB3;EPHA5;EPHA4;EPHA7;UNC5A;UNC5B;SEMA6D;ADAM10;PRKCA;UNC5C;TIAM1;DOK1;MYL6;CACNB3;DOK2;DOK4;DOK5;DOK6;SCN8A;PRKCQ;EZR;PFN1;TLN1;MYL9;NGEF;EPHA3;LLGL1;EPHA2;GRB7;SHC3;EPHA10;ARHGEF28;AGAP2;PIK3R3;EFNA5;KALRN;EFNA4;RAP1GAP;MYL12A;CACNA1H;EFNB2;EFNB1;SDCBP;EFNB3;RRAS;FLRT3;PRKAR2A;CLTCL1;PLXNA2;PLXNA1;MYH14;MYH11;PIP5K1C;SRGAP2;SCN3B;SRGAP1;MYH10;PLXNA4;SPTBN1;PLXNA3;VASP;PRNP;YES1;CNTN6;RDX;MSN;ARPC5;L1CAM;PTK2;EFNA3;EFNA2;ARPC2;CDK5;ARPC3;PTPRA;ARTN;FES;CNTN1;CNTN2;PLXNB1;FGFR1;RET;ROBO3;NRP2;SH3KBP1;ARPC1B;ARPC1A;CLTC;CLTB;AP2A1;WASL;AP2A2;RND1;PPP3CB;NCK2;ITGAV;NEO1;SPTAN1;GIT1;NCK1;ACTR3;CAP1;VAV3;ACTR2;HSP90AA1;TRPC6;TRPC3;DCC;TRPC1;MMP2;GFRA1;GFRA3;RGMB;RHOC;DNM1;RGMA;RHOB;VAV2;DNM2;ENAH;DNM3;GAP43;CREB1;NUMB;MYH9;EVL;ARHGEF7;DOCK1;SHANK3;SEMA3A;CXCR4;SEMA3E;AKAP5;NTN1;CDC42;ABLIM2;RELN;MAPK7;ABLIM3;AP2S1;FYN;NCAM1;SLIT3;PAK4;FARP2;MYO10;LIMK2;LIMK1;RANBP9;MYO9B;AP2B1;MAPK12;MAPK13;PKN1;CDK5R1,0.35260115606936415
4,979,VEGFA-VEGFR2 Pathway R-HSA-4420097,52/93,4.7794188702875976e-42,Signal Transduction,Reactome_2022,1.246804922683721e-43,0.0,0.0,25.967848027994844,2565.3786325264905,CYFIP2;PRR5;CYFIP1;NCKAP1;AHCYL1;NCF1;NCF4;BRK1;HSPB1;SHB;CDH5;NCK2;ITGAV;PRKACB;NCK1;VAV3;HSP90AA1;PRKCB;PRKCD;CYBA;PRKCA;VAV1;VAV2;MAPKAPK3;MAPKAPK2;ELMO1;ELMO2;ARHGEF7;DOCK1;SH2D2A;ITPR1;ITPR2;ITPR3;PRKCZ;CDC42;CTNNA1;PTK2B;THEM4;FYN;NCKAP1L;WASF1;WASF2;WASF3;JUP;BAIAP2;MAPK12;PTK2;MAPK13;ABI2;ABI1;PKN1;CALM1,0.5591397849462365
4,979,Signaling By GPCR R-HSA-372790,131/689,4.538012690960521e-41,Signal Transduction,Reactome_2022,1.2276749308878706e-42,0.0,0.0,5.111442905930885,493.2718842304192,DGKG;TRIO;DGKD;AHCYL1;DGKA;ITSN1;PREX1;RPS6KA3;EDNRB;RGS3;PPP2R1B;PPP2R1A;RPS6KA2;RPS6KA1;PROK2;ARHGEF40;PRKACB;PRKCH;PRKCB;PRKCD;PRKCA;DGKZ;TIAM2;TIAM1;OBSCN;PRKAR1B;PRKAR1A;BTK;PRKCQ;NGEF;GNAZ;PDE1C;ARHGEF26;PDE1B;ARHGEF25;PDE1A;ITPR1;LPAR1;ITPR2;LPAR2;PIK3R3;ITPR3;RASGRP2;KALRN;RASGRP1;ABR;PPP3R1;GNG10;GRK3;GRK2;GRK5;PRKAR2B;PRKAR2A;GRK6;GNG12;GNG11;CDK5;NBEA;GNB1;PDE3A;GNAS;GNB4;GNRH1;PLXNB1;GNB5;CALM1;DAGLA;RASGRF2;PDE3B;ARRB1;ARRB2;PPP3CA;PPP3CB;PPP3CC;MCF2L;PDE4A;VAV3;ARHGEF10;PLEKHG2;TRPC6;TRPC3;ARHGEF15;ARHGEF17;ARHGEF16;PDE4C;ARHGEF18;PPP2R5D;RHOC;VAV1;RHOB;VAV2;ARHGEF9;CREB1;ARHGEF3;ARHGEF4;ARHGEF2;DAGLB;ARHGEF7;MGLL;HBEGF;ARHGEF6;CAMK2B;CAMK2D;RGS19;CAMK2A;GNAI3;CXCR4;PRKX;FGD1;GNAI1;CAMKK2;GNAI2;CDC42;PPP2CA;GNA13;PPP2CB;GNA14;GNA15;GNG2;MAPK7;GNG4;GNA11;GNG7;GNA12;S1PR1;S1PR3;TSHR;PPP1CA;CAMK4;PKN1;F2RL2,0.19013062409288825
4,979,Leishmania Infection R-HSA-9658195,78/247,2.087831677853094e-40,Disease,Reactome_2022,5.849963155337173e-42,0.0,0.0,9.656962349526168,916.8526572909204,CYFIP2;CYFIP1;NCKAP1;AHCYL1;WIPF1;WIPF2;ARPC1B;WIPF3;ARPC1A;BRK1;WASL;ACTG1;PRKACB;NCK1;VAV3;ACTR3;ACTR2;SYK;PRKCA;CYBA;VAV1;VAV2;FGR;HCK;MYH2;CREB1;PRKAR1B;PRKAR1A;BTK;ELMO1;ELMO2;MYH9;DOCK1;GNAZ;GNAI3;WAS;ITPR1;NOXO1;ITPR2;PRKX;ITPR3;GNAI1;GNAI2;NCKIPSD;CDC42;GNG10;GNG2;PRKAR2B;GNG4;PRKAR2A;GNG7;PLCG2;NCKAP1L;FYN;WASF1;WASF2;WASF3;JUN;YES1;MYO10;MYO5A;MYO9B;ARPC5;GNG12;BAIAP2;GNG11;PTK2;TSHR;ABI2;ARPC2;ARPC3;ABI1;GNB1;NOXA1;GNAS;GNB4;GNB5;CALM1,0.3157894736842105
4,979,Signaling By NTRK1 (TRKA) R-HSA-187037,55/114,6.290011741323771e-40,Signal Transduction,Reactome_2022,1.8231918090793535e-41,0.0,0.0,19.130347054075862,1794.529859582325,SH3GL3;IRS1;YWHAB;NAB1;CLTC;IRS2;AP2A1;AP2A2;RPS6KA3;RPS6KA5;PPP2R1B;PPP2R1A;RPS6KA2;RPS6KA1;AP2M1;SH3GL2;MEF2A;MEF2C;DUSP3;PPP2R5D;FOS;VRK3;NGF;DNM1;DUSP6;DNM2;DUSP7;DNM3;ARC;CREB1;MAPKAPK3;VGF;MAPKAPK2;SGK1;RALA;SHC3;RALB;SRF;ASCL1;PPP2CA;PPP2CB;RAP1A;MAPK7;AP2S1;RALGDS;MEF2D;MAP2K5;KIDINS220;AP2B1;MAPK12;MAPK13;RIT2;CDK5;CDK5R2;CDK5R1,0.4824561403508772
4,979,Diseases Of Signal Transduction By Growth Factor Receptors And Second Messengers R-HSA-5663202,100/424,1.7240112828405346e-39,Disease,Reactome_2022,5.163705291599667e-41,0.0,0.0,6.565050070927962,609.0025002057744,IRS1;ITGA2B;PEBP1;IRS2;PPP1CB;PPP2R1B;PPP2R1A;PDGFRB;PDGFRA;TPM3;FLT3LG;ADAM10;SND1;PRKAR1A;CDC37;TLN1;VCL;FAM114A2;PDGFA;PIK3R3;TGFA;IQGAP1;FOXO3;FOXO1;RAP1B;BCL2L11;RAP1A;CD19;ICOS;MARK3;SPTBN1;YES1;MSN;ESR1;ESR2;NF1;NOX4;STRN;CALM1;FGF13;FGFR3;MAP3K11;BCL2L1;FGFR1;ALK;PRR5;HIP1;FLT3;YWHAB;CLTC;PTEN;ARRB1;ARRB2;AREG;DUSP16;SPRED2;KIAA1549;SPRED1;DUSP10;RAC2;MYO18A;LRRFIP1;HSP90AA1;KSR1;RHOG;AGTRAP;NRG1;PPP2R5D;KSR2;DUSP9;DUSP6;VAV1;DUSP7;ETV6;APBB1IP;CNKSR2;CNKSR1;MRAS;CREB1;LCK;KIT;MYH9;HBEGF;CAMK2B;CAMK2D;CAMK2A;PPP2CA;PPP2CB;CUX1;ERBB3;CSK;FYN;SHOC2;ERBIN;PTPN12;FKBP1A;CLCN6;KITLG;FAM131B;PIK3AP1,0.2358490566037736
4,979,Disease R-HSA-1643685,217/1736,1.349297484810264e-38,Disease,Reactome_2022,4.171741015838497e-40,0.0,0.0,3.281214848143982,297.5243868978458,CYFIP2;CYFIP1;NCKAP1;AHCYL1;WIPF1;WIPF2;WIPF3;GJA1;CAPNS1;PPP2R1B;CAPNS2;PPP2R1A;DAG1;PRKACB;FLT3LG;PRKCA;SND1;PRKAR1B;PRKAR1A;CDC37;BTK;TLN1;PDGFA;TGFA;PIK3R3;IQGAP1;CD79B;CD79A;GNG10;PRKAR2B;PRKAR2A;CD19;PLCG2;NCKAP1L;ICOS;SPTBN1;JUN;YES1;MYO5A;STAM;GNG12;GNG11;PTK2;ARTN;NOX4;STRN;CALM1;HIP1;SH3KBP1;ARPC1B;ARPC1A;CLTC;AP2A1;WASL;AREG;AP2A2;RAC2;JAK3;VAV3;MAP4K2;SYK;RHOG;AGTRAP;DUSP9;DUSP6;VAV1;DUSP7;VAV2;CNKSR2;APBB1IP;CNKSR1;HCK;MRAS;KIT;HBEGF;GNAI3;WAS;NOXO1;CXCR4;PRKX;GNAI1;GNAI2;PPP2CA;PPP2CB;CUX1;AP2S1;SHOC2;MAP4K5;EPS15;BRD4;ERBIN;MYO9B;AP2B1;FKBP1A;KITLG;ABI2;CAMK4;ABI1;CDK5R1;SH3GL3;IRS1;ITGA2B;PEBP1;IRS2;NR3C1;ACTG1;PPP1CB;CCND1;CAPN2;CAPN1;AP2M1;SH3GL2;SH3GL1;PDGFRB;PDGFRA;TPM3;ADAM10;CYBA;HGS;ELMO1;ELMO2;STAM2;VCL;GNAZ;FAM114A2;ITPR1;ITPR2;ITPR3;CSF2RB;FOXO3;FOXO1;RAP1B;NCKIPSD;BCL2L11;RAP1A;MARK3;PRNP;SYT2;MSN;ARPC5;ESR1;ESR2;ARPC2;CDK5;ARPC3;NOXA1;GNB1;GNB4;GNAS;NF1;GNB5;FGF13;RAB5A;FGFR3;MAP3K11;BCL2L1;FGFR1;PRR5;ALK;FLT3;YWHAB;PTEN;BRK1;ARRB1;ARRB2;DUSP16;SPRED2;KIAA1549;SPRED1;DUSP10;YWHAQ;MYO18A;BLNK;LRRFIP1;YWHAG;NCK1;ACTR3;ACTR2;HSP90AA1;PDCD6IP;KSR1;NRG1;PPP2R5D;KSR2;YWHAZ;ETV6;FGR;MYH2;CREB1;LCK;MYH9;DOCK2;DOCK1;CAMK2B;CAMK2D;CAMK2A;CDC42;MUC2;GNG2;ERBB3;GNG4;GNG7;S1PR1;LRIG1;FYN;CSK;WASF1;WASF2;WASF3;MYO10;PTPN12;BAIAP2;TSHR;CLCN6;FAM131B;PTPN6;PIK3AP1,0.125
4,979,Innate Immune System R-HSA-168249,158/1035,1.512508744123977e-37,Immune System,Reactome_2022,4.8224916479315204e-39,0.0,0.0,3.981505992219628,351.2784309841765,CYFIP2;CYFIP1;NCKAP1;AHCYL1;NCF1;CALML5;WIPF1;WIPF2;NCF4;WIPF3;ICAM3;ACTG1;RPS6KA3;RPS6KA5;PPP2R1B;PPP2R1A;RPS6KA2;LAMP2;RPS6KA1;SIRPA;CAPN1;PRKACB;MEF2A;MEF2C;PRKCD;ADAM10;CYBA;PRKCA;VRK3;PLPP5;PLPP4;MAPKAPK3;MAPKAPK2;BTK;ELMO1;PKP1;ELMO2;PRKCQ;VCL;RAB5B;RAB5C;ITPR1;ITPR2;ITPR3;IQGAP1;IQGAP2;RASGRP2;RASGRP1;RASGRP4;PLD2;RAP1B;NCKIPSD;SDCBP;PPP3R1;SOCS1;RAP1A;CD19;PLCG2;NCKAP1L;ATP6V0A1;JUN;SIGLEC15;YES1;SIGLEC14;JUP;KIR2DS2;NFATC3;MYO5A;RAB27A;NFATC2;NFATC1;ARPC5;PTK2;DIAPH1;PTPRB;ARPC2;ARPC3;NF2;CALM1;BCL2L1;ITK;ARPC1B;SNAP23;ARPC1A;BRK1;PTPRJ;WASL;AP2A2;EEA1;PPP3CA;PPP3CB;RAC2;FCER1A;ITGAV;LRRFIP1;SPTAN1;NCK1;ACTR3;CAP1;VAV3;ACTR2;HSP90AA1;DUSP3;DBNL;SYK;DYNLT1;RHOG;PPP2R5D;FOS;DUSP6;VAV1;DNM1;DUSP7;VAV2;DNM2;DNM3;FGR;NCR2;HCK;MYH2;CREB1;LCK;ATP6V1B2;MYH9;LCP2;CD47;ARHGEF7;MS4A2;DOCK2;DOCK1;CAB39;WAS;MALT1;CDC42;PPP2CA;PPP2CB;MUC2;MAPK7;FYN;WASF1;AAMP;WASF2;WASF3;GSN;MYO10;LIMK1;MYO9B;BAIAP2;MAPK12;MAPK13;RAB10;TEC;ABI2;ABI1;PTPN6;PKN1;LAMTOR3;FRK,0.15265700483091788
4,979,Neurotransmitter Receptors And Postsynaptic Signal Transmission R-HSA-112314,70/182,1.094730174536759e-42,Neuronal System,Reactome_2022,2.750046815261424e-44,0.0,0.0,13.001237623762377,1304.0517763288972,GABRB3;GABRB2;GABRB1;RASGRF2;RASGRF1;PRKAG1;PRKAG2;AP2A1;AP2A2;RPS6KA3;RPS6KA6;RPS6KA2;RPS6KA1;NEFL;PRKACB;AP2M1;GIT1;ACTN2;PRKCB;CASK;PRKCA;NRG1;GABRG3;GABRG2;GRIP2;ARHGEF9;CREB1;PRKAR1B;PRKAR1A;PICK1;MAPT;ARHGEF7;LLGL1;CAMK2B;GRIA2;CAMK2D;CAMK2A;GNAI3;PRKX;AKAP5;GNAI1;CAMKK2;GNAI2;GNG10;GNG2;PRKAR2B;GNG4;PRKAR2A;GNG7;MYO6;TSPAN7;AP2S1;CACNG3;GRIA3;GABRA2;GABRQ;GABRA1;GABRA6;GABRA5;GABRA4;GABRA3;AP2B1;GNG12;GNG11;NBEA;CAMK4;GNB1;GNB4;GNB5;CALM1,0.38461538461538464
4,979,G Alpha (12/13) Signaling Events R-HSA-416482,44/78,7.801212065573774e-36,Signal Transduction,Reactome_2022,2.5627170070483897e-37,0.0,0.0,26.279584775086505,2214.175388684926,TRIO;ARHGEF26;RASGRF2;ITSN1;KALRN;FGD1;GNA13;PREX1;ABR;GNG10;GNG2;GNG4;MCF2L;GNG7;GNA12;ARHGEF40;VAV3;ARHGEF10;PLEKHG2;ARHGEF15;ARHGEF17;ARHGEF16;ARHGEF18;RHOC;GNG12;GNG11;VAV1;RHOB;VAV2;TIAM2;TIAM1;ARHGEF9;OBSCN;GNB1;ARHGEF3;BTK;GNB4;ARHGEF4;PLXNB1;ARHGEF2;GNB5;ARHGEF7;NGEF;ARHGEF6,0.5641025641025641
4,979,Intracellular Signaling By Second Messengers R-HSA-9006925,79/306,5.077113833354386e-34,Signal Transduction,Reactome_2022,1.7659526376884818e-35,0.0,0.0,7.267381302006853,581.5488456604729,PRR5;AHCYL1;IRS1;FLT3;PTEN;IRS2;AREG;PREX2;PPP2R1B;MECOM;PPP2R1A;RAC2;PIP4K2A;PIP4K2B;PIP4K2C;PRKACB;PDGFRB;PDGFRA;PRKCD;RHOG;FLT3LG;PRKCA;NRG1;PPP2R5D;VAV1;CREB1;PRKAR1B;PRKAR1A;LCK;KIT;HBEGF;PHLPP2;CAMK2B;CAMK2D;PHLPP1;PDE1C;PDE1B;PDE1A;CAMK2A;ITPR1;PDGFA;PIK3R3;TGFA;ITPR2;PRKX;ITPR3;FOXO3;FOXO1;CAMKK2;PPP2CA;PPP2CB;GRK2;ERBB3;PRKAR2B;CD19;PRKAR2A;PIP5K1A;THEM4;PIP5K1B;FYN;PIP5K1C;ICOS;JUN;INSR;WWP2;ESR1;ESR2;KITLG;NBEA;CAMK4;SNAI1;STRN;CALM1;FGF13;PIK3AP1;LAMTOR3;FGFR3;FRK;FGFR1,0.2581699346405229
4,979,Clathrin-mediated Endocytosis R-HSA-8856828,54/142,1.2358496416720974e-32,Vesicle-mediated transport,Reactome_2022,4.4180132117746486e-34,0.0,0.0,12.55997542997543,964.633783481486,ITSN2;SH3GL3;HIP1;SH3KBP1;ITSN1;ARPC1A;CLTC;CLTB;AP2A1;ARRB1;ARRB2;WASL;PIK3C2A;AP2A2;AREG;AP2M1;SH3GL2;SH3GL1;ACTR3;ACTR2;FNBP1;EPS15L1;DNM1;EPN1;DNM2;DNM3;CTTN;BIN1;HGS;AMPH;STAM2;ARF6;HBEGF;RAB5B;RAB5C;TGFA;GRK3;GRK2;CLTCL1;AP2S1;REPS2;PIP5K1C;EPS15;SYT2;ARPC5;STAM;SYNJ2;AP2B1;SYT9;ARPC2;SYNJ1;ARPC3;TRIP10;RAB5A,0.38028169014084506
4,979,EPH-ephrin Mediated Repulsion Of Cells R-HSA-3928665,34/49,3.441819150146103e-32,Developmental Biology,Reactome_2022,1.2636630696188589e-33,0.0,0.0,45.58758377425044,3453.3184323968044,EPHB6;EPHA10;CLTC;CLTB;AP2A1;EFNA5;AP2A2;EFNA4;EFNB2;EFNB1;EFNB3;CLTCL1;AP2S1;FYN;EPHB2;EPHB1;AP2M1;EPHB4;EPHB3;EPHA5;VAV3;EPHA4;EPHA7;YES1;MMP2;ADAM10;AP2B1;DNM1;VAV2;TIAM1;EFNA3;EFNA2;EPHA3;EPHA2,0.6938775510204082
4,979,Th17 cell differentiation,18/107,9.870417717682682e-06,Immune system,KEGG_2021_Human,4.18091929526297e-06,0.0,0.0,3.984332799401373,49.345879677243474,JUN;HSP90AA1;NFATC3;NFATC2;NFATC1;FOS;MAPK12;RUNX1;MAPK13;PPP3CA;ZAP70;PPP3R1;PPP3CB;PPP3CC;LCK;PRKCQ;JAK3;LAT,0.16822429906542055
4,979,Human papillomavirus infection,37/331,6.183995101487133e-06,Infectious disease: viral,KEGG_2021_Human,2.5924171604487546e-06,0.0,0.0,2.50191010586825,32.18186916592199,LAMA2;LAMC3;ITGA2B;PXN;PTEN;PIK3R3;PRKCZ;FOXO1;PPP2CA;CDC42;PPP2CB;PARD6B;RELN;PARD6A;PPP2R1B;CCND1;PPP2R1A;EIF4EBP1;ITGAV;PRKACA;PRKACB;ATP6V0A1;APC2;MAGI1;PDGFRB;PRKCI;PPP2R5D;PPP2R3A;PTK2;CREB1;PPP2R2C;PPP2R2B;PARD3;GNAS;ATP6V1B2;ITGA6;LLGL1,0.11178247734138973
4,979,GnRH secretion,14/64,4.822461361000701e-06,Endocrine system,KEGG_2021_Human,2.0005844074020377e-06,0.0,0.0,5.504538860103627,72.23095093564673,PRKCB;TRPC1;ITPR1;ITPR2;PIK3R3;ARRB1;PRKCA;ITPR3;ARRB2;CACNA1H;ESR2;CACNA1I;GNA11;GNRH1,0.21875
4,979,Non-small cell lung cancer,15/72,4.0814891562885145e-06,Cancer: specific types,KEGG_2021_Human,1.6753710947210498e-06,0.0,0.0,5.17689451845381,68.84998372007455,ALK;RET;PRKCB;HGF;PIK3R3;TGFA;PRKCA;FOXO3;STK4;RASSF1;CCND1;RASSF5;PLCG2;JAK3;MET,0.20833333333333334
4,979,Transmission Across Chemical Synapses R-HSA-112315,72/246,7.499809868431118e-35,Neuronal System,Reactome_2022,2.536167588358349e-36,0.0,0.0,8.598410827662244,704.746466981563,GABRB3;GABRB2;GABRB1;RASGRF2;RASGRF1;PRKAG1;PRKAG2;AP2A1;AP2A2;RPS6KA3;RPS6KA6;RPS6KA2;RPS6KA1;NEFL;PRKACB;GIT1;AP2M1;ACTN2;PRKCB;CASK;PRKCA;NRG1;GABRG3;GABRG2;GRIP2;ARHGEF9;CACNB3;CREB1;PRKAR1B;PRKAR1A;PICK1;MAPT;ARHGEF7;LLGL1;CAMK2B;GRIA2;CAMK2D;CAMK2A;GNAI3;CACNA1A;PRKX;AKAP5;GNAI1;CAMKK2;GNAI2;GNG10;GNG2;PRKAR2B;GNG4;PRKAR2A;GNG7;MYO6;TSPAN7;AP2S1;CACNG3;GRIA3;GABRA2;GABRQ;GABRA1;GABRA6;GABRA5;GABRA4;GABRA3;AP2B1;GNG12;GNG11;NBEA;CAMK4;GNB1;GNB4;GNB5;CALM1,0.2926829268292683
4,979,Positive Regulation Of Glucose Import (GO:0046326),10/25,2.43830145075815e-06,biological regulation,GO_Biological_Process_2023,1.2587789516342265e-07,0.0,0.0,13.076023391812866,207.7512514292309,PRKCI;OCLN;IRS1;CAPN10;INSR;CLTCL1;IRS2;SORBS1;RHOQ;APPL1,0.4
4,979,Signaling By NTRKs R-HSA-166520,61/132,7.631965518552935e-43,Signal Transduction,Reactome_2022,1.843469932017617e-44,0.0,0.0,17.735278775046794,1785.97971854036,SH3GL3;PTPRU;DOCK3;PTPRS;IRS1;YWHAB;NAB1;CLTC;IRS2;AP2A1;AP2A2;RPS6KA3;RPS6KA5;PPP2R1B;PPP2R1A;RPS6KA2;RPS6KA1;AP2M1;SH3GL2;MEF2A;MEF2C;DUSP3;PPP2R5D;FOS;VRK3;NGF;DNM1;DUSP6;DNM2;DUSP7;DNM3;TIAM1;ARC;CREB1;MAPKAPK3;VGF;MAPKAPK2;SGK1;RALA;SHC3;RALB;SRF;ASCL1;PPP2CA;PPP2CB;RAP1A;MAPK7;AP2S1;FYN;RALGDS;MEF2D;MAP2K5;KIDINS220;NTRK3;AP2B1;MAPK12;MAPK13;RIT2;CDK5;CDK5R2;CDK5R1,0.4621212121212121
4,979,CDC42 GTPase Cycle R-HSA-9013148,65/149,1.1021329750907618e-43,Signal Transduction,Reactome_2022,2.449184389090582e-45,0.0,0.0,16.03241898509951,1646.859282649933,DOCK6;TRIO;WIPF1;WIPF2;DOCK8;RASGRF2;ITSN1;WIPF3;DOCK7;SNAP23;ARHGAP1;WASL;ARHGAP5;ARHGAP35;ARHGAP4;PREX2;DOCK11;PREX1;ARHGDIA;MCF2L;GIT1;VAV3;ARHGEF10;PLEKHG2;ARHGEF15;FNBP1;STARD8;ARHGEF16;ARAP2;ARAP3;ARAP1;VAV2;TIAM1;ARHGAP10;ARHGEF9;DAAM1;CDC42EP5;CDC42EP4;SPATA13;CDC42EP2;ARHGEF4;ARHGEF7;NGEF;ARHGEF6;ARHGEF26;ARHGEF25;WAS;IQGAP1;IQGAP2;FGD1;CDC42;GNA13;ABR;PARD6A;SRGAP2;SRGAP1;PAK4;GIT2;JUP;MYO9B;BAIAP2;ARHGAP31;FMNL1;PKN1;MAP3K11,0.436241610738255
4,979,RHO GTPase Cycle R-HSA-9012999,159/441,6.825103717170659e-94,Signal Transduction,Reactome_2022,4.616012175864214e-96,0.0,0.0,12.884885832900885,2828.4725857376307,CYFIP2;ITSN2;CYFIP1;NCKAP1;TRIO;NCF1;PLXND1;WIPF1;WIPF2;ITSN1;WIPF3;NCF4;ARHGAP35;ACTG1;PREX2;PREX1;DOCK11;GJA1;ARHGDIA;MPZ;ARHGEF40;FNBP1;RALGAPA1;TPM3;STARD8;ACTN1;CYBA;TIAM2;TIAM1;OBSCN;DAAM1;HGS;CDC37;SPATA13;ELMO2;STAM2;NGEF;EPHA2;GRB7;GARRE1;ARHGEF26;ARHGEF25;ARHGEF28;PIK3R3;IQGAP1;RASAL2;IQGAP2;KALRN;PLD2;ABR;MYO6;PLXNA1;NCKAP1L;SRGAP2;SRGAP1;SPTBN1;JUP;STAM;DIAPH1;ARHGAP31;DIAPH2;NOXA1;NOX3;PLXNB1;MAP3K11;DOCK6;DOCK4;DOCK3;RASGRF2;DOCK8;CLTC;SNAP23;DOCK7;ARHGAP1;BRK1;WASL;ARHGAP5;ARHGAP4;RND1;MCF2L;NCK2;RAC2;FLOT1;FLOT2;SPTAN1;GIT1;NCK1;VAV3;ARHGEF10;HSP90AA1;PLEKHG2;ARHGEF15;ARHGEF17;ARHGEF16;RHOG;ARAP2;RRAS2;ARAP3;ARHGEF18;ARAP1;RHOC;RHOD;VAV1;RHOB;VAV2;ARHGAP10;ZAP70;ARHGEF9;ALS2;CDC42EP5;LCK;CDC42EP4;RHOJ;CDC42EP2;ARHGEF3;ARHGEF4;RHOU;ARHGEF2;ARHGEF7;DOCK2;DOCK1;RHOQ;ARHGEF6;PKN3;WAS;NOXO1;UACA;FGD1;CDC42;GNA13;FGD5;PARD6B;PARD6A;NHS;SLITRK5;PTK2B;CSK;WASF1;WASF2;WASF3;PAK4;FARP2;GIT2;KIDINS220;ERBIN;WWP2;SEMA4F;MYO9B;BAIAP2;PTPN13;TMEM59;FMNL1;ABI2;TAOK3;ABI1;TRIP10;PKN1;VIM;TJP2,0.36054421768707484
4,979,Developmental Biology R-HSA-1266738,211/1073,8.325780959234517e-71,Developmental Biology,Reactome_2022,6.435386248683685e-73,0.0,0.0,5.787698484628771,962.0711768074818,EPHB6;SPI1;TRIO;ITSN1;PITPNA;RPS6KA4;RPS6KA3;RPS6KA6;RPS6KA5;CAPNS1;DPYSL4;DPYSL5;DPYSL2;RPS6KA2;RPS6KA1;DAG1;EPHB2;PRKACB;EPHB1;EPHB4;SCN1B;EPHB3;MEF2A;EPHA5;EPHA4;MEF2C;EPHA7;UNC5A;UNC5B;UNC5C;PRKCA;SOX10;RUNX1;TIAM1;MYL6;PRKCQ;PFN1;TLN1;EZR;MYL9;NGEF;EPHA3;LLGL1;EPHA2;GRB7;EPHA10;EPAS1;AGAP2;PIK3R3;KALRN;MYL12A;RRAS;FLRT3;PRKAR2A;PIP5K1C;SCN3B;SPTBN1;VASP;WWTR1;JUN;YES1;JUP;RDX;L1CAM;PTK2;ARTN;RET;ROBO3;NRP2;SH3KBP1;ARPC1B;ARPC1A;CLTC;CLTB;AP2A1;WASL;AP2A2;PPP3CB;SPTAN1;TEAD1;GIT1;CAP1;VAV3;MAP4K2;GFRA1;RGMB;RHOC;GFRA3;RGMA;VAV2;RHOB;ENAH;ARHGEF7;YAP1;CXCR4;AKAP5;RELN;AP2S1;CTNNA1;CTNNA2;MEF2D;PAK4;FARP2;RANBP9;MYO9B;AP2B1;PKN1;CDK5R1;PLXND1;NAB1;ITGA2B;IRS2;ARHGAP35;ACTG1;CDH2;MPZ;GRB10;NRTN;CAPN1;AP2M1;SH3GL2;SEMA6D;ADAM10;DOK1;MAG;DOK2;CACNB3;DOK4;DOK5;DOK6;SCN8A;PKP1;SHC3;ARHGEF28;FOXO3;EFNA5;EFNA4;FOXO1;RAP1GAP;CACNA1H;EFNB2;EFNB1;SDCBP;EFNB3;CLTCL1;PLXNA2;PLXNA1;MYH14;MYH11;SRGAP2;SRGAP1;MYH10;PLXNA4;PLXNA3;PRNP;CNTN6;MSN;ARPC5;EFNA3;EFNA2;ARPC2;CDK5;ARPC3;PTPRA;FES;CNTN1;CNTN2;PLXNB1;FGF13;FGFR1;RND1;NCK2;ITGAV;NEO1;NCK1;ACTR3;ACTR2;HSP90AA1;TRPC6;TRPC3;DCC;MMP2;TRPC1;DNM1;DNM2;DNM3;GAP43;CREB1;NUMB;MYH9;EVL;SHANK3;DOCK1;LAMA2;SEMA3A;SEMA3E;NTN1;NTN3;CDC42;ABLIM2;MAPK7;ABLIM3;FYN;SLIT3;NCAM1;CACNG3;MYO10;LIMK2;LIMK1;MAPK12;MAPK13,0.1966449207828518
4,979,RAC1 GTPase Cycle R-HSA-9013149,88/178,4.661467177947365e-65,Signal Transduction,Reactome_2022,4.053449719954231e-67,0.0,0.0,20.77475994513032,3175.9130260469847,CYFIP2;DOCK6;CYFIP1;NCKAP1;DOCK4;TRIO;DOCK3;NCF1;WIPF1;WIPF2;DOCK8;RASGRF2;NCF4;WIPF3;DOCK7;SNAP23;ARHGAP1;BRK1;WASL;ARHGAP5;ARHGAP35;ARHGAP4;PREX2;DOCK11;PREX1;ARHGDIA;MPZ;MCF2L;GIT1;VAV3;ARHGEF10;PLEKHG2;ARHGEF15;ARAP2;ARAP3;ARHGEF18;CYBA;ARAP1;VAV1;VAV2;TIAM2;TIAM1;ARHGAP10;ALS2;CDC42EP4;SPATA13;ARHGEF4;ARHGEF7;DOCK2;DOCK1;NGEF;EPHA2;ARHGEF6;GARRE1;ARHGEF25;WAS;PIK3R3;NOXO1;IQGAP1;IQGAP2;KALRN;PLD2;CDC42;GNA13;ABR;FGD5;PARD6A;NHS;NCKAP1L;SRGAP2;WASF1;SRGAP1;WASF2;WASF3;PAK4;FARP2;GIT2;ERBIN;MYO9B;BAIAP2;ARHGAP31;FMNL1;ABI2;TAOK3;NOXA1;ABI1;NOX3;PKN1,0.4943820224719101
4,979,MAPK Family Signaling Cascades R-HSA-5683057,112/318,6.782011543343005e-64,Signal Transduction,Reactome_2022,6.552668157819328e-66,0.0,0.0,11.798748054333098,1770.8828716027183,IRS1;ITGA2B;PEBP1;WDR83;IRS2;PPP1CB;PPP2R1B;PPP2R1A;NRTN;PRKACB;PDGFRB;PDGFRA;ACTN2;FLT3LG;PRKCA;PRKCQ;TLN1;LLGL1;VCL;SHC3;PDGFA;TGFA;CSF2RB;RASAL1;IQGAP1;RASAL2;FOXO3;RASAL3;KALRN;RASGRP1;FOXO1;RASGRP4;RAP1B;RAP1A;RALGDS;MARK3;SPTBN1;JUN;PTK2;ARTN;PTPRA;NF1;CALM1;FGF13;FGFR3;MAP3K11;BCL2L1;FGFR1;RET;FLT3;YWHAB;RASGRF2;RASGRF1;HSPB1;ARRB1;ARRB2;AREG;DUSP16;SPRED2;SPRED1;DUSP10;NEFL;PRKG2;JAK3;SPTAN1;KSR1;MMP2;GFRA1;NRG1;PPP2R5D;KSR2;GFRA3;IL17RD;DUSP9;DUSP6;DUSP7;APBB1IP;CNKSR2;CNKSR1;MRAS;RASA3;CDC42EP5;RASA4;KIT;IL3RA;RASA2;CDC42EP2;ARHGEF7;HBEGF;CAMK2B;CAMK2D;CAMK2A;PPP2CA;CDC42;PPP2CB;ERBB3;SHOC2;CSK;FYN;NCAM1;MAPK6;MAPK4;RANBP9;MAPK12;KITLG;ABHD17B;ABHD17A;PKN1;PTPN7;TEK;LAMTOR3;PTPN3,0.3522012578616352
4,979,EPH-Ephrin Signaling R-HSA-2682334,63/91,2.3306368758675457e-59,Developmental Biology,Reactome_2022,2.4770053753181638e-61,0.0,0.0,46.65311135371179,6510.471563825499,EPHB6;ARPC1B;ARPC1A;CLTC;ITSN1;CLTB;AP2A1;WASL;AP2A2;ACTG1;NCK2;EPHB2;EPHB1;AP2M1;EPHB4;GIT1;EPHB3;ACTR3;EPHA5;VAV3;ACTR2;EPHA4;EPHA7;MMP2;ADAM10;DNM1;VAV2;TIAM1;MYL6;MYH9;ARHGEF7;MYL9;EPHA3;NGEF;EPHA2;EPHA10;ARHGEF28;EFNA5;EFNA4;KALRN;MYL12A;CDC42;EFNB2;EFNB1;SDCBP;EFNB3;CLTCL1;AP2S1;MYH14;FYN;MYH11;MYH10;YES1;LIMK2;LIMK1;AP2B1;ARPC5;PTK2;EFNA3;EFNA2;ARPC2;ARPC3;PKN1,0.6923076923076923
4,979,RAF/MAP Kinase Cascade R-HSA-5673001,97/271,7.331258065954781e-56,Signal Transduction,Reactome_2022,8.50000935183163e-58,0.0,0.0,11.912313967732686,1565.3956076222364,IRS1;ITGA2B;PEBP1;WDR83;IRS2;PPP1CB;PPP2R1B;PPP2R1A;NRTN;PDGFRB;PDGFRA;ACTN2;FLT3LG;PRKCQ;TLN1;LLGL1;VCL;SHC3;PDGFA;TGFA;CSF2RB;RASAL1;IQGAP1;RASAL2;RASAL3;RASGRP1;RASGRP4;RAP1B;RAP1A;RALGDS;MARK3;SPTBN1;PTK2;ARTN;PTPRA;NF1;CALM1;FGF13;FGFR3;MAP3K11;BCL2L1;FGFR1;RET;FLT3;YWHAB;RASGRF2;RASGRF1;ARRB1;ARRB2;AREG;DUSP16;SPRED2;SPRED1;DUSP10;NEFL;PRKG2;JAK3;SPTAN1;KSR1;GFRA1;NRG1;PPP2R5D;KSR2;GFRA3;IL17RD;DUSP9;DUSP6;DUSP7;APBB1IP;CNKSR2;CNKSR1;MRAS;RASA3;RASA4;KIT;IL3RA;RASA2;HBEGF;CAMK2B;CAMK2D;CAMK2A;PPP2CA;PPP2CB;ERBB3;SHOC2;CSK;FYN;NCAM1;RANBP9;MAPK12;KITLG;ABHD17B;ABHD17A;PTPN7;TEK;LAMTOR3;PTPN3,0.35793357933579334
4,979,MAPK1/MAPK3 Signaling R-HSA-5684996,97/277,7.060778202840642e-55,Signal Transduction,Reactome_2022,8.868610303084864e-57,0.0,0.0,11.511570924666165,1485.7389696404853,IRS1;ITGA2B;PEBP1;WDR83;IRS2;PPP1CB;PPP2R1B;PPP2R1A;NRTN;PDGFRB;PDGFRA;ACTN2;FLT3LG;PRKCQ;TLN1;LLGL1;VCL;SHC3;PDGFA;TGFA;CSF2RB;RASAL1;IQGAP1;RASAL2;RASAL3;RASGRP1;RASGRP4;RAP1B;RAP1A;RALGDS;MARK3;SPTBN1;PTK2;ARTN;PTPRA;NF1;CALM1;FGF13;FGFR3;MAP3K11;BCL2L1;FGFR1;RET;FLT3;YWHAB;RASGRF2;RASGRF1;ARRB1;ARRB2;AREG;DUSP16;SPRED2;SPRED1;DUSP10;NEFL;PRKG2;JAK3;SPTAN1;KSR1;GFRA1;NRG1;PPP2R5D;KSR2;GFRA3;IL17RD;DUSP9;DUSP6;DUSP7;APBB1IP;CNKSR2;CNKSR1;MRAS;RASA3;RASA4;KIT;IL3RA;RASA2;HBEGF;CAMK2B;CAMK2D;CAMK2A;PPP2CA;PPP2CB;ERBB3;SHOC2;CSK;FYN;NCAM1;RANBP9;MAPK12;KITLG;ABHD17B;ABHD17A;PTPN7;TEK;LAMTOR3;PTPN3,0.35018050541516244
4,979,Signaling By VEGF R-HSA-194138,55/102,2.787432536840392e-43,Signal Transduction,Reactome_2022,6.463611679629896e-45,0.0,0.0,24.029888551165147,2445.0445468447147,CYFIP2;PRR5;CYFIP1;NCKAP1;NRP2;AHCYL1;NCF1;NCF4;BRK1;HSPB1;SHB;CDH5;NCK2;ITGAV;PRKACB;NCK1;VAV3;HSP90AA1;PRKCB;PRKCD;CYBA;PRKCA;PGF;VAV1;VAV2;MAPKAPK3;MAPKAPK2;ELMO1;ELMO2;ARHGEF7;DOCK1;SH2D2A;ITPR1;ITPR2;ITPR3;PRKCZ;CDC42;CTNNA1;THEM4;PTK2B;NCKAP1L;FYN;WASF1;AAMP;WASF2;WASF3;JUP;BAIAP2;PTK2;MAPK12;MAPK13;ABI2;ABI1;PKN1;CALM1,0.5392156862745098
4,979,Hemostasis R-HSA-109582,136/576,3.97153132883289e-54,Hemostasis,Reactome_2022,5.372119671851252e-56,0.0,0.0,6.812832955893454,867.0252574652707,DGKG;DGKD;GUCY1B1;DGKA;ITGA2B;SIRPG;MPL;JMJD1C;DOCK11;GRB14;PPP2R1B;PPP2R1A;LAMP2;SIRPA;PRKACB;GUCY1A2;GUCY1A1;PRKCH;PRKCB;ACTN2;ACTN1;APLP2;PRKCD;PRKCA;PSG3;ACTN4;DGKZ;MAG;DOK2;TMX3;PRKAR1B;PRKAR1A;ORAI1;PRKCQ;PFN1;TLN1;VCL;GRB7;STXBP3;PDE1B;PDE1A;STXBP2;ITPR1;PDGFA;ITPR2;PIK3R3;ITPR3;RASGRP2;PRKCZ;RASGRP1;RAP1B;GNG10;RAP1A;PRKAR2B;PRKAR2A;INPP5D;TSPAN7;PLCG2;YES1;IGF2;GP6;L1CAM;GNG12;GNG11;PTK2;EHD2;CDK5;GNB1;GNAS;GNB4;GNB5;CALM1;RAB5A;DOCK6;DOCK4;DAGLA;DOCK3;DOCK8;DOCK7;ARRB1;ARRB2;RAC2;PRKG2;ITGAV;PRKG1;CAP1;VAV3;TRPC6;TRPC3;SYK;RHOG;PPP2R5D;YWHAZ;VAV1;RHOB;VAV2;APBB1IP;FGR;LCK;PICK1;ITGA6;LCP2;CD47;DAGLB;DOCK2;DOCK1;MGLL;RAPGEF4;TOR4A;GNAI3;GNAI1;GNAI2;CDC42;PPP2CA;GNA13;PPP2CB;GNA14;GNA15;GNG2;GNG4;GNA11;GNG7;GNA12;FLNA;STX4;CSK;FYN;AAMP;SH2B3;SH2B2;JAM3;ANGPT4;PTPN1;PTPN6;TEK;F2RL2,0.2361111111111111
4,979,RHO GTPase Effectors R-HSA-195258,88/269,6.767945496195417e-47,Signal Transduction,Reactome_2022,1.0462524438562964e-48,0.0,0.0,10.280335584202987,1135.7598563539932,CYFIP2;CYFIP1;NCKAP1;NCF1;WIPF1;YWHAB;WIPF2;ARPC1B;WIPF3;ARPC1A;NCF4;BRK1;WASL;AREG;MYLK;ACTG1;PPP1CB;PPP2R1B;YWHAQ;PPP2R1A;RAC2;YWHAG;NCK1;ACTR3;ACTR2;PPP1R12A;PRKCB;PRKCD;RHOG;PRKCA;CYBA;PPP2R5D;RHOC;RHOD;YWHAZ;RHOB;MYL6;DAAM1;CTTN;BTK;MYH9;EVL;PFN1;ARHGEF7;PPP1R12B;MYL9;LLGL1;RHOQ;PKN3;SRF;WAS;NOXO1;IQGAP1;KLK2;IQGAP2;PRKCZ;PPP2CA;NCKIPSD;CDC42;PPP2CB;CTNNA1;FLNA;MYH14;NCKAP1L;MYH11;SRGAP2;WASF1;MYH10;WASF2;WASF3;PPP1R14A;LIMK2;LIMK1;ARPC5;BAIAP2;PTK2;DIAPH1;DIAPH2;FMNL1;ABI2;ARPC2;ARPC3;ABI1;NOXA1;NOX3;PKN1;NF2;CALM1,0.3271375464684015
4,979,Immune System R-HSA-168256,247/1943,8.173975671155833e-46,Immune System,Reactome_2022,1.342585375938639e-47,0.0,0.0,3.4469363787503866,372.0171655444954,CYFIP2;CYFIP1;NCKAP1;AHCYL1;CALML5;WIPF1;WIPF2;WIPF3;PITPNA;ICAM3;CBLB;SLA2;RPS6KA3;RPS6KA5;PPP2R1B;PPP2R1A;RPS6KA2;RPS6KA1;PRKACB;MEF2A;MEF2C;PRKCB;PRKCD;FLT3LG;PRKCA;PLPP5;PLPP4;BTK;ORAI1;PRKCQ;STXBP2;PIK3R3;TWIST1;IQGAP1;IQGAP2;CD79B;CD79A;PPP3R1;CD19;INPP5D;PLCG2;NCKAP1L;ICOS;PAG1;ATP6V0A1;VASP;JUN;SIGLEC15;YES1;SIGLEC14;JUP;KIR2DS2;NFATC3;MYO5A;RAB27A;NFATC2;LNPEP;NFATC1;PTK2;CALM1;ITK;SH3KBP1;ARPC1B;ARPC1A;CLTC;PTPRJ;AP2A1;WASL;AP2A2;EEA1;PPP3CA;PPP3CB;RAC2;FCER1A;JAK3;SPTAN1;CAP1;VAV3;DUSP3;DBNL;SYK;RHOG;FOS;DUSP6;VAV1;DUSP7;VAV2;ENAH;NCR2;HCK;RHOU;CD47;ARHGEF7;RAPGEF4;CAB39;WAS;PPP2CA;PPP2CB;AP2S1;FLNA;FLNB;STX4;GSN;MYO9B;AP2B1;FKBP1A;ABI2;ABI1;PKN1;LAMTOR3;FRK;SIPA1;NCF1;IRS1;NCF4;INPPL1;IRS2;ACTG1;CCND1;LAMP2;GRB10;SIRPA;CAPN1;AP2M1;SH3GL2;CISH;ADAM10;CYBA;VRK3;PRLR;RNF41;MAPKAPK3;MAPKAPK2;ELMO1;PKP1;ELMO2;VCL;BLK;RAB5B;RAB5C;CSH1;ITPR1;DAPP1;ITPR2;ITPR3;CSF2RB;FOXO3;RASGRP2;RASGRP1;FOXO1;RAP1GAP;RASGRP4;PLD2;SOCS2;RAP1B;NCKIPSD;SDCBP;BCL2L11;SOCS1;RAP1A;THEM4;SOCS6;SOCS5;ZBTB16;MSN;ARPC5;DIAPH1;PTPRB;ARPC2;ARPC3;NF2;FGF13;BCL2L1;PRR5;FLT3;YWHAB;SNAP23;PTEN;BRK1;GHR;BLNK;ITGAV;LRRFIP1;PRKG1;NCK1;ACTR3;ACTR2;HSP90AA1;TRIM63;DYNLT1;MMP2;TRPC1;PPP2R5D;YWHAZ;DNM1;DNM2;DNM3;FGR;ZAP70;MYH2;CREB1;LCK;IL3RA;ATP6V1B2;MYH9;LCP2;EVL;MS4A2;DOCK2;DOCK1;CAMK2B;RALA;CAMK2D;CAMK2A;MALT1;CDC42;MUC2;MAPK7;PTPRZ1;S1PR1;PTK2B;FYN;CSK;NCAM1;WASF1;SH2B3;AAMP;WASF2;WASF3;PTPN1;PTPN18;MYO10;LIMK1;PTPN12;BAIAP2;PTPN13;MAPK12;MAPK13;RAB10;TEC;PDCD4;PTPN6;PTPN7;VIM;PIK3AP1;PTPN5;PTPN2,0.12712300566134843
4,979,GPCR Downstream Signaling R-HSA-388396,130/619,1.4722936587221596e-45,Signal Transduction,Reactome_2022,2.5605107108211467e-47,0.0,0.0,5.802953552958972,622.54835826643,DGKG;TRIO;DGKD;AHCYL1;DGKA;ITSN1;PREX1;RPS6KA3;EDNRB;RGS3;PPP2R1B;PPP2R1A;RPS6KA2;RPS6KA1;PROK2;ARHGEF40;PRKACB;PRKCH;PRKCB;PRKCD;PRKCA;DGKZ;TIAM2;TIAM1;OBSCN;PRKAR1B;PRKAR1A;BTK;PRKCQ;NGEF;GNAZ;PDE1C;ARHGEF26;PDE1B;ARHGEF25;PDE1A;ITPR1;LPAR1;ITPR2;LPAR2;PIK3R3;ITPR3;RASGRP2;KALRN;RASGRP1;ABR;PPP3R1;GNG10;GRK3;GRK2;GRK5;PRKAR2B;PRKAR2A;GRK6;GNG12;GNG11;CDK5;NBEA;GNB1;PDE3A;GNAS;GNB4;GNRH1;PLXNB1;GNB5;CALM1;DAGLA;RASGRF2;PDE3B;ARRB1;ARRB2;PPP3CA;PPP3CB;PPP3CC;MCF2L;PDE4A;VAV3;ARHGEF10;PLEKHG2;TRPC6;TRPC3;ARHGEF15;ARHGEF17;ARHGEF16;PDE4C;ARHGEF18;PPP2R5D;RHOC;VAV1;RHOB;VAV2;ARHGEF9;CREB1;ARHGEF3;ARHGEF4;ARHGEF2;DAGLB;ARHGEF7;MGLL;HBEGF;ARHGEF6;CAMK2B;CAMK2D;RGS19;CAMK2A;GNAI3;CXCR4;PRKX;FGD1;GNAI1;CAMKK2;GNAI2;CDC42;PPP2CA;GNA13;PPP2CB;GNA14;GNA15;GNG2;MAPK7;GNG4;GNA11;GNG7;GNA12;S1PR3;TSHR;PPP1CA;CAMK4;PKN1;F2RL2,0.210016155088853
4,979,"Platelet Activation, Signaling And Aggregation R-HSA-76002",84/254,3.37023729253936e-45,Hemostasis,Reactome_2022,6.186909039444235e-47,0.0,0.0,10.40738744659875,1107.3362804657538,DGKG;DGKD;DAGLA;DGKA;ITGA2B;MPL;ARRB1;ARRB2;LAMP2;RAC2;CAP1;VAV3;PRKCH;TRPC6;SYK;TRPC3;ACTN2;PRKCB;ACTN1;APLP2;PRKCD;RHOG;PRKCA;ACTN4;DGKZ;YWHAZ;VAV1;RHOB;VAV2;APBB1IP;TMX3;LCK;PRKCQ;LCP2;PFN1;TLN1;DAGLB;MGLL;VCL;RAPGEF4;TOR4A;STXBP3;STXBP2;GNAI3;ITPR1;PDGFA;PIK3R3;ITPR2;ITPR3;RASGRP2;PRKCZ;RASGRP1;GNAI1;GNAI2;RAP1B;CDC42;GNA13;GNA14;GNG10;GNA15;RAP1A;GNG2;GNG4;GNA11;GNG7;GNA12;PLCG2;FLNA;STX4;CSK;FYN;AAMP;PTPN1;IGF2;GNG12;GP6;GNG11;PTK2;GNB1;GNB4;PTPN6;GNB5;CALM1;F2RL2,0.33070866141732286
4,979,FCGR3A-mediated Phagocytosis R-HSA-9664422,45/60,5.5778710777285584e-45,Disease,Reactome_2022,1.0778494836190451e-46,0.0,0.0,61.04710920770878,6461.466957332549,CYFIP2;CYFIP1;NCKAP1;WIPF1;ARPC1B;WIPF2;ARPC1A;WIPF3;WAS;BRK1;WASL;ACTG1;CDC42;NCKIPSD;FYN;NCKAP1L;WASF1;WASF2;WASF3;NCK1;ACTR3;VAV3;ACTR2;YES1;SYK;MYO10;MYO5A;MYO9B;ARPC5;BAIAP2;VAV1;PTK2;VAV2;FGR;HCK;MYH2;ABI2;ARPC2;ARPC3;ABI1;BTK;ELMO1;ELMO2;MYH9;DOCK1,0.75
4,979,Regulation Of Actin Dynamics For Phagocytic Cup Formation R-HSA-2029482,45/62,6.726894116765623e-44,Immune System,Reactome_2022,1.3648770671698366e-45,0.0,0.0,53.85942813956418,5563.962487056264,CYFIP2;CYFIP1;NCKAP1;WIPF1;ARPC1B;WIPF2;ARPC1A;WIPF3;WAS;BRK1;WASL;ACTG1;CDC42;NCKIPSD;NCKAP1L;WASF1;WASF2;WASF3;NCK1;ACTR3;VAV3;ACTR2;HSP90AA1;SYK;MYO10;LIMK1;MYO5A;MYO9B;ARPC5;BAIAP2;VAV1;PTK2;VAV2;MYH2;ABI2;ARPC2;ARPC3;ABI1;BTK;ELMO1;ELMO2;MYH9;NF2;PKN1;DOCK1,0.7258064516129032
4,979,Opioid Signaling R-HSA-111885,52/88,1.0679654866765854e-43,Signal Transduction,Reactome_2022,2.270071565882597e-45,0.0,0.0,29.58228454992209,3040.9558410969435,AHCYL1;PPP3CA;PPP3CB;PPP3CC;PPP2R1B;PPP2R1A;PDE4A;PRKACB;PDE4C;PRKCD;PPP2R5D;PRKCA;CREB1;PRKAR1B;PRKAR1A;CAMK2B;CAMK2D;PDE1C;PDE1B;PDE1A;CAMK2A;GNAI3;ITPR1;ITPR2;ITPR3;PRKX;GNAI1;CAMKK2;GNAI2;PPP2CA;GNA14;PPP2CB;GNA15;GNG10;PPP3R1;GNG2;GRK2;GNG4;PRKAR2B;GNA11;GNG7;PRKAR2A;GNG12;GNG11;PPP1CA;CDK5;NBEA;CAMK4;GNB1;GNB4;GNB5;CALM1,0.5909090909090909
4,979,Fcgamma Receptor (FCGR) Dependent Phagocytosis R-HSA-2029480,58/87,3.54593533556418e-53,Immune System,Reactome_2022,5.139036718208957e-55,0.0,0.0,41.24212812160695,5155.485194910267,CYFIP2;CYFIP1;NCKAP1;AHCYL1;WIPF1;ARPC1B;WIPF2;ARPC1A;WIPF3;BRK1;WASL;ACTG1;NCK1;ACTR3;VAV3;ACTR2;HSP90AA1;SYK;PRKCD;VAV1;VAV2;FGR;HCK;MYH2;PLPP5;PLPP4;BTK;ELMO1;ELMO2;MYH9;DOCK1;ITPR1;WAS;ITPR2;ITPR3;PLD2;CDC42;NCKIPSD;PLCG2;FYN;NCKAP1L;WASF1;WASF2;WASF3;YES1;MYO10;LIMK1;MYO5A;MYO9B;ARPC5;BAIAP2;PTK2;ABI2;ARPC2;ARPC3;ABI1;NF2;PKN1,0.6666666666666666
4,979,Presynaptic Endocytosis (GO:0140238),11/31,2.43830145075815e-06,localization,GO_Biological_Process_2023,1.2542837766026556e-07,0.0,0.0,10.796022727272728,171.5653291693591,DNM3;SYT2;CDK5;SYNJ1;AP2S1;PIP5K1C;AP2B1;SYNJ2;AP2M1;DNM1;DNM2,0.3548387096774194
4,979,Positive Regulation Of Lamellipodium Organization (GO:1902745),11/31,2.43830145075815e-06,biological regulation,GO_Biological_Process_2023,1.2542837766026556e-07,0.0,0.0,10.796022727272728,171.5653291693591,CDC42;ACTR3;CYFIP1;NCKAP1;ACTR2;OCLN;ARPC2;RAC2;BRK1;ARHGEF7;WASF2,0.3548387096774194
4,979,Regulation Of Kinase Activity (GO:0043549),18/85,2.3711623093033536e-06,biological regulation,GO_Biological_Process_2023,1.2014493536623113e-07,0.0,0.0,5.298771491139516,84.43362949290598,RET;PDGFRB;PDGFRA;FLT3;INSR;NTRK3;IRS2;IGF1R;CAMKK2;FGR;ERBB3;MAPT;TEK;MET;FGFR3;EPHB4;EPHA2;FGFR1,0.21176470588235294
4,979,Cell Junction Assembly (GO:0034329),21/95,1.239775117423185e-07,cellular process,GO_Biological_Process_2023,4.780522281969579e-09,0.0,0.0,5.612579698696609,107.5298206565502,KIRREL3;DBNL;PLXND1;CTNND1;PTEN;CDH6;DNM3;CDC42;CDH5;PARD6B;CDH2;CDK5;CDH1;FLRT3;GJA4;PKP1;ITGA6;TLN2;TLN1;SHANK3;CDH18,0.22105263157894736
4,979,Cortical Actin Cytoskeleton (GO:0030864),14/44,1.2950388100508922e-07,cellular anatomical structure,GO_Cellular_Component_2023,1.2000359629815221e-08,0.0,0.0,9.183903281519862,167.49905155881956,GSN;ACTN3;ACTN2;RDX;ACTN4;LASP1;CDH2;CDH1;CAPN2;FLOT1;FLOT2;SPTAN1;SPTBN1;LLGL1,0.3181818181818182
4,979,Protein Phosphatase Type 2A Complex (GO:0000159),9/16,1.3510985244969698e-07,protein-containing complex,GO_Cellular_Component_2023,1.3041491549198547e-08,0.0,0.0,25.20265095729013,457.5574020643958,PPP2CA;PTPA;PPP2CB;PPP2R1B;PPP2R2C;PPP2R1A;PPP2R2B;PPP2R5D;PPP2R3A,0.5625
4,979,Vesicle (GO:0031982),34/235,1.4372894053164242e-07,cellular anatomical structure,GO_Cellular_Component_2023,1.4428387852597308e-08,0.0,0.0,3.368764642396483,60.819906577731984,ITSN2;CSH1;ITSN1;CLTC;PIK3C2A;PRKCZ;ACTB;GNAI2;EPS8;SDCBP;SNX1;CFL1;PLCG2;FLOT2;SPTAN1;APPL1;RAB4A;PDCD6IP;NOS3;APLP2;MYO5A;MSN;YWHAZ;MYL6;MYO1C;SYNJ1;ALS2;BIN1;SYT11;GNB1;ARHGEF2;EZR;CALM1;VCL,0.14468085106382977
4,979,Synapse Assembly (GO:0007416),18/71,1.5219095382938513e-07,cellular process,GO_Biological_Process_2023,5.919529628572519e-09,0.0,0.0,6.703394655724186,126.99587104985264,GABRB3;KIRREL3;GABRA2;GABRB2;GABRA1;DBNL;PLXND1;PTEN;GABRG2;DNM3;CDH2;CDK5;CDH1;FLRT3;PLXNB1;SRGAP3;FGF13;SHANK3,0.2535211267605634
4,979,Platelet-Derived Growth Factor Receptor Signaling Pathway (GO:0048008),9/15,1.5219095382938513e-07,cellular process,GO_Biological_Process_2023,5.965419796371692e-09,0.0,0.0,29.40463917525773,556.8440737646042,PDGFRB;PDGFRA;PTPN1;FER;PDGFD;PDGFC;PDGFA;PTPRJ;PIK3C2A,0.6
4,979,Signaling Receptor Complex Adaptor Activity (GO:0030159),14/44,1.573020113637941e-07,molecular adaptor activity,GO_Molecular_Function_2023,1.2000359629815221e-08,0.0,0.0,9.183903281519862,167.49905155881956,IRS1;MAGI2;SORBS1;MAPK8IP3;GNB1;BLNK;NCK2;GNB4;GNB5;SH2B3;SHANK3;SH2B2;NCK1;SHANK1,0.3181818181818182
4,979,Regulation Of Axon Extension (GO:0030516),13/35,1.2176789856053896e-07,biological regulation,GO_Biological_Process_2023,4.624661847637538e-09,0.0,0.0,11.621823828345567,223.044445873716,RTN4R;PTPRS;CDKL5;SEMA3A;LIMK1;L1CAM;NTN1;DNM2;MAG;CTTN;MAP2;MAPT;MAP3K13,0.37142857142857144
4,979,1-Phosphatidylinositol-4-Phosphate 5-Kinase Activity (GO:0016308),6/6,1.73007707733426e-07,catalytic activity,GO_Molecular_Function_2023,1.3555243080144718e-08,0.0,0.0,114126.0,2067562.8140709784,PIP4K2A;PIP5K1A;PIP4K2B;PIP5K1B;PIP4K2C;PIP5K1C,1.0
4,979,GDP Binding (GO:0019003),17/67,1.918191187113814e-07,binding,GO_Molecular_Function_2023,1.542463016442036e-08,0.0,0.0,6.704927234927235,120.6035392875825,RAB5B;RALA;RAB4A;RAB5C;RALB;GNAI3;RRAS2;RAB27A;GNAI1;RAP1B;RAB10;RIT1;MRAS;RAP1A;RIT2;RRAS;RAB5A,0.2537313432835821
4,979,Postsynaptic Density (GO:0014069),26/151,1.9224957138512666e-07,cellular anatomical structure,GO_Cellular_Component_2023,2.0041461109646405e-08,0.0,0.0,4.124205666316894,73.10345351457921,GRIA2;DAGLA;PTPRS;AKAP5;KALRN;CDH2;PTK2B;FYN;SRGAP3;CACNG3;GRIA3;USP8;PRNP;MAGI2;IQSEC3;MAPK8IP2;DNM3;ARHGEF9;GAP43;CDK5;SYT11;PICK1;STRN;SHANK3;SHANK1;CDK5R1,0.17218543046357615
4,979,Ephrin Receptor Binding (GO:0046875),10/21,1.9225271414217518e-07,binding,GO_Molecular_Function_2023,1.6252291298616865e-08,0.0,0.0,17.834693686086876,319.8658008130306,EFNB2;PTPN1;EFNB1;EFNA3;EFNA2;EFNB3;FYN;EFNA5;EFNA4;NCK1,0.47619047619047616
4,979,Protein Serine/Threonine Kinase Inhibitor Activity (GO:0030291),12/32,1.9225271414217518e-07,molecular function regulator activity,GO_Molecular_Function_2023,1.6100111951007017e-08,0.0,0.0,11.78965873836608,211.5588192708208,SPRED2;SPRED1;PRKAR1B;PRKAR2B;PRKAR1A;PRKAR2A;HSPB1;PRKAG2;SPRY2;SFN;PTPN6;YWHAG,0.375
4,979,Positive Regulation Of Protein Kinase Activity (GO:0045860),26/145,2.099302850854064e-07,biological regulation,GO_Biological_Process_2023,8.362423720737984e-09,0.0,0.0,4.333524385619936,80.60146279053914,RALB;CAB39;AGAP2;PRKAG1;PRKAG2;IQGAP1;CAMKK2;PPP2CA;RAP1A;RELN;ERBB3;PTK2B;MAP3K5;EPHA4;PRNP;PTPN1;HSP90AA1;INSR;PRKCD;PTK2;ALS2;TAOK2;NOX4;LCP2;CALM1;MAP3K12,0.1793103448275862
4,979,Regulation Of JUN Kinase Activity (GO:0043506),14/43,2.1227021287973282e-07,biological regulation,GO_Biological_Process_2023,8.566017567207074e-09,0.0,0.0,9.501089869572986,176.4871424478419,MAP4K2;PTPN1;DUSP16;MAPK8IP1;PAK1;DUSP10;TAOK3;NPPA;PDCD4;MAP3K13;MAP3K4;MAP3K11;MAP3K5;MAP3K12,0.32558139534883723
4,979,Phosphatidylinositol Biosynthetic Process (GO:0006661),21/98,2.1227021287973282e-07,cellular process,GO_Biological_Process_2023,8.642966653075532e-09,0.0,0.0,5.393053710381476,100.1302393075998,CISH;INPPL1;PTEN;PIK3R3;SYNJ2;SLA2;PIK3C2A;PGF;SOCS2;ITPKB;SOCS1;SYNJ1;INPP5D;ITPKA;PLCG2;PIP5K1A;PIP5K1B;PIP5K1C;SOCS6;SOCS7;SOCS5,0.21428571428571427
4,979,Regulation Of Glucose Import (GO:0046324),13/36,1.7500133353194064e-07,biological regulation,GO_Biological_Process_2023,6.915285327584652e-09,0.0,0.0,11.115942028985508,208.86334413474623,PRKCI;IRS1;APLP2;INSR;PRKAG2;IRS2;SORBS1;OCLN;CAPN10;CLTCL1;GRB10;RHOQ;APPL1,0.3611111111111111
4,979,Regulation Of Cell Size (GO:0008361),11/25,2.1227021287973282e-07,cellular process,GO_Biological_Process_2023,8.658568275527661e-09,0.0,0.0,15.42775974025974,286.4119851013129,VAV3;DEPTOR;CAV3;RDX;PTEN;MSN;ARHGAP5;EZR;ARHGAP35;VAV1;VAV2,0.44
4,979,Arp2/3 Complex-Mediated Actin Nucleation (GO:0034314),10/19,1.2176789856053896e-07,cellular process,GO_Biological_Process_2023,4.656516197343745e-09,0.0,0.0,21.80025226464855,418.2378018855185,ACTR3;ARPC2;ARPC3;ARPC1B;ARPC1A;WIPF3;ARPC5L;ARPC4;ARPC5;IQGAP2,0.5263157894736842
4,979,Calcineurin-Mediated Signaling (GO:0097720),8/11,1.2176789856053896e-07,cellular process,GO_Biological_Process_2023,4.635694170107222e-09,0.0,0.0,52.22931685547545,1002.253425055494,PPP3CA;PPP3CB;PPP3R1;PPP3CC;NFATC3;NFATC2;NFATC1;NFATC4,0.7272727272727273
4,979,Plasma Membrane Bounded Cell Projection Morphogenesis (GO:0120039),16/50,2.9720876692583582e-08,cellular process,GO_Biological_Process_2023,9.850131217427318e-10,0.0,0.0,9.278358072200843,192.41798700253264,NCKAP1;TRIO;DBNL;MYO9B;NGF;DNM2;PAK1;SNX1;CTTN;TAOK3;NCKAP1L;PLXNB1;SRGAP3;SGK1;WASF1;MAP4K4,0.32
4,979,Dendrite Membrane (GO:0032590),12/28,3.063232185184411e-08,cellular anatomical structure,GO_Cellular_Component_2023,2.601973284712627e-09,0.0,0.0,14.740175801447776,291.3689920400171,GABRA2;GABRA1;DAGLA;GABRA6;GABRA5;GABRA4;INSR;GABRA3;GABRE;GABRG3;GABRG2;GABRG1,0.42857142857142855
4,979,Positive Regulation Of Plasma Membrane Bounded Cell Projection Assembly (GO:0120034),21/88,3.224605569249632e-08,biological regulation,GO_Biological_Process_2023,1.078978918964982e-09,0.0,0.0,6.2012588414919145,128.03894588411714,ACTR3;CYFIP1;NCKAP1;ACTR2;RALA;BRK1;WASL;ARAP1;ARHGAP35;EPS8;CDC42;DOCK11;OCLN;ARPC2;CDC42EP5;CDC42EP4;RAC2;CDC42EP2;PFN1;WASF2;RHOQ,0.23863636363636365
4,979,Protein Kinase C Activity (GO:0004697),9/14,3.3611162229810336e-08,catalytic activity,GO_Molecular_Function_2023,2.494849155202417e-09,0.0,0.0,35.28742268041237,699.0098815685581,PRKCI;PRKCH;PRKCB;PRKD3;PRKCD;PRKCA;PRKCQ;PKN1;PRKCZ,0.6428571428571429
4,979,Synaptic Vesicle Recycling (GO:0036465),15/44,3.572640811106496e-08,localization,GO_Biological_Process_2023,1.2068193944464262e-09,0.0,0.0,10.190299041350691,209.2606190073435,GIT2;SYT2;AP2B1;SYNJ2;DNM1;PLD2;DNM2;DNM3;CDK5;SYNJ1;AP2S1;PIP5K1C;RAB5A;AP2M1;GIT1,0.3409090909090909
4,979,Regulation Of Cell-Matrix Adhesion (GO:0001952),18/65,3.6758503845517766e-08,biological regulation,GO_Biological_Process_2023,1.2533970399841941e-09,0.0,0.0,7.561538291230323,154.99193803185128,DUSP3;JUP;CASK;SEMA3E;EFNA5;PTK2;ACTG1;SLC9A1;PTPRA;RASA1;NF1;PTK2B;FYN;NF2;TLN1;EPHA3;VCL;MAP4K4,0.27692307692307694
4,979,Positive Regulation Of Actin Nucleation (GO:0051127),8/10,3.803695372349714e-08,biological regulation,GO_Biological_Process_2023,1.321232618183935e-09,0.0,0.0,78.34809474768281,1601.8033502279802,CYFIP1;NCKAP1;GSN;SCIN;BRK1;WASF1;WASF2;WASF3,0.8
4,979,Regulation Of Postsynaptic Membrane Potential (GO:0060078),13/35,1.2176789856053896e-07,biological regulation,GO_Biological_Process_2023,4.624661847637538e-09,0.0,0.0,11.621823828345567,223.044445873716,GABRA2;GABRA1;MEF2C;GABRA6;GABRA5;GABRA4;GABRA3;ARRB2;MAPK8IP2;GABRG3;GABRG2;GABRG1;GABRE,0.37142857142857144
4,979,calcineurin-NFAT Signaling Cascade (GO:0033173),8/10,3.803695372349714e-08,cellular process,GO_Biological_Process_2023,1.321232618183935e-09,0.0,0.0,78.34809474768281,1601.8033502279802,PPP3CA;PPP3CB;PPP3R1;PPP3CC;NFATC3;NFATC2;NFATC1;NFATC4,0.8
4,979,Regulation Of Protein Kinase B Signaling (GO:0051896),26/136,5.7511316603298574e-08,biological regulation,GO_Biological_Process_2023,2.0343391150306372e-09,0.0,0.0,4.69031765715921,93.86777205553308,RET;HIP1;PHLPP1;PTEN;PDGFA;PTPRJ;ARRB2;IGF1R;PPP2CA;RRAS;PPP2R1A;DAG1;SH2B3;HSP90AA1;INSR;NTRK3;MAGI2;IGF2;PTK2;RNF41;CNTN1;SPRY2;TEK;EPHA2;FGFR1;HBEGF,0.19117647058823528
4,979,Cortical Cytoskeleton (GO:0030863),17/63,6.279766339696077e-08,cellular anatomical structure,GO_Cellular_Component_2023,5.576626479266787e-09,0.0,0.0,7.289501039501039,138.53464786033226,GSN;ACTN3;ACTN2;EPB41;RDX;ACTN4;LASP1;CDH2;CTTN;CDH1;CAPN2;FLOT1;FLOT2;EZR;SPTAN1;LLGL1;SPTBN1,0.2698412698412698
4,979,Actin Polymerization Or Depolymerization (GO:0008154),16/53,7.243970013260956e-08,cellular process,GO_Biological_Process_2023,2.5854832424640763e-09,0.0,0.0,8.524711627515366,168.56213569054148,GSN;WIPF1;WAS;DSTN;WASL;ENAH;PREX1;DIAPH1;DIAPH2;SCIN;ABI2;CFL2;CFL1;EVL;WASF1;WASF3,0.3018867924528302
4,979,Actin Nucleation (GO:0045010),11/23,7.984082725814818e-08,cellular process,GO_Biological_Process_2023,2.8750839643628883e-09,0.0,0.0,18.00094696969697,354.0279354735329,ACTR3;SCIN;ARPC2;ARPC3;ARPC1B;ARPC1A;WIPF3;ARPC5L;ARPC4;ARPC5;IQGAP2,0.4782608695652174
4,979,Integrin-Mediated Signaling Pathway (GO:0007229),20/85,9.57312703801752e-08,cellular process,GO_Biological_Process_2023,3.498244004856762e-09,0.0,0.0,6.081976417742841,118.42219145924912,MPIG6B;SYK;ITGA2B;ERBIN;ILK;ADAM10;ITGAE;PTK2;FGR;CDC42;HCK;TEC;PTPRA;ZYX;MYH9;PTK2B;ITGAV;ITGA6;CD47;DOCK1,0.23529411764705882
4,979,ERBB Signaling Pathway (GO:0038127),16/54,9.57312703801752e-08,cellular process,GO_Biological_Process_2023,3.508316154786535e-09,0.0,0.0,8.299939880854785,161.58430562590146,GRB7;PTPRR;DGKD;SHC3;ERBIN;TGFA;NRG1;PTK6;IQGAP1;PIK3C2A;AREG;PTK2;NCK2;REPS2;PTK2B;HBEGF,0.2962962962962963
4,979,Platelet Aggregation (GO:0070527),13/35,1.2176789856053896e-07,cellular process,GO_Biological_Process_2023,4.624661847637538e-09,0.0,0.0,11.621823828345567,223.044445873716,PDGFRA;STXBP3;ACTN1;HSPB1;ILK;MYL12A;ACTG1;GNAS;FLNA;MYH9;TLN1;MYL9;VCL,0.37142857142857144
4,979,Axon Development (GO:0061564),22/99,5.2917408442925e-08,cellular process,GO_Biological_Process_2023,1.8549760767118382e-09,0.0,0.0,5.655769517838484,113.71147474211114,DCC;APLP2;DOCK7;L1CAM;BAIAP2;MAPK8IP3;ARHGAP35;RAB10;GAP43;PARD6B;CDK5;MAP1B;PARD3;TAOK2;SLITRK5;MAPT;CTNNA2;EPHB2;PAK3;LLGL1;EPHB3;CDK5R1,0.2222222222222222
4,979,Positive Regulation Of Intracellular Signal Transduction (GO:1902533),60/525,2.7251697752743682e-08,biological regulation,GO_Biological_Process_2023,8.858104432058173e-10,0.0,0.0,2.6053564533679667,54.30739984019495,RET;HIP1;NCF1;TRAF3IP2;FLT3;ILK;PTPRJ;IGF1R;GJA1;ITGAV;MAP4K1;PDGFRB;PDGFRA;HSP90AA1;KSR1;PRKCB;UNC5B;HGF;RHOC;FGR;DOK2;DOK4;LCK;DOK5;DOK6;KIT;HBEGF;LPAR1;PDGFA;SEMA3E;IQGAP1;MALT1;RELN;ERBB3;PDGFD;PDGFC;PLCG2;FLNA;BRD4;CAV2;NTRK3;INSR;IGF2;PTK2;FKBP1A;MOS;MYO1C;RIT2;TRIP6;TAOK2;PDCD4;CNTN1;SPRY2;PLXNB1;PTPN6;TEK;PIK3AP1;LAMTOR3;FGFR3;FGFR1,0.11428571428571428
4,979,Regulation Of Rho Protein Signal Transduction (GO:0035023),18/73,2.322609452388667e-07,biological regulation,GO_Biological_Process_2023,9.548012089169472e-09,0.0,0.0,6.4589537413678935,119.27706510269633,RTN4R;RALBP1;STARD8;ARHGEF28;LPAR1;ARHGEF18;ARRB1;MYO9B;ARHGAP35;EPS8;BCR;RIT2;ARHGDIA;MCF2L;ARHGEF3;ARHGEF2;MET;F2RL2,0.2465753424657534
4,979,Negative Regulation Of Signal Transduction (GO:0009968),37/267,2.6244020436240925e-07,biological regulation,GO_Biological_Process_2023,1.0955916753178972e-08,0.0,0.0,3.209023354564756,58.819428338844624,GRB7;IRS1;YWHAB;INPPL1;TWIST1;PTPRJ;ARRB1;PRKCZ;SOCS1;GRB14;ERBB3;INPP5D;GRB10;PIP4K2A;PIP4K2B;PIP4K2C;APPL1;SOCS5;NCK1;BRAP;PTPN1;PTPN18;SRMS;MPIG6B;CSNK2A1;PRKCB;PRKCD;WWP2;NRG1;PTPN12;MAPK8IP2;HGS;SPRY2;PRKCQ;SPRY1;CD47;PTPN2,0.13857677902621723
4,979,Negative Regulation Of Protein Kinase Activity (GO:0006469),19/88,8.186387375256809e-07,biological regulation,GO_Biological_Process_2023,3.86101125410455e-08,0.0,0.0,5.436111111111111,92.7930664011309,PTPN1;WWTR1;PTPRR;DUSP3;CAV3;PTPRO;HSPB1;PRKAG2;PTK6;SPRED1;PTPRB;DEPTOR;DUSP10;NF1;CHP1;SFN;EPHB2;PAK2;YWHAG,0.2159090909090909
4,979,Actin-Based Cell Projection (GO:0098858),18/84,8.563353904879701e-07,cellular anatomical structure,GO_Cellular_Component_2023,9.918942746964905e-08,0.0,0.0,5.379339702960931,86.74849300086161,MYO10;ACTN2;RDX;PDGFA;MSN;UNC5C;IQGAP2;ACTA2;CDC42;KITLG;MYO1C;SPATA13;DAG1;NF2;TEK;EZR;FGF13;JAM3,0.21428571428571427
4,979,Chloride Transmembrane Transport (GO:1902476),14/48,8.82757710791538e-07,localization,GO_Biological_Process_2023,4.1915519091121474e-08,0.0,0.0,8.10173727522097,137.62915067929953,GABRB3;GABRA2;GABRB2;GABRA1;GABRB1;SLC12A5;GABRA6;GABRA5;GABRA4;GABRA3;GABRG3;GABRG2;GABRG1;GABRE,0.2916666666666667
4,979,Negative Regulation Of Protein Serine/Threonine Kinase Activity (GO:0071901),18/80,9.328068801481468e-07,biological regulation,GO_Biological_Process_2023,4.458923901281772e-08,0.0,0.0,5.7276022959954345,96.94409792735864,PTPN1;MYOCD;CAV3;PRKCD;PTEN;CBLC;PTPRJ;DUSP7;LATS1;LATS2;PRKAR1B;PRKAR1A;PRKAR2B;PRKAR2A;NF1;SPRY2;SPRY1;SH2B3,0.225
4,979,Cyclic Nucleotide-Dependent Protein Kinase Activity (GO:0004690),6/7,9.71616060723311e-07,catalytic activity,GO_Molecular_Function_2023,9.093150374652013e-08,0.0,0.0,117.28674203494349,1901.5886347289156,PRKAG1;PRKG2;PRKX;PRKACA;PRKACB;PRKG1,0.8571428571428571
4,979,MAP Kinase Kinase Kinase Activity (GO:0004709),9/19,9.71616060723311e-07,catalytic activity,GO_Molecular_Function_2023,9.215327586241713e-08,0.0,0.0,17.639072164948452,285.7496635845305,MOS;TAOK2;MAP3K9;MAP3K13;MAP3K6;MAP3K11;MAP3K4;MAP3K12;MAP3K5,0.47368421052631576
4,979,Positive Regulation Of Lamellipodium Assembly (GO:0010592),10/23,1.0014766680752776e-06,biological regulation,GO_Biological_Process_2023,4.8190878546643385e-08,0.0,0.0,15.08930697785187,254.2260936766054,ACTR3;CDC42;ACTR2;CYFIP1;NCKAP1;OCLN;ARPC2;RAC2;BRK1;WASF2,0.43478260869565216
4,979,1-Phosphatidylinositol-3-Kinase Regulator Activity (GO:0046935),8/14,8.149283646788262e-07,molecular function regulator activity,GO_Molecular_Function_2023,7.393164545539866e-08,0.0,0.0,26.11053896326811,428.7383104789181,SOCS2;SOCS1;CISH;PIK3R3;SLA2;SOCS6;SOCS7;SOCS5,0.5714285714285714
4,979,ATP Binding (GO:0005524),36/279,1.131938471841862e-06,binding,GO_Molecular_Function_2023,1.0969300654962373e-07,0.0,0.0,2.9500805152979064,47.276751960400006,AGAP2;PRKAG1;PRKAG2;STK4;RPS6KA4;PTPA;RPS6KA5;MKNK1;MKNK2;PIM1;MYO18A;PIP4K2B;MAP4K5;MAP3K6;PRKACB;MYH10;MAP4K3;MAP4K4;MAP3K5;MARK1;MAP4K1;MAP4K2;PRKCI;HSP90AA1;CDKL5;KSR1;DAPK2;INSR;MYO9B;UHMK1;LATS1;ACTA1;ZAP70;LATS2;BTK;MYH9,0.12903225806451613
4,979,Negative Regulation Of Cell Projection Organization (GO:0031345),14/50,1.525261573761239e-06,biological regulation,GO_Biological_Process_2023,7.436743810881759e-08,0.0,0.0,7.650834772596431,125.58269669226104,RTN4R;EPHA4;PRNP;PTPRS;DCC;SEMA3A;PTPRO;PTEN;LPAR1;EFNB2;MAG;DPYSL5;SPRY2;FYN,0.28
4,979,Protein Phosphatase Binding (GO:0019903),21/115,1.6396024482869476e-06,binding,GO_Molecular_Function_2023,1.622699330263371e-07,0.0,0.0,4.413749833429574,69.00458535411946,JUP;PXN;IQGAP1;AKAP5;VRK3;FOXO1;PTK2;SLC9A1;PTPA;CDH5;PPP3CB;LCK;PPP1R3D;GNA12;SIRPA;STRN;SHOC2;MAPT;JAK3;MET;MAP3K5,0.1826086956521739
4,979,Positive Regulation Of Neuron Projection Development (GO:0010976),19/92,1.6775543958821764e-06,biological regulation,GO_Biological_Process_2023,8.23273986506868e-08,0.0,0.0,5.137157534246575,83.80020012746243,ALK;RET;CAMK2B;PRKCI;KIDINS220;NTRK3;MAGI2;PTK6;ARHGAP35;RAP1A;RELN;RIT2;FES;PTK2B;ITGA6;ALKAL2;ALKAL1;SCN1B;EPHA3,0.20652173913043478
4,979,Positive Regulation Of Arp2/3 Complex-Mediated Actin Nucleation (GO:2000601),6/7,1.8291221715165396e-06,biological regulation,GO_Biological_Process_2023,9.093150374652013e-08,0.0,0.0,117.28674203494349,1901.5886347289156,CYFIP1;NCKAP1;BRK1;WASF1;WASF2;WASF3,0.8571428571428571
4,979,Peptidyl-Tyrosine Dephosphorylation Involved In Inactivation Of Protein Kinase Activity (GO:1990264),6/7,1.8291221715165396e-06,cellular process,GO_Biological_Process_2023,9.093150374652013e-08,0.0,0.0,117.28674203494349,1901.5886347289156,PTPN1;PTPRB;PTPRR;DUSP10;DUSP3;PTPRO,0.8571428571428571
4,979,Positive Regulation Of Protein Localization To Cell Periphery (GO:1904377),14/51,1.944731334874793e-06,biological regulation,GO_Biological_Process_2023,9.791827626201953e-08,0.0,0.0,7.443663352471643,120.13427003809804,PRKCI;PRKCH;EPB41;ARHGEF16;RHOG;AKAP5;SORBS1;GNAI1;STX4;EPHB2;EPHA3;SPTBN1;ARF6;EPHA2,0.27450980392156865
4,979,Positive Regulation Of Actin Filament Bundle Assembly (GO:0032233),14/51,1.944731334874793e-06,biological regulation,GO_Biological_Process_2023,9.791827626201953e-08,0.0,0.0,7.443663352471643,120.13427003809804,ARHGEF10;ARHGEF15;FHOD1;PXN;LIMK1;LPAR1;RHOC;CDC42;PAK1;EVL;CD47;NF2;PFN1;PFN3,0.27450980392156865
4,979,Cellular Component Assembly (GO:0022607),35/260,1.177818311215568e-06,cellular process,GO_Biological_Process_2023,5.7051747388389523e-08,0.0,0.0,3.0972693032015064,51.66030597873228,CYFIP2;YAP1;NCKAP1;WIPF1;WAS;PDGFA;WASL;EPS8;CDC42;PARD6B;SCIN;PPP2R1A;REPS2;RAC3;PTK2B;NCKAP1L;WASF1;TEAD1;SPTBN1;AP2M1;WASF3;MAGI1;GSN;RANBP9;MITF;BAIAP2;RHOD;YWHAZ;TIAM1;OCLN;PARD3;PKP1;EZR;LLGL1;SHANK1,0.1346153846153846
4,979,Regulation Of Peptidyl-Tyrosine Phosphorylation (GO:0050730),20/90,2.429785635487046e-07,biological regulation,GO_Biological_Process_2023,1.0066033544082728e-08,0.0,0.0,5.6460598838075375,103.96710620341804,ANGPT4;PRNP;EPHA7;HGF;TNK2;PRKCD;IGF2;PDGFA;PTPRJ;NRG1;EFNA5;PRKCZ;GHR;RELN;PLCG2;PTK2B;FYN;PTPN6;ARHGEF2;PAK2,0.2222222222222222
4,979,Cell-Substrate Junction Assembly (GO:0007044),11/28,7.775606054867633e-07,cellular process,GO_Biological_Process_2023,3.6424923201578776e-08,0.0,0.0,12.703208556149733,217.5807161246173,BCR;ACTN3;CTTN;ACTN2;TAOK2;TRIP6;PIP5K1A;ITGA6;SORBS1;ARHGEF7;RHOD,0.39285714285714285
4,979,Regulation Of Phosphatidylinositol 3-Kinase Activity (GO:0043551),12/34,7.726728755993676e-07,None,GO_Biological_Process_2023,3.570349488907212e-08,0.0,0.0,10.71674344270001,183.77090149318843,PDGFRB;FGR;PDGFRA;FLT3;IRS1;CD19;KIT;PIK3R3;PTK2B;TEK;FGFR3;PTK2,0.35294117647058826
4,979,Cell-Cell Contact Zone (GO:0044291),14/47,2.8751085520148456e-07,cellular anatomical structure,GO_Cellular_Component_2023,3.108225461637671e-08,0.0,0.0,8.347684094834355,144.3033160510228,DSP;JUP;AKAP6;TIAM1;GJA1;PAK1;CDH2;FLOT1;FLOT2;FGF13;SCN1B;VCL;JAM3;TJP2,0.2978723404255319
4,979,Negative Regulation Of MAP Kinase Activity (GO:0043407),15/51,2.882839224556045e-07,biological regulation,GO_Biological_Process_2023,1.2126665954155445e-08,0.0,0.0,8.205826417704012,149.57464701294788,PTPN1;CAV3;PRKCD;CBLC;PTPRJ;DUSP16;DUSP7;MAPK8IP1;DUSP10;NPPA;NF1;PDCD4;SPRY2;SPRY1;SH2B3,0.29411764705882354
4,979,Regulation Of Actin Filament Bundle Assembly (GO:0032231),11/26,3.3592543194104324e-07,biological regulation,GO_Biological_Process_2023,1.4344808119853344e-08,0.0,0.0,14.398484848484848,260.03487634615163,CDC42;FHOD1;LIMK1;RDX;ASAP3;WAS;PFN1;SHANK3;PFN3;SLC9A1;SHANK1,0.4230769230769231
4,979,Positive Regulation Of Phosphatidylinositol 3-Kinase Activity (GO:0043552),11/26,3.3592543194104324e-07,None,GO_Biological_Process_2023,1.4344808119853344e-08,0.0,0.0,14.398484848484848,260.03487634615163,PDGFRB;FGR;PDGFRA;FLT3;IRS1;CD19;KIT;PTK2B;TEK;FGFR3;PTK2,0.4230769230769231
4,979,Regulation Of JNK Cascade (GO:0046328),22/110,3.43761685838138e-07,biological regulation,GO_Biological_Process_2023,1.4788982660340545e-08,0.0,0.0,4.945924764890282,89.17197359772365,MAP4K2;DUSP3;PHLPP1;NCF1;SEMA3A;MAPK8IP2;MAPK8IP3;RASGRP1;IGF1R;MAPK8IP1;SDCBP;DUSP10;MECOM;TAOK3;TAOK2;SIRPA;PTK2B;BIRC7;EPHB1;MAP3K11;MAP3K5;MAP4K4,0.2
4,979,Focal Adhesion Assembly (GO:0048041),10/21,3.749977212872039e-07,cellular process,GO_Biological_Process_2023,1.6252291298616865e-08,0.0,0.0,17.834693686086876,319.8658008130306,BCR;ACTN3;CTTN;ACTN2;TAOK2;TRIP6;PIP5K1A;SORBS1;ARHGEF7;RHOD,0.47619047619047616
4,979,Phosphatidylinositol Phosphate Kinase Activity (GO:0016307),8/13,3.823449410730328e-07,None,GO_Molecular_Function_2023,3.3110283556839953e-08,0.0,0.0,31.33429454170958,539.6837754993851,PIP4K2A;PIP5K1A;PIK3C2G;PIP4K2B;PIP5K1B;PIP4K2C;PIP5K1C;PIK3C2B,0.6153846153846154
4,979,Protein-Containing Complex Assembly (GO:0065003),41/328,7.735501860510602e-07,cellular process,GO_Biological_Process_2023,3.5990544029144294e-08,0.0,0.0,2.8531830642704845,48.903585108872704,YAP1;HIP1;WIPF1;CLTC;PXN;WAS;WASL;PIK3C2A;CLDN1;SLC9A1;PARD6B;PPP2R1A;AP2S1;NCK2;REPS2;PTK2B;NCKAP1L;WASF1;TEAD1;EPS15;AP2M1;WASF3;NCK1;FARP2;MAGI1;HSP90AA1;DBNL;RANBP9;CYBA;MITF;NRG1;MAPK8IP2;PRLR;FKBP1A;TIAM1;OCLN;PARD3;TCF4;MAPT;LLGL1;SHANK1,0.125
4,979,Activation Of GTPase Activity (GO:0090630),21/102,4.1968765585810614e-07,biological regulation,GO_Biological_Process_2023,1.832288363688991e-08,0.0,0.0,5.125647568236295,91.31400132008037,APC2;ARHGEF10;ARHGEF26;ARHGEF15;RALGAPA1;NTRK3;DOCK7;RASGRF1;ARHGEF16;AGAP2;RHOG;RASGRP1;RAP1GAP;BCR;TIAM2;TIAM1;TBC1D4;PIP5K1A;NGEF;SIPA1;EPHA2,0.20588235294117646
4,979,Cell Morphogenesis Involved In Neuron Differentiation (GO:0048667),18/77,5.324629372483272e-07,developmental process,GO_Biological_Process_2023,2.3585834377793973e-08,0.0,0.0,6.01978870879557,105.7232588239849,MEF2A;MEF2C;DCC;APLP2;DOCK7;MAPK8IP2;BAIAP2;RAB10;PARD6B;CDK5;MAP2;MAP1B;PARD3;TAOK2;SLITRK5;CTNNA2;PAK3;LLGL1,0.23376623376623376
4,979,Regulation Of Focal Adhesion Assembly (GO:0051893),15/54,6.380752924096313e-07,biological regulation,GO_Biological_Process_2023,2.8670687135040797e-08,0.0,0.0,7.57341206511331,131.53040543609976,DUSP3;PTEN;PTPRJ;NRG1;EFNA5;PTK2;ACTG1;SLC9A1;PTPRA;FYN;TEK;TLN1;EPHA3;VCL;MAP4K4,0.2777777777777778
4,979,Negative Regulation Of Axonogenesis (GO:0050771),10/22,6.380752924096313e-07,biological regulation,GO_Biological_Process_2023,2.848817999461672e-08,0.0,0.0,16.347609219126248,284.0197100714004,RTN4R;MAG;PTPRS;EFNB3;GDI1;DCC;MAP2;PTEN;ULK2;FGF13,0.45454545454545453
4,979,Adenyl Ribonucleotide Binding (GO:0032559),39/309,6.720188080778116e-07,binding,GO_Molecular_Function_2023,5.958104896359979e-08,0.0,0.0,2.8813593380614657,47.93408730798576,AGAP2;PRKAG1;PRKAG2;STK4;RPS6KA4;PTPA;RPS6KA5;MKNK1;MYO6;MKNK2;PIM1;MYO18A;PDE4A;PIP4K2B;MAP4K5;MAP3K6;PRKACB;MYH10;MAP4K3;MAP4K4;MAP3K5;MARK1;MAP4K1;MAP4K2;PRKCI;HSP90AA1;CDKL5;KSR1;DAPK2;INSR;MYO9B;UHMK1;LATS1;ACTA1;ZAP70;LATS2;BTK;MYH9;RAPGEF4,0.1262135922330097
4,979,Cellular Response To Organonitrogen Compound (GO:0071417),21/105,6.927394598448157e-07,None,GO_Biological_Process_2023,3.1347674728477953e-08,0.0,0.0,4.941805845511483,85.38514280097768,GABRB3;GABRB2;MEF2C;GABRB1;JUP;AKAP6;ACTB;GABRG2;TSHR;SSH1;MAPK13;RAP1B;DIAPH1;CPEB1;RAP1A;CDH1;CAPN2;PDE3A;CTNNA1;EZR;LAMTOR3,0.2
4,979,Inhibitory Synapse Assembly (GO:1904862),8/13,7.265739146948515e-07,cellular process,GO_Biological_Process_2023,3.3110283556839953e-08,0.0,0.0,31.33429454170958,539.6837754993851,GABRA2;GABRB3;GABRA1;GABRB2;PLXNB1;SRGAP3;FGF13;GABRG2,0.6153846153846154
4,979,Semaphorin-Plexin Signaling Pathway (GO:0071526),12/34,7.726728755993676e-07,cellular process,GO_Biological_Process_2023,3.570349488907212e-08,0.0,0.0,10.71674344270001,183.77090149318843,FARP2;PLXND1;SEMA3A;SEMA6D;PLXNA2;FLNA;SEMA3E;SEMA4F;PLXNB1;MET;PLXNA4;PLXNA3,0.35294117647058826
4,979,Homotypic Cell-Cell Adhesion (GO:0034109),14/46,5.195250840402516e-07,cellular process,GO_Biological_Process_2023,2.2847183428156386e-08,0.0,0.0,8.609002590673574,151.47056224374157,PDGFRA;STXBP3;ACTN1;HSPB1;ILK;MYL12A;ACTG1;GNAS;FLNA;MYH9;TLN1;MYL9;VCL;TJP2,0.30434782608695654
4,979,Insulin signaling pathway,44/137,1.3862607820820134e-23,Endocrine system,KEGG_2021_Human,1.816062159932768e-24,0.0,0.0,9.577735610373182,523.5704774078281,SHC4;SHC3;CALML5;CALML6;IRS1;PDE3B;INPPL1;PRKAG1;PIK3R3;PRKAG2;CALML3;CBLB;IRS2;CALML4;PRKCZ;FOXO1;PTPRF;PPP1CB;SOCS2;SOCS1;PRKAR2B;PRKAR2A;MKNK1;MKNK2;EIF4EBP1;FLOT1;FLOT2;PRKACA;PRKACB;SOCS4;SH2B2;PTPN1;PRKCI;EXOC7;INSR;SORBS1;PHKA2;PPP1CA;PRKAR1B;PRKAR1A;PPP1R3D;TRIP10;CALM1;RHOQ,0.32116788321167883
5,905,Cyclin E Associated Events During G1/S Transition R-HSA-69202,39/82,3.65564032053951e-29,Cell Cycle,Reactome_2022,1.0053010881483652e-30,0.0,0.0,19.953488372093023,1378.232650538554,PSMD10;PSMD12;PSMD11;LIN37;MAX;CUL1;PSMB10;PSMD8;PSMB6;PSMB7;PSMB4;PSMB5;PSMB2;RBBP4;PSMD5;PSMB3;PSMD2;E2F4;PSMF1;E2F5;SKP1;CABLES1;PSMB8;PSMB9;PSMA5;RBL2;SEM1;CCNA1;PSMA6;PSMA3;TFDP1;PSMC6;PSMA1;TFDP2;CCNE1;PSMA2;PSME3;PSME1;PSME2,0.47560975609756095
5,905,Generic Transcription Pathway R-HSA-212436,298/1190,6.2531720338377724e-145,Gene expression (Transcription),Reactome_2022,1.563293008459443e-147,0.0,0.0,10.01856886400071,3386.6090344899576,CCNK;SMARCB1;HDAC11;CCNC;NOC2L;PSMD8;ZNF607;TRIM28;PSMD5;PSMD2;MYB;EPC1;RNF111;SKP1;ZNF285;SMARCC1;SMARCC2;ZNF705D;ZNF282;MED8;ZNF705A;ZNF12;MED4;MED6;MED7;PSME3;PSME4;PSME1;ZNF713;PSME2;ZFPM1;ZNF28;L3MBTL1;ZNF274;ZNF273;MEAF6;ZNF25;ZNF708;PRDX5;PCBP4;PRDX1;TP53BP2;PSMF1;PPARGC1B;ZNF266;BANP;PLK3;PRELID1;PHC2;PHC1;SETD1B;SETD1A;SMARCA2;PHC3;NR2F6;SMARCA4;ZNF37A;AGO2;ZNF30;CDK13;ZNF257;ZNF136;ZNF254;ZNF253;PHF20;SETD9;ASH2L;ZNF45;MED15;MED17;MED12;ING5;AIFM2;ZNF41;ELOB;ELOC;VENTX;H3-3B;ZNF485;TEAD4;PRMT6;BRD2;PRMT5;PBRM1;BRD1;ACTL6B;RING1;ZNF480;PRMT1;ACTL6A;TCF12;DDB2;PSMA5;NCOR2;PSMA6;KAT2B;PSMA3;MED24;NCOR1;PSMA1;PSMA2;MED20;ZNF479;ZNF234;ZNF233;ZNF350;GPS2;PSMB6;PSMB7;PSMB4;PSMB5;PSMB2;PSMB3;TBL1X;ZNF225;BRD7;ZNF224;SUZ12;NPM1;H2BC5;NFYA;USP9X;PCGF5;PCGF2;WWP1;HIPK1;GATAD2B;PSMB8;GATAD2A;PSMB9;HIPK2;ZNF33A;ITCH;PSMC6;RYBP;TTC5;CCNG1;ZNF74;ZNF337;ZNF214;ZNF354A;ZNF454;ZNF333;ZNF354C;CCNT2;CCNT1;UBE2D3;UBE2D1;YEATS4;YY1;CCND3;CCND2;SESN3;SESN1;SCMH1;SESN2;KMT5A;ARID2;ZNF564;ZNF563;MEN1;ZNF320;ZNF440;USP7;H2AC6;FBXW7;ZNF99;NRBP1;KCTD6;RBX1;CCNE1;TBL1XR1;KAT6A;ZNF317;ZNF679;ZNF558;MAPKAPK5;ZNF676;ZNF433;ZNF675;ZNF430;PSMD10;ZNF671;KMT2D;ZNF670;PSMD12;ZNF791;PSMD11;KMT2A;CBFB;MAX;KMT2C;KMT2B;CUL1;ATXN3;ZKSCAN7;ZKSCAN8;ZNF669;SMYD2;ZKSCAN5;CBX8;CBX6;CBX5;CBX4;BRPF3;CBX2;CNOT4;CDK9;SEM1;CDK8;CNOT6;ZFP69;CNOT7;CNOT2;ZNF417;CNOT3;JMY;ZNF778;MDM4;ZNF775;ZNF774;ZNF772;KDM5B;DYRK2;DPY30;CHD4;TRIAP1;CHD3;YBX1;SIN3B;PPP1R13L;SIN3A;ZNF649;H2BC21;ZNF528;WDR5;YAF2;ZNF385A;TGIF2;TBP;EED;PPP2R5C;RABGGTB;ARID1A;RABGGTA;ARID1B;RBL2;PPM1A;CCNA1;TFDP1;TFDP2;ZNF519;POLR1B;ZNF510;HDAC4;SMARCD1;SMARCD2;HDAC2;ZNF197;RNF34;SMARCD3;HDAC3;ZNF195;HDAC1;CXXC1;PPM1D;NR2C1;PSMB10;RNF2;HDAC6;HDAC7;RBBP4;RBBP5;ZNF746;E2F4;RBBP7;E2F5;MTA2;RFFL;E2F6;ZNF860;SMARCE1;TAF15;MGA;TXNRD1;ZNF804B;ARID3A;PML;CARM1;ZNF737;ZNF735;ZNF613;ZNF732;PTPN4;ZNF730;TNRC6A;TAF1;TNRC6B,0.2504201680672269
5,905,Hedgehog Off State R-HSA-5610787,32/98,1.597832468299934e-18,Signal Transduction,Reactome_2022,2.1171280204974129e-19,0.0,0.0,10.568364052900137,454.42968095141055,PSMD10;PSMD12;PSMD11;CUL1;PSMB10;PSMD8;PSMB6;PSMB7;PSMB4;PSMB5;PSMB2;PSMD5;KIF3A;PSMB3;PSMD2;PSMF1;SKP1;PSMB8;RBX1;PSMB9;SEM1;PSMA5;PSMA6;PSMA3;ITCH;PSMC6;PSMA1;PSMA2;PSME3;PSME4;PSME1;PSME2,0.32653061224489793
5,905,Downstream Signaling Events Of B Cell Receptor (BCR) R-HSA-1168372,29/79,1.9030202967439525e-18,Immune System,Reactome_2022,2.5452896468950363e-19,0.0,0.0,12.609703196347033,539.8828322587641,PSMD10;PSMD12;PSMD11;CUL1;PSMB10;PSMD8;PSMB6;PSMB7;PSMB4;PSMB5;PSMB2;PSMD5;PSMB3;PSMD2;PSMF1;SKP1;PSMB8;PSMB9;PSMA5;SEM1;PSMA6;PSMA3;PSMC6;PSMA1;PSMA2;PSME3;PSME4;PSME1;PSME2,0.3670886075949367
5,905,APC/C:Cdh1 Mediated Degradation Of Cdc20 And APC/C:Cdh1 Targets In Late Mitosis/Early G1 R-HSA-174178,28/73,1.965116266862195e-18,Cell Cycle,Reactome_2022,2.652906960263964e-19,0.0,0.0,13.515773470163436,578.1164061938339,PSMD10;PSMD12;PSMD11;UBE2D1;PSMB10;PSMD8;PSMB6;PSMB7;PSMB4;PSMB5;PSMB2;PSMD5;PSMB3;PSMD2;PSMF1;PSMB8;PSMB9;PSMA5;SEM1;PSMA6;PSMA3;PSMC6;PSMA1;PSMA2;PSME3;PSME4;PSME1;PSME2,0.3835616438356164
5,905,Apoptosis R-HSA-109581,42/178,3.3990129849831232e-18,Programmed Cell Death,Reactome_2022,4.631155192039505e-19,0.0,0.0,6.784455728989163,286.41468914266625,PSMD10;PSMD12;PSMD11;PSMB10;PSMD8;MED12;PSMB6;PSMB7;PSMB4;PSMB5;FNTA;PSMB2;PSMD5;PSMB3;PSMD2;C1QBP;LMNA;TP53BP2;PSMF1;DNM1L;KPNA1;H1-3;PSMB8;PSMB9;H1-5;SEM1;PSMA5;H1-4;PSMA6;PSMA3;TFDP1;PSMC6;STK24;PSMA1;TFDP2;PSMA2;PSME3;PSME4;PSME1;NMT1;PSME2;KPNB1,0.23595505617977527
5,905,Adaptive Immune System R-HSA-1280218,91/733,9.161561387364693e-18,Immune System,Reactome_2022,1.2597146907626453e-18,0.0,0.0,3.213282738983674,132.43752519967907,RNF14;UBE2D2;UBE2D3;UBE2D1;KEAP1;UBE3A;PSMD8;NPEPPS;HERC4;CAPZB;PSMD5;PSMD2;KIF5B;ARIH2;ELOB;ELOC;FBXO7;RNF111;SKP1;FBXW4;FBXW5;FBXW7;PPP2R5C;FBXO11;LRRC41;FBXW2;KCTD6;RBX1;PSMA5;PSMA6;PSMA3;CDC34;PSMA1;PSMA2;PSME3;PSME4;PSME1;PSME2;PSMD10;TRIM50;SEC23A;PSMD12;RNF34;PSMD11;CUL5;MGRN1;CUL3;CUL2;CUL1;UBR4;UBR2;RNF6;RNF7;KLC1;RCHY1;RNF4;PSMB10;PSMB6;PSMB7;PSMB4;PSMB5;PSMB2;PSMB3;KIF3A;RBBP6;PSMF1;RNF130;SEC31A;SEC24B;SEC24A;SIAH1;HUWE1;WWP1;PSMB8;PSMB9;KLHL20;KLHL9;SEM1;ITCH;PSMC6;CAPZA1;NEDD4;CAPZA2;MKRN1;UBA3;TPP2;FBXL3;TRIP12;SEC24C;UBE2M;ASB1,0.12414733969986358
5,905,Synthesis Of DNA R-HSA-69239,34/119,1.3035203839566157e-17,Cell Cycle,Reactome_2022,1.8086345327398044e-18,0.0,0.0,8.730195177956372,356.6630403593301,PSMD10;PSMD12;PSMD11;CUL1;UBE2D1;PSMB10;PSMD8;PSMB6;PSMB7;PSMB4;PSMB5;PSMB2;PSMD5;PSMB3;PSMD2;PSMF1;SKP1;PSMB8;RBX1;PSMB9;SEM1;PSMA5;CCNA1;PSMA6;PSMA3;PSMC6;PSMA1;CCNE1;PSMA2;PSME3;POLR1B;PSME4;PSME1;PSME2,0.2857142857142857
5,905,DNA Replication Pre-Initiation R-HSA-69002,35/127,1.4562576610146978e-17,DNA Replication,Reactome_2022,2.038760725420577e-18,0.0,0.0,8.309657671164418,338.4871705745276,PSMD10;PSMD12;PSMD11;UBE2D1;PSMB10;PSMD8;PSMB6;PSMB7;PSMB4;PSMB5;PSMB2;PSMD5;PSMB3;PSMD2;H2BC21;KPNA6;PSMF1;KPNA1;H3-3B;H2AC6;H2BC5;PSMB8;PSMB9;SEM1;PSMA5;PSMA6;PSMA3;PSMC6;PSMA1;PSMA2;PSME3;POLR1B;PSME1;PSME2;KPNB1,0.2755905511811024
5,905,Assembly Of Pre-Replicative Complex R-HSA-68867,34/110,8.66276283431626e-19,DNA Replication,Reactome_2022,1.136987622004009e-19,0.0,0.0,9.76865671641791,426.1159804498621,PSMD10;PSMD12;PSMD11;UBE2D1;PSMB10;PSMD8;PSMB6;PSMB7;PSMB4;PSMB5;PSMB2;PSMD5;PSMB3;PSMD2;H2BC21;KPNA6;PSMF1;KPNA1;H3-3B;H2AC6;H2BC5;PSMB8;PSMB9;SEM1;PSMA5;PSMA6;PSMA3;PSMC6;PSMA1;PSMA2;PSME3;PSME1;PSME2;KPNB1,0.3090909090909091
5,905,SUMO E3 Ligases SUMOylate Target Proteins R-HSA-3108232,40/168,1.627637932238237e-17,Metabolism of proteins,Reactome_2022,2.2990385792865094e-18,0.0,0.0,6.852239884393064,278.2971491901581,HDAC4;TOP2B;DDX5;HDAC2;ZNF350;UHRF2;HDAC1;CHD3;NR2C1;RNF2;HDAC7;MTA1;TRIM28;SIN3A;SCMH1;NRIP1;ZBED1;TRIM27;CBX8;SUZ12;PIAS3;PHC2;NPM1;CBX5;PHC1;CBX4;RING1;CBX2;MBD1;PCGF2;DNMT3A;SAFB;PHC3;PIAS2;PML;PIAS1;HIPK2;NCOR2;SP3;TOP1,0.23809523809523808
5,905,G2/M Transition R-HSA-69275,41/182,5.13723799081158e-17,Cell Cycle,Reactome_2022,7.384779611791646e-18,0.0,0.0,6.378989361702128,251.6326988739024,PSMD10;PSMD12;PSMD11;HSP90AB1;LIN37;CUL1;PPP2R2A;PSMB10;PSMD8;PSMB6;PSMB7;PSMB4;XPO1;PSMB5;PSMB2;RBBP4;PSMD5;PSMB3;PSMD2;PSMF1;SKP1;CSNK1D;CSNK1E;CDK11B;TUBA4A;PSMB8;RBX1;PSMB9;SEM1;PSMA5;CCNA1;PSMA6;PSMA3;PSMC6;PSMA1;PSMA2;PSME3;PSME4;PSME1;PSME2;AJUBA,0.22527472527472528
5,905,SUMOylation R-HSA-2990846,40/174,6.018343042804448e-17,Metabolism of proteins,Reactome_2022,8.72659741206645e-18,0.0,0.0,6.543352601156069,257.0239118399532,HDAC4;TOP2B;DDX5;HDAC2;ZNF350;UHRF2;HDAC1;CHD3;NR2C1;RNF2;HDAC7;MTA1;TRIM28;SIN3A;SCMH1;NRIP1;ZBED1;TRIM27;CBX8;SUZ12;PIAS3;PHC2;NPM1;CBX5;PHC1;CBX4;RING1;CBX2;MBD1;PCGF2;DNMT3A;SAFB;PHC3;PIAS2;PML;PIAS1;HIPK2;NCOR2;SP3;TOP1,0.22988505747126436
5,905,HIV Infection R-HSA-162906,46/229,6.095419599402381e-17,Disease,Reactome_2022,8.914551164125982e-18,0.0,0.0,5.5341514151033415,217.26440240746072,PSMD10;CCNK;PSMD12;CCNT2;PSMD11;TSG101;CCNT1;CUL5;PSMB10;PSMD8;PSMB6;PSMB7;PSMB4;XPO1;PSMB5;PSMB2;PSMD5;PSMB3;PSMD2;ELOB;PSMF1;ELOC;SKP1;KPNA1;NPM1;TBP;TAF15;HMGA1;PSMB8;PSMB9;RBX1;PSMA5;CDK9;SEM1;PSMA6;PSMA3;PSMC6;PSMA1;PSMA2;PSME3;PSME4;PSME1;NMT1;PSME2;KPNB1;TAF1,0.20087336244541484
5,905,PKMTs Methylate Histone Lysines R-HSA-3214841,22/47,7.08347132468607e-17,Chromatin organization,Reactome_2022,1.0448120203911954e-17,0.0,0.0,19.005209513023782,743.1057748628443,SUZ12;KMT2D;SETD2;KMT2A;SETDB1;EED;KMT2C;SETD1B;DOT1L;KMT2B;SETD1A;DPY30;ASH2L;RBBP4;AEBP2;RBBP5;NSD1;SMYD2;WDR5;KMT5B;KMT5A;RBBP7,0.46808510638297873
5,905,Mitotic G2-G2/M Phases R-HSA-453274,41/184,7.549575365278074e-17,Cell Cycle,Reactome_2022,1.1229993355851134e-17,0.0,0.0,6.289109039109039,245.45099222347037,PSMD10;PSMD12;PSMD11;HSP90AB1;LIN37;CUL1;PPP2R2A;PSMB10;PSMD8;PSMB6;PSMB7;PSMB4;XPO1;PSMB5;PSMB2;RBBP4;PSMD5;PSMB3;PSMD2;PSMF1;SKP1;CSNK1D;CSNK1E;CDK11B;TUBA4A;PSMB8;RBX1;PSMB9;SEM1;PSMA5;CCNA1;PSMA6;PSMA3;PSMC6;PSMA1;PSMA2;PSME3;PSME4;PSME1;PSME2;AJUBA,0.22282608695652173
5,905,Regulation Of Lipid Metabolism By PPARalpha R-HSA-400206,33/118,7.885126514196872e-17,Metabolism,Reactome_2022,1.1827689771295308e-17,0.0,0.0,8.463707501349164,329.8822109228497,HDAC3;SMARCD3;CHD9;GPS2;CCNC;MED15;MED17;MED12;SIN3B;SIN3A;TBL1X;PPARGC1B;NFYA;NCOA6;NCOA3;TXNRD1;MED8;MED4;MED6;SREBF2;MED7;NCOR2;CDK8;MED22;MED24;NCOR1;TBL1XR1;THRAP3;MED21;CARM1;MED20;CLOCK;BMAL1,0.2796610169491525
5,905,Diseases Of Signal Transduction By Growth Factor Receptors And Second Messengers R-HSA-5663202,64/424,1.0612907277036316e-16,Disease,Reactome_2022,1.6052022256517425e-17,0.0,0.0,3.9603646452635752,153.15006055289342,HDAC11;CCNC;GCC2;TENT4A;PSMD8;TFG;PSMD5;PSMD2;KIF5B;SKP1;FBXW7;AP3B1;PPP2R5C;RBX1;EML4;NCOR2;PSMA5;KAT2B;PSMA6;PSMA3;PPM1B;NCOR1;PSMA1;PSMA2;TBL1XR1;PSME3;PSME4;PSME1;PSME2;BIRC6;HDAC4;PSMD10;HDAC2;PSMD12;HDAC3;PSMD11;HDAC1;CUL1;KLC1;HDAC6;PSMB10;HDAC7;PSMB6;FXR1;PSMB7;PSMB4;WDCP;PSMB5;PSMB2;TNKS2;PSMB3;LMNA;PSMF1;TBL1X;SEC31A;NPM1;PSMB8;PSMB9;ZC3HC1;SEM1;CDK8;PSMC6;GOLGB1;TRIP11,0.1509433962264151
5,905,TNFR2 Non-Canonical NF-kB Pathway R-HSA-5668541,31/100,3.003991570692366e-17,Immune System,Reactome_2022,4.280687988236622e-18,0.0,0.0,9.780220873544922,391.1346806450332,PSMD10;PSMD12;PSMD11;CUL1;PSMB10;PSMD8;PSMB6;PSMB7;PSMB4;PSMB5;PSMB2;PSMD5;PSMB3;PSMD2;PSMF1;SKP1;PSMB8;PSMB9;SEM1;PSMA5;PSMA6;PSMA3;PSMC6;PSMA1;PSMA2;PSME3;PSME4;PSME1;UBA3;PSME2;UBE2M,0.31
5,905,Signaling By Hedgehog R-HSA-5358351,35/135,1.1251735259780375e-16,Signal Transduction,Reactome_2022,1.7158896271165076e-17,0.0,0.0,7.641666666666667,294.99901387431163,PSMD10;PSMD12;PSMD11;CUL3;CUL1;CDC73;PSMB10;PSMD8;PSMB6;PSMB7;PSMB4;PSMB5;PSMB2;PSMD5;KIF3A;PSMB3;PSMD2;SPOP;PSMF1;SKP1;PSMB8;RBX1;PSMB9;SEM1;PSMA5;PSMA6;PSMA3;ITCH;PSMC6;PSMA1;PSMA2;PSME3;PSME4;PSME1;PSME2,0.25925925925925924
5,905,Transcriptional Regulation By RUNX3 R-HSA-8878159,32/95,5.579678975109226e-19,Gene expression (Transcription),Reactome_2022,7.253582667641993e-20,0.0,0.0,11.073364970272186,488.0054792510988,HDAC4;PSMD10;PSMD12;PSMD11;CBFB;CXXC1;PSMB10;PSMD8;PSMB6;PSMB7;PSMB4;PSMB5;PSMB2;PSMD5;PSMB3;PSMD2;PSMF1;TEAD4;BRD2;PSMB8;PSMB9;PSMA5;SEM1;KAT2B;PSMA6;PSMA3;PSMC6;PSMA1;PSMA2;PSME3;PSME1;PSME2,0.3368421052631579
5,905,Hedgehog Ligand Biogenesis R-HSA-5358346,27/64,4.625086457104365e-19,Signal Transduction,Reactome_2022,5.896985232808065e-20,0.0,0.0,15.839623222311149,701.3351254901937,PSMD10;PSMD12;PSMD11;PSMB10;PSMD8;PSMB6;PSMB7;PSMB4;PSMB5;PSMB2;PSMD5;PSMB3;PSMD2;PSMF1;PSMB8;PSMB9;PSMA5;SEM1;PSMA6;PSMA3;PSMC6;PSMA1;PSMA2;PSME3;PSME4;PSME1;PSME2,0.421875
5,905,Cell Cycle R-HSA-1640170,90/654,1.826174623276516e-20,Cell Cycle,Reactome_2022,1.9631377200222544e-21,0.0,0.0,3.628312230779272,172.99699425956592,HSP90AB1;NUMA1;PHF20;UBE2D1;PPP2R2A;CDC14A;SYNE2;PHF8;PSMD8;GOLGA2;CCND3;XPO1;CCND2;PSMD5;PSMD2;H2BC21;KMT5A;ZNF385A;SKP1;H3-3B;RAB2A;H2AC6;DYRK1A;CSNK1D;CSNK1E;PPP2R5C;TUBA4B;TUBA4A;RBX1;EML4;PSMA5;RBL2;PSMA6;CCNA1;PSMA3;CLIP1;TUBB2A;TFDP1;PSMA1;TFDP2;PSMA2;CCNE1;PSME3;POLR1B;PSME4;MSH5;PSME1;PSME2;AJUBA;KPNB1;PSMD10;RAB1A;PSMD12;SET;PSMD11;LIN37;TUBAL3;MAX;HDAC1;USO1;CUL1;PSMB10;PSMB6;PSMB7;PSMB4;PSMB5;TERT;PSMB2;RBBP4;PSMB3;PCBP4;LMNA;PSMF1;E2F4;RBBP7;E2F5;E2F6;CDKN2D;NPM1;H2BC5;CABLES1;HSPA2;CDK11B;PSMB8;PSMB9;SEM1;PSMC6;KANSL1;TAOK1;MDM4,0.13761467889908258
5,905,Regulation Of APC/C Activators Between G1/S And Early Anaphase R-HSA-176408,31/80,2.0194203455117002e-20,Cell Cycle,Reactome_2022,2.1961196257439747e-21,0.0,0.0,13.786624947461824,655.7965913156825,PSMD10;PSMD12;PSMD11;CUL1;UBE2D1;PSMB10;PSMD8;PSMB6;PSMB7;PSMB4;PSMB5;PSMB2;PSMD5;PSMB3;PSMD2;PSMF1;SKP1;PSMB8;PSMB9;PSMA5;SEM1;CCNA1;PSMA6;PSMA3;PSMC6;PSMA1;PSMA2;PSME3;PSME4;PSME1;PSME2,0.3875
5,905,Hh Mutants Abrogate Ligand Secretion R-HSA-5387390,27/58,2.1551095216381595e-20,Disease,Reactome_2022,2.370620473801976e-21,0.0,0.0,18.91130869277684,898.1195184803631,PSMD10;PSMD12;PSMD11;PSMB10;PSMD8;PSMB6;PSMB7;PSMB4;PSMB5;PSMB2;PSMD5;PSMB3;PSMD2;PSMF1;PSMB8;PSMB9;PSMA5;SEM1;PSMA6;PSMA3;PSMC6;PSMA1;PSMA2;PSME3;PSME4;PSME1;PSME2,0.46551724137931033
5,905,CLEC7A (Dectin-1) Signaling R-HSA-5607764,34/99,2.210868850961942e-20,Immune System,Reactome_2022,2.4595915966951606e-21,0.0,0.0,11.428420030027375,542.327577024386,PSMD10;PSMD12;PSMD11;UBE2D2;CUL1;UBE2D1;PSMB10;PSMD8;PSMB6;PSMB7;PSMB4;PSMB5;PSMB2;PSMD5;PSMB3;PSMD2;PSMF1;SKP1;PSMB8;PSMB9;SEM1;PSMA5;PSMA6;PSMA3;CDC34;PSMC6;PSMA1;PSMA2;PSME3;PSME4;PSME1;UBA3;PSME2;UBE2M,0.3434343434343434
5,905,APC/C-mediated Degradation Of Cell Cycle Proteins R-HSA-174143,32/87,2.9051538729152464e-20,Cell Cycle,Reactome_2022,3.2682981070296518e-21,0.0,0.0,12.68936790586275,598.5577069450518,PSMD10;PSMD12;PSMD11;CUL1;UBE2D1;CDC14A;PSMB10;PSMD8;PSMB6;PSMB7;PSMB4;PSMB5;PSMB2;PSMD5;PSMB3;PSMD2;PSMF1;SKP1;PSMB8;PSMB9;PSMA5;SEM1;CCNA1;PSMA6;PSMA3;PSMC6;PSMA1;PSMA2;PSME3;PSME4;PSME1;PSME2,0.367816091954023
5,905,Signaling By NOTCH4 R-HSA-9013694,31/81,2.995092020644031e-20,Signal Transduction,Reactome_2022,3.406917173482585e-21,0.0,0.0,13.510183066361556,636.7143806203895,PSMD10;PSMD12;PSMD11;CUL1;PSMB10;PSMD8;PSMB6;PSMB7;PSMB4;PSMB5;PSMB2;PSMD5;PSMB3;PSMD2;PSMF1;SKP1;FBXW7;PSMB8;RBX1;PSMB9;PSMA5;SEM1;KAT2B;PSMA6;PSMA3;PSMC6;PSMA1;PSMA2;PSME3;PSME1;PSME2,0.38271604938271603
5,905,Regulation Of mRNA Stability By Proteins That Bind AU-rich Elements R-HSA-450531,32/88,4.276689315575972e-20,Metabolism of RNA,Reactome_2022,4.918192712912368e-21,0.0,0.0,12.462117493045328,582.7453857994461,PSMD10;PSMD12;PSMD11;SET;ELAVL1;PSMB10;PSMD8;PSMB6;PSMB7;PSMB4;XPO1;PSMB5;PSMB2;PSMD5;PSMB3;KHSRP;PSMD2;PSMF1;HSPA8;PSMB8;PSMB9;PSMA5;SEM1;PSMA6;PSMA3;PSMC6;PSMA1;PSMA2;PSME3;PSME4;PSME1;PSME2,0.36363636363636365
5,905,Activation Of APC/C And APC/C:Cdc20 Mediated Degradation Of Mitotic Proteins R-HSA-176814,29/76,5.57955602206134e-19,Cell Cycle,Reactome_2022,7.183678378403975e-20,0.0,0.0,13.416690955017971,591.406265473265,PSMD10;PSMD12;PSMD11;UBE2D1;PSMB10;PSMD8;PSMB6;PSMB7;PSMB4;PSMB5;PSMB2;PSMD5;PSMB3;PSMD2;PSMF1;PSMB8;PSMB9;PSMA5;SEM1;CCNA1;PSMA6;PSMA3;PSMC6;PSMA1;PSMA2;PSME3;PSME4;PSME1;PSME2,0.3815789473684211
5,905,Defective CFTR Causes Cystic Fibrosis R-HSA-5678895,27/60,6.269333588178503e-20,Disease,Reactome_2022,7.28810029625751e-21,0.0,0.0,17.763305032097744,823.6497098675263,PSMD10;PSMD12;PSMD11;PSMB10;PSMD8;PSMB6;PSMB7;PSMB4;PSMB5;PSMB2;PSMD5;PSMB3;PSMD2;PSMF1;PSMB8;PSMB9;PSMA5;SEM1;PSMA6;PSMA3;PSMC6;PSMA1;PSMA2;PSME3;PSME4;PSME1;PSME2,0.45
5,905,DNA Replication R-HSA-69306,41/155,1.0805048616535844e-19,DNA Replication,Reactome_2022,1.2830995232136314e-20,0.0,0.0,7.901041666666667,361.8868541892641,PSMD10;PSMD12;PSMD11;CUL1;UBE2D1;PSMB10;PSMD8;PSMB6;PSMB7;PSMB4;PSMB5;PSMB2;PSMD5;PSMB3;PSMD2;H2BC21;KPNA6;PSMF1;KPNA1;SKP1;H3-3B;H2AC6;H2BC5;PSMB8;RBX1;PSMB9;SEM1;PSMA5;CCNA1;PSMA6;PSMA3;PSMC6;PSMA1;CCNE1;PSMA2;PSME3;POLR1B;PSME4;PSME1;PSME2;KPNB1,0.2645161290322581
5,905,APC/C:Cdc20 Mediated Degradation Of Securin R-HSA-174154,28/67,1.3715071027775636e-19,Cell Cycle,Reactome_2022,1.6458085233330762e-20,0.0,0.0,15.600035084641698,710.6357316758849,PSMD10;PSMD12;PSMD11;UBE2D1;PSMB10;PSMD8;PSMB6;PSMB7;PSMB4;PSMB5;PSMB2;PSMD5;PSMB3;PSMD2;PSMF1;PSMB8;PSMB9;PSMA5;SEM1;PSMA6;PSMA3;PSMC6;PSMA1;PSMA2;PSME3;PSME4;PSME1;PSME2,0.417910447761194
5,905,APC:Cdc20 Mediated Degradation Of Cell Cycle Proteins Before Cycle Checkpoint Satisfied R-HSA-179419,29/73,1.5561121927157084e-19,Cell Cycle,Reactome_2022,1.8867860336677962e-20,0.0,0.0,14.333722498962224,650.9921948524018,PSMD10;PSMD12;PSMD11;UBE2D1;PSMB10;PSMD8;PSMB6;PSMB7;PSMB4;PSMB5;PSMB2;PSMD5;PSMB3;PSMD2;PSMF1;PSMB8;PSMB9;PSMA5;SEM1;CCNA1;PSMA6;PSMA3;PSMC6;PSMA1;PSMA2;PSME3;PSME4;PSME1;PSME2,0.3972602739726027
5,905,Asymmetric Localization Of PCP Proteins R-HSA-4608870,27/62,1.7340649276872666e-19,Signal Transduction,Reactome_2022,2.1242295364169014e-20,0.0,0.0,16.746501789781973,758.5879396799539,PSMD10;PSMD12;PSMD11;PSMB10;PSMD8;PSMB6;PSMB7;PSMB4;PSMB5;PSMB2;PSMD5;PSMB3;PSMD2;PSMF1;PSMB8;PSMB9;PSMA5;SEM1;PSMA6;PSMA3;PSMC6;PSMA1;PSMA2;PSME3;PSME4;PSME1;PSME2,0.43548387096774194
5,905,Autodegradation Of Cdh1 By Cdh1:APC/C R-HSA-174084,27/63,2.876738945817486e-19,Cell Cycle,Reactome_2022,3.559964445449139e-20,0.0,0.0,16.280466970387245,729.071079046589,PSMD10;PSMD12;PSMD11;UBE2D1;PSMB10;PSMD8;PSMB6;PSMB7;PSMB4;PSMB5;PSMB2;PSMD5;PSMB3;PSMD2;PSMF1;PSMB8;PSMB9;PSMA5;SEM1;PSMA6;PSMA3;PSMC6;PSMA1;PSMA2;PSME3;PSME1;PSME2,0.42857142857142855
5,905,APC/C:Cdc20 Mediated Degradation Of Mitotic Proteins R-HSA-176409,29/75,3.7112989075406053e-19,Cell Cycle,Reactome_2022,4.639123634425756e-20,0.0,0.0,13.709077824101648,610.2894355489108,PSMD10;PSMD12;PSMD11;UBE2D1;PSMB10;PSMD8;PSMB6;PSMB7;PSMB4;PSMB5;PSMB2;PSMD5;PSMB3;PSMD2;PSMF1;PSMB8;PSMB9;PSMA5;SEM1;CCNA1;PSMA6;PSMA3;PSMC6;PSMA1;PSMA2;PSME3;PSME4;PSME1;PSME2,0.38666666666666666
5,905,Downstream TCR Signaling R-HSA-202424,32/94,3.978782716589449e-19,Immune System,Reactome_2022,5.0232131796941796e-20,0.0,0.0,11.2525588441784,500.0370695982343,PSMD10;PSMD12;PSMD11;UBE2D2;CUL1;UBE2D1;PSMB10;PSMD8;PSMB6;PSMB7;PSMB4;PSMB5;PSMB2;PSMD5;PSMB3;PSMD2;PSMF1;SKP1;PSMB8;PSMB9;PSMA5;SEM1;PSMA6;PSMA3;CDC34;PSMC6;PSMA1;PSMA2;PSME3;PSME4;PSME1;PSME2,0.3404255319148936
5,905,Cdc20:Phospho-APC/C Mediated Degradation Of Cyclin A R-HSA-174184,29/72,1.010692675420244e-19,Cell Cycle,Reactome_2022,1.1875638936187868e-20,0.0,0.0,14.667834766910904,672.9572932586675,PSMD10;PSMD12;PSMD11;UBE2D1;PSMB10;PSMD8;PSMB6;PSMB7;PSMB4;PSMB5;PSMB2;PSMD5;PSMB3;PSMD2;PSMF1;PSMB8;PSMB9;PSMA5;SEM1;CCNA1;PSMA6;PSMA3;PSMC6;PSMA1;PSMA2;PSME3;PSME4;PSME1;PSME2,0.4027777777777778
5,905,ABC Transporter Disorders R-HSA-5619084,27/77,1.1315142680791336e-16,Disease,Reactome_2022,1.739703187171668e-17,0.0,0.0,11.713325740318906,452.0199585637432,PSMD10;PSMD12;PSMD11;PSMB10;PSMD8;PSMB6;PSMB7;PSMB4;PSMB5;PSMB2;PSMD5;PSMB3;PSMD2;PSMF1;PSMB8;PSMB9;PSMA5;SEM1;PSMA6;PSMA3;PSMC6;PSMA1;PSMA2;PSME3;PSME4;PSME1;PSME2,0.35064935064935066
5,905,Programmed Cell Death R-HSA-5357801,43/208,2.2413381126556783e-16,Programmed Cell Death,Reactome_2022,3.4740740746163015e-17,0.0,0.0,5.723054207973002,216.89584860206887,PSMD10;PSMD12;PSMD11;PSMB10;PSMD8;MED12;PSMB6;PSMB7;PSMB4;PSMB5;PSMB2;FNTA;PSMD5;PSMB3;PSMD2;C1QBP;LMNA;TP53BP2;PSMF1;DNM1L;KPNA1;H1-3;PSMB8;PSMB9;H1-5;PSMA5;SEM1;H1-4;PSMA6;PSMA3;PSMC6;TFDP1;PSMA1;STK24;TFDP2;PSMA2;PSME3;PSME4;PSME1;NMT1;PSME2;OGT;KPNB1,0.20673076923076922
5,905,Cellular Senescence R-HSA-2559583,38/165,3.4824196012172233e-16,Cellular responses to stimuli,Reactome_2022,5.441280626901911e-17,0.0,0.0,6.546095232905575,245.1508222436761,UBE2D1;RNF2;CABIN1;HIRA;RBBP4;H2BC21;SCMH1;UBN1;EP400;RBBP7;H3-3B;VENTX;CBX8;CDKN2D;SUZ12;CBX6;PHC2;PHC1;H2AC6;CBX4;RING1;H2BC5;EED;CBX2;MINK1;HMGA1;PHC3;H1-3;H1-5;H1-4;CCNA1;TFDP1;TFDP2;CCNE1;MAPKAPK5;MDM4;TNRC6A;TNRC6B,0.23030303030303031
5,905,Oxidative Stress Induced Senescence R-HSA-2559580,26/93,1.8273637944724282e-13,Cellular responses to stimuli,Reactome_2022,3.4034650672048967e-14,0.0,0.0,8.400455062571103,260.5098490417009,RNF2;RBBP4;H2BC21;SCMH1;RBBP7;H3-3B;CBX8;CDKN2D;SUZ12;CBX6;PHC2;PHC1;H2AC6;RING1;CBX4;H2BC5;EED;CBX2;MINK1;PHC3;TFDP1;TFDP2;MAPKAPK5;MDM4;TNRC6A;TNRC6B,0.27956989247311825
5,905,ABC-family Proteins Mediated Transport R-HSA-382556,27/102,2.553895074828219e-13,Transport of small molecules,Reactome_2022,4.78855326530291e-14,0.0,0.0,7.798633257403189,239.18379320877116,PSMD10;PSMD12;PSMD11;PSMB10;PSMD8;PSMB6;PSMB7;PSMB4;PSMB5;PSMB2;PSMD5;PSMB3;PSMD2;PSMF1;PSMB8;PSMB9;SEM1;PSMA5;PSMA6;PSMA3;PSMC6;PSMA1;PSMA2;PSME3;PSME4;PSME1;PSME2,0.2647058823529412
5,905,NOTCH1 Intracellular Domain Regulates Transcription R-HSA-2122947,19/48,4.192884790929394e-13,Signal Transduction,Reactome_2022,7.91407004287923e-14,0.0,0.0,14.098777924807347,425.325575416317,HDAC4;TLE3;HDAC2;HDAC3;HDAC1;FBXW7;HDAC11;CUL1;CCNC;HDAC6;HDAC7;RBX1;NCOR2;CDK8;KAT2B;NCOR1;TBL1XR1;TBL1X;SKP1,0.3958333333333333
5,905,Antigen processing-Cross Presentation R-HSA-1236975,27/104,4.231030035923856e-13,Immune System,Reactome_2022,8.038957068255328e-14,0.0,0.0,7.595272608940035,229.01183899771905,PSMD10;PSMD12;PSMD11;PSMB10;PSMD8;PSMB6;PSMB7;PSMB4;PSMB5;PSMB2;PSMD5;PSMB3;PSMD2;PSMF1;PSMB8;PSMB9;SEM1;PSMA5;PSMA6;PSMA3;PSMC6;PSMA1;PSMA2;PSME3;PSME4;PSME1;PSME2,0.25961538461538464
5,905,Beta-catenin Independent WNT Signaling R-HSA-3858494,31/142,1.0174919106699298e-12,Signal Transduction,Reactome_2022,1.9459532791562405e-13,0.0,0.0,6.066176015832767,177.5439553898025,PSMD10;PSMD12;PSMD11;PSMB10;PSMD8;PSMB6;PSMB7;PSMB4;PSMB5;PSMB2;PSMD5;PSMB3;PSMD2;PSMF1;NCOA3;PSMB8;PSMB9;SEM1;PSMA5;PSMA6;PSMA3;PSMC6;PSMA1;PSMA2;PSME3;PSME4;AGO2;PSME1;PSME2;TNRC6A;TNRC6B,0.21830985915492956
5,905,Negative Epigenetic Regulation Of rRNA Expression R-HSA-5250941,23/77,1.124171908886229e-12,Gene expression (Transcription),Reactome_2022,2.1640309246059909e-13,0.0,0.0,9.195074326026708,268.14338803009224,HDAC2;TBP;H2AC6;H2BC5;HDAC1;ARID4B;BAZ2A;TTF1;RRP8;SAP30;TAF1D;SIN3B;TAF1B;SIN3A;H2BC21;POLR1B;SAP30L;UBTF;SAP18;POLR1F;POLR1G;SUDS3;H3-3B,0.2987012987012987
5,905,Interleukin-1 Family Signaling R-HSA-446652,32/152,1.1923256118155799e-12,Immune System,Reactome_2022,2.310130872892687e-13,0.0,0.0,5.7961053837342495,168.6452328489952,PSMD10;USP14;PSMD12;PSMD11;CUL1;PSMB10;PSMD8;PSMB6;PSMB7;PSMB4;PSMB5;PSMB2;PSMD5;PSMB3;PSMD2;PSMF1;SKP1;PSMB8;RBX1;PSMB9;SEM1;PSMA5;PSMA6;PSMA3;PSMC6;PSMA1;PSMA2;PSME3;PSME4;PSME1;PSME2;PTPN4,0.21052631578947367
5,905,M Phase R-HSA-68886,55/380,1.0684056507592749e-13,Cell Cycle,Reactome_2022,1.9765504539046585e-14,0.0,0.0,3.7370135746606334,117.92085859346822,NUMA1;UBE2D1;PPP2R2A;PHF8;GOLGA2;PSMD8;XPO1;PSMD5;PSMD2;H2BC21;KMT5A;H3-3B;RAB2A;H2AC6;CSNK1D;CSNK1E;PPP2R5C;TUBA4B;TUBA4A;EML4;PSMA5;PSMA6;PSMA3;CLIP1;TUBB2A;PSMA1;PSMA2;PSME3;PSME4;PSME1;PSME2;KPNB1;PSMD10;RAB1A;PSMD12;SET;PSMD11;TUBAL3;USO1;PSMB10;PSMB6;PSMB7;PSMB4;PSMB5;PSMB2;PSMB3;LMNA;PSMF1;H2BC5;PSMB8;PSMB9;SEM1;PSMC6;KANSL1;TAOK1,0.14473684210526316
5,905,Vesicle-mediated Transport R-HSA-5653656,73/637,1.2549080297841065e-12,Vesicle-mediated transport,Reactome_2022,2.447070658079007e-13,0.0,0.0,2.882831679623568,83.71372623881294,USP6NL;ARF4;C2CD5;DENND1A;GDI2;GCC2;CLINT1;AP4M1;GOLGA2;TFG;CAPZB;KIF5B;GOLGA1;KIF1C;KIF1B;VPS36;SNAP29;NSF;CSNK1D;AP3B1;GAPVD1;ARFGAP1;ARFGAP2;RALGAPB;PLIN3;ARF5;PAFAH1B2;RAB1A;SEC23A;COPA;TMF1;TSG101;USO1;NEDD8;KLC1;GABARAP;RAB21;SCFD1;SNX2;VPS51;KIF3A;CHML;RAB6A;TBC1D17;YKT6;TBC1D15;UBQLN2;SEC31A;TRAPPC3;HSPA8;SEC24B;SEC24A;DENND4A;TRAPPC10;HPS1;DENND4C;HPS4;ASPSCR1;PUM1;SEC23IP;CNIH1;COPS5;RAB14;RAB12;GOLGB1;CAPZA1;CAPZA2;RAB18;RAB3GAP2;TRIP11;VPS45;SEC24C;RAB3GAP1,0.11459968602825746
5,905,Mitotic Metaphase And Anaphase R-HSA-2555396,40/233,1.504567465157147e-12,Cell Cycle,Reactome_2022,2.9715207436853645e-13,0.0,0.0,4.52891670909581,130.63448453612452,PSMD10;PSMD12;PSMD11;TUBAL3;UBE2D1;PPP2R2A;PSMB10;PSMD8;PSMB6;PSMB7;PSMB4;XPO1;PSMB5;PSMB2;PSMD5;PSMB3;PSMD2;LMNA;PSMF1;PPP2R5C;TUBA4B;PSMB8;TUBA4A;PSMB9;PSMA5;SEM1;PSMA6;PSMA3;CLIP1;TUBB2A;PSMC6;PSMA1;KANSL1;PSMA2;PSME3;TAOK1;PSME4;PSME1;PSME2;KPNB1,0.17167381974248927
5,905,NoRC Negatively Regulates rRNA Expression R-HSA-427413,22/74,4.037096212704935e-12,Gene expression (Transcription),Reactome_2022,8.023728722751059e-13,0.0,0.0,9.12418329122746,254.11948075268725,HDAC2;TBP;H2AC6;H2BC5;HDAC1;ARID4B;BAZ2A;TTF1;SAP30;TAF1D;SIN3B;TAF1B;SIN3A;H2BC21;POLR1B;SAP30L;UBTF;SAP18;POLR1F;POLR1G;SUDS3;H3-3B,0.2972972972972973
5,905,Separation Of Sister Chromatids R-HSA-2467813,33/170,5.377537833890681e-12,Cell Cycle,Reactome_2022,1.0822294890704996e-12,0.0,0.0,5.236841224134468,144.28543820515247,PSMD10;PSMD12;PSMD11;UBE2D1;PSMB10;PSMD8;PSMB6;PSMB7;PSMB4;XPO1;PSMB5;PSMB2;PSMD5;PSMB3;PSMD2;PSMF1;PPP2R5C;PSMB8;PSMB9;SEM1;PSMA5;PSMA6;CLIP1;PSMA3;PSMC6;PSMA1;KANSL1;PSMA2;PSME3;TAOK1;PSME4;PSME1;PSME2,0.19411764705882353
5,905,Signaling By TGF-beta Receptor Complex R-HSA-170834,24/91,6.597359221801167e-12,Signal Transduction,Reactome_2022,1.3359652424147365e-12,0.0,0.0,7.7366628830874,211.53093968515236,CCNK;CCNT2;TGIF2;CCNT1;HDAC1;USP9X;UBE2D3;UBE2D1;CCNC;NEDD8;YBX1;NCOR2;CDK9;PPM1A;CDK8;XPO1;NCOR1;TFDP1;TFDP2;E2F4;E2F5;RNF111;MEN1;UBE2M,0.26373626373626374
5,905,TP53 Regulates Transcription Of Cell Cycle Genes R-HSA-6791312,18/49,8.059894569138478e-12,Gene expression (Transcription),Reactome_2022,1.6422035184619649e-12,0.0,0.0,12.47961595810452,338.63415647553234,PLK3;NPM1;PRMT1;ARID3A;RBL2;CNOT4;CCNA1;CNOT6;TFDP1;CNOT7;TFDP2;CCNE1;PCBP4;CARM1;CNOT2;CNOT3;E2F4;ZNF385A,0.3673469387755102
5,905,Cell Cycle Checkpoints R-HSA-69620,42/271,1.2645589805765016e-11,Cell Cycle,Reactome_2022,2.5923459101818288e-12,0.0,0.0,4.009431909607493,106.9654603766786,PSMD10;PSMD12;PSMD11;PHF20;UBE2D1;PSMB10;PSMD8;PSMB6;PSMB7;PSMB4;XPO1;PSMB5;PSMB2;PSMD5;PCBP4;PSMB3;PSMD2;H2BC21;PSMF1;ZNF385A;H2BC5;PPP2R5C;PSMB8;PSMB9;PSMA5;SEM1;PSMA6;CCNA1;PSMA3;CLIP1;PSMC6;PSMA1;KANSL1;PSMA2;CCNE1;PSME3;TAOK1;POLR1B;PSME4;PSME1;PSME2;MDM4,0.15498154981549817
5,905,SUMOylation Of Chromatin Organization Proteins R-HSA-4551638,19/57,1.4390604760300143e-11,Metabolism of proteins,Reactome_2022,2.968062231811905e-12,0.0,0.0,10.75451467268623,285.4582855619109,HDAC4;CBX8;SUZ12;HDAC2;PHC2;CBX5;PHC1;RING1;CBX4;HDAC1;CBX2;PCGF2;CHD3;PHC3;PIAS2;RNF2;PIAS1;SCMH1;ZBED1,0.3333333333333333
5,905,Mitotic Anaphase R-HSA-68882,40/232,1.3097509507437284e-12,Cell Cycle,Reactome_2022,2.570386240834567e-13,0.0,0.0,4.552745664739884,131.98204823570623,PSMD10;PSMD12;PSMD11;TUBAL3;UBE2D1;PPP2R2A;PSMB10;PSMD8;PSMB6;PSMB7;PSMB4;XPO1;PSMB5;PSMB2;PSMD5;PSMB3;PSMD2;LMNA;PSMF1;PPP2R5C;TUBA4B;PSMB8;TUBA4A;PSMB9;PSMA5;SEM1;PSMA6;PSMA3;CLIP1;TUBB2A;PSMC6;PSMA1;KANSL1;PSMA2;PSME3;TAOK1;PSME4;PSME1;PSME2;KPNB1,0.1724137931034483
5,905,Activation Of HOX Genes During Differentiation R-HSA-5619507,26/91,1.0437510304439865e-13,Developmental Biology,Reactome_2022,1.917892518440825e-14,0.0,0.0,8.659840728100114,273.5207608068879,KMT2D;HDAC3;KMT2C;ASH2L;CTCF;YY1;RBBP4;RBBP5;H2BC21;WDR5;RBBP7;PKNOX1;H3-3B;KDM6A;SUZ12;H2AC6;H2BC5;EED;NCOA6;NCOA3;PCGF2;PIAS2;CNOT6;NCOR1;ZNF335;AJUBA,0.2857142857142857
5,905,Regulation Of TP53 Activity Thru Acetylation R-HSA-6804758,16/29,5.800013887376182e-14,Gene expression (Transcription),Reactome_2022,1.0585025344461534e-14,0.0,0.0,26.417928528164747,850.1114010666392,HDAC2;BRD1;MEAF6;HDAC1;BRPF3;CHD4;CHD3;GATAD2B;PML;GATAD2A;ING5;RBBP4;KAT6A;RBBP7;BRD7;MTA2,0.5517241379310345
5,905,Membrane Trafficking R-HSA-199991,73/599,5.800013887376182e-14,Vesicle-mediated transport,Reactome_2022,1.0572483747486652e-14,0.0,0.0,3.0974357451009067,99.67709802927824,USP6NL;ARF4;C2CD5;DENND1A;GDI2;GCC2;CLINT1;AP4M1;GOLGA2;TFG;CAPZB;KIF5B;GOLGA1;KIF1C;KIF1B;VPS36;SNAP29;NSF;CSNK1D;AP3B1;GAPVD1;ARFGAP1;ARFGAP2;RALGAPB;PLIN3;ARF5;PAFAH1B2;RAB1A;SEC23A;COPA;TMF1;TSG101;USO1;NEDD8;KLC1;GABARAP;RAB21;SCFD1;SNX2;VPS51;KIF3A;CHML;RAB6A;TBC1D17;YKT6;TBC1D15;UBQLN2;SEC31A;TRAPPC3;HSPA8;SEC24B;SEC24A;DENND4A;TRAPPC10;HPS1;DENND4C;HPS4;ASPSCR1;PUM1;SEC23IP;CNIH1;COPS5;RAB14;RAB12;GOLGB1;CAPZA1;CAPZA2;RAB18;RAB3GAP2;TRIP11;VPS45;SEC24C;RAB3GAP1,0.12186978297161936
5,905,TCR Signaling R-HSA-202403,32/116,3.643701852335257e-16,Immune System,Reactome_2022,5.73883041742803e-17,0.0,0.0,8.295859924725905,310.2377114399123,PSMD10;PSMD12;PSMD11;UBE2D2;CUL1;UBE2D1;PSMB10;PSMD8;PSMB6;PSMB7;PSMB4;PSMB5;PSMB2;PSMD5;PSMB3;PSMD2;PSMF1;SKP1;PSMB8;PSMB9;SEM1;PSMA5;PSMA6;PSMA3;CDC34;PSMC6;PSMA1;PSMA2;PSME3;PSME4;PSME1;PSME2,0.27586206896551724
5,905,PCP/CE Pathway R-HSA-4086400,28/88,5.207566552419454e-16,Signal Transduction,Reactome_2022,8.267011901965884e-17,0.0,0.0,10.12884834663626,375.088204447176,PSMD10;PSMD12;PSMD11;PSMB10;PSMD8;PSMB6;PSMB7;PSMB4;PSMB5;PSMB2;PSMD5;PSMB3;PSMD2;PSMF1;NCOA3;PSMB8;PSMB9;PSMA5;SEM1;PSMA6;PSMA3;PSMC6;PSMA1;PSMA2;PSME3;PSME4;PSME1;PSME2,0.3181818181818182
5,905,Potential Therapeutics For SARS R-HSA-9679191,29/97,9.473699454674278e-16,Disease,Reactome_2022,1.5394761613845702e-16,0.0,0.0,9.26307749127048,337.26790378128254,HDAC2;HSP90AB1;KDM1A;HDAC1;CUL3;ARID4A;KEAP1;ARID4B;CHD4;CHD3;PHF21A;MTA1;FNTA;RBBP4;SAP30L;HMG20B;SAP18;SUDS3;RBBP7;MTA2;MTA3;PTGES3;GATAD2B;RBX1;SAP30;GATAD2A;REST;FKBP4;RCOR1,0.29896907216494845
5,905,Transcriptional Regulation Of White Adipocyte Differentiation R-HSA-381340,27/84,1.3444609547026237e-15,Developmental Biology,Reactome_2022,2.2015548133255455e-16,0.0,0.0,10.27107061503417,370.29466782693686,HDAC3;SMARCD3;CHD9;CCNC;MED15;MED17;MED12;CCND3;TBL1X;NCOA6;NCOA3;MED8;MED4;MED6;SREBF2;MED7;NCOR2;MED22;CDK8;MED24;NCOR1;TBL1XR1;THRAP3;MED21;ZNF638;CARM1;MED20,0.32142857142857145
5,905,Interleukin-1 Signaling R-HSA-9020702,31/114,1.672263401030166e-15,Immune System,Reactome_2022,2.7592346116997743e-16,0.0,0.0,8.124562322516612,291.07388589787973,PSMD10;USP14;PSMD12;PSMD11;CUL1;PSMB10;PSMD8;PSMB6;PSMB7;PSMB4;PSMB5;PSMB2;PSMD5;PSMB3;PSMD2;PSMF1;SKP1;PSMB8;RBX1;PSMB9;SEM1;PSMA5;PSMA6;PSMA3;PSMC6;PSMA1;PSMA2;PSME3;PSME4;PSME1;PSME2,0.2719298245614035
5,905,RUNX1 Regulates Genes Involved In Megakaryocyte Differentiation And Platelet Function R-HSA-8936459,24/66,2.471881402677618e-15,Gene expression (Transcription),Reactome_2022,4.10950283195154e-16,0.0,0.0,12.358034700826982,437.8211878457844,PRMT6;KMT2D;H2AC6;CBFB;KMT2A;H2BC5;PRMT1;HDAC1;KMT2C;SETD1B;KMT2B;SETD1A;DPY30;ASH2L;KAT2B;SIN3B;SIN3A;RBBP5;H2BC21;WDR5;ZFPM1;TNRC6A;H3-3B;TNRC6B,0.36363636363636365
5,905,PPARA Activates Gene Expression R-HSA-1989781,31/116,2.8223316772320318e-15,Metabolism,Reactome_2022,4.727405559363653e-16,0.0,0.0,7.932561582985597,279.92411370315,HDAC3;SMARCD3;CHD9;GPS2;CCNC;MED15;MED17;MED12;TBL1X;PPARGC1B;NFYA;NCOA6;NCOA3;TXNRD1;MED8;MED4;MED6;SREBF2;MED7;NCOR2;CDK8;MED22;MED24;NCOR1;TBL1XR1;THRAP3;MED21;CARM1;MED20;CLOCK;BMAL1,0.2672413793103448
5,905,C-type Lectin Receptors (CLRs) R-HSA-5621481,34/141,3.2314989469417562e-15,Immune System,Reactome_2022,5.453154472964214e-16,0.0,0.0,6.927175767460326,243.45675087800208,PSMD10;PSMD12;PSMD11;UBE2D2;CUL1;UBE2D1;PSMB10;PSMD8;PSMB6;PSMB7;PSMB4;PSMB5;PSMB2;PSMD5;PSMB3;PSMD2;PSMF1;SKP1;PSMB8;PSMB9;SEM1;PSMA5;PSMA6;PSMA3;CDC34;PSMC6;PSMA1;PSMA2;PSME3;PSME4;PSME1;UBA3;PSME2;UBE2M,0.24113475177304963
5,905,Transcriptional Regulation By E2F6 R-HSA-8953750,18/34,3.505023015163206e-15,Gene expression (Transcription),Reactome_2022,5.95853912577745e-16,0.0,0.0,24.19828072153326,848.3079028822108,SUZ12;CBX5;PHC1;RING1;MAX;EED;MGA;PCGF2;PHC3;RNF2;RYBP;TFDP1;RBBP4;TFDP2;EPC1;RBBP7;E2F6;YAF2,0.5294117647058824
5,905,Positive Epigenetic Regulation Of rRNA Expression R-HSA-5250913,25/74,4.385134250571474e-15,Gene expression (Transcription),Reactome_2022,7.50954240410365e-16,0.0,0.0,11.042439703153988,384.5550271074961,HDAC2;HDAC1;CHD4;CHD3;TTF1;TAF1D;MTA1;RBBP4;TAF1B;H2BC21;RBBP7;MTA2;MTA3;H3-3B;TBP;H2AC6;H2BC5;BAZ1B;GATAD2B;GATAD2A;KAT2B;MYBBP1A;POLR1B;POLR1F;POLR1G,0.33783783783783783
5,905,ER-Phagosome Pathway R-HSA-1236974,27/89,6.59391324481722e-15,Immune System,Reactome_2022,1.1374500347309704e-15,0.0,0.0,9.440278492174295,324.83986443591493,PSMD10;PSMD12;PSMD11;PSMB10;PSMD8;PSMB6;PSMB7;PSMB4;PSMB5;PSMB2;PSMD5;PSMB3;PSMD2;PSMF1;PSMB8;PSMB9;PSMA5;SEM1;PSMA6;PSMA3;PSMC6;PSMA1;PSMA2;PSME3;PSME4;PSME1;PSME2,0.30337078651685395
5,905,Transcriptional Activity Of SMAD2/SMAD3:SMAD4 Heterotrimer R-HSA-2173793,21/51,8.46511944280022e-15,Gene expression (Transcription),Reactome_2022,1.4708145031865385e-15,0.0,0.0,15.096719457013574,515.5976567092852,CCNK;CCNT2;TGIF2;CCNT1;HDAC1;USP9X;UBE2D3;UBE2D1;CCNC;YBX1;NCOR2;CDK9;PPM1A;CDK8;NCOR1;TFDP1;TFDP2;E2F4;E2F5;RNF111;MEN1,0.4117647058823529
5,905,Fc Epsilon Receptor (FCERI) Signaling R-HSA-2454202,32/130,1.1981133201962816e-14,Immune System,Reactome_2022,2.0966983103434928e-15,0.0,0.0,7.105500619491783,240.15464110300937,PSMD10;PSMD12;PSMD11;UBE2D2;CUL1;UBE2D1;PSMB10;PSMD8;PSMB6;PSMB7;PSMB4;PSMB5;PSMB2;PSMD5;PSMB3;PSMD2;PSMF1;SKP1;PSMB8;PSMB9;SEM1;PSMA5;PSMA6;PSMA3;CDC34;PSMC6;PSMA1;PSMA2;PSME3;PSME4;PSME1;PSME2,0.24615384615384617
5,905,RNA Polymerase I Promoter Clearance R-HSA-73854,25/78,1.745992818308623e-14,Gene expression (Transcription),Reactome_2022,3.0773123422689484e-15,0.0,0.0,10.206903945111492,341.0608353006127,HDAC2;RRN3;HDAC1;CHD4;CHD3;TTF1;TAF1D;MTA1;RBBP4;TAF1B;H2BC21;UBTF;RBBP7;MTA2;MTA3;H3-3B;TBP;H2AC6;H2BC5;GATAD2B;GATAD2A;KAT2B;POLR1B;POLR1F;POLR1G,0.32051282051282054
5,905,RNA Polymerase I Transcription R-HSA-73864,25/79,2.4290528508210628e-14,Gene expression (Transcription),Reactome_2022,4.311568810207387e-15,0.0,0.0,10.01736111111111,331.3490073505483,HDAC2;RRN3;HDAC1;CHD4;CHD3;TTF1;TAF1D;MTA1;RBBP4;TAF1B;H2BC21;UBTF;RBBP7;MTA2;MTA3;H3-3B;TBP;H2AC6;H2BC5;GATAD2B;GATAD2A;KAT2B;POLR1B;POLR1F;POLR1G,0.31645569620253167
5,905,Signaling By B Cell Receptor (BCR) R-HSA-983705,29/109,2.6644104334535863e-14,Immune System,Reactome_2022,4.762633649798285e-15,0.0,0.0,7.868650114155251,259.4921514058276,PSMD10;PSMD12;PSMD11;CUL1;PSMB10;PSMD8;PSMB6;PSMB7;PSMB4;PSMB5;PSMB2;PSMD5;PSMB3;PSMD2;PSMF1;SKP1;PSMB8;PSMB9;SEM1;PSMA5;PSMA6;PSMA3;PSMC6;PSMA1;PSMA2;PSME3;PSME4;PSME1;PSME2,0.26605504587155965
5,905,Estrogen-dependent Gene Expression R-HSA-9018519,30/119,4.3826938935994486e-14,Signal Transduction,Reactome_2022,7.888849008479007e-15,0.0,0.0,7.321733547351525,237.76104147006865,DDX5;HSP90AB1;CCNT1;KDM1A;CBFB;HDAC1;CHD1;YY1;H2BC21;MYB;NRIP1;H3-3B;TLE3;KDM4B;POU2F1;TBP;H2AC6;H2BC5;PRMT1;NCOA3;PTGES3;KCTD6;CDK9;KAT2B;CARM1;AGO2;FKBP4;EBAG9;TNRC6A;TNRC6B,0.25210084033613445
5,905,SUMOylation Of Transcription Cofactors R-HSA-3899300,24/43,1.3392899429742616e-20,Metabolism of proteins,Reactome_2022,1.4229955644101533e-21,0.0,0.0,27.350737797956867,1312.877062660929,CBX8;PIAS3;DDX5;NPM1;PHC2;ZNF350;PHC1;UHRF2;CBX4;RING1;CBX2;MBD1;PCGF2;SAFB;PHC3;RNF2;PIAS2;HIPK2;PIAS1;NCOR2;TRIM28;SIN3A;NRIP1;SCMH1,0.5581395348837209
5,905,Infectious Disease R-HSA-5663205,114/961,1.3298269966548067e-20,Disease,Reactome_2022,1.3963183464875473e-21,0.0,0.0,3.104990171304388,149.10301885246844,CCNK;CCNT2;CCNT1;KDM1A;KEAP1;ARID4A;ARID4B;PSMD8;H2AC11;H2AC12;FNTA;TRIM28;PSMD5;PSMD2;KPNA4;TRIM27;KPNA3;VPS36;KPNA1;SKP1;H2AC6;H2AC1;SAP30;RBX1;TBL1XR1;PSME3;PSME4;PSME1;PSME2;FKBP4;KPNB1;PSMD10;DDX5;PSMD12;TSG101;PSMD11;CUL5;CUL3;PHF21A;LARP1;G3BP2;PSMF1;SUDS3;SRPK2;HMGA1;SRPK1;CDK9;SEM1;H2AC25;H2AC21;NMT1;RCOR1;HSP90AB1;CHD4;CHD3;XPO1;H2BC21;CHMP1A;HMG20B;ELOB;ELOC;PBRM1;TBP;EED;PRMT1;H2BC18;PSMA5;NCOR2;DNAJC3;PSMA6;PSMA3;NCOR1;PSMA1;PSMA2;PTRH2;SEC23A;HDAC2;HDAC3;HDAC1;GPS2;PSMB10;PSMB6;PSMB7;PSMB4;PSMB5;MTA1;PSMB2;RBBP4;PSMB3;SAP30L;SAP18;RBBP7;TBL1X;MTA2;MTA3;SUZ12;SEC24B;NPM1;SEC24A;TAF15;H2BC5;CNBP;TXNRD1;PTGES3;GATAD2B;PSMB8;PML;GATAD2A;PSMB9;REST;PSMC6;VPS45;SEC24C;TAF1,0.1186264308012487
5,905,S Phase R-HSA-69242,43/161,9.322884246492971e-21,Cell Cycle,Reactome_2022,9.672492405736457e-22,0.0,0.0,8.022444846435173,388.186740124996,PSMD10;PSMD12;PSMD11;LIN37;MAX;CUL1;UBE2D1;PSMB10;PSMD8;PSMB6;PSMB7;PSMB4;PSMB5;PSMB2;RBBP4;PSMD5;PSMB3;PSMD2;PSMF1;E2F4;E2F5;SKP1;CABLES1;PSMB8;RBX1;PSMB9;SEM1;PSMA5;RBL2;CCNA1;PSMA6;PSMA3;TFDP1;PSMC6;PSMA1;TFDP2;CCNE1;PSMA2;PSME3;POLR1B;PSME4;PSME1;PSME2,0.2670807453416149
5,905,Switching Of Origins To A Post-Replicative State R-HSA-69052,33/90,8.555928209417943e-21,Cell Cycle,Reactome_2022,8.769826414653392e-22,0.0,0.0,12.639908256880734,612.8529673980889,PSMD10;PSMD12;PSMD11;CUL1;UBE2D1;PSMB10;PSMD8;PSMB6;PSMB7;PSMB4;PSMB5;PSMB2;PSMD5;PSMB3;PSMD2;PSMF1;SKP1;PSMB8;RBX1;PSMB9;PSMA5;SEM1;CCNA1;PSMA6;PSMA3;PSMC6;PSMA1;CCNE1;PSMA2;PSME3;PSME4;PSME1;PSME2,0.36666666666666664
5,905,UCH Proteinases R-HSA-5689603,41/95,1.2578232017895154e-28,Metabolism of proteins,Reactome_2022,4.081866493664286e-30,0.0,0.0,16.732703189300413,1132.3187312875623,PSMD10;PSMD12;PSMD11;KDM1B;FOXK2;NEDD8;PSMB10;H2AC11;PSMD8;YY1;PSMB6;H2AC12;PSMB7;PSMB4;PSMB5;PSMB2;PSMD5;PSMB3;PSMD2;PSMF1;H2AC6;MCRS1;ACTL6A;H2AC1;PSMB8;PSMB9;PSMA5;ASXL1;SEM1;PSMA6;PSMA3;H2AC25;PSMC6;PSMA1;PSMA2;PSME3;PSME4;H2AC21;PSME1;PSME2;OGT,0.43157894736842106
5,905,Intracellular Signaling By Second Messengers R-HSA-9006925,70/306,1.2578232017895154e-28,Signal Transduction,Reactome_2022,4.0879254058159245e-30,0.0,0.0,6.699127169390033,453.3266877098992,KDM1A;ATN1;CHD4;CHD3;PSMD8;PSMD5;PSMD2;SCMH1;TRIM27;MAF1;USP7;RING1;EED;PPP2R5C;PSMA5;PSMA6;PSMA3;PSMA1;PSMA2;PSME3;PSME4;PSME1;PSME2;PSMD10;USP13;PSMD12;HDAC2;PSMD11;HDAC3;HDAC1;PSMB10;RNF2;HDAC7;PSMB6;PSMB7;PSMB4;PSMB5;MTA1;PSMB2;RBBP4;TNKS2;PSMB3;PSMF1;RBBP7;MTA2;MTA3;SUZ12;CBX8;PHC2;CBX6;PHC1;CBX4;CBX2;PHC3;GATAD2B;PSMB8;PML;GATAD2A;PSMB9;RNF146;SEM1;REST;PSMC6;NEDD4;AGO2;MKRN1;RCOR1;TNRC6A;OTUD3;TNRC6B,0.22875816993464052
5,905,Cellular Response To Hypoxia R-HSA-1234174,36/73,1.0614503137472164e-27,Cellular responses to stimuli,Reactome_2022,3.582394808896856e-29,0.0,0.0,21.33822660404939,1397.6311425121703,PSMD10;PSMD12;PSMD11;UBE2D2;UBE2D3;CUL2;UBE2D1;HIF3A;PSMB10;PSMD8;PSMB6;PSMB7;PSMB4;PSMB5;PSMB2;PSMD5;PSMB3;PSMD2;ELOB;ELOC;PSMF1;PSMB8;RBX1;PSMB9;PSMA5;SEM1;PSMA6;PSMA3;PSMC6;PSMA1;PSMA2;PSME3;PSME4;PSME1;PSME2;AJUBA,0.4931506849315068
5,905,Vif-mediated Degradation Of APOBEC3G R-HSA-180585,31/53,6.528876614520187e-27,Disease,Reactome_2022,2.285106815082065e-28,0.0,0.0,30.75010401497816,1957.1201925411349,PSMD10;PSMD12;PSMD11;CUL5;PSMB10;PSMD8;PSMB6;PSMB7;PSMB4;PSMB5;PSMB2;PSMD5;PSMB3;PSMD2;ELOB;ELOC;PSMF1;PSMB8;RBX1;PSMB9;PSMA5;SEM1;PSMA6;PSMA3;PSMC6;PSMA1;PSMA2;PSME3;PSME4;PSME1;PSME2,0.5849056603773585
5,905,Regulation Of PTEN Stability And Activity R-HSA-8948751,34/67,1.0066372797153322e-26,Signal Transduction,Reactome_2022,3.6490601389680796e-28,0.0,0.0,22.54837699613819,1424.5593993768755,PSMD10;USP13;PSMD12;PSMD11;PSMB10;PSMD8;PSMB6;PSMB7;PSMB4;PSMB5;PSMB2;TNKS2;PSMD5;PSMB3;PSMD2;TRIM27;PSMF1;PSMB8;PSMB9;PSMA5;RNF146;SEM1;PSMA6;PSMA3;PSMC6;PSMA1;PSMA2;PSME3;NEDD4;PSME4;MKRN1;PSME1;PSME2;OTUD3,0.5074626865671642
5,905,KEAP1-NFE2L2 Pathway R-HSA-9755511,40/100,1.9895133859968142e-26,Cellular responses to stimuli,Reactome_2022,7.460675197488053e-28,0.0,0.0,14.670520231213873,916.360842229387,PSMD10;PSMD12;PSMD11;CUL3;CUL1;KEAP1;PSMB10;PSMD8;PSMB6;PSMB7;PSMB4;PSMB5;PSMB2;PSMD5;PSMB3;PSMD2;SESN1;PRDX1;SESN2;UBXN7;PSMF1;SKP1;TXNRD1;MUL1;PSMB8;RBX1;PSMB9;SEM1;PSMA5;PSMA6;PSMA3;PSMC6;PSMA1;PSMA2;PSME3;MAFG;PSME4;PSME1;PSME2;TKT,0.4
5,905,Cellular Response To Chemical Stress R-HSA-9711123,52/182,3.643954815037357e-26,Cellular responses to stimuli,Reactome_2022,1.412032490826976e-27,0.0,0.0,8.893317702227433,549.8272980124075,CHD9;KEAP1;PSMD8;SIN3B;PSMD5;SIN3A;PSMD2;SESN1;SESN2;UBXN7;SKP1;NCOA6;MUL1;RBX1;NCOR2;PSMA5;PSMA6;PSMA3;NCOR1;PSMA1;TBL1XR1;PSMA2;PSME3;PSME4;PSME1;PSME2;TKT;PSMD10;PSMD12;PSMD11;HDAC3;SMARCD3;CUL3;CUL1;PSMB10;PSMB6;PSMB7;PRDX5;PSMB4;PSMB5;PSMB2;PSMB3;PRDX1;PSMF1;TBL1X;TXNRD1;PSMB8;PSMB9;SEM1;PSMC6;MAFG;CARM1,0.2857142857142857
5,905,Cyclin A:Cdk2-associated Events At S Phase Entry R-HSA-69656,39/84,1.0822461738170838e-28,Cell Cycle,Reactome_2022,3.246738521451251e-30,0.0,0.0,19.064665127020785,1294.488890531591,PSMD10;PSMD12;PSMD11;LIN37;MAX;CUL1;PSMB10;PSMD8;PSMB6;PSMB7;PSMB4;PSMB5;PSMB2;RBBP4;PSMD5;PSMB3;PSMD2;E2F4;PSMF1;E2F5;SKP1;CABLES1;PSMB8;PSMB9;PSMA5;RBL2;SEM1;CCNA1;PSMA6;PSMA3;TFDP1;PSMC6;PSMA1;TFDP2;CCNE1;PSMA2;PSME3;PSME1;PSME2,0.4642857142857143
5,905,Mitotic G1 Phase And G1/S Transition R-HSA-453279,47/147,4.904379501593422e-26,Cell Cycle,Reactome_2022,1.961751800637369e-27,0.0,0.0,10.40518648018648,639.8769280501185,PSMD10;PSMD12;PSMD11;LIN37;MAX;HDAC1;CUL1;PPP2R2A;PSMB10;PSMD8;PSMB6;PSMB7;CCND3;PSMB4;CCND2;PSMB5;PSMB2;RBBP4;PSMD5;PSMB3;PSMD2;PSMF1;E2F4;E2F5;E2F6;SKP1;CDKN2D;DYRK1A;CABLES1;PSMB8;PSMB9;SEM1;PSMA5;RBL2;CCNA1;PSMA6;PSMA3;TFDP1;PSMC6;PSMA1;TFDP2;CCNE1;PSMA2;PSME3;POLR1B;PSME1;PSME2,0.3197278911564626
5,905,Negative Regulation Of NOTCH4 Signaling R-HSA-9604323,30/53,1.5840977890850712e-25,Signal Transduction,Reactome_2022,6.732415603611552e-27,0.0,0.0,28.43031055900621,1713.2919245050964,PSMD10;PSMD12;PSMD11;CUL1;PSMB10;PSMD8;PSMB6;PSMB7;PSMB4;PSMB5;PSMB2;PSMD5;PSMB3;PSMD2;PSMF1;SKP1;FBXW7;PSMB8;RBX1;PSMB9;PSMA5;SEM1;PSMA6;PSMA3;PSMC6;PSMA1;PSMA2;PSME3;PSME1;PSME2,0.5660377358490566
5,905,G1/S DNA Damage Checkpoints R-HSA-69615,33/67,1.8205147781080577e-25,Cell Cycle,Reactome_2022,8.000491318353396e-27,0.0,0.0,21.21603480841878,1274.8777809535593,PSMD10;PSMD12;PSMD11;PHF20;PSMB10;PSMD8;PSMB6;PSMB7;PSMB4;PSMB5;PSMB2;PSMD5;PCBP4;PSMB3;PSMD2;PSMF1;ZNF385A;PSMB8;PSMB9;PSMA5;SEM1;CCNA1;PSMA6;PSMA3;PSMC6;PSMA1;CCNE1;PSMA2;PSME3;PSME4;PSME1;PSME2;MDM4,0.4925373134328358
5,905,Regulation Of RUNX2 Expression And Activity R-HSA-8939902,34/72,1.8205147781080577e-25,Gene expression (Transcription),Reactome_2022,8.19231650148626e-27,0.0,0.0,19.57634902411022,1175.884742106433,PSMD10;PSMD12;PSMD11;CBFB;CUL1;PSMB10;PSMD8;PSMB6;PSMB7;PSMB4;PSMB5;PSMB2;PSMD5;PSMB3;PSMD2;PSMF1;PPARGC1B;SKP1;FBXW7;WWP1;PSMB8;RBX1;PSMB9;PSMA5;SEM1;PSMA6;PSMA3;PSMC6;PSMA1;PSMA2;PSME3;PSME4;PSME1;PSME2,0.4722222222222222
5,905,NIK To Noncanonical NF-kB Signaling R-HSA-5676590,31/58,2.2585767737818893e-25,Immune System,Reactome_2022,1.0445917578741238e-26,0.0,0.0,25.049071955250444,1498.525317125371,PSMD10;PSMD12;PSMD11;CUL1;PSMB10;PSMD8;PSMB6;PSMB7;PSMB4;PSMB5;PSMB2;PSMD5;PSMB3;PSMD2;PSMF1;SKP1;PSMB8;PSMB9;PSMA5;SEM1;PSMA6;PSMA3;PSMC6;PSMA1;PSMA2;PSME3;PSME4;PSME1;UBA3;PSME2;UBE2M,0.5344827586206896
5,905,FBXL7 Down-Regulates AURKA During Mitotic Entry And In Early Mitosis R-HSA-8854050,30/54,3.0539469213937734e-25,Cell Cycle,Reactome_2022,1.4506247876620423e-26,0.0,0.0,27.244285714285716,1620.9047196286187,PSMD10;PSMD12;PSMD11;CUL1;PSMB10;PSMD8;PSMB6;PSMB7;PSMB4;PSMB5;PSMB2;PSMD5;PSMB3;PSMD2;PSMF1;SKP1;PSMB8;RBX1;PSMB9;PSMA5;SEM1;PSMA6;PSMA3;PSMC6;PSMA1;PSMA2;PSME3;PSME4;PSME1;PSME2,0.5555555555555556
5,905,Degradation Of GLI1 By Proteasome R-HSA-5610780,31/59,4.323797793896071e-25,Signal Transduction,Reactome_2022,2.1078514245243347e-26,0.0,0.0,24.153195488721803,1427.9741922284388,PSMD10;PSMD12;PSMD11;CUL1;PSMB10;PSMD8;PSMB6;PSMB7;PSMB4;PSMB5;PSMB2;PSMD5;PSMB3;PSMD2;PSMF1;SKP1;PSMB8;RBX1;PSMB9;PSMA5;SEM1;PSMA6;PSMA3;ITCH;PSMC6;PSMA1;PSMA2;PSME3;PSME4;PSME1;PSME2,0.5254237288135594
5,905,GSK3B And BTRC:CUL1-mediated-degradation Of NFE2L2 R-HSA-9762114,29/51,8.026952105704184e-25,Cellular responses to stimuli,Reactome_2022,4.0134760528520916e-26,0.0,0.0,28.7005500207555,1678.33798392881,PSMD10;PSMD12;PSMD11;CUL1;PSMB10;PSMD8;PSMB6;PSMB7;PSMB4;PSMB5;PSMB2;PSMD5;PSMB3;PSMD2;PSMF1;SKP1;PSMB8;RBX1;PSMB9;PSMA5;SEM1;PSMA6;PSMA3;PSMC6;PSMA1;PSMA2;PSME3;PSME1;PSME2,0.5686274509803921
5,905,p53-Dependent G1 DNA Damage Response R-HSA-69563,33/65,5.366188580937185e-26,Cell Cycle,Reactome_2022,2.2135527896365888e-27,0.0,0.0,22.544402236238533,1383.66716657365,PSMD10;PSMD12;PSMD11;PHF20;PSMB10;PSMD8;PSMB6;PSMB7;PSMB4;PSMB5;PSMB2;PSMD5;PCBP4;PSMB3;PSMD2;PSMF1;ZNF385A;PSMB8;PSMB9;PSMA5;SEM1;CCNA1;PSMA6;PSMA3;PSMC6;PSMA1;CCNE1;PSMA2;PSME3;PSME4;PSME1;PSME2;MDM4,0.5076923076923077
5,905,Signaling By NOTCH R-HSA-157118,58/203,4.3129492459541407e-29,Signal Transduction,Reactome_2022,1.2399729082118156e-30,0.0,0.0,8.949232585596222,616.2662001188171,HDAC11;CCNC;YBX1;PSMD8;PSMD5;POFUT1;PSMD2;H2BC21;SKP1;H3-3B;TLE3;H2AC6;FBXW7;RBX1;NCOR2;PSMA5;KAT2B;PSMA6;PSMA3;NCOR1;TFDP1;PSMA1;TFDP2;PSMA2;TBL1XR1;PSME3;PSME1;PSME2;PSMD10;HDAC4;PSMD12;HDAC2;PSMD11;HDAC3;HDAC1;CUL1;HDAC6;PSMB10;HDAC7;PSMB6;PSMB7;PSMB4;PSMB5;PSMB2;PSMB3;PSMF1;TBL1X;RAB6A;H2BC5;PSMB8;PSMB9;SEM1;CDK8;ITCH;PSMC6;AGO2;TNRC6A;TNRC6B,0.2857142857142857
5,905,HATs Acetylate Histones R-HSA-3214847,44/106,9.150754411941933e-30,Chromatin organization,Reactome_2022,2.402073033134757e-31,0.0,0.0,15.68790978232363,1106.057343986825,MEAF6;TRRAP;PHF20;YEATS4;H2AC11;H2AC12;ING5;H2BC21;EP400;MBIP;WDR5;EPC1;KAT8;KAT7;SUPT20H;DMAP1;RBBP7;ATXN7L3;KAT14;BRD1;H2AC6;H2BC5;BRPF3;MCRS1;USP22;ACTL6A;MSL3;ELP3;H2AC1;ELP6;H2BC18;TADA2B;MORF4L1;KAT2B;H2AC25;ZZZ3;KANSL1;KANSL2;KAT6A;KANSL3;H2AC21;TADA3;CLOCK;OGT,0.41509433962264153
5,905,Oxygen-dependent Proline Hydroxylation Of Hypoxia-inducible Factor Alpha R-HSA-1234176,36/64,2.710069228390933e-30,Cellular responses to stimuli,Reactome_2022,6.775173070977332e-32,0.0,0.0,28.210258096334044,2024.6349354149004,PSMD10;PSMD12;PSMD11;UBE2D2;UBE2D3;CUL2;UBE2D1;HIF3A;PSMB10;PSMD8;PSMB6;PSMB7;PSMB4;PSMB5;PSMB2;PSMD5;PSMB3;PSMD2;ELOB;ELOC;PSMF1;PSMB8;RBX1;PSMB9;PSMA5;SEM1;PSMA6;PSMA3;PSMC6;PSMA1;PSMA2;PSME3;PSME4;PSME1;PSME2;AJUBA,0.5625
5,905,RNA Polymerase II Transcription R-HSA-73857,305/1312,4.434163490487471e-139,Gene expression (Transcription),Reactome_2022,1.6628113089328018e-141,0.0,0.0,9.130817610062891,2959.809207131633,CCNK;SMARCB1;HDAC11;CCNC;NOC2L;PSMD8;ZNF607;TRIM28;PSMD5;PSMD2;MYB;EPC1;RNF111;SKP1;ZNF285;SMARCC1;SMARCC2;ZNF705D;ZNF282;MED8;ZNF705A;ZNF12;MED4;MED6;MED7;PSME3;PSME4;PSME1;ZNF713;PSME2;ZFPM1;ZNF28;L3MBTL1;ZNF274;ZNF273;MEAF6;ZNF25;ZNF708;PRDX5;PCBP4;PRDX1;TP53BP2;PSMF1;PPARGC1B;ZNF266;BANP;PLK3;PRELID1;PHC2;PHC1;INTS3;SETD1B;SETD1A;SMARCA2;PHC3;NR2F6;SMARCA4;ZNF37A;AGO2;ZNF30;CDK13;ZNF257;ZNF136;ZNF254;ZNF253;PHF20;SETD9;INTS10;ASH2L;ZNF45;MED15;MED17;MED12;ING5;AIFM2;ZNF41;ELOB;ELOC;VENTX;H3-3B;ZNF485;TEAD4;PRMT6;BRD2;PRMT5;PBRM1;BRD1;ACTL6B;RING1;ZNF480;PRMT1;ACTL6A;TCF12;DDB2;PSMA5;NCOR2;PSMA6;KAT2B;PSMA3;MED24;NCOR1;PSMA1;PSMA2;MED20;ZNF479;ZNF234;ZNF233;ZNF350;GPS2;PSMB6;PSMB7;PSMB4;PSMB5;PSMB2;PSMB3;LEO1;TBL1X;ZNF225;BRD7;ZNF224;SUZ12;NPM1;H2BC5;NFYA;USP9X;PCGF5;PCGF2;WWP1;HIPK1;GATAD2B;PSMB8;GATAD2A;PSMB9;HIPK2;ZNF33A;ITCH;PSMC6;RYBP;TTC5;CCNG1;ZNF74;ZNF337;ZNF214;ZNF354A;ZNF454;ZNF333;ZNF354C;CCNT2;CCNT1;ICE1;UBE2D3;UBE2D1;YEATS4;YY1;CCND3;CCND2;SESN3;SESN1;SCMH1;SESN2;KMT5A;ARID2;ZNF564;ZNF563;MEN1;ZNF320;ZNF440;USP7;H2AC6;FBXW7;ZNF99;NRBP1;KCTD6;RBX1;CCNE1;TBL1XR1;KAT6A;ZNF317;ZNF679;ZNF558;MAPKAPK5;ZNF676;ZNF433;ZNF675;ZNF430;PSMD10;ZNF671;KMT2D;ZNF670;PSMD12;ZNF791;PSMD11;KMT2A;CBFB;MAX;KMT2C;KMT2B;CUL1;ATXN3;ZKSCAN7;ZKSCAN8;ZNF669;SMYD2;ZKSCAN5;DMAP1;CBX8;CBX6;POU2F1;CBX5;CBX4;BRPF3;CBX2;CNOT4;CDK9;SEM1;CDK8;CNOT6;ZFP69;CNOT7;CNOT2;ZNF417;CNOT3;JMY;ZNF778;MDM4;ZNF775;ZNF774;ZNF772;KDM5B;DYRK2;DPY30;CHD4;TRIAP1;CHD3;YBX1;CDC73;SIN3B;PPP1R13L;SIN3A;ZNF649;H2BC21;ZNF528;WDR5;YAF2;ZNF385A;TGIF2;TBP;EED;PPP2R5C;RABGGTB;ARID1A;RABGGTA;ARID1B;RBL2;PPM1A;CCNA1;TFDP1;TFDP2;ZNF519;POLR1B;ZNF510;HDAC4;SMARCD1;SMARCD2;HDAC2;ZNF197;RNF34;SMARCD3;HDAC3;ZNF195;HDAC1;CXXC1;PPM1D;NR2C1;PSMB10;RNF2;HDAC6;HDAC7;RBBP4;RBBP5;ZNF746;E2F4;RBBP7;E2F5;MTA2;RFFL;E2F6;ZNF860;SMARCE1;TAF15;MGA;TXNRD1;ZNF804B;ARID3A;PML;CARM1;ZNF737;ZNF735;ZNF613;ZNF732;PTPN4;ZNF730;TNRC6A;TAF1;TNRC6B,0.23246951219512196
5,905,Chromatin Modifying Enzymes R-HSA-3247509,122/238,1.0875452872638798e-97,Chromatin organization,Reactome_2022,5.437726436319399e-100,0.0,0.0,25.49255736116616,5826.710152791588,SMARCB1;KDM1A;TRRAP;KDM1B;ARID4A;ARID4B;YEATS4;H2AC11;H2AC12;EPC1;KAT8;KAT7;KMT5B;SUPT20H;KMT5A;ARID2;ATXN7L3;SMARCC1;SMARCC2;H2AC6;KDM2B;H2AC1;SAP30;MORF4L1;TBL1XR1;KAT6A;CLOCK;KMT2D;MEAF6;KMT2A;PADI6;KMT2C;KMT2B;PHF21A;EP400;MBIP;SMYD2;DMAP1;SUDS3;KAT14;SETDB1;BRPF3;SETD1B;SETD1A;SMARCA2;SMARCA4;TADA2B;H2AC25;ZZZ3;H2AC21;TADA3;BRWD1;OGT;RCOR1;KDM5A;KDM5B;SETD2;KDM5C;PHF20;DPY30;ASH2L;CHD4;CHD3;PHF8;ING5;H2BC21;WDR5;HMG20B;KDM6A;PRMT6;PRMT5;BRD1;PBRM1;ACTL6B;PRMT1;EED;ACTL6A;DNMT3A;MSL3;ARID1A;ARID1B;H2BC18;NCOR2;KAT2B;NCOR1;AEBP2;SMARCD1;HDAC2;SMARCD2;HDAC3;KDM3B;SMARCD3;HDAC1;DOT1L;GPS2;MTA1;RBBP4;RBBP5;NSD1;SAP30L;SAP18;TBL1X;RBBP7;MTA2;MTA3;SUZ12;SMARCE1;KDM4B;KDM4C;H2BC5;KDM4D;MCRS1;USP22;ELP3;ELP6;GATAD2B;GATAD2A;REST;KANSL1;KANSL2;CARM1;KANSL3,0.5126050420168067
5,905,Post-translational Protein Modification R-HSA-597592,219/1383,2.4571520339260204e-62,Metabolism of proteins,Reactome_2022,1.5357200212037628e-64,0.0,0.0,4.917807550118722,722.6051665330128,TRRAP;KEAP1;DCAF7;PSMD8;H2AC11;GOLGA2;H2AC12;USP17L4;USP17L5;TRIM28;TFG;PSMD5;PSMD2;USP17L8;TRIM27;FBXO7;SKP1;CSNK1D;CDC34;PSME3;PSME4;PSME1;PSME2;SNX3;SCFD1;ZBED1;PSMF1;RCE1;SEC31A;PHC2;ZRANB1;PHC1;PHC3;PUM2;TADA2B;H2AC25;GOLGB1;H2AC21;FBXL3;ARF4;TOP2B;IDE;HIF3A;UBXN7;ELOB;ELOC;RING1;ACTL6A;COMMD2;LRRC41;DDB2;PSMA5;NCOR2;PSMA6;KAT2B;PSMA3;TUBB2A;PSMA1;PSMA2;PTRH2;ARF5;ZNF350;USO1;NEDD8;USP17L21;USP17L20;USP17L22;USP17L24;PSMB6;PSMB7;PSMB4;PSMB5;PSMB2;PSMB3;LEO1;CHML;YKT6;SUZ12;USP17L15;NPM1;USP17L18;USP17L17;H2BC5;USP9X;USP17L19;MCRS1;MBD1;PCGF2;TRAPPC10;USP17L10;USP17L12;USP17L3;USP17L11;PSMB8;PSMB9;USP17L1;HIPK2;USP17L13;KLHL9;RNF146;SEC23IP;PSMC6;CAPZA1;CAPZA2;KDM1B;UBE2D2;UBE2D3;UBE2D1;YY1;SCMH1;MEN1;FBXW4;RAB2A;NSF;PIAS3;USP7;FBXW5;USP5;H2AC6;FBXW7;MUL1;H2AC1;FBXO11;FBXW2;PIAS2;KCTD6;RBX1;PIAS1;DMTF1;POLG2;STAMBP;PSMD10;DDX5;PSMD12;COPA;PSMD11;CUL5;CUL3;CUL2;CUL1;ATXN3;SUDS3;RAB6A;CBX8;TRAPPC3;HSPA8;CBX5;CBX4;CBX2;KLHL20;SEM1;COPS5;CNIH1;SP3;TADA3;UBA3;MDM4;CCDC22;OGT;UBE2M;USP33;USP34;CHD3;CDC73;CAPZB;SIN3A;H2BC21;WDR5;USP47;USP48;DNMT3A;RABGGTB;SAFB;RABGGTA;H2BC18;ARFGAP1;ARFGAP2;DNAJC3;CCNA1;TOP1;OTUB1;HDAC4;USP13;RAB1A;USP14;SEC23A;HDAC2;UHRF2;HDAC1;USP11;CXXC1;FOXK2;ABRAXAS2;RNF7;NR2C1;PSMB10;RNF2;USP19;HDAC7;RAB21;DCAF17;MTA1;TNKS2;RBBP5;NRIP1;RBBP7;USP24;SEC24B;SEC24A;USP20;USP22;PML;ASXL1;RAB14;RAB12;RAB18;SEC24C;OTUD3;ASB1,0.15835140997830802
5,905,Transcriptional Regulation By RUNX1 R-HSA-8878171,88/204,1.701518877467958e-61,Gene expression (Transcription),Reactome_2022,1.2761391581009685e-63,0.0,0.0,17.622842189676277,2552.122764100347,SMARCB1;DPY30;ASH2L;PSMD8;CCND3;CCND2;SIN3B;PSMD5;SIN3A;PSMD2;H2BC21;MYB;SCMH1;WDR5;ARID2;YAF2;H3-3B;PRMT6;SMARCC1;PBRM1;SMARCC2;ACTL6B;RING1;H2AC6;PRMT1;ACTL6A;TCF12;ARID1A;ARID1B;KCTD6;PSMA5;KAT2B;PSMA6;PSMA3;PSMA1;PSMA2;PSME3;PSME4;PSME1;PSME2;ZFPM1;PSMD10;KMT2D;SMARCD1;PSMD12;SMARCD2;PSMD11;SMARCD3;CBFB;KMT2A;HDAC1;KMT2C;KMT2B;PSMB10;RNF2;PSMB6;PSMB7;PSMB4;PSMB5;PSMB2;PSMB3;RBBP5;PSMF1;CBX8;SMARCE1;PHC2;CBX6;PHC1;H2BC5;CBX4;PCGF5;SETD1B;CBX2;SETD1A;PHC3;SMARCA2;PSMB8;PML;SMARCA4;HIPK2;PSMB9;SEM1;ITCH;PSMC6;RYBP;AGO2;TNRC6A;TNRC6B,0.43137254901960786
5,905,Deubiquitination R-HSA-5688426,99/279,8.720175761121408e-60,Metabolism of proteins,Reactome_2022,7.6301537909812304e-62,0.0,0.0,12.90725806451613,1816.4147782822204,TRRAP;KDM1B;KEAP1;UBE2D1;H2AC11;PSMD8;YY1;H2AC12;USP17L4;USP17L5;PSMD5;PSMD2;USP17L8;USP7;H2AC6;USP5;MUL1;H2AC1;POLG2;PSME3;PSME4;PSME1;PSME2;STAMBP;PSMD10;PSMD12;PSMD11;SNX3;ATXN3;PSMF1;RCE1;SUDS3;ZRANB1;TADA2B;SEM1;H2AC25;H2AC21;TADA3;MDM4;OGT;USP33;USP34;IDE;H2BC21;USP47;USP48;ACTL6A;H2BC18;DDB2;PSMA5;KAT2B;PSMA6;CCNA1;PSMA3;PSMA1;PSMA2;PTRH2;OTUB1;USP13;USP14;USP11;FOXK2;NEDD8;USP17L21;ABRAXAS2;USP17L20;USP17L22;PSMB10;USP19;USP17L24;PSMB6;PSMB7;PSMB4;PSMB5;PSMB2;TNKS2;PSMB3;USP24;USP17L15;USP17L18;USP17L17;H2BC5;USP20;USP17L19;USP9X;MCRS1;USP22;USP17L10;USP17L12;USP17L11;USP17L3;PSMB8;PSMB9;USP17L1;USP17L13;RNF146;ASXL1;PSMC6;OTUD3,0.3548387096774194
5,905,Ub-specific Processing Proteases R-HSA-5689880,84/201,2.3946824898694977e-57,Metabolism of proteins,Reactome_2022,2.3946824898694976e-59,0.0,0.0,16.595896186639184,2240.1019495574646,TRRAP;USP33;USP34;KEAP1;IDE;H2AC11;PSMD8;H2AC12;USP17L4;USP17L5;PSMD5;PSMD2;USP17L8;H2BC21;USP47;USP7;USP48;H2AC6;USP5;MUL1;H2AC1;H2BC18;DDB2;PSMA5;PSMA6;CCNA1;PSMA3;PSMA1;POLG2;PSMA2;PSME3;PTRH2;PSME4;PSME1;PSME2;OTUB1;PSMD10;USP13;USP14;PSMD12;PSMD11;USP11;USP17L21;USP17L20;USP17L22;PSMB10;USP19;USP17L24;SNX3;PSMB6;PSMB7;PSMB4;PSMB5;PSMB2;TNKS2;PSMB3;PSMF1;RCE1;SUDS3;USP24;USP17L15;USP17L18;USP17L17;H2BC5;USP20;USP17L19;USP9X;USP22;USP17L10;USP17L12;USP17L11;USP17L3;PSMB8;PSMB9;USP17L1;USP17L13;TADA2B;RNF146;SEM1;H2AC25;PSMC6;H2AC21;TADA3;MDM4,0.417910447761194
5,905,PTEN Regulation R-HSA-6807070,69/139,2.9155011564486433e-53,Signal Transduction,Reactome_2022,3.2799388010047224e-55,0.0,0.0,22.432074504442927,2814.2014461333297,KDM1A;ATN1;CHD4;CHD3;PSMD8;PSMD5;PSMD2;SCMH1;TRIM27;MAF1;USP7;RING1;EED;PSMA5;PSMA6;PSMA3;PSMA1;PSMA2;PSME3;PSME4;PSME1;PSME2;PSMD10;USP13;PSMD12;HDAC2;PSMD11;HDAC3;HDAC1;PSMB10;RNF2;HDAC7;PSMB6;PSMB7;PSMB4;MTA1;PSMB5;PSMB2;RBBP4;TNKS2;PSMB3;PSMF1;RBBP7;MTA2;MTA3;CBX8;SUZ12;CBX6;PHC2;PHC1;CBX4;CBX2;PHC3;GATAD2B;PML;PSMB8;GATAD2A;PSMB9;SEM1;RNF146;REST;PSMC6;NEDD4;AGO2;MKRN1;RCOR1;TNRC6A;OTUD3;TNRC6B,0.49640287769784175
5,905,Cellular Responses To Stress R-HSA-2262752,136/722,6.274533493818984e-46,Cellular responses to stimuli,Reactome_2022,7.84316686727373e-48,0.0,0.0,5.585961112565852,605.878153844388,CRTC3;UBE2D2;UBE2D3;UBE2D1;KEAP1;PSMD8;TATDN2;PSMD5;PSMD2;SESN1;KHSRP;SCMH1;SESN2;SKP1;ATP6V0E1;H2AC6;MUL1;RBX1;CCNE1;TBL1XR1;PSME3;PSME4;PSME1;PSME2;MAPKAPK5;FKBP4;CLOCK;AJUBA;PSMD10;PSMD12;PSMD11;CUL3;CUL2;CUL1;STIP1;PRDX5;BAG5;PRDX1;BAG1;EP400;PSMF1;SEC31A;CBX8;ZBTB17;HSPA8;PHC2;CBX6;PHC1;CBX4;CBX2;HMGA1;HSPA2;PHC3;H1-3;H1-5;SEM1;H1-4;MAFG;MDM4;RLN1;HSP90AB1;CHD9;HIF3A;CABIN1;XPO1;CAPZB;SIN3B;SIN3A;H2BC21;UBXN7;ELOB;ELOC;H3-3B;VENTX;RING1;HSBP1;NCOA6;EED;MINK1;ARFGAP1;NCOR2;PSMA5;DNAJC3;PSMA6;CCNA1;PSMA3;NCOR1;TFDP1;PSMA1;DNAJC7;TFDP2;PSMA2;CTDSP2;POLR1B;TKT;HDAC3;SMARCD3;CXXC1;HSPA13;HDAC6;PSMB10;RNF2;PSMB6;PSMB7;HIRA;PSMB4;PSMB5;PSMB2;DNAJB6;RBBP4;PSMB3;UBN1;HSF1;LMNA;NRIP1;RBBP7;TBL1X;CDKN2D;SUZ12;HSPA1L;H2BC5;NFYA;TXNRD1;PTGES3;PSMB8;PSMB9;DNAJA1;PSMC6;CAPZA1;CARM1;DNAJA2;CAPZA2;HDGF;BMAL1;TNRC6A;TNRC6B,0.1883656509695291
5,905,Metabolism Of Proteins R-HSA-392499,231/1890,1.409246441413191e-45,Metabolism of proteins,Reactome_2022,1.9377138569431376e-47,0.0,0.0,3.6020733951846147,387.4389802268346,EIF4A1;TRRAP;KEAP1;DCAF7;PSMD8;H2AC11;GOLGA2;H2AC12;USP17L4;USP17L5;TRIM28;TFG;PSMD5;PSMD2;USP17L8;TRIM27;FBXO7;SKP1;CSNK1D;CDC34;PSME3;PSME4;PSME1;PSME2;SNX3;SCFD1;ZBED1;PSMF1;RCE1;SEC31A;PHC2;ZRANB1;PHC1;SIAH1;PHC3;PUM2;TADA2B;H2AC25;GOLGB1;H2AC21;FBXL3;ARF4;TOP2B;IDE;HIF3A;UBXN7;ELOB;ELOC;H3-3B;RING1;ACTL6A;COMMD2;LRRC41;DDB2;PSMA5;NCOR2;PSMA6;KAT2B;PSMA3;TUBB2A;PSMA1;PSMA2;PTRH2;ARF5;ZNF350;USO1;NEDD8;USP17L21;USP17L20;USP17L22;USP17L24;PSMB6;PSMB7;PSMB4;PSMB5;PSMB2;PSMB3;LEO1;CHML;YKT6;SUZ12;USP17L15;NPM1;USP17L18;USP17L17;H2BC5;USP9X;USP17L19;MCRS1;MBD1;PCGF2;TRAPPC10;USP17L10;USP17L12;USP17L3;USP17L11;PSMB8;PSMB9;USP17L1;HIPK2;USP17L13;KLHL9;RNF146;SEC23IP;PSMC6;CAPZA1;CAPZA2;KDM1B;UBE2D2;UBE2D3;UBE2D1;TTF1;YY1;KIF5B;SCMH1;MEN1;FBXW4;RAB2A;NSF;PIAS3;USP7;FBXW5;USP5;H2AC6;FBXW7;MUL1;H2AC1;FBXO11;TUBA4B;FBXW2;TUBA4A;PIAS2;KCTD6;RBX1;PIAS1;DMTF1;POLG2;CCNE1;STAMBP;PSMD10;DDX5;PSMD12;COPA;PSMD11;CUL5;CUL3;CUL2;CUL1;ATXN3;SUDS3;RAB6A;CBX8;TRAPPC3;HSPA8;CBX5;CBX4;CBX2;TBCC;KLHL20;SEM1;COPS5;CNIH1;SP3;TADA3;UBA3;MDM4;CCDC22;OGT;UBE2M;USP33;USP34;CHD3;CDC73;CAPZB;SIN3A;H2BC21;WDR5;USP47;USP48;DNMT3A;RABGGTB;SAFB;RABGGTA;H2BC18;ARFGAP1;ARFGAP2;DNAJC3;CCNA1;TOP1;OTUB1;HDAC4;USP13;RAB1A;USP14;SEC23A;HDAC2;HDAC3;UHRF2;TUBAL3;HDAC1;USP11;CXXC1;FOXK2;ABRAXAS2;RNF7;NR2C1;PSMB10;RNF2;USP19;HDAC7;RAB21;DCAF17;MTA1;TNKS2;RBBP5;NRIP1;RBBP7;EIF4B;USP24;SEC24B;SEC24A;USP20;USP22;PML;ASXL1;RAB14;RAB12;RAB18;SEC24C;OTUD3;ASB1,0.12222222222222222
5,905,Cellular Responses To Stimuli R-HSA-8953897,136/736,5.3423568245373594e-45,Cellular responses to stimuli,Reactome_2022,8.013535236806038e-47,0.0,0.0,5.45149544863459,578.6237295472677,CRTC3;UBE2D2;UBE2D3;UBE2D1;KEAP1;PSMD8;TATDN2;PSMD5;PSMD2;SESN1;KHSRP;SCMH1;SESN2;SKP1;ATP6V0E1;H2AC6;MUL1;RBX1;CCNE1;TBL1XR1;PSME3;PSME4;PSME1;PSME2;MAPKAPK5;FKBP4;CLOCK;AJUBA;PSMD10;PSMD12;PSMD11;CUL3;CUL2;CUL1;STIP1;PRDX5;BAG5;PRDX1;BAG1;EP400;PSMF1;SEC31A;CBX8;ZBTB17;HSPA8;PHC2;CBX6;PHC1;CBX4;CBX2;HMGA1;HSPA2;PHC3;H1-3;H1-5;SEM1;H1-4;MAFG;MDM4;RLN1;HSP90AB1;CHD9;HIF3A;CABIN1;XPO1;CAPZB;SIN3B;SIN3A;H2BC21;UBXN7;ELOB;ELOC;H3-3B;VENTX;RING1;HSBP1;NCOA6;EED;MINK1;ARFGAP1;NCOR2;PSMA5;DNAJC3;PSMA6;CCNA1;PSMA3;NCOR1;TFDP1;PSMA1;DNAJC7;TFDP2;PSMA2;CTDSP2;POLR1B;TKT;HDAC3;SMARCD3;CXXC1;HSPA13;HDAC6;PSMB10;RNF2;PSMB6;PSMB7;HIRA;PSMB4;PSMB5;PSMB2;DNAJB6;RBBP4;PSMB3;UBN1;HSF1;LMNA;NRIP1;RBBP7;TBL1X;CDKN2D;SUZ12;HSPA1L;H2BC5;NFYA;TXNRD1;PTGES3;PSMB8;PSMB9;DNAJA1;PSMC6;CAPZA1;CARM1;DNAJA2;CAPZA2;HDGF;BMAL1;TNRC6A;TNRC6B,0.18478260869565216
5,905,Antigen Processing: Ubiquitination And Proteasome Degradation R-HSA-983168,79/307,5.141831277441034e-36,Immune System,Reactome_2022,8.355475825841681e-38,0.0,0.0,7.914346246973365,675.6898151111494,RNF14;UBE2D2;UBE2D3;KEAP1;UBE2D1;UBE3A;PSMD8;HERC4;NPEPPS;PSMD5;PSMD2;ARIH2;ELOB;ELOC;FBXO7;RNF111;SKP1;FBXW4;FBXW5;FBXW7;FBXO11;LRRC41;FBXW2;KCTD6;RBX1;PSMA5;PSMA6;PSMA3;CDC34;PSMA1;PSMA2;PSME3;PSME4;PSME1;PSME2;PSMD10;TRIM50;PSMD12;PSMD11;RNF34;CUL5;MGRN1;CUL3;CUL2;CUL1;UBR4;UBR2;RNF6;RNF7;RCHY1;RNF4;PSMB10;PSMB6;PSMB7;PSMB4;PSMB5;PSMB2;PSMB3;RBBP6;PSMF1;RNF130;SIAH1;HUWE1;WWP1;PSMB8;PSMB9;KLHL20;KLHL9;SEM1;ITCH;PSMC6;NEDD4;MKRN1;UBA3;TPP2;FBXL3;TRIP12;UBE2M;ASB1,0.25732899022801303
5,905,Neddylation R-HSA-8951664,68/237,4.004009208350507e-34,Metabolism of proteins,Reactome_2022,7.007016114613387e-36,0.0,0.0,9.098202229715875,736.4644551417712,UBE2D2;UBE2D3;KEAP1;UBE2D1;HIF3A;DCAF7;PSMD8;PSMD5;PSMD2;WDR5;UBXN7;ELOB;ELOC;FBXO7;SKP1;FBXW4;FBXW5;FBXW7;COMMD2;MUL1;FBXO11;LRRC41;FBXW2;KCTD6;DDB2;RBX1;PSMA5;PSMA6;PSMA3;PSMA1;PSMA2;PSME3;PSME4;PSME1;PSME2;PSMD10;PSMD12;PSMD11;CUL5;CUL3;CUL2;CUL1;NEDD8;RNF7;PSMB10;PSMB6;PSMB7;PSMB4;DCAF17;PSMB5;PSMB2;PSMB3;RBBP5;PSMF1;RBBP7;PSMB8;PUM2;PSMB9;KLHL20;KLHL9;SEM1;PSMC6;COPS5;UBA3;FBXL3;CCDC22;UBE2M;ASB1,0.2869198312236287
5,905,RUNX1 Interacts With Co-Factors Whose Precise Effect On RUNX1 Targets Is Not Known R-HSA-8939243,30/35,4.072888264369227e-34,Gene expression (Transcription),Reactome_2022,7.636665495692301e-36,0.0,0.0,130.90285714285713,10584.818419059828,SMARCD1;SMARCD2;SMARCB1;SMARCD3;CBFB;RNF2;SCMH1;ARID2;YAF2;CBX8;SMARCE1;CBX6;PBRM1;PHC2;SMARCC1;PHC1;SMARCC2;ACTL6B;CBX4;RING1;PCGF5;CBX2;ACTL6A;ARID1A;ARID1B;PHC3;SMARCA2;HIPK2;SMARCA4;RYBP,0.8571428571428571
5,905,Transcriptional Regulation By TP53 R-HSA-3700989,82/354,7.022289822072934e-34,Gene expression (Transcription),Reactome_2022,1.4044579644145866e-35,0.0,0.0,6.894994996783646,553.3290493902379,CCNK;CCNT2;DYRK2;CCNT1;PHF20;SETD9;CHD4;CHD3;TRIAP1;NOC2L;ING5;SESN3;AIFM2;PPP1R13L;SESN1;SESN2;ELOB;ELOC;KMT5A;ZNF385A;PRMT5;BRD1;USP7;TBP;PRMT1;PPP2R5C;RABGGTB;RABGGTA;DDB2;RBL2;CCNA1;TFDP1;TFDP2;CCNE1;KAT6A;POLR1B;MAPKAPK5;L3MBTL1;HDAC2;RNF34;MEAF6;HDAC1;PRDX5;RBBP4;PCBP4;PRDX1;TP53BP2;SMYD2;E2F4;RBBP7;BRD7;MTA2;RFFL;BANP;PLK3;PRELID1;NPM1;TAF15;BRPF3;TXNRD1;ARID3A;HIPK1;GATAD2B;PML;GATAD2A;HIPK2;CDK9;CNOT4;CNOT6;CNOT7;TTC5;CNOT2;CARM1;AGO2;CCNG1;CNOT3;JMY;MDM4;CDK13;TNRC6A;TAF1;TNRC6B,0.23163841807909605
5,905,Class I MHC Mediated Antigen Processing And Presentation R-HSA-983169,84/378,2.503375340395882e-33,Immune System,Reactome_2022,5.319672598341249e-35,0.0,0.0,6.54289194362276,516.3589243683447,RNF14;UBE2D2;UBE2D3;KEAP1;UBE2D1;UBE3A;PSMD8;HERC4;NPEPPS;PSMD5;PSMD2;ARIH2;ELOB;ELOC;FBXO7;RNF111;SKP1;FBXW4;FBXW5;FBXW7;FBXO11;LRRC41;FBXW2;KCTD6;RBX1;PSMA5;PSMA6;PSMA3;CDC34;PSMA1;PSMA2;PSME3;PSME4;PSME1;PSME2;PSMD10;TRIM50;PSMD12;SEC23A;PSMD11;RNF34;CUL5;MGRN1;CUL3;CUL2;CUL1;UBR4;UBR2;RNF6;RNF7;RCHY1;RNF4;PSMB10;PSMB6;PSMB7;PSMB4;PSMB5;PSMB2;PSMB3;RBBP6;PSMF1;RNF130;SEC31A;SEC24B;SEC24A;SIAH1;HUWE1;WWP1;PSMB8;PSMB9;KLHL20;KLHL9;SEM1;ITCH;PSMC6;NEDD4;MKRN1;UBA3;TPP2;FBXL3;TRIP12;SEC24C;UBE2M;ASB1,0.2222222222222222
5,905,HDACs Deacetylate Histones R-HSA-3214815,37/60,3.4014518693042584e-33,Chromatin organization,Reactome_2022,7.65326670593458e-35,0.0,0.0,35.34682428371068,2776.6820002164072,HDAC2;HDAC3;KDM1A;HDAC1;ARID4A;GPS2;ARID4B;CHD4;CHD3;PHF21A;H2AC11;H2AC12;MTA1;RBBP4;H2BC21;SAP30L;HMG20B;SAP18;RBBP7;SUDS3;TBL1X;MTA2;MTA3;H2AC6;H2BC5;H2AC1;H2BC18;GATAD2B;SAP30;GATAD2A;NCOR2;REST;NCOR1;H2AC25;TBL1XR1;H2AC21;RCOR1,0.6166666666666667
5,905,PIP3 Activates AKT Signaling R-HSA-1257604,70/268,2.109063364171705e-32,Signal Transduction,Reactome_2022,5.009025489907799e-34,0.0,0.0,8.000907276356378,613.4827811421517,KDM1A;ATN1;CHD4;CHD3;PSMD8;PSMD5;PSMD2;SCMH1;TRIM27;MAF1;USP7;RING1;EED;PPP2R5C;PSMA5;PSMA6;PSMA3;PSMA1;PSMA2;PSME3;PSME4;PSME1;PSME2;PSMD10;USP13;PSMD12;HDAC2;PSMD11;HDAC3;HDAC1;PSMB10;RNF2;HDAC7;PSMB6;PSMB7;PSMB4;PSMB5;MTA1;PSMB2;RBBP4;TNKS2;PSMB3;PSMF1;RBBP7;MTA2;MTA3;SUZ12;CBX8;PHC2;CBX6;PHC1;CBX4;CBX2;PHC3;GATAD2B;PSMB8;PML;GATAD2A;PSMB9;RNF146;SEM1;REST;PSMC6;NEDD4;AGO2;MKRN1;RCOR1;TNRC6A;OTUD3;TNRC6B,0.26119402985074625
5,905,Epigenetic Regulation Of Gene Expression R-HSA-212165,41/116,9.823444223677522e-25,Gene expression (Transcription),Reactome_2022,5.03451516463473e-26,0.0,0.0,12.03425925925926,701.0063747923717,HDAC2;HDAC1;ARID4B;BAZ2A;CHD4;CHD3;TTF1;RRP8;TAF1D;MTA1;SIN3B;RBBP4;TAF1B;SIN3A;H2BC21;SAP30L;UBTF;SAP18;SUDS3;RBBP7;JARID2;MTA2;MTA3;H3-3B;SUZ12;TBP;H2AC6;H2BC5;EED;DNMT3A;BAZ1B;GATAD2B;SAP30;GATAD2A;KAT2B;AEBP2;MYBBP1A;POLR1B;TET3;POLR1F;POLR1G,0.35344827586206895
5,905,Gene Expression (Transcription) R-HSA-74160,333/1449,6.158892533145238e-152,Gene expression (Transcription),Reactome_2022,7.698615666431547e-155,0.0,0.0,9.378848973607038,3328.1750537192684,CCNK;SMARCB1;HDAC11;CCNC;NOC2L;RRP8;PSMD8;ZNF607;TRIM28;PSMD5;PSMD2;MYB;EPC1;RNF111;SKP1;ZNF285;SMARCC1;SMARCC2;ZNF705D;ZNF282;MED8;ZNF705A;ZNF12;MED4;MED6;MED7;PSME3;PSME4;PSME1;ZNF713;PSME2;TFAM;ZFPM1;ZNF28;L3MBTL1;ZNF274;ZNF273;MEAF6;BAZ2A;ZNF25;ZNF708;PRDX5;PCBP4;PRDX1;TP53BP2;PSMF1;PPARGC1B;ZNF266;BANP;PLK3;PRELID1;PHC2;PHC1;INTS3;SETD1B;SETD1A;SMARCA2;PHC3;NR2F6;SMARCA4;ZNF37A;AGO2;ZNF30;CDK13;ZNF257;ZNF136;ZNF254;ZNF253;PHF20;SETD9;INTS10;ASH2L;ZNF45;MED15;MED17;MED12;ING5;AIFM2;ZNF41;ELOB;ELOC;JARID2;VENTX;H3-3B;ZNF485;TEAD4;PRMT6;BRD2;PRMT5;PBRM1;BRD1;ACTL6B;RING1;ZNF480;PRMT1;ACTL6A;TCF12;BAZ1B;DDB2;PSMA5;NCOR2;PSMA6;KAT2B;PSMA3;MED24;NCOR1;PSMA1;AEBP2;PSMA2;MED20;TET3;ZNF479;ZNF234;ZNF233;ZNF350;GPS2;PSMB6;PSMB7;PSMB4;PSMB5;PSMB2;PSMB3;LEO1;TBL1X;ZNF225;BRD7;ZNF224;SUZ12;NPM1;H2BC5;NFYA;USP9X;PCGF5;PCGF2;WWP1;HIPK1;GATAD2B;PSMB8;TARBP2;GATAD2A;PSMB9;HIPK2;ZNF33A;ITCH;PSMC6;RYBP;MYBBP1A;TTC5;PRKRA;CCNG1;ZNF74;ZNF337;ZNF214;ZNF354A;ZNF454;ZNF333;ZNF354C;CCNT2;CCNT1;ICE1;UBE2D3;UBE2D1;YEATS4;ARID4B;TTF1;YY1;CCND3;CCND2;SESN3;SESN1;SCMH1;SESN2;KMT5A;ARID2;ZNF564;ZNF563;MEN1;ZNF320;ZNF440;USP7;H2AC6;FBXW7;ZNF99;POLRMT;NRBP1;KCTD6;SAP30;RBX1;CCNE1;TBL1XR1;KAT6A;ZNF317;ZNF679;ZNF558;MAPKAPK5;ZNF676;ZNF433;ZNF675;ZNF430;PSMD10;ZNF671;KMT2D;ZNF670;PSMD12;ZNF791;PSMD11;KMT2A;CBFB;MAX;KMT2C;KMT2B;CUL1;ATXN3;ZKSCAN7;ZKSCAN8;ZNF669;SMYD2;ZKSCAN5;SUDS3;DMAP1;CBX8;CBX6;POU2F1;CBX5;CBX4;BRPF3;CBX2;CNOT4;CDK9;SEM1;CDK8;CNOT6;ZFP69;CNOT7;CNOT2;ZNF417;CNOT3;JMY;ZNF778;MDM4;ZNF775;ZNF774;ZNF772;PIWIL2;KDM5B;PIWIL4;DYRK2;DPY30;CHD4;TRIAP1;CHD3;YBX1;CDC73;SIN3B;PPP1R13L;SIN3A;ZNF649;H2BC21;ZNF528;WDR5;UBTF;YAF2;ZNF385A;TGIF2;TBP;EED;DNMT3A;PPP2R5C;RABGGTB;ARID1A;RABGGTA;ARID1B;RBL2;PPM1A;CCNA1;TFDP1;TFDP2;ZNF519;POLR1B;POLR1F;POLR1G;ZNF510;HDAC4;SMARCD1;SMARCD2;HDAC2;ZNF197;RRN3;RNF34;SMARCD3;HDAC3;ZNF195;HDAC1;CXXC1;PPM1D;NR2C1;PSMB10;RNF2;HDAC6;HDAC7;TAF1D;MTA1;TAF1B;RBBP4;RBBP5;SAP30L;ZNF746;SAP18;E2F4;RBBP7;E2F5;MTA2;RFFL;E2F6;MTA3;ZNF860;SMARCE1;TAF15;MGA;TXNRD1;ZNF804B;ARID3A;PML;CARM1;ZNF737;ZNF735;ZNF613;ZNF732;PTPN4;ZNF730;TNRC6A;TAF1;TNRC6B,0.22981366459627328
5,905,Dectin-1 Mediated Noncanonical NF-kB Signaling R-HSA-5607761,31/61,1.5489570099573523e-24,Immune System,Reactome_2022,8.132024302276101e-26,0.0,0.0,22.540617848970253,1302.2031071091094,PSMD10;PSMD12;PSMD11;CUL1;PSMB10;PSMD8;PSMB6;PSMB7;PSMB4;PSMB5;PSMB2;PSMD5;PSMB3;PSMD2;PSMF1;SKP1;PSMB8;PSMB9;PSMA5;SEM1;PSMA6;PSMA3;PSMC6;PSMA1;PSMA2;PSME3;PSME4;PSME1;UBA3;PSME2;UBE2M,0.5081967213114754
5,905,MAPK6/MAPK4 Signaling R-HSA-5687128,36/90,6.18533720116017e-24,Signal Transduction,Reactome_2022,3.4019354606380927e-25,0.0,0.0,14.60759493670886,822.9960297921648,PSMD10;PSMD12;PSMD11;CDC14A;PSMB10;PSMD8;PSMB6;PSMB7;CCND3;PSMB4;XPO1;PSMB5;PSMB2;PSMD5;PSMB3;PSMD2;PSMF1;NCOA3;ETV4;PSMB8;PSMB9;PSMA5;SEM1;PSMA6;PSMA3;PSMC6;PSMA1;PSMA2;PSME3;PSME4;AGO2;PSME1;PSME2;MAPKAPK5;TNRC6A;TNRC6B,0.4
5,905,Ubiquitin-dependent Degradation Of Cyclin D R-HSA-75815,27/51,3.3020265635361713e-22,Cell Cycle,Reactome_2022,2.806722579005745e-23,0.0,0.0,24.436076309794988,1268.9028785491232,PSMD10;PSMD12;PSMD11;PSMB10;PSMD8;PSMB6;PSMB7;PSMB4;PSMB5;PSMB2;PSMD5;PSMB3;PSMD2;PSMF1;PSMB8;PSMB9;PSMA5;SEM1;PSMA6;PSMA3;PSMC6;PSMA1;PSMA2;PSME3;PSME4;PSME1;PSME2,0.5294117647058824
5,905,Ubiquitin Mediated Degradation Of Phosphorylated Cdc25A R-HSA-69601,27/51,3.3020265635361713e-22,Cell Cycle,Reactome_2022,2.806722579005745e-23,0.0,0.0,24.436076309794988,1268.9028785491232,PSMD10;PSMD12;PSMD11;PSMB10;PSMD8;PSMB6;PSMB7;PSMB4;PSMB5;PSMB2;PSMD5;PSMB3;PSMD2;PSMF1;PSMB8;PSMB9;PSMA5;SEM1;PSMA6;PSMA3;PSMC6;PSMA1;PSMA2;PSME3;PSME4;PSME1;PSME2,0.5294117647058824
5,905,Autodegradation Of E3 Ubiquitin Ligase COP1 R-HSA-349425,27/51,3.3020265635361713e-22,Cell Cycle,Reactome_2022,2.806722579005745e-23,0.0,0.0,24.436076309794988,1268.9028785491232,PSMD10;PSMD12;PSMD11;PSMB10;PSMD8;PSMB6;PSMB7;PSMB4;PSMB5;PSMB2;PSMD5;PSMB3;PSMD2;PSMF1;PSMB8;PSMB9;PSMA5;SEM1;PSMA6;PSMA3;PSMC6;PSMA1;PSMA2;PSME3;PSME4;PSME1;PSME2,0.5294117647058824
5,905,FCERI Mediated NF-kB Activation R-HSA-2871837,32/78,6.936638538583621e-22,Immune System,Reactome_2022,5.982850739528373e-23,0.0,0.0,15.179241994123212,776.7303127927579,PSMD10;PSMD12;PSMD11;UBE2D2;CUL1;UBE2D1;PSMB10;PSMD8;PSMB6;PSMB7;PSMB4;PSMB5;PSMB2;PSMD5;PSMB3;PSMD2;PSMF1;SKP1;PSMB8;PSMB9;PSMA5;SEM1;PSMA6;PSMA3;CDC34;PSMC6;PSMA1;PSMA2;PSME3;PSME4;PSME1;PSME2,0.41025641025641024
5,905,Hedgehog On State R-HSA-5632684,33/85,1.185746095408869e-21,Signal Transduction,Reactome_2022,1.03752783348276e-22,0.0,0.0,13.858922900494,701.5391102541005,PSMD10;PSMD12;PSMD11;CUL3;CDC73;PSMB10;PSMD8;PSMB6;PSMB7;PSMB4;PSMB5;PSMB2;PSMD5;KIF3A;PSMB3;PSMD2;SPOP;PSMF1;PSMB8;RBX1;PSMB9;PSMA5;SEM1;PSMA6;PSMA3;ITCH;PSMC6;PSMA1;PSMA2;PSME3;PSME4;PSME1;PSME2,0.38823529411764707
5,905,Metabolism Of Polyamines R-HSA-351202,28/58,1.3569106870493156e-21,Metabolism,Reactome_2022,1.2042582347562677e-22,0.0,0.0,20.289623717217783,1024.0377658442806,PSMD10;PSMD12;PSMD11;OAZ1;PSMB10;PSMD8;PSMB6;PSMB7;PSMB4;PSMB5;PSMB2;PSMD5;PSMB3;PSMD2;PSMF1;PSMB8;PSMB9;PSMA5;SEM1;PSMA6;PSMA3;PSMC6;PSMA1;PSMA2;PSME3;PSME4;PSME1;PSME2,0.4827586206896552
5,905,Signaling By WNT R-HSA-195721,59/294,2.1540430038123268e-21,Signal Transduction,Reactome_2022,1.9386387034310944e-22,0.0,0.0,5.597002162869071,279.8214851771661,TRRAP;USP34;ASH2L;CDC73;PSMD8;XPO1;PSMD5;PSMD2;H2BC21;SKP1;H3-3B;MEN1;TLE3;H2AC6;NCOA3;CSNK1E;PPP2R5C;RBX1;PSMA5;PSMA6;PSMA3;PSMA1;PSMA2;PSME3;PSME4;PSME1;PSME2;CSNK1G2;PSMD10;KMT2D;PSMD12;PSMD11;HDAC1;CUL3;CUL1;PSMB10;SNX3;PSMB6;PSMB7;PSMB4;PSMB5;TERT;PSMB2;TNKS2;PSMB3;RBBP5;LEO1;PSMF1;ZRANB1;H2BC5;PSMB8;SMARCA4;PSMB9;RNF146;SEM1;PSMC6;AGO2;TNRC6A;TNRC6B,0.20068027210884354
5,905,RUNX1 Regulates Transcription Of Genes Involved In Differentiation Of HSCs R-HSA-8939236,36/98,1.3783478041821346e-22,Gene expression (Transcription),Reactome_2022,1.1199075908979845e-23,0.0,0.0,12.717398567133152,672.0663276058116,PSMD10;PSMD12;PSMD11;CBFB;KMT2A;PSMB10;PSMD8;PSMB6;PSMB7;PSMB4;PSMB5;PSMB2;PSMD5;PSMB3;PSMD2;H2BC21;MYB;PSMF1;H3-3B;H2AC6;H2BC5;TCF12;PSMB8;PSMB9;SEM1;PSMA5;PSMA6;PSMA3;ITCH;PSMC6;PSMA1;PSMA2;PSME3;PSME4;PSME1;PSME2,0.3673469387755102
5,905,Regulation Of RUNX3 Expression And Activity R-HSA-8941858,27/54,2.2907963437200426e-21,Gene expression (Transcription),Reactome_2022,2.0903516636445389e-22,0.0,0.0,21.71753986332574,1084.1295941304854,PSMD10;PSMD12;PSMD11;CBFB;PSMB10;PSMD8;PSMB6;PSMB7;PSMB4;PSMB5;PSMB2;PSMD5;PSMB3;PSMD2;PSMF1;PSMB8;PSMB9;PSMA5;SEM1;PSMA6;PSMA3;PSMC6;PSMA1;PSMA2;PSME3;PSME1;PSME2,0.5
5,905,Role Of GTSE1 In G2/M Progression After G2 Checkpoint R-HSA-8852276,28/59,2.3412097553556802e-21,Cell Cycle,Reactome_2022,2.1948841456459497e-22,0.0,0.0,19.63408982234156,979.166643284002,PSMD10;PSMD12;HSP90AB1;PSMD11;PSMB10;PSMD8;PSMB6;PSMB7;PSMB4;PSMB5;PSMB2;PSMD5;PSMB3;PSMD2;PSMF1;PSMB8;PSMB9;PSMA5;SEM1;PSMA6;PSMA3;PSMC6;PSMA1;PSMA2;PSME3;PSME4;PSME1;PSME2,0.4745762711864407
5,905,Regulation Of RAS By GAPs R-HSA-5658442,29/65,3.702597592939543e-21,Signal Transduction,Reactome_2022,3.517467713292565e-22,0.0,0.0,17.52635083713851,865.7864959569671,PSMD10;PSMD12;PSMD11;CUL3;PSMB10;PSMD8;PSMB6;PSMB7;PSMB4;PSMB5;PSMB2;PSMD5;PSMB3;PSMD2;PSMF1;PSMB8;RBX1;PSMB9;PSMA5;SEM1;PSMA6;PSMA3;PSMC6;PSMA1;PSMA2;PSME3;PSME4;PSME1;PSME2,0.4461538461538462
5,905,Hh Mutants Are Degraded By ERAD R-HSA-5362768,27/55,4.085362927878829e-21,Disease,Reactome_2022,3.9321618180833727e-22,0.0,0.0,20.940815164334527,1032.124253095726,PSMD10;PSMD12;PSMD11;PSMB10;PSMD8;PSMB6;PSMB7;PSMB4;PSMB5;PSMB2;PSMD5;PSMB3;PSMD2;PSMF1;PSMB8;PSMB9;PSMA5;SEM1;PSMA6;PSMA3;PSMC6;PSMA1;PSMA2;PSME3;PSME4;PSME1;PSME2,0.4909090909090909
5,905,"Cell Cycle, Mitotic R-HSA-69278",80/523,5.143442549714986e-21,Cell Cycle,Reactome_2022,5.014856485972111e-22,0.0,0.0,4.082796360900199,200.2385723771888,HSP90AB1;NUMA1;UBE2D1;PPP2R2A;CDC14A;PHF8;PSMD8;GOLGA2;CCND3;XPO1;CCND2;PSMD5;PSMD2;H2BC21;KMT5A;SKP1;H3-3B;RAB2A;H2AC6;DYRK1A;CSNK1D;CSNK1E;PPP2R5C;TUBA4B;TUBA4A;RBX1;EML4;PSMA5;RBL2;PSMA6;CCNA1;PSMA3;CLIP1;TUBB2A;TFDP1;PSMA1;TFDP2;PSMA2;CCNE1;PSME3;POLR1B;PSME4;PSME1;PSME2;AJUBA;KPNB1;PSMD10;RAB1A;PSMD12;SET;PSMD11;LIN37;TUBAL3;MAX;HDAC1;USO1;CUL1;PSMB10;PSMB6;PSMB7;PSMB4;PSMB5;PSMB2;RBBP4;PSMB3;LMNA;PSMF1;E2F4;E2F5;E2F6;CDKN2D;H2BC5;CABLES1;CDK11B;PSMB8;PSMB9;SEM1;PSMC6;KANSL1;TAOK1,0.15296367112810708
5,905,Activation Of NF-kappaB In B Cells R-HSA-1169091,29/66,6.084598498527756e-21,Immune System,Reactome_2022,6.00854101729616e-22,0.0,0.0,17.051770949031223,833.2124510705446,PSMD10;PSMD12;PSMD11;CUL1;PSMB10;PSMD8;PSMB6;PSMB7;PSMB4;PSMB5;PSMB2;PSMD5;PSMB3;PSMD2;PSMF1;SKP1;PSMB8;PSMB9;PSMA5;SEM1;PSMA6;PSMA3;PSMC6;PSMA1;PSMA2;PSME3;PSME4;PSME1;PSME2,0.4393939393939394
5,905,Host Interactions Of HIV Factors R-HSA-162909,39/130,7.664476745330508e-21,Disease,Reactome_2022,7.664476745330508e-22,0.0,0.0,9.404816892114814,457.2647911555806,PSMD10;PSMD12;PSMD11;CCNT1;CUL5;PSMB10;PSMD8;PSMB6;PSMB7;PSMB4;XPO1;PSMB5;PSMB2;PSMD5;PSMB3;PSMD2;ELOB;PSMF1;ELOC;KPNA1;SKP1;NPM1;HMGA1;PSMB8;RBX1;PSMB9;CDK9;SEM1;PSMA5;PSMA6;PSMA3;PSMC6;PSMA1;PSMA2;PSME3;PSME4;PSME1;PSME2;KPNB1,0.3
5,905,CDK-mediated Phosphorylation And Removal Of Cdc6 R-HSA-69017,30/72,7.698426194542032e-21,Cell Cycle,Reactome_2022,7.79465652197381e-22,0.0,0.0,15.553469387755102,755.9520167652463,PSMD10;PSMD12;PSMD11;UBE2D1;PSMB10;PSMD8;PSMB6;PSMB7;PSMB4;PSMB5;PSMB2;PSMD5;PSMB3;PSMD2;PSMF1;PSMB8;PSMB9;PSMA5;SEM1;CCNA1;PSMA6;PSMA3;PSMC6;PSMA1;CCNE1;PSMA2;PSME3;PSME4;PSME1;PSME2,0.4166666666666667
5,905,Transcriptional Regulation By RUNX2 R-HSA-8878166,38/119,2.302831316918141e-21,Gene expression (Transcription),Reactome_2022,2.13011896814928e-22,0.0,0.0,10.288521508821391,513.4043657270539,PSMD10;HDAC4;PSMD12;PSMD11;HDAC3;CBFB;CUL1;PPM1D;HDAC6;PSMB10;PSMD8;PSMB6;PSMB7;PSMB4;PSMB5;PSMB2;PSMD5;PSMB3;PSMD2;PSMF1;PPARGC1B;SKP1;FBXW7;WWP1;PSMB8;RBX1;PSMB9;SEM1;PSMA5;PSMA6;PSMA3;PSMC6;PSMA1;PSMA2;PSME3;PSME4;PSME1;PSME2,0.31932773109243695
5,905,Orc1 Removal From Chromatin R-HSA-68949,31/69,1.2291821087984314e-22,Cell Cycle,Reactome_2022,9.83345687038745e-24,0.0,0.0,17.787757437070937,942.3287150610804,PSMD10;PSMD12;PSMD11;CUL1;PSMB10;PSMD8;PSMB6;PSMB7;PSMB4;PSMB5;PSMB2;PSMD5;PSMB3;PSMD2;PSMF1;SKP1;PSMB8;RBX1;PSMB9;PSMA5;SEM1;CCNA1;PSMA6;PSMA3;PSMC6;PSMA1;PSMA2;PSME3;PSME4;PSME1;PSME2,0.4492753623188406
5,905,AUF1 (hnRNP D0) Binds And Destabilizes mRNA R-HSA-450408,28/54,1.1744824718946314e-22,Metabolism of RNA,Reactome_2022,9.249049466170225e-24,0.0,0.0,23.41601613893518,1241.9274581492891,PSMD10;PSMD12;PSMD11;PSMB10;PSMD8;PSMB6;PSMB7;PSMB4;PSMB5;PSMB2;PSMD5;PSMB3;PSMD2;PSMF1;HSPA8;PSMB8;PSMB9;PSMA5;SEM1;PSMA6;PSMA3;PSMC6;PSMA1;PSMA2;PSME3;PSME4;PSME1;PSME2,0.5185185185185185
5,905,Regulation Of Activated PAK-2p34 By Proteasome Mediated Degradation R-HSA-211733,27/49,8.548278018659267e-23,Programmed Cell Death,Reactome_2022,6.624915464460934e-24,0.0,0.0,26.660333402360735,1422.8941092587504,PSMD10;PSMD12;PSMD11;PSMB10;PSMD8;PSMB6;PSMB7;PSMB4;PSMB5;PSMB2;PSMD5;PSMB3;PSMD2;PSMF1;PSMB8;PSMB9;PSMA5;SEM1;PSMA6;PSMA3;PSMC6;PSMA1;PSMA2;PSME3;PSME4;PSME1;PSME2,0.5510204081632653
5,905,Degradation Of AXIN R-HSA-4641257,29/54,6.61079277524666e-24,Signal Transduction,Reactome_2022,3.8012058457668296e-25,0.0,0.0,25.252511415525117,1419.9312669202775,PSMD10;PSMD12;PSMD11;PSMB10;PSMD8;PSMB6;PSMB7;PSMB4;PSMB5;PSMB2;TNKS2;PSMD5;PSMB3;PSMD2;PSMF1;PSMB8;PSMB9;PSMA5;RNF146;SEM1;PSMA6;PSMA3;PSMC6;PSMA1;PSMA2;PSME3;PSME4;PSME1;PSME2,0.5370370370370371
5,905,SCF-beta-TrCP Mediated Degradation Of Emi1 R-HSA-174113,29/54,6.61079277524666e-24,Cell Cycle,Reactome_2022,3.8012058457668296e-25,0.0,0.0,25.252511415525117,1419.9312669202775,PSMD10;PSMD12;PSMD11;CUL1;PSMB10;PSMD8;PSMB6;PSMB7;PSMB4;PSMB5;PSMB2;PSMD5;PSMB3;PSMD2;PSMF1;SKP1;PSMB8;PSMB9;PSMA5;SEM1;PSMA6;PSMA3;PSMC6;PSMA1;PSMA2;PSME3;PSME4;PSME1;PSME2,0.5370370370370371
5,905,Degradation Of GLI2 By Proteasome R-HSA-5610783,30/59,8.04116799705412e-24,Signal Transduction,Reactome_2022,4.925215398195649e-25,0.0,0.0,22.541083743842364,1261.6303023954663,PSMD10;PSMD12;PSMD11;CUL1;PSMB10;PSMD8;PSMB6;PSMB7;PSMB4;PSMB5;PSMB2;PSMD5;PSMB3;PSMD2;PSMF1;SKP1;PSMB8;RBX1;PSMB9;PSMA5;SEM1;PSMA6;PSMA3;PSMC6;PSMA1;PSMA2;PSME3;PSME4;PSME1;PSME2,0.5084745762711864
5,905,GLI3 Is Processed To GLI3R By Proteasome R-HSA-5610785,30/59,8.04116799705412e-24,Signal Transduction,Reactome_2022,4.925215398195649e-25,0.0,0.0,22.541083743842364,1261.6303023954663,PSMD10;PSMD12;PSMD11;CUL1;PSMB10;PSMD8;PSMB6;PSMB7;PSMB4;PSMB5;PSMB2;PSMD5;PSMB3;PSMD2;PSMF1;SKP1;PSMB8;RBX1;PSMB9;PSMA5;SEM1;PSMA6;PSMA3;PSMC6;PSMA1;PSMA2;PSME3;PSME4;PSME1;PSME2,0.5084745762711864
5,905,SCF(Skp2)-mediated Degradation Of P27/P21 R-HSA-187577,30/59,8.04116799705412e-24,Cell Cycle,Reactome_2022,4.925215398195649e-25,0.0,0.0,22.541083743842364,1261.6303023954663,PSMD10;PSMD12;PSMD11;CUL1;PSMB10;PSMD8;PSMB6;PSMB7;PSMB4;PSMB5;PSMB2;PSMD5;PSMB3;PSMD2;PSMF1;SKP1;PSMB8;PSMB9;PSMA5;SEM1;CCNA1;PSMA6;PSMA3;PSMC6;PSMA1;CCNE1;PSMA2;PSME3;PSME1;PSME2,0.5084745762711864
5,905,Regulation Of Ornithine Decarboxylase (ODC) R-HSA-350562,28/50,8.317811550124401e-24,Metabolism,Reactome_2022,5.198632218827751e-25,0.0,0.0,27.67927853218617,1547.7209535962436,PSMD10;PSMD12;PSMD11;OAZ1;PSMB10;PSMD8;PSMB6;PSMB7;PSMB4;PSMB5;PSMB2;PSMD5;PSMB3;PSMD2;PSMF1;PSMB8;PSMB9;PSMA5;SEM1;PSMA6;PSMA3;PSMC6;PSMA1;PSMA2;PSME3;PSME4;PSME1;PSME2,0.56
5,905,G1/S Transition R-HSA-69206,42/129,8.375144025980868e-24,Cell Cycle,Reactome_2022,5.339154316562801e-25,0.0,0.0,10.632996363926958,594.273488815514,PSMD10;PSMD12;PSMD11;LIN37;MAX;HDAC1;CUL1;PSMB10;PSMD8;PSMB6;PSMB7;PSMB4;PSMB5;PSMB2;RBBP4;PSMD5;PSMB3;PSMD2;PSMF1;E2F4;E2F5;E2F6;SKP1;CABLES1;PSMB8;PSMB9;SEM1;PSMA5;RBL2;CCNA1;PSMA6;PSMA3;TFDP1;PSMC6;PSMA1;TFDP2;CCNE1;PSMA2;PSME3;POLR1B;PSME1;PSME2,0.32558139534883723
5,905,Degradation Of DVL R-HSA-4641258,29/55,1.1846726335419597e-23,Signal Transduction,Reactome_2022,7.7003721180227365e-25,0.0,0.0,24.27998770635757,1348.1064659267606,PSMD10;PSMD12;PSMD11;CUL3;PSMB10;PSMD8;PSMB6;PSMB7;PSMB4;PSMB5;PSMB2;PSMD5;PSMB3;PSMD2;PSMF1;PSMB8;RBX1;PSMB9;PSMA5;SEM1;PSMA6;PSMA3;PSMC6;PSMA1;PSMA2;PSME3;PSME4;PSME1;PSME2,0.5272727272727272
5,905,TCF Dependent Signaling In Response To WNT R-HSA-201681,51/198,1.390271015139883e-23,Signal Transduction,Reactome_2022,9.210545475301723e-25,0.0,0.0,7.697653300195957,426.0210661174647,TRRAP;USP34;ASH2L;CDC73;PSMD8;XPO1;PSMD5;PSMD2;H2BC21;H3-3B;MEN1;TLE3;H2AC6;CSNK1E;PPP2R5C;RBX1;PSMA5;PSMA6;PSMA3;PSMA1;PSMA2;PSME3;PSME4;PSME1;PSME2;CSNK1G2;PSMD10;KMT2D;PSMD12;PSMD11;HDAC1;CUL3;PSMB10;PSMB6;PSMB7;PSMB4;PSMB5;TERT;PSMB2;TNKS2;PSMB3;RBBP5;LEO1;PSMF1;H2BC5;PSMB8;SMARCA4;PSMB9;RNF146;SEM1;PSMC6,0.25757575757575757
5,905,Vpu Mediated Degradation Of CD4 R-HSA-180534,28/51,1.635433282617481e-23,Disease,Reactome_2022,1.1039174657667996e-24,0.0,0.0,26.474443508006544,1460.414414428238,PSMD10;PSMD12;PSMD11;PSMB10;PSMD8;PSMB6;PSMB7;PSMB4;PSMB5;PSMB2;PSMD5;PSMB3;PSMD2;PSMF1;SKP1;PSMB8;PSMB9;PSMA5;SEM1;PSMA6;PSMA3;PSMC6;PSMA1;PSMA2;PSME3;PSME4;PSME1;PSME2,0.5490196078431373
5,905,Stabilization Of P53 R-HSA-69541,29/56,2.2246602364146035e-23,Cell Cycle,Reactome_2022,1.5294539125350395e-24,0.0,0.0,23.379502790461693,1282.0648684593414,PSMD10;PSMD12;PSMD11;PHF20;PSMB10;PSMD8;PSMB6;PSMB7;PSMB4;PSMB5;PSMB2;PSMD5;PSMB3;PSMD2;PSMF1;PSMB8;PSMB9;PSMA5;SEM1;PSMA6;PSMA3;PSMC6;PSMA1;PSMA2;PSME3;PSME4;PSME1;PSME2;MDM4,0.5178571428571429
5,905,Regulation Of PTEN Gene Transcription R-HSA-8943724,30/61,2.5393367703121148e-23,Signal Transduction,Reactome_2022,1.7775357392184803e-24,0.0,0.0,21.08460829493088,1153.0500572094452,HDAC2;HDAC3;KDM1A;HDAC1;ATN1;CHD4;CHD3;RNF2;HDAC7;MTA1;RBBP4;SCMH1;RBBP7;MAF1;MTA2;MTA3;CBX8;SUZ12;CBX6;PHC2;PHC1;RING1;CBX4;EED;CBX2;PHC3;GATAD2B;GATAD2A;REST;RCOR1,0.4918032786885246
5,905,Regulation Of Apoptosis R-HSA-169911,28/52,3.214758905536018e-23,Programmed Cell Death,Reactome_2022,2.290515720194413e-24,0.0,0.0,25.370011402508556,1380.972559670491,PSMD10;PSMD12;PSMD11;PSMB10;MED12;PSMD8;PSMB6;PSMB7;PSMB4;PSMB5;PSMB2;PSMD5;PSMB3;PSMD2;PSMF1;PSMB8;PSMB9;PSMA5;SEM1;PSMA6;PSMA3;PSMC6;PSMA1;PSMA2;PSME3;PSME4;PSME1;PSME2,0.5384615384615384
5,905,Cross-presentation Of Soluble Exogenous Antigens (Endosomes) R-HSA-1236978,27/48,4.284095510484223e-23,Immune System,Reactome_2022,3.105969245101062e-24,0.0,0.0,27.93133745525545,1511.887444038207,PSMD10;PSMD12;PSMD11;PSMB10;PSMB6;PSMD8;PSMB7;PSMB4;PSMB5;PSMB2;PSMB3;PSMD5;PSMD2;PSMF1;PSMB8;PSMB9;PSMA5;SEM1;PSMA6;PSMA3;PSMC6;PSMA1;PSMA2;PSME3;PSME4;PSME1;PSME2,0.5625
5,905,Nuclear Events Mediated By NFE2L2 R-HSA-9759194,33/78,5.163366312166378e-23,Cellular responses to stimuli,Reactome_2022,3.807982655222704e-24,0.0,0.0,16.020642201834864,863.9122122667519,PSMD10;PSMD12;PSMD11;CUL1;PSMB10;PSMD8;PSMB6;PSMB7;PSMB4;PSMB5;PSMB2;PSMD5;PSMB3;PSMD2;PRDX1;PSMF1;SKP1;TXNRD1;PSMB8;RBX1;PSMB9;PSMA5;SEM1;PSMA6;PSMA3;PSMC6;PSMA1;PSMA2;PSME3;MAFG;PSME1;PSME2;TKT,0.4230769230769231
5,905,Regulation Of TP53 Activity R-HSA-5633007,45/157,5.797835528586288e-23,Gene expression (Transcription),Reactome_2022,4.3483766464397165e-24,0.0,0.0,8.868718853820598,477.0682498945587,L3MBTL1;HDAC2;DYRK2;RNF34;MEAF6;PHF20;SETD9;HDAC1;CHD4;CHD3;NOC2L;ING5;RBBP4;PPP1R13L;SMYD2;TP53BP2;KMT5A;RBBP7;BRD7;MTA2;RFFL;ZNF385A;BANP;PLK3;PRMT5;USP7;BRD1;TBP;TAF15;BRPF3;PPP2R5C;HIPK1;GATAD2B;PML;GATAD2A;HIPK2;CCNA1;TTC5;KAT6A;POLR1B;JMY;CCNG1;MAPKAPK5;MDM4;TAF1,0.28662420382165604
5,905,Degradation Of Beta-Catenin By Destruction Complex R-HSA-195253,34/84,5.948050167309657e-23,Signal Transduction,Reactome_2022,4.535388252573613e-24,0.0,0.0,14.868656716417911,799.1922543228302,PSMD10;PSMD12;PSMD11;HDAC1;CUL1;PSMB10;PSMD8;PSMB6;PSMB7;PSMB4;PSMB5;PSMB2;PSMD5;PSMB3;PSMD2;PSMF1;SKP1;TLE3;ZRANB1;PPP2R5C;PSMB8;RBX1;PSMB9;PSMA5;SEM1;PSMA6;PSMA3;PSMC6;PSMA1;PSMA2;PSME3;PSME4;PSME1;PSME2,0.40476190476190477
5,905,RMTs Methylate Histone Arginines R-HSA-3214858,28/49,4.4438303534812195e-24,Chromatin organization,Reactome_2022,2.388558814996155e-25,0.0,0.0,28.998859749144813,1644.059531954624,SMARCD1;SMARCD2;SMARCB1;SMARCD3;H2AC11;H2AC12;WDR5;RBBP7;ARID2;PRMT6;SMARCE1;PRMT5;PBRM1;SMARCC1;SMARCC2;ACTL6B;H2AC6;PRMT1;ACTL6A;DNMT3A;H2AC1;ARID1A;ARID1B;SMARCA2;SMARCA4;H2AC25;CARM1;H2AC21,0.5714285714285714
5,905,RNA Polymerase I Transcription Initiation R-HSA-73762,21/46,6.91704381553405e-16,Gene expression (Transcription),Reactome_2022,1.1067270104854476e-16,0.0,0.0,18.12081447963801,665.757898897436,HDAC2;RRN3;TBP;HDAC1;CHD4;CHD3;TTF1;GATAD2B;GATAD2A;KAT2B;TAF1D;MTA1;RBBP4;TAF1B;POLR1B;UBTF;POLR1F;RBBP7;POLR1G;MTA2;MTA3,0.45652173913043476
5,905,G2/M Checkpoints R-HSA-69481,30/148,1.739821364490222e-11,Cell Cycle,Reactome_2022,3.6318770983733376e-12,0.0,0.0,5.513898305084746,145.2430922462841,PSMD10;PSMD12;PSMD11;PSMB10;PSMD8;PSMB6;PSMB7;PSMB4;PSMB5;PSMB2;PSMD5;PSMB3;PSMD2;H2BC21;PSMF1;H2BC5;PSMB8;PSMB9;SEM1;PSMA5;PSMA6;PSMA3;PSMC6;PSMA1;PSMA2;PSME3;POLR1B;PSME4;PSME1;PSME2,0.20270270270270271
5,905,SMAD2/SMAD3:SMAD4 Heterotrimer Regulates Transcription R-HSA-2173796,15/36,6.58008135155176e-11,Gene expression (Transcription),Reactome_2022,1.3900421855153096e-11,0.0,0.0,15.308186195826645,382.69090702636527,CCNK;CCNT2;TGIF2;CCNT1;HDAC1;CCNC;YBX1;CDK9;CDK8;TFDP1;TFDP2;E2F4;E2F5;RNF111;MEN1,0.4166666666666667
5,905,Ubiquitin Protein Ligase Binding (GO:0031625),41/271,1.8507969538677152e-10,binding,GO_Molecular_Function_2023,1.0433414200724864e-11,0.0,0.0,3.892235305958132,98.41909135701395,USP13;TSG101;HSP90AB1;RNF34;CUL5;FAF1;UBE2D2;CUL3;UBE2D3;CUL2;CUL1;UBE2D1;NEDD8;GABARAP;HDAC6;ATXN3;BAG5;TRIM28;BAG1;SPOP;ZNF746;PSMD1;UBXN7;ELOB;ARIH1;APBB1;DNM1L;RFFL;FBXO7;HSPA8;HSPA1L;FBXW7;MUL1;PML;RBX1;DNAJA1;PSMA3;TUBB2A;EIF4E2;ZNF675;OTUB1,0.15129151291512916
5,905,protein-DNA Complex Disassembly (GO:0032986),12/20,2.5303628914746724e-10,cellular process,GO_Biological_Process_2023,6.179691318036705e-12,0.0,0.0,32.06103023516238,827.487264698329,SMARCE1;SMARCD1;SMARCC1;SMARCD2;SET;SMARCB1;SMARCC2;SMARCD3;H2AC25;HMGA1;ARID2;SMARCA4,0.6
5,905,Nuclear Lumen (GO:0031981),79/780,2.6006243701230603e-10,cellular anatomical structure,GO_Cellular_Component_2023,1.480030129338327e-11,0.0,0.0,2.509604059230501,62.58042435309582,TOP2B;SMARCB1;CCNT1;FMR1;CTCF;CHD3;NOC2L;TENT4A;CHD1;RRP8;CDC14A;SYNE2;PHF8;CCND2;XPO1;UBTF;KAT7;TRIM27;PRMT6;MED1;PBRM1;ZBTB33;BAZ1B;FBXO11;ETV4;RBL2;PPM1B;EWSR1;KAT6A;NCL;TOP1;POLR1G;PAFAH1B2;PPID;L3MBTL1;DDX5;TSG101;RRN3;MEAF6;BAZ2A;PPM1D;USP17L24;FXR1;ATXN3;TAF1D;RBM15B;TAF1B;TERT;VPS51;RBBP5;SAP30L;NRIP1;MBIP;BNIP2;E2F5;DEDD;SMARCE1;SRPK2;SUZ12;PLK3;NPM1;NPM2;TAF15;CBX5;MCRS1;ELP3;PML;SMARCA4;H1-5;CDK8;ZZZ3;MYBBP1A;STK24;NEDD4;SNX15;ZNF354A;BRWD1;TAF1;ZPR1,0.10128205128205128
5,905,MLL1/2 Complex (GO:0044665),14/31,2.8948299179346736e-10,protein-containing complex,GO_Cellular_Component_2023,1.7651401938626058e-11,0.0,0.0,17.633326731365948,436.604800672042,KMT2A;MAX;PHF20;MCRS1;KMT2B;DPY30;RNF2;KANSL1;RBBP5;WDR5;KAT8;E2F6;MEN1;TAF1,0.45161290322580644
5,905,Ubiquitin Protein Ligase Activity (GO:0061630),44/311,3.1108148185716203e-10,catalytic activity,GO_Molecular_Function_2023,1.829891069748012e-11,0.0,0.0,3.6036487491680695,89.09725882697367,TRIM50;RNF34;PPP1R11;UHRF2;RNF14;MGRN1;UBE2D2;CUL3;MYCBP2;UBE2D3;UBR4;UBE2D1;UBE3A;UBR2;RNF6;RNF7;RCHY1;RNF4;RNF2;RPGR;HERC4;TRIM28;ARIH2;MKRN4P;RBBP6;TRIM27;ARIH1;RFFL;RNF130;RNF111;KCMF1;RNF44;RING1;SIAH1;HUWE1;WWP1;MUL1;RBX1;RNF146;ITCH;NEDD4;MKRN1;TRIP12;ASB1,0.1414790996784566
5,905,Histone Acetylation (GO:0016573),19/60,3.3699443287831874e-10,None,GO_Biological_Process_2023,8.377096674253889e-12,0.0,0.0,9.966029840885316,254.1887706406448,ACTL6B;MEAF6;TRRAP;USP22;ACTL6A;MSL3;YEATS4;TADA2B;KAT2B;MORF4L1;TADA3;WDR5;EP400;MBIP;EPC1;SUPT20H;DMAP1;ATXN7L3;KAT14,0.31666666666666665
5,905,Ubiquitin-Like Protein Ligase Binding (GO:0044389),42/289,3.4604712239751197e-10,binding,GO_Molecular_Function_2023,2.2052022505723804e-11,0.0,0.0,3.713699973259649,91.12534683405978,USP13;TSG101;HSP90AB1;RNF34;CUL5;FAF1;UBE2D2;CUL3;UBE2D3;CUL2;CUL1;UBE2D1;NEDD8;GABARAP;HDAC6;ATXN3;BAG5;TRIM28;BAG1;SPOP;ZNF746;PSMD1;UBXN7;ELOB;ARIH1;APBB1;DNM1L;RFFL;FBXO7;HSPA8;HSPA1L;FBXW7;MUL1;PML;RBX1;DNAJA1;PSMA3;ITCH;TUBB2A;EIF4E2;ZNF675;OTUB1,0.1453287197231834
5,905,Regulation Of T Cell Differentiation (GO:0045580),17/47,3.628681268518828e-10,biological regulation,GO_Biological_Process_2023,9.178522179419626e-12,0.0,0.0,12.166103603603604,309.1912415952458,SMARCE1;SMARCD1;SMARCD2;PBRM1;PRELID1;SMARCC1;SMARCB1;SMARCD3;SMARCC2;ACTL6B;ACTL6A;ARID1A;ARID1B;SMARCA2;SMARCA4;ARID2;BRD7,0.3617021276595745
5,905,Transcription Regulatory Region Nucleic Acid Binding (GO:0001067),36/224,4.995767953479794e-10,binding,GO_Molecular_Function_2023,3.3060229103910406e-11,0.0,0.0,4.16627084200475,100.54332307617273,KDM5A;HDAC4;KMT2D;ARID4A;FOXK2;ASH2L;ARID4B;CTCF;CHD3;GABPB1;YY1;RBBP5;DHX36;HSF1;ZNF746;TBL1X;BRD7;GABPA;MEN1;TBP;ATMIN;NFYA;TCF12;SMARCA2;ETV5;PER2;SFPQ;REST;NCOR1;TBL1XR1;CARM1;TFAM;ATF7;ZNF335;MZF1;BMAL1,0.16071428571428573
5,905,Acetylation-Dependent Protein Binding (GO:0140033),12/23,8.226678237464666e-10,binding,GO_Molecular_Function_2023,5.847393845256746e-11,0.0,0.0,23.31344803013336,549.3217194121067,BRD2;ZZZ3;KMT2A;CARM1;PSME4;DPF2;BAZ2A;YEATS4;BRD7;ZZEF1;SMARCA4;TAF1,0.5217391304347826
5,905,Lysine-Acetylated Histone Binding (GO:0070577),12/23,8.226678237464666e-10,None,GO_Molecular_Function_2023,5.847393845256746e-11,0.0,0.0,23.31344803013336,549.3217194121067,BRD2;ZZZ3;KMT2A;CARM1;PSME4;DPF2;BAZ2A;YEATS4;BRD7;ZZEF1;SMARCA4;TAF1,0.5217391304347826
5,905,GBAF Complex (GO:0140288),10/13,1.6390512583955878e-10,protein-containing complex,GO_Cellular_Component_2023,8.661652991521399e-12,0.0,0.0,71.10614525139665,1811.2239470884929,SMARCD1;SS18;SMARCC1;ACTL6B;BCL7A;BCL7C;ACTL6A;BCL7B;SMARCA2;SMARCA4,0.7692307692307693
5,905,Transcription Coregulator Binding (GO:0001221),23/99,8.970697722852021e-10,binding,GO_Molecular_Function_2023,6.596101266802958e-11,0.0,0.0,6.525793650793651,152.97737588599796,SUZ12;MED1;ZBTB17;CCNT2;HDAC3;SMARCD3;EED;HDAC1;USP11;HMGA1;CHD4;CTCF;MED6;HDAC6;SMARCA4;CDK9;PER2;TERT;CNOT2;ATF7;ELOB;HDGF;ELOC,0.23232323232323232
5,905,Regulation Of Chromatin Organization (GO:1902275),13/27,1.3238075311977207e-09,biological regulation,GO_Biological_Process_2023,3.406220860909966e-11,0.0,0.0,19.863308776425367,478.7620062832845,SETD5;PHF20;MCRS1;SETD1A;MSL3;KANSL1;KANSL2;KANSL3;TLK2;WDR5;KAT8;TLK1;OGT,0.48148148148148145
5,905,Histone Demethylase Activity (GO:0032452),13/29,1.350442059752279e-09,catalytic activity,GO_Molecular_Function_2023,1.059170242942964e-10,0.0,0.0,17.378573430493272,399.1574197821124,KDM5A;KDM5B;KDM5C;KDM4B;KDM3B;KDM4C;KDM1A;KDM2B;KDM4D;KDM1B;PHF8;JARID2;KDM6A,0.4482758620689655
5,905,Regulation Of Stem Cell Differentiation (GO:2000736),16/45,1.947839949316564e-09,biological regulation,GO_Biological_Process_2023,5.0968337095069266e-11,0.0,0.0,11.832589891780769,280.4302093594158,MBD3;HDAC2;MTCH2;HDAC1;SMYD5;SETD1A;CHD4;CHD3;GATAD2B;GATAD2A;ITCH;MTA1;RBBP4;RBBP7;MTA2;MTA3,0.35555555555555557
5,905,MLL1 Complex (GO:0071339),13/30,2.5930042793398554e-09,protein-containing complex,GO_Cellular_Component_2023,1.7919135263730708e-10,0.0,0.0,16.35544711158006,367.0582155218552,KMT2A;MAX;PHF20;MCRS1;DPY30;RNF2;KANSL1;RBBP5;WDR5;KAT8;E2F6;MEN1;TAF1,0.43333333333333335
5,905,Golgi Vesicle Transport (GO:0048193),33/197,2.6562716016214846e-09,localization,GO_Biological_Process_2023,7.066400684645029e-11,0.0,0.0,4.368447918997538,102.10410352230492,ARF4;RAB1A;COPA;PEF1;PDCD6;CUL3;USO1;GCC2;GOLGA2;SNX3;AP4M1;SCFD1;GOLGA5;SNX2;TFG;VPS51;KIF1C;RAB6A;YKT6;SEC31A;NSF;RAB2A;TRAPPC3;SEC24B;SEC24A;TRAPPC10;RBSN;NRBP1;RABIF;RAB12;TRIP11;SEC24C;ARF5,0.16751269035532995
5,905,Transcription Initiation-Coupled Chromatin Remodeling (GO:0045815),14/34,3.0177255567863712e-09,cellular process,GO_Biological_Process_2023,8.1595719372331e-11,0.0,0.0,14.985970819304152,348.1127774441944,SMARCD1;SMARCB1;KMT2A;DPY30;ASH2L;NOC2L;ARID1B;SMARCA4;KAT2B;RBBP5;WDR5;KAT7;BRD7;MEN1,0.4117647058823529
5,905,Regulation Of Expression Of SLITs And ROBOs R-HSA-9010553,32/167,1.657437951076855e-11,Developmental Biology,Reactome_2022,3.439183748484474e-12,0.0,0.0,5.148020873106784,135.88606220701936,PSMD10;PSMD12;PSMD11;USP33;CUL2;PSMB10;PSMD8;PSMB6;PSMB7;PSMB4;PSMB5;PSMB2;PSMD5;PSMB3;PSMD2;ELOB;PSMF1;ELOC;PSMB8;RBX1;PSMB9;SEM1;PSMA5;PSMA6;PSMA3;PSMC6;PSMA1;PSMA2;PSME3;PSME4;PSME1;PSME2,0.19161676646706588
5,905,Transition Metal Ion Binding (GO:0046914),53/456,3.8192035978619115e-09,binding,GO_Molecular_Function_2023,3.089061733564781e-10,0.0,0.0,2.8852735935879963,63.181673635500495,KDM5A;KDM5B;KDM5C;DYRK2;KDM1B;USP33;CHD4;CTCF;MOXD2P;IDE;CHD3;BMI1;PHF8;NPEPPS;TRIM28;CHMP1A;ARIH2;DPF3;ARIH1;ZFPL1;KDM2B;ZNF282;BAZ1B;RABGGTB;RBSN;MYT1;CLIP1;KAT6A;TET3;ZNF675;KPNB1;HDAC4;SEC23A;KMT2A;ZNF195;KMT2B;MYCBP2;ZNF2;RNF7;RCHY1;RNF2;NSD1;SAP30L;ZKSCAN5;SEC24B;SEC24A;KDM4C;SIAH1;THAP11;RABIF;MDM4;ZNF214;SEC24C,0.1162280701754386
5,905,Regulation Of Myoblast Differentiation (GO:0045661),17/54,4.2611281116727505e-09,biological regulation,GO_Biological_Process_2023,1.1707416966218195e-10,0.0,0.0,9.860786462137812,225.4985696330079,SMARCE1;SMARCD1;PBRM1;SMARCC1;SMARCD2;SMARCB1;SMARCC2;SMARCD3;ACTL6B;ACTL6A;ARID1A;ARID1B;SMARCA2;SMARCA4;DPF3;ARID2;BRD7,0.3148148148148148
5,905,Regulation Of Transcription Elongation By RNA Polymerase II (GO:0034243),20/77,4.805124140984671e-09,biological regulation,GO_Biological_Process_2023,1.341159812573131e-10,0.0,0.0,7.548022598870056,171.58403608949453,MED1;CCNK;CCNT1;SRCAP;INTS3;INTS10;MED8;MED4;MED15;CDC73;MED6;MED17;MED7;CDK9;MED22;MED21;MED20;LEO1;EAPP;CDK13,0.2597402597402597
5,905,Regulation Of Dosage Compensation By Inactivation Of X Chromosome (GO:1900095),9/12,5.170951612313855e-09,None,GO_Biological_Process_2023,1.4883681047218246e-10,0.0,0.0,63.924107142857146,1446.4856045608185,KANSL1;KANSL2;PHF20;KANSL3;MCRS1;WDR5;KAT8;MSL3;OGT,0.75
5,905,Methylation-Dependent Protein Binding (GO:0140034),19/68,1.2823047314852692e-09,binding,GO_Molecular_Function_2023,9.743001636285132e-11,0.0,0.0,8.335421753351454,192.14719849302145,KDM5A;L3MBTL1;CBX8;SUZ12;CBX6;CBX5;FMR1;CBX2;CXXC1;MSL3;CHD1;ING1;RRP8;ZZEF1;PHF8;ING5;ING2;ZZZ3;WDR5,0.27941176470588236
5,905,Positive Regulation Of Lymphocyte Differentiation (GO:0045621),16/39,1.6004918094769093e-10,biological regulation,GO_Biological_Process_2023,3.838946773712604e-12,0.0,0.0,14.924047537536069,392.2908729797841,SMARCE1;SMARCD1;SMARCD2;PBRM1;SMARCC1;SMARCB1;SMARCD3;SMARCC2;ACTL6B;ACTL6A;ARID1A;ARID1B;SMARCA2;SMARCA4;ARID2;BRD7,0.41025641025641024
5,905,Histone H4-K5 Acetylation (GO:0043981),11/15,7.5300909103749e-11,None,GO_Biological_Process_2023,1.773331483472502e-12,0.0,0.0,58.72511185682327,1588.9935398447365,ING5;MEAF6;KANSL1;PHF20;KANSL2;MCRS1;KANSL3;WDR5;KAT8;KAT7;OGT,0.7333333333333333
5,905,Histone H4-K8 Acetylation (GO:0043982),11/15,7.5300909103749e-11,None,GO_Biological_Process_2023,1.773331483472502e-12,0.0,0.0,58.72511185682327,1588.9935398447365,ING5;MEAF6;KANSL1;PHF20;KANSL2;MCRS1;KANSL3;WDR5;KAT8;KAT7;OGT,0.7333333333333333
5,905,Regulation Of Cell Fate Commitment (GO:0010453),12/13,4.9067819973533055e-14,biological regulation,GO_Biological_Process_2023,8.559584818758491e-16,0.0,0.0,256.58230683090704,8901.946042751631,MBD3;HDAC2;MTA1;RBBP4;HDAC1;CHD4;CHD3;RBBP7;MTA2;MTA3;GATAD2B;GATAD2A,0.9230769230769231
5,905,Histone Acetyltransferase Complex (GO:0000123),16/27,6.05389177943304e-14,protein-containing complex,GO_Cellular_Component_2023,2.214838455890137e-15,0.0,0.0,31.224460578791287,1053.625612000989,BRPF1;MEAF6;PHF20;BRPF3;MCRS1;TADA2B;ING5;KAT2B;KANSL1;KANSL2;KANSL3;WDR5;KAT8;KAT7;SUPT20H;OGT,0.5925925925925926
5,905,Ubiquitin-Protein Transferase Activity (GO:0004842),59/412,9.576145365724937e-14,catalytic activity,GO_Molecular_Function_2023,3.520641678575344e-15,0.0,0.0,3.7027370930692007,123.2275833911226,PPP1R11;RNF14;UBE2D2;UBE2D3;UBE2D1;UBE3A;RPGR;HERC4;TRIM28;ARIH2;TRIM27;ARIH1;FBXO7;RNF111;KCMF1;RNF44;RING1;MUL1;FBXO11;FBXW2;DDB2;RBX1;CDC34;BIRC6;TRIM50;RNF34;CUL5;UHRF2;MGRN1;CUL3;CUL2;MYCBP2;UBR4;UBR2;RNF6;RNF7;RCHY1;RNF4;RNF2;RBBP6;MKRN4P;RFFL;RNF130;SIAH1;HUWE1;WWP1;KLHL20;RNF146;CNOT4;KLHL9;ITCH;NEDD4;MKRN1;MDM4;FBXL3;TRIP12;UBE2M;ASB1;TAF1,0.14320388349514562
5,905,Histone Lysine Methylation (GO:0034968),17/32,2.0122080795619636e-13,None,GO_Biological_Process_2023,3.597929841344985e-15,0.0,0.0,24.35135135135135,809.8874162375017,KMT2D;KMT2A;SETDB1;NCOA6;KMT2C;SETD1B;DOT1L;KMT2B;SETD1A;CXXC1;DPY30;MLLT10;RBBP5;SMYD2;WDR5;KDM6A;MEN1,0.53125
5,905,Ubiquitin-Like Protein Ligase Activity (GO:0061659),50/319,3.351656114640853e-13,catalytic activity,GO_Molecular_Function_2023,1.3143749469179812e-14,0.0,0.0,4.092697667340595,130.81420008885055,PPP1R11;RNF14;UBE2D2;UBE2D3;UBE2D1;UBE3A;RPGR;HERC4;TRIM28;ARIH2;TRIM27;ARIH1;RNF111;KCMF1;PIAS3;RNF44;RING1;MUL1;PIAS2;PIAS1;RBX1;TRIM50;RNF34;UHRF2;MGRN1;CUL3;MYCBP2;UBR4;UBR2;RNF6;RNF7;RCHY1;RNF4;RNF2;ZBED1;MKRN4P;RBBP6;RFFL;RNF130;CBX4;SIAH1;HUWE1;WWP1;PML;RNF146;ITCH;NEDD4;MKRN1;TRIP12;ASB1,0.15673981191222572
5,905,npBAF Complex (GO:0071564),11/12,4.347411306844459e-13,protein-containing complex,GO_Cellular_Component_2023,1.7672403686359593e-14,0.0,0.0,234.9373601789709,7439.707839221939,SMARCE1;SMARCD1;SMARCC1;SMARCB1;SMARCC2;SMARCD3;ACTL6A;ARID1A;ARID1B;SMARCA2;SMARCA4,0.9166666666666666
5,905,Modification-Dependent Protein Catabolic Process (GO:0019941),38/192,5.885581820654051e-13,cellular process,GO_Biological_Process_2023,1.07803940892922e-14,0.0,0.0,5.390718854386675,173.37116390949433,PSMD11;RNF34;PPP1R11;RNF14;UBE2D2;CUL3;USP33;UBE2D3;UBR4;KEAP1;UBE2D1;NEDD8;RNF6;RNF7;RCHY1;RPGR;HERC4;ATXN3;ARIH2;RBBP6;PSMF1;ARIH1;ELOC;RFFL;FBXO7;RNF130;FBXW4;SIAH1;FBXO11;KCTD6;RBX1;CNOT4;RNF146;ITCH;CDC34;NEDD4;TRIP12;TAF1,0.19791666666666666
5,905,"Positive Regulation Of DNA-templated Transcription, Elongation (GO:0032786)",21/56,7.440803022582751e-13,biological regulation,GO_Biological_Process_2023,1.395353379725505e-14,0.0,0.0,12.936651583710407,412.718559512132,MED1;CCNK;CCNT2;CCNT1;MED8;MED4;MED15;CDC73;MED6;MED17;MED7;CDK9;MED22;SCAF8;MED21;MED20;LEO1;KAT7;EAPP;CDK13;HMGN1,0.375
5,905,Histone H3 Methyltransferase Activity (GO:0140938),17/36,1.0999995730911744e-12,catalytic activity,GO_Molecular_Function_2023,4.607758183542106e-14,0.0,0.0,19.22072072072072,590.2385384759175,PRMT6;KMT2D;SETD5;SETD2;KMT2A;PRMT2;SETDB1;KMT2C;SETD1B;DOT1L;KMT2B;SETD1A;METTL23;NSD1;CARM1;SMYD2;JARID2,0.4722222222222222
5,905,Transcription Cis-Regulatory Region Binding (GO:0000976),62/474,1.0999995730911744e-12,binding,GO_Molecular_Function_2023,4.8529392930492997e-14,0.0,0.0,3.3351357265429757,102.24394439559092,KDM5A;ARID4A;ASH2L;ARID4B;CTCF;HIF3A;CHD3;GABPB1;YY1;MLX;CIC;GABPA;MEN1;ZNF563;TBP;ATMIN;TCF12;OXSR1;POLRMT;ETV5;RBL2;SFPQ;NCOR1;TFDP1;TFDP2;TBL1XR1;ZNF516;TFAM;ATF7;MZF1;ZNF433;ZNF510;HDAC4;KMT2D;ZNF791;MAX;HDAC1;FOXK2;PRDX5;MNT;RBBP5;HSF2;DHX36;HSF1;ZNF746;TBL1X;BRD7;E2F6;MLXIP;ZBTB17;NPM1;NFYA;HMGA1;SMARCA2;PER2;REST;TFCP2;CARM1;AGO2;TCF3;ZNF335;BMAL1,0.1308016877637131
5,905,Chromatin DNA Binding (GO:0031490),24/83,3.1098344901659995e-12,binding,GO_Molecular_Function_2023,1.4482072380674998e-13,0.0,0.0,8.789395717501298,259.8433649132491,MBD3;SMARCE1;SUZ12;SMARCC1;HDAC2;SMARCD2;SMARCB1;SMARCC2;KDM3B;HDAC1;ACTL6A;MBD2;CHD4;CTCF;GATAD2B;H1-3;SMARCA4;H1-5;H1-4;RBBP4;HSF1;MTA2;CLOCK;KDM6A,0.2891566265060241
5,905,Zinc Ion Binding (GO:0008270),50/341,3.8284014738344276e-12,binding,GO_Molecular_Function_2023,1.8766673891345243e-13,0.0,0.0,3.7788629649725687,110.73621097635244,KDM5A;KDM5B;KDM5C;KDM1B;USP33;CHD4;CTCF;IDE;CHD3;BMI1;PHF8;NPEPPS;TRIM28;CHMP1A;ARIH2;DPF3;ARIH1;ZFPL1;KDM2B;ZNF282;BAZ1B;RABGGTB;RBSN;MYT1;CLIP1;KAT6A;TET3;ZNF675;KPNB1;HDAC4;SEC23A;KMT2A;ZNF195;MYCBP2;KMT2B;ZNF2;RCHY1;RNF2;NSD1;SAP30L;ZKSCAN5;SEC24B;KDM4C;SEC24A;SIAH1;THAP11;RABIF;MDM4;ZNF214;SEC24C,0.1466275659824047
5,905,Positive Regulation Of DNA Repair (GO:0045739),25/89,4.896367484680464e-12,biological regulation,GO_Biological_Process_2023,9.395559063495001e-14,0.0,0.0,8.447709517045455,253.39710746686447,SMARCD1;SMARCD2;SMARCB1;SMARCD3;YY1;BCL7A;TRIM28;BCL7C;BCL7B;DPF1;DPF2;DPF3;ARID2;BRD7;SMARCE1;PBRM1;SMARCC1;SMARCC2;ACTL6B;MCRS1;ACTL6A;ARID1A;ARID1B;SMARCA2;SMARCA4,0.2808988764044944
5,905,Positive Regulation Of Myoblast Differentiation (GO:0045663),17/38,7.215393288973202e-12,biological regulation,GO_Biological_Process_2023,1.4160169995804365e-13,0.0,0.0,17.38835263835264,514.4475968001688,SMARCE1;SMARCD1;SMARCD2;PBRM1;SMARCC1;SMARCB1;SMARCD3;SMARCC2;ACTL6B;ACTL6A;ARID1A;ARID1B;SMARCA2;SMARCA4;DPF3;ARID2;BRD7,0.4473684210526316
5,905,Negative Regulation Of Stem Cell Population Maintenance (GO:1902455),13/20,8.818857285022827e-12,biological regulation,GO_Biological_Process_2023,1.769155844356956e-13,0.0,0.0,39.74119154388213,1166.9247284722614,HDAC2;HDAC1;ARID4B;ING1;SAP30;ING2;BRMS1;RBBP4;SIN3A;SAP30L;RBBP7;SUDS3;OGT,0.65
5,905,Negative Regulation Of Developmental Process (GO:0051093),27/109,1.3527087258575912e-11,biological regulation,GO_Biological_Process_2023,2.772669433724674e-13,0.0,0.0,7.130271126173676,206.16320233041463,SMARCD1;HDAC2;HDAC1;ARID4A;ARID4B;ING1;ING2;BCL7A;RBBP4;SIN3A;BCL7C;SAP30L;BCL7B;SUDS3;RBBP7;SUZ12;SS18;SMARCC1;ACTL6B;ACTL6A;HUWE1;MUL1;SMARCA2;SAP30;SMARCA4;BRMS1;OGT,0.24770642201834864
5,905,bBAF Complex (GO:0140092),9/9,1.711591777246795e-11,protein-containing complex,GO_Cellular_Component_2023,7.653459166550709e-13,0.0,0.0,171855.0,4794487.864329874,SMARCE1;SMARCD2;SMARCB1;SMARCC2;ACTL6B;ARID1A;ARID1B;SMARCA2;SMARCA4,1.0
5,905,Regulation Of Cell Fate Specification (GO:0042659),11/14,2.3554454709822917e-11,biological regulation,GO_Biological_Process_2023,4.930718822815089e-13,0.0,0.0,78.30425055928411,2218.995360493655,MBD3;HDAC2;MTA1;RBBP4;HDAC1;CHD4;RBBP7;MTA2;MTA3;GATAD2B;GATAD2A,0.7857142857142857
5,905,PRC1 Complex (GO:0035102),11/15,3.635329541118629e-11,protein-containing complex,GO_Cellular_Component_2023,1.773331483472502e-12,0.0,0.0,58.72511185682327,1588.9935398447365,CBX8;CBX6;PHC2;PHC1;CBX4;RING1;PCGF5;CBX2;PCGF2;PHC3;RNF2,0.7333333333333333
5,905,Histone H3-K4 Methylation (GO:0051568),14/26,3.718489241318591e-11,None,GO_Biological_Process_2023,7.946182853232053e-13,0.0,0.0,24.98709315375982,696.1632669551752,KMT2D;KMT2A;NFYA;NCOA6;KMT2C;SETD1B;KMT2B;SETD1A;CXXC1;DPY30;RBBP5;WDR5;KDM6A;MEN1,0.5384615384615384
5,905,Nucleosome Disassembly (GO:0006337),12/18,4.5426956340322e-11,cellular process,GO_Biological_Process_2023,9.905572686507196e-13,0.0,0.0,42.7525195968645,1181.7013903994225,SMARCE1;SMARCD1;SMARCC1;SMARCD2;SET;SMARCB1;SMARCC2;SMARCD3;H2AC25;HMGA1;ARID2;SMARCA4,0.6666666666666666
5,905,Nuclear Receptor Coactivator Activity (GO:0030374),18/50,4.7761981693235286e-11,None,GO_Molecular_Function_2023,2.4583372930341697e-12,0.0,0.0,12.088993799323562,323.15737164050745,MED1;SS18;TMF1;KDM1A;NCOA6;NCOA3;USP22;HMGA1;MED4;RNF4;MED17;MED12;MED22;CNOT6;THRAP3;CARM1;ATXN7L3;PPARGC1B,0.36
5,905,Nucleosome Organization (GO:0034728),22/75,4.889707001313744e-11,cellular process,GO_Biological_Process_2023,1.0875493112385562e-12,0.0,0.0,8.951558793991325,246.58943413436504,SMARCE1;BRD2;SMARCD1;SETD2;SMARCC1;SMARCD2;NPM1;SMARCB1;SMARCC2;SET;SMARCD3;HMGA1;ARID1A;CHD1;CABIN1;SMARCA4;HIRA;H2AC25;RBBP4;H2BC21;UBN1;ARID2,0.29333333333333333
5,905,Methylated Histone Binding (GO:0035064),21/71,5.513628742003319e-11,None,GO_Molecular_Function_2023,2.9730351059821815e-12,0.0,0.0,9.048529411764706,240.16098023548705,KDM5A;L3MBTL1;CBX8;SUZ12;CBX6;CBX5;FMR1;CBX2;CXXC1;MSL3;CHD1;ING1;RRP8;ZZEF1;PHF8;ING5;ING2;ZZZ3;DPF2;WDR5;TAF1,0.29577464788732394
5,905,Positive Regulation Of Transcription Elongation By RNA Polymerase II (GO:0032968),17/43,7.378276819078662e-11,biological regulation,GO_Biological_Process_2023,1.6732245730139141e-12,0.0,0.0,14.040757103257103,380.7329391229177,MED1;CCNK;CCNT1;MED8;MED4;MED15;CDC73;MED6;MED17;MED7;CDK9;MED22;MED21;MED20;LEO1;CDK13;EAPP,0.3953488372093023
5,905,Histone H4-K16 Acetylation (GO:0043984),9/12,5.170951612313855e-09,None,GO_Biological_Process_2023,1.4883681047218246e-10,0.0,0.0,63.924107142857146,1446.4856045608185,KANSL1;KANSL2;PHF20;KANSL3;MCRS1;WDR5;KAT8;MSL3;OGT,0.75
5,905,Protein Ubiquitination (GO:0016567),62/434,4.509728308992382e-14,cellular process,GO_Biological_Process_2023,7.670274925891971e-16,0.0,0.0,3.7016607354685647,128.83263365900038,RNF14;UBE2D2;UBE2D3;UBE2D1;KEAP1;UBE3A;RPGR;NPEPPS;HERC4;ARIH2;ELOC;ARIH1;FBXO7;RNF111;SKP1;RNF44;USP7;FBXW5;USP5;FBXW7;MUL1;FBXO11;DDB2;RBX1;CDC34;BIRC6;TRIM50;RNF34;CBFB;CUL5;UHRF2;MGRN1;CUL3;CUL2;MYCBP2;CUL1;NEDD8;RNF6;RNF7;RCHY1;RNF4;TNKS2;SPOP;MARCHF7;RBBP6;MKRN4P;USP9X;HUWE1;WWP1;KLHL20;RNF146;CNOT4;KLHL9;ITCH;NEDD4;MKRN1;TPP2;MDM4;FBXL3;TRIP12;ASB1;TAF1,0.14285714285714285
5,905,Nuclear Thyroid Hormone Receptor Binding (GO:0046966),12/27,7.626986647830606e-09,binding,GO_Molecular_Function_2023,6.355822206525503e-10,0.0,0.0,17.092945128779395,361.968404749934,MED12;MED1;MED22;NCOR1;PRMT2;NCOA6;THRAP3;NSD1;NCOA3;TRIP12;MED4;MED17,0.4444444444444444
5,905,Protein-Lysine N-methyltransferase Activity (GO:0016279),16/54,1.321071522051462e-08,catalytic activity,GO_Molecular_Function_2023,1.1332721390147344e-09,0.0,0.0,9.025871766029246,185.91632090446345,SETD5;KMT2D;SETD2;KMT2A;SETDB1;SMYD5;KMT2C;SETD1B;DOT1L;KMT2B;SETD1A;NSD1;SMYD2;KMT5B;KMT5A;JARID2,0.2962962962962963
5,905,SUMOylation Of DNA Methylation Proteins R-HSA-4655427,11/16,2.591620853477841e-11,Metabolism of proteins,Reactome_2022,5.442403792303466e-12,0.0,0.0,46.977628635346754,1218.449371499444,CBX8;PHC2;PHC1;CBX4;RING1;CBX2;PCGF2;DNMT3A;SCMH1;PHC3;RNF2,0.6875
5,905,Negative Regulation Of Gene Expression (GO:0010629),39/336,1.8844965027573304e-06,biological regulation,GO_Biological_Process_2023,7.23225871097449e-08,0.0,0.0,2.8503744138848064,46.86622480450386,PIWIL2;PIWIL4;PPP1R11;SMYD5;HDAC1;FMR1;CHD4;YBX1;BMI1;PPM1D;FXR1;YY1;EIF4ENIF1;FXR2;LARP1;TERT;DHX36;CHMP1A;TASOR;EPC1;TRIM27;PAIP2;TIA1;SETDB1;FBXW7;PPHLN1;PUM1;RBL2;KAT2B;REST;CNOT7;PTRH2;NCL;AGO2;EIF4E2;LSM14A;ASB1;TAF1;TNRC6B,0.11607142857142858
5,905,Internal Peptidyl-Lysine Acetylation (GO:0018393),12/39,2.2278822707187982e-06,cellular process,GO_Biological_Process_2023,8.64725347117196e-08,0.0,0.0,9.490108249346772,154.34179653324526,KAT2B;MORF4L1;MEAF6;TRRAP;ACTL6A;TADA3;EP400;EPC1;YEATS4;KAT7;DMAP1;KAT14,0.3076923076923077
5,905,Cytoplasmic Stress Granule (GO:0010494),16/76,2.442715475429852e-06,cellular anatomical structure,GO_Cellular_Component_2023,2.2838396721498618e-07,0.0,0.0,5.709786276715411,87.31540814728405,TIA1;FMR1;YBX1;PUM1;ELAVL1;HIPK2;PUM2;TIAL1;ATXN2L;FXR1;FXR2;LARP1;DHX36;G3BP2;LSM14A;KPNB1,0.21052631578947367
5,905,Regulation Of Signal Transduction By P53 Class Mediator (GO:1901796),13/47,2.6210672442564074e-06,biological regulation,GO_Biological_Process_2023,1.0287660356872074e-07,0.0,0.0,8.170436560274334,131.46016391397575,PLK3;PRMT5;USP7;DYRK2;RNF34;SETD9;HIPK2;KAT6A;SMYD2;MAPKAPK5;KMT5A;RFFL;TAF1,0.2765957446808511
5,905,Monoubiquitinated Protein Deubiquitination (GO:0035520),11/33,2.990497305743294e-06,cellular process,GO_Biological_Process_2023,1.1868087868409933e-07,0.0,0.0,10.667225950782996,170.10841360998285,TADA2B;USP47;KAT2B;USP7;TRRAP;USP9X;USP22;TADA3;SUPT20H;ATXN7L3;RNF2,0.3333333333333333
5,905,NuA4 Histone Acetyltransferase Complex (GO:0035267),10/29,3.077838033027976e-06,protein-containing complex,GO_Cellular_Component_2023,3.12788417990648e-07,0.0,0.0,11.217877094972067,168.01843364545547,MORF4L1;MEAF6;ACTL6B;TRRAP;ACTL6A;EP400;EPC1;MSL3;YEATS4;DMAP1,0.3448275862068966
5,905,H4/H2A Histone Acetyltransferase Complex (GO:0043189),10/29,3.077838033027976e-06,protein-containing complex,GO_Cellular_Component_2023,3.12788417990648e-07,0.0,0.0,11.217877094972067,168.01843364545547,MORF4L1;MEAF6;ACTL6B;TRRAP;ACTL6A;EP400;EPC1;MSL3;YEATS4;DMAP1,0.3448275862068966
5,905,Core Mediator Complex (GO:0070847),9/23,3.3308889683711588e-06,protein-containing complex,GO_Cellular_Component_2023,3.5204517551890297e-07,0.0,0.0,13.69013073979592,203.42858438708348,MED22;MED21;MED20;MED8;MED4;MED15;MED6;MED17;MED7,0.391304347826087
5,905,Histone H2A Acetylation (GO:0043968),9/21,3.388578694431492e-06,None,GO_Biological_Process_2023,1.37434722451866e-07,0.0,0.0,15.973493303571429,252.3830595549696,MORF4L1;MEAF6;TRRAP;ACTL6A;EP400;MSL3;EPC1;YEATS4;DMAP1,0.42857142857142855
5,905,Regulation Of Histone Deacetylation (GO:0031063),9/21,3.388578694431492e-06,None,GO_Biological_Process_2023,1.37434722451866e-07,0.0,0.0,15.973493303571429,252.3830595549696,KAT2B;ING2;ZZZ3;TADA3;MBIP;WDR5;BAZ2A;RRP8;KAT14,0.42857142857142855
5,905,Regulation Of Programmed Cell Death (GO:0043067),28/195,1.6492760555718524e-06,biological regulation,GO_Biological_Process_2023,6.257610851929836e-08,0.0,0.0,3.618650953509173,60.02213739539989,MEAF6;TRRAP;USP17L21;YEATS4;USP17L20;USP17L22;USP17L24;USP17L4;USP17L5;USP17L8;EP400;MAP3K20;EPC1;DMAP1;USP17L15;USP17L18;USP17L17;USP17L19;ACTL6A;USP17L12;USP17L11;USP17L3;FBXO11;USP17L1;USP17L13;MORF4L1;REST;BRMS1,0.14358974358974358
5,905,Positive Regulation Of Protein Ubiquitination (GO:0031398),17/84,4.30657188755354e-06,biological regulation,GO_Biological_Process_2023,1.765450315874543e-07,0.0,0.0,5.436936936936937,84.54268313949055,PSMD10;HDAC3;KDM1A;FBXW7;PEF1;PDCD6;CUL3;MYCBP2;HUWE1;UBE2D1;UBE3A;BMI1;RCHY1;RBX1;MTA1;CRY1;MARCHF7,0.20238095238095238
5,905,SAGA-type Complex (GO:0070461),11/38,5.461218319862776e-06,protein-containing complex,GO_Cellular_Component_2023,5.994020107166461e-07,0.0,0.0,8.68953517275665,124.49786688129808,TADA2B;KAT2B;ZZZ3;TRRAP;USP22;TADA3;MBIP;WDR5;SUPT20H;ATXN7L3;KAT14,0.2894736842105263
5,905,"DNA-binding Transcription Repressor Activity, RNA Polymerase II-specific (GO:0001227)",30/243,5.802128291769524e-06,transcription regulator activity,GO_Molecular_Function_2023,6.257197177398505e-07,0.0,0.0,3.039356136820925,43.41526726053628,ZNF350;MAX;FOXK2;CTCF;ZNF25;YY1;MNT;HSF1;MLX;ZNF669;ZNF746;ZNF224;E2F6;ZNF266;ZNF440;TGIF2;ZNF705D;ZNF705A;SREBF2;THAP11;ZFP69;REST;SP2;ZNF705EP;ERF;ZNF558;ZNF778;ZNF337;TCF3;MZF1,0.12345679012345678
5,905,DNA-templated Transcription Initiation (GO:0006352),14/59,6.405817900054814e-06,cellular process,GO_Biological_Process_2023,2.7098313837999e-07,0.0,0.0,6.651702207257763,100.58178086482766,TBP;RRN3;NCOA6;MAZ;POLRMT;MED17;MED7;CDK9;UBTF;TFAM;TAF4B;ELOB;ELOC;TAF1,0.23728813559322035
5,905,Transcription Preinitiation Complex Assembly (GO:0070897),14/59,6.405817900054814e-06,cellular process,GO_Biological_Process_2023,2.7098313837999e-07,0.0,0.0,6.651702207257763,100.58178086482766,MED1;TBP;MED8;MED4;MED15;MED6;MED17;MED7;MED22;TAF1B;MED21;MED20;TAF4B;TAF1,0.23728813559322035
5,905,Nuclear Androgen Receptor Binding (GO:0050681),9/25,7.35255518619771e-06,binding,GO_Molecular_Function_2023,8.109435867129827e-07,0.0,0.0,11.977608816964286,167.9867702948652,DDX5;TMF1;KDM4C;KDM1A;PRMT2;RNF14;NSD1;RNF6;SMARCA4,0.36
5,905,COPII-coated Vesicle Budding (GO:0090114),11/36,7.532429993650863e-06,cellular process,GO_Biological_Process_2023,3.252117616098715e-07,0.0,0.0,9.385682326621923,140.21073064482306,RAB1A;TRAPPC3;SEC23A;SEC24B;SEC24A;PEF1;CUL3;PDCD6;CSNK1D;SEC24C;SEC31A,0.3055555555555556
5,905,Histone H3 Acetylation (GO:0043966),11/36,7.532429993650863e-06,None,GO_Biological_Process_2023,3.252117616098715e-07,0.0,0.0,9.385682326621923,140.21073064482306,TADA2B;KAT2B;ZZZ3;TRRAP;USP22;TADA3;MBIP;WDR5;SUPT20H;ATXN7L3;KAT14,0.3055555555555556
5,905,DNA-templated Transcription (GO:0006351),27/199,7.930952577440281e-06,cellular process,GO_Biological_Process_2023,3.458766933031087e-07,0.0,0.0,3.3832242941145307,50.33284865583333,CCNK;DDX5;CCNT2;CCNT1;CBFB;CCDC124;BAZ2A;MNT;TAF1B;HSF1;UBTF;EPC1;PKNOX1;PRMT5;ZNF141;TBP;NFYA;NCOA6;MED4;POLRMT;CDK9;TFDP1;MED20;TFAM;TRIP11;PTMA;TAF1,0.135678391959799
5,905,H3 Histone Acetyltransferase Complex (GO:0070775),5/6,9.194937392040431e-06,protein-containing complex,GO_Cellular_Component_2023,1.0839560340210264e-06,0.0,0.0,106.07777777777778,1456.9669502400602,ING5;BRPF1;MEAF6;BRPF3;KAT6A,0.8333333333333334
5,905,MOZ/MORF Histone Acetyltransferase Complex (GO:0070776),5/6,9.194937392040431e-06,protein-containing complex,GO_Cellular_Component_2023,1.0839560340210264e-06,0.0,0.0,106.07777777777778,1456.9669502400602,ING5;BRPF1;MEAF6;BRPF3;KAT6A,0.8333333333333334
5,905,Arginine N-methyltransferase Activity (GO:0016273),5/6,9.614218736534322e-06,catalytic activity,GO_Molecular_Function_2023,1.0839560340210264e-06,0.0,0.0,106.07777777777778,1456.9669502400602,PRMT6;PRMT5;PRMT2;PRMT1;FBXO11,0.8333333333333334
5,905,Endoplasmic Reticulum To Golgi Vesicle-Mediated Transport (GO:0006888),20/115,5.018708652590039e-06,localization,GO_Biological_Process_2023,2.079273100724177e-07,0.0,0.0,4.519774011299435,69.54159226725393,RAB2A;TRAPPC3;ARF4;RAB1A;COPA;SEC24B;SEC24A;PEF1;PDCD6;CUL3;TRAPPC10;USO1;NRBP1;GOLGA2;SCFD1;TFG;TRIP11;YKT6;SEC24C;SEC31A,0.17391304347826086
5,905,MLL3/4 Complex (GO:0044666),7/11,1.1941813759324442e-06,protein-containing complex,GO_Cellular_Component_2023,1.0679670841672267e-07,0.0,0.0,37.20406458797327,597.2122469347875,KMT2D;NCOA6;RBBP5;KMT2C;WDR5;DPY30;KDM6A,0.6363636363636364
5,905,Transcription Initiation At RNA Polymerase II Promoter (GO:0006367),17/76,9.900241464056822e-07,cellular process,GO_Biological_Process_2023,3.7131302481852884e-08,0.0,0.0,6.17674454115132,105.6767209185149,MED1;TBP;MAZ;MED8;MED4;MED15;MED6;MED17;MED7;CDK9;MED22;MED21;MED20;TAF4B;ELOB;ELOC;TAF1,0.2236842105263158
5,905,cullin-RING Ubiquitin Ligase Complex (GO:0031461),26/174,9.565853934523731e-07,protein-containing complex,GO_Cellular_Component_2023,8.165972870934894e-08,0.0,0.0,3.7867201672662425,61.80194228756667,CUL5;PEF1;PDCD6;CUL3;CUL2;CUL1;KEAP1;RNF7;DCAF7;DCAF17;SPOP;ELOB;ELOC;FBXO7;SKP1;FBXW4;USP47;FBXW5;FBXW7;KCTD5;RBX1;KLHL20;DDB2;KLHL9;APPBP2;FBXL3,0.14942528735632185
5,905,Regulation Of Multicellular Organismal Development (GO:2000026),17/59,1.9047545446705533e-08,biological regulation,GO_Biological_Process_2023,5.565571499909597e-10,0.0,0.0,8.684604247104247,185.0624139525159,BRD1;BRPF1;MEAF6;BRPF3;MCRS1;YY1;ING5;KAT2B;ZZZ3;RAB14;KAT6A;DHX36;TADA3;WDR5;MBIP;TRIP12;KAT14,0.288135593220339
5,905,Core Promoter Sequence-Specific DNA Binding (GO:0001046),13/35,2.0276585744738638e-08,binding,GO_Molecular_Function_2023,1.789110506888703e-09,0.0,0.0,12.634987770077457,254.488203352682,ZBTB17;NPM1;RRN3;SMARCB1;POU2F1;TBP;HDAC1;BAZ2A;SMARCA4;TAF1B;AGO2;UBTF;TAF1,0.37142857142857144
5,905,Regulation Of Androgen Receptor Signaling Pathway (GO:0060765),12/27,2.1432206352298505e-08,biological regulation,GO_Biological_Process_2023,6.355822206525503e-10,0.0,0.0,17.092945128779395,361.968404749934,NCOR2;DDX5;KDM4C;NCOR1;KDM1A;PRMT2;HDAC1;RNF14;RNF6;HDAC6;PIAS2;SMARCA4,0.4444444444444444
5,905,Transcription By RNA Polymerase II (GO:0006366),31/192,2.2704589656061433e-08,cellular process,GO_Biological_Process_2023,6.83217045908521e-10,0.0,0.0,4.171255170061259,88.03103891438911,CCNK;SETD2;CCNT2;CCNT1;ICE1;CBFB;SRCAP;MAZ;CCDC124;CDC73;MED17;MNT;SCAF8;LEO1;ELOB;ELOC;PKNOX1;MED1;PBRM1;ZNF141;TBP;NFYA;MED4;MED7;CDK9;TFCP2;TFDP1;MED20;TAF4B;TRIP11;TAF1,0.16145833333333334
5,905,Protein Polyubiquitination (GO:0000209),34/226,2.32809810226894e-08,cellular process,GO_Biological_Process_2023,7.107146409019876e-10,0.0,0.0,3.843175947187141,80.95554097789562,RNF34;CBFB;RNF14;UBE2D2;CUL3;MYCBP2;UBE2D3;CUL1;UBE2D1;UBE3A;RNF6;RNF4;NPEPPS;TNKS2;ARIH2;SPOP;TRIM27;ARIH1;RFFL;FBXO7;SKP1;HUWE1;MUL1;DDB2;RBX1;KLHL20;RNF146;ITCH;CDC34;NEDD4;MKRN1;TPP2;TRIP12;TAF1,0.1504424778761062
5,905,Histone Methyltransferase Activity (GO:0042054),10/19,2.4056053172389688e-08,catalytic activity,GO_Molecular_Function_2023,2.181553841613771e-09,0.0,0.0,23.69459962756052,472.5468132298968,PRMT6;SUZ12;PRMT5;PRMT2;EED;PRMT1;KMT2C;DOT1L;KMT5B;KMT5A,0.5263157894736842
5,905,H4 Histone Acetyltransferase Complex (GO:1902562),9/15,3.6818108407932186e-08,protein-containing complex,GO_Cellular_Component_2023,2.9933421469863562e-09,0.0,0.0,31.95703125,627.2166672660728,KANSL1;PHF20;KANSL2;MCRS1;KANSL3;WDR5;MSL3;KAT8;OGT,0.6
5,905,Regulation Of Histone H3-K4 Methylation (GO:0051569),9/14,4.029039669952702e-08,None,GO_Biological_Process_2023,1.2475439012936844e-09,0.0,0.0,38.35044642857143,786.264269607637,KDM1A;KANSL1;PHF20;KANSL2;MCRS1;KANSL3;WDR5;KAT8;OGT,0.6428571428571429
5,905,Protein K48-linked Ubiquitination (GO:0070936),18/70,4.2737632667906414e-08,cellular process,GO_Biological_Process_2023,1.341957938111322e-09,0.0,0.0,7.431575752319834,151.82067279058546,RNF34;UBE2D2;CUL3;UBE2D3;MYCBP2;CUL1;UBE2D1;UBE3A;RNF6;RNF4;RBX1;RNF146;ITCH;CDC34;ARIH2;RFFL;FBXO7;SKP1,0.2571428571428571
5,905,Positive Regulation Of Histone Methylation (GO:0031062),10/19,6.852469806603256e-08,None,GO_Biological_Process_2023,2.181553841613771e-09,0.0,0.0,23.69459962756052,472.5468132298968,KANSL1;PHF20;KANSL2;MCRS1;KANSL3;WDR5;KAT8;BAZ2A;OGT;RRP8,0.5263157894736842
5,905,Endopeptidase Activity (GO:0004175),41/335,7.667566809409332e-08,catalytic activity,GO_Molecular_Function_2023,7.32929180311186e-09,0.0,0.0,3.0346159297052155,56.84256519946788,USP13;USP14;USP33;USP11;USP34;USP17L21;IDE;USP17L20;USP17L22;PSMB10;ZMPSTE24;USP17L24;PSMB6;PSMB7;USP17L4;USP17L5;PSMB5;CAPN7;USP17L8;RCE1;USP46;USP24;USP17L15;USP47;USP17L18;USP7;USP48;USP17L17;USP5;USP20;USP17L19;USP9X;USP17L12;USP17L11;USP17L3;PSMB8;PSMB9;USP17L1;USP17L13;PSMA6;TPP2,0.12238805970149254
5,905,Regulation Of Cell Cycle (GO:0051726),39/298,7.93876572481742e-08,biological regulation,GO_Biological_Process_2023,2.5620089997230227e-09,0.0,0.0,3.275183464559908,64.79123212821925,L3MBTL1;BTG4;HSP90AB1;MEAF6;UHRF2;TRRAP;PRCC;YEATS4;RRP8;RNF2;YY1;ING5;TP53BP2;EP400;MBIP;WDR5;EPC1;KAT7;DMAP1;BRD7;KAT14;MEN1;SRPK2;ZBTB17;MCRS1;ACTL6A;PUM1;CDK11B;HIPK2;PER2;CDK9;KAT2B;MORF4L1;PPM1A;ZZZ3;TADA3;BMAL1;EIF4G2;ZPR1,0.13087248322147652
5,905,Regulation Of Transcription Initiation By RNA Polymerase II (GO:0060260),16/57,8.370279474206514e-08,biological regulation,GO_Biological_Process_2023,2.737771306434751e-09,0.0,0.0,8.36412521605531,164.90811016642732,MED1;TBP;MED8;MED4;PPM1D;MED15;MED6;MED17;MED7;MED12;MED22;MED21;MED20;DHX36;TAF4B;TAF1,0.2807017543859649
5,905,Regulation Of Proteasomal Ubiquitin-Dependent Protein Catabolic Process (GO:0032434),22/109,8.962826916599908e-08,biological regulation,GO_Biological_Process_2023,2.9706709361604564e-09,0.0,0.0,5.443511539813333,106.88050759958932,PSMD10;USP7;HSP90AB1;USP5;RNF14;USP9X;KEAP1;CSNK1D;CSNK1E;RCHY1;GABARAP;PIAS1;RBX1;BAG5;XPO1;RYBP;ARIH2;TLK2;ELOB;ARIH1;OGT;TAF1,0.2018348623853211
5,905,"Negative Regulation Of Gene Expression, Epigenetic (GO:0045814)",15/51,1.237567705284238e-07,cellular process,GO_Biological_Process_2023,4.209781116972114e-09,0.0,0.0,8.922752808988765,172.08291849735045,L3MBTL1;KMT2D;USP7;UHRF2;SMYD5;BAZ2A;UBR2;PPHLN1;BMI1;PPM1D;SCMH1;LMNA;TASOR;EPC1;TRIM27,0.29411764705882354
5,905,Histone Deacetylase Binding (GO:0042826),20/99,1.5502928663361229e-07,binding,GO_Molecular_Function_2023,1.519894966996199e-08,0.0,0.0,5.43974826575127,97.926563216161,HDAC4;HDAC2;HSP90AB1;HDAC3;HDAC1;CHD4;HDAC6;H1-5;NCOR2;KAT2B;SFPQ;BRMS1;NCOR1;MTA1;SP2;RBBP4;DHX36;SUDS3;MTA2;MTA3,0.20202020202020202
5,905,Positive Regulation Of Transcription Initiation By RNA Polymerase II (GO:0060261),15/52,1.645940035256717e-07,biological regulation,GO_Biological_Process_2023,5.670704875066753e-09,0.0,0.0,8.681141815973277,164.8371076691406,MED1;TBP;MED8;MED4;MED15;MED6;MED17;MED7;MED12;MED22;PSMC6;MED21;MED20;TAF4B;TAF1,0.28846153846153844
5,905,Positive Regulation Of Histone H3-K4 Methylation (GO:0051571),8/12,2.05720355587168e-07,None,GO_Biological_Process_2023,7.177334691222607e-09,0.0,0.0,42.56633221850613,798.2182379324778,KANSL1;KANSL2;PHF20;KANSL3;MCRS1;WDR5;KAT8;OGT,0.6666666666666666
5,905,Regulation Of Cellular Response To Stress (GO:0080135),21/107,3.2428800618267337e-07,biological regulation,GO_Biological_Process_2023,1.145544199773072e-08,0.0,0.0,5.250828685678207,96.01035726778323,NPM1;TRRAP;MCRS1;USP22;ACTL6A;USP19;YY1;CDK9;TADA2B;KAT2B;DNAJC7;DNAJB6;AIFM2;TADA3;HSF1;SMYD2;CRY1;KMT5A;SUPT20H;ATXN7L3;AJUBA,0.19626168224299065
5,905,SUMO Transferase Activity (GO:0019789),10/24,3.7473151209326203e-07,catalytic activity,GO_Molecular_Function_2023,3.765684312701898e-08,0.0,0.0,15.228252194732642,260.3231816095819,HDAC4;PIAS3;UHRF2;TRIM28;MUL1;ZBED1;TRIM27;PIAS2;PML;PIAS1,0.4166666666666667
5,905,Positive Regulation Of Proteasomal Protein Catabolic Process (GO:1901800),19/90,4.5495783425868293e-07,biological regulation,GO_Biological_Process_2023,1.6269752468038378e-08,0.0,0.0,5.745970177725496,103.04798858265193,PSMD10;USP13;USP5;RNF14;FBXW7;FMR1;KEAP1;CSNK1D;CSNK1E;RCHY1;GABARAP;PIAS1;RBX1;ATXN3;PSMC6;ARIH2;ELOB;ARIH1;TAF1,0.2111111111111111
5,905,Positive Regulation Of T Cell Differentiation (GO:0045582),16/64,4.738179438020668e-07,biological regulation,GO_Biological_Process_2023,1.715084576344158e-08,0.0,0.0,7.141732283464567,127.70287435000289,SMARCE1;SMARCD1;PBRM1;SMARCC1;SMARCD2;SMARCB1;SMARCC2;SMARCD3;ACTL6B;ACTL6A;ARID1A;ARID1B;SMARCA2;SMARCA4;ARID2;BRD7,0.25
5,905,Positive Regulation Of DNA-templated Transcription Initiation (GO:2000144),15/56,4.738301015745356e-07,biological regulation,GO_Biological_Process_2023,1.7357927837880937e-08,0.0,0.0,7.832556864894491,139.96165435965403,MED1;TBP;MED8;MED4;MED15;MED6;MED17;MED7;MED12;MED22;MED21;MED20;DHX36;TAF4B;TAF1,0.26785714285714285
5,905,Positive Regulation Of Multicellular Organismal Process (GO:0051240),44/387,5.298762317991838e-07,biological regulation,GO_Biological_Process_2023,1.9642162975547592e-08,0.0,0.0,2.7938494461995846,49.57849955497071,LRPAP1;SMARCD1;HDAC2;HDAC3;SMARCB1;NUMA1;KDM1A;HDAC1;ARID4A;ARID4B;ING1;ING2;TERT;RBBP4;BCL7A;SIN3A;C1QBP;BCL7C;SAP30L;HSF1;BCL7B;DPF2;RBBP7;SUDS3;PPARGC1B;SMARCE1;MED1;SS18;SMARCC1;ACTL6B;NCOA3;ACTL6A;ARID1A;SMARCA2;ETV4;SAP30;SMARCA4;PER2;REST;BRMS1;AGO2;CNOT3;ZNF516;OGT,0.11369509043927649
5,905,Histone H4 Acetyltransferase Activity (GO:0010485),9/20,7.948198492945392e-07,catalytic activity,GO_Molecular_Function_2023,8.181969036855551e-08,0.0,0.0,17.426542207792206,284.379349210197,BRD1;BRPF1;MEAF6;BRPF3;USP22;KAT6A;MSL3;KAT8;KAT7,0.45
5,905,NSL Complex (GO:0044545),8/10,9.672140777480566e-09,protein-containing complex,GO_Cellular_Component_2023,7.077176178644317e-10,0.0,0.0,85.14158305462654,1793.845965434976,KANSL1;KANSL2;PHF20;KANSL3;MCRS1;WDR5;KAT8;OGT,0.8
5,905,Regulation Of Cell Cycle Process (GO:0010564),33/130,1.7156270752318463e-14,biological regulation,GO_Biological_Process_2023,2.843167416433063e-16,0.0,0.0,7.411969166745484,265.3221300883801,L3MBTL1;SMARCD1;SETD2;SMARCD2;SMARCB1;SMARCD3;RRP8;USP19;BCL7A;BCL7C;DPF1;BCL7B;DPF2;DPF3;ARID2;BRD7;SMARCE1;PLK3;PRMT5;SMARCC1;PBRM1;SMARCC2;ACTL6B;ACTL6A;PUM1;ARID1A;SMARCA2;ARID1B;PUM2;SMARCA4;KLHL9;MYBBP1A;BIRC6,0.25384615384615383
5,905,Nucleosomal DNA Binding (GO:0031492),18/34,1.736488545226571e-14,binding,GO_Molecular_Function_2023,5.95853912577745e-16,0.0,0.0,24.19828072153326,848.3079028822108,MBD3;SMARCE1;HDAC2;SMARCD2;SMARCC1;SMARCB1;SMARCC2;HDAC1;ACTL6A;MBD2;CHD4;GATAD2B;H1-3;SMARCA4;H1-5;H1-4;RBBP4;MTA2,0.5294117647058824
5,905,Signaling By ALK Fusions And Activated Point Mutants R-HSA-9725370,14/55,4.159133665352937e-07,Disease,Reactome_2022,1.0501812505016165e-07,0.0,0.0,7.302181708685774,117.33972820655406,NPM1;CUL1;GCC2;KLC1;RBX1;EML4;ZC3HC1;PPM1B;WDCP;TFG;KIF5B;BIRC6;SKP1;SEC31A,0.2545454545454545
5,905,Histone Modification (GO:0016570),37/81,2.997425312837658e-26,None,GO_Biological_Process_2023,2.0915309640384877e-28,0.0,0.0,18.45640448261416,1176.3094584107491,HDAC4;HDAC2;HDAC3;MEAF6;TRRAP;HDAC1;HDAC11;CHD4;YEATS4;CHD3;HDAC6;ING5;MTA1;RBBP4;EP400;EPC1;KAT7;DMAP1;RBBP7;SUDS3;TBL1X;MTA2;ATXN7L3;MTA3;KAT14;MBD3;ACTL6A;MBD2;MSL3;GATAD2B;GATAD2A;KAT2B;MORF4L1;BRMS1;TBL1XR1;CARM1;TADA3,0.4567901234567901
5,905,Transcriptional misregulation in cancer,29/192,3.597817636310627e-07,Cancer: overview,KEGG_2021_Human,1.153146678304688e-08,0.0,0.0,3.8450570075916746,70.28066830453332,DDX5;HDAC2;CCNT2;CCNT1;KMT2A;MAX;HDAC1;DOT1L;PRCC;BMI1;CCND2;SIN3A;MEN1;H3-3B;KDM6A;ZBTB17;SS18;TAF15;ASPSCR1;ETV4;ETV5;PML;DDB2;CDK9;PER2;CCNA1;NCOR1;EWSR1;TCF3,0.15104166666666666
5,905,Spinocerebellar ataxia,27/143,9.2999303564958e-09,Neurodegenerative disease,KEGG_2021_Human,2.384597527306615e-10,0.0,0.0,5.031350640169665,111.47873336650936,PSMD12;PSMD11;PSMD8;PSMB6;ATXN3;PSMB7;PSMB4;PSMB5;OPA1;PSMB2;PSMB3;PSMD2;RB1CC1;PSMD1;CIC;TBP;NFYA;PUM1;PUM2;ATXN2L;SEM1;PSMA5;PSMA6;PSMA3;PSMC6;PSMA1;PSMA2,0.1888111888111888
5,905,Ubiquitin mediated proteolysis,34/140,2.2471531501441602e-14,"Folding, sorting and degradation",KEGG_2021_Human,4.321448365661848e-16,0.0,0.0,6.992894742542729,247.39302793375973,CUL5;MGRN1;UBE2D2;CUL3;UBE2D3;CUL2;CUL1;KEAP1;UBE2D1;UBE3A;RNF7;RCHY1;HERC4;ELOB;ELOC;SKP1;PIAS3;FBXW7;SIAH1;HUWE1;WWP1;PIAS2;PML;PIAS1;RBX1;DDB2;KLHL9;ITCH;CDC34;NEDD4;UBA3;BIRC6;TRIP12;UBE2M,0.24285714285714285
5,905,Herpes simplex virus 1 infection,71/498,4.825561506797691e-16,Infectious disease: viral,KEGG_2021_Human,6.1866173164072974e-18,0.0,0.0,3.721878703126492,147.4762547507808,ZNF254;ZNF253;ZNF45;ZNF607;ZNF528;ZNF649;ZNF41;ZNF765;ZNF564;ZNF563;ZNF320;ZNF440;ZNF285;ZNF705D;ZNF282;ZNF480;ZNF705A;ZNF99;ZNF12;ZNF519;ZNF317;ZNF713;ZNF558;ZNF679;ZNF479;ZNF676;ZNF433;ZNF675;ZNF510;ZNF234;ZNF233;ZNF430;ZNF671;ZNF670;ZNF791;ZNF273;ZNF350;ZNF195;ZNF2;ZNF25;ZNF7;ZNF708;ZNF669;ZNF746;ZNF225;ZNF224;ZNF860;ZNF141;POU2F1;PML;SRPK1;ZNF33A;ZFP69;ZNF37A;ZNF737;ZNF30;ZNF74;ZNF417;ZNF735;ZNF778;ZNF613;ZNF337;ZNF214;ZNF354A;ZNF136;ZNF257;ZNF730;ZNF333;ZNF454;ZNF354C;ZNF772,0.142570281124498
5,905,Proteasome,26/46,2.8907741619728134e-21,"Folding, sorting and degradation",KEGG_2021_Human,1.853060360238983e-23,0.0,0.0,28.21103526734926,1476.639459810966,PSMD12;PSMD11;PSMB10;PSMB6;PSMD8;PSMB7;PSMB4;PSMB5;PSMB2;PSMB3;PSMD2;PSMD1;PSMF1;PSMB8;PSMB9;PSMA5;SEM1;PSMA6;PSMA3;PSMC6;PSMA1;PSMA2;PSME3;PSME4;PSME1;PSME2,0.5652173913043478
5,905,Intra-Golgi And Retrograde Golgi-to-ER Traffic R-HSA-6811442,30/181,2.9242062151024314e-09,Vesicle-mediated transport,Reactome_2022,6.725674294735591e-10,0.0,0.0,4.301381267738884,90.84482285560318,USP6NL;ARF4;RAB1A;COPA;TMF1;GCC2;KLC1;CAPZB;VPS51;KIF3A;KIF5B;GOLGA1;KIF1C;KIF1B;RAB6A;SNAP29;YKT6;NSF;ARFGAP1;ARFGAP2;CAPZA1;CAPZA2;RAB18;PLIN3;RAB3GAP2;TRIP11;VPS45;ARF5;PAFAH1B2;RAB3GAP1,0.16574585635359115
5,905,HCMV Infection R-HSA-9609646,24/121,3.595259067607027e-09,Disease,Reactome_2022,8.314036593841251e-10,0.0,0.0,5.335455258200031,111.55319533910829,SUZ12;TSG101;HDAC3;H2AC6;H2BC5;EED;GPS2;H2AC1;H2BC18;PML;H2AC11;NCOR2;H2AC12;H2AC25;NCOR1;TRIM28;RBBP4;TBL1XR1;H2BC21;H2AC21;CHMP1A;RBBP7;TBL1X;VPS36,0.19834710743801653
5,905,Notch-HLH Transcription Pathway R-HSA-350054,12/28,4.587358856770781e-09,Gene expression (Transcription),Reactome_2022,1.0665609341992067e-09,0.0,0.0,16.023796192609183,331.03282453172613,HDAC4;NCOR2;KAT2B;HDAC2;HDAC3;NCOR1;HDAC1;TBL1XR1;HDAC11;TBL1X;HDAC6;HDAC7,0.42857142857142855
5,905,Signaling By ROBO Receptors R-HSA-376176,32/209,6.1449655580759525e-09,Developmental Biology,Reactome_2022,1.4363856992002536e-09,0.0,0.0,3.917758751237696,79.77001800330586,PSMD10;PSMD12;PSMD11;USP33;CUL2;PSMB10;PSMD8;PSMB6;PSMB7;PSMB4;PSMB5;PSMB2;PSMD5;PSMB3;PSMD2;ELOB;PSMF1;ELOC;PSMB8;PSMB9;RBX1;PSMA5;SEM1;PSMA6;PSMA3;PSMC6;PSMA1;PSMA2;PSME3;PSME4;PSME1;PSME2,0.15311004784688995
5,905,HCMV Early Events R-HSA-9609690,21/96,6.1726625090938814e-09,Disease,Reactome_2022,1.450575689637062e-09,0.0,0.0,6.024434389140271,122.60510370582904,SUZ12;HDAC3;H2AC6;H2BC5;EED;GPS2;H2AC1;H2BC18;PML;H2AC11;NCOR2;H2AC12;NCOR1;H2AC25;TRIM28;RBBP4;TBL1XR1;H2BC21;H2AC21;RBBP7;TBL1X,0.21875
5,905,Regulation Of Nucleotide-Excision Repair (GO:2000819),23/26,2.997425312837658e-26,biological regulation,GO_Biological_Process_2023,2.0897775724214835e-28,0.0,0.0,165.9546485260771,10577.173453792737,SMARCE1;SMARCD1;SMARCD2;PBRM1;SMARCC1;SMARCB1;SMARCD3;SMARCC2;ACTL6B;ACTL6A;ARID1A;ARID1B;SMARCA2;SMARCA4;BCL7A;BCL7C;BCL7B;DPF1;DPF2;DPF3;KAT7;ARID2;BRD7,0.8846153846153846
5,905,COPII-mediated Vesicle Transport R-HSA-204005,17/66,1.5843421233827125e-08,Metabolism of proteins,Reactome_2022,3.743008266491658e-09,0.0,0.0,7.441211619783048,144.38462843878747,NSF;RAB1A;TRAPPC3;SEC23A;SEC24B;SEC24A;TRAPPC10;USO1;CSNK1D;GOLGA2;SCFD1;SEC23IP;CNIH1;TFG;YKT6;SEC24C;SEC31A,0.25757575757575757
5,905,Transport To Golgi And Subsequent Modification R-HSA-948021,26/164,9.951331176065921e-08,Metabolism of proteins,Reactome_2022,2.375880318285738e-08,0.0,0.0,4.063263590047979,71.33186296600395,ARF4;RAB1A;COPA;SEC23A;USO1;GOLGA2;SCFD1;TFG;CAPZB;YKT6;SEC31A;NSF;TRAPPC3;SEC24B;SEC24A;TRAPPC10;CSNK1D;ARFGAP1;ARFGAP2;SEC23IP;CNIH1;GOLGB1;CAPZA1;CAPZA2;SEC24C;ARF5,0.15853658536585366
5,905,G1/S-Specific Transcription R-HSA-69205,11/29,1.0441629015558261e-07,Cell Cycle,Reactome_2022,2.5059909637339825e-08,0.0,0.0,13.040454884414617,228.23399565854857,RBL2;CCNA1;TFDP1;LIN37;RBBP4;TFDP2;HDAC1;CCNE1;E2F4;E2F5;E2F6,0.3793103448275862
5,905,Disorders Of Transmembrane Transporters R-HSA-5619115,27/176,1.0873435412531581e-07,Disease,Reactome_2022,2.6232162932732444e-08,0.0,0.0,3.9102138783996576,68.25778670319559,PSMD10;PSMD12;PSMD11;PSMB10;PSMD8;PSMB6;PSMB7;PSMB4;PSMB5;PSMB2;PSMD5;PSMB3;PSMD2;PSMF1;PSMB8;PSMB9;SEM1;PSMA5;PSMA6;PSMA3;PSMC6;PSMA1;PSMA2;PSME3;PSME4;PSME1;PSME2,0.1534090909090909
5,905,Transcription Of E2F Targets Under Negative Control By DREAM Complex R-HSA-1362277,9/19,1.9333712472107537e-07,Cell Cycle,Reactome_2022,4.688425274486078e-08,0.0,0.0,19.170200892857142,323.5083350855724,RBL2;TFDP1;LIN37;RBBP4;TFDP2;HDAC1;MAX;E2F4;E2F5,0.47368421052631576
5,905,Formation Of beta-catenin:TCF Transactivating Complex R-HSA-201722,15/60,1.967235483337525e-07,Signal Transduction,Reactome_2022,4.795136490635219e-08,0.0,0.0,7.134831460674158,120.2438751963131,TLE3;KMT2D;H2AC6;H2BC5;TRRAP;HDAC1;ASH2L;CDC73;SMARCA4;TERT;RBBP5;H2BC21;LEO1;H3-3B;MEN1,0.25
5,905,Transcriptional Activation Of Mitochondrial Biogenesis R-HSA-2151201,14/52,1.976846456587681e-07,Organelle biogenesis and maintenance,Reactome_2022,4.8432738186398186e-08,0.0,0.0,7.879910213243547,132.72203567702752,CRTC3;HDAC3;SMARCD3;CHD9;NCOA6;POLRMT;NCOR1;POLG2;TBL1XR1;CARM1;TFAM;TBL1X;GABPA;PPARGC1B,0.2692307692307692
5,905,Loss Of MECP2 Binding Ability To NCoR/SMRT Complex R-HSA-9022537,6/7,2.308975843740873e-07,Disease,Reactome_2022,5.6858530152119e-08,0.0,0.0,127.4349276974416,2125.9586149480588,NCOR2;HDAC3;NCOR1;TBL1XR1;GPS2;TBL1X,0.8571428571428571
5,905,Heme Signaling R-HSA-9707616,13/45,2.346387336829939e-07,Cellular responses to stimuli,Reactome_2022,5.807308658654098e-08,0.0,0.0,8.68199971973094,144.6556896903757,CRTC3;HDAC3;SMARCD3;CHD9;NCOA6;XPO1;NCOR1;TBL1XR1;CARM1;NRIP1;TBL1X;BMAL1;CLOCK,0.28888888888888886
5,905,HSP90 Chaperone Cycle For Steroid Hormone Receptors (SHR) In Presence Of Ligand R-HSA-3371497,12/38,2.5095240002828225e-07,Cellular responses to stimuli,Reactome_2022,6.242440950703521e-08,0.0,0.0,9.855629253165649,163.49808360442273,DNAJA1;STIP1;HSPA8;HSP90AB1;CAPZB;HSPA1L;PTGES3;CAPZA1;CAPZA2;DNAJA2;HSPA2;FKBP4,0.3157894736842105
5,905,RAB GEFs Exchange GTP For GDP On RABs R-HSA-8876198,18/89,3.1161160617288204e-07,Vesicle-mediated transport,Reactome_2022,7.790290154322051e-08,0.0,0.0,5.437413658954856,88.99851362951779,RAB1A;TRAPPC3;DENND4A;DENND1A;TRAPPC10;GDI2;DENND4C;HPS1;HPS4;GAPVD1;RAB21;RAB14;RAB12;RAB18;RAB3GAP2;CHML;RAB6A;RAB3GAP1,0.20224719101123595
5,905,Attenuation Phase R-HSA-3371568,10/26,3.737021732307541e-07,Cellular responses to stimuli,Reactome_2022,9.389267102422697e-08,0.0,0.0,13.32332402234637,215.5862182646637,HSPA8;HSP90AB1;DNAJB6;HSPA1L;HSBP1;PTGES3;HSF1;HSPA2;RLN1;FKBP4,0.38461538461538464
5,905,Disorders Of Developmental Biology R-HSA-9675151,8/12,3.0220356594621506e-08,Disease,Reactome_2022,7.177334691222607e-09,0.0,0.0,42.56633221850613,798.2182379324778,NCOR2;HDAC3;NCOR1;HDAC1;SIN3A;TBL1XR1;GPS2;TBL1X,0.6666666666666666
5,905,Negative Regulation Of Nucleic Acid-Templated Transcription (GO:1903507),85/456,2.693915473847621e-27,None,GO_Biological_Process_2023,1.6447804899200477e-29,0.0,0.0,5.231542962329893,346.7328602577686,ZNF253;KDM5C;KDM1A;ARID4A;CHD4;CTCF;CHD3;RRP8;TRIM28;BCL7A;SIN3A;MYB;SCMH1;MLX;EPC1;KAT8;KMT5A;CIC;YAF2;MEN1;PRMT6;USP47;SMARCC2;RING1;PRMT2;ZNF282;EED;DNMT3A;ZNF12;ZBTB33;NCOR2;EID1;SFPQ;NCOR1;BRMS1;TFDP2;KAT6A;ZNF318;CRY1;CLOCK;HDAC4;L3MBTL1;KHDRBS1;HDAC2;SET;ZNF350;HDAC3;HDAC1;FOXK2;HDAC6;RNF2;RBM15B;MTA1;RBBP4;ZNF746;SAP18;RBBP7;DMAP1;SUDS3;BRD7;MTA2;ZNF224;MTA3;MBD3;SMARCE1;SPEN;HSPA8;CBX5;POU2F1;CBX4;MBD2;HMGA1;WWP1;SMARCA2;GATAD2B;PML;GATAD2A;SMARCA4;PER2;REST;CNOT7;MYBBP1A;MDM4;BMAL1;RCOR1,0.18640350877192982
5,905,Positive Regulation Of Nucleic Acid-Templated Transcription (GO:1903508),95/557,1.644287620000641e-27,None,GO_Biological_Process_2023,9.322171417360809e-30,0.0,0.0,4.730198813532147,316.19088329467405,KDM5A;TRRAP;PHF20;RNF14;YEATS4;CHD4;CTCF;CHD3;ING1;MED17;PHF8;MED12;YY1;ING2;TRIM28;MYB;WDR5;EPC1;KAT8;SUPT20H;YAF2;ATXN7L3;RNF111;MED1;SMARCC1;SMARCC2;ATMIN;PRMT2;NCOA6;ACTL6A;DYRK1A;MSL3;MED4;ARID1A;ARID1B;KAT2B;MED22;MORF4L1;PPM1A;TBL1XR1;THRAP3;KAT6A;ZNF318;ZNF516;TFAM;CLOCK;HDAC4;HDAC2;SMARCD3;MEAF6;KMT2A;MAX;HDAC1;KMT2B;MAZ;CXXC1;FOXK2;RNF6;RNF4;MTA1;RBBP4;NSD1;EP400;RBBP7;APBB1;TBL1X;DMAP1;MTA2;MTA3;MBD3;NPM1;BRPF1;TAF15;NFYA;MCRS1;CNBP;SS18L1;USP22;MBD2;HMGA1;SMARCA2;GATAD2B;GATAD2A;HIPK2;SMARCA4;TADA2B;REST;RYBP;KANSL1;KANSL2;KANSL3;TADA3;TCF3;OGT;BMAL1,0.17055655296229802
5,905,Regulation Of Stem Cell Population Maintenance (GO:2000036),33/56,5.478793182523693e-28,biological regulation,GO_Biological_Process_2023,2.8672271343342482e-30,0.0,0.0,31.38093338651775,2134.6631205366,SMARCD1;HDAC2;SMARCB1;HDAC1;ARID4A;ARID4B;ELAVL1;ING1;ING2;BCL7A;RBBP4;SIN3A;BCL7C;SAP30L;BCL7B;DPF2;RBBP7;SUDS3;SMARCE1;SS18;SMARCC1;ACTL6B;NCOA3;ACTL6A;ARID1A;SMARCA2;SAP30;SMARCA4;REST;BRMS1;CNOT2;CNOT3;OGT,0.5892857142857143
5,905,Signaling By Nuclear Receptors R-HSA-9006931,39/260,2.0386230131968136e-10,Signal Transduction,Reactome_2022,4.35755669070819e-11,0.0,0.0,3.846080695557669,91.75411839905236,DDX5;HSP90AB1;HDAC3;CCNT1;KDM1A;CBFB;KDM1B;HDAC1;GPS2;CHD1;YY1;XPO1;H2BC21;MYB;NRIP1;TBL1X;H3-3B;TLE3;KDM4B;POU2F1;TBP;H2BC5;H2AC6;PRMT1;NCOA3;PTGES3;KCTD6;NCOR2;CDK9;KAT2B;NCOR1;TBL1XR1;CARM1;AGO2;FKBP4;EBAG9;PPID;TNRC6A;TNRC6B,0.15
5,905,ERCC6 (CSB) And EHMT2 (G9a) Positively Regulate rRNA Expression R-HSA-427389,16/45,2.3706203300032217e-10,Gene expression (Transcription),Reactome_2022,5.0968337095069266e-11,0.0,0.0,11.832589891780769,280.4302093594158,HDAC2;H2AC6;H2BC5;HDAC1;CHD4;CHD3;TTF1;GATAD2B;GATAD2A;MTA1;RBBP4;H2BC21;RBBP7;MTA2;MTA3;H3-3B,0.35555555555555557
5,905,Signaling By NOTCH1 R-HSA-1980143,20/74,2.8218270561201833e-10,Signal Transduction,Reactome_2022,6.102201008859896e-11,0.0,0.0,7.968612680477087,187.42006891183607,HDAC4;TLE3;HDAC2;HDAC3;FBXW7;HDAC1;HDAC11;CUL1;CCNC;HDAC6;RBX1;HDAC7;NCOR2;KAT2B;CDK8;ITCH;NCOR1;TBL1XR1;TBL1X;SKP1,0.2702702702702703
5,905,ESR-mediated Signaling R-HSA-8939211,32/188,4.111630978696965e-10,Signal Transduction,Reactome_2022,8.942797378665901e-11,0.0,0.0,4.450083707815667,102.96420151368866,DDX5;HSP90AB1;CCNT1;KDM1A;CBFB;HDAC1;CHD1;YY1;XPO1;H2BC21;MYB;NRIP1;H3-3B;TLE3;KDM4B;POU2F1;TBP;H2AC6;H2BC5;PRMT1;NCOA3;PTGES3;KCTD6;CDK9;KAT2B;CARM1;AGO2;FKBP4;EBAG9;PPID;TNRC6A;TNRC6B,0.1702127659574468
5,905,Circadian Clock R-HSA-400253,19/69,5.855043362584004e-10,None,Reactome_2022,1.2881095397684808e-10,0.0,0.0,8.168284424379232,186.01368862337864,CRTC3;HDAC3;SMARCD3;CHD9;NCOA6;CUL1;CSNK1D;CSNK1E;PER2;NCOR1;TBL1XR1;CARM1;NRIP1;CRY1;FBXL3;TBL1X;CLOCK;BMAL1;SKP1,0.2753623188405797
5,905,ER To Golgi Anterograde Transport R-HSA-199977,26/133,1.0442307190622195e-09,Metabolism of proteins,Reactome_2022,2.3103604659251608e-10,0.0,0.0,5.249040434648549,116.46805743625896,ARF4;RAB1A;COPA;SEC23A;USO1;GOLGA2;SCFD1;TFG;CAPZB;YKT6;SEC31A;NSF;TRAPPC3;SEC24B;SEC24A;TRAPPC10;CSNK1D;ARFGAP1;ARFGAP2;SEC23IP;CNIH1;GOLGB1;CAPZA1;CAPZA2;SEC24C;ARF5,0.19548872180451127
5,905,Regulation Of MECP2 Expression And Activity R-HSA-9022692,13/31,1.329714749737784e-09,Gene expression (Transcription),Reactome_2022,2.958615318166569e-10,0.0,0.0,15.44600149476831,338.90272011925856,HDAC2;HDAC3;HDAC1;GPS2;HIPK2;NCOR2;NCOR1;SIN3A;TBL1XR1;AGO2;TBL1X;TNRC6A;TNRC6B,0.41935483870967744
5,905,HDMs Demethylate Histones R-HSA-3214842,12/26,1.645751459084213e-09,Chromatin organization,Reactome_2022,3.682368889700927e-10,0.0,0.0,18.31482962725964,397.8401258995118,KDM5A;KDM5B;KDM5C;KDM4B;KDM3B;KDM4C;KDM1A;KDM2B;KDM4D;KDM1B;PHF8;KDM6A,0.46153846153846156
5,905,Factors Involved In Megakaryocyte Development And Platelet Production R-HSA-983231,26/136,1.7138503409898526e-09,Hemostasis,Reactome_2022,3.8561632672271687e-10,0.0,0.0,5.105078084600269,110.65858235308956,HDAC2;KDM1A;HDAC1;KLC1;PHF21A;AKAP1;AKAP10;CAPZB;KIF3A;SIN3A;KIF5B;MYB;HMG20B;KIF1C;KIF1B;H3-3B;CBX5;CABLES1;RBSN;CABLES2;MAFG;CAPZA1;CAPZA2;VPS45;ZFPM1;RCOR1,0.19117647058823528
5,905,MAPK Family Signaling Cascades R-HSA-5683057,42/318,2.07607417166622e-09,Signal Transduction,Reactome_2022,4.697117813394824e-10,0.0,0.0,3.3183787596352463,71.27513164787258,PSMD10;PSMD12;PSMD11;CUL3;CDC14A;PSMB10;PSMD8;PSMB6;PSMB7;PSMB4;CCND3;XPO1;PSMB5;PSMB2;FNTA;PSMD5;PSMB3;PSMD2;PSMF1;RCE1;LYPLA1;NCOA3;PPP2R5C;ETV4;PSMB8;PSMB9;RBX1;PSMA5;SEM1;PSMA6;PSMA3;PSMC6;PSMA1;PSMA2;PSME3;PSME4;AGO2;PSME1;PSME2;MAPKAPK5;TNRC6A;TNRC6B,0.1320754716981132
5,905,Signaling By TGFB Family Members R-HSA-9006936,24/119,2.554750690481478e-09,Signal Transduction,Reactome_2022,5.812057820845361e-10,0.0,0.0,5.448354143019296,115.86424282817052,CCNK;CCNT2;TGIF2;CCNT1;HDAC1;USP9X;UBE2D3;UBE2D1;CCNC;NEDD8;YBX1;CDK9;NCOR2;CDK8;PPM1A;XPO1;NCOR1;TFDP1;TFDP2;E2F4;E2F5;RNF111;MEN1;UBE2M,0.20168067226890757
5,905,G0 And Early G1 R-HSA-1538133,12/27,2.7785015110494004e-09,Cell Cycle,Reactome_2022,6.355822206525503e-10,0.0,0.0,17.092945128779395,361.968404749934,RBL2;CCNA1;TFDP1;LIN37;RBBP4;TFDP2;HDAC1;MAX;CCNE1;DYRK1A;E2F4;E2F5,0.4444444444444444
5,905,Nucleus (GO:0005634),520/4487,1.9021889846055306e-118,cellular anatomical structure,GO_Cellular_Component_2023,7.732475547176952e-121,0.0,0.0,5.150648695896995,1424.5013491399518,TRRAP;TESK2;NOC2L;GABPB1;H2AC15;DCAF7;H2AC18;PSMD8;USP17L4;H2AC13;USP17L5;PSMD2;USP17L8;MYB;PSMD1;ADNP2;RNF111;MED1;MED8;ZNF12;MED4;MED6;MED7;EWSR1;PSME3;PSME4;ATF7;CLOCK;SET;MEAF6;SRCAP;FLII;NAIF1;BAZ2A;OAZ1;PRDX5;TERT;PRDX1;PPARGC1B;KAT14;BTF3;PLK3;PHC2;PHC1;SETD1A;PHC3;H1-3;NR2F6;H1-5;TADA2B;H1-4;MLLT10;ZNF37A;HNRNPF;AGO2;H2AC21;CDK13;CDK16;BTG4;SETD5;SETD2;CHM;ASH2L;CTCF;MED15;ING1;MED17;PHF8;MED12;ING5;ING2;AIFM2;RIOK2;JARID2;CIC;ZNF485;TEAD4;SS18;UPF1;BRD2;BRD1;ACTL6B;RING1;HSBP1;ACTL6A;TCF12;BAZ1B;LRRC41;DDB2;PSMA5;NCOR2;PSMA6;MED22;KAT2B;PSMA3;TUBB2A;NCOR1;PSMA1;PSMA2;MED21;MED20;TET3;ZNF350;GPS2;HSPA13;PSMB6;PSMB7;PSMB4;SCAF8;PSMB5;PSMB2;PSMB3;PPP1R7;NSD1;PPP1R8;UBN1;LEO1;SPOP;CHML;BRD7;ZNF224;MBD3;CDKN2D;HSPA1L;USP9X;PCGF5;MCRS1;PCGF2;MBD2;ZFTRAF1;ZNF76;ELP3;HIPK1;USP17L3;ELP6;GATAD2B;PSMB8;TARBP2;GATAD2A;USP17L1;HIPK2;RNF146;ZNF33A;PSMC6;RYBP;MYBBP1A;ZNF335;MTCH2;CCNT2;CCNT1;PDCD6;UBE2D2;FMR1;UBE2D3;ATN1;UBE2D1;YEATS4;YY1;EIF4ENIF1;SESN1;KPNA6;KMT5B;KPNA4;ZNF326;KMT5A;MAF1;KPNA3;KPNA1;ZNF563;GTF2I;HMGN1;MEN1;RAB2A;TLE3;CSNK1G3;USP7;USP5;FBXW7;DYRK1A;ZBTB33;FBXO11;MYT1;PIAS2;SAP30;RBX1;PIAS1;CLIP1;DMTF1;KAT6A;NCL;MSH5;ZNF317;ERF;MAPKAPK5;RAD54L2;STAMBP;AJUBA;ZNF433;ZNF675;KPNB1;CSNK1G2;KMT2D;KHDRBS1;ZNF791;KMT2A;MAX;KMT2C;CUL3;KMT2B;MAZ;CUL1;BCL2L12;ATXN3;STIP1;BAG5;BAG1;SMYD2;ZKSCAN5;TIA1;BRPF1;BRPF3;ZC3HC1;CDK9;CDK8;CNOT6;ZFP69;TFCP2;COPS5;CNOT7;STK24;CNOT2;MAFG;CDK3;TADA3;MDM4;OGT;PIWIL2;PIWIL4;HSP90AB1;NUMA1;RNF14;CDC73;SYNE2;SIN3B;PPP1R13L;SIN3A;ZNF649;WDR5;UBTF;TLK2;HMG20B;TLK1;YAF2;ILKAP;DNMT3A;MSL3;METTL23;PPM1A;PPM1B;TFDP1;TFDP2;ZNF638;ZNF516;BIRC6;TOP1;HDAC4;SMARCD1;SMARCD2;HDAC2;RNF34;SMARCD3;HDAC3;UHRF2;MGRN1;HDAC1;PRCC;CXXC1;FOXK2;LENG8;RCHY1;PPM1D;HDAC6;RBBP4;DNAJB6;RBBP5;ZNF746;SAP18;RBBP6;RBBP7;E2F6;SMARCE1;MLXIP;CIZ1;CNBP;EXOG;PML;EIF4A1;CCNK;SMARCB1;CCNI;HDAC11;CCNC;TIAL1;TRIM28;DPF2;EPC1;KAT8;UBAP2L;KAT7;TRIM27;ZFPL1;FBXO7;ATXN7L3;SKP1;SMARCC1;CSNK1D;CSNK1E;CDC34;TFAM;BCORL1;ZFPM1;L3MBTL1;MYCBP2;TXN;FXR1;FXR2;PCBP4;DHX36;TP53BP2;ZBED1;SRPK2;ZRANB1;SETDB1;INTS3;SS18L1;SIAH1;SMARCA2;SMARCA4;SRPK1;FBXL3;SLC2A4RG;RCOR1;TOP2B;PPP1R11;PYROXD1;FAF1;INTS10;CCDC124;IDE;BMI1;HINT1;XPO1;C1QBP;MLX;ARIH2;UBXN7;ARIH1;GABPA;PRMT6;PRMT5;PBRM1;ATMIN;PRMT2;NCOA6;PRMT1;NCOA3;NCOA4;SREBF2;MLF2;DMC1;PTMA;MYCBP;DOT1L;NEDD8;USP17L21;USP17L20;USP17L22;USP17L24;HIRA;RBM15B;HSF2;HSF1;LMNA;MARCHF7;APBB1;TBL1X;SUZ12;USP17L15;NPM1;USP17L18;NPM2;USP17L17;H2BC5;NFYA;USP17L19;PTGES3;HUWE1;USP17L12;USP17L11;USP17L13;PER2;PRKRA;NEDD4;CCNG1;HDGF;TRIP12;ZNF354A;BMAL1;CRTC3;KDM1A;KDM1B;ARID4A;ARID4B;CCND3;CCND2;KHSRP;H2AC8;H2AC6;KDM2B;H2AC1;BRMS1;CCNE1;TBL1XR1;PPID;PSMD10;DDX5;PSMD11;SUDS3;DMAP1;CBX8;HSPA8;CBX6;POU2F1;CBX5;CBX4;CBX2;HMGA1;ASPSCR1;HSPA2;SEM1;APPBP2;JMY;UBA3;TAF4B;TCF3;BRWD1;UBE2M;KDM5A;KDM5B;KDM5C;DYRK2;USP34;DPY30;CHD4;TRIAP1;CHD3;YBX1;TENT4A;CHD1;ELAVL1;YBX3;CABIN1;H2BC21;ZNF385A;KDM6A;USP46;USP47;USP48;TGIF2;TBP;EED;STPG4;PPP2R5C;OXSR1;SAFB;ARID1A;ETV4;ETV5;H2BC18;CCNA1;SFPQ;THRAP3;DPPA2;CRY1;EAPP;OTUB1;USP13;RRN3;USP11;RNF6;ABRAXAS2;RNF7;RNF4;PSMB10;RNF2;MTA1;TAF1B;TNKS2;TGS1;SAP30L;FAM120A;NRIP1;RALY;MTA2;MTA3;USP24;SPEN;KDM4B;TAF15;KDM4C;KDM4D;ZNF804B;ARID3A;CDK11B;REST;KANSL1;CARM1;OTUD3;TAF1;ZPR1,0.11589034989971027
5,905,Intracellular Membrane-Bounded Organelle (GO:0043231),548/5175,1.4301924901648486e-110,cellular anatomical structure,GO_Cellular_Component_2023,1.1627581220852423e-112,0.0,0.0,4.7997801238498425,1237.0892599958715,TRRAP;TESK2;NOC2L;GABPB1;H2AC15;DCAF7;H2AC18;PSMD8;USP17L4;H2AC13;USP17L5;TFG;PSMD2;USP17L8;MYB;PSMD1;ADNP2;RNF111;MED1;MED8;ZNF12;MED4;MED6;MED7;EWSR1;PSME3;PSME4;ATF7;CLOCK;LRPAP1;SET;MEAF6;SRCAP;FLII;NAIF1;BAZ2A;OAZ1;PRDX5;TERT;PRDX1;PPARGC1B;KAT14;BTF3;PLK3;PHC2;PHC1;SETD1A;PHC3;H1-3;NR2F6;H1-5;TADA2B;H1-4;MLLT10;ZNF37A;HNRNPF;AGO2;H2AC21;CDK13;CDK16;BTG4;SETD5;SETD2;DENND1A;CHM;ASH2L;CTCF;MED15;CLINT1;ING1;MED17;PHF8;MED12;ING5;ING2;AIFM2;RIOK2;JARID2;CIC;ZNF485;TEAD4;SS18;UPF1;BRD2;BRD1;ACTL6B;RING1;HSBP1;ACTL6A;TCF12;BAZ1B;RBSN;LRRC41;DDB2;PSMA5;NCOR2;PSMA6;MED22;KAT2B;PSMA3;TUBB2A;NCOR1;PSMA1;PSMA2;MED21;MED20;TET3;ZNF350;GPS2;HSPA13;PSMB6;PSMB7;PSMB4;SCAF8;PSMB5;PSMB2;PSMB3;PPP1R7;NSD1;PPP1R8;UBN1;LEO1;SPOP;CHML;BRD7;ZNF224;MBD3;CDKN2D;HSPA1L;USP9X;PCGF5;MCRS1;PCGF2;MBD2;ZFTRAF1;ZNF76;ELP3;HIPK1;USP17L3;ELP6;GATAD2B;PSMB8;TARBP2;GATAD2A;USP17L1;HIPK2;RNF146;ZNF33A;PSMC6;RYBP;MYBBP1A;SNX15;ZNF335;MTCH2;CCNT2;CCNT1;PDCD6;UBE2D2;FMR1;UBE2D3;ATN1;UBE2D1;YEATS4;YY1;EIF4ENIF1;SESN1;KPNA6;KMT5B;KPNA4;ZNF326;KMT5A;MAF1;KPNA3;KPNA1;ZNF563;GTF2I;HMGN1;MEN1;RAB2A;TLE3;CSNK1G3;USP7;USP5;FBXW7;DYRK1A;ZBTB33;FBXO11;MYT1;PIAS2;SAP30;RBX1;PIAS1;CLIP1;DMTF1;KAT6A;NCL;MSH5;ZNF317;ERF;MAPKAPK5;RAD54L2;STAMBP;AJUBA;ZNF433;ZNF675;KPNB1;CSNK1G2;KMT2D;KHDRBS1;ZNF791;KMT2A;MAX;KMT2C;CUL3;KMT2B;MAZ;CUL1;BCL2L12;ATXN3;STIP1;BAG5;BAG1;SMYD2;ZKSCAN5;TIA1;BRPF1;BRPF3;ZC3HC1;CDK9;CDK8;CNOT6;ZFP69;TFCP2;COPS5;CNOT7;STK24;CNOT2;MAFG;CDK3;TADA3;MDM4;OGT;PIWIL2;PIWIL4;HSP90AB1;NUMA1;RNF14;CDC73;SYNE2;SIN3B;PPP1R13L;SIN3A;ZNF649;WDR5;UBTF;TLK2;HMG20B;TLK1;DNM1L;YAF2;ILKAP;DNMT3A;MSL3;METTL23;PPM1A;PPM1B;TFDP1;TFDP2;ZNF638;ZNF516;BIRC6;TOP1;HDAC4;SMARCD1;SMARCD2;HDAC2;RNF34;SMARCD3;HDAC3;UHRF2;MGRN1;HDAC1;PRCC;CXXC1;FOXK2;LENG8;RCHY1;PPM1D;HDAC6;RBBP4;DNAJB6;VPS51;RBBP5;ZNF746;SAP18;RBBP6;RBBP7;E2F5;E2F6;SMARCE1;MLXIP;CIZ1;CNBP;EXOG;PML;RAB14;DNAJA3;TNRC6A;EIF4A1;CCNK;SMARCB1;CCNI;HDAC11;CCNC;TIAL1;GOLGA2;GOLGA5;TRIM28;DPF2;EPC1;KAT8;UBAP2L;KAT7;TRIM27;ZFPL1;FBXO7;ATXN7L3;SKP1;SMARCC1;CSNK1D;CSNK1E;CDC34;TFAM;BCORL1;ZFPM1;L3MBTL1;MYCBP2;TXN;FXR1;SCFD1;FXR2;PCBP4;DHX36;TP53BP2;ZBED1;SEC31A;SRPK2;ZRANB1;SETDB1;STK11IP;INTS3;SS18L1;SIAH1;SMARCA2;SMARCA4;SRPK1;GOLGB1;FBXL3;SLC2A4RG;RCOR1;TOP2B;PPP1R11;PYROXD1;FAF1;INTS10;CCDC124;IDE;BMI1;HINT1;XPO1;C1QBP;MLX;ARIH2;UBXN7;ARIH1;GABPA;PRMT6;PRMT5;PBRM1;ATMIN;PRMT2;NCOA6;PRMT1;NCOA3;NCOA4;SREBF2;MLF2;DMC1;PTMA;MYCBP;DOT1L;NEDD8;USP17L21;USP17L20;USP17L22;USP17L24;HIRA;RBM15B;HSF2;HSF1;LMNA;MARCHF7;APBB1;TBL1X;SUZ12;USP17L15;NPM1;USP17L18;NPM2;USP17L17;H2BC5;NFYA;YIPF3;USP17L19;PTGES3;HUWE1;USP17L12;USP17L11;USP17L13;PER2;ITCH;SEC23IP;PRKRA;NEDD4;CCNG1;HDGF;TRIP12;ZNF354A;BMAL1;CRTC3;KDM1A;KDM1B;ARID4A;ARID4B;CCND3;CCND2;KHSRP;G6PD;H2AC8;H2AC6;KDM2B;H2AC1;BRMS1;CCNE1;TBL1XR1;PPID;PSMD10;DDX5;PSMD11;SUDS3;DMAP1;CBX8;HSPA8;CBX6;POU2F1;CBX5;CBX4;CBX2;DENND4C;CCZ1;HMGA1;ASPSCR1;HSPA2;SEM1;APPBP2;JMY;UBA3;TAF4B;TCF3;BRWD1;UBE2M;KDM5A;KDM5B;KDM5C;DYRK2;USP34;DPY30;CHD4;TRIAP1;CHD3;YBX1;TENT4A;CHD1;ELAVL1;YBX3;CABIN1;H2BC21;ZNF385A;KDM6A;POLG;USP46;USP47;USP48;TGIF2;TBP;EED;STPG4;PPP2R5C;OXSR1;SAFB;ARID1A;ETV4;ETV5;H2BC18;CCNA1;SFPQ;RABEP2;THRAP3;DPPA2;CRY1;EAPP;OTUB1;USP13;RRN3;USP11;RNF6;ABRAXAS2;RNF7;RNF4;PSMB10;RNF2;MTA1;TAF1B;TNKS2;TGS1;SAP30L;FAM120A;NRIP1;BNIP2;RALY;MTA2;MTA3;USP24;SPEN;KDM4B;TAF15;KDM4C;KDM4D;ZNF804B;ARID3A;CDK11B;REST;KANSL1;CARM1;KANSL3;OTUD3;TAF1;ZPR1,0.10589371980676328
5,905,Regulation Of DNA-templated Transcription (GO:0006355),291/1922,1.4511173986058803e-80,biological regulation,GO_Biological_Process_2023,6.32846663151278e-84,0.0,0.0,5.074746813070058,972.1798524039136,CCNK;SMARCB1;TRRAP;RRP8;TIAL1;TRIM28;MYB;DPF1;DPF2;EPC1;DPF3;KAT8;KAT7;SUPT20H;PKNOX1;ZFPL1;ATXN7L3;RNF111;MED1;SMARCC1;SMARCC2;ZNF282;MED8;ZNF12;MED4;MED6;MED7;EID1;ZNF713;TFAM;NOBOX;ATF7;CLOCK;L3MBTL1;ZNF274;ZNF273;SET;MEAF6;SRCAP;MYNN;BAZ2A;ZNF708;DHX36;ZBED1;PPARGC1B;KAT14;ZNF141;SS18L1;SMARCA2;SMARCA4;THAP11;TADA2B;MLLT10;ZZZ3;ZNF37A;ZNF257;SLC2A4RG;RCOR1;CDK16;ZNF253;SETD5;PHF20;CTCF;HIF3A;ING1;MED17;PHF8;MED12;ING5;ING2;HINT1;MLX;ELOC;CIC;GABPA;VENTX;ZNF485;TEAD4;PRMT6;SS18;BRD2;PRMT5;PBRM1;BRD1;ACTL6B;RING1;ATMIN;PRMT2;NCOA6;ACTL6A;TCF12;BAZ1B;MLF2;NCOR2;MED22;KAT2B;NCOR1;AEBP2;MED21;MED20;ZNF479;ZNF350;MYCBP;GPS2;ZNF2;HIRA;MNT;RBM15B;HSF2;NSD1;HSF1;APBB1;TBL1X;BRD7;ZNF224;MBD3;NPM1;NFYA;PCGF5;MCRS1;MBD2;ZNF76;WWP1;ELP3;GATAD2B;GATAD2A;HIPK2;PER2;ZNF33A;RYBP;MYBBP1A;PRKRA;ZNF354A;BMAL1;CCNT2;CCNT1;KDM1A;ZSCAN9;ARID4A;YEATS4;ARID4B;YY1;POFUT1;SCMH1;ZNF326;KMT5A;ARID2;ZNF444;ZNF564;ZNF563;MEN1;PIAS3;KDM2B;DYRK1A;ZBTB33;MYT1;PIAS2;SAP30;PIAS1;MORF4L1;BRMS1;DMTF1;TBL1XR1;KAT6A;ZNF318;ERF;ZNF679;ZNF676;MZF1;AJUBA;ZNF433;ZNF675;ZNF430;PSMD10;ZNF671;KMT2D;KHDRBS1;DDX5;ZNF791;KMT2A;CBFB;MAX;KMT2B;MAZ;ZKSCAN8;MBIP;EP400;ZKSCAN5;SUDS3;DMAP1;HSPA8;BRPF1;POU2F1;CBX5;CBX4;BRPF3;DENND4A;HMGA1;TFCP2;CNOT7;SP2;CNOT2;MAFG;TADA3;JMY;MDM4;TCF3;BRWD1;OGT;KDM5A;KDM5C;RNF14;CHD4;CHD3;YBX1;CHD1;BCL7A;PPP1R13L;SIN3A;ZNF649;BCL7C;BCL7B;WDR5;YAF2;USP47;TGIF2;EED;DNMT3A;MSL3;OXSR1;SAFB;ARID1A;ETV4;ARID1B;ETV5;PPM1A;SFPQ;TFDP1;TFDP2;ZNF519;THRAP3;ZNF516;CRY1;ZNF510;HDAC4;USP13;SMARCD1;SMARCD2;HDAC2;SMARCD3;HDAC3;KDM3B;ZNF195;HDAC1;CXXC1;FOXK2;RNF6;RNF4;RNF2;HDAC6;MTA1;RBBP4;SAP30L;ZNF746;SAP18;E2F4;RBBP7;E2F5;MTA2;E2F6;MTA3;SMARCE1;MLXIP;SPEN;TAF15;KDM4C;CNBP;USP22;ARID3A;CDK11B;PML;REST;KANSL1;KANSL2;CARM1;ZNF737;KANSL3;ZNF735;ZNF613;ZNF732;ZNF730,0.1514047866805411
5,905,Regulation Of Transcription By RNA Polymerase II (GO:0006357),283/2028,8.796730575576898e-70,biological regulation,GO_Biological_Process_2023,7.672682577912691e-73,0.0,0.0,4.523765651056302,751.1760158867246,CCNK;SMARCB1;TRRAP;CCNC;NOC2L;GABPB1;TIAL1;MYB;DPF1;DPF2;EPC1;DPF3;SUPT20H;TRIM27;PKNOX1;ATXN7L3;MED1;SMARCC1;SMARCC2;ZNF705D;MED8;PTOV1;ZNF705A;MED4;MED6;MED7;EID1;ZNF705EP;NOBOX;ATF7;BCORL1;ZFPM1;CLOCK;ZNF274;SRCAP;MYNN;ZNF25;DHX36;ZBED1;PPARGC1B;KAT14;ZNF266;PLK3;ZNF141;SS18L1;SMARCA2;NR2F6;SMARCA4;THAP11;H1-5;TADA2B;MLLT10;ZZZ3;AGO2;CDK13;ZNF136;SLC2A4RG;RCOR1;ZNF254;ARF4;PHF20;CTCF;HIF3A;BMI1;ING1;MED17;PHF8;MED12;ING2;C1QBP;MLX;ELOC;CIC;GABPA;VENTX;ZNF485;TEAD4;SS18;BRD2;PBRM1;BRD1;ACTL6B;ATMIN;NCOA6;HSBP1;NCOA3;ACTL6A;TCF12;BAZ1B;SREBF2;NCOR2;KAT2B;NCOR1;AEBP2;MED21;MED20;TET3;PTMA;TMF1;ZNF350;LIN37;DOT1L;GPS2;HIRA;MNT;HSF2;NSD1;HSF1;LEO1;APBB1;TBL1X;BRD7;ZNF224;MBD3;NPM1;NFYA;USP9X;PCGF5;MCRS1;PCGF2;MBD2;ZNF76;ELP3;GATAD2B;GATAD2A;HIPK2;PER2;MYBBP1A;PRKRA;HDGF;ZNF337;ZNF354A;BMAL1;CCNT2;CRTC3;CCNT1;KDM1A;KDM1B;UBE2D3;ZSCAN9;ATN1;UBE2D1;ARID4A;YEATS4;ARID4B;YY1;KMT5A;ARID2;ZNF444;ZNF564;ZNF563;GTF2I;MEN1;ZNF440;PIAS3;KDM2B;ZBTB33;PIAS2;SAP30;PIAS1;BRMS1;DMTF1;TBL1XR1;ERF;ZNF558;MZF1;ZNF433;ZNF675;PPID;PSMD10;ZNF671;KMT2D;DDX5;ZNF791;KMT2A;CBFB;MAX;KMT2C;MAZ;PHF21A;BCL2L12;ZKSCAN8;ZNF669;MBIP;SMYD2;SUDS3;DMAP1;CBX8;ZBTB17;CBX6;BRPF1;POU2F1;CBX5;CBX4;BRPF3;CBX2;HMGA1;CDK9;SEM1;ZFP69;TFCP2;COPS5;SP2;CNOT2;MAFG;TADA3;JMY;ZNF778;MDM4;TCF3;BRWD1;OGT;RNF14;CHD4;TRIAP1;CHD3;YBX1;CHD1;CDC73;BCL7A;SIN3B;PPP1R13L;SIN3A;ZNF649;BCL7C;BCL7B;WDR5;TGIF2;EED;DNMT3A;OXSR1;SAFB;ARID1A;ETV4;ARID1B;ETV5;METTL23;PPM1A;SFPQ;TFDP1;TFDP2;THRAP3;CRY1;ZNF510;HDAC4;SMARCD1;SMARCD2;HDAC2;SMARCD3;HDAC3;KDM3B;HDAC1;FOXK2;PPM1D;RNF4;NR2C1;RNF2;HDAC6;MTA1;RBBP4;SAP30L;NRIP1;ZNF746;SAP18;E2F4;RBBP7;E2F5;MTA2;E2F6;MTA3;SMARCE1;MLXIP;SPEN;KDM4C;CNBP;USP22;ARID3A;ASXL1;REST;DNAJA3;KANSL3;ZNF613;TAF1,0.13954635108481261
5,905,Chromatin Organization (GO:0006325),89/268,5.278107311057539e-50,cellular process,GO_Biological_Process_2023,9.048411558492465e-53,0.0,0.0,11.52593383722204,1381.2036044650831,KDM5A;KDM5B;KDM5C;SMARCB1;HDAC11;YEATS4;CHD4;CTCF;CHD3;BMI1;CHD1;CABIN1;YY1;ING5;TRIM28;BCL7A;BCL7C;H2BC21;DPF1;BCL7B;DPF2;DPF3;KAT7;JARID2;ARID2;SKP1;HMGN1;KDM6A;BRD2;SS18;SMARCC1;PBRM1;SMARCC2;ACTL6B;RING1;KDM2B;ACTL6A;BAZ1B;ARID1A;SAFB;ARID1B;KAT2B;SFPQ;TOP1;L3MBTL1;HDAC4;SMARCD1;ZNF274;HDAC2;SMARCD2;HDAC3;SMARCD3;HDAC1;BAZ2A;RNF2;HIRA;MTA1;RBBP4;UBN1;SUDS3;RBBP7;BRD7;MTA2;MTA3;MBD3;SMARCE1;NPM1;KDM4B;PHC1;NPM2;BRPF1;CBX5;KDM4C;KDM4D;MCRS1;PCGF2;MBD2;SMARCA2;GATAD2B;SMARCA4;GATAD2A;H1-5;TADA2B;PER2;REST;ZZZ3;RYBP;MYBBP1A;HDGF,0.332089552238806
5,905,Negative Regulation Of DNA-templated Transcription (GO:0045892),171/1025,5.278107311057539e-50,biological regulation,GO_Biological_Process_2023,9.20733940001315e-53,0.0,0.0,4.976119750620577,596.223784954143,KDM1A;KDM1B;UBE2D3;ATN1;UBE2D1;ARID4A;ARID4B;NOC2L;RRP8;YY1;TRIM28;SCMH1;MYB;DPF2;EPC1;KAT8;KMT5A;TRIM27;MAF1;MEN1;ZNF440;MED1;SMARCC2;ZNF705D;KDM2B;ZNF282;ZNF705A;ZNF12;ZBTB33;SAP30;EID1;BRMS1;ZNF705EP;TBL1XR1;KAT6A;ZNF318;ERF;ZNF558;BCORL1;MZF1;ZNF675;ZFPM1;CLOCK;PPID;L3MBTL1;PSMD10;KHDRBS1;ZNF274;DDX5;SET;CBFB;MAX;MAZ;BAZ2A;ZNF25;PHF21A;PRDX5;ZNF669;SMYD2;SUDS3;DMAP1;ZNF266;CBX8;ZBTB17;PLK3;HSPA8;CBX6;ZNF141;POU2F1;CBX5;CBX4;CBX2;HMGA1;SMARCA2;NR2F6;SMARCA4;THAP11;H1-5;ZFP69;CNOT7;SP2;CNOT2;MAFG;ZNF778;MDM4;TCF3;OGT;ZNF136;RCOR1;ZNF254;ZNF253;KDM5C;CHD4;CTCF;CHD3;BMI1;ING1;CDC73;ING2;BCL7A;SIN3B;SIN3A;C1QBP;MLX;CIC;YAF2;PRMT6;USP47;TGIF2;RING1;PRMT2;EED;HSBP1;DNMT3A;OXSR1;SREBF2;ETV5;NCOR2;PPM1A;SFPQ;NCOR1;TFDP2;CRY1;HDAC4;HDAC2;ZNF350;HDAC3;LIN37;HDAC1;FOXK2;GPS2;NR2C1;RNF2;HDAC6;MNT;RBM15B;MTA1;RBBP4;NSD1;SAP30L;HSF1;NRIP1;ZNF746;SAP18;RBBP7;APBB1;TBL1X;MTA2;BRD7;ZNF224;E2F6;MTA3;MBD3;SMARCE1;SPEN;USP9X;CNBP;PCGF2;MBD2;WWP1;GATAD2B;PML;GATAD2A;PER2;REST;MYBBP1A;DNAJA3;HDGF;ZNF337;BMAL1;TAF1,0.16682926829268294
5,905,Chromatin Remodeling (GO:0006338),82/228,4.146608558488572e-49,cellular process,GO_Biological_Process_2023,9.041885212578656e-52,0.0,0.0,12.931456915061837,1519.8671987964049,KDM5A;KDM5B;SETD2;KDM5C;SMARCB1;KDM1A;YEATS4;CHD4;CTCF;CHD3;BMI1;CHD1;YY1;BCL7A;BCL7C;DPF1;BCL7B;DPF2;DPF3;JARID2;ARID2;SKP1;KDM6A;SS18;SMARCC1;PBRM1;SMARCC2;ACTL6B;RING1;KDM2B;ACTL6A;BAZ1B;ARID1A;ARID1B;KAT2B;SFPQ;TOP1;HDAC4;SMARCD1;ZNF274;HDAC2;SMARCD2;SMARCD3;HDAC1;BAZ2A;HDAC6;RNF2;HIRA;MTA1;RBBP4;SUDS3;RBBP7;BRD7;MTA2;MTA3;SRPK2;MBD3;SMARCE1;NPM1;KDM4B;PHC1;NPM2;BRPF1;KDM4C;SETDB1;KDM4D;MCRS1;PCGF2;MBD2;SMARCA2;GATAD2B;SMARCA4;GATAD2A;TADA2B;PER2;CDK9;REST;RYBP;MYBBP1A;HDGF;TRIP12;ZNF335,0.35964912280701755
5,905,Positive Regulation Of DNA-templated Transcription (GO:0045893),173/1243,1.4066114152763416e-39,biological regulation,GO_Biological_Process_2023,3.680622979353707e-42,0.0,0.0,3.981314794954293,379.8392963418503,CCNK;CCNT2;SMARCB1;CRTC3;CCNT1;ICE1;KDM1A;TRRAP;KDM1B;CCNC;YEATS4;GABPB1;YY1;TRIM28;MYB;EPC1;KAT8;KAT7;SUPT20H;ATXN7L3;RNF111;GTF2I;HMGN1;MEN1;MED1;SMARCC1;SMARCC2;DYRK1A;PTOV1;MED4;MED6;MORF4L1;TBL1XR1;KAT6A;ZNF318;TFAM;ATF7;MZF1;ZFPM1;CLOCK;KMT2D;MEAF6;KMT2A;MAX;KMT2C;KMT2B;MAZ;BCL2L12;TERT;DHX36;EP400;ZBED1;DMAP1;PPARGC1B;ZBTB17;BRPF1;POU2F1;SS18L1;HMGA1;SMARCA2;SMARCA4;TADA2B;CDK9;SEM1;MLLT10;TFCP2;COPS5;AGO2;TADA3;TCF3;CDK13;OGT;KDM5A;ARF4;PHF20;RNF14;CHD4;CTCF;TRIAP1;CHD3;YBX1;ING1;CDC73;MED17;PHF8;MED12;ING2;SIN3A;MLX;WDR5;UBTF;YAF2;GABPA;VENTX;SS18;ATMIN;PRMT2;NCOA6;NCOA3;ACTL6A;TCF12;MSL3;OXSR1;BAZ1B;ARID1A;ETV4;ARID1B;SREBF2;ETV5;METTL23;MED22;PPM1A;KAT2B;SFPQ;TFDP1;TFDP2;THRAP3;MED21;TET3;ZNF516;PTMA;HDAC4;HDAC2;TMF1;SMARCD3;HDAC3;HDAC1;DOT1L;CXXC1;FOXK2;GPS2;RNF6;RNF4;SCAF8;MTA1;RBBP4;HSF2;NSD1;HSF1;NRIP1;LEO1;ZNF746;E2F4;RBBP7;APBB1;TBL1X;MTA2;MTA3;MBD3;MLXIP;NPM1;TAF15;NFYA;PCGF5;MCRS1;CNBP;USP22;MBD2;ZNF76;GATAD2B;GATAD2A;HIPK2;ASXL1;REST;RYBP;MYBBP1A;KANSL1;PRKRA;KANSL2;CARM1;KANSL3;BMAL1;ZPR1,0.13917940466613032
5,905,Negative Regulation Of Transcription By RNA Polymerase II (GO:0000122),131/763,6.768187874536171e-39,biological regulation,GO_Biological_Process_2023,2.066171614555308e-41,0.0,0.0,4.94442195728257,463.1948896609925,KDM1A;KDM1B;UBE2D3;ATN1;UBE2D1;ARID4A;ARID4B;NOC2L;YY1;MYB;DPF2;EPC1;KMT5A;TRIM27;MEN1;MED1;ZNF440;ZNF705D;KDM2B;ZNF705A;ZBTB33;SAP30;EID1;BRMS1;ZNF705EP;TBL1XR1;ERF;ZNF558;BCORL1;MZF1;ZNF675;ZFPM1;PPID;PSMD10;ZNF274;DDX5;CBFB;MAX;MAZ;ZNF25;PHF21A;SMYD2;ZNF669;DMAP1;SUDS3;ZNF266;CBX8;PLK3;ZBTB17;CBX6;ZNF141;CBX5;CBX4;CBX2;SMARCA2;NR2F6;THAP11;SMARCA4;H1-5;ZFP69;SP2;CNOT2;MAFG;ZNF778;MDM4;TCF3;ZNF136;OGT;ZNF254;CHD4;CTCF;CHD3;BMI1;ING1;CDC73;ING2;SIN3B;SIN3A;C1QBP;MLX;TGIF2;HSBP1;EED;DNMT3A;OXSR1;SREBF2;ETV5;NCOR2;PPM1A;SFPQ;NCOR1;CRY1;HDAC4;HDAC2;ZNF350;HDAC3;LIN37;HDAC1;GPS2;NR2C1;HDAC6;RNF2;MNT;MTA1;RBBP4;NSD1;SAP30L;HSF1;NRIP1;ZNF746;RBBP7;APBB1;TBL1X;MTA2;ZNF224;E2F6;MTA3;MBD3;SPEN;USP9X;PCGF2;CNBP;MBD2;GATAD2B;GATAD2A;PER2;REST;DNAJA3;ZNF337;HDGF;TAF1,0.17169069462647443
5,905,Regulation Of Nucleic Acid-Templated Transcription (GO:1903506),94/452,3.788041470018765e-34,None,GO_Biological_Process_2023,1.321601908423468e-36,0.0,0.0,6.066302034180851,501.16280343723696,ZNF253;TRRAP;RNF14;YEATS4;CHD3;YBX1;ING5;ING2;HINT1;POFUT1;MYB;WDR5;MLX;KAT7;ZFPL1;YAF2;PRMT5;BRD1;TGIF2;ZNF282;ACTL6A;MSL3;MYT1;SAP30;MLF2;KAT2B;SFPQ;DMTF1;ZNF519;KAT6A;ZNF516;ZNF713;ZNF679;ATF7;ZNF479;ZNF676;MZF1;CLOCK;AJUBA;ZNF675;ZNF430;USP13;KMT2D;ZNF274;ZNF273;ZNF350;MYCBP;MEAF6;SRCAP;ZNF195;CXXC1;FOXK2;BAZ2A;ZNF2;RNF6;ZNF708;RBBP4;NSD1;SAP30L;MBIP;ZBED1;ZKSCAN5;RALY;RBBP7;APBB1;DMAP1;KAT14;PPARGC1B;ZNF141;BRPF1;NFYA;BRPF3;DENND4A;CNBP;HMGA1;SMARCA2;CDK11B;PML;ZNF33A;REST;RYBP;ZZZ3;ZNF37A;MYBBP1A;ZNF737;CARM1;TADA3;ZNF735;ZNF732;TCF3;ZNF257;ZNF730;BMAL1;SLC2A4RG,0.2079646017699115
5,905,Positive Regulation Of Stem Cell Population Maintenance (GO:1902459),30/40,4.0931089566328024e-30,biological regulation,GO_Biological_Process_2023,1.6065408028650334e-32,0.0,0.0,65.43428571428572,4790.355045441137,SMARCD1;HDAC2;SMARCB1;HDAC1;ARID4A;ARID4B;ING1;ING2;BCL7A;RBBP4;SIN3A;BCL7C;SAP30L;BCL7B;DPF2;RBBP7;SUDS3;SMARCE1;SS18;SMARCC1;ACTL6B;NCOA3;ACTL6A;ARID1A;SMARCA2;SAP30;SMARCA4;REST;BRMS1;OGT,0.75
5,905,Ubiquitin-Dependent Protein Catabolic Process (GO:0006511),79/367,1.4270745055806338e-29,cellular process,GO_Biological_Process_2023,6.223613194856668e-32,0.0,0.0,6.2455987691686845,448.7735794349785,PPP1R11;RNF14;FAF1;UBE2D2;USP33;UBE2D3;KEAP1;UBE2D1;RPGR;PSMD8;HERC4;PSMD2;CHMP1A;ARIH2;PSMD1;UBXN7;ARIH1;ELOC;FBXO7;RNF111;SKP1;FBXW4;FBXW5;FBXW7;PPP2R5C;FBXO11;KCTD5;KCTD6;RBX1;PSMA5;PSMA6;PSMA3;CDC34;PSMA1;PSMA2;TBL1XR1;CLOCK;PSMD12;PSMD11;TSG101;RNF34;CUL3;CUL1;UBR4;NEDD8;RNF6;RNF7;RCHY1;RNF4;USP17L24;PSMB6;PSMB7;ATXN3;PSMB4;PSMB5;MTA1;PSMB2;PSMB3;SPOP;RBBP6;PSMF1;TBL1X;RFFL;RNF130;ZRANB1;USP9X;SIAH1;WWP1;PML;KLHL20;RNF146;CNOT4;ITCH;PSMC6;APPBP2;NEDD4;TRIP12;BMAL1;TAF1,0.21525885558583105
5,905,Regulation Of Gene Expression (GO:0010468),144/1127,2.1742587225069723e-28,biological regulation,GO_Biological_Process_2023,1.0430373287211816e-30,0.0,0.0,3.4865084892582576,240.69256333222677,TRRAP;YEATS4;YY1;POFUT1;KHSRP;MYB;ADNP2;KAT8;ZNF326;KAT7;SUPT20H;ZFPL1;ATXN7L3;MED1;ZNF282;FBXW7;ZBTB33;MYT1;SAP30;DMTF1;KAT6A;ZNF713;ZNF679;ATF7;ZNF676;MZF1;AJUBA;ZNF675;CLOCK;ZNF430;KMT2D;ZNF274;ZNF273;MEAF6;SRCAP;MAZ;BAZ2A;ZNF708;LARP1;HNRNPDL;TERT;DHX36;MBIP;ZBED1;ZKSCAN5;DMAP1;PPARGC1B;KAT14;SRPK2;ZBTB17;BRPF1;ZNF141;SETDB1;BRPF3;DENND4A;HMGA1;PUM1;SMARCA2;PUM2;TADA2B;CNOT7;ZZZ3;ZNF37A;HNRNPF;CDK3;TADA3;TCF3;ZNF257;OGT;SLC2A4RG;ZNF253;SETD2;PHF20;RNF14;CHD4;CTCF;CHD3;YBX1;BMI1;YBX3;ING5;ING2;HINT1;CHMP1A;MLX;WDR5;HMG20B;YAF2;KDM6A;PRMT5;BRD1;TGIF2;ACTL6A;MSL3;OXSR1;MLF2;RBL2;KAT2B;SFPQ;ZNF519;PTRH2;ZNF638;ZNF516;ZNF479;HDAC4;USP13;ZNF350;MYCBP;ZNF195;HDAC1;CXXC1;FOXK2;RNF6;ZNF2;RNF2;HDAC6;MTA1;RBBP4;NSD1;SAP30L;RBBP7;APBB1;NFYA;MCRS1;CNBP;USP22;CDK11B;PML;ZNF33A;REST;RYBP;MYBBP1A;KANSL1;KANSL2;CARM1;ZNF737;KANSL3;ZNF735;ZNF732;ZNF335;ZNF730;BMAL1;TAF1;ZPR1,0.12777284826974267
5,905,Nuclear Receptor Binding (GO:0016922),31/115,1.1353042924672511e-14,binding,GO_Molecular_Function_2023,3.617391127959378e-16,0.0,0.0,8.027419091206276,285.4197697078886,DDX5;SMARCD3;TMF1;KDM1A;RNF14;BAZ2A;RNF6;MED17;MED12;NSD1;NRIP1;PPARGC1B;SMARCE1;MED1;KDM4C;PRMT2;NCOA6;NCOA3;HMGA1;MED4;ARID1A;SMARCA4;ASXL1;MED22;NCOR1;THRAP3;TADA3;CRY1;TRIP12;PPID;TAF1,0.26956521739130435
5,905,Constitutive Signaling By NOTCH1 HD+PEST Domain Mutants R-HSA-2894862,18/58,2.0386230131968136e-10,Disease,Reactome_2022,4.3498936694921565e-11,0.0,0.0,9.667136414881623,230.64129206524623,HDAC4;HDAC2;HDAC3;FBXW7;HDAC1;HDAC11;CUL1;CCNC;HDAC6;RBX1;HDAC7;NCOR2;KAT2B;CDK8;NCOR1;TBL1XR1;TBL1X;SKP1,0.3103448275862069
5,905,SARS-CoV Infections R-HSA-9679506,41/369,4.447378607120623e-07,Disease,Reactome_2022,1.1285223215568581e-07,0.0,0.0,2.715133101851852,43.4344907493514,DDX5;HDAC2;SEC23A;HSP90AB1;KDM1A;HDAC1;CUL3;KEAP1;ARID4A;ARID4B;CHD4;CHD3;PHF21A;LARP1;MTA1;FNTA;RBBP4;SAP30L;G3BP2;HMG20B;SAP18;SUDS3;RBBP7;MTA2;MTA3;SRPK2;SEC24B;SEC24A;PRMT1;PTGES3;CNBP;GATAD2B;SRPK1;GATAD2A;RBX1;SAP30;REST;VPS45;FKBP4;SEC24C;RCOR1,0.1111111111111111
5,905,Golgi-to-ER Retrograde Transport R-HSA-8856688,20/112,5.172034697434066e-07,Vesicle-mediated transport,Reactome_2022,1.3253338912174798e-07,0.0,0.0,4.667894866126259,73.92279603578119,NSF;ARF4;RAB1A;COPA;KLC1;ARFGAP1;ARFGAP2;CAPZB;KIF3A;KIF5B;CAPZA1;CAPZA2;RAB18;KIF1C;RAB3GAP2;KIF1B;RAB6A;ARF5;PAFAH1B2;RAB3GAP1,0.17857142857142858
5,905,RNA Polymerase II Transcription Regulatory Region Sequence-Specific DNA Binding (GO:0000977),132/1225,3.783445297480896e-19,binding,GO_Molecular_Function_2023,3.7092600955695045e-21,0.0,0.0,2.812516200352946,132.31047798985384,ZSCAN9;YY1;ZNF607;MYB;PKNOX1;ZNF444;ZNF564;ZNF563;ZNF320;MED8;ZNF99;ZNF12;DMTF1;ZNF713;ZNF317;ZNF679;NOBOX;ZNF676;MZF1;ZNF433;ZNF675;CLOCK;ZNF28;ZNF430;ZNF671;ZNF274;ZNF670;ZNF791;ZNF273;MAX;MAZ;MYNN;ZNF708;ZKSCAN7;ZKSCAN8;DHX36;ZBED1;ZKSCAN5;ZNF264;ZBTB17;ZNF141;POU2F1;HMGA1;NR2F6;THAP11;TFCP2;SP2;ZNF37A;MAFG;ZNF30;ZNF417;TCF3;ZNF257;ZNF136;ZNF774;SLC2A4RG;ZNF772;ZNF254;ZNF253;CTCF;HIF3A;ZNF649;ZNF528;ZNF41;MLX;ZNF765;CIC;GABPA;VENTX;KDM6A;ZNF485;TEAD4;TGIF2;TBP;ZNF480;TCF12;DNMT3A;OXSR1;SAFB;ETV4;SREBF2;ETV5;RBL2;TFDP1;TFDP2;ZNF519;THRAP3;ZNF516;ZNF479;TOP1;ZNF510;HDAC4;ZNF197;ZNF350;ZNF195;HDAC1;FOXK2;ZNF2;NR2C1;HDAC6;ZNF7;MNT;MTA1;HSF2;NSD1;HSF1;NRIP1;ZNF746;E2F4;E2F5;ZNF224;E2F6;ZNF860;MLXIP;NFYA;ZNF76;ZNF33A;REST;PRKRA;ZNF737;ZNF74;ZNF735;ZNF613;ZNF732;ZNF335;ZNF354A;ZNF730;BMAL1;ZNF454;ZNF333;ZNF354C;TAF1,0.10775510204081633
5,905,Positive Regulation Of Double-Strand Break Repair (GO:2000781),31/84,9.965520034129411e-19,biological regulation,GO_Biological_Process_2023,1.2168973438971804e-20,0.0,0.0,12.743448037649497,584.3558740279891,SMARCD1;SMARCD2;SMARCB1;SMARCD3;MEAF6;TRRAP;YEATS4;BCL7A;BCL7C;BCL7B;DPF1;DPF2;EP400;DPF3;EPC1;KMT5B;DMAP1;ARID2;BRD7;SMARCE1;PBRM1;SMARCC1;SMARCC2;ACTL6B;KDM4D;ACTL6A;ARID1A;ARID1B;SMARCA2;SMARCA4;MORF4L1,0.36904761904761907
5,905,DNA Binding (GO:0003677),103/846,1.859756319131918e-18,binding,GO_Molecular_Function_2023,2.279113136191076e-20,0.0,0.0,3.1721772285302894,143.47096354129178,SMARCB1;CCNT1;FMR1;ARID4A;H2AC15;H2AC18;YY1;H2AC12;H2AC13;TRIM28;ZFPL1;HMGN1;MEN1;H2AC8;H2AC6;KDM2B;ZBTB33;H2AC1;POLRMT;POLG2;KAT6A;MSH5;ERF;TFAM;NOBOX;CLOCK;ZNF675;KHDRBS1;KMT2D;ZNF274;TSG101;CBFB;MAX;TERT;DHX36;ZBED1;POU2F1;DENND4A;HMGA1;SMARCA2;H1-3;NR2F6;SMARCA4;THAP11;H1-5;CDK9;H1-4;TFCP2;H2AC25;H2AC21;TAF4B;TCF3;KDM5A;KDM5B;CHD4;CTCF;CHD3;YBX1;CHD1;ING2;AIFM2;H2BC21;MLX;YAF2;VENTX;KDM6A;POLG;DNMT3A;MSL3;ARID1A;SAFB;ETV5;DDB2;SFPQ;THRAP3;ZNF638;DMC1;CRY1;TOP1;HDAC4;HDAC2;ZNF350;KDM3B;FOXK2;RNF4;NR2C1;ZNF7;SAP30L;HSF1;E2F4;ZNF224;DEDD;MBD3;SUZ12;NFYA;CNBP;HUWE1;ZNF76;ARID3A;RYBP;MYBBP1A;BMAL1;TAF1,0.12174940898345153
5,905,RNA Polymerase II-specific DNA-binding Transcription Factor Binding (GO:0061629),49/228,2.4905918354287633e-18,binding,GO_Molecular_Function_2023,3.662635052101122e-20,0.0,0.0,6.049209001200857,270.7233900423428,SMARCB1;KDM1A;FAF1;KEAP1;CHD4;SIN3A;MLX;KAT8;UBXN7;GTF2I;MED1;TBP;NCOA3;DNMT3A;ARID1A;PIAS2;RBX1;PSMA6;NCOR1;BRMS1;CRY1;ZFPM1;PSMD10;HDAC4;HDAC2;HDAC3;SMARCD3;UHRF2;HDAC1;BAZ2A;HIRA;MTA1;NRIP1;TP53BP2;DMAP1;MTA2;SMARCE1;SPEN;NPM1;SETD1A;SMARCA4;HIPK2;DNAJA1;REST;TADA3;TAF4B;TCF3;BMAL1;TAF1,0.2149122807017544
5,905,Cysteine-Type Peptidase Activity (GO:0008234),39/144,2.6150522371631044e-18,catalytic activity,GO_Molecular_Function_2023,4.486609230426895e-20,0.0,0.0,8.144836687561861,362.85739901053097,USP13;USP14;USP33;USP11;USP34;USP17L21;USP17L20;USP17L22;RNF2;USP19;USP17L24;ATXN3;USP17L4;HINT1;USP17L5;CAPN7;USP17L8;RCE1;USP46;USP24;USP47;USP17L15;USP7;ZRANB1;USP48;USP17L18;USP17L17;USP5;USP20;USP17L19;USP9X;USP22;USP17L12;USP17L11;USP17L3;USP17L1;USP17L13;OTUB1;OTUD3,0.2708333333333333
5,905,RNA Polymerase II Cis-Regulatory Region Sequence-Specific DNA Binding (GO:0000978),122/1122,3.549464237405929e-18,binding,GO_Molecular_Function_2023,6.959733798835155e-20,0.0,0.0,2.8193997445721584,124.36812278293787,ZSCAN9;YY1;ZNF607;MYB;PKNOX1;ZNF444;ZNF564;ZNF320;MED8;ZNF99;ZNF12;DMTF1;ZNF713;ZNF317;ZNF679;NOBOX;ATF7;ZNF676;MZF1;ZNF675;CLOCK;ZNF28;ZNF430;ZNF671;ZNF274;ZNF670;ZNF273;MAX;MAZ;MYNN;ZNF708;ZKSCAN7;ZKSCAN8;DHX36;ZBED1;ZKSCAN5;ZNF264;ZBTB17;ZNF141;POU2F1;HMGA1;NR2F6;THAP11;TFCP2;SP2;ZNF37A;MAFG;ZNF30;ZNF417;TCF3;ZNF257;ZNF136;ZNF774;SLC2A4RG;ZNF772;ZNF254;ZNF253;CTCF;HIF3A;ZNF649;ZNF528;ZNF41;MLX;ZNF765;GABPA;VENTX;KDM6A;ZNF485;TEAD4;PRMT5;TGIF2;ZNF480;TCF12;DNMT3A;SAFB;ETV4;SREBF2;ZNF519;THRAP3;ZNF516;ZNF479;TOP1;HDAC4;ZNF197;ZNF350;ZNF195;HDAC1;FOXK2;ZNF2;NR2C1;HDAC6;ZNF7;MNT;MTA1;HSF2;NSD1;HSF1;NRIP1;ZNF746;E2F4;E2F5;ZNF224;E2F6;ZNF860;MLXIP;NFYA;ZNF76;ZNF33A;REST;PRKRA;ZNF737;ZNF74;ZNF735;ZNF613;ZNF732;ZNF335;ZNF354A;ZNF730;BMAL1;ZNF454;ZNF333;ZNF354C,0.10873440285204991
5,905,Proteasomal Protein Catabolic Process (GO:0010498),48/220,3.606202799071577e-18,cellular process,GO_Biological_Process_2023,4.560832148847612e-20,0.0,0.0,6.162003744810182,274.4198872332451,PSMD12;PSMD11;RNF34;FAF1;CUL3;UBE2D3;CUL1;RNF4;PSMD8;PSMB6;PSMB7;ATXN3;PSMB4;PSMB5;MTA1;PSMB2;PSMB3;PSMD2;SPOP;PSMD1;UBXN7;TBL1X;RFFL;FBXO7;SKP1;FBXW5;FBXW7;SIAH1;WWP1;PPP2R5C;KCTD5;PML;RBX1;KLHL20;PSMA5;PSMA6;PSMA3;ITCH;CDC34;PSMC6;PSMA1;APPBP2;PSMA2;TBL1XR1;PSME4;TRIP12;CLOCK;BMAL1,0.21818181818181817
5,905,Protein Deacetylation (GO:0006476),22/40,8.255362319991199e-18,cellular process,GO_Biological_Process_2023,1.0800735699944873e-19,0.0,0.0,26.405813514533783,1153.197001159455,HDAC4;MBD3;HDAC2;HDAC3;HDAC1;HDAC11;MBD2;MSL3;CHD4;CHD3;HDAC6;GATAD2B;GATAD2A;MORF4L1;MTA1;RBBP4;TBL1XR1;RBBP7;SUDS3;TBL1X;MTA2;MTA3,0.55
5,905,nBAF Complex (GO:0071565),14/14,8.418465158913928e-18,protein-containing complex,GO_Cellular_Component_2023,1.368856123400639e-19,0.0,0.0,267330.0,11611516.329672184,SMARCE1;SMARCD1;SMARCC1;SMARCB1;SMARCC2;SMARCD3;ACTL6B;ARID1A;ARID1B;SMARCA2;SMARCA4;DPF1;DPF2;DPF3,1.0
5,905,Cis-Regulatory Region Sequence-Specific DNA Binding (GO:0000987),119/1098,1.2463798970664015e-17,binding,GO_Molecular_Function_2023,2.7493674199994147e-19,0.0,0.0,2.801586497100692,119.73349186010628,ZSCAN9;YY1;ZNF607;MYB;PKNOX1;ZNF444;ZNF564;ZNF320;MED8;ZNF99;ZNF12;DMTF1;ZNF713;ZNF317;ZNF679;NOBOX;ZNF676;MZF1;ZNF675;CLOCK;ZNF28;ZNF430;ZNF671;ZNF274;ZNF670;ZNF273;MAZ;MYNN;ZNF708;ZKSCAN7;ZKSCAN8;DHX36;ZBED1;ZKSCAN5;ZNF264;ZBTB17;ZNF141;POU2F1;HMGA1;NR2F6;THAP11;TFCP2;SP2;ZNF37A;MAFG;ZNF30;ZNF417;TCF3;ZNF257;ZNF136;ZNF774;SLC2A4RG;ZNF772;ZNF254;ZNF253;CTCF;HIF3A;ZNF649;ZNF528;ZNF41;MLX;ZNF765;GABPA;VENTX;KDM6A;ZNF485;TEAD4;TGIF2;ZNF480;TCF12;DNMT3A;SAFB;ETV4;SREBF2;ZNF519;THRAP3;ZNF516;ZNF479;TOP1;HDAC4;ZNF197;ZNF350;ZNF195;HDAC1;FOXK2;ZNF2;NR2C1;HDAC6;ZNF7;MNT;MTA1;HSF2;NSD1;HSF1;NRIP1;ZNF746;E2F4;E2F5;ZNF224;E2F6;ZNF860;MLXIP;NFYA;ZNF76;ZNF33A;REST;PRKRA;ZNF737;ZNF74;ZNF735;ZNF613;ZNF732;ZNF335;ZNF354A;ZNF730;BMAL1;ZNF454;ZNF333;ZNF354C,0.10837887067395265
5,905,Ubiquitin-Like Protein Transferase Activity (GO:0019787),49/240,1.483739533036193e-17,catalytic activity,GO_Molecular_Function_2023,3.6366165025396887e-19,0.0,0.0,5.665557567157606,240.5486003985956,RNF14;UBE2D2;UBE2D3;UBE2D1;UBE3A;TRIM28;ARIH2;TRIM27;ARIH1;FBXO7;PIAS3;MUL1;FBXO11;FBXW2;PIAS2;DDB2;PIAS1;RBX1;CDC34;BIRC6;HDAC4;CUL5;UHRF2;MGRN1;CUL3;CUL2;UBR4;RNF6;RNF7;RCHY1;RNF4;RNF2;ZBED1;RBBP6;RNF130;CBX4;SIAH1;HUWE1;WWP1;PML;KLHL20;KLHL9;RNF146;CNOT4;ITCH;UBA3;FBXL3;MDM4;UBE2M,0.20416666666666666
5,905,Histone Deacetylation (GO:0016575),22/36,3.6496512616379537e-19,None,GO_Biological_Process_2023,4.2974524232108476e-21,0.0,0.0,33.95745025076848,1592.477570928738,HDAC4;MBD3;HDAC2;HDAC3;HDAC1;HDAC11;MBD2;MSL3;CHD4;CHD3;HDAC6;GATAD2B;GATAD2A;MORF4L1;MTA1;RBBP4;TBL1XR1;RBBP7;SUDS3;TBL1X;MTA2;MTA3,0.6111111111111112
5,905,Positive Regulation Of Developmental Process (GO:0051094),48/233,4.226059471861883e-17,biological regulation,GO_Biological_Process_2023,5.713381754370622e-19,0.0,0.0,5.725062285155634,240.4887163147344,SMARCD1;HDAC2;SMARCD2;SMARCB1;HSP90AB1;SMARCD3;NUMA1;HDAC1;FMR1;ARID4A;ARID4B;ING1;ING2;BCL7A;RBBP4;PPP1R13L;SIN3A;C1QBP;BCL7C;SAP30L;DPF1;BCL7B;DPF2;DPF3;KMT5B;SUDS3;RBBP7;BRD7;ARID2;DNM1L;SMARCE1;SS18;SMARCC1;PBRM1;SMARCC2;ACTL6B;NCOA3;ACTL6A;MUL1;ARID1A;SMARCA2;ARID1B;SMARCA4;SAP30;REST;BRMS1;AGO2;OGT,0.20600858369098712
5,905,Brahma Complex (GO:0035060),13/13,1.5092444922704626e-16,protein-containing complex,GO_Cellular_Component_2023,3.0675701062407774e-18,0.0,0.0,248235.0,10010236.715455323,SMARCE1;SMARCD1;SMARCC1;SMARCD2;SMARCB1;SMARCC2;SMARCD3;ACTL6B;ACTL6A;ARID1A;ARID1B;SMARCA2;DPF3,1.0
5,905,Protein Modification By Small Protein Conjugation (GO:0032446),60/364,1.602515255887973e-16,cellular process,GO_Biological_Process_2023,2.306280132765073e-18,0.0,0.0,4.3890532544378695,178.243384286537,RNF14;UBE2D2;UBE2D3;KEAP1;RPGR;HERC4;TRIM28;ARIH2;TRIM27;ARIH1;ELOC;FBXO7;RNF111;SKP1;PIAS3;RNF44;USP7;FBXW5;USP5;FBXW7;MUL1;FBXO11;PIAS2;PIAS1;RBX1;CDC34;BIRC6;HDAC4;TRIM50;RNF34;CUL5;UHRF2;MGRN1;CUL3;MYCBP2;CUL2;CUL1;NEDD8;RNF6;RNF7;RCHY1;ZBED1;MKRN4P;RBBP6;CBX4;USP9X;WWP1;PML;KLHL20;KLHL9;CNOT4;ITCH;COPS5;NEDD4;MKRN1;UBA3;FBXL3;MDM4;UBE2M;ASB1,0.16483516483516483
5,905,Proteasome-Mediated Ubiquitin-Dependent Protein Catabolic Process (GO:0043161),55/319,5.31318284382573e-16,cellular process,GO_Biological_Process_2023,7.878247566073913e-18,0.0,0.0,4.615441176470588,181.7672714428587,FAF1;UBE2D3;PSMD8;PSMD2;PSMD1;UBXN7;FBXO7;SKP1;FBXW4;FBXW5;FBXW7;PPP2R5C;KCTD5;RBX1;PSMA5;PSMA6;PSMA3;CDC34;PSMA1;PSMA2;TBL1XR1;CLOCK;PSMD12;PSMD11;RNF34;CUL5;CUL3;CUL2;CUL1;UBR2;RNF4;USP19;PSMB6;PSMB7;ATXN3;PSMB4;PSMB5;MTA1;PSMB2;PSMB3;SPOP;TBL1X;RFFL;UBQLN2;SIAH1;WWP1;PML;KLHL20;ITCH;PSMC6;APPBP2;FBXL3;TRIP12;BMAL1;TAF1,0.1724137931034483
5,905,Regulation Of Cell Differentiation (GO:0045595),42/193,7.388044376035683e-16,biological regulation,GO_Biological_Process_2023,1.1276997521205797e-17,0.0,0.0,6.1056686593049045,238.26618894463851,SMARCD1;DDX5;HDAC2;SMARCD2;SMARCB1;HSP90AB1;SMARCD3;SMYD5;HDAC1;GPS2;CHD4;CHD3;MTA1;BCL7A;RBBP4;PPP1R13L;BCL7C;DPF1;BCL7B;DPF3;RBBP7;BRD7;ARID2;MTA2;MTA3;MBD3;SUZ12;SMARCE1;SS18;SMARCC1;PBRM1;SMARCC2;ACTL6B;ACTL6A;ARID1A;SMARCA2;ARID1B;GATAD2B;SMARCA4;GATAD2A;CDK9;REST,0.21761658031088082
5,905,Cysteine-Type Endopeptidase Activity (GO:0004197),31/106,1.0372721107358925e-15,catalytic activity,GO_Molecular_Function_2023,2.7965669652193166e-17,0.0,0.0,8.994965675057209,342.848099914203,USP13;USP14;USP33;USP11;USP34;USP17L21;USP17L20;USP17L22;USP17L24;USP17L4;USP17L5;CAPN7;USP17L8;RCE1;USP46;USP24;USP47;USP17L15;USP7;USP48;USP17L18;USP17L17;USP5;USP20;USP17L19;USP9X;USP17L12;USP17L11;USP17L3;USP17L1;USP17L13,0.29245283018867924
5,905,RSC-type Complex (GO:0016586),13/14,1.6879778424762776e-15,protein-containing complex,GO_Cellular_Component_2023,4.1170191279909207e-17,0.0,0.0,278.2757847533632,10499.016211926237,SMARCE1;SUZ12;SMARCD1;PBRM1;SMARCC1;SMARCD2;SMARCB1;SMARCC2;ACTL6B;ACTL6A;SMARCA4;ARID2;BRD7,0.9285714285714286
5,905,Regulation Of G1/S Transition Of Mitotic Cell Cycle (GO:2000045),31/106,1.781257792013304e-15,biological regulation,GO_Biological_Process_2023,2.7965669652193166e-17,0.0,0.0,8.994965675057209,342.848099914203,SMARCD1;SMARCD2;SMARCB1;SMARCD3;CDC73;CCND2;BCL7A;BCL7C;DPF1;BCL7B;DPF2;DPF3;ARID2;BRD7;CDKN2D;SMARCE1;SMARCC1;PBRM1;SMARCC2;ACTL6B;PRMT2;ACTL6A;ARID1A;SMARCA2;ARID1B;SMARCA4;RBL2;TFDP1;PSME3;PSME1;PSME2,0.29245283018867924
5,905,Histone H4 Acetylation (GO:0043967),20/39,1.992760040315937e-15,None,GO_Biological_Process_2023,3.2155308108019906e-17,0.0,0.0,22.689265536723163,861.6465073201914,MEAF6;ACTL6B;PHF20;TRRAP;MCRS1;ACTL6A;MSL3;YEATS4;ING5;MORF4L1;KANSL1;KANSL2;KANSL3;EP400;WDR5;EPC1;KAT8;KAT7;DMAP1;OGT,0.5128205128205128
5,905,DNA-binding Transcription Factor Binding (GO:0140297),50/282,2.6381772965594095e-15,binding,GO_Molecular_Function_2023,7.759344989880616e-17,0.0,0.0,4.754738858640855,176.3772693211069,CRTC3;CCNT1;KDM1A;HDAC11;KEAP1;CHD4;NOC2L;YY1;SIN3A;MLX;KAT8;UBXN7;GTF2I;MED1;TBP;TCF12;DNMT3A;PIAS2;RBX1;METTL23;KAT2B;NCOR1;TFDP1;KAT6A;ZFPM1;PTMA;PSMD10;HDAC4;HDAC2;HDAC3;SMARCD3;UHRF2;MAX;HDAC1;HIRA;MTA1;DMAP1;MTA2;SPEN;ZBTB17;NPM1;CBX5;SETD1A;HIPK2;REST;CNOT7;CARM1;TCF3;BMAL1;TAF1,0.1773049645390071
5,905,Sin3-type Complex (GO:0070822),15/21,7.886734773096062e-15,protein-containing complex,GO_Cellular_Component_2023,2.564791796128801e-16,0.0,0.0,53.62078651685393,1924.9585774780885,HDAC2;HDAC1;ARID4B;ING1;SAP30;MORF4L1;ING2;BRMS1;RBBP4;SIN3B;SIN3A;SAP30L;RBBP7;SUDS3;OGT,0.7142857142857143
5,905,Sin3 Complex (GO:0016580),15/21,7.886734773096062e-15,None,GO_Cellular_Component_2023,2.564791796128801e-16,0.0,0.0,53.62078651685393,1924.9585774780885,HDAC2;HDAC1;ARID4B;ING1;SAP30;MORF4L1;ING2;BRMS1;RBBP4;SIN3B;SIN3A;SAP30L;RBBP7;SUDS3;OGT,0.7142857142857143
5,905,Epigenetic Regulation Of Gene Expression (GO:0040029),29/83,8.912406320301862e-17,cellular process,GO_Biological_Process_2023,1.2437723604433474e-18,0.0,0.0,11.673198883815322,481.2671107554366,HDAC4;SMARCD1;SMARCB1;KMT2A;KDM1B;SMYD5;DPY30;ASH2L;CTCF;BMI1;NOC2L;PPM1D;HDAC6;RNF2;MTA1;RBBP5;TASOR;WDR5;EPC1;KAT7;TRIM27;BRD7;MEN1;DNMT3A;PPHLN1;ARID1B;SMARCA4;KAT2B;ZNF335,0.3493975903614458
5,905,Regulation Of Mitotic Metaphase/Anaphase Transition (GO:0030071),25/49,3.5186151014447473e-19,biological regulation,GO_Biological_Process_2023,3.9897074852840564e-21,0.0,0.0,22.574573863636363,1060.3405801341985,SMARCD1;SMARCD2;SMARCB1;SMARCD3;CUL3;BCL7A;BCL7C;BCL7B;DPF1;DPF2;MAP3K20;DPF3;RIOK2;ARID2;BRD7;SMARCE1;PBRM1;SMARCC1;SMARCC2;ACTL6B;ACTL6A;ARID1A;ARID1B;SMARCA2;SMARCA4,0.5102040816326531
5,905,Regulation Of Mitotic Cell Cycle Phase Transition (GO:1901990),32/86,1.9789721604255128e-19,biological regulation,GO_Biological_Process_2023,2.157623375954549e-21,0.0,0.0,12.925035000636376,615.0414046791938,SMARCD1;SMARCD2;SMARCB1;SMARCD3;CUL3;CDC14A;BCL7A;BCL7C;BCL7B;DPF1;DPF2;MAP3K20;DPF3;RIOK2;ARID2;BRD7;CDKN2D;SMARCE1;PBRM1;SMARCC1;SMARCC2;NPM2;ACTL6B;ACTL6A;ARID1A;ARID1B;SMARCA2;SMARCA4;PSME3;CDK3;PSME1;PSME2,0.37209302325581395
5,905,Regulation Of Cell Cycle G1/S Phase Transition (GO:1902806),30/74,1.9498864468753684e-19,biological regulation,GO_Biological_Process_2023,2.0408754786310004e-21,0.0,0.0,14.844935064935065,707.2261868953277,SMARCD1;SMARCD2;SMARCB1;SMARCD3;CDC73;BCL7A;BCL7C;BCL7B;DPF1;DPF2;DPF3;APBB1;ARID2;BRD7;CDKN2D;SMARCE1;PBRM1;SMARCC1;SMARCC2;ACTL6B;FBXW7;ACTL6A;ARID1A;ARID1B;SMARCA2;SMARCA4;PSME3;PSME1;PSME2;TAF1,0.40540540540540543
5,905,Transcription Of E2F Targets Under Negative Control By P107 (RBL1) And P130 (RBL2) In Complex With HDAC1 R-HSA-1362300,8/16,6.161265868500944e-07,Cell Cycle,Reactome_2022,1.586525961138993e-07,0.0,0.0,21.27870680044593,333.1511147260145,RBL2;TFDP1;LIN37;RBBP4;TFDP2;HDAC1;E2F4;E2F5,0.5
5,905,RAF/MAP Kinase Cascade R-HSA-5673001,33/271,9.279428086276668e-07,Signal Transduction,Reactome_2022,2.401052017324088e-07,0.0,0.0,2.998424369747899,45.70254995371235,PSMD10;PSMD12;PSMD11;CUL3;PSMB10;PSMD8;PSMB6;PSMB7;PSMB4;PSMB5;PSMB2;FNTA;PSMD5;PSMB3;PSMD2;PSMF1;RCE1;LYPLA1;PPP2R5C;PSMB8;PSMB9;RBX1;PSMA5;SEM1;PSMA6;PSMA3;PSMC6;PSMA1;PSMA2;PSME3;PSME4;PSME1;PSME2,0.12177121771217712
5,905,Formation Of Senescence-Associated Heterochromatin Foci (SAHF) R-HSA-2559584,8/17,1.1068240247166871e-06,Cellular responses to stimuli,Reactome_2022,2.877742464263387e-07,0.0,0.0,18.91341508732813,284.85663796285985,H1-5;H1-4;HIRA;UBN1;HMGA1;EP400;H1-3;CABIN1,0.47058823529411764
5,905,HSF1 Activation R-HSA-3371511,10/29,1.1972762411125282e-06,Cellular responses to stimuli,Reactome_2022,3.12788417990648e-07,0.0,0.0,11.217877094972067,168.01843364545547,HSP90AB1;DNAJB6;HSPA1L;HSBP1;PTGES3;POLR1B;HSF1;RLN1;FKBP4;HDAC6,0.3448275862068966
5,905,NR1H3 And NR1H2 Regulate Gene Expression Linked To Cholesterol Transport And Efflux R-HSA-9029569,11/36,1.2389019489899869e-06,Signal Transduction,Reactome_2022,3.252117616098715e-07,0.0,0.0,9.385682326621923,140.21073064482306,NCOR2;HDAC3;NCOR1;KDM1A;KDM1B;TBL1XR1;AGO2;GPS2;TBL1X;TNRC6A;TNRC6B,0.3055555555555556
5,905,Transcriptional Regulation By MECP2 R-HSA-8986944,14/60,1.2847888545473614e-06,Gene expression (Transcription),Reactome_2022,3.3886306038686656e-07,0.0,0.0,6.50675840530913,96.93553794886304,HDAC2;HDAC3;HDAC1;GPS2;HIPK2;NCOR2;NCOR1;SIN3A;TBL1XR1;AGO2;TBL1X;PTPN4;TNRC6A;TNRC6B,0.23333333333333334
5,905,MAPK1/MAPK3 Signaling R-HSA-5684996,33/277,1.5074092757711344e-06,Signal Transduction,Reactome_2022,3.994634580793506e-07,0.0,0.0,2.923762031884494,43.07620570735547,PSMD10;PSMD12;PSMD11;CUL3;PSMB10;PSMD8;PSMB6;PSMB7;PSMB4;PSMB5;PSMB2;FNTA;PSMD5;PSMB3;PSMD2;PSMF1;RCE1;LYPLA1;PPP2R5C;PSMB8;PSMB9;RBX1;PSMA5;SEM1;PSMA6;PSMA3;PSMC6;PSMA1;PSMA2;PSME3;PSME4;PSME1;PSME2,0.11913357400722022
5,905,NR1H2 And NR1H3-mediated Signaling R-HSA-9024446,12/46,2.411465933238972e-06,Signal Transduction,Reactome_2022,6.420528047248764e-07,0.0,0.0,7.533495817139846,107.41706794754472,NCOR2;HDAC3;NCOR1;KDM1A;KDM1B;TBL1XR1;NRIP1;AGO2;GPS2;TBL1X;TNRC6A;TNRC6B,0.2608695652173913
5,905,Regulation Of Cholesterol Biosynthesis By SREBP (SREBF) R-HSA-1655829,13/55,2.8351135888093844e-06,Metabolism,Reactome_2022,7.583928850065103e-07,0.0,0.0,6.611386931454196,93.16808953624708,SEC23A;SEC24B;SMARCD3;SEC24A;NFYA;CHD9;NCOA6;SREBF2;TBL1XR1;CARM1;TBL1X;SEC24C;KPNB1,0.23636363636363636
5,905,Regulation Of TP53 Activity Thru Methylation R-HSA-6804760,8/19,3.062648380645328e-06,Gene expression (Transcription),Reactome_2022,8.251028847248319e-07,0.0,0.0,15.472990777338604,216.74190647121603,L3MBTL1;PRMT5;SETD9;TTC5;JMY;SMYD2;MDM4;KMT5A,0.42105263157894735
5,905,Cyclin D Associated Events In G1 R-HSA-69231,12/47,3.062648380645328e-06,Cell Cycle,Reactome_2022,8.269150627742385e-07,0.0,0.0,7.31786914093745,102.49088351711136,CDKN2D;RBL2;CCND3;CCND2;TFDP1;TFDP2;CCNE1;CUL1;PPP2R2A;E2F4;E2F5;SKP1,0.2553191489361702
5,905,B-WICH Complex Positively Regulates rRNA Expression R-HSA-5250924,13/59,6.563254689892251e-06,Gene expression (Transcription),Reactome_2022,1.788486902995638e-06,0.0,0.0,6.03521641645545,79.87090261387812,TBP;H2AC6;H2BC5;BAZ1B;KAT2B;TAF1D;TAF1B;MYBBP1A;H2BC21;POLR1B;POLR1F;POLR1G;H3-3B,0.22033898305084745
5,905,PRC2 Methylates Histones And DNA R-HSA-212300,11/42,6.59715649422342e-06,Gene expression (Transcription),Reactome_2022,1.8059715902936613e-06,0.0,0.0,7.566717182651367,100.06538425348153,SUZ12;RBBP4;H2AC6;H2BC5;AEBP2;EED;H2BC21;DNMT3A;RBBP7;JARID2;H3-3B,0.2619047619047619
5,905,DNA Damage/Telomere Stress Induced Senescence R-HSA-2559586,13/61,9.702669744962753e-06,Cellular responses to stimuli,Reactome_2022,2.668234179864757e-06,0.0,0.0,5.783141816143497,74.22138371860632,H2AC6;H2BC5;HMGA1;H1-3;CABIN1;H1-5;CCNA1;HIRA;H1-4;CCNE1;H2BC21;UBN1;EP400,0.21311475409836064
5,905,Regulation Of Metaphase/Anaphase Transition Of Cell Cycle (GO:1902099),24/32,4.056238439042069e-24,biological regulation,GO_Biological_Process_2023,3.007241755940479e-26,0.0,0.0,64.99545970488082,3819.535476916229,SMARCE1;SMARCD1;SMARCD2;PBRM1;SMARCC1;SMARCB1;SMARCD3;SMARCC2;ACTL6B;ACTL6A;ARID1A;ARID1B;SMARCA2;SMARCA4;BCL7A;BCL7C;BCL7B;DPF1;DPF2;MAP3K20;DPF3;RIOK2;ARID2;BRD7,0.75
5,905,Protein Deubiquitination (GO:0016579),40/112,1.6263874458248334e-23,cellular process,GO_Biological_Process_2023,1.2767105985541649e-25,0.0,0.0,12.217726396917149,700.3242359794752,USP13;USP14;USP33;USP11;USP34;ABRAXAS2;USP17L21;USP17L20;USP17L22;RNF2;USP19;USP17L24;ATXN3;USP17L4;USP17L5;USP17L8;ATXN7L3;USP46;USP24;USP47;USP17L15;USP7;ZRANB1;USP48;USP17L18;USP17L17;USP5;USP20;USP17L19;USP9X;USP22;USP17L12;USP17L11;USP17L3;USP17L1;USP17L13;COPS5;STAMBP;OTUB1;OTUD3,0.35714285714285715
5,905,Regulation Of DNA Repair (GO:0006282),42/129,6.443516235725529e-23,biological regulation,GO_Biological_Process_2023,5.339154316562801e-25,0.0,0.0,10.632996363926958,594.273488815514,SMARCD1;SMARCD2;SMARCB1;SMARCD3;MEAF6;TRRAP;YEATS4;YY1;TRIM28;BCL7A;BCL7C;DPF1;BCL7B;DPF2;EP400;DPF3;EPC1;KAT7;SUPT20H;DMAP1;ARID2;BRD7;ATXN7L3;SMARCE1;SMARCC1;PBRM1;SMARCC2;ACTL6B;MCRS1;USP22;ACTL6A;ARID1A;SMARCA2;ARID1B;PML;SMARCA4;CDK9;TADA2B;MORF4L1;KAT2B;TADA3;TRIP12,0.32558139534883723
5,905,Regulation Of Double-Strand Break Repair (GO:2000779),34/88,3.224344877283064e-21,biological regulation,GO_Biological_Process_2023,2.812337442026222e-23,0.0,0.0,13.764383212144406,714.7216707427217,SMARCD1;SETD2;SMARCD2;SMARCB1;SMARCD3;KDM1A;MEAF6;TRRAP;YEATS4;BCL7A;BCL7C;BCL7B;DPF1;DPF2;EP400;DPF3;EPC1;DMAP1;ARID2;BRD7;SMARCE1;PBRM1;SMARCC1;SMARCC2;ACTL6B;ACTL6A;ARID1A;ARID1B;SMARCA2;PML;SMARCA4;MORF4L1;TRIP12;OTUB1,0.38636363636363635
5,905,SWI/SNF Complex (GO:0016514),21/29,1.1669803975431733e-20,protein-containing complex,GO_Cellular_Component_2023,1.423146826272163e-22,0.0,0.0,56.67802601809954,2851.1315087384464,SMARCE1;SMARCD1;SS18;SMARCD2;PBRM1;SMARCC1;SMARCB1;SMARCD3;SMARCC2;ACTL6B;ACTL6A;ARID1A;ARID1B;SMARCA2;SMARCA4;BCL7A;BCL7C;BCL7B;DPF2;DPF3;ARID2,0.7241379310344828
5,905,Positive Regulation Of Transcription By RNA Polymerase II (GO:0045944),114/938,2.109056566568865e-20,biological regulation,GO_Biological_Process_2023,1.9315389401633745e-22,0.0,0.0,3.1956813913811937,159.77945175309785,CCNK;CCNT2;SMARCB1;CRTC3;CCNT1;KDM1A;KDM1B;CCNC;GABPB1;YY1;MYB;EPC1;GTF2I;MEN1;MED1;MED8;PTOV1;MED4;MED6;MED7;TBL1XR1;ATF7;MZF1;ZFPM1;KMT2D;KMT2A;MAX;KMT2C;BCL2L12;DHX36;ZBED1;PPARGC1B;ZBTB17;POU2F1;SS18L1;HMGA1;SMARCA2;SMARCA4;CDK9;SEM1;MLLT10;TFCP2;COPS5;AGO2;TAF4B;TCF3;CDK13;OGT;ARF4;TRIAP1;YBX1;MED15;CDC73;MED17;PHF8;MED12;SIN3A;MLX;GABPA;VENTX;SS18;TBP;ATMIN;NCOA6;NCOA3;TCF12;OXSR1;BAZ1B;ETV4;SREBF2;ETV5;METTL23;MED22;KAT2B;SFPQ;TFDP1;TFDP2;THRAP3;MED21;MED20;TET3;EAPP;PTMA;HDAC4;HDAC2;TMF1;HDAC3;HDAC1;DOT1L;FOXK2;GPS2;RNF4;HSF2;HSF1;NRIP1;LEO1;ZNF746;E2F4;APBB1;TBL1X;MLXIP;NPM1;NFYA;PCGF5;MCRS1;CNBP;ZNF76;HIPK2;ASXL1;MYBBP1A;PRKRA;KANSL3;BMAL1;TAF1,0.12153518123667377
5,905,Regulation Of G0 To G1 Transition (GO:0070316),22/33,2.59892248420002e-20,biological regulation,GO_Biological_Process_2023,2.493514812577428e-22,0.0,0.0,43.22536806342016,2150.167210519845,SMARCE1;SMARCD1;SMARCD2;PBRM1;SMARCC1;SMARCB1;SMARCD3;SMARCC2;ACTL6B;ACTL6A;ARID1A;ARID1B;SMARCA2;SMARCA4;BCL7A;BCL7C;BCL7B;DPF1;DPF2;DPF3;ARID2;BRD7,0.6666666666666666
5,905,Protein Modification By Small Protein Removal (GO:0070646),37/114,4.016237745940003e-20,cellular process,GO_Biological_Process_2023,4.028498393223727e-22,0.0,0.0,10.528248249446406,518.6581296630344,USP13;USP14;USP33;USP11;USP34;USP17L21;USP17L20;USP17L22;RNF2;USP19;USP17L24;USP17L4;HINT1;USP17L5;USP17L8;USP46;USP24;USP47;USP17L15;USP7;ZRANB1;USP48;USP17L18;USP17L17;USP5;USP20;USP17L19;USP9X;USP22;USP17L12;USP17L11;USP17L3;USP17L1;USP17L13;COPS5;STAMBP;OTUD3,0.32456140350877194
5,905,Cysteine-Type Deubiquitinase Activity (GO:0004843),35/98,5.734245102857113e-20,catalytic activity,GO_Molecular_Function_2023,1.4054522310924297e-22,0.0,0.0,12.153256704980842,611.5094980430983,USP13;USP14;USP33;USP11;USP34;USP17L21;USP17L20;USP17L22;RNF2;USP19;USP17L24;USP17L4;USP17L5;USP17L8;USP46;USP24;USP47;USP17L15;USP7;ZRANB1;USP48;USP17L18;USP17L17;USP5;USP20;USP17L19;USP9X;USP22;USP17L12;USP17L11;USP17L3;USP17L1;USP17L13;OTUB1;OTUD3,0.35714285714285715
5,905,Deubiquitinase Activity (GO:0101005),37/113,5.796439390183901e-20,catalytic activity,GO_Molecular_Function_2023,2.8413918579332845e-22,0.0,0.0,10.66733870967742,529.2341740308881,USP13;USP14;USP33;USP11;USP34;USP17L21;USP17L20;USP17L22;RNF2;USP19;USP17L24;USP17L4;USP17L5;USP17L8;USP46;USP24;USP47;USP17L15;USP7;ZRANB1;USP48;USP17L18;USP17L17;USP5;USP20;USP17L19;USP9X;USP22;USP17L12;USP17L11;USP17L3;USP17L1;USP17L13;COPS5;STAMBP;OTUB1;OTUD3,0.3274336283185841
5,905,Nucleosome Binding (GO:0031491),28/62,1.6568527104280568e-19,binding,GO_Molecular_Function_2023,1.2182740517853358e-21,0.0,0.0,17.89885304178684,861.9524134563053,L3MBTL1;HDAC2;SMARCD2;SMARCB1;HDAC1;CHD4;NOC2L;RNF4;CABIN1;HIRA;RBBP4;SAP30L;MTA2;MBD3;SMARCE1;SMARCC1;SMARCC2;EED;ACTL6A;MBD2;ARID1A;ARID1B;GATAD2B;H1-3;SMARCA4;H1-5;H1-4;MLLT10,0.45161290322580644
5,905,Rab Regulation Of Trafficking R-HSA-9007101,21/122,4.885018436501475e-07,Vesicle-mediated transport,Reactome_2022,1.2456797013078766e-07,0.0,0.0,4.46747457551185,71.02576178873838,TRAPPC3;RAB1A;DENND4A;DENND1A;TRAPPC10;DENND4C;HPS1;GDI2;HPS4;GAPVD1;GABARAP;RAB21;RAB14;RAB12;RAB18;RAB3GAP2;CHML;RAB6A;TBC1D17;TBC1D15;RAB3GAP1,0.1721311475409836
6,855,Microbody Lumen (GO:0031907),28/49,3.601358379596862e-24,cellular anatomical structure,GO_Cellular_Component_2023,5.001886638328975e-26,0.0,0.0,30.83272873841193,1796.2345263817165,ECI2;CROT;ACOXL;SCP2;LONP2;MLYCD;ACAA1;CRYM;HAO2;GSTK1;PHYH;EPHX2;PIPOX;DHRS4;FABP1;GRHPR;NUDT7;AMACR;ACOX2;ACOX1;EHHADH;ACOT2;ACOX3;ACOT6;AGXT;CRAT;ACOT4;PAOX,0.5714285714285714
6,855,Peroxisomal Matrix (GO:0005782),28/49,3.601358379596862e-24,cellular anatomical structure,GO_Cellular_Component_2023,5.001886638328975e-26,0.0,0.0,30.83272873841193,1796.2345263817165,ECI2;CROT;ACOXL;SCP2;LONP2;MLYCD;ACAA1;CRYM;HAO2;GSTK1;PHYH;EPHX2;PIPOX;DHRS4;FABP1;GRHPR;NUDT7;AMACR;ACOX2;ACOX1;EHHADH;ACOT2;ACOX3;ACOT6;AGXT;CRAT;ACOT4;PAOX,0.5714285714285714
6,855,"Oxidoreductase Activity, Acting On The CH-OH Group Of Donors, NAD Or NADP As Acceptor (GO:0016616)",38/95,7.774619530062018e-25,catalytic activity,GO_Molecular_Function_2023,2.02992677025118e-27,0.0,0.0,15.575683394532843,957.3095032701688,DHRS11;H6PD;ADH1C;HPGD;ADH1B;ADH1A;HSD17B6;HSD17B11;HSD17B7;HSD17B8;ADH5;ADH6;ADH4;AKR7A2;AKR7A3;RDH11;RDH10;LDHD;ME1;RDH16;CBR3;CBR1;SDR42E1;DCXR;AKR1C1;AKR1A1;SORD;PTGR1;DHRS1;DHRS4;UGDH;GRHPR;BDH2;AKR1B10;BDH1;DHRS9;EHHADH;CRYL1,0.4
6,855,Peroxisome (GO:0005777),39/129,3.5078253691719615e-21,cellular anatomical structure,GO_Cellular_Component_2023,7.307969519108255e-23,0.0,0.0,10.11907679738562,515.7743196218805,ABCD2;ABCD3;PEX11A;ECI2;MGST1;CROT;ACOXL;SCP2;LONP2;MLYCD;ACAA1;ACAD11;CRYM;HAO2;GSTK1;PHYH;HSDL2;EPHX2;PIPOX;DHRS4;ALDH3A2;FABP1;GRHPR;NUDT7;AMACR;ACOX2;ACOX1;EHHADH;PXMP2;ACOT2;PXMP4;ACOX3;ACOT6;PEX11G;AGXT;SLC27A2;CRAT;ACOT4;PAOX,0.3023255813953488
6,855,Organic Anion Transport (GO:0015711),19/89,4.307035184454516e-07,localization,GO_Biological_Process_2023,5.3451122472002495e-09,0.0,0.0,6.193181818181818,117.96204993513244,ABCC4;SLC44A4;SLC2A10;ABCC6;MGST1;SLCO1B7;SLC4A3;SLC4A4;CYB5R1;SLC22A25;SLCO2B1;SLCO2A1;SLCO1B3;SLCO1A2;SLC26A7;SLC25A23;SLC22A7;SLC22A10;SLC22A9,0.21348314606741572
6,855,Fatty Acid Metabolic Process (GO:0006631),35/122,6.147271880018163e-17,cellular process,GO_Biological_Process_2023,8.030400888332024e-20,0.0,0.0,9.350014017381554,411.1057866001247,ABCD2;ABCD3;ACSM3;HPGD;MSMO1;CROT;HSD17B8;CPT2;TSPO;MLYCD;ACAA1;HAO2;PHYH;ACBD4;ELOVL4;ACSL1;ACOT11;ACSL5;CYP4B1;ACSL3;CYP4F11;FA2H;ACOX2;ACOX1;ACOT2;ACOT1;SLC27A6;ECHDC3;ACOT6;SLC27A3;SLC27A2;CRAT;ACOT4;CES1;SLC27A4,0.28688524590163933
6,855,Sulfur metabolism,6/10,7.86338110684324e-06,Energy metabolism,KEGG_2021_Human,1.086808770864513e-06,0.0,0.0,33.81802120141343,464.3980251619709,SELENBP1;TST;ETHE1;SQOR;SUOX;PAPSS2,0.6
6,855,Metabolism Of Steroids R-HSA-8957322,33/153,3.68460047129502e-13,Metabolism,Reactome_2022,9.387517124318522e-15,0.0,0.0,6.364811435523114,205.57956218042176,AKR1B1;HSD17B14;MSMO1;HSD17B12;SERPINA6;HSD17B11;TM7SF2;HSD11B2;HSD17B1;SLCO1B3;CYP2R1;HSD17B2;TSPO;SC5D;GC;ABCC3;STARD3;STARD5;SLC10A1;OSBPL3;AKR1C1;CYP51A1;CYP7B1;CYP27A1;CYP39A1;PLPP6;AMACR;ACOX2;SCD;FDX1;SLCO1A2;OSBPL1A;SLC27A2,0.21568627450980393
6,855,Protein Localization R-HSA-9609507,32/164,1.574561295841598e-11,Protein localization,Reactome_2022,4.5130737778899314e-13,0.0,0.0,5.6005007548142425,159.20335011666404,ABCD2;ABCD3;ECI2;CROT;LDHD;LONP2;MLYCD;ACAA1;HAO2;GSTK1;CYB5A;PHYH;EPHX2;PIPOX;CHCHD10;DHRS4;ALDH3A2;NUDT7;AMACR;DAO;ACOX2;ACOX1;EHHADH;PXMP2;ACOT2;PXMP4;ACOX3;AGXT;SLC27A2;CRAT;ACOT4;PAOX,0.1951219512195122
6,855,SLC-mediated Transmembrane Transport R-HSA-425407,39/247,4.841803770930719e-11,Transport of small molecules,Reactome_2022,1.5419757232263436e-12,0.0,0.0,4.351332720588236,118.34735841972444,SLC27A1;SLC22A5;SLC45A3;SLC44A4;SLC24A3;SLC47A1;SLC35D1;SLC41A2;SLC43A1;SLC3A1;SLC4A3;SLC6A20;SLC4A4;SLC25A29;SLCO2B1;SLCO1B3;APOD;EMB;SLC12A6;SLC38A3;SLC12A7;RHBG;SLC38A4;SLC15A1;SLC13A3;SLC15A2;SLC2A10;SLC31A1;SLC6A12;CTNS;SLC2A9;SLC7A8;SLCO2A1;SLCO1A2;SLC27A6;SLC26A7;SLC22A7;SLC26A3;SLC27A4,0.15789473684210525
6,855,Mitochondrial Fatty Acid Beta-Oxidation R-HSA-77289,15/36,1.768343446939463e-10,Metabolism,Reactome_2022,6.19483373131659e-12,0.0,0.0,16.261904761904763,419.6759432328738,ACOT9;ACADVL;ACAA2;ACSM3;ACOT11;ACOT12;DBI;PCTP;MCEE;THEM5;ACOT2;ACOT1;ACAD11;ACAD10;DECR1,0.4166666666666667
6,855,RA Biosynthesis Pathway R-HSA-5365859,12/22,3.9353028007765767e-10,Signal Transduction,Reactome_2022,1.5039373760929592e-11,0.0,0.0,27.23843416370107,678.7912974627976,ALDH1A3;CYP26A1;CYP26C1;ADH1C;DHRS9;RDH11;ADH1A;RDH10;RDH16;RDH13;ALDH8A1;DHRS4,0.5454545454545454
6,855,Phase II - Conjugation Of Compounds R-HSA-156580,23/107,2.7677510889931795e-09,Metabolism,Reactome_2022,1.1458842088188321e-10,0.0,0.0,6.272936698717949,143.5854782905711,GSTK1;SLC35D1;GSTO1;MGST3;MGST1;AKR1A1;GSTT2;MGST2;ABHD14B;OPLAH;PAPSS2;CNDP2;SULT2B1;SULT1A1;GSTZ1;SULT1B1;UGDH;HPGDS;ESD;GSTA1;SLC38A3;SULT4A1;SULT2A1,0.21495327102803738
6,855,Signaling By Retinoic Acid R-HSA-5362517,14/41,1.5398318251885624e-08,Signal Transduction,Reactome_2022,7.355884515231986e-10,0.0,0.0,11.78720218434844,247.8889912615677,ADH1C;ADH1A;DHRS4;ALDH1A3;CYP26A1;CYP26C1;DHRS9;RDH11;RDH10;LDHD;PDK4;RDH16;RDH13;ALDH8A1,0.34146341463414637
6,855,Fatty acid elongation,9/27,7.86338110684324e-06,Lipid metabolism,KEGG_2021_Human,1.0693231011479776e-06,0.0,0.0,11.30437352245863,155.41800670403018,ACAA2;ELOVL4;ELOVL2;ELOVL3;THEM5;ACOT2;ACOT1;HSD17B12;ACOT4,0.3333333333333333
6,855,Glutathione Conjugation R-HSA-156590,13/36,2.646657403536486e-08,Metabolism,Reactome_2022,1.348615237470821e-09,0.0,0.0,12.83620778684292,262.16911489647737,GSTK1;GSTO1;MGST3;MGST1;AKR1A1;GSTT2;MGST2;OPLAH;CNDP2;GSTZ1;HPGDS;ESD;GSTA1,0.3611111111111111
6,855,Bile Acid And Bile Salt Metabolism R-HSA-194068,14/45,5.1801867241390934e-08,Metabolism,Reactome_2022,2.9695337909077603e-09,0.0,0.0,10.264124889724217,201.5346641539473,ABCC3;STARD5;SLC10A1;AKR1C1;OSBPL3;CYP7B1;CYP27A1;CYP39A1;AMACR;ACOX2;SLCO1B3;SLCO1A2;OSBPL1A;SLC27A2,0.3111111111111111
6,855,Beta-oxidation Of Very Long Chain Fatty Acids R-HSA-390247,7/11,1.1350899417834106e-06,Metabolism,Reactome_2022,7.229872240658668e-08,0.0,0.0,39.50088443396226,649.4916877266768,ACOX1;EHHADH;ECI2;MLYCD;ACAA1;ACOT6;ACOT4,0.6363636363636364
6,855,Ethanol Oxidation R-HSA-71384,7/11,1.1350899417834106e-06,Metabolism,Reactome_2022,7.229872240658668e-08,0.0,0.0,39.50088443396226,649.4916877266768,ADH1C;ALDH1B1;ADH1B;ADH1A;ACSS1;ADH5;ADH6,0.6363636363636364
6,855,Metabolism Of Steroid Hormones R-HSA-196071,11/35,1.9871223460256663e-06,Metabolism,Reactome_2022,1.3289671740935986e-07,0.0,0.0,10.383639415481833,164.4113646589484,HSD11B2;STARD3;HSD17B1;HSD17B2;FDX1;AKR1B1;HSD17B14;TSPO;HSD17B12;HSD17B11;SERPINA6,0.3142857142857143
6,855,Canonical Retinoid Cycle In Rods (Twilight Vision) R-HSA-2453902,9/23,3.1053478777480407e-06,Sensory Perception,Reactome_2022,2.175721443008181e-07,0.0,0.0,14.537234042553193,223.01186007307237,RBP4;DHRS9;RDH11;CYP4V2;HSD17B1;RDH10;RDH16;HSD17B6;MYO7A,0.391304347826087
6,855,Fatty acyl-CoA Biosynthesis R-HSA-75105,11/37,3.4375003458745497e-06,Metabolism,Reactome_2022,2.5179142660864536e-07,0.0,0.0,9.583895370032812,145.62407728408832,ELOVL4;ACSL1;SCD;ELOVL2;ELOVL3;ACSL5;HSD17B12;ACSL3;SLC27A3;HSD17B8;SLC27A2,0.2972972972972973
6,855,Transport Of Inorganic Cations/Anions And Amino Acids/Oligopeptides R-HSA-425393,18/104,5.173047222877766e-06,None,Reactome_2022,3.9539214442377836e-07,0.0,0.0,4.765941485371343,70.26612352149895,SLC15A1;SLC15A2;SLC24A3;SLC43A1;SLC6A12;SLC3A1;CTNS;SLC4A3;SLC6A20;SLC4A4;SLC25A29;SLC7A8;SLC26A7;SLC12A6;SLC38A3;SLC12A7;SLC26A3;SLC38A4,0.17307692307692307
6,855,Beta-oxidation Of pristanoyl-CoA R-HSA-389887,6/9,5.665817110872828e-06,Metabolism,Reactome_2022,4.5110008844528883e-07,0.0,0.0,45.09305064782097,658.8805635089689,ACOXL;AMACR;ACOX2;ACOX3;CROT;CRAT,0.6666666666666666
6,855,Metabolism Of Amino Acids And Derivatives R-HSA-71291,43/364,3.1414670661486053e-08,Metabolism,Reactome_2022,1.7007942714817291e-09,0.0,0.0,3.10541258075902,62.70502023048614,DMGDH;GCDH;GOLT1A;CSAD;PAPSS2;VSIG2;LDHD;PCBD1;CRYM;GLUL;AASS;HGD;BHMT2;GPT2;SQOR;SLC6A12;BBOX1;PIPOX;HOGA1;FAH;SUOX;PRODH2;INMT;ASS1;AGMAT;GNMT;ALDH4A1;QDPR;GSTZ1;GRHPR;ALDH6A1;GATM;DAO;SOAT1;ETHE1;PAH;PXMP2;SARDH;AGXT;CDO1;ALDH7A1;ASPA;PAOX,0.11813186813186813
6,855,Cytochrome P450 - Arranged By Substrate Type R-HSA-211897,14/65,5.912703617196669e-06,Metabolism,Reactome_2022,4.895869237169216e-07,0.0,0.0,6.232449698071856,90.55564814988108,CYP4F3;CYP51A1;CYP4B1;CYP7B1;CYP4F11;CYP4F8;CYP27A1;CYP39A1;CYP26A1;CYP26C1;CYP2B6;CYP4V2;CYP2R1;FDX1,0.2153846153846154
6,855,Steroid biosynthesis,8/20,7.052244328493908e-06,Lipid metabolism,KEGG_2021_Human,8.600297961577938e-07,0.0,0.0,15.059425423061787,210.3244352389516,SOAT1;CYP51A1;CYP2R1;SC5D;MSMO1;HSD17B7;LIPA;TM7SF2,0.4
6,855,Arginine and proline metabolism,13/50,1.1242418066439816e-06,Amino acid metabolism,KEGG_2021_Human,1.1882230476725009e-07,0.0,0.0,7.97342235346986,127.14129608076487,MAOA;SAT2;HOGA1;PRODH2;CNDP2;AGMAT;ALDH3A2;ALDH4A1;GATM;DAO;ALDH1B1;CKMT1B;ALDH7A1,0.26
6,855,Peroxisomal Lipid Metabolism R-HSA-390918,19/29,5.5971946197211796e-18,Metabolism,Reactome_2022,1.0695276343416269e-19,0.0,0.0,43.48863636363637,1899.66625081804,PHYH;ACBD4;ECI2;CROT;ALDH3A2;ACOXL;NUDT7;AMACR;ACOX2;ACOX1;EHHADH;MLYCD;ACOX3;ACAA1;ACOT6;HAO2;CRAT;SLC27A2;ACOT4,0.6551724137931034
6,855,Phase I - Functionalization Of Compounds R-HSA-211945,34/104,1.5745132154665596e-19,Metabolism,Reactome_2022,2.507186648832101e-21,0.0,0.0,11.285018270401949,535.3062600185551,MTARC2;ADH1C;MAOA;ADH1B;ADH1A;BPHL;ADH5;ADH6;CYB5R3;CYP2B6;ALDH1B1;CYP4V2;CYP2R1;ACSS1;CBR3;AOC2;CYP4F3;EPHX1;CYP51A1;CYP4B1;CMBL;CYP4F11;CYP4F8;CYP7B1;FMO4;CYP27A1;CYP39A1;CYP26A1;CYP26C1;FDX1;CES3;CES2;CES1;PAOX,0.3269230769230769
6,855,Metabolism Of Lipids R-HSA-556833,112/732,5.218200959087827e-31,Metabolism,Reactome_2022,6.647389756799779e-33,0.0,0.0,4.503972561107975,333.70420849833187,SLC27A1;ACAA2;ACSM3;ECI2;MSMO1;TM7SF2;FADS2;HPGDS;MLYCD;ACAD11;ACAA1;ACAD10;SULT2A1;ACOT9;STARD3;PHYH;STARD5;DGAT1;ACSL1;ACOT11;ACOT12;ACSL5;ACSL3;CYP27A1;CYP39A1;ALDH3A2;PLPP6;SOAT1;FDX1;ACOT2;ACOT1;ACOT6;SLC27A3;SLC27A2;ACOT4;SLC22A5;ABCB4;PEX11A;HSD11B2;ALDH3B2;ALDH3B1;SLCO1B3;THEM5;HAO2;DECR1;ACBD4;SLC10A1;OSBPL3;EPHX2;CYP4F3;STARD10;CYP4F8;CYP4F11;CIDEC;FA2H;AMACR;NAT8;SLCO1A2;OSBPL1A;ACADVL;ALAS1;SLC44A4;AKR1B1;DBI;PCTP;CROT;SERPINA6;MCEE;ACOXL;CPT2;CYP2R1;TSPO;HMGCS2;ABCC3;CBR1;ELOVL4;ELOVL2;ELOVL3;PTGR1;CYP7B1;PTGR2;BDH2;BDH1;ACOX2;ACOX1;EHHADH;ACOX3;AGXT;PON3;HPGD;PON1;HSD17B14;FITM1;HSD17B12;HSD17B11;HSD17B8;HSD17B1;HSD17B2;SC5D;SLC25A20;GC;AKR1C1;CYP51A1;CYP4B1;GRHL1;ETNPPL;FABP1;FABP3;NUDT7;SCD;THRSP;CRAT,0.15300546448087432
6,855,Biological Oxidations R-HSA-211859,61/218,5.218200959087827e-31,Metabolism,Reactome_2022,5.508987225706013e-33,0.0,0.0,9.291565723820373,690.1675346159029,ACY3;ACY1;OPLAH;CNDP2;AKR7A2;HPGDS;AKR7A3;CYP4V2;CYP2R1;SULT4A1;SULT2A1;GSTK1;GSTO1;AKR1A1;ABHD14B;CMBL;CYP7B1;CYP27A1;CYP39A1;SULT2B1;UGDH;CYP26C1;FDX1;CES3;CES2;CES1;PAOX;MTARC2;SLC35D1;ADH1C;MAOA;ADH1B;MGST3;ADH1A;MGST1;MGST2;GSTT2;BPHL;ADH5;PAPSS2;ADH6;SULT1A1;CYB5R3;CYP2B6;ALDH1B1;ESD;SLC38A3;ACSS1;CBR3;AOC2;CYP4F3;EPHX1;CYP51A1;CYP4B1;CYP4F8;FMO4;CYP4F11;GSTZ1;CYP26A1;SULT1B1;GSTA1,0.2798165137614679
6,855,Fatty Acid Metabolism R-HSA-8978868,62/173,1.8326239522419643e-38,Metabolism,Reactome_2022,1.167276402701888e-40,0.0,0.0,13.406814128125603,1232.739539741578,ACADVL;ACAA2;ACSM3;ECI2;DBI;PCTP;CROT;FADS2;HPGDS;ACOXL;MCEE;CPT2;MLYCD;ACAA1;ACAD11;ACAD10;ACOT9;CBR1;PHYH;ELOVL4;ACSL1;ELOVL2;ACOT11;ELOVL3;ACOT12;ACSL5;ACSL3;PTGR1;PTGR2;ALDH3A2;ACOX2;ACOX1;EHHADH;ACOT2;ACOT1;ACOX3;ACOT6;SLC27A3;SLC27A2;ACOT4;PON3;SLC22A5;HPGD;PON1;HSD17B12;HSD17B8;THEM5;SLC25A20;HAO2;DECR1;ACBD4;EPHX2;CYP4F3;CYP4B1;CYP4F11;CYP4F8;FA2H;NUDT7;AMACR;SCD;THRSP;CRAT,0.3583815028901734
6,855,Metabolism R-HSA-1430728,223/2049,4.336947171120237e-39,Metabolism,Reactome_2022,1.3811933665988015e-41,0.0,0.0,3.346646366825184,314.8626671044677,DMGDH;ACSM3;ECI2;VSIG2;PDK4;MLYCD;ACAD11;ACAD10;GLUL;SULT2A1;STARD3;GSTK1;ACOT9;STARD5;ACSL1;ACSL5;SLC6A12;HOGA1;ACSL3;CMBL;CYP39A1;SULT2B1;CYP27A1;PLPP6;RBP4;SOAT1;ETHE1;FDX1;ACOT2;ACOT1;ACOT6;CES3;ALDH7A1;CES2;ACOT4;CES1;GCDH;SLC22A5;RETSAT;SLC35D1;MTARC2;MAOA;PEX11A;MGST3;ABCB4;MGST1;MGST2;ADH5;ADH6;SULT1A1;HSD11B2;CYB5R3;CYP2B6;RDH11;TTPA;LDHD;PNPO;HAO2;DECR1;PCK2;LHPP;SLC10A1;ADHFE1;CYP4F3;STARD10;CYP4F8;CIDEC;SULT1B1;CYP26A1;FA2H;ALDH6A1;AKR1B10;PAH;ACY3;SLC44A4;ACY1;AKR1B1;CROT;CSAD;SERPINA6;MCEE;TSPO;AASS;CBR1;ELOVL4;GSTO1;ELOVL2;BHMT2;ELOVL3;AKR1A1;PTGR1;CYP7B1;PTGR2;UGDH;BDH2;BDH1;ADH1C;ADH1B;ADH1A;FITM1;HSD17B8;PAPSS2;HSD17B1;HSD17B2;SC5D;GC;CBR3;AOC2;AKR1C1;SQOR;BBOX1;FMO4;FAH;GRHL1;GNMT;AGMAT;ETNPPL;FABP1;ALDH4A1;FABP3;NUDT7;GATM;GSTA1;CRAT;ALDH1L1;SLC27A1;ACAA2;GOLT1A;MSMO1;TM7SF2;CNDP2;FADS2;HPGDS;AKR7A2;AKR7A3;SLCO2B1;ACAA1;PHYH;DGAT1;HGD;GPT2;ACOT11;ACOT12;PIPOX;ALDH3A2;SLC27A3;SLC27A2;GSTT2;ALDH3B2;ALDH3B1;SLCO1B3;ESD;THEM5;SLC38A3;ACBD4;OSBPL3;EPHX2;EPHX1;CYP4F11;QDPR;GRHPR;NAT8;AMACR;DAO;PXMP2;SLCO1A2;CRYL1;ADSS1;OSBPL1A;LRP10;LRP12;ACADVL;ALAS1;PCTP;DBI;OPLAH;ACOXL;CA3;CPT2;CYP4V2;CYP2R1;AOX1;HMGCS2;SULT4A1;ABCC3;DCXR;SORD;ABHD14B;PRODH2;INMT;CYP26C1;ACOX2;ACOX1;EHHADH;ACOX3;HAGH;AGXT;ASPA;PAOX;PON3;HPGD;PON1;ETFDH;HSD17B14;HSD17B12;HSD17B11;BPHL;ALDH1B1;PCBD1;SLC25A20;BCO2;CRYM;ACSS1;CYB5A;CYP51A1;CYP4B1;SUOX;ASS1;GSTZ1;SCD;SARDH;THRSP;CDO1,0.10883357735480723
6,855,Peroxisome,32/82,8.373247107015869e-21,Transport and catabolism,KEGG_2021_Human,6.807517973183633e-23,0.0,0.0,14.849088699878491,757.9187148025444,ABCD2;ABCD3;PEX11A;ECI2;MPV17L;CROT;SCP2;MLYCD;ACAA1;HAO2;GSTK1;PHYH;ACSL1;EPHX2;ACSL5;PIPOX;ACSL3;DHRS4;NUDT7;AMACR;DAO;ACOX2;ACOX1;EHHADH;PXMP2;PXMP4;ACOX3;AGXT;PEX11G;SLC27A2;CRAT;PAOX,0.3902439024390244
6,855,Fatty acid degradation,21/43,3.706245921918427e-16,Lipid metabolism,KEGG_2021_Human,6.026416133200695e-18,0.0,0.0,21.887017658600392,867.8285492670909,GCDH;ACADVL;ACAA2;ADH1C;ADH1B;ACSL1;ADH1A;ECI2;ACSL5;ACSL3;ADH5;ADH6;ALDH3A2;ADH4;ALDH1B1;CPT2;ACOX1;EHHADH;ACOX3;ACAA1;ALDH7A1,0.4883720930232558
6,855,ABC transporters,12/45,2.367787154949287e-06,Membrane transport,KEGG_2021_Human,2.69504229018618e-07,0.0,0.0,8.244149681872102,124.7066285752063,ABCC3;ABCC4;ABCD2;ABCD3;ABCA5;ABCA6;ABCB4;ABCC6;ABCA9;ABCB9;ABCA8;ABCG1,0.26666666666666666
6,855,PPAR signaling pathway,24/74,9.523185732254073e-14,Endocrine system,KEGG_2021_Human,2.322728227379042e-15,0.0,0.0,11.029602888086645,371.6538732622935,SLC27A1;ACSL1;ACSL5;DBI;ACSL3;CYP27A1;FABP1;FADS2;FABP3;CPT2;SCP2;ACOX2;ACOX1;SCD;EHHADH;ME1;PLIN4;SLC27A6;HMGCS2;ACOX3;ACAA1;SLC27A2;SLC27A4;PCK2,0.32432432432432434
6,855,Pyruvate metabolism,19/47,4.4193634404052653e-13,Carbohydrate metabolism,KEGG_2021_Human,1.7964892034167743e-14,0.0,0.0,15.517045454545457,491.1200279756574,ADH1C;ADH1B;ADH1A;ACOT12;AKR1A1;ACYP2;ADH5;ADH6;ALDH3A2;ADH4;GRHPR;PC;ALDH1B1;LDHD;ME1;HAGH;ACSS1;ALDH7A1;PCK2,0.40425531914893614
6,855,Retinol metabolism,21/68,7.990344980337773e-12,Metabolism of cofactors and vitamins,KEGG_2021_Human,3.897729258701353e-13,0.0,0.0,10.23159344864534,292.3494893885443,DGAT1;ADH1C;RETSAT;ADH1B;ADH1A;HSD17B6;ADH5;ADH6;DHRS4;ALDH1A3;ADH4;CYP26A1;CYP27C1;CYP26C1;CYP2B6;DHRS9;RDH11;RDH10;RDH16;AOX1;RDH13,0.3088235294117647
6,855,Drug metabolism,25/108,5.4636749503712534e-11,None,KEGG_2021_Human,3.109408508341364e-12,0.0,0.0,6.91754971694005,183.29146895645468,ADH1C;MAOA;ADH1B;MGST3;ADH1A;MGST1;GSTT2;MGST2;ADH5;ADH6;ADH4;ALDH3B2;HPGDS;CYP2B6;ALDH3B1;AOX1;GSTK1;GSTO1;FMO2;FMO4;FMO5;NAT1;GSTA1;CES2;CES1,0.23148148148148148
6,855,Biosynthesis of unsaturated fatty acids,13/27,2.5743984531580497e-10,Lipid metabolism,KEGG_2021_Human,1.6744054979889753e-11,0.0,0.0,21.097980997624703,523.5037351153953,ELOVL4;ELOVL2;ELOVL3;HSD17B12;FADS2;SCP2;ACOX1;SCD;ACOT2;ACOT1;ACOX3;ACAA1;ACOT4,0.48148148148148145
6,855,Tyrosine metabolism,14/36,1.1899687658056584e-09,Amino acid metabolism,KEGG_2021_Human,9.674542811428115e-11,0.0,0.0,14.469895146470652,333.6604156244057,AOC2;ADH1C;HGD;ADH1B;MAOA;ADH1A;FAH;ADH5;ADH6;GSTZ1;ADH4;ALDH3B2;ALDH3B1;AOX1,0.3888888888888889
6,855,beta-Alanine metabolism,13/30,1.1899687658056584e-09,Metabolism of other amino acids,KEGG_2021_Human,8.872354741713704e-11,0.0,0.0,17.372083275115273,402.08548029507375,AOC2;ABAT;CNDP2;ALDH3A2;ALDH3B2;ALDH6A1;ALDH1B1;ACOX1;ALDH3B1;EHHADH;MLYCD;ACOX3;ALDH7A1,0.43333333333333335
6,855,"Glycine, serine and threonine metabolism",13/40,6.69910584260159e-08,Amino acid metabolism,KEGG_2021_Human,5.991070265741259e-09,0.0,0.0,10.932260051024898,206.98043325190912,DMGDH;ALAS1;AOC2;SDS;MAOA;PIPOX;GNMT;GRHPR;GATM;DAO;SARDH;AGXT;ALDH7A1,0.325
6,855,Glycolysis / Gluconeogenesis,15/67,1.1242418066439816e-06,Carbohydrate metabolism,KEGG_2021_Human,1.1130929715211073e-07,0.0,0.0,6.556662087912088,104.97840885289568,ADH1C;ADH1B;ADH1A;AKR1A1;ADH5;ADH6;ALDH3A2;ADH4;ALDH3B2;ALDH1B1;ALDH3B1;GALM;ACSS1;ALDH7A1;PCK2,0.22388059701492538
6,855,Metabolism of xenobiotics by cytochrome P450,24/76,1.4151382629480802e-13,Xenobiotics biodegradation and metabolism,KEGG_2021_Human,4.602075651863675e-15,0.0,0.0,10.604276589836156,350.0712309578624,CBR1;GSTK1;ADH1C;GSTO1;ADH1B;ADH1A;MGST3;AKR1C1;EPHX1;MGST1;GSTT2;MGST2;ADH5;ADH6;ADH4;ALDH3B2;AKR7A2;HPGDS;AKR7A3;CYP2B6;ALDH3B1;GSTA1;SULT2A1;CBR3,0.3157894736842105
6,855,Fatty Acid Beta-Oxidation (GO:0006635),24/49,3.5471859238448206e-17,cellular process,GO_Biological_Process_2023,2.3169078535890408e-20,0.0,0.0,22.08808664259928,998.6348309254377,GCDH;ABCD2;ACADVL;ABCD3;ACAA2;ECI2;ETFDH;CROT;ACOXL;BDH2;AMACR;CPT2;SCP2;ACOX2;ACOX1;EHHADH;ECHDC2;ACOX3;ACAA1;ACAD11;ACAD10;SLC27A2;CRAT;DECR1,0.4897959183673469
6,855,Peroxisomal Protein Import R-HSA-9033241,24/63,1.4569199807972716e-15,Protein localization,Reactome_2022,3.2479107852168475e-17,0.0,0.0,14.148662408590209,537.1671920581174,GSTK1;PHYH;EPHX2;ECI2;PIPOX;CROT;DHRS4;NUDT7;AMACR;DAO;ACOX2;ACOX1;EHHADH;ACOT2;LONP2;MLYCD;ACOX3;ACAA1;AGXT;SLC27A2;HAO2;CRAT;ACOT4;PAOX,0.38095238095238093
6,855,Bile Acid Metabolic Process (GO:0008206),12/31,2.0699871141148805e-07,cellular process,GO_Biological_Process_2023,2.298483405614172e-09,0.0,0.0,14.329275145158269,285.0238457713746,CYP27A1;CYP39A1;ABCD3;AMACR;SCP2;ACOX2;AKR1C1;OSBPL3;ACAA1;CYP7B1;OSBPL1A;SLC27A2,0.3870967741935484
6,855,Monocarboxylic Acid Biosynthetic Process (GO:0072330),18/65,1.8191094353559573e-08,cellular process,GO_Biological_Process_2023,1.425820589436413e-10,0.0,0.0,8.73850377487989,198.1115229013272,ABCD3;SDS;ACSM3;ELOVL4;OSBPL3;HOGA1;CYP7B1;HSD17B8;CYP27A1;CYP39A1;ALDH1A3;GATM;AMACR;SCP2;ACOX2;MLYCD;OSBPL1A;SLC27A2,0.27692307692307694
6,855,"Steroid Dehydrogenase Activity, Acting On The CH-OH Group Of Donors, NAD Or NADP As Acceptor (GO:0033764)",11/22,4.7811189598586724e-08,catalytic activity,GO_Molecular_Function_2023,3.745001796233946e-10,0.0,0.0,22.670616113744074,492.07544466475593,DHRS11;DHRS9;AKR1C1;HSD17B1;HSD17B2;RDH16;HSD17B14;HSD17B6;HSD17B11;HSD17B7;HSD17B8,0.5
6,855,Retinoid Metabolic Process (GO:0001523),14/40,5.9371230694624254e-08,cellular process,GO_Biological_Process_2023,5.04131939275059e-10,0.0,0.0,12.241196377938351,262.06177339552977,ADH1B;AKR1C1;AKR1B1;DHRS4;ADH4;ALDH1A3;CYP27C1;AKR1B10;RDH11;CYP4V2;RDH10;BCO2;RDH13;ALDH8A1,0.35
6,855,Long-Chain Fatty Acid Transport (GO:0015909),11/23,7.546660080290495e-08,localization,GO_Biological_Process_2023,6.900930184458977e-10,0.0,0.0,20.780312006319114,438.3439477637786,ABCD2;SLC27A1;FABP3;ABCD3;CPT2;ACSL1;SLC27A6;ACSL3;SLC25A20;SLC27A2;SLC27A4,0.4782608695652174
6,855,Organic Hydroxy Compound Biosynthetic Process (GO:1901617),14/42,1.08213978327987e-07,None,GO_Biological_Process_2023,1.0602283964205127e-09,0.0,0.0,11.36563614744352,234.8683874102891,ABCD3;FAXDC2;OSBPL3;MSMO1;CYP7B1;CYP27A1;CYP39A1;AMACR;SCP2;ACOX2;HSD17B1;PNPO;OSBPL1A;SLC27A2,0.3333333333333333
6,855,NAD-retinol Dehydrogenase Activity (GO:0004745),10/19,1.205125004361542e-07,catalytic activity,GO_Molecular_Function_2023,1.2586161925446912e-09,0.0,0.0,25.16239316239316,515.6592886439852,ADH4;ADH1C;DHRS9;ADH1B;RDH11;RDH10;AKR1A1;RDH16;HSD17B6;ADH6,0.5263157894736842
6,855,"Oxidoreductase Activity, Acting On The Aldehyde Or Oxo Group Of Donors, NAD Or NADP As Acceptor (GO:0016620)",10/20,1.324515981576931e-07,catalytic activity,GO_Molecular_Function_2023,2.420786389305096e-09,0.0,0.0,22.644970414201183,449.257494578905,ALDH3A2;ALDH4A1;ALDH1A3;ALDH3B2;ALDH6A1;AKR1B10;ALDH3B1;AKR1B1;HSD17B12;ALDH8A1,0.5
6,855,acyl-CoA Hydrolase Activity (GO:0047617),10/20,1.324515981576931e-07,catalytic activity,GO_Molecular_Function_2023,2.420786389305096e-09,0.0,0.0,22.644970414201183,449.257494578905,ACOT9;ABCD2;ABCD3;ACAA2;ACOT11;ACOT2;THEM5;ACOT1;ACOT6;ACOT4,0.5
6,855,Alcohol Dehydrogenase (NAD+) Activity (GO:0004022),7/8,1.324515981576931e-07,catalytic activity,GO_Molecular_Function_2023,1.962893050655171e-09,0.0,0.0,158.02830188679246,3168.285152287716,ADH4;ADH1C;DHRS9;ADH1B;ADHFE1;ADH5;ADH6,0.875
6,855,Steroid Biosynthetic Process (GO:0006694),15/50,1.3677493204606586e-07,cellular process,GO_Biological_Process_2023,1.4293918437211323e-09,0.0,0.0,9.75,198.5686634806351,ABCD3;DHRS11;FAXDC2;OSBPL3;CYP51A1;MSMO1;CYP7B1;CYP27A1;CYP39A1;AMACR;SCP2;ACOX2;HSD17B1;OSBPL1A;SLC27A2,0.3
6,855,Sterol Metabolic Process (GO:0016125),18/60,4.9599748881504314e-09,cellular process,GO_Biological_Process_2023,3.2396962038866306e-11,0.0,0.0,9.78136200716846,236.2488106958427,STARD3;ABCA5;FAXDC2;CYP51A1;MSMO1;CYP7B1;CYP27A1;CYP39A1;SULT2B1;CYP26A1;CYP26C1;SOAT1;CYP4V2;FDX1;OSBPL1A;ABCG1;SULT2A1;CES1,0.3
6,855,Mitochondrial Matrix (GO:0005759),41/355,2.839517615835656e-07,cellular anatomical structure,GO_Cellular_Component_2023,7.88754893287682e-09,0.0,0.0,3.0206693375483185,56.35958931070715,DMGDH;GCDH;ACADVL;ACAA2;ALAS1;ACSM3;ETFDH;ABAT;OGDHL;HSD17B8;MCEE;ALDH1B1;PDK4;THEM5;MLYCD;HMGCS2;BCO2;ACSS1;ACAD10;AASS;DECR1;PCK2;ACOT9;GSTK1;ADHFE1;GPT2;HOGA1;SUOX;ETNPPL;CYP27A1;ALDH4A1;GSTZ1;ALDH6A1;BTD;BDH1;TST;ETHE1;FDX1;ACOT2;SARDH;ALDH7A1,0.11549295774647887
6,855,Flavin Adenine Dinucleotide Binding (GO:0050660),15/55,2.962028320880277e-07,binding,GO_Molecular_Function_2023,6.187004325598489e-09,0.0,0.0,8.529017857142858,161.2053871250316,GCDH;ACADVL;SQOR;SORD;ETFDH;CYB5R1;ACOXL;POR;CYB5R3;ACOX2;ACOX1;LDHD;AOX1;ACOX3;PCYOX1,0.2727272727272727
6,855,Retinal Metabolic Process (GO:0042574),9/16,3.396171764836157e-07,cellular process,GO_Biological_Process_2023,3.9928864642097205e-09,0.0,0.0,29.08510638297872,562.469643032944,ALDH1A3;CYP27C1;RDH11;AKR1C1;RDH10;BCO2;RDH13;ALDH8A1;DHRS4,0.5625
6,855,Estradiol 17-Beta-Dehydrogenase [NAD(P)] Activity (GO:0004303),7/9,3.619609948278036e-07,catalytic activity,GO_Molecular_Function_2023,8.505610844517577e-09,0.0,0.0,79.01002358490567,1468.2069072226925,DHRS11;HSD17B1;HSD17B2;HSD17B14;HSD17B11;HSD17B7;HSD17B8,0.7777777777777778
6,855,Monocarboxylic Acid Transport (GO:0015718),17/73,6.460387435259531e-07,localization,GO_Biological_Process_2023,8.43943492522473e-09,0.0,0.0,6.915125298329356,128.554602926812,ABCC3;ABCC4;SLC27A1;ABCD3;ACSL1;ATP8B1;SLC10A1;ABCB4;AKR1C1;SLC6A12;FABP1;SLCO2B1;SLCO1B3;SLCO1A2;SLC16A9;SLC27A3;SLC27A4,0.2328767123287671
6,855,Cellular Modified Amino Acid Catabolic Process (GO:0042219),8/13,8.371762169788491e-07,cellular process,GO_Biological_Process_2023,1.1483148632629544e-08,0.0,0.0,36.15584415584416,661.0150705411805,ALDH4A1;SARDH;HOGA1;GGACT;AGXT;CDO1;ABHD12B;PCYOX1,0.6153846153846154
6,855,Steroid Metabolic Process (GO:0008202),29/92,3.46391916115807e-15,cellular process,GO_Biological_Process_2023,6.787562040152979e-18,0.0,0.0,10.634113532418615,420.3818194470177,DHRS11;HSD17B14;MSMO1;HSD17B6;HSD11B2;CYP2B6;SCP2;CYP4V2;HSD17B1;CYP2R1;HSD17B2;RDH16;TSPO;ACAA1;SULT2A1;CBR1;STARD3;AKR1C1;CYP51A1;CYP7B1;DHRS4;CYP27A1;CYP39A1;SULT2B1;CYP26A1;CYP26C1;AMACR;BDH1;DHRS9,0.31521739130434784
6,855,Fatty Acid Oxidation (GO:0019395),21/52,2.9210506637875474e-13,cellular process,GO_Biological_Process_2023,7.631745692456033e-16,0.0,0.0,15.5254119285217,540.4247605310469,ABCD2;PHYH;ABCD3;ACAA2;ECI2;CROT;ADH5;ADH4;BDH2;CPT2;SCP2;ACOX1;CYP4V2;EHHADH;ECHDC2;ACAA1;ACAD11;ACAD10;SLC27A2;HAO2;DECR1,0.40384615384615385
6,855,Fatty Acid Catabolic Process (GO:0009062),22/61,8.115238283828554e-13,cellular process,GO_Biological_Process_2023,2.650306428422128e-15,0.0,0.0,12.938467694770216,434.268038151614,ABCD2;PHYH;ABCD3;ACAA2;ECI2;CROT;AIG1;MCEE;NUDT7;BDH2;CPT2;SCP2;ACOX1;EHHADH;ECHDC2;ACAA1;ACAD11;ACAD10;SLC27A2;HAO2;SLC27A4;DECR1,0.36065573770491804
6,855,Monocarboxylic Acid Metabolic Process (GO:0032787),26/97,6.950941163578827e-12,cellular process,GO_Biological_Process_2023,2.7240788361510756e-14,0.0,0.0,8.425627346709934,263.1665582806382,ABAT;MSMO1;CROT;SCP2;ME1;TSPO;ACAA1;ACBD4;AKR1C1;ACOT11;CYP4B1;ACSL3;HOGA1;CYP4F11;FA2H;GRHPR;GATM;BTD;AMACR;ACOT2;ACOT1;ECHDC3;ACOT6;AGXT;ACOT4;SLC27A4,0.26804123711340205
6,855,Very Long-Chain Fatty Acid Metabolic Process (GO:0000038),15/32,1.6161232671693996e-10,cellular process,GO_Biological_Process_2023,7.389198478240233e-13,0.0,0.0,20.09243697478992,561.2538350750608,ABCD2;ABCD3;ELOVL4;ACSL1;ELOVL2;ELOVL3;ACOX2;ACOX1;ACOT2;ACOT1;SLC27A6;ACAA1;SLC27A2;ACOT4;SLC27A4,0.46875
6,855,Lipid Transport (GO:0006869),24/108,3.963767579918632e-09,localization,GO_Biological_Process_2023,2.1410823422334653e-11,0.0,0.0,6.553549939831528,161.0018776450541,ABCC3;ABCC4;SLC27A1;ABCD3;ABCA5;ACSL1;ABCA6;ATP8B1;SLC10A1;AKR1C1;ABCA9;PCTP;ABCA8;FABP1;FABP3;SCP2;SLCO2B1;TTPA;EHHADH;SLCO2A1;SLCO1B3;SLCO1A2;SLC27A3;SLC27A4,0.2222222222222222
6,855,CoA Hydrolase Activity (GO:0016289),10/15,9.161370802065611e-09,catalytic activity,GO_Molecular_Function_2023,4.7840056407653314e-11,0.0,0.0,45.30177514792899,1076.513232692433,ACOT9;ABCD2;ABCD3;ACAA2;ACOT11;ACOT12;ACOT2;ACOT1;ACOT6;ACOT4,0.6666666666666666
6,855,Fatty Acid Beta-Oxidation Using acyl-CoA Oxidase (GO:0033540),9/11,3.963767579918632e-09,cellular process,GO_Biological_Process_2023,2.3301050437144143e-11,0.0,0.0,101.8244680851064,2492.919848583596,ACOXL;AMACR;ACOX2;SCP2;ACOX1;EHHADH;ACOX3;CROT;CRAT,0.8181818181818182
6,855,Bile Acid Biosynthetic Process (GO:0006699),10/25,2.2477298421803745e-06,cellular process,GO_Biological_Process_2023,3.5235477604395166e-08,0.0,0.0,15.092702169625246,259.0090672520584,CYP27A1;CYP39A1;ABCD3;AMACR;SCP2;ACOX2;OSBPL3;CYP7B1;OSBPL1A;SLC27A2,0.4
6,855,Ethanol Metabolic Process (GO:0006067),8/14,1.7165563769920706e-06,cellular process,GO_Biological_Process_2023,2.5787587636066375e-08,0.0,0.0,30.128295946477763,526.4429396756109,SULT1A1;ADH4;SULT1B1;ADH1C;ADH1B;ADH1A;ADH6;SULT2A1,0.5714285714285714
6,855,Alcohol Dehydrogenase [NAD(P)+] Activity (GO:0018455),6/7,1.2919938359590387e-06,catalytic activity,GO_Molecular_Function_2023,4.048022462534847e-08,0.0,0.0,135.29328621908127,2303.023506160241,ADH4;ADH1C;DHRS9;ADHFE1;ADH6;DHRS4,0.8571428571428571
6,855,Cholesterol Metabolic Process (GO:0008203),16/67,1.0936882250938002e-06,cellular process,GO_Biological_Process_2023,1.5715964044456963e-08,0.0,0.0,7.139778915141742,128.2917516139013,STARD3;ACAA2;ABCA5;CYP51A1;MSMO1;HSD17B7;TM7SF2;CYP27A1;SULT2B1;PLPP6;SOAT1;FDX1;OSBPL1A;ABCG1;SULT2A1;CES1,0.23880597014925373
6,855,Aldehyde Dehydrogenase [NAD(P)+] Activity (GO:0004030),8/14,8.978769149648566e-07,catalytic activity,GO_Molecular_Function_2023,2.5787587636066375e-08,0.0,0.0,30.128295946477763,526.4429396756109,ALDH3A2;ALDH4A1;ALDH1A3;ALDH3B2;ALDH1L1;ALDH1B1;ALDH3B1;ALDH7A1,0.5714285714285714
6,855,Aldehyde Dehydrogenase (NAD+) Activity (GO:0004029),8/14,8.978769149648566e-07,catalytic activity,GO_Molecular_Function_2023,2.5787587636066375e-08,0.0,0.0,30.128295946477763,526.4429396756109,ALDH3A2;ALDH4A1;ALDH1A3;ALDH3B2;ALDH1L1;ALDH1B1;ALDH3B1;ALDH7A1,0.5714285714285714
6,855,Prostanoid Metabolic Process (GO:0006692),8/16,6.269547055739719e-06,cellular process,GO_Biological_Process_2023,1.023766664882384e-07,0.0,0.0,22.593860684769776,363.6393087099078,HPGDS;HPGD;AKR1C1;GSTA1;CYP4F8;PTGR1;PTGR2;CES1,0.5
6,855,Long-Chain Fatty Acid Metabolic Process (GO:0001676),20/78,8.796278807924793e-09,cellular process,GO_Biological_Process_2023,6.319991305497892e-11,0.0,0.0,7.882304356803634,185.11369651119733,ABCD3;ACSL1;ELOVL2;ELOVL3;EPHX1;ACSL5;ACSL3;PTGR1;AIG1;CYP4F11;CPT2;SCP2;GSTA1;ACOT2;ACOT1;ACAA1;SLC27A3;SLC27A2;ACOT4;SLC27A4,0.2564102564102564
7,548,GPCR Ligand Binding R-HSA-500792,79/458,4.792622452270798e-38,Signal Transduction,Reactome_2022,2.120629403659645e-40,0.0,0.0,8.47684119920563,774.3737760771298,UCN;OXTR;VIPR1;VIPR2;SCT;NPY2R;MLNR;RRH;PTH1R;TRH;LTB4R;BRS3;HEBP1;GPR132;EDNRA;CCKAR;UCN3;GRM6;GPER1;GRM8;ADORA1;FFAR4;PRLHR;QRFPR;GPR39;GHSR;AVPR1B;EDN3;NPY5R;GPR35;GLP2R;TACR2;NPY1R;TACR3;PTH2R;GPR37L1;AVPR1A;SSTR1;SSTR2;SSTR4;ADORA2A;ADORA2B;APLNR;RGR;OPRD1;PTGFR;PLPPR1;CALCRL;SUCNR1;PLPPR3;C5AR2;PLPPR5;PTGER3;OPRL1;PTH2;MCHR1;CRHR1;GHRHR;CALCR;HCAR1;GALR3;GALR2;TBXA2R;GALR1;P2RY2;PENK;TAC3;GPHA2;NTSR1;NTSR2;GABBR2;GPR55;SCTR;GPR4;PYY;GPR143;MC1R;SST;MC5R,0.17248908296943233
7,548,Anti-inflammatory Response Favoring Leishmania Infection R-HSA-9662851,24/165,5.562561469792315e-10,Disease,Reactome_2022,2.4613103848638567e-11,0.0,0.0,6.2728601591684265,153.23181043613968,GPR27;GPR39;VIPR1;GPR25;VIPR2;CALCRL;GPR45;SCT;GPR32;GLP2R;SCTR;GPR83;PTH2R;PTH1R;PTH2;CRHR1;GHRHR;CALCR;MC1R;ADORA2A;ADORA2B;GPR150;MC5R;GPHA2,0.14545454545454545
7,548,ADORA2B Mediated Anti-Inflammatory Cytokine Production R-HSA-9660821,24/131,3.555717122814649e-12,Disease,Reactome_2022,1.4159935444837097e-13,0.0,0.0,8.280659199543411,244.98971804669645,GPR27;GPR39;VIPR1;GPR25;VIPR2;CALCRL;GPR45;SCT;GPR32;GLP2R;SCTR;GPR83;PTH2R;PTH1R;PTH2;CRHR1;GHRHR;CALCR;MC1R;ADORA2A;ADORA2B;GPR150;MC5R;GPHA2,0.183206106870229
7,548,G Alpha (S) Signaling Events R-HSA-418555,28/153,3.7265521929753476e-14,Signal Transduction,Reactome_2022,1.3191335196372912e-15,0.0,0.0,8.325476923076923,285.2458360526307,GPR27;VIPR1;GPR25;VIPR2;CALCRL;GPR45;SCT;GPR83;PTH1R;PTH2;CRHR1;GHRHR;CALCR;GPER1;GPR150;PDE8B;GPHA2;GPR39;GPR32;GLP2R;SCTR;PTH2R;MC1R;PDE10A;ADORA2A;ADORA2B;MC5R;PDE7B,0.1830065359477124
7,548,Potassium Channels R-HSA-1296071,25/102,9.886473567643092e-16,Neuronal System,Reactome_2022,3.062182078473524e-17,0.0,0.0,12.027886071863128,457.3581886885679,HCN4;KCNG3;KCNC1;KCNC4;KCNA5;KCNA6;KCNV1;KCNH1;KCNH3;GABBR2;KCNH6;KCND2;KCNH7;ABCC8;KCND3;KCNB1;KCNH8;KCNAB1;KCNS2;KCNQ1;KCNS3;KCNQ3;KCNQ5;HCN2;KCNK3,0.24509803921568626
7,548,Voltage Gated Potassium Channels R-HSA-1296072,20/43,8.132411667785516e-19,Neuronal System,Reactome_2022,2.159047345429783e-20,0.0,0.0,31.997694334650856,1448.9207077176552,KCNH3;KCNG3;KCNC1;KCND2;KCNH6;KCNB1;KCND3;KCNH7;KCNH8;KCNC4;KCNA5;KCNAB1;KCNA6;KCNV1;KCNS2;KCNQ1;KCNS3;KCNQ3;KCNQ5;KCNH1,0.46511627906976744
7,548,Peptide Ligand-Binding Receptors R-HSA-375276,39/196,5.5913770612329944e-21,Signal Transduction,Reactome_2022,1.237030323281636e-22,0.0,0.0,9.41655300138901,475.0100915531228,OPRD1;OXTR;C5AR2;NPY2R;MLNR;OPRL1;TRH;MCHR1;BRS3;HEBP1;EDNRA;CCKAR;GALR3;GALR2;GALR1;GPER1;PENK;PRLHR;TAC3;QRFPR;NTSR1;NTSR2;GHSR;AVPR1B;EDN3;NPY5R;TACR2;NPY1R;TACR3;GPR37L1;AVPR1A;SSTR1;SSTR2;SSTR4;PYY;MC1R;SST;MC5R;APLNR,0.1989795918367347
7,548,GPCR Downstream Signaling R-HSA-388396,81/619,1.0397243487142891e-30,Signal Transduction,Reactome_2022,1.8402200862199807e-32,0.0,0.0,6.097744839718842,445.5795196140828,GPR27;GPR25;VIPR1;OXTR;VIPR2;SCT;NPY2R;MLNR;RRH;PTH1R;TRH;LTB4R;BRS3;HEBP1;GPR132;EDNRA;CCKAR;GRM6;GPER1;GRM8;ADORA1;FFAR4;PDE8B;QRFPR;GPR39;GHSR;AVPR1B;EDN3;NPY5R;GPR32;GLP2R;TACR2;NPY1R;TACR3;PTH2R;GPR37L1;AVPR1A;SSTR1;SSTR2;SSTR4;ADORA2A;ADORA2B;APLNR;RGR;OPRD1;PTGFR;CALCRL;SUCNR1;GPR45;PTGER3;OPRL1;GPR83;PTH2;MCHR1;CRHR1;GHRHR;CALCR;HCAR1;GALR3;GALR2;TBXA2R;GPR150;GALR1;P2RY2;PENK;TAC3;RGS22;GPHA2;NTSR1;NTSR2;GABBR2;GPR55;SCTR;GPR4;PYY;GPR143;MC1R;PDE10A;SST;MC5R;PDE7B,0.1308562197092084
7,548,Class A/1 (Rhodopsin-like Receptors) R-HSA-373076,62/327,2.554091659489414e-32,Signal Transduction,Reactome_2022,3.3903871586142673e-34,0.0,0.0,9.236695395605247,711.8439333589201,OXTR;NPY2R;MLNR;RRH;TRH;LTB4R;BRS3;HEBP1;EDNRA;GPR132;CCKAR;GPER1;FFAR4;ADORA1;PRLHR;QRFPR;GPR39;GHSR;AVPR1B;EDN3;NPY5R;GPR35;TACR2;NPY1R;TACR3;GPR37L1;AVPR1A;SSTR1;SSTR2;SSTR4;ADORA2A;ADORA2B;APLNR;RGR;OPRD1;PTGFR;PLPPR1;SUCNR1;PLPPR3;C5AR2;PLPPR5;PTGER3;OPRL1;MCHR1;HCAR1;GALR3;GALR2;TBXA2R;GALR1;P2RY2;PENK;TAC3;GPHA2;NTSR1;NTSR2;GPR55;GPR4;PYY;GPR143;MC1R;SST;MC5R,0.18960244648318042
7,548,Signaling By GPCR R-HSA-372790,89/689,3.300840337491035e-33,Signal Transduction,Reactome_2022,2.9210976437973756e-35,0.0,0.0,6.092331154684096,484.4531494823344,GPR27;UCN;GPR25;VIPR1;OXTR;VIPR2;SCT;NPY2R;MLNR;RRH;PTH1R;TRH;LTB4R;BRS3;HEBP1;GPR132;EDNRA;CCKAR;UCN3;GRM6;GPER1;GRM8;ADORA1;FFAR4;PRLHR;PDE8B;QRFPR;GPR39;GHSR;AVPR1B;EDN3;NPY5R;GPR35;GPR32;GLP2R;TACR2;NPY1R;TACR3;PTH2R;GPR37L1;AVPR1A;SSTR1;SSTR2;SSTR4;ADORA2A;ADORA2B;APLNR;RGR;OPRD1;PTGFR;PLPPR1;CALCRL;SUCNR1;GPR45;PLPPR3;C5AR2;PLPPR5;PTGER3;OPRL1;GPR83;PTH2;MCHR1;CRHR1;GHRHR;CALCR;HCAR1;GALR3;GALR2;TBXA2R;GPR150;GALR1;P2RY2;PENK;TAC3;RGS22;GPHA2;NTSR1;NTSR2;GABBR2;GPR55;SCTR;GPR4;PYY;GPR143;MC1R;PDE10A;SST;MC5R;PDE7B,0.12917271407837447
7,548,Delayed Rectifier Potassium Channel Activity (GO:0005251),9/28,6.415711386932078e-07,transporter activity,GO_Molecular_Function_2023,3.5380761324993086e-08,0.0,0.0,17.078117371350455,293.010927075718,KCNG3;KCNC1;KCNB1;KCNQ1;KCNS3;KCNC4;KCNA5;KCNA6;KCNH1,0.32142857142857145
7,548,Anterior/Posterior Pattern Specification (GO:0009952),12/59,5.042635296554644e-06,multicellular organismal process,GO_Biological_Process_2023,5.50105668715052e-08,0.0,0.0,9.24341060654176,154.5104534519894,TBX1;CDX2;CDX1;SIX2;HOXC5;HOXC4;HOXD4;HOXC9;HOXB7;HES2;HOXD9;HOXB6,0.2033898305084746
7,548,Sequence-Specific Double-Stranded DNA Binding (GO:1990837),103/715,6.0978758620304564e-43,binding,GO_Molecular_Function_2023,2.2418661257464917e-45,0.0,0.0,7.125358008371888,732.5510780786982,FERD3L;SOX18;GSC2;PITX1;PKNOX2;PITX3;NKX2-8;NKX6-2;ESX1;SOX14;OVOL1;POU3F4;ISL2;HOXB2;HOXB1;LMX1B;HOXB8;HOXB7;HOXB6;DLX1;DLX3;DLX4;HOXD1;GATA5;BHLHE23;HOXB13;NEUROD2;NKX2-1;ALX3;HOXC4;ALX1;OTX1;HOXC9;ASIC2;MSC;NKX2-3;TFAP2E;EVX1;PHOX2B;SCRT1;PHOX2A;FEV;LHX6;HOXD4;LHX5;HOXD9;HOXD8;VSX1;LHX8;VSX2;BARHL1;MESP1;BARHL2;ONECUT2;TCF21;SIX1;HOXC13;HOXC12;HOXC11;HOXC10;DMBX1;SIX6;SIX2;SIX3;FOXD3;FOXD2;OLIG3;EN2;EN1;OLIG2;PAX1;DMRTA2;PAX7;PAX9;HAND1;HMX2;HMX1;HOXD13;HOXD12;ASCL2;HOXD10;BARX2;HSF4;SHOX;HES2;ATOH1;TBX1;IRX1;FOXB1;SKOR1;GSX1;IRX5;CDX2;CDX1;IRX3;GSX2;UNCX;FOXJ1;DMRT3;VAX1;LBX1;VAX2;POU4F3,0.14405594405594405
7,548,Double-Stranded DNA Binding (GO:0003690),98/650,9.250410592399958e-43,binding,GO_Molecular_Function_2023,6.801772494411734e-45,0.0,0.0,7.456521739130435,758.3218925941658,FERD3L;SOX18;GSC2;PITX1;PKNOX2;PITX3;NKX2-8;NKX6-2;ESX1;SOX14;OVOL1;POU3F4;ISL2;HOXB2;HOXB1;LMX1B;HOXB8;HOXB7;HOXB6;DLX1;DLX3;DLX4;HOXD1;GATA5;BHLHE23;HOXB13;NEUROD2;ALX3;HOXC4;ALX1;OTX1;HOXC9;MSC;NKX2-3;TFAP2E;EVX1;PHOX2B;SCRT1;PHOX2A;FEV;LHX6;HOXD4;LHX5;HOXD9;HOXD8;VSX1;LHX8;VSX2;BARHL1;BARHL2;ONECUT2;TCF21;SIX1;HOXC13;HOXC12;HOXC11;HOXC10;DMBX1;SIX6;SIX2;SIX3;FOXD3;FOXD2;OLIG3;EN2;EN1;OLIG2;PAX1;DMRTA2;PAX7;PAX9;HMX2;HMX1;HOXD13;HOXD12;ASCL2;HOXD10;BARX2;HSF4;SHOX;HES2;ATOH1;TBX1;IRX1;FOXB1;SKOR1;GSX1;IRX5;CDX2;CDX1;IRX3;GSX2;UNCX;DMRT3;VAX1;LBX1;VAX2;POU4F3,0.15076923076923077
7,548,Sequence-Specific DNA Binding (GO:0043565),102/717,1.8772928282572417e-42,binding,GO_Molecular_Function_2023,2.07054356057784e-44,0.0,0.0,7.004899923438696,704.594393875325,FERD3L;SOX18;GSC2;PITX1;PKNOX2;PITX3;NKX2-8;NKX6-2;ESX1;SOX14;OVOL1;POU3F4;ISL2;HOXB2;ZNF711;HOXB1;LMX1B;HOXB8;HOXB7;HOXB6;DLX1;DLX3;DLX4;HOXD1;GATA5;BHLHE23;HOXB13;NEUROD2;ALX3;HOXC4;ALX1;OTX1;HOXC9;MSC;NKX2-3;TFAP2E;EVX1;PHOX2B;SCRT1;PHOX2A;FEV;LHX6;HOXD4;LHX5;HOXD9;HOXD8;VSX1;LHX8;VSX2;BARHL1;BARHL2;FOXE3;ONECUT2;TCF21;SIX1;HOXC13;HOXC12;HOXC11;HOXC10;DMBX1;SIX6;SIX2;SIX3;FOXD4;FOXD3;FOXD2;OLIG3;EN2;EN1;FOXL1;OLIG2;PAX1;DMRTA2;PAX7;PAX9;HMX2;HMX1;HOXD13;HOXD12;ASCL2;HOXD10;BARX2;HSF4;SHOX;HES2;ATOH1;TBX1;IRX1;FOXB1;SKOR1;GSX1;IRX5;CDX2;CDX1;IRX3;GSX2;UNCX;DMRT3;VAX1;LBX1;VAX2;POU4F3,0.14225941422594143
7,548,G Protein-Coupled Receptor Activity (GO:0004930),56/250,3.745223360716026e-33,molecular transducer activity,GO_Molecular_Function_2023,5.507681412817685e-35,0.0,0.0,11.298801441622665,891.2984325554372,GPR27;VIPR1;VIPR2;GPR26;MLNR;RRH;PTH1R;LTB4R;GPR174;GRM6;GPER1;GRM8;FFAR4;ADORA1;PRLHR;QRFPR;GPR39;GHSR;GPR35;GPR32;GLP2R;PTH2R;GPR37L1;ADORA2A;ADORA2B;APLNR;RGR;OPRD1;CALCRL;GPR45;NPY4R;C5AR2;GPR88;OPRL1;GPR83;MCHR1;CRHR1;GHRHR;HCAR1;CNR1;GALR1;GPR150;NTSR1;NTSR2;GABBR2;GABBR1;GPR55;SCTR;GPR4;GPR50;GPR6;GPR143;MC1R;GPR101;LGR5;ADGRL3,0.224
7,548,G Protein-Coupled Peptide Receptor Activity (GO:0008528),31/77,7.227650375750885e-27,molecular transducer activity,GO_Molecular_Function_2023,1.5943346417097539e-28,0.0,0.0,25.29585400723236,1619.084562404469,OPRD1;OXTR;VIPR1;VIPR2;MLNR;OPRL1;GPR83;PTH1R;MCHR1;LTB4R;CRHR1;BRS3;GHRHR;EDNRA;CCKAR;GALR1;PRLHR;AVPR1B;GPR32;GCGR;GLP2R;NPY1R;SCTR;PTH2R;SORCS1;AVPR1A;GPR37L1;SORCS3;MC1R;MC5R;APLNR,0.4025974025974026
7,548,Neuropeptide Receptor Activity (GO:0008188),19/36,2.892481107984138e-19,molecular transducer activity,GO_Molecular_Function_2023,8.507297376423935e-21,0.0,0.0,41.0613810741688,1897.5844941955224,NPY5R;NPY2R;NPY1R;TACR2;TACR3;GPR83;SORCS1;SSTR1;SORCS3;SSTR2;MCHR1;SSTR4;GPR143;GALR3;GALR2;GALR1;PRLHR;NTSR1;NTSR2,0.5277777777777778
7,548,Adenylate Cyclase-Modulating G Protein-Coupled Receptor Signaling Pathway (GO:0007188),35/163,9.59340064775187e-19,cellular process,GO_Biological_Process_2023,1.3954037305820902e-21,0.0,0.0,10.300012183235868,494.6179476711847,PTGFR;VIPR1;VIPR2;CALCRL;GPR26;PTGER3;OPRL1;PTH1R;MCHR1;CRHR1;GHRHR;CALCR;GALR3;UCN3;GALR2;TBXA2R;CNR1;GPER1;GRM8;GPHA2;GABBR2;GABBR1;GCGR;GLP2R;NPY1R;SCTR;PTH2R;GPR4;GPR37L1;GIP;MC1R;ADORA2A;ADORA2B;MC5R;ADGRL3,0.2147239263803681
7,548,Transcription Cis-Regulatory Region Binding (GO:0000976),53/474,7.297917157800777e-17,binding,GO_Molecular_Function_2023,2.6830577786032273e-18,0.0,0.0,4.840053744091749,195.8265153703072,BARHL1;MESP1;BARHL2;HMX3;TCF21;SIX1;OTP;HOXC13;HOXC10;FERD3L;DMBX1;SOX18;FOXD3;TCF15;ESX1;ISL2;HAND1;HOXB1;LMX1B;HOXB8;HMX2;HMX1;CASZ1;ASCL4;GATA5;BARX1;ASCL2;NPAS1;BARX2;GBX1;ALX3;NKX2-1;ALX1;MSC;BHLHA9;CDX2;TFAP2E;CDX1;FOXJ1;FOXN4;SCRT1;PHOX2B;PHOX2A;LHX6;HOXD4;LHX5;SIM1;HOXD9;SIM2;HOXD8;VSX1;LHX8;VSX2,0.11181434599156118
7,548,Potassium Ion Transport (GO:0006813),29/122,9.844039790419748e-17,localization,GO_Biological_Process_2023,2.1477904997279452e-19,0.0,0.0,11.631363043072907,499.97038496169046,HCN4;KCNG3;KCNC1;KCNC4;KCNA5;KCNA6;KCNV1;KCNH1;KCNH3;LRRC26;KCNH6;KCND2;KCNH7;ABCC8;KCND3;KCNB1;KCNH8;KCNK12;KCNK15;KCNAB1;SLC9A2;SLC9A3;KCNS2;KCNQ1;KCNS3;KCNQ3;KCNQ5;HCN2;KCNK3,0.23770491803278687
7,548,Voltage-Gated Potassium Channel Activity (GO:0005249),23/80,2.926419555986688e-16,transporter activity,GO_Molecular_Function_2023,1.1834784969063813e-17,0.0,0.0,14.906766917293233,580.9985240502243,HCN4;KCNH3;LRRC26;KCNG3;KCNC1;KCND2;KCNH6;KCND3;KCNH7;KCNB1;KCNH8;KCNC4;KCNA5;KCNA6;KCNV1;KCNT1;KCNS2;KCNQ1;KCNS3;KCNQ3;KCNQ5;HCN2;KCNH1,0.2875
7,548,Potassium Ion Transmembrane Transport (GO:0071805),28/137,1.777141895060371e-14,localization,GO_Biological_Process_2023,6.462334163855894e-17,0.0,0.0,9.55546930134086,356.20836420046226,HCN4;KCNG3;KCNC1;KCNC4;KCNA5;KCNA6;KCNV1;KCNH1;KCNH3;LRRC26;KCNH6;KCND2;KCNH7;ABCC8;KCND3;KCNB1;KCNH8;KCNK12;KCNK15;SLC9A2;SLC9A3;KCNS2;KCNQ1;KCNS3;KCNQ3;KCNQ5;HCN2;KCNK3,0.20437956204379562
7,548,Neuropeptide Signaling Pathway (GO:0007218),20/68,2.2380158238070422e-13,cellular process,GO_Biological_Process_2023,9.765887231158002e-16,0.0,0.0,15.3125,529.2377616879622,OPRD1;GRP;NXPH4;ECEL1;OPRL1;SORCS1;GPR83;SSTR1;SORCS3;SSTR2;MCHR1;LTB4R;SSTR4;PYY;GALR3;GALR2;GALR1;PENK;NTSR1;NTSR2,0.29411764705882354
7,548,Neuroactive ligand-receptor interaction,71/341,4.636681231894579e-40,Signaling molecules and interaction,KEGG_2021_Human,5.519858609398309e-42,0.0,0.0,10.574749592359655,1004.6035552734622,UCN;OXTR;VIPR1;VIPR2;SCT;NPY2R;MLNR;PTH1R;TRH;MLN;LTB4R;BRS3;EDNRA;CCKAR;UCN3;GRM6;GRM8;ADORA1;PRLHR;GHSR;AVPR1B;EDN3;NPY5R;GPR35;GRID1;GLP2R;TACR2;NPY1R;TACR3;PTH2R;AVPR1A;SSTR1;SSTR2;SSTR4;GIP;ADORA2A;ADORA2B;APLNR;OPRD1;PTGFR;CALCRL;GRP;NPY4R;PTGER3;OPRL1;GPR83;PTH2;MCHR1;CRHR1;GHRHR;CALCR;GALR3;GALR2;TBXA2R;CNR1;GALR1;P2RY2;PENK;TAC3;NTSR1;NTSR2;GABBR2;GABBR1;GCGR;SCTR;GPR50;PYY;P2RX5;MC1R;SST;MC5R,0.20821114369501467
7,548,Potassium Channel Activity (GO:0005267),20/79,5.401712535615265e-13,transporter activity,GO_Molecular_Function_2023,2.3831084715949702e-14,0.0,0.0,12.450564971751412,390.5466524573695,HCN4;KCNH3;LRRC26;KCNC1;KCND2;KCND3;KCNH8;KCNK12;KCNC4;KCNK15;KCNA6;KCNV1;KCNT1;KCNS2;KCNQ1;KCNS3;KCNQ3;KCNQ5;HCN2;KCNK3,0.25316455696202533
7,548,Potassium Channel Complex (GO:0034705),20/81,2.726673538674231e-12,protein-containing complex,GO_Cellular_Component_2023,4.009814027462104e-14,0.0,0.0,12.04110779930452,371.4374279036472,DPP10;LRRC26;KCNG3;KCNC1;KCND2;ABCC8;KCND3;KCNB1;KCNC4;KCNAB1;KCNA5;KCNA6;KCNV1;KCNS2;KCNQ1;KCNS3;KCNQ3;KCNQ5;HCN2;KCNH1,0.24691358024691357
7,548,Monoatomic Cation Transmembrane Transport (GO:0098655),34/281,7.793642264179975e-11,localization,GO_Biological_Process_2023,3.9676724254007166e-13,0.0,0.0,5.143196962775091,146.86618324152326,HCN4;KCNG3;KCNC1;KCNC4;KCNA5;KCNA6;SLC6A2;CACNA1G;KCNV1;ASIC2;KCNH1;LRRC26;KCNH3;KCND2;KCNH6;KCNB1;KCNH7;ABCC8;KCNK12;KCNH8;KCNK15;SLC6A11;OTOP1;OTOP2;OTOP3;SLC9A2;SLC9A3;KCNS2;KCNQ1;KCNS3;KCNQ3;KCNQ5;HCN2;KCNK3,0.12099644128113879
7,548,Inorganic Cation Transmembrane Transport (GO:0098662),34/284,9.275245990612295e-11,None,GO_Biological_Process_2023,5.396506758174427e-13,0.0,0.0,5.080684824902724,143.51844498959352,HCN4;KCNG3;KCNC1;KCNC4;KCNA5;KCNA6;SLC6A2;CACNA1G;KCNV1;ASIC2;KCNH1;LRRC26;KCNH3;KCND2;KCNH6;KCNB1;KCNH7;ABCC8;KCNK12;KCNH8;KCNK15;SLC6A11;OTOP1;OTOP2;OTOP3;SLC9A2;SLC9A3;KCNS2;KCNQ1;KCNS3;KCNQ3;KCNQ5;HCN2;KCNK3,0.11971830985915492
7,548,Adenylate Cyclase-Activating G Protein-Coupled Receptor Signaling Pathway (GO:0007189),21/110,3.1791094077716544e-10,cellular process,GO_Biological_Process_2023,2.0808716123596284e-12,0.0,0.0,8.669445451250454,233.1927747004557,PTGFR;CALCRL;GPR26;GCGR;PTGER3;GPR4;PTH1R;CRHR1;GIP;GHRHR;CALCR;MC1R;UCN3;ADORA2A;TBXA2R;ADORA2B;GPER1;MC5R;GPR101;GPHA2;ADGRL3,0.19090909090909092
7,548,Generation Of Neurons (GO:0048699),25/172,1.3177504584930414e-09,cellular process,GO_Biological_Process_2023,9.583639698131212e-12,0.0,0.0,6.277558824677098,159.26771687317571,SIX1;OTP;CELSR1;ASCL2;SIX3;IRX1;GSX1;IRX5;IRX3;IRX4;EN2;EN1;VAX1;VAX2;PHOX2B;NELL1;TAFA3;LHX6;LHX5;INSM2;LMX1B;ASTN2;ASTN1;LHX8;ADGRL3,0.14534883720930233
7,548,Voltage-Gated Monoatomic Cation Channel Activity (GO:0022843),16/76,4.031640286416472e-09,transporter activity,GO_Molecular_Function_2023,1.9268869015961077e-10,0.0,0.0,9.7203007518797,217.44259547435144,HCN4;KCNH3;LRRC26;KCNC1;KCND2;KCND3;KCNH8;KCNC4;KCNA6;KCNV1;KCNS2;KCNQ1;KCNS3;KCNQ3;KCNQ5;HCN2,0.21052631578947367
7,548,Neuron Differentiation (GO:0030182),24/173,8.512228553586623e-09,cellular process,GO_Biological_Process_2023,6.809782842869299e-11,0.0,0.0,5.93360315589938,138.9060995948616,IRX1;GSX1;IRX5;IRX3;IRX4;EN2;EN1;OTP;FOXN4;BHLHE23;VAX1;ASCL2;VAX2;PHOX2B;PHOX2A;ISL2;LHX6;LHX5;INSM2;LMX1B;VSX1;ATOH1;PITX3;LHX8,0.13872832369942195
7,548,Neuropeptide Binding (GO:0042923),10/28,3.5945175302112844e-08,binding,GO_Molecular_Function_2023,1.850119317020514e-09,0.0,0.0,20.06815365551425,403.5307488603659,OPRD1;NPY5R;NPY4R;OPRL1;NPY1R;PRLHR;SSTR1;SSTR2;MCHR1;SSTR4,0.35714285714285715
7,548,Chemical Synaptic Transmission (GO:0007268),28/273,2.583211062582531e-07,cellular process,GO_Biological_Process_2023,2.254438745526572e-09,0.0,0.0,4.221318681318682,84.0479948327508,KCNC4;SLC1A2;SLC6A2;GALR3;PTCHD1;PENK;SLC17A6;RIMBP3C;ASIC2;NPTX2;NTSR1;RIMBP3B;GABBR2;GABBR1;KCND2;SLC32A1;NPY5R;GRID1;GAD1;GAD2;SHISA6;SST;KCNQ3;RIMBP3;PDE7B;ZACN;KCNK3;CBLN1,0.10256410256410256
7,548,G Alpha (Q) Signaling Events R-HSA-416476,26/212,3.358698600003266e-09,Signal Transduction,Reactome_2022,1.7833797876123538e-10,0.0,0.0,5.159189222593005,115.8100777453705,PTGFR;OXTR;MLNR;TRH;MCHR1;LTB4R;BRS3;EDNRA;GPR132;CCKAR;TBXA2R;P2RY2;FFAR4;TAC3;QRFPR;NTSR1;NTSR2;GPR39;GHSR;AVPR1B;EDN3;TACR2;TACR3;GPR4;AVPR1A;GPR143,0.12264150943396226
7,548,Phospholipase C-activating G Protein-Coupled Receptor Signaling Pathway (GO:0007200),15/83,7.043058611802757e-07,cellular process,GO_Biological_Process_2023,6.658891778431697e-09,0.0,0.0,8.022293345105396,151.03822590789648,OPRD1;GPR35;GPR32;C5AR2;PTGER3;GPR55;OPRL1;GPR83;GPR4;PTH1R;LTB4R;GPR174;CCKAR;GALR2;GPR139,0.18072289156626506
7,548,Embryonic Organ Morphogenesis (GO:0048562),11/44,1.962857220514356e-06,developmental process,GO_Biological_Process_2023,1.9985455336146173e-08,0.0,0.0,12.054003724394786,213.69652485811432,TBX1;MESP1;SIX2;SIX1;TCF21;HOXC4;ALX1;HOXD4;HOXC9;DSCAML1;HOXD9,0.25
7,548,Voltage-Gated Potassium Channel Complex (GO:0008076),20/73,6.120778857221347e-13,protein-containing complex,GO_Cellular_Component_2023,4.5005726891333424e-15,0.0,0.0,13.864351057747283,458.0028996731485,DPP10;HCN4;LRRC26;KCNG3;KCNC1;KCND2;KCND3;KCNB1;KCNC4;KCNAB1;KCNA5;KCNA6;KCNV1;KCNS2;KCNQ1;KCNS3;KCNQ3;KCNQ5;HCN2;KCNH1,0.273972602739726
7,548,Class B/2 (Secretin Family Receptors) R-HSA-373080,14/92,3.042075310306452e-06,Signal Transduction,Reactome_2022,2.019076533389238e-07,0.0,0.0,6.511956208585422,100.38477053773636,UCN;VIPR1;VIPR2;CALCRL;SCT;GLP2R;SCTR;PTH2R;PTH1R;PTH2;CRHR1;GHRHR;CALCR;UCN3,0.15217391304347827
8,417,Establishment Of Sister Chromatid Cohesion R-HSA-2468052,8/11,7.353515857526202e-11,Cell Cycle,Reactome_2022,5.218624156954078e-12,0.0,0.0,127.66096169519152,3316.4769729766604,STAG2;CDCA5;RAD21;ESCO2;PDS5A;SMC1A;SMC3;WAPL,0.7272727272727273
8,417,"Cell Cycle, Mitotic R-HSA-69278",121/523,3.653868366306063e-91,Cell Cycle,Reactome_2022,1.5715562865832528e-93,0.0,0.0,19.504680986957105,4167.923043833531,ERCC6L;ZWILCH;BUB1B;SMC3;SMC4;CDC20;PTTG1;NEK2;KNTC1;FBXO5;GTSE1;TMPO;BORA;VRK1;ESCO2;KNL1;SGO1;SGO2;ZW10;KIF20A;CDCA5;NCAPG;CDCA8;HMMR;PKMYT1;PDS5A;NCAPH;SKA1;SKA2;ORC5;CCNB2;DSN1;CCNB1;ORC6;RAD21;PLK4;CDT1;UBE2C;NCAPH2;RCC2;CDC7;CDC6;NDC80;WAPL;ZWINT;DHFR;TPX2;POLA1;KIF18A;STAG2;UBE2S;CDK1;CEP57;TOP2A;FEN1;MCM7;MCM8;NCAPG2;MCM10;FOXM1;CKS1B;LMNB1;NUF2;MYBL2;TK1;SPDL1;HAUS3;HAUS6;KIF23;MASTL;SMC1A;TUBG1;CKAP5;HAUS1;CCNA2;DBF4;ESPL1;INCENP;MCM3;MCM4;MCM5;KIF2C;MCM6;ITGB3BP;PRIM2;PCNA;PRIM1;MIS12;CENPA;AURKB;AURKA;CDC45;BUB3;BUB1;CENPT;H2AZ1;GINS1;CENPU;GINS2;RRM2;NDE1;CEP152;GINS3;GINS4;MZT1;CENPE;CENPF;CENPH;CENPI;CENPK;CENPL;CENPM;CENPN;NCAPD2;CENPO;NCAPD3;CENPP;CENPQ;SPC24;MAD2L1;SPC25,0.23135755258126195
8,417,Mitotic Telophase/Cytokinesis R-HSA-68884,8/13,5.213459926972201e-10,Cell Cycle,Reactome_2022,3.9241096224521935e-11,0.0,0.0,76.58875305623472,1835.1658240088243,STAG2;RAD21;KIF23;KIF20A;PDS5A;SMC1A;SMC3;WAPL,0.6153846153846154
8,417,Condensation Of Prometaphase Chromosomes R-HSA-2514853,7/10,2.3925176326482087e-09,Cell Cycle,Reactome_2022,1.8522717155986127e-10,0.0,0.0,111.4308943089431,2497.1037273064094,CCNB2;CCNB1;CDK1;NCAPG;NCAPD2;SMC4;NCAPH,0.7
8,417,G1/S-Specific Transcription R-HSA-69205,10/29,2.463976154612417e-09,Cell Cycle,Reactome_2022,1.9605831767883748e-10,0.0,0.0,25.29936635199793,565.5068430469305,DHFR;CDT1;POLA1;PCNA;CDC45;RRM2;CDK1;FBXO5;TK1;CDC6,0.3448275862068966
8,417,AURKA Activation By TPX2 R-HSA-8854518,14/72,2.8750349370633713e-09,Cell Cycle,Reactome_2022,2.349490916309852e-10,0.0,0.0,11.69461795157012,259.28900249611985,CEP57;PLK4;CEP152;NDE1;HAUS3;HAUS6;HMMR;TUBG1;CKAP5;HAUS1;AURKA;TPX2;CDK1;NEK2,0.19444444444444445
8,417,Regulation Of PLK1 Activity At G2/M Transition R-HSA-2565942,15/87,3.803884132844076e-09,Cell Cycle,Reactome_2022,3.1903544339982577e-10,0.0,0.0,10.111422056384743,221.09351248024052,CEP57;PLK4;BORA;CEP152;NDE1;HAUS3;HAUS6;TUBG1;CKAP5;HAUS1;AURKA;CCNB2;CCNB1;CDK1;NEK2,0.1724137931034483
8,417,COPI-dependent Golgi-to-ER Retrograde Traffic R-HSA-6811434,14/78,8.351698245920386e-09,Vesicle-mediated transport,Reactome_2022,7.18425655563044e-10,0.0,0.0,10.594990694789082,223.0664985014452,KIF23;KIF11;KIF22;KIF15;CENPE;KIF18A;KIF18B;RACGAP1;KIFC1;ZW10;KIF4A;KIF2C;KIF20A;KIF20B,0.1794871794871795
8,417,APC/C-mediated Degradation Of Cell Cycle Proteins R-HSA-174143,14/87,3.63031376119013e-08,Cell Cycle,Reactome_2022,3.2009218109418354e-09,0.0,0.0,9.284476018899351,181.6027447404292,UBE2C;BUB1B;AURKB;AURKA;CDC20;CCNA2;CCNB1;PTTG1;UBE2S;CDK1;NEK2;FBXO5;BUB3;MAD2L1,0.16091954022988506
8,417,E2F Mediated Regulation Of DNA Replication R-HSA-113510,8/22,9.154635321821369e-08,Cell Cycle,Reactome_2022,8.268702871322526e-09,0.0,0.0,27.340551868669227,508.82921976248696,ORC5;PRIM2;POLA1;CCNB1;ORC6;MCM8;PRIM1;CDK1,0.36363636363636365
8,417,Cohesin Loading Onto Chromatin R-HSA-2470946,6/10,1.6770323249386486e-07,Cell Cycle,Reactome_2022,1.5508040854271372e-08,0.0,0.0,71.45620437956204,1284.9188347842874,STAG2;RAD21;PDS5A;SMC1A;SMC3;WAPL,0.6
8,417,Switching Of Origins To A Post-Replicative State R-HSA-69052,13/90,4.736642924601179e-07,Cell Cycle,Reactome_2022,4.481984702848428e-08,0.0,0.0,8.151536582229651,137.92901038601636,CDT1;MCM7;MCM8;UBE2C;CDC6;CCNA2;ORC5;ORC6;UBE2S;MCM3;MCM4;MCM5;MCM6,0.14444444444444443
8,417,Extension Of Telomeres R-HSA-180786,10/50,7.028414577530855e-07,Cell Cycle,Reactome_2022,6.801691526642762e-08,0.0,0.0,12.004299754299756,198.113073940978,CCNA2;PIF1;PRIM2;POLA1;FEN1;SHQ1;PCNA;DSCC1;PRIM1;CHTF18,0.2
8,417,DNA Replication Pre-Initiation R-HSA-69002,20/127,2.9084393638225872e-11,DNA Replication,Reactome_2022,2.001506658974684e-12,0.0,0.0,9.169707384825443,247.00551634630585,H2AZ1;CDT1;PRIM2;MCM7;UBE2C;MCM8;PRIM1;CDC7;MCM10;CDC6;ORC5;POLA1;ORC6;DBF4;CDC45;UBE2S;MCM3;MCM4;MCM5;MCM6,0.15748031496062992
8,417,Golgi-to-ER Retrograde Transport R-HSA-8856688,14/112,8.956729993428148e-07,Vesicle-mediated transport,Reactome_2022,8.860421068767632e-08,0.0,0.0,6.907125132931585,112.1654021945188,KIF23;KIF11;KIF22;KIF15;CENPE;KIF18A;KIF18B;RACGAP1;KIFC1;ZW10;KIF4A;KIF2C;KIF20A;KIF20B,0.125
8,417,Centrosome Maturation R-HSA-380287,12/81,1.0782111818426755e-06,Cell Cycle,Reactome_2022,1.1129921877085685e-07,0.0,0.0,8.379602791196994,134.16618562226347,CEP57;PLK4;CEP152;NDE1;CDK1;HAUS3;NEK2;HAUS6;TUBG1;CKAP5;MZT1;HAUS1,0.14814814814814814
8,417,Orc1 Removal From Chromatin R-HSA-68949,11/69,1.6250676114832669e-06,Cell Cycle,Reactome_2022,1.747384528476631e-07,0.0,0.0,9.120732121623917,141.91836868416087,CCNA2;ORC5;CDT1;ORC6;MCM7;MCM8;MCM3;MCM4;MCM5;MCM6;CDC6,0.15942028985507245
8,417,Loss Of Nlp From Mitotic Centrosomes R-HSA-380259,11/69,1.6250676114832669e-06,Cell Cycle,Reactome_2022,1.747384528476631e-07,0.0,0.0,9.120732121623917,141.91836868416087,CEP57;PLK4;CEP152;NDE1;CDK1;HAUS3;NEK2;HAUS6;TUBG1;CKAP5;HAUS1,0.15942028985507245
8,417,APC/C:Cdc20 Mediated Degradation Of Mitotic Proteins R-HSA-176409,11/75,3.825215149053654e-06,Cell Cycle,Reactome_2022,4.195397260252394e-07,0.0,0.0,8.263123460591133,121.3365941479774,CDC20;CCNA2;CCNB1;PTTG1;UBE2C;UBE2S;CDK1;BUB1B;NEK2;BUB3;MAD2L1,0.14666666666666667
8,417,E2F-enabled Inhibition Of Pre-Replication Complex Formation R-HSA-113507,5/9,4.045789418443919e-06,Cell Cycle,Reactome_2022,4.524323650732985e-07,0.0,0.0,59.40230582524272,867.7861616752814,ORC5;CCNB1;ORC6;MCM8;CDK1,0.5555555555555556
8,417,Activation Of APC/C And APC/C:Cdc20 Mediated Degradation Of Mitotic Proteins R-HSA-176814,11/76,4.224166737988403e-06,Cell Cycle,Reactome_2022,4.814641658352374e-07,0.0,0.0,8.135581659719591,118.34370191219804,CDC20;CCNA2;CCNB1;PTTG1;UBE2C;UBE2S;CDK1;BUB1B;NEK2;BUB3;MAD2L1,0.14473684210526316
8,417,Assembly Of Pre-Replicative Complex R-HSA-68867,13/110,4.271916018459596e-06,DNA Replication,Reactome_2022,4.96093473111437e-07,0.0,0.0,6.464172705930387,93.83717261462397,H2AZ1;CDT1;MCM7;UBE2C;MCM8;CDC6;ORC5;ORC6;UBE2S;MCM3;MCM4;MCM5;MCM6,0.11818181818181818
8,417,Polo-like Kinase Mediated Events R-HSA-156711,6/16,4.495261923553598e-06,Cell Cycle,Reactome_2022,5.316976468719309e-07,0.0,0.0,28.573722627737222,412.8100238725695,CCNB2;CCNB1;CENPF;MYBL2;FOXM1;PKMYT1,0.375
8,417,APC-Cdc20 Mediated Degradation Of Nek2A R-HSA-179409,7/26,6.31627427733174e-06,Cell Cycle,Reactome_2022,7.606695903883385e-07,0.0,0.0,17.57997432605905,247.6854317707204,CDC20;UBE2C;UBE2S;BUB1B;NEK2;BUB3;MAD2L1,0.2692307692307692
8,417,G2/M DNA Replication Checkpoint R-HSA-69478,4/5,7.474120582490182e-06,Cell Cycle,Reactome_2022,9.161825230149256e-07,0.0,0.0,189.65617433414045,2636.7993184226507,CCNB2;CCNB1;CDK1;PKMYT1,0.8
8,417,Factors Involved In Megakaryocyte Development And Platelet Production R-HSA-983231,14/136,7.850380111314926e-06,Hemostasis,Reactome_2022,9.960697345539369e-07,0.0,0.0,5.54151242728715,76.58064597339624,KIF23;KIF11;KIF22;KIF15;CENPE;KIF18A;KIF18B;RAD51C;RACGAP1;KIFC1;KIF4A;KIF2C;KIF20A;KIF20B,0.10294117647058823
8,417,Recruitment Of NuMA To Mitotic Centrosomes R-HSA-380320,12/80,9.557988629471911e-07,Cell Cycle,Reactome_2022,9.660762700756556e-08,0.0,0.0,8.50326797385621,137.3499555278029,CEP57;PLK4;CEP152;NDE1;CDK1;HAUS3;NEK2;HAUS6;TUBG1;CKAP5;MZT1;HAUS1,0.15
8,417,Cell Cycle R-HSA-1640170,139/654,1.7110217593174348e-100,Cell Cycle,Reactome_2022,3.6796166867041613e-103,0.0,0.0,18.5126213592233,4366.45085327351,ERCC6L;ZWILCH;DSCC1;HJURP;BUB1B;SMC3;SMC4;CDC20;PTTG1;NEK2;OIP5;KNTC1;FBXO5;GTSE1;TMPO;BORA;VRK1;ESCO2;KNL1;SGO1;SGO2;SHQ1;ZW10;KIF20A;PIF1;CDCA5;NCAPG;CDCA8;HMMR;PKMYT1;PDS5A;NCAPH;SKA1;SKA2;ORC5;SYCE2;CCNB2;DSN1;CCNB1;ORC6;RAD21;CLSPN;PLK4;BARD1;CDT1;UBE2C;NCAPH2;RCC2;CDC7;CDC6;NDC80;WAPL;ZWINT;DHFR;TPX2;POLA1;KIF18A;STAG2;UBE2S;CDK1;CEP57;TOP2A;FEN1;MCM7;MCM8;NCAPG2;MCM10;CHTF18;FOXM1;CKS1B;LMNB1;MIS18BP1;NUF2;MYBL2;TK1;SPDL1;TOPBP1;HAUS3;HAUS6;KIF23;MASTL;SMC1A;TUBG1;CKAP5;HAUS1;CCNA2;DBF4;RAD51C;ESPL1;INCENP;MCM3;MCM4;MCM5;KIF2C;MCM6;ITGB3BP;PRIM2;PCNA;PRIM1;MIS12;CENPA;AURKB;AURKA;PSMC3IP;CDC45;NSD2;BUB3;BUB1;CENPT;H2AZ1;GINS1;CENPU;GINS2;CENPW;RRM2;CENPX;NDE1;CEP152;GINS3;GINS4;MND1;MZT1;CENPE;CENPF;MIS18A;CENPH;CENPI;CENPK;CENPL;CENPM;CENPN;NCAPD2;CENPO;NCAPD3;CENPP;CENPQ;SPC24;MAD2L1;SPC25,0.21253822629969418
8,417,Kinesins R-HSA-983189,13/42,2.5843610803720557e-11,Hemostasis,Reactome_2022,1.7229073869147038e-12,0.0,0.0,21.69699556162513,587.7066904203409,KIF23;KIF11;KIF22;KIF15;CENPE;KIF18A;KIF18B;RACGAP1;KIFC1;KIF4A;KIF2C;KIF20A;KIF20B,0.30952380952380953
8,417,G2/M Transition R-HSA-69275,24/182,1.0631997996204254e-11,Cell Cycle,Reactome_2022,6.630708427740288e-13,0.0,0.0,7.507971784713499,210.5377531357813,PLK4;CEP57;BORA;CEP152;NDE1;HAUS3;HAUS6;HMMR;PKMYT1;FOXM1;TUBG1;CKAP5;MZT1;HAUS1;AURKA;CCNA2;CCNB2;TPX2;CCNB1;CENPF;CDK1;NEK2;MYBL2;GTSE1,0.13186813186813187
8,417,Mitotic Prometaphase R-HSA-68877,68/186,2.225552607012859e-64,Cell Cycle,Reactome_2022,1.4358403916211994e-66,0.0,0.0,32.140741100480795,4872.821304892043,CEP57;ERCC6L;ZWILCH;BUB1B;SMC3;SMC4;CDC20;NUF2;KNTC1;NEK2;SPDL1;HAUS3;HAUS6;KNL1;SMC1A;TUBG1;CKAP5;HAUS1;SGO1;SGO2;INCENP;ZW10;KIF2C;ITGB3BP;CDCA5;MIS12;CDCA8;NCAPG;PDS5A;CENPA;NCAPH;SKA1;AURKB;SKA2;CCNB2;CCNB1;DSN1;RAD21;BUB3;BUB1;PLK4;CENPT;CENPU;RCC2;CEP152;NDE1;NDC80;WAPL;ZWINT;MZT1;CENPE;KIF18A;CENPF;STAG2;CENPH;CENPI;CENPK;CDK1;CENPL;CENPM;CENPN;NCAPD2;CENPO;CENPP;CENPQ;SPC24;MAD2L1;SPC25,0.3655913978494624
8,417,Resolution Of Sister Chromatid Cohesion R-HSA-2500257,55/106,2.4628709617715e-62,Cell Cycle,Reactome_2022,2.1185986767926884e-64,0.0,0.0,58.18762864261727,8531.161198289987,ERCC6L;ZWILCH;BUB1B;SMC3;CDC20;NUF2;KNTC1;SPDL1;KNL1;SMC1A;CKAP5;SGO1;SGO2;INCENP;ZW10;KIF2C;ITGB3BP;CDCA5;MIS12;CDCA8;PDS5A;CENPA;SKA1;AURKB;SKA2;CCNB2;CCNB1;DSN1;RAD21;BUB3;BUB1;CENPT;CENPU;RCC2;NDE1;NDC80;WAPL;ZWINT;CENPE;KIF18A;CENPF;STAG2;CENPH;CENPI;CENPK;CDK1;CENPL;CENPM;CENPN;CENPO;CENPP;CENPQ;SPC24;MAD2L1;SPC25,0.5188679245283019
8,417,M Phase R-HSA-68886,83/380,7.408275078811254e-59,Cell Cycle,Reactome_2022,7.965887181517478e-61,0.0,0.0,16.136797112845016,2233.0506871334137,CEP57;ERCC6L;ZWILCH;NCAPG2;BUB1B;SMC3;SMC4;LMNB1;CDC20;PTTG1;NUF2;KNTC1;NEK2;FBXO5;SPDL1;TMPO;HAUS3;KIF23;VRK1;HAUS6;KNL1;TUBG1;MASTL;SMC1A;CKAP5;HAUS1;SGO1;SGO2;ESPL1;INCENP;ZW10;KIF2C;KIF20A;ITGB3BP;CDCA5;MIS12;CDCA8;NCAPG;PDS5A;CENPA;NCAPH;SKA1;AURKB;SKA2;CCNB2;DSN1;CCNB1;RAD21;BUB3;BUB1;PLK4;CENPT;H2AZ1;CENPU;UBE2C;NCAPH2;RCC2;NDE1;CEP152;WAPL;ZWINT;MZT1;NDC80;CENPE;CENPF;KIF18A;STAG2;CENPH;CENPI;UBE2S;CENPK;CENPL;CDK1;CENPM;CENPN;NCAPD2;CENPO;NCAPD3;CENPP;CENPQ;SPC24;MAD2L1;SPC25,0.21842105263157896
8,417,Cell Cycle Checkpoints R-HSA-69620,70/271,1.1682784434280633e-54,Cell Cycle,Reactome_2022,1.5074560560362109e-56,0.0,0.0,19.452306192381037,2500.289371153706,ERCC6L;MCM7;ZWILCH;MCM8;BUB1B;MCM10;CDC20;NUF2;KNTC1;SPDL1;TOPBP1;GTSE1;KNL1;CKAP5;SGO1;CCNA2;SGO2;DBF4;INCENP;ZW10;MCM3;MCM4;KIF2C;MCM5;MCM6;ITGB3BP;MIS12;CDCA8;PKMYT1;CENPA;SKA1;AURKB;SKA2;ORC5;CCNB2;DSN1;CCNB1;ORC6;CDC45;NSD2;CLSPN;BUB3;BUB1;BARD1;CENPT;CENPU;UBE2C;RCC2;NDE1;CDC7;CDC6;ZWINT;NDC80;CENPE;CENPF;KIF18A;CENPH;CENPI;UBE2S;CENPK;CENPL;CDK1;CENPM;CENPN;CENPO;CENPP;CENPQ;SPC24;MAD2L1;SPC25,0.25830258302583026
8,417,Mitotic Metaphase And Anaphase R-HSA-2555396,63/233,2.202636922170641e-50,Cell Cycle,Reactome_2022,3.315797517246126e-52,0.0,0.0,20.322681954137582,2408.9638731672585,ERCC6L;ZWILCH;BUB1B;SMC3;LMNB1;CDC20;PTTG1;NUF2;KNTC1;FBXO5;SPDL1;TMPO;VRK1;KNL1;SMC1A;CKAP5;SGO1;SGO2;ESPL1;INCENP;ZW10;KIF2C;ITGB3BP;CDCA5;MIS12;CDCA8;PDS5A;CENPA;SKA1;AURKB;SKA2;CCNB2;DSN1;CCNB1;RAD21;BUB3;BUB1;CENPT;CENPU;UBE2C;RCC2;NDE1;WAPL;ZWINT;NDC80;CENPE;CENPF;KIF18A;STAG2;CENPH;CENPI;UBE2S;CENPK;CENPL;CDK1;CENPM;CENPN;CENPO;CENPP;CENPQ;SPC24;MAD2L1;SPC25,0.2703862660944206
8,417,Separation Of Sister Chromatids R-HSA-2467813,56/170,4.984600295378379e-50,Cell Cycle,Reactome_2022,8.575656422156353e-52,0.0,0.0,26.492297225057104,3115.1099436920945,ERCC6L;ZWILCH;BUB1B;SMC3;CDC20;PTTG1;NUF2;KNTC1;SPDL1;KNL1;SMC1A;CKAP5;SGO1;SGO2;ESPL1;INCENP;ZW10;KIF2C;ITGB3BP;CDCA5;MIS12;CDCA8;PDS5A;CENPA;SKA1;AURKB;SKA2;DSN1;RAD21;BUB3;BUB1;CENPT;CENPU;UBE2C;RCC2;NDE1;NDC80;WAPL;ZWINT;CENPE;KIF18A;CENPF;STAG2;CENPH;UBE2S;CENPI;CENPK;CENPL;CENPM;CENPN;CENPO;CENPP;CENPQ;SPC24;MAD2L1;SPC25,0.32941176470588235
8,417,Mitotic Anaphase R-HSA-68882,62/232,2.582631136666788e-49,Cell Cycle,Reactome_2022,4.998640909677654e-51,0.0,0.0,19.94376139188069,2309.9397677488023,ERCC6L;ZWILCH;BUB1B;SMC3;LMNB1;CDC20;PTTG1;NUF2;KNTC1;SPDL1;TMPO;VRK1;KNL1;SMC1A;CKAP5;SGO1;SGO2;ESPL1;INCENP;ZW10;KIF2C;ITGB3BP;CDCA5;MIS12;CDCA8;PDS5A;CENPA;SKA1;AURKB;SKA2;CCNB2;DSN1;CCNB1;RAD21;BUB3;BUB1;CENPT;CENPU;UBE2C;RCC2;NDE1;WAPL;ZWINT;NDC80;CENPE;CENPF;KIF18A;STAG2;CENPH;CENPI;UBE2S;CENPK;CENPL;CDK1;CENPM;CENPN;CENPO;CENPP;CENPQ;SPC24;MAD2L1;SPC25,0.2672413793103448
8,417,Unattached Kinetochores Signal Amplification Via A MAD2 Inhibitory Signal R-HSA-141444,45/93,3.0453037976434004e-49,Cell Cycle,Reactome_2022,6.549040425039572e-51,0.0,0.0,49.231350806451616,5688.806707953,ERCC6L;ZWILCH;MIS12;BUB1B;CDCA8;CENPA;AURKB;SKA1;SKA2;CDC20;DSN1;NUF2;KNTC1;SPDL1;BUB3;BUB1;CENPT;CENPU;NDE1;RCC2;KNL1;CKAP5;NDC80;ZWINT;SGO1;SGO2;CENPE;CENPF;KIF18A;CENPH;INCENP;CENPI;ZW10;CENPK;CENPL;CENPM;KIF2C;CENPN;CENPO;CENPP;CENPQ;ITGB3BP;SPC24;MAD2L1;SPC25,0.4838709677419355
8,417,Mitotic Spindle Checkpoint R-HSA-69618,47/110,2.908760418540363e-48,Cell Cycle,Reactome_2022,6.880938624504085e-50,0.0,0.0,39.35821535821536,4455.369641091086,ERCC6L;ZWILCH;MIS12;BUB1B;CDCA8;CENPA;SKA1;AURKB;SKA2;CDC20;DSN1;NUF2;KNTC1;SPDL1;BUB3;BUB1;CENPT;CENPU;UBE2C;RCC2;NDE1;KNL1;CKAP5;NDC80;ZWINT;SGO1;SGO2;CENPE;KIF18A;CENPF;CENPH;UBE2S;INCENP;CENPI;ZW10;CENPK;CENPL;CENPM;KIF2C;CENPN;CENPO;CENPP;CENPQ;ITGB3BP;SPC24;MAD2L1;SPC25,0.42727272727272725
8,417,EML4 And NUDC In Mitotic Spindle Formation R-HSA-9648025,45/97,3.0177571763367187e-48,Cell Cycle,Reactome_2022,7.7877604550625015e-50,0.0,0.0,45.43501861042184,5137.642028919072,ERCC6L;ZWILCH;MIS12;BUB1B;CDCA8;CENPA;SKA1;AURKB;SKA2;CDC20;DSN1;NUF2;KNTC1;SPDL1;BUB3;BUB1;CENPT;CENPU;RCC2;NDE1;KNL1;CKAP5;NDC80;ZWINT;SGO1;SGO2;CENPE;KIF18A;CENPF;CENPH;INCENP;CENPI;ZW10;CENPK;CENPL;CENPM;KIF2C;CENPN;CENPO;CENPP;CENPQ;ITGB3BP;SPC24;MAD2L1;SPC25,0.4639175257731959
8,417,RHO GTPases Activate Formins R-HSA-5663220,45/119,2.626052127725706e-43,Signal Transduction,Reactome_2022,7.341651109770792e-45,0.0,0.0,31.891346992153444,3240.8868743295184,ERCC6L;ZWILCH;MIS12;BUB1B;CDCA8;CENPA;SKA1;AURKB;SKA2;CDC20;DSN1;NUF2;KNTC1;SPDL1;BUB3;BUB1;CENPT;CENPU;RCC2;NDE1;KNL1;CKAP5;NDC80;ZWINT;SGO1;SGO2;CENPE;KIF18A;CENPF;CENPH;INCENP;CENPI;ZW10;CENPK;CENPL;CENPM;KIF2C;CENPN;CENPO;CENPP;CENPQ;ITGB3BP;SPC24;MAD2L1;SPC25,0.37815126050420167
8,417,Mitotic G2-G2/M Phases R-HSA-453274,24/184,1.3093319348080452e-11,Cell Cycle,Reactome_2022,8.447302805213196e-13,0.0,0.0,7.413358778625954,206.0895875238682,PLK4;CEP57;BORA;CEP152;NDE1;HAUS3;HAUS6;HMMR;PKMYT1;FOXM1;TUBG1;CKAP5;MZT1;HAUS1;AURKA;CCNA2;CCNB2;TPX2;CCNB1;CENPF;CDK1;NEK2;MYBL2;GTSE1,0.13043478260869565
8,417,RHO GTPase Effectors R-HSA-195258,48/269,2.9667280523328506e-29,Signal Transduction,Reactome_2022,8.932084458636539e-31,0.0,0.0,11.39653459883015,788.531791463483,ERCC6L;ZWILCH;MIS12;KIF14;CDCA8;BUB1B;CENPA;SKA1;AURKB;SKA2;CDC20;DSN1;NUF2;KNTC1;SPDL1;BUB3;BUB1;CENPT;H2AZ1;CENPU;RCC2;NDE1;KNL1;CKAP5;ZWINT;NDC80;SGO1;CENPE;SGO2;CENPF;KIF18A;CENPH;INCENP;CENPI;PRC1;ZW10;CENPK;CENPL;CENPM;KIF2C;CENPN;CENPO;CENPP;CENPQ;SPC24;ITGB3BP;MAD2L1;SPC25,0.17843866171003717
8,417,S Phase R-HSA-69242,32/161,7.224618949696582e-21,Cell Cycle,Reactome_2022,2.4858903912934483e-22,0.0,0.0,12.534541427564683,623.5463204868618,PRIM2;FEN1;PCNA;MCM7;MCM8;CDCA5;PRIM1;SMC3;PDS5A;CKS1B;ORC5;ORC6;CDC45;RAD21;GINS1;CDT1;GINS2;UBE2C;GINS3;GINS4;ESCO2;CDC6;SMC1A;WAPL;CCNA2;POLA1;STAG2;UBE2S;MCM3;MCM4;MCM5;MCM6,0.19875776397515527
8,417,Deposition Of New CENPA-containing Nucleosomes At Centromere R-HSA-606279,21/53,1.4349301524073725e-20,Cell Cycle,Reactome_2022,5.245981202349535e-22,0.0,0.0,32.39985795454545,1587.573915680938,CENPT;H2AZ1;CENPU;CENPW;CENPX;HJURP;KNL1;CENPA;MIS18A;CENPH;MIS18BP1;CENPI;CENPK;CENPL;CENPM;OIP5;CENPN;CENPO;CENPP;CENPQ;ITGB3BP,0.39622641509433965
8,417,Activation Of Pre-Replicative Complex R-HSA-68962,17/32,2.1097325238297256e-19,Cell Cycle,Reactome_2022,8.166706543857004e-21,0.0,0.0,55.44266666666667,2564.45737019562,PRIM2;CDT1;MCM7;MCM8;PRIM1;MCM10;CDC7;CDC6;ORC5;POLA1;CDC45;ORC6;DBF4;MCM3;MCM4;MCM5;MCM6,0.53125
8,417,DNA Strand Elongation R-HSA-69190,16/31,5.293931002694052e-18,Cell Cycle,Reactome_2022,2.1631115924986452e-19,0.0,0.0,52.05120532003325,2237.034269721225,GINS1;PRIM2;GINS2;FEN1;PCNA;MCM7;MCM8;PRIM1;GINS3;GINS4;POLA1;CDC45;MCM3;MCM4;MCM5;MCM6,0.5161290322580645
8,417,Unwinding Of DNA R-HSA-176974,11/11,6.6014372550823736e-18,Cell Cycle,Reactome_2022,2.8393278516483334e-19,0.0,0.0,215413.0,9199330.516064418,GINS1;GINS2;CDC45;MCM7;MCM8;GINS3;GINS4;MCM3;MCM4;MCM5;MCM6,1.0
8,417,Mitotic G1 Phase And G1/S Transition R-HSA-453279,28/147,8.125244734944896e-18,Cell Cycle,Reactome_2022,3.6694653641686633e-19,0.0,0.0,11.773174051111448,499.7602987512397,TOP2A;PRIM2;PCNA;MCM7;MCM8;PRIM1;MCM10;CKS1B;ORC5;CCNB1;ORC6;CDC45;MYBL2;FBXO5;TK1;CDT1;RRM2;CDC7;CDC6;DHFR;CCNA2;POLA1;DBF4;CDK1;MCM3;MCM4;MCM5;MCM6,0.19047619047619047
8,417,G1/S Transition R-HSA-69206,26/129,3.358091884502586e-17,Cell Cycle,Reactome_2022,1.5887746550334816e-18,0.0,0.0,12.57616765574951,515.4162299951895,PRIM2;PCNA;MCM7;MCM8;PRIM1;MCM10;CKS1B;ORC5;CCNB1;ORC6;CDC45;FBXO5;TK1;CDT1;RRM2;CDC7;CDC6;DHFR;CCNA2;POLA1;DBF4;CDK1;MCM3;MCM4;MCM5;MCM6,0.20155038759689922
8,417,DNA Replication R-HSA-69306,27/155,3.296519882155477e-16,DNA Replication,Reactome_2022,1.772322517287891e-17,0.0,0.0,10.522536057692308,405.871638305668,PRIM2;FEN1;PCNA;MCM7;MCM8;PRIM1;MCM10;ORC5;ORC6;CDC45;GINS1;H2AZ1;CDT1;GINS2;UBE2C;GINS3;GINS4;CDC7;CDC6;CCNA2;POLA1;DBF4;UBE2S;MCM3;MCM4;MCM5;MCM6,0.17419354838709677
8,417,Synthesis Of DNA R-HSA-69239,23/119,7.414508391016314e-15,Cell Cycle,Reactome_2022,4.145746627234928e-16,0.0,0.0,11.849645727580372,419.7059031983093,GINS1;CDT1;PRIM2;GINS2;FEN1;PCNA;MCM7;UBE2C;MCM8;PRIM1;GINS3;GINS4;CDC6;ORC5;CCNA2;POLA1;ORC6;CDC45;UBE2S;MCM3;MCM4;MCM5;MCM6,0.19327731092436976
8,417,Activation Of ATR In Response To Replication Stress R-HSA-176187,14/36,1.0172381157343297e-13,Cell Cycle,Reactome_2022,5.906543897812237e-15,0.0,0.0,30.888111888111887,1011.9784228455496,MCM7;MCM8;MCM10;CDC7;CDC6;ORC5;CDC45;ORC6;DBF4;MCM3;MCM4;MCM5;CLSPN;MCM6,0.3888888888888889
8,417,G2/M Checkpoints R-HSA-69481,22/148,8.649124104962674e-12,Cell Cycle,Reactome_2022,5.208074729869997e-13,0.0,0.0,8.600642957604983,243.25539023809077,BARD1;MCM7;MCM8;CDC7;MCM10;CDC6;PKMYT1;ORC5;CCNB2;CCNB1;ORC6;DBF4;CDC45;NSD2;CDK1;MCM3;MCM4;MCM5;CLSPN;TOPBP1;MCM6;GTSE1,0.14864864864864866
8,417,Chromosome Maintenance R-HSA-73886,31/118,4.1039163373880535e-24,Cell Cycle,Reactome_2022,1.3238439798025976e-25,0.0,0.0,17.99702221428146,1030.9429991192535,PIF1;PRIM2;FEN1;PCNA;DSCC1;PRIM1;HJURP;CHTF18;CENPA;MIS18BP1;OIP5;CENPT;H2AZ1;CENPU;CENPW;CENPX;KNL1;CCNA2;POLA1;SHQ1;MIS18A;CENPH;CENPI;CENPK;CENPL;CENPM;CENPN;CENPO;CENPP;CENPQ;ITGB3BP,0.2627118644067797
8,417,Fanconi Anemia Pathway R-HSA-6783310,8/38,7.5684834858370496e-06,DNA Repair,Reactome_2022,9.440258971581696e-07,0.0,0.0,12.748492257538713,176.86126395088235,DCLRE1B;FANCI;DCLRE1A;CENPX;FANCM;UBE2T;USP1;FANCA,0.21052631578947367
8,417,Mitotic Spindle Elongation (GO:0000022),6/10,2.3795150185772642e-07,cellular process,GO_Biological_Process_2023,1.5508040854271372e-08,0.0,0.0,71.45620437956204,1284.9188347842874,RACGAP1;INCENP;PRC1;KIF4A;CDCA8;KIF23,0.6
8,417,Regulation Of Attachment Of Spindle Microtubules To Kinetochore (GO:0051988),7/9,1.111260797255045e-09,biological regulation,GO_Biological_Process_2023,5.6581506988546066e-11,0.0,0.0,167.1548780487805,3944.0759989833327,CCNB1;RACGAP1;SPAG5;RCC2;NEK2;ECT2;KNSTRN,0.7777777777777778
8,417,Positive Regulation Of Chromosome Condensation (GO:1905821),7/7,3.809979451001534e-11,biological regulation,GO_Biological_Process_2023,1.629522779450758e-12,0.0,0.0,137081.0,3720753.108120068,NCAPH2;NCAPG2;NCAPG;NCAPD3;SMC4;NCAPH;SMC2,1.0
8,417,Mitotic Chromosome Condensation (GO:0007076),9/15,6.99191044653313e-11,cellular process,GO_Biological_Process_2023,3.061630847259924e-12,0.0,0.0,71.97426470588235,1908.1869877363904,CDCA5;NCAPH2;NUSAP1;NCAPG;NCAPD2;NCAPD3;SMC4;NCAPH;SMC2,0.6
8,417,Interstrand Cross-Link Repair (GO:0036297),12/36,1.0249443648950823e-10,cellular process,GO_Biological_Process_2023,4.592418742910756e-12,0.0,0.0,24.146913580246917,630.394158684591,DCLRE1B;RAD51AP1;FANCI;DCLRE1A;NEIL3;CENPX;FANCM;MCM8;RFWD3;FANCA;HROB;CENPS,0.3333333333333333
8,417,Replication Fork Processing (GO:0031297),13/46,1.3901445848538991e-10,cellular process,GO_Biological_Process_2023,6.370316325705241e-12,0.0,0.0,19.063156315631563,491.4361979434239,BARD1;GEN1;PCNA;CENPX;FANCM;DDX11;DONSON;TRAIP;FAM111A;MMS22L;RFWD3;ASF1A;CENPS,0.2826086956521739
8,417,Double-Strand Break Repair (GO:0006302),22/168,1.5135620641511118e-10,cellular process,GO_Biological_Process_2023,7.0900055958198725e-12,0.0,0.0,7.41484307265476,190.35633523077516,DCLRE1B;GEN1;DCLRE1A;POLQ;FEN1;SLF1;ZGRF1;MCM8;CDCA5;HMGB2;SMC6;RAD54B;RAD51AP1;RECQL4;POLA1;MMS22L;NSMCE4A;RAD51C;RAD21;RFWD3;NSD2;TRIP13,0.13095238095238096
8,417,DNA Replication Checkpoint Signaling (GO:0000076),9/17,2.9941679235617e-10,cellular process,GO_Biological_Process_2023,1.4330538941690416e-11,0.0,0.0,53.97518382352941,1347.6863004499144,CDT1;TIPIN;CDC45;ORC1;TIMELESS;CDC6;CLSPN;TOPBP1;TICRR,0.5294117647058824
8,417,Regulation Of DNA-templated DNA Replication Initiation (GO:0030174),8/12,3.0806199300845733e-10,biological regulation,GO_Biological_Process_2023,1.537172877537109e-11,0.0,0.0,95.74083129584352,2383.802234724674,MCM7;MCM3;MCM4;MCM5;WRNIP1;MCM6;MCM2;TICRR,0.6666666666666666
8,417,Regulation Of Chromosome Separation (GO:1905818),8/12,3.0806199300845733e-10,biological regulation,GO_Biological_Process_2023,1.537172877537109e-11,0.0,0.0,95.74083129584352,2383.802234724674,NCAPH2;NCAPG2;NCAPG;NCAPD2;NCAPD3;SMC4;NCAPH;SMC2,0.6666666666666666
8,417,"Condensed Chromosome, Centromeric Region (GO:0000779)",7/9,3.8798747649288734e-10,cellular anatomical structure,GO_Cellular_Component_2023,5.6581506988546066e-11,0.0,0.0,167.1548780487805,3944.0759989833327,SGO1;CENPE;CBX3;NCAPD2;NCAPD3;CENPA;CENPC,0.7777777777777778
8,417,Regulation Of Chromosome Segregation (GO:0051983),15/28,7.596416939068907e-17,biological regulation,GO_Biological_Process_2023,1.3924185835360525e-18,0.0,0.0,56.17106773823192,2309.500943021364,CDCA2;NCAPH2;NCAPG2;NCAPG;SMC6;CDC6;MKI67;SMC4;NCAPH;SMC2;KIF2C;NCAPD2;NCAPD3;BUB1;RAD18,0.5357142857142857
8,417,CENP-A Containing Chromatin Assembly (GO:0034080),6/6,1.4971557806229971e-09,cellular process,GO_Biological_Process_2023,7.927912483950698e-11,0.0,0.0,117498.0,2732773.9200242446,CENPW;MIS18A;NASP;CENPI;HJURP;OIP5,1.0
8,417,Chromatin Remodeling At Centromere (GO:0031055),6/6,1.4971557806229971e-09,None,GO_Biological_Process_2023,7.927912483950698e-11,0.0,0.0,117498.0,2732773.9200242446,CENPW;MIS18A;NASP;CENPI;HJURP;OIP5,1.0
8,417,Regulation Of Chromosome Condensation (GO:0060623),7/7,3.809979451001534e-11,biological regulation,GO_Biological_Process_2023,1.629522779450758e-12,0.0,0.0,137081.0,3720753.108120068,NCAPH2;NCAPG2;NCAPG;NCAPD3;SMC4;NCAPH;SMC2,1.0
8,417,Cytoskeleton-Dependent Cytokinesis (GO:0061640),15/81,2.0496014701612475e-09,cellular process,GO_Biological_Process_2023,1.1062003861359075e-10,0.0,0.0,11.034034373586612,252.9543537723024,CKAP2;CDCA8;KIF23;CENPA;AURKB;ANLN;ESPL1;RACGAP1;INCENP;KIF4A;STMN1;NUSAP1;KIF20A;ECT2;CEP55,0.18518518518518517
8,417,Chromosome Condensation (GO:0030261),10/32,1.066155267486144e-08,cellular process,GO_Biological_Process_2023,5.971338056185125e-10,0.0,0.0,21.846102300647757,463.9867429949068,TOP2A;CDCA5;NCAPH2;NUSAP1;NCAPG;NCAPD2;NCAPD3;SMC4;NCAPH;SMC2,0.3125
8,417,Attachment Of Mitotic Spindle Microtubules To Kinetochore (GO:0051315),7/12,2.067639370962503e-08,cellular process,GO_Biological_Process_2023,1.1791018816079451e-09,0.0,0.0,66.85170731707318,1374.3716809507323,CDT1;CENPE;MIS12;NUF2;KIF2C;NDC80;CENPC,0.5833333333333334
8,417,Regulation Of G2/M Transition Of Mitotic Cell Cycle (GO:0010389),10/35,2.7683622891803436e-08,biological regulation,GO_Biological_Process_2023,1.6068905344529487e-09,0.0,0.0,19.221621621621622,389.2179409695298,CCNB1;RRM1;CENPF;RAD51C;RCC2;KIF14;CDK1;CDC7;DBF4B;FBXO5,0.2857142857142857
8,417,Regulation Of Sister Chromatid Cohesion (GO:0007063),6/8,3.627367160735866e-08,biological regulation,GO_Biological_Process_2023,2.142436815913241e-09,0.0,0.0,142.92700729927006,2853.012009010308,FEN1;ESPL1;DDX11;RAD21;BUB1;WAPL,0.75
8,417,Establishment Of Chromosome Localization (GO:0051303),7/14,8.202360516652541e-08,None,GO_Biological_Process_2023,4.928098477418533e-09,0.0,0.0,47.74634146341464,913.3069463397952,CENPF;INCENP;NDE1;KIF2C;KIF22;CENPQ;NDC80,0.5
8,417,Positive Regulation Of G2/M Transition Of Mitotic Cell Cycle (GO:0010971),8/21,8.771018373192663e-08,biological regulation,GO_Biological_Process_2023,5.359074362439509e-09,0.0,0.0,29.44517585104382,560.7679027147371,RRM1;CCNB1;RAD51C;RCC2;CDK1;CDC7;DBF4B;FBXO5,0.38095238095238093
8,417,Positive Regulation Of Mitotic Sister Chromatid Separation (GO:1901970),7/15,1.460888799816597e-07,biological regulation,GO_Biological_Process_2023,9.074767493769084e-09,0.0,0.0,41.77591463414634,773.5966984266184,CDC20;ESPL1;UBE2C;INCENP;CDCA8;AURKB;DLGAP5,0.4666666666666667
8,417,Spindle Assembly (GO:0051225),13/81,1.9215420376214e-07,cellular process,GO_Biological_Process_2023,1.2131935471744074e-08,0.0,0.0,9.23467530576587,168.32434752718012,HAUS3;HAUS6;KIF11;SMC3;SMC1A;MZT1;HAUS1;TPX2;STAG1;STAG2;KIFC1;NEK2;CCDC61,0.16049382716049382
8,417,Mitotic Spindle Midzone Assembly (GO:0051256),6/10,2.3795150185772642e-07,cellular process,GO_Biological_Process_2023,1.5508040854271372e-08,0.0,0.0,71.45620437956204,1284.9188347842874,RACGAP1;INCENP;PRC1;KIF4A;CDCA8;KIF23,0.6
8,417,DNA Replication (GO:0006260),21/73,7.056608571039774e-17,cellular process,GO_Biological_Process_2023,1.2216124817482296e-18,0.0,0.0,19.91797785547785,821.5440847302189,WDHD1;FEN1;DUT;RNASEH2A;MCM7;MCM8;DONSON;WRNIP1;TICRR;ORC5;RECQL4;FAM111B;FAM111A;POLA1;RNASEH1;PCLAF;CDK1;MCM4;MCM5;MCM6;MCM2,0.2876712328767123
8,417,Nuclear Chromosome Segregation (GO:0098813),7/16,2.393687366001087e-07,cellular process,GO_Biological_Process_2023,1.5844162809579494e-08,0.0,0.0,37.13224932249322,666.9124524995053,TOP2A;CENPF;INCENP;KIF2C;KIF22;CENPQ;NDC80,0.4375
8,417,Positive Regulation Of Cell Cycle G2/M Phase Transition (GO:1902751),8/24,2.72798944076592e-07,biological regulation,GO_Biological_Process_2023,1.8334755915534692e-08,0.0,0.0,23.920537897310517,426.1316413182255,RRM1;CCNB1;RAD51C;RCC2;CDK1;CDC7;DBF4B;FBXO5,0.3333333333333333
8,417,Mitotic Cell Cycle Phase Transition (GO:0044772),17/111,2.654907224703845e-09,cellular process,GO_Biological_Process_2023,1.4599286164359232e-10,0.0,0.0,8.811515957446808,199.55848504141244,UBE2C;CCNF;CDC7;PKMYT1;FOXM1;MASTL;AURKA;HINFP;CCNA2;CCNB2;CCNB1;MELK;DBF4;UBE2S;CDK1;TACC3;CDKN3,0.15315315315315314
8,417,Establishment Of Mitotic Sister Chromatid Cohesion (GO:0034087),5/6,3.325803815155449e-07,cellular process,GO_Biological_Process_2023,2.2691329492404793e-08,0.0,0.0,237.6456310679612,4182.867993334441,STAG1;STAG2;RAD21;SMC1A;SMC3,0.8333333333333334
8,417,Protein Localization To Condensed Chromosome (GO:1903083),8/10,3.5586840986267796e-11,localization,GO_Biological_Process_2023,1.4495658242878939e-12,0.0,0.0,191.50122249388752,5220.276797253585,MTBP;ZWILCH;ZW10;CDK1;TTK;BUB3;KNL1;SPDL1,0.8
8,417,Condensed Nuclear Chromosome (GO:0000794),11/28,3.2736844608872115e-11,cellular anatomical structure,GO_Cellular_Component_2023,4.4331143741180994e-12,0.0,0.0,31.18313532309476,815.1869902948531,PSMC3IP;NCAPH2;NCAPG2;NCAPG;NCAPD2;NCAPD3;SMC1A;TUBG1;SMC4;NCAPH;SMC2,0.39285714285714285
8,417,Double-Strand Break Repair Via Homologous Recombination (GO:0000724),24/111,2.95852298038286e-16,cellular process,GO_Biological_Process_2023,6.025505051696252e-18,0.0,0.0,13.68500482583136,542.6176994878889,GEN1;GINS2;FEN1;SLF1;FANCM;MCM7;MCM8;GINS4;CDC7;SMC6;RAD54B;RAD51AP1;RECQL4;MMS22L;NSMCE4A;RAD51C;CDC45;RAD21;RFWD3;MCM3;MCM4;MCM5;MCM6;MCM2,0.21621621621621623
8,417,Chromosome (GO:0005694),27/164,6.879823596036678e-16,cellular anatomical structure,GO_Cellular_Component_2023,7.883131203792025e-17,0.0,0.0,9.82672655811342,364.367369637088,TOP2A;CDCA2;CDCA5;HMGB2;NCAPG;SMC6;MKI67;SMC3;PDS5A;SMC2;RAD51AP1;RECQL4;SYCE2;FIGNL1;RAD21;BRIX1;TOPBP1;ESCO2;SMC1A;WAPL;CENPE;STAG1;STAG2;CENPH;INTS7;NCAPD2;TRIP13,0.16463414634146342
8,417,DNA Replication Initiation (GO:0006270),13/21,9.557035047767002e-16,cellular process,GO_Biological_Process_2023,2.043765132414532e-17,0.0,0.0,78.73607673267327,3025.760725287713,PRIM2;MCM7;PRIM1;MCM10;ORC5;POLA1;CDC45;ORC6;ORC1;MCM3;MCM5;TOPBP1;MCM2,0.6190476190476191
8,417,Microtubule Binding (GO:0008017),33/239,1.5681669133696493e-15,binding,GO_Molecular_Function_2023,6.730330100298924e-18,0.0,0.0,8.083548240291263,319.62274955031427,CEP57;KIF14;SKA1;SKA2;KIF15;RACGAP1;KATNA1;NUSAP1;GTSE1;DLGAP5;SPAG5;RCC2;NDE1;KIF23;HAUS6;KIF22;KNSTRN;CCSAP;CKAP5;CENPE;KIF18A;KIF18B;PSRC1;FAM161A;CEP57L1;KIFC1;PRC1;MAP6D1;KIF2C;KIF20A;KIF20B;SPC24;CCDC61,0.13807531380753138
8,417,Metaphase Plate Congression (GO:0051310),17/51,6.626348375803887e-15,localization,GO_Biological_Process_2023,1.484517966066044e-16,0.0,0.0,24.43625,890.6101987729924,CDCA5;KIF14;CDCA8;KIF22;NDC80;CENPE;CCNB1;CENPF;KIF18A;PSRC1;INCENP;KIFC1;ZW10;KIF2C;SPDL1;CENPQ;CEP55,0.3333333333333333
8,417,Mitotic Spindle Assembly (GO:0090307),16/44,9.998057262779328e-15,cellular process,GO_Biological_Process_2023,2.3417038395511665e-16,0.0,0.0,27.86604916280727,1002.9125599473672,CDCA8;KIF23;KIF11;SMC3;SMC1A;AURKB;MZT1;TPX2;STAG1;STAG2;RACGAP1;INCENP;KIFC1;PRC1;KIF4A;CCDC61,0.36363636363636365
8,417,DNA Unwinding Involved In DNA Replication (GO:0006268),12/20,2.556573419557791e-14,None,GO_Biological_Process_2023,6.248244609917209e-16,0.0,0.0,72.5,2538.1569171363703,GINS1;RECQL4;GINS2;CDC45;MCM7;GINS3;GINS4;MCM3;MCM4;MCM5;MCM6;MCM2,0.6
8,417,DNA Duplex Unwinding (GO:0032508),15/41,7.237328326667379e-14,None,GO_Biological_Process_2023,1.8424970281739763e-15,0.0,0.0,28.066877152698048,952.2433154989038,GINS1;GINS2;MCM7;MCM8;DDX11;GINS3;DDX12P;GINS4;RECQL4;CDC45;MCM3;MCM4;MCM5;MCM6;MCM2,0.36585365853658536
8,417,Regulation Of Cell Cycle Process (GO:0010564),23/130,1.1903623256624586e-13,biological regulation,GO_Biological_Process_2023,3.151672145338485e-15,0.0,0.0,10.625456615588975,354.7929562377968,TIPIN;BORA;CDCA2;SPAG5;KIF11;DBF4B;MKI67;PKMYT1;KNSTRN;AURKB;AURKA;DBF4;RACGAP1;PRC1;NEK2;KIF2C;FBXO5;KIF20A;CEP85;KIF20B;ECT2;BUB1;MCM2,0.17692307692307693
8,417,Positive Regulation Of Chromosome Separation (GO:1905820),10/13,1.3720116567789266e-13,biological regulation,GO_Biological_Process_2023,3.772333475868738e-15,0.0,0.0,160.36036036036035,5325.741177832688,INCENP;NCAPH2;NCAPG2;CDCA8;NCAPG;NCAPD2;NCAPD3;SMC4;NCAPH;SMC2,0.7692307692307693
8,417,DNA-templated DNA Replication Maintenance Of Fidelity (GO:0045005),15/43,1.4860896444500514e-13,cellular process,GO_Biological_Process_2023,4.237322815132529e-15,0.0,0.0,26.059434968017055,862.432954190476,GEN1;TIPIN;PCNA;CENPX;FANCM;MCM8;DDX11;DONSON;TRAIP;FAM111A;MMS22L;RFWD3;TIMELESS;ASF1A;CENPS,0.3488372093023256
8,417,Kinetochore Organization (GO:0051383),9/10,2.2720990574051053e-13,cellular process,GO_Biological_Process_2023,6.7098648334774e-15,0.0,0.0,431.9558823529412,14096.96556996146,CENPT;CENPE;CENPF;CENPW;CENPH;MIS12;NUF2;DLGAP5;CENPC,0.9
8,417,Mitotic DNA Replication (GO:1902969),8/10,3.5586840986267796e-11,cellular process,GO_Biological_Process_2023,1.4495658242878939e-12,0.0,0.0,191.50122249388752,5220.276797253585,GINS1;POLA1;GINS3;MCM3;MCM4;MCM6;TK1;MCM2,0.8
8,417,Mitotic Sister Chromatid Cohesion (GO:0007064),11/19,6.046673791280502e-13,cellular process,GO_Biological_Process_2023,1.8472526857272408e-14,0.0,0.0,66.29464285714286,2096.4018002217963,SGO1;STAG1;STAG2;CDCA5;DSCC1;RAD21;ESCO2;HASPIN;PDS5A;SMC1A;SMC3,0.5789473684210527
8,417,Tubulin Binding (GO:0015631),34/322,6.314837843191558e-13,binding,GO_Molecular_Function_2023,8.130692501963381e-15,0.0,0.0,5.947472439802727,192.9546232986797,CEP57;KIF14;SMC3;SKA1;SKA2;KIF15;RACGAP1;KATNA1;STMN1;NUSAP1;GTSE1;DLGAP5;SPAG5;RCC2;NDE1;KIF23;HAUS6;KIF22;CCSAP;CKAP5;CENPE;KIF18A;KIF18B;PSRC1;FAM161A;CEP57L1;KIFC1;PRC1;MAP6D1;KIF2C;KIF20A;KIF20B;SPC24;CCDC61,0.10559006211180125
8,417,Double-Strand Break Repair Via Break-Induced Replication (GO:0000727),9/11,1.111756755315558e-12,cellular process,GO_Biological_Process_2023,3.6228326038796185e-14,0.0,0.0,215.96691176470588,6683.9459348309165,GINS2;MCM7;GINS4;MCM3;MCM4;CDC7;MCM5;MCM6;MCM2,0.8181818181818182
8,417,Protein Localization To Kinetochore (GO:0034501),9/11,1.111756755315558e-12,localization,GO_Biological_Process_2023,3.6228326038796185e-14,0.0,0.0,215.96691176470588,6683.9459348309165,MTBP;ZWILCH;ZW10;CDK1;KNTC1;TTK;BUB3;KNL1;SPDL1,0.8181818181818182
8,417,Positive Regulation Of Chromosome Organization (GO:2001252),13/33,1.3652138768032037e-12,biological regulation,GO_Biological_Process_2023,4.587785940377364e-14,0.0,0.0,31.47512376237624,966.6889846890869,FEN1;DDX11;NCAPH2;NCAPG2;NCAPG;SMC4;AURKB;NCAPH;SMC2;RAD21;CDK1;NCAPD2;NCAPD3,0.3939393939393939
8,417,DNA Secondary Structure Binding (GO:0000217),13/33,2.6723853102698146e-12,binding,GO_Molecular_Function_2023,4.587785940377364e-14,0.0,0.0,31.47512376237624,966.6889846890869,GEN1;FANCM;HMGB2;HMGB3;SMC6;RAD51AP1;RECQL4;MSH6;NEIL3;RAD51C;MSH2;CLSPN;RAD18,0.3939393939393939
8,417,Positive Regulation Of Mitotic Cell Cycle Phase Transition (GO:1901992),16/63,4.141575452064842e-12,biological regulation,GO_Biological_Process_2023,1.433946694197603e-13,0.0,0.0,16.584920677030826,490.4687721612992,RRM1;STIL;RRM2;UBE2C;CDCA5;RCC2;CDC7;DBF4B;CDC20;CCNB1;RAD51C;ESPL1;CDK1;SASS6;FBXO5;DLGAP5,0.25396825396825395
8,417,Regulation Of DNA-templated DNA Replication (GO:0090329),10/17,6.680006357269559e-12,biological regulation,GO_Biological_Process_2023,2.3808576629779493e-13,0.0,0.0,68.71182871182872,1997.1880056566515,CDT1;TIPIN;MCM7;MCM3;MCM4;WRNIP1;MCM5;MCM6;TICRR;MCM2,0.5882352941176471
8,417,Single-Stranded DNA Helicase Activity (GO:0017116),11/22,7.594678722972729e-12,catalytic activity,GO_Molecular_Function_2023,1.6297593826121738e-13,0.0,0.0,48.206896551724135,1419.460448434337,PIF1;POLQ;MCM7;MCM8;DSCC1;MCM3;MCM4;WRNIP1;MCM5;MCM6;MCM2,0.5
8,417,Microtubule (GO:0005874),24/185,7.618280091524975e-12,cellular anatomical structure,GO_Cellular_Component_2023,9.52285011440622e-13,0.0,0.0,7.3669337632165375,203.91607844627887,CEP57;KIF14;TUBD1;KIF23;KIF11;KIF22;SKA3;TUBG1;SKA1;AURKB;SKA2;KIF15;AURKA;CENPE;PSRC1;FAM161A;KIFC1;PRC1;KIF4A;CDK1;MAP6D1;KIF2C;KIF20A;KIF20B,0.12972972972972974
8,417,Kinetochore Assembly (GO:0051382),8/9,8.054293348573114e-12,cellular process,GO_Biological_Process_2023,2.95269409927324e-13,0.0,0.0,383.0220048899756,11050.5250417348,CENPT;CENPE;CENPF;CENPW;MIS12;KNTC1;DLGAP5;CENPC,0.8888888888888888
8,417,"Protein Localization To Chromosome, Centromeric Region (GO:0071459)",10/18,1.395493172724946e-11,localization,GO_Biological_Process_2023,5.25796816607159e-13,0.0,0.0,60.11977886977887,1699.818303399963,MTBP;ZWILCH;ZW10;CDK1;TTK;KNL1;BUB3;SPDL1;HASPIN;CENPA,0.5555555555555556
8,417,Mitotic Cytokinesis (GO:0000281),15/59,2.126978525232253e-11,cellular process,GO_Biological_Process_2023,8.230670464238862e-13,0.0,0.0,16.56970827679783,461.0643733701023,CKAP2;CDCA8;KIF23;CENPA;AURKB;ANLN;ESPL1;RACGAP1;INCENP;KIF4A;STMN1;NUSAP1;KIF20A;ECT2;CEP55,0.2542372881355932
8,417,Single-Stranded DNA Binding (GO:0003697),20/96,6.314837843191558e-13,binding,GO_Molecular_Function_2023,7.747734961885356e-15,0.0,0.0,12.930531618719344,420.1307628578022,MCM7;MCM8;DDX11;HMGB2;MCM10;SMC6;RAD51AP1;RECQL4;MMS22L;FAM111A;POLA1;NEIL3;CDC45;MSH2;MCM3;MCM4;MCM5;MCM6;HROB;MCM2,0.20833333333333334
8,417,Mitotic Metaphase Plate Congression (GO:0007080),18/50,1.948979047627253e-16,localization,GO_Biological_Process_2023,3.7709370575272726e-18,0.0,0.0,27.5625,1105.7856745501615,CDT1;CDCA5;MIS12;KIF14;CDCA8;KIF22;NDC80;CENPC;CENPE;CCNB1;KIF18A;PSRC1;KIFC1;ZW10;NUF2;KIF2C;SPDL1;CEP55,0.36
8,417,Regulation Of Mitotic Cell Cycle Spindle Assembly Checkpoint (GO:0090266),7/17,3.82013468061292e-07,biological regulation,GO_Biological_Process_2023,2.6453071108113904e-08,0.0,0.0,33.41731707317073,583.0617918692413,GEN1;CCNB1;INCENP;CDCA8;AURKB;NDC80;MAD2L1,0.4117647058823529
8,417,Regulation Of DNA Replication (GO:0006275),12/75,6.548857092667815e-07,biological regulation,GO_Biological_Process_2023,4.601539097699381e-08,0.0,0.0,9.180482069370958,155.0977255931654,CCNA2;ORC5;CDT1;PCNA;ATAD5;DSCC1;FBXO5;ESCO2;CDC6;SMC3;PDS5A;WAPL,0.16
8,417,Condensed Chromosome (GO:0000793),21/60,1.5805753353088074e-19,cellular anatomical structure,GO_Cellular_Component_2023,1.1525028486626722e-20,0.0,0.0,26.57498057498057,1220.051136788998,SLF1;CBX3;NCAPH2;NCAPG2;HMGB2;NCAPG;SMC6;MKI67;SMC1A;TUBG1;SMC4;CENPA;NCAPH;SMC2;CENPC;SGO1;PSMC3IP;CENPE;NSMCE4A;NCAPD2;NCAPD3,0.35
8,417,DNA-templated DNA Replication (GO:0006261),23/69,4.499430654001455e-20,cellular process,GO_Biological_Process_2023,5.956476425867508e-22,0.0,0.0,24.793147208121827,1211.700432657281,GINS1;WDHD1;PRIM2;GINS2;RRM1;MCM7;PRIM1;GINS3;GINS4;MCM10;WRNIP1;ORC5;RECQL4;POLA1;CDC45;ORC6;ORC1;MCM3;MCM4;MCM5;TOPBP1;MCM6;MCM2,0.3333333333333333
8,417,Microtubule Cytoskeleton Organization Involved In Mitosis (GO:1902850),22/59,2.1806981470836748e-20,cellular process,GO_Biological_Process_2023,2.6648042530554072e-22,0.0,0.0,29.422647964420115,1461.6212754663077,STIL;CDCA8;TTK;KIF11;WDR62;TUBG1;CKAP5;AURKB;NDC80;CENPE;CCNB1;ESPL1;CENPH;INCENP;KIF4A;NUF2;STMN1;NUSAP1;CDK1;TACC3;DLGAP5;SPC25,0.3728813559322034
8,417,Four-Way Junction DNA Binding (GO:0000400),7/16,5.273842763760032e-07,binding,GO_Molecular_Function_2023,1.5844162809579494e-08,0.0,0.0,37.13224932249322,666.9124524995053,GEN1;MSH6;RAD51C;FANCM;MSH2;HMGB2;HMGB3,0.4375
8,417,Mitotic Spindle Assembly Checkpoint Signaling (GO:0007094),17/26,4.514122701990746e-21,cellular process,GO_Biological_Process_2023,5.056552924836884e-23,0.0,0.0,92.43277777777776,4745.385315478824,ZWILCH;BUB1B;TTK;HASPIN;NDC80;ZWINT;CDC20;CENPF;ZW10;NUF2;KNTC1;BUB3;TRIP13;BUB1;SPC24;MAD2L1;SPC25,0.6538461538461539
8,417,Mitotic Spindle Checkpoint Signaling (GO:0071174),17/26,4.514122701990746e-21,cellular process,GO_Biological_Process_2023,5.056552924836884e-23,0.0,0.0,92.43277777777776,4745.385315478824,ZWILCH;BUB1B;TTK;HASPIN;NDC80;ZWINT;CDC20;CENPF;ZW10;NUF2;KNTC1;BUB3;TRIP13;BUB1;SPC24;MAD2L1;SPC25,0.6538461538461539
8,417,Spindle Assembly Checkpoint Signaling (GO:0071173),17/26,4.514122701990746e-21,cellular process,GO_Biological_Process_2023,5.056552924836884e-23,0.0,0.0,92.43277777777776,4745.385315478824,ZWILCH;BUB1B;TTK;HASPIN;NDC80;ZWINT;CDC20;CENPF;ZW10;NUF2;KNTC1;BUB3;TRIP13;BUB1;SPC24;MAD2L1;SPC25,0.6538461538461539
8,417,Negative Regulation Of Mitotic Metaphase/Anaphase Transition (GO:0045841),18/28,5.118308415381326e-22,biological regulation,GO_Biological_Process_2023,4.169701356726131e-24,0.0,0.0,88.29924812030075,4753.519190286118,ZWILCH;BUB1B;TTK;HASPIN;NDC80;ZWINT;CDC20;CENPF;ZW10;NUF2;KNTC1;BUB3;FBXO5;TRIP13;BUB1;SPC24;MAD2L1;SPC25,0.6428571428571429
8,417,DNA Repair (GO:0006281),46/291,5.380654160738328e-25,cellular process,GO_Biological_Process_2023,3.835496855923453e-27,0.0,0.0,9.78654491446174,595.2714732707219,DCLRE1B;DCLRE1A;FEN1;RNASEH2B;PCNA;RNASEH2A;CDCA5;NUDT1;PDS5A;UNG;RECQL4;RAD51AP1;RAD21;HLTF;NSD2;TOPBP1;BARD1;FANCI;WDHD1;POLQ;RRM1;CENPX;FANCM;ZGRF1;FANCA;WRNIP1;SMC1A;HINFP;TRAIP;TICRR;MSH6;FAM111A;POLA1;NEIL3;RAD51C;NSMCE4A;MSH2;RFWD3;UBE2T;TIMELESS;CDK1;TRIP13;HROB;ASF1A;RAD18;CENPS,0.15807560137457044
8,417,Positive Regulation Of Chromosome Segregation (GO:0051984),14/18,4.697880101271351e-19,biological regulation,GO_Biological_Process_2023,6.697588739083393e-21,0.0,0.0,170.0409429280397,7898.833597737432,NCAPH2;RCC2;NCAPG2;NCAPG;CDC6;SMC6;SMC4;NCAPH;SMC2;CCNB1;CDK1;NCAPD2;NCAPD3;RAD18,0.7777777777777778
8,417,Mitotic Spindle Organization (GO:0007052),29/85,1.7107883377175735e-25,cellular process,GO_Biological_Process_2023,1.0452881900514708e-27,0.0,0.0,26.062361929307805,1619.137393314475,CDCA8;TTK;KIF11;WDR62;SMC3;AURKB;AURKA;CCNB1;NUF2;STMN1;DLGAP5;STIL;KIF23;SMC1A;TUBG1;CKAP5;MZT1;NDC80;CENPE;TPX2;STAG1;STAG2;CENPH;INCENP;KIFC1;PRC1;KIF4A;CCDC61;SPC25,0.3411764705882353
8,417,Mitotic Nuclear Division (GO:0140014),25/45,1.9638863450730787e-28,cellular process,GO_Biological_Process_2023,9.999421308926065e-31,0.0,0.0,62.38201530612245,4309.200565540119,MIS12;NCAPG2;SMC4;NSL1;DSN1;NUSAP1;KNTC1;SPAG5;UBE2C;NDE1;SMC1A;TUBG1;KNSTRN;NDC80;WAPL;ZWINT;SGO1;KIF18A;KIF18B;ESPL1;CENPI;KIFC1;UBE2S;ZW10;CENPK,0.5555555555555556
8,417,Sister Chromatid Segregation (GO:0000819),23/34,6.775562661607852e-29,cellular process,GO_Biological_Process_2023,2.75990332448385e-31,0.0,0.0,103.86617443470236,7308.537363859111,TOP2A;SPAG5;MIS12;NCAPG2;SMC1A;TUBG1;SMC4;KNSTRN;NSL1;NDC80;WAPL;ZWINT;SGO1;DSN1;KIF18A;KIF18B;ESPL1;CENPI;KIFC1;ZW10;CENPK;NUSAP1;KNTC1,0.6764705882352942
8,417,Positive Regulation Of Cell Cycle Process (GO:0090068),37/118,5.371142148251199e-31,biological regulation,GO_Biological_Process_2023,1.6408784566958857e-33,0.0,0.0,23.44294996751137,1769.7100823551311,FEN1;NCAPG2;KIF14;CDCA8;NCAPG;SMC6;DBF4B;SMC4;NCAPH;AURKB;SMC2;AURKA;RACGAP1;RAD21;NUSAP1;ECT2;E2F8;GEN1;PLK4;RANBP1;STIL;RRM1;SPAG5;DDX11;NCAPH2;CDC7;KIF23;CDC6;NDC80;DBF4;INCENP;SASS6;NCAPD2;NCAPD3;KIF20B;RAD18;MAD2L1,0.3135593220338983
8,417,Spindle (GO:0005819),49/210,2.8038396569548404e-35,cellular anatomical structure,GO_Cellular_Component_2023,2.9206663093279583e-37,0.0,0.0,16.062618147448013,1351.2490654064902,BUB1B;KIF11;SPOUT1;CDC20;NUDCD2;NUSAP1;FBXO5;DLGAP5;CKAP2L;CKAP2;HAUS3;KIF23;KIF22;HASPIN;TUBG1;KNSTRN;CCSAP;PSRC1;FAM161A;ESPL1;INCENP;KIFC1;KIF2C;KIF20A;TTK;WDR62;HMMR;SKA3;SKA1;AURKB;SKA2;AURKA;RACGAP1;KATNA1;ECT2;SPAG5;CBX3;CDC7;CDC6;WAPL;MZT1;TPX2;CENPE;CENPF;PRC1;KIF4A;TACC3;CDK1;MAD2L1,0.23333333333333334
8,417,DNA Metabolic Process (GO:0006259),57/288,2.298962721380056e-36,cellular process,GO_Biological_Process_2023,4.6822051351935965e-39,0.0,0.0,13.264357864357864,1170.6730878918183,TOP2A;DCLRE1B;FEN1;MCM7;MCM8;NUDT1;HMGB2;HMGB3;MCM10;PCLAF;TOPBP1;KPNA2;GEN1;WDHD1;SMC1A;MSH6;NEIL3;RAD51C;NSMCE4A;MSH2;TIMELESS;MCM3;MCM4;MCM5;MCM6;DCTPP1;ASF1A;MCM2;PRIM2;RNASEH2A;PRIM1;PDS5A;UNG;RECQL4;ORC5;RAD51AP1;ORC6;CDC45;ORC1;RAD21;HLTF;BARD1;POLQ;DUT;RRM1;TREX2;FANCA;DONSON;HINFP;TICRR;FAM111B;FAM111A;POLA1;UBE2T;CDK1;RAD18;CENPS,0.19791666666666666
8,417,Mitotic Sister Chromatid Segregation (GO:0000070),48/111,2.9040457512868504e-48,cellular process,GO_Biological_Process_2023,2.9572767324713345e-51,0.0,0.0,40.304555426506646,4689.337120910946,CDCA5;NCAPG2;MIS12;KIF14;CDCA8;NCAPG;KIF11;SMC3;SMC4;NCAPH;NSL1;SMC2;CCNB1;DSN1;NUSAP1;KNTC1;SPDL1;CEP55;DLGAP5;SPAG5;NCAPH2;KIF23;KIF22;SMC1A;TUBG1;KNSTRN;NDC80;WAPL;ZWINT;MZT1;SGO1;TPX2;CENPE;KIF18A;STAG1;KIF18B;STAG2;PSRC1;ESPL1;KIFC1;CENPI;PRC1;ZW10;CENPK;KIF2C;NCAPD2;NCAPD3;CCDC61,0.43243243243243246
8,417,Cell cycle,33/124,1.2438110929921398e-25,Cell growth and death,KEGG_2021_Human,2.1821247245476136e-27,0.0,0.0,18.407623626373628,1130.0347823446589,PCNA;MCM7;BUB1B;TTK;SMC3;PKMYT1;CDC20;ORC5;CCNB2;CCNB1;ORC6;CDC45;PTTG1;ORC1;PTTG2;RAD21;BUB3;BUB1;CDC7;CDC6;SMC1A;CCNA2;STAG1;STAG2;DBF4;ESPL1;CDK1;MCM3;MCM4;MCM5;MCM6;MCM2;MAD2L1,0.2661290322580645
8,417,DNA replication,14/36,1.6833650108764877e-13,Replication and repair,KEGG_2021_Human,5.906543897812237e-15,0.0,0.0,30.888111888111887,1011.9784228455496,PRIM2;FEN1;RNASEH2B;PCNA;RNASEH2A;MCM7;PRIM1;POLA1;RNASEH1;MCM3;MCM4;MCM5;MCM6;MCM2,0.3888888888888889
8,417,Oocyte meiosis,15/129,1.5525764190773702e-06,Cell growth and death,KEGG_2021_Human,8.171454837249318e-08,0.0,0.0,6.372414244566641,103.99801573325485,SMC3;PKMYT1;SMC1A;AURKA;CDC20;SGO1;CCNB2;CCNB1;PTTG1;ESPL1;PTTG2;CDK1;FBXO5;BUB1;MAD2L1,0.11627906976744186
8,417,Mitotic Spindle (GO:0072686),35/143,4.128419461255139e-26,cellular anatomical structure,GO_Cellular_Component_2023,1.2901310816422309e-27,0.0,0.0,16.521839247624587,1022.9505639742986,WDR62;KIF11;SKA3;SKA1;SPOUT1;AURKA;NUDCD2;RACGAP1;NUSAP1;ECT2;DLGAP5;SPAG5;CKAP2L;CKAP2;HAUS3;CDC7;HAUS6;KIF23;CDC6;KIF22;TUBG1;KNSTRN;CCSAP;WAPL;HAUS1;TPX2;CENPE;KIF18A;KIF18B;FAM161A;ESPL1;KIFC1;CDK1;TACC3;MAD2L1,0.24475524475524477
8,417,Microtubule Cytoskeleton (GO:0015630),41/342,1.3878763854117157e-18,cellular anatomical structure,GO_Cellular_Component_2023,1.1565636545097628e-19,0.0,0.0,6.985244221389694,304.5822386698731,CEP57;KIF14;CDCA8;TUBD1;BUB1B;TTK;KIF11;HMMR;SKA1;AURKB;KIF15;AURKA;CDC20;CCNB2;NUDCD2;RACGAP1;KATNA1;FBXO5;GTSE1;CBX3;CKAP2L;CKAP2;KIF23;KIF22;HASPIN;TUBG1;CCSAP;CKAP5;MZT1;TPX2;CENPE;CENPF;KIF18A;PSRC1;INCENP;KIFC1;PRC1;MAP6D1;KIF2C;KIF20A;KIF20B,0.11988304093567251
8,417,Nuclear Chromosome (GO:0000228),26/95,7.006559909979573e-21,cellular anatomical structure,GO_Cellular_Component_2023,3.649249953114361e-22,0.0,0.0,18.80588605952778,928.30273709658,TOP2A;MCM7;NCAPG2;NCAPG;SMC4;NCAPH;SMC2;PSMC3IP;CDC45;FIGNL1;GINS1;H2AZ1;GINS2;GINS3;NCAPH2;GINS4;SMC1A;TUBG1;MCM3;ANP32E;MCM4;MCM5;NCAPD2;MCM6;NCAPD3;MCM2,0.2736842105263158
8,417,Spindle Microtubule (GO:0005876),21/68,2.4805259959391432e-18,cellular anatomical structure,GO_Cellular_Component_2023,2.325493121192947e-19,0.0,0.0,22.04255319148936,945.7398149529143,ZWILCH;HAUS3;HAUS6;KIF11;TUBG1;SKA3;AURKB;SKA1;HAUS1;AURKA;SKA2;CENPE;KIF18A;PSRC1;KIF18B;FAM161A;PRC1;ZW10;KIF4A;CDK1;KNTC1,0.3088235294117647
8,417,Damaged DNA Binding (GO:0003684),10/45,6.751687133019099e-07,binding,GO_Molecular_Function_2023,2.31817583966321e-08,0.0,0.0,13.722709722709723,241.2438666242762,DCLRE1B;DCLRE1A;POLQ;FEN1;NEIL3;PCNA;HMGB2;SMC6;RAD18;UNG,0.2222222222222222
8,417,Positive Regulation Of DNA-directed DNA Polymerase Activity (GO:1900264),6/12,9.108684150638664e-07,biological regulation,GO_Biological_Process_2023,6.5857084999526e-08,0.0,0.0,47.632603406326034,787.642194621026,GINS1;GINS2;PCNA;DSCC1;GINS3;GINS4,0.5
8,417,Regulation Of DNA-directed DNA Polymerase Activity (GO:1900262),6/12,9.108684150638664e-07,None,GO_Biological_Process_2023,6.5857084999526e-08,0.0,0.0,47.632603406326034,787.642194621026,GINS1;GINS2;PCNA;DSCC1;GINS3;GINS4,0.5
8,417,Cell Cycle G2/M Phase Transition (GO:0044839),9/40,1.4372759491090308e-06,cellular process,GO_Biological_Process_2023,1.0538072131960308e-07,0.0,0.0,13.912713472485768,223.51728782732368,CCNA2;CCNB1;MELK;CDK1;FOXM1;PKMYT1;MASTL;AURKB;AURKA,0.225
8,417,DNA Damage Response (GO:0006974),44/384,1.9357136910734573e-18,cellular process,GO_Biological_Process_2023,2.956792807138682e-20,0.0,0.0,6.676328654786311,300.2184543187834,TOP2A;FEN1;MCM7;MCM8;NUDT1;MCM10;SMC6;PDS5A;UNG;RECQL4;RAD51AP1;HLTF;PCLAF;FBXO5;TOPBP1;BARD1;WDHD1;POLQ;SLF1;RRM1;CBX3;DDX11;FANCA;VRK1;MASTL;SMC1A;WDR76;HINFP;TRAIP;TICRR;MSH6;FAM111A;POLA1;RAD51C;NSMCE4A;MSH2;RFWD3;UBE2T;TIMELESS;CDK1;HROB;ASF1A;RAD18;CENPS,0.11458333333333333
8,417,Regulation Of Mitotic Nuclear Division (GO:0007088),10/56,2.798616717995148e-06,biological regulation,GO_Biological_Process_2023,2.1089372416664048e-07,0.0,0.0,10.435316739664566,160.4107654727026,CCNB1;BORA;CDCA2;NUSAP1;NEK2;FBXO5;MKI67;KIF20B;PKMYT1;AURKA,0.17857142857142858
8,417,DNA Replication Origin Binding (GO:0003688),6/13,3.110716896809988e-06,binding,GO_Molecular_Function_2023,1.2015644665789656e-07,0.0,0.0,40.825860271115744,650.5384955676838,ORC5;POLA1;ORC1;DDX11;MCM10;CDC6,0.46153846153846156
8,417,Chromosome Organization (GO:0051276),9/45,4.0777427177573286e-06,cellular process,GO_Biological_Process_2023,3.114365619468428e-07,0.0,0.0,11.977328431372548,179.4451750429365,TOP2A;CENPT;MSH6;CENPW;CENPH;MSH2;NUF2;HAT1;CDCA8,0.2
8,417,Regulation Of Mitotic Cell Cycle (GO:0007346),14/125,4.565665054636524e-06,biological regulation,GO_Biological_Process_2023,3.533508596256373e-07,0.0,0.0,6.094113965081707,90.53296467278248,BORA;CDCA2;MKI67;PKMYT1;CKS1B;AURKA;CDC20;CCNB1;CKS2;NEK2;FBXO5;KIF20B;DLGAP5;MAD2L1,0.112
8,417,Establishment Of Mitotic Spindle Localization (GO:0040001),8/34,4.808304254559328e-06,localization,GO_Biological_Process_2023,3.770258936874422e-07,0.0,0.0,14.712807974421668,217.6164360690209,ESPL1;NDE1;ZW10;NUSAP1;SPDL1;CENPA;NDC80;MAD2L1,0.23529411764705882
8,417,DNA Integrity Checkpoint Signaling (GO:0031570),9/42,2.227907906505469e-06,cellular process,GO_Biological_Process_2023,1.6561840852841064e-07,0.0,0.0,13.068181818181818,204.04109493575575,CDT1;TIPIN;CDC45;DONSON;TIMELESS;INTS7;CLSPN;CDC6;HINFP,0.21428571428571427
8,417,Cyclin-Dependent Protein Kinase Holoenzyme Complex (GO:0000307),8/40,8.083097121813959e-06,protein-containing complex,GO_Cellular_Component_2023,1.4313817819878884e-06,0.0,0.0,11.950488997555013,160.81618045129127,CCNA2;CCNB2;CCNB1;CCNF;CDK1;CKS2;CKS1B;MCM2,0.2
8,417,Positive Regulation Of RNA Biosynthetic Process (GO:1902680),5/9,5.696007467974091e-06,biological regulation,GO_Biological_Process_2023,4.524323650732985e-07,0.0,0.0,59.40230582524272,867.7861616752814,TOP2A;GINS2;PRIM2;GINS3;GINS4,0.5555555555555556
8,417,Centromere Complex Assembly (GO:0034508),12/14,3.1016598339206426e-17,None,GO_Biological_Process_2023,5.053620910664998e-19,0.0,0.0,290.0888888888889,12221.158213916033,CENPT;CENPE;CENPF;CENPW;MIS18A;NASP;CENPI;MIS12;HJURP;OIP5;DLGAP5;CENPC,0.8571428571428571
8,417,CMG Complex (GO:0071162),10/10,1.338970164078461e-16,protein-containing complex,GO_Cellular_Component_2023,1.3947605875817302e-17,0.0,0.0,195830.0,7600401.957176869,GINS1;GINS2;MCM7;GINS3;GINS4;MCM3;MCM4;MCM5;MCM6;MCM2,1.0
8,417,Regulation Of Cytokinesis (GO:0032465),11/80,9.9103211580798e-06,biological regulation,GO_Biological_Process_2023,8.174501158904925e-07,0.0,0.0,7.662383094167202,107.40420583762644,RACGAP1;PRC1;KIF14;KIF23;KIF20A;CDC6;KIF20B;ECT2;AURKB;AURKA;E2F8,0.1375
8,417,Recombinational Repair (GO:0000725),12/95,8.221839256573822e-06,cellular process,GO_Biological_Process_2023,6.61431060355735e-07,0.0,0.0,6.961178045515395,99.04962837356464,GEN1;RAD51AP1;RECQL4;MMS22L;FEN1;SLF1;NSMCE4A;RAD51C;MCM8;RFWD3;SMC6;RAD54B,0.12631578947368421
8,417,Microtubule Depolymerization (GO:0007019),6/17,9.90947779406558e-06,cellular process,GO_Biological_Process_2023,8.072894333250981e-07,0.0,0.0,25.97478433974784,364.4154078549788,KIF18A;KIF18B;STMN1;KIF14;KIF2C;CKAP5,0.35294117647058826
10,300,Olfactory Receptor Activity (GO:0004984),250/362,0.0,molecular transducer activity,GO_Molecular_Function_2023,0.0,0.0,0.0,874.4642857142857,inf,OR7G1;OR8I2;OR9K2;OR2M7;OR2M5;OR52N1;OR2M4;OR2M3;OR2M2;OR52N5;OR52N4;OR51L1;OR52N2;OR5D18;OR2AE1;OR2A42;OR5D16;OR8H3;OR5D13;OR8H2;OR2L8;OR1J4;OR1J2;OR2L3;OR1J1;OR2L2;OR10AD1;OR52M1;OR6T1;OR10V1;OR6C6;OR6C4;OR1F12P;OR6C3;OR8G5;OR5A2;OR5A1;OR6C2;OR5AK2;OR6C1;OR8G1;OR9I1;OR13J1;OR2K2;OR1I1;OR10T2;OR51J1;OR6S1;OR52L1;OR5M11;OR5M10;OR7D4;OR7D2;OR6B1;OR2A25;OR8B12;OR51I2;OR14K1;OR2J2;OR10S1;OR5P3;OR51I1;OR52K2;OR52K1;OR10C1;OR2A12;OR2Z1;OR9G4;OR2A14;OR2A1;OR10J1;OR10J3;OR5W2;OR6Y1;OR51Q1;OR5AP2;OR52B2;OR5B17;OR52B6;OR5F1;OR1N1;OR10Z1;OR6X1;OR52R1;OR52A1;OR3A2;OR52A5;OR8K5;OR8K1;OR10H5;OR10H4;OR1M1;OR2AG2;OR5AN1;OR6F1;OR8J3;OR8J1;OR10G2;OR14A16;OR1L8;OR10G4;OR10G3;OR1L6;OR51M1;OR1L4;OR1L3;OR1L1;OR5T2;OR6V1;OR10G8;OR10G7;OR10G9;OR7G3;OR5C1;OR1C1;OR5K2;OR51D1;OR5K1;OR6M1;OR2T12;OR2T10;OR52W1;OR1S2;OR1S1;OR13D1;OR2D3;OR1B1;OR2D2;OR52E4;OR14C36;OR5J2;OR5AS1;OR52E2;OR2T8;OR2T6;OR2T5;OR2T4;OR2T3;OR2T2;OR13C9;OR13C8;OR5AC2;OR51T1;OR52E8;OR52E6;OR13C3;OR13C2;OR13C5;OR13C4;OR2C3;OR1A2;OR1A1;OR6K6;OR6K3;OR51B2;OR6K2;OR5AR1;OR5I1;OR52D1;OR9Q2;OR9Q1;OR1Q1;OR2S2;OR2AK2;OR51S1;OR51B6;OR51B5;OR51B4;OR5H6;OR2B3;OR10K2;OR5H2;OR5B21;OR5H1;OR51A4;OR51A2;OR13A1;OR51A7;OR2A2;OR7A10;OR52J3;OR51H1;OR14J1;OR8U9;OR13H1;OR8U8;OR4M1;OR10R2;OR10AG1;OR8U3;OR6Q1;OR8U1;OR56B1;OR8D4;OR8D2;OR56B4;OR8D1;OR51G2;OR51G1;OR52I2;OR6C70;OR6C76;OR6C75;OR13G1;OR6C74;OR14I1;OR10Q1;OR6P1;OR10A7;OR56A5;OR7A5;OR10A2;OR56A4;OR10A4;OR10A3;OR56A3;OR10A6;OR56A1;OR51F2;OR5M9;OR2G6;OR51F1;OR52H1;OR5M8;OR6C65;OR2G3;OR2G2;OR5M3;OR5M1;OR8S1;OR2T33;OR2W3;OR8B8;OR2W1;OR8B4;OR13F1;OR6C68;OR12D3;OR5AU1;OR1D5;OR2T27;OR2T29;OR5L2;OR6N2;OR5L1;OR6N1;OR51V1;OR2V2;OR2V1;OR8A1,0.6906077348066298
10,300,Olfactory Signaling Pathway R-HSA-381753,292/401,0.0,Sensory Perception,Reactome_2022,0.0,0.0,0.0,6560.288990825688,inf,OR7G1;OR8I2;OR9K2;OR2M7;OR11H4;OR2M5;OR52N1;OR2M4;OR2M3;OR4K17;OR2M2;OR1K1;OR4Q3;OR52N5;OR52N4;OR51L1;OR52N2;OR5D18;OR2AE1;OR11H6;OR5D16;OR8H3;OR5D13;OR8H2;OR2L8;OR11G2;OR1J4;OR1J2;OR2L3;OR4P4;OR1J1;OR2L2;OR10AD1;OR52M1;OR6T1;OR10V1;OR4K15;OR4K14;OR4K13;OR4C12;OR6C6;OR4C11;OR6C4;OR4C16;OR6C3;OR8G5;OR5A2;OR5A1;OR6C2;OR5AK2;OR6C1;OR4C13;OR8G1;OR9I1;OR13J1;OR2K2;OR1I1;OR10T2;OR6S1;OR52L1;OR5M11;OR5M10;OR7D4;OR7D2;OR6B1;OR2A25;OR8B12;OR51I2;OR14K1;OR4N5;OR2J2;OR4N4;OR10S1;OR4N2;OR5P3;OR51I1;OR52K2;OR52K1;OR9G9;OR4D11;OR10C1;OR2A12;OR2Z1;OR4D10;OR9G4;OR2A14;OR2A1;OR10J1;OR5W2;OR6Y1;OR51Q1;OR4D9;OR5AP2;OR52B2;OR4D6;OR5B17;OR4D5;OR52B6;OR5F1;OR1N1;OR10Z1;OR6X1;OR52R1;OR52A1;OR4A15;OR4C3;OR3A2;OR52A5;OR4A16;OR8K5;OR8K1;OR10H5;OR10H4;OR1M1;OR4S2;OR4S1;OR2AG2;OR4C45;OR5AN1;OR4C46;OR4B1;OR6F1;OR8J3;OR8J1;OR10G2;OR14A16;OR1L8;OR10G4;OR10G3;OR1L6;OR51M1;OR1L4;OR1L3;OR1L1;OR5T2;OR6V1;OR10X1;OR4A5;OR10G8;OR10G7;OR10G9;OR7G3;OR5C1;OR1C1;OR5K2;OR51D1;OR5K1;OR6M1;OR2T12;OR2T10;OR52W1;OR1S2;OR1S1;OR13D1;OR2D3;OR1B1;OR2D2;OR52E4;OR14C36;OR5J2;OR5AS1;OR52E2;OR2T8;OR2T6;OR2T5;OR2T4;OR2T3;OR2T2;OR13C9;OR13C8;OR4X2;OR5AC2;OR4X1;OR9A4;OR51T1;OR9A2;OR52E8;OR52E6;OR13C3;OR13C2;OR13C5;OR13C4;OR2C3;OR1A2;OR1A1;OR6K6;OR6K3;OR51B2;OR6K2;OR5AR1;OR5I1;OR52D1;OR9Q2;OR9Q1;OR1Q1;OR2S2;OR2AK2;OR51S1;OR51B6;OR4A47;OR51B5;OR51B4;OR4F6;OR5H6;OR2B3;OR10K2;OR4F3;OR5H2;OR5B21;OR5H1;OR51A4;OR2A7;OR51A2;OR13A1;OR51A7;OR2A2;OR7A10;OR52J3;RTP2;OR14J1;OR8U9;OR13H1;OR8U8;OR4M1;OR10R2;OR10AG1;OR8U3;OR6Q1;OR8U1;OR56B1;OR8D4;OR8D2;OR56B4;OR8D1;OR51G2;OR51G1;OR52I2;OR6C70;OR52I1;OR6C76;OR6C75;OR13G1;OR6C74;OR14I1;OR4L1;OR10Q1;OR6P1;OR10A7;OR56A5;OR7A5;OR10A2;OR56A4;OR10A4;OR10A3;OR56A3;OR10A6;OR56A1;OR51F2;OR5M9;OR2G6;OR51F1;OR52H1;OR5M8;OR6C65;OR2G3;OR2G2;OR5M3;OR4K2;OR4K1;OR5M1;OR8S1;OR2T33;OR2W3;OR8B8;OR2W1;OR8B4;OR13F1;OR6C68;OR12D3;OR5AU1;OR1D5;OR2T27;OR1D4;OR5L2;OR6N2;OR5L1;OR6N1;OR4F17;OR51V1;OR2V2;OR2V1;OR8A1,0.7281795511221946
10,300,Expression And Translocation Of Olfactory Receptors R-HSA-9752946,292/393,0.0,Sensory Perception,Reactome_2022,0.0,0.0,0.0,7082.806930693069,inf,OR7G1;OR8I2;OR9K2;OR2M7;OR11H4;OR2M5;OR52N1;OR2M4;OR2M3;OR4K17;OR2M2;OR1K1;OR4Q3;OR52N5;OR52N4;OR51L1;OR52N2;OR5D18;OR2AE1;OR11H6;OR5D16;OR8H3;OR5D13;OR8H2;OR2L8;OR11G2;OR1J4;OR1J2;OR2L3;OR4P4;OR1J1;OR2L2;OR10AD1;OR52M1;OR6T1;OR10V1;OR4K15;OR4K14;OR4K13;OR4C12;OR6C6;OR4C11;OR6C4;OR4C16;OR6C3;OR8G5;OR5A2;OR5A1;OR6C2;OR5AK2;OR6C1;OR4C13;OR8G1;OR9I1;OR13J1;OR2K2;OR1I1;OR10T2;OR6S1;OR52L1;OR5M11;OR5M10;OR7D4;OR7D2;OR6B1;OR2A25;OR8B12;OR51I2;OR14K1;OR4N5;OR2J2;OR4N4;OR10S1;OR4N2;OR5P3;OR51I1;OR52K2;OR52K1;OR9G9;OR4D11;OR10C1;OR2A12;OR2Z1;OR4D10;OR9G4;OR2A14;OR2A1;OR10J1;OR5W2;OR6Y1;OR51Q1;OR4D9;OR5AP2;OR52B2;OR4D6;OR5B17;OR4D5;OR52B6;OR5F1;OR1N1;OR10Z1;OR6X1;OR52R1;OR52A1;OR4A15;OR4C3;OR3A2;OR52A5;OR4A16;OR8K5;OR8K1;OR10H5;OR10H4;OR1M1;OR4S2;OR4S1;OR2AG2;OR4C45;OR5AN1;OR4C46;OR4B1;OR6F1;OR8J3;OR8J1;OR10G2;OR14A16;OR1L8;OR10G4;OR10G3;OR1L6;OR51M1;OR1L4;OR1L3;OR1L1;OR5T2;OR6V1;OR10X1;OR4A5;OR10G8;OR10G7;OR10G9;OR7G3;OR5C1;OR1C1;OR5K2;OR51D1;OR5K1;OR6M1;OR2T12;OR2T10;OR52W1;OR1S2;OR1S1;OR13D1;OR2D3;OR1B1;OR2D2;OR52E4;OR14C36;OR5J2;OR5AS1;OR52E2;OR2T8;OR2T6;OR2T5;OR2T4;OR2T3;OR2T2;OR13C9;OR13C8;OR4X2;OR5AC2;OR4X1;OR9A4;OR51T1;OR9A2;OR52E8;OR52E6;OR13C3;OR13C2;OR13C5;OR13C4;OR2C3;OR1A2;OR1A1;OR6K6;OR6K3;OR51B2;OR6K2;OR5AR1;OR5I1;OR52D1;OR9Q2;OR9Q1;OR1Q1;OR2S2;OR2AK2;OR51S1;OR51B6;OR4A47;OR51B5;OR51B4;OR4F6;OR5H6;OR2B3;OR10K2;OR4F3;OR5H2;OR5B21;OR5H1;OR51A4;OR2A7;OR51A2;OR13A1;OR51A7;OR2A2;OR7A10;OR52J3;RTP2;OR14J1;OR8U9;OR13H1;OR8U8;OR4M1;OR10R2;OR10AG1;OR8U3;OR6Q1;OR8U1;OR56B1;OR8D4;OR8D2;OR56B4;OR8D1;OR51G2;OR51G1;OR52I2;OR6C70;OR52I1;OR6C76;OR6C75;OR13G1;OR6C74;OR14I1;OR4L1;OR10Q1;OR6P1;OR10A7;OR56A5;OR7A5;OR10A2;OR56A4;OR10A4;OR10A3;OR56A3;OR10A6;OR56A1;OR51F2;OR5M9;OR2G6;OR51F1;OR52H1;OR5M8;OR6C65;OR2G3;OR2G2;OR5M3;OR4K2;OR4K1;OR5M1;OR8S1;OR2T33;OR2W3;OR8B8;OR2W1;OR8B4;OR13F1;OR6C68;OR12D3;OR5AU1;OR1D5;OR2T27;OR1D4;OR5L2;OR6N2;OR5L1;OR6N1;OR4F17;OR51V1;OR2V2;OR2V1;OR8A1,0.7430025445292621
10,300,Detection Of Chemical Stimulus Involved In Sensory Perception Of Smell (GO:0050911),88/139,3.308015213754841e-128,response to stimulus,GO_Biological_Process_2023,4.725736019649773e-129,0.0,0.0,159.92526822049575,47254.79080805812,OR10J1;OR2A1;OR10J3;OR2M7;OR13H1;OR2M5;OR2M4;OR2M3;OR2M2;OR10AG1;OR10R2;OR2T12;OR6Q1;OR2T10;OR2AE1;OR6Y1;OR2A42;OR13D1;OR2D3;OR2D2;OR2L8;OR13G1;OR2L3;OR2L2;OR6P1;OR2T8;OR10AD1;OR2T6;OR2T5;OR2T4;OR10Z1;OR2T3;OR10A7;OR13C9;OR2T2;OR13C8;OR10A2;OR13C3;OR10A4;OR13C2;OR10A3;OR13C5;OR10A6;OR13C4;OR2C3;OR6K6;OR2G6;OR6K3;OR2G3;OR13J1;OR6K2;OR2G2;OR10H5;OR10H4;OR10T2;OR2K2;OR2T33;OR2S2;OR2AK2;OR2W3;OR2W1;OR2AG2;OR13F1;OR12D3;OR6B1;OR2A25;OR2B3;OR10K2;OR2T27;OR10G2;OR10G4;OR2T29;OR10G3;OR1L6;OR2J2;OR6N2;OR10S1;OR6N1;OR2V2;OR2V1;OR10C1;OR2A12;OR2Z1;OR10G8;OR10G7;OR10G9;OR2A14;OR2A2,0.6330935251798561
10,300,Sensory Perception R-HSA-9709957,292/616,0.0,Sensory Perception,Reactome_2022,0.0,0.0,0.0,2182.7901234567903,inf,OR7G1;OR8I2;OR9K2;OR2M7;OR11H4;OR2M5;OR52N1;OR2M4;OR2M3;OR4K17;OR2M2;OR1K1;OR4Q3;OR52N5;OR52N4;OR51L1;OR52N2;OR5D18;OR2AE1;OR11H6;OR5D16;OR8H3;OR5D13;OR8H2;OR2L8;OR11G2;OR1J4;OR1J2;OR2L3;OR4P4;OR1J1;OR2L2;OR10AD1;OR52M1;OR6T1;OR10V1;OR4K15;OR4K14;OR4K13;OR4C12;OR6C6;OR4C11;OR6C4;OR4C16;OR6C3;OR8G5;OR5A2;OR5A1;OR6C2;OR5AK2;OR6C1;OR4C13;OR8G1;OR9I1;OR13J1;OR2K2;OR1I1;OR10T2;OR6S1;OR52L1;OR5M11;OR5M10;OR7D4;OR7D2;OR6B1;OR2A25;OR8B12;OR51I2;OR14K1;OR4N5;OR2J2;OR4N4;OR10S1;OR4N2;OR5P3;OR51I1;OR52K2;OR52K1;OR9G9;OR4D11;OR10C1;OR2A12;OR2Z1;OR4D10;OR9G4;OR2A14;OR2A1;OR10J1;OR5W2;OR6Y1;OR51Q1;OR4D9;OR5AP2;OR52B2;OR4D6;OR5B17;OR4D5;OR52B6;OR5F1;OR1N1;OR10Z1;OR6X1;OR52R1;OR52A1;OR4A15;OR4C3;OR3A2;OR52A5;OR4A16;OR8K5;OR8K1;OR10H5;OR10H4;OR1M1;OR4S2;OR4S1;OR2AG2;OR4C45;OR5AN1;OR4C46;OR4B1;OR6F1;OR8J3;OR8J1;OR10G2;OR14A16;OR1L8;OR10G4;OR10G3;OR1L6;OR51M1;OR1L4;OR1L3;OR1L1;OR5T2;OR6V1;OR10X1;OR4A5;OR10G8;OR10G7;OR10G9;OR7G3;OR5C1;OR1C1;OR5K2;OR51D1;OR5K1;OR6M1;OR2T12;OR2T10;OR52W1;OR1S2;OR1S1;OR13D1;OR2D3;OR1B1;OR2D2;OR52E4;OR14C36;OR5J2;OR5AS1;OR52E2;OR2T8;OR2T6;OR2T5;OR2T4;OR2T3;OR2T2;OR13C9;OR13C8;OR4X2;OR5AC2;OR4X1;OR9A4;OR51T1;OR9A2;OR52E8;OR52E6;OR13C3;OR13C2;OR13C5;OR13C4;OR2C3;OR1A2;OR1A1;OR6K6;OR6K3;OR51B2;OR6K2;OR5AR1;OR5I1;OR52D1;OR9Q2;OR9Q1;OR1Q1;OR2S2;OR2AK2;OR51S1;OR51B6;OR4A47;OR51B5;OR51B4;OR4F6;OR5H6;OR2B3;OR10K2;OR4F3;OR5H2;OR5B21;OR5H1;OR51A4;OR2A7;OR51A2;OR13A1;OR51A7;OR2A2;OR7A10;OR52J3;RTP2;OR14J1;OR8U9;OR13H1;OR8U8;OR4M1;OR10R2;OR10AG1;OR8U3;OR6Q1;OR8U1;OR56B1;OR8D4;OR8D2;OR56B4;OR8D1;OR51G2;OR51G1;OR52I2;OR6C70;OR52I1;OR6C76;OR6C75;OR13G1;OR6C74;OR14I1;OR4L1;OR10Q1;OR6P1;OR10A7;OR56A5;OR7A5;OR10A2;OR56A4;OR10A4;OR10A3;OR56A3;OR10A6;OR56A1;OR51F2;OR5M9;OR2G6;OR51F1;OR52H1;OR5M8;OR6C65;OR2G3;OR2G2;OR5M3;OR4K2;OR4K1;OR5M1;OR8S1;OR2T33;OR2W3;OR8B8;OR2W1;OR8B4;OR13F1;OR6C68;OR12D3;OR5AU1;OR1D5;OR2T27;OR1D4;OR5L2;OR6N2;OR5L1;OR6N1;OR4F17;OR51V1;OR2V2;OR2V1;OR8A1,0.474025974025974
10,300,Detection Of Chemical Stimulus Involved In Sensory Perception (GO:0050907),89/141,2.2332465769687707e-129,response to stimulus,GO_Biological_Process_2023,2.12690150187502e-130,0.0,0.0,159.3758658403208,47586.6684894062,OR10J1;OR2A1;OR10J3;OR2M7;OR13H1;OR2M5;OR2M4;OR2M3;OR2M2;OR10AG1;OR10R2;OR2T12;OR6Q1;OR2T10;OR2AE1;OR6Y1;OR2A42;OR13D1;OR2D3;OR2D2;OR2L8;OR13G1;OR2L3;OR2L2;OR6P1;OR2T8;OR10AD1;OR2T6;OR2T5;OR2T4;OR10Z1;OR2T3;OR10A7;OR13C9;OR2T2;OR13C8;OR10A2;OR13C3;OR10A4;OR13C2;OR10A3;OR13C5;OR10A6;OR13C4;OR2C3;OR6K6;OR2G6;OR6K3;OR2G3;OR13J1;OR6K2;OR2G2;OR10H5;OR10H4;OR10T2;OR2K2;OR2T33;OR2S2;OR2AK2;OR2W3;OR2W1;OR2AG2;OR13F1;OR5AN1;OR12D3;OR6B1;OR2A25;OR2B3;OR10K2;OR2T27;OR10G2;OR10G4;OR2T29;OR10G3;OR1L6;OR2J2;OR6N2;OR10S1;OR6N1;OR2V2;OR2V1;OR10C1;OR2A12;OR2Z1;OR10G8;OR10G7;OR10G9;OR2A14;OR2A2,0.6312056737588653
10,300,Sensory Perception Of Smell (GO:0007608),148/230,7.105018674370267e-225,multicellular organismal process,GO_Biological_Process_2023,3.3833422258906026e-226,0.0,0.0,232.9480102695764,120938.53923688443,OR8I2;OR1C1;OR2M7;OR2M5;OR2M4;OR2M3;OR2M2;OR2T12;OR2T10;OR5D18;OR2AE1;OR2A42;OR13D1;OR5D16;OR5D13;OR8H3;OR8H2;OR2D3;OR2D2;OR2L8;OR2L3;OR2L2;OR2T8;OR10AD1;OR2T6;OR2T5;OR2T4;OR2T3;OR13C9;OR2T2;OR13C8;OR5AC2;OR6C3;OR8G5;OR13C3;OR5AK2;OR6C2;OR13C2;OR13C5;OR13C4;OR8G1;OR2C3;OR9I1;OR6K6;OR6K3;OR13J1;OR5I1;OR6K2;OR52D1;OR9Q2;OR10T2;OR2K2;OR9Q1;OR51J1;OR5M11;OR5M10;OR1Q1;OR2S2;OR2AK2;OR51B6;OR51B5;OR51B4;OR6B1;OR2A25;OR2B3;OR10K2;OR8B12;OR51I2;OR5B21;OR2J2;OR10S1;OR51I1;OR10C1;OR2A12;OR2Z1;OR9G4;OR2A14;OR2A2;OR10J1;OR2A1;OR10J3;OR8U9;OR13H1;OR8U8;OR10AG1;OR10R2;OR6Q1;OR8U3;OR8U1;OR6Y1;OR5AP2;OR8D4;OR8D2;OR5B17;OR8D1;OR5F1;OR13G1;OR6P1;OR10Z1;OR10A7;OR7A5;OR10A2;OR52A1;OR10A4;OR10A3;OR10A6;OR52A5;OR8K5;OR2G6;OR5M9;OR5M8;OR8K1;OR2G3;OR2G2;OR10H5;OR10H4;OR5M3;OR5M1;OR2T33;OR2W3;OR8B8;OR2W1;OR2AG2;OR8B4;OR13F1;OR12D3;OR1D5;OR2T27;OR8J3;OR8J1;OR10G2;OR10G4;OR2T29;OR10G3;OR1L6;OR5L2;OR51M1;OR5L1;OR6N2;OR6N1;OR5T2;OR51V1;OR2V2;OR2V1;OR10G8;OR8A1;OR10G7;OR10G9,0.6434782608695652
10,300,Sensory Perception Of Chemical Stimulus (GO:0007606),67/110,5.372131089793618e-95,multicellular organismal process,GO_Biological_Process_2023,1.023263064722594e-95,0.0,0.0,131.45214093222876,28751.55236165329,OR10J1;OR8I2;OR1C1;OR8U9;OR8U8;OR2M4;OR8U3;OR8U1;OR5D18;OR5AP2;OR8D4;OR5D16;OR8D2;OR5B17;OR8D1;OR5D13;OR8H3;OR8H2;OR2D2;OR5F1;OR5AC2;OR7A5;OR52A1;OR6C3;OR8G5;OR5AK2;OR6C2;OR10A3;OR3A2;OR52A5;OR8G1;OR8K5;OR9I1;OR5M9;OR5M8;OR8K1;OR5I1;OR52D1;OR5M3;OR9Q2;OR9Q1;OR5M1;OR51J1;OR5M11;OR1Q1;OR2S2;OR5M10;OR8B8;OR51B6;OR8B4;OR51B5;OR5AN1;OR51B4;OR1D5;OR8J3;OR8B12;OR51I2;OR8J1;OR5B21;OR5L2;OR51M1;OR5L1;OR51I1;OR5T2;OR51V1;OR8A1;OR9G4,0.6090909090909091
10,300,Olfactory transduction,297/440,0.0,Sensory system,KEGG_2021_Human,0.0,0.0,0.0,13539.46153846154,inf,OR7G1;OR8I2;OR9K2;OR2M7;OR11H4;OR2M5;OR52N1;OR2M4;OR2M3;OR4K17;OR2M2;OR1K1;OR4Q3;OR52N5;OR52N4;OR51L1;OR52N2;OR5D18;OR2AE1;OR11H6;OR2A42;OR5D16;OR8H3;OR5D13;OR8H2;OR2L8;OR11G2;OR1J4;OR1J2;OR2L3;OR4P4;OR1J1;OR2L2;OR10AD1;OR52M1;OR6T1;OR10V1;OR4K15;OR4K14;OR4K13;OR4C12;OR6C6;OR4C11;OR6C4;OR4C16;OR6C3;OR8G5;OR5A2;OR5A1;OR6C2;OR5AK2;OR6C1;OR4C13;OR8G1;OR9I1;OR13J1;OR2K2;OR1I1;OR10T2;OR51J1;OR6S1;OR52L1;OR5M11;OR5M10;OR7D4;OR7D2;OR6B1;OR2A25;OR8B12;OR51I2;OR14K1;OR4N5;OR2J2;OR4N4;OR10S1;OR4N2;OR5P3;OR51I1;OR52K2;OR52K1;OR9G9;OR4D11;OR10C1;OR2A12;OR2Z1;OR4D10;OR9G4;OR2A14;OR9G1;OR2A1;OR10J1;OR10J3;OR5W2;OR6Y1;OR51Q1;OR4D9;OR5AP2;OR52B2;OR4D6;OR5B17;OR4D5;OR52B6;OR5F1;OR1N1;OR10Z1;OR6X1;OR52R1;OR52A1;OR4A15;OR4C3;OR3A2;OR52A5;OR4A16;OR8K5;OR8K1;OR10H5;OR10H4;OR1M1;OR4S2;OR4S1;OR2AG2;OR4C45;OR5AN1;OR4C46;OR4B1;OR6F1;OR8J3;OR8J1;OR10G2;OR14A16;OR1L8;OR10G4;OR10G3;OR1L6;OR51M1;OR1L4;OR1L3;OR1L1;OR5T2;OR6V1;OR10X1;OR4A5;OR10G8;OR10G7;OR10G9;OR7G3;OR5C1;OR1C1;OR5K2;OR51D1;OR5K1;OR6M1;OR2T12;OR2T10;OR52W1;OR1S2;OR1S1;OR13D1;OR2D3;OR1B1;OR2D2;OR52E4;OR14C36;OR5J2;OR5AS1;OR52E2;OR2T8;OR2T6;OR2T5;OR2T4;OR2T3;OR2T2;OR13C9;OR13C8;OR4X2;OR5AC2;OR4X1;OR9A4;OR51T1;OR9A2;OR52E8;OR52E6;OR13C3;OR13C2;OR13C5;OR13C4;OR2C3;OR1A2;OR1A1;OR6K6;OR6K3;OR51B2;OR6K2;OR5AR1;OR5I1;OR52D1;OR9Q2;OR9Q1;OR1Q1;OR2S2;OR2AK2;OR51S1;OR51B6;OR4A47;OR51B5;OR51B4;OR4F6;OR5H6;OR2B3;OR4F4;OR10K2;OR4F3;OR5H2;OR5B21;OR5H1;OR51A4;OR2A7;OR51A2;OR13A1;OR51A7;OR2A2;OR7A10;OR52J3;OR14J1;OR8U9;OR13H1;OR8U8;OR4M1;OR10R2;OR10AG1;OR8U3;OR6Q1;OR8U1;OR56B1;OR8D4;OR8D2;OR56B4;OR8D1;OR51G2;OR51G1;OR52I2;OR6C70;OR52I1;OR6C76;OR6C75;OR13G1;OR6C74;OR14I1;OR4L1;OR10Q1;OR6P1;OR10A7;OR56A5;OR7A5;OR10A2;OR56A4;OR10A4;OR10A3;OR56A3;OR10A6;OR56A1;OR51F2;OR5M9;OR2G6;OR51F1;OR52H1;OR5M8;OR6C65;OR2G3;OR2G2;OR5M3;OR4K2;OR4K1;OR5M1;OR8S1;OR2T33;OR2W3;OR8B8;OR2W1;OR8B4;OR13F1;OR6C68;OR12D3;OR5AU1;OR1D5;OR2T27;OR1D4;OR2T29;OR5L2;OR6N2;OR5L1;OR6N1;OR4F17;OR51V1;OR2V2;OR2V1;OR8A1,0.675
11,127,Biological Oxidations R-HSA-211859,23/218,3.7875371230868144e-19,Metabolism,Reactome_2022,9.375091888828748e-22,0.0,0.0,22.317258382643,1080.575219946655,CYP2J2;UGT1A10;GSTM3;NQO2;GSTM1;TPMT;MAOB;GSTP1;FMO1;GSTT1;AHR;FMO3;CYP2C19;CYP2C18;ALDH3A1;AADAC;ALDH2;UGT1A4;UGT1A9;UGT1A8;UGT2B7;UGT1A7;UGT1A6,0.10550458715596331
11,127,Amine Ligand-Binding Receptors R-HSA-375280,11/40,1.4830784284383716e-13,Signal Transduction,Reactome_2022,8.604635461542365e-16,0.0,0.0,64.88822829964329,2250.9116722083663,CHRM2;CHRM3;HTR1E;ADRB3;CHRM4;CHRM5;HRH4;HTR1B;ADRA2B;ADRA2A;DRD5,0.275
11,127,Drug ADME R-HSA-9748784,14/95,1.4830784284383716e-13,Drug ADME,Reactome_2022,1.1012958627017612e-15,0.0,0.0,30.27291598383044,1042.6685166913533,UGT1A10;ABCC1;GSTM1;TPMT;GSTP1;SLC22A1;GSTT1;CYP2C19;UGT1A4;UGT1A9;UGT1A8;UGT2B7;UGT1A7;UGT1A6,0.14736842105263157
11,127,Phase II - Conjugation Of Compounds R-HSA-156580,12/107,3.805875048833599e-10,Metabolism,Reactome_2022,3.768193117657028e-12,0.0,0.0,21.72411899313501,571.4404697926154,UGT1A10;GSTM3;GSTM1;TPMT;GSTP1;UGT1A4;GSTT1;UGT1A9;UGT1A8;UGT2B7;UGT1A7;UGT1A6,0.11214953271028037
11,127,Phase I - Functionalization Of Compounds R-HSA-211945,11/104,4.7686733680949685e-09,Metabolism,Reactome_2022,5.90182347536506e-11,0.0,0.0,20.168705969595848,475.0370542904656,CYP2J2;ALDH3A1;NQO2;MAOB;ALDH2;AADAC;FMO1;AHR;FMO3;CYP2C19;CYP2C18,0.10576923076923077
11,127,Glucuronidation R-HSA-156588,7/25,8.885951979642106e-09,Metabolism,Reactome_2022,1.5396451449874936e-10,0.0,0.0,64.3449074074074,1453.8280748639254,UGT1A10;UGT1A4;UGT1A9;UGT1A8;UGT1A7;UGT2B7;UGT1A6,0.28
11,127,Paracetamol ADME R-HSA-9753281,7/28,1.5081585634345567e-08,Drug ADME,Reactome_2022,3.733065751075635e-10,0.0,0.0,55.144444444444446,1197.1098511350938,UGT1A10;ABCC1;GSTM1;GSTP1;GSTT1;UGT1A9;UGT1A6,0.25
11,127,Allograft rejection,6/38,1.7515577691244303e-06,Immune disease,KEGG_2021_Human,1.3604332187374217e-07,0.0,0.0,30.74535123966942,486.0929948460175,HLA-DRB5;HLA-B;HLA-DPB1;HLA-C;HLA-DRB3;IL2,0.15789473684210525
11,127,Muscarinic Acetylcholine Receptors R-HSA-390648,4/5,2.397228953219181e-07,Signal Transduction,Reactome_2022,7.713855542536968e-09,0.0,0.0,646.2439024390244,12071.996174758471,CHRM2;CHRM3;CHRM4;CHRM5,0.8
11,127,Xenobiotic Glucuronidation (GO:0052697),4/6,2.9834232694122955e-06,None,GO_Biological_Process_2023,2.302813844314808e-08,0.0,0.0,323.1056910569106,5682.314054446212,UGT1A9;UGT1A8;UGT1A7;UGT1A6,0.6666666666666666
11,127,Adenylate Cyclase-Activating Adrenergic Receptor Signaling Pathway (GO:0071880),5/15,3.173516148116366e-06,cellular process,GO_Biological_Process_2023,2.7217119623639505e-08,0.0,0.0,81.40573770491804,1418.0407081154074,AKAP13;ADRB3;ADRA2B;ADRA2A;DRD5,0.3333333333333333
11,127,G Protein-Coupled Acetylcholine Receptor Signaling Pathway (GO:0007213),5/17,5.884710965651813e-06,cellular process,GO_Biological_Process_2023,5.5516141185394456e-08,0.0,0.0,67.83128415300547,1133.229590964849,CHRM2;CHRM3;CHRM4;CHRM5;HRH4,0.29411764705882354
11,127,Liver Development (GO:0001889),6/35,7.286794746400663e-06,developmental process,GO_Biological_Process_2023,8.124213696673123e-08,0.0,0.0,33.93103448275862,553.9523616370448,UGT1A10;ARID5B;UGT1A9;UGT1A8;GFER;UGT1A7,0.17142857142857143
11,127,Adrenergic Receptor Signaling Pathway (GO:0071875),5/18,7.286794746400663e-06,cellular process,GO_Biological_Process_2023,7.647852812583492e-08,0.0,0.0,62.610340479192935,1025.9490556689668,AKAP13;ADRB3;ADRA2B;ADRA2A;DRD5,0.2777777777777778
11,127,Drug metabolism,18/108,1.4409079397609528e-18,None,KEGG_2021_Human,6.994698736703655e-21,0.0,0.0,36.29908256880734,1684.6090020429103,UGT1A10;GSTM3;GSTM1;TPMT;MAOB;GSTP1;FMO1;GSTT1;FMO3;CYP2C19;ALDH3A1;NAT2;UGT1A4;UGT1A9;UGT1A8;UGT2B7;UGT1A7;UGT1A6,0.16666666666666666
11,127,Acetylcholine Receptor Activity (GO:0015464),5/20,2.9390402546169257e-06,molecular transducer activity,GO_Molecular_Function_2023,1.3698916441011098e-07,0.0,0.0,54.256830601092894,857.4404438087212,CHRM2;CHRM3;CHRM4;CHRM5;HRH4,0.25
11,127,Metabolism of xenobiotics by cytochrome P450,12/76,3.819724796113034e-12,Xenobiotics biodegradation and metabolism,KEGG_2021_Human,5.5627060137568454e-14,0.0,0.0,32.29728260869565,985.7165087190758,UGT1A10;ALDH3A1;GSTM3;GSTM1;GSTP1;UGT1A4;GSTT1;UGT1A9;UGT1A8;UGT2B7;UGT1A7;UGT1A6,0.15789473684210525
11,127,Bile secretion,11/90,4.0727431916498686e-10,Digestive system,KEGG_2021_Human,1.1862358810630686e-11,0.0,0.0,23.7597119161938,597.7385367845259,UGT1A10;SLC22A1;UGT1A4;ATP1A2;BAAT;UGT1A9;LDLR;UGT1A8;UGT2B7;UGT1A7;UGT1A6,0.12222222222222222
11,127,Pentose and glucuronate interconversions,7/34,4.231871495947373e-08,Carbohydrate metabolism,KEGG_2021_Human,1.643445241144611e-09,0.0,0.0,42.87716049382716,867.253645083816,UGT1A10;UGT1A4;UGT1A9;UGT1A8;UGT1A7;UGT2B7;UGT1A6,0.20588235294117646
11,127,Porphyrin and chlorophyll metabolism,7/43,1.611866784786195e-07,None,KEGG_2021_Human,9.38951525118172e-09,0.0,0.0,32.143287037037034,594.1259800266956,UGT1A10;UGT1A4;UGT1A9;UGT1A8;UGT1A7;UGT2B7;UGT1A6,0.16279069767441862
11,127,Type I diabetes mellitus,7/43,1.611866784786195e-07,Endocrine and metabolic disease,KEGG_2021_Human,9.38951525118172e-09,0.0,0.0,32.143287037037034,594.1259800266956,HLA-DRB5;PTPRN2;HLA-B;HLA-DPB1;HLA-C;HLA-DRB3;IL2,0.16279069767441862
11,127,Retinol metabolism,8/68,1.8012643685754717e-07,Metabolism of cofactors and vitamins,KEGG_2021_Human,1.1367202325961712e-08,0.0,0.0,22.199439775910363,406.0839983790574,UGT1A10;UGT1A4;UGT1A9;CYP2C18;UGT1A8;UGT2B7;UGT1A7;UGT1A6,0.11764705882352941
11,127,Steroid hormone biosynthesis,7/61,1.588271349441427e-06,Lipid metabolism,KEGG_2021_Human,1.156508264156379e-07,0.0,0.0,21.409413580246916,341.96593267458775,UGT1A10;UGT1A4;UGT1A9;UGT1A8;UGT2B7;UGT1A7;UGT1A6,0.11475409836065574
11,127,Ascorbate and aldarate metabolism,8/30,4.0727431916498686e-10,Carbohydrate metabolism,KEGG_2021_Human,1.100704147429205e-11,0.0,0.0,60.66004583651642,1530.6037521065514,UGT1A10;ALDH2;UGT1A4;UGT1A9;UGT1A8;UGT1A7;UGT2B7;UGT1A6,0.26666666666666666
11,127,Graft-versus-host disease,6/42,3.0681703399470262e-06,Immune disease,KEGG_2021_Human,2.531985231995119e-07,0.0,0.0,27.323691460055095,415.0220627991178,HLA-DRB5;HLA-B;HLA-DPB1;HLA-C;HLA-DRB3;IL2,0.14285714285714285
11,127,UDP-glycosyltransferase Activity (GO:0008194),7/61,2.7293595034090545e-06,catalytic activity,GO_Molecular_Function_2023,1.156508264156379e-07,0.0,0.0,21.409413580246916,341.96593267458775,UGT1A10;UGT1A4;UGT1A9;UGT1A8;UGT2B7;UGT1A7;UGT1A6,0.11475409836065574
11,127,Glutamate Receptor Signaling Pathway (GO:0007215),7/35,2.978456559489264e-07,cellular process,GO_Biological_Process_2023,2.043537948191605e-09,0.0,0.0,41.34375,827.2298634487527,GRM3;GRIN2A;GRID2;GRM7;HOMER1;GRIK4;GRIN1,0.2
11,127,Cellular Glucuronidation (GO:0052695),7/15,6.332094413970852e-10,None,GO_Biological_Process_2023,2.1722450819797094e-12,0.0,0.0,144.84895833333334,3889.956419854683,UGT1A10;UGT1A4;UGT1A9;UGT1A8;UGT1A7;UGT2B7;UGT1A6,0.4666666666666667
11,127,Glucuronate Metabolic Process (GO:0019585),7/15,6.332094413970852e-10,cellular process,GO_Biological_Process_2023,2.1722450819797094e-12,0.0,0.0,144.84895833333334,3889.956419854683,UGT1A10;UGT1A4;UGT1A9;UGT1A8;UGT1A7;UGT2B7;UGT1A6,0.4666666666666667
11,127,Serotonin Receptor Activity (GO:0099589),8/26,7.082150029590378e-10,molecular transducer activity,GO_Molecular_Function_2023,3.000911029487448e-12,0.0,0.0,74.15499533146593,1967.4881370074868,CHRM2;CHRM3;HTR1E;CHRM4;HTR3E;CHRM5;HRH4;HTR1B,0.3076923076923077
11,127,Retinoic Acid Binding (GO:0001972),7/19,1.9653826219664207e-09,binding,GO_Molecular_Function_2023,1.665578493191882e-11,0.0,0.0,96.54652777777778,2396.117167990825,UGT1A10;UGT1A4;UGT1A9;UGT1A8;UGT1A7;UGT2B7;UGT1A6,0.3684210526315789
11,127,G Protein-Coupled Neurotransmitter Receptor Activity (GO:0099528),5/6,2.6868432983932286e-09,molecular transducer activity,GO_Molecular_Function_2023,5.6924646152398905e-11,0.0,0.0,814.4262295081967,19211.738726738942,CHRM2;CHRM3;CHRM4;CHRM5;HRH4,0.8333333333333334
11,127,G Protein-Coupled Acetylcholine Receptor Activity (GO:0016907),5/6,2.6868432983932286e-09,molecular transducer activity,GO_Molecular_Function_2023,5.6924646152398905e-11,0.0,0.0,814.4262295081967,19211.738726738942,CHRM2;CHRM3;CHRM4;CHRM5;HRH4,0.8333333333333334
11,127,Ionotropic Glutamate Receptor Complex (GO:0008328),6/33,1.6580157176690097e-06,protein-containing complex,GO_Cellular_Component_2023,5.6014044515844926e-08,0.0,0.0,36.44811753902663,608.5983976008167,GRIA1;GRIN2A;GRID2;DLG4;GRIK4;GRIN1,0.18181818181818182
11,127,G Protein-Coupled Serotonin Receptor Activity (GO:0004993),7/21,2.6868432983932286e-09,molecular transducer activity,GO_Molecular_Function_2023,3.803468945612703e-11,0.0,0.0,82.74583333333334,1985.2812673858075,CHRM2;CHRM3;HTR1E;CHRM4;CHRM5;HRH4;HTR1B,0.3333333333333333
11,127,Monocarboxylic Acid Binding (GO:0033293),7/28,1.2585764532197857e-08,binding,GO_Molecular_Function_2023,3.733065751075635e-10,0.0,0.0,55.144444444444446,1197.1098511350938,UGT1A10;UGT1A4;UGT1A9;UGT1A8;UGT1A7;UGT2B7;UGT1A6,0.25
11,127,G Protein-Coupled Amine Receptor Activity (GO:0008227),7/28,1.2585764532197857e-08,molecular transducer activity,GO_Molecular_Function_2023,3.733065751075635e-10,0.0,0.0,55.144444444444446,1197.1098511350938,CHRM2;CHRM3;HTR1E;CHRM4;CHRM5;HRH4;HTR1B,0.25
11,127,Retinoid Binding (GO:0005501),7/30,1.6654776690652292e-08,binding,GO_Molecular_Function_2023,6.351397890502993e-10,0.0,0.0,50.344202898550726,1066.1480454139958,UGT1A10;UGT1A4;UGT1A9;UGT1A8;UGT1A7;UGT2B7;UGT1A6,0.23333333333333334
11,127,Glucuronosyltransferase Activity (GO:0015020),7/30,1.6654776690652292e-08,catalytic activity,GO_Molecular_Function_2023,6.351397890502993e-10,0.0,0.0,50.344202898550726,1066.1480454139958,UGT1A10;UGT1A4;UGT1A9;UGT1A8;UGT1A7;UGT2B7;UGT1A6,0.23333333333333334
11,127,Adenylate Cyclase-Inhibiting G Protein-Coupled Acetylcholine Receptor Signaling Pathway (GO:0007197),5/7,3.852244717516964e-08,cellular process,GO_Biological_Process_2023,1.9822871616725368e-10,0.0,0.0,407.19262295081967,9097.334550074074,CHRM2;CHRM3;CHRM4;CHRM5;HRH4,0.7142857142857143
11,127,"G Protein-Coupled Receptor Signaling Pathway, Coupled To Cyclic Nucleotide Second Messenger (GO:0007187)",8/50,1.512759235032071e-07,cellular process,GO_Biological_Process_2023,9.081744978751711e-10,0.0,0.0,31.742296918767508,660.8614353848585,CHRM2;CHRM3;HTR1E;CHRM4;NPY;CHRM5;HRH4;HTR1B,0.16
11,127,Adenylate Cyclase-Inhibiting G Protein-Coupled Receptor Signaling Pathway (GO:0007193),9/52,8.584016219743136e-09,cellular process,GO_Biological_Process_2023,3.6809675041780175e-11,0.0,0.0,35.173433188805674,845.0508914022057,CHRM2;CHRM3;GRM7;HTR1E;CHRM4;CHRM5;HRH4;HTR1B;ADRA2A,0.17307692307692307
11,127,Aspirin ADME R-HSA-9749641,7/44,3.205274660025181e-07,Drug ADME,Reactome_2022,1.1107387435730823e-08,0.0,0.0,31.272972972972973,572.7849967833254,UGT1A4;CYP2C19;UGT1A9;UGT1A8;UGT1A7;UGT2B7;UGT1A6,0.1590909090909091
