Community Index,Community Size,Term,Overlap,Adjusted P-value,Category,Gene_set,P-value,Old P-value,Old Adjusted P-value,Odds Ratio,Combined Score,Genes,Overlap (value)
0,1025,Ubiquitin-Protein Transferase Activity (GO:0004842),60/412,4.9846096941411305e-11,catalytic activity,GO_Molecular_Function_2023,2.323827363235958e-13,0.0,0.0,3.289507772020725,95.69306615736672,RNF10;UBE2D4;RNF13;PPP1R11;RNF14;LTN1;UBE3B;FBXO21;RPGR;RNF157;HERC4;RNF114;MAEA;ARIH2;FBXO9;RSPRY1;KCMF1;RNF44;UBE2E3;FBXO17;UBE2E2;FBXO11;RC3H2;FBXW2;PJA2;RNF144A;RNF121;MGRN1;RNF38;MYCBP2;UBR3;RNF6;UBR1;RMND5B;ZNRF2;HECTD1;RMND5A;RNF138;UBR5;RBBP6;LONRF1;RNF130;TRIM44;MARCHF5;BFAR;FBXL14;KLHL20;KLHL9;UBE2W;TTC3;RLIM;RNF181;UBE2O;TRIP12;BCOR;FBXL5;RNF141;DZIP3;RNF220;ASB1,0.14563106796116504
0,1025,Antigen Processing: Ubiquitination And Proteasome Degradation R-HSA-983168,55/307,1.1282901801946599e-13,Immune System,Reactome_2022,3.151648548029776e-16,0.0,0.0,4.212751595483554,150.36757871325673,UBE2D4;RNF14;LTN1;UBE3B;FBXO21;HERC4;NPEPPS;RNF114;ARIH2;UNKL;FBXO9;FBXW4;WSB1;UBE2E3;FBXO17;UBE2E2;UBE4A;FBXO11;LRRC41;FBXW2;PJA2;KCTD7;PJA1;GAN;MGRN1;UBA5;ASB13;RNF6;UBR1;FBXO41;ZNRF2;HECTD1;RNF138;RBBP6;LONRF1;RNF130;KLHL2;FBXL14;FBXO31;KLHL20;KLHL9;UBE2W;KLHL5;ASB9;RLIM;ASB6;TPP2;UBE2O;ASB7;TRIP12;FBXL5;DZIP3;FBXL7;RNF220;ASB1,0.1791530944625407
0,1025,Class I MHC Mediated Antigen Processing And Presentation R-HSA-983169,55/378,4.387452420829482e-10,Immune System,Reactome_2022,2.4510907378935657e-12,0.0,0.0,3.2742651048482334,87.5358011259089,UBE2D4;RNF14;LTN1;UBE3B;FBXO21;HERC4;NPEPPS;RNF114;ARIH2;UNKL;FBXO9;FBXW4;WSB1;UBE2E3;FBXO17;UBE2E2;UBE4A;FBXO11;LRRC41;FBXW2;PJA2;KCTD7;PJA1;GAN;MGRN1;UBA5;ASB13;RNF6;UBR1;FBXO41;ZNRF2;HECTD1;RNF138;RBBP6;LONRF1;RNF130;KLHL2;FBXL14;FBXO31;KLHL20;KLHL9;UBE2W;KLHL5;ASB9;RLIM;ASB6;TPP2;UBE2O;ASB7;TRIP12;FBXL5;DZIP3;FBXL7;RNF220;ASB1,0.1455026455026455
0,1025,Neddylation R-HSA-8951664,41/237,7.566094318522505e-10,Metabolism of proteins,Reactome_2022,6.340302501555173e-12,0.0,0.0,3.9921343537414966,102.93356997425629,DCUN1D3;DCUN1D4;DCUN1D1;ASB13;TULP4;DCAF5;FBXO21;DCAF4;FBXO41;DCAF6;DDA1;DCAF11;FBXO9;FBXW4;WSB1;WSB2;FEM1B;COMMD10;FBXO17;COMMD3;KLHL2;COMMD6;FBXO11;FBXL14;LRRC41;FBXW2;PUM2;KCTD7;FBXO31;KLHL20;KLHL9;SPSB3;KLHL5;GAN;ASB9;ASB6;ASB7;CCDC22;FBXL5;FBXL7;ASB1,0.1729957805907173
0,1025,Intra-Golgi And Retrograde Golgi-to-ER Traffic R-HSA-6811442,34/181,3.558480427805405e-09,Vesicle-mediated transport,Reactome_2022,3.975955785257436e-11,0.0,0.0,4.394324430074755,105.23603224201736,ARF3;ARF4;SCOC;NBAS;TMF1;STX16;GOSR2;GOSR1;GOLIM4;RABEPK;BICD2;TGOLN2;ARFRP1;GOLGA4;KIF3B;MAN2A2;VPS51;GOLGA1;TMED3;KIF1C;VPS54;KIF1B;KIF21B;KIF3C;KIFAP3;NAA30;SURF4;M6PR;KIFC2;CAPZA2;RAB18;PLIN3;NAA38;PAFAH1B2,0.1878453038674033
0,1025,Retrograde Transport At Trans-Golgi-Network R-HSA-6811440,14/48,5.312353163568084e-06,Vesicle-mediated transport,Reactome_2022,7.419487658614644e-08,0.0,0.0,7.71437714551696,126.64361810791952,SCOC;NAA30;TMF1;STX16;M6PR;RABEPK;TGOLN2;ARFRP1;GOLGA4;VPS51;GOLGA1;VPS54;PLIN3;NAA38,0.2916666666666667
0,1025,Ubiquitin-Like Protein Transferase Activity (GO:0019787),34/240,6.398480995353671e-06,catalytic activity,GO_Molecular_Function_2023,7.457437057521762e-08,0.0,0.0,3.1259294818414274,51.30109462093719,UBE2D4;RNF13;RNF14;MGRN1;UBR3;RNF6;FBXO21;RMND5B;MAEA;RMND5A;ARIH2;RBBP6;RNF130;FBXO9;RSPRY1;UBL4A;UBE2E3;UBE2E2;FBXO11;FBXL14;FBXW2;PJA2;KLHL20;KLHL9;UBE2W;TTC3;RLIM;RNF181;UBE2O;BCOR;FBXL5;RNF141;DZIP3;RNF220,0.14166666666666666
0,1025,Ubiquitin Protein Ligase Activity (GO:0061630),41/311,4.030925124963966e-06,catalytic activity,GO_Molecular_Function_2023,2.81882875871606e-08,0.0,0.0,2.886574074074074,50.18124078934081,RNF10;PPP1R11;RNF13;RNF14;MGRN1;MYCBP2;RNF38;LTN1;UBR3;RNF6;UBE3B;UBR1;RPGR;RNF157;HERC4;ZNRF2;RNF114;HECTD1;RNF138;UBR5;ARIH2;RBBP6;LONRF1;RNF130;TRIM44;MARCHF5;KCMF1;RNF44;FBXO17;UBE4A;BFAR;RC3H2;PJA2;RNF144A;RLIM;RNF181;UBE2O;TRIP12;RNF121;RNF220;ASB1,0.13183279742765272
0,1025,post-Golgi Vesicle-Mediated Transport (GO:0006892),16/56,3.0667510889375397e-06,localization,GO_Biological_Process_2023,1.2097637431706272e-08,0.0,0.0,7.506442021803766,136.8443571318268,VPS13C;SEC16A;VPS13A;AP3D1;SCAMP1;SCAMP3;KLHL20;AP4M1;GGA2;SCFD1;AP1G2;DOP1B;VPS54;CCDC22;CCDC93;VTI1B,0.2857142857142857
0,1025,Ubiquitin-Like Protein Ligase Activity (GO:0061659),41/319,6.20102607960472e-06,catalytic activity,GO_Molecular_Function_2023,5.7818424984659395e-08,0.0,0.0,2.802308153477218,46.70315094366643,RNF10;PPP1R11;RNF13;RNF14;MGRN1;MYCBP2;RNF38;LTN1;UBR3;RNF6;UBE3B;UBR1;RPGR;RNF157;HERC4;ZNRF2;RNF114;HECTD1;ZMIZ1;RNF138;UBR5;ARIH2;RBBP6;LONRF1;RNF130;TRIM44;MARCHF5;KCMF1;RNF44;FBXO17;BFAR;RC3H2;PJA2;RNF144A;RLIM;RNF181;UBE2O;TRIP12;RNF121;RNF220;ASB1,0.12852664576802508
0,1025,Proteasome-Mediated Ubiquitin-Dependent Protein Catabolic Process (GO:0043161),43/319,2.2431019710695044e-06,cellular process,GO_Biological_Process_2023,6.6363963641109605e-09,0.0,0.0,2.9666496945010183,55.86408072215193,RNF10;WDR26;LTN1;UBR3;UBR1;ECPAS;PCNP;RMND5B;ZNRF2;MAEA;HECTD1;RMND5A;UBXN8;DCAF11;DCAF12;FBXO9;FBXW4;KLHDC2;AKIRIN2;KLHDC3;RHBDD2;FEM1B;FBXO17;TRIP4;UBE4A;KCTD2;BFAR;ARMC8;KCTD5;FBXL14;PJA2;FBXO31;KLHL20;SPSB3;UBE2W;APPBP2;NEMF;GID8;DNAJC10;TRIP12;FBXL5;FBXL7;RNF121,0.13479623824451412
0,1025,cullin-RING Ubiquitin Ligase Complex (GO:0031461),30/174,1.1229377975395802e-06,protein-containing complex,GO_Cellular_Component_2023,4.640238832808182e-09,0.0,0.0,3.9428391959799,75.65716990987181,TMEM183A;PDCD6;DCAF5;DCAF4;DCAF6;FBXO42;DDA1;DCAF11;DCAF12;FBXO9;FBXW4;KLHDC2;KLHDC3;USP47;ZYG11B;FEM1B;FBXO17;KLHL2;KCTD2;KCTD5;FBXL14;FBXO31;KLHL20;KLHL9;SPSB3;APPBP2;GAN;KLHL7;FBXL5;FBXL7,0.1724137931034483
0,1025,Protein Localization (GO:0008104),48/351,2.181297983357869e-07,localization,GO_Biological_Process_2023,5.377953607884291e-10,0.0,0.0,3.0275748147998014,64.61917324057553,CUTA;ARF3;ARF4;STX12;C17ORF75;TMED10;SAR1A;STX16;PDCD6;VPS26C;ARL1;TM9SF4;TM9SF3;RPGR;GGA2;AP4M1;ARFRP1;ARL17A;SCFD1;ODR4;GRPEL1;FHIP1B;TMED3;TBC1D13;TIMM17A;AP4S1;ARL5A;TMED5;TMED4;USP9X;STX8;PAM16;STX7;AP3D1;VPS13A;RABL2B;HPS6;TIMM44;TM9SF2;TM9SF1;RAP2A;SEC23IP;NIN;HOOK2;UNC50;ERP29;RAB18;PHIP,0.13675213675213677
0,1025,Protein Transport (GO:0015031),45/313,1.85855637053732e-07,localization,GO_Biological_Process_2023,3.665791657864536e-10,0.0,0.0,3.2052048431312823,69.63886578193481,ARF3;ARF4;STX12;C17ORF75;TMED10;SAR1A;STX16;PDCD6;VPS26C;ARL1;RPGR;GGA2;AP4M1;ARFRP1;ARL17A;GOLGA4;SCFD1;GRPEL1;KIF3B;TMED3;TBC1D13;TIMM17A;SNX7;ARL5A;TMED5;TMED4;STX8;SURF4;PAM16;STX7;GOLPH3L;AP3D1;RABL2B;TIMM44;TVP23B;SCAMP1;TVP23C;ZDHHC17;SCAMP3;PDIA4;SEC23IP;PREPL;ERP29;RAB18;PHIP,0.14376996805111822
0,1025,Ubiquitin-Dependent Protein Catabolic Process (GO:0006511),50/367,1.8097507017548874e-07,cellular process,GO_Biological_Process_2023,2.677146008513146e-10,0.0,0.0,3.0183612391814285,66.5280007771776,PPP1R11;UBE2D4;RNF13;RNF14;UBE3B;FBXO21;RPGR;HERC4;RNF114;MAEA;ARIH2;FBXO9;FBXW4;UBE4A;KCTD2;ARMC8;FBXO11;KCTD5;RC3H2;PJA2;RNF144A;WDR26;UBR3;RNF6;PCNP;RMND5B;ZNRF2;HECTD1;RMND5A;RBBP6;DCAF11;RNF130;UBQLN4;UBL4A;KLHDC2;KLHDC3;ATE1;USP9X;FEM1B;BFAR;FBXL14;KLHL20;SPSB3;UBE2W;APPBP2;GID8;TTC3;RLIM;TRIP12;FBXL7,0.1362397820163488
0,1025,Protein Ubiquitination (GO:0016567),56/434,1.8097507017548874e-07,cellular process,GO_Biological_Process_2023,1.8749028234959632e-10,0.0,0.0,2.8432519206513014,63.68114946531206,RNF10;UBE2D4;RNF13;RNF14;FBXO28;UBE3B;DDA1;RPGR;RNF157;NPEPPS;HERC4;RNF114;ARIH2;FBXO9;RNF44;WSB1;WSB2;UBE4A;FBXO11;RC3H2;PJA2;RNF144A;GAN;KLHL18;MGRN1;RNF38;MYCBP2;UBR3;RNF6;UBR1;PCNP;RMND5A;RNF138;UBR5;RBBP6;TRIM44;MARCHF5;USP9X;KLHL2;BFAR;KLHL20;KLHL9;UBE2W;KLHL7;ASB9;RLIM;RNF181;TPP2;UBE2O;TRIP12;FBXL5;RNF141;DZIP3;FBXL7;RNF220;ASB1,0.12903225806451613
0,1025,Golgi Vesicle Transport (GO:0048193),36/197,4.9357219247902096e-08,localization,GO_Biological_Process_2023,2.433787931356119e-11,0.0,0.0,4.253647262747364,103.9548308365668,ARF3;ARF4;NBAS;TMED10;SAR1A;ATL3;PITPNB;PDCD6;GOSR2;ATL2;GOSR1;TEX261;IER3IP1;BICD2;AP4M1;GOLGA4;SCFD1;VPS51;LMAN2;TMED3;BCAP29;KIF1C;TMED5;VTI1B;TMED4;YIPF4;SEC16A;SURF4;YIPF5;GOLPH3L;SCAMP1;SCAMP3;RER1;ERGIC2;ERGIC1;BET1,0.18274111675126903
0,1025,Intracellular Protein Transport (GO:0006886),43/325,3.0667510889375397e-06,localization,GO_Biological_Process_2023,1.1641644828020216e-08,0.0,0.0,2.9025978246739177,53.02662239961419,ARF3;ARF4;STX12;C17ORF75;C2CD5;TMED10;SAR1A;PPP1R10;STX16;PDCD6;VPS26C;ARL1;KATNB1;RPGR;GGA2;AP4M1;ARFRP1;ARL17A;SCFD1;GRPEL1;TMED3;TBC1D13;TIMM17A;AP4S1;ARL5A;TNPO2;TMED5;TMED4;AKIRIN2;STX8;SEC16A;SURF4;PAM16;STX7;AP3D1;XPO7;RABL2B;TIMM44;RANBP6;SEC23IP;ERP29;RAB18;PHIP,0.13230769230769232
2,1200,Regulation Of B Cell Proliferation (GO:0030888),14/44,3.98513761760229e-06,biological regulation,GO_Biological_Process_2023,1.5265941256776378e-07,0.0,0.0,7.385609893198426,115.91756425465547,CD40;TNFRSF13B;CD300A;TNFRSF13C;TNFSF13B;TYROBP;IL7;CLCF1;GPR183;MZB1;CD38;MNDA;FCGR2B;TNFRSF4,0.3181818181818182
2,1200,Leukocyte Cell-Cell Adhesion (GO:0007159),12/31,2.6907730628924056e-06,cellular process,GO_Biological_Process_2023,1.0013092025356637e-07,0.0,0.0,9.984582668793196,160.9193951989444,SELP;VCAM1;LRG1;CLEC4M;SELL;TNIP1;CD209;ITGB2;OLR1;SELE;ICAM1;FERMT3,0.3870967741935484
2,1200,Regulation Of Lipopolysaccharide-Mediated Signaling Pathway (GO:0031664),10/21,2.945905439090799e-06,biological regulation,GO_Biological_Process_2023,1.1177459528108105e-07,0.0,0.0,14.353705118411002,229.75662205781452,SIGIRR;TRIM5;CD180;LY86;CARD16;LILRA2;TRIB1;SCIMP;CX3CL1;CD55,0.47619047619047616
2,1200,Ficolin-1-Rich Granule (GO:0101002),31/184,3.974444481786517e-06,cellular anatomical structure,GO_Cellular_Component_2023,1.6646887881828345e-07,0.0,0.0,3.231950664497336,50.44576445639608,SERPINB10;SERPINB12;TNFAIP6;GMFG;MVP;ITGB2;FGL2;FPR1;SLC2A3;LILRA3;CTSS;FCAR;LGALS3;ITGAX;CTSH;CD58;CTSD;CD55;CTSB;CR1;CD93;CD300A;SLC11A1;PRG2;LILRB2;CLEC4C;CLEC4D;LRG1;ADAM8;MNDA;PLEKHO2,0.16847826086956522
2,1200,Inhibitory MHC Class I Receptor Activity (GO:0032396),7/9,4.2937592413754805e-06,molecular transducer activity,GO_Molecular_Function_2023,8.904109025893853e-08,0.0,0.0,55.14920368818105,895.3014314231868,KIR3DL1;LILRB1;LILRA1;LILRB2;LILRA2;LILRA3;LILRB4,0.7777777777777778
2,1200,Antigen Processing And Presentation Of Peptide Antigen Via MHC Class I (GO:0002474),9/18,7.234974264094829e-06,immune system process,GO_Biological_Process_2023,2.90349204323397e-07,0.0,0.0,15.777497900923594,237.4857617923833,CLEC4A;ERAP2;ERAP1;TAP2;TAP1;HLA-A;IFI30;B2M;TAPBP,0.5
2,1200,Dendritic Cell Differentiation (GO:0097028),10/22,4.966764710732447e-06,cellular process,GO_Biological_Process_2023,1.9388683839780078e-07,0.0,0.0,13.15686274509804,203.35235421974136,BATF2;BATF3;UBD;IRF8;LILRB1;CCR7;PRTN3;CCL19;LGALS9;BATF,0.45454545454545453
2,1200,Tertiary Granule Lumen (GO:1904724),15/53,6.588862098717984e-06,cellular anatomical structure,GO_Cellular_Component_2023,3.104699418244077e-07,0.0,0.0,6.249833444370419,93.654871296478,TNFAIP6;CRISP3;CXCL1;PPBP;PRG3;MMP8;LYZ;CTSS;CNN2;LRG1;CTSH;PGLYRP1;B2M;CTSD;CAMP,0.2830188679245283
2,1200,Regulation Of Interleukin-10 Production (GO:0032653),14/46,7.220343276464341e-06,biological regulation,GO_Biological_Process_2023,2.844936424145016e-07,0.0,0.0,6.92327150084317,104.35138999281232,CD274;TSLP;ISG15;LILRB1;MMP8;LILRB4;TYROBP;CLEC7A;IRF4;TNFSF4;XCL1;LGALS9;TIGIT;FCGR2B,0.30434782608695654
2,1200,Positive Regulation Of Monocyte Chemotaxis (GO:0090026),9/18,7.234974264094829e-06,biological regulation,GO_Biological_Process_2023,2.90349204323397e-07,0.0,0.0,15.777497900923594,237.4857617923833,CCR1;CXCL10;CXCL12;CXCL17;CCL1;PLA2G7;CCR2;LGMN;S100A7,0.5
2,1200,Antigen Processing And Presentation Of Exogenous Peptide Antigen (GO:0002478),12/31,2.6907730628924056e-06,immune system process,GO_Biological_Process_2023,1.0013092025356637e-07,0.0,0.0,9.984582668793196,160.9193951989444,CLEC4A;HLA-DMA;CTSL;HLA-A;IFI30;HLA-F;FCGR2B;CTSD;CTSS;HLA-DQA1;HLA-E;LGMN,0.3870967741935484
2,1200,Adaptive Immune Response Based On Somatic Recombination Of Immune Receptors Built From Immunoglobulin Superfamily Domains (GO:0002460),10/23,7.943265800441881e-06,immune system process,GO_Biological_Process_2023,3.245697809739113e-07,0.0,0.0,12.14414996767938,181.44289422134264,CR2;CR1;CD70;CD8A;EBI3;IL18;BTN3A3;BTN3A2;IL18BP;MYO1G,0.43478260869565216
2,1200,Negative Regulation Of Lymphocyte Activation (GO:0051250),10/23,7.943265800441881e-06,biological regulation,GO_Biological_Process_2023,3.245697809739113e-07,0.0,0.0,12.14414996767938,181.44289422134264,LGALS3;GPNMB;LST1;LAPTM5;TNFAIP3;CTSG;FCGR2B;TIGIT;SAMSN1;MICA,0.43478260869565216
2,1200,Cell adhesion molecules,26/148,7.64159134227912e-06,None,KEGG_2021_Human,7.090136296960007e-07,0.0,0.0,3.390594017929455,48.00874671632028,CD274;CD40;ITGAM;SELPLG;ITGB2;ICAM2;ICAM3;ICAM1;HLA-DMA;CD58;TIGIT;HLA-DQA1;CD276;VCAM1;HLA-B;HLA-C;HLA-A;HLA-F;HLA-G;SELE;HLA-E;SELP;CD2;SELL;CD8A;CD226,0.17567567567567569
2,1200,Malaria,15/50,1.5126429037569423e-06,Infectious disease: parasitic,KEGG_2021_Human,1.3255118228797948e-07,0.0,0.0,6.786618444846293,107.47490521435329,CD40;CSF3;GYPA;CXCL8;CR1;VCAM1;KLRB1;ITGB2;IL18;SELE;ICAM1;SELP;KLRK1;CCL2;TLR2,0.3
2,1200,Positive Regulation Of T Cell Proliferation (GO:0042102),17/65,4.688757300731719e-06,biological regulation,GO_Biological_Process_2023,1.813237044427444e-07,0.0,0.0,5.6139757678219215,87.14564468380667,CD274;VCAM1;IL15;CD70;EBI3;IL18;TNFRSF13C;CD1D;LILRB2;AIF1;CD209;TNFSF4;TNFSF9;CCL19;IL6ST;CCR2;CD276,0.26153846153846155
2,1200,Positive Regulation Of NF-kappaB Transcription Factor Activity (GO:0051092),28/152,2.620796563613304e-06,biological regulation,GO_Biological_Process_2023,9.561461377647952e-08,0.0,0.0,3.5982604866233623,58.158468942660505,CX3CR1;CD40;EDA;IL1RAP;TNFRSF11A;CX3CL1;EDA2R;TRIM6;IL18RAP;CLEC7A;TRIM5;TNFSF11;S100A12;LGALS9;TRIM22;TNFSF18;IL18;IRAK3;TRAF1;AIM2;TRIM14;CARD16;TRIM38;RHEBL1;S100A9;S100A8;IL18R1;TLR2,0.18421052631578946
2,1200,Regulation Of Interleukin-2 Production (GO:0032663),15/47,1.5303775241033353e-06,biological regulation,GO_Biological_Process_2023,5.2482848327513136e-08,0.0,0.0,7.424050632911392,124.44772315683689,CR1;LAPTM5;TNFAIP3;LILRB4;ZFP36;CLEC7A;IRF4;TBX21;PDE4B;XCL1;HOMER3;VSIG4;GBP1;CCR2;HAVCR2,0.3191489361702128
2,1200,Regulation Of Monocyte Chemotaxis (GO:0090025),11/25,1.9794294493953218e-06,biological regulation,GO_Biological_Process_2023,7.077128275838802e-08,0.0,0.0,12.4141535504025,204.3842967636002,CCR1;CXCL10;CXCL12;DUSP1;CXCL17;SLAMF8;CCL1;PLA2G7;CCR2;LGMN;S100A7,0.44
2,1200,Negative Regulation Of Interleukin-2 Production (GO:0032703),11/21,2.3690711922735762e-07,biological regulation,GO_Biological_Process_2023,7.00090355980152e-09,0.0,0.0,17.383515559293524,326.4142110439546,ZFP36;CR1;TBX21;LAPTM5;TNFAIP3;XCL1;HOMER3;VSIG4;LILRB4;GBP1;HAVCR2,0.5238095238095238
2,1200,Positive Regulation Of Lymphocyte Proliferation (GO:0050671),20/74,2.74309686341757e-07,biological regulation,GO_Biological_Process_2023,8.206272995265988e-09,0.0,0.0,5.883866917765223,109.54799351123047,CD274;CD40;VCAM1;IL15;CD70;IL18;TNFRSF13C;CD1D;LILRB2;TNFSF13B;HLA-E;CD209;IL7;CLCF1;GPR183;CD38;CCL19;IL6ST;TNFRSF4;CD276,0.2702702702702703
2,1200,Positive Regulation Of Leukocyte Chemotaxis (GO:0002690),17/54,2.833849311454193e-07,biological regulation,GO_Biological_Process_2023,8.581156251393581e-09,0.0,0.0,7.287267825729364,135.35150580119185,CCR1;EDN2;CSF1;IL34;CXCL17;AIF1;PLA2G7;CXCL10;CXCL12;XCL1;CCR7;CCL1;LGALS9;IL6R;CCR2;S100A7;LGMN,0.3148148148148148
2,1200,Ficolin-1-Rich Granule Membrane (GO:0101003),18/60,2.841179266159969e-07,cellular anatomical structure,GO_Cellular_Component_2023,7.437642058010389e-09,0.0,0.0,6.8013052936910805,127.2980721749856,SERPINB10;SERPINB12;CR1;CD93;CD300A;SLC11A1;ITGB2;FPR1;SLC2A3;LILRB2;LILRA3;FCAR;LGALS3;CLEC4C;CLEC4D;ITGAX;CD58;CD55,0.3
2,1200,Positive Regulation Of Mononuclear Cell Migration (GO:0071677),13/31,2.984519595198819e-07,biological regulation,GO_Biological_Process_2023,9.146284056793171e-09,0.0,0.0,11.427782458111018,211.5273179831493,CCR1;CXCL17;AIF1;PLA2G7;LGALS3;CXCL10;CXCL12;CCL1;CCR7;LGALS9;CCR2;LGMN;S100A7,0.41935483870967744
2,1200,Specific Granule Membrane (GO:0035579),22/90,3.630404394885681e-07,cellular anatomical structure,GO_Cellular_Component_2023,1.1404411711682768e-08,0.0,0.0,5.144612004394287,94.09117517290828,CD53;ITGAM;CD93;CLEC12A;ITGB2;PLAUR;CYBB;SLC2A3;MCEMP1;GPR84;TNFRSF1B;LILRA3;FCAR;CEACAM3;ADGRG3;CLEC4D;PLAU;CLEC5A;C3AR1;OLR1;ADAM8;CD33,0.24444444444444444
2,1200,Natural Killer Cell Mediated Immunity (GO:0002228),11/22,4.269939772171621e-07,immune system process,GO_Biological_Process_2023,1.3241330924282662e-08,0.0,0.0,15.802354920100925,286.6534978111764,CD2;KLRK1;RAET1E;GZMB;NKG7;SLAMF7;KIR3DL1;KLRD1;ULBP2;ULBP1;MICA,0.5
2,1200,Phagocytic Vesicle (GO:0045335),23/100,5.058695017256927e-07,cellular anatomical structure,GO_Cellular_Component_2023,1.8539719958533243e-08,0.0,0.0,4.751558551898399,84.59366175832761,NCF2;UNC93B1;SLC11A1;HLA-B;TAP2;CYBB;HLA-C;TAP1;HLA-A;HLA-F;MPO;HLA-G;SCIMP;MPEG1;CTSS;HLA-E;TAPBP;RAB20;GNLY;ADAM8;PGLYRP1;CLEC4E;B2M,0.23
2,1200,Positive Regulation Of Hydrolase Activity (GO:0051345),32/176,5.233810848581914e-07,biological regulation,GO_Biological_Process_2023,1.6421296350895462e-08,0.0,0.0,3.549467275494673,63.62308917228729,CCL14;CCL13;CD40;CCL11;RGS16;CTSS;CX3CL1;RASGRP3;CCL8;CCL7;RGS1;CTSL;RASGEF1B;CTSK;CCL4;CCL3;CTSH;CCL2;CCL1;CCL19;CCL18;CCL17;CCL16;CCL15;CCL24;CCL23;CCL22;CCL20;XCL1;PRTN3;RGL1;CCL26,0.18181818181818182
2,1200,Positive Regulation Of Tyrosine Phosphorylation Of STAT Protein (GO:0042531),16/55,2.2729388094374624e-06,biological regulation,GO_Biological_Process_2023,8.209446995049573e-08,0.0,0.0,6.500693000693,106.06137525173608,TNFSF18;CD40;IL20;CTF1;TSLP;IL15;CSH2;TNFRSF18;IL18;IL31RA;LIF;CSHL1;CLCF1;IL6ST;IL6R;CRLF1,0.2909090909090909
2,1200,Extracellular Matrix Disassembly (GO:0022617),15/44,5.997983021173934e-07,cellular process,GO_Biological_Process_2023,1.903774253345977e-08,0.0,0.0,8.193365342645134,145.6521642500231,MMP1;MMP3;CAPG;MMP8;CTSS;MMP10;MMP12;MMP13;MMP15;CTSK;MMP19;CTSG;ADAM8;LCP1;TPSAB1,0.3409090909090909
2,1200,Negative Regulation Of Type II Interferon Production (GO:0032689),12/28,7.866410147947786e-07,biological regulation,GO_Biological_Process_2023,2.5542156262946113e-08,0.0,0.0,11.858585858585858,207.32289243406507,CD274;CR1;TNFSF4;LAPTM5;XCL1;IL36RN;LILRB1;LGALS9;INHBA;IRGM;LILRB4;HAVCR2,0.42857142857142855
2,1200,Negative Regulation Of Lymphocyte Proliferation (GO:0050672),14/39,8.096224173806639e-07,biological regulation,GO_Biological_Process_2023,2.6583734974191813e-08,0.0,0.0,8.865092748735245,154.6335138437433,CD274;CR1;TNFRSF13B;CD300A;LST1;LILRB1;LILRB2;HLA-G;LILRB4;TYROBP;GPNMB;MNDA;VSIG4;FCGR2B,0.358974358974359
2,1200,Cellular Component Disassembly (GO:0022411),15/46,1.1392239547715643e-06,cellular process,GO_Biological_Process_2023,3.782173655024165e-08,0.0,0.0,7.663944467129441,130.9797374862082,MMP1;MMP3;CAPG;MMP8;CTSS;MMP10;MMP12;MMP13;MMP15;CTSK;MMP19;CTSG;ADAM8;LCP1;TPSAB1,0.32608695652173914
2,1200,Positive Regulation Of Chemokine Production (GO:0032722),16/53,1.3677553075990666e-06,biological regulation,GO_Biological_Process_2023,4.590787606680559e-08,0.0,0.0,6.852812271731191,115.78942754019587,EGR1;IL33;CD84;TSLP;IL18;AIF1;IL17RA;OAS1;CLEC7A;IL7;TNFSF4;LGALS9;LCP1;IL6R;TLR2;IL17A,0.3018867924528302
2,1200,Positive Regulation Of I-kappaB kinase/NF-kappaB Signaling (GO:0043123),31/175,1.5097782989535342e-06,biological regulation,GO_Biological_Process_2023,5.1225604451907586e-08,0.0,0.0,3.4356049805151603,57.67359131188315,CD40;IFIT5;SECTM1;LITAF;CX3CL1;EDA2R;TRIM6;LGALS1;CLEC7A;TRIM5;UBD;MIER1;TNFSF10;S100A12;CCR7;LGALS9;CCL19;TRIM22;APOL2;NDFIP2;EDAR;BST2;CLEC6A;PELI1;TNFRSF25;CARD16;LTB;LTBR;TRIM38;TMEM106A;BIRC3,0.17714285714285713
2,1200,Intestinal immune network for IgA production,15/48,8.745011719055599e-07,Immune system,KEGG_2021_Human,7.212380799221113e-08,0.0,0.0,7.198695818948983,118.38170069940564,PIGR;IL15RA;CD40;TNFRSF13B;IL15;TNFSF13;TNFRSF13C;TNFSF13B;HLA-DMA;CXCL12;CCR9;TNFRSF17;LTBR;CCL28;HLA-DQA1,0.3125
2,1200,Regulation Of ERK1 And ERK2 Cascade (GO:0070372),38/244,1.7450670797353442e-06,biological regulation,GO_Biological_Process_2023,6.111873026435355e-08,0.0,0.0,2.9517738081312768,49.03028377376577,CCL14;CCL13;SEMA7A;CCL11;C5AR1;CXCL17;CX3CL1;ICAM1;CCL8;GPNMB;CCL7;CCL4;CCL3;CCL2;CCR7;CCL1;LGALS9;CCL19;CCL18;CCL17;GBP1;CCL16;SLAMF1;CCL15;CCR1;DUSP4;CCL24;CCL23;CCL22;CCL20;SCIMP;MFHAS1;TNIP1;GPR183;CHI3L1;XCL1;CCL26;S100A7,0.1557377049180328
2,1200,Regulation Of Cytokine Production (GO:0001817),30/167,1.7450670797353442e-06,biological regulation,GO_Biological_Process_2023,6.057221278106795e-08,0.0,0.0,3.492981471083661,58.05135959687878,PTGER4;GATA3;LITAF;GPNMB;IFI16;CCR7;LGALS9;CD276;CCR2;SRGN;IL33;GBP7;BTN3A1;IL15;SLC11A1;NFAM1;CRTAM;HLA-B;ZBTB32;ISG15;BTN3A3;BTN3A2;TNFRSF1B;BATF;CLEC4A;CLEC6A;BCL6B;SAA1;IRF8;FCGR2B,0.17964071856287425
2,1200,Negative Regulation Of B Cell Activation (GO:0050869),10/20,1.748643704782704e-06,biological regulation,GO_Biological_Process_2023,6.188195525863637e-08,0.0,0.0,15.789915966386555,262.0816128184564,TYROBP;TNFRSF13B;CD300A;ID2;LAPTM5;TNFAIP3;MNDA;INHBA;FCGR2B;SAMSN1,0.5
2,1200,Positive Regulation Of Interleukin-1 Beta Production (GO:0032731),17/57,6.668022353913769e-07,biological regulation,GO_Biological_Process_2023,2.140773320483078e-08,0.0,0.0,6.739644970414201,119.01885211855372,GBP5;EGR1;LILRA2;AIM2;TYROBP;IFI16;CLEC7A;CCL3;MNDA;LGALS9;LCP1;TRIM16;CCL19;NLRP1;NAIP;TMEM106A;IL17A,0.2982456140350877
2,1200,Phagosome,29/152,3.2698142160520245e-07,Transport and catabolism,KEGG_2021_Human,2.5282068680814626e-08,0.0,0.0,3.760478501454528,65.78269136298015,ITGAM;CLEC4M;NCF2;ITGB2;MPO;CTSS;FCAR;C3;HLA-DMA;FCGR3B;CLEC7A;CTSL;OLR1;CD14;HLA-DQA1;MSR1;HLA-B;TAP2;CYBB;HLA-C;TAP1;HLA-A;HLA-F;HLA-G;HLA-E;FCGR2A;CD209;FCGR2B;TLR2,0.19078947368421054
2,1200,Natural killer cell mediated cytotoxicity,35/131,1.0543125818254657e-12,Immune system,KEGG_2021_Human,3.2607605623468e-14,0.0,0.0,5.853361945636624,181.7716530054745,ITGB2;ICAM2;PRF1;KIR2DL1;ICAM1;KLRK1;FCGR3B;SH3BP2;TNFSF10;KLRC1;MICA;KLRC3;IFNGR1;IFNGR2;SH2D1A;HLA-B;SH2D1B;HLA-C;GZMB;KIR3DL1;HLA-A;KIR3DL2;HLA-G;HLA-E;NCR1;NCR3;TYROBP;RAET1E;RAET1L;KLRD1;CD48;ULBP2;ULBP1;HCST;CD244,0.26717557251908397
2,1200,NOD-like receptor signaling pathway,34/181,3.6775750293365154e-08,Immune system,KEGG_2021_Human,2.4643544011017887e-09,0.0,0.0,3.7000851798695455,73.34063146781929,RNASEL;CXCL8;TNFAIP3;CXCL1;ANTXR2;CXCL3;CXCL2;TANK;PSTPIP1;IFI16;NAMPT;CASP4;CCL2;NLRP1;GBP2;GBP1;CAMP;GBP4;CTSB;GBP3;GBP5;GABARAPL1;GBP7;IL18;CYBB;AIM2;OAS1;OAS2;CARD18;TXNIP;CARD16;NAIP;IRF9;BIRC3,0.1878453038674033
2,1200,Interferon Gamma Signaling R-HSA-877300,39/89,9.732359967846814e-23,Immune System,Reactome_2022,1.775389048860944e-24,0.0,0.0,12.5968992248062,688.8995101321391,CIITA;SP100;PTAFR;IFI30;ICAM1;OASL;MT2A;TRIM5;TRIM26;GBP2;B2M;GBP1;TRIM22;GBP4;HLA-DQA1;GBP6;GBP5;GBP7;VCAM1;BCL11B;IFNGR1;IFNGR2;HLA-B;HLA-C;HLA-A;HLA-F;HLA-G;HLA-E;OAS1;IRF4;OAS2;IRF1;IRF2;IRF8;TRIM14;IRF5;IRF6;TRIM38;IRF9,0.43820224719101125
2,1200,Innate Immune System R-HSA-168249,146/1035,4.175614176445506e-21,Immune System,Reactome_2022,8.309679953125386e-23,0.0,0.0,2.790810304309684,141.89047808423774,NCF2;GMFG;CLEC10A;ICAM2;ICAM3;EPX;MPO;HERC5;LGALS3;PLAU;ANPEP;DHX58;CLEC5A;C3AR1;PGLYRP1;B2M;CD93;NHLRC3;S100A1;CD300A;SLC11A1;CD180;RNASE6;HLA-B;CYBB;IRAG2;HLA-C;MCEMP1;RNASE3;HLA-A;RNASE1;HLA-E;SIGIRR;CLEC4A;CLEC4C;TYROBP;RNF125;CLEC4D;SLPI;TXNIP;ADAM8;PRTN3;CLEC4E;S100A9;S100A8;S100A7;C5AR1;FPR1;GPR84;C3;ADGRG3;CNN2;CRACR2A;KLRK1;CLEC7A;S100A12;PI3;NLRP1;S100A11;LY86;ADA2;ISG15;PPBP;LYZ;HRNR;NFKB2;BST2;CYLD;RCAN1;SELL;CD209;CLEC6A;LCN2;KLRD1;LGMN;PIGR;SERPINA3;SIGLEC9;ITGAM;TNFAIP6;CRISP3;ITGB2;TNFAIP3;CXCL1;SLC2A3;TREM1;CTSS;FCAR;PSTPIP1;GLIPR1;CTSL;GNLY;CTSK;MMP28;CASP4;ITGAX;OLR1;CTSH;CTSG;LBP;CTSD;CD33;CCR2;CTSB;DUSP4;CD53;CR2;CR1;NFAM1;PLAUR;IRAK3;TNFRSF1B;MMP8;MMP12;AIM2;PELI1;CHI3L1;PLEKHO2;BIRC3;TLR2;SERPINB10;LILRA6;SERPINB12;GRN;C1S;CLEC12A;UNC93B1;PTAFR;FGL2;TANK;LILRA3;USP18;RELB;IFI16;CD58;CCL17;CD55;CCL22;LILRB2;LRG1;FCGR2A;SAA2;PTX3;S100P;MNDA;CD68,0.14106280193236714
2,1200,TNFR2 Non-Canonical NF-kB Pathway R-HSA-5668541,37/100,1.4606252447786698e-18,Immune System,Reactome_2022,3.1489433137848605e-20,0.0,0.0,9.461968909088428,424.8862594800295,CD40;TNFRSF6B;EDA;TNFRSF13B;TNFRSF11B;TNFRSF11A;TNFRSF13C;TANK;EDA2R;TNFSF13B;RELB;TNFRSF8;TNFSF11;TNFRSF17;TNFRSF14;TNFRSF4;TNFSF18;TNFSF14;TNFRSF12A;TNFSF15;CD70;TNFRSF9;TNFSF12;TNFRSF18;TNFSF13;TNFRSF1B;NFKB2;EDAR;TNFSF4;LTA;CD27;TNFSF9;TNFSF8;TNFRSF25;LTB;LTBR;BIRC3,0.37
2,1200,Peptide Ligand-Binding Receptors R-HSA-375276,51/196,6.6133191802573246e-18,Signal Transduction,Reactome_2022,1.5354306554494617e-19,0.0,0.0,5.710542900873323,247.38246513760004,CXCL6;CXCL9;CXCL8;CXCL1;CXCL13;CXCL3;CXCL2;CX3CL1;CXCL5;CXCL16;CCRL2;C3AR1;CCR9;CCR7;CCR5;CCR2;EDN1;EDN2;CD200R1;XCL1;CX3CR1;CCL13;CCL11;C5AR1;FPR1;CXCR5;CXCR6;C3;GPNMB;CCL7;CXCR3;CCL4;CCL3;CCL2;CCL1;CCL19;CCL17;CCL16;CCR1;CCL23;CCL22;CCL20;PPBP;CXCL10;CXCL11;CXCL12;PNOC;ACKR4;SAA2;CCL28;CCL27,0.2602040816326531
2,1200,Interleukin-4 And Interleukin-13 Signaling R-HSA-6785807,33/107,7.17423543555415e-14,Immune System,Reactome_2022,1.784635680486107e-15,0.0,0.0,7.155770166052943,243.00682133511933,CXCL8;ITGAM;CCL11;CEBPD;ITGB2;RORC;F13A1;GATA3;PTGS2;ICAM1;ITGAX;CCL2;LBP;TIMP1;IL13RA2;IL6R;IL13RA1;MCL1;IL4R;VCAM1;CCL22;MMP1;MMP3;LIF;IL18;TNFRSF1B;BATF;FCER2;ZEB1;IRF4;FSCN1;LCN2;SAA2,0.308411214953271
2,1200,Adaptive Immune System R-HSA-1280218,101/733,1.0203361045601161e-13,Immune System,Reactome_2022,2.707359481419877e-15,0.0,0.0,2.6418838760207786,88.61618933522968,IFITM1;NCF2;ICAM2;RNF19B;ICAM3;ICAM4;ICAM5;IFI30;ICAM1;HERC5;B2M;HERC6;CD96;LAG3;S100A1;CD300A;HLA-B;HLA-C;CYBB;RNASE3;HLA-A;HLA-F;RNASE1;HLA-G;HLA-E;TYROBP;JAML;CD8A;CD226;CD300C;S100A9;CLEC4G;S100A8;CD274;KLRB1;DAPP1;CD1E;CD1D;CD1C;RASGRP3;C3;KLRK1;SLAMF7;TNFRSF14;SLAMF6;KLRC1;HLA-DQA1;FYB1;VCAM1;SH2D1A;CRTAM;SH2D1B;RAET1E;SELL;CD209;KLRD1;NFKBIE;ULBP1;LGMN;CD40;SIGLEC9;ITGB2;TREM1;CTSS;CTSL;CTSK;CTSH;CTSD;CD33;CTSB;DTX3L;BTN3A1;BTN3A3;BTN3A2;TAPBP;NCR1;CD200R1;NCR3;HCST;TLR2;LILRA6;LILRA1;LILRA2;LILRA3;HLA-DMA;NCR3LG1;MICA;KLRG1;ERAP2;ERAP1;KIR3DL1;LILRB1;KIR3DL2;LILRB2;LILRB4;LILRB5;TRIM36;FCGR2B;ASB2;SIGLEC7;CLEC2D,0.1377899045020464
2,1200,Class A/1 (Rhodopsin-like Receptors) R-HSA-373076,59/327,7.866474126513002e-13,Signal Transduction,Reactome_2022,2.2177456078063192e-14,0.0,0.0,3.575640639920468,112.41706943443366,CXCL6;CXCL9;CXCL8;GPR68;GPR65;CXCL1;CXCL13;CXCL3;CXCL2;CX3CL1;CXCL5;CXCL16;CCRL2;C3AR1;CCR9;CCR7;CCR5;CCR2;EDN1;EDN2;CD200R1;XCL1;PTGER4;CX3CR1;CCL13;CCL11;PTAFR;C5AR1;FPR1;CXCR5;CXCR6;C3;HCAR2;HCAR3;GPNMB;CCL7;CXCR3;CCL4;CCL3;CCL2;CCL1;CCL19;CCL17;CCL16;CCR1;CCL23;CCL22;CCL20;PPBP;CXCL10;CXCL11;CXCL12;GPR183;PNOC;ACKR4;SAA2;CCL28;GPR18;CCL27,0.18042813455657492
2,1200,TNF Receptor Superfamily (TNFSF) Members Mediating Non-Canonical NF-kB Pathway R-HSA-5676594,13/17,7.803232113384246e-12,Immune System,Reactome_2022,2.32932301892067e-13,0.0,0.0,51.46335299073294,1496.9674802179609,CD40;TNFRSF12A;TNFSF14;TNFSF12;TNFRSF11A;TNFRSF13C;TANK;TNFSF13B;LTA;TNFSF11;LTB;LTBR;BIRC3,0.7647058823529411
2,1200,GPCR Ligand Binding R-HSA-500792,65/458,2.606235230712508e-09,Signal Transduction,Reactome_2022,8.212018139890159e-11,0.0,0.0,2.682303751779489,62.290703656536266,CXCL6;CXCL9;CXCL8;GPR68;GPR65;CXCL1;CXCL13;CXCL3;CXCL2;CX3CL1;CXCL5;CXCL16;ADGRE1;ADGRE2;C1QTNF1;CCRL2;C3AR1;CCR9;CCR7;CCR5;CCR2;EDN1;EDN2;CD200R1;XCL1;CX3CR1;PTGER4;CCL13;CCL11;PTAFR;C5AR1;FPR1;CXCR5;CXCR6;C3;HCAR2;HCAR3;GPNMB;CCL7;CXCR3;UBD;CCL4;CCL3;CCL2;CCL1;CCL19;CCL17;CCL16;CD55;CCR1;CCL23;CCL22;CCL20;SMOX;PPBP;CXCL10;CXCL11;CXCL12;GPR183;PNOC;ACKR4;SAA2;CCL28;GPR18;CCL27,0.14192139737991266
2,1200,IL-6-type Cytokine Receptor Ligand Interactions R-HSA-6788467,11/17,9.26180264698725e-09,Immune System,Reactome_2022,3.0719080089509953e-10,0.0,0.0,28.97869358003925,634.7363234642585,CNTFR;IL11;CTF1;IL11RA;CLCF1;IL31RA;LIF;LIFR;OSMR;IL6ST;CRLF1,0.6470588235294118
2,1200,Endosomal/Vacuolar Pathway R-HSA-1236977,9/11,1.3854568923816047e-08,Immune System,Reactome_2022,4.82497425207524e-10,0.0,0.0,71.02518891687657,1523.6355865297317,CTSL;HLA-B;HLA-C;HLA-A;HLA-F;B2M;HLA-G;CTSS;HLA-E,0.8181818181818182
2,1200,Interleukin-36 Pathway R-HSA-9014826,7/7,7.451955122744699e-08,Immune System,Reactome_2022,2.753090222675399e-09,0.0,0.0,131600.0,2593907.3059899174,IL1RL2;IL36A;IL36B;IL36G;IL36RN;IL1RAP;IL1F10,1.0
2,1200,Interleukin-6 Family Signaling R-HSA-6783589,12/24,7.451955122744699e-08,Immune System,Reactome_2022,2.8423709423404323e-09,0.0,0.0,15.814814814814817,311.2138464676149,CNTFR;IL11;CTF1;IL11RA;CLCF1;IL31RA;LIF;LIFR;OSMR;IL6ST;IL6R;CRLF1,0.5
2,1200,G Alpha (I) Signaling Events R-HSA-418594,47/312,1.2873161497001733e-07,Signal Transduction,Reactome_2022,5.123646366965864e-09,0.0,0.0,2.85111849318431,54.42613985363366,CX3CR1;CCL13;CXCL6;CXCL9;CXCL8;RGS16;C5AR1;FPR1;CXCR5;CXCL1;CXCR6;CXCL13;CXCL3;CXCL2;CX3CL1;CXCL5;CXCL16;C3;HCAR2;HCAR3;RGS1;CXCR3;UBD;CCL4;C3AR1;CCR9;PDE4B;CCR7;CCL1;CCL19;CCR5;CCL16;CCR2;CCR1;CCL23;CCL20;PPBP;CXCL10;CXCL11;CXCL12;GPR183;PNOC;ACKR4;SAA2;CCL28;GPR18;CCL27,0.15064102564102563
2,1200,Other Interleukin Signaling R-HSA-449836,11/24,1.0107564909706958e-06,Immune System,Reactome_2022,4.19053271546723e-08,0.0,0.0,13.36980009057385,227.1241969518897,IL32;CSF3;CSF3R;TXLNA;CSF1;PTPRZ1;IL10RB;IL34;IL16;PRTN3;STX3,0.4583333333333333
2,1200,Collagen Degradation R-HSA-1442490,13/40,7.451804796622687e-06,Extracellular matrix organization,Reactome_2022,3.2130501610645085e-07,0.0,0.0,7.614870978813691,113.8489838334446,MMP1;MMP3;MMP8;MMP10;MMP12;MMP13;CTSL;MMP15;CTSK;MMP28;MMP19;CTSD;CTSB,0.325
2,1200,Interleukin-1 Family Signaling R-HSA-446652,27/152,7.737508972172984e-06,Immune System,Reactome_2022,3.464556256196858e-07,0.0,0.0,3.438874680306905,51.15501844783267,IL1RN;IL1RAP;PTPN23;TANK;USP18;IL18BP;IL1RL1;IL1RL2;IL18RAP;IL36A;IL36B;S100A12;IL36RN;CTSG;IL33;IL1R1;IL37;IL1R2;IL18;IL36G;IRAK3;IL1F10;NFKB2;SIGIRR;PELI1;SAA2;IL18R1,0.17763157894736842
2,1200,Interleukin-10 Signaling R-HSA-6783783,29/45,4.0928091716968267e-23,Immune System,Reactome_2022,6.787411561686281e-25,0.0,0.0,29.074295473953885,1617.9716826709537,CSF3;IL1RN;CXCL8;CSF1;PTAFR;FPR1;CXCL1;PTGS2;CXCL2;ICAM1;CCL4;CCL3;CCL2;CCL19;TIMP1;CCR5;CCR2;CCR1;CCL22;CCL20;IL10RB;IL1R1;IL10RA;IL1R2;IL18;LIF;TNFRSF1B;CXCL10;FCER2,0.6444444444444445
2,1200,Interferon Signaling R-HSA-913531,60/200,1.6674382748239045e-24,Immune System,Reactome_2022,2.488713843020753e-26,0.0,0.0,7.015037593984962,413.5746726537705,IFITM3;IFITM1;CIITA;IFITM2;IFIT5;ADAR;IFI35;IFI30;IFIT1;IFIT3;ICAM1;IFIT2;OASL;HERC5;MT2A;TRIM5;TRIM26;B2M;TRIM22;GBP6;GBP5;GBP7;RSAD2;IFNGR1;IFNGR2;HLA-B;HLA-C;HLA-A;HLA-F;HLA-G;HLA-E;IFI27;OAS1;IRF4;OAS2;IRF1;IRF2;TRIM14;IRF8;IRF5;IRF6;IRF9;RNASEL;SP100;PTAFR;SAMHD1;USP18;GBP2;GBP1;HLA-DQA1;GBP4;EGR1;VCAM1;BCL11B;MX2;ISG15;BST2;ISG20;TRIM38;XAF1,0.3
2,1200,Neutrophil Degranulation R-HSA-6798695,95/468,1.6413242343738211e-24,Immune System,Reactome_2022,2.177544589550675e-26,0.0,0.0,4.247243215702449,250.96541600398368,PIGR;SERPINA3;SIGLEC9;ITGAM;TNFAIP6;GMFG;CRISP3;ITGB2;CXCL1;SLC2A3;EPX;MPO;FCAR;CTSS;LGALS3;GLIPR1;PLAU;ANPEP;MMP28;CLEC5A;C3AR1;ITGAX;OLR1;CTSH;CTSG;PGLYRP1;B2M;CTSD;CD33;CTSB;CD53;CR1;NHLRC3;CD93;CD300A;NFAM1;SLC11A1;HLA-B;PLAUR;HLA-C;CYBB;IRAG2;MCEMP1;RNASE3;HLA-A;TNFRSF1B;MMP8;RNASE1;MMP12;CLEC4C;CLEC4D;TYROBP;SLPI;CHI3L1;ADAM8;PRTN3;PLEKHO2;S100A9;S100A8;S100A7;TLR2;SERPINB10;LILRA6;GRN;SERPINB12;CLEC12A;PTAFR;FGL2;C5AR1;FPR1;GPR84;LILRA3;C3;ADGRG3;CNN2;CRACR2A;S100A12;CD58;S100A11;CD55;ADA2;PPBP;LILRB2;LYZ;HRNR;BST2;RCAN1;LRG1;FCGR2A;SELL;LCN2;MNDA;PTX3;S100P;CD68,0.202991452991453
2,1200,Interferon Alpha/Beta Signaling R-HSA-909733,37/72,1.6413242343738211e-24,Immune System,Reactome_2022,2.0328608320572815e-26,0.0,0.0,17.056995455103795,1009.0537857097132,IFITM3;IFITM1;RNASEL;IFITM2;IFIT5;ADAR;IFI35;IFIT1;SAMHD1;USP18;IFIT3;IFIT2;OASL;GBP2;EGR1;RSAD2;MX2;HLA-B;HLA-C;ISG15;HLA-A;HLA-F;HLA-G;HLA-E;BST2;ISG20;IFI27;OAS1;IRF4;OAS2;IRF1;IRF2;IRF8;IRF5;IRF6;XAF1;IRF9,0.5138888888888888
2,1200,TNF signaling pathway,27/112,5.7329808178600905e-09,Signal transduction,KEGG_2021_Human,3.5461737017691267e-10,0.0,0.0,5.068000601775237,110.27960054390547,CXCL6;CSF1;TNFAIP3;CXCL1;CXCL3;PTGS2;CXCL2;CX3CL1;CXCL5;ICAM1;CCL2;JUNB;EDN1;VCAM1;IL15;CCL20;MMP3;LIF;TRAF1;TNFRSF1B;SELE;CXCL10;IRF1;BCL3;LTA;IL18R1;BIRC3,0.24107142857142858
2,1200,Osteoclast differentiation,29/127,5.6423382955736735e-09,Development and regeneration,KEGG_2021_Human,3.1992639820263087e-10,0.0,0.0,4.726101883964517,103.32643538132967,LILRA6;CSF1;NCF2;TNFRSF11B;TNFRSF11A;LILRA1;LILRA2;LILRA3;RELB;FCGR3B;CTSK;TNFSF11;JUNB;IL1R1;IFNGR1;IFNGR2;LILRB1;LILRB2;LILRB3;LILRB4;LILRB5;FOSL2;NFKB2;CYLD;TYROBP;FCGR2A;FOSB;FCGR2B;IRF9,0.2283464566929134
2,1200,JAK-STAT signaling pathway,36/162,1.0794806978390091e-10,Signal transduction,KEGG_2021_Human,5.564333494015512e-12,0.0,0.0,4.5837015218458514,118.78499270932072,CNTFR;CSF3;CSF3R;IL20;CTF1;CSH2;IL24;IL20RA;IL20RB;CSF2RA;IL27RA;IL21R;STAT4;IL13RA2;IL6R;IL13RA1;MCL1;IL15RA;IL11;IL4R;TSLP;IL11RA;IFNGR1;IL15;IL10RB;IFNGR2;IL10RA;LIF;LIFR;OSMR;IL22RA1;IL7;IL6ST;IL7R;IL17D;IRF9,0.2222222222222222
2,1200,IL-17 signaling pathway,27/94,9.253320688257304e-11,Immune system,KEGG_2021_Human,4.292777638882254e-12,0.0,0.0,6.435736916440814,168.4495387595764,CXCL6;CSF3;CXCL8;CCL11;TNFAIP3;CXCL1;CXCL3;PTGS2;CXCL2;CXCL5;CCL7;CCL2;CCL17;MMP1;CCL20;MMP3;IL17RA;CXCL10;MMP13;LCN2;FOSB;IL17D;S100A9;IL17C;S100A8;S100A7;IL17A,0.2872340425531915
2,1200,Antigen processing and presentation,26/78,5.4000520445442735e-12,Immune system,KEGG_2021_Human,2.2268255853790822e-13,0.0,0.0,7.984667802385008,232.61755977535043,CIITA;KIR2DL1;IFI30;CTSS;HLA-DMA;CTSL;KLRC1;B2M;HLA-DQA1;CTSB;KLRC3;HLA-B;TAP2;HLA-C;TAP1;KIR3DL1;HLA-A;KIR3DL2;HLA-F;HLA-G;HLA-E;TAPBP;CD8A;RFX5;KLRD1;LGMN,0.3333333333333333
2,1200,Rheumatoid arthritis,29/93,1.8294957984257988e-12,Immune disease,KEGG_2021_Human,6.601273499474531e-14,0.0,0.0,7.25,220.0297331984801,CXCL6;CXCL8;CSF1;ITGB2;CXCL1;TNFRSF11A;CXCL3;CXCL2;CXCL5;ICAM1;TNFSF13B;HLA-DMA;CTSL;CTSK;CCL3;TNFSF11;CCL2;HLA-DQA1;IL11;IL15;MMP1;CCL20;MMP3;TNFSF13;IL18;CXCL12;LTB;TLR2;IL17A,0.3118279569892473
2,1200,Negative Regulation Of Natural Killer Cell Mediated Immunity (GO:0002716),8/10,2.2716304363023958e-07,biological regulation,GO_Biological_Process_2023,6.630077887785174e-09,0.0,0.0,63.08053691275168,1187.9105478527752,KLRD1;LILRB1;KLRC1;LGALS9;HLA-F;HLA-G;MICA;HLA-E,0.8
2,1200,Chemokine signaling pathway,45/192,5.933952772993361e-14,Immune system,KEGG_2021_Human,1.5293692713900413e-15,0.0,0.0,4.943811290750066,168.65278773948754,CCL14;CX3CR1;CXCL6;CCL13;CXCL9;CXCL8;CCL11;CXCR5;CXCL1;CXCR6;CXCL13;CXCL3;CXCL2;CX3CL1;CXCL5;CXCL16;CCL8;CCL7;CXCR3;CCL4;CCR9;CCL3;CCL2;CCR7;CCL1;CCL19;CCR5;CCL18;CCL17;CCL16;CCR2;CCL15;CCR1;CCL24;CCL23;CCL22;CCL20;PPBP;CXCL10;CXCL11;CXCL12;XCL1;CCL28;CCL27;CCL26,0.234375
2,1200,Graft-versus-host disease,15/42,1.2685522547287054e-07,Immune disease,KEGG_2021_Human,9.154500807320556e-09,0.0,0.0,8.801218940459448,162.90193903994083,PRF1;HLA-B;GZMB;HLA-C;KIR3DL1;KIR2DL1;HLA-A;KIR3DL2;HLA-F;HLA-G;HLA-E;HLA-DMA;KLRD1;KLRC1;HLA-DQA1,0.35714285714285715
2,1200,Hematopoietic cell lineage,33/99,6.382783496661421e-15,Immune system,KEGG_2021_Human,1.316037834363179e-16,0.0,0.0,8.02656383890317,293.5052401290093,CSF3;GYPA;CSF3R;ITGAM;CSF1;CD1E;CD1D;CD1C;CSF2RA;HLA-DMA;ANPEP;CD38;CD37;CD14;IL6R;HLA-DQA1;CD33;CD55;IL11;CR2;IL4R;CR1;IL11RA;IL1R1;IL1R2;CD2;FCER2;CD8A;IL7;CD5;CD7;IL7R;MS4A1,0.3333333333333333
2,1200,Viral protein interaction with cytokine and cytokine receptor,65/100,1.0086084207854905e-52,Signaling molecules and interaction,KEGG_2021_Human,1.0398024956551447e-54,0.0,0.0,30.704216488357456,3816.551433883646,CXCL6;CXCL9;CXCL8;IL20;CSF1;IL24;CXCL1;CXCL13;CXCL3;CXCL2;CX3CL1;CXCL5;IL18RAP;TNFSF10;CCR9;CCR7;CCR5;IL6R;CCR2;IL18;TNFRSF1B;LTA;XCL1;IL6ST;CCL14;CX3CR1;CCL13;CCL11;IL20RA;CXCR5;IL20RB;CCL8;CCL7;CXCR3;CCL4;CCL3;CCL2;TNFRSF14;CCL1;CCL19;CCL18;CCL17;CCL16;CCL15;CCR1;CCL24;CCL23;CCL22;TNFSF14;CCL20;IL10RB;IL37;IL10RA;IL34;PPBP;IL22RA1;CXCL10;CXCL11;CXCL12;ACKR4;LTBR;CCL28;CCL27;IL18R1;CCL26,0.65
2,1200,Cytokine-cytokine receptor interaction,144/295,3.4227467967834327e-94,Signaling molecules and interaction,KEGG_2021_Human,1.7643024725687797e-96,0.0,0.0,16.84136062612884,3713.1901550013104,CNTFR;IL1RN;CSF3;TNFRSF6B;CSF3R;CSF1;CXCL17;IL1RAP;CXCL13;IL27RA;CXCL16;IL36A;IL18RAP;IL36B;TNFSF10;TNFSF11;TNFRSF8;IL13RA2;IL6R;TNFRSF4;IL13RA1;IL15RA;IL4R;IL1R1;IL11RA;IL1R2;LIFR;EDAR;IL6ST;CSH2;EBI3;IL20RA;IL20RB;TNFRSF11B;TNFRSF11A;CSF2RA;TNFRSF17;IL36RN;TNFRSF14;CCR1;TNFSF18;TNFSF14;TSLP;TNFSF15;TNFSF12;TNFRSF9;TNFSF13;IL31RA;LIF;IL36G;PPBP;INHBA;INHBC;IL1F10;INHBE;IL22RA1;BMP3;CXCL10;CXCL11;CXCL12;IL7;TNFSF4;CD27;TNFSF9;TNFSF8;IL7R;CXCL6;CD40;CXCL9;IL20;CXCL8;EDA;TNFRSF13B;IL24;CXCL1;TNFRSF13C;CXCL3;CXCL2;CX3CL1;EDA2R;CXCL5;TNFSF13B;CCR9;CCR7;CCR5;CCR2;IL11;TNFRSF12A;IFNGR1;IL15;IFNGR2;TNFRSF18;IL18;IL16;OSMR;TNFRSF1B;IL17RA;LTA;XCL1;TNFRSF25;LTB;CCL14;CX3CR1;CCL13;CCL11;CTF1;CXCR5;CXCR6;IL1RL1;IL1RL2;CCL8;CCL7;CXCR3;CCL4;CCL3;IL21R;CCL2;CCL1;CCL19;CCL18;CCL17;CCL16;CCL15;IL32;CCL24;IL33;CCL23;CCL22;CCL20;CD70;IL10RB;IL37;IL10RA;IL34;CLCF1;ACKR4;LTBR;IL17D;CCL28;IL17C;CCL27;IL18R1;CCL26;IL17A,0.488135593220339
2,1200,Immune System R-HSA-168256,371/1943,1.767154467450667e-98,Immune System,Reactome_2022,2.930604423632947e-101,0.0,0.0,4.904578617973769,1135.3407253802543,IFITM3;CNTFR;IFITM1;IL1RN;TNFRSF6B;IFITM2;GMFG;CLEC10A;ICAM2;IFIT5;ICAM3;ICAM4;IFI35;ICAM5;IFI30;IFIT1;IFIT3;IL27RA;ICAM1;IFIT2;HERC5;LGALS3;MT2A;IL36A;IL36B;ANPEP;DHX58;C3AR1;TNFSF11;TRIM26;LGALS9;PGLYRP1;B2M;TRIM22;HERC6;GBP6;GBP5;IL15RA;GBP7;RSAD2;NHLRC3;IL1R1;IL1R2;SLC11A1;RNASE6;HLA-B;HLA-C;MCEMP1;RNASE3;HLA-A;HLA-F;RNASE1;HLA-G;HLA-E;SIGIRR;RNF125;IFI27;SLPI;TXNIP;TRIM14;CD226;EBI3;IL20RA;FPR1;IL20RB;CD1E;GATA3;CD1D;CD1C;C3;CRACR2A;KLRK1;SLAMF7;S100A12;SLAMF6;S100A11;HLA-DQA1;TNFSF18;CCR1;EGR1;FYB1;TSLP;TNFSF14;BCL11B;TNFSF15;TNFSF12;TNFSF13;SH2D1A;IL31RA;SH2D1B;LIF;IL36G;PPBP;LYZ;HRNR;IL1F10;IL22RA1;BST2;CYLD;RAET1E;CD209;TNFSF4;CD27;TNFSF9;TNFSF8;LGMN;PIGR;SERPINA3;CD40;SIGLEC9;IL20;TNFRSF13B;IL24;TNFRSF13C;EDA2R;CTSS;IL18BP;GLIPR1;CTSL;TRIM5;GNLY;CTSK;MMP28;OLR1;CTSH;CTSG;TIMP1;CCR5;CTSD;CD33;CTSB;CCR2;HAVCR2;DUSP4;CD53;IL11;SERPINB2;TNFRSF12A;BTN3A1;IL15;IFNGR1;NFAM1;IFNGR2;IL18;IL16;BTN3A3;BTN3A2;OSMR;IL17RA;MMP12;NCR1;FCER2;NCR3;CD200R1;ZEB1;PELI1;PLEKHO2;HCST;TLR2;SERPINB10;LILRA6;SERPINB12;RNASEL;GRN;SP100;CTF1;CCL11;PTAFR;LILRA1;PTGS2;LILRA2;TANK;LILRA3;RELB;HLA-DMA;NCR3LG1;STAT4;STX3;CD58;CCL19;CCL17;CD55;MICA;IL32;IL33;CCL22;IL37;CD70;IL10RB;CCL20;IL34;IL10RA;KIR3DL1;LILRB1;KIR3DL2;LILRB2;LILRB4;LILRB5;BATF;LRG1;CLCF1;SAA2;CD68;SIGLEC7;IL17C;CRLF1;IL18R1;CSF3;CSF3R;CSF1;NCF2;RORC;F13A1;RNF19B;IL1RAP;EPX;MPO;IL18RAP;PLAU;CLEC5A;TNFRSF8;IL13RA2;TNFRSF4;IL6R;IL13RA1;CD96;LAG3;IL4R;CD93;IL11RA;S100A1;CD300A;CD180;IRAG2;CYBB;LIFR;EDAR;CLEC4A;CLEC4C;TXLNA;TYROBP;CLEC4D;JAML;CD8A;FSCN1;ADAM8;PRTN3;CD300C;IL6ST;CLEC4E;S100A9;S100A8;CLEC4G;S100A7;CD274;KLRB1;C5AR1;DAPP1;TNFRSF11B;GPR84;TNFRSF11A;CSF2RA;RASGRP3;CNN2;ADGRG3;CLEC7A;TNFRSF17;TNFRSF14;IL36RN;PI3;NLRP1;KLRC1;MCL1;VCAM1;TNFRSF9;CRTAM;LY86;ISG15;ADA2;NFKB2;ISG20;CXCL10;RCAN1;SELL;IL7;CLEC6A;LCN2;KLRD1;IL7R;XAF1;NFKBIE;ULBP1;CIITA;ITGAM;EDA;CXCL8;TNFAIP6;CRISP3;ITGB2;TNFAIP3;ADAR;SLC2A3;CXCL1;PTPN23;TREM1;CXCL2;FCAR;TNFSF13B;OASL;PSTPIP1;CASP4;ITGAX;LBP;CR2;CR1;DTX3L;MMP1;TNFRSF18;MMP3;PLAUR;IRAK3;TNFRSF1B;MMP8;TAPBP;AIM2;OAS1;IRF4;OAS2;IRF1;IRF2;LTA;IRF8;CHI3L1;TNFRSF25;IRF5;IRF6;LTB;IRF9;BIRC3;C1S;CEBPD;CLEC12A;UNC93B1;FGL2;SAMHD1;USP18;IL1RL1;IL1RL2;PTPRZ1;IFI16;CCL4;CCL3;IL21R;CCL2;GBP2;GBP1;GBP4;KLRG1;ERAP2;MX2;ERAP1;FCGR2A;TRIM36;S100P;PTX3;MNDA;TRIM38;LTBR;FCGR2B;ASB2;CLEC2D,0.19094184251158003
2,1200,Cytokine Signaling In Immune System R-HSA-1280215,204/702,5.2760374526212715e-84,Immune System,Reactome_2022,1.7499295033569724e-86,0.0,0.0,7.527314075579426,1486.3640809788055,IFITM3;CNTFR;IFITM1;IL1RN;IFITM2;TNFRSF6B;IFIT5;IFI35;IFI30;IFIT1;IFIT3;ICAM1;IFIT2;IL27RA;HERC5;MT2A;IL36A;IL36B;TNFSF11;TRIM26;LGALS9;B2M;TRIM22;GBP6;GBP5;IL15RA;GBP7;RSAD2;IL1R1;IL1R2;HLA-B;HLA-C;HLA-A;HLA-F;HLA-G;HLA-E;SIGIRR;IFI27;TRIM14;EBI3;FPR1;IL20RA;IL20RB;GATA3;S100A12;HLA-DQA1;CCR1;TNFSF18;EGR1;TSLP;BCL11B;TNFSF14;TNFSF15;TNFSF12;TNFSF13;IL31RA;LIF;IL36G;IL1F10;IL22RA1;BST2;TNFSF4;TNFSF9;CD27;TNFSF8;CD40;IL20;TNFRSF13B;IL24;TNFRSF13C;EDA2R;IL18BP;TRIM5;CTSG;TIMP1;CCR5;HAVCR2;CCR2;DUSP4;IL11;SERPINB2;TNFRSF12A;IFNGR1;IL15;IFNGR2;IL18;IL16;OSMR;IL17RA;FCER2;ZEB1;PELI1;RNASEL;SP100;CCL11;CTF1;PTAFR;PTGS2;TANK;RELB;STAT4;CCL19;STX3;IL32;IL33;CCL22;CCL20;IL10RB;CD70;IL37;IL10RA;IL34;BATF;CLCF1;SAA2;IL17C;CRLF1;IL18R1;CSF3;CSF3R;CSF1;RORC;F13A1;IL1RAP;IL18RAP;TNFRSF8;IL13RA2;TNFRSF4;IL6R;IL13RA1;IL4R;IL11RA;LIFR;EDAR;TXLNA;FSCN1;PRTN3;IL6ST;S100A9;TNFRSF11B;TNFRSF11A;CSF2RA;CNN2;TNFRSF17;TNFRSF14;IL36RN;MCL1;VCAM1;TNFRSF9;ISG15;NFKB2;ISG20;CXCL10;IL7;LCN2;XAF1;IL7R;CIITA;ITGAM;CXCL8;EDA;ITGB2;ADAR;CXCL1;PTPN23;CXCL2;TNFSF13B;OASL;ITGAX;LBP;MMP1;TNFRSF18;MMP3;IRAK3;TNFRSF1B;OAS1;IRF4;OAS2;IRF1;IRF2;LTA;IRF8;TNFRSF25;IRF5;IRF6;LTB;IRF9;BIRC3;CEBPD;SAMHD1;USP18;IL1RL1;IL1RL2;PTPRZ1;CCL4;CCL3;IL21R;CCL2;GBP2;GBP1;GBP4;MX2;TRIM38;LTBR,0.2905982905982906
2,1200,Immunoregulatory Interactions Between A Lymphoid And A non-Lymphoid Cell R-HSA-198933,63/123,1.0177793343387471e-41,Immune System,Reactome_2022,5.063578777804713e-44,0.0,0.0,17.306068601583114,1725.2708902385953,IFITM1;CD40;SIGLEC9;ITGB2;ICAM2;ICAM3;ICAM4;ICAM5;TREM1;ICAM1;B2M;CD33;CD96;CD300A;HLA-B;HLA-C;HLA-A;HLA-F;HLA-G;HLA-E;NCR1;CD200R1;NCR3;TYROBP;JAML;CD8A;CD226;CD300C;HCST;CLEC4G;LILRA6;KLRB1;CD1E;CD1D;LILRA1;CD1C;LILRA2;LILRA3;C3;KLRK1;NCR3LG1;SLAMF7;SLAMF6;KLRC1;MICA;KLRG1;VCAM1;CRTAM;SH2D1A;SH2D1B;KIR3DL1;LILRB1;KIR3DL2;LILRB2;LILRB4;LILRB5;RAET1E;SELL;KLRD1;FCGR2B;ULBP1;CLEC2D;SIGLEC7,0.5121951219512195
2,1200,Signaling By Interleukins R-HSA-449147,115/453,1.6572914739472682e-39,Immune System,Reactome_2022,1.0993641618224e-41,0.0,0.0,5.789354566029504,546.0013053844433,CNTFR;CSF3;IL1RN;CSF3R;CSF1;RORC;F13A1;IL1RAP;ICAM1;IL27RA;IL36A;IL18RAP;IL36B;LGALS9;IL13RA2;IL6R;IL13RA1;IL15RA;IL4R;IL1R1;IL11RA;IL1R2;LIFR;SIGIRR;TXLNA;FSCN1;PRTN3;IL6ST;S100A9;EBI3;FPR1;IL20RA;IL20RB;GATA3;CSF2RA;CNN2;S100A12;IL36RN;MCL1;CCR1;VCAM1;TSLP;IL31RA;LIF;IL36G;NFKB2;IL1F10;IL22RA1;CXCL10;IL7;LCN2;IL7R;ITGAM;IL20;CXCL8;ITGB2;IL24;CXCL1;PTPN23;CXCL2;IL18BP;ITGAX;CTSG;TIMP1;LBP;CCR5;HAVCR2;CCR2;DUSP4;IL11;SERPINB2;IL15;MMP1;MMP3;IL18;IL16;IRAK3;TNFRSF1B;OSMR;IL17RA;FCER2;ZEB1;IRF4;PELI1;CCL11;CTF1;CEBPD;PTAFR;PTGS2;TANK;USP18;IL1RL1;IL1RL2;PTPRZ1;CCL4;STAT4;CCL3;IL21R;CCL2;CCL19;STX3;IL32;IL33;CCL22;CCL20;IL10RB;IL37;IL10RA;IL34;BATF;CLCF1;SAA2;IL17C;CRLF1;IL18R1,0.25386313465783666
2,1200,Chemokine Receptors Bind Chemokines R-HSA-380108,40/56,1.4172776118060011e-34,Signal Transduction,Reactome_2022,1.1751887328407968e-36,0.0,0.0,40.48275862068966,3349.2047933775298,CX3CR1;CXCL6;CCL13;CXCL9;CXCL8;CCL11;CXCR5;CXCL1;CXCR6;CXCL13;CXCL3;CXCL2;CX3CL1;CXCL5;CXCL16;CCL7;CXCR3;CCRL2;CCL4;CCR9;CCL3;CCL2;CCR7;CCL1;CCL19;CCR5;CCL17;CCL16;CCR2;CCR1;CCL22;CCL20;PPBP;CXCL10;CXCL11;CXCL12;ACKR4;XCL1;CCL28;CCL27,0.7142857142857143
2,1200,TNFs Bind Their Physiological Receptors R-HSA-5669034,26/29,4.0613324714188136e-27,Immune System,Reactome_2022,4.0411268372326506e-29,0.0,0.0,138.7626348665531,9072.085170071749,EDA;TNFRSF6B;TNFRSF13B;TNFRSF11B;EDA2R;TNFSF13B;TNFRSF17;TNFRSF8;TNFSF11;TNFRSF14;TNFRSF4;TNFSF18;TNFSF14;CD70;TNFSF15;TNFRSF18;TNFRSF9;TNFSF13;TNFRSF1B;EDAR;TNFSF4;LTA;CD27;TNFSF9;TNFRSF25;TNFSF8,0.896551724137931
2,1200,NF-kappa B signaling pathway,35/104,7.18356316090428e-16,Signal transduction,KEGG_2021_Human,1.1108602826140638e-17,0.0,0.0,8.155563848976799,318.3835225197286,CCL13;CD40;CXCL8;EDA;BCL2A1;TNFAIP3;CXCL1;TNFRSF11A;TNFRSF13C;CXCL3;PTGS2;CXCL2;EDA2R;ICAM1;TNFSF13B;RELB;PLAU;CCL4;TNFSF11;CD14;LBP;CCL19;VCAM1;GADD45B;TNFSF14;IL1R1;TRAF1;NFKB2;EDAR;CYLD;CXCL12;LTA;LTB;LTBR;BIRC3,0.33653846153846156
2,1200,Positive Regulation Of Interleukin-1 Production (GO:0032732),19/64,1.2039857576460522e-07,biological regulation,GO_Biological_Process_2023,3.470079345276838e-09,0.0,0.0,6.705146297864333,130.6101373179875,GBP5;EGR1;IL16;LILRA2;AIM2;TYROBP;IFI16;CLEC7A;CCL3;SAA1;MNDA;LGALS9;LCP1;TRIM16;CCL19;NLRP1;NAIP;TMEM106A;IL17A,0.296875
2,1200,Positive Regulation Of Natural Killer Cell Mediated Cytotoxicity (GO:0045954),10/21,2.945905439090799e-06,biological regulation,GO_Biological_Process_2023,1.1177459528108105e-07,0.0,0.0,14.353705118411002,229.75662205781452,NCR3;KLRK1;RAET1E;KLRC3;CRTAM;CD226;KLRD1;SLAMF6;HLA-F;HLA-E,0.47619047619047616
2,1200,Positive Regulation Of Natural Killer Cell Mediated Immunity (GO:0002717),12/24,1.0118102276565097e-07,biological regulation,GO_Biological_Process_2023,2.8423709423404323e-09,0.0,0.0,15.814814814814817,311.2138464676149,NCR3;KLRK1;RAET1E;KLRC3;CRTAM;SH2D1B;CD226;KLRD1;SLAMF6;HLA-F;HLA-G;HLA-E,0.5
2,1200,Cellular Response To Tumor Necrosis Factor (GO:0071356),40/119,6.79394797800833e-18,response to stimulus,GO_Biological_Process_2023,5.453004579211355e-20,0.0,0.0,8.171540811872545,362.4530653362304,CCL14;CCL13;CD40;CXCL8;CCL11;GATA3;TNFRSF11A;TANK;ZFP36L2;CX3CL1;TCL1A;ZFP36;CCL8;CCL7;CCL4;CCL3;TNFSF11;CCL2;CCL1;CCL19;CD58;CCL18;GBP2;CCL17;GBP1;CCL16;CCL15;GBP3;TNFSF18;CCL24;CCL23;CCL22;CCL20;TRAF1;TNFRSF1B;AIM2;CHI3L1;XCL1;BIRC3;CCL26,0.33613445378151263
2,1200,Response To Tumor Necrosis Factor (GO:0034612),38/108,8.981788758087938e-18,response to stimulus,GO_Biological_Process_2023,7.536707093616292e-20,0.0,0.0,8.750184411113842,385.2873893343464,CCL14;CCL13;CD40;CXCL8;CCL11;GATA3;TNFRSF11A;TANK;ZFP36L2;CX3CL1;CXCL16;TCL1A;ZFP36;CCL8;CCL7;UBD;CCL4;CCL3;CCL2;CCL1;CCL19;CD58;CCL18;GBP2;CCL17;GBP1;CCL16;CCL15;GBP3;CCL24;CCL23;CCL22;GCH1;CCL20;SELE;CHI3L1;XCL1;CCL26,0.35185185185185186
2,1200,Response To Interleukin-1 (GO:0070555),33/85,6.930850089954945e-17,response to stimulus,GO_Biological_Process_2023,6.068602778508527e-19,0.0,0.0,10.195175004943644,427.6466922187978,CCL14;CCL13;CD40;CXCL8;CCL11;TNFRSF11A;TANK;CX3CL1;CCL8;CCL7;CCL4;CCL3;CCL2;CCL1;LGALS9;CCL19;CCL18;GBP2;CCL17;GBP1;CCL16;CCL15;GBP3;CCL24;CCL23;CCL22;IL1R1;CCL20;IRAK3;SELE;CHI3L1;XCL1;CCL26,0.38823529411764707
2,1200,Regulation Of Type II Interferon Production (GO:0032649),33/87,1.5478114332081092e-16,biological regulation,GO_Biological_Process_2023,1.411721482313124e-18,0.0,0.0,9.816528610873084,403.4762280526184,CD274;EBI3;CLEC7A;PDE4B;CCR7;IL36RN;SLAMF6;LGALS9;CD14;CCR2;HAVCR2;CD276;SLAMF1;CR1;BTN3A1;IL1R1;SLC11A1;CRTAM;IL18;LAPTM5;ISG15;LILRB1;BTN3A2;HLA-A;INHBA;IRGM;LILRB4;CD2;TNFSF4;XCL1;CD226;CD244;IL18R1,0.3793103448275862
2,1200,CCR Chemokine Receptor Binding (GO:0048020),24/44,1.8195505118782063e-16,binding,GO_Molecular_Function_2023,2.0962563500901e-18,0.0,0.0,19.163265306122447,780.0671329641021,CCL14;CCL13;CCL24;CCL23;CCL11;CCL22;CCL20;CXCL13;CX3CL1;CCL8;CCL7;CCL4;CCRL2;CCL3;CCL2;XCL1;CCL19;CCL18;CCL17;CCL16;CCL27;CCL15;CCR2;CCL26,0.5454545454545454
2,1200,Tertiary Granule (GO:0070820),45/162,2.5382523638131536e-16,cellular anatomical structure,GO_Cellular_Component_2023,1.3289279391691904e-18,0.0,0.0,6.221445221445221,256.08811814578814,SERPINB10;SERPINB12;ITGAM;TNFAIP6;CLEC12A;CRISP3;ITGB2;PTAFR;FPR1;CXCL1;SLC2A3;GPR84;LILRA3;CTSS;FCAR;CNN2;LGALS3;PLAU;CLEC5A;ITGAX;CTSH;OLR1;CD58;PGLYRP1;B2M;CTSD;CAMP;CD33;CD55;CD53;CR1;CD93;CD300A;SLC11A1;CYBB;MCEMP1;PPBP;PRG3;LILRB2;LYZ;MMP8;CLEC4C;CLEC4D;LRG1;ADAM8,0.2777777777777778
2,1200,Response To Cytokine (GO:0034097),39/125,3.274625867333077e-16,response to stimulus,GO_Biological_Process_2023,3.1061755764560385e-18,0.0,0.0,7.309716964124752,294.67763911455563,IFITM3;CD274;NFAT5;CSF3;IFITM1;CD40;CIITA;SP100;IFITM2;ADAR;TNFRSF11A;CXCL16;RELB;LAMP3;UBD;KYNU;CCR7;LGALS9;TIMP1;IL6R;MCL1;GCH1;IL1R1;SLC11A1;MX2;LIFR;ISG15;IRAK3;OSMR;SELE;NFKB2;BST2;SELP;PLSCR1;SELL;CHI3L1;IL6ST;XAF1;SHFL,0.312
2,1200,Eosinophil Chemotaxis (GO:0048245),18/24,8.38748049963752e-16,cellular process,GO_Biological_Process_2023,8.56802094089203e-18,0.0,0.0,47.7005076142132,1874.5581550456616,CCL14;CCL13;CCL24;CCL23;CCL11;CCL22;CX3CL1;LGALS3;CCL8;CCL7;CCL4;CCL3;CCL2;XCL1;CCL18;CCL16;CCL15;CCL26,0.75
2,1200,Eosinophil Migration (GO:0072677),18/24,8.38748049963752e-16,cellular process,GO_Biological_Process_2023,8.56802094089203e-18,0.0,0.0,47.7005076142132,1874.5581550456616,CCL14;CCL13;CCL24;CCL23;CCL11;CCL22;CX3CL1;LGALS3;CCL8;CCL7;CCL4;CCL3;CCL2;XCL1;CCL18;CCL16;CCL15;CCL26,0.75
2,1200,Cellular Response To Lipopolysaccharide (GO:0071222),41/124,4.896069511486812e-18,cellular process,GO_Biological_Process_2023,3.7510930222992726e-20,0.0,0.0,7.977348565963595,356.8240458976317,CX3CR1;CD274;CXCL6;CXCL9;CXCL8;GFI1;TNFAIP3;CXCL1;CXCL13;CXCL3;CXCL2;CXCL5;ZFP36;IL36A;IL36B;PDE4B;CCL3;CCL2;IL36RN;CTSG;CD14;CCR5;GBP2;GBP3;IL37;CD180;IL18;IL36G;LILRB1;PPBP;LILRB2;TNFRSF1B;IRGM;IL1F10;CXCL10;CXCL11;TNIP1;TNFSF4;TNIP3;CARD16;CD68,0.33064516129032256
2,1200,Cellular Response To Interleukin-1 (GO:0071347),31/81,1.086526683571293e-15,response to stimulus,GO_Biological_Process_2023,1.1495539519725462e-17,0.0,0.0,9.944396920444824,387.87695146386665,CCL14;CCL13;CD40;CXCL8;CCL11;IL1RAP;TANK;CX3CL1;CCL8;CCL7;CCL4;CCL3;CCL2;CCL1;CCL19;CCL18;GBP2;CCL17;GBP1;CCL16;CCL15;GBP3;CCL24;EGR1;CCL23;CCL22;IL1R1;CCL20;IRAK3;XCL1;CCL26,0.38271604938271603
2,1200,Positive Regulation Of Defense Response (GO:0031349),37/124,1.0408167370214744e-14,biological regulation,GO_Biological_Process_2023,1.1771367693420544e-16,0.0,0.0,6.842994238048646,250.98923450968536,PTGER4;GRN;IFI35;CD1D;PLA2G7;CX3CL1;LGALS2;LGALS1;CASP4;NFKBIZ;CCL3;S100A12;CCL1;NLRP1;CCR2;GBP5;IL33;TSLP;IL15;SH2D1B;IL18;ACOD1;NKG7;IL16;IRGM;IL17RA;PLSCR1;AIM2;TNIP1;TNFSF4;NINJ1;ADAM8;LCP1;S100A9;NAIP;S100A8;TLR2,0.29838709677419356
2,1200,Antimicrobial Humoral Response (GO:0019730),33/100,1.58712885151912e-14,immune system process,GO_Biological_Process_2023,1.8529048977968563e-16,0.0,0.0,7.906342324367878,286.40414244261217,CXCL6;IGHM;WFDC9;CCL13;CXCL9;CXCL8;CXCL1;CXCL13;CXCL3;CXCL2;CXCL5;JCHAIN;GNLY;S100A12;IL36RN;CTSG;PI3;PGLYRP1;CAMP;TSLP;SLC11A1;RNASE6;HLA-A;RNASE3;PPBP;LYZ;HLA-E;CXCL10;CXCL11;SLPI;PRTN3;S100A9;S100A7,0.33
2,1200,Negative Regulation Of Viral Process (GO:0048525),26/61,1.73883754213771e-14,biological regulation,GO_Biological_Process_2023,2.093456362296404e-16,0.0,0.0,11.873691895838403,428.6704962946195,IFITM3;IFITM1;RNASEL;IFITM2;IFIT5;ZC3HAV1;IFIT1;OASL;TRIM6;ZFP36;IFI16;HEXIM1;APOBEC3F;RSAD2;APOBEC3G;ISG15;BST2;ISG20;PLSCR1;ZNFX1;OAS1;SLPI;TNIP1;OAS2;TRIM14;SHFL,0.4262295081967213
2,1200,Negative Regulation Of Cytokine Production (GO:0001818),44/178,3.10988508796113e-14,biological regulation,GO_Biological_Process_2023,3.857573622425334e-16,0.0,0.0,5.302019315188762,188.17568058350767,PTGER4;CD274;CD84;TNFAIP3;CX3CL1;ZFP36;GPNMB;TBX21;DHX58;HOMER3;IL36RN;CCR7;LGALS9;VSIG4;TIGIT;GBP1;CD33;SLAMF1;HAVCR2;SRGN;GBP7;CR1;IL37;SLC11A1;LAPTM5;ACOD1;IRAK3;LILRB1;INHBA;MMP8;IRGM;LILRB4;CLEC4A;SIGIRR;CYLD;CD200R1;RNF125;TYROBP;ELF4;TNFSF4;BCL3;XCL1;XAF1;FCGR2B,0.24719101123595505
2,1200,Cellular Defense Response (GO:0006968),23/48,3.6696416842388594e-14,response to stimulus,GO_Biological_Process_2023,4.68578836002773e-16,0.0,0.0,14.675446049277824,517.996684944844,CX3CR1;LGALS3BP;CXCL9;FCMR;NCF2;KLRC3;C5AR1;CD5L;PRF1;LSP1;KIR3DL2;LILRB2;HLA-G;NCR1;IL1RL2;TYROBP;GNLY;CLEC5A;MNDA;CD300C;CCR5;CCR2;KLRG1,0.4791666666666667
2,1200,Cytokine Receptor Binding (GO:0005126),32/100,1.0500000015098585e-13,binding,GO_Molecular_Function_2023,1.4516129053131681e-15,0.0,0.0,7.547139403706688,257.856327944629,CSF3;IL1RN;IL20;CSF1;CSH2;IL1RAP;IL36A;IL36B;CCRL2;TNFSF11;IL36RN;CCL19;IL6R;TNFSF18;IL11;TSLP;IL37;IL34;ERAP1;LIF;IL18;LIFR;CSHL1;OSMR;INHBC;CXCL12;TNFSF4;CLCF1;TNFSF9;XCL1;IL6ST;CRLF1,0.32
2,1200,Positive Regulation Of Leukocyte Mediated Cytotoxicity (GO:0001912),23/51,1.905714139102118e-13,biological regulation,GO_Biological_Process_2023,2.502944509583227e-15,0.0,0.0,13.100983129020513,440.4721961188827,ITGAM;KLRC3;CRTAM;HLA-B;HLA-C;CD1E;HLA-A;CD1D;HLA-F;CD1C;HLA-G;HLA-E;NCR3;TYROBP;KLRK1;RAET1E;XCL1;CD226;SLAMF6;KLRD1;ULBP2;ULBP1;MICA,0.45098039215686275
2,1200,Defense Response To Bacterium (GO:0042742),46/204,2.6159010623097304e-13,biological process involved in interspecies interaction between organisms,GO_Biological_Process_2023,3.5311324080795337e-15,0.0,0.0,4.703134940657701,156.50696348051818,IGHM;WFDC9;CXCL13;EPX;MPO;JCHAIN;GNLY;STAB1;CASP4;SLAMF8;S100A12;CTSG;TNFRSF14;NLRP1;PI3;PGLYRP1;GBP2;IL6R;GBP1;CAMP;MICA;GBP4;GBP3;GBP6;GBP7;SLC11A1;RNASE6;IL18;ISG15;HLA-A;RNASE3;LYZ;RNASE1;IRGM;MPEG1;HLA-E;SELP;ZNFX1;SLPI;OAS1;OAS2;LCN2;S100A9;NAIP;S100A8;TLR2,0.22549019607843138
2,1200,Negative Regulation Of Viral Genome Replication (GO:0045071),23/53,5.09286669286591e-13,biological regulation,GO_Biological_Process_2023,7.060522959828695e-15,0.0,0.0,12.226281506655338,398.3843020990954,IFITM3;IFITM1;RNASEL;IFITM2;APOBEC3F;RSAD2;APOBEC3G;IFIT5;ISG15;ZC3HAV1;IFIT1;OASL;BST2;ISG20;TRIM6;PLSCR1;ZNFX1;OAS1;SLPI;IFI16;TNIP1;OAS2;SHFL,0.4339622641509434
2,1200,Positive Regulation Of Inflammatory Response (GO:0050729),34/104,8.20150808222112e-15,biological regulation,GO_Biological_Process_2023,8.976477288093163e-17,0.0,0.0,7.802254349424161,288.28814138708697,PTGER4;GRN;IFI35;PLA2G7;CX3CL1;LGALS2;LGALS1;CASP4;NFKBIZ;CCL3;S100A12;CCL1;NLRP1;CCR2;IL33;TSLP;IL15;IL18;NKG7;IL16;MMP8;OSMR;IL17RA;AIM2;TNIP1;TNFSF4;NINJ1;ADAM8;LCP1;IL6ST;S100A9;NAIP;S100A8;TLR2,0.3269230769230769
2,1200,Defense Response To Virus (GO:0051607),51/189,3.693289995443979e-18,biological process involved in interspecies interaction between organisms,GO_Biological_Process_2023,2.6948485920787882e-20,0.0,0.0,6.002459605706285,270.4729897470551,IFITM3;RTP4;IFITM1;CD40;IFITM2;IFIT5;PRF1;DDX60L;IFIT1;IFI44L;IFIT3;IFIT2;OASL;TRIM6;TRIM5;DHX58;TRIM26;GBP5;GBP7;RSAD2;RNASE6;ACOD1;RNASE1;PLSCR1;AIM2;IFI27;OAS1;OAS2;IRF1;IFIT1B;IRF2;TLR2;RNASEL;DDX60;SAMHD1;TANK;USP18;IFI16;NLRP1;GBP2;MICA;APOBEC3F;APOBEC3G;MX2;ISG15;LILRB1;BST2;ISG20;CXCL10;ZNFX1;SHFL,0.2698412698412698
2,1200,Positive Regulation Of Response To External Stimulus (GO:0032103),47/155,5.879928875607613e-19,biological regulation,GO_Biological_Process_2023,4.0758354117674065e-21,0.0,0.0,7.055057659567634,331.22939221541554,PTGER4;GRN;PLAT;IFI35;CD1D;PLA2G7;AIF1;CX3CL1;THBD;LGALS2;LGALS1;PLAU;CASP4;NFKBIZ;CCL3;S100A12;CCL1;NLRP1;CCL19;STX3;CCR2;GBP5;IL33;TSLP;IL15;CD180;LY86;SH2D1B;IL18;ACOD1;NKG7;IL16;IRGM;SCIMP;IL17RA;PLSCR1;AIM2;TNIP1;TNFSF4;NINJ1;ADAM8;LCP1;S100A9;NAIP;S100A8;TLR2;CCL26,0.3032258064516129
2,1200,Defense Response To Symbiont (GO:0140546),46/148,5.255332805228854e-19,biological process involved in interspecies interaction between organisms,GO_Biological_Process_2023,3.451148868811359e-21,0.0,0.0,7.30713290515513,344.27980329607715,IFITM3;RTP4;IFITM1;CD40;RNASEL;IFITM2;IFIT5;PRF1;DDX60L;IFIT1;DDX60;SAMHD1;TANK;IFI44L;IFIT3;IFIT2;OASL;IFI16;TRIM5;NLRP1;GBP2;MICA;GBP5;GBP7;APOBEC3F;RSAD2;APOBEC3G;MX2;RNASE6;ACOD1;ISG15;LILRB1;RNASE1;BST2;ISG20;PLSCR1;AIM2;ZNFX1;IFI27;OAS1;OAS2;IRF1;IFIT1B;IRF2;SHFL;TLR2,0.3108108108108108
2,1200,Cytokine-Mediated Signaling Pathway (GO:0019221),95/257,1.1132170675902266e-46,cellular process,GO_Biological_Process_2023,4.061353767202578e-50,0.0,0.0,9.891123400927322,1124.895093549295,CNTFR;CXCL6;CSF3;CXCL9;CSF3R;CXCL8;CXCL1;IL1RAP;CXCL13;CXCL3;CXCL2;CX3CL1;CXCL5;IL27RA;OASL;IL36A;IL18RAP;IL36B;TNFSF11;CTSG;IL13RA2;IL6R;CCR2;IL13RA1;IL15RA;IL11;EDN2;IL4R;IL1R1;IL15;IL11RA;IL18;LIFR;IRAK3;TRAF1;OSMR;TNFRSF1B;IL17RA;AIM2;OAS1;OAS2;XCL1;IRF5;IL6ST;BIRC3;CCL14;CCL13;CCL11;EBI3;LILRA1;TNFRSF11A;LILRA2;LILRA3;CSF2RA;IL1RL1;CCL8;CCL7;CCL4;STAT4;CCL3;IL21R;CCL2;CCL1;CCL19;CCL18;CCL17;CCL16;CCL15;CCR1;TNFSF18;EGR1;CCL24;IL33;CCL23;CCL22;CCL20;IL37;IL34;IL31RA;IL36G;LILRB1;PPBP;LILRB2;LILRB4;IL1F10;CXCL10;CXCL11;CXCL12;IL7;CLCF1;IL7R;CRLF1;IL18R1;CCL26;IL17A,0.36964980544747084
2,1200,Cellular Response To Cytokine Stimulus (GO:0071345),94/308,2.855925245068832e-38,response to stimulus,GO_Biological_Process_2023,2.0838564356576663e-41,0.0,0.0,7.381504453194977,691.4385769124921,CD40;CSF3;IFITM2;CSF3R;CXCL8;IFIT1;CX3CL1;IL27RA;MT2A;TCL1A;TRIM6;ZFP36;IL36A;IL36B;TNFSF11;CCR7;CTSG;LGALS9;IL13RA2;IL6R;CCR2;IL13RA1;GBP6;GBP5;EDN2;IL4R;DUSP1;IL11RA;LIFR;IRAK3;OSMR;AIM2;OAS1;IRF1;CHI3L1;IRF8;XCL1;IRF5;IL6ST;TLR2;CCL14;CCL13;NFAT5;CCL11;SELPLG;EBI3;GATA3;LILRA1;LILRA2;AIF1;LILRA3;TANK;CSF2RA;ZFP36L2;CCL8;CCL7;IFI16;CCL4;STAT4;CCL3;IL21R;CCL2;CCL1;CCL19;CD58;CCL18;GBP2;CCL17;GBP1;CCL16;GBP4;CCL15;GBP3;CCR1;EGR1;CCL24;CCL23;CCL22;CCL20;IL37;IL31RA;IL36G;LILRB1;LILRB2;LILRB4;IRGM;IL1F10;CXCL12;IL7;CLCF1;MNDA;IL7R;CRLF1;CCL26,0.3051948051948052
2,1200,Inflammatory Response (GO:0006954),80/236,3.9671146956555976e-36,response to stimulus,GO_Biological_Process_2023,4.3419715749605224e-39,0.0,0.0,8.536630036630036,754.0617882139022,SERPINA3;CXCL6;CD40;CIITA;CXCL9;CXCL8;TNFAIP6;GPR68;ITGB2;LY75;CXCL1;CXCL13;CXCL3;CXCL2;CX3CL1;CXCL5;CCRL2;C3AR1;OLR1;CCR7;LGALS9;CCR5;TNFRSF4;CCR2;CD96;SLC11A1;NFAM1;IL18;CYBB;NCR3;CARD18;CHI3L1;XCL1;ADAM8;S100A9;NAIP;S100A8;TLR2;CCL14;PTGER4;CCL13;CCL11;C5AR1;FPR1;GATA3;AIF1;RELB;IL1RL1;CCL8;CCL7;CCL4;CCL3;CCL2;CCL1;CD14;CCL19;CCL18;CCL17;CCL16;APOL2;CCL15;KLRG1;CCR1;CCL24;CCL23;CCL22;VCAM1;CCL20;IL10RB;PPBP;LYZ;SELE;NFKB2;CXCL10;MFHAS1;CXCL11;TNFSF4;IL17D;FCGR2B;CCL26,0.3389830508474576
2,1200,Chemokine Receptor Binding (GO:0042379),37/50,2.6248052937619837e-32,binding,GO_Molecular_Function_2023,6.047938464889364e-35,0.0,0.0,45.976519611085386,3622.5249586531854,CCL14;CX3CR1;CXCL6;CCL13;CXCL9;CXCL8;CCL11;CXCL1;CXCL13;CXCL3;CXCL2;CX3CL1;CXCL5;CXCL16;CCL8;CCL7;CCRL2;CCL4;CCL3;CCL2;CCL1;CCL19;CCL18;CCL17;CCL16;CCL15;CCL24;CCL23;CCL22;CCL20;PPBP;CXCL10;CXCL11;CXCL12;XCL1;CCL27;CCL26,0.74
2,1200,Neutrophil Chemotaxis (GO:0030593),43/70,3.631976477825284e-32,cellular process,GO_Biological_Process_2023,5.300221054834415e-35,0.0,0.0,25.840743941867537,2039.422050059424,CCL14;CXCL6;CCL13;CXCL9;CXCL8;CCL11;ITGB2;CXCL1;CXCL13;CXCL3;CXCL2;TREM1;CX3CL1;CXCL5;LGALS3;CCL8;CCL7;CCL4;PDE4B;CCL3;CCL2;S100A12;CCL1;CCL19;CCL18;CCL17;CCL16;CCL15;CCL24;EDN1;CCL23;EDN2;CCL22;CCL20;PPBP;CXCL10;CXCL11;JAML;SAA1;XCL1;S100A9;S100A8;CCL26,0.6142857142857143
2,1200,Chemokine Activity (GO:0008009),35/46,1.630087025216914e-31,binding,GO_Molecular_Function_2023,7.511921775193152e-34,0.0,0.0,51.31603589543504,3913.945994270656,CCL14;CCL13;CXCL6;CXCL9;CCL11;CXCL8;CXCL1;CXCL13;CXCL3;CXCL2;CX3CL1;CXCL5;CXCL16;CCL8;CCL7;CCL4;CCL3;CCL2;CCL1;CCL19;CCL18;CCL17;CCL16;CCL15;CCL24;CCL23;CCL22;CCL20;PPBP;CXCL10;CXCL11;CXCL12;XCL1;CCL27;CCL26,0.7608695652173914
2,1200,Granulocyte Chemotaxis (GO:0071621),43/73,3.4190615288714636e-31,cellular process,GO_Biological_Process_2023,6.816861252385699e-34,0.0,0.0,23.25295303946989,1775.7930052072525,CCL14;CXCL6;CCL13;CXCL9;CXCL8;CCL11;ITGB2;CXCL1;CXCL13;CXCL3;CXCL2;TREM1;CX3CL1;CXCL5;LGALS3;CCL8;CCL7;CCL4;PDE4B;CCL3;CCL2;S100A12;CCL1;CCL19;CCL18;CCL17;CCL16;CCL15;CCL24;EDN1;CCL23;EDN2;CCL22;CCL20;PPBP;CXCL10;CXCL11;JAML;SAA1;XCL1;S100A9;S100A8;CCL26,0.589041095890411
2,1200,Neutrophil Migration (GO:1990266),44/77,3.4190615288714636e-31,cellular process,GO_Biological_Process_2023,7.484264565205685e-34,0.0,0.0,21.645905420991927,1651.043392846029,CCL14;CXCL6;CCL13;CXCL9;CXCL8;CCL11;ITGB2;CXCL1;CXCL13;CXCL3;CXCL2;TREM1;CX3CL1;CXCL5;LGALS3;CCL8;CCL7;CCL4;PDE4B;CCL3;CCL2;S100A12;CCL1;CCL19;CCL18;CCL17;CCL16;CCL15;CCL24;EDN1;CCL23;EDN2;CCL22;CCL20;PPBP;CXCL10;CXCL11;JAML;SAA1;XCL1;PRTN3;S100A9;S100A8;CCL26,0.5714285714285714
2,1200,Response To Type II Interferon (GO:0034341),44/80,2.8312426745648752e-30,response to stimulus,GO_Biological_Process_2023,7.230462868279506e-33,0.0,0.0,19.838908112264512,1468.2181721400798,IFITM3;CCL14;CCL13;CD40;CIITA;IFITM1;SP100;IFITM2;CCL11;AIF1;CX3CL1;CXCL16;CCL8;CCL7;KYNU;UBD;CCL4;CCL3;CCL2;CCL1;LGALS9;CCL19;CD58;CCL18;GBP2;CCL17;GBP1;CCL16;GBP4;CCL15;GBP6;GBP5;CCL24;CCL23;CCL22;GCH1;CCL20;SLC11A1;BST2;IRF8;XCL1;SHFL;TLR2;CCL26,0.55
2,1200,Cytokine Activity (GO:0005125),63/178,4.426207811221741e-30,binding,GO_Molecular_Function_2023,3.0595906529182545e-32,0.0,0.0,9.00275324079385,653.2797639626114,CXCL6;CSF3;CXCL9;CXCL8;CSF1;CXCL1;CXCL13;CXCL3;CXCL2;CX3CL1;CXCL5;CXCL16;IL36A;IL36B;TNFSF11;TIMP1;IL11;EDN1;IL15;IL18;IL16;XCL1;CCL14;CCL13;CCL11;CCL8;CCL7;CCL4;CCL3;CCL2;CCL1;CCL19;CCL18;CCL17;CCL16;CCL15;CCL24;IL33;CCL23;CCL22;TSLP;CCL20;CD70;IL37;IL34;LIF;IL36G;INHBA;PPBP;INHBC;IL1F10;INHBE;BMP3;CXCL10;CXCL11;CXCL12;IL7;CLCF1;IL17D;CCL27;CRLF1;CCL26;IL17A,0.3539325842696629
2,1200,Positive Regulation Of Cytokine Production (GO:0001819),81/320,6.504139713503819e-27,biological regulation,GO_Biological_Process_2023,1.8983260747183723e-29,0.0,0.0,5.621580086822888,371.7775505474011,CD40;TRAF3IP3;CXCL17;TRIM6;DHX58;PDE4B;CCR7;LGALS9;IL6R;CCR2;HAVCR2;CCBE1;GBP5;BTN3A1;IL1R1;IL15;SLC11A1;NFAM1;IL18;IL16;HLA-A;BTN3A2;MMP8;HLA-G;HLA-E;IL17RA;TYROBP;IRF4;IRF1;CHI3L1;XCL1;CD226;IRF5;LCP1;LTB;IL6ST;TMEM106A;TLR2;PTGER4;CD274;EBI3;GATA3;LILRA2;PTGS2;LY9;AIF1;TANK;C3;IFI16;CLEC7A;SLAMF6;TNFRSF14;CCL1;CD14;CCL19;CD58;TIGIT;SLAMF1;CD276;EGR1;IL33;TSLP;CRTAM;LAPTM5;LILRB1;ISG15;PRG3;LILRB2;POU2F2;SCIMP;BATF;CD2;IL7;TNFSF4;CLEC6A;POU2AF1;SAA1;IL17D;IL18R1;CD244;IL17A,0.253125
2,1200,Cellular Response To Chemokine (GO:1990869),36/59,7.164988952498379e-27,response to stimulus,GO_Biological_Process_2023,2.3526049096127478e-29,0.0,0.0,25.24921559838637,1664.4142665688885,CCL14;CXCL6;CCL13;CXCL9;CXCL8;CCL11;CXCL1;CXCL13;CXCL3;CXCL2;CX3CL1;CXCL5;CCL8;CCL7;CCL4;CCL3;CCL2;CCL1;CCL19;CCL18;CCL17;CCL16;CCR2;CCL15;CCR1;CCL24;CCL23;CCL22;DUSP1;CCL20;PPBP;CXCL10;CXCL11;CXCL12;XCL1;CCL26,0.6101694915254238
2,1200,Chemokine-Mediated Signaling Pathway (GO:0070098),35/57,2.8349923750028404e-26,cellular process,GO_Biological_Process_2023,1.0342912714348195e-28,0.0,0.0,25.64299648849005,1652.4004904118683,CCL14;CXCL6;CCL13;CXCL9;CXCL8;CCL11;CXCL1;CXCL13;CXCL3;CXCL2;CX3CL1;CXCL5;CCL8;CCL7;CCL4;CCL3;CCL2;CCL1;CCL19;CCL18;CCL17;CCL16;CCR2;CCL15;CCR1;CCL24;CCL23;CCL22;CCL20;PPBP;CXCL10;CXCL11;CXCL12;XCL1;CCL26,0.6140350877192983
2,1200,Response To Lipopolysaccharide (GO:0032496),54/159,2.1956969064741934e-24,response to stimulus,GO_Biological_Process_2023,8.811625673555683e-27,0.0,0.0,8.389678384442782,503.3280625494622,CXCL6;CXCL9;CXCL8;GFI1;TNFAIP3;CXCL1;CXCL13;CXCL3;CXCL2;CXCL5;ZFP36;TRIM6;IL36A;IL36B;PDE4B;CTSG;LGALS9;CCR5;SLC11A1;CD180;IRAK3;TNFRSF1B;SLPI;PELI1;CARD16;TRIB1;S100A9;S100A8;S100A7;CX3CR1;CD274;TNFRSF11A;NOCT;CCL2;IL36RN;CD14;GBP2;GBP3;GCH1;IL37;IL36G;LILRB1;PPBP;LILRB2;SELE;IRGM;IL1F10;SELP;CXCL10;CXCL11;TNIP1;TNFSF4;TNIP3;CD68,0.33962264150943394
2,1200,Cellular Response To Type II Interferon (GO:0071346),35/66,2.5653079150011067e-23,response to stimulus,GO_Biological_Process_2023,1.1230826333459788e-25,0.0,0.0,18.189533434860863,1044.9623222666305,CCL14;CCL13;SP100;CCL11;AIF1;CX3CL1;CCL8;CCL7;CCL4;CCL3;CCL2;CCL1;LGALS9;CCL19;CD58;CCL18;GBP2;CCL17;GBP1;CCL16;GBP4;CCL15;GBP6;GBP5;CCL24;CCL23;CCL22;IFNGR1;CCL20;IFNGR2;IRF1;IRF8;XCL1;TLR2;CCL26,0.5303030303030303
2,1200,Positive Regulation Of T Cell Activation (GO:0050870),25/107,1.118835632002311e-07,biological regulation,GO_Biological_Process_2023,3.183844556591764e-09,0.0,0.0,4.856772184743124,95.02360448210838,CD274;CD1D;GATA3;TNFRSF13C;AIF1;HLA-DMA;IL36B;TNFSF11;CCL2;CCR7;LGALS9;CCL19;B2M;HLA-DQA1;CD276;CCR2;VCAM1;IL15;CD70;RHOH;HLA-A;LILRB2;CD209;IL7;IL6ST,0.2336448598130841
2,1200,Regulation Of Inflammatory Response (GO:0050727),61/240,2.9569266630744265e-20,biological regulation,GO_Biological_Process_2023,1.5102872412638442e-22,0.0,0.0,5.571294039169908,279.92728552680114,IL20;TNFAIP6;CXCL17;TNFAIP3;IFI35;AHR;CX3CL1;LGALS2;LGALS1;CASP4;NFKBIZ;CCR2;IL1R1;IL15;MMP3;IL18;ACOD1;IL16;MMP8;TNFRSF1B;IL17RA;ACE2;CD200R1;AIM2;ELF4;NINJ1;XCL1;CARD16;LCP1;S100A9;NAIP;S100A8;TLR2;BIRC3;PTGER4;GRN;SEMA7A;GATA3;AOAH;PTGS2;PLA2G7;USP18;IL1RL2;CCL3;S100A12;CCL1;NLRP1;IL33;TSLP;IL37;IL10RA;NKG7;SELE;IRGM;IL22RA1;NLRP14;CYLD;MFHAS1;TNIP1;TNFSF4;SAA1,0.25416666666666665
2,1200,Lymphocyte Chemotaxis (GO:0048247),27/44,3.607984750465508e-20,cellular process,GO_Biological_Process_2023,1.9744535299884209e-22,0.0,0.0,25.43207462012938,1271.0081214698148,CCL14;CCL13;CCL11;CXCL13;CX3CL1;CXCL16;CCL8;CCL7;CCL4;CCL3;CCL2;CCL1;CCL19;CCL18;CCL17;CCL16;CCL15;CCL24;CCL23;CCL22;CCL20;CXCL10;CXCL11;GPR183;SAA1;XCL1;CCL26,0.6136363636363636
2,1200,Lymphocyte Migration (GO:0072676),26/41,5.627691022899864e-20,cellular process,GO_Biological_Process_2023,3.490359262652232e-22,0.0,0.0,27.73480976717774,1370.2900678201845,CCL14;CCL13;CCL11;GATA3;CX3CL1;CCL8;CCL7;TBX21;CCL4;CCL3;CCL2;CCL1;CCL19;CCL18;CCL17;CCL16;CCL15;CCL24;CCL23;CCL22;CCL20;CRTAM;SAA1;XCL1;CCL26;MYO1G,0.6341463414634146
2,1200,Cellular Response To Molecule Of Bacterial Origin (GO:0071219),42/117,5.627691022899864e-20,cellular process,GO_Biological_Process_2023,3.4709694807377244e-22,0.0,0.0,9.055267702936098,447.4428548653865,CX3CR1;CD274;CXCL6;CXCL9;CXCL8;GFI1;TNFAIP3;CXCL1;AHR;CXCL13;CXCL3;CXCL2;CXCL5;ZFP36;IL36A;IL36B;PDE4B;CCL2;IL36RN;CTSG;CD14;CCR5;GBP2;GBP3;IL37;CD180;IL36G;LILRB1;PPBP;LILRB2;TNFRSF1B;IRGM;IL1F10;CXCL10;CXCL11;TNIP1;TNFSF4;TNIP3;CARD16;CD68;FCGR2B;TLR2,0.358974358974359
2,1200,Cytokine Receptor Activity (GO:0004896),34/76,7.792205272138045e-20,molecular transducer activity,GO_Molecular_Function_2023,7.181756011187138e-22,0.0,0.0,13.023196928857306,634.0386156906653,CX3CR1;CNTFR;CSF3R;EBI3;IL1RAP;CSF2RA;IL1RL1;IL1RL2;IL18RAP;CXCR3;IL21R;CCR5;IL13RA2;IL6R;CCR2;IL13RA1;CCR1;IL15RA;IL4R;IL11RA;IL1R1;IL10RB;IL1R2;IL10RA;IL31RA;LIFR;OSMR;IL17RA;IL22RA1;ACKR4;IL6ST;IL7R;CRLF1;IL18R1,0.4473684210526316
2,1200,Secretory Granule Membrane (GO:0030667),54/279,1.3449575219959928e-12,cellular anatomical structure,GO_Cellular_Component_2023,1.4083324837654375e-14,0.0,0.0,3.8900523560209423,124.06849322111684,PIGR;SIGLEC9;ITGAM;ITGB2;SLC2A3;FCAR;LGALS3;GLIPR1;FCGR3B;PLAU;ANPEP;CLEC5A;C3AR1;ITGAX;OLR1;CD33;CD53;CR1;CD93;CD300A;SLC11A1;NFAM1;HLA-B;PLAUR;HLA-C;CYBB;IRAG2;MCEMP1;TNFRSF1B;CEACAM3;CLEC4C;CLEC4D;TYROBP;ADAM8;TLR2;SERPINB10;SERPINB12;CLEC12A;PTAFR;C5AR1;FPR1;GPR84;LILRA3;ADGRG3;CD14;CD58;CD55;LILRB2;LILRB3;BST2;SELP;FCGR2A;SELL;CD68,0.1935483870967742
2,1200,Receptor Ligand Activity (GO:0048018),58/319,1.6194833199495369e-12,binding,GO_Molecular_Function_2023,2.612069870886349e-14,0.0,0.0,3.607511188947266,112.8286943358658,CSF3;CXCL9;EDA;CSF1;CXCL1;CXCL13;CX3CL1;TNFSF13B;NPPB;LGALS3;IL36A;IL36B;TNFSF11;CTSG;TIMP1;PGLYRP1;IL11;SEMA6C;EDN1;EDN2;IL15;IL18;IL16;GRN;SEMA7A;CCL11;CSH2;SEMA3D;GPNMB;CCL4;CCL3;CCL16;CCL15;CCL24;IL33;SEMA4A;TSLP;CD70;IL37;TNFSF12;IL34;TNFSF13;SEMA4C;LIF;IL36G;CSHL1;INHBA;INHBC;IL1F10;INHBE;BMP3;CXCL10;IL7;CLCF1;IL17D;CRLF1;CCL26;IL17A,0.18181818181818182
2,1200,Monocyte Chemotaxis (GO:0002548),27/42,6.7241106785856784e-21,cellular process,GO_Biological_Process_2023,3.189107581963292e-23,0.0,0.0,28.82608695652174,1493.183118202522,CCL14;CCL13;CCL11;TNFRSF11A;CX3CL1;LGALS3;CCL8;CCL7;CCL4;CCL3;CCL2;S100A12;TNFSF11;CCL1;CTSG;CCL19;CCL18;CCL17;IL6R;CCL16;CCL15;CCL24;CCL23;CCL22;CCL20;XCL1;CCL26,0.6428571428571429
2,1200,Regulation Of Tumor Necrosis Factor Production (GO:0032680),34/127,4.8682630335560136e-12,biological regulation,GO_Biological_Process_2023,7.104360501358649e-14,0.0,0.0,5.865453069957026,177.5794220747448,CX3CR1;CD84;TNFAIP3;LILRA2;CX3CL1;ZFP36;CLEC7A;CCL3;TNFRSF8;LGALS9;CD14;CCL19;CD33;SLAMF1;CCR2;HAVCR2;IL33;IFNGR1;IL37;IRAK3;LILRB1;MMP8;LILRB4;HLA-E;CLEC4A;CD2;TYROBP;OAS1;ELF4;OAS2;LCP1;TMEM106A;TLR2;IL17A,0.2677165354330709
2,1200,Antigen Processing And Presentation Of Peptide Antigen Via MHC Class Ib (GO:0002428),10/13,6.561746383085012e-09,immune system process,GO_Biological_Process_2023,1.4124153104779848e-10,0.0,0.0,52.65266106442577,1194.1912963660786,RAET1E;HLA-B;HLA-C;HLA-A;HLA-F;ULBP2;HLA-G;ULBP1;MICA;HLA-E,0.7692307692307693
2,1200,Antigen Processing And Presentation Of Endogenous Peptide Antigen Via MHC Class Ib (GO:0002476),10/13,6.561746383085012e-09,immune system process,GO_Biological_Process_2023,1.4124153104779848e-10,0.0,0.0,52.65266106442577,1194.1912963660786,RAET1E;HLA-B;HLA-C;HLA-A;HLA-F;ULBP2;HLA-G;ULBP1;MICA;HLA-E,0.7692307692307693
2,1200,Antigen Processing And Presentation Of Endogenous Peptide Antigen Via MHC Class I Via ER Pathway (GO:0002484),10/13,6.561746383085012e-09,immune system process,GO_Biological_Process_2023,1.4124153104779848e-10,0.0,0.0,52.65266106442577,1194.1912963660786,RAET1E;HLA-B;HLA-C;HLA-A;HLA-F;ULBP2;HLA-G;ULBP1;MICA;HLA-E,0.7692307692307693
2,1200,T Cell Mediated Immunity (GO:0002456),12/20,7.574853858927968e-09,response to stimulus,GO_Biological_Process_2023,1.6581219683899238e-10,0.0,0.0,23.727272727272727,534.3421042298351,CR2;CR1;CD70;CD8A;CRTAM;PRF1;CTSH;BTN3A3;BTN3A2;HLA-A;MICA;MYO1G,0.6
2,1200,Response To Interferon-Beta (GO:0035456),14/29,1.0828217828646232e-08,response to stimulus,GO_Biological_Process_2023,2.4097821508479386e-10,0.0,0.0,14.783024170882518,327.3895037374696,IFITM3;IFITM1;IFITM2;IRGM;BST2;TRIM6;PLSCR1;AIM2;IFI16;OAS1;IRF1;MNDA;XAF1;SHFL,0.4827586206896552
2,1200,Regulation Of T Cell Activation (GO:0050863),20/62,1.131759625977746e-08,biological regulation,GO_Biological_Process_2023,2.5599816421240514e-10,0.0,0.0,7.569814366424536,167.18579100241726,TNFSF18;CRTAM;LAPTM5;TNFRSF1B;CD2;LGALS3;HLA-DMA;GPNMB;SIT1;CD209;TBX21;TNFSF11;CCL2;TNFSF9;CTSG;TNFSF8;TIGIT;B2M;HLA-DQA1;CCR2,0.3225806451612903
2,1200,Regulation Of Defense Response (GO:0031347),25/97,1.5056081219073493e-08,biological regulation,GO_Biological_Process_2023,3.4605367267480124e-10,0.0,0.0,5.534278959810875,120.5610972681051,SEMA7A;GRN;IL20;PTGS2;SAMHD1;USP18;HERC5;IL1RL2;DHX58;CASP4;NLRP1;CCR2;IL1R1;IL37;ELMOD2;ERAP1;SELE;NLRP14;CYLD;TNFSF4;IRF1;XCL1;CARD16;FCGR2B;BIRC3,0.25773195876288657
2,1200,Positive Regulation Of MAPK Cascade (GO:0043410),49/310,1.9655178889351425e-08,biological regulation,GO_Biological_Process_2023,4.5893157567256155e-10,0.0,0.0,3.0238939319798543,65.0201301612216,CD40;CXCL17;CX3CL1;ICAM1;TRIM5;ARL6IP5;TNFSF11;CCR7;LGALS9;IL11;EDN1;MMP8;CHI3L1;XCL1;ADAM8;TMEM106A;S100A7;CCL14;CCL13;SEMA7A;CCL11;C5AR1;CCL8;GPNMB;CCL7;CCL4;CCL3;S100A12;CCL2;CCL1;CCL19;CCL18;CCL17;CCL16;SLAMF1;CCL15;CCR1;CCL24;CCL23;CCL22;CCL20;IL34;SEMA4C;LIF;LAPTM5;SCIMP;MFHAS1;GPR183;CCL26,0.15806451612903225
2,1200,Negative Regulation Of Leukocyte Mediated Cytotoxicity (GO:0001911),10/14,1.9719973323920492e-08,biological regulation,GO_Biological_Process_2023,4.67638915014532e-10,0.0,0.0,39.48739495798319,848.3205261333457,CX3CR1;LILRB1;KLRD1;KLRC1;LGALS9;HLA-F;FCGR2B;HLA-G;MICA;HLA-E,0.7142857142857143
2,1200,"Antigen Processing And Presentation Of Endogenous Peptide Antigen Via MHC Class I Via ER Pathway, TAP-independent (GO:0002486)",10/13,6.561746383085012e-09,immune system process,GO_Biological_Process_2023,1.4124153104779848e-10,0.0,0.0,52.65266106442577,1194.1912963660786,RAET1E;HLA-B;HLA-C;HLA-A;HLA-F;ULBP2;HLA-G;ULBP1;MICA;HLA-E,0.7692307692307693
2,1200,Myeloid Leukocyte Differentiation (GO:0002573),21/71,2.3419334743259427e-08,cellular process,GO_Biological_Process_2023,5.639095560215696e-10,0.0,0.0,6.679389312977099,142.2451246876677,BATF2;IL33;CSF3;BATF3;CSF1;IL15;IL31RA;LIF;SNX10;GATA3;TNFRSF11A;IL1RL1;TYROBP;IFI16;UBD;GPR183;TNFSF11;CCR7;PRTN3;LGALS9;CCL19,0.29577464788732394
2,1200,T Cell Activation (GO:0042110),26/111,5.7204529700220545e-08,cellular process,GO_Biological_Process_2023,1.4608964170067266e-09,0.0,0.0,4.876139893776932,99.20124132102283,CD84;GATA3;CD1C;LY9;TRGC1;CLEC7A;TRBC2;TRBC1;SLAMF7;SLAMF6;TRDC;CCR7;CCL19;TNFRSF4;MICA;CD276;TNFSF14;CRTAM;RHOH;CD2;JAML;CD8A;IRF4;TNFSF4;CD7;LCP1,0.23423423423423423
2,1200,Positive Regulation Of T Cell Mediated Immunity (GO:0002711),16/43,5.7204529700220545e-08,biological regulation,GO_Biological_Process_2023,1.4507094723634111e-09,0.0,0.0,9.395895895895896,191.2178797263483,HLA-B;HLA-C;CD1E;CD1D;HLA-A;CD1C;HLA-F;HLA-G;HLA-E;RAET1E;TNFSF4;XCL1;ULBP2;ULBP1;CD55;MICA,0.37209302325581395
2,1200,Regulation Of Response To External Stimulus (GO:0032101),28/127,5.8403164665697596e-08,biological regulation,GO_Biological_Process_2023,1.5128145535441547e-09,0.0,0.0,4.512945151170407,91.6547297833376,SEMA7A;GRN;IL20;PTGS2;SAMHD1;USP18;CX3CL1;HERC5;IL1RL2;TRIM5;DHX58;CASP4;NLRP1;CD55;CCR2;IL1R1;IL37;ELMOD2;ERAP1;SELE;NLRP14;CYLD;TNFSF4;IRF1;XCL1;CARD16;FCGR2B;BIRC3,0.2204724409448819
2,1200,Positive Regulation Of Tumor Necrosis Factor Superfamily Cytokine Production (GO:1903557),22/82,6.570370634778533e-08,biological regulation,GO_Biological_Process_2023,1.725890863568239e-09,0.0,0.0,5.8330503678551215,117.69650490760156,IL33;CD84;IFNGR1;MMP8;LILRA2;HLA-E;CD2;TYROBP;OAS1;OAS2;CLEC7A;CCL3;TNFRSF8;LGALS9;LCP1;CCL19;CD14;TMEM106A;CCR2;HAVCR2;TLR2;IL17A,0.2682926829268293
2,1200,Positive Regulation Of Cytokine Production Involved In Immune Response (GO:0002720),14/33,7.409678764217788e-08,biological regulation,GO_Biological_Process_2023,2.027456794295272e-09,0.0,0.0,11.668323422383953,233.55880489047135,LAPTM5;HLA-A;HLA-F;HLA-G;SCIMP;HLA-E;TRIM6;CLEC7A;TNFSF4;XCL1;TNFRSF14;CD226;IRF5;CD55,0.42424242424242425
2,1200,Positive Regulation Of Interleukin-12 Production (GO:0032735),14/33,7.409678764217788e-08,biological regulation,GO_Biological_Process_2023,2.027456794295272e-09,0.0,0.0,11.668323422383953,233.55880489047135,CD40;LAPTM5;IL16;HLA-G;SCIMP;CLEC7A;TNFSF4;CCR7;IRF5;CCL19;LGALS9;LTB;IL17A;TLR2,0.42424242424242425
2,1200,Positive Regulation Of T Cell Mediated Cytotoxicity (GO:0001916),14/33,7.409678764217788e-08,biological regulation,GO_Biological_Process_2023,2.027456794295272e-09,0.0,0.0,11.668323422383953,233.55880489047135,HLA-B;HLA-C;CD1E;CD1D;HLA-A;CD1C;HLA-F;HLA-G;HLA-E;RAET1E;XCL1;ULBP2;ULBP1;MICA,0.42424242424242425
2,1200,Positive Regulation Of Interleukin-6 Production (GO:0032755),21/76,8.094762072502504e-08,biological regulation,GO_Biological_Process_2023,2.2444433327624597e-09,0.0,0.0,6.070552856812399,120.8938964498784,IL33;TSLP;IL16;LILRB2;MMP8;LILRA2;POU2F2;AIF1;SCIMP;IL17RA;TYROBP;CLEC7A;POU2AF1;TNFSF4;LGALS9;LCP1;IL17D;IL6R;TMEM106A;TLR2;IL17A,0.27631578947368424
2,1200,Regulation Of Viral Genome Replication (GO:0045069),25/67,2.292224885878488e-12,biological regulation,GO_Biological_Process_2023,3.261465543570267e-14,0.0,0.0,9.502532928064843,295.0917968012307,IFITM3;IFITM1;RNASEL;CXCL8;IFITM2;IFIT5;ZC3HAV1;IFIT1;OASL;TRIM6;IFI16;GBP7;APOBEC3F;RSAD2;APOBEC3G;ISG15;BST2;ISG20;PLSCR1;ZNFX1;OAS1;SLPI;TNIP1;OAS2;SHFL,0.373134328358209
2,1200,Regulation Of I-kappaB kinase/NF-kappaB Signaling (GO:0043122),40/232,5.6286993599572974e-08,biological regulation,GO_Biological_Process_2023,1.396393857997432e-09,0.0,0.0,3.3419540229885056,68.14034625185576,CD40;IFIT5;SECTM1;TNFAIP3;LITAF;TANK;CX3CL1;EDA2R;TRIM6;LGALS1;TRIM5;CLEC7A;UBD;MIER1;TNFSF10;S100A12;CCR7;LGALS9;CCL19;TRIM22;APOL2;NDFIP2;GBP7;RHOH;TRAF1;LILRB4;IRGM;BST2;EDAR;TNIP1;CLEC6A;TNIP3;PELI1;TNFRSF25;CARD16;LTB;LTBR;TRIM38;TMEM106A;BIRC3,0.1724137931034483
2,1200,CXCR Chemokine Receptor Binding (GO:0045236),11/16,6.220224582901967e-09,binding,GO_Molecular_Function_2023,1.1465851765717911e-10,0.0,0.0,34.77628259041211,795.9965167429696,CXCL6;CXCL10;CXCL9;CXCL11;CXCL8;CXCL12;PPBP;CXCL13;CXCL3;CXCL2;CXCL5,0.6875
2,1200,Positive Regulation Of Tumor Necrosis Factor Production (GO:0032760),22/78,2.4801916902895706e-08,biological regulation,GO_Biological_Process_2023,6.062489720882935e-10,0.0,0.0,6.251030802813485,132.67019228849446,IL33;CD84;IFNGR1;MMP8;LILRA2;HLA-E;CD2;TYROBP;OAS1;OAS2;CLEC7A;CCL3;TNFRSF8;LGALS9;LCP1;CCL19;CD14;TMEM106A;CCR2;HAVCR2;TLR2;IL17A,0.28205128205128205
2,1200,Antimicrobial Humoral Immune Response Mediated By Antimicrobial Peptide (GO:0061844),21/65,4.490219409839893e-09,immune system process,GO_Biological_Process_2023,8.846109016101941e-11,0.0,0.0,7.59264399722415,175.75800310675174,CXCL6;CCL13;CXCL9;CXCL8;TSLP;RNASE6;CXCL1;RNASE3;PPBP;CXCL13;CXCL3;CXCL2;CXCL5;CXCL10;CXCL11;GNLY;S100A12;PGLYRP1;S100A9;CAMP;S100A7,0.3230769230769231
2,1200,Regulation Of Dendritic Cell Differentiation (GO:2001198),9/10,4.619391481691704e-09,biological regulation,GO_Biological_Process_2023,9.269118259505427e-11,0.0,0.0,142.05793450881612,3281.786571113097,LGALS3;LGALS1;TMEM176B;HLA-B;LILRB1;LGALS9;LILRB2;FCGR2B;HLA-G,0.9
2,1200,Regulation Of Natural Killer Cell Mediated Cytotoxicity (GO:0042269),17/32,2.4277603560589848e-11,biological regulation,GO_Biological_Process_2023,3.631454746385202e-13,0.0,0.0,17.996336996336996,515.4865889406541,KLRB1;KLRC3;CRTAM;LILRB1;HLA-F;HLA-G;HLA-E;NCR1;NCR3;KLRK1;RAET1E;SLAMF6;CD226;KLRD1;KLRC1;LGALS9;MICA,0.53125
2,1200,Specific Granule (GO:0042581),38/159,8.03855636233064e-12,cellular anatomical structure,GO_Cellular_Component_2023,1.2626004757587392e-13,0.0,0.0,5.048306567474147,149.9368896842281,ITGAM;CLEC12A;CRISP3;ITGB2;CXCL1;SLC2A3;GPR84;LILRA3;FCAR;ADGRG3;CNN2;CRACR2A;PLAU;CLEC5A;C3AR1;OLR1;STX3;PGLYRP1;B2M;CTSD;CAMP;CD33;CD53;CD93;PLAUR;CYBB;MCEMP1;PRG3;LYZ;MMP8;TNFRSF1B;CEACAM3;CLEC4D;LRG1;SLPI;LCN2;CHI3L1;ADAM8,0.2389937106918239
2,1200,Antigen Processing And Presentation Of Endogenous Peptide Antigen (GO:0002483),14/21,3.6283912959737895e-11,immune system process,GO_Biological_Process_2023,5.692113306343415e-13,0.0,0.0,31.69139966273187,893.5239481170934,ERAP2;ERAP1;HLA-B;TAP2;HLA-C;TAP1;HLA-A;HLA-F;HLA-G;HLA-E;RAET1E;ULBP2;ULBP1;MICA,0.6666666666666666
2,1200,Positive Regulation Of Type II Interferon Production (GO:0032729),22/58,4.763454427478223e-11,biological regulation,GO_Biological_Process_2023,7.646552163773872e-13,0.0,0.0,9.734201094133182,271.5778965363055,IL1R1;SLC11A1;EBI3;CRTAM;IL18;ISG15;LILRB1;BTN3A2;HLA-A;CD2;CLEC7A;TNFSF4;PDE4B;CD226;SLAMF6;LGALS9;CD14;CD244;IL18R1;CCR2;CD276;SLAMF1,0.3793103448275862
2,1200,Regulation Of Interleukin-1 Beta Production (GO:0032651),26/84,9.611953465473495e-11,biological regulation,GO_Biological_Process_2023,1.5780295729525988e-12,0.0,0.0,7.15637666686248,194.4734206214333,CX3CR1;TNFAIP3;LILRA2;CX3CL1;IFI16;CLEC7A;CCL3;CCR7;LGALS9;CCL19;NLRP1;CD33;GBP5;EGR1;LILRB4;AIM2;TYROBP;ELF4;CARD18;MNDA;CARD16;LCP1;TRIM16;NAIP;TMEM106A;IL17A,0.30952380952380953
2,1200,Negative Regulation Of Natural Killer Cell Mediated Cytotoxicity (GO:0045953),12/16,1.7880703026269864e-10,biological regulation,GO_Biological_Process_2023,3.0007746778854934e-12,0.0,0.0,47.464646464646464,1259.33914981961,SERPINB4;HLA-B;LILRB1;SERPINB9;KLRD1;HLA-A;KLRC1;LGALS9;HLA-F;HLA-G;MICA;HLA-E,0.75
2,1200,Regulation Of T Cell Mediated Cytotoxicity (GO:0001914),17/36,2.5584965656038086e-10,biological regulation,GO_Biological_Process_2023,4.387060874986465e-12,0.0,0.0,14.20460915602616,371.4840752853326,HLA-B;HLA-C;CD1E;LILRB1;CD1D;HLA-A;CD1C;HLA-F;HLA-G;HLA-E;RAET1E;XCL1;KLRD1;KLRC1;ULBP2;ULBP1;MICA,0.4722222222222222
2,1200,Regulation Of Interleukin-6 Production (GO:0032675),31/114,3.6283912959737895e-11,biological regulation,GO_Biological_Process_2023,5.677925667536184e-13,0.0,0.0,5.980057097508941,168.61979102838103,CD84;TNFAIP3;LILRA2;AIF1;CX3CL1;CLEC7A;LGALS9;IL6R;SLAMF1;IL33;TSLP;IL37;HLA-B;IL16;IRAK3;LILRB2;POU2F2;MMP8;LILRB4;SCIMP;IL17RA;CD200R1;TYROBP;ELF4;TNFSF4;POU2AF1;LCP1;IL17D;TMEM106A;TLR2;IL17A,0.2719298245614035
2,1200,Cellular Response To Lipid (GO:0071396),43/228,9.69470842088999e-10,cellular process,GO_Biological_Process_2023,1.6977234739245512e-11,0.0,0.0,3.73961082949847,92.73916168380585,CX3CR1;CD274;CXCL6;CXCL9;CXCL8;GFI1;RORC;TNFAIP3;CXCL1;AHR;CXCL13;CXCL3;CXCL2;CXCL5;ZFP36;IL36A;IL36B;PDE4B;CCL2;CTSG;IL36RN;CD14;CCR5;GBP2;GBP3;IL37;CD180;ACOD1;IL36G;LILRB1;PPBP;LILRB2;TNFRSF1B;IRGM;IL1F10;CXCL10;CXCL11;TNIP1;TNFSF4;TNIP3;CARD16;LCP1;CD68,0.18859649122807018
2,1200,Regulation Of Interleukin-12 Production (GO:0032655),19/50,1.5079591175526894e-09,biological regulation,GO_Biological_Process_2023,2.7071426340137607e-11,0.0,0.0,9.74054245991642,237.0121616537624,CD40;HLA-B;LAPTM5;IL16;IRAK3;LILRB1;HLA-G;SCIMP;CLEC7A;TNFSF4;CCR7;IRF5;LGALS9;LTB;CCL19;TIGIT;TLR2;SLAMF1;IL17A,0.38
2,1200,Positive Regulation Of ERK1 And ERK2 Cascade (GO:0070374),37/179,1.5079591175526894e-09,biological regulation,GO_Biological_Process_2023,2.7507462925076423e-11,0.0,0.0,4.180216293461543,101.64849606808257,CCL14;CCL13;SEMA7A;CCL11;C5AR1;CXCL17;TNFRSF11A;CX3CL1;ICAM1;CCL8;CCL7;GPNMB;CCL4;CCL3;TNFSF11;CCL2;CCR7;CCL1;LGALS9;CCL19;CCL18;CCL17;CCL16;SLAMF1;CCL15;CCR1;CCL24;CCL23;CCL22;CCL20;SCIMP;MFHAS1;GPR183;CHI3L1;XCL1;S100A7;CCL26,0.20670391061452514
2,1200,Defense Response To Protozoan (GO:0042832),11/15,2.036566840906521e-09,biological process involved in interspecies interaction between organisms,GO_Biological_Process_2023,3.7893071465243554e-11,0.0,0.0,43.472666105971406,1043.1810871380778,GBP6;BATF2;CD40;GBP7;CLEC7A;IRF4;SLC11A1;NKG7;GBP2;GBP1;GBP4,0.7333333333333333
2,1200,Response To Molecule Of Bacterial Origin (GO:0002237),22/69,2.233486062291377e-09,response to stimulus,GO_Biological_Process_2023,4.2371862546206345e-11,0.0,0.0,7.451612903225806,177.97832106528344,CXCL8;GCH1;SLC11A1;TNFAIP3;IRAK3;AHR;TNFRSF11A;CXCL2;SELE;SELP;TRIM6;SLPI;NOCT;PELI1;IRF5;LGALS9;CD14;TRIB1;FCGR2B;S100A9;S100A8;S100A7,0.3188405797101449
2,1200,Tertiary Granule Membrane (GO:0070821),23/72,7.002050197440234e-10,cellular anatomical structure,GO_Cellular_Component_2023,1.4663979471079027e-11,0.0,0.0,7.47790127095868,186.5409358881367,CD53;ITGAM;CD93;CLEC12A;CD300A;SLC11A1;ITGB2;PTAFR;CYBB;SLC2A3;MCEMP1;GPR84;LILRB2;LILRA3;FCAR;CLEC4C;CLEC4D;PLAU;CLEC5A;ITGAX;OLR1;ADAM8;CD33,0.3194444444444444
2,1200,Regulation Of T Cell Proliferation (GO:0042129),23/77,3.547017571495806e-09,biological regulation,GO_Biological_Process_2023,6.858516281987513e-11,0.0,0.0,6.783693634160924,158.7584082710092,TNFSF18;CD274;CR1;VCAM1;IL15;CD70;LILRB1;TNFRSF13C;CD1D;LILRB2;TNFRSF1B;HLA-G;LILRB4;LGALS3;GPNMB;CD209;TNFSF9;TNFSF8;VSIG4;CCL19;IL6ST;IDO1;CD276,0.2987012987012987
3,1034,DNA Strand Elongation R-HSA-69190,11/31,2.787586411002617e-06,Cell Cycle,Reactome_2022,2.1778018835957946e-07,0.0,0.0,10.186021505376344,156.25132482326632,GINS1;GINS2;FEN1;CDC45;MCM7;MCM8;GINS3;MCM3;MCM4;MCM5;MCM6,0.3548387096774194
3,1034,S Phase R-HSA-69242,27/161,7.748023103415988e-07,Cell Cycle,Reactome_2022,5.91862875955388e-08,0.0,0.0,3.7681305488446544,62.711398849944274,FEN1;MCM7;MCM8;GMNN;PDS5B;SMC3;PDS5A;CKS1B;ORC5;ORC6;CDC45;RAD21;GINS1;CDT1;GINS2;UBE2C;GINS3;ESCO2;CDC6;SMC1A;CCNA2;STAG2;UBE2S;MCM3;MCM4;MCM5;MCM6,0.16770186335403728
3,1034,Mitotic Telophase/Cytokinesis R-HSA-68884,8/13,6.791144221745729e-07,Cell Cycle,Reactome_2022,5.069777804428234e-08,0.0,0.0,29.568810916179338,496.6786640750036,STAG2;RAD21;KIF23;PDS5B;KIF20A;PDS5A;SMC1A;SMC3,0.6153846153846154
3,1034,G1/S Transition R-HSA-69206,24/129,5.712097733678591e-07,Cell Cycle,Reactome_2022,4.16507126414064e-08,0.0,0.0,4.268401697312588,72.5369937479613,CDT1;RRM2;MCM7;MCM8;GMNN;CDC7;MCM10;CDC6;TYMS;CKS1B;ORC5;DHFR;CCNA2;ORC6;DBF4;CDC45;CDK1;MCM3;MCM4;MCM5;FBXO5;TK1;MCM6;E2F6,0.18604651162790697
3,1034,Mitotic G1 Phase And G1/S Transition R-HSA-453279,26/147,4.773772380715381e-07,Cell Cycle,Reactome_2022,3.397997701550878e-08,0.0,0.0,4.017201233110324,69.08579569849903,TOP2A;MCM7;MCM8;GMNN;MCM10;TYMS;CKS1B;ORC5;ORC6;CDC45;MYBL2;FBXO5;TK1;E2F6;CDT1;RRM2;CDC7;CDC6;DHFR;CCNA2;DBF4;CDK1;MCM3;MCM4;MCM5;MCM6,0.17687074829931973
3,1034,Kinesins R-HSA-983189,14/42,1.7455667618503586e-07,Hemostasis,Reactome_2022,1.21219914017386e-08,0.0,0.0,9.283333333333331,169.21887035732522,KIF23;KIF11;KIF22;KIF15;CENPE;KIF18A;KIF18B;RACGAP1;KIF2A;KIFC1;KIF4A;KIF2C;KIF20A;KIF20B,0.3333333333333333
3,1034,Processing Of Capped Intronless Pre-mRNA R-HSA-75067,13/29,8.527458920339435e-09,Metabolism of RNA,Reactome_2022,5.477707987023595e-10,0.0,0.0,15.08019098922625,321.58754851518745,SLBP;CSTF3;CSTF2;WDR33;LSM10;NUDT21;CSTF1;PAPOLA;SNRPG;SNRPE;SNRPD3;SNRPF;SNRPB,0.4482758620689655
3,1034,Activation Of ATR In Response To Replication Stress R-HSA-176187,14/36,1.7659808419057377e-08,Cell Cycle,Reactome_2022,1.1650568054239243e-09,0.0,0.0,11.818894830659536,243.1205287332784,MCM7;MCM8;MCM10;CDC7;CDC6;ORC5;CDC45;ORC6;DBF4;MCM3;MCM4;MCM5;CLSPN;MCM6,0.3888888888888889
3,1034,Chromosome Maintenance R-HSA-73886,26/118,4.044417730024018e-09,Cell Cycle,Reactome_2022,2.5277610812650113e-10,0.0,0.0,5.29162353347136,116.93703243800384,PIF1;FEN1;DSCC1;HJURP;CHTF18;CENPA;MIS18BP1;OIP5;H2AZ1;CENPU;CENPW;CENPX;KNL1;CCNA2;SHQ1;MIS18A;CENPH;DKC1;CENPI;CENPK;NHP2;CENPL;CENPM;CENPN;CENPQ;ITGB3BP,0.22033898305084745
3,1034,Deposition Of New CENPA-containing Nucleosomes At Centromere R-HSA-606279,18/53,1.1455591356656075e-09,Cell Cycle,Reactome_2022,6.960862803523658e-11,0.0,0.0,9.582620922384702,224.11960869481624,H2AZ1;CENPU;CENPW;CENPX;HJURP;KNL1;CENPA;MIS18A;CENPH;MIS18BP1;CENPI;CENPK;CENPL;CENPM;OIP5;CENPN;CENPQ;ITGB3BP,0.33962264150943394
3,1034,Activation Of Pre-Replicative Complex R-HSA-68962,15/32,1.9079680446338802e-10,Cell Cycle,Reactome_2022,1.1262311374574988e-11,0.0,0.0,16.407954742250187,413.6373071021734,CDT1;MCM7;MCM8;GMNN;MCM10;CDC7;CDC6;ORC5;CDC45;ORC6;DBF4;MCM3;MCM4;MCM5;MCM6,0.46875
3,1034,mRNA Splicing - Minor Pathway R-HSA-72165,22/49,9.407873330990392e-15,Metabolism of RNA,Reactome_2022,5.226596294994663e-16,0.0,0.0,15.248792270531402,536.5684215891338,SF3B5;SF3B2;SF3B3;DDX23;SRSF1;RNPC3;PRPF8;SNRNP40;SNRPD2;SNRPG;SRSF2;SNRPE;SNRNP48;SNRPD3;SNRNP25;SNRPF;SNRNP35;TXNL4A;SNRNP200;SRSF7;SF3B1;SNRPB,0.4489795918367347
3,1034,Unwinding Of DNA R-HSA-176974,10/11,2.3952988304610635e-11,Cell Cycle,Reactome_2022,1.3723066216183177e-12,0.0,0.0,185.205078125,5058.789315606569,GINS1;GINS2;CDC45;MCM7;MCM8;GINS3;MCM3;MCM4;MCM5;MCM6,0.9090909090909091
3,1034,Cytosolic tRNA Aminoacylation R-HSA-379716,11/24,1.324946637911587e-07,Metabolism of proteins,Reactome_2022,8.970992860859703e-09,0.0,0.0,15.676592224979322,290.4758018674054,AIMP2;AARS1;RARS1;EPRS1;PPA1;IARS1;YARS1;EEF1E1;FARSA;TARS1;DARS1,0.4583333333333333
3,1034,Metabolism Of Non-Coding RNA R-HSA-194441,14/52,3.1281788509939e-06,Metabolism of RNA,Reactome_2022,2.4981983879465173e-07,0.0,0.0,6.836738906088751,103.93569976967356,GEMIN2;PHAX;SNUPN;WDR77;SNRPD2;CLNS1A;GEMIN4;SNRPG;GEMIN5;GEMIN6;SNRPE;SNRPD3;SNRPF;SNRPB,0.2692307692307692
3,1034,Maturation Of LSU-rRNA (GO:0000470),9/20,4.651785801825081e-06,cellular process,GO_Biological_Process_2023,2.552809281489374e-07,0.0,0.0,15.130376940133038,229.69275773705107,DDX18;NIFK;LAS1L;ZNHIT3;RPL7L1;NOP2;URB1;WDR12;RRP15,0.45
3,1034,Establishment Of Sister Chromatid Cohesion R-HSA-2468052,7/11,3.1907626165443825e-06,Cell Cycle,Reactome_2022,2.658968847120319e-07,0.0,0.0,32.31110029211295,489.1951394975415,STAG2;RAD21;ESCO2;PDS5B;PDS5A;SMC1A;SMC3,0.6363636363636364
3,1034,7-Methylguanosine Cap Hypermethylation (GO:0036261),6/7,2.3484977027739107e-06,cellular process,GO_Biological_Process_2023,1.2601694990494158e-07,0.0,0.0,110.69066147859922,1758.5258706665272,SNRPD2;SNRPD1;SNRPG;SNRPE;SNRPD3;SNRPF,0.8571428571428571
3,1034,RHO GTPase Effectors R-HSA-195258,51/269,9.159226094166838e-15,Signal Transduction,Reactome_2022,4.9294445992911815e-16,0.0,0.0,4.461851475076297,157.2630201701841,AHCTF1;ERCC6L;ZWILCH;KIF14;BUB1B;CDC20;VPS72;NUF2;KNTC1;SPDL1;NUDC;KNL1;RANGAP1;CKAP5;SGO1;SGO2;KIF2A;INCENP;KIF2C;MAPRE1;MAD1L1;ITGB3BP;MIS12;CDCA8;CENPA;SKA1;AURKB;SKA2;DSN1;BUB3;BUB1;H2AZ1;CENPU;RCC2;NDE1;ZWINT;NDC80;CENPE;CENPF;KIF18A;CENPH;CENPI;PRC1;CENPK;CENPL;CENPM;CENPN;CENPQ;SPC24;MAD2L1;SPC25,0.1895910780669145
3,1034,Mitotic DNA Replication (GO:1902969),7/10,1.9304069994538617e-06,cellular process,GO_Biological_Process_2023,1.0122865972745861e-07,0.0,0.0,43.08373904576436,693.9016999665902,GINS1;GINS3;MCM3;MCM4;MCM6;TK1;MCM2,0.7
3,1034,Regulation Of DNA Metabolic Process (GO:0051052),23/124,1.6236798778269222e-06,biological regulation,GO_Biological_Process_2023,8.41541400093222e-08,0.0,0.0,4.249248366973196,69.22287224327735,PIF1;SF3B5;ENY2;SLF1;SF3B3;SLF2;DSCC1;GMNN;JADE1;THOC1;NUCKS1;SMC6;ESCO2;SMC3;ORC5;CCNA2;NSMCE4A;UBE2V2;HNRNPD;USP1;FBXO5;KPNA2;OBI1,0.18548387096774194
3,1034,U2-type Prespliceosome (GO:0071004),8/15,1.2991647674192023e-06,protein-containing complex,GO_Cellular_Component_2023,2.3096262531896933e-07,0.0,0.0,21.11835143414091,322.70973806897746,SF3A1;SNRNP70;SNRPG;LUC7L;LUC7L3;PRPF40A;SF3B1;SNRPB,0.5333333333333333
3,1034,Prespliceosome (GO:0071010),8/15,1.2991647674192023e-06,protein-containing complex,GO_Cellular_Component_2023,2.3096262531896933e-07,0.0,0.0,21.11835143414091,322.70973806897746,SF3A1;SNRNP70;SNRPG;LUC7L;LUC7L3;PRPF40A;SF3B1;SNRPB,0.5333333333333333
3,1034,SLBP Dependent Processing Of Replication-Dependent Histone Pre-mRNAs R-HSA-77588,7/11,3.1907626165443825e-06,Metabolism of RNA,Reactome_2022,2.658968847120319e-07,0.0,0.0,32.31110029211295,489.1951394975415,LSM10;SLBP;SNRPG;SNRPE;SNRPD3;SNRPF;SNRPB,0.6363636363636364
3,1034,"Nuclear-Transcribed mRNA Catabolic Process, Nonsense-Mediated Decay (GO:0000184)",11/28,1.2444724014400034e-06,cellular process,GO_Biological_Process_2023,6.374126934204896e-08,0.0,0.0,11.985452245414296,198.58016985932343,SKIC8;RBM8A;EIF4A3;MAGOH;UPF3B;SMG9;UPF3A;RNPS1;MAGOHB;GSPT1;PNRC2,0.39285714285714285
3,1034,Mitotic Chromosome Condensation (GO:0007076),8/15,4.255940511495615e-06,cellular process,GO_Biological_Process_2023,2.3096262531896933e-07,0.0,0.0,21.11835143414091,322.70973806897746,NCAPH2;NUSAP1;NCAPG;NCAPD2;NCAPD3;SMC4;NCAPH;SMC2,0.5333333333333333
3,1034,Microtubule (GO:0005874),27/185,5.57135490487331e-06,cellular anatomical structure,GO_Cellular_Component_2023,1.0523670375871809e-06,0.0,0.0,3.191683531733561,43.931827783856704,CEP57;KIF14;TUBD1;KIF11;SKA3;SKA1;AURKB;SKA2;KIF15;AURKA;KIF23;KIF22;TUBG1;LRPPRC;CENPE;PSRC1;FAM161A;KIF2A;KIFC1;PRC1;KIF4A;CDK1;MAP6D1;KIF2C;KIF20A;KIF20B;MAPRE1,0.14594594594594595
3,1034,"Maturation Of 5.8S rRNA From Tricistronic rRNA Transcript (SSU-rRNA, 5.8S rRNA, LSU-rRNA) (GO:0000466)",9/21,7.598087722217689e-06,cellular process,GO_Biological_Process_2023,4.2623418929513865e-07,0.0,0.0,13.868780487804878,203.4311124826201,NOP14;EXOSC10;ERI1;ERI2;RPP40;RRS1;UTP20;URB1;WDR12,0.42857142857142855
3,1034,DNA Replication Initiation (GO:0006270),9/21,7.598087722217689e-06,cellular process,GO_Biological_Process_2023,4.2623418929513865e-07,0.0,0.0,13.868780487804878,203.4311124826201,ORC5;CDC45;ORC6;MCM7;MCM3;MCM10;MCM5;NOC3L;MCM2,0.42857142857142855
3,1034,Mitochondrial Inner Membrane (GO:0005743),42/370,7.819472585099984e-06,cellular anatomical structure,GO_Cellular_Component_2023,1.52045300265833e-06,0.0,0.0,2.4058197285601888,32.229569381352576,MRPS17;MRPS15;MRPS16;TAMM41;MRPL19;MRPS12;MRPL16;MRPL17;MRPL39;MRPS10;MRPL58;MRPL37;TIMM10;MRPL12;TYMS;MRPL13;MRPL57;MRPL20;MRPL42;MRPL3;MRPL40;MRPL1;CHCHD1;MRPS28;PTCD3;MRPS27;TIMM29;MRPS22;MRPS23;MRPS18B;MRPS2;MRPL47;MRPL48;MRPL23;MRPL24;MRPS18C;MRPL44;IMMP1L;MRPL50;MRPL51;SLC25A32;DAP3,0.11351351351351352
3,1034,Positive Regulation Of Mitotic Cell Cycle Phase Transition (GO:1901992),15/63,9.47364147126262e-06,biological regulation,GO_Biological_Process_2023,5.372247907484292e-07,0.0,0.0,5.8016437684003925,83.75745634319563,RRM1;STIL;RRM2;UBE2C;RCC2;CDC7;DBF4B;CDC20;LSM10;RAD51C;ESPL1;CDK1;SASS6;FBXO5;DLGAP5,0.23809523809523808
3,1034,Organelle Inner Membrane (GO:0019866),45/398,3.943588052884761e-06,cellular anatomical structure,GO_Cellular_Component_2023,7.229911430288729e-07,0.0,0.0,2.399152719575386,33.9237048423084,MRPS17;MRPS15;MRPS16;TAMM41;MRPL19;MRPS12;MRPL16;MRPL17;MRPL39;MRPS10;MRPL58;MRPL37;TIMM10;MRPL12;TYMS;MRPL13;MRPL57;MRPL20;MRPL42;MRPL3;MRPL40;MRPL1;LBR;CHCHD1;ARL6IP6;MRPS28;PTCD3;TIMM29;MRPS27;CBX3;MRPS22;MRPS23;MRPS18B;MRPS2;MRPL47;MRPL48;MRPL23;MRPL24;MRPL44;MRPS18C;IMMP1L;MRPL50;MRPL51;SLC25A32;DAP3,0.11306532663316583
3,1034,Transport Of Mature mRNA Derived From An Intron-Containing Transcript R-HSA-159236,27/74,2.879250133923814e-15,Metabolism of RNA,Reactome_2022,1.4996094447519863e-16,0.0,0.0,10.792812018001648,393.2485908266808,FYTTD1;NXT1;RBM8A;EIF4A3;SRSF1;U2AF1;CASC3;MAGOH;SRSF11;CHTOP;THOC1;UPF3B;THOC2;THOC5;MAGOHB;CDC40;THOC7;SRRM1;DDX39A;DDX39B;SARNP;SRSF2;SRSF3;SRSF4;RNPS1;SRSF7;SRSF9,0.36486486486486486
3,1034,rRNA Modification In Nucleus And Cytosol R-HSA-6790901,40/60,1.6563098653919367e-35,Metabolism of RNA,Reactome_2022,2.587984164674901e-37,0.0,0.0,38.12072434607646,3211.471623620541,UTP25;WDR3;HEATR1;NOP2;FCF1;NAT10;SNU13;PWP2;WDR46;WDR43;RRP9;NOL6;RRP7A;FBL;EMG1;PDCD11;BMS1;UTP20;UTP14A;DCAF13;UTP14C;UTP15;NOP56;WDR36;NOP14;NOP58;UTP6;UTP4;DIMT1;KRR1;PNO1;UTP3;WDR75;IMP4;UTP18;TBL3;DKC1;NHP2;MPHOSPH10;NOL11,0.6666666666666666
3,1034,Translation R-HSA-72766,59/281,2.670795696955049e-19,Metabolism of proteins,Reactome_2022,1.2983034637975931e-20,0.0,0.0,5.109244629244629,233.95559924711893,MRPS17;SRP19;GFM1;MRPS15;MRPS16;MRPL39;MRPS10;MRPL37;APEH;YARS1;MRPL42;MRPL3;MRPL40;MRPL1;CHCHD1;EIF5B;MRPS27;RARS1;MRPS22;MRPS23;SSR3;MRPS18B;MRPS2;MRPL47;MRPL48;DARS1;MRPS18C;MRPL44;MRPL50;MRPL51;PPA1;ETF1;EEF1E1;TARS1;AARS1;MRPS35;MRPL19;MRPL16;MRPL17;MRPL58;MRPL15;MRPL12;MRPL13;MRPL57;GSPT1;MRPL20;SRP72;EIF4H;IARS1;PTCD3;MRPL23;MRPL24;AIMP2;EIF3M;EPRS1;EIF3J;SRPRB;FARSA;EIF3B,0.2099644128113879
3,1034,Mitotic Prometaphase R-HSA-68877,69/186,4.9156747825394356e-39,Cell Cycle,Reactome_2022,6.827326086860327e-41,0.0,0.0,11.51925069748904,1065.358542508124,CEP57;ERCC6L;AHCTF1;ZWILCH;CETN2;BUB1B;SMC3;SMC4;CDC20;NUF2;KNTC1;NEK2;SPDL1;NUDC;HAUS3;HAUS6;KNL1;RANGAP1;SMC1A;TUBG1;CKAP5;HAUS1;SGO1;SGO2;KIF2A;INCENP;KIF2C;MAPRE1;MAD1L1;ITGB3BP;MIS12;CDCA8;NCAPG;PDS5B;PDS5A;CENPA;NCAPH;SKA1;AURKB;SKA2;CCNB2;DSN1;RAD21;BUB3;BUB1;PLK4;CENPU;RCC2;NDE1;NDC80;ZWINT;MZT1;CENPE;KIF18A;CENPF;STAG2;CENPH;CENPI;CENPK;CDK1;CENPL;CENPM;TUBGCP3;CENPN;NCAPD2;CENPQ;SPC24;MAD2L1;SPC25,0.3709677419354839
3,1034,Resolution Of Sister Chromatid Cohesion R-HSA-2500257,55/106,1.6686718287167487e-40,Cell Cycle,Reactome_2022,2.0278997918432708e-42,0.0,0.0,20.83608724388632,2000.2971554445453,ERCC6L;AHCTF1;ZWILCH;BUB1B;SMC3;CDC20;NUF2;KNTC1;SPDL1;NUDC;KNL1;RANGAP1;SMC1A;CKAP5;SGO1;SGO2;KIF2A;INCENP;KIF2C;MAPRE1;MAD1L1;ITGB3BP;MIS12;CDCA8;PDS5B;PDS5A;CENPA;SKA1;AURKB;SKA2;CCNB2;DSN1;RAD21;BUB3;BUB1;CENPU;RCC2;NDE1;NDC80;ZWINT;CENPE;KIF18A;CENPF;STAG2;CENPH;CENPI;CENPK;CDK1;CENPL;CENPM;CENPN;CENPQ;SPC24;MAD2L1;SPC25,0.5188679245283019
3,1034,"Cell Cycle, Mitotic R-HSA-69278",125/523,2.2803458396802755e-47,Cell Cycle,Reactome_2022,2.3753602496669536e-49,0.0,0.0,6.415465667169732,718.2852904696321,ERCC6L;ZWILCH;GMNN;BUB1B;SMC3;SMC4;CDC20;PTTG1;RCC1;NEK2;KNTC1;FBXO5;GTSE1;TMPO;BORA;VRK1;ESCO2;KNL1;SGO1;SGO2;KIF20A;MAD1L1;CDCA8;NCAPG;HMMR;PDS5B;PKMYT1;PDS5A;ARPP19;NCAPH;SKA1;SKA2;ORC5;CCNB2;DSN1;ORC6;SPAST;RAD21;PLK4;CDT1;UBE2C;NCAPH2;RCC2;CDC7;CDC6;NDC80;ZWINT;DHFR;TPX2;KIF18A;STAG2;UBE2S;CDK1;TUBGCP3;CEP57;TOP2A;AHCTF1;FEN1;MCM7;MCM8;CETN2;NCAPG2;MCM10;FOXM1;CKS1B;LMNB1;NUF2;MYBL2;TK1;SPDL1;TNPO1;LBR;NUDC;HAUS3;HAUS6;KIF23;RANGAP1;SMC1A;TUBG1;MASTL;CKAP5;HAUS1;CCNA2;DBF4;ESPL1;KIF2A;INCENP;MCM3;MCM4;MCM5;KIF2C;MCM6;MAPRE1;ITGB3BP;MIS12;TYMS;CENPA;AURKB;AURKA;CDC45;BUB3;E2F6;BUB1;H2AZ1;GINS1;CENPU;GINS2;RRM2;NDE1;GINS3;MZT1;CENPE;CENPF;CENPH;CENPI;CENPK;CENPL;CENPM;CENPN;NCAPD2;NCAPD3;CENPQ;SPC24;MAD2L1;SPC25,0.2390057361376673
3,1034,Cell Cycle R-HSA-1640170,145/654,6.311740036159141e-51,Cell Cycle,Reactome_2022,5.478941003610365e-53,0.0,0.0,5.91438471959178,711.7139797819517,ERCC6L;ZWILCH;DSCC1;GMNN;HJURP;BUB1B;SMC3;SMC4;CDC20;PTTG1;RCC1;NEK2;OIP5;KNTC1;FBXO5;GTSE1;TMPO;BORA;VRK1;ESCO2;KNL1;SGO1;SGO2;SHQ1;DKC1;MSH5;NHP2;UBE2V2;KIF20A;MAD1L1;PIF1;CDCA8;NCAPG;HMMR;PDS5B;PKMYT1;PDS5A;ARPP19;NCAPH;SKA1;SKA2;ORC5;CCNB2;SYCE2;DSN1;ORC6;SPAST;RAD21;CLSPN;PLK4;CDT1;UBE2C;NCAPH2;RCC2;CDC7;CDC6;NDC80;ZWINT;DHFR;TPX2;KIF18A;STAG2;UBE2S;CDK1;TUBGCP3;CEP57;TOP2A;AHCTF1;FEN1;MCM7;MCM8;CETN2;NCAPG2;MCM10;FOXM1;CHTF18;CKS1B;LMNB1;MIS18BP1;NUF2;MYBL2;TK1;SPDL1;TNPO1;LBR;NUDC;HAUS3;HAUS6;KIF23;RANGAP1;SMC1A;TUBG1;MASTL;CKAP5;HAUS1;CCNA2;DBF4;RAD51C;ESPL1;KIF2A;INCENP;MCM3;MCM4;MCM5;KIF2C;MCM6;MAPRE1;ITGB3BP;MIS12;TYMS;CENPA;AURKB;AURKA;PSMC3IP;CDC45;NSD2;BUB3;E2F6;BUB1;H2AZ1;GINS1;CENPU;GINS2;CENPW;RRM2;CENPX;NDE1;GINS3;MND1;MZT1;CENPE;CENPF;MIS18A;CENPH;CENPI;CENPK;CENPL;CENPM;CENPN;NCAPD2;NCAPD3;CENPQ;SPC24;MAD2L1;SPC25,0.2217125382262997
3,1034,mRNA Splicing - Major Pathway R-HSA-72163,94/181,6.47132965057389e-70,Metabolism of RNA,Reactome_2022,4.493978924009646e-72,0.0,0.0,21.7,3564.949524192276,DDX46;EIF4A3;HNRNPU;PPWD1;HNRNPR;CASC3;CWC27;PRPF19;CCAR1;PQBP1;SNRPD2;SNRNP70;MAGOH;PAPOLA;DHX15;MTREX;SNRPD3;TXNL4A;BCAS2;BUD31;PRPF40A;TFIP11;WBP11;CDC40;SRRM1;WDR33;PRPF4;GCFC2;SNRPG;SRSF2;SNRNP27;SRSF3;SNRPE;SRSF4;HNRNPH2;SNRPA1;SNRPF;DNAJC8;SNRNP200;SNRPC;SRSF7;SNRPA;SNRPB;SRSF9;SF3B5;SF3B2;SF3B3;RBM8A;CSTF3;CSTF2;DDX23;SRRT;SRSF1;WBP4;SNU13;U2AF1;PRPF8;PCBP1;TRA2B;CSTF1;SF3B1;SMNDC1;SRSF10;SRSF11;HNRNPA0;SF3A3;HNRNPA3;SF3A1;PRPF38A;GPKOW;FUS;UPF3B;CDC5L;LSM5;MAGOHB;LSM4;LSM3;U2SURP;CHERP;LSM2;HNRNPL;HNRNPM;NUDT21;LSM7;SNRNP40;HNRNPK;PHF5A;HNRNPA2B1;HNRNPD;RBM42;RNPS1;HNRNPC;PPIL3;PPIL4,0.5193370165745856
3,1034,mRNA Splicing R-HSA-72172,98/189,9.000344766374936e-73,Metabolism of RNA,Reactome_2022,4.687679565820279e-75,0.0,0.0,21.716798159105853,3716.807077999316,EIF4A3;HNRNPU;HNRNPR;CASC3;CWC27;CCAR1;SNRPD2;MAGOH;PAPOLA;MTREX;SNRPD3;SNRNP35;TXNL4A;WBP11;CDC40;SRRM1;PRPF4;SNRPG;SRSF2;SNRNP27;SRSF3;SNRPE;SRSF4;SNRNP25;SNRPF;SNRNP200;SNRPC;SRSF7;SNRPA;SNRPB;SRSF9;RBM8A;CSTF3;CSTF2;SNU13;RNPC3;PRPF8;PCBP1;CSTF1;PRPF38A;FUS;UPF3B;LSM5;MAGOHB;LSM4;LSM3;CHERP;LSM2;HNRNPL;HNRNPM;LSM7;HNRNPK;HNRNPD;RNPS1;HNRNPC;DDX46;PPWD1;PRPF19;PQBP1;SNRNP70;DHX15;BCAS2;BUD31;PRPF40A;TFIP11;WDR33;GCFC2;HNRNPH2;SNRPA1;DNAJC8;SF3B5;SF3B2;SF3B3;DDX23;SRRT;SRSF1;WBP4;U2AF1;TRA2B;SF3B1;SMNDC1;SRSF10;SRSF11;HNRNPA0;SF3A3;HNRNPA3;SF3A1;GPKOW;CDC5L;U2SURP;NUDT21;SNRNP40;PHF5A;HNRNPA2B1;RBM42;SNRNP48;PPIL3;PPIL4,0.5185185185185185
3,1034,Unattached Kinetochores Signal Amplification Via A MAD2 Inhibitory Signal R-HSA-141444,47/93,5.9317784158687045e-34,Cell Cycle,Reactome_2022,1.0298226416438722e-35,0.0,0.0,19.58592132505176,1577.8632031121751,AHCTF1;ERCC6L;ZWILCH;MIS12;BUB1B;CDCA8;CENPA;AURKB;SKA1;SKA2;CDC20;DSN1;NUF2;KNTC1;SPDL1;BUB3;BUB1;CENPU;NUDC;NDE1;RCC2;KNL1;RANGAP1;CKAP5;NDC80;ZWINT;SGO1;SGO2;CENPE;CENPF;KIF18A;KIF2A;CENPH;INCENP;CENPI;CENPK;CENPL;CENPM;KIF2C;CENPN;MAPRE1;CENPQ;ITGB3BP;MAD1L1;SPC24;MAD2L1;SPC25,0.5053763440860215
3,1034,Processing Of Capped Intron-Containing Pre-mRNA R-HSA-72203,110/242,7.433152212461088e-74,Metabolism of RNA,Reactome_2022,2.5809556293267664e-76,0.0,0.0,16.985930735930737,2956.372493153174,EIF4A3;HNRNPU;HNRNPR;CASC3;CWC27;CCAR1;SNRPD2;MAGOH;PAPOLA;MTREX;SNRPD3;SNRNP35;TXNL4A;METTL3;THOC1;THOC2;THOC5;WBP11;CDC40;THOC7;SRRM1;PRPF4;DDX39A;DDX39B;SARNP;SNRPG;SRSF2;SNRNP27;SRSF3;SNRPE;SRSF4;SNRNP25;SNRPF;SNRNP200;SNRPC;SRSF7;SNRPA;SNRPB;SRSF9;SLBP;RBM8A;CSTF3;CSTF2;SNU13;RNPC3;PRPF8;PCBP1;CSTF1;CHTOP;PRPF38A;FUS;UPF3B;MAGOHB;LSM5;LSM4;LSM3;CHERP;LSM2;HNRNPL;HNRNPM;LSM7;HNRNPK;HNRNPD;RNPS1;HNRNPC;NXT1;DDX46;PPWD1;PRPF19;PQBP1;SNRNP70;DHX15;BCAS2;BUD31;PRPF40A;TFIP11;WDR33;GCFC2;HNRNPH2;SNRPA1;DNAJC8;FYTTD1;SF3B5;SF3B2;SF3B3;SRRT;DDX23;SRSF1;WBP4;U2AF1;TRA2B;SF3B1;SRSF10;SMNDC1;SRSF11;HNRNPA0;SF3A3;SF3A1;HNRNPA3;GPKOW;CDC5L;U2SURP;NUDT21;SNRNP40;PHF5A;HNRNPA2B1;RBM42;SNRNP48;PPIL3;PPIL4,0.45454545454545453
3,1034,"Regulation Of mRNA Splicing, Via Spliceosome (GO:0048024)",20/94,1.078302278287229e-06,biological regulation,GO_Biological_Process_2023,5.4572615303560986e-08,0.0,0.0,5.035449650834266,84.21151867402875,DAZAP1;RBM8A;HNRNPU;LARP7;SRRM1;WDR77;SRPK1;HNRNPL;HNRNPK;CLNS1A;TRA2B;MAGOH;SRSF3;SRSF4;RNPS1;METTL16;SRSF7;SRSF10;SRSF9;HNRNPA0,0.2127659574468085
3,1034,mRNA surveillance pathway,25/98,3.1916687452194547e-10,Translation,KEGG_2021_Human,1.877452203070268e-11,0.0,0.0,6.412493042073394,158.37909006288174,DAZAP1;NXT1;RBM8A;CSTF3;EIF4A3;CSTF2;CASC3;GSPT1;PNN;CLP1;MAGOH;PAPOLA;CSTF1;FUS;UPF3B;UPF3A;MAGOHB;SRRM1;WDR33;DDX19A;NUDT21;DDX39B;RNPS1;ETF1;TARDBP,0.25510204081632654
3,1034,Cell cycle,30/124,1.7361563198914574e-11,Cell growth and death,KEGG_2021_Human,8.170147387724505e-13,0.0,0.0,5.9989827922353145,166.97040349557466,MCM7;BUB1B;TTK;SMC3;PKMYT1;CDC20;ORC5;CCNB2;ORC6;CDC45;PTTG1;RAD21;BUB3;BUB1;CDC7;CDC6;SMC1A;CCNA2;STAG1;STAG2;DBF4;ESPL1;CDK1;MCM3;MCM4;MCM5;MCM6;MAD1L1;MCM2;MAD2L1,0.24193548387096775
3,1034,RNA transport,38/186,6.821590432233904e-12,None,KEGG_2021_Human,2.4076201525531426e-13,0.0,0.0,4.851052860089005,140.94718288929758,POP5;POP7;NXT1;RBM8A;POP1;GEMIN2;RPP30;EIF4A3;PHAX;CASC3;PNN;MAGOH;PAIP1;EIF5B;FUS;RPP40;THOC1;UPF3B;UPF3A;THOC2;THOC5;MAGOHB;RANGAP1;THOC7;SNUPN;SRRM1;DDX19A;DDX39B;XPOT;CLNS1A;EIF3J;GEMIN4;TACC3;GEMIN5;GEMIN6;RNPS1;TARDBP;EIF3B,0.20430107526881722
3,1034,Ribosome biogenesis in eukaryotes,42/108,1.1416402046125891e-24,Translation,KEGG_2021_Human,2.6862122461472686e-26,0.0,0.0,12.124266862170089,713.865682198189,POP5;RBM28;POP7;NXT1;POP1;RPP30;WDR3;HEATR1;FCF1;NAT10;SNU13;PWP2;WDR43;NOL6;RRP7A;FBL;EMG1;NOB1;TCOF1;BMS1;UTP14A;MDN1;UTP14C;UTP15;NOP56;WDR36;NOP58;UTP6;UTP4;RPP40;WDR75;IMP4;GNL2;UTP18;GTPBP4;GNL3;REXO5;TBL3;DKC1;XRN2;NHP2;MPHOSPH10,0.3888888888888889
3,1034,Spliceosome,73/150,1.7777648245987375e-51,Transcription,KEGG_2021_Human,2.091488028939691e-53,0.0,0.0,18.634498695893075,2260.348556953601,TCERG1;DDX46;EIF4A3;HNRNPU;PRPF19;PQBP1;SNRPD2;SNRPD1;SNRNP70;MAGOH;DHX15;SNRPD3;TXNL4A;BCAS2;BUD31;THOC1;PRPF40A;THOC2;WBP11;CDC40;PRPF4;PRPF18;DDX39B;SNRPG;SRSF2;SNRNP27;SRSF3;SNRPE;SRSF4;SNRPA1;SNRPF;SNRNP200;SNRPC;SRSF7;SNRPA;SRSF8;SNRPB;SRSF9;SF3B5;SF3B2;SF3B3;DHX8;RBM8A;DDX23;SRSF1;SNU13;U2AF1;PRPF8;PCBP1;TRA2B;SF3B1;SMNDC1;SRSF10;SF3A3;PRPF38B;HNRNPA3;SF3A1;PRPF38A;FUS;CDC5L;LSM5;MAGOHB;LSM4;LSM3;U2SURP;CHERP;LSM2;HNRNPM;LSM7;SNRNP40;HNRNPK;PHF5A;HNRNPC,0.4866666666666667
3,1034,Metabolism Of RNA R-HSA-8953854,204/666,3.1559742635281984e-101,Metabolism of RNA,Reactome_2022,5.4791219852920113e-104,0.0,0.0,9.844093256141448,2340.6094282169925,LTV1;POP5;POP7;EIF4A3;FCF1;HNRNPU;HNRNPR;PHAX;PWP2;RRP9;CCAR1;LSM10;SNRPD2;MAGOH;SNRPD3;METTL3;WDR75;IMP4;CDC40;WDR77;SRRM1;DDX39A;DDX39B;CLNS1A;SARNP;XRN2;SLBP;CSTF3;CSTF2;SNU13;RNPC3;MRPL13;GSPT1;RRP7A;PDCD11;ERI1;PCBP1;CSTF1;PRPF38A;PNO1;UPF3B;UPF3A;MAGOHB;SNUPN;HNRNPL;HNRNPM;TBL3;HNRNPK;LAS1L;EPRS1;HNRNPD;MPHOSPH10;RNPS1;HNRNPC;NOL11;NOL12;NAT10;SMG9;PRPF19;WDR46;WDR43;PQBP1;DHX15;UTP14A;UTP14C;WDR36;NSUN2;PRPF40A;GNL3;WDR33;GCFC2;HNRNPH2;FYTTD1;SF3B5;SF3B2;SF3B3;NIP7;SRRT;HEATR1;NOL6;EXOSC10;SF3B1;SRSF10;SRSF11;PAIP1;SF3A3;SF3A1;UTP6;UTP4;UTP3;WDR18;RRP1B;WDR12;BYSL;NUDT21;BOP1;PHF5A;XPOT;TRMT6;HNRNPA2B1;TSR1;MPHOSPH6;GEMIN2;RPP30;CASC3;CWC27;FBL;PAPOLA;MTREX;SNRNP35;TXNL4A;DIMT1;THOC1;CDKAL1;THOC2;THOC5;PUS7;WBP11;FTSJ1;THOC7;PRPF4;EBNA1BP2;DKC1;NHP2;SNRPG;SRSF2;GEMIN4;SNRNP27;SRSF3;GEMIN5;SNRPE;SRSF4;GEMIN6;SNRNP25;SNRPF;SNRNP200;SNRPC;SRSF7;SNRPA;SNRPB;SRSF9;UTP25;RBM8A;DDX1;NOP2;ISG20L2;PRPF8;EMG1;UTP20;CHTOP;NOP14;FUS;RPP40;LSM1;LSM5;LSM4;LSM3;CHERP;LSM2;LSM7;CNOT9;RBM28;NXT1;DDX46;TSEN15;WDR3;WDR4;PPWD1;NOB1;SNRNP70;TNPO1;BCAS2;UTP15;BUD31;TFIP11;UTP18;SKIC8;C1D;ETF1;SNRPA1;DNAJC8;SRSF1;WBP4;DDX23;U2AF1;LAGE3;BMS1;TRA2B;SMNDC1;DCAF13;HNRNPA0;NOP56;HNRNPA3;NOP58;GPKOW;KRR1;CDC5L;U2SURP;PNRC2;SNRNP40;RBM42;SNRNP48;PPIL3;PPIL4,0.3063063063063063
3,1034,Transport Of Mature Transcript To Cytoplasm R-HSA-72202,29/83,8.765403309721201e-16,Metabolism of RNA,Reactome_2022,4.413137083019354e-17,0.0,0.0,10.105914870093974,380.5822941820504,FYTTD1;SLBP;NXT1;RBM8A;EIF4A3;SRSF1;U2AF1;CASC3;MAGOH;SRSF11;CHTOP;THOC1;UPF3B;THOC2;THOC5;MAGOHB;CDC40;THOC7;SRRM1;WDR33;DDX39A;DDX39B;SARNP;SRSF2;SRSF3;SRSF4;RNPS1;SRSF7;SRSF9,0.3493975903614458
3,1034,rRNA Processing In Nucleus And Cytosol R-HSA-8868773,64/189,1.6517044600674403e-33,Metabolism of RNA,Reactome_2022,3.154296711934348e-35,0.0,0.0,9.944940206185567,790.043082637407,LTV1;RBM28;RPP30;WDR3;FCF1;NAT10;PWP2;WDR46;WDR43;RRP9;FBL;NOB1;MTREX;UTP14A;UTP14C;UTP15;WDR36;DIMT1;WDR75;IMP4;UTP18;GNL3;EBNA1BP2;DKC1;XRN2;C1D;NHP2;UTP25;NIP7;NOP2;HEATR1;ISG20L2;SNU13;MRPL13;NOL6;RRP7A;EMG1;EXOSC10;PDCD11;ERI1;BMS1;UTP20;DCAF13;NOP56;NOP14;NOP58;UTP6;UTP4;PNO1;KRR1;UTP3;WDR18;RPP40;RRP1B;WDR12;BYSL;BOP1;TBL3;LAS1L;MPHOSPH10;TSR1;NOL11;NOL12;MPHOSPH6,0.3386243386243386
3,1034,M Phase R-HSA-68886,89/380,8.62997168260428e-33,Cell Cycle,Reactome_2022,1.9477366644766604e-34,0.0,0.0,6.044018982163312,469.1441582146263,CEP57;AHCTF1;ERCC6L;ZWILCH;CETN2;NCAPG2;BUB1B;SMC3;SMC4;LMNB1;CDC20;PTTG1;NUF2;RCC1;KNTC1;NEK2;FBXO5;SPDL1;TNPO1;LBR;TMPO;NUDC;HAUS3;KIF23;VRK1;HAUS6;KNL1;TUBG1;MASTL;RANGAP1;SMC1A;CKAP5;HAUS1;SGO1;SGO2;KIF2A;ESPL1;INCENP;KIF2C;KIF20A;MAPRE1;MAD1L1;ITGB3BP;MIS12;CDCA8;NCAPG;PDS5B;PDS5A;ARPP19;CENPA;NCAPH;SKA1;AURKB;SKA2;CCNB2;DSN1;SPAST;RAD21;BUB3;BUB1;PLK4;H2AZ1;CENPU;UBE2C;NCAPH2;RCC2;NDE1;ZWINT;MZT1;NDC80;CENPE;CENPF;KIF18A;STAG2;CENPH;CENPI;UBE2S;CENPK;CENPL;CDK1;CENPM;CENPN;NCAPD2;TUBGCP3;NCAPD3;CENPQ;SPC24;MAD2L1;SPC25,0.23421052631578948
3,1034,Mitochondrial Translation R-HSA-5368287,36/88,2.660313245410317e-22,Metabolism of proteins,Reactome_2022,1.2470218337860861e-23,0.0,0.0,13.120548789887469,691.9606728627433,MRPS17;GFM1;MRPS15;MRPS16;MRPS35;MRPL19;MRPL16;MRPL39;MRPS10;MRPL17;MRPL58;MRPL37;MRPL15;MRPL12;MRPL13;MRPL57;MRPL3;MRPL42;MRPL20;MRPL1;MRPL40;CHCHD1;PTCD3;MRPS27;MRPS22;MRPS23;MRPS18B;MRPS2;MRPL47;MRPL48;MRPL23;MRPL24;MRPL44;MRPS18C;MRPL50;MRPL51,0.4090909090909091
3,1034,Mitochondrial Translation Termination R-HSA-5419276,35/82,2.038053150496436e-22,Metabolism of proteins,Reactome_2022,9.199545470990857e-24,0.0,0.0,14.102719741017614,748.0489858949364,MRPS17;MRPS15;MRPS16;MRPS35;MRPL19;MRPL16;MRPL39;MRPS10;MRPL17;MRPL58;MRPL37;MRPL15;MRPL12;MRPL13;MRPL57;MRPL3;MRPL42;MRPL20;MRPL1;MRPL40;CHCHD1;PTCD3;MRPS27;MRPS22;MRPS23;MRPS18B;MRPS2;MRPL47;MRPL48;MRPL23;MRPL24;MRPL44;MRPS18C;MRPL50;MRPL51,0.4268292682926829
3,1034,Mitochondrial Translation Initiation R-HSA-5368286,35/82,2.038053150496436e-22,Metabolism of proteins,Reactome_2022,9.199545470990857e-24,0.0,0.0,14.102719741017614,748.0489858949364,MRPS17;MRPS15;MRPS16;MRPS35;MRPL19;MRPL16;MRPL39;MRPS10;MRPL17;MRPL58;MRPL37;MRPL15;MRPL12;MRPL13;MRPL57;MRPL3;MRPL42;MRPL20;MRPL1;MRPL40;CHCHD1;PTCD3;MRPS27;MRPS22;MRPS23;MRPS18B;MRPS2;MRPL47;MRPL48;MRPL23;MRPL24;MRPL44;MRPS18C;MRPL50;MRPL51,0.4268292682926829
3,1034,Mitochondrial Translation Elongation R-HSA-5389840,36/82,1.516368984853026e-23,Metabolism of proteins,Reactome_2022,6.318204103554274e-25,0.0,0.0,14.836629781301736,826.714701393452,MRPS17;GFM1;MRPS15;MRPS16;MRPS35;MRPL19;MRPL16;MRPL39;MRPS10;MRPL17;MRPL58;MRPL37;MRPL15;MRPL12;MRPL13;MRPL57;MRPL3;MRPL42;MRPL20;MRPL1;MRPL40;CHCHD1;PTCD3;MRPS27;MRPS22;MRPS23;MRPS18B;MRPS2;MRPL47;MRPL48;MRPL23;MRPL24;MRPL44;MRPS18C;MRPL50;MRPL51,0.43902439024390244
3,1034,mRNA 3-End Processing R-HSA-72187,32/58,6.487560862166246e-25,Metabolism of RNA,Reactome_2022,2.5905190942677716e-26,0.0,0.0,23.26424074927069,1370.6209825349513,FYTTD1;RBM8A;CSTF3;EIF4A3;CSTF2;SRSF1;U2AF1;CASC3;MAGOH;PAPOLA;CSTF1;SRSF11;CHTOP;THOC1;UPF3B;THOC2;THOC5;MAGOHB;CDC40;THOC7;SRRM1;WDR33;NUDT21;DDX39A;DDX39B;SARNP;SRSF2;SRSF3;SRSF4;RNPS1;SRSF7;SRSF9,0.5517241379310345
3,1034,RHO GTPases Activate Formins R-HSA-5663220,47/119,3.208185660221228e-28,Signal Transduction,Reactome_2022,1.2253486896678301e-29,0.0,0.0,12.496031746031743,831.8826045284909,ERCC6L;AHCTF1;ZWILCH;MIS12;BUB1B;CDCA8;CENPA;SKA1;AURKB;SKA2;CDC20;DSN1;NUF2;KNTC1;SPDL1;BUB3;BUB1;CENPU;NUDC;RCC2;NDE1;KNL1;RANGAP1;CKAP5;NDC80;ZWINT;SGO1;SGO2;CENPE;KIF18A;CENPF;KIF2A;CENPH;INCENP;CENPI;CENPK;CENPL;CENPM;KIF2C;CENPN;MAPRE1;CENPQ;MAD1L1;ITGB3BP;SPC24;MAD2L1;SPC25,0.3949579831932773
3,1034,EML4 And NUDC In Mitotic Spindle Formation R-HSA-9648025,47/97,6.0970435663428296e-33,Cell Cycle,Reactome_2022,1.2702174096547564e-34,0.0,0.0,18.015238095238097,1406.0660051722557,ERCC6L;AHCTF1;ZWILCH;MIS12;BUB1B;CDCA8;CENPA;SKA1;AURKB;SKA2;CDC20;DSN1;NUF2;KNTC1;SPDL1;BUB3;BUB1;CENPU;NUDC;RCC2;NDE1;KNL1;RANGAP1;CKAP5;NDC80;ZWINT;SGO1;SGO2;CENPE;KIF18A;CENPF;KIF2A;CENPH;INCENP;CENPI;CENPK;CENPL;CENPM;KIF2C;CENPN;MAPRE1;CENPQ;MAD1L1;ITGB3BP;SPC24;MAD2L1;SPC25,0.4845360824742268
3,1034,Cell Cycle Checkpoints R-HSA-69620,70/271,1.2361312120662202e-28,Cell Cycle,Reactome_2022,4.5067283773247626e-30,0.0,0.0,6.779123056914597,458.0787765323938,AHCTF1;ERCC6L;MCM7;ZWILCH;MCM8;BUB1B;MCM10;CDC20;NUF2;KNTC1;SPDL1;GTSE1;NUDC;KNL1;RANGAP1;CKAP5;SGO1;CCNA2;SGO2;DBF4;KIF2A;INCENP;UBE2V2;MCM3;MCM4;KIF2C;MCM5;MCM6;MAPRE1;MAD1L1;ITGB3BP;MIS12;CDCA8;PKMYT1;CENPA;SKA1;AURKB;SKA2;ORC5;CCNB2;DSN1;ORC6;CDC45;NSD2;CLSPN;BUB3;BUB1;CENPU;UBE2C;RCC2;NDE1;CDC7;CDC6;ZWINT;NDC80;CENPE;CENPF;KIF18A;CENPH;CENPI;UBE2S;CENPK;CENPL;CDK1;CENPM;CENPN;CENPQ;SPC24;MAD2L1;SPC25,0.25830258302583026
3,1034,Separation Of Sister Chromatids R-HSA-2467813,57/170,9.54497252602782e-30,Cell Cycle,Reactome_2022,3.1485152429605656e-31,0.0,0.0,9.73379770110778,683.6358277920326,ERCC6L;AHCTF1;ZWILCH;BUB1B;SMC3;CDC20;PTTG1;NUF2;KNTC1;SPDL1;NUDC;KNL1;RANGAP1;SMC1A;CKAP5;SGO1;SGO2;ESPL1;KIF2A;INCENP;KIF2C;MAPRE1;MAD1L1;ITGB3BP;MIS12;CDCA8;PDS5B;PDS5A;CENPA;SKA1;AURKB;SKA2;DSN1;RAD21;BUB3;BUB1;CENPU;UBE2C;RCC2;NDE1;NDC80;ZWINT;CENPE;KIF18A;CENPF;STAG2;CENPH;UBE2S;CENPI;CENPK;CENPL;CENPM;CENPN;CENPQ;SPC24;MAD2L1;SPC25,0.3352941176470588
3,1034,Major Pathway Of rRNA Processing In Nucleolus And Cytosol R-HSA-6791226,59/179,2.5799655143470653e-30,Metabolism of RNA,Reactome_2022,8.062392232334579e-32,0.0,0.0,9.50353846153846,680.410708240811,LTV1;RBM28;RPP30;WDR3;FCF1;PWP2;WDR46;WDR43;RRP9;FBL;NOB1;MTREX;UTP14A;UTP14C;UTP15;WDR36;WDR75;IMP4;UTP18;GNL3;EBNA1BP2;XRN2;C1D;UTP25;NIP7;HEATR1;ISG20L2;SNU13;MRPL13;NOL6;RRP7A;EMG1;EXOSC10;PDCD11;ERI1;BMS1;UTP20;DCAF13;NOP56;NOP14;NOP58;UTP6;UTP4;PNO1;KRR1;UTP3;WDR18;RPP40;RRP1B;WDR12;BYSL;BOP1;TBL3;LAS1L;MPHOSPH10;TSR1;NOL11;NOL12;MPHOSPH6,0.329608938547486
3,1034,Mitotic Metaphase And Anaphase R-HSA-2555396,67/233,2.286431646245632e-30,Cell Cycle,Reactome_2022,6.748148955933288e-32,0.0,0.0,7.846899490412529,563.1990854031345,AHCTF1;ERCC6L;ZWILCH;BUB1B;SMC3;LMNB1;CDC20;PTTG1;NUF2;RCC1;KNTC1;FBXO5;SPDL1;TNPO1;LBR;TMPO;NUDC;VRK1;KNL1;RANGAP1;SMC1A;CKAP5;SGO1;SGO2;KIF2A;ESPL1;INCENP;KIF2C;MAPRE1;MAD1L1;ITGB3BP;MIS12;CDCA8;PDS5B;PDS5A;CENPA;SKA1;AURKB;SKA2;CCNB2;DSN1;SPAST;RAD21;BUB3;BUB1;CENPU;UBE2C;RCC2;NDE1;ZWINT;NDC80;CENPE;CENPF;KIF18A;STAG2;CENPH;CENPI;UBE2S;CENPK;CENPL;CDK1;CENPM;CENPN;CENPQ;SPC24;MAD2L1;SPC25,0.2875536480686695
3,1034,RNA Polymerase II Transcription Termination R-HSA-73856,39/67,1.7557358253581748e-31,Gene expression (Transcription),Reactome_2022,4.877043959328263e-33,0.0,0.0,26.510480976310124,1972.4001653256964,FYTTD1;SLBP;RBM8A;CSTF3;EIF4A3;CSTF2;SRSF1;U2AF1;CASC3;LSM10;MAGOH;PAPOLA;CSTF1;SNRPD3;SRSF11;CHTOP;THOC1;UPF3B;THOC2;THOC5;MAGOHB;CDC40;THOC7;SRRM1;WDR33;NUDT21;DDX39A;DDX39B;SARNP;SNRPG;SRSF2;SRSF3;SNRPE;SRSF4;RNPS1;SNRPF;SRSF7;SNRPB;SRSF9,0.582089552238806
3,1034,rRNA Processing R-HSA-72312,64/199,4.0066623950909086e-32,Metabolism of RNA,Reactome_2022,1.0434016653882577e-33,0.0,0.0,9.203390607101948,698.9314533930971,LTV1;RBM28;RPP30;WDR3;FCF1;NAT10;PWP2;WDR46;WDR43;RRP9;FBL;NOB1;MTREX;UTP14A;UTP14C;UTP15;WDR36;DIMT1;WDR75;IMP4;UTP18;GNL3;EBNA1BP2;DKC1;XRN2;C1D;NHP2;UTP25;NIP7;HEATR1;NOP2;ISG20L2;SNU13;MRPL13;NOL6;RRP7A;EMG1;EXOSC10;PDCD11;ERI1;BMS1;UTP20;DCAF13;NOP56;UTP6;NOP14;NOP58;UTP4;PNO1;UTP3;KRR1;WDR18;RPP40;RRP1B;WDR12;BYSL;BOP1;TBL3;LAS1L;MPHOSPH10;TSR1;NOL11;NOL12;MPHOSPH6,0.32160804020100503
3,1034,Mitotic Spindle Checkpoint R-HSA-69618,49/110,3.1202466027736056e-32,Cell Cycle,Reactome_2022,7.5839327150747365e-34,0.0,0.0,15.417242240159773,1175.7475888671895,ERCC6L;AHCTF1;ZWILCH;BUB1B;CDC20;NUF2;KNTC1;SPDL1;NUDC;KNL1;RANGAP1;CKAP5;SGO1;SGO2;KIF2A;INCENP;KIF2C;MAPRE1;MAD1L1;ITGB3BP;MIS12;CDCA8;CENPA;SKA1;AURKB;SKA2;DSN1;BUB3;BUB1;CENPU;UBE2C;RCC2;NDE1;NDC80;ZWINT;CENPE;KIF18A;CENPF;CENPH;UBE2S;CENPI;CENPK;CENPL;CENPM;CENPN;CENPQ;SPC24;MAD2L1;SPC25,0.44545454545454544
3,1034,Mitotic Anaphase R-HSA-68882,66/232,1.1439947507601768e-29,Cell Cycle,Reactome_2022,3.972203995695058e-31,0.0,0.0,7.721796276013143,540.5320463259643,AHCTF1;ERCC6L;ZWILCH;BUB1B;SMC3;LMNB1;CDC20;PTTG1;NUF2;RCC1;KNTC1;SPDL1;TNPO1;LBR;TMPO;NUDC;VRK1;KNL1;RANGAP1;SMC1A;CKAP5;SGO1;SGO2;KIF2A;ESPL1;INCENP;KIF2C;MAPRE1;MAD1L1;ITGB3BP;MIS12;CDCA8;PDS5B;PDS5A;CENPA;SKA1;AURKB;SKA2;CCNB2;DSN1;SPAST;RAD21;BUB3;BUB1;CENPU;UBE2C;RCC2;NDE1;ZWINT;NDC80;CENPE;CENPF;KIF18A;STAG2;CENPH;CENPI;UBE2S;CENPK;CENPL;CDK1;CENPM;CENPN;CENPQ;SPC24;MAD2L1;SPC25,0.28448275862068967
3,1034,"Endonucleolytic Cleavage Of Tricistronic rRNA Transcript (SSU-rRNA, 5.8S rRNA, LSU-rRNA) (GO:0000479)",8/13,1.013955560885647e-06,cellular process,GO_Biological_Process_2023,5.069777804428234e-08,0.0,0.0,29.568810916179338,496.6786640750036,NOP14;TBL3;BMS1;RPP40;RRS1;SDE2;TSR1;UTP20,0.6153846153846154
3,1034,RNA Capping (GO:0036260),6/7,2.3484977027739107e-06,cellular process,GO_Biological_Process_2023,1.2601694990494158e-07,0.0,0.0,110.69066147859922,1758.5258706665272,SNRPD2;SNRPD1;SNRPG;SNRPE;SNRPD3;SNRPF,0.8571428571428571
3,1034,Kinetochore Assembly (GO:0051382),7/9,6.518001098568147e-07,cellular process,GO_Biological_Process_2023,3.1795127310088523e-08,0.0,0.0,64.62901655306719,1115.752290516302,CENPE;CENPF;CENPW;MIS12;KNTC1;DLGAP5;CENPC,0.7777777777777778
3,1034,Single-Stranded DNA Binding (GO:0003697),26/96,1.2396749621269359e-10,binding,GO_Molecular_Function_2023,1.657319468084139e-12,0.0,0.0,6.96281179138322,188.8719765408024,MCM7;MCM8;HMGB2;HNRNPU;MCM10;NUCKS1;SMC6;RAD51AP1;RECQL4;CDC45;PCBP1;DDX11;RECQL;WBP11;MMS22L;FAM111A;MSH2;TDP2;FUBP1;MCM3;MCM4;MCM5;MCM6;SSBP1;HROB;MCM2,0.2708333333333333
3,1034,Centromere Complex Assembly (GO:0034508),11/14,7.531204039769669e-11,None,GO_Biological_Process_2023,2.112410889203688e-12,0.0,0.0,67.96774193548387,1827.1898031884805,CENPE;CENPF;CENPW;MIS18A;NASP;CENPI;MIS12;HJURP;OIP5;DLGAP5;CENPC,0.7857142857142857
3,1034,Mitotic Metaphase Plate Congression (GO:0007080),19/50,7.365163847910184e-11,localization,GO_Biological_Process_2023,2.0209291046095018e-12,0.0,0.0,11.433815350389322,307.8836484573762,CDT1;NUDC;MIS12;KIF14;CDCA8;KIF22;NDC80;CENPC;CENPE;KIF18A;PSRC1;KIFC1;NUF2;RRS1;KIF2C;SPDL1;MAPRE1;CEP55;MAD1L1,0.38
3,1034,Regulation Of DNA-templated DNA Replication (GO:0090329),12/17,6.213722477117095e-11,biological regulation,GO_Biological_Process_2023,1.667096274348489e-12,0.0,0.0,44.526810176125245,1207.5643206620948,CDT1;TIPIN;MCM7;GMNN;MCM3;METTL4;MCM4;WRNIP1;MCM5;MCM6;TICRR;MCM2,0.7058823529411765
3,1034,RNA Metabolic Process (GO:0016070),28/111,5.987511611634549e-11,cellular process,GO_Biological_Process_2023,1.569896337196864e-12,0.0,0.0,6.332175620972958,172.1086063627732,RNASEH2B;RNASEH2A;NUFIP1;DHX8;FASTKD2;HNRNPU;LAGE3;TBRG4;SYNCRIP;RNASEH1;EXOSC10;ALKBH1;PAPOLA;MTREX;THOC1;DNTTIP2;TFIP11;HNRNPL;SUPV3L1;PRPF4;SNRNP40;HNRNPK;DDX39B;DKC1;XRN2;HNRNPD;MPHOSPH10;HNRNPH3,0.25225225225225223
3,1034,DNA Unwinding Involved In DNA Replication (GO:0006268),13/20,3.779077708212816e-11,None,GO_Biological_Process_2023,9.678125838105991e-13,0.0,0.0,34.48537848048132,953.9944729817872,GINS1;GINS2;MCM7;GINS3;RECQL;RECQL4;CDC45;MCM3;MCM4;MCM5;MCM6;SSBP1;MCM2,0.65
3,1034,U1 snRNP (GO:0005685),12/18,3.431277708004752e-11,protein-containing complex,GO_Cellular_Component_2023,4.765663483339933e-12,0.0,0.0,37.10371819960861,967.278511211338,SNRPD2;SNRNP70;SNRPD1;SNRPG;LUC7L;LUC7L3;PRPF40A;SNRPE;SNRPD3;SNRPF;SNRPA;SNRPB,0.6666666666666666
3,1034,DNA Duplex Unwinding (GO:0032508),18/41,1.5718864172232176e-11,None,GO_Biological_Process_2023,3.929716043058044e-13,0.0,0.0,14.59149263950702,416.8065568895654,GINS1;GINS2;MCM7;MCM8;DDX1;DDX11;GINS3;DDX12P;RECQL;RECQL4;SUPV3L1;CDC45;MCM3;MCM4;MCM5;MCM6;SSBP1;MCM2,0.43902439024390244
3,1034,Spindle Microtubule (GO:0005876),22/68,1.2335920472256055e-11,cellular anatomical structure,GO_Cellular_Component_2023,1.6447893963008077e-12,0.0,0.0,8.9413988657845,242.6106303694015,ZWILCH;HNRNPU;HAUS3;HAUS6;KIF11;TUBG1;SKA3;AURKB;SKA1;HAUS1;AURKA;SKA2;CENPE;KIF18A;PSRC1;KIF18B;FAM161A;KIF2A;PRC1;KIF4A;CDK1;KNTC1,0.3235294117647059
3,1034,Mitotic Spindle Assembly (GO:0090307),19/44,5.161428880972015e-12,cellular process,GO_Biological_Process_2023,1.2588850929200038e-13,0.0,0.0,14.182423645320196,421.26591497983503,BCCIP;SPICE1;CDCA8;KIF23;KIF11;SMC3;SMC1A;AURKB;MZT1;TPX2;STAG1;STAG2;RACGAP1;KIF2A;INCENP;KIFC1;PRC1;KIF4A;ZNF207,0.4318181818181818
3,1034,CMG Complex (GO:0071162),9/10,1.6853563387037883e-10,protein-containing complex,GO_Cellular_Component_2023,2.434403600349916e-11,0.0,0.0,166.5219512195122,4069.5857083800656,GINS1;GINS2;MCM7;GINS3;MCM3;MCM4;MCM5;MCM6;MCM2,0.9
3,1034,Positive Regulation Of Chromosome Segregation (GO:0051984),13/18,4.956454627406776e-12,biological regulation,GO_Biological_Process_2023,1.178669088224782e-13,0.0,0.0,48.28462291870715,1437.3955766886934,NCAPH2;RCC2;NCAPG2;NCAPG;CDC6;SMC6;SMC4;NCAPH;SMC2;CDK1;NCAPD2;NCAPD3;RAD18,0.7222222222222222
3,1034,Maturation Of SSU-rRNA (GO:0030490),18/38,3.354497246411764e-12,cellular process,GO_Biological_Process_2023,7.568073055928979e-14,0.0,0.0,16.782874015748032,507.0484327587347,UTP25;NOP14;UTP6;UTP4;UTP3;WDR3;HEATR1;NGDN;NAT10;SNU13;PWP2;WDR46;WDR43;NOB1;MPHOSPH10;TSR1;NOL11;DCAF13,0.47368421052631576
3,1034,U5 snRNP (GO:0005682),13/19,2.7827227377248627e-12,protein-containing complex,GO_Cellular_Component_2023,3.555701275981769e-13,0.0,0.0,40.235063663075415,1153.3402685892502,DDX23;PRPF8;SNRNP40;PRPF18;SNRPD2;SNRPD1;SNRPG;SNRPE;SNRPD3;SNRPF;SNRNP200;TXNL4A;SNRPB,0.6842105263157895
3,1034,Gene Expression (GO:0010467),51/296,1.2570093596869746e-12,cellular process,GO_Biological_Process_2023,2.7592888383372614e-14,0.0,0.0,3.9644196233936095,123.77401058460389,MRPS17;MRPS15;MRPS16;NXT1;FASTKD2;EIF4A3;MRPS12;HNRNPU;MRPL37;CASC3;MRPL42;SYNCRIP;MRPL3;MAGOH;MRPS18B;THOC1;DNTTIP2;TFIP11;THOC2;THOC5;THOC7;DARS1;MRPS18C;PRPF4;DDX39A;MRPL51;DDX39B;DKC1;SARNP;XRN2;SRSF3;HNRNPH3;FYTTD1;NUFIP1;DHX8;RBM8A;MRPL12;MRPL13;GSPT1;EXOSC10;TASP1;CHTOP;MAGOHB;MRPL23;MRPL24;HNRNPL;SNRNP40;HNRNPK;HNRNPA2B1;HNRNPD;MPHOSPH10,0.17229729729729729
3,1034,DNA-templated DNA Replication (GO:0006261),24/69,1.1878682402802345e-12,cellular process,GO_Biological_Process_2023,2.5350846591346467e-14,0.0,0.0,9.991287128712871,312.78687785602983,GINS1;WDHD1;GINS2;RRM1;MCM7;POLDIP2;GINS3;WDR18;RECQL;MCM10;WRNIP1;NOC3L;ORC5;RECQL4;CDC45;ORC6;MCM3;MCM4;MCMBP;MCM5;MCM6;SSBP1;MCM2;TEFM,0.34782608695652173
3,1034,U2-type Catalytic Step 2 Spliceosome (GO:0071007),16/29,6.838062367714448e-13,protein-containing complex,GO_Cellular_Component_2023,8.357631782762103e-14,0.0,0.0,22.914311621580776,690.0190369470583,DHX8;BUD31;CDC5L;PRPF19;PRPF8;CDC40;SNRNP40;SNRPD2;SNRPD1;SNRPG;SNRPA1;SNRPE;SNRPD3;SNRPF;BCAS2;SNRPB,0.5517241379310345
3,1034,Microtubule Cytoskeleton (GO:0015630),55/342,4.568832149394264e-13,cellular anatomical structure,GO_Cellular_Component_2023,5.330304174293308e-14,0.0,0.0,3.6563833535606634,111.749250988789,CEP57;KIF14;BUB1B;KIF11;KIF15;CDC20;NUDCD2;FBXO5;GTSE1;NUDC;GAS2L3;CKAP2L;SPICE1;CKAP2;KIF23;KIF22;HASPIN;TUBG1;CCSAP;CKAP5;PSRC1;KIF2A;INCENP;KIFC1;KIF2C;KIF20A;KIF20B;MAPRE1;MAD1L1;DCUN1D5;CDCA8;TUBD1;TTK;HMMR;SKA1;AURKB;AURKA;CCNB2;SPAST;RACGAP1;KATNA1;FAM83D;SAC3D1;CBX3;CBX1;TBCA;LRPPRC;MZT1;TPX2;CENPE;CENPF;KIF18A;PRC1;MAP6D1;TUBGCP3,0.1608187134502924
3,1034,mRNA Metabolic Process (GO:0016071),27/85,3.920593245360216e-13,cellular process,GO_Biological_Process_2023,8.128059167210204e-15,0.0,0.0,8.740814299900695,283.582208625175,TCERG1;SF3B2;GEMIN2;CSTF3;SRSF1;HNRNPR;U2AF1;PRPF8;TBRG4;DHX15;METTL16;HNRNPA0;SF3A3;SF3A1;SSB;METTL3;LSM5;HNRNPAB;LSM3;LSM2;NUDT21;PRPF18;HNRNPA2B1;SRSF2;SRSF4;SRSF7;SRSF9,0.3176470588235294
3,1034,"Maturation Of SSU-rRNA From Tricistronic rRNA Transcript (SSU-rRNA, 5.8S rRNA, LSU-rRNA) (GO:0000462)",17/30,3.727056962617797e-13,cellular process,GO_Biological_Process_2023,7.499565839413861e-15,0.0,0.0,24.37039558278496,792.6210708139643,UTP25;NOP14;UTP6;UTP4;UTP3;HEATR1;NGDN;RPP40;PWP2;WDR46;WDR43;TBL3;BMS1;RRS1;TSR1;UTP20;DCAF13,0.5666666666666667
3,1034,Condensed Nuclear Chromosome (GO:0000794),16/28,3.541313863144242e-13,cellular anatomical structure,GO_Cellular_Component_2023,3.934793181271381e-14,0.0,0.0,24.825147347740668,766.2612643176583,NIFK;NCAPH2;NCAPG2;NCAPG;SMC1A;TUBG1;SMC4;NCAPH;LRPPRC;NOL6;SMC2;PSMC3IP;RRS1;RCC1;NCAPD2;NCAPD3,0.5714285714285714
3,1034,Translation (GO:0006412),46/234,1.702321024817171e-13,cellular process,GO_Biological_Process_2023,3.3216019996432603e-15,0.0,0.0,4.650422086312344,155.03730242475586,MRPS17;MRPS15;MRPS16;FASTKD2;MRPL19;MRPS12;MRPL16;MRPL17;MRPL39;MRPS10;MRPL58;MRPL37;MRPL12;APEH;MRPL13;MRPL57;GSPT1;MRPL20;MRPL42;MRPL3;MRPL40;MRPL1;IARS1;CHCHD1;MRPS28;PTCD3;MRPS27;RARS1;MRPS22;MRPS23;MRPS18B;MRPS2;MRPL47;MRPL48;MRPL23;MRPL24;FTSJ1;DARS1;MRPS18C;MRPL44;MRPL50;MRPL51;EPRS1;ETF1;ABCE1;DAP3,0.19658119658119658
3,1034,DNA Replication (GO:0006260),24/73,4.608141286287231e-12,cellular process,GO_Biological_Process_2023,1.0677400541397243e-13,0.0,0.0,9.17373206708426,274.00159716956523,WDHD1;FEN1;DUT;RNASEH2A;MCM7;POLDIP2;MCM8;WDR18;DONSON;WRNIP1;TICRR;ORC5;RECQL4;FAM111B;FAM111A;RNASEH1;GRWD1;PCLAF;CDK1;MCM4;MCMBP;MCM5;MCM6;MCM2,0.3287671232876712
3,1034,Regulation Of Chromosome Segregation (GO:0051983),17/28,7.849292702256898e-14,biological regulation,GO_Biological_Process_2023,1.4837077668900232e-15,0.0,0.0,28.80441583981407,983.5046625935132,CDCA2;NCAPH2;NCAPG2;NCAPG;C9ORF78;SMC6;CDC6;MKI67;SMC4;NCAPH;SMC2;ZNF207;KIF2C;NCAPD2;NCAPD3;BUB1;RAD18,0.6071428571428571
3,1034,DNA Damage Response (GO:0006974),55/384,2.2753849065365223e-10,cellular process,GO_Biological_Process_2023,6.520920158976619e-12,0.0,0.0,3.182439124346846,81.96691997602791,TOP2A;FEN1;MCM7;MCM8;NUDT1;MCM10;SMC6;HPF1;ALKBH1;PCLAF;MTREX;FBXO5;WDHD1;DDX11;METTL3;RECQL;VRK1;MASTL;SMC1A;WDR76;INIP;TRAIP;MSH6;RAD51C;NSMCE4A;MSH2;TIMELESS;ASF1A;DCUN1D5;USP10;PDS5B;PDS5A;UNG;RECQL4;RAD51AP1;OARD1;HLTF;NAE1;ZRANB3;POLQ;SLF1;RRM1;SLF2;CBX5;CBX3;CBX1;HINFP;TICRR;FAM111A;RFWD3;UBE2T;CDK1;HROB;RAD18;CENPS,0.14322916666666666
3,1034,Chromatin Organization (GO:0006325),37/268,1.0084577589382527e-06,cellular process,GO_Biological_Process_2023,4.980797467926736e-08,0.0,0.0,3.0098737771756827,50.61130065391506,SUV39H2;HMGB2;HNRNPU;PSIP1;DDX21;NUCKS1;CHAF1B;HMGN4;CHAF1A;SART3;HIRIP3;HMGN2;SF3B1;PCGF6;CHTOP;DR1;CBX5;PHF10;CBX3;DDX11;PIH1D1;CBX1;DEK;SSRP1;NPM3;NASP;GRWD1;MTF2;HAT1;DNAJC9;ANP32B;HNRNPC;ASF1A;ASF1B;EZH2;PHF19;FAM50A,0.13805970149253732
3,1034,Establishment Of Chromosome Localization (GO:0051303),9/14,9.592216786740839e-08,None,GO_Biological_Process_2023,4.035749745640963e-09,0.0,0.0,33.29736585365853,643.5739426311136,CENPF;INCENP;NDE1;SPICE1;KIF2C;KIF22;FAM83D;CENPQ;NDC80,0.6428571428571429
3,1034,"Protein Localization To Chromosome, Centromeric Region (GO:0071459)",10/18,9.435619949639636e-08,localization,GO_Biological_Process_2023,3.912330223021312e-09,0.0,0.0,23.14208984375,448.010787673466,MTBP;IK;ZWILCH;CDK1;TTK;KNL1;BUB3;SPDL1;HASPIN;CENPA,0.5555555555555556
3,1034,Spindle Assembly (GO:0051225),20/81,8.80306218005999e-08,cellular process,GO_Biological_Process_2023,3.5963729638049953e-09,0.0,0.0,6.112781711772884,118.85289322535192,BCCIP;SPICE1;HAUS3;HAUS6;KIF11;SMC3;SMC1A;MZT1;HAUS1;TPX2;STAG1;STAG2;KIF2A;KIFC1;ZNF207;RCC1;NEK2;TUBGCP3;MAPRE1;SAC3D1,0.24691358024691357
3,1034,U6 snRNA Binding (GO:0017070),9/13,8.072575077011179e-08,binding,GO_Molecular_Function_2023,1.5109097737721458e-09,0.0,0.0,41.62390243902439,845.4045126992697,PRPF4;LSM7;SART3;LARP7;METTL16;LSM4;PRPF8;LSM3;LSM2,0.6923076923076923
3,1034,Kinetochore Organization (GO:0051383),8/10,5.065567920301753e-08,cellular process,GO_Biological_Process_2023,2.0385822118287544e-09,0.0,0.0,73.93372319688109,1479.4885677496957,CENPE;CENPF;CENPW;CENPH;MIS12;NUF2;DLGAP5;CENPC,0.8
3,1034,Protein Localization To Condensed Chromosome (GO:1903083),8/10,5.065567920301753e-08,localization,GO_Biological_Process_2023,2.0385822118287544e-09,0.0,0.0,73.93372319688109,1479.4885677496957,MTBP;IK;ZWILCH;CDK1;TTK;BUB3;KNL1;SPDL1,0.8
3,1034,DNA-templated DNA Replication Maintenance Of Fidelity (GO:0045005),15/43,4.519581103735331e-08,cellular process,GO_Biological_Process_2023,1.7637389673113486e-09,0.0,0.0,9.956189541567364,200.67526253365403,ZRANB3;TIPIN;CENPX;MCM8;DDX11;DONSON;THOC1;NUCKS1;TRAIP;FAM111A;MMS22L;RFWD3;TIMELESS;ASF1A;CENPS,0.3488372093023256
3,1034,Regulation Of RNA Splicing (GO:0043484),23/102,4.372359903335932e-08,biological regulation,GO_Biological_Process_2023,1.679626060427827e-09,0.0,0.0,5.438918729419425,109.89169216161947,SF3B5;ENY2;SF3B3;FUS;SRSF1;LARP7;RRP1B;SRRM1;SRPK1;PQBP1;HNRNPL;HNRNPK;SNRNP70;TRA2B;METTL4;SRSF3;HNRNPH2;HNRNPH3;RBM12;METTL16;SRSF10;MCM2;FAM50A,0.22549019607843138
3,1034,RNA Methylation (GO:0001510),18/62,3.3853900858928e-08,cellular process,GO_Biological_Process_2023,1.2798425934472776e-09,0.0,0.0,7.618915533285612,156.0089428883541,DIMT1;NSUN2;METTL3;FTSJ1;TARBP1;FBL;SNRPD2;SNRPD1;TRMT6;SNRPG;METTL4;METTL5;SNRPE;SNRPD3;SNRPF;METTL16;METTL8;SNRPB,0.2903225806451613
3,1034,Regulation Of Translation (GO:0006417),34/202,2.8582315049152665e-08,biological regulation,GO_Biological_Process_2023,1.06312269390141e-09,0.0,0.0,3.804357142857143,78.60583775017193,DDX1;EIF4A3;NOLC1;NAT10;TYMS;BZW2;MRPL13;GSPT1;SYNCRIP;TCOF1;ALKBH1;EIF4H;METTL5;PAIP1;EIF5B;SSB;IFRD2;METTL3;UPF3B;UPF3A;PASK;LARP4;PUS7;PUM3;LRPPRC;DHFR;ILF3;EPRS1;SERBP1;HNRNPD;GEMIN5;ETF1;CNOT9;EIF3B,0.16831683168316833
3,1034,Mitotic Sister Chromatid Cohesion (GO:0007064),12/19,4.2114054015677945e-10,cellular process,GO_Biological_Process_2023,1.2326064589954522e-11,0.0,0.0,31.80150964495387,798.8318209718406,NAA50;SGO1;STAG1;STAG2;DSCC1;RAD21;ESCO2;PDS5B;HASPIN;PDS5A;SMC1A;SMC3,0.631578947368421
3,1034,Regulation Of Chromosome Condensation (GO:0060623),7/7,2.6463934436793186e-08,biological regulation,GO_Biological_Process_2023,9.681927232973116e-10,0.0,0.0,132762.0,2755553.6334932884,NCAPH2;NCAPG2;NCAPG;NCAPD3;SMC4;NCAPH;SMC2,1.0
3,1034,Attachment Of Mitotic Spindle Microtubules To Kinetochore (GO:0051315),9/12,1.3780063155604074e-08,cellular process,GO_Biological_Process_2023,4.873436969664854e-10,0.0,0.0,55.50146341463415,1190.0652367791404,CDT1;CENPE;MIS12;NUF2;KIF2C;MAPRE1;MAD1L1;NDC80;CENPC,0.75
3,1034,Regulation Of DNA-templated DNA Replication Initiation (GO:0030174),9/12,1.3780063155604074e-08,biological regulation,GO_Biological_Process_2023,4.873436969664854e-10,0.0,0.0,55.50146341463415,1190.0652367791404,MCM7;GMNN;MCM3;MCM4;MCM5;WRNIP1;MCM6;MCM2;TICRR,0.75
3,1034,mRNA Transport (GO:0051028),18/58,1.1101946800563494e-08,localization,GO_Biological_Process_2023,3.790908663607047e-10,0.0,0.0,8.38257874015748,181.84533590664967,FYTTD1;SLBP;CHTOP;NXT1;RBM8A;EIF4A3;THOC1;CASC3;THOC2;THOC5;MAGOHB;THOC7;DDX39A;DDX39B;SARNP;MAGOH;HNRNPA2B1;SRSF3,0.3103448275862069
3,1034,Double-Strand Break Repair Via Homologous Recombination (GO:0000724),25/111,1.0133937696794022e-08,cellular process,GO_Biological_Process_2023,3.3985766666077507e-10,0.0,0.0,5.439417336990343,118.59286501419318,FEN1;MCM7;MCM8;NUCKS1;SMC6;RAD54B;RAD51AP1;RECQL4;CDC45;RAD21;GINS2;SLF1;SLF2;RECQL;CDC7;INIP;MMS22L;NSMCE4A;RAD51C;RFWD3;MCM3;MCM4;MCM5;MCM6;MCM2,0.22522522522522523
3,1034,Positive Regulation Of Chromosome Organization (GO:2001252),14/33,8.829752245250339e-09,biological regulation,GO_Biological_Process_2023,2.9073574466068187e-10,0.0,0.0,13.68720330237358,300.55190942142366,FEN1;DDX11;NCAPH2;NCAPG2;NCAPG;SMC4;AURKB;NCAPH;SMC2;GNL3;RAD21;CDK1;NCAPD2;NCAPD3,0.42424242424242425
3,1034,mRNA Export From Nucleus (GO:0006406),19/62,4.874888428609551e-09,localization,GO_Biological_Process_2023,1.5754212604652817e-10,0.0,0.0,8.237759193492954,185.93716660689824,FYTTD1;ENY2;CHTOP;NXT1;RBM8A;EIF4A3;THOC1;CASC3;THOC2;THOC5;MAGOHB;THOC7;DDX19A;DDX39A;DDX39B;SARNP;MAGOH;HNRNPA2B1;SRSF3,0.3064516129032258
3,1034,Protein Localization To Kinetochore (GO:0034501),9/11,4.028126228897948e-09,localization,GO_Biological_Process_2023,1.2772107555042274e-10,0.0,0.0,83.25658536585365,1896.68261857364,MTBP;IK;ZWILCH;CDK1;KNTC1;TTK;BUB3;KNL1;SPDL1,0.8181818181818182
3,1034,Metaphase Plate Congression (GO:0051310),18/51,1.0664089276077203e-09,localization,GO_Biological_Process_2023,3.3162716651215685e-11,0.0,0.0,10.16445955619184,245.26429109701323,NUDC;KIF14;SPICE1;CDCA8;KIF22;NDC80;CENPE;CENPF;KIF18A;PSRC1;INCENP;KIFC1;RRS1;KIF2C;SPDL1;FAM83D;CENPQ;CEP55,0.35294117647058826
3,1034,Positive Regulation Of Chromosome Separation (GO:1905820),10/13,1.063979947255748e-09,biological regulation,GO_Biological_Process_2023,3.243841302608988e-11,0.0,0.0,61.728515625,1490.8472209508964,INCENP;NCAPH2;NCAPG2;CDCA8;NCAPG;NCAPD2;NCAPD3;SMC4;NCAPH;SMC2,0.7692307692307693
3,1034,Microtubule Binding (GO:0008017),41/239,6.86814320975941e-10,binding,GO_Molecular_Function_2023,1.1018411566458948e-11,0.0,0.0,3.913698922762367,98.748312240094,CEP57;CETN3;KIF14;SKA1;SKA2;KIF15;SPAST;RACGAP1;KATNA1;NUSAP1;ZNF207;FAM83D;GTSE1;DLGAP5;GAS2L3;SPAG5;RCC2;NDE1;KIF23;HAUS6;KIF22;KNSTRN;CCSAP;CKAP5;LRPPRC;CENPE;KIF18A;KIF18B;PSRC1;KIF2A;FAM161A;CEP57L1;KIFC1;PRC1;MAP6D1;KIF2C;TUBGCP3;KIF20A;KIF20B;MAPRE1;SPC24,0.17154811715481172
3,1034,Positive Regulation Of Chromosome Condensation (GO:1905821),7/7,2.6463934436793186e-08,biological regulation,GO_Biological_Process_2023,9.681927232973116e-10,0.0,0.0,132762.0,2755553.6334932884,NCAPH2;NCAPG2;NCAPG;NCAPD3;SMC4;NCAPH;SMC2,1.0
3,1034,snoRNA Binding (GO:0030515),18/31,6.136487534341184e-14,binding,GO_Molecular_Function_2023,6.563088272022657e-16,0.0,0.0,25.829345850999395,902.9913537647644,NOP56;UTP25;NOP14;NOP58;UTP6;NUFIP1;WDR3;HEATR1;NUDT1;DDX21;SNU13;RRP9;BYSL;TBL3;DKC1;NHP2;SDE2;TSR1,0.5806451612903226
3,1034,DNA Repair (GO:0006281),53/291,4.213699962343584e-14,cellular process,GO_Biological_Process_2023,7.707987735994362e-16,0.0,0.0,4.251295625283753,147.94127999524233,DCLRE1B;DCLRE1A;FEN1;CETN2;NUDT1;NUCKS1;HPF1;ALKBH1;WDHD1;ZGRF1;RECQL;WRNIP1;SMC1A;INIP;WDR33;TRAIP;MSH6;RAD51C;NSMCE4A;MSH2;TIMELESS;UBE2V2;ASF1A;RNASEH2B;RNASEH2A;POLDIP2;DDX1;PDS5B;PDS5A;UNG;RECQL4;RAD51AP1;RAD21;HLTF;NSD2;PMS1;ZRANB3;FANCI;POLQ;RRM1;CENPX;APEX2;HINFP;TICRR;FAM111A;TDP2;RFWD3;UBE2T;CDK1;TRIP13;HROB;RAD18;CENPS,0.18213058419243985
3,1034,mRNA Binding (GO:0003729),53/282,2.3945336204943743e-14,binding,GO_Molecular_Function_2023,1.920748893444685e-16,0.0,0.0,4.420500425107613,159.9719264824972,DAZAP1;EIF4A3;HNRNPU;HNRNPR;SYNCRIP;SNRNP70;LUC7L;SNRNP35;METTL3;THOC2;THOC5;CDC40;GNL3;GEMIN5;LUC7L3;ETF1;SRSF7;FYTTD1;SLBP;RBM8A;CSTF3;CSTF2;UTP23;SRSF1;MRPL12;TYMS;MRPL13;DHX33;PCBP1;TRA2B;G3BP1;SF3B1;CHTOP;SSB;LARP7;UPF3B;UPF3A;LARP4;HNRNPAB;PUM3;LRPPRC;DHFR;HNRNPL;HNRNPM;NUDT21;HNRNPK;FUBP1;HNRNPA2B1;SERBP1;RBM42;RNPS1;HNRNPC;TARDBP,0.1879432624113475
3,1034,protein-RNA Complex Assembly (GO:0022618),48/150,2.770616419990864e-23,cellular process,GO_Biological_Process_2023,1.858340281701189e-25,0.0,0.0,9.003221572604701,512.6879442844722,GEMIN2;DDX1;NOP2;DDX23;SRSF1;PPAN;PWP2;PRPF19;RRP7A;MRPL20;SART3;SNRPD2;SNRPD1;RRS1;LUC7L;BRIX1;SNRPD3;TXNL4A;SF3B1;SRSF10;MDN1;RRP7BP;LSM4;NLE1;WDR77;SRPK1;GCFC2;BOP1;NUDT21;EIF3M;SHQ1;PRPF18;DDX39B;CLNS1A;EIF3J;GEMIN4;SNRPG;GEMIN5;LUC7L3;GEMIN6;SNRPE;SNRPF;DHX29;HNRNPC;SNRNP200;SNRPB;SRSF9;EIF3B,0.32
3,1034,rRNA Processing (GO:0006364),41/101,2.3319064345048732e-24,cellular process,GO_Biological_Process_2023,1.42189416738102e-26,0.0,0.0,13.01017119838872,774.3032338228419,DDX27;WDR3;NOP2;NOLC1;NAT10;NOL8;SNU13;RRP9;NOL6;RRP7A;FBL;EMG1;EXOSC10;NOB1;ERI1;MTREX;UTP20;LYAR;RRP15;DCAF13;UTP15;NOP56;NOP14;WDR36;NOP58;RRP7BP;UTP4;PIH1D1;WDR18;DDX10;EBNA1BP2;LAS1L;DKC1;MRTO4;XRN2;C1D;NHP2;MPHOSPH10;ESF1;NOL11;MPHOSPH6,0.40594059405940597
3,1034,Ribosomal Small Subunit Biogenesis (GO:0042274),38/84,1.4263080115173823e-24,cellular process,GO_Biological_Process_2023,7.827300063205148e-27,0.0,0.0,15.69233455561376,943.3004375412828,LTV1;WDR3;MRPS12;HEATR1;FCF1;NAT10;SNU13;PWP2;WDR46;WDR43;RRP9;NOL6;RRP7A;FBL;EMG1;EXOSC10;NOB1;BMS1;UTP20;UTP15;NOP56;WDR36;NOP14;NOP58;UTP6;RRP7BP;UTP4;DIMT1;KRR1;PNO1;UTP3;NGDN;DNTTIP2;WDR75;UTP18;TBL3;MPHOSPH10;NOL11,0.4523809523809524
3,1034,U2-type Precatalytic Spliceosome (GO:0071005),31/49,6.560152556151422e-27,protein-containing complex,GO_Cellular_Component_2023,4.00898211764809e-28,0.0,0.0,32.53506148222001,2052.436783116801,SF3B5;SF3B2;SF3B3;WBP4;SNU13;CWC27;PRPF8;SNRPD2;RBMX2;SNRPD1;SNRPD3;TXNL4A;SF3B1;SF3A3;IK;SF3A1;PRPF38A;LSM5;MAGOHB;LSM4;LSM3;LSM2;PRPF4;LSM7;PHF5A;SNRPG;SNRPA1;SNRPE;SNRPF;SNRNP200;SNRPB,0.6326530612244898
3,1034,Precatalytic Spliceosome (GO:0071011),32/52,3.576775593852874e-27,protein-containing complex,GO_Cellular_Component_2023,1.987097552140485e-28,0.0,0.0,30.253093812375248,1929.7149942863332,SF3B5;SF3B2;SF3B3;WBP4;SNU13;CWC27;PRPF8;SNRPD2;RBMX2;SNRPD1;SNRPD3;TXNL4A;SF3B1;SF3A3;IK;PRPF38B;SF3A1;PRPF38A;LSM5;MAGOHB;LSM4;LSM3;LSM2;PRPF4;LSM7;PHF5A;SNRPG;SNRPA1;SNRPE;SNRPF;SNRNP200;SNRPB,0.6153846153846154
3,1034,Spindle (GO:0005819),60/210,3.3221293005371736e-27,cellular anatomical structure,GO_Cellular_Component_2023,1.661064650268587e-28,0.0,0.0,7.727310061601643,494.2767996669848,HNRNPU;BUB1B;KIF11;SPOUT1;CDC20;NUDCD2;NUSAP1;FBXO5;DLGAP5;NUDC;CKAP2L;SPICE1;CKAP2;HAUS3;KIF23;KIF22;HASPIN;TUBG1;KNSTRN;CCSAP;PSRC1;KIF2A;FAM161A;ESPL1;INCENP;KIFC1;KIF2C;KIF20A;MAPRE1;MAD1L1;DCUN1D5;TTK;WDR62;HMMR;SKA3;SKA1;AURKB;SKA2;AURKA;RACGAP1;KATNA1;ECT2;FAM83D;SAC3D1;DR1;SPAG5;CBX3;CBX1;CDC7;CDC6;MZT1;TPX2;CENPE;CENPF;PRC1;KIF4A;TACC3;CDK1;TUBGCP3;MAD2L1,0.2857142857142857
3,1034,Ribonucleoprotein Complex Biogenesis (GO:0022613),48/118,1.2302939205508375e-28,cellular process,GO_Biological_Process_2023,6.001433758784573e-31,0.0,0.0,13.141234424804404,914.474054123368,LTV1;PAK1IP1;WDR3;NIP7;MRPS12;HEATR1;FCF1;NAT10;SNU13;PWP2;WDR46;WDR43;RRP9;NOL6;RRP7A;FBL;EMG1;EXOSC10;BMS1;RRS1;UTP20;UTP15;NOP56;NOP14;WDR36;NOP58;UTP6;NOP16;UTP4;DIMT1;PNO1;KRR1;UTP3;NGDN;DNTTIP2;WDR75;URB2;WDR12;UTP18;GTPBP4;BYSL;BOP1;EBNA1BP2;TBL3;SHQ1;GRWD1;MRTO4;MPHOSPH10,0.4067796610169492
3,1034,Small-Subunit Processome (GO:0032040),40/73,4.589568614751079e-31,protein-containing complex,GO_Cellular_Component_2023,2.039808273222702e-32,0.0,0.0,23.08761660874337,1684.7003168906126,UTP25;WDR3;MRPS12;HEATR1;UTP23;FCF1;NAT10;SNU13;PWP2;WDR46;WDR43;RRP9;NOL6;RRP7A;FBL;EMG1;EXOSC10;PDCD11;BMS1;UTP20;UTP14A;DCAF13;UTP14C;UTP15;NOP56;WDR36;NOP14;NOP58;UTP6;UTP4;DIMT1;KRR1;PNO1;UTP3;NGDN;DNTTIP2;WDR75;UTP18;TBL3;MPHOSPH10,0.547945205479452
3,1034,Mitotic Sister Chromatid Segregation (GO:0000070),49/111,3.0270057659973096e-31,cellular process,GO_Biological_Process_2023,1.292014656218364e-33,0.0,0.0,15.167774684787949,1148.642006569561,NCAPG2;BCCIP;KIF14;KIF11;SMC3;SMC4;SMC2;NUSAP1;ZNF207;KNTC1;SPDL1;CEP55;DLGAP5;NUDC;SPICE1;KIF23;KIF22;SMC1A;TUBG1;KNSTRN;SGO1;PSRC1;ESPL1;KIF2A;KIFC1;KIF2C;MIS12;CDCA8;NCAPG;NCAPH;NSL1;DSN1;RRS1;SPAG5;NCAPH2;NDC80;ZWINT;MZT1;TPX2;CENPE;KIF18A;STAG1;KIF18B;STAG2;CENPI;PRC1;CENPK;NCAPD2;NCAPD3,0.44144144144144143
3,1034,Spliceosomal snRNP Complex (GO:0097525),38/57,4.272588680613683e-34,protein-containing complex,GO_Cellular_Component_2023,1.661562264683099e-35,0.0,0.0,38.04618473895582,3046.841958441325,SF3B5;SF3B2;SF3B3;DDX46;DDX23;SNU13;HTATSF1;PRPF8;SNRPD2;RBMX2;SNRNP70;SNRPD1;LUC7L;SNRPD3;TXNL4A;SF3B1;SF3A3;SF3A1;PRPF40A;LSM5;LSM4;LSM3;LSM2;PRPF4;LSM7;SNRNP40;PRPF18;PHF5A;DDX39B;SNRPG;LUC7L3;SNRPA1;SNRPE;SNRPF;HNRNPC;SNRNP200;SNRPA;SNRPB,0.6666666666666666
3,1034,Chromosome (GO:0005694),49/164,2.7925398107259525e-23,cellular anatomical structure,GO_Cellular_Component_2023,1.861693207150635e-24,0.0,0.0,8.15448245420437,445.5654538184096,TOP2A;RRP1;HMGB2;HNRNPU;SMC6;MKI67;SMC3;SMC2;RCC1;DDX18;IK;RECQL;DNTTIP2;ESCO2;SMC1A;GNL3;EBNA1BP2;CCDC86;CDCA2;DDX27;NCAPG;DDX21;NOL8;PDS5B;PDS5A;RAD51AP1;RECQL4;SYCE2;EMG1;FIGNL1;RAD21;BMS1;BRIX1;UTP6;NIFK;UTP4;KRR1;RRP1B;PUM3;BYSL;BOP1;CENPE;STAG1;STAG2;CENPH;MPHOSPH10;INTS7;NCAPD2;TRIP13,0.29878048780487804
3,1034,Ribosome Biogenesis (GO:0042254),62/155,1.0765650200536152e-36,cellular process,GO_Biological_Process_2023,3.9386525123912757e-39,0.0,0.0,12.944444444444445,1144.6769628658458,LTV1;PAK1IP1;WDR3;MRPS12;FCF1;NAT10;PWP2;WDR46;WDR43;RRP9;FBL;NOB1;MTREX;UTP15;WDR36;RRP7BP;DIMT1;PIH1D1;NGDN;DDX10;DNTTIP2;WDR75;URB2;UTP18;GTPBP4;EBNA1BP2;DKC1;GRWD1;MRTO4;XRN2;DDX27;NIP7;HEATR1;NOLC1;NOL8;SNU13;NOL6;RRP7A;EMG1;EXOSC10;BMS1;RRS1;UTP20;LYAR;DCAF13;NOP56;NOP14;NOP58;UTP6;NOP16;UTP4;PNO1;KRR1;UTP3;WDR18;WDR12;BYSL;BOP1;TBL3;MPHOSPH10;ESF1;DHX29,0.4
3,1034,RNA Splicing (GO:0008380),52/98,2.6030280742464176e-38,cellular process,GO_Biological_Process_2023,7.936061201970784e-41,0.0,0.0,21.779863632338618,2011.0343808485443,TCERG1;DBR1;GEMIN2;SYNCRIP;SNRPD2;SNRPD1;RSRC1;MAGOH;DHX15;SNRPD3;SNRNP35;TXNL4A;BCAS2;SRRM1;PRPF4;PRPF18;DDX39B;SNRPG;SRSF2;LUC7L3;SRSF4;SNRPA1;SNRNP25;SNRPF;HNRNPH3;SRSF7;SNRPB;SF3B2;SF3B3;DHX8;RBM8A;DDX23;WBP4;U2AF1;RNPC3;PRPF8;TRA2B;SF3B1;SMNDC1;SRSF10;SF3A3;FUS;LSM1;MAGOHB;LSM4;SRPK1;SNRNP40;MPHOSPH10;RNPS1;SNRNP48;HNRNPC;TARDBP,0.5306122448979592
3,1034,RNA Processing (GO:0006396),71/183,5.39803157643671e-41,cellular process,GO_Biological_Process_2023,1.3165930674235878e-43,0.0,0.0,12.41130766948524,1225.4442592582602,TCERG1;FASTKD2;GEMIN2;HNRNPU;HNRNPR;SYNCRIP;SNRPD2;SNRPD1;RSRC1;MAGOH;DHX15;SNRPD3;SNRNP35;BCAS2;METTL3;THOC1;DNTTIP2;TFIP11;SRRM1;PRPF4;PRPF18;DDX39B;DKC1;XRN2;SNRPG;SRSF2;LUC7L3;SRSF4;SNRPA1;SNRNP25;SNRPF;HNRNPH3;SRSF7;SNRPB;SRSF9;SF3B2;NUFIP1;SF3B3;DHX8;RBM8A;CSTF3;DDX23;SRSF1;WBP4;U2AF1;RNPC3;PRPF8;TBRG4;EXOSC10;SF3B1;HNRNPA0;SF3A3;SF3A1;FUS;LSM1;LSM5;MAGOHB;LSM4;LSM3;SRPK1;HNRNPL;NUDT21;SNRNP40;HNRNPK;HNRNPA2B1;HNRNPD;MPHOSPH10;RNPS1;SNRNP48;HNRNPC;TARDBP,0.3879781420765027
3,1034,Nucleus (GO:0005634),458/4487,2.2253652436168147e-56,cellular anatomical structure,GO_Cellular_Component_2023,4.945256096926256e-58,0.0,0.0,2.947875299908993,388.97658721235695,POP7;RRP1;THYN1;HNRNPU;HNRNPR;PHAX;SMC6;SMC3;SMC4;SMC2;ALKBH1;ZNG1A;DDX11;PIH1D1;DDX10;AARSD1;PASK;WDR76;GTPBP4;WDR77;DDX39A;DDX39B;CLNS1A;SARNP;PRR11;ASF1A;ASF1B;SLBP;URI1;CDCA2;CDCA4;MRPL19;CDCA7;NCAPG;SNU13;WDR62;C9ORF78;RNPC3;FIGNL1;RAD21;MCMBP;NAA50;PRPF38A;NCAPH2;LARP7;UPF3B;UPF3A;CDC7;CDC6;PA2G4;MAGOHB;FAM111B;HNRNPL;FAM111A;HNRNPM;HNRNPK;TDP2;HNRNPD;PSMG1;PSMG2;HNRNPC;RAD18;EZH2;CEP57;PHF23;NCAPG2;DDX12P;PQBP1;CHAF1B;MRPL40;CHAF1A;PBK;ZNF367;DLGAP5;TCF19;HELLS;NSUN2;GNL2;GNL3;WDR33;GON7;GCFC2;INCENP;KIFC1;MTF2;SF3B5;SF3B2;SF3B3;CENPA;UNG;RECQL4;EXOSC10;NSD2;USP1;BRD8;SRSF10;SF3B1;SRSF11;PMS1;SF3A3;CASP8AP2;CENPU;SLF1;PCGF6;SF3A1;SLF2;ATAD5;UTP3;ATAD2;APEX2;RRP1B;LRPPRC;HINFP;TARBP1;CENPE;NUDT21;CENPF;PHF5A;CENPH;RFWD3;SERBP1;TRMT6;HYLS1;NCAPD2;CENPQ;CDKN3;ZNF330;CSE1L;GMNN;RTKN2;CASC3;IPO4;IPO5;HMGN4;ZNF207;PAPOLA;NEK2;MTREX;OIP5;KPNA2;TXNL4A;HMGN2;SNRNP35;IK;RARS1;THOC1;VRK1;THOC5;ILF2;INIP;THOC7;TRAIP;MSH6;ILF3;MSH2;HAT1;MSH5;SRSF2;SNRPG;SNRNP27;SRSF4;SNRPE;ERH;SNRPF;SNRNP25;ADNP;SNRNP200;SRSF7;SNRPA;SNRPB;DNMT1;MAZ;ISG20L2;RAD51AP1;ORC5;NAE1;SAC3D1;MDN1;ZNF300;CHTOP;FUS;API5;LSM1;LSM5;LSM4;NDC80;LSM3;LSM2;COPS3;LSM7;CDK1;ARHGAP11A;NXT1;MCM7;MCM8;CDCA7L;WDR4;MCM10;FOXM1;SART3;VPS72;SNRNP70;SPDL1;TNPO1;METTL16;LBR;BCAS2;EIF5B;ACTR6;SMC1A;RANGAP1;TSN;REXO5;MMS22L;DNAJC2;ASPM;SKIC8;NSMCE4A;ESPL1;C1D;LANCL2;MCM3;MCM4;ETF1;MCM5;DNAJC9;SNRPA1;DNAJC8;MCM6;DCTPP1;MCM2;NUFIP1;UHRF1;SRSF1;WBP4;TTK;LAGE3;CDC45;HIRIP3;E2F6;HNRNPA0;H2AZ1;HNRNPA3;DUT;SSB;GPKOW;DONSON;TPRKB;CDC5L;HNRNPAB;PNRC2;SNRNP40;PRC1;PDCD2;PPIL4;LTV1;JPT1;TCERG1;RTCA;JPT2;CCNF;EIF4A3;PPAN;NUDT1;NTAQ1;MKI67;PWP1;CCAR1;SNRPD2;SNRPD1;MAGOH;PCLAF;RCC1;FBXO5;SNRPD3;TMPO;ABT1;TIPIN;IFRD2;METTL3;RECQL;ESCO2;KNL1;HASPIN;SRRM1;NIF3L1;THAP5;GRWD1;XRN2;CCDC86;KIF20A;KIF20B;DHX8;DCUN1D5;CSTF3;HTATSF1;SPAST;DHX33;RACGAP1;PDCD11;ERI1;ZNHIT3;PCBP1;HLTF;ZNF700;LYAR;CDT1;DDIAS;INTS2;AMMECR1;SRPK1;TPX2;STAG1;STAG2;FUBP1;ANP32E;INTS7;RNPS1;ANP32B;INTS8;TOP2A;SUV39H2;INTS13;AHCTF1;FEN1;NAT10;KIF11;AATF;PRPF19;SYNCRIP;HINT3;XPO4;RSRC1;XPO6;DHX15;ATMIN;PRMT3;CACYBP;KIF23;KIF22;TUBG1;NME1;RAD51C;PRPF18;G2E3;DEPDC1;SDE2;HNRNPH2;HNRNPH3;EEF1E1;DTYMK;MIS12;TYMS;RAD54B;METTL4;METTL5;METTL8;GINS1;RANBP1;GINS2;GINS3;MIS18A;TFAP4;HNRNPA2B1;TRIP13;TARDBP;MAD2L1;MPHOSPH6;DBR1;GEMIN2;RPP30;POGK;BCCIP;JADE1;NUCKS1;YARS1;FBL;PTTG1;RBMX2;ZNF85;KNTC1;BORA;WRNIP1;WBP11;PUS7;PRPF4;DKC1;UBE2V2;TIMELESS;PLAA;GEMIN5;RBM8A;DDX1;PDS5B;PDS5A;PRPF8;CCNB2;EMG1;MYG1;RPRD1A;CLSPN;ECT2;CBX5;UBE2C;CBX3;NONO;RPP40;CBX1;GGH;AZIN1;KIF18A;KIF18B;NASP;UBE2S;UBE2T;BLMH;PHF19;RBM27;CREBZF;DDX46;HMGB2;PSIP1;CHTF18;LMNB1;HPF1;MYBL2;RBM14;BUD31;CAD;GLRX2;MASTL;UTP18;SUPV3L1;CCNA2;DDX19A;LUC7L3;PFDN4;ITGB3BP;POLDIP2;USP10;DDX23;DBF4B;RNF4;AURKB;AURKA;CAND1;TRA2B;SMNDC1;NAA10;DEK;SSRP1;U2SURP;TICRR;PITHD1;RBM42;FAM98A;SSBP1;FAM50A,0.10207265433474481
3,1034,Nucleolus (GO:0005730),171/771,4.469528292416237e-61,cellular anatomical structure,GO_Cellular_Component_2023,7.449213820693729e-63,0.0,0.0,6.065249130938587,867.6627124234271,POP5;JPT1;SRP19;ZNF330;POP7;POP1;GEMIN2;EIF4A3;RRP1;HJURP;FCF1;GPATCH4;HNRNPR;NUCKS1;MKI67;PWP1;RRP9;SMC2;RDM1;FBL;RBMX2;ZNF207;NUSAP1;SNRNP35;ABT1;DDX18;RARS1;DIMT1;DDX11;PIH1D1;NGDN;DNTTIP2;WDR75;VRK1;PIMREG;ILF2;GTPBP4;TRAIP;EBNA1BP2;ILF3;SHQ1;DKC1;GRWD1;MRTO4;XRN2;GEMIN4;CCDC86;KIF20B;SRSF9;SLBP;UTP25;UTP23;NOP2;CDCA8;NOLC1;SNU13;PKMYT1;RRP7A;DSN1;EMG1;DHX33;PDCD11;ERI1;OARD1;RRS1;BRIX1;UTP20;LYAR;MDN1;ZNF300;NAA50;PLK4;NOP14;CBX5;NOP16;PNO1;UPF3B;UPF3A;CDC6;PA2G4;TBCA;PUM3;TBL3;STAG2;UBE2T;MPHOSPH10;NOL11;CEP85;ANP32B;NOL12;TOP2A;RBM28;MRPS15;FEN1;MCM7;CDCA7L;PAK1IP1;WDR3;HMGB2;NAT10;MCM10;WDR46;WDR43;MRPL40;XPO6;UTP14A;UTP14C;UTP15;WDR36;MRPS27;ACTR6;NSUN2;TFIP11;URB2;URB1;GNL2;UTP18;CKAP5;GNL3;REXO5;GON7;GCFC2;DNAJC2;KIF2A;SAPCD2;C1D;FRG1;MCM3;EEF1E1;MCM2;DDX27;SF3B3;NUFIP1;NIP7;HEATR1;DDX23;DDX21;NOL8;CLN6;NOL6;EXOSC10;HIRIP3;TCOF1;BMS1;BEND3;METTL5;SF3B1;DCAF13;E2F8;NOP56;UTP6;NOP58;UTP4;NAA10;NIFK;UTP3;KRR1;NOC3L;RRP1B;DEK;NPM3;WDR12;NLE1;BYSL;HINFP;BOP1;CENPH;TSR1;CIAPIN1;SPC24;MPHOSPH6,0.22178988326848248
3,1034,Nuclear Lumen (GO:0031981),175/780,3.023293905814986e-63,cellular anatomical structure,GO_Cellular_Component_2023,3.3592154509055403e-65,0.0,0.0,6.182809147673154,917.8771155509698,POP5;JPT1;SRP19;ZNF330;POP7;POP1;GEMIN2;EIF4A3;RRP1;HJURP;FCF1;HNRNPU;GPATCH4;HNRNPR;NUCKS1;MKI67;PWP1;RRP9;SMC2;RDM1;FBL;RBMX2;ZNF207;NUSAP1;SNRNP35;ABT1;DDX18;IK;RARS1;DIMT1;DDX11;PIH1D1;NGDN;DNTTIP2;WDR75;VRK1;PIMREG;ILF2;GTPBP4;TRAIP;EBNA1BP2;ILF3;SHQ1;DKC1;GRWD1;MRTO4;XRN2;GEMIN4;CCDC86;KIF20B;SRSF9;SLBP;UTP25;UTP23;NOP2;CDCA8;NOLC1;SNU13;PKMYT1;RRP7A;DSN1;EMG1;DHX33;PDCD11;ERI1;OARD1;FIGNL1;RRS1;BRIX1;UTP20;LYAR;MDN1;ZNF300;NAA50;PLK4;NOP14;CBX5;NOP16;PNO1;UPF3B;UPF3A;CDC6;PA2G4;TBCA;PUM3;TBL3;STAG2;UBE2T;MPHOSPH10;NOL11;CEP85;ANP32B;NOL12;TOP2A;RBM28;MRPS15;FEN1;MCM7;CDCA7L;PAK1IP1;WDR3;HMGB2;NAT10;MCM10;WDR46;WDR43;MRPL40;XPO6;UTP14A;UTP14C;UTP15;WDR36;MRPS27;ACTR6;NSUN2;TFIP11;URB2;URB1;GNL2;UTP18;CKAP5;GNL3;REXO5;GON7;GCFC2;DNAJC2;KIF2A;SAPCD2;C1D;FRG1;MCM3;EEF1E1;MCM2;DDX27;SF3B3;NUFIP1;NIP7;HEATR1;DDX23;DDX21;NOL8;CLN6;NOL6;EXOSC10;HIRIP3;TCOF1;BMS1;BEND3;METTL5;SF3B1;DCAF13;E2F8;NOP56;UTP6;NOP58;UTP4;NAA10;NIFK;UTP3;KRR1;NOC3L;RRP1B;DEK;NPM3;WDR12;NLE1;BYSL;HINFP;BOP1;CENPH;TSR1;NCAPD2;CIAPIN1;SPC24;MPHOSPH6,0.22435897435897437
3,1034,Intracellular Non-Membrane-Bounded Organelle (GO:0043232),227/1195,1.0246482717575948e-68,cellular anatomical structure,GO_Cellular_Component_2023,5.692490398653304e-71,0.0,0.0,5.229994265056786,845.922251823698,POP5;JPT1;POP7;POP1;RRP1;EIF4A3;FCF1;GPATCH4;HNRNPR;SMC3;MKI67;PWP1;RRP9;SMC2;CDC20;RCC1;FBXO5;ABT1;DDX18;DDX11;PIH1D1;NGDN;RECQL;DNTTIP2;WDR75;ESCO2;HASPIN;PIMREG;GTPBP4;GRWD1;XRN2;CCDC86;KIF20A;KIF20B;SLBP;CDCA2;DCUN1D5;CDCA8;NOLC1;SNU13;MRPL13;RRP7A;DSN1;DHX33;RACGAP1;PDCD11;ERI1;RAD21;RRS1;LYAR;NAA50;PLK4;PNO1;UPF3B;UPF3A;CDC6;PA2G4;PUM3;TPX2;TBL3;STAG1;STAG2;SASS6;MPHOSPH10;INTS7;NOL11;CEP85;ANP32B;NOL12;TOP2A;MRPS15;FEN1;PAK1IP1;MRPS12;NAT10;KIF11;WDR46;WDR43;MRPL40;XPO6;UTP14A;UTP14C;NUDC;WDR36;MRPS27;NSUN2;KIF23;GNL2;TUBG1;CCSAP;GNL3;GON7;GCFC2;KIF2A;INCENP;FRG1;KIF2C;EEF1E1;MAPRE1;SF3B3;NIP7;HEATR1;NOL8;HSPA14;NOL6;RECQL4;EXOSC10;TCOF1;METTL5;SF3B1;UTP6;UTP4;UTP3;NOC3L;RRP1B;NPM3;WDR12;NLE1;LRPPRC;MZT1;BYSL;HINFP;CENPE;BOP1;CENPF;CENPH;TSR1;CIAPIN1;TRIP13;TARDBP;SPC24;MPHOSPH6;SRP19;ZNF330;GEMIN2;HJURP;BUB1B;NUCKS1;RDM1;FBL;RBMX2;ZNF207;NUSAP1;SNRNP35;RARS1;DIMT1;SPICE1;VRK1;ILF2;TRAIP;EBNA1BP2;ILF3;SHQ1;DKC1;MRTO4;GEMIN4;MAD1L1;SRSF9;UTP25;UTP23;NOP2;PDS5B;HMMR;PKMYT1;PDS5A;RAD51AP1;SYCE2;EMG1;OARD1;BRIX1;UTP20;FAM83D;SAC3D1;MDN1;ZNF300;NOP14;CBX5;NOP16;FUS;CBX3;CBX1;TBCA;UBE2T;TUBGCP3;RBM28;MCM7;CDCA7L;WDR3;HMGB2;MCM10;FOXM1;UTP15;ACTR6;TFIP11;URB2;URB1;SMC1A;UTP18;CKAP5;REXO5;DNAJC2;PSRC1;SAPCD2;C1D;MCM3;MCM2;DDX27;NUFIP1;DDX23;DDX21;TTK;AURKB;CLN6;AURKA;HIRIP3;KATNA1;BMS1;BEND3;DCAF13;E2F8;NOP56;NOP58;NAA10;NIFK;KRR1;DEK;PRC1,0.1899581589958159
3,1034,"RNA Splicing, Via Transesterification Reactions With Bulged Adenosine As Nucleophile (GO:0000377)",95/180,5.574470733405692e-71,cellular process,GO_Biological_Process_2023,1.0197202561107974e-73,0.0,0.0,22.4731566748105,3777.045092050111,DBR1;DDX46;EIF4A3;HNRNPU;PPWD1;HNRNPR;CASC3;CWC27;PRPF19;PNN;SYNCRIP;SART3;SNRPD2;RBMX2;SNRPD1;RSRC1;SNRNP70;MAGOH;DHX15;MTREX;SNRPD3;SNRNP35;TXNL4A;BCAS2;IK;RBM14;BUD31;METTL3;PRPF40A;TFIP11;CDC40;SRRM1;PRPF4;GCFC2;DDX39A;DDX39B;FRG1;SNRPG;SRSF2;GEMIN5;SNRNP27;SRSF3;GEMIN6;SNRPE;SRSF4;SNRPA1;SNRPF;HNRNPH3;SNRNP200;SRSF7;SNRPA;SRSF8;SNRPB;SRSF9;SF3B5;SF3B2;SF3B3;DHX8;RBM8A;DDX23;SRSF1;WBP4;CWF19L2;SNU13;U2AF1;C9ORF78;HTATSF1;RNPC3;PRPF8;DHX35;TRA2B;SF3B1;SRSF10;SF3A3;HNRNPA3;SF3A1;PRPF38A;GPKOW;CDC5L;LSM5;MAGOHB;LSM4;LSM3;LSM2;HNRNPM;LSM7;SNRNP40;HNRNPK;PHF5A;CWF19L1;HNRNPA2B1;RBM42;RNPS1;HNRNPC;PPIL3,0.5277777777777778
3,1034,mRNA Processing (GO:0006397),103/214,1.0648943373892038e-71,cellular process,GO_Biological_Process_2023,1.2986516309624436e-74,0.0,0.0,18.792783116091385,3197.215634566045,TCERG1;DBR1;GEMIN2;EIF4A3;HNRNPU;HNRNPR;CASC3;CWC27;PNN;SNRPD2;SNRPD1;RBMX2;MAGOH;PAPOLA;MTREX;SNRPD3;SNRNP35;TXNL4A;IK;METTL3;CDC40;SRRM1;PRPF4;DDX39A;DDX39B;SNRPG;SRSF2;GEMIN5;SNRNP27;SRSF3;GEMIN6;SNRPE;SRSF4;SNRPF;SNRNP200;SRSF7;SNRPA;SRSF8;SNRPB;SRSF9;DHX8;RBM8A;CWF19L2;SNU13;C9ORF78;HTATSF1;RNPC3;PRPF8;DHX35;RPRD1A;PRPF38A;MAGOHB;LSM5;LSM4;LSM3;LSM2;HNRNPM;LSM7;HNRNPK;CWF19L1;RNPS1;HNRNPC;DDX46;PPWD1;PRPF19;SYNCRIP;SART3;RSRC1;SNRNP70;DHX15;BCAS2;RBM14;BUD31;PRPF40A;TFIP11;GCFC2;PRPF18;FRG1;SNRPA1;HNRNPH3;SF3B5;SF3B2;SF3B3;DDX23;SRSF1;WBP4;U2AF1;TBRG4;TRA2B;SF3B1;SRSF10;HNRNPA0;SF3A3;SF3A1;HNRNPA3;GPKOW;CDC5L;NUDT21;SNRNP40;PHF5A;HNRNPA2B1;RBM42;PPIL3,0.48130841121495327
3,1034,"mRNA Splicing, Via Spliceosome (GO:0000398)",103/211,3.383390701085056e-72,cellular process,GO_Biological_Process_2023,2.0630431104177167e-75,0.0,0.0,19.317878028404344,3322.089686162441,DBR1;GEMIN2;EIF4A3;HNRNPU;HNRNPR;CASC3;CWC27;PNN;SNRPD2;SNRPD1;RBMX2;MAGOH;MTREX;SNRPD3;SNRNP35;TXNL4A;IK;METTL3;CDC40;SRRM1;WDR77;PRPF4;DDX39A;DDX39B;CLNS1A;GEMIN4;SNRPG;SRSF2;GEMIN5;SNRNP27;SRSF3;GEMIN6;SNRPE;SRSF4;SNRPF;SNRNP200;SRSF7;SNRPA;SRSF8;SNRPB;SRSF9;DHX8;RBM8A;DDX1;CWF19L2;SNU13;C9ORF78;HTATSF1;RNPC3;PRPF8;DHX35;PRPF38A;MAGOHB;LSM5;LSM4;LSM3;SRPK1;LSM2;HNRNPM;LSM7;HNRNPK;CWF19L1;RNPS1;HNRNPC;DDX46;PPWD1;PRPF19;PQBP1;SYNCRIP;SART3;RSRC1;SNRNP70;DHX15;BCAS2;RBM14;BUD31;PRPF40A;TFIP11;GCFC2;FRG1;SDE2;SNRPA1;HNRNPH3;SF3B5;SF3B2;SF3B3;DDX23;SRSF1;WBP4;U2AF1;TRA2B;SF3B1;SRSF10;SF3A3;SF3A1;HNRNPA3;GPKOW;CDC5L;SNRNP40;PHF5A;HNRNPA2B1;RBM42;PPIL3,0.4881516587677725
3,1034,RNA Binding (GO:0003723),319/1411,1.9830638877558797e-123,binding,GO_Molecular_Function_2023,5.302309860309838e-126,0.0,0.0,7.3027049873203715,2106.5206020273413,POP5;TCERG1;POP7;POP1;RTCA;RRP1;EIF4A3;PPAN;NUDT1;FCF1;HNRNPU;GPATCH4;HNRNPR;PWP2;MKI67;CCAR1;RRP9;LSM10;PNN;SNRPD2;SNRPD1;ALKBH1;MAGOH;LUC7L;SNRPD3;ABT1;DDX18;DDX11;NGDN;METTL3;DNTTIP2;DDX10;WDR75;CDC40;GTPBP4;SRRM1;DDX39A;DDX39B;CLNS1A;SARNP;GRWD1;XRN2;CCDC86;SLBP;AARS1;DHX8;CSTF3;MRPL19;CSTF2;MRPL16;NOLC1;SNU13;MRPL12;HTATSF1;MRPL13;GSPT1;RRP7A;MRPL20;DHX33;PDCD11;ERI1;DHX35;PCBP1;HLTF;RRS1;CSTF1;RBM12;LYAR;TOE1;PRPF38B;PRPF38A;PNO1;RCC2;KNOP1;LARP7;UPF3B;UPF3A;PA2G4;LARP4;MRPL23;MAGOHB;SNUPN;PUM3;SRPK1;DHFR;HNRNPL;HNRNPM;TBL3;MEX3A;HNRNPK;LAS1L;EPRS1;FUBP1;HNRNPD;MPHOSPH10;RNPS1;DHX29;NOL11;HNRNPC;NOL12;FARSA;TOP2A;MRPS15;DAZAP1;GFM1;FASTKD2;MRPS12;MRPL39;NAT10;MRPL37;AATF;WDR46;WDR43;SPOUT1;MRPL42;SYNCRIP;MRPL40;DHX15;UTP14A;MRPS28;WDR36;MRPS27;NCOA5;NSUN2;MRPS23;PRPF40A;GNL2;MRPL44;GNL3;WDR33;NME1;FRG1;SDE2;HNRNPH2;HNRNPH3;MAPRE1;FYTTD1;SF3B5;SF3B2;NIP7;SRRT;HEATR1;NOL8;NOL6;EXOSC10;TCOF1;SRP72;SRSF10;SF3B1;SRSF11;TEFM;SF3A3;UTP6;SF3A1;UTP4;UTP3;NOC3L;RRP1B;NPM3;LRPPRC;BYSL;NUDT21;BOP1;CMSS1;PHF5A;XPOT;SERBP1;HNRNPA2B1;TRMT6;TSR1;TARDBP;SRP19;DBR1;RPP30;BCCIP;NUCKS1;CASC3;APEH;YARS1;IPO5;FBL;RBMX2;ZNF207;NUSAP1;MTREX;KPNA2;MTPAP;HMGN2;SNRNP35;CHCHD1;DIMT1;THOC2;WBP11;THOC5;PUS7;ILF2;EBNA1BP2;ILF3;DKC1;RPL7L1;MRTO4;SRSF2;SNRPG;NHP2;SRSF3;GEMIN5;SRSF4;ERH;SNRPF;SNRNP200;SRSF7;FKBP3;SRSF8;SNRPA;SRSF9;SNRPB;DAP3;LRRC59;UTP25;RBM8A;DDX1;MAZ;UTP23;NOP2;ISG20L2;PRPF8;RAD51AP1;EMG1;RNASEH1;G3BP1;BRIX1;UTP20;NOP14;CHTOP;NOP16;FUS;API5;NONO;RPP40;LSM1;TBCA;LSM5;LSM4;LSM3;CHERP;LSM2;LSM7;RBM27;RBM28;DDX46;CCDC47;WDR3;HMGB2;HMGB3;PSIP1;MRPL3;MRPL1;SART3;SNRNP70;TNPO1;METTL16;LBR;UTP15;EIF5B;RBM14;URB1;SMC1A;RANGAP1;UTP18;DARS1;TSN;SUPV3L1;DNAJC2;DDX19A;C1D;LUC7L3;ETF1;SNRPA1;DDX27;NUFIP1;USP10;SRSF1;DDX23;WBP4;GTPBP10;DDX21;U2AF1;TBRG4;BMS1;TRA2B;EIF4H;SMNDC1;DCAF13;HNRNPA0;NOP56;PTCD3;NOP58;HNRNPA3;DUT;SSB;GPKOW;NIFK;KRR1;CDC5L;DEK;SSRP1;HSPE1;HNRNPAB;U2SURP;SNRNP40;MTRFR;RBM42;ESF1;FAM98A;SLIRP;SSBP1;PPIL4;EIF3B;FAM50A,0.22608079376328843
3,1034,U2-type Spliceosomal Complex (GO:0005684),49/90,8.710901982641005e-38,protein-containing complex,GO_Cellular_Component_2023,2.9036339942136684e-39,0.0,0.0,22.962114646527176,2037.5399268056349,EIF4A3;CASC3;CWC27;PRPF19;SNRPD2;RBMX2;SNRNP70;SNRPD1;LUC7L;SNRPD3;TXNL4A;BCAS2;IK;BUD31;PRPF40A;TFIP11;CDC40;GCFC2;PRPF4;PRPF18;SNRPG;LUC7L3;SNRPA1;SNRPE;SNRPF;SNRNP200;SNRPB;SF3B5;SF3B2;SF3B3;DHX8;RBM8A;WBP4;SNU13;HTATSF1;PRPF8;SF3B1;SF3A3;SF3A1;PRPF38A;CDC5L;LSM5;MAGOHB;LSM4;LSM3;LSM2;LSM7;SNRNP40;PHF5A,0.5444444444444444
3,1034,Mitotic Spindle Organization (GO:0007052),36/85,3.986029489018371e-22,cellular process,GO_Biological_Process_2023,2.916606943184174e-24,0.0,0.0,13.926056194020694,754.6755634269422,GPSM2;INTS13;BCCIP;CDCA8;TTK;KIF11;WDR62;SMC3;AURKB;AURKA;SPAST;NUF2;STMN1;ZNF207;RCC1;DLGAP5;NUDC;STIL;SPICE1;KIF23;SMC1A;TUBG1;CKAP5;MZT1;NDC80;CENPE;TPX2;STAG1;STAG2;KIF2A;CENPH;INCENP;KIFC1;PRC1;KIF4A;SPC25,0.4235294117647059
3,1034,Mitochondrial Gene Expression (GO:0140053),39/103,6.678213035748314e-22,cellular process,GO_Biological_Process_2023,5.293705455166346e-24,0.0,0.0,11.57628768844221,620.437201940492,MRPS17;MRPS15;MRPS16;FASTKD2;MRPL19;MRPS12;MRPL16;MRPL17;MRPL39;MRPS10;MRPL58;MRPL37;MRPL12;MRPL13;MRPL57;TBRG4;MRPL20;MRPL3;MRPL42;MRPL1;MRPL40;CHCHD1;TEFM;MRPS28;PTCD3;MRPS27;MRPS22;MRPS23;MRPS18B;MRPS2;MRPL47;MRPL48;MRPL23;MRPL24;MRPS18C;MRPL44;MRPL50;MRPL51;DAP3,0.3786407766990291
3,1034,Mitochondrial Translation (GO:0032543),38/98,8.583103597505465e-22,cellular process,GO_Biological_Process_2023,7.327039656407104e-24,0.0,0.0,12.021887550200804,640.4116080728186,MRPS17;GFM1;MRPS15;MRPS16;FASTKD2;MRPL19;MRPS12;MRPL16;MRPL17;MRPL39;MRPS10;MRPL58;MRPL37;MRPL12;MRPL13;MRPL57;MRPL20;MRPL3;MRPL42;MRPL1;MRPL40;CHCHD1;MRPS28;PTCD3;MRPS27;MRPS22;MRPS23;MRPS18B;MRPS2;MRPL47;MRPL48;MRPL23;MRPL24;MRPS18C;MRPL44;MRPL50;MRPL51;DAP3,0.3877551020408163
3,1034,U12-type Spliceosomal Complex (GO:0005689),17/28,1.4056178844221271e-14,protein-containing complex,GO_Cellular_Component_2023,1.4837077668900232e-15,0.0,0.0,28.80441583981407,983.5046625935132,SF3B5;SF3B2;SF3B3;RNPC3;LSM7;PHF5A;SNRPD2;SNRPD1;SNRPG;SNRNP48;SNRPE;SNRPD3;SNRNP25;SNRPF;SNRNP35;SF3B1;SNRPB,0.6071428571428571
3,1034,Spliceosomal snRNP Assembly (GO:0000387),20/37,6.050394440776028e-15,cellular process,GO_Biological_Process_2023,1.0698868218445415e-16,0.0,0.0,21.985149089221487,808.4776650672669,GEMIN2;PRPF19;PRPF8;LSM4;LSM2;WDR77;SART3;SNRPD2;SNRPD1;CLNS1A;GEMIN4;SNRPG;GEMIN5;GEMIN6;SNRPE;SNRPD3;HNRNPC;SNRPF;SRSF10;SNRPB,0.5405405405405406
3,1034,rRNA Metabolic Process (GO:0016072),30/91,4.763291200447564e-15,cellular process,GO_Biological_Process_2023,8.132448391008037e-17,0.0,0.0,9.260498987655934,343.08374944737835,DDX27;NOL8;NOLC1;RRP9;NOL6;RRP7A;FBL;EMG1;EXOSC10;NOB1;MTREX;UTP20;LYAR;DCAF13;UTP15;NOP56;WDR36;NOP14;NOP58;RRP7BP;NIFK;PIH1D1;WDR18;DDX10;BYSL;EBNA1BP2;DKC1;MRTO4;XRN2;ESF1,0.32967032967032966
3,1034,snRNA Binding (GO:0017069),22/43,2.7857390714408927e-15,binding,GO_Molecular_Function_2023,1.4897000382036856e-17,0.0,0.0,19.611801242236027,759.8665307559743,TOE1;SF3B3;DDX21;HNRNPU;LARP7;SNU13;RNPC3;PRPF8;LSM4;LSM2;LSM10;PRPF4;LSM7;SART3;DDX39B;SNRNP70;GEMIN5;SNRPA1;SNRPD3;HNRNPC;SNRNP35;SNRPA,0.5116279069767442
3,1034,"RNA Splicing, Via Transesterification Reactions (GO:0000375)",17/24,1.7682717259552766e-15,cellular process,GO_Biological_Process_2023,2.911179061023931e-17,0.0,0.0,45.27363393735075,1723.8111967232649,SF3A3;DBR1;SF3B3;GEMIN2;DDX23;LSM1;PRPF8;SRRM1;PRPF4;SNRNP40;TRA2B;MPHOSPH10;SRSF4;TXNL4A;SF3B1;SMNDC1;SRSF10,0.7083333333333334
3,1034,Mitotic Spindle (GO:0072686),39/143,3.4543637318784815e-17,cellular anatomical structure,GO_Cellular_Component_2023,3.454363731878482e-18,0.0,0.0,7.108793969849247,285.82252129339986,HNRNPU;WDR62;KIF11;SKA3;SKA1;SPOUT1;AURKA;NUDCD2;RACGAP1;NUSAP1;ECT2;FAM83D;DLGAP5;DR1;NUDC;SPAG5;CKAP2L;CKAP2;HAUS3;CDC7;HAUS6;KIF23;CDC6;KIF22;TUBG1;KNSTRN;CCSAP;HAUS1;TPX2;CENPE;KIF18A;KIF18B;FAM161A;ESPL1;KIFC1;CDK1;TACC3;MAD1L1;MAD2L1,0.2727272727272727
3,1034,U2 snRNP (GO:0005686),18/25,2.17689826799139e-17,protein-containing complex,GO_Cellular_Component_2023,2.0559594753252022e-18,0.0,0.0,47.98397075365579,1954.1850700680411,SF3A3;SF3B5;SF3B2;SF3A1;SF3B3;DDX46;HTATSF1;PHF5A;SNRPD2;RBMX2;SNRPD1;SNRPG;SNRPA1;SNRPE;SNRPD3;SNRPF;SF3B1;SNRPB,0.72
3,1034,U2-type Prespliceosome Assembly (GO:1903241),18/23,1.0018366050864184e-17,cellular process,GO_Biological_Process_2023,1.5882775446492e-19,0.0,0.0,67.18464566929134,2908.18592369268,SF3A3;SF3B5;SF3A1;SF3B2;SF3B3;DDX46;HTATSF1;PHF5A;SNRPD2;RBMX2;SNRPD1;SNRPG;SNRPA1;SNRPE;SNRPD3;SNRPF;SF3B1;SNRPB,0.782608695652174
3,1034,Mitotic Spindle Checkpoint Signaling (GO:0071174),19/26,9.376848327987277e-18,cellular process,GO_Biological_Process_2023,1.4293976109736704e-19,0.0,0.0,50.699648135116114,2199.952219612313,IK;ZWILCH;BUB1B;TTK;HASPIN;NDC80;ZWINT;CDC20;CENPF;NUF2;ZNF207;KNTC1;BUB3;TRIP13;BUB1;MAD1L1;SPC24;MAD2L1;SPC25,0.7307692307692307
3,1034,Mitotic Spindle Assembly Checkpoint Signaling (GO:0007094),19/26,9.376848327987277e-18,cellular process,GO_Biological_Process_2023,1.4293976109736704e-19,0.0,0.0,50.699648135116114,2199.952219612313,IK;ZWILCH;BUB1B;TTK;HASPIN;NDC80;ZWINT;CDC20;CENPF;NUF2;ZNF207;KNTC1;BUB3;TRIP13;BUB1;MAD1L1;SPC24;MAD2L1;SPC25,0.7307692307692307
3,1034,Spindle Assembly Checkpoint Signaling (GO:0071173),19/26,9.376848327987277e-18,cellular process,GO_Biological_Process_2023,1.4293976109736704e-19,0.0,0.0,50.699648135116114,2199.952219612313,IK;ZWILCH;BUB1B;TTK;HASPIN;NDC80;ZWINT;CDC20;CENPF;NUF2;ZNF207;KNTC1;BUB3;TRIP13;BUB1;MAD1L1;SPC24;MAD2L1;SPC25,0.7307692307692307
3,1034,Microtubule Cytoskeleton Organization Involved In Mitosis (GO:1902850),27/59,9.376848327987277e-18,cellular process,GO_Biological_Process_2023,1.3038321637890693e-19,0.0,0.0,15.864510923535253,689.8493632013231,GPSM2;INTS13;BCCIP;CDCA8;TTK;KIF11;WDR62;AURKB;NUF2;STMN1;NUSAP1;RCC1;DLGAP5;NUDC;STIL;TUBG1;CKAP5;NDC80;CENPE;ESPL1;KIF2A;CENPH;INCENP;KIF4A;CDK1;TACC3;SPC25,0.4576271186440678
3,1034,Negative Regulation Of Mitotic Metaphase/Anaphase Transition (GO:0045841),20/28,2.5482910216757094e-18,biological regulation,GO_Biological_Process_2023,3.263055576535969e-20,0.0,0.0,46.74063116370809,2097.2071469510265,IK;ZWILCH;BUB1B;TTK;HASPIN;NDC80;ZWINT;CDC20;CENPF;NUF2;ZNF207;KNTC1;BUB3;FBXO5;TRIP13;BUB1;MAD1L1;SPC24;MAD2L1;SPC25,0.7142857142857143
3,1034,Condensed Chromosome (GO:0000793),27/60,2.537413173927432e-18,cellular anatomical structure,GO_Cellular_Component_2023,2.2554783768243842e-19,0.0,0.0,15.38295567391893,660.4788110061229,NCAPG2;HMGB2;NCAPG;SMC6;MKI67;SMC4;CENPA;NCAPH;SMC2;CENPC;NOL6;PSMC3IP;RRS1;RCC1;SLF1;SLF2;NIFK;CBX3;NCAPH2;SMC1A;TUBG1;LRPPRC;SGO1;CENPE;NSMCE4A;NCAPD2;NCAPD3,0.45
3,1034,Sister Chromatid Segregation (GO:0000819),22/34,9.94896893512206e-19,cellular process,GO_Biological_Process_2023,1.2132888945270804e-20,0.0,0.0,34.33695652173913,1574.63675702895,TOP2A;SPAG5;MIS12;NCAPG2;SMC1A;TUBG1;SMC4;KNSTRN;NSL1;NDC80;ZWINT;SGO1;DSN1;KIF18A;KIF18B;ESPL1;CENPI;KIFC1;CENPK;NUSAP1;ZNF207;KNTC1,0.6470588235294118
3,1034,Mitotic Nuclear Division (GO:0140014),25/45,5.261455901287445e-19,cellular process,GO_Biological_Process_2023,6.095589153930577e-21,0.0,0.0,23.471258671952427,1092.5101414269964,MIS12;NCAPG2;SMC4;NSL1;DSN1;SPAST;NUSAP1;ZNF207;KNTC1;SPAG5;UBE2C;NDE1;SMC1A;TUBG1;KNSTRN;NDC80;ZWINT;SGO1;KIF18A;KIF18B;ESPL1;CENPI;KIFC1;UBE2S;CENPK,0.5555555555555556
3,1034,DNA Metabolic Process (GO:0006259),61/288,1.6183578709282597e-19,cellular process,GO_Biological_Process_2023,1.776246443701748e-21,0.0,0.0,5.17532405793427,247.2758684882659,TOP2A;DCLRE1B;FEN1;MCM7;MCM8;NUDT1;HMGB2;HMGB3;MCM10;HPF1;ALKBH1;PCLAF;KPNA2;WDHD1;RECQL;GLRX2;SMC1A;INIP;TSN;MSH6;SUPV3L1;RAD51C;NSMCE4A;MSH2;GRWD1;TIMELESS;UBE2V2;MCM3;MCM4;MCM5;MCM6;DCTPP1;ASF1A;MCM2;RNASEH2A;PDS5B;TYMS;PDS5A;UNG;RECQL4;ORC5;RAD51AP1;ORC6;CDC45;RAD21;HLTF;ZRANB3;POLQ;DUT;RRM1;TREX2;DONSON;NOC3L;HINFP;TICRR;FAM111B;FAM111A;UBE2T;CDK1;RAD18;CENPS,0.21180555555555555
3,1034,Positive Regulation Of Cell Cycle Process (GO:0090068),39/118,1.6183578709282597e-19,biological regulation,GO_Biological_Process_2023,1.6814244731366948e-21,0.0,0.0,9.370816105845684,448.2496675750239,GPSM2;FEN1;NCAPG2;KIF14;CDCA8;NCAPG;SMC6;DBF4B;SMC4;NCAPH;AURKB;SMC2;AURKA;SPAST;RACGAP1;RAD21;NUSAP1;ECT2;E2F8;PLK4;RANBP1;STIL;RRM1;SPAG5;DDX11;NCAPH2;CDC7;KIF23;CDC6;NDC80;DBF4;INCENP;SASS6;NCAPD2;NCAPD3;KIF20B;MAD1L1;RAD18;MAD2L1,0.3305084745762712
3,1034,Nuclear Chromosome (GO:0000228),35/95,3.899235156793199e-20,cellular anatomical structure,GO_Cellular_Component_2023,3.2493626306609986e-21,0.0,0.0,11.03953953953954,520.7994195035494,TOP2A;SF3B3;MCM7;NCAPG2;HNRNPU;NCAPG;SMC4;NCAPH;SMC2;NOL6;PSMC3IP;CDC45;FIGNL1;RRS1;RCC1;BRD8;GINS1;H2AZ1;GINS2;IK;NIFK;ACTR6;GINS3;NCAPH2;SMC1A;TUBG1;LRPPRC;MCM3;ANP32E;MCM4;MCM5;NCAPD2;MCM6;NCAPD3;MCM2,0.3684210526315789
3,1034,Spliceosomal tri-snRNP Complex (GO:0097526),23/36,3.166365689806691e-20,protein-containing complex,GO_Cellular_Component_2023,2.4627288698496483e-21,0.0,0.0,33.1673894848969,1573.8926944541597,DDX23;SNU13;LSM5;PRPF8;LSM4;LSM3;LSM2;PRPF4;LSM7;SNRNP40;PRPF18;SNRPD2;SNRPD1;SNRPG;RBM42;SNRNP27;SNRPE;SNRPD3;SNRPF;TXNL4A;SNRNP200;SNRPA;SNRPB,0.6388888888888888
3,1034,ncRNA Processing (GO:0034470),37/100,2.0433855266500392e-20,None,GO_Biological_Process_2023,1.9935468552683312e-22,0.0,0.0,11.135167406982854,556.390427162905,INTS13;POP7;DDX27;POP1;RPP30;NOLC1;NOL8;RRP9;NOL6;RRP7A;FBL;EMG1;EXOSC10;NOB1;MTREX;UTP20;LYAR;DCAF13;UTP15;NOP56;NOP14;WDR36;NOP58;RRP7BP;SSB;PIH1D1;WDR18;INTS2;DDX10;BYSL;EBNA1BP2;DKC1;MRTO4;XRN2;ESF1;INTS7;INTS8,0.37
3,1034,U4/U6 X U5 tri-snRNP Complex (GO:0046540),23/35,1.2940383350144924e-20,protein-containing complex,GO_Cellular_Component_2023,9.345832419549112e-22,0.0,0.0,35.933234421364986,1739.956976223705,DDX23;SNU13;LSM5;PRPF8;LSM4;LSM3;LSM2;PRPF4;LSM7;SNRNP40;PRPF18;SNRPD2;SNRPD1;SNRPG;RBM42;SNRNP27;SNRPE;SNRPD3;SNRPF;TXNL4A;SNRNP200;SNRPA;SNRPB,0.6571428571428571
3,1034,Spliceosomal Complex Assembly (GO:0000245),31/62,9.237084344743229e-22,cellular process,GO_Biological_Process_2023,8.448552754338317e-24,0.0,0.0,18.878364905284148,1002.970659421561,SF3B5;SF3B2;SF3B3;DDX46;DDX1;DDX23;SRSF1;PRPF19;HTATSF1;SNRPD2;RBMX2;SNRPD1;LUC7L;SNRPD3;TXNL4A;SF3B1;SRSF10;SF3A3;SF3A1;SRPK1;GCFC2;PHF5A;DDX39B;SNRPG;LUC7L3;SNRPA1;SNRPE;SNRPF;SNRNP200;SNRPB;SRSF9,0.5
3,1034,Single-Stranded DNA Helicase Activity (GO:0017116),11/22,1.3043106962379304e-07,catalytic activity,GO_Molecular_Function_2023,2.789969403717498e-09,0.0,0.0,18.528836754643205,364.96685567911175,PIF1;POLQ;MCM7;MCM8;DSCC1;MCM3;MCM4;WRNIP1;MCM5;MCM6;MCM2,0.5
3,1034,Positive Regulation Of Transcription By RNA Polymerase I (GO:0045943),13/34,1.3777584514878488e-07,biological regulation,GO_Biological_Process_2023,5.880676317326185e-09,0.0,0.0,11.48663775010494,217.69009577375027,UTP15;DDX11;PIH1D1;HEATR1;DDX21;WDR75;DEK;PWP1;WDR43;DHX33;NOL11;LYAR;SF3B1,0.38235294117647056
3,1034,Regulation Of Cell Cycle Process (GO:0010564),29/130,5.709347887226532e-10,biological regulation,GO_Biological_Process_2023,1.705841746793293e-11,0.0,0.0,5.389734495837644,133.63511085701808,AHCTF1;CDCA2;CETN2;KIF11;DBF4B;MKI67;PKMYT1;AURKB;AURKA;RACGAP1;ZNF207;RCC1;NEK2;FBXO5;ECT2;BUB1;TIPIN;BORA;PHF10;SPAG5;PRPF40A;KNSTRN;DBF4;PRC1;KIF2C;KIF20A;CEP85;KIF20B;MCM2,0.2230769230769231
3,1034,Ribosome Binding (GO:0043022),20/85,3.670078344148088e-07,binding,GO_Molecular_Function_2023,8.831739330837645e-09,0.0,0.0,5.735396753148232,106.3624387516356,PTCD3;SRP19;MRPS27;NAA10;CCDC47;IFRD2;NME1;UNG;TMCO1;DNAJC2;NCLN;MTRFR;DHX33;SRP72;ERI1;G3BP1;SERBP1;GEMIN5;ETF1;DHX29,0.23529411764705882
3,1034,Tubulin Binding (GO:0015631),43/322,4.2517930342209765e-07,binding,GO_Molecular_Function_2023,1.1368430572783357e-08,0.0,0.0,2.9062313509759883,53.16202067985911,CEP57;CETN3;KIF14;SMC3;SKA1;SKA2;KIF15;SPAST;RACGAP1;KATNA1;STMN1;NUSAP1;ZNF207;FAM83D;GTSE1;DLGAP5;GAS2L3;SPAG5;VBP1;RCC2;NDE1;KIF23;HAUS6;KIF22;TBCA;CCSAP;CKAP5;LRPPRC;CENPE;KIF18A;KIF18B;PSRC1;KIF2A;FAM161A;CEP57L1;KIFC1;PRC1;MAP6D1;KIF2C;TUBGCP3;KIF20A;KIF20B;SPC24,0.13354037267080746
3,1034,Mitochondrial Ribosome (GO:0005761),10/22,3.0735232916435736e-07,cellular anatomical structure,GO_Cellular_Component_2023,4.7810362314455594e-08,0.0,0.0,15.4248046875,260.0008693101074,MRPL20;MRPL40;MRPL51;MRPS22;MRPS12;MRPL39;MRPL37;MRPL48;MRPL13;MRPL57,0.45454545454545453
3,1034,Double-Strand Break Repair (GO:0006302),29/168,2.217442936889244e-07,cellular process,GO_Biological_Process_2023,9.870325267860658e-09,0.0,0.0,3.9083932853717034,72.04627839425407,DCLRE1B;DCLRE1A;FEN1;MCM8;ATP23;DDX1;HMGB2;NUCKS1;SMC6;PRPF19;RAD54B;RAD51AP1;RECQL4;HPF1;RAD21;NSD2;POLQ;SLF1;SLF2;ZGRF1;RECQL;INIP;MMS22L;NSMCE4A;RAD51C;TDP2;RFWD3;UBE2V2;TRIP13,0.17261904761904762
3,1034,"Condensed Chromosome, Centromeric Region (GO:0000779)",7/9,2.1196751540059017e-07,cellular anatomical structure,GO_Cellular_Component_2023,3.1795127310088523e-08,0.0,0.0,64.62901655306719,1115.752290516302,SGO1;CENPE;CBX3;NCAPD2;NCAPD3;CENPA;CENPC,0.7777777777777778
3,1034,Ribosomal Large Subunit Biogenesis (GO:0042273),16/54,1.740708595579565e-07,cellular process,GO_Biological_Process_2023,7.642135297666383e-09,0.0,0.0,7.82876641505532,146.316424980199,NOP16;PAK1IP1;NIP7;NOP2;PPAN;WDR12;GTPBP4;NLE1;MRPL20;EBNA1BP2;LAS1L;MRTO4;RRS1;BRIX1;RRP15;MDN1,0.2962962962962963
3,1034,Double-Strand Break Repair Via Break-Induced Replication (GO:0000727),8/11,1.6479355014030465e-07,cellular process,GO_Biological_Process_2023,7.134354914610748e-09,0.0,0.0,49.28654970760234,924.534054062826,GINS2;MCM7;MCM3;MCM4;CDC7;MCM5;MCM6;MCM2,0.7272727272727273
3,1034,Regulation Of Chromosome Separation (GO:1905818),8/12,4.408297113455858e-07,biological regulation,GO_Biological_Process_2023,2.04286939404052e-08,0.0,0.0,36.96296296296296,654.4782484429509,NCAPH2;NCAPG2;NCAPG;NCAPD2;NCAPD3;SMC4;NCAPH;SMC2,0.6666666666666666
3,1034,Nuclear Chromosome Segregation (GO:0098813),9/16,4.416174182356463e-07,cellular process,GO_Biological_Process_2023,2.0987804658712188e-08,0.0,0.0,23.78132404181185,420.4377399817124,TOP2A;CENPF;INCENP;SPICE1;KIF2C;KIF22;FAM83D;CENPQ;NDC80,0.5625
3,1034,RNA Export From Nucleus (GO:0006405),17/65,4.416174182356463e-07,localization,GO_Biological_Process_2023,2.1003755257549032e-08,0.0,0.0,6.588126843657817,116.4686259552598,FYTTD1;CHTOP;NXT1;RBM8A;EIF4A3;THOC1;CASC3;THOC2;THOC5;MAGOHB;THOC7;DDX39A;DDX39B;SARNP;MAGOH;HNRNPA2B1;SRSF3,0.26153846153846155
3,1034,"Preribosome, Large Subunit Precursor (GO:0030687)",9/18,5.039034597836954e-07,protein-containing complex,GO_Cellular_Component_2023,8.118444629848427e-08,0.0,0.0,18.494634146341465,301.9534240532715,EBNA1BP2;LAS1L;NIP7;MRTO4;PPAN;RRS1;WDR12;MDN1;RRP15,0.5
3,1034,U4 snRNP (GO:0005687),7/10,6.073719583647517e-07,protein-containing complex,GO_Cellular_Component_2023,1.0122865972745861e-07,0.0,0.0,43.08373904576436,693.9016999665902,SNRPD2;SNRPD1;SNRPG;SNRPE;SNRPD3;SNRPF;SNRPB,0.7
3,1034,Mitotic Cytokinesis (GO:0000281),16/59,6.463632429893812e-07,cellular process,GO_Biological_Process_2023,3.113579036351287e-08,0.0,0.0,6.916617170009594,119.55309051344862,CKAP2;CDCA8;KIF23;CENPA;AURKB;ANLN;SPAST;ESPL1;RACGAP1;INCENP;KIF4A;STMN1;NUSAP1;KIF20A;ECT2;CEP55,0.2711864406779661
3,1034,CENP-A Containing Chromatin Assembly (GO:0034080),6/6,4.117889238452825e-07,cellular process,GO_Biological_Process_2023,1.883181054170499e-08,0.0,0.0,113796.0,2024171.1970065427,CENPW;MIS18A;NASP;CENPI;HJURP;OIP5,1.0
3,1034,Chromatin Remodeling At Centromere (GO:0031055),6/6,4.117889238452825e-07,None,GO_Biological_Process_2023,1.883181054170499e-08,0.0,0.0,113796.0,2024171.1970065427,CENPW;MIS18A;NASP;CENPI;HJURP;OIP5,1.0
4,1111,Axon guidance,102/182,3.4409584266807767e-77,Development and regeneration,KEGG_2021_Human,1.4960688811655548e-79,0.0,0.0,23.76756689791873,4313.846225070932,EPHB6;RGS3;DPYSL5;CFL2;DPYSL2;CFL1;EPHB2;EPHB1;EPHB4;EPHB3;EPHA5;EPHA4;EPHA7;UNC5A;UNC5B;SEMA6D;PRKCA;UNC5C;PARD3;MYL9;EPHA3;NGEF;EPHA2;PIK3R3;EFNA5;EFNA4;PRKCZ;MYL12A;EFNB2;EFNB1;PPP3R1;EFNB3;RRAS;PLCG2;PLXNA2;PLXNA1;SRGAP3;SRGAP2;SRGAP1;PLXNA4;PLXNA3;NFATC3;NFATC2;L1CAM;SSH3;PTK2;SSH1;EFNA3;EFNA2;CDK5;FES;PLXNB1;ROBO3;ILK;RND1;PPP3CA;PPP3CB;PPP3CC;NCK2;RAC2;RAC3;NEO1;NCK1;TRPC6;TRPC3;DCC;TRPC1;RHOD;RGMA;ENAH;RASA1;MET;CAMK2B;CAMK2D;SEMA3A;CAMK2A;GNAI3;CXCR4;SEMA3E;NTN1;GNAI1;GNAI2;NTN3;CDC42;PAK1;PARD6B;ABLIM2;PARD6A;ABLIM3;SLIT1;PAK6;FYN;SLIT3;LRIG2;PAK3;CAMK2G;PAK2;PAK5;PAK4;LIMK2;LIMK1;SEMA4F,0.5604395604395604
4,1111,MAPK signaling pathway,124/294,2.1113052678490703e-75,Signal transduction,KEGG_2021_Human,1.835917624216583e-77,0.0,0.0,13.833696883008525,2444.296759826203,IGF1R;ELK4;RPS6KA4;RPS6KA3;RPS6KA6;RPS6KA5;RPS6KA2;RPS6KA1;MAP3K6;PRKACB;MAP3K4;MAP3K5;PDGFRB;PDGFRA;MEF2C;PRKCB;HGF;FLT3LG;PRKCA;MAPK8IP2;MAPK8IP3;PGF;MAPK8IP1;CACNB3;MAPKAPK3;MAPKAPK2;EPHA2;PDGFA;TGFA;CACNA1A;CACNA1D;CACNA1C;EFNA5;RASGRP2;STK4;CACNA1E;EFNA4;RASGRP1;CACNA1H;RASGRP4;STK3;RAP1B;CACNA1I;PPP3R1;RAP1A;RRAS;PDGFD;PDGFC;MAP2K5;NGFR;JUN;JUND;BDNF;INSR;IGF2;NFATC3;NFATC1;GNG12;EFNA3;EFNA2;NF1;MAP3K13;FGFR3;MAP3K11;FGFR1;MAP3K12;PTPRR;FLT3;RASGRF2;RASGRF1;HSPB1;ARRB1;ARRB2;AREG;DUSP16;PPP3CA;PPP3CB;PPP3CC;DUSP10;MECOM;RAC2;RAC3;MAP4K1;MAP4K2;DUSP3;RRAS2;FOS;NGF;DUSP9;DUSP6;DUSP7;MRAS;RASA1;KIT;RASA2;MAPT;MET;SRF;CDC42;PAK1;MAPK7;ERBB3;MKNK1;NTF3;GNA12;MKNK2;FLNA;FLNB;FLNC;PAK2;CACNG3;MAP4K3;MAP4K4;MAP3K2;NTRK2;MAPK12;MAPK13;KITLG;TAOK3;TAOK2;PTPN7;TEK;LAMTOR3;PTPN5,0.4217687074829932
4,1111,Regulation of actin cytoskeleton,106/218,3.2053782265251283e-72,Cell motility,KEGG_2021_Human,4.180928121554514e-74,0.0,0.0,17.68267590618337,2987.6784239717585,CYFIP2;CYFIP1;NCKAP1;MYLK2;ITGA2B;ACTB;MYLK3;MYLK;ACTG1;PPP1CB;CFL2;CFL1;PIP4K2A;PIP4K2B;PIP4K2C;PDGFRB;PDGFRA;ACTN1;ACTN4;TIAM1;SPATA13;PFN4;EZR;PFN1;MYL9;PFN3;VCL;PXN;LPAR1;PDGFA;PIK3R3;IQGAP1;IQGAP2;MYL12A;SLC9A1;SCIN;RRAS;PDGFD;PDGFC;PIP5K1A;MYH14;NCKAP1L;PIP5K1B;MYH11;PIP5K1C;MYH10;RDX;MSN;ARPC4;ARPC5;GNG12;SSH3;PTK2;SSH1;DIAPH1;DIAPH2;ARPC2;FGFR3;FGFR1;ARPC1B;ARPC1A;WASL;ITGAE;RAC2;RAC3;ITGAV;GIT1;APC2;VAV3;ACTR3;ACTR2;PPP1R12A;RRAS2;VAV1;VAV2;ENAH;MRAS;ARHGEF4;MYH9;ITGA6;ARHGEF7;PPP1R12B;DOCK1;PPP1R12C;ARHGEF6;CXCR4;FGD1;FGD3;CDC42;GNA13;PAK1;GNA12;PAK6;PAK3;WASF1;PAK2;WASF2;PAK5;PAK4;GSN;LIMK2;LIMK1;BAIAP2;PPP1CA;MOS;ABI2,0.48623853211009177
4,1111,Ras signaling pathway,103/232,3.061096550446339e-65,Signal transduction,KEGG_2021_Human,5.323646174689284e-67,0.0,0.0,14.86003445305771,2267.6567534441915,CALML5;CALML6;CALML3;CALML4;ETS1;IGF1R;RASSF1;RASSF5;PRKACB;PDGFRB;PDGFRA;RALBP1;PRKCB;HGF;FLT3LG;PRKCA;PGF;TIAM1;RIN1;EPHA2;SHC4;RAB5B;RAB5C;SHC3;PDGFA;PIK3R3;TGFA;RASAL1;RASAL2;EFNA5;PLD1;RASAL3;RASGRP2;STK4;EFNA4;RASGRP1;RASGRP4;PLD2;RAP1B;GNG10;RAP1A;RRAS;PDGFD;PDGFC;PLCG2;ABL2;RALGDS;BRAP;NGFR;BDNF;INSR;IGF2;GNG12;GNG11;AFDN;EFNA3;EFNA2;GNB1;GNB4;NF1;GNB3;GNB5;CALM1;FGFR3;RAB5A;LAT;BCL2L1;FGFR1;FLT3;RASGRF2;RASGRF1;RAC2;RAC3;RASA4B;KSR1;RRAS2;KSR2;NGF;ZAP70;MRAS;RASA3;RASA4;RASA1;KIT;RASA2;MET;EXOC2;ARF6;RALA;RALB;CDC42;PAK1;GNG2;NTF3;PAK6;SHOC2;PAK3;PAK2;PAK5;PAK4;NTRK2;KITLG;TEK,0.44396551724137934
4,1111,Endocytosis,98/252,1.5977279887787136e-55,Transport and catabolism,KEGG_2021_Human,3.4733217147363343e-57,0.0,0.0,11.769272188818093,1530.0317347474304,SH3GL3;WIPF1;WIPF2;WIPF3;CBLC;CBLB;IGF1R;AP2M1;SH3GL2;SH3GL1;PDGFRA;SH3GLB2;USP8;PRKCI;RNF41;RUFY1;ACAP1;BIN1;HGS;PARD3;AMPH;STAMBP;STAM2;RAB5B;RAB5C;AGAP2;AGAP3;PLD1;PRKCZ;PLD2;SNX1;GRK3;GRK2;GRK5;CLTCL1;GRK6;PIP5K1A;PIP5K1B;PIP5K1C;RAB4A;CAV3;IQSEC1;CAV2;ARPC4;STAM;ARPC5;EHD2;EHD4;ARPC2;FGFR3;RAB5A;ARF1;SH3KBP1;ARPC1B;ARPC1A;CLTC;CLTB;CLTA;AP2A1;ARRB1;WASL;ARRB2;AP2A2;EEA1;PIP5KL1;PSD4;GIT1;ACTR3;ACTR2;PDCD6IP;ARAP2;ARAP3;EPS15L1;ARAP1;DNM1;EPN1;DNM2;EPN2;DNM3;RABEP1;ARF6;ASAP3;CXCR4;ASAP1;ASAP2;CDC42;CYTH3;CYTH2;PARD6B;PARD6A;AP2S1;EPS15;CYTH1;GIT2;WWP1;AP2B1;RAB10;NEDD4,0.3888888888888889
4,1111,Rap1 signaling pathway,86/210,7.564795903745227e-51,Signal transduction,KEGG_2021_Human,1.97342501836832e-52,0.0,0.0,12.697010228166798,1511.6381622727606,DOCK4;CALML5;CALML6;CTNND1;ITGA2B;CALML3;CALML4;ACTB;ACTG1;IGF1R;CDH1;RASSF5;RAC2;RAC3;VAV3;MAGI1;PDGFRB;PDGFRA;PRKCI;PRKCB;HGF;MAGI2;ARAP3;PRKCA;NGF;VAV1;PGF;VAV2;APBB1IP;ENAH;TIAM1;MRAS;PRKD3;PARD3;KIT;PFN4;EVL;LCP2;TLN2;PFN1;TLN1;MET;PFN3;EPHA2;RAPGEF4;RALA;RALB;LPAR1;GNAI3;PDGFA;PIK3R3;EFNA5;RASGRP2;PRKCZ;EFNA4;GNAI1;RAP1GAP;GNAI2;RAP1B;CDC42;PARD6B;RAP1A;PARD6A;RRAS;CNR1;PDGFD;PDGFC;RALGDS;VASP;FARP2;NGFR;INSR;MAPK12;MAPK13;GNAO1;AFDN;KITLG;EFNA3;EFNA2;GNAS;TEK;CALM1;FGFR3;SIPA1;LAT;FGFR1,0.4095238095238095
4,1111,Focal adhesion,71/201,8.286914751286904e-37,Cellular community - eukaryotes,KEGG_2021_Human,2.522104489522101e-38,0.0,0.0,9.85125,852.8536441037022,MYLK2;ITGA2B;RASGRF1;PTEN;ILK;ARHGAP5;ACTB;MYLK3;MYLK;ACTG1;IGF1R;PPP1CB;CCND1;RAC2;CAPN2;RAC3;ITGAV;VAV3;PDGFRB;PDGFRA;PPP1R12A;PRKCB;ACTN1;HGF;PRKCA;ACTN4;VAV1;PGF;VAV2;ITGA6;TLN2;TLN1;PPP1R12B;MYL9;DOCK1;MET;PPP1R12C;VCL;SHC4;SHC3;PXN;PDGFA;PIK3R3;MYL12A;RAP1B;CDC42;PAK1;RELN;RAP1A;PDGFD;PDGFC;PIP5K1A;FLNA;PAK6;PIP5K1B;FLNB;FYN;PIP5K1C;FLNC;PAK3;PAK2;PAK5;PAK4;VASP;JUN;CAV3;CAV2;PTK2;PPP1CA;DIAPH1;ZYX,0.35323383084577115
4,1111,Fc gamma R-mediated phagocytosis,51/97,8.701034834419726e-37,None,KEGG_2021_Human,3.0264468989286e-38,0.0,0.0,19.70863412633306,1702.6455410493493,NCF1;ARPC1B;ARPC1A;INPPL1;CFL2;CFL1;RAC2;ACTR3;VAV3;ACTR2;SYK;PRKCB;PRKCE;PRKCD;PRKCA;VAV1;DNM2;VAV2;HCK;BIN1;AMPH;DOCK1;ARF6;ASAP3;WAS;PIK3R3;ASAP1;ASAP2;PLD1;PLD2;CDC42;PAK1;SCIN;INPP5D;PLCG2;PIP5K1A;PIP5K1B;PIP5K1C;WASF1;WASF2;WASF3;LYN;VASP;GSN;MYO10;LIMK2;LIMK1;ARPC4;ARPC5;ARPC2;LAT,0.5257731958762887
4,1111,Morphine addiction,49/91,4.741774136973801e-36,Substance dependence,KEGG_2021_Human,1.8554768362071397e-37,0.0,0.0,20.70448838669177,1751.1340057257166,GABRB3;GABRB2;GABRB1;PDE3B;ARRB1;ARRB2;GABRR2;GABRR1;PDE4A;PRKACB;PRKCB;PDE4D;PDE4C;PRKCA;OPRM1;GABRG3;GABRG2;GABRG1;PDE1C;PDE1B;PDE1A;GNAI3;CACNA1A;GNAI1;GNAI2;GNG10;GRK3;GNG2;GRK2;GRK5;GRK6;GABRE;GABRD;GABRA2;GABRQ;GABRA1;GABRA6;GABRA5;GABRA4;GABRA3;GNG12;GNG11;GNAO1;GNB1;GNAS;GNB4;PDE3A;GNB3;GNB5,0.5384615384615384
4,1111,Formation Of Annular Gap Junctions R-HSA-196025,8/9,4.942910569096268e-09,Vesicle-mediated transport,Reactome_2022,7.57570020996779e-10,0.0,0.0,136.99365367180417,2876.990726346028,GJA1;CLTC;CLTCL1;CLTB;CLTA;AP2M1;DNM1;DNM2,0.8888888888888888
4,1111,Tight junction,63/169,2.3068094703589622e-34,Cellular community - eukaryotes,KEGG_2021_Human,1.0029606392865057e-35,0.0,0.0,10.652176652743773,858.4325202397341,ARPC1B;ARPC1A;PRKAG1;PRKAG2;CLDN1;ACTB;ACTG1;CCND1;PPP2R1B;PPP2R1A;PRKACB;MAP3K5;MAGI1;ACTR3;ACTR2;PRKAB2;PRKCI;ACTN1;PRKCE;ARHGEF18;ACTN4;PRKAB1;TIAM1;MYL6;CTTN;PARD3;MYH9;ARHGEF2;EZR;MYL9;LLGL1;PRKAA2;WAS;CACNA1D;PRKCZ;MYL12A;CDC42;PPP2CA;PPP2CB;PARD6B;RAP1A;PARD6A;MYH14;MYH11;WHAMM;MYH10;JAM3;VASP;JUN;RDX;MSN;ARPC4;ARPC5;TJAP1;TJP1;AFDN;OCLN;ARPC2;PPP2R2C;PPP2R2B;NEDD4;NF2;TJP2,0.3727810650887574
4,1111,CD28 Dependent Vav1 Pathway R-HSA-389359,7/12,4.260643799859508e-06,Immune System,Reactome_2022,9.915973271196204e-07,0.0,0.0,23.94710144927536,331.0435027222517,CDC42;LCK;FYN;PKN2;PKN1;ARHGEF7;VAV1,0.5833333333333334
4,1111,Cardiac Conduction R-HSA-5576891,29/126,2.9593696723014447e-10,Muscle contraction,Reactome_2022,4.227670960430636e-11,0.0,0.0,5.19244621453208,124.03084521803282,CAMK2B;CAMK2D;AHCYL1;CAMK2A;ITPR1;ITPR2;ATP2A2;ATP1A3;ITPR3;CACNA1C;NPPA;SCN3B;SCN3A;CAMK2G;SCN1B;CORIN;SCN1A;TRPC1;PRKCA;ATP2B1;FGF14;SCN8A;ORAI1;CALM1;FGF13;SCN2A;FGF12;FGF11;SCN2B,0.23015873015873015
4,1111,FLT3 Signaling R-HSA-9607240,16/37,2.217674892280812e-10,Immune System,Reactome_2022,3.1471261479860146e-11,0.0,0.0,13.128419221569906,317.4707288890186,SYK;FLT3;FLT3LG;PTPRJ;FOXO3;SLA2;SOCS2;HCK;BCL2L11;LCK;GRB10;ABL2;CSK;FYN;SOCS6;SH2B3,0.43243243243243246
4,1111,RHO GTPases Activate CIT R-HSA-5625900,12/19,2.0259682675605178e-10,Signal Transduction,Reactome_2022,2.8559060725309103e-11,0.0,0.0,29.45326920577148,715.0973034264389,PPP1CB;MYL6;PPP1R12A;MYH14;MYH9;MYH11;RHOC;PPP1R12B;MYH10;MYL9;LLGL1;RHOB,0.631578947368421
4,1111,Negative Regulation Of MAPK Pathway R-HSA-5675221,17/41,1.2330322945074093e-10,Signal Transduction,Reactome_2022,1.7264785202185104e-11,0.0,0.0,12.21454143814747,302.7050682040407,KSR1;YWHAB;PEBP1;PPP2R5D;DUSP16;DUSP9;DUSP6;MAPK12;DUSP7;PPP2CA;PPP2CB;DUSP10;PPP2R1B;PPP2R1A;PTPN7;MARK3;PTPN3,0.4146341463414634
4,1111,WNT5A-dependent Internalization Of FZD4 R-HSA-5099900,11/15,1.1831502126706214e-10,Signal Transduction,Reactome_2022,1.6454406931180825e-11,0.0,0.0,47.2125,1172.306571376456,PRKCB;CLTC;CLTB;AP2S1;CLTA;AP2A1;PRKCA;AP2B1;ARRB2;AP2A2;AP2M1,0.7333333333333333
4,1111,ESR-mediated Signaling R-HSA-8939211,37/188,9.786057496491623e-11,Signal Transduction,Reactome_2022,1.3517165510764207e-11,0.0,0.0,4.275074919530875,106.99255958879348,SRF;GNAI3;PIK3R3;TGFA;ZDHHC7;ZDHHC21;FOXO3;PRKCZ;AREG;GNAI1;IGF1R;GNAI2;GNG10;GNG2;CCND1;S1PR3;JUN;HSP90AA1;JUND;CAV2;MMP2;FOS;GNG12;ESR1;GNG11;PTK2;UHMK1;CREB1;GNB1;GNB4;GNB3;PGR;STRN;GNB5;CALM1;FKBP5;HBEGF,0.19680851063829788
4,1111,NCAM Signaling For Neurite Out-Growth R-HSA-375165,20/57,8.160639216428239e-11,Developmental Biology,Reactome_2022,1.119482200929134e-11,0.0,0.0,9.340302722520873,235.521054927155,PRNP;GFRA1;CACNA1D;CACNA1C;GFRA2;CACNA1H;PTK2;CACNB3;RPS6KA5;CREB1;ARTN;PTPRA;CNTN2;NRTN;FYN;NCAM1;SPTAN1;SPTBN1;SPTBN2;FGFR1,0.3508771929824561
4,1111,PECAM1 Interactions R-HSA-210990,7/12,4.260643799859508e-06,Hemostasis,Reactome_2022,9.915973271196204e-07,0.0,0.0,23.94710144927536,331.0435027222517,LYN;YES1;LCK;INPP5D;FYN;ITGAV;PTPN6,0.5833333333333334
4,1111,"Regulation Of Glycolysis By Fructose 2,6-Bisphosphate Metabolism R-HSA-9634600",7/12,4.260643799859508e-06,Metabolism,Reactome_2022,9.915973271196204e-07,0.0,0.0,23.94710144927536,331.0435027222517,PPP2CA;PPP2CB;PPP2R1B;PPP2R1A;PPP2R5D;PRKCA;PRKACB,0.5833333333333334
4,1111,p38MAPK Events R-HSA-171007,7/12,4.260643799859508e-06,Signal Transduction,Reactome_2022,9.915973271196204e-07,0.0,0.0,23.94710144927536,331.0435027222517,RALA;RALB;MAPKAPK3;MAPKAPK2;RALGDS;MAPK12;MAPK13,0.5833333333333334
4,1111,CD28 Co-Stimulation R-HSA-389356,11/34,5.546069450122497e-06,Immune System,Reactome_2022,1.2960067683824567e-06,0.0,0.0,8.202608695652174,111.1963905070654,PRR5;CDC42;LYN;YES1;LCK;PIK3R3;FYN;PKN2;PKN1;ARHGEF7;VAV1,0.3235294117647059
4,1111,PKA Activation R-HSA-163615,8/17,5.8401812858305685e-06,Signal Transduction,Reactome_2022,1.370260131396387e-06,0.0,0.0,15.21507001108089,205.41120421478016,NBEA;PRKAR1B;PRKAR1A;PRKAR2B;PRKAR2A;PRKCA;CALM1;PRKACB,0.47058823529411764
4,1111,TCR Signaling R-HSA-202403,21/116,6.2917505172110124e-06,Immune System,Reactome_2022,1.482162610014704e-06,0.0,0.0,3.811434089811685,51.15710004077326,VASP;ITK;TRAT1;PTEN;WAS;PTPRJ;MALT1;ENAH;ZAP70;LCK;INPP5D;PLCG2;PRKCQ;EVL;LCP2;CSK;PKN2;PKN1;ARHGEF7;PAG1;NCK1,0.1810344827586207
4,1111,MyD88-independent TLR4 Cascade R-HSA-166166,20/107,6.586616204985567e-06,Immune System,Reactome_2022,1.557856245266217e-06,0.0,0.0,3.9617771315991863,52.97767569776782,MEF2A;MEF2C;JUN;DUSP3;PPP2R5D;FOS;DUSP6;DUSP7;PPP2CA;RPS6KA3;PPP2CB;RPS6KA5;CREB1;MAPK7;PPP2R1B;MAPKAPK3;PPP2R1A;RPS6KA2;RPS6KA1;MAPKAPK2,0.18691588785046728
4,1111,"Parathyroid hormone synthesis, secretion and action",30/106,2.470380330080144e-13,Endocrine system,KEGG_2021_Human,5.800023383666424e-14,0.0,0.0,6.86973562490871,209.37806494198364,ITPR1;GNAI3;ITPR2;ITPR3;ARRB1;ARRB2;PLD1;GNAI1;PLD2;GNAI2;GNA13;AKAP13;GNA11;GNA12;PDE4A;PRKACB;MEF2D;MEF2A;MEF2C;JUND;PRKCB;PDE4D;PDE4C;PRKCA;FOS;RUNX2;CREB1;GNAS;FGFR1;HBEGF,0.2830188679245283
4,1111,C-type Lectin Receptors (CLRs) R-HSA-5621481,24/141,3.800478788537619e-06,Immune System,Reactome_2022,8.701190793056799e-07,0.0,0.0,3.5424716344679545,49.43390135585881,LYN;AHCYL1;SYK;PRKCD;ITPR1;NFATC3;ITPR2;NFATC2;PRKCA;ITPR3;NFATC1;MALT1;PPP3CA;PPP3R1;PPP3CB;RPS6KA5;MUC2;PLCG2;FYN;PKN2;PKN1;CALM1;ARHGEF7;PRKACB,0.1702127659574468
4,1111,Oxytocin signaling pathway,60/154,4.903406274918016e-34,Endocrine system,KEGG_2021_Human,2.3451073488738332e-35,0.0,0.0,11.414660809360893,910.1839024414098,MYLK2;GUCY1B1;CALML5;CALML6;PRKAG1;PRKAG2;CALML3;CALML4;ACTB;MYLK3;ACTG1;MYLK;PPP1CB;PPP3CA;PPP3CB;EEF2K;PPP3CC;CCND1;NPPA;PRKACB;GUCY1A2;GUCY1A1;MEF2C;PRKAB2;PPP1R12A;PRKCB;PRKCA;FOS;PRKAB1;CACNB3;MYL6;PPP1R12B;MYL9;PPP1R12C;CAMK2B;CAMK2D;PRKAA2;CAMK2A;ITPR1;GNAI3;ITPR2;CACNA1D;ITPR3;CACNA1C;GNAI1;CAMKK2;GNAI2;PPP3R1;MAPK7;CACNG3;CAMK2G;MAP2K5;JUN;NFATC3;NFATC2;NFATC1;PPP1CA;GNAO1;GNAS;CALM1,0.38961038961038963
4,1111,PI3K-Akt signaling pathway,88/354,1.4852458025677016e-32,Signal transduction,KEGG_2021_Human,8.394867579730486e-34,0.0,0.0,6.022475543697954,458.6733794064792,IRS1;FLT3;YWHAB;ITGA2B;PTEN;AREG;IGF1R;GHR;PPP2R1B;CCND1;YWHAQ;PPP2R1A;ITGAV;JAK3;YWHAG;MAGI1;PDGFRB;PDGFRA;HSP90AA1;SYK;HGF;MAGI2;FLT3LG;PRKCA;PPP2R5D;NGF;PRLR;YWHAZ;PGF;CREB1;CDC37;KIT;IL3RA;ITGA6;SGK1;MET;EPHA2;PHLPP2;PHLPP1;PRKAA2;PKN3;CSH1;LPAR1;PDGFA;PIK3R3;TGFA;EFNA5;FOXO3;EFNA4;PPP2CA;PPP2CB;GNG10;RELN;BCL2L11;GNG2;ERBB3;CD19;PDGFD;PDGFC;NTF3;EIF4EBP1;EIF4E;NGFR;NTRK2;BDNF;INSR;IGF2;PPP2R3A;GNG12;GNG11;PTK2;EPOR;KITLG;EFNA3;EFNA2;PPP2R2C;PPP2R2B;GNB1;GNB4;GNB3;PKN2;PKN1;GNB5;TEK;PIK3AP1;FGFR3;BCL2L1;FGFR1,0.24858757062146894
4,1111,Long-term depression,29/60,3.8379451278450144e-20,Nervous system,KEGG_2021_Human,6.007218460974804e-21,0.0,0.0,16.304394490489535,759.1542129184006,GRIA1;GNAZ;GRIA2;GUCY1B1;GNAI3;ITPR1;CACNA1A;ITPR2;ITPR3;GNAI1;IGF1R;GNAI2;GNA13;PPP2CA;PPP2CB;PPP2R1B;PPP2R1A;GNA11;GNA12;PRKG2;PRKG1;GRIA3;LYN;GUCY1A2;GUCY1A1;PRKCB;PRKCA;GNAO1;GNAS,0.48333333333333334
4,1111,Human immunodeficiency virus 1 infection,53/212,4.156344154447355e-20,Infectious disease: viral,KEGG_2021_Human,6.6862927701979205e-21,0.0,0.0,5.90107120352867,274.129703458316,CALML5;CALML6;CALML3;CALML4;PPP3CA;PPP3CB;PPP3CC;CFL2;CFL1;RAC2;RAC3;PRKCB;PRKCA;FOS;PXN;GNAI3;ITPR1;PIK3R3;CXCR4;ITPR2;ITPR3;GNAI1;GNAI2;GNG10;PPP3R1;PAK1;GNG2;GNA11;PLCG2;PAK6;PTK2B;PAK3;PAK2;PAK5;PAK4;JUN;LIMK2;LIMK1;NFATC3;NFATC2;NFATC1;GNG12;GNG11;PTK2;MAPK12;MAPK13;GNAO1;GNB1;GNB4;GNB3;GNB5;CALM1;BCL2L1,0.25
4,1111,T cell receptor signaling pathway,37/104,6.793740598286277e-20,Immune system,KEGG_2021_Human,1.1224440988472979e-20,0.0,0.0,9.678062202951722,444.5733363281135,ITK;PIK3R3;CBLB;RASGRP1;MALT1;CDC42;PPP3CA;PPP3R1;PPP3CB;PAK1;PPP3CC;NCK2;PAK6;FYN;ICOS;PAK3;PAK2;PAK5;NCK1;PAK4;VAV3;JUN;NFATC3;NFATC2;NFATC1;FOS;VAV1;MAPK12;VAV2;MAPK13;ZAP70;TEC;LCK;PRKCQ;LCP2;PTPN6;LAT,0.3557692307692308
4,1111,Long-term potentiation,30/67,1.21270247329727e-19,Nervous system,KEGG_2021_Human,2.05632158515624e-20,0.0,0.0,14.14006050453784,640.9800159147699,CAMK2B;GRIA1;GRIA2;CAMK2D;CALML5;CALML6;CAMK2A;ITPR1;ITPR2;CALML3;ITPR3;CALML4;CACNA1C;PPP1CB;RAP1B;PPP3CA;RPS6KA3;PPP3CB;RPS6KA6;PPP3R1;PPP3CC;RAP1A;RPS6KA2;RPS6KA1;PRKACB;CAMK2G;PRKCB;PRKCA;PPP1CA;CALM1,0.44776119402985076
4,1111,Vascular smooth muscle contraction,41/133,2.4468912608234287e-19,Circulatory system,KEGG_2021_Human,4.2554630623016154e-20,0.0,0.0,7.828900853311662,349.1963657134575,MYLK2;GUCY1B1;CALML5;CALML6;ITPR1;ITPR2;CALML3;CACNA1D;ITPR3;CALML4;CACNA1C;MYLK3;MYLK;PPP1CB;GNA13;GNA11;NPPA;GNA12;MYH14;MYH11;PRKACB;MYH10;PRKG1;GUCY1A2;PPP1R14A;GUCY1A1;PRKCH;PPP1R12A;PRKCB;PRKCE;PRKCD;PRKCA;PPP1CA;MYL6;GNAS;MYH9;PRKCQ;CALM1;PPP1R12B;MYL9;PPP1R12C,0.3082706766917293
4,1111,Phosphatidylinositol signaling system,34/97,3.995517714365156e-18,Signal transduction,KEGG_2021_Human,7.122444621259627e-19,0.0,0.0,9.43367083757056,394.19410319284697,DGKG;DGKD;CALML5;CALML6;INPP1;DGKA;INPPL1;ITPR1;PTEN;ITPR2;PIK3R3;CALML3;ITPR3;PIK3C2G;CALML4;PIK3C2A;PIK3C2B;INPP5D;PLCG2;PIP4K2A;PIP5K1A;PIP4K2B;PIP5K1B;PIP4K2C;PIP5K1C;PRKCB;PRKCA;SYNJ2;DGKZ;ITPKB;SYNJ1;ITPKA;PI4KB;CALM1,0.35051546391752575
4,1111,Oocyte meiosis,39/129,4.128491241296563e-18,Cell growth and death,KEGG_2021_Human,7.538984005845899e-19,0.0,0.0,7.5990982587064675,317.1029942040836,CAMK2B;CAMK2D;CALML5;CALML6;YWHAB;CAMK2A;ITPR1;ITPR2;CALML3;ITPR3;CALML4;IGF1R;PPP1CB;PPP2CA;RPS6KA3;PPP3CA;PPP2CB;RPS6KA6;PPP3R1;PPP3CB;PPP3CC;PPP2R1B;YWHAQ;PPP2R1A;RPS6KA2;RPS6KA1;PRKACB;CAMK2G;YWHAG;PPP2R5D;YWHAZ;MAPK12;MAPK13;PPP1CA;MOS;AR;CPEB1;PGR;CALM1,0.3023255813953488
4,1111,Apelin signaling pathway,40/137,5.786241125343447e-18,Signal transduction,KEGG_2021_Human,1.0817755147381226e-18,0.0,0.0,7.235554015420601,299.3198774596549,MYLK2;PRKAA2;CALML5;CALML6;PDE3B;ITPR1;PRKAG1;GNAI3;ITPR2;PRKAG2;CALML3;ITPR3;CALML4;MYLK3;GNAI1;MYLK;SLC9A1;GNAI2;GNA13;GNG10;GNG2;CCND1;RRAS;CDH1;PRKACB;MEF2D;MEF2A;MEF2C;PRKAB2;PRKCE;RRAS2;GNG12;PRKAB1;GNG11;MRAS;GNB1;GNB4;GNB3;GNB5;CALM1,0.291970802919708
4,1111,Glutamatergic synapse,39/114,3.400605581599122e-20,Nervous system,KEGG_2021_Human,5.174834580694317e-21,0.0,0.0,9.126194029850746,426.2888998682338,GRIA1;GRIA2;ITPR1;GNAI3;CACNA1A;ITPR2;CACNA1D;ITPR3;GRIK1;CACNA1C;GRIK2;PLD1;GNAI1;PLD2;GNAI2;PPP3CA;GNG10;GRK3;PPP3R1;PPP3CB;GRK2;PPP3CC;GNG2;PRKACB;GRIA3;HOMER1;PRKCB;TRPC1;PRKCA;GNG12;GNG11;GNAO1;GNB1;GNAS;GNB4;GNB3;GNB5;SHANK3;SHANK1,0.34210526315789475
4,1111,GnRH signaling pathway,33/93,7.897471020020336e-18,Endocrine system,KEGG_2021_Human,1.5108205429604117e-18,0.0,0.0,9.606632653061224,394.1973996229482,CAMK2B;CAMK2D;CALML5;CALML6;CAMK2A;ITPR1;ITPR2;CALML3;CACNA1D;ITPR3;CALML4;CACNA1C;PLD1;PLD2;CDC42;MAPK7;GNA11;PTK2B;PRKACB;CAMK2G;MAP3K4;MAP3K2;JUN;PRKCB;MMP2;PRKCD;PRKCA;MAPK12;MAPK13;GNAS;GNRH1;CALM1;HBEGF,0.3548387096774194
4,1111,Amphetamine addiction,28/69,4.7491340398222724e-17,Substance dependence,KEGG_2021_Human,9.498268079644545e-18,0.0,0.0,11.885323063756951,465.8502554591763,CAMK2B;GRIA1;GRIA2;CAMK2D;CALML5;CALML6;CAMK2A;CALML3;CACNA1D;CALML4;CACNA1C;PPP1CB;PPP3CA;PPP3CB;PPP3R1;PPP3CC;PRKACB;CAMK2G;GRIA3;JUN;PRKCB;PRKCA;FOS;PPP1CA;ARC;CREB1;GNAS;CALM1,0.4057971014492754
4,1111,Human cytomegalovirus infection,49/225,4.503881299486208e-16,Infectious disease: viral,KEGG_2021_Human,9.203583525037036e-17,0.0,0.0,4.905714988871768,181.14035519981724,CALML5;CALML6;CALML3;CALML4;AKAP13;PPP3CA;PPP3CB;PPP3CC;CCND1;RAC2;RAC3;ITGAV;PRKACB;PDGFRA;PRKCB;PRKCA;CREB1;PXN;GNAI3;ITPR1;PIK3R3;CXCR4;ITPR2;ITPR3;GNAI1;GNAI2;GNA13;GNG10;PPP3R1;GNG2;GNA11;GNA12;EIF4EBP1;PTK2B;NFATC3;NFATC2;NFATC1;GNG12;GNG11;PTK2;MAPK12;MAPK13;GNAO1;GNB1;GNAS;GNB4;GNB3;GNB5;CALM1,0.21777777777777776
4,1111,B cell receptor signaling pathway,29/81,6.614582754180382e-16,Immune system,KEGG_2021_Human,1.3804346617419928e-16,0.0,0.0,9.709103512014789,354.5663925597454,INPPL1;PIK3R3;MALT1;CD79B;PPP3CA;CD79A;PPP3CB;PPP3R1;PPP3CC;CD19;INPP5D;BLNK;RAC2;PLCG2;RAC3;VAV3;LYN;JUN;SYK;PRKCB;NFATC3;NFATC2;NFATC1;FOS;VAV1;VAV2;BTK;PTPN6;PIK3AP1,0.35802469135802467
4,1111,Nicotine addiction,21/40,8.105055375880943e-16,Substance dependence,KEGG_2021_Human,1.7267291887746355e-16,0.0,0.0,19.134234669241916,694.4795828213353,GABRB3;GRIA1;GABRA2;GABRQ;GABRB2;GRIA2;GABRA1;GABRB1;GABRA6;GABRA5;GABRA4;GABRA3;CACNA1A;GABRG3;GABRG2;GABRG1;GABRR2;GABRR1;GABRE;GABRD;GRIA3,0.525
4,1111,Aldosterone synthesis and secretion,31/98,3.2087876912652318e-15,Endocrine system,KEGG_2021_Human,6.975625415793983e-16,0.0,0.0,8.063598673300167,281.41104224267247,ATF1;CAMK2B;CAMK2D;DAGLA;CALML5;CALML6;CAMK2A;ITPR1;ITPR2;ATP1A3;CALML3;CACNA1D;ITPR3;CALML4;CACNA1C;CACNA1H;CACNA1I;GNA11;NPPA;PRKACB;CAMK2G;PRKCB;PRKCE;PRKCA;ATP2B1;CREB1;PRKD3;GNAS;ORAI1;CALM1;DAGLB,0.3163265306122449
4,1111,Gastric acid secretion,27/76,8.727255824550241e-15,Digestive system,KEGG_2021_Human,1.9351741176176617e-15,0.0,0.0,9.57677535959033,324.4475414395001,CAMK2B;MYLK2;CAMK2D;CALML5;CALML6;CAMK2A;GNAI3;ITPR1;ATP1A3;ITPR2;CALML3;ITPR3;CALML4;ACTB;MYLK3;GNAI1;ACTG1;MYLK;GNAI2;SLC9A1;PRKACB;CAMK2G;PRKCB;PRKCA;GNAS;EZR;CALM1,0.35526315789473684
4,1111,ErbB signaling pathway,28/85,2.417736906899516e-14,Signal transduction,KEGG_2021_Human,5.4661877895119485e-15,0.0,0.0,8.5418347345742,280.51551793173905,CAMK2B;SHC4;CAMK2D;SHC3;CAMK2A;PIK3R3;TGFA;CBLB;AREG;PAK1;ERBB3;NCK2;EIF4EBP1;PLCG2;ABL2;PAK6;PAK3;CAMK2G;PAK2;PAK5;NCK1;PAK4;JUN;PRKCB;NRG1;PRKCA;PTK2;HBEGF,0.32941176470588235
4,1111,C-type lectin receptor signaling pathway,30/104,1.4352522314774042e-13,Immune system,KEGG_2021_Human,3.3073203594914096e-14,0.0,0.0,7.056154211565867,219.0234006993929,CALML5;CALML6;ITPR1;ITPR2;PIK3R3;CALML3;CBLB;ITPR3;CALML4;MALT1;PPP3CA;PPP3R1;PPP3CB;PAK1;PPP3CC;RRAS;PLCG2;JUN;KSR1;SYK;PRKCD;NFATC3;NFATC2;RRAS2;NFATC1;MAPK12;MAPK13;MRAS;MAPKAPK2;CALM1,0.28846153846153844
4,1111,Adrenergic signaling in cardiomyocytes,41/150,2.883414038538496e-17,Circulatory system,KEGG_2021_Human,5.641462249314448e-18,0.0,0.0,6.601903455371688,262.2037616670947,CAMK2B;CAMK2D;CALML5;CALML6;CAMK2A;GNAI3;ATP2A2;ATP1A3;CALML3;CACNA1D;CALML4;ADRB2;CACNA1C;GNAI1;SLC9A1;GNAI2;PPP1CB;PPP2CA;PPP2CB;RPS6KA5;PPP2R1B;PPP2R1A;PRKACB;CACNG3;CAMK2G;SCN1B;TPM3;PRKCA;PPP2R5D;ATP2B1;PPP2R3A;MAPK12;MAPK13;PPP1CA;CACNB3;CREB1;PPP2R2C;PPP2R2B;GNAS;CALM1;RAPGEF4,0.2733333333333333
4,1111,Yersinia infection,56/137,4.073429659496404e-33,Infectious disease: bacterial,KEGG_2021_Human,2.125267648432906e-34,0.0,0.0,12.325176993739396,955.6202165234872,WIPF1;WIPF2;ARPC1B;WIPF3;ARPC1A;WASL;ACTB;ACTG1;RPS6KA3;RPS6KA6;RPS6KA2;RPS6KA1;RAC2;RAC3;ACTR3;VAV3;ACTR2;RHOG;FOS;VAV1;VAV2;ZAP70;LCK;ELMO1;ELMO2;LCP2;ARHGEF7;DOCK1;SKAP2;ARF6;ARHGEF28;PXN;WAS;PIK3R3;CDC42;PIP5K1A;PTK2B;PIP5K1B;PIP5K1C;WASF2;GIT2;JUN;LIMK1;NFATC3;NFATC2;ARPC4;NFATC1;ARPC5;BAIAP2;PTK2;MAPK12;MAPK13;ARPC2;PKN2;PKN1;LAT,0.40875912408759124
4,1111,Salmonella infection,58/249,2.7426251989950937e-20,Infectious disease: bacterial,KEGG_2021_Human,4.054315511557965e-21,0.0,0.0,5.392143116401406,253.18541135467,CYFIP2;CYFIP1;NCKAP1;ARF1;ARPC1B;FHOD1;ARPC1A;PIK3C2G;WASL;PIK3C2A;ACTB;ACTG1;PIK3C2B;ACTR3;ACTR2;HSP90AA1;DYNLT1;EXOC7;RHOG;FOS;RHOB;DNM2;EXOC4;ELMO1;PFN4;ELMO2;PFN1;MYL9;PFN3;EXOC2;ARF6;RAB5B;RALA;RAB5C;ARHGEF26;MYL12A;CDC42;CYTH3;CYTH2;PAK1;RRAS;MYO6;FLNA;NCKAP1L;FLNB;FLNC;PAK3;CYTH1;WASF3;JUN;ARPC4;ARPC5;MAPK12;MAPK13;ARPC2;ABI1;PKN1;RAB5A,0.23293172690763053
4,1111,Renin secretion,32/69,2.04452793182475e-21,Endocrine system,KEGG_2021_Human,2.844560600799652e-22,0.0,0.0,15.110688074543496,749.6633489080758,GUCY1B1;CALML5;PDE1C;CALML6;PDE1B;PDE1A;PDE3B;GNAI3;ITPR1;ITPR2;CALML3;CACNA1D;ITPR3;CALML4;ADRB2;CACNA1C;GNAI1;GNAI2;PPP3CA;PPP3CB;PPP3R1;PPP3CC;NPPA;PRKG2;PRKACB;GUCY1A2;GUCY1A1;CREB1;GNAS;PDE3A;ORAI1;CALM1,0.463768115942029
4,1111,Dopaminergic synapse,54/132,5.116044137570873e-32,Nervous system,KEGG_2021_Human,3.114113822869228e-33,0.0,0.0,12.320719016083254,922.1979755271856,CALML5;CALML6;CALML3;ARRB1;CALML4;ARRB2;PPP1CB;PPP3CA;PPP3CB;PPP3CC;PPP2R1B;PPP2R1A;PRKACB;SCN1A;PRKCB;PRKCA;PPP2R5D;FOS;CREB1;GRIA1;CAMK2B;GRIA2;CAMK2D;CAMK2A;ITPR1;GNAI3;CACNA1A;ITPR2;CACNA1D;ITPR3;CACNA1C;GNAI1;GNAI2;PPP2CA;PPP2CB;GNG10;GNG2;CAMK2G;GRIA3;PPP2R3A;GNG12;GNG11;MAPK12;MAPK13;PPP1CA;GNAO1;PPP2R2C;PPP2R2B;GNB1;GNAS;GNB4;GNB3;GNB5;CALM1,0.4090909090909091
4,1111,Bacterial invasion of epithelial cells,42/77,2.0992936653121133e-31,Infectious disease: bacterial,KEGG_2021_Human,1.369104564333987e-32,0.0,0.0,21.1644527595884,1552.8055502534214,SHC4;SHC3;ARHGEF26;ARPC1B;ARPC1A;CLTC;PXN;CLTB;CLTA;ILK;PIK3R3;WASL;ACTB;ACTG1;CDC42;CDH1;CLTCL1;CTNNA1;CTNNA3;CTNNA2;WASF1;WASF2;ACTR3;ACTR2;CAV3;CAV2;RHOG;ARPC4;ARPC5;DNM1;PTK2;CD2AP;DNM2;DNM3;ARHGAP10;CTTN;ARPC2;ELMO1;ELMO2;DOCK1;MET;VCL,0.5454545454545454
4,1111,Adherens junction,40/71,1.0744851570951532e-30,Cellular community - eukaryotes,KEGG_2021_Human,7.474679353705412e-32,0.0,0.0,22.719797596457937,1628.3551973293802,CTNND1;WAS;PTPRJ;WASL;IQGAP1;ACTB;PTPRF;ACTG1;IGF1R;CDC42;CDH1;RAC2;CTNNA1;RAC3;CTNNA3;FYN;CTNNA2;WASF1;WASF2;WASF3;FARP2;PTPN1;YES1;CSNK2A1;ACTN1;INSR;LMO7;ACTN4;SORBS1;BAIAP2;TJP1;AFDN;FER;PTPRB;PARD3;SNAI1;PTPN6;MET;VCL;FGFR1,0.5633802816901409
4,1111,Leukocyte transendothelial migration,48/114,3.0921337926774924e-29,Immune system,KEGG_2021_Human,2.2854901945877122e-30,0.0,0.0,12.87813221585564,878.9450446418589,ITK;NCF1;CTNND1;NCF4;PXN;GNAI3;PIK3R3;CXCR4;ARHGAP5;CLDN1;ACTB;MYL12A;GNAI1;ACTG1;GNAI2;RAP1B;CDC42;CDH5;RAP1A;RASSF5;PLCG2;RAC2;CTNNA1;PTK2B;CTNNA3;CTNNA2;JAM3;VASP;VAV3;PRKCB;ACTN1;MMP2;MSN;CYBA;PRKCA;ACTN4;PTK2;VAV1;MAPK12;VAV2;MAPK13;AFDN;OCLN;EZR;MYL9;VCL;SIPA1;RAPGEF4,0.42105263157894735
4,1111,Pathways in cancer,103/531,1.6863311402487015e-28,Cancer: overview,KEGG_2021_Human,1.3197374141076793e-29,0.0,0.0,4.407457628690105,293.08506752254345,SPI1;CALML5;CALML6;ITGA2B;CALML3;CALML4;ETS1;IGF1R;RASSF1;EDNRB;RPS6KA5;CCND1;CDH1;RASSF5;PIM1;PRKACB;PDGFRB;PDGFRA;RALBP1;PRKCB;TPM3;DAPK2;HGF;FLT3LG;PRKCA;MITF;PGF;BCR;AR;LPAR1;PDGFA;PIK3R3;TGFA;KLK3;CSF2RB;PLD1;RASGRP2;STK4;RASGRP1;FOXO1;RASGRP4;PLD2;GNG10;BCL2L11;PLCG2;RALGDS;JUN;ZBTB16;IGF2;GNG12;GNG11;ESR1;PTK2;GNB1;GNAS;GNB4;GNB3;GNB5;CALM1;FGFR3;BCL2L1;FGFR1;RET;ALK;FLT3;PTEN;MECOM;RAC2;RAC3;ITGAV;JAK3;APPL1;APC2;HSP90AA1;DCC;MMP2;NCOA4;FOS;IL3RA;KIT;ITGA6;MET;CAMK2B;CAMK2D;RALA;RALB;CAMK2A;GNAI3;CXCR4;GNAI1;GNAI2;CDC42;GNA13;GNG2;GNA11;GNA12;CTNNA1;CTNNA3;CTNNA2;CAMK2G;RUNX1T1;EPOR;KITLG,0.19397363465160075
4,1111,Neurotrophin signaling pathway,47/119,3.51083334965045e-27,Nervous system,KEGG_2021_Human,2.9002536366677637e-28,0.0,0.0,11.544473162071846,732.0071564901111,SHC4;CAMK2B;BEX3;CAMK2D;SHC3;CALML5;PRDM4;CALML6;IRS1;MAGED1;CAMK2A;PIK3R3;CALML3;CALML4;FOXO3;RAP1B;CDC42;RPS6KA3;RPS6KA6;RPS6KA5;RAP1A;MAPK7;ARHGDIA;RPS6KA2;RPS6KA1;NTF3;PLCG2;CAMK2G;SH2B3;MAP2K5;SH2B2;MAP3K5;SH2B1;NGFR;NTRK2;JUN;BDNF;KIDINS220;SORT1;NTRK3;PRKCD;MATK;NGF;MAPK12;MAPK13;MAPKAPK2;CALM1,0.3949579831932773
4,1111,cGMP-PKG signaling pathway,55/167,4.3207546885126476e-27,Signal transduction,KEGG_2021_Human,3.757177990010998e-28,0.0,0.0,8.731863839285714,551.4059763150593,MYLK2;GUCY1B1;CALML5;CALML6;IRS1;PDE3B;ATP2A2;CALML3;IRS2;CALML4;MYLK3;MYLK;PPP1CB;PPP3CA;PPP3CB;EDNRB;PPP3CC;NPPA;PRKG2;PRKG1;MEF2A;GUCY1A2;GUCY1A1;MEF2C;PPP1R12A;TRPC6;PRKCE;CREB1;PDE5A;MYL9;SRF;ITPR1;GNAI3;ITPR2;ATP1A3;CACNA1D;ITPR3;ADRB2;CACNA1C;GNAI1;GNAI2;GNA13;PPP3R1;GNA11;GNA12;MEF2D;VASP;INSR;NFATC3;NFATC2;NFATC1;ATP2B1;PPP1CA;PDE3A;CALM1,0.32934131736526945
4,1111,Circadian entrainment,42/97,2.7602925714774904e-26,Environmental adaptation,KEGG_2021_Human,2.520267130479448e-27,0.0,0.0,13.45400119057743,823.9961232628024,GRIA1;CAMK2B;GRIA2;CAMK2D;GUCY1B1;CALML5;CALML6;CAMK2A;ITPR1;GNAI3;CALML3;CACNA1D;ITPR3;CALML4;CACNA1C;CACNA1H;GNAI1;GNAI2;CACNA1I;GNG10;RPS6KA5;GNG2;PRKG2;PRKACB;CAMK2G;GRIA3;PRKG1;GUCY1A2;GUCY1A1;PRKCB;PRKCA;FOS;GNG12;GNG11;GNAO1;CREB1;GNB1;GNAS;GNB4;GNB3;GNB5;CALM1,0.4329896907216495
4,1111,Chemokine signaling pathway,52/192,2.109814258203076e-21,Immune system,KEGG_2021_Human,3.027124805247891e-22,0.0,0.0,6.575934169701875,325.8326639342987,ITK;NCF1;ARRB1;ARRB2;PREX1;RAC2;RAC3;PRKACB;JAK3;VAV3;PRKCB;PRKCD;VAV1;VAV2;FGR;TIAM1;HCK;PARD3;ELMO1;DOCK2;SHC4;SHC3;PXN;GNAI3;WAS;PIK3R3;CXCR4;FOXO3;RASGRP2;PRKCZ;GNAI1;GNAI2;RAP1B;CDC42;GNG10;GRK3;PAK1;GRK2;RAP1A;GNG2;GRK5;GRK6;PLCG2;PTK2B;LYN;GNG12;GNG11;PTK2;GNB1;GNB4;GNB3;GNB5,0.2708333333333333
4,1111,Insulin signaling pathway,48/137,4.517896342156869e-25,Endocrine system,KEGG_2021_Human,4.321466066410918e-26,0.0,0.0,9.53840624900906,557.0774320910404,SHC4;SHC3;PRKAA2;CALML5;CALML6;IRS1;PDE3B;INPPL1;PRKAG1;PIK3R3;PRKAG2;CALML3;CBLB;IRS2;CALML4;SLC2A4;PRKCZ;FOXO1;PTPRF;PPP1CB;SOCS2;SOCS1;PRKAR2B;PRKAR2A;MKNK1;MKNK2;EIF4EBP1;FLOT1;FLOT2;PRKACB;EIF4E;SOCS4;SH2B2;PTPN1;PRKAB2;PRKCI;EXOC7;INSR;SORBS1;PHKA2;PRKAB1;PPP1CA;PRKAR1B;PRKAR1A;PPP1R3D;TRIP10;CALM1;RHOQ,0.35036496350364965
4,1111,Pathogenic Escherichia coli infection,56/197,5.002537344943349e-24,Infectious disease: bacterial,KEGG_2021_Human,5.220038968636538e-25,0.0,0.0,7.057833350139491,394.6184425592388,CYFIP2;CYFIP1;NCKAP1;ARF1;WIPF1;WIPF2;ARPC1B;WIPF3;ARPC1A;WASL;CLDN1;ACTB;ACTG1;NCK2;NCK1;ACTR3;ACTR2;FOS;CTTN;MYH9;ARHGEF2;EZR;ARF6;LPAR1;CDC42;CYTH3;GNA13;CYTH2;PAK1;MYO6;GNA12;MYH14;NCKAP1L;MYH11;FYN;PAK3;WASF1;PAK2;MYH10;WASF2;CYTH1;WASF3;JUN;MYO10;MYO5A;ARPC4;ARPC5;BAIAP2;MAPK12;MAPK13;TJP1;OCLN;MYO1C;ARPC2;ABI1;PTPN6,0.28426395939086296
4,1111,Proteoglycans in cancer,57/205,6.2038925527629214e-24,Cancer: overview,KEGG_2021_Human,6.743361470394481e-25,0.0,0.0,6.848024257654239,381.1341091580436,ACTB;ACTG1;IGF1R;PPP1CB;CCND1;ITGAV;PRKACB;VAV3;PPP1R12A;PRKCB;HGF;MMP2;RRAS2;PRKCA;VAV1;VAV2;TIAM1;MRAS;CTTN;EZR;PPP1R12B;MET;PPP1R12C;HBEGF;CAMK2B;CAMK2D;PXN;CAMK2A;ITPR1;PIK3R3;TWIST1;ITPR2;ITPR3;IQGAP1;SLC9A1;CDC42;PAK1;RRAS;ERBB3;PLCG2;FLNA;FLNB;FLNC;CAMK2G;CAV3;CAV2;RDX;IGF2;MSN;ESR1;PTK2;MAPK12;PPP1CA;MAPK13;PDCD4;PTPN6;FGFR1,0.2780487804878049
4,1111,cAMP signaling pathway,58/216,1.6249938339863038e-23,Signal transduction,KEGG_2021_Human,1.836949551462778e-24,0.0,0.0,6.5298544243691925,356.88224507045226,CALML5;CALML6;PDE3B;ATP2A2;CALML3;CALML4;PPP1CB;NPPA;RAC2;RAC3;PDE4A;PRKACB;VAV3;PPP1R12A;PDE4D;PDE4C;RRAS2;ARAP3;FOS;VAV1;VAV2;TIAM1;CREB1;ORAI1;MYL9;RAPGEF4;GRIA1;CAMK2B;GRIA2;CAMK2D;CAMK2A;GNAI3;PIK3R3;ATP1A3;CACNA1D;ADRB2;CACNA1C;PLD1;GNAI1;GNAI2;PLD2;SLC9A1;RAP1B;PAK1;RAP1A;RRAS;CAMK2G;GRIA3;JUN;BDNF;NFATC1;ATP2B1;TSHR;PPP1CA;AFDN;PDE3A;GNAS;CALM1,0.26851851851851855
4,1111,Retrograde endocannabinoid signaling,48/148,1.8393072711721412e-23,Nervous system,KEGG_2021_Human,2.159186796593382e-24,0.0,0.0,8.484214487300093,462.3244507344541,GRIA1;GABRB3;GRIA2;GABRB2;GABRB1;DAGLA;ITPR1;GNAI3;CACNA1A;ITPR2;ABHD6;CACNA1D;ITPR3;CACNA1C;GNAI1;GNAI2;GABRR2;GNG10;GABRR1;GNG2;CNR1;GABRE;PRKACB;GABRD;GRIA3;GABRA2;GABRQ;GABRA1;GABRA6;PRKCB;GABRA5;GABRA4;GABRA3;PRKCA;GNG12;GABRG3;GNG11;GABRG2;MAPK12;GABRG1;MAPK13;GNAO1;GNB1;GNB4;GNB3;GNB5;DAGLB;MGLL,0.32432432432432434
4,1111,Calcium signaling pathway,61/240,2.2825183261072602e-23,Signal transduction,KEGG_2021_Human,2.7787179622175334e-24,0.0,0.0,6.072412875764831,329.3679936397672,RET;MYLK2;CALML5;CALML6;ATP2A2;CALML3;CALML4;MYLK3;MYLK;PPP3CA;PPP3CB;EDNRB;PPP3CC;PRKACB;PDGFRB;PDGFRA;PRKCB;HGF;MST1;PRKCA;NGF;PHKA2;ITPKB;ITPKA;ORAI1;MET;CAMK2B;CAMK2D;PDE1C;PDE1B;PDE1A;CAMK2A;ITPR1;PDGFA;CXCR4;CACNA1A;ITPR2;CACNA1D;ITPR3;ADRB2;CACNA1C;CACNA1E;CACNA1H;CACNA1I;GNA14;PPP3R1;GNA15;ERBB3;PDGFD;GNA11;PDGFC;PLCG2;PTK2B;CAMK2G;NTRK2;NTRK3;ATP2B1;GNAS;CALM1;FGFR3;FGFR1,0.25416666666666665
4,1111,Shigellosis,60/246,5.288940378153195e-22,Infectious disease: bacterial,KEGG_2021_Human,6.668663955062724e-23,0.0,0.0,5.740462232589546,293.1196983939385,ARF1;ARPC1B;ARPC1A;ILK;WASL;FNBP1L;ACTB;ACTG1;RPS6KA5;CAPNS1;CAPN2;CAPN1;ACTR3;ACTR2;FNBP1;ACTN1;PRKCE;PRKCD;WIPI1;ACTN4;CTTN;RRAGD;ELMO1;PFN4;ELMO2;PRKCQ;TLN2;ARHGEF2;PFN1;TLN1;MYL9;DOCK1;PFN3;VCL;ARF6;PXN;ITPR1;PIK3R3;ITPR2;ITPR3;FOXO3;MYL12A;FOXO1;MALT1;CDC42;CYTH3;CYTH2;PLCG2;WASF1;WASF2;CYTH1;JUN;ARPC4;ARPC5;PTK2;MAPK12;MAPK13;DIAPH1;ARPC2;BCL2L1,0.24390243902439024
4,1111,Phospholipase D signaling pathway,46/148,1.1391728816608748e-21,Signal transduction,KEGG_2021_Human,1.4858776717315758e-22,0.0,0.0,7.955463499953972,399.8484883079428,DGKG;SHC4;ARF1;RALA;DGKD;SHC3;RALB;DGKA;LPAR1;PDGFA;PIK3R3;PLD1;PLD2;CYTH3;GNA13;CYTH2;RRAS;PDGFD;PDGFC;GNA12;PLCG2;PIP5K1A;FCER1A;PTK2B;PIP5K1B;FYN;PIP5K1C;RALGDS;CYTH1;PDGFRB;PDGFRA;SYK;INSR;RRAS2;PRKCA;DGKZ;DNM1;DNM2;DNM3;KITLG;MRAS;KIT;GNAS;MS4A2;ARF6;RAPGEF4,0.3108108108108108
4,1111,GABAergic synapse,36/89,1.6618284459987169e-21,Nervous system,KEGG_2021_Human,2.239855731563488e-22,0.0,0.0,11.90164107064502,593.3022891202867,GABRB3;GABRB2;GABRB1;GNAI3;CACNA1A;CACNA1D;CACNA1C;GNAI1;GNAI2;GABRR2;GABRR1;GNG10;GNG2;GABRE;PRKACB;GABRD;GABRA2;GABRQ;GABRA1;SLC12A5;GABRA6;PRKCB;GABRA5;GABRA4;GABRA3;PRKCA;GNG12;GABRG3;GNG11;GABRG2;GABRG1;GNAO1;GNB1;GNB4;GNB3;GNB5,0.4044943820224719
4,1111,Platelet activation,45/124,2.7841732969982508e-24,Immune system,KEGG_2021_Human,2.784173296998251e-25,0.0,0.0,10.051179138860522,568.3004664938231,MYLK2;GUCY1B1;ITGA2B;SNAP23;ITPR1;GNAI3;ITPR2;PIK3R3;ITPR3;RASGRP2;PRKCZ;RASGRP1;ACTB;MYLK3;MYL12A;GNAI1;ACTG1;MYLK;GNAI2;PPP1CB;RAP1B;GNA13;RAP1A;PLCG2;PRKG2;FYN;PRKACB;PRKG1;LYN;VASP;GUCY1A2;GUCY1A1;PRKCI;PPP1R12A;SYK;MAPK12;MAPK13;PPP1CA;APBB1IP;BTK;GNAS;ORAI1;LCP2;TLN2;TLN1,0.3629032258064516
4,1111,ADORA2B Mediated Anti-Inflammatory Cytokine Production R-HSA-9660821,23/131,3.662137200443717e-06,Disease,Reactome_2022,8.349811403093053e-07,0.0,0.0,3.6761557053376905,51.45094845440646,GNAZ;GNAI3;PRKCA;PRKX;ADRB2;GNG12;GNG11;GNAI1;TSHR;GNAI2;GNG10;CREB1;GNG2;PRKAR1B;PRKAR1A;PRKAR2B;PRKAR2A;GNB1;GNAS;GNB4;GNB3;GNB5;PRKACB,0.17557251908396945
4,1111,Toll Like Receptor 7/8 (TLR7/8) Cascade R-HSA-168181,20/103,3.656835067828299e-06,Immune System,Reactome_2022,8.303125981823952e-07,0.0,0.0,4.153589610504346,58.156333669143606,MEF2A;MEF2C;JUN;DUSP3;PPP2R5D;FOS;DUSP6;DUSP7;PPP2CA;RPS6KA3;PPP2CB;RPS6KA5;CREB1;MAPK7;PPP2R1B;MAPKAPK3;PPP2R1A;RPS6KA2;RPS6KA1;MAPKAPK2,0.1941747572815534
4,1111,Toll Like Receptor 3 (TLR3) Cascade R-HSA-168164,20/103,3.656835067828299e-06,Immune System,Reactome_2022,8.303125981823952e-07,0.0,0.0,4.153589610504346,58.156333669143606,MEF2A;MEF2C;JUN;DUSP3;PPP2R5D;FOS;DUSP6;DUSP7;PPP2CA;RPS6KA3;PPP2CB;RPS6KA5;CREB1;MAPK7;PPP2R1B;MAPKAPK3;PPP2R1A;RPS6KA2;RPS6KA1;MAPKAPK2,0.1941747572815534
4,1111,Generation Of Second Messenger Molecules R-HSA-202433,13/32,3.4687716884740745e-08,Immune System,Reactome_2022,5.775816624138476e-09,0.0,0.0,11.758700028760426,223.0576736045324,VASP;ITK;WAS;ENAH;ZAP70;LCK;PLCG2;EVL;LCP2;PKN2;PKN1;ARHGEF7;NCK1,0.40625
4,1111,ADP Signaling Thru P2Y Purinoceptor 12 R-HSA-392170,11/22,3.5191326383882074e-08,Hemostasis,Reactome_2022,5.924859994544539e-09,0.0,0.0,17.16181818181818,325.11535049580715,GNG10;GNG2;GNB1;GNAI3;GNB4;GNB3;GNB5;GNG12;GNG11;GNAI1;GNAI2,0.5
4,1111,Signaling By WNT R-HSA-195721,43/294,3.5191326383882074e-08,Signal Transduction,Reactome_2022,5.9262593153557324e-09,0.0,0.0,2.98966680096095,56.635867083044936,CLTC;CAMK2A;CLTB;ITPR1;CLTA;ITPR2;AP2A1;ITPR3;ARRB2;AP2A2;PPP2CA;PPP3CA;PPP2CB;GNG10;PPP3R1;PPP3CB;GNG2;PARD6A;PPP2R1B;PPP2R1A;RAC2;AP2S1;PRKG2;PIP5K1B;AP2M1;PRKG1;USP8;PRKCB;PRKCA;NFATC1;PPP2R5D;AP2B1;GNG12;GNG11;YWHAZ;GNAO1;DAAM1;GNB1;GNB4;GNB3;GNB5;PFN1;CALM1,0.14625850340136054
4,1111,Gap Junction Trafficking And Regulation R-HSA-157858,12/27,3.819419013440647e-08,Vesicle-mediated transport,Reactome_2022,6.504214024780667e-09,0.0,0.0,13.739035486806188,258.99202391488785,TJP1;GJA1;GJB1;CLTC;CLTCL1;GJA4;MYO6;CLTB;CLTA;AP2M1;DNM1;DNM2,0.4444444444444444
4,1111,Integrin Signaling R-HSA-354192,12/27,3.819419013440647e-08,Hemostasis,Reactome_2022,6.504214024780667e-09,0.0,0.0,13.739035486806188,258.99202391488785,RAP1B;APBB1IP;PTPN1;RAP1A;SYK;ITGA2B;CSK;RASGRP2;TLN1;RASGRP1;PTK2;RAPGEF4,0.4444444444444444
4,1111,Signaling To ERKs R-HSA-187687,13/33,5.2828353479882094e-08,Signal Transduction,Reactome_2022,9.046293263820872e-09,0.0,0.0,11.170173041894351,206.88177794021027,RALA;RALB;SHC3;YWHAB;KIDINS220;NGF;MAPK12;MAPK13;RAP1A;RIT2;MAPKAPK3;MAPKAPK2;RALGDS,0.3939393939393939
4,1111,Long-term Potentiation R-HSA-9620244,11/23,6.263820218401436e-08,Neuronal System,Reactome_2022,1.0785385806519028e-08,0.0,0.0,15.730833333333331,288.583298203238,CAMK2B;GRIA1;GRIA2;CAMK2D;ACTN2;CAMK2A;NEFL;NRG1;CALM1;CAMK2G;LLGL1,0.4782608695652174
4,1111,"WNT5A-dependent Internalization Of FZD2, FZD5 And ROR2 R-HSA-5140745",8/11,7.255606705599771e-08,Signal Transduction,Reactome_2022,1.2561741032400738e-08,0.0,0.0,45.65971592626171,830.6694076750724,CLTC;AP2S1;CLTB;CLTA;AP2A1;AP2B1;AP2A2;AP2M1,0.7272727272727273
4,1111,Activation Of AMPK Downstream Of NMDARs R-HSA-9619483,8/10,2.1757920724742357e-08,Neuronal System,Reactome_2022,3.602304755752045e-09,0.0,0.0,68.49320036264733,1331.6237046133822,PRKAB2;PRKAA2;PRKAG1;PRKAG2;MAPT;CALM1;PRKAB1;CAMKK2,0.8
4,1111,PKA-mediated Phosphorylation Of CREB R-HSA-111931,10/19,8.956399760810145e-08,Signal Transduction,Reactome_2022,1.567581793519278e-08,0.0,0.0,19.053385810879,342.4111890795036,CREB1;NBEA;PRKAR1B;PRKAR1A;PRKAR2B;PRKAR2A;PRKCA;PRKX;CALM1;PRKACB,0.5263157894736842
4,1111,Negative Regulation Of FLT3 R-HSA-9706369,9/15,1.0239988995096189e-07,Immune System,Reactome_2022,1.8019280540093576e-08,0.0,0.0,25.70281306715064,458.32802635469903,SOCS2;FLT3;FLT3LG;ABL2;PTPRJ;CSK;SLA2;SOCS6;SH2B3,0.6
4,1111,RHO GTPases Activate NADPH Oxidases R-HSA-5668599,11/24,1.0689459571019833e-07,Signal Transduction,Reactome_2022,1.89113428550682e-08,0.0,0.0,14.52,258.2164772645224,NCF1;PRKCB;NCF4;PRKCD;NOXA1;NOX3;RAC2;NOXO1;CYBA;PRKCA;PRKCZ,0.4583333333333333
4,1111,MTOR Signaling R-HSA-165159,14/41,1.1851803259452427e-07,Signal Transduction,Reactome_2022,2.107983928833544e-08,0.0,0.0,8.915493433269186,157.58088939983435,PRKAB2;PRKAA2;CAB39;CAB39L;YWHAB;PRKAG1;PRKAG2;PRKAB1;FKBP1A;EEF2K;RRAGD;EIF4EBP1;EIF4E;LAMTOR3,0.34146341463414637
4,1111,FLT3 Signaling Thru SRC Family Kinases R-HSA-9706374,6/6,1.622212236359239e-07,Immune System,Reactome_2022,2.9006443961390363e-08,0.0,0.0,113334.0,1966996.324120809,HCK;SYK;FLT3;LCK;FLT3LG;FYN,1.0
4,1111,Platelet Aggregation (Plug Formation) R-HSA-76009,13/36,1.735512578632442e-07,Hemostasis,Reactome_2022,3.1196536418180135e-08,0.0,0.0,9.711649639661044,167.84604021898858,PTPN1;SYK;ITGA2B;MPL;RASGRP2;RASGRP1;PTK2;RAP1B;APBB1IP;RAP1A;CSK;TLN1;RAPGEF4,0.3611111111111111
4,1111,ADP Signaling Thru P2Y Purinoceptor 1 R-HSA-418592,11/25,1.765772737100523e-07,Hemostasis,Reactome_2022,3.207458519614952e-08,0.0,0.0,13.482142857142858,232.63709648969845,GNA14;GNA15;GNG10;GNG2;GNA11;GNB1;GNB4;GNB3;GNB5;GNG12;GNG11,0.44
4,1111,Gap Junction Trafficking R-HSA-190828,11/25,1.765772737100523e-07,Vesicle-mediated transport,Reactome_2022,3.207458519614952e-08,0.0,0.0,13.482142857142858,232.63709648969845,GJA1;GJB1;CLTC;CLTCL1;GJA4;MYO6;CLTB;CLTA;AP2M1;DNM1;DNM2,0.44
4,1111,Signaling By Nuclear Receptors R-HSA-9006931,38/260,2.5164002588719415e-07,Signal Transduction,Reactome_2022,4.5947516552723243e-08,0.0,0.0,2.9778678958548483,50.31335925547975,SRF;GNAI3;PIK3R3;TGFA;ZDHHC7;ZDHHC21;FOXO3;PRKCZ;AREG;GNAI1;GNAI2;IGF1R;GNG10;GNG2;CCND1;S1PR3;PDK2;JUN;HSP90AA1;JUND;CAV2;MMP2;FOS;GNG12;GNG11;ESR1;PTK2;UHMK1;CREB1;GNB1;GNB4;GNB3;STRN;PGR;GNB5;CALM1;HBEGF;FKBP5,0.14615384615384616
4,1111,Ras Activation Upon Ca2+ Influx Thru NMDA Receptor R-HSA-442982,10/19,8.956399760810145e-08,Neuronal System,Reactome_2022,1.567581793519278e-08,0.0,0.0,19.053385810879,342.4111890795036,CAMK2B;CAMK2D;ACTN2;RASGRF2;CAMK2A;RASGRF1;NEFL;CALM1;CAMK2G;LLGL1,0.5263157894736842
4,1111,Aquaporin-mediated Transport R-HSA-445717,15/50,2.617296545212228e-07,Transport of small molecules,Reactome_2022,4.8285035602306944e-08,0.0,0.0,7.372523461939521,124.19859296100834,PRKCA;GNG12;GNG11;GNG10;GNG2;PRKAR1B;PRKAR1A;PRKAR2B;PRKAR2A;GNB1;GNAS;GNB4;GNB3;GNB5;PRKACB,0.3
4,1111,Vasopressin Regulates Renal Water Homeostasis Via Aquaporins R-HSA-432040,15/42,1.9565493317545884e-08,Transport of small molecules,Reactome_2022,3.220809685196768e-09,0.0,0.0,9.5610300081103,186.9528723965804,PRKCA;GNG12;GNG11;GNG10;GNG2;PRKAR1B;PRKAR2B;PRKAR1A;PRKAR2A;GNB1;GNAS;GNB4;GNB3;GNB5;PRKACB,0.35714285714285715
4,1111,Costimulation By CD28 Family R-HSA-388841,19/68,1.851246730075585e-08,Immune System,Reactome_2022,3.0124355494134403e-09,0.0,0.0,6.689840771473425,131.25813413405606,PRR5;LYN;YES1;PIK3R3;PPP2R5D;VAV1;CDC42;PPP2CA;PPP2CB;PPP2R1B;PPP2R1A;LCK;CSK;FYN;PKN2;PTPN6;PKN1;ARHGEF7;ICOS,0.27941176470588236
4,1111,Calcineurin Activates NFAT R-HSA-2025928,8/9,4.942910569096268e-09,Immune System,Reactome_2022,7.57570020996779e-10,0.0,0.0,136.99365367180417,2876.990726346028,FKBP1A;PPP3CA;PPP3CB;PPP3R1;NFATC3;NFATC2;NFATC1;CALM1,0.8888888888888888
4,1111,EPHA-mediated Growth Cone Collapse R-HSA-3928663,10/15,4.131814668834329e-09,Developmental Biology,Reactome_2022,6.254402526144678e-10,0.0,0.0,34.30336058128974,726.976209470954,LYN;MYL6;YES1;MYH14;MYH9;FYN;MYH11;MYH10;MYL9;NGEF,0.6666666666666666
4,1111,Interleukin-17 Signaling R-HSA-448424,20/69,3.755818764169475e-09,Immune System,Reactome_2022,5.64971791393516e-10,0.0,0.0,7.048392225817916,150.09019311715684,MEF2A;MEF2C;JUN;DUSP3;PPP2R5D;FOS;DUSP6;DUSP7;PPP2CA;RPS6KA3;PPP2CB;RPS6KA5;CREB1;MAPK7;PPP2R1B;MAPKAPK3;PPP2R1A;RPS6KA2;RPS6KA1;MAPKAPK2,0.2898550724637681
4,1111,Glucagon Signaling In Metabolic Regulation R-HSA-163359,14/32,3.0213976217482682e-09,Metabolism,Reactome_2022,4.5163748745149126e-10,0.0,0.0,13.37962118910159,287.9045789771304,PRKCA;GNG12;GNG11;GNG10;GNG2;PRKAR1B;PRKAR2B;PRKAR1A;PRKAR2A;GNB1;GNAS;GNB4;GNB3;PRKACB,0.4375
4,1111,Sema4D Induced Cell Migration And Growth-Cone Collapse R-HSA-416572,12/20,4.5634358942216654e-10,Developmental Biology,Reactome_2022,6.778234961142871e-11,0.0,0.0,25.77024567788899,603.4030684555464,MYL6;LIMK2;LIMK1;MYH14;MYH9;MYH11;PLXNB1;RHOC;MYH10;MYL9;RHOB;RND1,0.6
4,1111,"Interleukin-3, Interleukin-5 And GM-CSF Signaling R-HSA-512988",17/44,4.519441772549151e-10,Immune System,Reactome_2022,6.670131660526656e-11,0.0,0.0,10.855643577764235,254.3563747220142,LYN;YES1;SYK;INPPL1;PIK3R3;CSF2RB;PRKCA;YWHAZ;VAV1;HCK;TEC;INPP5D;IL3RA;BLNK;FYN;PTPN6;JAK3,0.38636363636363635
4,1111,MAP Kinase Activation R-HSA-450294,20/62,4.450778032944792e-10,Immune System,Reactome_2022,6.526684911130017e-11,0.0,0.0,8.226179564401379,192.924779608484,MEF2A;MEF2C;JUN;DUSP3;PPP2R5D;FOS;DUSP6;DUSP7;PPP2CA;RPS6KA3;PPP2CB;RPS6KA5;CREB1;MAPK7;PPP2R1B;MAPKAPK3;PPP2R1A;RPS6KA2;RPS6KA1;MAPKAPK2,0.3225806451612903
4,1111,Thromboxane Signaling Thru TP Receptor R-HSA-428930,13/24,4.3237395909103086e-10,Hemostasis,Reactome_2022,6.299488145697139e-11,0.0,0.0,20.319092564994204,477.2541886316546,GNG12;GNG11;GNA13;GNA14;GNA15;GNG10;GNG2;GNA11;GNB1;GNB4;GNB3;GNB5;AAMP,0.5416666666666666
4,1111,"Unblocking Of NMDA Receptors, Glutamate Binding And Activation R-HSA-438066",11/21,1.905783817748741e-08,Neuronal System,Reactome_2022,3.119210978907589e-09,0.0,0.0,18.879,369.7581614344045,CAMK2B;GRIA1;GRIA2;CAMK2D;ACTN2;CAMK2A;NEFL;CALM1;CAMK2G;GRIA3;LLGL1,0.5238095238095238
4,1111,Sema4D In Semaphorin Signaling R-HSA-400685,13/24,4.3237395909103086e-10,Developmental Biology,Reactome_2022,6.299488145697139e-11,0.0,0.0,20.319092564994204,477.2541886316546,LIMK2;LIMK1;RHOC;RHOB;RND1;MYL6;RRAS;MYH14;MYH9;MYH11;PLXNB1;MYH10;MYL9,0.5416666666666666
4,1111,Signaling By ERBB4 R-HSA-1236394,18/57,5.613299022899673e-09,Signal Transduction,Reactome_2022,8.709375967412928e-10,0.0,0.0,7.959743824336688,166.0518040699207,GABRB3;YAP1;GABRQ;GABRB2;GABRA1;GABRB1;WWP1;NRG1;ADAP1;GABRG3;ESR1;GABRG2;GFAP;ERBB3;NEDD4;PGR;LLGL1;HBEGF,0.3157894736842105
4,1111,CREB1 Phosphorylation Thru Activation Of Adenylate Cyclase R-HSA-442720,9/12,5.908651463459961e-09,Neuronal System,Reactome_2022,9.223533504928036e-10,0.0,0.0,51.41379310344828,1069.6173189296142,CREB1;PRKAR1B;PRKAR1A;PRKAR2B;PRKAR2A;PRKCA;PRKX;CALM1;PRKACB,0.75
4,1111,NGF-stimulated Transcription R-HSA-9031628,15/39,6.117231035022035e-09,Signal Transduction,Reactome_2022,9.60700427449061e-10,0.0,0.0,10.757869525547443,223.36950150001596,SH3GL3;JUND;NAB1;SRF;FOS;ASCL1;DNM2;ARC;CREB1;CDK5;VGF;SGK1;MEF2D;CDK5R2;CDK5R1,0.38461538461538464
4,1111,Programmed Cell Death R-HSA-5357801,36/208,6.872950662010621e-09,Programmed Cell Death,Reactome_2022,1.0858871906866351e-09,0.0,0.0,3.644196863169281,75.2193882291621,MAGED1;SATB1;YWHAB;UACA;SDCBP;PPP3R1;PPP3CC;BCL2L11;YWHAQ;FLOT1;FLOT2;SPTAN1;YWHAG;APPL1;HSP90AA1;DBNL;GSN;PDCD6IP;UNC5A;UNC5B;DCC;DAPK2;PRKCD;BMX;YWHAZ;PTK2;TJP1;ARHGAP10;OCLN;CDC37;PRKCQ;PKN2;MAPT;VIM;TJP2;BCL2L1,0.17307692307692307
4,1111,G-protein Activation R-HSA-202040,12/24,7.393660866903513e-09,Signal Transduction,Reactome_2022,1.1821463448502307e-09,0.0,0.0,17.176524112829846,353.0794979780161,GNA14;GNA15;GNG10;GNG2;GNA11;GNB1;GNB4;GNB3;OPRM1;GNB5;GNG12;GNG11,0.5
4,1111,Growth Hormone Receptor Signaling R-HSA-982772,12/24,7.393660866903513e-09,Immune System,Reactome_2022,1.1821463448502307e-09,0.0,0.0,17.176524112829846,353.0794979780161,LYN;GHR;SOCS2;PTPN1;SOCS1;CISH;IRS1;CSH1;IRS2;PTPN6;PRLR;SH2B1,0.5
4,1111,G Beta:Gamma Signaling Thru CDC42 R-HSA-8964616,11/20,9.724240291380808e-09,Signal Transduction,Reactome_2022,1.5639743136563264e-09,0.0,0.0,20.977777777777774,425.34616941818376,CDC42;GNG10;GNG2;GNB1;GNB4;GNB3;GNB5;PKN1;GNG12;GNG11;ARHGEF6,0.55
4,1111,ERKs Are Inactivated R-HSA-202670,9/13,1.761175885072313e-08,Immune System,Reactome_2022,2.849206020315663e-09,0.0,0.0,38.55830308529946,758.681865279415,PPP2CA;PPP2CB;DUSP3;MAPK7;PPP2R1B;PPP2R1A;PPP2R5D;DUSP6;DUSP7,0.6923076923076923
4,1111,Gap Junction Degradation R-HSA-190873,9/10,3.227337687140145e-10,Vesicle-mediated transport,Reactome_2022,4.641015406294249e-11,0.0,0.0,154.25771324863885,3670.33133874764,GJA1;CLTC;CLTCL1;MYO6;CLTB;CLTA;AP2M1;DNM1;DNM2,0.9
4,1111,Ion Homeostasis R-HSA-5578775,15/50,2.617296545212228e-07,Muscle contraction,Reactome_2022,4.8285035602306944e-08,0.0,0.0,7.372523461939521,124.19859296100834,CAMK2B;CAMK2D;AHCYL1;TRPC1;CAMK2A;ITPR1;ATP2A2;ATP1A3;ITPR2;PRKCA;ITPR3;ATP2B1;ORAI1;CALM1;CAMK2G,0.3
4,1111,Apoptosis R-HSA-109581,30/178,2.634444126128031e-07,Programmed Cell Death,Reactome_2022,4.8850619557340975e-08,0.0,0.0,3.514201065079881,59.15981352760036,MAGED1;YWHAB;SATB1;UACA;PPP3R1;BCL2L11;PPP3CC;YWHAQ;SPTAN1;YWHAG;APPL1;DBNL;GSN;UNC5A;UNC5B;DCC;DAPK2;PRKCD;BMX;YWHAZ;PTK2;TJP1;ARHGAP10;OCLN;PRKCQ;PKN2;MAPT;VIM;BCL2L1;TJP2,0.16853932584269662
4,1111,Toll Like Receptor 4 (TLR4) Cascade R-HSA-166016,26/140,2.7207545101702293e-07,Immune System,Reactome_2022,5.0708480463910615e-08,0.0,0.0,3.946559948257741,66.29104891445837,PPP2CA;RPS6KA3;PPP2CB;RPS6KA5;SOCS1;MAPK7;PPP2R1B;PPP2R1A;RPS6KA2;RPS6KA1;PLCG2;MEF2A;MEF2C;JUN;DUSP3;PPP2R5D;FOS;DNM1;DUSP6;DNM2;DUSP7;DNM3;CREB1;MAPKAPK3;MAPKAPK2;BTK,0.18571428571428572
4,1111,Listeria Monocytogenes Entry Into Host Cells R-HSA-8876384,9/19,1.2988036017006788e-06,Disease,Reactome_2022,2.715568552278619e-07,0.0,0.0,15.41842105263158,233.1125619748084,SH3GL3;SH3KBP1;HGS;STAM;CBLL1;EPS15;STAM2;SH3GL2;SH3GL1,0.47368421052631576
4,1111,Protein-protein Interactions At Synapses R-HSA-6794362,19/88,1.3223403583475038e-06,Neuronal System,Reactome_2022,2.777290061997595e-07,0.0,0.0,4.745713223974094,71.64422915480984,GRIA1;PTPRS;DBNL;SYT2;HOMER1;EPB41;NTRK3;CASK;PTPRF;PTPRD;EPB41L1;FLOT1;FLOT2;SLITRK5;SHANK3;LLGL1;GRIA3;DLGAP4;SHANK1,0.2159090909090909
4,1111,Toll-like Receptor Cascades R-HSA-168898,27/162,1.3514452568685712e-06,Immune System,Reactome_2022,2.851204278918556e-07,0.0,0.0,3.460147601476015,52.1456499105731,EEA1;PPP2CA;RPS6KA3;PPP2CB;RPS6KA5;SOCS1;MAPK7;PPP2R1B;PPP2R1A;RPS6KA2;RPS6KA1;PLCG2;MEF2A;MEF2C;JUN;DUSP3;PPP2R5D;FOS;DNM1;DUSP6;DNM2;DUSP7;DNM3;CREB1;MAPKAPK3;MAPKAPK2;BTK,0.16666666666666666
4,1111,ROS And RNS Production In Phagocytes R-HSA-1222556,12/36,1.3866524004063343e-06,Immune System,Reactome_2022,2.938601113443887e-07,0.0,0.0,8.5828025477707,129.08674068610125,ATP6V0B;ATP6V0E1;NCF1;NCF4;RAC2;ATP6V1B2;CYBA;TCIRG1;ATP6V1E1;ATP6V0D1;ATP6V0C;ATP6V0A1,0.3333333333333333
4,1111,Toll Like Receptor 9 (TLR9) Cascade R-HSA-168138,21/106,1.4656591496938038e-06,Immune System,Reactome_2022,3.119898852233736e-07,0.0,0.0,4.262104695089045,63.84758594662972,MEF2A;MEF2C;JUN;DUSP3;PPP2R5D;FOS;DUSP6;DUSP7;EEA1;PPP2CA;RPS6KA3;PPP2CB;RPS6KA5;CREB1;MAPK7;PPP2R1B;MAPKAPK3;PPP2R1A;RPS6KA2;RPS6KA1;MAPKAPK2,0.19811320754716982
4,1111,InlB-mediated Entry Of Listeria Monocytogenes Into Host Cell R-HSA-8875360,8/15,1.874976186444771e-06,Disease,Reactome_2022,4.008936784640664e-07,0.0,0.0,19.56430514182101,288.1737939839504,SH3GL3;SH3KBP1;HGS;STAM;EPS15;STAM2;SH3GL2;SH3GL1,0.5333333333333333
4,1111,Apoptotic Execution Phase R-HSA-75153,14/52,2.760012826977717e-06,Programmed Cell Death,Reactome_2022,5.95876291554447e-07,0.0,0.0,6.330998416734635,90.74367388449144,DBNL;GSN;SATB1;PRKCD;BMX;PTK2;TJP1;OCLN;PRKCQ;PKN2;MAPT;VIM;SPTAN1;TJP2,0.2692307692307692
4,1111,Signaling By Non-Receptor Tyrosine Kinases R-HSA-9006927,14/52,2.760012826977717e-06,Signal Transduction,Reactome_2022,5.95876291554447e-07,0.0,0.0,6.330998416734635,90.74367388449144,PTPN1;SRMS;NRG1;PTK6;ARAP1;NR3C1;DOK1;CCND1;ERBB3;ELMO1;ELMO2;STAP2;DOCK1;HBEGF,0.2692307692307692
4,1111,Signaling To RAS R-HSA-167044,9/19,1.2988036017006788e-06,Signal Transduction,Reactome_2022,2.715568552278619e-07,0.0,0.0,15.41842105263158,233.1125619748084,RALA;RALB;SHC3;MAPKAPK3;MAPKAPK2;NGF;RALGDS;MAPK12;MAPK13,0.47368421052631576
4,1111,TRAF6 Mediated Induction Of NFkB And MAP Kinases Upon TLR7/8 Or 9 Activation R-HSA-975138,20/101,2.760012826977717e-06,Immune System,Reactome_2022,5.97959259581738e-07,0.0,0.0,4.256600015842301,60.99598518792447,MEF2A;MEF2C;JUN;DUSP3;PPP2R5D;FOS;DUSP6;DUSP7;PPP2CA;RPS6KA3;PPP2CB;RPS6KA5;CREB1;MAPK7;PPP2R1B;MAPKAPK3;PPP2R1A;RPS6KA2;RPS6KA1;MAPKAPK2,0.19801980198019803
4,1111,MyD88 Dependent Cascade Initiated On Endosome R-HSA-975155,20/102,3.2279853646480388e-06,Immune System,Reactome_2022,7.054537551879819e-07,0.0,0.0,4.204466700945653,59.553851639354185,MEF2A;MEF2C;JUN;DUSP3;PPP2R5D;FOS;DUSP6;DUSP7;PPP2CA;RPS6KA3;PPP2CB;RPS6KA5;CREB1;MAPK7;PPP2R1B;MAPKAPK3;PPP2R1A;RPS6KA2;RPS6KA1;MAPKAPK2,0.19607843137254902
4,1111,Nef Mediated CD4 Down-regulation R-HSA-167590,6/8,3.3296676846716283e-06,Disease,Reactome_2022,7.371260531817985e-07,0.0,0.0,51.27692307692308,724.0561473417829,LCK;AP2S1;AP2A1;AP2B1;AP2A2;AP2M1,0.75
4,1111,Nef And Signal Transduction R-HSA-164944,6/8,3.3296676846716283e-06,Disease,Reactome_2022,7.371260531817985e-07,0.0,0.0,51.27692307692308,724.0561473417829,HCK;LCK;ELMO1;FYN;PKN2;DOCK2,0.75
4,1111,ROBO Receptors Bind AKAP5 R-HSA-9010642,6/8,3.3296676846716283e-06,Developmental Biology,Reactome_2022,7.371260531817985e-07,0.0,0.0,51.27692307692308,724.0561473417829,ROBO3;PPP3CB;PRKAR2A;PRKCA;AKAP5;PRKACB,0.75
4,1111,Deregulated CDK5 Triggers Neurodegenerative Pathways In Alzheimers Disease Models R-HSA-8862803,9/21,3.46801707199186e-06,Disease,Reactome_2022,7.808780162100877e-07,0.0,0.0,12.847323049001815,180.6699369656871,JUN;BCL2L11;CAPNS1;CDK5;CAPNS2;CAPN2;CAPN1;FOXO3;CDK5R1,0.42857142857142855
4,1111,Nitric Oxide Stimulates Guanylate Cyclase R-HSA-392154,9/21,3.46801707199186e-06,Hemostasis,Reactome_2022,7.808780162100877e-07,0.0,0.0,12.847323049001815,180.6699369656871,GUCY1A2;GUCY1A1;GUCY1B1;PDE1B;PDE1A;ITPR1;PRKG2;PDE5A;PRKG1,0.42857142857142855
4,1111,CTLA4 Inhibitory Signaling R-HSA-389513,9/21,3.46801707199186e-06,Immune System,Reactome_2022,7.808780162100877e-07,0.0,0.0,12.847323049001815,180.6699369656871,LYN;PPP2CA;PPP2CB;YES1;PPP2R1B;LCK;PPP2R1A;PPP2R5D;FYN,0.42857142857142855
4,1111,Negative Regulation Of NMDA Receptor-Mediated Neuronal Transmission R-HSA-9617324,9/21,3.46801707199186e-06,Neuronal System,Reactome_2022,7.808780162100877e-07,0.0,0.0,12.847323049001815,180.6699369656871,CAMK2B;CAMK2D;ACTN2;CAMK2A;NEFL;CALM1;PPM1E;CAMK2G;LLGL1,0.42857142857142855
4,1111,Transcriptional Regulation By MECP2 R-HSA-8986944,15/60,3.106366809934301e-06,Gene expression (Transcription),Reactome_2022,6.759360135145593e-07,0.0,0.0,5.731143552311435,81.42331595544255,CAMK2B;GRIA2;PTPN1;MEF2C;CAMK2D;TRPC3;CAMK2A;PTEN;PRKCA;OPRM1;CREB1;SGK1;CALM1;CAMK2G;FKBP5,0.25
4,1111,Prostacyclin Signaling Thru Prostacyclin Receptor R-HSA-392851,9/19,1.2988036017006788e-06,Hemostasis,Reactome_2022,2.715568552278619e-07,0.0,0.0,15.41842105263158,233.1125619748084,GNG10;GNG2;GNB1;GNAS;GNB4;GNB3;GNB5;GNG12;GNG11,0.47368421052631576
4,1111,Estrogen-dependent Nuclear Events Downstream Of ESR-membrane Signaling R-HSA-9634638,10/24,1.2497049481905922e-06,Signal Transduction,Reactome_2022,2.577442561074258e-07,0.0,0.0,12.245361359802777,185.7780262955087,CREB1;CCND1;SRF;TGFA;FOS;FOXO3;AREG;PTK2;UHMK1;HBEGF,0.4166666666666667
4,1111,MyD88 Cascade Initiated On Plasma Membrane R-HSA-975871,20/96,1.2277657818856172e-06,Immune System,Reactome_2022,2.5205787575135186e-07,0.0,0.0,4.537845530416325,68.94624211557854,MEF2A;MEF2C;JUN;DUSP3;PPP2R5D;FOS;DUSP6;DUSP7;PPP2CA;RPS6KA3;PPP2CB;RPS6KA5;CREB1;MAPK7;PPP2R1B;MAPKAPK3;PPP2R1A;RPS6KA2;RPS6KA1;MAPKAPK2,0.20833333333333334
4,1111,Role Of Phospholipids In Phagocytosis R-HSA-2029485,11/26,2.818951918219711e-07,Immune System,Reactome_2022,5.2805343406575486e-08,0.0,0.0,12.582666666666666,210.8433848161459,PLPP5;AHCYL1;PLPP4;SYK;PRKCE;PRKCD;ITPR1;PLCG2;ITPR2;ITPR3;PLD2,0.4230769230769231
4,1111,Potential Therapeutics For SARS R-HSA-9679191,21/97,3.350205784754192e-07,Disease,Reactome_2022,6.307388374324355e-08,0.0,0.0,4.769109126026074,79.06686485705123,HSP90AA1;SYK;SH3KBP1;ATP1A3;AP2A1;AP2B1;NR3C1;AP2A2;VAV1;CD79B;FKBP1A;CD79A;BTK;PLCG2;BLNK;AP2S1;S1PR1;JAK3;AP2M1;NCK1;BRD4,0.21649484536082475
4,1111,G-protein Beta:Gamma Signaling R-HSA-397795,12/32,3.445782622487839e-07,Signal Transduction,Reactome_2022,6.519929276230538e-08,0.0,0.0,10.30154686078253,170.44751139311356,CDC42;GNG10;GNG2;GNB1;BTK;GNB4;GNB3;GNB5;PKN1;GNG12;GNG11;ARHGEF6,0.375
4,1111,Apoptotic Cleavage Of Cellular Proteins R-HSA-111465,13/38,3.464342584325733e-07,Programmed Cell Death,Reactome_2022,6.587822700562651e-08,0.0,0.0,8.933770491803278,147.72398535949048,DBNL;GSN;SATB1;PRKCD;BMX;PTK2;TJP1;OCLN;PRKCQ;MAPT;VIM;SPTAN1;TJP2,0.34210526315789475
4,1111,Role Of Nef In HIV-1 Replication And Disease Pathogenesis R-HSA-164952,11/27,4.407004240930714e-07,Disease,Reactome_2022,8.463782979270908e-08,0.0,0.0,11.795625,192.0903908436738,HCK;LCK;AP2S1;ELMO1;AP2A1;FYN;PKN2;AP2B1;DOCK2;AP2A2;AP2M1,0.4074074074074074
4,1111,VEGFR2 Mediated Vascular Permeability R-HSA-5218920,11/27,4.407004240930714e-07,Signal Transduction,Reactome_2022,8.463782979270908e-08,0.0,0.0,11.795625,192.0903908436738,PRR5;VAV3;CDH5;HSP90AA1;CTNNA1;PKN2;PKN1;ARHGEF7;CALM1;VAV1;VAV2,0.4074074074074074
4,1111,Factors Involved In Megakaryocyte Development And Platelet Production R-HSA-983231,25/136,5.820212682437314e-07,Hemostasis,Reactome_2022,1.1232955413597087e-07,0.0,0.0,3.8943639772369054,62.31694579869973,DOCK6;DOCK4;DOCK3;DOCK9;DOCK8;DOCK7;JMJD1C;DOCK10;CDC42;DOCK11;AKAP10;PRKAR2B;PRKAR2A;PRKACB;SH2B3;SH2B2;SH2B1;PRKCA;EHD2;PRKAR1B;CDK5;PRKAR1A;DOCK2;RAB5A;DOCK1,0.18382352941176472
4,1111,G Beta:Gamma Signaling Thru BTK R-HSA-8964315,9/18,7.714514483678464e-07,Signal Transduction,Reactome_2022,1.5034909968190761e-07,0.0,0.0,17.132486388384756,269.15660225771506,GNG10;GNG2;GNB1;BTK;GNB4;GNB3;GNB5;GNG12;GNG11,0.5
4,1111,VEGFR2 Mediated Cell Proliferation R-HSA-5218921,9/18,7.714514483678464e-07,Signal Transduction,Reactome_2022,1.5034909968190761e-07,0.0,0.0,17.132486388384756,269.15660225771506,AHCYL1;PRKCB;PRKCD;ITPR1;ITPR2;ITPR3;PRKCA;CALM1;PRKCZ,0.5
4,1111,Signaling By Insulin Receptor R-HSA-74752,18/77,8.138906348602109e-07,Signal Transduction,Reactome_2022,1.5939012432929393e-07,0.0,0.0,5.255943058290819,82.26555311546575,ATP6V0B;ATP6V0E1;FLT3;IRS1;INSR;PDE3B;FLT3LG;IRS2;TCIRG1;GRB10;ATP6V1B2;ATP6V1E1;ATP6V0D1;FGF13;ATP6V0C;FGFR3;ATP6V0A1;FGFR1,0.23376623376623376
4,1111,CaMK IV-mediated Phosphorylation Of CREB R-HSA-111932,7/10,8.427305237736225e-07,Signal Transduction,Reactome_2022,1.658353348580071e-07,0.0,0.0,39.91606280193237,623.1803697425178,CAMK2B;CAMK2D;CREB1;CAMK2A;CALM1;CAMK2G;CAMKK2,0.7
4,1111,Response To Elevated Platelet Cytosolic Ca2+ R-HSA-76005,24/130,9.327269854889012e-07,Hemostasis,Reactome_2022,1.8442756855930026e-07,0.0,0.0,3.912377844508861,60.66536619699737,CAP1;TOR4A;STXBP3;ACTN2;PRKCB;TEX264;ACTN1;APLP2;ITGA2B;STXBP2;IGF2;PDGFA;PRKCA;ACTN4;GTPBP2;TMX3;LAMP2;CDC37L1;FLNA;STX4;PFN1;TLN1;CALM1;VCL,0.18461538461538463
4,1111,MyD88:MAL(TIRAP) Cascade Initiated On Plasma Membrane R-HSA-166058,22/112,9.673676353975143e-07,Immune System,Reactome_2022,1.921922454432148e-07,0.0,0.0,4.219753086419753,65.25750961965512,MEF2A;MEF2C;JUN;DUSP3;PPP2R5D;FOS;DUSP6;DUSP7;PPP2CA;RPS6KA3;PPP2CB;RPS6KA5;SOCS1;CREB1;MAPK7;PPP2R1B;MAPKAPK3;PPP2R1A;RPS6KA2;RPS6KA1;MAPKAPK2;BTK,0.19642857142857142
4,1111,CREB Phosphorylation R-HSA-199920,6/7,9.689943516121265e-07,Immune System,Reactome_2022,1.9343217425748216e-07,0.0,0.0,102.55927601809957,1585.396046698851,RPS6KA3;CREB1;RPS6KA5;RPS6KA2;MAPKAPK2;RPS6KA1,0.8571428571428571
4,1111,Activation Of Kainate Receptors Upon Glutamate Binding R-HSA-451326,11/29,9.915871387713498e-07,Neuronal System,Reactome_2022,2.026327549428681e-07,0.0,0.0,10.483888888888888,161.57633878552517,GNG10;GNG2;GNB1;GNB4;GNB3;GRIK1;GNB5;GNG12;CALM1;GNG11;LLGL1,0.3793103448275862
4,1111,Downregulation Of ERBB2 Signaling R-HSA-8863795,11/29,9.915871387713498e-07,Signal Transduction,Reactome_2022,2.026327549428681e-07,0.0,0.0,10.483888888888888,161.57633878552517,PTPN18;USP8;HSP90AA1;ERBB3;CDC37;ERBIN;MATK;NRG1;PTPN12;RNF41;HBEGF,0.3793103448275862
4,1111,FCERI Mediated MAPK Activation R-HSA-2871796,11/29,9.915871387713498e-07,Immune System,Reactome_2022,2.026327549428681e-07,0.0,0.0,10.483888888888888,161.57633878552517,LYN;VAV3;JUN;SYK;PLCG2;LCP2;PKN2;FOS;PKN1;VAV1;VAV2,0.3793103448275862
4,1111,Interaction Between L1 And Ankyrins R-HSA-445095,11/29,9.915871387713498e-07,Developmental Biology,Reactome_2022,2.026327549428681e-07,0.0,0.0,10.483888888888888,161.57633878552517,SCN8A;SCN3B;L1CAM;SCN2A;SCN3A;SPTAN1;SCN1B;SPTBN1;SCN1A;SPTBN2;SCN2B,0.3793103448275862
4,1111,Myogenesis R-HSA-525793,11/29,9.915871387713498e-07,Developmental Biology,Reactome_2022,2.026327549428681e-07,0.0,0.0,10.483888888888888,161.57633878552517,CDC42;MEF2A;CDH4;MEF2C;CDH2;CTNNA1;CTNNA2;MEF2D;NEO1;MAPK12;NTN3,0.3793103448275862
4,1111,"Adrenaline,noradrenaline Inhibits Insulin Secretion R-HSA-400042",13/28,4.973130169243809e-09,Metabolism,Reactome_2022,7.669065445475315e-10,0.0,0.0,14.897510625379478,312.678728266651,CACNA1D;CACNA1C;GNG12;GNG11;GNAI1;GNAI2;GNG10;CACNB3;GNG2;GNB1;GNB4;GNB3;GNB5,0.4642857142857143
4,1111,Gap junction,27/88,5.011275877719345e-13,Cellular community - eukaryotes,KEGG_2021_Human,1.198348579454626e-13,0.0,0.0,7.687919666081907,228.73607364539865,GUCY1B1;GNAI3;ITPR1;LPAR1;ITPR2;PDGFA;ITPR3;GNAI1;GNAI2;GJA1;MAPK7;GNA11;PDGFD;PDGFC;PRKG2;PRKACB;PRKG1;MAP2K5;PDGFRB;MAP3K2;GUCY1A2;PDGFRA;GUCY1A1;PRKCB;PRKCA;TJP1;GNAS,0.3068181818181818
4,1111,CDC42 GTPase Cycle R-HSA-9013148,78/149,6.268024394232666e-56,Signal Transduction,Reactome_2022,8.302019065208829e-58,0.0,0.0,20.01287103063687,2630.3604167411336,ARHGAP9;DOCK6;TRIO;WIPF1;DOCK9;WIPF2;DOCK8;RASGRF2;ITSN1;WIPF3;DOCK7;SNAP23;ARHGAP1;WASL;FNBP1L;ARHGAP5;ARHGAP4;DOCK10;PREX2;DOCK11;PREX1;ARHGDIA;MCF2L;GIT1;VAV3;ARHGEF10;PLEKHG1;PLEKHG2;ARHGEF15;FNBP1;STARD8;ARHGEF16;ARAP2;ARAP3;ARAP1;GMIP;VAV2;TIAM1;ARHGAP10;ARHGEF9;DAAM1;CDC42EP5;CDC42EP4;SPATA13;CDC42EP2;ARHGEF4;ARHGEF7;NGEF;ARHGEF5;ARHGEF6;ARHGEF26;ARHGEF25;WAS;IQGAP1;IQGAP2;FGD1;CDC42;GNA13;ABR;PARD6A;SRGAP2;SRGAP1;PAK4;GIT2;MYO9B;CDC42BPB;ARHGAP26;BAIAP2;DEF6;KTN1;ARHGAP31;FMNL1;ARHGAP30;DNMBP;FMNL2;PKN2;PKN1;MAP3K11,0.5234899328859061
4,1111,AMPK signaling pathway,31/120,1.3525848709517717e-12,Signal transduction,KEGG_2021_Human,3.352058158445695e-13,0.0,0.0,6.063254265501456,174.16110758240097,PRKAA2;CAB39;IRS1;CAB39L;PRKAG1;PIK3R3;PRKAG2;IRS2;SLC2A4;FOXO3;FOXO1;IGF1R;CAMKK2;PPP2CA;PPP2CB;EEF2K;CCND1;PPP2R1B;PPP2R1A;EIF4EBP1;PRKAB2;INSR;PPP2R5D;PPP2R3A;PRKAB1;RAB10;TBC1D1;CREB1;PPP2R2C;RAB14;PPP2R2B,0.25833333333333336
4,1111,Leishmania Infection R-HSA-9658195,77/247,1.3374102464558318e-35,Disease,Reactome_2022,4.301981871286498e-37,0.0,0.0,8.199812265331664,686.6241752588066,CYFIP2;CYFIP1;NCKAP1;AHCYL1;WIPF1;WIPF2;ARPC1B;WIPF3;ARPC1A;WASL;ACTG1;PRKACB;NCK1;VAV3;ACTR3;ACTR2;SYK;PRKCA;CYBA;VAV1;VAV2;FGR;HCK;MYH2;CREB1;PRKAR1B;PRKAR1A;BTK;ELMO1;ELMO2;MYH9;DOCK1;GNAZ;GNAI3;WAS;ITPR1;NOXO1;ITPR2;PRKX;ITPR3;ADRB2;GNAI1;GNAI2;NCKIPSD;CDC42;GNG10;GNG2;PRKAR2B;PRKAR2A;PLCG2;NCKAP1L;FYN;WASF1;WASF2;WASF3;LYN;JUN;YES1;MYO10;MYO5A;MYO9B;ARPC5;GNG12;BAIAP2;GNG11;PTK2;TSHR;ABI2;ARPC2;ABI1;GNB1;NOXA1;GNAS;GNB4;GNB3;GNB5;CALM1,0.3117408906882591
4,1111,G Alpha (12/13) Signaling Events R-HSA-416482,45/78,7.702481295787161e-35,Signal Transduction,Reactome_2022,2.5504904952937624e-36,0.0,0.0,24.120757291489,1976.85954223331,TRIO;ARHGEF26;RASGRF2;ITSN1;KALRN;FGD1;GNA13;AKAP13;PREX1;ABR;GNG10;GNG2;MCF2L;GNA12;ARHGEF40;VAV3;ARHGEF10;PLEKHG2;ARHGEF15;ARHGEF17;ARHGEF16;ARHGEF18;RHOC;GNG12;GNG11;VAV1;RHOB;VAV2;TIAM2;TIAM1;ARHGEF9;OBSCN;GNB1;ARHGEF3;BTK;GNB4;ARHGEF4;GNB3;PLXNB1;ARHGEF2;GNB5;ARHGEF7;ARHGEF5;NGEF;ARHGEF6,0.5769230769230769
4,1111,Vesicle-mediated Transport R-HSA-5653656,124/637,2.7917080513077523e-34,Vesicle-mediated transport,Reactome_2022,9.508182577774746e-36,0.0,0.0,4.500265636510504,362.9055188517773,ITSN2;USP6NL;SH3GL3;ITSN1;FNBP1L;RABGEF1;GJA1;MPZ;GJA4;ARFIP2;DENND5A;SBF1;SBF2;AP2M1;SH3GL2;SH3GL1;PRKAB2;FNBP1;PRKAB1;BIN1;HGS;RAB38;RIN3;AMPH;RIN1;RIN2;STAM2;GRIA1;RAB5B;RAB5C;STXBP3;TGFA;ADRB2;GRK3;GRK2;MYO6;CLTCL1;PIP5K1C;SPTBN1;SPTBN2;RAB4A;TOR1A;SYT2;DENND4A;HPS1;HPS4;MYO5A;RAB27A;LNPEP;ARPC5;SYNJ2;STAM;GJB1;ARPC2;SYNJ1;CALM1;RAB5A;DENND1B;HIP1;GDI1;SH3KBP1;YWHAB;DENND1A;ARPC1A;CLTC;SNAP23;GDI2;CLTB;PRKAG1;CLTA;PRKAG2;ARRB1;AP2A1;ARRB2;WASL;SLC2A4;PIK3C2A;AREG;AP2A2;YWHAQ;SPTAN1;YWHAG;ACTR3;DENND2C;ACTR2;HSP90AA1;EXOC7;DENND2B;EPS15L1;YWHAZ;DNM1;EPN1;DNM2;EPN2;DNM3;TBC1D1;RABEP1;CTTN;ALS2;TBC1D4;EXOC4;MYH9;EXOC2;RHOQ;ARF6;HBEGF;RALA;PRKAA2;RABGAP1;CYTH3;CYTH2;GGA3;CUX1;AP2S1;REPS2;STX4;EPS15;CYTH1;SORT1;AP2B1;RAB10;TJP1;RAB14;TRIP10,0.1946624803767661
4,1111,Innate Immune System R-HSA-168249,164/1035,3.8279216010440245e-34,Immune System,Reactome_2022,1.339953635180974e-35,0.0,0.0,3.582467808791313,287.6644385299744,CYFIP2;CYFIP1;NCKAP1;AHCYL1;NCF1;CALML5;WIPF1;WIPF2;NCF4;WIPF3;ACTG1;RPS6KA3;RPS6KA5;PPP2R1B;PPP2R1A;RPS6KA2;LAMP2;RPS6KA1;SIRPA;CAPN1;ATP6V1E1;PRKACB;MEF2A;MEF2C;ATP6V0E1;PRKCE;PRKCD;ADAM10;CYBA;PRKCA;PLPP5;PLPP4;MAPKAPK3;MAPKAPK2;BTK;ELMO1;ELMO2;PRKCQ;ATP6V0D1;VCL;RAB5B;TMEM63A;RAB5C;ITPR1;ITPR2;ITPR3;IQGAP1;IQGAP2;RASGRP2;RASGRP1;RASGRP4;PLD2;RAP1B;NCKIPSD;SDCBP;PPP3R1;RAP1A;SOCS1;CD19;PLCG2;NCKAP1L;ATP6V0A1;LYN;JUN;SIGLEC15;YES1;NFATC3;MYO5A;RAB27A;NFATC2;NFATC1;ARPC5;PTK2;DIAPH1;PTPRB;ARPC2;NF2;CALM1;BCL2L1;ARHGAP9;ITK;ARPC1B;SNAP23;ARPC1A;GDI2;PTPRJ;WASL;TCIRG1;AP2A2;EEA1;PPP3CA;PPP3CB;RAC2;FCER1A;ITGAV;LRRFIP1;ATP7A;SPTAN1;NCK1;ACTR3;CAP1;VAV3;ACTR2;HSP90AA1;ATP6V0B;DUSP3;DBNL;SYK;DYNLT1;RHOG;PPP2R5D;FOS;DUSP6;VAV1;DNM1;DUSP7;VAV2;DNM2;DNM3;FGR;NCR2;HCK;MYH2;CREB1;LCK;ATP6V1B2;MYH9;LCP2;CD47;ARHGEF7;MS4A2;DOCK2;ATP6V0C;DOCK1;CAB39;WAS;MALT1;CDC42;PPP2CA;PPP2CB;MAPK7;MUC2;FYN;WASF1;AAMP;WASF2;WASF3;GSN;MYO10;LIMK1;MYO9B;BAIAP2;MAPK12;MAPK13;RAB10;TEC;ABI2;RAB14;ABI1;PKN2;PTPN6;PKN1;LAMTOR3;FRK,0.15845410628019324
4,1111,Disease R-HSA-1643685,225/1736,1.043778342063709e-33,Disease,Reactome_2022,3.7524670764825873e-35,0.0,0.0,2.9206809954987727,231.51673024794255,CYFIP2;CYFIP1;NCKAP1;AHCYL1;WIPF1;WIPF2;WIPF3;GJA1;CAPNS1;PPP2R1B;CAPNS2;PPP2R1A;DAG1;PRKACB;FLT3LG;PRKCA;SND1;PRKAR1B;PRKAR1A;CDC37;BTK;TLN1;CBLL1;PDGFA;TGFA;PIK3R3;IQGAP1;CD79B;CD79A;GNG10;PRKAR2B;PRKAR2A;CD19;PLCG2;NCKAP1L;ICOS;SPTBN1;LYN;JUN;YES1;MYO5A;STAM;GNG12;GNG11;PTK2;ARTN;NOX4;STRN;CALM1;HIP1;SH3KBP1;ARPC1B;ARPC1A;CLTC;CLTA;AP2A1;WASL;AREG;AP2A2;ZMYM2;RAC2;JAK3;VAV3;MAP4K2;SYK;RHOG;AGTRAP;DUSP9;DUSP6;VAV1;DUSP7;VAV2;CNKSR2;APBB1IP;CNKSR1;HCK;MRAS;KIT;HBEGF;GNAI3;WAS;NOXO1;CXCR4;PRKX;TRAK1;GNAI1;GNAI2;PPP2CA;PPP2CB;CUX1;AP2S1;SHOC2;MAP4K5;EPS15;BRD4;ERBIN;MYO9B;AP2B1;FKBP1A;TJP1;KITLG;ABI2;ABI1;PKN2;CDK5R1;SH3GL3;IRS1;ITGA2B;PEBP1;IRS2;NR3C1;ACTG1;PPP1CB;CCND1;CAPN2;CAPN1;AP2M1;SH3GL2;SH3GL1;PDGFRB;PDGFRA;TPM3;ADAM10;CYBA;LMO7;HGS;ELMO1;ELMO2;STAM2;VCL;GNAZ;FAM114A2;ITPR1;ITPR2;ITPR3;CSF2RB;ADRB2;FOXO3;FOXO1;RAP1B;NCKIPSD;BCL2L11;RAP1A;MARK3;PRNP;SYT2;MSN;ARPC5;ESR1;QKI;ARPC2;CDK5;NOXA1;GNB1;GNB4;GNAS;NF1;GNB3;GNB5;FGF13;RAB5A;FGFR3;MAP3K11;BCL2L1;FGFR1;PRR5;ALK;FLT3;YWHAB;PTEN;ARRB1;ARRB2;DUSP16;SPRED2;KIAA1549;SPRED1;DUSP10;YWHAQ;MYO18A;BLNK;LRRFIP1;YWHAG;NCK1;ACTR3;ACTR2;HSP90AA1;PDCD6IP;KSR1;NRG1;PPP2R5D;KSR2;YWHAZ;ETV6;FGR;MYH2;CREB1;LCK;MYH9;DOCK2;DOCK1;CAMK2B;CAMK2D;CAMK2A;ATP1A3;CDC42;MUC2;GNG2;ERBB3;S1PR1;LRIG1;FYN;CSK;WASF1;WASF2;CAMK2G;WASF3;MYO10;TRAT1;PTPN12;BAIAP2;TSHR;CLCN6;FAM131B;PTPN6;PIK3AP1,0.12960829493087558
4,1111,EPH-ephrin Mediated Repulsion Of Cells R-HSA-3928665,36/49,1.319909426741808e-33,Developmental Biology,Reactome_2022,4.870053703210076e-35,0.0,0.0,48.625116279069765,3841.7427131497993,EPHB6;EPHA10;CLTC;CLTB;CLTA;AP2A1;EFNA5;AP2A2;EFNA4;EFNB2;EFNB1;EFNB3;CLTCL1;AP2S1;FYN;EPHB2;EPHB1;AP2M1;EPHB4;EPHB3;EPHA5;VAV3;LYN;EPHA4;EPHA7;YES1;MMP2;ADAM10;AP2B1;DNM1;VAV2;TIAM1;EFNA3;EFNA2;EPHA3;EPHA2,0.7346938775510204
4,1111,Clathrin-mediated Endocytosis R-HSA-8856828,57/142,4.6677963264888075e-33,Vesicle-mediated transport,Reactome_2022,1.766431911632472e-34,0.0,0.0,11.963701305949323,929.8060825101884,ITSN2;SH3GL3;HIP1;SH3KBP1;ITSN1;ARPC1A;CLTC;CLTB;CLTA;AP2A1;ARRB1;ARRB2;WASL;FNBP1L;PIK3C2A;AP2A2;AREG;AP2M1;SH3GL2;SH3GL1;ACTR3;ACTR2;FNBP1;EPS15L1;DNM1;EPN1;DNM2;EPN2;DNM3;CTTN;BIN1;HGS;AMPH;STAM2;ARF6;HBEGF;RAB5B;RAB5C;TGFA;ADRB2;GRK3;GRK2;CLTCL1;AP2S1;REPS2;PIP5K1C;EPS15;SYT2;TOR1A;ARPC5;STAM;SYNJ2;AP2B1;ARPC2;SYNJ1;TRIP10;RAB5A,0.4014084507042254
4,1111,Intracellular Signaling By Second Messengers R-HSA-9006925,82/306,1.1182066158724431e-32,Signal Transduction,Reactome_2022,4.337414498653753e-34,0.0,0.0,6.640158614466195,510.1010666603274,PRR5;AHCYL1;IRS1;FLT3;PTEN;IRS2;AREG;PREX2;PPP2R1B;MECOM;PPP2R1A;RAC2;PIP4K2A;PIP4K2B;PIP4K2C;MAF1;PRKACB;PDGFRB;PDGFRA;PRKCE;PRKCD;RHOG;FLT3LG;PRKCA;NRG1;PPP2R5D;VAV1;CREB1;PRKAR1B;PRKAR1A;LCK;RRAGD;KIT;HBEGF;PHLPP2;CAMK2B;CAMK2D;PHLPP1;PDE1C;PDE1B;PDE1A;CAMK2A;ITPR1;PDGFA;PIK3R3;TGFA;ITPR2;PRKX;ITPR3;FOXO3;FOXO1;CAMKK2;PPP2CA;PPP2CB;GRK2;ERBB3;PRKAR2B;CD19;PRKAR2A;PIP5K1A;PIP5K1B;FYN;PIP5K1C;ICOS;CAMK2G;JUN;TRAT1;INSR;WWP2;ESR1;KITLG;NBEA;NEDD4;SNAI1;STRN;CALM1;FGF13;PIK3AP1;LAMTOR3;FGFR3;FRK;FGFR1,0.2679738562091503
4,1111,L1CAM Interactions R-HSA-373760,48/99,1.655953848369626e-32,Developmental Biology,Reactome_2022,6.579949066369374e-34,0.0,0.0,16.67909910906978,1274.3476559514347,NRP2;ITGA2B;CLTC;CLTA;AP2A1;AP2A2;RPS6KA4;RPS6KA3;SDCBP;RPS6KA6;RPS6KA5;DPYSL2;RPS6KA2;RPS6KA1;AP2S1;ITGAV;NCAM1;EPHB2;SCN3B;SCN3A;SPTAN1;AP2M1;SCN1B;SH3GL2;SPTBN1;SCN1A;SPTBN2;CNTN6;RDX;MSN;RANBP9;AP2B1;L1CAM;DNM1;DNM2;VAV2;DNM3;SHTN1;GAP43;SCN8A;NUMB;CNTN2;PKN1;EZR;SCN2A;LLGL1;FGFR1;SCN2B,0.48484848484848486
4,1111,Oncogenic MAPK Signaling R-HSA-6802957,43/78,3.2713483118108883e-32,Disease,Reactome_2022,1.3308228704623292e-33,0.0,0.0,21.688657035848045,1641.8207235816246,CAMK2B;CAMK2D;YWHAB;FAM114A2;ITGA2B;CAMK2A;PEBP1;ARRB1;ARRB2;IQGAP1;TRAK1;DUSP16;PPP1CB;RAP1B;SPRED2;KIAA1549;SPRED1;DUSP10;BCL2L11;RAP1A;CSK;SHOC2;CAMK2G;MARK3;KSR1;AGTRAP;KSR2;DUSP9;DUSP6;SND1;QKI;DUSP7;APBB1IP;CNKSR2;CNKSR1;CLCN6;MRAS;FAM131B;NF1;TLN1;CALM1;VCL;MAP3K11,0.5512820512820513
4,1111,RHOA GTPase Cycle R-HSA-8980692,57/147,3.946819657450604e-32,Signal Transduction,Reactome_2022,1.6429523645016706e-33,0.0,0.0,11.296046805819104,852.7251674846449,ARHGAP9;TRIO;RASGRF2;SNAP23;ARHGAP1;ARHGAP5;ARHGAP4;PREX2;PREX1;AKAP13;ARHGDIA;MCF2L;FLOT1;FLOT2;ARHGEF40;VAV3;ARHGEF10;ARHGEF15;STARD8;ARHGEF17;ARAP2;ARAP3;ARHGEF18;ARAP1;GMIP;VAV1;VAV2;TIAM1;ARHGAP10;OBSCN;DAAM1;ARHGEF3;ARHGEF4;ARHGEF2;ARHGEF7;DOCK2;NGEF;ARHGEF5;ARHGEF25;PKN3;ARHGEF28;IQGAP1;KALRN;ABR;RHPN2;SRGAP1;ERBIN;MYO9B;ARHGAP26;DEF6;KTN1;DIAPH1;ARHGAP31;ARHGAP30;PKN2;PKN1;TJP2,0.3877551020408163
4,1111,NRAGE Signals Death Thru JNK R-HSA-193648,36/57,6.042874480415692e-30,Signal Transduction,Reactome_2022,2.572652333194949e-31,0.0,0.0,30.088504983388702,2119.2898806433163,TRIO;ARHGEF26;MAGED1;RASGRF2;ITSN1;KALRN;FGD1;GNA13;AKAP13;PREX1;ABR;BCL2L11;MCF2L;ARHGEF40;VAV3;ARHGEF10;NGFR;PLEKHG2;ARHGEF15;ARHGEF17;ARHGEF16;ARHGEF18;NGF;VAV1;VAV2;TIAM2;TIAM1;ARHGEF9;OBSCN;ARHGEF3;ARHGEF4;ARHGEF2;ARHGEF7;ARHGEF5;NGEF;ARHGEF6,0.631578947368421
4,1111,RAC2 GTPase Cycle R-HSA-9013404,43/87,1.3644152966768162e-29,Signal Transduction,Reactome_2022,5.937852757533921e-31,0.0,0.0,17.244105379639088,1200.1688742876513,CYFIP1;NCKAP1;DOCK4;DOCK3;TRIO;NCF1;GARRE1;NCF4;ARHGAP1;PIK3R3;IQGAP1;PLD2;DOCK10;CDC42;PREX1;ABR;ARHGDIA;RAC2;NHS;SLITRK5;NCKAP1L;WASF2;GIT1;PAK4;VAV3;GIT2;SWAP70;ERBIN;CYBA;ARHGAP26;VAV1;DEF6;VAV2;TIAM1;ABI2;TAOK3;CDC42EP4;ABI1;PKN2;PKN1;DOCK2;DOCK1;EPHA2,0.4942528735632184
4,1111,Activation Of NMDA Receptors And Postsynaptic Events R-HSA-442755,38/74,5.966411195627412e-27,Neuronal System,Reactome_2022,2.6529926792288397e-28,0.0,0.0,18.5464947706327,1177.6411085669463,CAMK2B;GRIA1;GRIA2;CAMK2D;PRKAA2;RASGRF2;RASGRF1;CAMK2A;PRKAG1;PRKAG2;PRKX;PPM1E;CAMKK2;RPS6KA3;RPS6KA6;PRKAR2B;RPS6KA2;PRKAR2A;RPS6KA1;NEFL;PRKACB;CAMK2G;GIT1;GRIA3;PRKAB2;ACTN2;CASK;NRG1;PRKCA;PRKAB1;CREB1;PRKAR1B;NBEA;PRKAR1A;MAPT;ARHGEF7;CALM1;LLGL1,0.5135135135135135
4,1111,P75 NTR Receptor-Mediated Signaling R-HSA-193704,42/95,1.9709902390864784e-26,Signal Transduction,Reactome_2022,8.95057062215241e-28,0.0,0.0,13.96318195456872,869.6362620716649,BEX3;TRIO;PRDM4;ARHGEF26;MAGED1;RASGRF2;ITSN1;KALRN;FGD1;GNA13;AKAP13;PREX1;ABR;BCL2L11;ARHGDIA;MCF2L;ARHGEF40;VAV3;ARHGEF10;LINGO1;NGFR;PRKCI;PLEKHG2;ARHGEF15;ARHGEF17;ARHGEF16;ARHGEF18;NGF;VAV1;VAV2;TIAM2;TIAM1;ARHGEF9;MAG;OBSCN;ARHGEF3;ARHGEF4;ARHGEF2;ARHGEF7;ARHGEF5;NGEF;ARHGEF6,0.4421052631578947
4,1111,Semaphorin Interactions R-HSA-373755,35/64,4.362041372754575e-26,Developmental Biology,Reactome_2022,2.022138384720664e-27,0.0,0.0,21.15433918728368,1300.2650382391075,PLXND1;SEMA3A;SEMA3E;RND1;DPYSL4;RRAS;DPYSL5;DPYSL2;PLXNA2;MYH14;PLXNA1;FYN;MYH11;PIP5K1C;MYH10;PLXNA4;PLXNA3;FARP2;HSP90AA1;SEMA6D;LIMK2;LIMK1;RHOC;RHOB;MYL6;CDK5;FES;MYH9;PKN2;PLXNB1;PKN1;ARHGEF7;TLN1;MYL9;CDK5R1,0.546875
4,1111,RAC3 GTPase Cycle R-HSA-9013423,41/93,9.277623792479716e-26,Signal Transduction,Reactome_2022,4.388658369195704e-27,0.0,0.0,13.880607476635516,842.4248105299364,CYFIP1;NCKAP1;TRIO;NCF1;GARRE1;NCF4;SNAP23;ARHGAP1;NOXO1;ARHGAP5;DOCK10;CDC42;PREX1;ABR;NHS;ABL2;SLITRK5;NCKAP1L;SRGAP2;WASF1;WASF2;GIT1;PAK4;GIT2;SWAP70;ARAP2;ERBIN;ARAP3;CYBA;ARHGAP26;BAIAP2;VAV2;TIAM1;ABI2;TAOK3;ABI1;NOXA1;NOX3;PKN2;PKN1;EPHA2,0.44086021505376344
4,1111,Post NMDA Receptor Activation Events R-HSA-438064,34/61,9.753918334541898e-26,Neuronal System,Reactome_2022,4.746293071111836e-27,0.0,0.0,22.053990852505244,1336.7460562407678,CAMK2B;GRIA1;GRIA2;CAMK2D;PRKAA2;RASGRF2;RASGRF1;CAMK2A;PRKAG1;PRKAG2;PRKX;CAMKK2;RPS6KA3;RPS6KA6;PRKAR2B;RPS6KA2;PRKAR2A;RPS6KA1;NEFL;PRKACB;CAMK2G;GIT1;PRKAB2;ACTN2;NRG1;PRKCA;PRKAB1;CREB1;PRKAR1B;PRKAR1A;MAPT;ARHGEF7;CALM1;LLGL1,0.5573770491803278
4,1111,"Cell Death Signaling Via NRAGE, NRIF And NADE R-HSA-204998",37/74,9.753918334541898e-26,Signal Transduction,Reactome_2022,4.7985217918276125e-27,0.0,0.0,17.553072625698324,1063.7423481811602,BEX3;TRIO;ARHGEF26;MAGED1;RASGRF2;ITSN1;KALRN;FGD1;GNA13;AKAP13;PREX1;ABR;BCL2L11;MCF2L;ARHGEF40;VAV3;ARHGEF10;NGFR;PLEKHG2;ARHGEF15;ARHGEF17;ARHGEF16;ARHGEF18;NGF;VAV1;VAV2;TIAM2;TIAM1;ARHGEF9;OBSCN;ARHGEF3;ARHGEF4;ARHGEF2;ARHGEF7;ARHGEF5;NGEF;ARHGEF6,0.5
4,1111,Membrane Trafficking R-HSA-199991,123/599,2.139169976528496e-36,Vesicle-mediated transport,Reactome_2022,6.678581762104102e-38,0.0,0.0,4.815770336474671,412.226704025848,ITSN2;USP6NL;SH3GL3;ITSN1;FNBP1L;RABGEF1;GJA1;MPZ;GJA4;ARFIP2;DENND5A;SBF1;SBF2;AP2M1;SH3GL2;SH3GL1;PRKAB2;FNBP1;PRKAB1;BIN1;HGS;RAB38;RIN3;AMPH;RIN1;RIN2;STAM2;GRIA1;RAB5B;RAB5C;STXBP3;TGFA;ADRB2;GRK3;GRK2;MYO6;CLTCL1;PIP5K1C;SPTBN1;SPTBN2;RAB4A;TOR1A;SYT2;DENND4A;HPS1;HPS4;MYO5A;RAB27A;LNPEP;ARPC5;SYNJ2;STAM;GJB1;ARPC2;SYNJ1;CALM1;RAB5A;DENND1B;HIP1;GDI1;SH3KBP1;YWHAB;DENND1A;ARPC1A;CLTC;SNAP23;GDI2;CLTB;PRKAG1;CLTA;PRKAG2;ARRB1;AP2A1;ARRB2;WASL;SLC2A4;PIK3C2A;AREG;AP2A2;YWHAQ;SPTAN1;YWHAG;ACTR3;DENND2C;ACTR2;EXOC7;DENND2B;EPS15L1;YWHAZ;DNM1;EPN1;DNM2;EPN2;DNM3;TBC1D1;RABEP1;CTTN;ALS2;TBC1D4;EXOC4;MYH9;EXOC2;RHOQ;ARF6;HBEGF;RALA;PRKAA2;RABGAP1;CYTH3;CYTH2;GGA3;CUX1;AP2S1;REPS2;STX4;EPS15;CYTH1;SORT1;AP2B1;RAB10;TJP1;RAB14;TRIP10,0.20534223706176963
4,1111,RHO GTPases Activate WASPs And WAVEs R-HSA-5663213,27/36,1.092762915286517e-25,Signal Transduction,Reactome_2022,5.4793220917866966e-27,0.0,0.0,52.25092250922509,3159.551425488869,CYFIP2;CYFIP1;NCKAP1;WIPF1;ARPC1B;WIPF2;ARPC1A;WIPF3;WAS;WASL;ACTG1;CDC42;NCKIPSD;NCKAP1L;WASF1;WASF2;WASF3;NCK1;ACTR3;ACTR2;ARPC5;BAIAP2;PTK2;ABI2;ARPC2;ABI1;BTK,0.75
4,1111,VEGFA-VEGFR2 Pathway R-HSA-4420097,50/93,1.2317077529788026e-36,Signal Transduction,Reactome_2022,3.7289165653095243e-38,0.0,0.0,20.654056068211208,1780.0102519626075,CYFIP2;PRR5;CYFIP1;NCKAP1;AHCYL1;NCF1;NCF4;HSPB1;SHB;CDH5;NCK2;ITGAV;PRKACB;NCK1;VAV3;HSP90AA1;PRKCB;PRKCD;CYBA;PRKCA;VAV1;VAV2;MAPKAPK3;MAPKAPK2;ELMO1;ELMO2;ARHGEF7;DOCK1;SH2D2A;ITPR1;ITPR2;ITPR3;PRKCZ;CDC42;CTNNA1;PTK2B;FYN;NCKAP1L;WASF1;WASF2;WASF3;BAIAP2;MAPK12;PTK2;MAPK13;ABI2;ABI1;PKN2;PKN1;CALM1,0.5376344086021505
4,1111,Regulation Of Actin Dynamics For Phagocytic Cup Formation R-HSA-2029482,43/62,2.612521412183867e-38,Immune System,Reactome_2022,7.41491413108004e-40,0.0,0.0,39.986694263749264,3602.797567343934,CYFIP2;CYFIP1;NCKAP1;WIPF1;ARPC1B;WIPF2;ARPC1A;WIPF3;WAS;WASL;ACTG1;CDC42;NCKIPSD;NCKAP1L;WASF1;WASF2;WASF3;NCK1;ACTR3;VAV3;ACTR2;HSP90AA1;SYK;MYO10;LIMK1;MYO5A;MYO9B;ARPC5;BAIAP2;VAV1;PTK2;VAV2;MYH2;ABI2;ARPC2;ABI1;BTK;ELMO1;ELMO2;MYH9;NF2;PKN1;DOCK1,0.6935483870967742
4,1111,EPH-Ephrin Signaling R-HSA-2682334,65/91,4.06154741420323e-59,Developmental Biology,Reactome_2022,4.226775927742245e-61,0.0,0.0,45.08365200764818,6267.360290805242,EPHB6;ARPC1B;ARPC1A;CLTC;ITSN1;CLTB;CLTA;AP2A1;WASL;AP2A2;ACTG1;NCK2;EPHB2;EPHB1;AP2M1;EPHB4;GIT1;EPHB3;ACTR3;EPHA5;VAV3;ACTR2;EPHA4;EPHA7;MMP2;ADAM10;DNM1;VAV2;TIAM1;MYL6;MYH9;ARHGEF7;MYL9;EPHA3;NGEF;EPHA2;EPHA10;ARHGEF28;EFNA5;EFNA4;KALRN;MYL12A;CDC42;EFNB2;EFNB1;SDCBP;EFNB3;CLTCL1;AP2S1;MYH14;FYN;MYH11;MYH10;LYN;YES1;LIMK2;LIMK1;AP2B1;ARPC5;PTK2;EFNA3;EFNA2;ARPC2;PKN2;PKN1,0.7142857142857143
4,1111,RAF/MAP Kinase Cascade R-HSA-5673001,103/271,5.326012395763977e-57,Signal Transduction,Reactome_2022,6.046560903421734e-59,0.0,0.0,11.38666265117158,1526.4166393366263,IRS1;ITGA2B;PEBP1;WDR83;IRS2;PPP1CB;PPP2R1B;PPP2R1A;NRTN;PDGFRB;PDGFRA;ACTN2;FLT3LG;PRKCQ;TLN1;LLGL1;VCL;SHC3;PDGFA;TGFA;CSF2RB;RASAL1;IQGAP1;RASAL2;RASAL3;RASGRP1;RASGRP4;RAP1B;RAP1A;RALGDS;MARK3;SPTBN1;SPTBN2;PTK2;ARTN;PTPRA;NF1;RGL3;CALM1;FGF13;FGFR3;MAP3K11;BCL2L1;FGFR1;ARHGAP9;RET;FLT3;YWHAB;RASGRF2;RASGRF1;ARRB1;ARRB2;AREG;DUSP16;SPRED2;SPRED1;DUSP10;NEFL;PRKG2;JAK3;SPTAN1;KSR1;GFRA1;NRG1;PPP2R5D;KSR2;GFRA3;IL17RD;DUSP9;GFRA2;DUSP6;DUSP7;APBB1IP;CNKSR2;CNKSR1;MRAS;RASA3;RASA4;KIT;IL3RA;RASA2;HBEGF;CAMK2B;CAMK2D;CAMK2A;ABHD17C;PPP2CA;PPP2CB;ERBB3;SHOC2;CSK;FYN;NCAM1;CAMK2G;RANBP9;MAPK12;KITLG;ABHD17B;ABHD17A;PTPN7;TEK;LAMTOR3;PTPN3,0.3800738007380074
4,1111,MAPK1/MAPK3 Signaling R-HSA-5684996,103/277,6.058172768247562e-56,Signal Transduction,Reactome_2022,7.450922042310152e-58,0.0,0.0,10.990495575624886,1445.7073464867644,IRS1;ITGA2B;PEBP1;WDR83;IRS2;PPP1CB;PPP2R1B;PPP2R1A;NRTN;PDGFRB;PDGFRA;ACTN2;FLT3LG;PRKCQ;TLN1;LLGL1;VCL;SHC3;PDGFA;TGFA;CSF2RB;RASAL1;IQGAP1;RASAL2;RASAL3;RASGRP1;RASGRP4;RAP1B;RAP1A;RALGDS;MARK3;SPTBN1;SPTBN2;PTK2;ARTN;PTPRA;NF1;RGL3;CALM1;FGF13;FGFR3;MAP3K11;BCL2L1;FGFR1;ARHGAP9;RET;FLT3;YWHAB;RASGRF2;RASGRF1;ARRB1;ARRB2;AREG;DUSP16;SPRED2;SPRED1;DUSP10;NEFL;PRKG2;JAK3;SPTAN1;KSR1;GFRA1;NRG1;PPP2R5D;KSR2;GFRA3;IL17RD;DUSP9;GFRA2;DUSP6;DUSP7;APBB1IP;CNKSR2;CNKSR1;MRAS;RASA3;RASA4;KIT;IL3RA;RASA2;HBEGF;CAMK2B;CAMK2D;CAMK2A;ABHD17C;PPP2CA;PPP2CB;ERBB3;SHOC2;CSK;FYN;NCAM1;CAMK2G;RANBP9;MAPK12;KITLG;ABHD17B;ABHD17A;PTPN7;TEK;LAMTOR3;PTPN3,0.37184115523465705
4,1111,Signal Regulatory Protein Family Interactions R-HSA-391160,7/13,8.612129788411086e-06,Cell-Cell communication,Reactome_2022,2.0450752856113364e-06,0.0,0.0,19.95486111111111,261.4101962203917,SIRPG;PTK2B;SIRPA;PTPN6;CD47;PTK2;SKAP2,0.5384615384615384
4,1111,Hemostasis R-HSA-109582,146/576,2.130041379278539e-55,Hemostasis,Reactome_2022,3.022764492826687e-57,0.0,0.0,6.494792143631763,845.239903639423,DGKG;DGKD;GUCY1B1;DGKA;ITGA2B;SIRPG;MPL;JMJD1C;DOCK10;DOCK11;GRB14;PPP2R1B;PPP2R1A;LAMP2;SIRPA;PRKACB;GUCY1A2;GUCY1A1;PRKCH;PRKCB;ACTN2;PRKCE;ACTN1;APLP2;PRKCD;PRKCA;PSG3;ACTN4;GTPBP2;DGKZ;MAG;DOK2;TMX3;PRKAR1B;PRKAR1A;ORAI1;PRKCQ;PFN1;TLN1;VCL;GRB7;STXBP3;PDE1B;TEX264;PDE1A;STXBP2;ITPR1;PDGFA;ITPR2;PIK3R3;ABHD6;ITPR3;RASGRP2;PRKCZ;RASGRP1;RAP1B;GNG10;RAP1A;PRKAR2B;PRKAR2A;INPP5D;TSPAN7;PLCG2;LYN;YES1;IGF2;L1CAM;GNG12;GNG11;PTK2;EHD2;CDK5;GNB1;GNAS;GNB4;GNB3;GNB5;CALM1;RAB5A;DOCK6;DOCK4;DAGLA;DOCK3;DOCK9;DOCK8;DOCK7;ATP2A2;ARRB1;ARRB2;AKAP10;RAC2;PRKG2;ITGAV;PRKG1;CAP1;VAV3;TRPC6;TRPC3;SYK;RHOG;PPP2R5D;YWHAZ;VAV1;RHOB;VAV2;APBB1IP;FGR;LCK;PICK1;ITGA6;LCP2;PDE5A;CD47;DAGLB;DOCK2;DOCK1;MGLL;RAPGEF4;TOR4A;GNAI3;GNAI1;GNAI2;CDC42;PPP2CA;GNA13;PPP2CB;GNA14;GNA15;GNG2;GNA11;GNA12;CDC37L1;FLNA;STX4;CSK;FYN;AAMP;SH2B3;SH2B2;JAM3;SH2B1;PTPN1;ATP2B1;PTPN6;TEK;F2RL2,0.2534722222222222
4,1111,Neurotransmitter Receptors And Postsynaptic Signal Transmission R-HSA-112314,81/182,4.865107554211631e-51,Neuronal System,Reactome_2022,7.364401217349677e-53,0.0,0.0,14.628741709122368,1756.0393067598466,GABRB3;GABRB2;GABRB1;RASGRF2;RASGRF1;PRKAG1;PRKAG2;AP2A1;GRIK1;AP2A2;RPS6KA3;GABRR2;RPS6KA6;GABRR1;RPS6KA2;RPS6KA1;NPTN;NEFL;PRKACB;AP2M1;GIT1;PRKAB2;ACTN2;PRKCB;CASK;PRKCA;HTR3A;NRG1;GABRG3;PRKAB1;GABRG2;GRIP2;ARHGEF9;CREB1;PRKAR1B;PRKAR1A;PICK1;MAPT;ARHGEF7;LLGL1;GRIA1;CAMK2B;GRIA2;CAMK2D;PRKAA2;CAMK2A;GNAI3;PRKX;AKAP5;PPM1E;GNAI1;CAMKK2;GNAI2;GNG10;GLRA3;GNG2;EPB41L1;PRKAR2B;PRKAR2A;MYO6;TSPAN7;AP2S1;CACNG3;CAMK2G;GRIA3;GABRA2;GABRQ;GABRA1;GABRA6;GABRA5;GABRA4;GABRA3;AP2B1;GNG12;GNG11;NBEA;GNB1;GNB4;GNB3;GNB5;CALM1,0.44505494505494503
4,1111,Fcgamma Receptor (FCGR) Dependent Phagocytosis R-HSA-2029480,58/87,4.956768240628934e-50,Immune System,Reactome_2022,7.972096508107084e-52,0.0,0.0,35.82146248812916,4214.698731998479,CYFIP2;CYFIP1;NCKAP1;AHCYL1;WIPF1;ARPC1B;WIPF2;ARPC1A;WIPF3;WASL;ACTG1;NCK1;ACTR3;VAV3;ACTR2;HSP90AA1;SYK;PRKCE;PRKCD;VAV1;VAV2;FGR;HCK;MYH2;PLPP5;PLPP4;BTK;ELMO1;ELMO2;MYH9;DOCK1;ITPR1;WAS;ITPR2;ITPR3;PLD2;CDC42;NCKIPSD;PLCG2;FYN;NCKAP1L;WASF1;WASF2;WASF3;LYN;YES1;MYO10;LIMK1;MYO5A;MYO9B;ARPC5;BAIAP2;PTK2;ABI2;ARPC2;ABI1;NF2;PKN1,0.6666666666666666
4,1111,"Platelet Activation, Signaling And Aggregation R-HSA-76002",88/254,9.299374217395936e-45,Hemostasis,Reactome_2022,1.5836209641733855e-46,0.0,0.0,9.702293043140305,1023.1960654374876,DGKG;DGKD;DAGLA;DGKA;ITGA2B;MPL;ARRB1;ARRB2;LAMP2;RAC2;CAP1;VAV3;PRKCH;TRPC6;SYK;TRPC3;ACTN2;PRKCB;ACTN1;PRKCE;APLP2;PRKCD;RHOG;PRKCA;ACTN4;GTPBP2;DGKZ;YWHAZ;VAV1;RHOB;VAV2;APBB1IP;TMX3;LCK;PRKCQ;LCP2;PFN1;TLN1;DAGLB;MGLL;VCL;RAPGEF4;TOR4A;STXBP3;TEX264;STXBP2;GNAI3;ITPR1;PDGFA;PIK3R3;ITPR2;ABHD6;ITPR3;RASGRP2;PRKCZ;RASGRP1;GNAI1;GNAI2;RAP1B;CDC42;GNA13;GNA14;GNG10;GNA15;RAP1A;GNG2;GNA11;GNA12;PLCG2;CDC37L1;FLNA;STX4;CSK;FYN;AAMP;LYN;PTPN1;IGF2;GNG12;GNG11;PTK2;GNB1;GNB4;GNB3;PTPN6;GNB5;CALM1;F2RL2,0.3464566929133858
4,1111,GPCR Downstream Signaling R-HSA-388396,137/619,1.9108599977527638e-44,Signal Transduction,Reactome_2022,3.4348476780797073e-46,0.0,0.0,5.371524789762028,562.3177594408545,DGKG;TRIO;DGKD;AHCYL1;DGKA;ITSN1;PREX1;RPS6KA3;EDNRB;RGS3;PPP2R1B;PPP2R1A;RPS6KA2;RPS6KA1;PROK2;ARHGEF40;PRKACB;PRKCH;PRKCB;PRKCE;PRKCD;PRKCA;DGKZ;TIAM2;TIAM1;OBSCN;PRKAR1B;PRKAR1A;BTK;PRKCQ;NGEF;GNAZ;PDE1C;ARHGEF26;PDE1B;ARHGEF25;PDE1A;ITPR1;LPAR1;ITPR2;PIK3R3;ABHD6;ITPR3;ADRB2;RASGRP2;KALRN;RASGRP1;ABR;PPP3R1;GNG10;GRK3;GRK2;GRK5;PRKAR2B;PRKAR2A;GRK6;GNG12;GNG11;CDK5;NBEA;GNB1;PDE3A;GNAS;GNB4;GNRH1;GNB3;PLXNB1;GNB5;CALM1;DAGLA;RASGRF2;PDE3B;ARRB1;ARRB2;AKAP13;PPP3CA;PPP3CB;PPP3CC;MCF2L;PDE4A;VAV3;ARHGEF10;PLEKHG2;TRPC6;TRPC3;ARHGEF15;ARHGEF17;PDE4D;ARHGEF16;PDE4C;ARHGEF18;PPP2R5D;OPRM1;RHOC;VAV1;RHOB;VAV2;ARHGEF9;CREB1;ARHGEF3;ARHGEF4;ARHGEF2;DAGLB;ARHGEF7;MGLL;ARHGEF5;HBEGF;ARHGEF6;CAMK2B;RGS17;CAMK2D;RGS19;CAMK2A;GNAI3;CXCR4;PRKX;FGD1;GNAI1;CAMKK2;GNAI2;CDC42;PPP2CA;GNA13;PPP2CB;GNA14;GNA15;GNG2;MAPK7;GNA11;GNA12;RGS20;S1PR3;CAMK2G;TSHR;PPP1CA;PKN1;F2RL2,0.22132471728594508
4,1111,RHO GTPase Effectors R-HSA-195258,90/269,2.140943434019411e-44,Signal Transduction,Reactome_2022,4.050980953679112e-46,0.0,0.0,9.21377332990441,963.0231758041614,CYFIP2;CYFIP1;NCKAP1;NCF1;WIPF1;YWHAB;WIPF2;ARPC1B;WIPF3;ARPC1A;NCF4;WASL;AREG;MYLK;ACTG1;PPP1CB;PPP2R1B;YWHAQ;PPP2R1A;RAC2;YWHAG;NCK1;ACTR3;ACTR2;PPP1R12A;PRKCB;PRKCD;RHOG;PRKCA;CYBA;PPP2R5D;RHOC;RHOD;YWHAZ;RHOB;MYL6;DAAM1;CTTN;BTK;MYH9;EVL;PFN1;ARHGEF7;PPP1R12B;MYL9;LLGL1;RHOQ;PKN3;SRF;WAS;NOXO1;IQGAP1;KLK2;IQGAP2;PRKCZ;PPP2CA;NCKIPSD;CDC42;PPP2CB;CTNNA1;FLNA;MYH14;NCKAP1L;MYH11;RHPN2;SRGAP2;WASF1;MYH10;WASF2;WASF3;PPP1R14A;LIMK2;LIMK1;ARPC5;BAIAP2;PTK2;KTN1;DIAPH1;DIAPH2;FMNL1;FMNL2;ABI2;ARPC2;ABI1;NOXA1;NOX3;PKN2;PKN1;NF2;CALM1,0.3345724907063197
4,1111,Signaling By NTRKs R-HSA-166520,64/132,3.806353153852665e-43,Signal Transduction,Reactome_2022,7.562291034144367e-45,0.0,0.0,16.918703297938087,1718.8244464382492,SH3GL3;PTPRU;DOCK3;PTPRS;IRS1;YWHAB;NAB1;CLTC;CLTA;IRS2;AP2A1;AP2A2;RPS6KA3;RPS6KA5;PPP2R1B;PPP2R1A;RPS6KA2;RPS6KA1;AP2M1;SH3GL2;MEF2A;MEF2C;DUSP3;PPP2R5D;FOS;NGF;DNM1;DUSP6;DNM2;DUSP7;DNM3;TIAM1;ARC;CREB1;MAPKAPK3;VGF;MAPKAPK2;SGK1;RALA;SHC3;RALB;SRF;ASCL1;PPP2CA;PPP2CB;RAP1A;MAPK7;NTF3;AP2S1;FYN;RALGDS;MEF2D;MAP2K5;NTRK2;JUND;KIDINS220;NTRK3;AP2B1;MAPK12;MAPK13;RIT2;CDK5;CDK5R2;CDK5R1,0.48484848484848486
4,1111,Immune System R-HSA-168256,262/1943,5.1195227117336125e-43,Immune System,Reactome_2022,1.0655581803040628e-44,0.0,0.0,3.159048437851439,319.85442930047304,CYFIP2;CYFIP1;NCKAP1;AHCYL1;CALML5;WIPF1;WIPF2;WIPF3;PITPNA;CBLB;SLA2;RPS6KA3;RPS6KA5;PPP2R1B;PPP2R1A;RPS6KA2;RPS6KA1;ATP6V1E1;PRKACB;MEF2A;MEF2C;ATP6V0E1;PRKCB;PRKCE;PRKCD;FLT3LG;PRKCA;PLPP5;PLPP4;BTK;ORAI1;PRKCQ;ATP6V0D1;TMEM63A;STXBP2;PIK3R3;TWIST1;IQGAP1;IQGAP2;CD79B;CD79A;PPP3R1;CD19;INPP5D;PLCG2;NCKAP1L;ICOS;PAG1;ATP6V0A1;SPTBN2;LYN;VASP;JUN;SIGLEC15;YES1;NFATC3;MYO5A;RAB27A;NFATC2;LNPEP;NFATC1;PTK2;CALM1;ARHGAP9;ITK;SH3KBP1;ARPC1B;ARPC1A;CLTC;GDI2;CLTA;PTPRJ;AP2A1;WASL;AP2A2;EEA1;PPP3CA;PPP3CB;RAC2;FCER1A;JAK3;SPTAN1;CAP1;VAV3;ATP6V0B;DUSP3;DBNL;SYK;RHOG;FOS;DUSP6;VAV1;DUSP7;VAV2;ENAH;NCR2;HCK;RHOU;CD47;ARHGEF7;ATP6V0C;RAPGEF4;CAB39;WAS;PPP2CA;PPP2CB;AP2S1;FLNA;FLNB;STX4;GSN;WWP1;MYO9B;AP2B1;FKBP1A;ABI2;NEDD4;ABI1;PKN2;PKN1;LAMTOR3;FRK;SIPA1;NCF1;IRS1;NCF4;INPPL1;IRS2;ACTG1;CCND1;LAMP2;GRB10;SIRPA;CAPN1;AP2M1;SH3GL2;CISH;ADAM10;CYBA;LMO7;PRLR;RNF41;MAPKAPK3;MAPKAPK2;ELMO1;ELMO2;VCL;BLK;RAB5B;RAB5C;CSH1;ITPR1;ITPR2;ITPR3;CSF2RB;FOXO3;RASGRP2;RASGRP1;FOXO1;RAP1GAP;RASGRP4;PLD2;SOCS2;RAP1B;NCKIPSD;SDCBP;BCL2L11;SOCS1;RAP1A;ABL2;SOCS6;SOCS5;ZBTB16;MSN;ARPC5;DIAPH1;PTPRB;ARPC2;NF2;FGF13;EIF4G3;BCL2L1;PRR5;FLT3;YWHAB;SNAP23;PTEN;TCIRG1;GHR;BLNK;ITGAV;LRRFIP1;ATP7A;PRKG1;NCK1;ACTR3;ACTR2;HSP90AA1;TRIM63;DYNLT1;MMP2;TRPC1;PPP2R5D;OPRM1;YWHAZ;DNM1;DNM2;DNM3;FGR;ZAP70;MYH2;CREB1;LCK;IL3RA;ATP6V1B2;MYH9;LCP2;EVL;MS4A2;DOCK2;DOCK1;CAMK2B;RALA;CAMK2D;CAMK2A;MALT1;CDC42;MUC2;MAPK7;S1PR1;PTK2B;FYN;CSK;NCAM1;WASF1;SH2B3;EIF4E;AAMP;WASF2;CAMK2G;WASF3;SH2B1;PTPN1;PTPN18;MYO10;TRAT1;LIMK1;PTPN12;BAIAP2;PTPN13;MAPK12;MAPK13;RAB10;TEC;RAB14;PDCD4;PTPN6;PTPN7;VIM;PIK3AP1;PTPN5;PTPN2,0.13484302624806999
4,1111,Opioid Signaling R-HSA-111885,53/88,2.6376268008300258e-42,Signal Transduction,Reactome_2022,5.739396066139131e-44,0.0,0.0,26.98520118822576,2686.819068485151,AHCYL1;PPP3CA;PPP3CB;PPP3CC;PPP2R1B;PPP2R1A;PDE4A;PRKACB;PDE4D;PDE4C;PRKCD;PPP2R5D;PRKCA;OPRM1;CREB1;PRKAR1B;PRKAR1A;CAMK2B;CAMK2D;PDE1C;PDE1B;PDE1A;CAMK2A;GNAI3;ITPR1;ITPR2;ITPR3;PRKX;GNAI1;CAMKK2;GNAI2;PPP2CA;GNA14;PPP2CB;GNA15;GNG10;PPP3R1;GNG2;GRK2;PRKAR2B;GNA11;PRKAR2A;CAMK2G;GNG12;GNG11;PPP1CA;CDK5;NBEA;GNB1;GNB4;GNB3;GNB5;CALM1,0.6022727272727273
4,1111,Transmission Across Chemical Synapses R-HSA-112315,84/246,3.1506819683087007e-42,Neuronal System,Reactome_2022,7.153866342422785e-44,0.0,0.0,9.455010999314796,939.3183844108167,GABRB3;GABRB2;GABRB1;RASGRF2;RASGRF1;PRKAG1;PRKAG2;AP2A1;GRIK1;AP2A2;RPS6KA3;GABRR2;RPS6KA6;GABRR1;RPS6KA2;RPS6KA1;NPTN;NEFL;PRKACB;GIT1;AP2M1;PRKAB2;ACTN2;PRKCB;CASK;PRKCA;HTR3A;NRG1;GABRG3;PRKAB1;GABRG2;GRIP2;ARHGEF9;CACNB3;CREB1;PRKAR1B;PRKAR1A;PICK1;MAPT;ARHGEF7;LLGL1;GRIA1;CAMK2B;GRIA2;CAMK2D;PRKAA2;CAMK2A;GNAI3;CACNA1A;PRKX;AKAP5;CACNA1E;PPM1E;GNAI1;CAMKK2;GNAI2;GNG10;GLRA3;GNG2;EPB41L1;PRKAR2B;PRKAR2A;MYO6;TSPAN7;AP2S1;CACNG3;CAMK2G;GRIA3;GABRA2;GABRQ;GABRA1;GABRA6;GABRA5;GABRA4;GABRA3;AP2B1;GNG12;GNG11;NBEA;GNB1;GNB4;GNB3;GNB5;CALM1,0.34146341463414637
4,1111,FCGR3A-mediated Phagocytosis R-HSA-9664422,44/60,6.885416505928771e-41,Disease,Reactome_2022,1.628528028838404e-42,0.0,0.0,48.64175257731959,4680.353081604044,CYFIP2;CYFIP1;NCKAP1;WIPF1;ARPC1B;WIPF2;ARPC1A;WIPF3;WAS;WASL;ACTG1;CDC42;NCKIPSD;FYN;NCKAP1L;WASF1;WASF2;WASF3;NCK1;ACTR3;VAV3;LYN;ACTR2;YES1;SYK;MYO10;MYO5A;MYO9B;ARPC5;BAIAP2;VAV1;PTK2;VAV2;FGR;HCK;MYH2;ABI2;ARPC2;ABI1;BTK;ELMO1;ELMO2;MYH9;DOCK1,0.7333333333333333
4,1111,Signaling By GPCR R-HSA-372790,138/689,1.1607380757320542e-39,Signal Transduction,Reactome_2022,2.8551740746483825e-41,0.0,0.0,4.720267550543439,440.6693379959081,DGKG;TRIO;DGKD;AHCYL1;DGKA;ITSN1;PREX1;RPS6KA3;EDNRB;RGS3;PPP2R1B;PPP2R1A;RPS6KA2;RPS6KA1;PROK2;ARHGEF40;PRKACB;PRKCH;PRKCB;PRKCE;PRKCD;PRKCA;DGKZ;TIAM2;TIAM1;OBSCN;PRKAR1B;PRKAR1A;BTK;PRKCQ;NGEF;GNAZ;PDE1C;ARHGEF26;PDE1B;ARHGEF25;PDE1A;ITPR1;LPAR1;ITPR2;PIK3R3;ABHD6;ITPR3;ADRB2;RASGRP2;KALRN;RASGRP1;ABR;PPP3R1;GNG10;GRK3;GRK2;GRK5;PRKAR2B;PRKAR2A;GRK6;GNG12;GNG11;CDK5;NBEA;GNB1;PDE3A;GNAS;GNB4;GNRH1;GNB3;PLXNB1;GNB5;CALM1;DAGLA;RASGRF2;PDE3B;ARRB1;ARRB2;AKAP13;PPP3CA;PPP3CB;PPP3CC;MCF2L;PDE4A;VAV3;ARHGEF10;PLEKHG2;TRPC6;TRPC3;ARHGEF15;ARHGEF17;PDE4D;ARHGEF16;PDE4C;ARHGEF18;PPP2R5D;OPRM1;RHOC;VAV1;RHOB;VAV2;ARHGEF9;CREB1;ARHGEF3;ARHGEF4;ARHGEF2;DAGLB;ARHGEF7;MGLL;ARHGEF5;HBEGF;ARHGEF6;CAMK2B;RGS17;CAMK2D;RGS19;CAMK2A;GNAI3;CXCR4;PRKX;FGD1;GNAI1;CAMKK2;GNAI2;CDC42;PPP2CA;GNA13;PPP2CB;GNA14;GNA15;GNG2;MAPK7;GNA11;GNA12;S1PR1;RGS20;S1PR3;CAMK2G;TSHR;PPP1CA;PKN1;F2RL2,0.20029027576197386
4,1111,Signaling By NTRK1 (TRKA) R-HSA-187037,57/114,2.024171034072093e-39,Signal Transduction,Reactome_2022,5.170540957421618e-41,0.0,0.0,17.86717267552182,1657.412744296492,SH3GL3;IRS1;YWHAB;NAB1;CLTC;CLTA;IRS2;AP2A1;AP2A2;RPS6KA3;RPS6KA5;PPP2R1B;PPP2R1A;RPS6KA2;RPS6KA1;AP2M1;SH3GL2;MEF2A;MEF2C;DUSP3;PPP2R5D;FOS;NGF;DNM1;DUSP6;DNM2;DUSP7;DNM3;ARC;CREB1;MAPKAPK3;VGF;MAPKAPK2;SGK1;RALA;SHC3;RALB;SRF;ASCL1;PPP2CA;PPP2CB;RAP1A;MAPK7;AP2S1;RALGDS;MEF2D;MAP2K5;NTRK2;JUND;KIDINS220;AP2B1;MAPK12;MAPK13;RIT2;CDK5;CDK5R2;CDK5R1,0.5
4,1111,Diseases Of Signal Transduction By Growth Factor Receptors And Second Messengers R-HSA-5663202,106/424,2.7655707111558185e-39,Disease,Reactome_2022,7.326015128889583e-41,0.0,0.0,6.159535655058043,569.2307594010196,IRS1;ITGA2B;PEBP1;IRS2;PPP1CB;PPP2R1B;PPP2R1A;PDGFRB;PDGFRA;TPM3;FLT3LG;ADAM10;LMO7;SND1;PRKAR1A;CDC37;TLN1;VCL;FAM114A2;PDGFA;PIK3R3;TGFA;IQGAP1;FOXO3;FOXO1;RAP1B;BCL2L11;RAP1A;CD19;ICOS;MARK3;SPTBN1;LYN;YES1;MSN;ESR1;QKI;NF1;NOX4;STRN;CALM1;FGF13;FGFR3;MAP3K11;BCL2L1;FGFR1;ALK;PRR5;HIP1;FLT3;YWHAB;CLTC;PTEN;ARRB1;ARRB2;AREG;DUSP16;SPRED2;KIAA1549;SPRED1;DUSP10;ZMYM2;RAC2;MYO18A;LRRFIP1;HSP90AA1;KSR1;RHOG;AGTRAP;NRG1;PPP2R5D;KSR2;DUSP9;DUSP6;VAV1;DUSP7;ETV6;APBB1IP;CNKSR2;CNKSR1;MRAS;CREB1;LCK;KIT;MYH9;HBEGF;CAMK2B;CAMK2D;CAMK2A;TRAK1;PPP2CA;PPP2CB;CUX1;ERBB3;CSK;FYN;SHOC2;CAMK2G;TRAT1;ERBIN;PTPN12;FKBP1A;CLCN6;KITLG;FAM131B;PIK3AP1,0.25
4,1111,Neuronal System R-HSA-112316,100/386,1.8041502574037293e-38,Neuronal System,Reactome_2022,4.949891907730195e-40,0.0,0.0,6.433773941192339,582.2825211299617,RPS6KA3;RPS6KA6;RPS6KA2;RPS6KA1;PRKACB;AP2M1;PRKAB2;PRKCB;ACTN2;CASK;PRKCA;GABRG3;PRKAB1;GABRG2;GRIP2;CACNB3;PRKAR1B;PRKAR1A;LLGL1;GRIA1;GRIA2;EPB41;CACNA1A;CACNA1E;GNG10;EPB41L1;PRKAR2B;PRKAR2A;MYO6;TSPAN7;GRIA3;SYT2;HOMER1;GNG12;GNG11;PTPRD;NBEA;GNB1;GNB4;GNB3;GNB5;CALM1;GABRB3;GABRB2;GABRB1;PTPRS;RASGRF2;RASGRF1;PRKAG1;PRKAG2;AP2A1;GRIK1;AP2A2;PTPRF;GABRR2;GABRR1;FLOT1;NPTN;NEFL;FLOT2;GIT1;DLGAP4;DBNL;HTR3A;NRG1;ARHGEF9;CREB1;PICK1;MAPT;ARHGEF7;SHANK3;SHANK1;CAMK2B;CAMK2D;PRKAA2;KCNA2;CAMK2A;KCNA3;GNAI3;PRKX;AKAP5;PPM1E;GNAI1;CAMKK2;GNAI2;GLRA3;GNG2;AP2S1;SLITRK5;CACNG3;CAMK2G;GABRA2;GABRQ;GABRA1;GABRA6;GABRA5;GABRA4;NTRK3;GABRA3;AP2B1,0.25906735751295334
4,1111,Signaling By VEGF R-HSA-194138,53/102,8.152232176453729e-38,Signal Transduction,Reactome_2022,2.3909100990545467e-39,0.0,0.0,19.260830986458856,1712.8492227307477,CYFIP2;PRR5;CYFIP1;NCKAP1;NRP2;AHCYL1;NCF1;NCF4;HSPB1;SHB;CDH5;NCK2;ITGAV;PRKACB;NCK1;VAV3;HSP90AA1;PRKCB;PRKCD;CYBA;PRKCA;PGF;VAV1;VAV2;MAPKAPK3;MAPKAPK2;ELMO1;ELMO2;ARHGEF7;DOCK1;SH2D2A;ITPR1;ITPR2;ITPR3;PRKCZ;CDC42;CTNNA1;PTK2B;NCKAP1L;FYN;WASF1;AAMP;WASF2;WASF3;BAIAP2;PTK2;MAPK12;MAPK13;ABI2;ABI1;PKN2;PKN1;CALM1,0.5196078431372549
4,1111,Recycling Pathway Of L1 R-HSA-437239,24/28,1.8998413175952811e-25,Developmental Biology,Reactome_2022,9.70590644750664e-27,0.0,0.0,104.24103035878564,6243.731552007506,CLTC;RDX;CLTA;MSN;AP2A1;AP2B1;L1CAM;AP2A2;DNM1;DNM2;RPS6KA4;DNM3;RPS6KA3;SHTN1;RPS6KA6;RPS6KA5;DPYSL2;RPS6KA2;RPS6KA1;AP2S1;NUMB;EZR;AP2M1;SH3GL2,0.8571428571428571
4,1111,Negative Regulation Of PI3K/AKT Network R-HSA-199418,44/113,5.961646734972328e-25,Signal Transduction,Reactome_2022,3.102086758973302e-26,0.0,0.0,11.24757209024354,660.6276919654545,PHLPP2;PHLPP1;IRS1;FLT3;PTEN;PDGFA;PIK3R3;TGFA;IRS2;AREG;PPP2CA;PPP2CB;PPP2R1B;ERBB3;PPP2R1A;CD19;RAC2;PIP4K2A;PIP5K1A;PIP4K2B;PIP5K1B;FYN;PIP4K2C;PIP5K1C;ICOS;PDGFRB;PDGFRA;TRAT1;INSR;RHOG;FLT3LG;NRG1;PPP2R5D;ESR1;VAV1;KITLG;LCK;KIT;STRN;FGF13;PIK3AP1;FGFR3;FGFR1;HBEGF,0.3893805309734513
4,1111,RHOU GTPase Cycle R-HSA-9013420,27/39,3.657274197730662e-24,Signal Transduction,Reactome_2022,1.93762871402949e-25,0.0,0.0,39.18196494464944,2229.5777148574653,ITSN2;CLTC;IQGAP1;CDC42;PARD6A;MYO6;NCK2;PTK2B;SRGAP2;SPTAN1;GIT1;SPTBN1;NCK1;PAK4;GIT2;WWP2;STAM;ARHGAP31;ARHGAP30;HGS;PKN2;RHOU;PKN1;ARHGEF7;STAM2;ARHGEF6;EPHA2,0.6923076923076923
4,1111,GABA Receptor Activation R-HSA-977443,27/59,1.0693811376729642e-17,Neuronal System,Reactome_2022,8.194879106103131e-19,0.0,0.0,14.67766951107011,611.2604606392665,GABRB3;GABRB2;GABRB1;GNAI3;GNAI1;GNAI2;GABRR2;GABRR1;GNG10;GNG2;NPTN;GABRA2;GABRQ;GABRA1;GABRA6;GABRA5;GABRA4;GABRA3;GNG12;GABRG3;GNG11;GABRG2;ARHGEF9;GNB1;GNB4;GNB3;GNB5,0.4576271186440678
4,1111,Paradoxical Activation Of RAF Signaling By Kinase Inactive BRAF R-HSA-6802955,23/41,1.0722281355437844e-17,Disease,Reactome_2022,8.318136907719046e-19,0.0,0.0,22.16263276143791,922.6454384623272,CAMK2B;CAMK2D;KSR1;YWHAB;CAMK2A;ITGA2B;PEBP1;ARRB1;ARRB2;IQGAP1;KSR2;RAP1B;APBB1IP;CNKSR2;CNKSR1;RAP1A;CSK;CALM1;TLN1;CAMK2G;MARK3;MAP3K11;VCL,0.5609756097560976
4,1111,G Alpha (I) Signaling Events R-HSA-418594,62/312,1.20496691991835e-17,Signal Transduction,Reactome_2022,9.461897289803505e-19,0.0,0.0,4.406551000953288,182.879991535519,AHCYL1;PPP3CA;PPP3CB;PPP3CC;RGS3;PPP2R1B;PPP2R1A;PDE4A;PRKACB;PDE4D;PRKCD;PDE4C;PRKCA;PPP2R5D;OPRM1;CREB1;PRKAR1B;PRKAR1A;CAMK2B;GNAZ;RGS17;CAMK2D;RGS19;PDE1C;PDE1B;PDE1A;CAMK2A;LPAR1;GNAI3;ITPR1;CXCR4;ITPR2;PRKX;ITPR3;GNAI1;CAMKK2;GNAI2;PPP2CA;PPP2CB;GNA14;GNG10;PPP3R1;GNA15;GRK2;GNG2;PRKAR2B;PRKAR2A;GNA11;RGS20;S1PR3;CAMK2G;GNG12;GNG11;PPP1CA;CDK5;NBEA;GNB1;GNAS;GNB4;GNB3;GNB5;CALM1,0.1987179487179487
4,1111,Ephrin Signaling R-HSA-3928664,16/18,1.2840075785310533e-17,Developmental Biology,Reactome_2022,1.0204033736670622e-18,0.0,0.0,137.98721461187213,5716.304393379616,EPHB6;MYL12A;EFNB2;EFNB1;SDCBP;EFNB3;NCK2;FYN;PKN2;PKN1;ARHGEF7;EPHB2;EPHB1;EPHB4;GIT1;EPHB3,0.8888888888888888
4,1111,Effects Of PIP2 Hydrolysis R-HSA-114508,19/27,2.192762089094504e-17,Hemostasis,Reactome_2022,1.7633375361687116e-18,0.0,0.0,41.06444597069597,1678.6867643361595,DGKG;DAGLA;DGKD;PRKCH;TRPC6;TRPC3;DGKA;PRKCE;PRKCD;ITPR1;ITPR2;ABHD6;ITPR3;RASGRP2;RASGRP1;DGKZ;PRKCQ;DAGLB;MGLL,0.7037037037037037
4,1111,Nephrin Family Interactions R-HSA-373753,17/22,1.0084922609840675e-16,Cell-Cell communication,Reactome_2022,8.205329654175005e-18,0.0,0.0,58.68884826325412,2308.921865456558,KIRREL3;KIRREL1;ACTN3;ACTN2;ACTN1;MAGI2;CASK;ACTN4;IQGAP1;WASL;CD2AP;NPHS1;NCK2;FYN;SPTAN1;SPTBN1;NCK1,0.7727272727272727
4,1111,Signaling By EGFR R-HSA-177929,24/49,1.1817537456085792e-16,Signal Transduction,Reactome_2022,9.726828369720566e-18,0.0,0.0,16.66001839926403,652.6003063522879,SH3GL3;SH3KBP1;ADAM10;TGFA;EPS15L1;PTPN12;STAM;AREG;EPN1;CDC42;HGS;LRIG1;SPRY2;CSK;SPRY1;ARHGEF7;STAM2;AAMP;EPS15;SH3GL2;PAG1;SH3GL1;HBEGF;PTPN3,0.4897959183673469
4,1111,Infectious Disease R-HSA-5663205,121/961,1.3316678147359862e-16,Disease,Reactome_2022,1.1086732989287303e-17,0.0,0.0,2.6261772486772488,102.52801478943525,CYFIP2;SH3GL3;CYFIP1;NCKAP1;AHCYL1;WIPF1;IRS1;WIPF2;WIPF3;NR3C1;ACTG1;GJA1;PRKACB;AP2M1;SH3GL2;SH3GL1;CYBA;PRKCA;PRKAR1B;PRKAR1A;HGS;BTK;ELMO1;ELMO2;CBLL1;STAM2;GNAZ;ITPR1;ITPR2;ITPR3;ADRB2;NCKIPSD;CD79B;CD79A;GNG10;PRKAR2B;PRKAR2A;PLCG2;NCKAP1L;LYN;JUN;YES1;SYT2;MYO5A;ARPC5;STAM;GNG12;GNG11;PTK2;ARPC2;NOXA1;GNB1;GNAS;GNB4;GNB3;GNB5;CALM1;RAB5A;YWHAB;SH3KBP1;ARPC1B;ARPC1A;CLTC;CLTA;AP2A1;WASL;AP2A2;DUSP16;YWHAQ;BLNK;JAK3;YWHAG;NCK1;ACTR3;VAV3;ACTR2;HSP90AA1;PDCD6IP;SYK;YWHAZ;VAV1;VAV2;FGR;HCK;MYH2;CREB1;LCK;MYH9;DOCK2;DOCK1;HBEGF;GNAI3;WAS;NOXO1;CXCR4;ATP1A3;PRKX;GNAI1;GNAI2;CDC42;GNG2;AP2S1;LRIG1;S1PR1;FYN;WASF1;EPS15;WASF2;WASF3;BRD4;MYO10;MYO9B;AP2B1;BAIAP2;TSHR;FKBP1A;TJP1;ABI2;ABI1;PKN2;PTPN6,0.1259105098855359
4,1111,RHOQ GTPase Cycle R-HSA-9013406,26/59,1.3909136653599406e-16,Signal Transduction,Reactome_2022,1.1711572016748793e-17,0.0,0.0,13.692389331099008,533.8108641672354,ITSN1;SNAP23;ARHGAP1;WASL;IQGAP1;ARHGAP5;CDC42;PREX1;GJA1;SRGAP2;GIT1;PAK4;GIT2;FNBP1;WWP2;CDC42BPB;ARHGAP26;ARHGEF9;OBSCN;CDC42EP4;CDC42EP2;TRIP10;PKN2;PKN1;ARHGEF7;RHOQ,0.4406779661016949
4,1111,PI3K/AKT Signaling In Cancer R-HSA-2219528,34/105,1.425424080625743e-16,Disease,Reactome_2022,1.2137007309017682e-17,0.0,0.0,8.367164920815515,325.9033531622841,PRR5;IRS1;FLT3;PTEN;PDGFA;PIK3R3;TGFA;IRS2;FOXO3;AREG;FOXO1;ERBB3;CD19;RAC2;FYN;ICOS;PDGFRB;PDGFRA;TRAT1;RHOG;FLT3LG;NRG1;ESR1;VAV1;KITLG;CREB1;LCK;KIT;STRN;FGF13;PIK3AP1;FGFR3;FGFR1;HBEGF,0.3238095238095238
4,1111,CaM Pathway R-HSA-111997,20/33,2.2117321410125446e-16,Signal Transduction,Reactome_2022,1.9041402538518603e-17,0.0,0.0,26.617781851512373,1024.7823649771149,CAMK2B;CAMK2D;PDE1C;PDE1B;PDE1A;CAMK2A;PRKCD;PRKX;PRKCA;CAMKK2;GRK2;CREB1;NBEA;PRKAR1B;PRKAR2B;PRKAR1A;PRKAR2A;CALM1;CAMK2G;PRKACB,0.6060606060606061
4,1111,Cytokine Signaling In Immune System R-HSA-1280215,98/702,2.312017961442216e-16,Immune System,Reactome_2022,2.0123524356923737e-17,0.0,0.0,2.9286984434144205,112.59276370186144,IRS1;PITPNA;INPPL1;IRS2;SLA2;RPS6KA3;RPS6KA5;PPP2R1B;CCND1;PPP2R1A;RPS6KA2;RPS6KA1;GRB10;MEF2A;MEF2C;CISH;PRKCD;FLT3LG;PRKCA;PRLR;MAPKAPK3;MAPKAPK2;CSH1;STXBP2;PIK3R3;TWIST1;CSF2RB;FOXO3;FOXO1;RAP1B;SOCS2;BCL2L11;SOCS1;INPP5D;ABL2;SOCS6;SOCS5;LYN;JUN;YES1;MSN;FGF13;EIF4G3;BCL2L1;FLT3;PTPRJ;GHR;BLNK;JAK3;HSP90AA1;DUSP3;SYK;MMP2;PPP2R5D;FOS;OPRM1;YWHAZ;DUSP6;VAV1;DUSP7;HCK;CREB1;LCK;IL3RA;RHOU;CAMK2B;CAMK2D;RALA;CAMK2A;CDC42;PPP2CA;PPP2CB;MAPK7;S1PR1;FLNA;PTK2B;FLNB;STX4;CSK;FYN;NCAM1;EIF4E;SH2B3;CAMK2G;SH2B1;PTPN1;PTPN18;PTPN12;PTPN13;TEC;NEDD4;PDCD4;PKN2;PTPN6;PTPN7;VIM;PTPN5;PTPN2,0.1396011396011396
4,1111,Glucagon-like Peptide-1 (GLP1) Regulates Insulin Secretion R-HSA-381676,22/42,3.966536017149501e-16,Metabolism,Reactome_2022,3.489951273367111e-17,0.0,0.0,19.05959595959596,722.2454501223519,ITPR1;ITPR2;ITPR3;PRKCA;AKAP5;IQGAP1;GNG12;GNG11;GNG10;GNG2;RAP1A;PRKAR1B;PRKAR2B;PRKAR1A;PRKAR2A;GNB1;GNAS;GNB4;GNB3;GNB5;PRKACB;RAPGEF4,0.5238095238095238
4,1111,MAPK Targets/ Nuclear Events Mediated By MAP Kinases R-HSA-450282,19/30,4.1588110019484013e-16,Immune System,Reactome_2022,3.698469575999524e-17,0.0,0.0,29.86030636030636,1129.7953718582153,MEF2A;JUN;MEF2C;DUSP3;PPP2R5D;FOS;DUSP6;DUSP7;PPP2CA;PPP2CB;RPS6KA3;MAPK7;RPS6KA5;CREB1;PPP2R1B;PPP2R1A;RPS6KA2;RPS6KA1;MAPKAPK2,0.6333333333333333
4,1111,Constitutive Signaling By Aberrant PI3K In Cancer R-HSA-2219530,29/78,4.637708603754171e-16,Disease,Reactome_2022,4.201053539394829e-17,0.0,0.0,10.305179373043115,388.59400278139975,FLT3;IRS1;PDGFA;PIK3R3;TGFA;IRS2;AREG;ERBB3;CD19;RAC2;FYN;ICOS;PDGFRB;PDGFRA;TRAT1;RHOG;FLT3LG;NRG1;ESR1;VAV1;KITLG;LCK;KIT;STRN;FGF13;PIK3AP1;FGFR3;HBEGF;FGFR1,0.3717948717948718
4,1111,Signaling By RAF1 Mutants R-HSA-9656223,21/38,4.637708603754171e-16,Disease,Reactome_2022,4.212109990164622e-17,0.0,0.0,21.38758769562871,806.4400153556501,CAMK2B;CAMK2D;KSR1;YWHAB;CAMK2A;ITGA2B;ARRB1;ARRB2;IQGAP1;KSR2;RAP1B;APBB1IP;CNKSR2;CNKSR1;RAP1A;CSK;CALM1;TLN1;CAMK2G;MARK3;VCL,0.5526315789473685
4,1111,EPHB-mediated Forward Signaling R-HSA-3928662,20/34,4.777464160045911e-16,Developmental Biology,Reactome_2022,4.384238633154715e-17,0.0,0.0,24.715202304569857,930.9210947686244,ACTR3;LYN;ACTR2;YES1;ARHGEF28;ARPC1B;LIMK2;ARPC1A;ITSN1;LIMK1;WASL;ARPC5;KALRN;PTK2;ACTG1;CDC42;TIAM1;ARPC2;FYN;PKN1,0.5882352941176471
4,1111,RHOC GTPase Cycle R-HSA-9013106,28/73,6.037038579764204e-16,Signal Transduction,Reactome_2022,5.597254312364163e-17,0.0,0.0,10.826551759515748,405.1476515646536,ARHGEF25;PKN3;ARHGEF28;ARHGAP1;IQGAP1;ARHGAP5;AKAP13;PREX1;ABR;ARHGDIA;MCF2L;FLOT1;FLOT2;ARHGEF40;ARHGEF10;ARHGEF17;ERBIN;MYO9B;RHOC;ARHGAP26;VAV2;DIAPH1;FMNL2;DAAM1;PKN2;PKN1;ARHGEF5;TJP2,0.3835616438356164
4,1111,Cargo Recognition For Clathrin-Mediated Endocytosis R-HSA-8856825,33/104,7.77543079884844e-16,Vesicle-mediated transport,Reactome_2022,7.282570000813582e-17,0.0,0.0,8.113538373095718,301.48661347956744,ITSN2;SH3GL3;SH3KBP1;ITSN1;CLTC;CLTB;TGFA;CLTA;AP2A1;ARRB1;ADRB2;ARRB2;AP2A2;AREG;GRK3;GRK2;CLTCL1;AP2S1;REPS2;EPS15;AP2M1;SH3GL2;SH3GL1;SYT2;TOR1A;STAM;EPS15L1;AP2B1;EPN1;EPN2;HGS;STAM2;HBEGF,0.3173076923076923
4,1111,RHOB GTPase Cycle R-HSA-9013026,29/69,1.0141981851472623e-17,Signal Transduction,Reactome_2022,7.676050597141057e-19,0.0,0.0,12.629875231053605,526.8048722331685,ARHGEF25;PKN3;ARHGEF28;SNAP23;ARHGAP1;ARHGAP5;AKAP13;PREX1;ABR;MCF2L;FLOT1;FLOT2;RHPN2;ARHGEF10;ARHGEF17;STARD8;ERBIN;MYO9B;ARHGAP26;RHOB;VAV2;DIAPH1;DAAM1;ARHGEF3;PKN2;ARHGEF2;PKN1;ARHGEF5;TJP2,0.42028985507246375
4,1111,RHOG GTPase Cycle R-HSA-9013408,30/74,8.868558707863257e-18,Signal Transduction,Reactome_2022,6.628345675697231e-19,0.0,0.0,11.886090320410394,497.5251339755344,CYFIP1;DOCK4;DOCK3;TRIO;ARHGEF26;GARRE1;ITSN1;ARHGAP1;ARHGAP5;IQGAP2;KALRN;CDC42;PREX1;ARHGDIA;MCF2L;PAK4;VAV3;ARHGEF16;RHOG;ERBIN;VAV1;VAV2;KTN1;ELMO2;PKN2;DOCK2;DOCK1;ARHGEF5;MAP3K11;EPHA2,0.40540540540540543
4,1111,PIP3 Activates AKT Signaling R-HSA-1257604,58/268,2.458092878463002e-18,Signal Transduction,Reactome_2022,1.8139190588468701e-19,0.0,0.0,4.899299054854611,211.42252415322912,PRR5;IRS1;FLT3;PTEN;IRS2;AREG;PREX2;PPP2R1B;MECOM;PPP2R1A;RAC2;PIP4K2A;PIP4K2B;PIP4K2C;MAF1;PDGFRB;PDGFRA;RHOG;FLT3LG;NRG1;PPP2R5D;VAV1;CREB1;LCK;RRAGD;KIT;HBEGF;PHLPP2;PHLPP1;PDGFA;PIK3R3;TGFA;FOXO3;FOXO1;PPP2CA;PPP2CB;ERBB3;CD19;PIP5K1A;PIP5K1B;FYN;PIP5K1C;ICOS;JUN;TRAT1;INSR;WWP2;ESR1;KITLG;NEDD4;SNAI1;STRN;FGF13;PIK3AP1;LAMTOR3;FGFR3;FRK;FGFR1,0.21641791044776118
4,1111,G Alpha (Q) Signaling Events R-HSA-416476,52/212,5.405713299770254e-19,Signal Transduction,Reactome_2022,3.937936840892237e-20,0.0,0.0,5.747804532577904,256.81791250094165,DGKG;TRIO;DGKD;DAGLA;DGKA;RPS6KA3;EDNRB;RGS3;RPS6KA2;RPS6KA1;PROK2;PRKCH;TRPC6;TRPC3;PRKCE;PRKCD;PRKCA;DGKZ;CREB1;BTK;PRKCQ;DAGLB;MGLL;HBEGF;RGS17;RGS19;ARHGEF25;LPAR1;ITPR1;PIK3R3;ITPR2;ABHD6;ITPR3;RASGRP2;KALRN;RASGRP1;GNA14;GNG10;GNA15;GRK2;GNG2;MAPK7;GRK5;GNA11;GNG12;GNG11;GNB1;GNB4;GNRH1;GNB3;GNB5;F2RL2,0.24528301886792453
4,1111,G-protein Mediated Events R-HSA-112040,30/52,2.3128879591019445e-23,Signal Transduction,Reactome_2022,1.24725273101997e-24,0.0,0.0,23.79993272222689,1309.9744511217575,CAMK2B;CAMK2D;AHCYL1;PDE1C;PDE1B;PDE1A;CAMK2A;GNAI3;ITPR1;ITPR2;ITPR3;PRKX;GNAI1;CAMKK2;GNAI2;GNA14;GNA15;GRK2;PRKAR2B;GNA11;PRKAR2A;PRKACB;CAMK2G;PRKCD;PRKCA;CREB1;PRKAR1B;NBEA;PRKAR1A;CALM1,0.5769230769230769
4,1111,Integration Of Energy Metabolism R-HSA-163685,41/105,2.4928804634678043e-23,Metabolism,Reactome_2022,1.3679003489227304e-24,0.0,0.0,11.270808995327103,619.3170377707469,AHCYL1;PRKAA2;ITPR1;CACNA1A;ITPR2;PRKAG2;CACNA1D;ITPR3;CACNA1C;IQGAP1;AKAP5;CACNA1E;GNAI1;GNAI2;PPP2CA;GNA14;PPP2CB;GNG10;GNA15;RAP1A;GNG2;PPP2R1B;PPP2R1A;PRKAR2B;PRKAR2A;GNA11;PRKACB;PRKAB2;PRKCA;PPP2R5D;GNG12;GNG11;CACNB3;PRKAR1B;PRKAR1A;GNB1;GNAS;GNB4;GNB3;GNB5;RAPGEF4,0.3904761904761905
4,1111,"PI5P, PP2A And IER3 Regulate PI3K/AKT Signaling R-HSA-6811558",41/106,3.7871511673902103e-23,Signal Transduction,Reactome_2022,2.1139254387513942e-24,0.0,0.0,11.096822429906542,604.9265808759484,IRS1;FLT3;PDGFA;PIK3R3;TGFA;IRS2;AREG;PPP2CA;PPP2CB;PPP2R1B;ERBB3;PPP2R1A;CD19;RAC2;PIP4K2A;PIP5K1A;PIP4K2B;PIP5K1B;FYN;PIP4K2C;PIP5K1C;ICOS;PDGFRB;PDGFRA;TRAT1;INSR;RHOG;FLT3LG;NRG1;PPP2R5D;ESR1;VAV1;KITLG;LCK;KIT;STRN;FGF13;PIK3AP1;FGFR3;FGFR1;HBEGF,0.3867924528301887
4,1111,Netrin-1 Signaling R-HSA-373752,29/49,4.722213564568521e-23,Developmental Biology,Reactome_2022,2.680537501174184e-24,0.0,0.0,25.28655268022181,1372.4535628387132,TRIO;PITPNA;AGAP2;WASL;NTN1;CDC42;ABLIM2;ABLIM3;FYN;SLIT3;NEO1;NCK1;TRPC6;TRPC3;UNC5A;MYO10;DCC;UNC5B;TRPC1;UNC5C;RGMB;MAPK12;PTK2;RGMA;MAPK13;PRKCQ;PKN1;EZR;DOCK1,0.5918367346938775
4,1111,DARPP-32 Events R-HSA-180024,21/24,1.0839626462958986e-22,Signal Transduction,Reactome_2022,6.255602783732245e-24,0.0,0.0,121.28623853211008,6480.149645577165,PDE4D;PDE4C;PPP2R5D;PRKCA;PPP1CA;PPP2CA;PPP2CB;PPP3CA;PPP3CB;PPP3R1;PPP3CC;CDK5;PPP2R1B;PRKAR1B;PPP2R1A;PRKAR1A;PRKAR2B;PRKAR2A;PDE4A;CALM1;PRKACB,0.875
4,1111,Nuclear Events (Kinase And Transcription Factor Activation) R-HSA-198725,31/61,6.437469658956609e-22,Signal Transduction,Reactome_2022,3.77599923231135e-23,0.0,0.0,18.044104938271605,931.6314305881843,SH3GL3;NAB1;SRF;ASCL1;PPP2CA;RPS6KA3;PPP2CB;RPS6KA5;MAPK7;PPP2R1B;PPP2R1A;RPS6KA2;RPS6KA1;MEF2D;MEF2A;MEF2C;DUSP3;JUND;PPP2R5D;FOS;DUSP6;DNM2;DUSP7;ARC;CREB1;VGF;CDK5;MAPKAPK2;SGK1;CDK5R2;CDK5R1,0.5081967213114754
4,1111,Signaling By BRAF And RAF1 Fusions R-HSA-6802952,31/62,1.2007256186656952e-21,Disease,Reactome_2022,7.15664276025911e-23,0.0,0.0,17.461111111111112,890.3667832143051,CAMK2B;CAMK2D;YWHAB;FAM114A2;ITGA2B;CAMK2A;PEBP1;ARRB1;ARRB2;IQGAP1;TRAK1;RAP1B;KIAA1549;BCL2L11;RAP1A;CSK;CAMK2G;MARK3;KSR1;AGTRAP;KSR2;SND1;QKI;APBB1IP;CNKSR2;CNKSR1;CLCN6;FAM131B;TLN1;CALM1;VCL,0.5
4,1111,Extra-nuclear Estrogen Signaling R-HSA-9009391,33/73,2.883823211509352e-21,Signal Transduction,Reactome_2022,1.7461181223897686e-22,0.0,0.0,14.425255102040817,722.6977353036295,SRF;GNAI3;PIK3R3;TGFA;ZDHHC7;ZDHHC21;FOXO3;AREG;PRKCZ;GNAI1;IGF1R;GNAI2;GNG10;GNG2;CCND1;S1PR3;HSP90AA1;CAV2;MMP2;FOS;GNG12;ESR1;GNG11;PTK2;UHMK1;CREB1;GNB1;GNB4;GNB3;STRN;GNB5;CALM1;HBEGF,0.4520547945205479
4,1111,DAG And IP3 Signaling R-HSA-1489509,25/39,3.676385207645286e-21,Signal Transduction,Reactome_2022,2.2756544288977417e-22,0.0,0.0,31.036240463036044,1546.6787647248618,CAMK2B;CAMK2D;AHCYL1;PDE1C;PDE1B;PDE1A;CAMK2A;ITPR1;ITPR2;ITPR3;PRKX;CAMKK2;GRK2;PRKAR2B;PRKAR2A;CAMK2G;PRKACB;PRKCE;PRKCD;PRKCA;CREB1;NBEA;PRKAR1B;PRKAR1A;CALM1,0.6410256410256411
4,1111,Developmental Biology R-HSA-1266738,217/1073,8.335216761656724e-65,Developmental Biology,Reactome_2022,7.885730143478452e-67,0.0,0.0,5.113478485855861,778.3130820672849,EPHB6;SPI1;TRIO;ITSN1;PITPNA;RPS6KA4;RPS6KA3;RPS6KA6;RPS6KA5;CAPNS1;DPYSL4;DPYSL5;DPYSL2;RPS6KA2;RPS6KA1;DAG1;EPHB2;PRKACB;EPHB1;EPHB4;SCN1B;EPHB3;SCN1A;MEF2A;EPHA5;EPHA4;MEF2C;EPHA7;UNC5A;UNC5B;UNC5C;PRKCA;SHTN1;TIAM1;MYL6;PRKCQ;EZR;PFN1;TLN1;MYL9;NGEF;EPHA3;LLGL1;EPHA2;GRB7;EPHA10;AGAP2;PIK3R3;KALRN;MYL12A;RRAS;FLRT3;PRKAR2A;PIP5K1C;SCN3B;SCN3A;SPTBN1;SPTBN2;LYN;VASP;JUN;YES1;RDX;L1CAM;PTK2;GJB1;ARTN;SCN2A;SCN2B;RET;ROBO3;NRP2;SH3KBP1;ARPC1B;ARPC1A;CLTC;CLTB;CLTA;AP2A1;WASL;AP2A2;PPP3CB;SPTAN1;GIT1;CAP1;VAV3;MAP4K2;GFRA1;RGMB;GFRA3;RHOC;GFRA2;RGMA;RHOB;VAV2;ENAH;ARHGEF7;YAP1;CXCR4;AKAP5;DRP2;RELN;AP2S1;CTNNA1;CTNNA2;MEF2D;PAK4;FARP2;RANBP9;MYO9B;AP2B1;PKN2;PKN1;CDK5R1;PLXND1;NAB1;ITGA2B;IRS2;ACTG1;CDH4;CDH2;MPZ;GRB10;NRTN;CAPN1;AP2M1;SH3GL2;SEMA6D;ADAM10;DOK1;MAG;DOK2;CACNB3;DOK4;DOK5;DOK6;SCN8A;SHC3;ARHGEF28;CACNA1D;CACNA1C;FOXO3;EFNA5;EFNA4;FOXO1;RAP1GAP;CACNA1H;EFNB2;EFNB1;SDCBP;EFNB3;CLTCL1;PLXNA2;ABL2;PLXNA1;MYH14;MYH11;SRGAP2;SRGAP1;MYH10;PLXNA4;PLXNA3;PRNP;CNTN6;MSN;ARPC5;EFNA3;EFNA2;ARPC2;CDK5;PTPRA;FES;CNTN2;PLXNB1;FGF13;FGFR1;SLC2A4;RND1;NCK2;ITGAV;NEO1;NCK1;ACTR3;ACTR2;HSP90AA1;TRPC6;TRPC3;DCC;MMP2;TRPC1;DNM1;DNM2;DNM3;GAP43;CREB1;NUMB;MYH9;EVL;SHANK3;DOCK1;SEMA3A;SEMA3E;NTN1;NTN3;CDC42;ABLIM2;MAPK7;ABLIM3;FYN;SLIT3;NCAM1;CACNG3;MYO10;LIMK2;LIMK1;MAPK12;MAPK13,0.2022367194780988
4,1111,RHO GTPases Activate PAKs R-HSA-5627123,19/21,3.676385207645286e-21,Signal Transduction,Reactome_2022,2.295566922465363e-22,0.0,0.0,164.3099816849817,8186.891436105234,PPP1R12A;LIMK1;MYLK;CDC42;PPP1CB;MYL6;CTTN;FLNA;MYH14;MYH9;MYH11;PKN2;NF2;PKN1;ARHGEF7;CALM1;PPP1R12B;MYH10;MYL9,0.9047619047619048
4,1111,Regulation Of Insulin Secretion R-HSA-422356,33/77,2.181891747499065e-20,Metabolism,Reactome_2022,1.403676810122388e-21,0.0,0.0,13.1110853432282,629.5312783264734,AHCYL1;ITPR1;CACNA1A;ITPR2;CACNA1D;ITPR3;AKAP5;CACNA1C;IQGAP1;CACNA1E;GNAI1;GNAI2;GNA14;GNA15;GNG10;GNG2;RAP1A;PRKAR2B;GNA11;PRKAR2A;PRKACB;PRKCA;GNG12;GNG11;CACNB3;PRKAR1B;PRKAR1A;GNB1;GNAS;GNB4;GNB3;GNB5;RAPGEF4,0.42857142857142855
4,1111,Antigen Activates B Cell Receptor Leading To Second Messenger Generation R-HSA-983695,22/31,3.723300850935627e-20,Immune System,Reactome_2022,2.4657621529375013e-21,0.0,0.0,42.37934904601571,2010.9758018922607,BLK;LYN;AHCYL1;SYK;SH3KBP1;TRPC1;ITPR1;ITPR2;ITPR3;VAV1;CD79B;CD79A;CD19;BLNK;PLCG2;BTK;ORAI1;FYN;PTPN6;CALM1;PIK3AP1;NCK1,0.7096774193548387
4,1111,"Glutamate Binding, Activation Of AMPA Receptors And Synaptic Plasticity R-HSA-399721",22/31,3.723300850935627e-20,Neuronal System,Reactome_2022,2.4657621529375013e-21,0.0,0.0,42.37934904601571,2010.9758018922607,CAMK2B;GRIA1;GRIA2;CAMK2D;PRKCB;CAMK2A;AP2A1;PRKCA;AKAP5;AP2B1;AP2A2;GRIP2;EPB41L1;MYO6;TSPAN7;AP2S1;PICK1;CACNG3;CAMK2G;AP2M1;GRIA3;LLGL1,0.7096774193548387
4,1111,Cell-Cell Communication R-HSA-1500931,40/120,7.210549610438286e-20,Cell-Cell communication,Reactome_2022,4.843415537758924e-21,0.0,0.0,8.781045751633988,410.7480512042975,SIRPG;ILK;IQGAP1;WASL;CLDN1;CDH5;CDH4;PARD6B;PARD6A;CDH2;NCK2;CTNNA1;SIRPA;FLNA;PTK2B;FYN;FLNC;SPTAN1;SPTBN1;NCK1;KIRREL3;VASP;KIRREL1;PRKCI;ACTN3;ACTN2;ACTN1;MAGI2;CASK;ACTN4;PTK2;CD2AP;AFDN;NPHS1;PARD3;ITGA6;PTPN6;CD47;SKAP2;ARHGEF6,0.3333333333333333
4,1111,Muscle Contraction R-HSA-397014,51/196,7.931179376216877e-20,Muscle contraction,Reactome_2022,5.4025062922196324e-21,0.0,0.0,6.219544567338972,290.2501232789883,AHCYL1;GUCY1B1;ATP2A2;MYLK;NPPA;SCN1B;SCN1A;GUCY1A2;GUCY1A1;ACTN3;ACTN2;TPM3;MYL11;TRPC1;PRKCA;MYL6;MYL1;SCN8A;ORAI1;PDE5A;TLN1;MYL9;VCL;CAMK2B;CAMK2D;CAMK2A;ITPR1;ITPR2;ATP1A3;ITPR3;CACNA1C;MYL12A;CACNA1H;MYH11;SCN3B;SCN3A;CAMK2G;CORIN;CAV3;SORBS1;ATP2B1;FGF14;PKN2;PKN1;VIM;CALM1;SCN2A;FGF13;FGF12;FGF11;SCN2B,0.2602040816326531
4,1111,Translocation Of SLC2A4 (GLUT4) To Plasma Membrane R-HSA-1445148,27/51,8.648020490505213e-20,Vesicle-mediated transport,Reactome_2022,5.9726158543697306e-21,0.0,0.0,19.57852859778598,911.7153373395608,RALA;PRKAA2;STXBP3;YWHAB;SNAP23;PRKAG1;PRKAG2;SLC2A4;YWHAQ;STX4;YWHAG;PRKAB2;RAB4A;EXOC7;MYO5A;LNPEP;PRKAB1;YWHAZ;RAB10;TBC1D1;TBC1D4;RAB14;EXOC4;MYH9;CALM1;EXOC2;RHOQ,0.5294117647058824
4,1111,FCERI Mediated Ca+2 Mobilization R-HSA-2871809,21/29,1.4508817375931089e-19,Immune System,Reactome_2022,1.0157544804341538e-20,0.0,0.0,45.47029816513761,2093.2738380288893,LYN;VAV3;ITK;AHCYL1;SYK;ITPR1;NFATC3;ITPR2;NFATC2;ITPR3;NFATC1;VAV1;VAV2;PPP3CA;PPP3CB;PPP3R1;TEC;PLCG2;BTK;LCP2;CALM1,0.7241379310344828
4,1111,Platelet Homeostasis R-HSA-418346,33/83,3.40263907066163e-19,Hemostasis,Reactome_2022,2.4143607407722068e-20,0.0,0.0,11.53408163265306,520.9975505388002,GUCY1B1;PDE1B;PDE1A;ITPR1;ATP2A2;ITPR2;ITPR3;PPP2CA;PPP2CB;GNG10;GNG2;PPP2R1B;PPP2R1A;PRKG2;PRKG1;GUCY1A2;GUCY1A1;TRPC6;TRPC3;PPP2R5D;ATP2B1;GNG12;GNG11;FGR;GNB1;GNAS;GNB4;ORAI1;GNB3;PDE5A;PTPN6;GNB5;CALM1,0.39759036144578314
4,1111,Death Receptor Signaling R-HSA-73887,42/139,4.831644094574638e-19,Signal Transduction,Reactome_2022,3.474029812560761e-20,0.0,0.0,7.611545620244375,341.0458557639381,BEX3;TRIO;PRDM4;ARHGEF26;MAGED1;RASGRF2;ITSN1;KALRN;FGD1;GNA13;PREX1;ABR;AKAP13;BCL2L11;ARHGDIA;MCF2L;ARHGEF40;VAV3;NGFR;ARHGEF10;LINGO1;PRKCI;PLEKHG2;ARHGEF15;ARHGEF17;ARHGEF16;ARHGEF18;NGF;VAV1;VAV2;TIAM2;TIAM1;MAG;ARHGEF9;OBSCN;ARHGEF3;ARHGEF4;ARHGEF2;ARHGEF7;NGEF;ARHGEF5;ARHGEF6,0.302158273381295
4,1111,PLC Beta Mediated Events R-HSA-112043,27/47,4.966367242597645e-21,Signal Transduction,Reactome_2022,3.148028431920929e-22,0.0,0.0,23.49921586715867,1163.4484260729157,CAMK2B;CAMK2D;AHCYL1;PDE1C;PDE1B;PDE1A;CAMK2A;ITPR1;ITPR2;ITPR3;PRKX;CAMKK2;GNA14;GNA15;GRK2;PRKAR2B;GNA11;PRKAR2A;CAMK2G;PRKACB;PRKCD;PRKCA;CREB1;NBEA;PRKAR1B;PRKAR1A;CALM1,0.574468085106383
4,1111,MAPK Family Signaling Cascades R-HSA-5683057,119/318,3.5936866360043337e-65,Signal Transduction,Reactome_2022,3.05990347436509e-67,0.0,0.0,11.26656467822986,1725.528661196113,IRS1;ITGA2B;PEBP1;WDR83;IRS2;PPP1CB;PPP2R1B;PPP2R1A;NRTN;PRKACB;PDGFRB;PDGFRA;ACTN2;FLT3LG;PRKCA;PRKCQ;TLN1;LLGL1;VCL;SHC3;PDGFA;TGFA;CSF2RB;RASAL1;IQGAP1;RASAL2;FOXO3;RASAL3;KALRN;RASGRP1;FOXO1;RASGRP4;RAP1B;RAP1A;RALGDS;MARK3;SPTBN1;SPTBN2;JUN;PTK2;ARTN;PTPRA;NF1;RGL3;CALM1;FGF13;FGFR3;MAP3K11;BCL2L1;FGFR1;ARHGAP9;RET;FLT3;YWHAB;RASGRF2;RASGRF1;HSPB1;ARRB1;ARRB2;AREG;DUSP16;SPRED2;SPRED1;DUSP10;NEFL;PRKG2;JAK3;SPTAN1;KSR1;MMP2;GFRA1;NRG1;PPP2R5D;KSR2;GFRA3;IL17RD;DUSP9;GFRA2;DUSP6;DUSP7;APBB1IP;CNKSR2;CNKSR1;MRAS;RASA3;CDC42EP5;RASA4;KIT;IL3RA;RASA2;CDC42EP2;ARHGEF7;HBEGF;CAMK2B;CAMK2D;CAMK2A;ABHD17C;PPP2CA;CDC42;PPP2CB;ERBB3;SHOC2;CSK;FYN;NCAM1;MAPK6;CAMK2G;MAPK4;RANBP9;MAPK12;KITLG;ABHD17B;ABHD17A;PKN2;PKN1;PTPN7;TEK;LAMTOR3;PTPN3,0.3742138364779874
4,1111,RAC1 GTPase Cycle R-HSA-9013149,99/178,1.2210750640029216e-74,Signal Transduction,Reactome_2022,9.241816946095906e-77,0.0,0.0,23.292515134837643,4077.944393046257,CYFIP2;CYFIP1;NCKAP1;TRIO;NCF1;WIPF1;WIPF2;NCF4;WIPF3;DOCK10;PREX2;DOCK11;PREX1;ARHGDIA;MPZ;SWAP70;CYBA;TIAM2;TIAM1;SPATA13;NGEF;EPHA2;GARRE1;ARHGEF25;PIK3R3;IQGAP1;IQGAP2;KALRN;PLD2;ABR;ABL2;NCKAP1L;SRGAP2;SRGAP1;ARHGAP26;ARHGAP31;ARHGAP30;NOXA1;NOX3;ARHGAP9;DOCK6;DOCK4;DOCK3;DOCK9;DOCK8;RASGRF2;DOCK7;SNAP23;ARHGAP1;WASL;ARHGAP5;ARHGAP4;MCF2L;GIT1;VAV3;ARHGEF10;PLEKHG1;PLEKHG2;ARHGEF15;ARAP2;ARAP3;ARHGEF18;ARAP1;GMIP;VAV1;VAV2;ARHGAP10;ALS2;CDC42EP4;ARHGEF4;ARHGEF7;DOCK2;DOCK1;ARHGEF5;ARHGEF6;WAS;NOXO1;CDC42;GNA13;FGD5;PARD6A;NHS;WASF1;WASF2;WASF3;PAK4;FARP2;GIT2;ERBIN;MYO9B;BAIAP2;DEF6;KTN1;FMNL1;ABI2;TAOK3;ABI1;PKN2;PKN1,0.5561797752808989
4,1111,RHO GTPase Cycle R-HSA-9012999,177/441,8.475976893009006e-105,Signal Transduction,Reactome_2022,5.61322973046954e-107,0.0,0.0,13.369610181039516,3270.8949002594773,CYFIP2;ITSN2;CYFIP1;NCKAP1;TRIO;NCF1;PLXND1;WIPF1;WIPF2;ITSN1;WIPF3;NCF4;FNBP1L;ACTG1;PREX2;DOCK10;PREX1;DOCK11;GJA1;ARHGDIA;MPZ;ARHGEF40;FNBP1;RALGAPA1;TPM3;STARD8;SWAP70;ACTN1;CYBA;TIAM2;TIAM1;OBSCN;DAAM1;HGS;CDC37;SPATA13;ELMO2;STAM2;NGEF;EPHA2;GRB7;GARRE1;ARHGEF26;ARHGEF25;ARHGEF28;PIK3R3;IQGAP1;RASAL2;IQGAP2;KALRN;PLD2;ABR;MYO6;ABL2;PLXNA1;NCKAP1L;RHPN2;SRGAP2;SRGAP1;SPTBN1;STAM;ARHGAP26;DIAPH1;ARHGAP31;DIAPH2;ARHGAP30;DNMBP;NOXA1;NOX3;PLXNB1;MAP3K11;ARHGAP9;DOCK6;DOCK4;DOCK3;DOCK9;RASGRF2;DOCK8;CLTC;SNAP23;DOCK7;ARHGAP1;WASL;ARHGAP5;ARHGAP4;RND1;AKAP13;MCF2L;NCK2;RAC2;FLOT1;FLOT2;SPTAN1;GIT1;NCK1;VAV3;ARHGEF10;HSP90AA1;PLEKHG1;PLEKHG2;ARHGEF15;ARHGEF17;ARHGEF16;RHOG;ARAP2;RRAS2;ARAP3;ARHGEF18;ARAP1;GMIP;RHOC;RHOD;VAV1;NIPSNAP2;RHOB;VAV2;ARHGAP10;ZAP70;ARHGEF9;ALS2;CDC42EP5;LCK;CDC42EP4;CDC42EP2;ARHGEF3;ARHGEF4;RHOU;PDE5A;ARHGEF2;ARHGEF7;DOCK2;DOCK1;ARHGEF5;RHOQ;ARHGEF6;PKN3;WAS;NOXO1;UACA;FGD1;CDC42;GNA13;FGD5;PARD6B;PARD6A;NHS;SLITRK5;PTK2B;CSK;WHAMM;WASF1;WASF2;WASF3;PAK4;FARP2;GIT2;KIDINS220;ERBIN;WWP2;SEMA4F;MYO9B;CDC42BPB;BAIAP2;PTPN13;DEF6;KTN1;TMEM59;FMNL1;FMNL2;ABI2;TAOK3;ABI1;TRIP10;PKN2;PKN1;VIM;TJP2,0.4013605442176871
4,1111,Melanogenesis,23/101,1.5056374668456253e-08,Endocrine system,KEGG_2021_Human,5.367924881797445e-09,0.0,0.0,5.098192401960785,97.0839828263994,CAMK2B;CAMK2D;CALML5;CALML6;PRKCB;ASIP;CAMK2A;GNAI3;CALML3;MITF;PRKCA;CALML4;GNAI1;GNAI2;GNAO1;KITLG;EDNRB;CREB1;KIT;GNAS;CALM1;PRKACB;CAMK2G,0.22772277227722773
4,1111,PD-L1 expression and PD-1 checkpoint pathway in cancer,21/89,3.4884330183936714e-08,Cancer: overview,KEGG_2021_Human,1.2588693066377164e-08,0.0,0.0,5.332447382622774,96.9997070846434,ALK;JUN;CSNK2A1;PTEN;NFATC3;PIK3R3;NFATC2;NFATC1;FOS;RASGRP1;MAPK12;MAPK13;PPP3CA;ZAP70;PPP3CB;PPP3R1;PPP3CC;LCK;PRKCQ;PTPN6;LAT,0.23595505617977527
4,1111,Type II diabetes mellitus,15/46,3.707476567600026e-08,Endocrine and metabolic disease,KEGG_2021_Human,1.3540349203408793e-08,0.0,0.0,8.325582764304215,150.83950984837313,IRS1;INSR;PRKCE;PRKCD;CACNA1A;PIK3R3;CACNA1D;IRS2;CACNA1C;SLC2A4;CACNA1E;PRKCZ;SOCS2;SOCS1;SOCS4,0.32608695652173914
4,1111,Arrhythmogenic right ventricular cardiomyopathy,19/77,7.575417268356422e-08,Cardiovascular disease,KEGG_2021_Human,2.832547326428923e-08,0.0,0.0,5.6490621447518,98.1778999588996,DSP;ACTN3;ACTN2;ITGA2B;ATP2A2;CACNA1D;CACNA1C;ACTB;ACTG1;GJA1;CACNB3;CDH2;DAG1;CTNNA1;ITGAV;ITGA6;CTNNA3;CTNNA2;CACNG3,0.24675324675324675
4,1111,Regulation of lipolysis in adipocytes,16/55,7.575417268356422e-08,Endocrine system,KEGG_2021_Human,2.8167643225988853e-08,0.0,0.0,7.062404870624048,122.7805578598746,IRS1;INSR;PDE3B;GNAI3;PIK3R3;IRS2;ADRB2;GNAI1;TSHR;GNAI2;NPPA;GNAS;PRKG2;PRKACB;PRKG1;MGLL,0.2909090909090909
4,1111,Salivary secretion,21/93,7.636219163090538e-08,Digestive system,KEGG_2021_Human,2.8884829008212036e-08,0.0,0.0,5.035129969418961,87.40960112635936,GUCY1A2;GUCY1A1;GUCY1B1;CALML5;CALML6;PRKCB;ITPR1;ATP1A3;ITPR2;CALML3;PRKCA;ITPR3;CALML4;ADRB2;ATP2B1;SLC9A1;GNAS;PRKG2;CALM1;PRKACB;PRKG1,0.22580645161290322
4,1111,Autophagy,26/137,8.358269149888135e-08,None,KEGG_2021_Human,3.197946457348504e-08,0.0,0.0,4.053871382903641,69.96240907403917,PRKAA2;IRS1;ITPR1;PTEN;PIK3R3;IRS2;IGF1R;CAMKK2;PPP2CA;PPP2CB;DEPTOR;RRAS;RB1CC1;LAMP2;PRKACB;DAPK2;PRKCD;RRAS2;WIPI1;MRAS;RRAGD;ATG2A;ULK2;PRKCQ;ATG2B;BCL2L1,0.1897810218978102
4,1111,Prolactin signaling pathway,18/70,8.457568442866726e-08,Endocrine system,KEGG_2021_Human,3.272711267022341e-08,0.0,0.0,5.965690759377859,102.81904992540206,SHC4;SHC3;CISH;PIK3R3;CSN2;FOS;FOXO3;PRLR;ESR1;MAPK12;MAPK13;SOCS2;SOCS1;CCND1;SOCS6;SOCS7;SOCS4;SOCS5,0.2571428571428571
4,1111,Tuberculosis,29/180,5.64935469535578e-07,Infectious disease: bacterial,KEGG_2021_Human,2.210617054704436e-07,0.0,0.0,3.3259600200756507,50.96975181938396,CAMK2B;RAB5B;CAMK2D;RAB5C;CALML5;CALML6;CAMK2A;CALML3;CALML4;TCIRG1;MALT1;EEA1;PPP3CA;PPP3R1;PPP3CB;PPP3CC;LAMP2;CAMK2G;ATP6V0A1;ATP6V0B;KSR1;SYK;MAPK12;MAPK13;CREB1;ATP6V0D1;CALM1;RAB5A;ATP6V0C,0.16111111111111112
4,1111,JAK-STAT signaling pathway,27/162,7.206340485178768e-07,Signal transduction,KEGG_2021_Human,2.851204278918556e-07,0.0,0.0,3.460147601476015,52.1456499105731,CSH1;MPL;PDGFA;PIK3R3;CSF2RB;SOCS2;GHR;SOCS1;CCND1;PIM1;SOCS6;SOCS7;JAK3;SOCS4;SOCS5;PDGFRB;PDGFRA;CISH;STAM;PRLR;EPOR;GFAP;IL3RA;PTPN6;STAM2;PTPN2;BCL2L1,0.16666666666666666
4,1111,FoxO signaling pathway,23/131,2.0874528507732638e-06,Signal transduction,KEGG_2021_Human,8.349811403093053e-07,0.0,0.0,3.6761557053376905,51.45094845440646,PRKAB2;PRKAA2;HOMER1;IRS1;INSR;AGAP2;PRKAG1;PTEN;PIK3R3;PRKAG2;IRS2;SLC2A4;FOXO3;STK4;PRKAB1;FOXO1;MAPK12;IGF1R;MAPK13;BCL2L11;CCND1;S1PR1;SGK1,0.17557251908396945
4,1111,mTOR signaling pathway,25/154,3.184684334935174e-06,Signal transduction,KEGG_2021_Human,1.2877201876042223e-06,0.0,0.0,3.347752223507074,45.40434884135389,PRR5;PRKAA2;CAB39;IRS1;CAB39L;PTEN;PIK3R3;IGF1R;RPS6KA3;RPS6KA6;DEPTOR;RPS6KA2;RPS6KA1;GRB10;EIF4EBP1;ATP6V1E1;EIF4E;PRKCB;INSR;PRKCA;RRAGD;ATP6V1B2;ULK2;SGK1;LAMTOR3,0.16233766233766234
4,1111,GnRH secretion,15/64,4.023752712052848e-06,Endocrine system,KEGG_2021_Human,1.6444902388389902e-06,0.0,0.0,5.262177863846269,70.08210632785804,PRKCB;TRPC1;ITPR1;ITPR2;PIK3R3;ARRB1;PRKCA;CACNA1D;ITPR3;ARRB2;CACNA1C;CACNA1H;CACNA1I;GNA11;GNRH1,0.234375
4,1111,Chagas disease,19/102,7.141036090151092e-06,Infectious disease: parasitic,KEGG_2021_Human,2.9806063680630643e-06,0.0,0.0,3.942296659164129,50.15935344378575,JUN;GNAI3;PIK3R3;FOS;GNAI1;MAPK12;GNAI2;MAPK13;GNAO1;PPP2CA;GNA14;PPP2CB;GNA15;PPP2R1B;PPP2R2C;PPP2R1A;PPP2R2B;GNA11;GNAS,0.18627450980392157
4,1111,Longevity regulating pathway,19/102,7.141036090151092e-06,Aging,KEGG_2021_Human,2.9806063680630643e-06,0.0,0.0,3.942296659164129,50.15935344378575,PRKAB2;PRKAA2;IRS1;INSR;PRKAG1;PIK3R3;PRKAG2;IRS2;FOXO3;PRKAB1;FOXO1;IGF1R;CAMKK2;CREB1;RB1CC1;EIF4EBP1;PRKACB;EIF4E;APPL1,0.18627450980392157
4,1111,Human papillomavirus infection,40/331,7.687131086717628e-06,Infectious disease: viral,KEGG_2021_Human,3.2419639800504783e-06,0.0,0.0,2.3869524900452737,30.16948318805243,ITGA2B;PXN;PTEN;PIK3R3;TCIRG1;PRKCZ;FOXO1;PPP2CA;CDC42;PPP2CB;PARD6B;RELN;PARD6A;PPP2R1B;CCND1;PPP2R1A;EIF4EBP1;ITGAV;ATP6V1E1;PRKACB;ATP6V0A1;APC2;MAGI1;PDGFRB;PRKCI;ATP6V0B;ATP6V0E1;PPP2R5D;PPP2R3A;PTK2;CREB1;PPP2R2C;PPP2R2B;PARD3;GNAS;ATP6V1B2;ITGA6;ATP6V0D1;ATP6V0C;LLGL1,0.12084592145015106
4,1111,Taste transduction,17/86,9.923441983659922e-06,Sensory system,KEGG_2021_Human,4.228249193037705e-06,0.0,0.0,4.238401822854569,52.444808223888025,GABRA2;GABRA1;PDE1C;GABRA6;PDE1B;GABRA5;PDE1A;GABRA4;GABRA3;CACNA1A;HTR3A;ITPR3;CACNA1C;GNB3;SCN2A;PRKACB;SCN3A,0.19767441860465115
4,1111,RAB GEFs Exchange GTP For GDP On RABs R-HSA-8876198,25/89,6.371963177033513e-11,Vesicle-mediated transport,Reactome_2022,8.68082022225947e-12,0.0,0.0,6.771193024861878,172.46164373039446,DENND1B;RAB5B;RAB5C;GDI1;DENND1A;GDI2;RABGEF1;MPZ;DENND5A;SBF1;SBF2;DENND2C;DENND4A;DENND2B;HPS1;HPS4;RAB27A;RAB10;ALS2;RAB14;RAB38;RIN3;RIN1;RIN2;RAB5A,0.2808988764044944
4,1111,RHO GTPases Activate PKNs R-HSA-5625740,21/62,5.5356645280163016e-11,Signal Transduction,Reactome_2022,7.489120411601997e-12,0.0,0.0,8.856746475721637,226.8883206913432,PPP1R14A;PPP1R12A;YWHAB;PKN3;KLK2;RHOC;AREG;YWHAZ;RHOB;PPP1CB;MYL6;YWHAQ;MYH9;MYH14;MYH11;PKN2;PKN1;PPP1R12B;MYL9;MYH10;YWHAG,0.3387096774193548
4,1111,Fc epsilon RI signaling pathway,19/68,8.553829337840633e-09,Immune system,KEGG_2021_Human,3.0124355494134403e-09,0.0,0.0,6.689840771473425,131.25813413405606,VAV3;LYN;SYK;PIK3R3;PRKCA;VAV1;MAPK12;VAV2;MAPK13;INPP5D;RAC2;BTK;PLCG2;FCER1A;RAC3;LCP2;FYN;MS4A2;LAT,0.27941176470588236
4,1111,Natural killer cell mediated cytotoxicity,27/131,7.741431290355504e-09,Immune system,KEGG_2021_Human,2.6926717531671316e-09,0.0,0.0,4.498962177121771,88.77681455691311,SHC4;SHC3;PIK3R3;PPP3CA;PPP3R1;PPP3CB;PAK1;PPP3CC;PLCG2;RAC2;RAC3;PTK2B;FYN;VAV3;SYK;PRKCB;NFATC2;PRKCA;NFATC1;VAV1;VAV2;NCR2;ZAP70;LCK;LCP2;PTPN6;LAT,0.20610687022900764
4,1111,Inositol phosphate metabolism,20/73,4.943151794868412e-09,Carbohydrate metabolism,KEGG_2021_Human,1.697865181715672e-09,0.0,0.0,6.515054563063141,131.56432223117923,INPP1;INPPL1;PTEN;PIK3C2G;SYNJ2;PIK3C2A;PIK3C2B;ITPKB;SYNJ1;PIP5KL1;INPP5D;ITPKA;PLCG2;PIP4K2A;PIP5K1A;PIP4K2B;PIP5K1B;PIP4K2C;PIP5K1C;PI4KB,0.273972602739726
4,1111,Synaptic vesicle cycle,21/78,2.797395204379721e-09,Nervous system,KEGG_2021_Human,9.486818519200794e-10,0.0,0.0,6.36523418638339,132.2437720398084,ATP6V0B;ATP6V0E1;CLTC;CLTB;CLTA;CACNA1A;AP2A1;TCIRG1;AP2B1;AP2A2;DNM1;DNM2;DNM3;CLTCL1;ATP6V1B2;AP2S1;ATP6V1E1;ATP6V0D1;ATP6V0C;AP2M1;ATP6V0A1,0.2692307692307692
4,1111,Cholinergic synapse,30/113,1.4688620083119284e-12,Nervous system,KEGG_2021_Human,3.7040868035692113e-13,0.0,0.0,6.2880197942556535,179.9893441417838,CAMK2B;CAMK2D;CAMK2A;ITPR1;GNAI3;CACNA1A;ITPR2;PIK3R3;CACNA1D;ITPR3;CACNA1C;GNAI1;GNAI2;GNG10;GNG2;GNA11;FYN;PRKACB;CAMK2G;PRKCB;PRKCA;FOS;GNG12;GNG11;GNAO1;CREB1;GNB1;GNB4;GNB3;GNB5,0.26548672566371684
4,1111,Insulin resistance,29/108,2.600168923250897e-12,Endocrine and metabolic disease,KEGG_2021_Human,6.669998542252303e-13,0.0,0.0,6.381642059945249,178.9156310715241,PRKAA2;IRS1;PRKAG1;PTEN;PIK3R3;PRKAG2;IRS2;SLC2A4;PRKCZ;FOXO1;PTPRF;PPP1CB;PTPA;RPS6KA3;RPS6KA6;RPS6KA2;RPS6KA1;PTPN1;PRKAB2;PRKCB;PRKCE;INSR;PRKCD;PRKAB1;PPP1CA;CREB1;TBC1D4;PPP1R3D;PRKCQ,0.26851851851851855
4,1111,Fluid shear stress and atherosclerosis,33/139,2.9438801363839228e-12,Cardiovascular disease,KEGG_2021_Human,7.679687312305885e-13,0.0,0.0,5.4244320369657295,151.31468017656923,PRKAA2;CALML5;NCF1;CALML6;ITGA2B;PDGFA;PIK3R3;CALML3;CALML4;PRKCZ;ACTB;ACTG1;CDH5;MAPK7;RAC2;RAC3;ITGAV;MAP2K5;MAP3K5;MEF2A;MEF2C;JUN;HSP90AA1;CAV3;CAV2;MMP2;CYBA;FOS;PTK2;MAPK12;MAPK13;ARHGEF2;CALM1,0.23741007194244604
4,1111,Cellular senescence,35/156,3.4737572639427306e-12,Cell growth and death,KEGG_2021_Human,9.213008395674198e-13,0.0,0.0,5.045316292359212,139.82079878400546,CALML5;TRAF3IP2;CALML6;ITPR1;PTEN;ITPR2;PIK3R3;CALML3;CACNA1D;ITPR3;CALML4;FOXO3;ETS1;FOXO1;PPP1CB;PPP3CA;PPP3R1;PPP3CB;PPP3CC;CCND1;RRAS;RASSF5;CAPN2;EIF4EBP1;CAPN1;NFATC3;NFATC2;RRAS2;NFATC1;MAPK12;MAPK13;PPP1CA;MRAS;MAPKAPK2;CALM1,0.22435897435897437
4,1111,Choline metabolism in cancer,27/98,7.76176304698508e-12,Cancer: overview,KEGG_2021_Human,2.1260481389567825e-12,0.0,0.0,6.601605945636921,177.42975348508318,DGKG;DGKD;DGKA;WAS;PDGFA;PIK3R3;PLD1;PLD2;PDGFD;PDGFC;EIF4EBP1;RAC2;PIP5K1A;RAC3;PIP5K1B;PIP5K1C;WASF1;RALGDS;WASF2;WASF3;PDGFRB;PDGFRA;JUN;PRKCB;PRKCA;FOS;DGKZ,0.2755102040816326
4,1111,Inflammatory mediator regulation of TRP channels,27/98,7.76176304698508e-12,Sensory system,KEGG_2021_Human,2.1260481389567825e-12,0.0,0.0,6.601605945636921,177.42975348508318,CAMK2B;CAMK2D;CALML5;CALML6;CAMK2A;ITPR1;ITPR2;PIK3R3;CALML3;ITPR3;CALML4;PPP1CB;PLCG2;PRKACB;CAMK2G;PRKCH;PRKCB;PRKCE;PRKCD;PRKCA;NGF;MAPK12;MAPK13;PPP1CA;GNAS;PRKCQ;CALM1,0.2755102040816326
4,1111,Endocrine and other factor-regulated calcium reabsorption,20/53,8.322740991000148e-12,Excretory system,KEGG_2021_Human,2.3158931453217802e-12,0.0,0.0,10.474682665333445,280.62958736920297,PRKCB;CLTC;CLTB;CLTA;ATP1A3;AP2A1;PRKCA;KLK2;AP2B1;ATP2B1;AP2A2;ESR1;DNM1;DNM2;DNM3;CLTCL1;AP2S1;GNAS;PRKACB;AP2M1,0.37735849056603776
4,1111,Hippo signaling pathway,35/163,1.2598281214288536e-11,Signal transduction,KEGG_2021_Human,3.560383821429369e-12,0.0,0.0,4.767621689126394,125.68000365785592,YAP1;YWHAB;PRKCZ;AREG;ACTB;ACTG1;SAV1;STK3;PPP1CB;PPP2CA;PPP2CB;RASSF1;PAK1;PARD6B;PARD6A;CCND1;PPP2R1B;YWHAQ;CDH1;PPP2R1A;CTNNA1;CTNNA3;CTNNA2;YWHAG;APC2;PRKCI;YWHAZ;PPP1CA;LATS1;LATS2;PPP2R2C;PPP2R2B;PARD3;NF2;LLGL1,0.2147239263803681
4,1111,Epithelial cell signaling in Helicobacter pylori infection,22/70,4.554112099430858e-11,Infectious disease: bacterial,KEGG_2021_Human,1.306832167662768e-11,0.0,0.0,7.9297138047138045,198.72520966326292,LYN;ATP6V0B;JUN;ATP6V0E1;ADAM10;TCIRG1;MAPK12;MAPK13;CDC42;TJP1;PAK1;ATP6V1B2;PLCG2;CSK;ATP6V1E1;ATP6V0D1;ATP6V0C;MET;GIT1;HBEGF;ATP6V0A1;JAM3,0.3142857142857143
4,1111,Negative Regulation Of MET Activity R-HSA-6807004,13/21,4.4710555237030767e-11,Signal Transduction,Reactome_2022,6.006526815192402e-12,0.0,0.0,27.94319216757741,722.0010735076811,PTPN1;SH3GL3;USP8;SH3KBP1;PTPRJ;STAM;HGS;LRIG1;EPS15;STAM2;PTPN2;SH3GL2;SH3GL1,0.6190476190476191
4,1111,Glucagon signaling pathway,27/107,6.965115190231711e-11,Endocrine system,KEGG_2021_Human,2.02896833802402e-11,0.0,0.0,5.85612315498155,144.1830727554949,CAMK2B;CAMK2D;PRKAA2;CALML5;CALML6;PDE3B;CAMK2A;ITPR1;PRKAG1;ITPR2;PRKAG2;CALML3;ITPR3;CALML4;FOXO1;PPP3CA;PPP3R1;PPP3CB;PPP3CC;PRKACB;CAMK2G;PRKAB2;PHKA2;PRKAB1;CREB1;GNAS;CALM1,0.2523364485981308
4,1111,Osteoclast differentiation,29/127,1.718647060453371e-10,Development and regeneration,KEGG_2021_Human,5.1925144684929636e-11,0.0,0.0,5.139188577464258,121.7022448391829,SPI1;NCF1;NCF4;SIRPG;PIK3R3;PPP3CA;PPP3R1;PPP3CB;SOCS1;PPP3CC;PLCG2;BLNK;SIRPA;FYN;JUN;JUND;SYK;NFATC2;CYBA;MITF;NFATC1;FOS;MAPK12;MAPK13;CREB1;TEC;LCK;BTK;LCP2,0.2283464566929134
4,1111,"Growth hormone synthesis, secretion and action",28/119,1.718647060453371e-10,Endocrine system,KEGG_2021_Human,5.2306649665972174e-11,0.0,0.0,5.340720221606648,126.4356636807596,SHC4;SHC3;IRS1;CSH1;ITPR1;GNAI3;ITPR2;PIK3R3;IRS2;CACNA1D;ITPR3;CACNA1C;GNAI1;GNAI2;SOCS2;GHR;SOCS1;GNA11;PLCG2;PRKACB;PRKCB;PRKCA;FOS;PTK2;MAPK12;MAPK13;CREB1;GNAS,0.23529411764705882
4,1111,Glioma,22/75,1.94996978580689e-10,Cancer: specific types,KEGG_2021_Human,6.019471947490833e-11,0.0,0.0,7.1797217457594815,168.96352567536593,PDGFRB;CAMK2B;SHC4;PDGFRA;CAMK2D;SHC3;CALML5;CALML6;PRKCB;CAMK2A;PTEN;PDGFA;PIK3R3;TGFA;CALML3;PRKCA;CALML4;IGF1R;CCND1;PLCG2;CALM1;CAMK2G,0.29333333333333333
4,1111,Relaxin signaling pathway,29/129,2.485067088403582e-10,Endocrine system,KEGG_2021_Human,7.779340450654692e-11,0.0,0.0,5.03586876155268,117.21973820459456,SHC4;SHC3;GNAI3;PIK3R3;ARRB1;ARRB2;PRKCZ;GNAI1;GNAI2;GNG10;GNA15;EDNRB;GNG2;PRKACB;JUN;MMP2;PRKCA;FOS;GNG12;GNG11;MAPK12;MAPK13;GNAO1;CREB1;GNB1;GNAS;GNB4;GNB3;GNB5,0.2248062015503876
4,1111,Serotonergic synapse,27/113,2.4907202746294953e-10,Nervous system,KEGG_2021_Human,7.905329567302311e-11,0.0,0.0,5.4458186733030125,126.67463738130262,GABRB3;GABRB2;GABRB1;ITPR1;GNAI3;CACNA1A;ITPR2;CACNA1D;ITPR3;CACNA1C;GNAI1;GNAI2;GNG10;GNG2;PRKACB;PRKCB;TRPC1;PRKCA;HTR3A;GNG12;GNG11;GNAO1;GNB1;GNAS;GNB4;GNB3;GNB5,0.23893805309734514
4,1111,Kaposi sarcoma-associated herpesvirus infection,36/193,3.9099608652801805e-10,Infectious disease: viral,KEGG_2021_Human,1.2579874088292756e-10,0.0,0.0,3.99556806399052,91.08431921207412,CALML5;CALML6;ITPR1;PIK3R3;ITPR2;CALML3;ITPR3;CALML4;PREX1;PPP3CA;GNG10;PPP3R1;PPP3CB;PPP3CC;GNG2;CCND1;PLCG2;LYN;JUN;SYK;NFATC3;NFATC2;NFATC1;FOS;GNG12;GNG11;MAPK12;MAPK13;HCK;CREB1;MAPKAPK2;GNB1;GNB4;GNB3;GNB5;CALM1,0.18652849740932642
4,1111,Estrogen signaling pathway,29/137,1.102792475069679e-09,Endocrine system,KEGG_2021_Human,3.5960624187054753e-10,0.0,0.0,4.66085609639214,101.35503006535406,SHC4;SHC3;CALML5;CALML6;ITPR1;GNAI3;ITPR2;PIK3R3;TGFA;CALML3;ITPR3;CALML4;GNAI1;GNAI2;PRKACB;JUN;HSP90AA1;MMP2;PRKCD;FOS;OPRM1;ESR1;GNAO1;CREB1;GNAS;PGR;CALM1;FKBP5;HBEGF,0.2116788321167883
4,1111,Vibrio cholerae infection,17/50,2.108971355603229e-09,Infectious disease: bacterial,KEGG_2021_Human,6.968774914167192e-10,0.0,0.0,8.879064871752258,187.20985736832708,ARF1;ATP6V0B;ATP6V0E1;PRKCA;TCIRG1;ACTB;ACTG1;TJP1;ATP6V1B2;PLCG2;GNAS;ATP6V1E1;ATP6V0D1;PRKACB;ATP6V0C;ATP6V0A1;TJP2,0.34
4,1111,Lipid and atherosclerosis,37/215,2.249729545142817e-09,Cardiovascular disease,KEGG_2021_Human,7.531703259825953e-10,0.0,0.0,3.621382838490992,76.07341049062599,CAMK2B;CAMK2D;CALML5;NCF1;CALML6;NCF4;CAMK2A;ITPR1;PIK3R3;CALML3;CALML4;RAP1B;CDC42;PPP3CA;PPP3R1;PPP3CB;PPP3CC;RAP1A;CAMK2G;MAP3K5;LYN;VAV3;JUN;HSP90AA1;NFATC3;NFATC2;PRKCA;NFATC1;CYBA;FOS;PTK2;VAV1;MAPK12;VAV2;MAPK13;CALM1;BCL2L1,0.17209302325581396
4,1111,VEGF signaling pathway,20/59,7.860435131190307e-11,Signal transduction,KEGG_2021_Human,2.323954734438873e-11,0.0,0.0,8.860372746715552,216.9476945265944,PRKCB;SH2D2A;PXN;HSPB1;PIK3R3;NFATC2;PRKCA;MAPK12;PTK2;MAPK13;CDC42;PPP3CA;PPP3CB;PPP3R1;PPP3CC;MAPKAPK3;MAPKAPK2;RAC2;PLCG2;RAC3,0.3389830508474576
4,1111,Sphingolipid signaling pathway,31/119,1.0774529459687196e-12,Signal transduction,KEGG_2021_Human,2.623363694532535e-13,0.0,0.0,6.132481060606061,177.6527567363079,PTEN;GNAI3;PIK3R3;PLD1;PRKCZ;GNAI1;PLD2;GNAI2;GNA13;PPP2CA;PPP2CB;PPP2R1B;PPP2R1A;GNA12;RAC2;S1PR1;FCER1A;RAC3;FYN;S1PR3;MAP3K5;PRKCB;PRKCE;PRKCA;PPP2R5D;PPP2R3A;MAPK12;MAPK13;PPP2R2C;PPP2R2B;MS4A2,0.2605042016806723
4,1111,Ca2+ Pathway R-HSA-4086398,21/61,3.915873497322223e-11,Signal Transduction,Reactome_2022,5.223634466626617e-12,0.0,0.0,9.078646788990826,235.8435220184431,CAMK2A;ITPR1;ITPR2;PRKCA;ITPR3;NFATC1;GNG12;GNG11;GNAO1;PPP3CA;PPP3CB;GNG10;PPP3R1;GNG2;GNB1;GNB4;PRKG2;GNB3;GNB5;CALM1;PRKG1,0.3442622950819672
4,1111,DCC Mediated Attractive Signaling R-HSA-418885,11/14,3.5075264562001866e-11,Developmental Biology,Reactome_2022,4.620560263270259e-12,0.0,0.0,62.95333333333333,1643.113800818497,CDC42;TRIO;ABLIM2;ABLIM3;DCC;FYN;WASL;NTN1;DOCK1;PTK2;NCK1,0.7857142857142857
4,1111,ERK/MAPK Targets R-HSA-198753,15/22,1.478202957898973e-13,Immune System,Reactome_2022,1.5942775515655902e-14,0.0,0.0,36.917361835245046,1172.8561171804242,MEF2A;MEF2C;DUSP3;PPP2R5D;DUSP6;DUSP7;PPP2CA;PPP2CB;RPS6KA3;MAPK7;RPS6KA5;PPP2R1B;PPP2R1A;RPS6KA2;RPS6KA1,0.6818181818181818
4,1111,CLEC7A (Dectin-1) Induces NFAT Activation R-HSA-5607763,11/11,1.386557886279885e-13,Immune System,Reactome_2022,1.4823182701005392e-14,0.0,0.0,207779.0,6616220.269443906,PPP3CA;PPP3CB;PPP3R1;AHCYL1;ITPR1;NFATC3;ITPR2;NFATC2;ITPR3;NFATC1;CALM1,1.0
4,1111,RHOV GTPase Cycle R-HSA-9013424,19/37,7.780106407823187e-14,Signal Transduction,Reactome_2022,8.243821359282846e-15,0.0,0.0,18.241198616198616,591.54952849881,GIT2;TPM3;CLTC;IQGAP1;WASL;CDC42;PARD6B;PARD6A;NCK2;PKN2;PKN1;ARHGEF7;SPTAN1;GIT1;SPTBN1;MAP3K11;NCK1;PAK4;EPHA2,0.5135135135135135
4,1111,Signaling By B Cell Receptor (BCR) R-HSA-983705,32/109,2.520647128885699e-14,Immune System,Reactome_2022,2.647037193058776e-15,0.0,0.0,7.245573703405029,243.20011167049108,BLK;AHCYL1;SH3KBP1;ITPR1;ITPR2;ITPR3;RASGRP1;MALT1;CD79B;CD79A;PPP3CA;PPP3R1;PPP3CB;CD19;PLCG2;BLNK;FYN;NCK1;LYN;SYK;PRKCB;TRPC1;NFATC3;NFATC2;NFATC1;VAV1;FKBP1A;BTK;ORAI1;PTPN6;CALM1;PIK3AP1,0.29357798165137616
4,1111,RHOJ GTPase Cycle R-HSA-9013409,23/54,2.1418567640821612e-14,Signal Transduction,Reactome_2022,2.228990009924671e-15,0.0,0.0,12.859760436432635,433.8526675851722,GIT2;TRIO;FNBP1;DOCK8;WIPF2;SNAP23;ARHGAP1;WAS;WWP2;WASL;CDC42BPB;ARHGAP5;FNBP1L;ARHGAP26;NIPSNAP2;CDC42;PREX1;GJA1;PKN2;PKN1;ARHGEF7;GIT1;PAK4,0.42592592592592593
4,1111,FCGR3A-mediated IL10 Synthesis R-HSA-9664323,20/38,8.286205687248303e-15,Disease,Reactome_2022,8.544904634910739e-16,0.0,0.0,19.218861391180365,666.8181208944086,LYN;AHCYL1;YES1;SYK;ITPR1;ITPR2;ITPR3;PRKX;PRKCA;FGR;HCK;CREB1;PRKAR1B;PRKAR2B;PRKAR1A;PRKAR2A;PLCG2;FYN;CALM1;PRKACB,0.5263157894736842
4,1111,G Alpha (Z) Signaling Events R-HSA-418597,22/47,7.548619859288933e-15,Signal Transduction,Reactome_2022,7.712875542130604e-16,0.0,0.0,15.243636363636364,530.4552288981166,GNAZ;RGS17;RGS19;PRKCH;PRKCB;PRKCE;PRKCD;GNAI3;PRKCA;GNG12;GNG11;GNAI1;GNAI2;GNG10;GNG2;GNB1;GNAS;GNB4;RGS20;GNB3;PRKCQ;GNB5,0.46808510638297873
4,1111,Signaling By SCF-KIT R-HSA-1433557,21/42,6.285360975571944e-15,Signal Transduction,Reactome_2022,6.362664374514645e-16,0.0,0.0,17.310091743119266,605.6959362147247,LYN;GRB7;PTPRU;YES1;PIK3R3;PRKCA;VAV1;FER;KITLG;SOCS1;TEC;FES;LCK;KIT;GRB10;FYN;PTPN6;GRAP;SOCS6;SH2B3;SH2B2,0.5
4,1111,Signaling By Interleukins R-HSA-449147,72/453,5.1618392984586806e-15,Immune System,Reactome_2022,5.176489741122237e-16,0.0,0.0,3.3662895121747893,118.48408074055904,IRS1;PITPNA;INPPL1;IRS2;RPS6KA3;RPS6KA5;PPP2R1B;CCND1;PPP2R1A;RPS6KA2;RPS6KA1;BLNK;JAK3;MEF2A;MEF2C;HSP90AA1;DUSP3;CISH;SYK;MMP2;PRKCA;PPP2R5D;FOS;OPRM1;YWHAZ;DUSP6;VAV1;DUSP7;HCK;CREB1;MAPKAPK3;LCK;MAPKAPK2;IL3RA;RHOU;RALA;STXBP2;PIK3R3;TWIST1;CSF2RB;FOXO3;FOXO1;RAP1B;SOCS2;CDC42;PPP2CA;PPP2CB;SOCS1;MAPK7;INPP5D;S1PR1;PTK2B;STX4;FYN;SOCS5;LYN;PTPN18;JUN;YES1;MSN;PTPN12;PTPN13;TEC;PDCD4;PKN2;PTPN6;PTPN7;VIM;FGF13;PTPN5;PTPN2;BCL2L1,0.15894039735099338
4,1111,Synthesis Of PIPs At Plasma Membrane R-HSA-1660499,23/51,4.774286253135537e-15,Metabolism,Reactome_2022,4.7426684633796725e-16,0.0,0.0,14.2398568802521,502.4499544353488,RAB4A;PLEKHA2;INPPL1;PTEN;PIK3R3;PIK3C2G;SYNJ2;PIK3C2A;BMX;PTPN13;PIK3C2B;RUFY1;RAB14;SYNJ1;INPP5D;PIP4K2A;PIP5K1A;PIP4K2B;PIP5K1B;PIP4K2C;PIP5K1C;SBF2;RAB5A,0.45098039215686275
4,1111,MAP2K And MAPK Activation R-HSA-5674135,20/37,4.338986220331137e-15,Signal Transduction,Reactome_2022,4.2692012007042405e-16,0.0,0.0,20.35046099099585,720.201486615954,KSR1;YWHAB;ITGA2B;PEBP1;ARRB1;WDR83;ARRB2;IQGAP1;KSR2;IL17RD;RAP1B;APBB1IP;CNKSR2;CNKSR1;RAP1A;CSK;TLN1;MARK3;LAMTOR3;VCL,0.5405405405405406
4,1111,RET Signaling R-HSA-8853659,21/40,1.7719929636260097e-15,Developmental Biology,Reactome_2022,1.7267291887746355e-16,0.0,0.0,19.134234669241916,694.4795828213353,RET;GRB7;SHC3;PIK3R3;IRS2;GFRA1;PRKCA;GFRA3;GFRA2;RAP1GAP;DOK1;DOK2;MAPK7;DOK4;ARTN;DOK5;DOK6;GRB10;NRTN;PRKACB;SHANK3,0.525
4,1111,Adaptive Immune System R-HSA-1280218,99/733,1.3455620732691086e-15,Immune System,Reactome_2022,1.2984610356996127e-16,0.0,0.0,2.8167432450966947,103.03697983012208,AHCYL1;NCF1;NCF4;CBLB;PPP2R1B;PPP2R1A;PRKACB;AP2M1;SH3GL2;PRKCB;PRKCA;CYBA;LMO7;RNF41;BTK;ORAI1;PRKCQ;BLK;ITPR1;ITPR2;PIK3R3;ITPR3;RASGRP2;RASGRP1;RAP1GAP;RAP1B;CD79B;CD79A;PPP3R1;RAP1A;SOCS1;CD19;INPP5D;PLCG2;ICOS;PAG1;SPTBN2;LYN;VASP;YES1;ZBTB16;NFATC3;NFATC2;LNPEP;NFATC1;CALM1;PRR5;ITK;SH3KBP1;YWHAB;CLTC;SNAP23;PTEN;CLTA;AP2A1;PTPRJ;AP2A2;PPP3CA;PPP3CB;BLNK;ITGAV;PRKG1;NCK1;TRIM63;SYK;TRPC1;PPP2R5D;YWHAZ;VAV1;DNM1;DNM2;ENAH;DNM3;NCR2;ZAP70;LCK;EVL;LCP2;ARHGEF7;RAPGEF4;WAS;MALT1;CDC42;PPP2CA;PPP2CB;AP2S1;STX4;CSK;FYN;TRAT1;WWP1;AP2B1;FKBP1A;NEDD4;PKN2;PTPN6;PKN1;PIK3AP1;SIPA1,0.13506139154160982
4,1111,Signal Transduction R-HSA-162582,574/2465,3.289661532788873e-239,Signal Transduction,Reactome_2022,3.112262566498461e-242,0.0,0.0,9.608241331328344,5343.049252220671,ITSN2;CYFIP2;CYFIP1;NCKAP1;TRIO;WIPF1;WIPF2;ITSN1;WIPF3;WDR83;FNBP1L;MYLK;PREX2;PREX1;GJA1;PIP4K2A;PROK2;PIP4K2B;PIP4K2C;PRKACB;MEF2A;PRKAB2;MEF2C;PRKCI;PRKCH;FNBP1;PRKCB;STARD8;PRKCE;PRKCD;PRKCA;PRKAB1;GABRG3;GABRG2;MYL6;PRKAR1B;DAAM1;PRKAR1A;PARD3;PRKCQ;MYL9;NGEF;PDGFA;IQGAP1;IQGAP2;PRKCZ;ABR;PPP3R1;PRKAR2B;FLRT3;PDGFD;PRKAR2A;PDGFC;MYO6;PLCG2;PIP5K1A;PIP5K1B;NCKAP1L;PIP5K1C;ICOS;LYN;NGFR;JUN;SRMS;JUND;NFATC1;NOX3;SNAI1;STRN;ARHGAP9;GABRB3;RET;GABRB2;GABRB1;ARPC1B;ARPC1A;CLTC;PRKAG1;ARHGAP1;CLTB;PRKAG2;CLTA;SHB;ARHGAP5;AREG;ARHGAP4;MECOM;NEFL;JAK3;DUSP3;RRAS2;EPS15L1;FOS;GMIP;DUSP9;DUSP6;DUSP7;APBB1IP;MRAS;CDC42EP5;CDC42EP4;CDC42EP2;MGLL;RAPGEF4;ARF6;HBEGF;PHLPP2;PHLPP1;PKN3;ASCL1;FGD1;FGD5;GGA3;NTF3;AP2S1;FLNA;MEF2D;FARP2;GABRA1;KIDINS220;WWP1;WWP2;DEF6;KTN1;TMEM59;TAOK3;ABI2;ABI1;PKN2;PKN1;LAMTOR3;FRK;DGKG;DGKD;NCF1;PLXND1;IRS1;NAB1;DGKA;NCF4;ITGA2B;IRS2;PPP1CB;CDH5;GRB10;MAF1;AP2M1;USP8;TPM3;RALGAPA1;SWAP70;DGKZ;PGF;RNF41;MAG;OBSCN;MAPKAPK3;MAPKAPK2;PGR;FKBP5;SHC3;ITPR1;ITPR2;RASAL1;ABHD6;ITPR3;RASAL2;FOXO3;RASAL3;FOXO1;SAV1;RAP1B;BCL2L11;SOCS1;RAP1A;EIF4EBP1;ABL2;PLXNA1;SOCS6;SRGAP2;SRGAP1;MAP2K5;RAB4A;ARPC5;ADAP1;GFAP;ARPC2;NBEA;CDK5;PTPRA;NOXA1;NF1;PLXNB1;NF2;MAP3K11;BCL2L1;ALK;DAGLA;FLT3;RASGRF2;RASGRF1;SNAP23;PTEN;ARRB1;ARRB2;TCIRG1;DUSP16;DUSP10;NCK2;PRKG2;ITGAV;PRKG1;NCK1;ACTR3;ACTR2;HSP90AA1;PLEKHG1;PPP1R12A;TRPC6;PLEKHG2;KSR1;TRPC3;NRG1;KSR2;NGF;NIPSNAP2;LCK;IL3RA;NUMB;EVL;PPP1R12B;DAGLB;PRKAA2;SRF;CDC42;PARD6B;PARD6A;NHS;SLITRK5;FYN;CSK;WHAMM;WASF1;SH2B3;EIF4E;AAMP;WASF2;SH2B2;WASF3;SH2B1;PTPN1;LINGO1;PPP1R14A;NTRK2;PTPN18;NTRK3;SEMA4F;PTPN12;CDC42BPB;BAIAP2;PTPN13;PTPN6;PTPN7;PIK3AP1;PTPN2;PTPN3;AHCYL1;ZDHHC7;RPS6KA3;EDNRB;RPS6KA5;PPP2R1B;PPP2R1A;RPS6KA2;RPS6KA1;ATP6V1E1;PDK2;ATP6V0E1;ACTN2;ACTN1;FLT3LG;UHMK1;TIAM2;TIAM1;ARC;CDC37;SPATA13;RRAGD;BTK;PFN1;TLN1;ATP6V0D1;LLGL1;EPHA2;GRB7;BEX3;GARRE1;PDE1C;MAGED1;PDE1B;SH2D2A;PDE1A;LPAR1;TGFA;PIK3R3;KLK2;KALRN;GNG10;CD19;RALGDS;PAG1;SPTBN1;ATP6V0A1;SPTBN2;YES1;INSR;IGF2;PTK6;STAM;GNG12;GNG11;PTK2;ARTN;RANBP10;PDE3A;GNRH1;RGL3;GRAP;CALM1;PTPRU;NRP2;PTPRS;CAB39L;SH3KBP1;PTPRJ;AP2A1;WASL;AP2A2;PPP3CA;AKAP13;PPP3CB;PPP3CC;RAC2;SPTAN1;GIT1;VAV3;ATP6V0B;SYK;RHOG;GFRA1;IL17RD;RHOC;GFRA3;RHOD;GFRA2;VAV1;VAV2;RHOB;CNKSR2;CNKSR1;ARHGEF9;CTTN;KIT;ARHGEF3;ARHGEF4;RHOU;ARHGEF2;ARHGEF7;SGK1;ATP6V0C;ARHGEF5;RHOQ;ARHGEF6;YAP1;CAB39;GNAI3;WAS;NOXO1;CXCR4;PRKX;ZDHHC21;TRAK1;GNAI1;CAMKK2;GNAI2;PPP2CA;PPP2CB;CTNNA1;SHOC2;EPS15;PAK4;GABRQ;GIT2;ERBIN;RANBP9;MYO9B;AP2B1;PPP1CA;FKBP1A;TJP1;KITLG;RIT2;NEDD4;TRIP10;F2RL2;CDK5R2;TJP2;CDK5R1;SH3GL3;PRDM4;PEBP1;NR3C1;ACTG1;IGF1R;DOCK10;DOCK11;RGS3;CCND1;MPZ;ARHGDIA;NRTN;ARHGEF40;SH3GL2;SH3GL1;PDGFRB;PDGFRA;MATK;ADAM10;CYBA;DOK1;MYCN;HGS;ELMO1;ELMO2;STAM2;VCL;GNAZ;ARHGEF26;ARHGEF25;ARHGEF28;CSF2RB;ADRB2;RASGRP2;STK4;RASGRP1;RASGRP4;PLD2;NCKIPSD;GRK3;GRK2;GRK5;GRK6;MYH14;STAP2;MYH11;RHPN2;MYH10;MARK3;CAV2;ARHGAP26;ESR1;GNAO1;DIAPH1;ARHGAP31;DIAPH2;FER;ARHGAP30;DNMBP;FES;GNB1;GNB4;GNAS;GNB3;GNB5;FGF13;FGFR3;FGFR1;PRR5;DOCK6;DOCK4;DOCK3;YWHAB;DOCK9;DOCK8;DOCK7;PDE3B;ATP2A2;HSPB1;RND1;SPRED2;SPRED1;EEF2K;YWHAQ;MCF2L;FLOT1;FLOT2;PDE4A;YWHAG;ARHGEF10;ARHGEF15;ARHGEF17;MMP2;PDE4D;ARHGEF16;PDE4C;ARAP2;ARHGEF18;ARAP3;PPP2R5D;ARAP1;OPRM1;YWHAZ;EPN1;DNM1;DNM2;LATS1;DNM3;ARHGAP10;ZAP70;LATS2;CREB1;VGF;ALS2;RASA3;RASA4;RASA2;ATP6V1B2;MYH9;PDE5A;DOCK2;DOCK1;CAMK2B;RGS17;RALA;CAMK2D;RALB;RGS19;CAMK2A;ABHD17C;UACA;GNA13;GNA14;GNA15;GNG2;MAPK7;ERBB3;MKNK1;GNA11;GNA12;S1PR1;LRIG1;PTK2B;RGS20;S1PR3;NCAM1;MAPK6;CAMK2G;MAPK4;TRAT1;LIMK2;LIMK1;MAPK12;EPOR;TSHR;MAPK13;FMNL1;TEC;FMNL2;ABHD17B;ABHD17A;SPRY2;SPRY1;TEK;VIM,0.23286004056795132
4,1111,Signaling By Receptor Tyrosine Kinases R-HSA-9006934,214/496,1.4529343761459632e-135,Signal Transduction,Reactome_2022,2.749166274637583e-138,0.0,0.0,15.741589379887252,4986.076735348601,CYFIP2;CYFIP1;NCKAP1;AHCYL1;RPS6KA3;RPS6KA5;PPP2R1B;PPP2R1A;RPS6KA2;RPS6KA1;ATP6V1E1;PRKACB;MEF2A;MEF2C;ATP6V0E1;PRKCB;PRKCE;PRKCD;FLT3LG;PRKCA;GABRG3;GABRG2;TIAM1;ARC;CDC37;ATP6V0D1;LLGL1;GRB7;SH2D2A;PDGFA;PIK3R3;TGFA;PRKCZ;FLRT3;PDGFD;PDGFC;NCKAP1L;RALGDS;PAG1;ATP6V0A1;LYN;JUND;YES1;INSR;IGF2;PTK6;STAM;PTK2;RANBP10;GRAP;CALM1;GABRB3;GABRB2;PTPRU;GABRB1;NRP2;PTPRS;SH3KBP1;CLTC;CLTA;AP2A1;PTPRJ;SHB;AREG;AP2A2;JAK3;VAV3;ATP6V0B;DUSP3;EPS15L1;FOS;DUSP6;VAV1;DUSP7;VAV2;KIT;ARHGEF7;SGK1;ATP6V0C;ARF6;HBEGF;YAP1;ASCL1;PPP2CA;PPP2CB;GGA3;NTF3;AP2S1;CTNNA1;MEF2D;EPS15;GABRQ;GABRA1;KIDINS220;ERBIN;WWP1;RANBP9;AP2B1;KITLG;RIT2;ABI2;NEDD4;ABI1;PKN2;PKN1;CDK5R2;CDK5R1;SH3GL3;NCF1;IRS1;NAB1;NCF4;IRS2;IGF1R;CDH5;GRB10;AP2M1;SH3GL2;SH3GL1;PDGFRB;USP8;PDGFRA;MATK;ADAM10;CYBA;PGF;RNF41;MYCN;MAPKAPK3;HGS;MAPKAPK2;ELMO1;ELMO2;PGR;STAM2;SHC3;ITPR1;ITPR2;ITPR3;STK4;RAP1B;RAP1A;SOCS1;SOCS6;MAP2K5;RAB4A;ADAP1;ESR1;GFAP;DIAPH1;FER;CDK5;FES;FGF13;FGFR3;FGFR1;ALK;PRR5;DOCK3;FLT3;YWHAB;DOCK7;PDE3B;HSPB1;TCIRG1;SPRED2;SPRED1;NCK2;ITGAV;NCK1;HSP90AA1;NRG1;PPP2R5D;NGF;DNM1;EPN1;DNM2;DNM3;CREB1;VGF;LCK;ATP6V1B2;DOCK1;RALA;RALB;SRF;CDC42;MAPK7;ERBB3;MKNK1;LRIG1;PTK2B;CSK;FYN;WASF1;AAMP;SH2B3;WASF2;SH2B2;WASF3;NTRK2;PTPN1;PTPN18;NTRK3;PTPN12;BAIAP2;MAPK12;MAPK13;TEC;SPRY2;PTPN6;SPRY1;PTPN2;PTPN3,0.4314516129032258
4,1111,Signaling By Rho GTPases R-HSA-194315,223/644,1.7188135029800832e-117,Signal Transduction,Reactome_2022,4.8783732345697734e-120,0.0,0.0,11.016145599280993,3026.4149990444275,CYFIP2;ITSN2;CYFIP1;NCKAP1;TRIO;WIPF1;WIPF2;ITSN1;WIPF3;FNBP1L;MYLK;PREX2;PREX1;GJA1;PPP2R1B;PPP2R1A;FNBP1;PRKCB;STARD8;ACTN1;PRKCD;PRKCA;TIAM2;TIAM1;MYL6;DAAM1;CDC37;SPATA13;BTK;PFN1;MYL9;NGEF;LLGL1;EPHA2;GRB7;GARRE1;PIK3R3;IQGAP1;KLK2;IQGAP2;PRKCZ;KALRN;ABR;MYO6;NCKAP1L;SPTBN1;STAM;PTK2;NOX3;CALM1;ARHGAP9;ARPC1B;ARPC1A;CLTC;ARHGAP1;WASL;ARHGAP5;AREG;ARHGAP4;AKAP13;RAC2;SPTAN1;GIT1;VAV3;RHOG;RRAS2;GMIP;RHOC;RHOD;VAV1;RHOB;VAV2;ARHGEF9;CTTN;CDC42EP5;CDC42EP4;CDC42EP2;ARHGEF3;ARHGEF4;RHOU;ARHGEF2;ARHGEF7;ARHGEF5;RHOQ;ARHGEF6;PKN3;WAS;NOXO1;FGD1;PPP2CA;PPP2CB;FGD5;CTNNA1;FLNA;PAK4;FARP2;GIT2;KIDINS220;ERBIN;WWP2;MYO9B;DEF6;KTN1;TMEM59;ABI2;TAOK3;ABI1;TRIP10;PKN2;PKN1;TJP2;NCF1;PLXND1;NCF4;ACTG1;PPP1CB;DOCK10;DOCK11;ARHGDIA;MPZ;ARHGEF40;RALGAPA1;TPM3;SWAP70;CYBA;OBSCN;HGS;ELMO2;STAM2;ARHGEF26;ARHGEF25;ARHGEF28;RASAL2;PLD2;NCKIPSD;ABL2;PLXNA1;MYH14;MYH11;RHPN2;SRGAP2;SRGAP1;MYH10;ARPC5;ARHGAP26;DIAPH1;ARHGAP31;DIAPH2;ARHGAP30;DNMBP;ARPC2;NOXA1;PLXNB1;NF2;MAP3K11;DOCK6;DOCK4;DOCK3;DOCK9;YWHAB;RASGRF2;DOCK8;SNAP23;DOCK7;RND1;YWHAQ;MCF2L;NCK2;FLOT1;FLOT2;YWHAG;NCK1;ACTR3;ACTR2;ARHGEF10;HSP90AA1;PLEKHG1;PLEKHG2;PPP1R12A;ARHGEF15;ARHGEF17;ARHGEF16;ARAP2;ARAP3;ARHGEF18;PPP2R5D;ARAP1;YWHAZ;NIPSNAP2;ARHGAP10;ZAP70;ALS2;LCK;MYH9;EVL;PDE5A;PPP1R12B;DOCK2;DOCK1;SRF;UACA;CDC42;GNA13;PARD6B;PARD6A;NHS;SLITRK5;PTK2B;CSK;WHAMM;WASF1;WASF2;WASF3;PPP1R14A;LIMK2;LIMK1;SEMA4F;CDC42BPB;BAIAP2;PTPN13;FMNL1;FMNL2;VIM,0.34627329192546585
4,1111,"Signaling By Rho GTPases, Miro GTPases And RHOBTB3 R-HSA-9716542",224/660,4.615737879830885e-116,Signal Transduction,Reactome_2022,1.746731458781792e-118,0.0,0.0,10.688207854534925,2898.078644623494,CYFIP2;ITSN2;CYFIP1;NCKAP1;TRIO;WIPF1;WIPF2;ITSN1;WIPF3;FNBP1L;MYLK;PREX2;PREX1;GJA1;PPP2R1B;PPP2R1A;FNBP1;PRKCB;STARD8;ACTN1;PRKCD;PRKCA;TIAM2;TIAM1;MYL6;DAAM1;CDC37;SPATA13;BTK;PFN1;MYL9;NGEF;LLGL1;EPHA2;GRB7;GARRE1;PIK3R3;IQGAP1;KLK2;IQGAP2;PRKCZ;KALRN;ABR;MYO6;NCKAP1L;SPTBN1;STAM;PTK2;NOX3;CALM1;ARHGAP9;ARPC1B;ARPC1A;CLTC;ARHGAP1;WASL;ARHGAP5;AREG;ARHGAP4;AKAP13;RAC2;SPTAN1;GIT1;VAV3;RHOG;RRAS2;GMIP;RHOC;RHOD;VAV1;RHOB;VAV2;ARHGEF9;CTTN;CDC42EP5;CDC42EP4;CDC42EP2;ARHGEF3;ARHGEF4;RHOU;ARHGEF2;ARHGEF7;ARHGEF5;RHOQ;ARHGEF6;PKN3;WAS;NOXO1;TRAK1;FGD1;PPP2CA;PPP2CB;FGD5;CTNNA1;FLNA;PAK4;FARP2;GIT2;KIDINS220;ERBIN;WWP2;MYO9B;DEF6;KTN1;TMEM59;ABI2;TAOK3;ABI1;TRIP10;PKN2;PKN1;TJP2;NCF1;PLXND1;NCF4;ACTG1;PPP1CB;DOCK10;DOCK11;ARHGDIA;MPZ;ARHGEF40;RALGAPA1;TPM3;SWAP70;CYBA;OBSCN;HGS;ELMO2;STAM2;ARHGEF26;ARHGEF25;ARHGEF28;RASAL2;PLD2;NCKIPSD;ABL2;PLXNA1;MYH14;MYH11;RHPN2;SRGAP2;SRGAP1;MYH10;ARPC5;ARHGAP26;DIAPH1;ARHGAP31;DIAPH2;ARHGAP30;DNMBP;ARPC2;NOXA1;PLXNB1;NF2;MAP3K11;DOCK6;DOCK4;DOCK3;DOCK9;YWHAB;RASGRF2;DOCK8;SNAP23;DOCK7;RND1;YWHAQ;MCF2L;NCK2;FLOT1;FLOT2;YWHAG;NCK1;ACTR3;ACTR2;ARHGEF10;HSP90AA1;PLEKHG1;PLEKHG2;PPP1R12A;ARHGEF15;ARHGEF17;ARHGEF16;ARAP2;ARAP3;ARHGEF18;PPP2R5D;ARAP1;YWHAZ;NIPSNAP2;ARHGAP10;ZAP70;ALS2;LCK;MYH9;EVL;PDE5A;PPP1R12B;DOCK2;DOCK1;SRF;UACA;CDC42;GNA13;PARD6B;PARD6A;NHS;SLITRK5;PTK2B;CSK;WHAMM;WASF1;WASF2;WASF3;PPP1R14A;LIMK2;LIMK1;SEMA4F;CDC42BPB;BAIAP2;PTPN13;FMNL1;FMNL2;VIM,0.3393939393939394
4,1111,Nervous System Development R-HSA-9675108,199/545,3.23758436594734e-109,Developmental Biology,Reactome_2022,1.5314968618483161e-111,0.0,0.0,11.693974368725282,2983.8426824798803,EPHB6;TRIO;ITSN1;PITPNA;RPS6KA4;RPS6KA3;RPS6KA6;RPS6KA5;DPYSL4;DPYSL5;DPYSL2;RPS6KA2;RPS6KA1;DAG1;EPHB2;PRKACB;EPHB1;EPHB4;SCN1B;EPHB3;SCN1A;EPHA5;EPHA4;EPHA7;UNC5A;UNC5B;PRKCA;UNC5C;SHTN1;TIAM1;MYL6;PRKCQ;EZR;PFN1;TLN1;MYL9;NGEF;EPHA3;LLGL1;EPHA2;GRB7;EPHA10;AGAP2;PIK3R3;KALRN;MYL12A;RRAS;FLRT3;PRKAR2A;PIP5K1C;SCN3B;SCN3A;SPTBN1;SPTBN2;LYN;VASP;YES1;RDX;L1CAM;PTK2;GJB1;ARTN;SCN2A;SCN2B;RET;ROBO3;NRP2;SH3KBP1;ARPC1B;ARPC1A;CLTC;CLTB;CLTA;AP2A1;WASL;AP2A2;PPP3CB;SPTAN1;GIT1;CAP1;VAV3;GFRA1;GFRA3;RGMB;RHOC;GFRA2;RGMA;RHOB;VAV2;ENAH;ARHGEF7;YAP1;CXCR4;AKAP5;DRP2;RELN;AP2S1;PAK4;FARP2;RANBP9;MYO9B;AP2B1;PKN2;PKN1;CDK5R1;PLXND1;NAB1;ITGA2B;IRS2;ACTG1;MPZ;GRB10;NRTN;AP2M1;SH3GL2;SEMA6D;ADAM10;DOK1;CACNB3;MAG;DOK2;DOK4;DOK5;DOK6;SCN8A;SHC3;ARHGEF28;CACNA1D;CACNA1C;EFNA5;EFNA4;RAP1GAP;CACNA1H;EFNB2;EFNB1;SDCBP;EFNB3;CLTCL1;PLXNA2;ABL2;PLXNA1;MYH14;MYH11;SRGAP2;SRGAP1;MYH10;PLXNA4;PLXNA3;PRNP;CNTN6;MSN;ARPC5;EFNA3;EFNA2;ARPC2;CDK5;PTPRA;FES;CNTN2;PLXNB1;FGFR1;RND1;NCK2;ITGAV;NEO1;NCK1;ACTR3;ACTR2;HSP90AA1;TRPC6;TRPC3;DCC;TRPC1;MMP2;DNM1;DNM2;DNM3;GAP43;CREB1;NUMB;MYH9;EVL;DOCK1;SHANK3;SEMA3A;SEMA3E;NTN1;CDC42;ABLIM2;MAPK7;ABLIM3;FYN;NCAM1;SLIT3;MYO10;LIMK2;LIMK1;MAPK12;MAPK13,0.3651376146788991
4,1111,Axon Guidance R-HSA-422475,193/519,1.698358670375386e-107,Developmental Biology,Reactome_2022,9.640635782641736e-110,0.0,0.0,11.971406899501453,3005.043084473052,EPHB6;TRIO;ITSN1;PITPNA;RPS6KA4;RPS6KA3;RPS6KA6;RPS6KA5;DPYSL4;DPYSL5;DPYSL2;RPS6KA2;RPS6KA1;DAG1;EPHB2;PRKACB;EPHB1;EPHB4;SCN1B;EPHB3;SCN1A;EPHA5;EPHA4;EPHA7;UNC5A;UNC5B;PRKCA;UNC5C;SHTN1;TIAM1;MYL6;PRKCQ;EZR;PFN1;TLN1;MYL9;NGEF;EPHA3;LLGL1;EPHA2;GRB7;EPHA10;AGAP2;PIK3R3;KALRN;MYL12A;RRAS;FLRT3;PRKAR2A;PIP5K1C;SCN3B;SCN3A;SPTBN1;SPTBN2;LYN;VASP;YES1;RDX;L1CAM;PTK2;ARTN;SCN2A;SCN2B;RET;ROBO3;NRP2;SH3KBP1;ARPC1B;ARPC1A;CLTC;CLTB;CLTA;AP2A1;WASL;AP2A2;PPP3CB;SPTAN1;GIT1;CAP1;VAV3;GFRA1;GFRA3;RGMB;RHOC;GFRA2;RGMA;RHOB;VAV2;ENAH;ARHGEF7;CXCR4;AKAP5;RELN;AP2S1;PAK4;FARP2;RANBP9;MYO9B;AP2B1;PKN2;PKN1;CDK5R1;PLXND1;ITGA2B;IRS2;ACTG1;GRB10;NRTN;AP2M1;SH3GL2;SEMA6D;ADAM10;DOK1;CACNB3;DOK2;DOK4;DOK5;DOK6;SCN8A;SHC3;ARHGEF28;CACNA1D;CACNA1C;EFNA5;EFNA4;RAP1GAP;CACNA1H;EFNB2;EFNB1;SDCBP;EFNB3;CLTCL1;PLXNA2;ABL2;PLXNA1;MYH14;MYH11;SRGAP2;SRGAP1;MYH10;PLXNA4;PLXNA3;PRNP;CNTN6;MSN;ARPC5;EFNA3;EFNA2;ARPC2;CDK5;PTPRA;FES;CNTN2;PLXNB1;FGFR1;RND1;NCK2;ITGAV;NEO1;NCK1;ACTR3;ACTR2;HSP90AA1;TRPC6;TRPC3;DCC;TRPC1;MMP2;DNM1;DNM2;DNM3;GAP43;CREB1;NUMB;MYH9;EVL;DOCK1;SHANK3;SEMA3A;SEMA3E;NTN1;CDC42;ABLIM2;MAPK7;ABLIM3;FYN;NCAM1;SLIT3;MYO10;LIMK2;LIMK1;MAPK12;MAPK13,0.371868978805395
4,1111,RHO GTPases Activate ROCKs R-HSA-5627117,14/19,2.024718613764961e-13,Signal Transduction,Reactome_2022,2.2028632032447542e-14,0.0,0.0,48.19981768459435,1515.7123534182972,PPP1R12A;LIMK2;LIMK1;RHOC;RHOB;PPP1CB;MYL6;MYH14;MYH9;MYH11;PKN1;PPP1R12B;MYH10;MYL9,0.7368421052631579
4,1111,Beta-catenin Independent WNT Signaling R-HSA-3858494,35/142,4.244762817664754e-13,Signal Transduction,Reactome_2022,4.6583962805024736e-14,0.0,0.0,5.709707118785394,175.2738488089349,CLTC;CAMK2A;ITPR1;CLTB;ITPR2;CLTA;ITPR3;AP2A1;ARRB2;AP2A2;PPP3CA;GNG10;PPP3R1;PPP3CB;GNG2;PARD6A;RAC2;AP2S1;PRKG2;AP2M1;PRKG1;PRKCB;PRKCA;NFATC1;AP2B1;GNG12;GNG11;GNAO1;DAAM1;GNB1;GNB4;GNB3;GNB5;PFN1;CALM1,0.24647887323943662
4,1111,Retrograde Neurotrophin Signaling R-HSA-177504,12/14,5.991843584114199e-13,Signal Transduction,Reactome_2022,6.689096905633637e-14,0.0,0.0,103.1137397634213,3128.0287568978365,DNM3;CLTC;AP2S1;CLTA;AP2A1;AP2B1;NGF;AP2A2;DNM1;AP2M1;SH3GL2;DNM2,0.8571428571428571
4,1111,SEMA3A-Plexin Repulsion Signaling By Inhibiting Integrin Adhesion R-HSA-399955,12/14,5.991843584114199e-13,Developmental Biology,Reactome_2022,6.689096905633637e-14,0.0,0.0,103.1137397634213,3128.0287568978365,FARP2;RRAS;FES;SEMA3A;PLXNA2;PLXNA1;FYN;PIP5K1C;TLN1;PLXNA4;RND1;PLXNA3,0.8571428571428571
4,1111,Signal Amplification R-HSA-392518,16/33,2.697908122632007e-11,Hemostasis,Reactome_2022,3.522339838441031e-12,0.0,0.0,16.22089712597368,427.7758058741545,GNAI3;GNG12;GNG11;GNAI1;GNAI2;GNA13;GNA14;GNA15;GNG10;GNG2;GNA11;GNB1;GNB4;GNB3;GNB5;AAMP,0.48484848484848486
4,1111,Rab Regulation Of Trafficking R-HSA-9007101,30/122,2.4742666597165583e-11,Vesicle-mediated transport,Reactome_2022,3.2069492183648864e-12,0.0,0.0,5.670172545549612,150.06509137883523,DENND1B;RAB5B;RAB5C;RABGAP1;GDI1;DENND1A;GDI2;RABGEF1;GGA3;MPZ;DENND5A;SBF1;SBF2;DENND2C;RAB4A;DENND4A;DENND2B;HPS1;HPS4;RAB27A;RAB10;RABEP1;ALS2;RAB14;RAB38;RIN3;RIN1;RIN2;RAB5A;ARF6,0.2459016393442623
4,1111,G Alpha (S) Signaling Events R-HSA-418555,34/153,2.0190413757734738e-11,Signal Transduction,Reactome_2022,2.597820502414309e-12,0.0,0.0,4.979440244064199,132.83328224361708,GNAZ;PDE1B;PDE1A;PDE3B;GNAI3;ARRB1;ADRB2;ARRB2;GNAI1;GNAI2;GNG10;GRK3;GRK2;GNG2;GRK5;PRKAR2B;PRKAR2A;GRK6;PDE4A;PRKACB;PDE4D;PDE4C;PRKCA;GNG12;GNG11;TSHR;PRKAR1B;PRKAR1A;GNB1;GNAS;GNB4;PDE3A;GNB3;GNB5,0.2222222222222222
4,1111,Thrombin Signaling Thru Proteinase Activated Receptors (PARs) R-HSA-456926,16/32,1.497749434446043e-11,Hemostasis,Reactome_2022,1.91292501088189e-12,0.0,0.0,17.235616438356164,465.05808371255705,ARRB1;ARRB2;GNG12;GNG11;GNA13;GNA14;GNA15;GNG10;GNG2;GNA11;GNA12;GNB1;GNB4;GNB3;GNB5;F2RL2,0.5
4,1111,GPVI-mediated Activation Cascade R-HSA-114604,16/32,1.497749434446043e-11,Hemostasis,Reactome_2022,1.91292501088189e-12,0.0,0.0,17.235616438356164,465.05808371255705,LYN;VAV3;SYK;RHOG;PIK3R3;PRKCZ;VAV1;RHOB;VAV2;CDC42;LCK;PLCG2;RAC2;FYN;LCP2;PTPN6,0.5
4,1111,CREB1 Phosphorylation Thru NMDA Receptor-Mediated Activation Of RAS Signaling R-HSA-442742,15/27,9.924655822620723e-12,Neuronal System,Reactome_2022,1.2487977525151905e-12,0.0,0.0,21.529425182481752,590.0965663601494,CAMK2B;CAMK2D;ACTN2;RASGRF2;CAMK2A;RASGRF1;RPS6KA3;RPS6KA6;CREB1;RPS6KA2;RPS6KA1;NEFL;CALM1;CAMK2G;LLGL1,0.5555555555555556
4,1111,Sema3A PAK Dependent Axon Repulsion R-HSA-399954,12/16,9.654337886976408e-12,Developmental Biology,Reactome_2022,1.2056505213631842e-12,0.0,0.0,51.551410373066425,1414.777001282518,HSP90AA1;FES;SEMA3A;LIMK1;PLXNA2;PLXNA1;FYN;PKN2;PKN1;ARHGEF7;PLXNA4;PLXNA3,0.75
4,1111,Regulation Of KIT Signaling R-HSA-1433559,12/16,9.654337886976408e-12,Signal Transduction,Reactome_2022,1.2056505213631842e-12,0.0,0.0,51.551410373066425,1414.777001282518,LYN;KITLG;YES1;SOCS1;LCK;KIT;PRKCA;FYN;PTPN6;SOCS6;SH2B3;SH2B2,0.75
4,1111,Rap1 Signaling R-HSA-392517,12/16,9.654337886976408e-12,Immune System,Reactome_2022,1.2056505213631842e-12,0.0,0.0,51.551410373066425,1414.777001282518,RAP1B;RAP1A;YWHAB;PRKCA;RASGRP2;RASGRP1;YWHAZ;PRKACB;RAP1GAP;PRKG1;SIPA1;RAPGEF4,0.75
4,1111,Signaling By ERBB2 R-HSA-1227986,19/49,3.5075264562001866e-11,Signal Transduction,Reactome_2022,4.645730405563162e-12,0.0,0.0,10.937759462759464,285.4216262828762,USP8;GRB7;PTPN18;HSP90AA1;YES1;PRKCE;PRKCD;MATK;ERBIN;NRG1;PRKCA;PTK6;PTPN12;RNF41;DIAPH1;ERBB3;CDC37;FYN;HBEGF,0.3877551020408163
4,1111,CRMPs In Sema3A Signaling R-HSA-399956,12/16,9.654337886976408e-12,Developmental Biology,Reactome_2022,1.2056505213631842e-12,0.0,0.0,51.551410373066425,1414.777001282518,CDK5;DPYSL4;DPYSL5;FES;SEMA3A;DPYSL2;PLXNA2;PLXNA1;FYN;PLXNA4;CDK5R1;PLXNA3,0.75
4,1111,PI Metabolism R-HSA-1483255,25/82,9.475439545639971e-12,Metabolism,Reactome_2022,1.1384870598829484e-12,0.0,0.0,7.605570094665762,209.16322361379915,INPPL1;PTEN;PIK3R3;PIK3C2G;PIK3C2A;PIK3C2B;INPP5D;PIP4K2A;PIP5K1A;PIP4K2B;PIP5K1B;PIP4K2C;PIP5K1C;SBF1;SBF2;RAB4A;PLEKHA2;SYNJ2;BMX;PTPN13;RUFY1;RAB14;SYNJ1;PI4KB;RAB5A,0.3048780487804878
4,1111,Anti-inflammatory Response Favoring Leishmania Infection R-HSA-9662851,36/165,8.883373778218963e-12,Disease,Reactome_2022,1.0589452185956378e-12,0.0,0.0,4.870091941590049,134.28668686290575,GNAZ;AHCYL1;ITPR1;GNAI3;ITPR2;ITPR3;PRKX;ADRB2;GNAI1;GNAI2;GNG10;GNG2;PRKAR2B;PRKAR2A;PLCG2;FYN;PRKACB;LYN;YES1;SYK;PRKCA;GNG12;GNG11;TSHR;FGR;HCK;CREB1;PRKAR1B;PRKAR1A;GNB1;GNAS;GNB4;GNB3;MYH9;GNB5;CALM1,0.21818181818181817
4,1111,Smooth Muscle Contraction R-HSA-445355,19/43,2.2947601406566104e-12,Muscle contraction,Reactome_2022,2.713765540038565e-13,0.0,0.0,13.676549145299145,395.7346290624036,GUCY1A2;GUCY1A1;GUCY1B1;CAV3;TPM3;MYL11;SORBS1;CACNA1H;MYL12A;MYLK;MYL6;MYH11;PDE5A;PKN2;PKN1;CALM1;TLN1;MYL9;VCL,0.4418604651162791
4,1111,GPER1 Signaling R-HSA-9634597,19/43,2.2947601406566104e-12,Signal Transduction,Reactome_2022,2.713765540038565e-13,0.0,0.0,13.676549145299145,395.7346290624036,GNAZ;GNAI3;PRKCA;GNG12;GNG11;GNAI1;GNAI2;GNG10;GNG2;PRKAR1B;PRKAR2B;PRKAR1A;PRKAR2A;GNB1;GNAS;GNB4;GNB3;GNB5;PRKACB,0.4418604651162791
4,1111,Signaling By High-Kinase Activity BRAF Mutants R-HSA-6802948,17/33,1.7441966922465713e-12,Disease,Reactome_2022,2.029670701478981e-13,0.0,0.0,18.32958180987203,535.6954574708466,KSR1;YWHAB;ITGA2B;PEBP1;ARRB1;ARRB2;IQGAP1;KSR2;RAP1B;APBB1IP;CNKSR2;CNKSR1;RAP1A;CSK;TLN1;MARK3;VCL,0.5151515151515151
4,1111,RAF Activation R-HSA-5673000,17/32,8.989793533072961e-13,Signal Transduction,Reactome_2022,1.0376109848958385e-13,0.0,0.0,19.552589884216943,584.5576259452083,CAMK2B;CAMK2D;KSR1;YWHAB;CAMK2A;PPP2R5D;PPP1CB;PPP2CA;PPP2CB;MRAS;PPP2R1B;PPP2R1A;SHOC2;CALM1;CAMK2G;MARK3;MAP3K11,0.53125
4,1111,Phase 0 - Rapid Depolarisation R-HSA-5576892,17/32,8.989793533072961e-13,Muscle contraction,Reactome_2022,1.0376109848958385e-13,0.0,0.0,19.552589884216943,584.5576259452083,CAMK2B;CAMK2D;CAMK2A;CACNA1C;FGF14;SCN8A;SCN3B;CALM1;FGF13;SCN2A;CAMK2G;SCN3A;FGF12;SCN1B;FGF11;SCN1A;SCN2B,0.53125
4,1111,Fc Epsilon Receptor (FCERI) Signaling R-HSA-2454202,33/130,8.795753731831101e-13,Immune System,Reactome_2022,9.985718522419415e-14,0.0,0.0,5.930570166210814,177.5318277340038,ITK;AHCYL1;ITPR1;ITPR2;ITPR3;RASGRP2;RASGRP1;RASGRP4;MALT1;PPP3CA;PPP3R1;PPP3CB;PLCG2;FCER1A;FYN;LYN;VAV3;JUN;SYK;NFATC3;NFATC2;NFATC1;FOS;VAV1;VAV2;TEC;BTK;PRKCQ;LCP2;PKN2;PKN1;CALM1;MS4A2,0.25384615384615383
4,1111,Trafficking Of GluR2-containing AMPA Receptors R-HSA-416993,13/17,7.690836248611606e-13,Neuronal System,Reactome_2022,8.658557365986577e-14,0.0,0.0,55.89822404371585,1681.2868371341217,GRIA1;GRIA2;PRKCB;AP2A1;PRKCA;AP2B1;AP2A2;GRIP2;TSPAN7;AP2S1;PICK1;AP2M1;GRIA3,0.7647058823529411
4,1111,Signaling By MET R-HSA-6806834,22/63,9.630897042529296e-12,Signal Transduction,Reactome_2022,1.1662770306941813e-12,0.0,0.0,9.2870165065287,255.1812514250464,SH3GL3;USP8;PTPN1;RAB4A;SH3KBP1;DOCK7;RANBP9;PTPRJ;STAM;PTK2;RAP1B;GGA3;RAP1A;HGS;LRIG1;RANBP10;STAM2;EPS15;SH3GL2;PTPN2;SH3GL1;ARF6,0.3492063492063492
4,1111,Regulation Of Signaling By CBL R-HSA-912631,8/18,9.841008993358427e-06,Immune System,Reactome_2022,2.346200819608632e-06,0.0,0.0,13.692837715321849,177.49632834218752,LYN;HCK;YES1;SYK;BLNK;PIK3R3;FYN;VAV1,0.4444444444444444
4,1111,Ca-dependent Events R-HSA-111996,20/35,1.0150094521130253e-15,Signal Transduction,Reactome_2022,9.698765814892672e-17,0.0,0.0,23.06630003055301,850.4994138733498,CAMK2B;CAMK2D;PDE1C;PDE1B;PDE1A;CAMK2A;PRKCD;PRKX;PRKCA;CAMKK2;GRK2;CREB1;NBEA;PRKAR1B;PRKAR2B;PRKAR1A;PRKAR2A;CALM1;CAMK2G;PRKACB,0.5714285714285714
4,1111,Cardiac Muscle Cell Contraction (GO:0086003),9/18,3.1087366821893287e-06,cellular process,GO_Biological_Process_2023,1.5034909968190761e-07,0.0,0.0,17.132486388384756,269.15660225771506,CAMK2D;GSN;CACNA1D;CACNA1C;SCN3B;FGF12;SCN1B;SCN1A;SCN2B,0.5
4,1111,Positive Regulation Of Developmental Growth (GO:0048639),14/50,6.609139428872333e-06,biological regulation,GO_Biological_Process_2023,3.506391060351763e-07,0.0,0.0,6.683429555352983,99.33921087137888,ITSN2;CDKL5;SYT2;BDNF;INSR;LIMK1;RASAL1;NGF;L1CAM;NTN1;GHR;SHTN1;MAPT;MAP3K13,0.28
4,1111,Clathrin Coat Of Coated Pit (GO:0030132),7/12,6.915755717347096e-06,protein-containing complex,GO_Cellular_Component_2023,9.915973271196204e-07,0.0,0.0,23.94710144927536,331.0435027222517,SYNJ1;AP2S1;AP2B1;EPS15L1;AP2A2;EPS15;AP2M1,0.5833333333333334
4,1111,Cellular Response To Reactive Oxygen Species (GO:0034614),17/73,6.969033209927692e-06,cellular process,GO_Biological_Process_2023,3.718824013934271e-07,0.0,0.0,5.225923870462261,77.36817323931754,PDGFRA;JUN;NCF1;PRKCD;PXN;FOS;AGAP3;RHOB;CAMKK2;MAPK13;FER;MAPK7;SIRPA;FYN;MAPT;PDK2;MAP3K5,0.2328767123287671
4,1111,cAMP-dependent Protein Kinase Inhibitor Activity (GO:0004862),6/8,7.098250882491393e-06,molecular function regulator activity,GO_Molecular_Function_2023,7.371260531817985e-07,0.0,0.0,51.27692307692308,724.0561473417829,PRKAR1B;PRKAR1A;PRKAR2B;PRKAR2A;PRKAG2;PKIG,0.75
4,1111,"3',5'-Cyclic-Nucleotide Phosphodiesterase Activity (GO:0004114)",8/16,7.210438038535824e-06,catalytic activity,GO_Molecular_Function_2023,7.626424848451352e-07,0.0,0.0,17.117860380779693,241.13033765121463,PDE1C;PDE1B;PDE4D;PDE3B;PDE4C;PDE3A;PDE4A;PDE5A,0.5
4,1111,Cell-Cell Contact Zone (GO:0044291),13/47,7.291284896496325e-06,cellular anatomical structure,GO_Cellular_Component_2023,1.0722477788965185e-06,0.0,0.0,6.565814850530376,90.25207170691772,DSP;AKAP6;TIAM1;GJA1;PAK1;CDH2;FLOT1;FLOT2;FGF13;SCN1B;VCL;JAM3;TJP2,0.2765957446808511
4,1111,Regulation Of Cellular Component Organization (GO:0051128),26/153,6.042579688660866e-06,biological regulation,GO_Biological_Process_2023,3.187171890070969e-07,0.0,0.0,3.540128451685475,52.95664585890132,RAB5B;CAMK2D;HIP1;RASGRP2;RAP1B;SOCS2;RAP1A;AP2S1;ABL2;PAK6;PAK4;PTPN1;RAB4A;HSP90AA1;RAB4B;CISH;NRG1;GFAP;RUFY1;LATS1;TJP1;RIT2;NEDD4;TAOK2;PRKCQ;SGK1,0.16993464052287582
4,1111,Regulation Of Actin Cytoskeleton Reorganization (GO:2000249),10/25,7.519093979334675e-06,None,GO_Biological_Process_2023,4.081926404574037e-07,0.0,0.0,11.42839842567363,168.12918761743492,PDGFRA;HCK;CDK5;FES;ARHGDIA;ABL2;PTK2B;SEMA3E;TEK;BAIAP2,0.4
4,1111,Regulation Of Cell Size (GO:0008361),10/25,7.519093979334675e-06,cellular process,GO_Biological_Process_2023,4.081926404574037e-07,0.0,0.0,11.42839842567363,168.12918761743492,VAV3;DEPTOR;CAV3;RDX;PTEN;MSN;ARHGAP5;EZR;VAV1;VAV2,0.4
4,1111,Regulation Of Sodium Ion Transmembrane Transporter Activity (GO:2000649),12/37,7.564659299297913e-06,biological regulation,GO_Biological_Process_2023,4.129995977716627e-07,0.0,0.0,8.239053685168335,121.1125996985831,CAMK2D;FGF14;CAV3;PRKCE;NEDD4;SCN3B;FGF13;FGF12;SCN1B;FGF11;PTPN3;SCN2B,0.32432432432432434
4,1111,Memory (GO:0007613),15/58,7.645476209416917e-06,multicellular organismal process,GO_Biological_Process_2023,4.197701311771164e-07,0.0,0.0,5.998344932948566,88.07704921929562,PRNP;BDNF;INSR;RASGRF1;SLC2A4;NGF;PPP3CB;SYT11;NTF3;MAPT;SGK1;FGF13;SCN2A;SHANK3;SHANK1,0.25862068965517243
4,1111,Calcineurin-Mediated Signaling (GO:0097720),7/11,7.818066745585427e-06,cellular process,GO_Biological_Process_2023,4.340690975340459e-07,0.0,0.0,29.93546195652174,438.5563767932568,PPP3CA;PPP3CB;PPP3R1;PPP3CC;NFATC3;NFATC2;NFATC1,0.6363636363636364
4,1111,Regulation Of Phospholipase C Activity (GO:1900274),7/11,7.818066745585427e-06,None,GO_Biological_Process_2023,4.340690975340459e-07,0.0,0.0,29.93546195652174,438.5563767932568,PDGFRB;PDGFRA;KIT;ABL2;ESR1;RASGRP1;FGFR1,0.6363636363636364
4,1111,Presynaptic Endocytosis (GO:0140238),11/31,8.014706975834159e-06,localization,GO_Biological_Process_2023,4.47458964412703e-07,0.0,0.0,9.4345,137.9293804234883,DNM3;SYT2;CDK5;SYNJ1;AP2S1;PIP5K1C;AP2B1;SYNJ2;AP2M1;DNM1;DNM2,0.3548387096774194
4,1111,Positive Regulation Of Glucose Import (GO:0046326),10/25,7.519093979334675e-06,biological regulation,GO_Biological_Process_2023,4.081926404574037e-07,0.0,0.0,11.42839842567363,168.12918761743492,PRKCI;OCLN;IRS1;CAPN10;INSR;CLTCL1;IRS2;SORBS1;RHOQ;APPL1,0.4
4,1111,Positive Regulation Of Ras Protein Signal Transduction (GO:0046579),14/51,8.171866171981769e-06,biological regulation,GO_Biological_Process_2023,4.58753745620198e-07,0.0,0.0,6.502451403089507,94.90166739382548,RTN4R;RASGRF1;LPAR1;ARRB1;NGF;RASGRP1;RASGRP4;AKAP13;ALS2;MCF2L;ARHGEF3;SHOC2;F2RL2;MAP4K4,0.27450980392156865
4,1111,Negative Regulation Of Peptidyl-Tyrosine Phosphorylation (GO:0050732),11/30,5.795744636875939e-06,biological regulation,GO_Biological_Process_2023,3.039101135931245e-07,0.0,0.0,9.93157894736842,149.03857573938652,PPP2CA;SOCS1;PPP2R1A;NTF3;PRKCD;PTK6;PTPN6;NF2;PRKCZ;SH2B3;PTPN2,0.36666666666666664
4,1111,Negative Regulation Of Protein Kinase Activity (GO:0006469),19/88,5.32779549171373e-06,biological regulation,GO_Biological_Process_2023,2.777290061997595e-07,0.0,0.0,4.745713223974094,71.64422915480984,PTPN1;PTPRR;DUSP3;CAV3;PTPRO;HSPB1;PRKAG2;PTK6;PPM1E;SPRED1;PTPRB;DEPTOR;DUSP10;NF1;CHP1;SFN;EPHB2;PAK2;YWHAG,0.2159090909090909
4,1111,Membrane Organization (GO:0061024),28/167,3.113305867603324e-06,cellular process,GO_Biological_Process_2023,1.517280466012724e-07,0.0,0.0,3.4875146973833675,54.75808236497194,SNAP23;WASL;FNBP1L;PIK3C2A;CHP1;PIP5K1C;AP2M1;SPTBN1;SH3GLB2;PRKCI;TOR1A;DBNL;PDCD6IP;CAV3;EXOC7;STAM;SYNJ2;DNM2;RABEP1;SYNJ1;BIN1;HGS;AAK1;EXOC4;CNTN2;PICK1;STAM2;EXOC2,0.16766467065868262
4,1111,Regulation Of Kinase Activity (GO:0043549),19/85,3.1686684558778983e-06,biological regulation,GO_Biological_Process_2023,1.5540354240733678e-07,0.0,0.0,4.962218337218337,77.79389080145135,RET;PDGFRB;PDGFRA;NTRK2;FLT3;INSR;NTRK3;IRS2;IGF1R;CAMKK2;FGR;ERBB3;MAPT;TEK;MET;FGFR3;EPHB4;EPHA2;FGFR1,0.2235294117647059
4,1111,Actin Nucleation (GO:0045010),10/23,3.206130309034436e-06,cellular process,GO_Biological_Process_2023,1.582297499831924e-07,0.0,0.0,13.188010899182562,206.5139343108972,ACTR3;SCIN;ARPC2;ARPC1B;ARPC1A;WIPF3;ARPC4;ARPC5;WHAMM;IQGAP2,0.43478260869565216
4,1111,Cell Morphogenesis Involved In Neuron Differentiation (GO:0048667),18/77,3.2095825035749748e-06,developmental process,GO_Biological_Process_2023,1.5939012432929393e-07,0.0,0.0,5.255943058290819,82.26555311546575,MEF2A;MEF2C;DCC;APLP2;DOCK7;MAPK8IP2;BAIAP2;RAB10;SHTN1;PARD6B;CDK5;MAP1B;PARD3;TAOK2;SLITRK5;CTNNA2;PAK3;LLGL1,0.23376623376623376
4,1111,calcineurin-NFAT Signaling Cascade (GO:0033173),7/10,3.318754046973203e-06,cellular process,GO_Biological_Process_2023,1.658353348580071e-07,0.0,0.0,39.91606280193237,623.1803697425178,PPP3CA;PPP3CB;PPP3R1;PPP3CC;NFATC3;NFATC2;NFATC1,0.7
4,1111,Peptidyl-Tyrosine Dephosphorylation Involved In Inactivation Of Protein Kinase Activity (GO:1990264),6/7,3.847282876949431e-06,cellular process,GO_Biological_Process_2023,1.9343217425748216e-07,0.0,0.0,102.55927601809957,1585.396046698851,PTPN1;PTPRB;PTPRR;DUSP10;DUSP3;PTPRO,0.8571428571428571
4,1111,Clathrin Coat (GO:0030118),8/16,5.458914628365178e-06,protein-containing complex,GO_Cellular_Component_2023,7.626424848451352e-07,0.0,0.0,17.117860380779693,241.13033765121463,SYNJ1;CLTC;CLTB;CLTA;EPS15L1;EPS15;EPN1;EPN2,0.5
4,1111,Negative Regulation Of Protein Modification Process (GO:0031400),18/78,3.885513241971974e-06,biological regulation,GO_Biological_Process_2023,1.9655279817501652e-07,0.0,0.0,5.168069533394328,79.80705973936722,LYN;PRNP;PRKAA2;YWHAB;NTRK3;PTEN;PTPN13;PTPA;IBTK;OCLN;PIP5KL1;CHP1;SIRPA;MAPT;TPPP;EPHB2;SH3GL2;SNTA1,0.23076923076923078
4,1111,SH2 Domain Binding (GO:0042169),11/31,4.474589644127029e-06,binding,GO_Molecular_Function_2023,4.47458964412703e-07,0.0,0.0,9.4345,137.9293804234883,LAT2;RUFY1;IRS1;LCK;INPPL1;BLNK;DAG1;ARHGAP5;PAG1;SH2B2;PTK2,0.3548387096774194
4,1111,Actin-Based Cell Projection (GO:0098858),18/84,4.710289632134096e-06,cellular anatomical structure,GO_Cellular_Component_2023,6.407379279005938e-07,0.0,0.0,4.696747899858605,66.97865592190729,MYO10;ACTN2;RDX;PDGFA;MSN;UNC5C;IQGAP2;CDC42;SHTN1;KITLG;MYO1C;SPATA13;DAG1;NF2;TEK;EZR;FGF13;JAM3,0.21428571428571427
4,1111,Phosphatidylinositol Phosphate Binding (GO:1901981),21/109,4.994516529143528e-06,binding,GO_Molecular_Function_2023,5.090564923934749e-07,0.0,0.0,4.116148874061718,59.645906641905945,ARHGAP9;DENND1B;HIP1;MYO10;DENND1A;NCF4;ARAP2;ARAP3;WIPI1;IQGAP1;ARAP1;IQGAP2;CYTH3;GAP43;OBSCN;PARD3;BTK;ATG2A;ARFIP2;MAPT;ATG2B,0.1926605504587156
4,1111,Cellular Response To Organonitrogen Compound (GO:0071417),21/105,5.121439545352035e-06,None,GO_Biological_Process_2023,2.638125860807495e-07,0.0,0.0,4.3130733944954125,65.33455174588909,GABRB3;GABRB2;MEF2C;GABRB1;AKAP6;ACTB;GABRG2;TSHR;SSH1;MAPK13;RAP1B;DIAPH1;CPEB1;RAP1A;CDH1;RRAGD;CAPN2;PDE3A;CTNNA1;EZR;LAMTOR3,0.2
4,1111,Regulation Of Neuron Apoptotic Process (GO:0043523),21/105,5.121439545352035e-06,biological regulation,GO_Biological_Process_2023,2.638125860807495e-07,0.0,0.0,4.3130733944954125,65.33455174588909,PRNP;NTRK2;EPHA7;MEF2C;PRKCI;UNC5B;BDNF;AGAP2;FAIM2;SEMA3E;FOXO3;NGF;BACE1;MAG;CDK5;ERBB3;RASA1;NTF3;NF1;PTK2B;CDK5R1,0.2
4,1111,Arp2/3 Complex-Mediated Actin Nucleation (GO:0034314),9/19,5.240400741956715e-06,cellular process,GO_Biological_Process_2023,2.715568552278619e-07,0.0,0.0,15.41842105263158,233.1125619748084,ACTR3;ARPC2;ARPC1B;ARPC1A;WIPF3;ARPC4;ARPC5;WHAMM;IQGAP2,0.47368421052631576
4,1111,Synapse Organization (GO:0050808),24/131,4.2063427834252696e-06,cellular process,GO_Biological_Process_2023,2.140797530120819e-07,0.0,0.0,3.875607218701906,59.51737921052043,KIRREL3;CYFIP1;PTPRS;DBNL;PLXND1;BDNF;PTEN;SEMA3E;L1CAM;PTPRF;PTPRD;DNM3;CDC42;CACNB3;CDH2;CDK5;CDH1;FLRT3;NEDD4;CNTN2;MAPT;PAK3;SHANK3;APPL1,0.183206106870229
4,1111,Cell-Matrix Adhesion (GO:0007160),21/109,9.018366930817737e-06,cellular process,GO_Biological_Process_2023,5.090564923934749e-07,0.0,0.0,4.116148874061718,59.645906641905945,ACTN3;ACTN2;ITGA2B;TESK2;ILK;ITGAE;SORBS1;L1CAM;RHOD;BCR;TIAM1;CTTN;TRIP6;TAOK2;ZYX;PIP5K1A;ITGAV;ITGA6;WHAMM;ARHGEF7;VCL,0.1926605504587156
4,1111,NADPH Oxidase Complex (GO:0043020),8/17,9.090506237556518e-06,protein-containing complex,GO_Cellular_Component_2023,1.370260131396387e-06,0.0,0.0,15.21507001108089,205.41120421478016,NCF1;NCF4;NOXA1;NOX3;RAC2;NOXO1;NOX4;RAC3,0.47058823529411764
4,1111,Positive Regulation Of Neurogenesis (GO:0050769),17/75,9.90107188882946e-06,biological regulation,GO_Biological_Process_2023,5.619362207108639e-07,0.0,0.0,5.045183760953162,72.60966655057511,NTRK2;CDKL5;PLXND1;OPRM1;TIAM2;PTPRD;TIAM1;CUX1;NPTN;NUMB;PLXNA2;PLXNA1;PLXNB1;SHANK3;PLXNA4;FAIM;PLXNA3,0.22666666666666666
4,1111,Adenyl Ribonucleotide Binding (GO:0032559),45/309,3.9225888640564366e-08,binding,GO_Molecular_Function_2023,3.017376049274181e-09,0.0,0.0,2.978157513218489,58.42810963462578,AGAP2;PRKAG1;PRKAG2;ATP1A3;STK4;STK3;RPS6KA4;PTPA;RPS6KA5;MKNK1;MYO6;MKNK2;PIM1;MYO18A;PDE4A;PIP4K2B;MAP4K5;MAP3K6;ATP7A;PRKACB;MYH10;PDK2;MAP4K3;MAP4K4;MAP3K5;MARK1;MAP4K1;MAP4K2;PRKCI;HSP90AA1;CDKL5;KSR1;DAPK2;INSR;PDE4D;MYO9B;CDC42BPB;UHMK1;LATS1;ACTA1;ZAP70;LATS2;BTK;MYH9;RAPGEF4,0.14563106796116504
4,1111,GDP Binding (GO:0019003),20/67,4.1996985745193045e-09,binding,GO_Molecular_Function_2023,3.1497739308894784e-10,0.0,0.0,7.349103886732843,160.78751818796746,RAB3B;RAB5B;RALA;RAB4A;RAB5C;RALB;GNAI3;RRAS2;RAB27A;GNAI1;RAP1B;RAB10;RIT1;MRAS;RAP1A;RIT2;RRAS;RAB14;RRAGD;RAB5A,0.29850746268656714
4,1111,Protein Kinase C Activity (GO:0004697),10/14,3.00294354624705e-09,catalytic activity,GO_Molecular_Function_2023,2.1944587453343827e-10,0.0,0.0,42.881471389645775,953.6803001823478,PRKCI;PRKCH;PRKCB;PRKD3;PRKCE;PRKCD;PRKCA;PRKCQ;PKN1;PRKCZ,0.7142857142857143
4,1111,Postsynaptic Density (GO:0014069),31/151,2.744451955179986e-09,cellular anatomical structure,GO_Cellular_Component_2023,2.0179793788088126e-10,0.0,0.0,4.489498456790123,100.22246015048312,GRIA1;GRIA2;DAGLA;PTPRS;GRIK1;CACNA1C;GRIK2;AKAP5;KALRN;CDH2;PTK2B;FYN;SRGAP3;CACNG3;GRIA3;USP8;PRNP;NTRK2;HOMER1;MAGI2;MAPK8IP2;DNM3;ARHGEF9;GAP43;CDK5;SYT11;PICK1;STRN;SHANK3;SHANK1;CDK5R1,0.2052980132450331
4,1111,Phosphatidylinositol Phosphate Biosynthetic Process (GO:0046854),17/44,2.4573371412985704e-09,cellular process,GO_Biological_Process_2023,6.670131660526656e-11,0.0,0.0,10.855643577764235,254.3563747220142,CISH;PIK3R3;PIK3C2G;PIK3C2A;SLA2;PIK3C2B;SOCS2;ITPKB;SOCS1;ITPKA;PIP4K2A;PIP4K2B;PIP4K2C;PI4KB;SOCS6;SOCS7;SOCS5,0.38636363636363635
4,1111,EGFR Downregulation R-HSA-182971,19/31,9.575488095276693e-16,Signal Transduction,Reactome_2022,9.059118349363001e-17,0.0,0.0,27.37049755799756,1011.0709635535636,SH3GL3;SH3KBP1;TGFA;EPS15L1;PTPN12;STAM;AREG;EPN1;CDC42;HGS;SPRY2;SPRY1;ARHGEF7;EPS15;STAM2;SH3GL2;SH3GL1;HBEGF;PTPN3,0.6129032258064516
4,1111,Rac Protein Signal Transduction (GO:0016601),11/17,4.8465216770503934e-09,cellular process,GO_Biological_Process_2023,1.3454255118276847e-10,0.0,0.0,31.471666666666668,715.3239366222949,FARP2;EPS8;CYFIP1;NCKAP1;TIAM1;DBNL;GARRE1;RHOG;ELMO1;RAC3;WASF1,0.6470588235294118
4,1111,Ephrin Receptor Binding (GO:0046875),12/21,2.1102477455329376e-09,binding,GO_Molecular_Function_2023,1.5015224343215134e-10,0.0,0.0,22.90567182286928,518.1118976776183,LYN;EFNB2;PTPN1;EFNB1;EFNA3;EFNA2;EFNB3;CHN1;FYN;EFNA5;EFNA4;NCK1,0.5714285714285714
4,1111,Positive Regulation Of Phosphorylation (GO:0042327),41/231,1.2713945215393415e-09,biological regulation,GO_Biological_Process_2023,3.3726073057490246e-11,0.0,0.0,3.7710723069355634,90.93092337866445,RET;ALK;RALB;FLT3;PIK3R3;ILK;ARRB1;EFNA5;STK4;RASGRP1;CAMKK2;IGF1R;SDCBP;PAK1;RELN;CCND1;ERBB3;RB1CC1;FLOT1;NPTN;NCKAP1L;EPHB4;LYN;PDGFRB;PDGFRA;NTRK2;RALBP1;HSP90AA1;INSR;HGF;LIMK2;NTRK3;IGF2;PTK2;PGF;ITGA6;TEK;FGFR3;MET;EPHA2;FGFR1,0.1774891774891775
4,1111,Negative Regulation Of Intracellular Signal Transduction (GO:1902532),41/231,1.2713945215393415e-09,biological regulation,GO_Biological_Process_2023,3.3726073057490246e-11,0.0,0.0,3.7710723069355634,90.93092337866445,DGKG;SPI1;PHLPP1;DGKD;PRKAA2;PDE3B;ITPR1;PTEN;TWIST1;PEBP1;PTPRJ;ARRB2;SLA2;DUSP16;UACA;IGF1R;PPP2CA;SPRED2;SPRED1;DEPTOR;PPP2R1A;RPS6KA1;DAG1;MARK3;SH2B3;LYN;DUSP3;CAV3;PDE4D;MAGI2;DUSP9;ESR1;DUSP6;CD2AP;DUSP7;MYO1C;PDE3A;NF1;STAMBP;EPHA2;BCL2L1,0.1774891774891775
4,1111,Negative Regulation Of ERK1 And ERK2 Cascade (GO:0070373),18/48,1.2713945215393415e-09,biological regulation,GO_Biological_Process_2023,3.3049994028984985e-11,0.0,0.0,10.352607502287285,249.8394740605695,LYN;EPHA4;PTPN1;PTPRR;DUSP3;PTEN;RANBP9;DUSP6;SPRED2;RPS6KA6;SPRED1;DUSP10;SIRPA;SPRY2;SPRY1;EPHB2;EZR;PTPN2,0.375
4,1111,Inhibitory Extracellular Ligand-Gated Monoatomic Ion Channel Activity (GO:0005237),10/13,9.634634620760726e-10,transporter activity,GO_Molecular_Function_2023,6.599781254074661e-11,0.0,0.0,57.17832273690584,1340.339907031996,GABRA2;GLRA3;GABRA6;GABRA5;GABRA4;GABRA3;GABRE;GABRG3;GABRG2;GABRG1,0.7692307692307693
4,1111,Signaling Receptor Complex Adaptor Activity (GO:0030159),17/44,9.634634620760726e-10,molecular adaptor activity,GO_Molecular_Function_2023,6.670131660526656e-11,0.0,0.0,10.855643577764235,254.3563747220142,IRS1;TRAT1;MAGI2;SORBS1;MAPK8IP3;GNB1;BLNK;NCK2;GNB4;GNB3;GNB5;SH2B3;SHANK3;SH2B2;NCK1;SH2B1;SHANK1,0.38636363636363635
4,1111,Extracellular Ligand-Gated Monoatomic Ion Channel Activity (GO:0005230),9/10,7.098023562567675e-10,transporter activity,GO_Molecular_Function_2023,4.641015406294249e-11,0.0,0.0,154.25771324863885,3670.33133874764,GABRA2;GABRA6;GABRA5;GABRA4;GABRA3;GABRE;GABRG3;GABRG2;GABRG1,0.9
4,1111,Cellular Response To Oxygen-Containing Compound (GO:1901701),58/406,1.2834557865090202e-09,cellular process,GO_Biological_Process_2023,3.444190420304897e-11,0.0,0.0,2.9346312124089904,70.7003931403688,RET;GUCY1B1;NCF1;IRS1;ACTB;CDH1;CHP2;CAPN2;SIRPA;PDK2;GIT1;MEF2A;PDGFRA;MEF2C;PRKCD;FOS;ITPKB;CREB1;RASA4;ITPKA;RRAGD;MAPT;EZR;EPHA3;CAMK2D;PRKAA2;PXN;CACNA1A;AKAP6;AGAP3;IQGAP1;RASGRP2;PPM1E;FOXO1;CACNA1H;CAMKK2;RAP1B;RAP1A;GNG2;PLCG2;ABL2;PTK2B;LYN;JUN;SYT2;PTK6;ESR1;TSHR;SSH1;CPEB1;FER;SYT11;FES;GNB1;PDCD4;PDE3A;VIM;LAMTOR3,0.14285714285714285
4,1111,Cell-Cell Junction Assembly (GO:0007043),21/71,4.909847607730443e-09,cellular process,GO_Biological_Process_2023,1.3781496986535172e-10,0.0,0.0,7.259064220183486,164.8178452902193,CTNND1;PRKCA;RHOC;ACTG1;TJP1;CDH5;CDH4;GJA1;PARD6B;GJB1;CDH2;CDH1;GJA4;CTNNA1;PKN2;TLN2;PIP5K1C;TLN1;PAK2;VCL;JAM3,0.29577464788732394
4,1111,Bounding Membrane Of Organelle (GO:0098588),90/819,4.991524663084874e-09,cellular anatomical structure,GO_Cellular_Component_2023,3.853750658999351e-10,0.0,0.0,2.1958622023917487,47.59927470119562,RET;ARF1;FLT3;NCF4;ARHGAP1;ATP2A2;ARRB1;ZDHHC7;AP2A1;WDR83;WASL;TCIRG1;SLA2;AREG;AP2A2;GJA1;CHP1;AP2M1;SH3GL2;APPL1;ATP6V0B;ATP6V0E1;APLP2;RHOG;CASK;WIPI1;IL17RD;MAPK8IP3;RHOD;RHOB;DNM2;BACE1;PICK1;RHOU;ATP6V0D1;SHANK3;ATP6V0C;RHOQ;HBEGF;GRIA1;CAMK2B;GRIA2;RAB5B;CAMK2D;SH2D2A;CAMK2A;GNAI3;ITPR1;PDGFA;TGFA;ITPR2;ITPR3;ZDHHC21;IQGAP1;ABHD17C;ADRB2;IQGAP2;CDC42;CYTH3;CYTH2;SNX1;GGA3;RAP1A;PDGFD;PDGFC;AP2S1;NCKAP1L;NCAM1;PIP5K1C;WHAMM;CACNG3;CAMK2G;GRIA3;CYTH1;ATP6V0A1;LYN;RAB4B;SORT1;INSR;AP2B1;GNAO1;RAB10;CLCN6;EHD2;DIAPH1;ABHD17B;ABHD17A;PI4KB;LAMTOR3;RAB5A,0.10989010989010989
4,1111,Focal Adhesion Assembly (GO:0048041),12/21,5.291234491380811e-09,cellular process,GO_Biological_Process_2023,1.5015224343215134e-10,0.0,0.0,22.90567182286928,518.1118976776183,BCR;ACTN3;CTTN;ACTN2;TAOK2;TRIP6;TESK2;PIP5K1A;SORBS1;WHAMM;ARHGEF7;RHOD,0.5714285714285714
4,1111,Cell-Substrate Junction Assembly (GO:0007044),13/28,2.4616940766565322e-08,cellular process,GO_Biological_Process_2023,7.669065445475315e-10,0.0,0.0,14.897510625379478,312.678728266651,ACTN3;ACTN2;TESK2;SORBS1;RHOD;BCR;CTTN;TAOK2;TRIP6;PIP5K1A;ITGA6;WHAMM;ARHGEF7,0.4642857142857143
4,1111,Regulation Of Signal Transduction (GO:0009966),35/193,1.6357713575612123e-08,biological regulation,GO_Biological_Process_2023,5.04556248476623e-10,0.0,0.0,3.856200884664251,82.55101034442778,PXN;ILK;ZDHHC7;RASGRP4;PPP2CA;SOCS2;RGS3;GRK5;ERBB3;PPP2R1A;INPP5D;GRK6;NCK2;RGS20;CSK;FYN;NCAM1;GIT1;YWHAG;SOCS5;NCK1;BRAP;GIT2;PRNP;PTPN1;SRMS;MPIG6B;HOMER1;CAV3;DYNLT1;MAPK8IP2;DOK5;LLGL1;MGLL;PTPN2,0.18134715025906736
4,1111,Protein Serine/Threonine Phosphatase Complex (GO:0008287),13/29,1.3291554506455337e-08,protein-containing complex,GO_Cellular_Component_2023,1.3193822488025516e-09,0.0,0.0,13.965676229508198,285.5436435256409,PPP2R5D;PPP2R3A;PPP2CA;PTPA;PPP2CB;PPP3CA;PPP3CB;PPP3R1;PPP3CC;PPP2R1B;PPP2R2C;PPP2R1A;PPP2R2B,0.4482758620689655
4,1111,Regulation Of Cell Population Proliferation (GO:0042127),86/766,1.0932510967684746e-08,biological regulation,GO_Biological_Process_2023,3.3384287038889263e-10,0.0,0.0,2.2467345767575324,49.02453635329101,ALK;PTPRU;IRS1;FLT3;SIRPG;PTEN;IRS2;PTPRJ;TCIRG1;AREG;ETS1;ACTB;IGF1R;PPP3CA;CAPNS1;RPS6KA2;RB1CC1;CHP2;NCK2;ITGAV;CAPN1;PDGFRB;EPHA4;PDGFRA;CSNK2A1;KSR1;MAGI2;RHOG;MATK;FLT3LG;ADAM10;NRG1;OPRM1;NGF;CBFA2T3;PGF;RNF41;TIAM1;HCK;HGS;KIT;STAMBP;ARHGEF2;CD47;SGK1;HBEGF;YAP1;PDGFA;TGFA;SAV1;GNAI2;EFNB2;SDCBP;PAK1;SCIN;GRK5;ERBB3;PDGFD;PDGFC;NTF3;PTK2B;STX4;S1PR3;SH2B3;LYN;NTRK2;JUN;JUND;NTRK3;INSR;IGF2;PTK2;EPOR;TSHR;TJP1;KITLG;FER;MYO1C;FES;NOX4;STRN;PTPN6;NF2;FGFR3;PTPN2;FGFR1,0.1122715404699739
4,1111,Negative Regulation Of Signal Transduction (GO:0009968),43/267,9.425216675222885e-09,biological regulation,GO_Biological_Process_2023,2.849078452103154e-10,0.0,0.0,3.354881453986089,73.73645415359482,GRB7;LRPAP1;IRS1;YWHAB;INPPL1;TWIST1;PTPRJ;FAIM2;ARRB1;PRKCZ;SOCS1;GRB14;ERBB3;INPP5D;GRB10;PIP4K2A;PIP4K2B;PIP4K2C;APPL1;SOCS5;NCK1;BRAP;LYN;PTPN1;PTPN18;SRMS;MPIG6B;CSNK2A1;PRKCB;BDNF;PRKCD;WWP2;NRG1;PTPN12;MAPK8IP2;EPN2;HGS;NEDD4;SPRY2;PRKCQ;SPRY1;CD47;PTPN2,0.16104868913857678
4,1111,Cytoskeleton Organization (GO:0007010),26/111,9.425216675222885e-09,cellular process,GO_Biological_Process_2023,2.827239159869819e-10,0.0,0.0,5.301208999728924,116.55529809189645,PRR5;SH3KBP1;FGD1;PLD2;ARHGAP4;NCKIPSD;FGD3;FGD5;DPYSL2;CFL1;RAC3;PAK6;WASF3;MARK1;PAK4;PRKCI;RHOG;ARAP3;RANBP9;CDC42BPB;DIAPH1;FMNL2;BIN1;RANBP10;RHOU;SIPA1,0.23423423423423423
4,1111,Cortical Cytoskeleton (GO:0030863),19/63,8.388482789211506e-09,cellular anatomical structure,GO_Cellular_Component_2023,7.184237539155826e-10,0.0,0.0,7.452027139527139,156.8946927493559,GSN;ACTN3;ACTN2;EPB41;RDX;ACTN4;AKAP13;LASP1;CDH2;CTTN;CDH1;CAPN2;FLOT1;FLOT2;EZR;SPTAN1;LLGL1;SPTBN1;SPTBN2,0.30158730158730157
4,1111,Phagocytic Vesicle (GO:0045335),24/100,8.388482789211506e-09,cellular anatomical structure,GO_Cellular_Component_2023,8.018402666158055e-10,0.0,0.0,5.465452960828936,114.4690572846992,ATP6V0B;ATP6V0E1;NCF1;SYK;APLP2;NCF4;SNAP23;CYBA;TCIRG1;FMNL1;RAB14;HGS;SYT11;RAC2;RAB38;ITGAV;STX4;SRGAP3;ATP6V0D1;ATP7A;RAB5A;ATP6V0C;ATP6V0A1;APPL1,0.24
4,1111,Vesicle (GO:0031982),39/235,8.388482789211506e-09,cellular anatomical structure,GO_Cellular_Component_2023,7.861430863065527e-10,0.0,0.0,3.469706632653061,72.73852145004747,ITSN2;RAB3B;CSH1;ITSN1;CLTC;GDI2;ATP1A3;SLC2A4;PIK3C2A;PRKCZ;ACTB;GNAI2;EPS8;SDCBP;SNX1;CFL1;PLCG2;FLOT2;SPTAN1;APPL1;RAB4A;PDCD6IP;APLP2;MYO5A;MSN;YWHAZ;CD2AP;MYL6;MYO1C;SYNJ1;ALS2;BIN1;SYT11;GNB1;RIN3;ARHGEF2;EZR;CALM1;VCL,0.16595744680851063
4,1111,Dendrite Membrane (GO:0032590),13/28,8.388482789211506e-09,cellular anatomical structure,GO_Cellular_Component_2023,7.669065445475315e-10,0.0,0.0,14.897510625379478,312.678728266651,GRIA1;GABRA2;GABRA1;DAGLA;GABRA6;GABRA5;GABRA4;INSR;GABRA3;GABRG3;GABRG2;GABRG1;GABRE,0.4642857142857143
4,1111,Cortical Actin Cytoskeleton (GO:0030864),16/44,8.388482789211506e-09,cellular anatomical structure,GO_Cellular_Component_2023,7.041364321164424e-10,0.0,0.0,9.8426614481409,207.42472948048368,GSN;ACTN3;ACTN2;RDX;ACTN4;AKAP13;LASP1;CDH2;CDH1;CAPN2;FLOT1;FLOT2;SPTAN1;SPTBN1;LLGL1;SPTBN2,0.36363636363636365
4,1111,Positive Regulation Of Cell Population Proliferation (GO:0008284),63/483,8.024931385634418e-09,biological regulation,GO_Biological_Process_2023,2.376290601545046e-10,0.0,0.0,2.6434637404580155,58.57997656732236,IRS1;FLT3;SIRPG;PTEN;IRS2;TCIRG1;AREG;ACTB;IGF1R;GJA1;CAPNS1;CHP2;PIM1;ITGAV;CAPN1;PDGFRB;EPHA4;PDGFRA;MEF2C;PRKCI;PRKCH;CSNK2A1;RHOG;MATK;FLT3LG;ADAM10;NRG1;PGF;TIAM1;HCK;STAMBP;CD47;HBEGF;YAP1;PDGFA;TGFA;CSF2RB;GNAI2;EFNB2;SDCBP;PAK1;GRK5;ERBB3;PDGFD;PDGFC;NTF3;PTK2B;STX4;S1PR3;LYN;NTRK2;NTRK3;INSR;IGF2;PTK2;EPOR;TSHR;TJP1;KITLG;FER;PTPN6;FGFR3;FGFR1,0.13043478260869565
4,1111,Negative Regulation Of Cell Adhesion (GO:0007162),21/72,6.295341861310865e-09,biological regulation,GO_Biological_Process_2023,1.844717695325516e-10,0.0,0.0,7.116351861845656,159.50252805017152,EPHA4;PLXND1;PDE3B;PTPRO;ADAM10;NRG1;PTK2;RND1;ERBB3;CDH1;RASA1;PLXNA2;PLXNA1;PLXNB1;NF2;EPHB2;CBLL1;PLXNA4;SIPA1;JAM3;PLXNA3,0.2916666666666667
4,1111,Chemical Synaptic Transmission (GO:0007268),44/273,5.9470339162639486e-09,cellular process,GO_Biological_Process_2023,1.7243096487625267e-10,0.0,0.0,3.3601944807094943,75.54061331380043,GABRB3;GRIA1;GABRB2;GRIA2;GABRB1;STXBP3;CNP;STXBP2;PTEN;CACNA1A;GRIK1;GRIK2;CACNA1E;RPS6KA3;GABRR2;SDCBP;GABRR1;GLRA3;RPS6KA2;MPZ;RPS6KA1;GABRE;GABRD;GRIA3;GABRA2;GABRQ;GABRA1;SLC12A5;HOMER1;GABRA6;GABRA5;GABRA4;GABRA3;HTR3A;GABRG3;GABRG2;GABRG1;CACNB3;RIT2;CDK5;EXOC4;AMPH;RAPSN;SCN2B,0.16117216117216118
4,1111,Positive Regulation Of Intracellular Signal Transduction (GO:1902533),67/525,5.708440018717243e-09,biological regulation,GO_Biological_Process_2023,1.637522892475952e-10,0.0,0.0,2.5826034399103213,58.19294139697294,RET;HIP1;NCF1;TRAF3IP2;FLT3;ILK;PTPRJ;IGF1R;AKAP13;GJA1;ITGAV;MAP4K1;PDGFRB;PDGFRA;HSP90AA1;KSR1;PRKCB;UNC5B;HGF;RHOC;FGR;DOK2;DOK4;LCK;DOK5;DOK6;RRAGD;KIT;HBEGF;LPAR1;PDGFA;SEMA3E;IQGAP1;ADRB2;MALT1;RELN;ERBB3;PDGFD;PDGFC;PLCG2;FLNA;BRD4;SH2B1;LYN;NTRK2;CAV2;TRAT1;NTRK3;INSR;IGF2;PTK2;FKBP1A;MOS;MYO1C;RIT2;NEDD4;TRIP6;TAOK2;PDCD4;SPRY2;PLXNB1;PTPN6;TEK;PIK3AP1;LAMTOR3;FGFR3;FGFR1,0.12761904761904763
4,1111,Receptor Internalization (GO:0031623),17/51,3.120880242783276e-08,localization,GO_Biological_Process_2023,9.915196329632247e-10,0.0,0.0,8.617458866544789,178.65528177683908,RALA;RALB;SYK;CAV3;CLTC;ARRB1;ARRB2;DNM1;DNM2;DNM3;GRK3;SNX1;GRK2;HGS;NEDD4;RAB5A;AP2M1,0.3333333333333333
4,1111,Regulation Of Focal Adhesion Assembly (GO:0051893),15/54,3.1087366821893287e-06,biological regulation,GO_Biological_Process_2023,1.5054647103754618e-07,0.0,0.0,6.614963503649635,103.91442213961678,DUSP3;PTEN;PTPRJ;NRG1;EFNA5;PTK2;ACTG1;SLC9A1;PTPRA;FYN;TEK;TLN1;EPHA3;VCL;MAP4K4,0.2777777777777778
4,1111,Protein-Containing Complex Assembly (GO:0065003),43/328,3.1087366821893287e-06,cellular process,GO_Biological_Process_2023,1.4934771762557822e-07,0.0,0.0,2.6282015901176163,41.30741436323717,YAP1;HIP1;WIPF1;PEF1;CLTC;PXN;WAS;CLTA;WASL;ADRB2;PIK3C2A;CLDN1;SLC9A1;PARD6B;PPP2R1A;AP2S1;NCK2;REPS2;PTK2B;NCKAP1L;WASF1;EPS15;AP2M1;WASF3;NCK1;FARP2;MAGI1;HSP90AA1;DBNL;RANBP9;CYBA;MITF;NRG1;MAPK8IP2;PRLR;CD2AP;FKBP1A;TIAM1;OCLN;PARD3;MAPT;LLGL1;SHANK1,0.13109756097560976
4,1111,Monoatomic Anion Transmembrane Transport (GO:0098656),15/54,3.1087366821893287e-06,localization,GO_Biological_Process_2023,1.5054647103754618e-07,0.0,0.0,6.614963503649635,103.91442213961678,GABRB3;GABRA2;GABRB2;GABRA1;GABRB1;SLC12A5;GABRA6;GABRA5;GABRA4;GABRA3;GABRG3;GABRG2;GABRG1;GLRA3;GABRE,0.2777777777777778
4,1111,Plasma Membrane Bounded Cell Projection Assembly (GO:0120031),41/275,2.1066990713953187e-07,cellular process,GO_Biological_Process_2023,7.602831318730791e-09,0.0,0.0,3.0547767393561784,57.1082725318863,CYFIP1;PTPRO;ASAP1;FNBP1L;NTN1;FGD1;MYLK;FGD3;RAP1B;SDCBP;FGD5;RAP1A;ABLIM2;ABLIM3;S1PR1;ARFIP2;PIP5K1A;FLNA;SRGAP3;WHAMM;MAP4K4;ACTR3;ACTR2;GSN;ACTN2;RHOD;CD2AP;DNM3;SHTN1;EHD2;EHD4;DNMBP;SPATA13;KIT;ARHGEF4;ATP6V0D1;EZR;ARHGEF7;VCL;ARF6;ARHGEF6,0.14909090909090908
4,1111,Negative Regulation Of MAP Kinase Activity (GO:0043407),16/51,2.2842596677117847e-07,biological regulation,GO_Biological_Process_2023,8.384543505789709e-09,0.0,0.0,7.871206784083497,146.3798556281374,LYN;PTPN1;CAV3;PRKCD;CBLC;PTPRJ;DUSP16;DUSP7;MAPK8IP1;DUSP10;NPPA;NF1;PDCD4;SPRY2;SPRY1;SH2B3,0.3137254901960784
4,1111,Positive Regulation Of Actin Filament Bundle Assembly (GO:0032233),16/51,2.2842596677117847e-07,biological regulation,GO_Biological_Process_2023,8.384543505789709e-09,0.0,0.0,7.871206784083497,146.3798556281374,ARHGEF10;ARHGEF15;FHOD1;PXN;LIMK1;LPAR1;RHOC;PPM1E;CDC42;PAK1;EVL;CD47;NF2;PFN1;ARHGEF5;PFN3,0.3137254901960784
4,1111,Regulation Of Lamellipodium Assembly (GO:0010591),13/33,2.444006896775605e-07,biological regulation,GO_Biological_Process_2023,9.046293263820872e-09,0.0,0.0,11.170173041894351,206.88177794021027,ACTR3;CYFIP1;NCKAP1;ACTR2;WAS;NRG1;CDC42;FER;OCLN;ARPC2;RAC2;WASF2;EPHA2,0.3939393939393939
4,1111,Regulation Of Cell-Matrix Adhesion (GO:0001952),18/65,2.4527306861571856e-07,biological regulation,GO_Biological_Process_2023,9.154238526373208e-09,0.0,0.0,6.602090673726422,122.1984187128368,DUSP3;PLEKHA2;CASK;SEMA3E;EFNA5;PTK2;ACTG1;SLC9A1;PTPRA;RASA1;NF1;PTK2B;FYN;NF2;TLN1;EPHA3;VCL;MAP4K4,0.27692307692307694
4,1111,Regulation Of Rho Protein Signal Transduction (GO:0035023),19/73,2.916852219435944e-07,biological regulation,GO_Biological_Process_2023,1.0976433398247536e-08,0.0,0.0,6.068800027133361,111.22602523310567,RTN4R;RALBP1;STARD8;ARHGEF28;LPAR1;ARHGEF18;ARRB1;MYO9B;EPS8;BCR;AKAP13;RIT2;ARHGDIA;MCF2L;ARHGEF3;ABL2;ARHGEF2;MET;F2RL2,0.2602739726027397
4,1111,Regulation Of Protein Kinase Activity (GO:0045859),25/119,1.921852497120155e-07,biological regulation,GO_Biological_Process_2023,6.876461741700739e-09,0.0,0.0,4.60282708357823,86.51087884819374,AGAP2;PRKAG1;HSPB1;PRKAG2;IQGAP1;PPM1E;CAMKK2;SPRED1;DEPTOR;RAP1A;RELN;CHP1;PTK2B;SFN;EPHB2;PAK2;YWHAG;MAP3K5;CAV3;PTK2;FGR;ALS2;NF1;LCP2;MAP3K12,0.21008403361344538
4,1111,Regulation Of Endocytosis (GO:0030100),18/66,3.146764237379386e-07,biological regulation,GO_Biological_Process_2023,1.1938679864209269e-08,0.0,0.0,6.464204025617566,117.92959171997312,LRPAP1;PTPN1;RAB5B;RAB4A;HIP1;RAB4B;SYK;FGR;RUFY1;HCK;RIT2;SYT11;FLOT1;AP2S1;ABL2;ITGAV;CBLL1;EPHA3,0.2727272727272727
4,1111,1-Phosphatidylinositol-4-Phosphate 5-Kinase Activity (GO:0016308),6/6,3.507756013935579e-07,catalytic activity,GO_Molecular_Function_2023,2.9006443961390363e-08,0.0,0.0,113334.0,1966996.324120809,PIP4K2A;PIP5K1A;PIP4K2B;PIP5K1B;PIP4K2C;PIP5K1C,1.0
4,1111,Response To Calcium Ion (GO:0051592),23/106,3.7524506216195313e-07,response to stimulus,GO_Biological_Process_2023,1.4352371285651508e-08,0.0,0.0,4.789798901488306,86.50065796246652,MEF2A;MEF2C;CAMK2D;AHCYL1;SYT2;PRKAA2;HOMER1;TRPC3;PEF1;TRPC1;CACNA1A;ITPR3;IQGAP1;RASGRP2;ITPKB;PPP3CA;RASA4;SYT11;NEDD4;ITPKA;CHP2;PLCG2;CALM1,0.2169811320754717
4,1111,Phosphatidylinositol Biosynthetic Process (GO:0006661),22/98,3.948678002641966e-07,cellular process,GO_Biological_Process_2023,1.5224699269902707e-08,0.0,0.0,5.000797448165869,90.01608822318586,CISH;INPPL1;PTEN;PIK3R3;SYNJ2;SLA2;PIK3C2A;PGF;SOCS2;ITPKB;SOCS1;SYNJ1;INPP5D;ITPKA;PLCG2;PIP5K1A;PIP5K1B;PIP5K1C;PI4KB;SOCS6;SOCS7;SOCS5,0.22448979591836735
4,1111,Actin Polymerization Or Depolymerization (GO:0008154),16/53,4.017743985761438e-07,cellular process,GO_Biological_Process_2023,1.5614921104439893e-08,0.0,0.0,7.444946316179193,133.8231996326023,GSN;WIPF1;WAS;DSTN;WASL;ENAH;PREX1;DIAPH1;DIAPH2;SCIN;ABI2;CFL2;CFL1;EVL;WASF1;WASF3,0.3018867924528302
4,1111,Platelet-Derived Growth Factor Receptor Signaling Pathway (GO:0048008),9/15,4.563945899295576e-07,cellular process,GO_Biological_Process_2023,1.8019280540093576e-08,0.0,0.0,25.70281306715064,458.32802635469903,PDGFRB;PDGFRA;PTPN1;FER;PDGFD;PDGFC;PDGFA;PTPRJ;PIK3C2A,0.6
4,1111,Dendritic Spine Morphogenesis (GO:0060997),9/15,4.563945899295576e-07,cellular process,GO_Biological_Process_2023,1.8019280540093576e-08,0.0,0.0,25.70281306715064,458.32802635469903,DOCK10;PTEN;WASL;EPHB2;PAK3;EPHB1;SHANK3;EPHB3;SHANK1,0.6
4,1111,Protein Phosphatase Type 2A Complex (GO:0000159),9/16,3.327757155935936e-07,protein-containing complex,GO_Cellular_Component_2023,3.91500841874816e-08,0.0,0.0,22.02981591910812,375.73752805024566,PPP2CA;PTPA;PPP2CB;PPP2R1B;PPP2R2C;PPP2R1A;PPP2R2B;PPP2R5D;PPP2R3A,0.5625
4,1111,Synaptic Vesicle Recycling (GO:0036465),15/44,1.904768307718872e-07,localization,GO_Biological_Process_2023,6.7565809804956885e-09,0.0,0.0,8.900704757110496,167.4467231564033,GIT2;SYT2;AP2B1;SYNJ2;DNM1;PLD2;DNM2;DNM3;CDK5;SYNJ1;AP2S1;PIP5K1C;RAB5A;AP2M1;GIT1,0.3409090909090909
4,1111,Clathrin-Dependent Endocytosis (GO:0072583),12/27,1.8497071814332388e-07,localization,GO_Biological_Process_2023,6.504214024780667e-09,0.0,0.0,13.739035486806188,258.99202391488785,ITSN2;CLTC;ITSN1;MAGI2;CLTB;AP2S1;CLTA;PIP5K1C;AP2B1;FNBP1L;AP2A2;AP2M1,0.4444444444444444
4,1111,Positive Regulation Of Protein Kinase Activity (GO:0045860),28/145,1.8317332423227198e-07,biological regulation,GO_Biological_Process_2023,6.384511301124839e-09,0.0,0.0,4.148148148148148,78.27302887279635,RALB;CAB39;CAB39L;AGAP2;PRKAG1;PRKAG2;ADRB2;IQGAP1;CAMKK2;PPP2CA;RAP1A;RELN;ERBB3;PTK2B;MAP3K5;EPHA4;PRNP;PTPN1;HSP90AA1;INSR;PRKCD;PTK2;ALS2;TAOK2;NOX4;LCP2;CALM1;MAP3K12,0.19310344827586207
4,1111,Clathrin-Coated Vesicle (GO:0030136),20/78,5.826707290503825e-08,cellular anatomical structure,GO_Cellular_Component_2023,5.998081034342173e-09,0.0,0.0,5.95183160024021,112.679041704079,HIP1;SORT1;DENND1A;TNK2;CLTC;CLTB;CLTA;AP2A1;SLC2A4;AP2B1;PIK3C2A;AP2A2;RAB14;MYL1;CLTCL1;MYO6;NUMB;AP2S1;ATP7A;AP2M1,0.2564102564102564
4,1111,Dendrite Morphogenesis (GO:0048813),14/35,5.921096850738358e-08,cellular process,GO_Biological_Process_2023,1.899426503629824e-09,0.0,0.0,11.46642357945913,230.2654370511585,MEF2A;PTEN;WASL;MAPK8IP2;CDC42;DOCK10;TAOK2;CTNNA2;EPHB2;PAK3;EPHB1;SHANK3;EPHB3;SHANK1,0.4
4,1111,Positive Regulation Of Lipid Kinase Activity (GO:0090218),13/30,6.823740870805702e-08,biological regulation,GO_Biological_Process_2023,2.21003328634978e-09,0.0,0.0,13.143469409621773,261.9527397639825,PDGFRB;PDGFRA;FLT3;IRS1;DGKZ;PTK2;FGR;CD19;KIT;PTK2B;MAPT;TEK;FGFR3,0.43333333333333335
4,1111,Early Endosome (GO:0005769),44/307,6.955855630617051e-08,cellular anatomical structure,GO_Cellular_Component_2023,7.4161696061725925e-09,0.0,0.0,2.920465681470738,54.669958537151885,GRIA1;RAB5B;RAB5C;DAGLA;WIPF3;CXCR4;TRAK1;EEA1;RABGEF1;SNX1;GGA3;RAP1A;RUSC1;CLTCL1;FLOT1;ATP7A;EPHB1;SH3GL2;APPL1;EPHA4;USP8;NTRK2;PTPN1;RAB4A;SORT1;MYO5A;LNPEP;RUFY1;BACE1;EHD2;EHD4;RABEP1;ALS2;RAB14;MYL1;HGS;PICK1;RIN3;RAB38;NF2;ATP6V0D1;RAB5A;EPHA3;LLGL1,0.14332247557003258
4,1111,Protein Serine/Threonine Kinase Inhibitor Activity (GO:0030291),13/32,7.32542596232197e-08,molecular function regulator activity,GO_Molecular_Function_2023,5.775816624138476e-09,0.0,0.0,11.758700028760426,223.0576736045324,HSPB1;PRKAG2;SPRED2;SPRED1;PRKAR1B;PRKAR2B;PRKAR1A;PRKAR2A;SPRY2;SFN;PTPN6;PKIG;YWHAG,0.40625
4,1111,Polymeric Cytoskeletal Fiber (GO:0099513),40/265,7.337629583076153e-08,cellular anatomical structure,GO_Cellular_Component_2023,8.092973804863403e-09,0.0,0.0,3.098080713766988,57.72427504942778,WIPF1;WAS;IQGAP1;ACTG1;NCKIPSD;PAK1;DPYSL2;MYO6;RAC2;NEFL;TPPP;APC2;DSP;TRIM63;ACTN3;ACTN2;TPM3;ACTN1;MYO5A;MYO9B;DNM1;GFAP;DNM2;DNM3;HCK;DIAPH1;ACTA1;DIAPH2;CTTN;CDK5;SYNJ1;MAP1B;ARHGEF2;MAPT;TEK;VIM;EZR;FGF13;RHOQ;MAP3K11,0.1509433962264151
4,1111,Cellular Response To Nerve Growth Factor Stimulus (GO:1990090),11/21,9.540077352470195e-08,response to stimulus,GO_Biological_Process_2023,3.119210978907589e-09,0.0,0.0,18.879,369.7581614344045,NTRK2;RAP1A;BDNF;KIDINS220;NTRK3;MAGI2;NTF3;MAPT;NGF;WASF1;SH3GL2,0.5238095238095238
4,1111,Positive Regulation Of Actin Nucleation (GO:0051127),8/10,1.0914646745932833e-07,biological regulation,GO_Biological_Process_2023,3.602304755752045e-09,0.0,0.0,68.49320036264733,1331.6237046133822,CYFIP1;NCKAP1;GSN;SCIN;WHAMM;WASF1;WASF2;WASF3,0.8
4,1111,Regulation Of Monoatomic Ion Transmembrane Transporter Activity (GO:0032412),19/69,1.1834753829088533e-07,None,GO_Biological_Process_2023,3.942484310738931e-09,0.0,0.0,6.555695970695971,126.86225410619404,MEF2C;TRPC6;CAV3;HOMER1;CACNA1D;WWP2;OPRM1;MAPK8IP2;RELN;NEDD4;PTK2B;CAPN1;SCN3B;CACNG3;FGF12;SCN1B;SHANK1;PTPN3;SCN2B,0.2753623188405797
4,1111,Positive Regulation Of Neuron Projection Development (GO:0010976),22/92,1.2944730700092206e-07,biological regulation,GO_Biological_Process_2023,4.352176577143893e-09,0.0,0.0,5.431168831168831,104.56406539350589,ALK;RET;CAMK2B;LYN;NTRK2;PRKCI;BDNF;KIDINS220;NTRK3;MAGI2;PTK6;RAP1A;RELN;RIT2;FES;NPTN;PTK2B;ITGA6;ALKAL2;ALKAL1;SCN1B;EPHA3,0.2391304347826087
4,1111,Regulation Of Apoptotic Process (GO:0042981),78/705,1.311325825330656e-07,biological regulation,GO_Biological_Process_2023,4.449285650412467e-09,0.0,0.0,2.199252421293487,42.29277269066033,ALK;PRR5;HIP1;FLT3;HSPB1;FAIM2;ACTB;IGF1R;RPS6KA3;PIP5KL1;RPS6KA2;ARHGDIA;CFL1;RPS6KA1;PIM1;MYO18A;PROK2;JAK3;MAP3K5;MEF2C;PRKCI;HSP90AA1;ACTN3;ACTN2;DAPK2;ACTN1;HGF;NRG1;ACTN4;MAPK8IP3;PRLR;YWHAZ;DUSP6;RHOB;DNM2;LATS1;HCK;LATS2;BIN1;RASA1;ITGA6;ARHGEF7;SGK1;PHLPP1;PRKAA2;MAGED1;ASCL1;FOXO3;STK4;FOXO1;MALT1;SAV1;STK3;SOCS2;PTPA;BCL2L11;SCIN;GRK5;ERBB3;NTF3;FLNA;ABL2;PTK2B;NCKAP1L;FYN;PAK2;MAP4K4;JUN;PTK2;TJP1;CDK5;NF1;SPRY2;PTPN6;NF2;TEK;MAP3K11;BCL2L1,0.11063829787234042
4,1111,Regulation Of JUN Kinase Activity (GO:0043506),15/43,1.3707606218814496e-07,biological regulation,GO_Biological_Process_2023,4.693227298853822e-09,0.0,0.0,9.219075860271117,176.79555792839847,MAP4K2;PTPN1;DUSP16;MAPK8IP1;PAK1;DUSP10;TAOK3;NPPA;PDCD4;MAP3K13;MAP3K4;ARHGEF5;MAP3K11;MAP3K5;MAP3K12,0.3488372093023256
4,1111,Filopodium (GO:0030175),17/60,1.4180849939694238e-07,cellular anatomical structure,GO_Cellular_Component_2023,1.6161998093033876e-08,0.0,0.0,6.810552272437397,122.18541553255572,MYO10;ACTN2;RDX;MSN;UNC5C;IQGAP2;CDC42;SHTN1;GAP43;KITLG;SPATA13;DAG1;ITGAV;NF2;EZR;FGF13;ARF6,0.2833333333333333
4,1111,ATP Binding (GO:0005524),41/279,1.438778143875917e-07,binding,GO_Molecular_Function_2023,1.1620900392843945e-08,0.0,0.0,3.002791957904657,54.86239216304717,AGAP2;PRKAG1;PRKAG2;ATP1A3;STK4;STK3;RPS6KA4;PTPA;RPS6KA5;MKNK1;MKNK2;PIM1;MYO18A;PIP4K2B;MAP4K5;MAP3K6;ATP7A;PRKACB;MYH10;PDK2;MAP4K3;MAP4K4;MAP3K5;MARK1;MAP4K1;MAP4K2;PRKCI;HSP90AA1;CDKL5;KSR1;DAPK2;INSR;MYO9B;CDC42BPB;UHMK1;LATS1;ACTA1;ZAP70;LATS2;BTK;MYH9,0.14695340501792115
4,1111,Cell Chemotaxis (GO:0060326),16/50,1.7556417488487694e-07,cellular process,GO_Biological_Process_2023,6.065141143462743e-09,0.0,0.0,8.10314262691378,153.31719571273817,PDGFRB;PDGFRA;DOCK4;HGF;ARHGEF16;PRKCD;RHOG;LPAR1;ARRB2;KIT;ELMO2;PIP5K1A;PRKCQ;EPHB1;EPHA2;HBEGF,0.32
4,1111,Axon Development (GO:0061564),22/99,4.664457314479416e-07,cellular process,GO_Biological_Process_2023,1.8559993632567696e-08,0.0,0.0,4.93558966286239,87.86463785896994,DCC;APLP2;DOCK7;L1CAM;BAIAP2;MAPK8IP3;RAB10;SHTN1;GAP43;PARD6B;CDK5;MAP1B;PARD3;TAOK2;SLITRK5;MAPT;CTNNA2;EPHB2;PAK3;LLGL1;EPHB3;CDK5R1,0.2222222222222222
4,1111,Regulation Of MAP Kinase Activity (GO:0043405),28/114,6.802164184024531e-10,biological regulation,GO_Biological_Process_2023,1.7414547417459472e-11,0.0,0.0,5.652730357104511,140.03913197232902,FLT3;CBLC;PDGFA;TGFA;PTPRJ;RASGRP1;GHR;PDGFD;PDGFC;NTF3;SH2B3;MAP2K5;PDGFRB;LYN;PTPN1;MEF2C;CAV3;KSR1;INSR;NTRK3;PRKCD;DUSP7;HGS;KIT;NF1;SPRY2;SPRY1;FGFR1,0.24561403508771928
4,1111,Cell-Cell Junction Organization (GO:0045216),18/68,4.981001685947143e-07,cellular process,GO_Biological_Process_2023,1.997317147356967e-08,0.0,0.0,6.204977127172919,110.00726938937473,DSP;KIRREL1;PRKCI;CTNND1;CLDN1;TJP1;CDH5;CDH4;PARD6B;OCLN;PARD6A;CDH2;CDH1;GJA4;CSK;TLN2;TLN1;TJP2,0.2647058823529412
4,1111,Regulation Of Postsynaptic Membrane Potential (GO:0060078),13/35,5.093393741546751e-07,biological regulation,GO_Biological_Process_2023,2.0996179421381447e-08,0.0,0.0,10.153626428216592,179.5052036368333,GABRA2;GABRA1;MEF2C;GABRA6;GABRA5;GABRA4;GABRA3;ARRB2;MAPK8IP2;GABRG3;GABRG2;GABRG1;GABRE,0.37142857142857144
4,1111,Voltage-Gated Calcium Channel Activity (GO:0005245),14/47,1.7261393426194897e-06,transporter activity,GO_Molecular_Function_2023,1.49377443111302e-07,0.0,0.0,7.292174249330129,114.60956810309584,CACNA1A;CACNA1D;CACNA1C;OPRM1;CACNA1E;CACNA1H;CACNA1I;CACNB3;SCN8A;ITGAV;SCN2A;CACNG3;SCN3A;SCN1A,0.2978723404255319
4,1111,High Voltage-Gated Calcium Channel Activity (GO:0008331),10/23,1.7886841302447838e-06,transporter activity,GO_Molecular_Function_2023,1.582297499831924e-07,0.0,0.0,13.188010899182562,206.5139343108972,CACNA1I;CACNB3;SCN8A;CACNA1D;CACNA1C;SCN2A;CACNA1E;SCN3A;CACNA1H;SCN1A,0.43478260869565216
4,1111,Regulation Of Peptidyl-Tyrosine Phosphorylation (GO:0050730),20/90,1.7895174109088897e-06,biological regulation,GO_Biological_Process_2023,8.169296015253413e-08,0.0,0.0,4.928375016367684,80.4325489516409,PRNP;EPHA7;HGF;TNK2;PRKCD;IGF2;PDGFA;PTPRJ;NRG1;EFNA5;PRKCZ;GHR;RELN;NTF3;PLCG2;PTK2B;FYN;PTPN6;ARHGEF2;PAK2,0.2222222222222222
4,1111,cAMP-dependent Protein Kinase Regulator Activity (GO:0008603),7/10,1.8347739175779508e-06,molecular function regulator activity,GO_Molecular_Function_2023,1.658353348580071e-07,0.0,0.0,39.91606280193237,623.1803697425178,PRKAR1B;PRKAR1A;PRKAR2B;PRKAR2A;PRKAG1;PRKAG2;PKIG,0.7
4,1111,Inhibitory Synapse Assembly (GO:1904862),8/13,1.928425211746361e-06,cellular process,GO_Biological_Process_2023,8.862904273602957e-08,0.0,0.0,27.39292837715322,444.82845617872175,GABRA2;GABRB3;GABRA1;GABRB2;PLXNB1;SRGAP3;FGF13;GABRG2,0.6153846153846154
4,1111,1-Phosphatidylinositol-3-Kinase Regulator Activity (GO:0046935),8/14,2.087348855984926e-06,molecular function regulator activity,GO_Molecular_Function_2023,1.966924883524257e-07,0.0,0.0,22.826231489876097,352.4740908657889,SOCS2;SOCS1;CISH;PIK3R3;SLA2;SOCS6;SOCS7;SOCS5,0.5714285714285714
4,1111,Positive Regulation Of Protein Localization To Cell Periphery (GO:1904377),15/51,1.4315622123833816e-06,biological regulation,GO_Biological_Process_2023,6.491043961146118e-08,0.0,0.0,7.16735097323601,118.62150326311028,PRKCI;PRKCH;EPB41;PRKCE;ARHGEF16;RHOG;AKAP5;SORBS1;GNAI1;STX4;EPHB2;EPHA3;SPTBN1;ARF6;EPHA2,0.29411764705882354
4,1111,Protein Serine/Threonine Phosphatase Activity (GO:0004722),15/55,2.087348855984926e-06,catalytic activity,GO_Molecular_Function_2023,1.9643901976490277e-07,0.0,0.0,6.4492472627737225,99.59516946222617,PHLPP2;PHLPP1;PTEN;PPM1E;PPP1CA;PPP1CB;PPP2CA;PPP3CA;PPP2CB;PPP3CB;PPP3R1;PPP3CC;LCK;CTDSP2;PPP1R3D,0.2727272727272727
4,1111,MAP Kinase Kinase Kinase Activity (GO:0004709),9/19,2.824191294369764e-06,catalytic activity,GO_Molecular_Function_2023,2.715568552278619e-07,0.0,0.0,15.41842105263158,233.1125619748084,MOS;TAOK2;MAP3K9;MAP3K13;MAP3K6;MAP3K11;MAP3K4;MAP3K12;MAP3K5,0.47368421052631576
4,1111,Protein Kinase Activator Activity (GO:0030295),19/88,2.8317467298799007e-06,molecular function regulator activity,GO_Molecular_Function_2023,2.777290061997595e-07,0.0,0.0,4.745713223974094,71.64422915480984,CAB39;CAB39L;AGAP2;IGF2;PRKAG2;NRG1;IQGAP1;STK4;STK3;ALS2;ERBB3;TAOK2;SPRY2;NCKAP1L;CALM1;MAP3K13;PAK2;CDK5R1;MAP3K12,0.2159090909090909
4,1111,Negative Regulation Of Signaling (GO:0023057),11/28,2.842894814659201e-06,biological regulation,GO_Biological_Process_2023,1.324112020399566e-07,0.0,0.0,11.101176470588236,175.81325702381025,BRAP;PPP3CA;PTPN1;PPP3CB;MPIG6B;SRMS;ERBB3;TRAT1;INPP5D;OPRM1;SOCS5,0.39285714285714285
4,1111,Regulation Of Phosphatidylinositol 3-Kinase Activity (GO:0043551),12/34,3.0252303947985287e-06,None,GO_Biological_Process_2023,1.4276997236402681e-07,0.0,0.0,9.364049962776075,147.59644661083075,PDGFRB;FGR;PDGFRA;FLT3;IRS1;CD19;KIT;PIK3R3;PTK2B;TEK;FGFR3;PTK2,0.35294117647058826
4,1111,Semaphorin-Plexin Signaling Pathway (GO:0071526),12/34,3.0252303947985287e-06,cellular process,GO_Biological_Process_2023,1.4276997236402681e-07,0.0,0.0,9.364049962776075,147.59644661083075,FARP2;PLXND1;SEMA3A;SEMA6D;PLXNA2;FLNA;SEMA3E;SEMA4F;PLXNB1;MET;PLXNA4;PLXNA3,0.35294117647058826
4,1111,Axonal Growth Cone (GO:0044295),8/15,3.02897445950628e-06,cellular anatomical structure,GO_Cellular_Component_2023,4.008936784640664e-07,0.0,0.0,19.56430514182101,288.1737939839504,RTN4R;SHTN1;HSP90AA1;DCC;FLRT3;TAOK2;L1CAM;NEO1,0.5333333333333333
4,1111,Homotypic Cell-Cell Adhesion (GO:0034109),14/46,2.3883347401399306e-06,cellular process,GO_Biological_Process_2023,1.1050284115391413e-07,0.0,0.0,7.520453509571559,120.46431344416057,PDGFRA;STXBP3;ACTN1;HSPB1;ILK;MYL12A;ACTG1;GNAS;FLNA;MYH9;TLN1;MYL9;VCL;TJP2,0.30434782608695654
4,1111,Regulation Of Autophagy (GO:0010506),36/241,1.3067013727970796e-06,biological regulation,GO_Biological_Process_2023,5.884589772621024e-08,0.0,0.0,3.052179239931934,50.81372905993545,PRKAA2;ITPR1;HSPB1;FOXO3;PIK3C2A;FOXO1;CAPNS1;RB1CC1;PIP4K2A;ABL2;PIP4K2B;PIP4K2C;CAPN1;ATP6V1E1;EIF4E;ATP6V0A1;ATP6V0B;ATP6V0E1;EXOC7;DAPK2;HGF;GFAP;TMEM59;CDK5;NEDD4;RRAGD;EXOC4;ATP6V1B2;ULK2;MAPT;ATP6V0D1;ATP6V0C;EIF4G3;MET;CDK16;CDK5R1,0.14937759336099585
4,1111,Negative Regulation Of Protein Serine/Threonine Kinase Activity (GO:0071901),19/80,1.2334268265135752e-06,biological regulation,GO_Biological_Process_2023,5.5165604517109325e-08,0.0,0.0,5.370383714646009,89.75482660504605,LYN;PTPN1;CAV3;PRKCD;PTEN;CBLC;PTPRJ;DUSP7;LATS1;LATS2;PRKAR1B;PRKAR1A;PRKAR2B;PRKAR2A;NF1;SPRY2;SPRY1;PKIG;SH2B3,0.2375
4,1111,Positive Regulation Of Plasma Membrane Bounded Cell Projection Assembly (GO:0120034),20/88,1.2331252220764366e-06,biological regulation,GO_Biological_Process_2023,5.4771755699878734e-08,0.0,0.0,5.073866393486817,84.83550874842778,ACTR3;CYFIP1;NCKAP1;ACTR2;RALA;WASL;ARAP1;FNBP1L;EPS8;CDC42;DOCK11;OCLN;ARPC2;CDC42EP5;CDC42EP4;RAC2;CDC42EP2;PFN1;WASF2;RHOQ,0.22727272727272727
4,1111,Regulation Of Axon Extension (GO:0030516),13/35,5.093393741546751e-07,biological regulation,GO_Biological_Process_2023,2.0996179421381447e-08,0.0,0.0,10.153626428216592,179.5052036368333,RTN4R;PTPRS;CDKL5;SEMA3A;LIMK1;L1CAM;NTN1;DNM2;SHTN1;MAG;CTTN;MAPT;MAP3K13,0.37142857142857144
4,1111,Platelet Aggregation (GO:0070527),13/35,5.093393741546751e-07,cellular process,GO_Biological_Process_2023,2.0996179421381447e-08,0.0,0.0,10.153626428216592,179.5052036368333,PDGFRA;STXBP3;ACTN1;HSPB1;ILK;MYL12A;ACTG1;GNAS;FLNA;MYH9;TLN1;MYL9;VCL,0.37142857142857144
4,1111,Asymmetric Synapse (GO:0032279),25/133,5.878033798271975e-07,cellular anatomical structure,GO_Cellular_Component_2023,7.131438064079972e-08,0.0,0.0,4.003180205988677,65.87700535489434,GRIA1;GRIA2;CACNA1C;AKAP5;KALRN;CDH2;PTK2B;FYN;SRGAP3;USP8;PRNP;NTRK2;HOMER1;MAGI2;MAPK8IP2;DNM3;ARHGEF9;GAP43;CDK5;SYT11;PICK1;STRN;SHANK3;SHANK1;CDK5R1,0.18796992481203006
4,1111,Chloride Transmembrane Transport (GO:1902476),15/48,6.254877230921011e-07,localization,GO_Biological_Process_2023,2.6045910739492177e-08,0.0,0.0,7.820172528201725,136.56684048687163,GABRB3;GABRA2;GABRB2;GABRA1;GABRB1;SLC12A5;GABRA6;GABRA5;GABRA4;GABRA3;GABRG3;GABRG2;GABRG1;GLRA3;GABRE,0.3125
4,1111,Regulation Of Protein Kinase B Signaling (GO:0051896),26/136,6.515606656214895e-07,biological regulation,GO_Biological_Process_2023,2.7332588070488148e-08,0.0,0.0,4.090942605781316,71.24452698588499,RET;HIP1;PHLPP1;PTEN;PDGFA;PTPRJ;ARRB2;IGF1R;PPP2CA;RRAS;PPP2R1A;DAG1;SH2B3;NTRK2;HSP90AA1;INSR;NTRK3;MAGI2;IGF2;PTK2;RNF41;SPRY2;TEK;EPHA2;FGFR1;HBEGF,0.19117647058823528
4,1111,Calcium Channel Complex (GO:0034704),16/59,6.734094466760224e-07,protein-containing complex,GO_Cellular_Component_2023,8.41761808345028e-08,0.0,0.0,6.404077731761707,104.32469229276415,PDE4D;CACNA1A;CACNA1D;CACNA1C;CACNA1E;CACNA1H;PTPA;CACNA1I;CACNB3;SCN8A;ORAI1;CALM1;SCN2A;CACNG3;SCN3A;SCN1A,0.2711864406779661
4,1111,Integrin-Mediated Signaling Pathway (GO:0007229),20/85,6.940404267755936e-07,cellular process,GO_Biological_Process_2023,2.9328667016735452e-08,0.0,0.0,5.308890925756187,92.08112257820224,MPIG6B;SYK;ITGA2B;ERBIN;ILK;ADAM10;ITGAE;PTK2;FGR;CDC42;HCK;TEC;PTPRA;ZYX;MYH9;PTK2B;ITGAV;ITGA6;CD47;DOCK1,0.23529411764705882
4,1111,Regulation Of Glucose Import (GO:0046324),13/36,7.328925439691303e-07,biological regulation,GO_Biological_Process_2023,3.1196536418180135e-08,0.0,0.0,9.711649639661044,167.84604021898858,PRKCI;IRS1;APLP2;INSR;PRKAG2;IRS2;SORBS1;OCLN;CAPN10;CLTCL1;GRB10;RHOQ;APPL1,0.3611111111111111
4,1111,Lysosome (GO:0005764),58/503,8.499198729118548e-07,cellular anatomical structure,GO_Cellular_Component_2023,1.0936468952909897e-07,0.0,0.0,2.282941195300746,36.5923004792308,CLTC;ARRB1;TCIRG1;RB1CC1;LAMP2;FLOT1;PIP4K2A;ATP6V1E1;AP2M1;HSP90AA1;ATP6V0B;ATP6V0E1;MYL11;PRKCD;NRG1;BACE1;HCK;MYL1;HGS;RRAGD;ATP6V1B2;RAB38;DAGLB;ATP6V0D1;ATP6V0C;RAB5C;TMEM63A;PDE1C;STXBP2;GNAI3;CXCR4;ABHD6;ADRB2;PLD1;GNAI1;SNX1;GGA3;GNA11;MYO6;ATP6V0A1;LYN;SLC31A2;SORT1;HPS1;HPS4;MYO5A;RAB27A;LNPEP;GFAP;GNAO1;TMEM59;CLCN6;OCLN;RAB14;SYT11;GNB1;GNB4;LAMTOR3,0.11530815109343936
4,1111,Positive Regulation Of Stress Fiber Assembly (GO:0051496),14/43,9.849912443319898e-07,biological regulation,GO_Biological_Process_2023,4.2231271734159964e-08,0.0,0.0,8.299751673844026,140.93065368388264,ARHGEF10;ARHGEF15;FHOD1;PXN;LIMK1;LPAR1;RHOC;PPM1E;CDC42;PAK1;EVL;CD47;NF2;ARHGEF5,0.32558139534883723
4,1111,Cell Junction Assembly (GO:0034329),21/95,9.942684796565012e-07,cellular process,GO_Biological_Process_2023,4.293571472915181e-08,0.0,0.0,4.898524671460451,83.0964262194001,KIRREL3;DBNL;PLXND1;BDNF;CTNND1;PTEN;DNM3;CDC42;TJP1;CDH5;CDH4;PARD6B;CDH2;CDK5;CDH1;FLRT3;GJA4;ITGA6;TLN2;TLN1;SHANK3,0.22105263157894736
4,1111,Phosphatidylinositol Phosphate Kinase Activity (GO:0016307),8/13,1.047434141425804e-06,None,GO_Molecular_Function_2023,8.862904273602957e-08,0.0,0.0,27.39292837715322,444.82845617872175,PIP4K2A;PIP5K1A;PIK3C2G;PIP4K2B;PIP5K1B;PIP4K2C;PIP5K1C;PIK3C2B,0.6153846153846154
4,1111,Negative Regulation Of Cell Projection Organization (GO:0031345),15/50,1.1102133717920504e-06,biological regulation,GO_Biological_Process_2023,4.8285035602306944e-08,0.0,0.0,7.372523461939521,124.19859296100834,RTN4R;EPHA4;PRNP;PTPRS;DCC;SEMA3A;PTPRO;PTEN;LPAR1;EFNB2;MAG;DPYSL5;SPRY2;DENND5A;FYN,0.3
4,1111,Positive Regulation Of Phosphatidylinositol 3-Kinase Activity (GO:0043552),11/26,1.1971672959728512e-06,None,GO_Biological_Process_2023,5.2805343406575486e-08,0.0,0.0,12.582666666666666,210.8433848161459,PDGFRB;FGR;PDGFRA;FLT3;IRS1;CD19;KIT;PTK2B;TEK;FGFR3;PTK2,0.4230769230769231
4,1111,Regulation Of Actin Filament Bundle Assembly (GO:0032231),11/26,1.1971672959728512e-06,biological regulation,GO_Biological_Process_2023,5.2805343406575486e-08,0.0,0.0,12.582666666666666,210.8433848161459,CDC42;FHOD1;LIMK1;RDX;ASAP3;WAS;PFN1;SHANK3;PFN3;SLC9A1;SHANK1,0.4230769230769231
4,1111,ERBB Signaling Pathway (GO:0038127),16/54,5.093393741546751e-07,cellular process,GO_Biological_Process_2023,2.1052275180976706e-08,0.0,0.0,7.248642153328527,128.12886303887487,GRB7;PTPRR;DGKD;SHC3;ERBIN;TGFA;NRG1;PTK6;IQGAP1;PIK3C2A;AREG;PTK2;NCK2;REPS2;PTK2B;HBEGF,0.2962962962962963
4,1111,Positive Regulation Of Protein Phosphorylation (GO:0001934),56/377,6.326574257643795e-10,biological regulation,GO_Biological_Process_2023,1.6001822613411197e-11,0.0,0.0,3.070404984423676,76.3251049863792,DOCK7;PRKAG1;PRKAG2;ILK;PTPRJ;ARRB1;GHR;CCND1;RB1CC1;FLOT1;NPTN;MAP3K5;RALBP1;HSP90AA1;HGF;NGF;PGF;LATS1;ALS2;LCP2;ARHGEF2;RALB;CAB39;AGAP2;PDGFA;PIK3R3;IQGAP1;EFNA5;STK4;RASGRP1;CAMKK2;SDCBP;PAK1;RELN;RAP1A;PDGFD;PDGFC;NTF3;PLCG2;PTK2B;PAK2;LYN;PRNP;NTRK2;BDNF;INSR;TNK2;LIMK2;NTRK3;IGF2;PTK2;TAOK2;SPRY2;TEK;CALM1;MAP3K12,0.14854111405835543
4,1111,Synaptic Vesicle Endocytosis (GO:0048488),16/40,4.776956471774553e-09,localization,GO_Biological_Process_2023,1.3113791671435389e-10,0.0,0.0,11.485540334855404,261.3508464156221,ITSN2;SH3GL3;SYT2;ITSN1;AP2B1;SYNJ2;DNM1;DNM2;DNM3;CDK5;SYNJ1;AP2S1;PIP5K1C;AP2M1;SH3GL2;SH3GL1,0.4
4,1111,Regulation Of Actin Filament-Based Process (GO:0032970),22/70,5.295937359453367e-10,biological regulation,GO_Biological_Process_2023,1.306832167662768e-11,0.0,0.0,7.9297138047138045,198.72520966326292,EPHA5;PDGFRB;RALA;SIGLEC15;PRKCD;RHOG;PDGFA;NRG1;EFNA5;IQGAP2;BAIAP2;CDC42;HCK;PAK1;CAPN10;TAOK2;RAC3;EZR;PAK3;ARHGEF5;EPHA3;RHOQ,0.3142857142857143
4,1111,Neuron Projection Development (GO:0031175),47/192,3.107559313983181e-16,cellular process,GO_Biological_Process_2023,2.7797415208362818e-18,0.0,0.0,5.710189266269121,230.8296829230181,NCKAP1;TRIO;DOCK7;RASGRF1;PTEN;WASL;DOCK10;CDC42;PAK1;FLRT3;NTF3;NRTN;NCKAP1L;SRGAP3;EPHB2;ATP7A;PAK3;EPHB1;SH3GL2;EPHB3;PLXNA3;MAP4K4;LYN;EPHA4;TOR1A;DBNL;UNC5A;BDNF;L1CAM;NGF;MAPK8IP3;UHMK1;DNM2;SHTN1;CDK5;ALS2;CTTN;TAOK3;MAP1B;NEDD4;PLXNB1;MAPT;SGK1;SHANK3;CDK16;SHANK1;CDK5R1,0.24479166666666666
4,1111,Dephosphorylation (GO:0016311),41/147,2.923199184572504e-16,cellular process,GO_Biological_Process_2023,2.5246630835296148e-18,0.0,0.0,6.78983424440134,275.12696282820025,PTPRU;PTPRR;PTPRS;PTPRO;PTEN;PTPRJ;DUSP16;PPM1E;PPP1CB;PPP2CA;PPP3CA;PPP2CB;PPP3R1;PPP3CB;DUSP10;PPP3CC;PPP2R1B;PPP2R1A;SBF1;ILKAP;PTPN1;PTPN18;DUSP3;PPP1R12A;PPP2R5D;PPP2R3A;PTPN12;PTPN13;SSH1;PPP1CA;PTPRD;PLPP5;PTPRB;PLPP4;PTPRA;CTDSP2;ALPL;PTPN6;PTPN7;PTPN5;PTPN3,0.2789115646258503
4,1111,Phosphotyrosine Residue Binding (GO:0001784),22/39,1.2444909930535354e-16,binding,GO_Molecular_Function_2023,4.0685282465211735e-18,0.0,0.0,22.42661913250149,898.034724427449,SHC3;YES1;SYK;IRS1;CBLC;PIK3R3;SHB;VAV1;VAV2;FGR;HCK;ZAP70;LCK;RASA1;NCK2;PLCG2;ABL2;PTPN6;GRAP;PFN1;PTPN5;PTPN3,0.5641025641025641
4,1111,GABA Receptor Activity (GO:0016917),17/21,6.390695666624095e-17,molecular transducer activity,GO_Molecular_Function_2023,1.9663678974227983e-18,0.0,0.0,73.36494515539306,2991.114017760617,GABRA2;GABRB3;GABRQ;GABRA1;GABRB2;GABRB1;GABRA6;GABRA5;GABRA4;GABRA3;GABRG3;GABRG2;GABRG1;GABRR2;GABRR1;GABRE;GABRD,0.8095238095238095
4,1111,Cytoplasmic Vesicle Membrane (GO:0030659),70/389,3.8498652818717406e-17,cellular anatomical structure,GO_Cellular_Component_2023,1.5569308125216602e-18,0.0,0.0,3.91443000009034,160.50656440918542,RET;FLT3;NCF4;ARHGAP1;WDR83;ARRB1;AP2A1;TCIRG1;WASL;SLC2A4;SLA2;AP2A2;GJA1;AP2M1;APPL1;ATP6V0B;ATP6V0E1;APLP2;RHOG;WIPI1;RHOD;RHOB;DNM2;BACE1;PICK1;RHOU;ATP6V0D1;ATP6V0C;RHOQ;HBEGF;GRIA1;CAMK2B;GRIA2;RAB5B;CAMK2D;RALA;CAMK2A;ITPR1;ITPR2;ITPR3;IQGAP1;ADRB2;ABHD17C;IQGAP2;SNX1;GGA3;RAP1A;AP2S1;NCKAP1L;PIP5K1C;CACNG3;CAMK2G;GRIA3;ATP6V0A1;LYN;RAB4A;RAB4B;TOR1A;SORT1;INSR;AP2B1;RAB10;GNAO1;EHD2;DIAPH1;CLCN6;ABHD17B;ABHD17A;LAMTOR3;RAB5A,0.17994858611825193
4,1111,GABA-A Receptor Activity (GO:0004890),16/18,3.5373983620458155e-17,molecular transducer activity,GO_Molecular_Function_2023,1.0204033736670622e-18,0.0,0.0,137.98721461187213,5716.304393379616,GABRA2;GABRB3;GABRQ;GABRB2;GABRB1;GABRA6;GABRA5;GABRA4;GABRA3;GABRG3;GABRG2;GABRG1;GABRR2;GABRR1;GABRE;GABRD,0.8888888888888888
4,1111,Positive Regulation Of Cell Motility (GO:2000147),52/221,3.433617158566291e-17,biological regulation,GO_Biological_Process_2023,2.85958245778192e-19,0.0,0.0,5.439093484419264,232.24081303476456,RET;CLDN1;MYLK;IGF1R;PPP3CA;CDH5;EPHB2;PDGFRB;EPHA4;PDGFRA;HGF;SEMA6D;ADAM10;PRKCA;ACTN4;RHOC;RHOD;FGR;TIAM1;KIT;NUMB;ITGA6;CBLL1;EPHA2;HBEGF;GRB7;PDGFA;PIK3R3;TWIST1;CXCR4;SEMA3E;NTN1;CDC42;SDCBP;PAK1;PDGFD;PDGFC;NTF3;PTK2B;STX4;MAP4K4;INSR;NTRK3;RDX;SEMA4F;PTK2;TJP1;FER;MYO1C;TRIP6;SNAI1;SPRY2,0.23529411764705882
4,1111,Purine Ribonucleoside Triphosphate Binding (GO:0035639),77/476,4.967801642620349e-16,binding,GO_Molecular_Function_2023,1.7196236455224288e-17,0.0,0.0,3.4509145203434115,133.21165404941942,ARF1;PRKAG1;PRKAG2;RND1;RPS6KA4;RPS6KA5;PIM1;RAC2;MYO18A;ARFIP2;RAC3;PIP4K2B;MAP3K6;ATP7A;PRKACB;PDK2;MAP3K5;MAP4K1;MAP4K2;PRKCI;HSP90AA1;CDKL5;KSR1;DAPK2;RHOG;RRAS2;RHOC;RHOD;UHMK1;RHOB;DNM2;LATS1;ACTA1;ZAP70;MRAS;LATS2;RRAGD;BTK;MYH9;RAB38;RHOU;ARHGEF5;RHOQ;ARF6;RALA;RALB;AGAP2;ATP1A3;STK4;GNAI1;STK3;RAP1B;CDC42;PTPA;GNA14;GNA15;RAP1A;RRAS;GNA11;MKNK1;MKNK2;MAP4K5;MYH10;MAP4K3;MAP4K4;MARK1;RAB4A;RAB4B;INSR;RAB27A;MYO9B;CDC42BPB;RAB10;RIT1;RIT2;RAB14;RAB5A,0.16176470588235295
4,1111,GABA-A Receptor Complex (GO:1902711),16/18,2.7754971763744093e-17,protein-containing complex,GO_Cellular_Component_2023,1.0204033736670622e-18,0.0,0.0,137.98721461187213,5716.304393379616,GABRA2;GABRB3;GABRQ;GABRB2;GABRB1;GABRA6;GABRA5;GABRA4;GABRA3;GABRG3;GABRG2;GABRG1;GABRR2;GABRR1;GABRE;GABRD,0.8888888888888888
4,1111,Regulation Of Neuron Projection Development (GO:0010975),47/174,4.411756699502977e-18,biological regulation,GO_Biological_Process_2023,3.538114564684682e-20,0.0,0.0,6.5257681605588775,292.27680839761047,RTN4R;RET;CAMK2B;PTPRS;SEMA3A;PTPRO;LPAR1;PTEN;EFNB2;PAK1;RAP1A;RELN;CDH2;CFL1;CHN1;NPTN;ABL2;PTK2B;DENND5A;ALKAL2;ALKAL1;CTNNA2;PAK3;CAMK2G;PAK2;SCN1B;EPHB3;MARK1;LYN;EPHA4;NTRK2;PRKCI;CDKL5;BDNF;DCC;KIDINS220;NTRK3;MAGI2;PTK6;MAG;RIT2;CDK5;FES;ITGA6;SHANK3;EPHA3;CDK5R1,0.27011494252873564
4,1111,Positive Regulation Of GTPase Activity (GO:0043547),55/234,3.578429319574197e-18,biological regulation,GO_Biological_Process_2023,2.7594303821516014e-20,0.0,0.0,5.444017690875233,245.18046950951535,USP6NL;DOCK6;DOCK9;DOCK8;RASGRF2;DOCK7;RASGRF1;PREX2;DOCK10;PREX1;DOCK11;APC2;ARHGEF10;RALBP1;CDKL5;ARHGEF15;RALGAPA1;ARHGEF16;RHOG;ARAP1;GMIP;BCR;TIAM2;TIAM1;TBC1D1;ALS2;TBC1D4;ITGA6;ARHGEF7;NGEF;ARHGEF5;EPHA2;RAPGEF4;RTN4R;ARHGEF26;AGAP2;ASAP3;AGAP3;RASGRP2;RASGRP1;RAP1GAP;RASGRP4;RAP1A;NTF3;PIP5K1A;SRGAP3;RALGDS;MAP4K4;CAV2;NTRK3;NF1;RGL3;PLXNB1;GNB5;SIPA1,0.23504273504273504
4,1111,Positive Regulation Of Cell Migration (GO:0030335),60/272,2.099332960213425e-18,biological regulation,GO_Biological_Process_2023,1.5541021297076562e-20,0.0,0.0,5.02944186130011,229.3968864097148,RET;CLDN1;MYLK;IGF1R;PPP3CA;CDH5;EPHB2;PDGFRB;EPHA4;PDGFRA;PRKCE;HGF;SEMA6D;ADAM10;PRKCA;ACTN4;RHOC;RHOD;FGR;SHTN1;TIAM1;KIT;NUMB;ITGA6;ARHGEF2;PFN1;ARHGEF7;CBLL1;DOCK1;EPHA2;HBEGF;GRB7;SEMA3A;PDGFA;PIK3R3;TWIST1;CXCR4;SEMA3E;CDC42;SDCBP;PAK1;PDGFD;PDGFC;NTF3;PLCG2;PTK2B;NCKAP1L;STX4;MAP4K4;INSR;NTRK3;RDX;SEMA4F;PTK2;TJP1;FER;MYO1C;TRIP6;SNAI1;SPRY2,0.22058823529411764
4,1111,Ribonucleoside Triphosphate Phosphatase Activity (GO:0017111),59/270,1.9794282472377397e-18,catalytic activity,GO_Molecular_Function_2023,5.3292298964092995e-20,0.0,0.0,4.964599138630097,220.3214386309043,RAB3B;ARF1;RND1;RGS3;RAC2;RAC3;RHOG;RRAS2;RHOC;RHOD;DNM1;RHOB;DNM2;DNM3;MRAS;RASA1;RRAGD;RHOU;RAB38;RHOQ;ARF6;GNAZ;RGS17;RAB5B;RALA;RAB5C;RALB;RGS19;AGAP2;GNAI3;AGAP3;GNAI1;RAP1GAP;GNAI2;RAP1B;CDC42;GNA13;GNA14;GNG10;GNA15;RAP1A;RRAS;GNA11;GNA12;RGS20;TPPP;RAB4A;RAB4B;RAB27A;GNG11;GNAO1;RIT1;RIT2;RAB14;GNB1;GNAS;GNB3;GNB5;RAB5A,0.21851851851851853
4,1111,Kinase Binding (GO:0019900),80/460,1.7644038271823198e-18,binding,GO_Molecular_Function_2023,4.4110095679558e-20,0.0,0.0,3.7794680688141296,168.4418145638699,PTPRR;DGKD;CLTC;PRKAG1;PRKAG2;PEBP1;HSPB1;ILK;AP2A1;PTPRJ;NR3C1;AP2A2;ACTB;PPP1CB;GHR;SPRED2;SPRED1;CCND1;RB1CC1;BLNK;CHP1;RAC3;PDGFRB;PRKAB2;DUSP3;PPP1R12A;PRKCD;RHOG;ADAM10;UNC5C;MAPK8IP2;PRKAB1;YWHAZ;DNM1;CNKSR2;FGR;LATS1;TIAM1;MYCN;LCK;CDC37;MAPT;ARHGEF7;EXOC2;LLGL1;GRB7;CAB39;AGAP2;WAS;IQGAP1;FOXO3;CDC42;SOCS1;PLCG2;PIP5K1A;FLNA;SFN;PAK2;MAPK4;MAP3K2;PTPN1;GSN;CAV2;MSN;ESR1;PTK2;IBTK;NBEA;TRIP6;SNAI1;SPRY2;PTPN6;MAP3K13;CALM1;PTPN5;PTPN2;CDK5R2;BCL2L1;MAP3K12;CDK5R1,0.17391304347826086
4,1111,Protein Phosphorylated Amino Acid Binding (GO:0045309),25/45,1.502144318943717e-18,binding,GO_Molecular_Function_2023,3.466486889870116e-20,0.0,0.0,21.718462246777165,973.1730230890852,SHC3;IRS1;YWHAB;CBLC;PIK3R3;SHB;NCK2;PLCG2;ABL2;YES1;SYK;YWHAZ;VAV1;VAV2;FGR;HCK;ZAP70;LCK;NEDD4;RASA1;PTPN6;GRAP;PFN1;PTPN5;PTPN3,0.5555555555555556
4,1111,GTPase Activity (GO:0003924),59/265,9.500098576185685e-19,catalytic activity,GO_Molecular_Function_2023,2.0096362372700486e-20,0.0,0.0,5.086460371368452,230.69004255968255,RAB3B;ARF1;RND1;RGS3;RAC2;RAC3;RHOG;RRAS2;RHOC;RHOD;DNM1;RHOB;DNM2;DNM3;MRAS;RASA1;RRAGD;RHOU;RAB38;RHOQ;ARF6;GNAZ;RGS17;RAB5B;RALA;RAB5C;RALB;RGS19;AGAP2;GNAI3;AGAP3;GNAI1;RAP1GAP;GNAI2;RAP1B;CDC42;GNA13;GNA14;GNG10;GNA15;RAP1A;RRAS;GNA11;GNA12;RGS20;TPPP;RAB4A;RAB4B;RAB27A;GNG11;GNAO1;RIT1;RIT2;RAB14;GNB1;GNAS;GNB3;GNB5;RAB5A,0.22264150943396227
4,1111,Endocytic Vesicle (GO:0030139),49/196,6.113201820387659e-18,cellular anatomical structure,GO_Cellular_Component_2023,2.0227506023341522e-19,0.0,0.0,5.882611424984306,253.21499986136047,SH3KBP1;CLTC;CLTB;CLTA;AP2A1;WASL;ARRB2;AP2A2;RABGEF1;FLOT2;ITGAV;AP2M1;HSP90AA1;DNM2;RABEP1;CTTN;PICK1;RIN3;RAB38;RIN1;RIN2;STAM2;ARF6;HBEGF;GRIA1;CAMK2B;GRIA2;RAB5B;CAMK2D;RALA;CAMK2A;LPAR1;PLD1;MYO6;CLTCL1;AP2S1;SRGAP3;CACNG3;CAMK2G;GRIA3;LYN;AP2B1;GNAO1;EHD2;FMNL1;EHD4;RAB14;SYT11;RAB5A,0.25
4,1111,Positive Regulation Of Supramolecular Fiber Organization (GO:1902905),33/96,4.998922093757192e-16,biological regulation,GO_Biological_Process_2023,4.625776150916586e-18,0.0,0.0,9.147716229348882,365.1300641818152,NCKAP1;MYLK3;PAK1;SCIN;CFL2;NCK2;PTK2B;NCKAP1L;WHAMM;NCK1;VASP;USP8;GSN;CAV3;PRKCE;LIMK1;BAIAP2;HCK;FER;OCLN;CTTN;BIN1;CDC42EP5;FES;CDC42EP4;CDC42EP2;EVL;MAPT;PFN1;MET;PFN3;ARF6;CDK5R1,0.34375
4,1111,Regulation Of Cell Adhesion (GO:0030155),40/144,8.026958313516348e-16,biological regulation,GO_Biological_Process_2023,7.675376549013165e-18,0.0,0.0,6.746031746031746,265.85108866573825,RET;PLXND1;PDE3B;CXCR4;PTPRJ;PRKX;EFNA5;RND1;PPP1CB;PPP2CA;PPP3CA;ERBB3;PPP2R1A;PLXNA2;RAC2;ABL2;PLXNA1;PTK2B;ITGAV;STX4;EPHB2;PLXNA4;CYTH1;EPHB3;PLXNA3;LYN;EPHA4;EPHA7;PPP1R12A;ADAM10;PRKCA;NRG1;RHOD;PTK2;FES;RASA1;PLXNB1;CBLL1;SIPA1;EPHA2,0.2777777777777778
4,1111,Axon (GO:0030424),47/205,1.0412503658214896e-15,cellular anatomical structure,GO_Cellular_Component_2023,4.5937516139183363e-17,0.0,0.0,5.236729085371657,197.00181826524917,RET;ROBO3;PTPRS;PRKAA2;SEMA3A;PTPRO;KCNA2;DOCK7;KCNA3;ATP1A3;IQGAP1;IGF1R;PAK1;NEFL;CTNNA2;EPHB2;ATP7A;EPHA5;KIRREL3;EPHA4;NTRK2;SYT2;CNTN6;INSR;NTRK3;OPRM1;L1CAM;MAPK8IP3;CD2AP;UHMK1;SHTN1;CDK5;BIN1;SYT11;MAP1B;SCN8A;TAOK2;NF1;CNTN2;RIN3;MAPT;VIM;SCN2A;FGF13;RAB5A;LLGL1;CDK5R1,0.22926829268292684
4,1111,Endocytosis (GO:0006897),43/189,1.0388803474225257e-13,localization,GO_Biological_Process_2023,1.34586596519883e-15,0.0,0.0,5.168725309117028,176.98614169876808,DENND1B;RAB5B;HIP1;DENND1A;CLTC;INPPL1;AP2A1;ADRB2;PIK3C2A;NCKIPSD;EEA1;CDC42;CYTH2;DPYSL2;CLTCL1;MYO6;REPS2;PIP5K1A;PIP5K1C;WASF1;EPS15;RALBP1;CAV3;SORT1;INSR;EPS15L1;DNM1;EPN1;DNM2;EPN2;DNM3;EHD2;EHD4;CTTN;BIN1;MYL1;AMPH;RIN3;RHOU;PI4KB;RAB5A;MET;RHOQ,0.2275132275132275
4,1111,Lamellipodium Organization (GO:0097581),18/30,8.037649541369729e-14,cellular process,GO_Biological_Process_2023,1.0164825144853758e-15,0.0,0.0,25.906221408966147,894.3456696294745,CYFIP1;PTPRO;MYO9B;RHOD;SNX1;ABLIM2;ABLIM3;CTTN;KIT;SPATA13;S1PR1;ARFIP2;ARHGEF4;WHAMM;WASF1;ARHGEF7;VCL;ARHGEF6,0.6
4,1111,Transmitter-Gated Monoatomic Ion Channel Activity (GO:0022824),20/40,7.128978444135681e-14,transporter activity,GO_Molecular_Function_2023,3.1532020041369358e-15,0.0,0.0,17.29514207149404,577.4909845480535,GABRB3;GRIA1;GABRA2;GABRB2;GRIA2;GABRA1;GABRB1;GABRA6;GABRA5;GABRA4;GABRA3;GRIK1;HTR3A;GRIK2;GABRG3;GABRG2;GABRG1;GLRA3;GABRE;GRIA3,0.5
4,1111,Negative Regulation Of MAPK Cascade (GO:0043409),32/105,6.471219849641538e-14,biological regulation,GO_Biological_Process_2023,7.984231770069757e-16,0.0,0.0,7.644216486599718,265.74272339744783,PTPRR;PTEN;CBLC;PEBP1;PTPRJ;DUSP16;FOXO1;IGF1R;SPRED2;RPS6KA6;SPRED1;DUSP10;PPP2R1A;DAG1;SIRPA;EPHB2;SH2B3;LYN;EPHA4;PTPN1;DUSP3;CAV3;PRKCD;RANBP9;DUSP9;DUSP6;DUSP7;NF1;SPRY2;SPRY1;EZR;PTPN2,0.3047619047619048
4,1111,MAPK Cascade (GO:0000165),31/98,5.798712204616434e-14,cellular process,GO_Biological_Process_2023,6.975625415793983e-16,0.0,0.0,8.063598673300167,281.41104224267247,CAMKK2;PPP1CB;PAK1;NRTN;ITGAV;MAP3K4;MAP2K5;MAP3K5;MAP4K4;MEF2A;BRAP;MEF2C;DUSP9;DUSP6;MAPK12;DUSP7;MAPK13;MOS;RIT2;TAOK3;MAPKAPK2;TAOK2;NF1;PTPN7;FGF13;MAP3K13;FGFR3;SHANK3;MAP3K11;FGFR1;PTPN3,0.3163265306122449
4,1111,Positive Regulation Of MAP Kinase Activity (GO:0043406),25/91,5.959693989467667e-10,biological regulation,GO_Biological_Process_2023,1.4890043588737848e-11,0.0,0.0,6.56530777387131,163.67527846793556,FLT3;PDGFA;TGFA;RASGRP1;GHR;PAK1;PDGFD;NTF3;PDGFC;MAP3K4;MAP2K5;MAP3K5;PDGFRB;MAP4K2;PTPN1;MEF2C;INSR;NTRK3;TAOK3;KIT;MAP3K13;ARHGEF5;MAP3K11;FGFR1;MAP3K12,0.27472527472527475
4,1111,Peptidyl-Serine Phosphorylation (GO:0018105),40/158,2.323881930360258e-14,cellular process,GO_Biological_Process_2023,2.6521786373636497e-16,0.0,0.0,5.941223947206001,213.0878196127479,CAMK2B;CAMK2D;CAB39;PKN3;CAMK2A;PRKX;STK4;PRKCZ;RPS6KA3;GRK2;MKNK1;MKNK2;PRKACB;MARK3;PAK2;MARK1;MAP4K1;PRKCI;PRKCH;CSNK2A1;PRKCB;PRKCE;PRKCD;PRKCA;MAPK12;UHMK1;MAPK13;LATS1;LATS2;MAPKAPK3;CDK5;MAPKAPK2;ULK2;PRKCQ;PKN2;PKN1;MAP3K13;SGK1;MAP3K12;CDK5R1,0.25316455696202533
4,1111,GABA-gated Chloride Ion Channel Activity (GO:0022851),12/12,1.9278966764014192e-14,transporter activity,GO_Molecular_Function_2023,8.156485938621389e-16,0.0,0.0,226668.0,7875023.882861584,GABRA2;GABRB3;GABRB2;GABRB1;GABRA6;GABRA5;GABRA4;GABRA3;GABRE;GABRG3;GABRG2;GABRG1,1.0
4,1111,Positive Regulation Of Protein Polymerization (GO:0032273),27/70,1.5382127760370732e-14,biological regulation,GO_Biological_Process_2023,1.70807094192889e-16,0.0,0.0,10.916545095683515,396.336051947526,NCKAP1;PAK1;NCK2;PTK2B;NCKAP1L;TPPP;NCK1;VASP;HSP90AA1;CAV3;PRKCE;BAIAP2;HCK;FER;OCLN;CTTN;BIN1;CDC42EP5;FES;CDC42EP4;CDC42EP2;EVL;MAPT;PFN1;MET;ARF6;CDK5R1,0.38571428571428573
4,1111,Protein Tyrosine Kinase Binding (GO:1990782),29/85,1.5199928850617103e-14,binding,GO_Molecular_Function_2023,6.138432805056906e-16,0.0,0.0,9.013681674148405,315.72035335112344,SHC4;DOCK4;SHC3;CBLC;CBLB;CDH5;GRB14;BLNK;PLCG2;SIRPA;ALKAL2;ALKAL1;SH2B3;NCK1;SOCS5;EPHA4;PTPN1;HSP90AA1;DUSP3;ARHGEF16;MST1;FLT3LG;NRG1;PSG3;RNF41;ELMO2;NOX4;PTPN2;TJP2,0.3411764705882353
4,1111,Fc-gamma Receptor Signaling Pathway (GO:0038094),17/24,8.984388154343093e-15,cellular process,GO_Biological_Process_2023,9.699370308513516e-17,0.0,0.0,41.91616610080961,1545.528081852542,LYN;VAV3;YES1;SYK;PRKCE;LIMK1;PRKCD;PTK2;VAV1;PLD2;VAV2;FGR;HCK;PAK1;PLPP4;LCK;FYN,0.7083333333333334
4,1111,Positive Regulation Of Cytoskeleton Organization (GO:0051495),29/79,5.998122349509111e-15,biological regulation,GO_Biological_Process_2023,6.290442932859647e-17,0.0,0.0,10.098539741219962,376.72516762047456,NCKAP1;MYLK3;SCIN;CFL2;NCK2;PTK2B;NCKAP1L;WHAMM;NCK1;PLXNA3;VASP;GSN;PRKCE;LIMK1;BAIAP2;HCK;FER;CTTN;CDK5;BIN1;CDC42EP5;FES;CDC42EP4;CDC42EP2;EVL;TEK;PFN1;PFN3;ARF6,0.3670886075949367
4,1111,Protein Tyrosine Phosphatase Activity (GO:0004725),28/76,5.0348851409097406e-15,catalytic activity,GO_Molecular_Function_2023,1.9364942849652842e-16,0.0,0.0,10.148276392736229,367.1695335824631,PTPRU;PTPRR;PTPRS;PTPRN;PTPRO;PTEN;PTPRJ;DUSP16;PTPRF;PPP2CA;DUSP10;PTPN1;PTPN18;DUSP3;PTPN12;PTPN13;DUSP9;DUSP6;PTK2;DUSP7;PTPRD;PTPRB;PTPRA;PTPN6;PTPN7;PTPN5;PTPN2;PTPN3,0.3684210526315789
4,1111,Regulation Of Phosphatidylinositol 3-Kinase Signaling (GO:0014066),31/90,4.366862786434599e-15,None,GO_Biological_Process_2023,4.4449867968026453e-17,0.0,0.0,9.160860012554927,344.9262556283816,NCF1;FLT3;PTEN;PDGFA;TWIST1;SEMA3E;IGF1R;ERBB3;PDGFD;PDGFC;PIP5K1A;PIP5K1B;PIP5K1C;PDGFRB;PDGFRA;NTRK2;UNC5B;HGF;INSR;NTRK3;PTPN13;PTK2;FGR;NEDD4;KIT;PLXNB1;PTPN6;STAMBP;TEK;PIK3AP1;FGFR1,0.34444444444444444
4,1111,Receptor Tyrosine Kinase Binding (GO:0030971),25/59,4.278887830206956e-15,binding,GO_Molecular_Function_2023,1.56343978411408e-16,0.0,0.0,12.766087097822554,464.6150135282028,SHC4;DOCK4;SHC3;IRS1;CBLC;CBLB;GRB14;BLNK;ALKAL2;ALKAL1;SH2B3;SH2B2;NCK1;SH2B1;SOCS5;PTPN1;DUSP3;TRAT1;ARHGEF16;MST1;FLT3LG;NRG1;RNF41;ELMO2;PTPN2,0.423728813559322
4,1111,Fc-gamma Receptor Signaling Pathway Involved In Phagocytosis (GO:0038096),16/20,2.9452267459238758e-15,cellular process,GO_Biological_Process_2023,2.907071433361013e-17,0.0,0.0,68.98630136986301,2626.777626680061,LYN;VAV3;YES1;SYK;PRKCE;LIMK1;PRKCD;PTK2;VAV1;PLD2;VAV2;FGR;HCK;PAK1;PLPP4;FYN,0.8
4,1111,Cytoplasmic Side Of Plasma Membrane (GO:0009898),36/124,1.4985229297814928e-15,cellular anatomical structure,GO_Cellular_Component_2023,7.162058120279194e-17,0.0,0.0,7.154714587737844,265.9775822415372,BLK;TRAF3IP2;PTEN;AP2A1;IQGAP1;AKAP5;AP2A2;PPP3CA;CDH1;AP2S1;FYN;JAK3;AP2M1;CYTH1;LYN;SRMS;YES1;SYK;EXOC7;PTK6;AP2B1;FGR;TIAM1;HCK;ZAP70;FER;RASA3;FES;LCK;NPHS2;MYH9;PTPN7;EZR;FRK;CDK16;PTPN3,0.2903225806451613
4,1111,Peptidyl-Tyrosine Modification (GO:0018212),28/54,3.35326684931204e-19,cellular process,GO_Biological_Process_2023,2.378936999820386e-21,0.0,0.0,18.75715604801477,890.7329463526005,BLK;FLT3;RELN;ABL2;PTK2B;FYN;EPHB2;JAK3;PDGFRB;LYN;EPHA4;PDGFRA;SRMS;SYK;INSR;PTK2;FGR;HCK;ZAP70;FER;LCK;FES;BTK;PTPN6;TEK;FGFR3;EPHA3;FGFR1,0.5185185185185185
4,1111,Gamma-Aminobutyric Acid Signaling Pathway (GO:0007214),15/20,1.2141921084483174e-13,cellular process,GO_Biological_Process_2023,1.6104337033706864e-15,0.0,0.0,51.68978102189781,1760.6714258212476,GABRA2;GABRB3;GABRA1;GABRB2;GABRB1;GABRA6;GABRA5;GABRA4;GABRA3;GABRG3;GABRG2;GABRG1;GNAI2;GABRR1;GABRE,0.75
4,1111,Regulation Of Hydrolase Activity (GO:0051336),32/71,1.2623998198392574e-19,biological regulation,GO_Biological_Process_2023,8.566562626916614e-22,0.0,0.0,14.334260117392647,695.3407026928144,ARHGAP9;RABGAP1;PLXND1;CAMK2A;EFNA5;FGD1;RAP1GAP;FGD3;FGD5;CHN2;CHN1;PLXNA2;PLXNA1;PRKG1;PLXNA4;EPHB3;PLXNA3;EPHA5;VAV3;EPHA4;NTRK2;RALBP1;RDX;VAV1;PTK2;VAV2;ALS2;NF1;PLXNB1;ARHGEF5;EPHA3;NGEF,0.4507042253521127
4,1111,Cell-Cell Junction (GO:0005911),65/299,2.975330950005297e-20,cellular anatomical structure,GO_Cellular_Component_2023,8.750973382368523e-22,0.0,0.0,4.95405778627576,240.2109029369832,PTPRU;CTNND1;SNAP23;PTPRJ;CLDN1;ACTG1;RND1;CDH5;GJA1;CDH4;CDH2;CDH1;GJA4;FLOT1;FLOT2;KIRREL3;MAGI1;DSP;PRKCI;KIRREL1;ACTN1;CASK;TIAM1;CNKSR1;MYH2;PARD3;CDC42EP4;EZR;TLN1;LLGL1;VCL;EPHA2;PXN;PRKCZ;RAP1B;CYTH3;SDCBP;PAK1;PARD6B;PARD6A;CTNNA1;FLNA;CTNNA3;CTNNA2;PAK2;JAM3;PAK4;RDX;MSN;SORBS1;CDC42BPB;BAIAP2;PPP1CA;TJP1;RAB10;OCLN;DNMBP;NPHS1;NPHS2;FAT1;ZYX;PKN2;NF2;TEK;TJP2,0.21739130434782608
4,1111,Actin Cytoskeleton (GO:0015629),83/327,8.49365082007483e-31,cellular anatomical structure,GO_Cellular_Component_2023,1.249066297069828e-32,0.0,0.0,6.169607546086624,453.22138573626296,WIPF1;ARPC1B;ARPC1A;WASL;ACTB;MYLK3;MYLK;ACTG1;RND1;AKAP13;LASP1;CDH2;CDH1;CFL2;CFL1;RAC2;CAPN2;FLOT1;FLOT2;SPTAN1;APC2;ACTR3;ACTR2;DBNL;PPP1R12A;ACTN3;ACTN2;TPM3;ACTN1;SWAP70;CASK;ACTN4;CD2AP;FGR;HCK;ACTA1;CTTN;BIN1;CDC42EP4;MYH9;AMPH;TLN2;EZR;EPHA3;LLGL1;RHOQ;WAS;ASAP1;IQGAP1;IQGAP2;KALRN;NTN1;PAK1;SCIN;ABLIM2;ABLIM3;CNR1;MYO6;FLNA;ABL2;FLNB;WASF1;WASF2;SPTBN1;CORIN;SPTBN2;VASP;GSN;RDX;MYO5A;DSTN;MYO9B;ARPC5;BAIAP2;DIAPH1;DIAPH2;FER;MYO1C;ARPC2;TAOK2;ZYX;SPRY2;TEK,0.25382262996941896
4,1111,Protein Serine/Threonine Kinase Activity (GO:0004674),89/342,1.3008497707375065e-33,catalytic activity,GO_Molecular_Function_2023,7.504902523485613e-36,0.0,0.0,6.414625279425756,518.7989001116106,MYLK2;TESK2;ILK;MYLK3;MYLK;RPS6KA4;RPS6KA3;RPS6KA6;RPS6KA5;RPS6KA2;RPS6KA1;PIM1;MAP3K9;MAP3K6;PRKACB;MAP3K4;MAP3K5;MAP4K1;MAP4K2;PRKAB2;PRKCI;PRKCH;CDKL5;CSNK2A1;SYK;PRKCB;DAPK2;PRKCE;PRKCD;CASK;PRKCA;PRKAB1;UHMK1;LATS1;LATS2;MAPKAPK3;PRKD3;MAPKAPK2;ULK2;PRKCQ;SGK1;CAMK2B;CAMK2D;PRKAA2;PKN3;CAMK2A;STK4;PRKCZ;CAMKK2;STK3;PAK1;GRK3;GRK2;MAPK7;GRK5;MKNK1;GRK6;MKNK2;PAK6;PTK2B;FYN;MAP4K5;PAK3;MAPK6;PAK2;MARK3;CAMK2G;MAP4K3;MAPK4;BRD4;MAP4K4;PAK4;MARK1;MAP3K2;LIMK2;LIMK1;CDC42BPB;MAPK12;MAPK13;MOS;TAOK3;CDK5;TAOK2;PKN2;PKN1;MAP3K13;MAP3K11;CDK16;MAP3K12,0.260233918128655
4,1111,Ras Protein Signal Transduction (GO:0007265),59/144,1.0740273761202212e-33,cellular process,GO_Biological_Process_2023,2.9815689034799482e-36,0.0,0.0,12.407023037351824,1014.9020987463018,CYFIP1;NCKAP1;GDI1;RASGRF2;RASGRF1;ARHGAP1;ARHGAP5;ARHGAP4;EPS8;RASSF1;ARHGDIA;CFL1;RAC3;USP8;DBNL;KSR1;RHOG;RRAS2;RHOD;RHOB;CNKSR2;SHTN1;TIAM1;DOK2;MRAS;DOK4;DOK5;DOK6;ELMO1;ARHGEF3;RAPGEF4;RALA;RALB;GARRE1;WAS;PLD1;RASGRP2;RASGRP1;NTN1;RASGRP4;RAP1B;GNA13;RAP1A;RRAS;GNA12;SHOC2;WASF1;RALGDS;BRAP;FARP2;NGFR;LIMK1;MYO9B;RIT1;RIT2;GNB1;NF1;RGL3;GRAP,0.4097222222222222
4,1111,Neuron Projection (GO:0043005),116/557,2.0925958784473757e-34,cellular anatomical structure,GO_Cellular_Component_2023,2.3080101600522527e-36,0.0,0.0,4.876919746122905,400.18383127428007,CYFIP2;EPHB6;CYFIP1;IGF1R;CDH2;PPP2R1A;CAPN2;EPHB2;EPHB1;EPHB3;EPHA5;KIRREL3;EPHA4;EPHA7;MAGI2;GABRG3;MAPK8IP3;GABRG2;CD2AP;GABRG1;UHMK1;SHTN1;BIN1;MAP1B;SCN8A;RIN3;EPHA3;LLGL1;GRIA1;RTN4R;GRIA2;EPHA10;IQGAP1;MARK3;MARK1;PRNP;SYT2;HOMER1;CNTN6;INSR;MYO5A;RAB27A;L1CAM;CPEB1;CDK5;NF1;CNTN2;STRN;SCN2A;FGF13;RAB5A;GABRB3;RET;GABRB2;ROBO3;GABRB1;PTPRS;RASGRF1;PTPRO;DOCK7;PTEN;GABRR2;TMEM222;GABRR1;NEFL;RAC3;ATP7A;GIT1;ARHGEF15;HTR3A;OPRM1;RHOC;GCHFR;ALS2;PICK1;MAPT;ARHGEF7;SHANK3;SHANK1;CAMK2B;CAMK2D;PRKAA2;SEMA3A;KCNA2;CAMK2A;KCNA3;ATP1A3;TRAK1;CDC42;PAK1;GLRA3;RELN;GNA12;PTK2B;FYN;CTNNA2;GABRE;GABRD;CAMK2G;GABRA2;GABRQ;GABRA1;NTRK2;SLC12A5;GABRA6;GABRA5;GABRA4;NTRK3;GABRA3;LIMK1;RIT2;SYT11;TAOK2;VIM;CDK5R2;CDK5R1,0.20825852782764812
4,1111,Axonogenesis (GO:0007409),68/188,6.766622275692024e-35,cellular process,GO_Biological_Process_2023,1.669740228424929e-37,0.0,0.0,10.197283477149249,863.5363566073094,CYFIP2;EPHB6;RET;CYFIP1;ROBO3;TRIO;DOCK7;PTPRO;PTEN;PPP3CB;RPS6KA5;DPYSL5;DAG1;ARHGEF40;EPHB2;EPHB1;NEO1;SCN1B;EPHB3;EPHA5;EPHA4;EPHA7;HSP90AA1;DCC;APLP2;SEMA6D;UNC5C;ENAH;SHTN1;MAP1B;PARD3;ULK2;PRKCQ;EPHA3;LLGL1;EPHA10;ARHGEF25;SEMA3A;SEMA3E;EFNA5;EFNA4;KALRN;NTN3;EFNB2;EFNB1;PARD6B;EFNB3;RELN;SLIT1;SLITRK5;FYN;CTNNA2;PAK3;PLXNA3;VASP;BDNF;CNTN6;SEMA4F;L1CAM;BAIAP2;PTK2;RAB10;EFNA3;EFNA2;CDK5;TAOK2;CNTN2;CDK5R1,0.3617021276595745
4,1111,Axon Guidance (GO:0007411),62/149,7.406017251530279e-36,cellular process,GO_Biological_Process_2023,1.599078370163848e-38,0.0,0.0,12.77323778530182,1111.6396343474837,CYFIP2;EPHB6;RET;CYFIP1;ROBO3;TRIO;PLXND1;PTPRO;RPS6KA5;DPYSL5;DAG1;RAC3;ARHGEF40;EPHB2;EPHB1;NEO1;SCN1B;EPHB3;EPHA5;EPHA4;EPHA7;UNC5A;UNC5B;DCC;SEMA6D;UNC5C;ENAH;GAP43;PRKCQ;EPHA3;EPHA10;ARHGEF25;SEMA3A;SEMA3E;EFNA5;EFNA4;KALRN;NTN1;NTN3;EFNB2;EFNB1;EFNB3;RELN;CHN1;PLXNA2;SLIT1;PLXNA1;FYN;NCAM1;PLXNA4;PLXNA3;VASP;BDNF;CNTN6;SEMA4F;L1CAM;PTK2;EFNA3;EFNA2;CNTN2;PLXNB1;CDK5R1,0.4161073825503356
4,1111,Regulation Of Small GTPase Mediated Signal Transduction (GO:0051056),58/118,1.9489815499210603e-38,biological regulation,GO_Biological_Process_2023,3.6069985501315117e-41,0.0,0.0,17.285248496359607,1609.6561457236771,ARHGAP9;TRIO;DOCK3;DOCK8;RASGRF2;ITSN1;RASGRF1;ARHGAP1;ARHGAP5;ARHGAP4;PREX2;PREX1;AKAP13;MCF2L;ITGAV;ARHGEF40;VAV3;ARHGEF10;RALBP1;PLEKHG1;ARHGEF15;SWAP70;ARHGEF17;ARAP1;GMIP;RHOD;VAV1;CD2AP;VAV2;BCR;TIAM2;TIAM1;ARHGEF9;OBSCN;SPATA13;ARHGEF3;ARHGEF4;RHOU;ARHGEF2;DOCK2;NGEF;ARHGEF5;ARHGEF25;ARHGEF28;KALRN;FGD1;FGD3;GNA13;FGD5;RELN;CHN2;CHN1;SRGAP3;MYO9B;ARHGAP26;ARHGAP31;ARHGAP30;DNMBP,0.4915254237288136
4,1111,Ephrin Receptor Signaling Pathway (GO:0048013),33/43,8.633637699195742e-31,cellular process,GO_Biological_Process_2023,2.6630591299184887e-33,0.0,0.0,57.79285714285714,4334.801365903705,EPHB6;EPHA10;ARHGEF28;EFNA5;EFNA4;KALRN;EFNB2;EFNB1;PAK1;EFNB3;CHN1;FYN;EPHB2;PAK3;EPHB1;EPHB4;EPHB3;EPHA5;LYN;EPHA4;EPHA7;YES1;MMP2;PTK2;TIAM1;EFNA3;EFNA2;RASA1;ARHGEF7;EPHA3;NGEF;CDK5R1;EPHA2,0.7674418604651163
4,1111,Regulation Of Intracellular Signal Transduction (GO:1902531),90/297,2.7015663142947407e-39,biological regulation,GO_Biological_Process_2023,4.166511897431741e-42,0.0,0.0,7.955542307200954,758.0159621427255,ARHGAP9;TRIO;DOCK3;DOCK8;RASGRF2;ITSN1;ARHGAP1;PTEN;HSPB1;ARHGAP5;ARHGAP4;PREX2;PREX1;AKAP13;SPRED1;MCF2L;ITGAV;ARHGEF40;VAV3;ARHGEF10;RALBP1;PLEKHG1;ARHGEF15;DAPK2;SWAP70;ARHGEF17;ARAP1;GMIP;RHOD;VAV1;VAV2;RNF41;BCR;TIAM2;TIAM1;ARHGEF9;OBSCN;SPATA13;ARHGEF3;ARHGEF4;RHOU;ARHGEF2;MAPT;EZR;SGK1;DOCK2;NGEF;ARHGEF5;PHLPP1;ARHGEF25;ARHGEF28;AKAP6;AKAP5;STK4;KALRN;FGD1;GNAI1;STK3;FGD3;GNA13;FGD5;PAK1;RRAS;CHN2;CHN1;GNA12;PLCG2;PIP5K1A;PAK6;PIP5K1B;PIP5K1C;SRGAP3;PAK3;PAK2;MAP4K4;PAK4;LYN;NTRK2;NTRK3;MYO9B;ARHGAP26;PTPN13;ARHGAP31;RIT2;ARHGAP30;DNMBP;TAOK3;GRAP;NF2;TEK,0.30303030303030304
4,1111,Protein Modification Process (GO:0036211),148/711,1.9755464046564627e-43,cellular process,GO_Biological_Process_2023,1.8280811887629205e-46,0.0,0.0,5.002587754002903,526.8507679465878,EPHB6;TESK2;MYLK3;PPP1CB;RPS6KA4;RPS6KA5;PPP2R1B;PPP2R1A;RPS6KA1;PIM1;MAP3K9;MAP3K6;EPHB2;SBF1;PRKACB;EPHB1;PDK2;MAP3K5;EPHB3;PDK1;EPHA5;EPHA4;PRKCI;EPHA7;PRKCH;CDKL5;CSNK2A1;PRKCB;DAPK2;PRKCE;PRKCD;ADAM10;PRKCA;PHKA2;PRKAB1;PRKAR1B;MAPKAPK2;BTK;PRKCQ;EPHA3;EPHA10;CSF2RB;STK4;PRKCZ;STK3;PPP3R1;GRK3;GRK2;GRK5;GRK6;ABL2;MARK3;MARK1;LYN;YES1;INSR;PTK6;BMX;PTK2;SSH1;PTPRD;PTPRB;FER;CDK5;PTPRA;MAP3K13;MAP3K11;CDK16;MAP3K12;FGFR1;PTPRU;PTPRR;PTPRS;PTPRO;PRKAG1;PTEN;PRKAG2;ILK;PTPRJ;DUSP16;PPP3CA;PPP3CB;PPP3CC;RB1CC1;PRKG2;JAK3;PRKG1;ILKAP;DSP;MAP4K1;MAP4K2;PPP1R12A;SYK;WIPI1;PPP2R5D;YWHAZ;FGR;LATS1;HCK;ZAP70;CREB1;LATS2;LCK;CTDSP2;PICK1;SGK1;CAMK2B;CAMK2D;PRKAA2;PKN3;CAMK2A;PPM1E;CAMKK2;PPP2CA;PPP2CB;PAK1;MKNK1;MKNK2;PAK6;PTK2B;CSK;FYN;MAP4K5;PAK3;MAPK6;PAK2;MAP4K3;MAP4K4;PAK4;PTPN1;PTPN18;LIMK2;LIMK1;WWP2;CDC42BPB;PTPN12;PPP2R3A;PTPN13;PPP1CA;TMEM59;TAOK3;TAOK2;PKN2;PTPN6;PKN1;PTPN7;PTPN5;PTPN3,0.20815752461322082
4,1111,Focal Adhesion (GO:0005925),108/387,2.267072289440548e-44,cellular anatomical structure,GO_Cellular_Component_2023,1.347798940089718e-46,0.0,0.0,7.182323995754672,758.6002309291756,CYFIP1;NCKAP1;ACTB;ACTG1;PPP1CB;GJA1;CDH2;CFL1;DAG1;CAPN2;CHP1;CAPN1;PDGFRB;ACTN3;ACTN2;ACTN1;ADAM10;CASK;LMO7;ACTN4;TLN2;EZR;PFN1;TLN1;VCL;EPHA2;GRB7;PXN;IQGAP1;LPP;SLC9A1;EFNB2;RRAS;PRKAR2A;PIP5K1A;PIP5K1C;VASP;YES1;CAV3;CAV2;RDX;MSN;ARPC5;L1CAM;PTK2;ARPC2;PTPRA;FES;TRIP6;FAT1;FGFR3;ARF1;YWHAB;ARPC1B;CLTC;SNAP23;GDI2;DOCK7;HSPB1;ILK;LASP1;YWHAQ;RAC2;FLOT1;FLOT2;ITGAV;GIT1;YWHAG;ACTR3;ACTR2;PDCD6IP;PPP1R12A;RHOG;RRAS2;YWHAZ;RHOB;DNM2;ENAH;HCK;CTTN;NUMB;MYH9;EVL;ITGA6;ARHGEF2;ARHGEF7;ATP6V0C;ARF6;RALA;ASAP3;CXCR4;CDC42;GNA13;GNA12;CTNNA1;FLNA;PTK2B;FLNB;FLNC;MAP4K4;PAK4;GIT2;GSN;SORBS1;RAB10;ZYX;VIM;LAMTOR3,0.27906976744186046
4,1111,Cell-Substrate Junction (GO:0030055),109/395,2.267072289440548e-44,cellular anatomical structure,GO_Cellular_Component_2023,1.6669649187062854e-46,0.0,0.0,7.075802939575395,745.8455974424022,CYFIP1;NCKAP1;ACTB;ACTG1;PPP1CB;GJA1;CDH2;CFL1;DAG1;CAPN2;CHP1;CAPN1;PDGFRB;ACTN3;ACTN2;ACTN1;ADAM10;CASK;LMO7;ACTN4;TLN2;EZR;PFN1;TLN1;VCL;EPHA2;GRB7;PXN;IQGAP1;LPP;SLC9A1;EFNB2;RRAS;PRKAR2A;PIP5K1A;PIP5K1C;VASP;YES1;CAV3;CAV2;RDX;MSN;ARPC5;L1CAM;PTK2;ARPC2;PTPRA;FES;TRIP6;FAT1;FGFR3;ARF1;YWHAB;ARPC1B;CLTC;SNAP23;GDI2;DOCK7;HSPB1;ILK;LASP1;YWHAQ;RAC2;FLOT1;FLOT2;ITGAV;GIT1;YWHAG;ACTR3;ACTR2;PDCD6IP;PPP1R12A;RHOG;RRAS2;YWHAZ;RHOB;DNM2;ENAH;HCK;CTTN;NUMB;MYH9;EVL;ITGA6;ARHGEF2;ARHGEF7;ATP6V0C;ARF6;RALA;ASAP3;CXCR4;CDC42;GNA13;GNA12;CTNNA1;FLNA;PTK2B;FLNB;FLNC;MAP4K4;PAK4;GIT2;GSN;ERBIN;SORBS1;RAB10;ZYX;VIM;LAMTOR3,0.2759493670886076
4,1111,Guanyl-Nucleotide Exchange Factor Activity (GO:0005085),81/203,5.945557346964997e-46,molecular function regulator activity,GO_Molecular_Function_2023,2.2867528257557683e-48,0.0,0.0,12.097143084513768,1327.0197198327628,DOCK6;DENND1B;DOCK4;TRIO;DOCK3;DOCK9;DENND1A;DOCK8;RASGRF2;ITSN1;DOCK7;RASGRF1;PREX2;DOCK10;PREX1;RABGEF1;AKAP13;DOCK11;MCF2L;DENND5A;ARHGEF40;SBF1;SBF2;VAV3;DENND2C;ARHGEF10;PLEKHG1;PLEKHG2;ARHGEF15;DENND2B;SWAP70;ARHGEF17;ARHGEF16;ARHGEF18;RHOD;VAV1;VAV2;BCR;TIAM2;TIAM1;ARHGEF9;OBSCN;ALS2;SPATA13;ARHGEF3;ELMO1;ARHGEF4;RIN3;RHOU;ARHGEF2;RIN1;ARHGEF7;DOCK2;RIN2;DOCK1;NGEF;ARHGEF5;ARHGEF6;RAPGEF4;ARHGEF25;ARHGEF28;RASGRP2;KALRN;RASGRP1;FGD1;RASGRP4;FGD3;CYTH3;GNA13;CYTH2;FGD5;RAP1A;RALGDS;CYTH1;FARP2;DENND4A;HPS1;HPS4;DNMBP;RGL3;LAMTOR3,0.39901477832512317
4,1111,Protein Phosphorylation (GO:0006468),135/500,3.226155687864388e-53,cellular process,GO_Biological_Process_2023,1.9902255939940706e-56,0.0,0.0,7.019818100157197,900.3374209846862,EPHB6;MYLK2;TESK2;MYLK3;IGF1R;RPS6KA4;RPS6KA3;RPS6KA5;RPS6KA1;PIM1;MAP3K9;MAP3K6;EPHB2;PRKACB;EPHB1;EPHB4;PDK2;MAP3K5;EPHB3;PDK1;EPHA5;PDGFRB;EPHA4;PDGFRA;PRKCI;EPHA7;PRKCH;CDKL5;CSNK2A1;PRKCB;DAPK2;PRKCE;PRKCD;ADAM10;PRKCA;PRKAB1;UHMK1;PRKAR1B;MAPKAPK3;MAPKAPK2;BTK;ULK2;PRKCQ;EPHA3;BLK;EPHA10;CSF2RB;STK4;PRKCZ;STK3;GRK3;GRK2;GRK5;GRK6;ABL2;MARK3;MARK1;LYN;SRMS;INSR;PTK6;BMX;PTK2;FER;CDK5;FES;MAP3K13;FGFR3;MAP3K11;CDK16;MAP3K12;FGFR1;ALK;FLT3;PRKAG1;PRKAG2;ILK;PPP3CB;EEF2K;RB1CC1;PRKG2;JAK3;PRKG1;MAP4K1;MAP4K2;SYK;YWHAZ;FGR;LATS1;HCK;ZAP70;CREB1;LATS2;LCK;KIT;PICK1;SGK1;CAMK2B;CAMK2D;PRKAA2;CAB39;PKN3;CAMK2A;PRKX;CAMKK2;PAK1;RELN;MKNK1;MKNK2;PAK6;PTK2B;CSK;FYN;MAP4K5;PAK3;MAPK6;PAK2;MAP4K3;MAP4K4;PAK4;NTRK2;LIMK2;LIMK1;CDC42BPB;MAPK12;MAPK13;MOS;ABI2;TAOK3;TAOK2;PKN2;PTPN6;PKN1;TEK;CDK5R1,0.27
4,1111,GTPase Regulator Activity (GO:0030695),133/424,1.4193059986572832e-61,molecular function regulator activity,GO_Molecular_Function_2023,2.729434612802468e-64,0.0,0.0,8.691326010723898,1272.0742209560035,USP6NL;TRIO;ITSN1;PREX2;DOCK10;PREX1;RABGEF1;DOCK11;RGS3;SIRPA;DENND5A;ARHGEF40;SBF1;SBF2;RALBP1;RALGAPA1;STARD8;SWAP70;BCR;TIAM2;TIAM1;OBSCN;SPATA13;ELMO1;RIN3;RIN1;RIN2;NGEF;LLGL1;ARHGEF25;ARHGEF28;AGAP2;AGAP3;IQGAP1;IQGAP2;RASGRP2;KALRN;RASGRP1;RAP1GAP;RASGRP4;RAP1A;NCKAP1L;SRGAP3;SRGAP1;RALGDS;JUN;DENND4A;TNK2;HPS1;HPS4;ADAP1;ARHGAP26;ARHGAP31;ARHGAP30;DNMBP;NF1;PLXNB1;RGL3;GNB5;ARHGAP9;DOCK6;DENND1B;DOCK4;DOCK3;GDI1;DOCK9;DENND1A;RASGRF2;DOCK8;RASGRF1;DOCK7;ARHGAP1;ARRB1;WASL;ARHGAP5;ARHGAP4;AKAP13;MCF2L;GIT1;VAV3;DENND2C;ARHGEF10;PLEKHG1;PLEKHG2;ARHGEF15;DENND2B;ARHGEF17;ARHGEF16;ARAP2;ARAP3;ARHGEF18;ARAP1;GMIP;RHOD;VAV1;VAV2;TBC1D1;ARHGEF9;ALS2;TBC1D4;RASA4;RASA1;CDC42EP2;ARHGEF3;ARHGEF4;RHOU;ARHGEF2;ARHGEF7;DOCK2;DOCK1;ARHGEF5;RAPGEF4;ARHGEF6;RABGAP1;WAS;ASAP3;ASAP1;ASAP2;FGD1;FGD3;CYTH3;GNA13;CYTH2;FGD5;CHN2;CHN1;RGS20;CYTH1;FARP2;GIT2;MYO9B;LAMTOR3;SIPA1,0.3136792452830189
4,1111,Transmembrane Receptor Protein Tyrosine Kinase Signaling Pathway (GO:0007169),115/284,6.469458187759469e-66,cellular process,GO_Biological_Process_2023,1.99551455513864e-69,0.0,0.0,12.78962001853568,2023.1576263061825,EPHB6;IRS1;IRS2;IGF1R;GRB14;GRB10;EPHB2;EPHB1;EPHB4;PDK2;EPHB3;EPHA5;PDGFRB;EPHA4;PDGFRA;EPHA7;HGF;PRLR;PGF;TIAM1;DOK2;DOK4;MAPKAPK3;DOK5;DOK6;MAPKAPK2;EPHA3;NGEF;EPHA2;BLK;SHC4;GRB7;SHC3;EPHA10;STXBP4;ARHGEF28;CSH1;PXN;PDGFA;PIK3R3;ADRB2;EFNA5;KALRN;EFNA4;FOXO1;RASGRP4;EFNB2;SOCS2;EFNB1;EFNB3;FLRT3;PDGFD;PDGFC;LYN;SRMS;YES1;BDNF;CAV2;INSR;IGF2;PTK6;PTK2;EFNA3;FER;EFNA2;FGFR3;FGFR1;RET;ALK;FLT3;PTPRJ;PIK3C2A;GHR;BLNK;APPL1;SYK;MMP2;NRG1;NGF;GFRA2;VAV1;VAV2;FGR;CNKSR1;HCK;ZAP70;LCK;RASA1;KIT;LCP2;ARHGEF7;MET;RHOQ;PAK1;ERBB3;CHN1;NTF3;PTK2B;ALKAL2;SHOC2;FYN;ALKAL1;PAK3;PAK2;SH2B2;NTRK2;SORT1;NTRK3;SORBS1;BAIAP2;RAB14;TEK;FRK;PTPN2;CDK5R1,0.40492957746478875
4,1111,Phosphorylation (GO:0016310),113/429,4.399160603927276e-43,cellular process,GO_Biological_Process_2023,5.4277120344568495e-46,0.0,0.0,6.654920600695061,693.6250487171463,DGKG;EPHB6;DGKD;DGKA;TESK2;MYLK3;RPS6KA4;RPS6KA5;RPS6KA1;PIM1;MAP3K9;MAP3K6;EPHB2;PRKACB;EPHB1;PDK2;MAP3K5;EPHB3;PDK1;EPHA5;EPHA4;PRKCI;EPHA7;PRKCH;CDKL5;CSNK2A1;PRKCB;DAPK2;PRKCE;PRKCD;ADAM10;PRKCA;PRKAB1;DGKZ;PRKAR1B;MAPKAPK2;BTK;PRKCQ;EPHA3;EPHA10;CSF2RB;STK4;PRKCZ;STK3;GRK3;GRK2;GRK5;GRK6;MARK3;MARK1;LYN;TNK2;INSR;PTK6;BMX;PTK2;FER;CDK5;MAP3K13;MAP3K11;CDK16;MAP3K12;FGFR1;ALK;PRR5;PRKAG1;PRKAG2;ILK;PPP3CB;RB1CC1;PRKG2;JAK3;PRKG1;MAP4K1;MAP4K2;SYK;YWHAZ;FGR;LATS1;HCK;ZAP70;CREB1;LATS2;LCK;PICK1;SGK1;CAMK2B;CAMK2D;PRKAA2;PKN3;CAMK2A;CAMKK2;PAK1;MKNK1;MKNK2;PAK6;PTK2B;CSK;FYN;MAP4K5;PAK3;MAPK6;PAK2;MAP4K3;MAP4K4;PAK4;LIMK2;LIMK1;CDC42BPB;TAOK3;TAOK2;PKN2;PKN1,0.2634032634032634
4,1111,Protein Tyrosine Kinase Activity (GO:0004713),47/99,1.4018905043353462e-30,catalytic activity,GO_Molecular_Function_2023,1.0783773110271894e-32,0.0,0.0,16.001644736842106,1177.8373134508263,BLK;ALK;RET;ITK;FLT3;IGF1R;CAMKK2;RPS6KA5;ERBB3;ABL2;PTK2B;CSK;FYN;EPHB2;JAK3;EPHB4;PDGFRB;LYN;EPHA4;PDGFRA;EPHA7;SRMS;YES1;SYK;INSR;TNK2;NTRK3;MATK;PTK6;BMX;PTK2;BCR;FGR;HCK;ZAP70;FER;TEC;FES;LCK;KIT;BTK;TEK;FGFR3;MET;FRK;EPHA2;FGFR1,0.47474747474747475
4,1111,Protein Kinase Binding (GO:0019901),104/511,1.0240592616128838e-29,binding,GO_Molecular_Function_2023,9.846723669354651e-32,0.0,0.0,4.689844308513623,334.8341742056703,IRS1;PEBP1;NR3C1;ACTB;PPP1CB;CDH5;CCND1;SIRPA;PDGFRB;EPHA4;PRKAB2;PRKCB;PRKCD;ADAM10;UNC5C;PSG3;MAPK8IP2;PRKAB1;MAPK8IP3;MAPK8IP1;PRKAR1B;MAPKAPK3;PRKAR1A;MAPKAPK2;EZR;LLGL1;GRB7;AGAP2;IQGAP1;FOXO3;SOCS1;GRK5;PRKAR2B;PRKAR2A;PLCG2;SFN;CAV2;MSN;ESR1;PTK2;IBTK;NBEA;NOX4;MAP3K13;CALM1;MAP3K11;BCL2L1;MAP3K12;PTPRR;CLTC;PDE3B;PRKAG1;PRKAG2;HSPB1;ILK;AP2A1;PTPRJ;DUSP16;AP2A2;GHR;SPRED2;SPRED1;DUSP10;RB1CC1;BLNK;PRKG2;RAC3;ITGAV;YWHAG;APPL1;DSP;MAP4K2;HSP90AA1;DUSP3;PPP1R12A;RHOG;YWHAZ;DNM1;CNKSR2;FGR;LATS1;LCK;PICK1;MAPT;ARHGEF7;EXOC2;WAS;CDC42;MAPK7;CSK;SH2B3;PAK2;MAPK4;MAP3K2;PTPN1;TAOK2;SPRY2;PTPN6;PKN1;PTPN5;PTPN2;CDK5R2;CDK5R1;TJP2,0.2035225048923679
4,1111,Protein Autophosphorylation (GO:0046777),57/162,2.1236143915406383e-28,cellular process,GO_Biological_Process_2023,7.205354197084213e-31,0.0,0.0,9.674600162645705,671.4686572240257,ALK;MYLK2;FLT3;IGF1R;EEF2K;RB1CC1;PIM1;MAP3K9;EPHB1;EPHB4;EPHB3;PDGFRB;MAP4K1;EPHA4;PDGFRA;CDKL5;DAPK2;UHMK1;FGR;HCK;MAPKAPK3;LCK;MAPKAPK2;KIT;ULK2;CAMK2B;CAMK2D;CAMK2A;PRKX;STK4;CAMKK2;PAK1;GRK5;MKNK1;MKNK2;PTK2B;FYN;MARK3;PAK2;LYN;NTRK2;SRMS;INSR;PTK6;BMX;PTK2;MOS;FER;TAOK3;FES;TAOK2;TEK;MAP3K13;FGFR3;MAP3K11;FGFR1;MAP3K12,0.35185185185185186
4,1111,Non-Membrane Spanning Protein Tyrosine Kinase Activity (GO:0004715),24/36,2.233342423539972e-20,catalytic activity,GO_Molecular_Function_2023,3.865400348434567e-22,0.0,0.0,34.732290708371664,1712.4688826169308,BLK;LYN;ITK;SRMS;YES1;SYK;MATK;PTK6;BMX;PTK2;FGR;HCK;ZAP70;FER;TEC;FES;LCK;BTK;ABL2;PTK2B;CSK;FYN;JAK3;FRK,0.6666666666666666
4,1111,Dendrite (GO:0030425),62/270,1.481773987732358e-20,cellular anatomical structure,GO_Cellular_Component_2023,3.813388939017098e-22,0.0,0.0,5.308269780743565,261.79512693622786,EPHB6;DAGLA;TMEM222;CAPN2;EPHB2;ATP7A;EPHB1;EPHB3;EPHA5;KIRREL3;EPHA4;EPHA7;CDKL5;ARHGEF15;MAGI2;OPRM1;GABRG3;MAPK8IP3;GABRG2;CD2AP;GABRG1;UHMK1;GCHFR;ALS2;BIN1;MAP1B;RIN3;MAPT;EPHA3;SHANK1;GRIA1;GRIA2;PRKAA2;EPHA10;KCNA2;AKAP5;TRAK1;PAK1;RELN;PTK2B;FYN;GABRE;MARK3;MARK1;GABRA2;GABRA1;PRNP;NTRK2;HOMER1;GABRA6;GABRA5;INSR;GABRA4;GABRA3;RAB27A;CDK5;SYT11;NF1;STRN;FGF13;RAB5A;CDK5R1,0.22962962962962963
4,1111,Protein Dephosphorylation (GO:0006470),43/124,4.1110211162982956e-21,cellular process,GO_Biological_Process_2023,2.6629069538021043e-23,0.0,0.0,9.348776991723309,485.9497905099911,PTPRU;PTPRR;PTPRS;PTPRO;PTEN;PTPRJ;DUSP16;PPM1E;PTPRF;PPP1CB;PPP2CA;PPP3CA;PPP2CB;PPP3R1;PPP3CB;DUSP10;PPP3CC;PPP2R1B;PPP2R1A;SBF1;ILKAP;NCK1;PTPN1;PTPN18;DUSP3;PPP1R12A;PPP2R5D;PPP2R3A;PTPN12;PTPN13;DUSP6;SSH1;DUSP7;PPP1CA;PTPRD;PTPRB;PTPRA;CTDSP2;PTPN6;PTPN7;PTPN5;PTPN2;PTPN3,0.3467741935483871
4,1111,Neuron Projection Morphogenesis (GO:0048812),47/146,1.5248185768265578e-21,cellular process,GO_Biological_Process_2023,9.406653774377286e-24,0.0,0.0,8.383933318143844,444.5213840222564,NCKAP1;TRIO;DOCK7;PTEN;IQGAP1;WASL;DOCK10;CDC42;PAK1;PARD6B;FLRT3;NTF3;SLITRK5;NCKAP1L;SRGAP3;CTNNA2;EPHB2;ATP7A;PAK3;EPHB1;EPHB3;PLXNA3;MAP4K4;MEF2A;EPHA4;DBNL;BDNF;DCC;APLP2;MAPK8IP2;NGF;BAIAP2;DNM2;RAB10;SHTN1;CDK5;ALS2;CTTN;TAOK3;MAP1B;PARD3;TAOK2;PLXNB1;SGK1;SHANK3;LLGL1;SHANK1,0.3219178082191781
4,1111,Peptidyl-Tyrosine Phosphorylation (GO:0018108),33/67,9.277077463641282e-22,cellular process,GO_Biological_Process_2023,5.436905361171634e-24,0.0,0.0,16.976290516206483,909.4000580459954,ALK;BLK;FLT3;IGF1R;RELN;ABL2;PTK2B;FYN;EPHB2;JAK3;PDGFRB;LYN;EPHA4;PDGFRA;SRMS;SYK;INSR;PTK6;PRLR;PTK2;FGR;HCK;ZAP70;FER;ABI2;LCK;FES;BTK;PTPN6;TEK;FGFR3;EPHA3;FGFR1,0.4925373134328358
4,1111,Cadherin Binding (GO:0045296),70/319,8.207086865190255e-22,binding,GO_Molecular_Function_2023,1.2626287484908087e-23,0.0,0.0,5.0337758334008464,265.41217983140325,DOCK9;YWHAB;PTPRO;CTNND1;ARHGAP1;PTPRJ;FNBP1L;CDH5;CDH4;LASP1;CDH2;CDH1;ARFIP2;LRRFIP1;SPTAN1;SH3GL1;NCK1;SH3GLB2;USP8;DBNL;SWAP70;ARHGEF16;EPS15L1;YWHAZ;SND1;CD2AP;EPN2;SHTN1;CTTN;NUMB;MYH9;ITGA6;EZR;PFN1;TLN1;VCL;EPHA2;ASAP1;IQGAP1;SNX1;CTNNA1;FLNA;PAK6;SFN;CTNNA3;FLNB;FYN;CTNNA2;EPS15;PAK2;WASF2;SPTBN1;SPTBN2;PAK4;VASP;PTPN1;RDX;BAIAP2;PRDX6;KTN1;PPP1CA;TJP1;RAB10;PTPRB;EHD4;FMNL2;ABI1;PKN2;CDK5R1;TJP2,0.219435736677116
4,1111,Vesicle-Mediated Transport (GO:0016192),82/411,2.5943532816820745e-22,localization,GO_Biological_Process_2023,1.440418231655686e-24,0.0,0.0,4.495526391190432,246.79140105885085,ITSN2;USP6NL;DENND1B;ARF1;HIP1;GDI1;DENND1A;ITSN1;WIPF3;SNAP23;GDI2;ARHGAP1;INPPL1;AP2A1;WASL;FNBP1L;PIK3C2A;AP2A2;EEA1;DPYSL2;PIP4K2A;AP2M1;PRKCI;RALBP1;EXOC7;ARAP3;EPS15L1;MAPK8IP3;DNM1;EPN1;MAPK8IP1;RHOB;DNM2;EPN2;DNM3;RABEP1;ALS2;TBC1D4;BIN1;MYL1;HGS;EXOC4;RIN3;RHOU;AMPH;EXOC2;RHOQ;ARF6;RAB5B;RAB5C;STXBP3;STXBP2;AGAP2;ADRB2;TRAK1;KALRN;CDC42;NCKIPSD;CYTH3;CYTH2;MYO6;AP2S1;REPS2;STX4;EPS15;CYTH1;SPTBN2;RAB4A;RAB4B;CAV3;SORT1;CAV2;MYO5A;RAB27A;AP2B1;RAB10;EHD2;EHD4;RAB14;SYT11;RAB5A;CDK16,0.19951338199513383
4,1111,Extrinsic Component Of Cytoplasmic Side Of Plasma Membrane (GO:0031234),36/77,2.176441913665114e-23,cellular anatomical structure,GO_Cellular_Component_2023,4.800974809555399e-25,0.0,0.0,15.394849688031764,862.0470525885012,BLK;GNAZ;TRAF3IP2;GNAI3;IQGAP1;GNAI1;GNAI2;GNA13;GNA14;GNA15;GNG2;GNA11;GNA12;FYN;JAK3;CYTH1;LYN;SRMS;YES1;SYK;PTK6;FGR;GNAO1;HCK;TIAM1;ZAP70;FER;LCK;FES;GNB1;GNAS;GNB4;GNB3;GNB5;FRK;CDK16,0.4675324675324675
4,1111,Cytoskeleton (GO:0005856),104/599,4.638011647498362e-24,cellular anatomical structure,GO_Cellular_Component_2023,8.525756704960225e-26,0.0,0.0,3.837733842897696,221.52981131463483,WIPF1;FHOD1;MYLK3;ACTB;MYLK;ACTG1;RASSF1;CDH1;PPP2R1A;RUSC1;CFL2;ARHGDIA;CFL1;CHP1;PRKCI;TPM3;ACTN2;PRKCE;SWAP70;CASK;ACTN4;GABRG3;CD2AP;SHTN1;BIN1;AMPH;TLN2;EZR;EPHA3;LLGL1;VCL;EPB41;IQGAP1;IQGAP2;KALRN;SDCBP;SCIN;EPB41L1;MYO6;ABL2;SPTBN1;MARK1;VASP;MYO5A;DSTN;MSN;ARPC5;PTK2;GFAP;EHD2;FER;ARPC2;FES;TRIP6;NF2;CDK16;HIP1;ARPC1B;ARPC1A;HSPB1;WASL;RND1;AKAP13;RAC3;LRRFIP1;SPTAN1;APC2;ACTR3;ACTR2;PPP1R12A;RHOG;ITPKB;FGR;ACTA1;CTTN;CDC42EP4;ITPKA;CDC42EP2;MYH9;ARHGEF2;MAPT;WAS;NTN1;PPP2CA;ABLIM2;ABLIM3;CNR1;FLNA;FLNB;WASF1;WASF2;CORIN;GSN;MYO9B;CDC42BPB;BAIAP2;MYO1C;TEC;TAOK2;ZYX;SPRY2;PKN2;PTPN7;VIM,0.17362270450751252
4,1111,Regulation Of GTPase Activity (GO:0043087),61/214,6.2813312126367205e-25,biological regulation,GO_Biological_Process_2023,3.293727039322155e-27,0.0,0.0,7.114198568316215,433.80801915776607,USP6NL;ARHGAP9;DOCK6;PLXND1;DOCK9;DOCK8;RASGRF2;DOCK7;RASGRF1;PREX2;DOCK10;PREX1;DOCK11;PRKG1;EPHB3;EPHA5;VAV3;EPHA4;RALBP1;CDKL5;ARAP1;GMIP;VAV1;VAV2;ALS2;RASA4;ITGA6;ARHGEF7;EPHA3;NGEF;ARHGEF5;RAPGEF4;RTN4R;RABGAP1;ASAP3;EFNA5;RASGRP2;RASGRP1;FGD1;RAP1GAP;RASGRP4;FGD3;FGD5;RAP1A;CHN2;CHN1;PLXNA2;PLXNA1;SRGAP3;RALGDS;PLXNA4;MAP4K4;PLXNA3;NTRK2;CAV2;RDX;PTK2;NF1;RGL3;PLXNB1;GNB5,0.2850467289719626
4,1111,Regulation Of MAPK Cascade (GO:0043408),60/204,2.7633165136430758e-25,biological regulation,GO_Biological_Process_2023,1.3637589209836276e-27,0.0,0.0,7.431414525848399,459.703978580392,RET;FLT3;PEBP1;PTPRJ;DUSP16;IGF1R;SPRED2;SPRED1;PPP2R1A;DAG1;EPHB1;MAP4K1;EPHA7;DUSP3;SYK;KSR1;DUSP9;YWHAZ;DUSP6;DUSP7;RNF41;DOK2;DOK4;DOK5;DOK6;KIT;ARHGEF5;EPHA2;PHLPP1;LPAR1;PDGFA;IQGAP1;ADRB2;STK4;RASGRP1;STK3;PAK1;RRAS;PLCG2;PAK6;PAK3;PAK2;MAP4K4;PAK4;LYN;NTRK2;CAV3;CAV2;INSR;IGF2;MOS;RIT2;TAOK3;TAOK2;NF1;PTPN6;GRAP;TEK;FGFR3;FGFR1,0.29411764705882354
4,1111,Small GTPase Binding (GO:0031267),59/199,1.7418922566480276e-25,binding,GO_Molecular_Function_2023,2.3448549608723445e-27,0.0,0.0,7.510802552960348,460.54419104932674,USP6NL;CYFIP1;NCKAP1;DOCK4;DOCK3;DOCK7;ARHGAP1;EPS8;RABGEF1;AKAP13;ARFIP2;DENND5A;GIT1;RALBP1;PLEKHG1;CDKL5;PLEKHG2;ARHGEF16;RNF41;ALS2;CDC42EP5;CDC42EP4;CDC42EP2;RIN3;ARHGEF2;RIN1;DOCK2;RIN2;DOCK1;EXOC2;RAPGEF4;RABGAP1;GARRE1;WAS;IQGAP1;IQGAP2;FGD1;RAP1GAP;FGD3;FGD5;PAK1;GGA3;PARD6A;FLNA;SRGAP3;WHAMM;WASF1;PAK2;NGFR;GIT2;HPS4;MYO5A;RANBP9;MYO9B;FMNL1;MYO1C;ABI2;NOXA1;PKN1,0.2964824120603015
4,1111,Enzyme-Linked Receptor Protein Signaling Pathway (GO:0007167),48/124,4.9374349830349934e-26,cellular process,GO_Biological_Process_2023,2.284439381416561e-28,0.0,0.0,11.177699658365103,711.418800531756,BLK;SHC4;ALK;RET;PTPRU;TRIO;SHC3;FLT3;RASGRP4;PTPRF;ERBB3;NPPA;NTF3;BLNK;ALKAL2;FYN;ALKAL1;JAK3;PDGFRB;LYN;PDGFRA;NTRK2;SRMS;YES1;SYK;BDNF;INSR;NTRK3;PTK6;NGF;GFRA2;PTPRD;FGR;CNKSR1;HCK;ZAP70;DOK2;DOK4;DOK5;LCK;DOK6;LCP2;TEK;FGFR3;MET;FRK;EPHA2;FGFR1,0.3870967741935484
4,1111,Small GTPase Mediated Signal Transduction (GO:0007264),46/112,3.247760179075485e-26,cellular process,GO_Biological_Process_2023,1.402487430816064e-28,0.0,0.0,12.31836676625409,790.0277997218209,RALA;RALB;RGS19;RASGRF2;RASGRF1;ARHGAP1;PLD1;RASGRP2;RASGRP1;NTN1;RASGRP4;PLD2;RASSF1;RRAS;ARFIP2;CHP1;SHOC2;RALGDS;BRAP;USP8;RALBP1;KSR1;TNK2;ARHGEF18;RRAS2;BCR;TIAM2;CNKSR2;SHTN1;TIAM1;DOK2;ARHGAP31;RIT1;ARHGAP30;MRAS;RIT2;DOK4;DOK5;DOK6;GNB1;NF1;RAB38;RGL3;GRAP;RIN2;RAPGEF4,0.4107142857142857
4,1111,Regulation Of Cell Migration (GO:0030334),92/434,3.7529767364504606e-27,biological regulation,GO_Biological_Process_2023,1.5048950516303513e-29,0.0,0.0,4.896223220793233,324.9439475651623,RET;PTPRU;PLXND1;PTEN;PTPRJ;CLDN1;MYLK;ARHGAP4;ACTG1;IGF1R;DOCK10;CDH5;PPP3CA;DUSP10;CDH1;PIP5KL1;DAG1;EPHB2;APPL1;PDGFRB;EPHA4;PDGFRA;DUSP3;SEMA6D;APLP2;HGF;MAGI2;ADAM10;PRKCA;MITF;ACTN4;RHOC;RHOD;RNF41;RHOB;FGR;TIAM1;SPATA13;KIT;NUMB;ITGA6;SGK1;CBLL1;VCL;HBEGF;EPHA2;CAMK2B;GRB7;CAMK2A;PDGFA;PIK3R3;TWIST1;CXCR4;SEMA3E;PRKX;FOXO3;CDC42;SDCBP;PARD6B;PAK1;RELN;PDGFD;PDGFC;NTF3;GNA12;PLXNA2;FLNA;PLXNA1;PTK2B;STX4;FYN;SRGAP3;CTNNA2;SRGAP1;PLXNA4;PLXNA3;MAP4K4;NGFR;NTRK3;INSR;RDX;SEMA4F;PTK2;TJP1;FER;MYO1C;TRIP6;SNAI1;NF1;SPRY2;PLXNB1;NF2,0.2119815668202765
4,1111,Neuron Projection Guidance (GO:0097485),50/124,4.549028301000669e-28,cellular process,GO_Biological_Process_2023,1.6837859226405932e-30,0.0,0.0,11.981939526708612,821.4399330950586,CYFIP2;EPHB6;RET;CYFIP1;ROBO3;TRIO;PTPRO;RPS6KA5;DPYSL5;DAG1;ARHGEF40;EPHB2;EPHB1;NEO1;SCN1B;EPHB3;EPHA5;EPHA4;EPHA7;DCC;SEMA6D;UNC5C;ENAH;PRKCQ;EPHA3;EPHA10;ARHGEF25;SEMA3A;SEMA3E;EFNA5;EFNA4;KALRN;NTN3;EFNB2;EFNB1;EFNB3;RELN;SLIT1;FYN;PLXNA3;VASP;BDNF;CNTN6;SEMA4F;L1CAM;PTK2;EFNA3;EFNA2;CNTN2;CDK5R1,0.4032258064516129
4,1111,GTPase Binding (GO:0051020),66/225,3.1628510993048188e-28,binding,GO_Molecular_Function_2023,3.649443576120945e-30,0.0,0.0,7.439920556107249,504.2999719622312,USP6NL;CYFIP1;NCKAP1;DOCK4;DOCK3;DOCK7;ARHGAP1;FNBP1L;EPS8;RABGEF1;AKAP13;ARFIP2;DENND5A;GIT1;RALBP1;HSP90AA1;PLEKHG1;CDKL5;PLEKHG2;ARHGEF16;RNF41;ALS2;CDC42EP5;CDC42EP4;RASA1;RRAGD;CDC42EP2;RIN3;ARHGEF2;RIN1;DOCK2;RIN2;DOCK1;EXOC2;RAPGEF4;RABGAP1;GARRE1;WAS;IQGAP1;IQGAP2;FGD1;RAP1GAP;FGD3;FGD5;PAK1;GGA3;PARD6A;FLNA;SRGAP3;WHAMM;WASF1;PAK2;SPTBN1;NGFR;GIT2;HPS4;MYO5A;RANBP9;MYO9B;FMNL1;MYO1C;ABI2;GNB1;NOXA1;GNB3;PKN1,0.29333333333333333
4,1111,GTPase Activator Activity (GO:0005096),54/211,4.5242601159355784e-20,molecular function regulator activity,GO_Molecular_Function_2023,8.700500222953034e-22,0.0,0.0,6.095414856371536,295.58794867863054,USP6NL;ARHGAP9;ARHGAP1;ARRB1;ARHGAP5;ARHGAP4;PREX2;PREX1;RGS3;GIT1;VAV3;RALBP1;RALGAPA1;STARD8;ARAP2;ARAP3;ARAP1;GMIP;BCR;TBC1D1;ALS2;TBC1D4;RASA4;RASA1;CDC42EP2;DOCK1;LLGL1;ARHGEF6;RABGAP1;AGAP2;ASAP3;ASAP1;AGAP3;IQGAP1;ASAP2;IQGAP2;RAP1GAP;CHN2;CHN1;RGS20;NCKAP1L;SRGAP3;SRGAP1;GIT2;JUN;MYO9B;ADAP1;ARHGAP26;ARHGAP31;ARHGAP30;NF1;PLXNB1;GNB5;SIPA1,0.2559241706161137
4,1111,Peptidyl-Serine Modification (GO:0018209),40/166,1.2188546648772568e-13,cellular process,GO_Biological_Process_2023,1.6542136105675289e-15,0.0,0.0,5.5616320602315,189.29265356831917,CAMK2B;CAMK2D;CAB39;PKN3;CAMK2A;PRKX;STK4;PRKCZ;RPS6KA3;GRK2;MKNK1;MKNK2;PRKACB;MARK3;PAK2;MARK1;MAP4K1;PRKCI;PRKCH;CSNK2A1;PRKCB;PRKCE;PRKCD;PRKCA;MAPK12;UHMK1;MAPK13;LATS1;LATS2;MAPKAPK3;CDK5;MAPKAPK2;ULK2;PRKCQ;PKN2;PKN1;MAP3K13;SGK1;MAP3K12;CDK5R1,0.24096385542168675
4,1111,Fc Receptor Mediated Stimulatory Signaling Pathway (GO:0002431),16/22,3.4362596946232576e-14,cellular process,GO_Biological_Process_2023,4.027694891908815e-16,0.0,0.0,45.98599695585997,1630.1193118339156,LYN;VAV3;YES1;SYK;PRKCE;LIMK1;PRKCD;PTK2;VAV1;PLD2;VAV2;FGR;HCK;PAK1;PLPP4;FYN,0.7272727272727273
4,1111,Ligand-Gated Monoatomic Anion Channel Activity (GO:0099095),14/18,1.3237300128650765e-13,transporter activity,GO_Molecular_Function_2023,6.109523136300352e-15,0.0,0.0,60.25296262534184,1972.0148557406303,GABRA2;GABRB3;GABRA1;GABRB2;GABRB1;GABRA6;GABRA5;GABRA4;GABRA3;GABRG3;GABRG2;GABRG1;GLRA3;GABRE,0.7777777777777778
4,1111,Rho Protein Signal Transduction (GO:0007266),20/52,7.145675676576383e-11,cellular process,GO_Biological_Process_2023,1.5208254832935549e-12,0.0,0.0,10.802589367552704,293.9575540203264,NGFR;LIMK1;ARHGAP1;RHOG;WAS;MYO9B;ARHGAP5;RHOD;NTN1;ARHGAP4;RHOB;EPS8;CDC42;GNA13;SHTN1;ARHGDIA;CFL1;GNA12;ARHGEF3;RHOU,0.38461538461538464
4,1111,Regulation Of Ras Protein Signal Transduction (GO:0046578),24/76,6.51334845725073e-11,biological regulation,GO_Biological_Process_2023,1.3661557529088514e-12,0.0,0.0,7.998160073597056,218.50189773410747,GIT2;DENND4A;DENND1A;STARD8;ARHGEF28;RASGRF1;RDX;ARHGEF18;MYO9B;NGF;RASAL3;RASGRP1;RASGRP4;EPS8;BCR;ARHGDIA;SPRY2;SHOC2;SPRY1;ARHGEF2;STAMBP;EPHB2;GIT1;ARF6,0.3157894736842105
4,1111,Positive Regulation Of Actin Filament Polymerization (GO:0030838),18/41,6.409600401365573e-11,cellular process,GO_Biological_Process_2023,1.3246243889311949e-12,0.0,0.0,13.508413222482996,369.45364511362857,VASP;NCKAP1;PRKCE;BAIAP2;HCK;FER;CTTN;BIN1;CDC42EP5;CDC42EP4;NCK2;CDC42EP2;PTK2B;NCKAP1L;EVL;PFN1;NCK1;ARF6,0.43902439024390244
4,1111,Plasma Membrane Bounded Cell Projection Morphogenesis (GO:0120039),20/50,3.1084114749601806e-11,cellular process,GO_Biological_Process_2023,6.328043101399506e-13,0.0,0.0,11.523984112435077,323.6927549278134,NCKAP1;TRIO;DBNL;BDNF;MYO9B;NGF;DNM2;SHTN1;PAK1;SNX1;CTTN;TAOK3;NTF3;NCKAP1L;PLXNB1;SRGAP3;ATP7A;SGK1;WASF1;MAP4K4,0.4
4,1111,Dendritic Spine Organization (GO:0097061),15/26,2.917958873429141e-11,cellular process,GO_Biological_Process_2023,5.850318530934428e-13,0.0,0.0,23.4878898473789,661.5859793343768,PRNP;INSR;PTEN;WASL;IGF1R;CDC42;DOCK10;PICK1;FYN;EPHB2;PAK3;EPHB1;SHANK3;EPHB3;SHANK1,0.5769230769230769
4,1111,Negative Regulation Of Insulin Receptor Signaling Pathway (GO:0046627),15/26,2.917958873429141e-11,biological regulation,GO_Biological_Process_2023,5.850318530934428e-13,0.0,0.0,23.4878898473789,661.5859793343768,GRB7;PTPN1;IRS1;PRKCB;PRKCD;PRKCZ;SOCS1;GRB14;GRB10;PIP4K2A;PIP4K2B;PRKCQ;PIP4K2C;PTPN2;NCK1,0.5769230769230769
4,1111,Positive Regulation Of Kinase Activity (GO:0033674),28/104,7.175127751281086e-11,biological regulation,GO_Biological_Process_2023,1.549225609468464e-12,0.0,0.0,6.3999125236915,174.0345230999583,ALK;RET;FLT3;AGAP2;PRKAG1;PRKAG2;IQGAP1;IGF1R;RAP1A;RELN;ERBB3;PTK2B;EPHB4;MAP3K5;PDGFRB;PDGFRA;NTRK2;INSR;NTRK3;PTK2;ALS2;LCP2;TEK;FGFR3;MET;EPHA2;FGFR1;MAP3K12,0.2692307692307692
4,1111,Receptor-Mediated Endocytosis (GO:0006898),31/122,2.792354599296057e-11,localization,GO_Biological_Process_2023,5.426228863530279e-13,0.0,0.0,5.92936507936508,167.45927391369378,RALA;RALB;CLTC;CLTB;CLTA;AP2A1;ADRB2;ARRB2;FNBP1L;AP2A2;GRK3;SNX1;GRK2;CLTCL1;AP2S1;PIP5K1C;WASF1;EPS15;AP2M1;SYK;CAV2;INSR;MAGI2;AP2B1;DNM1;DNM2;DNM3;CTTN;HGS;NEDD4;PI4KB,0.2540983606557377
4,1111,Positive Regulation Of Axonogenesis (GO:0050772),18/38,1.3866131928423425e-11,biological regulation,GO_Biological_Process_2023,2.580446783926408e-13,0.0,0.0,15.53714547118024,450.35416201116544,NTRK2;CDKL5;PLXND1;BDNF;LIMK1;L1CAM;NGF;NTN1;TIAM2;SHTN1;TIAM1;PLXNA2;PLXNA1;PLXNB1;MAPT;MAP3K13;PLXNA4;PLXNA3,0.47368421052631576
4,1111,Lamellipodium Assembly (GO:0030032),15/25,1.3866131928423425e-11,cellular process,GO_Biological_Process_2023,2.608988425767516e-13,0.0,0.0,25.838047445255476,748.648217055128,CYFIP1;PTPRO;RHOD;ABLIM2;ABLIM3;KIT;SPATA13;S1PR1;ARFIP2;ARHGEF4;SRGAP3;WHAMM;ARHGEF7;VCL;ARHGEF6,0.6
4,1111,Regulation Of Axonogenesis (GO:0050770),19/42,8.777505257551269e-12,biological regulation,GO_Biological_Process_2023,1.597386829720928e-13,0.0,0.0,14.271938206720815,420.5260437980499,EPHA4;NTRK2;GDI1;PLXND1;PTEN;TIAM2;TIAM1;PAK1;EFNB3;CDH2;CHN1;PLXNA2;PLXNA1;PLXNB1;PAK3;PAK2;PLXNA4;EPHB3;PLXNA3,0.4523809523809524
4,1111,Membrane Raft (GO:0045121),37/169,7.345202417978784e-12,cellular anatomical structure,GO_Cellular_Component_2023,4.59075151123674e-13,0.0,0.0,4.895385418430111,139.07575786115353,RTN4R;CBLC;CBLB;FAIM2;AKAP5;SLC9A1;RAP1B;PPP2CA;CD79A;SDCBP;GJA1;PPP2R1B;PRKAR2A;CAPN2;PLCG2;FLOT1;FYN;PAG1;LYN;PRNP;CAV3;CAV2;SORBS1;LAT2;ZAP70;MYO1C;RIT2;MYL1;PRKAR1A;LCK;NPHS2;BTK;ORAI1;LCP2;MAPT;TEK;EZR,0.21893491124260356
4,1111,Positive Regulation Of Phosphatidylinositol 3-Kinase Signaling (GO:0014068),24/69,6.796453596931284e-12,None,GO_Biological_Process_2023,1.2158985460271884e-13,0.0,0.0,9.245752836553203,274.9513337995821,PDGFRB;PDGFRA;NTRK2;NCF1;FLT3;UNC5B;HGF;INSR;NTRK3;PDGFA;SEMA3E;PTK2;IGF1R;FGR;ERBB3;PDGFD;NEDD4;KIT;PDGFC;PLXNB1;PTPN6;TEK;PIK3AP1;FGFR1,0.34782608695652173
4,1111,Ephrin Receptor Activity (GO:0005003),12/15,6.114875067211336e-12,catalytic activity,GO_Molecular_Function_2023,3.1750312848981936e-13,0.0,0.0,68.73885350318471,1978.1865726105716,EPHA5;EPHB6;EPHA4;EPHA7;EFNB3;EPHA10;EPHB2;EFNA4;EPHB1;EPHA3;EPHB4;EPHB3,0.8
4,1111,Actin Filament Organization (GO:0007015),34/144,2.140152236504313e-11,cellular process,GO_Biological_Process_2023,4.092826608984189e-13,0.0,0.0,5.389431923693762,153.73015230297992,HIP1;WIPF1;SH3KBP1;INPPL1;WAS;WASL;RND1;EPS8;CDC42;SCIN;MYO6;RAC2;RAC3;FLNA;WHAMM;GSN;TPM3;ACTN1;RHOG;DSTN;MYO5A;ARPC4;BAIAP2;CD2AP;ENAH;ACTA1;MYO1C;ABI2;ELMO1;FAT1;CDC42EP2;ELMO2;EVL;ARHGEF2,0.2361111111111111
4,1111,B Cell Receptor Signaling Pathway (GO:0050853),20/46,5.299947666530613e-12,cellular process,GO_Biological_Process_2023,9.318230012098857e-14,0.0,0.0,13.299725022914757,399.0478569622165,BLK;VAV3;ITK;MEF2C;SYK;PRKCB;NFATC2;BMX;CD79B;LAT2;CD79A;TEC;LCK;CD19;BLNK;PLCG2;BTK;IGHE;NCKAP1L;SH2B2,0.43478260869565216
4,1111,Positive Regulation Of Hydrolase Activity (GO:0051345),37/176,7.753956159047993e-11,biological regulation,GO_Biological_Process_2023,1.698121182271461e-12,0.0,0.0,4.647120292592741,125.94392439619983,USP6NL;RTN4R;DOCK6;DOCK9;DOCK8;RASGRF2;DOCK7;RASGRF1;ASAP3;RASGRP2;RASGRP1;RAP1GAP;RASGRP4;DOCK10;PREX2;DOCK11;PREX1;RAP1A;CHP2;SRGAP3;RALGDS;MAP4K4;RALBP1;CDKL5;CAV2;ARAP1;RHOC;MAPK12;ALS2;NF1;PLXNB1;RGL3;ITGA6;GNB5;CALM1;ARHGEF7;RAPGEF4,0.21022727272727273
4,1111,Benzodiazepine Receptor Activity (GO:0008503),9/9,8.755777234687908e-11,molecular transducer activity,GO_Molecular_Function_2023,4.8830296116528716e-12,0.0,0.0,170001.0,4427719.440583007,GABRA2;GABRA6;GABRA5;GABRA4;GABRA3;GABRE;GABRG3;GABRG2;GABRG1,1.0
4,1111,Adherens Junction (GO:0005912),32/150,5.129518014069052e-10,cellular anatomical structure,GO_Cellular_Component_2023,3.583119201004118e-11,0.0,0.0,4.717739275223449,113.47201952499256,CTNND1;SNAP23;RND1;CYTH3;CDH5;SDCBP;CDH4;CDH2;CDH1;FLOT1;CTNNA1;FLOT2;CTNNA3;CTNNA2;PAK4;MAGI1;DSP;RDX;MSN;SORBS1;BAIAP2;PPP1CA;RAB10;TJP1;PARD3;CDC42EP4;ZYX;NF2;EZR;TLN1;LLGL1;VCL,0.21333333333333335
4,1111,Calmodulin-Dependent Protein Kinase Activity (GO:0004683),13/23,4.793500392125714e-10,catalytic activity,GO_Molecular_Function_2023,3.042029095002857e-11,0.0,0.0,22.35218579234973,541.2785477198728,CAMK2B;MYLK2;CAMK2D;CAMK2A;PHKA2;MYLK3;EEF2K;MAPKAPK3;MKNK1;MAPKAPK2;MKNK2;PTK2B;CAMK2G,0.5652173913043478
4,1111,Positive Regulation Of Cellular Process (GO:0048522),76/594,3.3563614321378317e-10,biological regulation,GO_Biological_Process_2023,8.178672212797307e-12,0.0,0.0,2.6042116650812304,66.484199046173,PRR5;IRS1;FLT3;SIRPG;PTEN;IRS2;PTPRJ;TCIRG1;AREG;ACTB;IGF1R;RPS6KA3;PPP3CA;CAPNS1;RPS6KA1;CHP2;ITGAV;CAPN1;PDGFRB;EPHA4;PDGFRA;CSNK2A1;RHOG;MATK;FLT3LG;ADAM10;PRKCA;NRG1;RHOD;PGF;TIAM1;HCK;MYL1;PARD3;STAMBP;CD47;MAPT;HBEGF;YAP1;PRKAA2;SRF;PDGFA;TGFA;TWIST1;AKAP6;NTN1;GNAI2;CDC42;EFNB2;SDCBP;PAK1;GRK5;ERBB3;PDGFD;PDGFC;NTF3;PTK2B;STX4;S1PR3;TPPP;LYN;NTRK2;NTRK3;INSR;IGF2;PTK6;PTK2;EPOR;TSHR;TJP1;KITLG;FER;CAPN10;PTPN6;FGFR3;FGFR1,0.12794612794612795
4,1111,Antigen Receptor-Mediated Signaling Pathway (GO:0050851),31/134,3.26128315317977e-10,cellular process,GO_Biological_Process_2023,7.846393767674956e-12,0.0,0.0,5.235221143473571,133.86966752853428,BLK;DENND1B;ITK;PTPRJ;SLA2;MALT1;CD79B;CD79A;CD19;INPP5D;PLCG2;BLNK;NCKAP1L;CSK;FYN;SH2B2;VAV3;MEF2C;SYK;PRKCB;PDE4D;NFATC2;BMX;GNAO1;LAT2;ZAP70;TEC;LCK;BTK;IGHE;LCP2,0.23134328358208955
4,1111,Actin Filament (GO:0005884),22/71,2.712715263488242e-10,cellular anatomical structure,GO_Cellular_Component_2023,1.795179218484866e-11,0.0,0.0,7.767470624613482,192.19309796221933,APC2;ACTN3;WIPF1;ACTN2;TPM3;ACTN1;WAS;MYO5A;MYO9B;IQGAP1;ACTG1;ACTA1;HCK;DIAPH1;PAK1;DIAPH2;CTTN;MYO6;RAC2;TEK;EZR;RHOQ,0.30985915492957744
4,1111,Negative Regulation Of Protein Phosphorylation (GO:0001933),33/149,2.5275011125469325e-10,biological regulation,GO_Biological_Process_2023,6.0030100452225104e-12,0.0,0.0,4.954169598874032,128.00959975156346,PTEN;HSPB1;PRKAG2;PRKCZ;PPM1E;SPRED2;SPRED1;DEPTOR;PIP5KL1;NTF3;NCK2;CHP1;SIRPA;SFN;EPHB2;PAK2;SH3GL2;YWHAG;NCK1;LYN;PRNP;CAV3;PDE4D;NTRK3;PRKCD;PTPN13;IBTK;OCLN;PARD3;NF1;SPRY2;PTPN6;CALM1,0.2214765100671141
4,1111,Transmembrane-Ephrin Receptor Activity (GO:0005005),11/14,8.581040488930481e-11,catalytic activity,GO_Molecular_Function_2023,4.620560263270259e-12,0.0,0.0,62.95333333333333,1643.113800818497,EPHA5;EPHB6;EPHA4;EPHA7;EFNB3;EPHA10;EPHB2;EFNA4;EPHB1;EPHA3;EPHB3,0.7857142857142857
4,1111,Activation Of GTPase Activity (GO:0090630),27/102,2.5275011125469325e-10,biological regulation,GO_Biological_Process_2023,5.9984939698585015e-12,0.0,0.0,6.248191881918819,161.450233380103,USP6NL;ARHGEF26;DOCK7;RASGRF1;AGAP2;AGAP3;RASGRP1;RAP1GAP;NTF3;PIP5K1A;APC2;ARHGEF10;ARHGEF15;RALGAPA1;NTRK3;ARHGEF16;RHOG;GMIP;BCR;TIAM2;TIAM1;TBC1D1;TBC1D4;NGEF;ARHGEF5;SIPA1;EPHA2,0.2647058823529412
4,1111,Regulation Of Protein Phosphorylation (GO:0001932),46/265,2.0976973590501148e-10,biological regulation,GO_Biological_Process_2023,4.788081572168677e-12,0.0,0.0,3.682208930906597,95.97637549698074,RALB;PTEN;PDGFA;PIK3R3;HSPB1;ILK;ARRB1;EFNA5;STK4;RASGRP1;CAMKK2;PPP2CA;CDH5;PAK1;RELN;SOCS1;CCND1;PIP5KL1;RB1CC1;FLOT1;NPTN;CHP1;SIRPA;FYN;EPHB2;SH3GL2;LYN;PRNP;NTRK2;EPHA7;RALBP1;HSP90AA1;INSR;HGF;LIMK2;NTRK3;IGF2;NRG1;PTPN13;PTK2;PGF;FGR;OCLN;FER;IBTK;TEK,0.17358490566037735
4,1111,Regulation Of Protein Localization To Plasma Membrane (GO:1903076),24/80,2.0976973590501148e-10,biological regulation,GO_Biological_Process_2023,4.749552442361692e-12,0.0,0.0,7.425285845709029,193.5992604797942,LRPAP1;PRKCI;PRKCH;PRKCE;CLTC;ARHGEF16;RHOG;ZDHHC7;AKAP5;SORBS1;ACTB;TMEM59;CDK5;NUMB;STX4;EPHB2;AP2M1;EPHA3;RHOQ;SPTBN1;APPL1;ARF6;EPHA2;BCL2L1,0.3
4,1111,Positive Regulation Of MAPK Cascade (GO:0043410),51/310,1.2335448391164488e-10,biological regulation,GO_Biological_Process_2023,2.739519692053804e-12,0.0,0.0,3.460807168354338,92.13789466556008,RET;FLT3;PTPRJ;ARRB1;ARRB2;IGF1R;GHR;MAP4K1;PDGFRB;PDGFRA;MEF2C;KSR1;DENND2B;PRKCA;NRG1;OPRM1;DOK2;DOK4;DOK5;DOK6;KIT;LPAR1;PDGFA;TGFA;IQGAP1;ADRB2;PRKCZ;RASGRP1;RAP1A;PDGFD;PDGFC;NTF3;PLCG2;PTK2B;ALKAL2;ALKAL1;MAP2K5;NTRK2;CAV2;INSR;NTRK3;IGF2;MOS;RIT2;TAOK3;TAOK2;SPRY2;TEK;FGFR3;FGFR1;MAP3K12,0.16451612903225807
4,1111,Transmembrane Receptor Protein Tyrosine Kinase Activity (GO:0004714),19/50,1.1546144391940776e-10,catalytic activity,GO_Molecular_Function_2023,7.105319625809708e-12,0.0,0.0,10.584367245657567,271.702584538389,EPHB6;RET;EPHA5;PDGFRB;PDGFRA;NTRK2;FLT3;INSR;NTRK3;IGF1R;KIT;TEK;MET;FGFR3;EPHB4;EPHA3;EPHB3;EPHA2;FGFR1,0.38
4,1111,GTP Binding (GO:0005525),39/201,1.0101499261640872e-10,binding,GO_Molecular_Function_2023,6.022047636747444e-12,0.0,0.0,4.205552100608071,108.65293567278952,ARF1;RALA;RALB;AGAP2;GNAI1;RND1;RAP1B;CDC42;GNA14;GNA15;RAP1A;RRAS;GNA11;RAC2;ARFIP2;RAC3;PIP4K2B;RAB4A;RAB4B;INSR;RHOG;RAB27A;RRAS2;RHOC;RHOD;RHOB;DNM2;RAB10;RIT1;MRAS;RIT2;RAB14;RRAGD;RHOU;RAB38;RAB5A;ARHGEF5;RHOQ;ARF6,0.19402985074626866
4,1111,Actin Binding (GO:0003779),37/183,1.0101499261640872e-10,binding,GO_Molecular_Function_2023,5.835163813187206e-12,0.0,0.0,4.422661411698681,114.40150804396588,ARPC1A;CACNA1A;CXCR4;IQGAP2;EPS8;SCIN;RUSC1;MYO6;DAG1;ABL2;FLNB;MYH10;SPTAN1;SPTBN1;SPTBN2;DBNL;GSN;PRKCE;RDX;MSN;MYO9B;ACTN4;SORBS1;SSH3;PTK2;SSH1;MAP1B;PFN4;MYH9;TLN2;NF2;MAPT;EZR;PFN1;PFN3;VCL;CDK5R2,0.20218579234972678
4,1111,Regulation Of Insulin Receptor Signaling Pathway (GO:0046626),18/44,2.487556196744322e-10,biological regulation,GO_Biological_Process_2023,5.754679665509692e-12,0.0,0.0,11.947849954254346,309.2223971095389,GRB7;PTPN1;IRS1;PRKCB;PRKCD;IGF2;SORBS1;PRKCZ;SOCS1;GRB14;GKAP1;GRB10;PIP4K2A;PIP4K2B;PRKCQ;PIP4K2C;PTPN2;NCK1,0.4090909090909091
4,1111,Regulation Of Actin Filament Polymerization (GO:0030833),26/70,1.3195644326186334e-13,cellular process,GO_Biological_Process_2023,1.8315977627340685e-15,0.0,0.0,10.26330121491412,348.27063201757056,NCKAP1;NCK2;PTK2B;NCKAP1L;PAK3;NCK1;VASP;PLEKHG2;PRKCE;PRKCD;BAIAP2;SSH3;SSH1;LATS1;HCK;FER;CTTN;BIN1;CDC42EP5;CDC42EP4;RASA1;CDC42EP2;EVL;PFN1;PFN3;ARF6,0.37142857142857144
4,1111,SH3 Domain Binding (GO:0017124),22/59,4.909914307405869e-12,binding,GO_Molecular_Function_2023,2.4549571537029346e-13,0.0,0.0,10.293202293202294,298.8682432804457,VASP;NCF1;WIPF1;WAS;CBLC;CBLB;CYBA;AKAP5;PTPN12;CD2AP;DNM2;ENAH;RUFY1;ABI2;NOXA1;ELMO1;EVL;MAPT;SHANK3;SOCS7;WASF2;SHANK1,0.3728813559322034
4,1111,Synapse Assembly (GO:0007416),20/71,3.120880242783276e-08,cellular process,GO_Biological_Process_2023,9.901017733181523e-10,0.0,0.0,6.771265793210043,140.39009852132665,GABRB3;KIRREL3;GABRA2;GABRB2;GABRA1;DBNL;PLXND1;BDNF;PTEN;GABRG2;DNM3;PTPRD;CDH2;CDK5;CDH1;FLRT3;PLXNB1;SRGAP3;FGF13;SHANK3,0.28169014084507044
4,1111,Guanyl Ribonucleotide Binding (GO:0032561),44/226,4.873765703547515e-12,binding,GO_Molecular_Function_2023,2.3431565882439975e-13,0.0,0.0,4.238586156111929,123.26701705011676,RAB3B;ARF1;RAB5B;RALA;RAB5C;RALB;AGAP2;GNAI3;GNAI1;RND1;RAP1B;CDC42;GNA14;GNA15;RAP1A;RRAS;GNA11;RAC2;ARFIP2;RAC3;PIP4K2B;RAB4A;RAB4B;INSR;RHOG;RAB27A;RRAS2;RHOC;RHOD;RHOB;DNM2;RAB10;RIT1;MRAS;RIT2;RAB14;RRAGD;RHOU;RAB38;PDE5A;RAB5A;ARHGEF5;RHOQ;ARF6,0.19469026548672566
4,1111,Negative Regulation Of Cellular Response To Insulin Stimulus (GO:1900077),16/27,3.1851405120191215e-12,biological regulation,GO_Biological_Process_2023,5.4035388081755607e-14,0.0,0.0,25.076629306766293,766.0693899115305,GRB7;PTPN1;IRS1;PRKCB;APLP2;PRKCD;PRKCZ;SOCS1;GRB14;GRB10;PIP4K2A;PIP4K2B;PRKCQ;PIP4K2C;PTPN2;NCK1,0.5925925925925926
4,1111,Regulation Of Actin Cytoskeleton Organization (GO:0032956),28/91,2.332909197423604e-12,biological regulation,GO_Biological_Process_2023,3.885783363999834e-14,0.0,0.0,7.725864368523648,238.565935980456,RALA;PDGFA;SEMA3E;EFNA5;IQGAP2;EPS8;CDC42;PAK1;ARHGDIA;RAC3;ABL2;PTK2B;PAK3;EPHA5;PDGFRB;PDGFRA;SIGLEC15;PRKCD;RHOG;NRG1;BAIAP2;HCK;CAPN10;TAOK2;EZR;ARHGEF5;EPHA3;RHOQ,0.3076923076923077
4,1111,Heterotrimeric G-protein Complex (GO:0005834),15/24,1.870068797648417e-12,protein-containing complex,GO_Cellular_Component_2023,1.1000404692049515e-13,0.0,0.0,28.710462287104622,856.6702166116364,GNAZ;GNAI3;GNAI1;GNAI2;GNA13;GNAO1;GNA14;GNA15;GNG2;GNA12;GNB1;GNAS;GNB4;GNB3;GNB5,0.625
4,1111,Nervous System Development (GO:0007399),67/433,1.291521899104806e-12,developmental process,GO_Biological_Process_2023,2.1113713958221688e-14,0.0,0.0,3.247914180432552,102.27309418149105,NCKAP1;SH3GL3;PLXND1;CHD7;PTEN;GRIK1;RPS6KA3;RPS6KA6;EDNRB;DPYSL4;CDH2;DPYSL5;CDH1;NRTN;EPHB2;EPHB1;SH3GL2;SH3GL1;APC2;KIRREL3;MEF2C;DBNL;APLP2;NRG1;GFRA1;PPP2R5D;GFRA3;GFRA2;DNM3;SCN8A;EVL;DAGLB;MET;SHANK3;SHC3;LPAR1;CXCR4;ASCL1;TRAK1;EFNA5;KALRN;RELN;EFNB3;SCIN;ERBB3;FLRT3;PDGFC;NTF3;SPTBN1;GSN;BDNF;CNTN6;ZBTB16;LIMK1;WWP1;SEMA4F;L1CAM;ARHGAP26;GJB1;FGF14;CDK5;ARTN;NF1;SCN2A;FGF13;FGF12;FGF11,0.15473441108545036
4,1111,Endosome Membrane (GO:0010008),59/361,1.2657060955388874e-12,cellular anatomical structure,GO_Cellular_Component_2023,6.979996850398277e-14,0.0,0.0,3.451744391005464,104.56418587138408,RET;DAGLA;FLT3;CLTC;NCF4;ARHGAP1;CLTA;WDR83;AP2A1;TCIRG1;SLA2;AP2A2;RABGEF1;LAMP2;ATP7A;EPHB1;AP2M1;APPL1;EPHA4;USP8;ATP6V0B;ATP6V0E1;APLP2;WIPI1;RHOD;RHOB;RUFY1;BACE1;RABEP1;RHOU;ATP6V0D1;ATP6V0C;LLGL1;ARF6;GRIA1;RAB5B;RAB5C;ABHD6;ADRB2;ABHD17C;SNX1;GGA3;RAP1A;AP2S1;PIP5K1C;ATP6V0A1;RAB4A;SLC31A2;SORT1;INSR;AP2B1;EHD2;CLCN6;EHD4;ABHD17B;RAB14;ABHD17A;LAMTOR3;RAB5A,0.1634349030470914
4,1111,Endocytic Vesicle Membrane (GO:0030666),37/159,1.194107088908799e-12,cellular anatomical structure,GO_Cellular_Component_2023,6.146139428207054e-14,0.0,0.0,5.299470342216931,161.2118335237979,GRIA1;CAMK2B;GRIA2;CAMK2D;CLTC;SNAP23;CAMK2A;TGFA;AP2A1;ADRB2;TCIRG1;WASL;AP2A2;AREG;RAC2;AP2S1;STX4;ATP7A;CACNG3;CAMK2G;AP2M1;SH3GL2;GRIA3;ATP6V0A1;LYN;ATP6V0B;ATP6V0E1;SYT2;CYBA;AP2B1;DNM2;GNAO1;PICK1;ATP6V0D1;RAB5A;ATP6V0C;HBEGF,0.23270440251572327
4,1111,"Synaptic Transmission, GABAergic (GO:0051932)",12/14,3.87250931572576e-12,cellular process,GO_Biological_Process_2023,6.689096905633637e-14,0.0,0.0,103.1137397634213,3128.0287568978365,GABRA2;GABRB3;GABRA1;GABRB2;GABRA6;GABRA5;GABRA4;GABRA3;GABRE;GABRG3;GABRG2;GABRG1,0.8571428571428571
4,1111,Regulation Of ERK1 And ERK2 Cascade (GO:0070372),48/244,7.904848896906199e-13,biological regulation,GO_Biological_Process_2023,1.2512822194663762e-14,0.0,0.0,4.30656401789314,137.86182424183434,PTPRR;PTEN;PDGFA;ARRB1;ARRB2;PRKCZ;RASGRP1;SPRED2;RPS6KA6;SPRED1;RAP1A;DUSP10;RRAS;PDGFD;PDGFC;SIRPA;PTK2B;ALKAL2;ALKAL1;EPHB2;EPHB1;LYN;PDGFRB;EPHA4;PDGFRA;NTRK2;PTPN1;EPHA7;DUSP3;SYK;DENND2B;NTRK3;RANBP9;PRKCA;NRG1;OPRM1;YWHAZ;DUSP6;SPRY2;PTPN6;SPRY1;TEK;EZR;FGFR3;ARHGEF5;PTPN2;EPHA2;MAP3K12,0.19672131147540983
4,1111,Insulin Receptor Signaling Pathway (GO:0008286),21/47,7.367123799007512e-13,cellular process,GO_Biological_Process_2023,1.1362004625242923e-14,0.0,0.0,13.977522935779817,448.797316620755,GRB7;IRS1;STXBP4;CAV2;INSR;IGF2;PIK3R3;IRS2;SORBS1;PIK3C2A;BAIAP2;FOXO1;IGF1R;FER;GRB14;GRB10;PDK2;SH2B2;PTPN2;RHOQ;APPL1,0.44680851063829785
4,1111,Peptidyl-Tyrosine Dephosphorylation (GO:0035335),17/29,7.367123799007512e-13,cellular process,GO_Biological_Process_2023,1.1158046948750608e-14,0.0,0.0,24.44462218159659,785.322976840947,PTPN1;PTPN18;PTPRR;PTPRS;DUSP3;PTPRO;PTPRJ;PTPN12;PTPN13;PTPRF;DUSP6;DUSP7;PTPRB;DUSP10;PTPN6;PTPN5;PTPN2,0.5862068965517241
4,1111,Regulation Of Cytoskeleton Organization (GO:0051493),32/114,7.351502737625699e-13,biological regulation,GO_Biological_Process_2023,1.0884396403640764e-14,0.0,0.0,6.801962069667036,218.6929172236661,RALA;PRKAA2;PDGFA;EFNA5;IQGAP2;CDC42;PAK1;CAPN2;RAC3;TPPP;PAK3;PAK2;PLXNA3;EPHA5;PDGFRB;SIGLEC15;PRKCD;RHOG;NRG1;BAIAP2;PTK2;TJP1;DIAPH1;HCK;CAPN10;TAOK2;PLXNB1;MAPT;EZR;EPHA3;ARHGEF5;RHOQ,0.2807017543859649
4,1111,Cellular Response To Insulin Stimulus (GO:0032869),30/99,5.227804989565733e-13,cellular process,GO_Biological_Process_2023,7.578865962664695e-15,0.0,0.0,7.569480754534851,246.1096525719015,GRB7;IRS1;STXBP4;PDE3B;PIK3R3;IRS2;ZDHHC7;SLC2A4;PIK3C2A;FOXO1;IGF1R;GRB14;GRB10;PDK2;SH2B2;APPL1;PRKCI;CAV2;INSR;IGF2;MYO5A;SORBS1;BAIAP2;RAB10;CPEB1;FER;TBC1D4;CAPN10;RHOQ;PTPN2,0.30303030303030304
4,1111,Positive Regulation Of Cell Projection Organization (GO:0031346),33/118,3.319147623193868e-13,biological regulation,GO_Biological_Process_2023,4.709463006382417e-15,0.0,0.0,6.772148859543818,223.40779011991063,RET;CAMK2B;PLXND1;RAP1A;RELN;CUX1;PLXNA2;NPTN;PLXNA1;PTK2B;ALKAL2;ALKAL1;SCN1B;PLXNA4;PLXNA3;LYN;NTRK2;PRKCI;CDKL5;BDNF;KIDINS220;NTRK3;MAGI2;PTK6;TIAM2;PTPRD;TIAM1;RIT2;FES;PLXNB1;ITGA6;MAP3K13;EPHA3,0.2796610169491525
4,1111,Regulation Of Stress Fiber Assembly (GO:0051492),26/75,7.904848896906199e-13,biological regulation,GO_Biological_Process_2023,1.267896800244054e-14,0.0,0.0,9.213580363020784,294.8238086533,FHOD1;PXN;ASAP3;LPAR1;WAS;PPM1E;ACTG1;SLC9A1;CDC42;PAK1;RHPN2;PAK2;WASF2;ARHGEF10;ARHGEF15;LIMK1;ARHGEF18;ARAP1;RHOC;TJP1;EVL;CD47;NF2;PFN1;MET;ARHGEF5,0.3466666666666667
5,748,Calcium Ion Binding (GO:0005509),45/346,1.0384044585119379e-10,binding,GO_Molecular_Function_2023,3.0904894598569585e-13,0.0,0.0,4.03016497875739,116.09001747787588,SPARC;LTBP4;TCHH;FBLN1;THBS4;LOXL2;CDH6;COMP;CALB2;CLEC3B;CDH3;SCUBE1;SPOCK2;S100A13;ANXA6;ENPP2;CAPN3;SPOCK1;ANXA8;S100A14;TGM2;ANXA2;S100A2;TPM4;ANXA3;ANXA4;TESC;ANXA5;MYOF;EML1;ASPN;SMOC2;GJB2;PLSCR3;VSNL1;PLSCR4;CDH11;S100A6;SPARCL1;DCHS1;AGRN;PAM;DSC2;DDR2;FBN1,0.13005780346820808
5,748,Focal Adhesion (GO:0005925),48/387,1.0243053291520014e-11,cellular anatomical structure,GO_Cellular_Component_2023,2.9604200264508713e-13,0.0,0.0,3.825638432364096,110.36306973802309,FBLN7;TES;AHNAK;FBLIM1;TGFB1I1;SYNPO2;FHL1;FAM107A;TNC;FHL2;NEDD9;NEXN;THY1;PVR;RND3;MRC2;AKAP12;LIMA1;CNN1;ALCAM;CSRP2;EFS;FLRT2;ADGRE5;EPB41L2;CAPN5;ANXA6;CD59;SCARF2;TNS3;PDLIM7;TNS1;TGM2;SVIL;TPM4;DST;MME;ANXA5;IGF2R;DAB2;PALLD;ADAM9;ITGBL1;CD9;PHLDB2;ENG;DDR2;PLEC,0.12403100775193798
5,748,Cell-Substrate Junction (GO:0030055),49/395,7.14547651045468e-12,cellular anatomical structure,GO_Cellular_Component_2023,1.652133297214955e-13,0.0,0.0,3.830385273760202,112.73413299013176,TES;TGFB1I1;FHL1;FAM107A;TNC;FHL2;PVR;RND3;MRC2;AKAP12;ALCAM;CSRP2;ADGRE5;CAPN5;ANXA6;SCARF2;TNS3;TNS1;TGM2;TPM4;DST;MME;ANXA5;PALLD;ADAM9;PHLDB2;ENG;DDR2;PLEC;FBLN7;AHNAK;FBLIM1;SYNPO2;NEDD9;NEXN;THY1;LIMA1;CNN1;EFS;FLRT2;EPB41L2;DMD;CD59;PDLIM7;SVIL;IGF2R;DAB2;ITGBL1;CD9,0.1240506329113924
5,748,Basement Membrane (GO:0005604),21/46,1.3498185864462848e-16,cellular anatomical structure,GO_Cellular_Component_2023,2.3407258724502048e-18,0.0,0.0,22.21551581843191,901.8626483744092,COL15A1;DST;TNC;P3H2;NID1;NID2;THBS4;COLQ;LOXL2;SMOC2;EFEMP2;CCDC80;FRAS1;COL4A2;COL4A1;SMOC1;PXDN;COL8A2;COL4A5;AGRN;FBN1,0.45652173913043476
5,748,Supramolecular Fiber Organization (GO:0097435),57/316,9.313359700557455e-21,cellular process,GO_Biological_Process_2023,2.279334239000846e-23,0.0,0.0,6.04909788846113,315.3731890181453,COL18A1;COL14A1;COL12A1;LOXL3;TCHH;LOXL4;PLOD3;LOXL1;LOXL2;EFEMP2;ADAMTS2;ADAMTS3;CAPN3;KRT6B;KRT6A;COL27A1;TPM4;TPM2;TPM1;KRT7;KRT34;KRT5;RHOF;SERPINB8;GREM1;LOX;PXDN;DDR2;TNXB;COL11A1;DPT;LTBP2;KRT86;FBLN5;THSD4;CST3;CNN1;SERPINH1;CRTAP;LUM;KRT13;KLHL24;MYO1D;MFAP4;MYO1E;COL3A1;KRT19;MYO1B;BMP1;KRT17;COL5A1;KRT16;KRT15;KRT14;COL5A2;TLL2;TLL1,0.18037974683544303
5,748,Extracellular Structure Organization (GO:0043062),40/109,2.737200958265272e-26,cellular process,GO_Biological_Process_2023,2.6795897780374656e-29,0.0,0.0,15.707033488905266,1033.354800855741,COL15A1;COL16A1;ECM2;COL13A1;COL14A1;COL11A1;NDNF;THSD4;ADAMTS5;ADAMTS2;ADAMTS3;ADAMTS1;SPOCK2;ADAMTS9;POSTN;MIA;NPNT;COLQ;MMP11;SMOC2;COL3A1;CCDC80;COL4A2;SPINT1;COL5A1;MMP16;COL4A1;COL7A1;SMOC1;COL5A2;PXDN;COL8A2;COL4A5;COL8A1;COL9A3;TGFBI;MATN4;RECK;MATN3;MATN2,0.3669724770642202
5,748,Collagen Fibril Organization (GO:0030199),26/42,2.474852283327306e-24,cellular process,GO_Biological_Process_2023,4.845525762755372e-27,0.0,0.0,43.29432132963989,2623.2783374557107,COL18A1;COL14A1;COL11A1;COL12A1;LOXL3;DPT;LOXL4;PLOD3;LOXL1;LOXL2;ADAMTS2;ADAMTS3;SERPINH1;CRTAP;COL27A1;LUM;GREM1;COL3A1;BMP1;COL5A1;LOX;COL5A2;PXDN;TLL2;TLL1;DDR2,0.6190476190476191
5,748,External Encapsulating Structure Organization (GO:0045229),40/110,2.7682026183509524e-26,cellular process,GO_Biological_Process_2023,4.0649083969911186e-29,0.0,0.0,15.4818401937046,1012.0877822479632,COL15A1;COL16A1;ECM2;COL13A1;COL14A1;COL11A1;NDNF;THSD4;ADAMTS5;ADAMTS2;ADAMTS3;ADAMTS1;SPOCK2;ADAMTS9;POSTN;MIA;NPNT;COLQ;MMP11;SMOC2;COL3A1;CCDC80;COL4A2;SPINT1;COL5A1;MMP16;COL4A1;COL7A1;SMOC1;COL5A2;PXDN;COL8A2;COL4A5;COL8A1;COL9A3;TGFBI;MATN4;RECK;MATN3;MATN2,0.36363636363636365
5,748,Extracellular Matrix Organization (GO:0030198),68/176,1.3185892914355122e-47,cellular process,GO_Biological_Process_2023,6.454181553771474e-51,0.0,0.0,17.725925925925925,2048.534058259651,COL18A1;COL16A1;ECM2;COL14A1;ELN;COL12A1;LOXL3;LOXL4;PLOD3;CTSV;LOXL1;LOXL2;ADAMTS5;ADAMTS2;ADAMTS3;ADAMTS1;QSOX1;ADAMTS9;POSTN;COL27A1;MIA;NPNT;GREM1;MMP11;CCDC80;COL4A2;LOX;SPINT1;MMP16;COL4A1;PXDN;COL8A2;COL4A5;COL8A1;MATN4;MATN3;DDR2;MATN2;COL15A1;COL13A1;TMPRSS6;COL11A1;DPT;NDNF;NID1;NID2;KLK7;THSD4;FLRT2;SPOCK2;SERPINH1;HAS2;GPM6B;CRTAP;LUM;COLQ;SMOC2;COL3A1;BMP1;COL5A1;COL7A1;SMOC1;COL5A2;TLL2;COL9A3;TLL1;TGFBI;RECK,0.38636363636363635
5,748,Collagen-Containing Extracellular Matrix (GO:0062023),132/373,2.0079667267147984e-91,None,GO_Cellular_Component_2023,1.1606744085056637e-93,0.0,0.0,16.90367516301126,3617.241323316735,SPON1;SPARC;COL16A1;SERPINE2;COL12A1;LOXL3;TNC;LOXL4;LOXL1;LOXL2;COMP;EFEMP2;EFEMP1;CCN2;TGM2;POSTN;COL27A1;SERPINF1;P3H2;P3H1;PCOLCE;NPNT;ADAM19;CCDC80;COL4A2;LOX;COL4A1;COL8A2;S100A6;COL8A1;COL4A5;S100A4;MXRA7;MXRA5;FREM2;FBN2;COL13A1;HTRA1;LTBP4;DPT;FBLN1;LTBP2;AEBP1;NID1;FBLN2;LTBP1;NID2;FBLN5;SERPINH1;IGFBP7;NDP;A2M;AMELX;PRG4;COL5A1;CILP;COL5A2;COL9A3;TGFBI;FBN1;COL18A1;SRPX;ECM1;SERPINA1;TINAGL1;COL14A1;ELN;TGFB1I1;HAPLN1;ADAMTS3;ADAMTS1;ANXA6;TIMP2;TIMP3;EMILIN2;ANXA8;CTSF;ADAMTS9;EDIL3;SBSPON;SERPINB1;ANXA2;DST;ANXA4;ANXA5;SERPINB8;ASPN;SERPINB6;GREM1;VCAN;MMRN1;COL6A2;PXDN;COL6A1;MMRN2;ANGPTL2;COL21A1;VWA1;COL6A3;MFGE8;MATN4;MATN3;MATN2;ITIH5;LRRC15;COL15A1;TNXB;ITIH2;COL11A1;C17ORF58;THBS2;THBS4;THSD4;CLEC3B;SRPX2;ABI3BP;CTHRC1;GDF10;LUM;SULF1;KAZALD1;COLQ;MFAP5;SMOC2;MFAP4;COL3A1;FRAS1;SMOC1;COL7A1;MFAP2;MGP;AGRN,0.353887399463807
5,748,Response To Elevated Platelet Cytosolic Ca2+ R-HSA-76005,21/130,5.033539407999052e-07,Hemostasis,Reactome_2022,1.528878792149245e-08,0.0,0.0,5.073041151899853,91.2951897042612,ECM1;SPARC;SERPINA1;WDR1;PCDH7;ANXA5;ENDOD1;RAB27B;LHFPL2;ISLR;CLEC3B;SCCPDH;MMRN1;CD109;SELENOP;HABP4;TIMP3;CD9;SCG3;MAGED2;QSOX1,0.16153846153846155
5,748,Endoplasmic Reticulum Lumen (GO:0005788),57/284,7.146525287329545e-24,cellular anatomical structure,GO_Cellular_Component_2023,8.261878944889648e-26,0.0,0.0,6.913462580567013,399.29090551380943,COL18A1;SPON1;SERPINA1;COL16A1;COL14A1;COL12A1;TNC;MSLN;CHRDL1;PRSS23;ADAMTS5;EVA1A;QSOX1;COL27A1;IGFBP5;IGFBP4;P3H2;P3H1;VCAN;COL4A2;COL4A1;COL6A2;EOGT;COL6A1;COL8A2;MXRA8;COL8A1;SPARCL1;COL21A1;FAM20C;VWA1;COL4A5;COL6A3;MFGE8;MATN3;COL15A1;ITIH2;COL13A1;COL11A1;FSTL1;LTBP1;FSTL3;CST3;STC2;SERPINH1;SPP1;IGFBP7;AMELX;CRTAP;COL3A1;COL5A1;P4HA2;P4HA3;COL7A1;COL5A2;COL9A3;FBN1,0.2007042253521127
5,748,Platelet Degranulation R-HSA-114608,21/125,2.653814480366676e-07,Hemostasis,Reactome_2022,7.440601346822456e-09,0.0,0.0,5.318326103057878,99.53946217771858,ECM1;SPARC;SERPINA1;WDR1;PCDH7;ANXA5;ENDOD1;RAB27B;LHFPL2;ISLR;CLEC3B;SCCPDH;MMRN1;CD109;SELENOP;HABP4;TIMP3;CD9;SCG3;MAGED2;QSOX1,0.168
5,748,Negative Regulation Of Endopeptidase Activity (GO:0010951),16/66,5.438125124090238e-07,biological regulation,GO_Biological_Process_2023,1.8632832045341004e-09,0.0,0.0,8.394316939890711,168.73354145989515,SERPINB1;SERPINA1;SERPINE2;SERPINF1;SERPINB8;SERPINB6;CST3;SPOCK2;SPOCK3;TIMP2;SERPINH1;TIMP3;SPOCK1;ANXA8;SERPINI1;RECK,0.24242424242424243
5,748,Post-translational Protein Phosphorylation R-HSA-8957275,26/106,5.13268204038242e-13,Metabolism of proteins,Reactome_2022,1.1992247757902852e-14,0.0,0.0,8.63005540166205,276.6322487295851,SERPINA1;ITIH2;MSLN;LTBP1;CHRDL1;PRSS23;FSTL1;FSTL3;CST3;EVA1A;STC2;IGFBP7;QSOX1;AMELX;IGFBP5;IGFBP4;VCAN;MXRA8;SPARCL1;FAM20C;VWA1;SCG3;MFGE8;SCG2;MATN3;FBN1,0.24528301886792453
5,748,Adherens Junction (GO:0005912),22/150,6.147088571020045e-07,cellular anatomical structure,GO_Cellular_Component_2023,4.2638764654474313e-08,0.0,0.0,4.527462121212121,76.83330511437076,ANXA2;CTNND2;KLHL24;PVR;NDRG1;CDH6;MYO1E;FRMD5;CEACAM1;PDLIM3;CDH3;PDLIM2;KRT18;TRIM29;CDH11;PKP2;PKP1;DCHS1;STXBP6;PDLIM4;JCAD;PDLIM7,0.14666666666666667
5,748,Extracellular Matrix Assembly (GO:0085029),9/17,6.472849114803246e-07,cellular process,GO_Biological_Process_2023,2.5346447830849714e-09,0.0,0.0,29.2956698240866,579.8554133165076,MFAP4;EFEMP2;TNXB;ELN;PXDN;HAS2;QSOX1;FBLN5;GPM6B,0.5294117647058824
5,748,Intermediate Filament Organization (GO:0045109),16/68,6.776196555121004e-07,cellular process,GO_Biological_Process_2023,2.9851086145907503e-09,0.0,0.0,8.07061790668348,158.42324099039604,TCHH;KRT13;KRT34;KRT7;KRT5;KLHL24;KRT86;KRT19;KRT17;KRT16;KRT15;KRT14;PKP2;PKP1;KRT6B;KRT6A,0.23529411764705882
5,748,Protein digestion and absorption,25/103,4.901639863078953e-12,Digestive system,KEGG_2021_Human,5.053236972246343e-14,0.0,0.0,8.500017732382878,260.23792227214847,COL18A1;COL15A1;COL16A1;COL13A1;COL14A1;ELN;COL11A1;COL12A1;COL27A1;MME;COL3A1;COL4A2;COL5A1;MEP1B;COL4A1;COL6A2;COL7A1;COL5A2;COL6A1;COL8A2;COL4A5;COL8A1;COL21A1;COL6A3;COL9A3,0.24271844660194175
5,748,ECM-receptor interaction,18/88,1.6833103270669477e-07,Signaling molecules and interaction,KEGG_2021_Human,3.4707429424060767e-09,0.0,0.0,6.7568688845401175,131.61635413545923,TNXB;TNC;NPNT;THBS2;THBS4;COMP;FRAS1;COL4A2;COL4A1;COL6A2;COL6A1;SPP1;COL4A5;COL6A3;SDC1;COL9A3;AGRN;FREM2,0.20454545454545456
5,748,Negative Regulation Of Peptidase Activity (GO:0010466),15/60,7.72264399428766e-07,biological regulation,GO_Biological_Process_2023,3.780050902735027e-09,0.0,0.0,8.734424738517507,169.39131388410186,ECM1;SERPINB1;SERPINA1;SERPINE2;SERPINF1;SERPINB8;SERPINB6;CST3;SPOCK2;SPOCK3;TIMP2;SERPINH1;TIMP3;SPOCK1;SERPINI1,0.25
5,748,Keratin Filament (GO:0045095),11/39,1.5927231530974493e-06,cellular anatomical structure,GO_Cellular_Component_2023,1.196843987876696e-07,0.0,0.0,10.24733475479744,163.32619781609125,KRT18;KRT17;KRT16;KRT14;KRT13;KRT8;KRT7;KRT5;KRT86;KRT6B;KRT6A,0.28205128205128205
5,748,Metallopeptidase Activity (GO:0008237),20/124,1.9312058264178045e-06,catalytic activity,GO_Molecular_Function_2023,3.4485818328889364e-08,0.0,0.0,5.058114961961116,86.91216128496664,MME;TMPRSS6;CLCA3P;KLK7;ADAM19;ADAMTS5;MMP11;ADAMTS2;BMP1;ADAMTS3;MEP1B;MMP16;ADAMTS1;PAPPA;ADAM12;ADAM23;ADAM9;TLL2;TLL1;ADAMTS9,0.16129032258064516
5,748,Extracellular Vesicle (GO:1903561),13/60,3.008417468148224e-06,cellular anatomical structure,GO_Cellular_Component_2023,2.569902881066711e-07,0.0,0.0,7.227239832103054,109.66778171462472,SERPINE2;COL12A1;FBLN2;EFEMP2;OLFML3;COL6A2;COL6A3;HAS2;CD9;CTSF;MFGE8;PROM1;EDIL3,0.21666666666666667
5,748,Metalloendopeptidase Inhibitor Activity (GO:0008191),7/13,6.733433394088712e-06,molecular function regulator activity,GO_Molecular_Function_2023,1.4027986237684817e-07,0.0,0.0,30.30184435447593,478.1517829244458,SPOCK2;RARRES1;SPOCK3;TIMP2;SPOCK1;TIMP3;RECK,0.5384615384615384
5,748,Intermediate Filament Cytoskeleton (GO:0045111),17/81,9.829503144041089e-08,cellular anatomical structure,GO_Cellular_Component_2023,6.249973097367166e-09,0.0,0.0,6.972383720930233,131.71313021305883,SYNM;DTNA;DST;KRT8;KRT13;KRT7;KRT5;PPL;KRT18;KRT17;KRT16;KRT14;PKP2;PKP1;PHLDB2;KRT6A;PLEC,0.20987654320987653
5,748,Metalloendopeptidase Activity (GO:0004222),20/101,9.640040656729279e-08,catalytic activity,GO_Molecular_Function_2023,8.607179157793997e-10,0.0,0.0,6.502170668837335,135.7214618019698,MME;TMPRSS6;CLCA3P;KLK7;ADAM19;ADAMTS5;MMP11;ADAMTS2;BMP1;ADAMTS3;MEP1B;MMP16;ADAMTS1;PAPPA;ADAM12;ADAM23;ADAM9;TLL2;TLL1;ADAMTS9,0.19801980198019803
5,748,Regulation Of Cell Migration (GO:0030334),46/434,7.330343980438425e-08,biological regulation,GO_Biological_Process_2023,2.1528176154004178e-10,0.0,0.0,3.185831350779804,70.91365396301512,LRRC15;CEMIP;TNXB;SERPINE2;SEMA3C;FAM107A;TNC;SEMA3G;TWIST2;STC1;NEDD9;NEXN;THY1;SEMA3F;LDLRAD4;LDB2;VSIR;PODXL;DPYSL3;PDPN;ENPP2;HAS2;EMILIN2;PLXNC1;NTNG1;NTNG2;IGFBP5;LIMCH1;SEMA4B;TPM1;KRT5;SULF1;IGSF10;CLDN4;FRMD5;DAB2;CEACAM1;CEACAM6;KRT16;CDH11;MMRN2;ADAM9;PLXNB2;AMOTL2;RECK;ENG,0.10599078341013825
5,748,Supramolecular Fiber (GO:0099512),12/36,6.50300613839586e-08,cellular anatomical structure,GO_Cellular_Component_2023,3.7589630857779534e-09,0.0,0.0,13.0625,253.40104017256556,FBN2;MFAP5;MFAP4;EFEMP2;ELN;MFAP2;LTBP4;FBLN1;LTBP1;FBLN5;THSD4;FBN1,0.3333333333333333
5,748,Cell-Cell Junction (GO:0005911),36/299,1.4361483966966798e-08,cellular anatomical structure,GO_Cellular_Component_2023,6.641148655244761e-10,0.0,0.0,3.650638697825437,77.14736319169852,COL13A1;AHNAK;WDR1;CTNND2;PVR;NDRG1;TMEM47;CDH6;PDLIM3;CDH3;PDZD2;PDLIM2;FLRT2;TRIM29;CCN3;STXBP6;PCDH1;PDLIM4;PDLIM7;CADM1;ANXA2;HEG1;KLHL24;MYO1E;CLDN4;GJB2;CEACAM1;FRMD5;KRT18;GJB3;CDH11;PKP2;PKP1;DCHS1;DSC2;JCAD,0.12040133779264214
5,748,Intermediate Filament (GO:0005882),17/69,1.0916662971642944e-08,cellular anatomical structure,GO_Cellular_Component_2023,4.417146867138762e-10,0.0,0.0,8.586762075134168,184.96192012122708,SYNM;DST;KRT8;KRT13;KRT7;KRT5;KRT86;PPL;KRT18;KRT17;KRT16;KRT14;PKP2;PKP1;KRT6B;KRT6A;PLEC,0.2463768115942029
5,748,Endopeptidase Inhibitor Activity (GO:0004866),23/112,3.6025442259005076e-09,molecular function regulator activity,GO_Molecular_Function_2023,2.1443715630360164e-11,0.0,0.0,6.83067028283611,167.79944211711512,SERPINB1;SPINK1;SERPINA1;ITIH2;SERPINE2;ANXA2;SERPINF1;RARRES1;TFPI2;TFPI;SERPINB8;WFDC2;SERPINB6;CST3;SPINT1;SPOCK2;SPOCK3;SERPINH1;TIMP2;TIMP3;SPOCK1;SERPINI1;RECK,0.20535714285714285
5,748,Microfibril (GO:0001527),9/11,2.0247906996424548e-10,cellular anatomical structure,GO_Cellular_Component_2023,7.022395490089439e-12,0.0,0.0,117.2192151556157,3010.414121398676,FBN2;MFAP5;MFAP4;EFEMP2;MFAP2;LTBP4;LTBP1;THSD4;FBN1,0.8181818181818182
5,748,Extracellular Matrix Organization R-HSA-1474244,99/291,2.968258077148268e-65,Extracellular matrix organization,Reactome_2022,6.935182423243617e-68,0.0,0.0,15.143008474576272,2341.702397575368,SPARC;COL16A1;COL12A1;LOXL3;LOXL4;PLOD3;PLOD2;PLOD1;LOXL1;LOXL2;COMP;EFEMP2;CAPN9;EFEMP1;CAPN6;CAPN5;CAPN3;COL27A1;P3H2;P3H1;PCOLCE;P3H3;ADAM19;COL4A2;LOX;COL4A1;ADAM12;COL8A2;COL8A1;ADAM9;COL4A5;FBN2;COL13A1;HTRA1;LTBP4;FBLN1;LTBP3;NID1;FBLN2;LTBP1;NID2;KLK7;FBLN5;SCUBE1;SERPINH1;CRTAP;BMP1;COL5A1;P4HA2;P4HA3;COL5A2;SDC1;COL9A3;FBN1;DDR1;COL18A1;COL14A1;CTSV;HAPLN1;ADAMTS5;ADAMTS2;ADAMTS3;ADAMTS1;TIMP2;ADAMTS9;DST;ASPN;MMP11;CEACAM1;VCAN;MMP16;CEACAM6;COL6A2;PXDN;COL6A1;COL21A1;COL6A3;MATN4;MATN3;DDR2;PLEC;COL15A1;TNXB;PCOLCE2;TMPRSS6;COL11A1;NTN4;SPOCK3;DMD;LUM;MFAP5;MFAP4;COL3A1;COL7A1;MFAP3;MFAP2;TLL2;TLL1;AGRN,0.3402061855670103
5,748,Collagen Formation R-HSA-1474290,48/90,2.974283169509606e-42,Extracellular matrix organization,Reactome_2022,1.3898519483689746e-44,0.0,0.0,31.36326530612245,3167.205135058768,COL18A1;COL15A1;COL16A1;COL13A1;PCOLCE2;COL14A1;COL11A1;COL12A1;LOXL3;LOXL4;PLOD3;PLOD2;CTSV;PLOD1;LOXL1;LOXL2;ADAMTS2;ADAMTS3;SERPINH1;CRTAP;COL27A1;DST;P3H2;P3H1;PCOLCE;P3H3;COL3A1;BMP1;COL4A2;LOX;COL5A1;COL4A1;P4HA2;COL6A2;COL7A1;P4HA3;COL6A1;PXDN;COL5A2;COL8A2;COL21A1;COL4A5;COL6A3;COL8A1;TLL2;COL9A3;TLL1;PLEC,0.5333333333333333
5,748,Collagen Biosynthesis And Modifying Enzymes R-HSA-1650814,39/67,2.5853524886735557e-36,Extracellular matrix organization,Reactome_2022,1.812162959350623e-38,0.0,0.0,37.76627040096716,3282.029101224685,COL18A1;COL15A1;COL16A1;COL13A1;PCOLCE2;COL14A1;COL11A1;COL12A1;PLOD3;PLOD2;PLOD1;ADAMTS2;ADAMTS3;SERPINH1;CRTAP;COL27A1;P3H2;P3H1;PCOLCE;P3H3;COL3A1;BMP1;COL4A2;COL5A1;COL4A1;P4HA2;COL6A2;COL7A1;P4HA3;COL6A1;COL5A2;COL8A2;COL21A1;COL4A5;COL6A3;COL8A1;TLL2;COL9A3;TLL1,0.582089552238806
5,748,Assembly Of Collagen Fibrils And Other Multimeric Structures R-HSA-2022090,30/57,5.0117617910543237e-26,Extracellular matrix organization,Reactome_2022,4.683889524349836e-28,0.0,0.0,29.75085112968121,1872.1691089922776,COL18A1;COL15A1;COL11A1;LOXL3;LOXL4;CTSV;LOXL1;LOXL2;COL27A1;DST;PCOLCE;COL3A1;BMP1;COL4A2;LOX;COL5A1;COL4A1;COL6A2;COL7A1;COL6A1;PXDN;COL5A2;COL8A2;COL4A5;COL6A3;COL8A1;TLL2;COL9A3;TLL1;PLEC,0.5263157894736842
5,748,Collagen Chain Trimerization R-HSA-8948216,22/44,2.454380785805678e-18,Extracellular matrix organization,Reactome_2022,2.8672672731374747e-20,0.0,0.0,26.487603305785125,1191.8982443221878,COL18A1;COL15A1;COL16A1;COL27A1;COL13A1;COL14A1;COL11A1;COL12A1;COL3A1;COL4A2;COL5A1;COL4A1;COL6A2;COL7A1;COL5A2;COL6A1;COL8A2;COL21A1;COL4A5;COL6A3;COL8A1;COL9A3,0.5
5,748,Elastic Fibre Formation R-HSA-1566948,19/39,1.4902032559913304e-15,Extracellular matrix organization,Reactome_2022,2.0890699850345758e-17,0.0,0.0,25.06227709190672,962.572580372791,FBN2;LOXL3;LTBP4;LOXL4;FBLN1;LTBP3;FBLN2;LTBP1;FBLN5;LOXL1;LOXL2;MFAP5;MFAP4;EFEMP2;EFEMP1;LOX;MFAP3;MFAP2;FBN1,0.48717948717948717
5,748,Degradation Of Extracellular Matrix R-HSA-1474228,28/109,1.8978551293434368e-14,Extracellular matrix organization,Reactome_2022,3.103968669486929e-16,0.0,0.0,9.204183813443072,328.6692542642275,COL18A1;COL15A1;COL16A1;COL13A1;COL14A1;TMPRSS6;COL12A1;HTRA1;CTSV;NID1;KLK7;ADAMTS5;CAPN9;SCUBE1;CAPN6;ADAMTS1;CAPN5;SPOCK3;TIMP2;CAPN3;ADAMTS9;MMP11;BMP1;MMP16;ADAM9;TLL2;COL9A3;TLL1,0.25688073394495414
5,748,Regulation Of IGF Transport And Uptake By IGFBPs R-HSA-381426,29/123,5.841615019130694e-14,Metabolism of proteins,Reactome_2022,1.091890657781438e-15,0.0,0.0,8.22037108276862,283.1988997889372,SERPINA1;ITIH2;MSLN;LTBP1;CHRDL1;PRSS23;FSTL1;FSTL3;CST3;EVA1A;STC2;IGFBP7;QSOX1;IGFBP6;AMELX;IGFBP5;IGFBP4;IGFBP2;VCAN;PAPPA;MXRA8;SPARCL1;FAM20C;VWA1;SCG3;MFGE8;SCG2;MATN3;FBN1,0.23577235772357724
5,748,Crosslinking Of Collagen Fibrils R-HSA-2243919,10/10,2.4012176290902057e-13,Extracellular matrix organization,Reactome_2022,5.049289406965386e-15,0.0,0.0,192520.0,6337667.698633081,BMP1;LOX;PXDN;LOXL3;LOXL4;TLL2;PCOLCE;TLL1;LOXL1;LOXL2,1.0
5,748,Serine-Type Endopeptidase Inhibitor Activity (GO:0004867),14/53,4.83917979858904e-07,molecular function regulator activity,GO_Molecular_Function_2023,5.76092833165362e-09,0.0,0.0,9.396422832390137,178.27050511940908,SERPINB1;SERPINA1;SERPINE2;ANXA2;SERPINF1;TFPI2;TFPI;SERPINB8;WFDC2;SERPINB6;SPINT1;SERPINH1;SPOCK1;SERPINI1,0.2641509433962264
5,748,Molecules Associated With Elastic Fibres R-HSA-2129379,12/28,4.682912375157398e-09,Extracellular matrix organization,Reactome_2022,1.2035522459516678e-10,0.0,0.0,19.601902173913043,447.7186881460833,MFAP5;MFAP4;EFEMP2;EFEMP1;MFAP3;MFAP2;LTBP4;FBLN1;LTBP3;FBLN2;LTBP1;FBLN5,0.42857142857142855
6,666,KEAP1-NFE2L2 Pathway R-HSA-9755511,44/100,5.450005691225488e-37,Cellular responses to stimuli,Reactome_2022,2.069622414389426e-38,0.0,0.0,24.35209003215434,2113.0519739153183,PSMD10;PSMD12;PSMD11;PSMD14;CUL1;KEAP1;PSMB10;PSMD8;PSMB6;PSMB7;PSMB4;PSMB5;PSMD4;PSMB2;PSMD5;PSMB3;PSMD2;SESN1;PRDX1;SESN2;UBXN7;PSMF1;SKP1;TXNRD1;MUL1;PSMB8;RBX1;PSMB9;SEM1;PSMA5;PSMA6;PSMA3;PSMA4;PSMC6;PSMA1;PSMA2;PSMC4;PSME3;MAFG;CSNK2B;PSME4;PSME1;PSME2;TKT,0.44
6,666,Disorders Of Transmembrane Transporters R-HSA-5619115,31/176,1.0346756111322983e-13,Disease,Reactome_2022,2.5175651297593192e-14,0.0,0.0,6.4605919087700245,202.29986247406265,PSMD10;PSMD12;PSMD11;PSMD14;PSMB10;PSMD8;PSMB6;PSMB7;PSMB4;PSMB5;PSMD4;PSMB2;PSMD5;PSMB3;PSMD2;PSMF1;PSMB8;PSMB9;SEM1;PSMA5;PSMA6;PSMA3;PSMA4;PSMC6;PSMA1;PSMA2;PSMC4;PSME3;PSME4;PSME1;PSME2,0.17613636363636365
6,666,Transcriptional Regulation By RUNX2 R-HSA-8878166,43/119,3.9817220510123297e-32,Gene expression (Transcription),Reactome_2022,3.5281081464666206e-33,0.0,0.0,17.489524372729576,1306.8967733591935,PSMD10;HDAC4;PSMD12;PSMD11;HDAC3;CBFB;PSMD14;DLX6;CUL1;PPM1D;HDAC6;PSMB10;PSMD8;PSMB6;PSMB7;PSMB4;PSMB5;PSMD4;PSMB2;PSMD5;PSMB3;PSMD2;PSMF1;PPARGC1B;SKP1;FBXW7;PSMB8;RBX1;RUNX1;PSMB9;SEM1;PSMA5;PSMA6;PSMA3;PSMA4;PSMC6;PSMA1;PSMA2;PSMC4;PSME3;PSME4;PSME1;PSME2,0.36134453781512604
6,666,Ubiquitin-dependent Degradation Of Cyclin D R-HSA-75815,31/51,3.748871163638133e-32,Cell Cycle,Reactome_2022,3.269057836083886e-33,0.0,0.0,47.1444094488189,3526.4398369014048,PSMD10;PSMD12;PSMD11;PSMD14;PSMB10;PSMD8;PSMB6;PSMB7;PSMB4;PSMB5;PSMD4;PSMB2;PSMD5;PSMB3;PSMD2;PSMF1;PSMB8;PSMB9;PSMA5;SEM1;PSMA6;PSMA3;PSMA4;PSMC6;PSMA1;PSMA2;PSMC4;PSME3;PSME4;PSME1;PSME2,0.6078431372549019
6,666,Ubiquitin Mediated Degradation Of Phosphorylated Cdc25A R-HSA-69601,31/51,3.748871163638133e-32,Cell Cycle,Reactome_2022,3.269057836083886e-33,0.0,0.0,47.1444094488189,3526.4398369014048,PSMD10;PSMD12;PSMD11;PSMD14;PSMB10;PSMD8;PSMB6;PSMB7;PSMB4;PSMB5;PSMD4;PSMB2;PSMD5;PSMB3;PSMD2;PSMF1;PSMB8;PSMB9;PSMA5;SEM1;PSMA6;PSMA3;PSMA4;PSMC6;PSMA1;PSMA2;PSMC4;PSME3;PSME4;PSME1;PSME2,0.6078431372549019
6,666,Autodegradation Of E3 Ubiquitin Ligase COP1 R-HSA-349425,31/51,3.748871163638133e-32,Cell Cycle,Reactome_2022,3.269057836083886e-33,0.0,0.0,47.1444094488189,3526.4398369014048,PSMD10;PSMD12;PSMD11;PSMD14;PSMB10;PSMD8;PSMB6;PSMB7;PSMB4;PSMB5;PSMD4;PSMB2;PSMD5;PSMB3;PSMD2;PSMF1;PSMB8;PSMB9;PSMA5;SEM1;PSMA6;PSMA3;PSMA4;PSMC6;PSMA1;PSMA2;PSMC4;PSME3;PSME4;PSME1;PSME2,0.6078431372549019
6,666,Signaling By NOTCH4 R-HSA-9013694,37/81,3.748871163638133e-32,Signal Transduction,Reactome_2022,3.201819920623551e-33,0.0,0.0,25.788770053475936,1929.5567459031236,PSMD10;PSMD12;PSMD11;PSMD14;CUL1;PSMB10;PSMD8;PSMB6;PSMB7;PSMB4;PSMB5;PSMD4;PSMB2;PSMD5;PSMB3;PSMD2;PSMF1;SKP1;FBXW7;PSMB8;RBX1;PSMB9;PSMA5;SEM1;KAT2B;PSMA6;KAT2A;PSMA3;PSMA4;PSMC6;SNW1;PSMA1;PSMA2;PSMC4;PSME3;PSME1;PSME2,0.4567901234567901
6,666,Degradation Of DVL R-HSA-4641258,32/55,2.793646871661046e-32,Signal Transduction,Reactome_2022,2.278924311622232e-33,0.0,0.0,42.37772596351667,3185.177879763889,PSMD10;PSMD12;PSMD11;PSMD14;PSMB10;PSMD8;PSMB6;PSMB7;PSMB4;PSMB5;PSMD4;PSMB2;PSMD5;PSMB3;PSMD2;PSMF1;PSMB8;RBX1;PSMB9;PSMA5;SEM1;PSMA6;PSMA3;PSMA4;PSMC6;PSMA1;PSMA2;PSMC4;PSME3;PSME4;PSME1;PSME2,0.5818181818181818
6,666,Orc1 Removal From Chromatin R-HSA-68949,35/69,1.9332944731119058e-32,Cell Cycle,Reactome_2022,1.5498985227479417e-33,0.0,0.0,31.485969982287685,2378.674308777927,PSMD10;PSMD12;PSMD11;PSMD14;CUL1;PSMB10;PSMD8;PSMB6;PSMB7;PSMB4;PSMB5;PSMD4;PSMB2;PSMD5;PSMB3;PSMD2;PSMF1;SKP1;PSMB8;RBX1;PSMB9;PSMA5;SEM1;CCNA1;PSMA6;PSMA3;PSMA4;PSMC6;PSMA1;PSMA2;PSMC4;PSME3;PSME4;PSME1;PSME2,0.5072463768115942
6,666,Regulation Of Ornithine Decarboxylase (ODC) R-HSA-350562,31/50,1.679304325246367e-32,Metabolism,Reactome_2022,1.3226588215723848e-33,0.0,0.0,49.62826357231662,3757.1406518391873,PSMD10;PSMD12;PSMD11;PSMD14;PSMB10;PSMD8;PSMB6;PSMB7;PSMB4;PSMB5;PSMD4;PSMB2;PSMD5;PSMB3;PSMD2;PSMF1;PSMB8;PSMB9;PSMA5;SEM1;PSMA6;PSMA3;PSMA4;PSMC6;PSMA1;PSMA2;PSMC4;PSME3;PSME4;PSME1;PSME2,0.62
6,666,AUF1 (hnRNP D0) Binds And Destabilizes mRNA R-HSA-450408,32/54,1.2710508998737522e-32,Metabolism of RNA,Reactome_2022,9.832320603805397e-34,0.0,0.0,44.30628047031833,3367.375595132134,PSMD10;PSMD12;PSMD11;PSMD14;PSMB10;PSMD8;PSMB6;PSMB7;PSMB4;PSMB5;PSMD4;PSMB2;PSMD5;PSMB3;PSMD2;PSMF1;HSPA8;PSMB8;PSMB9;PSMA5;SEM1;PSMA6;PSMA3;PSMA4;PSMC6;PSMA1;PSMA2;PSMC4;PSME3;PSME4;PSME1;PSME2,0.5925925925925926
6,666,Nuclear Events Mediated By NFE2L2 R-HSA-9759194,37/78,7.280403835510591e-33,Cellular responses to stimuli,Reactome_2022,5.4569804582160215e-34,0.0,0.0,27.680057388809185,2120.0432077788223,PSMD10;PSMD12;PSMD11;PSMD14;CUL1;PSMB10;PSMD8;PSMB6;PSMB7;PSMB4;PSMB5;PSMD4;PSMB2;PSMD5;PSMB3;PSMD2;PRDX1;PSMF1;SKP1;TXNRD1;PSMB8;RBX1;PSMB9;PSMA5;SEM1;PSMA6;PSMA3;PSMA4;PSMC6;PSMA1;PSMA2;PSMC4;PSME3;MAFG;PSME1;PSME2;TKT,0.47435897435897434
6,666,Signaling By WNT R-HSA-195721,64/294,7.280403835510591e-33,Signal Transduction,Reactome_2022,5.529420634565007e-34,0.0,0.0,8.830391448793875,676.2120396462548,TRRAP;ASH2L;PSMD8;XPO1;PSMD4;PSMD5;PSMD2;H2BC21;SKP1;H3-3B;MEN1;TLE3;H2AC6;NCOA3;CSNK1E;PPP2R5C;RBX1;PSMA5;PSMA6;H2AJ;PSMA3;PSMA4;PSMA1;PSMA2;PSME3;CSNK2B;PSME4;PSME1;PSME2;CSNK1G2;PSMD10;KMT2D;PSMD12;PSMD11;PSMD14;CTBP1;HDAC1;CUL1;PSMB10;SNX3;PSMB6;PSMB7;PSMB4;PSMB5;TERT;PSMB2;TNKS2;PSMB3;RBBP5;PSMF1;H2AZ2;ZRANB1;H2BC5;PSMB8;SMARCA4;PSMB9;RNF146;SEM1;MOV10;PSMC6;PSMC4;AGO2;TNRC6A;TNRC6B,0.21768707482993196
6,666,Regulation Of Activated PAK-2p34 By Proteasome Mediated Degradation R-HSA-211733,31/49,7.090249781024929e-33,Programmed Cell Death,Reactome_2022,5.185555395405013e-34,0.0,0.0,52.38810148731409,4015.129723404786,PSMD10;PSMD12;PSMD11;PSMD14;PSMB10;PSMD8;PSMB6;PSMB7;PSMB4;PSMB5;PSMD4;PSMB2;PSMD5;PSMB3;PSMD2;PSMF1;PSMB8;PSMB9;PSMA5;SEM1;PSMA6;PSMA3;PSMA4;PSMC6;PSMA1;PSMA2;PSMC4;PSME3;PSME4;PSME1;PSME2,0.6326530612244898
6,666,Cross-presentation Of Soluble Exogenous Antigens (Endosomes) R-HSA-1236978,31/48,2.7398911039553386e-33,Immune System,Reactome_2022,1.9653227327949686e-34,0.0,0.0,55.47262621584067,4305.354595643902,PSMD10;PSMD12;PSMD11;PSMD14;PSMB10;PSMB6;PSMD8;PSMB7;PSMB4;PSMB5;PSMB2;PSMD4;PSMB3;PSMD5;PSMD2;PSMF1;PSMB8;PSMB9;PSMA5;SEM1;PSMA6;PSMA3;PSMA4;PSMC6;PSMA1;PSMA2;PSMC4;PSME3;PSME4;PSME1;PSME2,0.6458333333333334
6,666,Regulation Of Apoptosis R-HSA-169911,32/52,2.4024023364876584e-33,Programmed Cell Death,Reactome_2022,1.6894531198928682e-34,0.0,0.0,48.74195583596215,3790.344511536843,PSMD10;PSMD12;PSMD11;PSMD14;PSMB10;MED12;PSMD8;PSMB6;PSMB7;PSMB4;PSMB5;PSMD4;PSMB2;PSMD5;PSMB3;PSMD2;PSMF1;PSMB8;PSMB9;PSMA5;SEM1;PSMA6;PSMA3;PSMA4;PSMC6;PSMA1;PSMA2;PSMC4;PSME3;PSME4;PSME1;PSME2,0.6153846153846154
6,666,Stabilization Of P53 R-HSA-69541,33/56,1.78207789385845e-33,Cell Cycle,Reactome_2022,1.2281549479474548e-34,0.0,0.0,43.771069441582526,3417.749284187772,PSMD10;PSMD12;PSMD11;PSMD14;PHF20;PSMB10;PSMD8;PSMB6;PSMB7;PSMB4;PSMB5;PSMD4;PSMB2;PSMD5;PSMB3;PSMD2;PSMF1;PSMB8;PSMB9;PSMA5;SEM1;PSMA6;PSMA3;PSMA4;PSMC6;PSMA1;PSMA2;PSMC4;PSME3;PSME4;PSME1;PSME2;MDM4,0.5892857142857143
6,666,Vpu Mediated Degradation Of CD4 R-HSA-180534,32/51,9.930194773039368e-34,Disease,Reactome_2022,6.703928960701682e-35,0.0,0.0,51.30997841607172,4037.4685236991754,PSMD10;PSMD12;PSMD11;PSMD14;PSMB10;PSMD8;PSMB6;PSMB7;PSMB4;PSMB5;PSMD4;PSMB2;PSMD5;PSMB3;PSMD2;PSMF1;SKP1;PSMB8;PSMB9;PSMA5;SEM1;PSMA6;PSMA3;PSMA4;PSMC6;PSMA1;PSMA2;PSMC4;PSME3;PSME4;PSME1;PSME2,0.6274509803921569
6,666,GLI3 Is Processed To GLI3R By Proteasome R-HSA-5610785,34/59,5.292518695599296e-34,Signal Transduction,Reactome_2022,3.4985707270487607e-35,0.0,0.0,41.55101265822785,3296.57938352654,PSMD10;PSMD12;PSMD11;PSMD14;CUL1;PSMB10;PSMD8;PSMB6;PSMB7;PSMB4;PSMB5;PSMD4;PSMB2;PSMD5;PSMB3;PSMD2;PSMF1;SKP1;PSMB8;RBX1;PSMB9;PSMA5;SEM1;PSMA6;PSMA3;PSMA4;PSMC6;PSMA1;PSMA2;PSMC4;PSME3;PSME4;PSME1;PSME2,0.576271186440678
6,666,Neddylation R-HSA-8951664,57/237,9.12078924558976e-32,Metabolism of proteins,Reactome_2022,8.20999313245773e-33,0.0,0.0,9.959660645867542,735.8192901106045,UBE2D3;KEAP1;HIF3A;DCAF7;PSMD8;PSMD4;PSMD5;PSMD2;WDR5;UBXN7;ELOB;ELOC;SKP1;FBXW7;MUL1;KCTD6;DDB2;RBX1;PSMA5;PSMA6;PSMA3;PSMA4;PSMA1;PSMA2;PSME3;PSME4;PSME1;PSME2;PSMD10;PSMD12;PSMD11;CUL5;PSMD14;CUL2;CUL1;NEDD8;RNF7;PSMB10;PSMB6;PSMB7;PSMB4;DCAF17;PSMB5;PSMB2;PSMB3;RBBP5;PSMF1;RBBP7;PSMB8;PSMB9;SEM1;PSMC6;COPS5;PSMC4;UBA3;FBXL3;UBE2M,0.24050632911392406
6,666,Degradation Of GLI2 By Proteasome R-HSA-5610783,34/59,5.292518695599296e-34,Signal Transduction,Reactome_2022,3.4985707270487607e-35,0.0,0.0,41.55101265822785,3296.57938352654,PSMD10;PSMD12;PSMD11;PSMD14;CUL1;PSMB10;PSMD8;PSMB6;PSMB7;PSMB4;PSMB5;PSMD4;PSMB2;PSMD5;PSMB3;PSMD2;PSMF1;SKP1;PSMB8;RBX1;PSMB9;PSMA5;SEM1;PSMA6;PSMA3;PSMA4;PSMC6;PSMA1;PSMA2;PSMC4;PSME3;PSME4;PSME1;PSME2,0.576271186440678
6,666,Transcriptional Regulation By RUNX3 R-HSA-8878159,39/95,1.0765159942976079e-31,Gene expression (Transcription),Reactome_2022,9.841566755182068e-33,0.0,0.0,21.41267942583732,1578.0864904668535,HDAC4;PSMD10;PSMD12;PSMD11;CBFB;PSMD14;CXXC1;PSMB10;PSMD8;PSMB6;PSMB7;PSMB4;PSMB5;PSMD4;PSMB2;PSMD5;PSMB3;PSMD2;PSMF1;TEAD4;BRD2;PSMB8;RUNX1;PSMB9;PSMA5;SEM1;KAT2B;PSMA6;KAT2A;PSMA3;PSMA4;PSMC6;SNW1;PSMA1;PSMA2;PSMC4;PSME3;PSME1;PSME2,0.4105263157894737
6,666,Epigenetic Regulation Of Gene Expression R-HSA-212165,42/116,1.896833447925986e-31,Gene expression (Transcription),Reactome_2022,1.7874520536011402e-32,0.0,0.0,17.51819126819127,1280.613623412251,HDAC2;HDAC1;EHMT2;ARID4B;BAZ2A;CHD4;CHD3;TTF1;RRP8;TAF1D;MTA1;SIN3B;RBBP4;TAF1B;SIN3A;H2BC21;SAP30L;UBTF;SAP18;SUDS3;RBBP7;JARID2;MTA2;MTA3;H3-3B;SUZ12;H2AZ2;H2AC6;H2BC5;EED;DNMT3A;BAZ1B;GATAD2B;SAP30;GATAD2A;KAT2B;H2AJ;KAT2A;AEBP2;MYBBP1A;TET3;POLR1G,0.3620689655172414
6,666,Asymmetric Localization Of PCP Proteins R-HSA-4608870,31/62,1.1777885956894844e-28,Signal Transduction,Reactome_2022,1.3914801974390536e-29,0.0,0.0,30.398425196850397,2019.8111914666747,PSMD10;PSMD12;PSMD11;PSMD14;PSMB10;PSMD8;PSMB6;PSMB7;PSMB4;PSMB5;PSMD4;PSMB2;PSMD5;PSMB3;PSMD2;PSMF1;PSMB8;PSMB9;PSMA5;SEM1;PSMA6;PSMA3;PSMA4;PSMC6;PSMA1;PSMA2;PSMC4;PSME3;PSME4;PSME1;PSME2,0.5
6,666,FCERI Mediated NF-kB Activation R-HSA-2871837,34/78,7.891913458581085e-29,Immune System,Reactome_2022,9.212782237162168e-30,0.0,0.0,23.58529919447641,1576.8414259761412,PSMD10;PSMD12;PSMD11;PSMD14;CUL1;PSMB10;PSMD8;PSMB6;PSMB7;PSMB4;PSMB5;PSMD4;PSMB2;PSMD5;PSMB3;PSMD2;PSMF1;SKP1;PSMB8;PSMB9;PSMA5;SEM1;PSMA6;PSMA3;CDC34;PSMA4;PSMC6;PSMA1;PSMA2;PSMC4;PSME3;PSME4;PSME1;PSME2,0.4358974358974359
6,666,CDK-mediated Phosphorylation And Removal Of Cdc6 R-HSA-69017,33/72,7.052957459171847e-29,Cell Cycle,Reactome_2022,8.13421254081704e-30,0.0,0.0,25.792319844452543,1727.6075972630108,PSMD10;PSMD12;PSMD11;PSMD14;PSMB10;PSMD8;PSMB6;PSMB7;PSMB4;PSMB5;PSMD4;PSMB2;PSMD5;PSMB3;PSMD2;PSMF1;PSMB8;PSMB9;PSMA5;SEM1;CCNA1;PSMA6;PSMA3;PSMA4;PSMC6;PSMA1;CCNE1;PSMA2;PSMC4;PSME3;PSME4;PSME1;PSME2,0.4583333333333333
6,666,Switching Of Origins To A Post-Replicative State R-HSA-69052,36/90,7.052957459171847e-29,Cell Cycle,Reactome_2022,8.103413633403445e-30,0.0,0.0,20.4021164021164,1366.6412223279249,PSMD10;PSMD12;PSMD11;PSMD14;CUL1;PSMB10;PSMD8;PSMB6;PSMB7;PSMB4;PSMB5;PSMD4;PSMB2;PSMD5;PSMB3;PSMD2;PSMF1;SKP1;PSMB8;RBX1;PSMB9;PSMA5;SEM1;CCNA1;PSMA6;PSMA3;PSMA4;PSMC6;PSMA1;CCNE1;PSMA2;PSMC4;PSME3;PSME4;PSME1;PSME2,0.4
6,666,Assembly Of Pre-Replicative Complex R-HSA-68867,39/110,7.048037866626302e-29,DNA Replication,Reactome_2022,7.930281706471229e-30,0.0,0.0,16.875732866096097,1130.7899409513948,PSMD10;PSMD12;PSMD11;PSMD14;PSMB10;PSMD8;PSMB6;PSMB7;PSMB4;PSMB5;PSMD4;PSMB2;PSMD5;PSMB3;PSMD2;H2BC21;KPNA6;PSMF1;KPNA1;H3-3B;H2AZ2;H2AC6;H2BC5;PSMB8;PSMB9;SEM1;PSMA5;PSMA6;H2AJ;PSMA3;PSMA4;PSMC6;PSMA1;PSMA2;PSMC4;PSME3;PSME1;PSME2;KPNB1,0.35454545454545455
6,666,DNA Replication R-HSA-69306,45/155,5.574253298401791e-29,DNA Replication,Reactome_2022,6.1936147760019895e-30,0.0,0.0,12.66403162055336,851.7072119610855,PSMD10;PSMD12;PSMD11;PSMD14;CUL1;PSMB10;PSMD8;PSMB6;PSMB7;PSMB4;PSMB5;PSMD4;PSMB2;PSMD5;PSMB3;PSMD2;H2BC21;KPNA6;PSMF1;KPNA1;SKP1;H3-3B;H2AZ2;H2AC6;H2BC5;PSMB8;RBX1;PSMB9;SEM1;PSMA5;CCNA1;PSMA6;H2AJ;PSMA3;PSMA4;PSMC6;PSMA1;CCNE1;PSMA2;PSMC4;PSME3;PSME4;PSME1;PSME2;KPNB1,0.2903225806451613
6,666,Host Interactions Of HIV Factors R-HSA-162909,42/130,3.584761243366879e-29,Disease,Reactome_2022,3.9326494652969985e-30,0.0,0.0,14.720498251748252,996.6990201124728,PSMD10;PSMD12;PSMD11;CCNT1;CUL5;PSMD14;PSMB10;PSMD8;PSMB6;PSMB7;PSMB4;XPO1;PSMB5;PSMD4;PSMB2;PSMD5;PSMB3;PSMD2;ELOB;PSMF1;ELOC;KPNA1;SKP1;HMGA1;PSMB8;RBX1;PSMB9;CDK9;SEM1;PSMA5;PSMA6;PSMA3;PSMA4;PSMC6;PSMA1;PSMA2;PSMC4;PSME3;PSME4;PSME1;PSME2;KPNB1,0.3230769230769231
6,666,Defective CFTR Causes Cystic Fibrosis R-HSA-5678895,31/60,3.3633484850430935e-29,Disease,Reactome_2022,3.642444913478456e-30,0.0,0.0,32.498235134401305,2202.889542524965,PSMD10;PSMD12;PSMD11;PSMD14;PSMB10;PSMD8;PSMB6;PSMB7;PSMB4;PSMB5;PSMD4;PSMB2;PSMD5;PSMB3;PSMD2;PSMF1;PSMB8;PSMB9;PSMA5;SEM1;PSMA6;PSMA3;PSMA4;PSMC6;PSMA1;PSMA2;PSMC4;PSME3;PSME4;PSME1;PSME2,0.5166666666666667
6,666,Regulation Of RAS By GAPs R-HSA-5658442,32/65,3.0169817554921515e-29,Signal Transduction,Reactome_2022,3.224903142298222e-30,0.0,0.0,29.520695918172255,2004.6515617350387,PSMD10;PSMD12;PSMD11;PSMD14;PSMB10;PSMD8;PSMB6;PSMB7;PSMB4;PSMB5;PSMD4;PSMB2;PSMD5;PSMB3;PSMD2;PSMF1;PSMB8;RBX1;PSMB9;PSMA5;SEM1;PSMA6;PSMA3;PSMA4;PSMC6;PSMA1;PSMA2;PSMC4;PSME3;PSME4;PSME1;PSME2,0.49230769230769234
6,666,Regulation Of TP53 Activity R-HSA-5633007,46/157,8.526975249123296e-30,Gene expression (Transcription),Reactome_2022,8.994699629876893e-31,0.0,0.0,12.848852077884336,888.9285886829422,L3MBTL1;HDAC2;DYRK2;RNF34;MEAF6;PHF20;SETD9;HDAC1;EHMT2;EHMT1;CHD4;CHD3;NOC2L;ING5;RBBP4;PPP1R13L;SMYD2;TP53BP2;KMT5A;RBBP7;BRD7;MTA2;RFFL;TP63;ZNF385A;BANP;PLK3;PRMT5;USP7;BRD1;BRPF3;USP2;PPP2R5C;GATAD2B;PML;GATAD2A;HIPK2;CCNA1;TTC5;KAT6A;CSNK2B;JMY;CCNG1;MAPKAPK5;MDM4;TAF1,0.2929936305732484
6,666,Metabolism Of Polyamines R-HSA-351202,31/58,8.526975249123296e-30,Metabolism,Reactome_2022,8.893991366940223e-31,0.0,0.0,34.909128025663456,2415.5288040154182,PSMD10;PSMD12;PSMD11;PSMD14;PSMB10;PSMD8;PSMB6;PSMB7;PSMB4;PSMB5;PSMD4;PSMB2;PSMD5;PSMB3;PSMD2;PSMF1;PSMB8;PSMB9;PSMA5;SEM1;PSMA6;PSMA3;PSMA4;PSMC6;PSMA1;PSMA2;PSMC4;PSME3;PSME4;PSME1;PSME2,0.5344827586206896
6,666,Hh Mutants Abrogate Ligand Secretion R-HSA-5387390,31/58,8.526975249123296e-30,Disease,Reactome_2022,8.893991366940223e-31,0.0,0.0,34.909128025663456,2415.5288040154182,PSMD10;PSMD12;PSMD11;PSMD14;PSMB10;PSMD8;PSMB6;PSMB7;PSMB4;PSMB5;PSMD4;PSMB2;PSMD5;PSMB3;PSMD2;PSMF1;PSMB8;PSMB9;PSMA5;SEM1;PSMA6;PSMA3;PSMA4;PSMC6;PSMA1;PSMA2;PSMC4;PSME3;PSME4;PSME1;PSME2,0.5344827586206896
6,666,Activation Of NF-kappaB In B Cells R-HSA-1169091,33/66,2.023129833078837e-30,Immune System,Reactome_2022,2.0487390714722403e-31,0.0,0.0,30.4913112164297,2154.6048829021784,PSMD10;PSMD12;PSMD11;PSMD14;CUL1;PSMB10;PSMD8;PSMB6;PSMB7;PSMB4;PSMB5;PSMD4;PSMB2;PSMD5;PSMB3;PSMD2;PSMF1;SKP1;PSMB8;PSMB9;PSMA5;SEM1;PSMA6;PSMA3;PSMA4;PSMC6;PSMA1;PSMA2;PSMC4;PSME3;PSME4;PSME1;PSME2,0.5
6,666,Hh Mutants Are Degraded By ERAD R-HSA-5362768,31/55,9.27284691376847e-31,Disease,Reactome_2022,9.259804934986797e-32,0.0,0.0,39.27887139107612,2806.751883860617,PSMD10;PSMD12;PSMD11;PSMD14;PSMB10;PSMD8;PSMB6;PSMB7;PSMB4;PSMB5;PSMD4;PSMB2;PSMD5;PSMB3;PSMD2;PSMF1;PSMB8;PSMB9;PSMA5;SEM1;PSMA6;PSMA3;PSMA4;PSMC6;PSMA1;PSMA2;PSMC4;PSME3;PSME4;PSME1;PSME2,0.5636363636363636
6,666,Role Of GTSE1 In G2/M Progression After G2 Checkpoint R-HSA-8852276,32/59,5.297851213206721e-31,Cell Cycle,Reactome_2022,5.215887270386363e-32,0.0,0.0,36.09206683023718,2599.748162608877,PSMD10;PSMD12;HSP90AB1;PSMD11;PSMD14;PSMB10;PSMD8;PSMB6;PSMB7;PSMB4;PSMB5;PSMD4;PSMB2;PSMD5;PSMB3;PSMD2;PSMF1;PSMB8;PSMB9;PSMA5;SEM1;PSMA6;PSMA3;PSMA4;PSMC6;PSMA1;PSMA2;PSMC4;PSME3;PSME4;PSME1;PSME2,0.5423728813559322
6,666,Regulation Of RUNX3 Expression And Activity R-HSA-8941858,31/54,4.295776148534233e-31,Gene expression (Transcription),Reactome_2022,4.1688966842315335e-32,0.0,0.0,40.98877096884628,2961.646579474551,PSMD10;PSMD12;PSMD11;CBFB;PSMD14;PSMB10;PSMD8;PSMB6;PSMB7;PSMB4;PSMB5;PSMD4;PSMB2;PSMD5;PSMB3;PSMD2;PSMF1;PSMB8;PSMB9;PSMA5;SEM1;PSMA6;PSMA3;PSMA4;PSMC6;PSMA1;PSMA2;PSMC4;PSME3;PSME1;PSME2,0.5740740740740741
6,666,RMTs Methylate Histone Arginines R-HSA-3214858,30/49,2.692098517582972e-31,Chromatin organization,Reactome_2022,2.5747215076742915e-32,0.0,0.0,47.95183714001986,3487.8718957351293,SMARCD1;SMARCD2;SMARCB1;SMARCD3;H2AC11;H2AC12;WDR5;RBBP7;ARID2;PRMT6;SMARCE1;PRMT5;H2AZ2;PBRM1;SMARCC1;SMARCC2;ACTL6B;H2AC6;PRMT1;ACTL6A;DNMT3A;H2AC1;ARID1A;ARID1B;SMARCA2;SMARCA4;H2AJ;H2AC25;CARM1;H2AC21,0.6122448979591837
6,666,G1/S Transition R-HSA-69206,44/129,1.2211215759190233e-31,Cell Cycle,Reactome_2022,1.1335305768024687e-32,0.0,0.0,16.01959523359183,1178.3595471116362,PSMD10;PSMD12;PSMD11;PSMD14;LIN37;MAX;HDAC1;CUL1;PSMB10;PSMD8;PSMB6;PSMB7;PSMB4;PSMB5;PSMD4;PSMB2;RBBP4;PSMD5;PSMB3;PSMD2;PSMF1;E2F4;E2F5;SKP1;CABLES1;PSMB8;PSMB9;SEM1;PSMA5;RBL2;CCNA1;PSMA6;PSMA3;PSMA4;TFDP1;PSMC6;PSMA1;TFDP2;CCNE1;PSMA2;PSMC4;PSME3;PSME1;PSME2,0.34108527131782945
6,666,SCF(Skp2)-mediated Degradation Of P27/P21 R-HSA-187577,34/59,5.292518695599296e-34,Cell Cycle,Reactome_2022,3.4985707270487607e-35,0.0,0.0,41.55101265822785,3296.57938352654,PSMD10;PSMD12;PSMD11;PSMD14;CUL1;PSMB10;PSMD8;PSMB6;PSMB7;PSMB4;PSMB5;PSMD4;PSMB2;PSMD5;PSMB3;PSMD2;PSMF1;SKP1;PSMB8;PSMB9;PSMA5;SEM1;CCNA1;PSMA6;PSMA3;PSMA4;PSMC6;PSMA1;CCNE1;PSMA2;PSMC4;PSME3;PSME1;PSME2,0.576271186440678
6,666,TCF Dependent Signaling In Response To WNT R-HSA-201681,55/198,4.816380296364252e-34,Signal Transduction,Reactome_2022,2.9806010272858936e-35,0.0,0.0,12.080448193377816,960.3757383497192,TRRAP;ASH2L;PSMD8;XPO1;PSMD4;PSMD5;PSMD2;H2BC21;H3-3B;MEN1;TLE3;H2AC6;CSNK1E;PPP2R5C;RBX1;PSMA5;PSMA6;H2AJ;PSMA3;PSMA4;PSMA1;PSMA2;PSME3;CSNK2B;PSME4;PSME1;PSME2;CSNK1G2;PSMD10;KMT2D;PSMD12;PSMD11;PSMD14;CTBP1;HDAC1;PSMB10;PSMB6;PSMB7;PSMB4;PSMB5;TERT;PSMB2;TNKS2;PSMB3;RBBP5;PSMF1;H2AZ2;H2BC5;PSMB8;SMARCA4;PSMB9;RNF146;SEM1;PSMC6;PSMC4,0.2777777777777778
6,666,Degradation Of Beta-Catenin By Destruction Complex R-HSA-195253,39/84,4.369461327509799e-34,Signal Transduction,Reactome_2022,2.642571548283002e-35,0.0,0.0,26.66209463051568,2122.802000051984,PSMD10;PSMD12;PSMD11;PSMD14;CTBP1;HDAC1;CUL1;PSMB10;PSMD8;PSMB6;PSMB7;PSMB4;PSMB5;PSMD4;PSMB2;PSMD5;PSMB3;PSMD2;PSMF1;SKP1;TLE3;ZRANB1;PPP2R5C;PSMB8;RBX1;PSMB9;PSMA5;SEM1;PSMA6;PSMA3;PSMA4;PSMC6;PSMA1;PSMA2;PSMC4;PSME3;PSME4;PSME1;PSME2,0.4642857142857143
6,666,Cellular Responses To Stimuli R-HSA-8953897,129/736,2.134850882840943e-55,Cellular responses to stimuli,Reactome_2022,3.002603210746755e-57,0.0,0.0,7.4113093978077,964.5661368629588,EHMT2;UBE2D3;KEAP1;EHMT1;CCAR2;PSMD8;PSMD4;PSMD5;PSMD2;SESN1;SCMH1;SESN2;SKP1;H2AC6;MUL1;RBX1;CCNE1;TBL1XR1;PSME3;PSME4;CSNK2B;PSME1;PSME2;MAPKAPK5;FKBP4;AJUBA;CLOCK;PSMD10;PSMD12;PSMD11;PSMD14;CUL2;CUL1;PRDX5;BAG5;PRDX1;BAG1;EP400;PSMF1;CBX8;ZBTB17;HSPA8;PHC2;CBX6;PHC1;CBX4;CBX2;HMGA1;HSPA2;PHC3;H1-3;SEM1;H1-4;MOV10;MAFG;MDM4;RLN1;HSP90AB1;CHD9;HIF3A;CABIN1;XPO1;SIN3B;SIN3A;H2BC21;UBXN7;ELOB;ELOC;H3-3B;VENTX;NCOA1;NCOA2;RING1;NCOA6;EED;MINK1;NCOR2;PSMA5;DNAJC3;PSMA6;CCNA1;PSMA3;H2AJ;NCOR1;PSMA4;TFDP1;PSMA1;TFDP2;DNAJC7;PSMA2;TKT;SMARCD3;HDAC3;CXXC1;RNF2;HDAC6;PSMB10;PSMB6;PSMB7;HIRA;PSMB4;PSMB5;PSMB2;RBBP4;DNAJB6;PSMB3;LMNA;HSF1;NRIP1;RBBP7;TBL1X;CDKN2D;SUZ12;H2AZ2;CDKN2B;HSPA1L;H2BC5;TXNRD1;PTGES3;PSMB8;PSMB9;PSMC6;PSMC4;CARM1;DNAJA2;HDGF;BMAL1;TNRC6A;TNRC6B,0.17527173913043478
6,666,Signaling By NOTCH R-HSA-157118,68/203,1.1723880720319188e-47,Signal Transduction,Reactome_2022,1.8138212084882004e-49,0.0,0.0,16.171584293323424,1814.9568572859189,HDAC10;HDAC11;CCNC;YBX1;PSMD8;PSMD4;PSMD5;PSMD2;H2BC21;SKP1;H3-3B;TLE3;H2AC6;FBXW7;RUNX1;RBX1;NCOR2;PSMA5;KAT2B;PSMA6;H2AJ;KAT2A;PSMA3;NCOR1;PSMA4;TFDP1;PSMA1;TFDP2;PSMA2;TBL1XR1;PSME3;PSME1;PSME2;PSMD10;HDAC4;PSMD12;HDAC2;PSMD11;HDAC3;PSMD14;HDAC1;CUL1;RFNG;HDAC6;PSMB10;HDAC7;PSMB6;PSMB7;PSMB4;PSMB5;PSMB2;PSMB3;PSMF1;TBL1X;H2AZ2;H2BC5;PSMB8;PSMB9;SEM1;MOV10;CDK8;ITCH;SNW1;PSMC6;PSMC4;AGO2;TNRC6A;TNRC6B,0.33497536945812806
6,666,Post-translational Protein Modification R-HSA-597592,163/1383,1.545914766741728e-46,Metabolism of proteins,Reactome_2022,2.6091388468214815e-48,0.0,0.0,4.8114297819639535,527.1646131498702,TRRAP;KDM1B;UBE2D3;KEAP1;DCAF7;PSMD8;H2AC11;YY1;H2AC12;USP17L4;USP17L5;PSMD4;TRIM28;PSMD5;USP17L8;PSMD2;SCMH1;TRIM27;MEN1;SKP1;RAB2A;PIAS3;USP7;H2AC6;FBXW7;USP2;MUL1;H2AC1;PIAS2;KCTD6;RBX1;PIAS1;CDC34;DMTF1;POLG2;PSME3;PSME4;PSME1;PSME2;PSMD10;DDX5;PSMD12;PSMD11;CUL5;PSMD14;CTBP1;CUL2;CUL1;SNX3;PSMF1;SUDS3;TFAP2A;CBX8;HSPA8;PHC2;ZRANB1;PHC1;CBX4;CBX2;PHC3;TADA2B;SEM1;H2AC25;COPS5;H2AC21;TADA3;SP3;UBA3;MDM4;FBXL3;OGT;UBE2M;TOP2B;HIF3A;IDE;CHD3;SIN3A;H2BC21;WDR5;UBXN7;ELOB;ELOC;NCOA1;NCOA2;RING1;ACTL6A;DNMT3A;RABGGTB;SAFB;RABGGTA;H2BC18;DDB2;NCOR2;PSMA5;DNAJC3;KAT2B;PSMA6;CCNA1;KAT2A;PSMA3;PSMA4;PSMA1;PSMA2;PTRH2;TOP1;OTUB1;HDAC4;USP13;HDAC2;ZNF350;UHRF2;HDAC1;CXXC1;FOXK2;ABRAXAS2;USP17L21;NEDD8;RNF7;USP17L20;USP17L22;NR2C1;RNF2;PSMB10;USP19;HDAC7;USP17L24;PSMB6;PSMB7;PSMB4;DCAF17;MTA1;PSMB5;PSMB2;TNKS2;PSMB3;RBBP5;NRIP1;RBBP7;SUZ12;USP17L15;USP17L18;USP17L17;H2BC5;USP20;USP17L19;MBD1;PCGF2;USP22;USP17L10;USP17L12;USP17L3;USP17L11;PSMB8;PML;PSMB9;USP17L1;HIPK2;USP17L13;RNF146;ASXL1;PSMC6;PSMC4;OTUD3,0.11785972523499638
6,666,PIP3 Activates AKT Signaling R-HSA-1257604,74/268,2.6734206641989282e-45,Signal Transduction,Reactome_2022,4.88811091906977e-47,0.0,0.0,12.332474226804123,1315.069608741499,KDM1A;ATN1;CHD4;CHD3;PSMD8;PSMD4;PSMD5;PSMD2;SCMH1;TRIM27;USP7;RING1;EED;PPP2R5C;PSMA5;PSMA6;PSMA3;PSMA4;PSMA1;PSMA2;PSME3;CSNK2B;PSME4;PSME1;PSME2;PSMD10;USP13;PSMD12;HDAC2;PSMD11;HDAC3;PSMD14;HDAC1;PSMB10;RNF2;HDAC7;PSMB6;PSMB7;PSMB4;PSMB5;MTA1;PSMB2;RBBP4;TNKS2;PSMB3;PSMF1;RBBP7;MTA2;MTA3;SUZ12;CBX8;PHC2;CBX6;PHC1;CBX4;CBX2;PHC3;GATAD2B;PSMB8;PML;GATAD2A;PSMB9;RNF146;SEM1;MOV10;REST;PSMC6;PSMC4;AGO2;MKRN1;RCOR1;TNRC6A;OTUD3;TNRC6B,0.27611940298507465
6,666,RUNX1 Interacts With Co-Factors Whose Precise Effect On RUNX1 Targets Is Not Known R-HSA-8939243,32/35,7.570523362326278e-43,Gene expression (Transcription),Reactome_2022,1.4906797056619958e-44,0.0,0.0,325.2323869610936,32820.66758343815,SMARCD1;SMARCD2;SMARCB1;SMARCD3;CBFB;RNF2;SCMH1;ARID2;YAF2;CBX8;SMARCE1;CBX6;PBRM1;PHC2;SMARCC1;PHC1;SMARCC2;ACTL6B;CBX4;RING1;PCGF5;CBX2;ACTL6A;ARID1A;ARID1B;PHC3;SMARCA2;HIPK2;RUNX1;SMARCA4;RYBP;CSNK2B,0.9142857142857143
6,666,Intracellular Signaling By Second Messengers R-HSA-9006925,74/306,6.174521511656422e-41,Signal Transduction,Reactome_2022,1.3026416691258273e-42,0.0,0.0,10.292025862068966,992.6059912031676,KDM1A;ATN1;CHD4;CHD3;PSMD8;PSMD4;PSMD5;PSMD2;SCMH1;TRIM27;USP7;RING1;EED;PPP2R5C;PSMA5;PSMA6;PSMA3;PSMA4;PSMA1;PSMA2;PSME3;CSNK2B;PSME4;PSME1;PSME2;PSMD10;USP13;PSMD12;HDAC2;PSMD11;HDAC3;PSMD14;HDAC1;PSMB10;RNF2;HDAC7;PSMB6;PSMB7;PSMB4;PSMB5;MTA1;PSMB2;RBBP4;TNKS2;PSMB3;PSMF1;RBBP7;MTA2;MTA3;SUZ12;CBX8;PHC2;CBX6;PHC1;CBX4;CBX2;PHC3;GATAD2B;PSMB8;PML;GATAD2A;PSMB9;RNF146;SEM1;MOV10;REST;PSMC6;PSMC4;AGO2;MKRN1;RCOR1;TNRC6A;OTUD3;TNRC6B,0.24183006535947713
6,666,HATs Acetylate Histones R-HSA-3214847,48/106,6.474960281934805e-41,Chromatin organization,Reactome_2022,1.4570937343313203e-42,0.0,0.0,25.813190492132573,2486.6396234113668,MEAF6;TRRAP;PHF20;YEATS4;SGF29;H2AC11;H2AC12;ING5;H2BC21;EP400;MBIP;WDR5;EPC1;KAT8;KAT7;SUPT20H;DMAP1;RBBP7;ATXN7L3;KAT14;NCOA1;NCOA2;BRD1;H2AC6;H2BC5;BRPF3;USP22;ACTL6A;MSL3;ELP3;H2AC1;ELP6;H2BC18;TADA2B;MORF4L1;KAT2B;KAT2A;H2AC25;TADA2A;ZZZ3;KANSL1;KANSL2;KAT6A;KANSL3;H2AC21;TADA3;CLOCK;OGT,0.4528301886792453
6,666,Cyclin E Associated Events During G1/S Transition R-HSA-69202,43/82,3.6618876583146205e-40,Cell Cycle,Reactome_2022,8.755568240695999e-42,0.0,0.0,34.147631394822405,3228.2789645874354,PSMD10;PSMD12;PSMD11;LIN37;PSMD14;MAX;CUL1;PSMB10;PSMD8;PSMB6;PSMB7;PSMB4;PSMB5;PSMD4;PSMB2;RBBP4;PSMD5;PSMB3;PSMD2;E2F4;PSMF1;E2F5;SKP1;CABLES1;PSMB8;PSMB9;PSMA5;RBL2;SEM1;CCNA1;PSMA6;PSMA3;PSMA4;TFDP1;PSMC6;PSMA1;TFDP2;CCNE1;PSMA2;PSMC4;PSME3;PSME1;PSME2,0.524390243902439
6,666,HDACs Deacetylate Histones R-HSA-3214815,38/60,7.063048218600803e-40,Chromatin organization,Reactome_2022,1.7881134730634943e-41,0.0,0.0,53.11638679791546,4983.635837997807,HDAC2;HDAC3;HDAC10;KDM1A;HDAC1;ARID4A;GPS2;ARID4B;CHD4;CHD3;PHF21A;H2AC11;H2AC12;MTA1;RBBP4;H2BC21;SAP30L;HMG20B;SAP18;RBBP7;SUDS3;TBL1X;MTA2;MTA3;H2AC6;H2BC5;H2AC1;H2BC18;GATAD2B;SAP30;GATAD2A;NCOR2;REST;NCOR1;H2AC25;TBL1XR1;H2AC21;RCOR1,0.6333333333333333
6,666,Cyclin A:Cdk2-associated Events At S Phase Entry R-HSA-69656,43/84,1.3092467944962566e-39,Cell Cycle,Reactome_2022,3.498690449427409e-41,0.0,0.0,32.47852640645186,3025.4916597809083,PSMD10;PSMD12;PSMD11;LIN37;PSMD14;MAX;CUL1;PSMB10;PSMD8;PSMB6;PSMB7;PSMB4;PSMB5;PSMD4;PSMB2;RBBP4;PSMD5;PSMB3;PSMD2;E2F4;PSMF1;E2F5;SKP1;CABLES1;PSMB8;PSMB9;PSMA5;RBL2;SEM1;CCNA1;PSMA6;PSMA3;PSMA4;TFDP1;PSMC6;PSMA1;TFDP2;CCNE1;PSMA2;PSMC4;PSME3;PSME1;PSME2,0.5119047619047619
6,666,Cellular Response To Chemical Stress R-HSA-9711123,58/182,2.5424750152953827e-39,Cellular responses to stimuli,Reactome_2022,7.151828453714157e-41,0.0,0.0,14.778491086587437,1366.103332972144,CHD9;KEAP1;PSMD8;PSMD4;SIN3B;PSMD5;SIN3A;PSMD2;SESN1;SESN2;UBXN7;SKP1;NCOA1;NCOA2;NCOA6;MUL1;RBX1;NCOR2;PSMA5;PSMA6;PSMA3;NCOR1;PSMA4;PSMA1;TBL1XR1;PSMA2;PSME3;CSNK2B;PSME4;PSME1;PSME2;TKT;PSMD10;PSMD12;PSMD11;HDAC3;SMARCD3;PSMD14;CUL1;PSMB10;PSMB6;PSMB7;PRDX5;PSMB4;PSMB5;PSMB2;PSMB3;PRDX1;PSMF1;TBL1X;TXNRD1;PSMB8;PSMB9;SEM1;PSMC6;PSMC4;MAFG;CARM1,0.31868131868131866
6,666,Oxygen-dependent Proline Hydroxylation Of Hypoxia-inducible Factor Alpha R-HSA-1234176,38/64,2.2722388724025322e-38,Cellular responses to stimuli,Reactome_2022,6.7112540535095896e-40,0.0,0.0,44.93532582067614,4053.1492189233472,PSMD10;PSMD12;PSMD11;PSMD14;UBE2D3;CUL2;HIF3A;PSMB10;PSMD8;PSMB6;PSMB7;PSMB4;PSMB5;PSMD4;PSMB2;PSMD5;PSMB3;PSMD2;ELOB;ELOC;PSMF1;PSMB8;RBX1;PSMB9;PSMA5;SEM1;PSMA6;PSMA3;PSMA4;PSMC6;PSMA1;PSMA2;PSMC4;PSME3;PSME4;PSME1;PSME2;AJUBA,0.59375
6,666,UCH Proteinases R-HSA-5689603,44/95,3.961691400108016e-38,Metabolism of proteins,Reactome_2022,1.225839814379414e-39,0.0,0.0,26.74648508921253,2396.409972030374,PSMD10;PSMD12;PSMD11;PSMD14;KDM1B;FOXK2;NEDD8;PSMB10;H2AC11;PSMD8;YY1;PSMB6;H2AC12;PSMB7;PSMB4;PSMB5;PSMD4;PSMB2;PSMD5;PSMB3;PSMD2;PSMF1;H2AC6;ACTL6A;H2AC1;PSMB8;PSMB9;PSMA5;ASXL1;SEM1;PSMA6;PSMA3;PSMA4;H2AC25;PSMC6;PSMA1;PSMA2;PSMC4;PSME3;PSME4;H2AC21;PSME1;PSME2;OGT,0.4631578947368421
6,666,Vif-mediated Degradation Of APOBEC3G R-HSA-180585,35/53,9.087342631902832e-38,Disease,Reactome_2022,2.939646702303307e-39,0.0,0.0,59.52280331044198,5281.013656081444,PSMD10;PSMD12;PSMD11;CUL5;PSMD14;PSMB10;PSMD8;PSMB6;PSMB7;PSMB4;PSMB5;PSMD4;PSMB2;PSMD5;PSMB3;PSMD2;ELOB;ELOC;PSMF1;PSMB8;RBX1;PSMB9;PSMA5;SEM1;PSMA6;PSMA3;PSMA4;PSMC6;PSMA1;PSMA2;PSMC4;PSME3;PSME4;PSME1;PSME2,0.660377358490566
6,666,RUNX1 Regulates Transcription Of Genes Involved In Differentiation Of HSCs R-HSA-8939236,44/98,2.0014539935657828e-37,Gene expression (Transcription),Reactome_2022,6.850125438544906e-39,0.0,0.0,25.25663927593188,2219.46636615167,PSMD10;PSMD12;PSMD11;CBFB;KMT2A;PSMD14;GATA1;PSMB10;PSMD8;PSMB6;PSMB7;PSMB4;PSMB5;PSMD4;PSMB2;PSMD5;PSMB3;PSMD2;H2BC21;MYB;PSMF1;H3-3B;H2AZ2;H2AC6;H2BC5;TCF12;PSMB8;RUNX1;PSMB9;SEM1;PSMA5;PSMA6;H2AJ;PSMA3;ITCH;PSMA4;PSMC6;PSMA1;PSMA2;PSMC4;PSME3;PSME4;PSME1;PSME2,0.4489795918367347
6,666,Transcriptional Regulation By TP53 R-HSA-3700989,75/354,2.0014539935657828e-37,Gene expression (Transcription),Reactome_2022,7.037461299457745e-39,0.0,0.0,8.667194294343467,761.4093016801769,DYRK2;CCNT1;PHF20;SETD9;EHMT2;EHMT1;CHD4;CHD3;TRIAP1;NOC2L;ING5;SESN3;AIFM2;PPP1R13L;SESN1;SESN2;ELOB;ELOC;KMT5A;TP63;ZNF385A;PRMT5;BRD1;USP7;PRMT1;USP2;PPP2R5C;RABGGTB;RABGGTA;DDB2;RBL2;CCNA1;TFDP1;TFDP2;CCNE1;KAT6A;CSNK2B;MAPKAPK5;L3MBTL1;HDAC2;RNF34;MEAF6;HDAC1;PRDX5;RBBP4;PCBP4;PRDX1;TP53BP2;SMYD2;E2F4;RBBP7;BRD7;MTA2;RFFL;BANP;PLK3;BRPF3;TXNRD1;GATAD2B;PML;GATAD2A;HIPK2;CDK9;MOV10;TTC5;CNOT2;CARM1;AGO2;CCNG1;JMY;MDM4;CDK13;TNRC6A;TAF1;TNRC6B,0.211864406779661
6,666,Regulation Of PTEN Stability And Activity R-HSA-8948751,38/67,2.191847577152239e-37,Signal Transduction,Reactome_2022,8.01519507819384e-39,0.0,0.0,40.28058423017791,3533.391882702202,PSMD10;USP13;PSMD12;PSMD11;PSMD14;PSMB10;PSMD8;PSMB6;PSMB7;PSMB4;PSMB5;PSMD4;PSMB2;TNKS2;PSMD5;PSMB3;PSMD2;TRIM27;PSMF1;PSMB8;PSMB9;PSMA5;RNF146;SEM1;PSMA6;PSMA3;PSMA4;PSMC6;PSMA1;PSMA2;PSMC4;PSME3;CSNK2B;PSME4;MKRN1;PSME1;PSME2;OTUD3,0.5671641791044776
6,666,Cellular Responses To Stress R-HSA-2262752,129/722,2.301554275320319e-56,Cellular responses to stimuli,Reactome_2022,2.913359842177619e-58,0.0,0.0,7.591952669411288,1005.7866603777052,EHMT2;UBE2D3;KEAP1;EHMT1;CCAR2;PSMD8;PSMD4;PSMD5;PSMD2;SESN1;SCMH1;SESN2;SKP1;H2AC6;MUL1;RBX1;CCNE1;TBL1XR1;PSME3;PSME4;CSNK2B;PSME1;PSME2;MAPKAPK5;FKBP4;AJUBA;CLOCK;PSMD10;PSMD12;PSMD11;PSMD14;CUL2;CUL1;PRDX5;BAG5;PRDX1;BAG1;EP400;PSMF1;CBX8;ZBTB17;HSPA8;PHC2;CBX6;PHC1;CBX4;CBX2;HMGA1;HSPA2;PHC3;H1-3;SEM1;H1-4;MOV10;MAFG;MDM4;RLN1;HSP90AB1;CHD9;HIF3A;CABIN1;XPO1;SIN3B;SIN3A;H2BC21;UBXN7;ELOB;ELOC;H3-3B;VENTX;NCOA1;NCOA2;RING1;NCOA6;EED;MINK1;NCOR2;PSMA5;DNAJC3;PSMA6;CCNA1;PSMA3;H2AJ;NCOR1;PSMA4;TFDP1;PSMA1;TFDP2;DNAJC7;PSMA2;TKT;SMARCD3;HDAC3;CXXC1;RNF2;HDAC6;PSMB10;PSMB6;PSMB7;HIRA;PSMB4;PSMB5;PSMB2;RBBP4;DNAJB6;PSMB3;LMNA;HSF1;NRIP1;RBBP7;TBL1X;CDKN2D;SUZ12;H2AZ2;CDKN2B;HSPA1L;H2BC5;TXNRD1;PTGES3;PSMB8;PSMB9;PSMC6;PSMC4;CARM1;DNAJA2;HDGF;BMAL1;TNRC6A;TNRC6B,0.1786703601108033
6,666,Deubiquitination R-HSA-5688426,91/279,4.1155962338657003e-63,Metabolism of proteins,Reactome_2022,4.630769320805289e-65,0.0,0.0,16.117354301572618,2387.5492440972102,TRRAP;KDM1B;KEAP1;IDE;H2AC11;PSMD8;YY1;H2AC12;USP17L4;USP17L5;PSMD4;PSMD5;PSMD2;USP17L8;H2BC21;USP7;H2AC6;ACTL6A;USP2;MUL1;H2AC1;H2BC18;DDB2;PSMA5;KAT2B;PSMA6;CCNA1;KAT2A;PSMA3;PSMA4;PSMA1;POLG2;PSMA2;PSME3;PTRH2;PSME4;PSME1;PSME2;OTUB1;PSMD10;USP13;PSMD12;PSMD11;PSMD14;FOXK2;NEDD8;USP17L21;ABRAXAS2;USP17L20;USP17L22;PSMB10;USP19;USP17L24;SNX3;PSMB6;PSMB7;PSMB4;PSMB5;PSMB2;TNKS2;PSMB3;PSMF1;SUDS3;USP17L15;ZRANB1;USP17L18;USP17L17;H2BC5;USP20;USP17L19;USP22;USP17L10;USP17L12;USP17L11;USP17L3;PSMB8;PSMB9;USP17L1;USP17L13;TADA2B;RNF146;SEM1;ASXL1;H2AC25;PSMC6;PSMC4;H2AC21;TADA3;MDM4;OGT;OTUD3,0.32616487455197135
6,666,Ub-specific Processing Proteases R-HSA-5689880,80/201,4.0001793606966084e-63,Metabolism of proteins,Reactome_2022,3.938291916297646e-65,0.0,0.0,21.67715002961668,3214.6624729321884,TRRAP;KEAP1;IDE;H2AC11;PSMD8;H2AC12;USP17L4;USP17L5;PSMD4;PSMD5;PSMD2;USP17L8;H2BC21;USP7;H2AC6;USP2;MUL1;H2AC1;H2BC18;DDB2;PSMA5;PSMA6;CCNA1;KAT2A;PSMA3;PSMA4;PSMA1;POLG2;PSMA2;PSME3;PTRH2;PSME4;PSME1;PSME2;OTUB1;PSMD10;USP13;PSMD12;PSMD11;PSMD14;USP17L21;USP17L20;USP17L22;PSMB10;USP19;USP17L24;SNX3;PSMB6;PSMB7;PSMB4;PSMB5;PSMB2;TNKS2;PSMB3;PSMF1;SUDS3;USP17L15;USP17L18;USP17L17;H2BC5;USP20;USP17L19;USP22;USP17L10;USP17L12;USP17L11;USP17L3;PSMB8;PSMB9;USP17L1;USP17L13;TADA2B;RNF146;SEM1;H2AC25;PSMC6;PSMC4;H2AC21;TADA3;MDM4,0.39800995024875624
6,666,PTEN Regulation R-HSA-6807070,73/139,1.6823000563880684e-68,Signal Transduction,Reactome_2022,1.4196624948422518e-70,0.0,0.0,35.938576319689304,5780.020540942587,KDM1A;ATN1;CHD4;CHD3;PSMD8;PSMD4;PSMD5;PSMD2;SCMH1;TRIM27;USP7;RING1;EED;PSMA5;PSMA6;PSMA3;PSMA4;PSMA1;PSMA2;PSME3;CSNK2B;PSME4;PSME1;PSME2;PSMD10;USP13;PSMD12;HDAC2;PSMD11;HDAC3;PSMD14;HDAC1;PSMB10;RNF2;HDAC7;PSMB6;PSMB7;PSMB4;MTA1;PSMB5;PSMB2;RBBP4;TNKS2;PSMB3;PSMF1;RBBP7;MTA2;MTA3;CBX8;SUZ12;CBX6;PHC2;PHC1;CBX4;CBX2;PHC3;GATAD2B;PML;PSMB8;GATAD2A;PSMB9;SEM1;RNF146;MOV10;REST;PSMC6;PSMC4;AGO2;MKRN1;RCOR1;TNRC6A;OTUD3;TNRC6B,0.5251798561151079
6,666,SCF-beta-TrCP Mediated Degradation Of Emi1 R-HSA-174113,33/54,3.7242624813061384e-34,Cell Cycle,Reactome_2022,2.147605650260924e-35,0.0,0.0,47.94470774091627,3827.240218076959,PSMD10;PSMD12;PSMD11;PSMD14;CUL1;PSMB10;PSMD8;PSMB6;PSMB7;PSMB4;PSMB5;PSMD4;PSMB2;PSMD5;PSMB3;PSMD2;PSMF1;SKP1;PSMB8;PSMB9;PSMA5;SEM1;PSMA6;PSMA3;PSMA4;PSMC6;PSMA1;PSMA2;PSMC4;PSME3;PSME4;PSME1;PSME2,0.6111111111111112
6,666,Degradation Of AXIN R-HSA-4641257,33/54,3.7242624813061384e-34,Signal Transduction,Reactome_2022,2.147605650260924e-35,0.0,0.0,47.94470774091627,3827.240218076959,PSMD10;PSMD12;PSMD11;PSMD14;PSMB10;PSMD8;PSMB6;PSMB7;PSMB4;PSMB5;PSMD4;PSMB2;TNKS2;PSMD5;PSMB3;PSMD2;PSMF1;PSMB8;PSMB9;PSMA5;RNF146;SEM1;PSMA6;PSMA3;PSMA4;PSMC6;PSMA1;PSMA2;PSMC4;PSME3;PSME4;PSME1;PSME2,0.6111111111111112
6,666,Dectin-1 Mediated Noncanonical NF-kB Signaling R-HSA-5607761,35/61,7.873539358506038e-35,Immune System,Reactome_2022,4.318819057408375e-36,0.0,0.0,41.19102767280263,3354.188734255184,PSMD10;PSMD12;PSMD11;PSMD14;CUL1;PSMB10;PSMD8;PSMB6;PSMB7;PSMB4;PSMB5;PSMD4;PSMB2;PSMD5;PSMB3;PSMD2;PSMF1;SKP1;PSMB8;PSMB9;PSMA5;SEM1;PSMA6;PSMA3;PSMA4;PSMC6;PSMA1;PSMA2;PSMC4;PSME3;PSME4;PSME1;UBA3;PSME2;UBE2M,0.5737704918032787
6,666,GSK3B And BTRC:CUL1-mediated-degradation Of NFE2L2 R-HSA-9762114,33/51,2.3659796251185241e-35,Cellular responses to stimuli,Reactome_2022,1.264517943101321e-36,0.0,0.0,55.94418114797261,4624.254957313084,PSMD10;PSMD12;PSMD11;PSMD14;CUL1;PSMB10;PSMD8;PSMB6;PSMB7;PSMB4;PSMB5;PSMD4;PSMB2;PSMD5;PSMB3;PSMD2;PSMF1;SKP1;PSMB8;RBX1;PSMB9;PSMA5;SEM1;PSMA6;PSMA3;PSMA4;PSMC6;PSMA1;PSMA2;PSMC4;PSME3;PSME1;PSME2,0.6470588235294118
6,666,MAPK6/MAPK4 Signaling R-HSA-5687128,41/90,2.3659796251185241e-35,Signal Transduction,Reactome_2022,1.2386773800976718e-36,0.0,0.0,25.818285714285715,2134.630539414392,PSMD10;PSMD12;PSMD11;PSMD14;CDC14A;PSMB10;PSMD8;PSMB6;PSMB7;CCND3;PSMB4;XPO1;PSMB5;PSMD4;PSMB2;PSMD5;PSMB3;PSMD2;PSMF1;NCOA3;ETV4;PSMB8;PSMB9;PSMA5;SEM1;PSMA6;MOV10;PSMA3;PSMA4;PSMC6;PSMA1;PSMA2;PSMC4;PSME3;PSME4;AGO2;PSME1;PSME2;MAPKAPK5;TNRC6A;TNRC6B,0.45555555555555555
6,666,Degradation Of GLI1 By Proteasome R-HSA-5610780,35/59,1.6122482035387788e-35,Signal Transduction,Reactome_2022,8.163282043234324e-37,0.0,0.0,44.62823560486001,3708.4279613922886,PSMD10;PSMD12;PSMD11;PSMD14;CUL1;PSMB10;PSMD8;PSMB6;PSMB7;PSMB4;PSMB5;PSMD4;PSMB2;PSMD5;PSMB3;PSMD2;PSMF1;SKP1;PSMB8;RBX1;PSMB9;PSMA5;SEM1;PSMA6;PSMA3;ITCH;PSMA4;PSMC6;PSMA1;PSMA2;PSMC4;PSME3;PSME4;PSME1;PSME2,0.5932203389830508
6,666,Cellular Response To Hypoxia R-HSA-1234174,38/73,1.4169457203394412e-35,Cellular responses to stimuli,Reactome_2022,6.975119579730021e-37,0.0,0.0,33.36496815286624,2777.7436687274726,PSMD10;PSMD12;PSMD11;PSMD14;UBE2D3;CUL2;HIF3A;PSMB10;PSMD8;PSMB6;PSMB7;PSMB4;PSMB5;PSMD4;PSMB2;PSMD5;PSMB3;PSMD2;ELOB;ELOC;PSMF1;PSMB8;RBX1;PSMB9;PSMA5;SEM1;PSMA6;PSMA3;PSMA4;PSMC6;PSMA1;PSMA2;PSMC4;PSME3;PSME4;PSME1;PSME2;AJUBA,0.5205479452054794
6,666,Mitotic G1 Phase And G1/S Transition R-HSA-453279,50/147,1.3251855378675568e-35,Cell Cycle,Reactome_2022,6.337033514415885e-37,0.0,0.0,16.09736912571964,1341.7034453107008,PPP2R2A;PSMD8;CCND3;CCND2;PSMD4;PSMD5;PSMD2;SKP1;DYRK1A;PSMA5;RBL2;CCNA1;PSMA6;PSMA3;PSMA4;TFDP1;PSMA1;TFDP2;CCNE1;PSMA2;PSME3;PSME1;PSME2;PSMD10;PSMD12;PSMD11;PSMD14;LIN37;MAX;HDAC1;CUL1;PSMB10;PSMB6;PSMB7;PSMB4;PSMB5;PSMB2;RBBP4;PSMB3;PSMF1;E2F4;E2F5;CDKN2D;CDKN2B;CABLES1;PSMB8;PSMB9;SEM1;PSMC6;PSMC4,0.3401360544217687
6,666,Regulation Of APC/C Activators Between G1/S And Early Anaphase R-HSA-176408,34/80,2.210357905353905e-28,Cell Cycle,Reactome_2022,2.642481321449816e-29,0.0,0.0,22.55751238304898,1484.357611529747,PSMD10;PSMD12;PSMD11;PSMD14;CUL1;PSMB10;PSMD8;PSMB6;PSMB7;PSMB4;PSMB5;PSMD4;PSMB2;PSMD5;PSMB3;PSMD2;PSMF1;SKP1;PSMB8;PSMB9;PSMA5;SEM1;CCNA1;PSMA6;PSMA3;PSMA4;PSMC6;PSMA1;PSMA2;PSMC4;PSME3;PSME4;PSME1;PSME2,0.425
6,666,FBXL7 Down-Regulates AURKA During Mitotic Entry And In Early Mitosis R-HSA-8854050,34/54,9.349047658552448e-36,Cell Cycle,Reactome_2022,4.339220432239532e-37,0.0,0.0,51.95221518987342,4349.852669729496,PSMD10;PSMD12;PSMD11;PSMD14;CUL1;PSMB10;PSMD8;PSMB6;PSMB7;PSMB4;PSMB5;PSMD4;PSMB2;PSMD5;PSMB3;PSMD2;PSMF1;SKP1;PSMB8;RBX1;PSMB9;PSMA5;SEM1;PSMA6;PSMA3;PSMA4;PSMC6;PSMA1;PSMA2;PSMC4;PSME3;PSME4;PSME1;PSME2,0.6296296296296297
6,666,NIK To Noncanonical NF-kB Signaling R-HSA-5676590,35/58,7.665239955498852e-36,Immune System,Reactome_2022,3.4257499240161765e-37,0.0,0.0,46.571005305588095,3910.303166496656,PSMD10;PSMD12;PSMD11;PSMD14;CUL1;PSMB10;PSMD8;PSMB6;PSMB7;PSMB4;PSMB5;PSMD4;PSMB2;PSMD5;PSMB3;PSMD2;PSMF1;SKP1;PSMB8;PSMB9;PSMA5;SEM1;PSMA6;PSMA3;PSMA4;PSMC6;PSMA1;PSMA2;PSMC4;PSME3;PSME4;PSME1;UBA3;PSME2;UBE2M,0.603448275862069
6,666,G1/S DNA Damage Checkpoints R-HSA-69615,37/67,7.398706393382188e-36,Cell Cycle,Reactome_2022,3.1218170436211765e-37,0.0,0.0,37.85098039215686,3181.64868653149,PSMD10;PSMD12;PSMD11;PSMD14;PHF20;PSMB10;PSMD8;PSMB6;PSMB7;PSMB4;PSMB5;PSMD4;PSMB2;PSMD5;PCBP4;PSMB3;PSMD2;PSMF1;ZNF385A;PSMB8;PSMB9;PSMA5;SEM1;CCNA1;PSMA6;PSMA3;PSMA4;PSMC6;PSMA1;CCNE1;PSMA2;PSMC4;PSME3;PSME4;PSME1;PSME2;MDM4,0.5522388059701493
6,666,Negative Regulation Of NOTCH4 Signaling R-HSA-9604323,34/53,4.0649561788150194e-36,Signal Transduction,Reactome_2022,1.657999004017378e-37,0.0,0.0,54.68937375083278,4631.645085632487,PSMD10;PSMD12;PSMD11;PSMD14;CUL1;PSMB10;PSMD8;PSMB6;PSMB7;PSMB4;PSMB5;PSMD4;PSMB2;PSMD5;PSMB3;PSMD2;PSMF1;SKP1;FBXW7;PSMB8;RBX1;PSMB9;PSMA5;SEM1;PSMA6;PSMA3;PSMA4;PSMC6;PSMA1;PSMA2;PSMC4;PSME3;PSME1;PSME2,0.6415094339622641
6,666,Gene Expression (Transcription) R-HSA-74160,328/1449,8.140310018853733e-198,Gene expression (Transcription),Reactome_2022,1.1449099885870227e-200,0.0,0.0,15.766417347148836,7258.569904163336,SMARCB1;HDAC10;EHMT2;HDAC11;EHMT1;CCNC;NOC2L;RRP8;PSMD8;PSMD4;ZNF607;TRIM28;PSMD5;PSMD2;MYB;EPC1;TP63;SKP1;ZNF285;SMARCC1;SMARCC2;ZNF705D;ZNF282;MED8;ZNF705A;MED4;MED6;MED7;RUNX1;PSME3;PSME4;CSNK2B;PSME1;ZNF713;PSME2;TFAM;ZFPM1;ZNF28;L3MBTL1;ZNF274;ZNF273;MEAF6;BAZ2A;ZNF25;GATA1;PRDX5;ZNF708;PCBP4;PRDX1;TP53BP2;PSMF1;PPARGC1B;BANP;PLK3;PHC2;PHC1;INTS3;SETD1B;SETD1A;PHC3;SMARCA2;SMARCA4;MOV10;SNW1;ZNF37A;AGO2;ZNF30;CDK13;ZNF136;ZNF257;ZNF254;ZNF253;PHF20;SETD9;ASH2L;MED16;MED15;MED17;MED12;MECP2;ING5;MED13;AIFM2;ZNF41;ELOB;ELOC;JARID2;H3-3B;VENTX;ZNF485;TEAD4;PRMT6;BRD2;PRMT5;BRD1;PBRM1;ACTL6B;RING1;ZNF480;PRMT1;ACTL6A;TCF12;BAZ1B;DDB2;NCOR2;PSMA5;KAT2B;PSMA6;KAT2A;PSMA3;H2AJ;NCOR1;PSMA4;MED24;AEBP2;PSMA1;PSMA2;TET3;MED20;RARB;ZNF479;ZNF234;ZNF233;ZNF350;GPS2;ZNF3;PSMB6;PSMB7;PSMB4;PSMB5;PSMB2;PSMB3;TBL1X;BRD7;ZNF224;ZNF586;SUZ12;CDKN2B;H2BC5;PCGF5;PCGF2;GATAD2B;PSMB8;GATAD2A;PSMB9;HIPK2;ZNF33A;ITCH;PSMC6;RYBP;MYBBP1A;PSMC4;PRKRA;TTC5;CCNG1;ZNF214;ZNF354A;ZNF333;ZNF454;ZNF354C;ZNF331;CCNT1;UBE2D3;YEATS4;ARID4B;TTF1;YY1;CCND3;CCND2;SESN3;SESN1;ZNF208;SCMH1;SESN2;KMT5A;ZNF324;ARID2;ZNF563;MEN1;ZNF320;USP7;ZNF680;H2AC6;FBXW7;USP2;ZNF99;POLRMT;KCTD6;SAP30;RBX1;CCNE1;TBL1XR1;KAT6A;ZNF317;ZNF679;ZNF558;MAPKAPK5;ZNF676;ZNF675;ZNF433;ZNF430;PSMD10;KMT2D;ZNF670;ZNF791;PSMD12;PSMD11;CBFB;KMT2A;PSMD14;MAX;KMT2C;DLX6;KMT2B;CUL1;ZKSCAN7;ZKSCAN8;MED31;ZNF669;SMYD2;ZNF547;ZKSCAN5;SUDS3;DMAP1;TFAP2A;CBX8;CBX6;POU2F1;CBX4;BRPF3;CBX2;CDK9;SEM1;CDK8;ZFP69;CNOT2;ZNF417;JMY;ZNF778;MDM4;ZNF775;ZNF774;ZNF772;KDM5B;PIWIL4;DYRK2;DPY30;CHD4;TRIAP1;CHD3;YBX1;SIN3B;PPP1R13L;SIN3A;ZNF528;ZNF649;H2BC21;WDR5;UBTF;YAF2;ZNF385A;TGIF1;TGIF2;EED;DNMT3A;PPP2R5C;RABGGTB;ARID1A;RABGGTA;ARID1B;RBL2;PPM1A;CCNA1;TFDP1;TFDP2;ZNF519;POLR1G;ZNF510;HDAC4;SMARCD1;SMARCD2;HDAC2;ZNF197;RRN3;RNF34;SMARCD3;HDAC3;ZNF195;HDAC1;CXXC1;PPM1D;NR2C1;RNF2;HDAC6;PSMB10;HDAC7;TAF1D;MTA1;RBBP4;TAF1B;RBBP5;SAP30L;SAP18;RBBP7;E2F4;MTA2;E2F5;RFFL;MTA3;ZNF860;SMARCE1;H2AZ2;TXNRD1;MGA;ZNF804B;PML;ZNF737;CARM1;ZNF735;ZNF613;ZNF732;PTPN4;ZNF610;ZNF730;TNRC6A;TRIM33;TNRC6B;TAF1,0.2263630089717046
6,666,Generic Transcription Pathway R-HSA-212436,300/1190,1.1494211909993475e-192,Gene expression (Transcription),Reactome_2022,3.2332522953568146e-195,0.0,0.0,16.98655369312949,7607.0986104747935,SMARCB1;HDAC10;EHMT2;HDAC11;EHMT1;CCNC;NOC2L;PSMD8;PSMD4;ZNF607;TRIM28;PSMD5;PSMD2;MYB;EPC1;TP63;SKP1;ZNF285;SMARCC1;SMARCC2;ZNF705D;ZNF282;MED8;ZNF705A;MED4;MED6;MED7;RUNX1;PSME3;PSME4;CSNK2B;PSME1;ZNF713;PSME2;ZFPM1;ZNF28;L3MBTL1;ZNF274;ZNF273;MEAF6;ZNF25;GATA1;PRDX5;ZNF708;PCBP4;PRDX1;TP53BP2;PSMF1;PPARGC1B;BANP;PLK3;PHC2;PHC1;SETD1B;SETD1A;PHC3;SMARCA2;SMARCA4;MOV10;SNW1;ZNF37A;AGO2;ZNF30;CDK13;ZNF136;ZNF257;ZNF254;ZNF253;PHF20;SETD9;ASH2L;MED16;MED15;MED17;MED12;MECP2;ING5;MED13;AIFM2;ZNF41;ELOB;ELOC;H3-3B;VENTX;ZNF485;TEAD4;PRMT6;BRD2;PRMT5;BRD1;PBRM1;ACTL6B;RING1;ZNF480;PRMT1;ACTL6A;TCF12;DDB2;NCOR2;PSMA5;KAT2B;PSMA6;KAT2A;PSMA3;H2AJ;NCOR1;PSMA4;MED24;PSMA1;PSMA2;MED20;RARB;ZNF479;ZNF234;ZNF233;ZNF350;GPS2;ZNF3;PSMB6;PSMB7;PSMB4;PSMB5;PSMB2;PSMB3;TBL1X;BRD7;ZNF224;ZNF586;SUZ12;CDKN2B;H2BC5;PCGF5;PCGF2;GATAD2B;PSMB8;GATAD2A;PSMB9;HIPK2;ZNF33A;ITCH;PSMC6;RYBP;PSMC4;TTC5;CCNG1;ZNF214;ZNF354A;ZNF333;ZNF454;ZNF354C;ZNF331;CCNT1;UBE2D3;YEATS4;YY1;CCND3;CCND2;SESN3;SESN1;ZNF208;SCMH1;SESN2;KMT5A;ZNF324;ARID2;ZNF563;MEN1;ZNF320;USP7;ZNF680;H2AC6;FBXW7;USP2;ZNF99;KCTD6;RBX1;CCNE1;TBL1XR1;KAT6A;ZNF317;ZNF679;ZNF558;MAPKAPK5;ZNF676;ZNF675;ZNF433;ZNF430;PSMD10;KMT2D;ZNF670;ZNF791;PSMD12;PSMD11;CBFB;KMT2A;PSMD14;MAX;KMT2C;DLX6;KMT2B;CUL1;ZKSCAN7;ZKSCAN8;MED31;ZNF669;SMYD2;ZNF547;ZKSCAN5;TFAP2A;CBX8;CBX6;CBX4;BRPF3;CBX2;CDK9;SEM1;CDK8;ZFP69;CNOT2;ZNF417;JMY;ZNF778;MDM4;ZNF775;ZNF774;ZNF772;KDM5B;DYRK2;DPY30;CHD4;TRIAP1;CHD3;YBX1;SIN3B;PPP1R13L;SIN3A;ZNF528;ZNF649;H2BC21;WDR5;YAF2;ZNF385A;TGIF1;TGIF2;EED;PPP2R5C;RABGGTB;ARID1A;RABGGTA;ARID1B;RBL2;PPM1A;CCNA1;TFDP1;TFDP2;ZNF519;ZNF510;HDAC4;SMARCD1;SMARCD2;HDAC2;ZNF197;RNF34;SMARCD3;HDAC3;ZNF195;HDAC1;CXXC1;PPM1D;NR2C1;RNF2;HDAC6;PSMB10;HDAC7;RBBP4;RBBP5;RBBP7;E2F4;MTA2;E2F5;RFFL;ZNF860;SMARCE1;H2AZ2;TXNRD1;MGA;ZNF804B;PML;ZNF737;CARM1;ZNF735;ZNF613;ZNF732;PTPN4;ZNF610;ZNF730;TNRC6A;TRIM33;TNRC6B;TAF1,0.25210084033613445
6,666,RNA Polymerase II Transcription R-HSA-73857,303/1312,7.1678331053137605e-183,Gene expression (Transcription),Reactome_2022,3.0244021541408274e-185,0.0,0.0,15.159637641392754,6440.89842025143,SMARCB1;HDAC10;EHMT2;HDAC11;EHMT1;CCNC;NOC2L;PSMD8;PSMD4;ZNF607;TRIM28;PSMD5;PSMD2;MYB;EPC1;TP63;SKP1;ZNF285;SMARCC1;SMARCC2;ZNF705D;ZNF282;MED8;ZNF705A;MED4;MED6;MED7;RUNX1;PSME3;PSME4;CSNK2B;PSME1;ZNF713;PSME2;ZFPM1;ZNF28;L3MBTL1;ZNF274;ZNF273;MEAF6;ZNF25;GATA1;PRDX5;ZNF708;PCBP4;PRDX1;TP53BP2;PSMF1;PPARGC1B;BANP;PLK3;PHC2;PHC1;INTS3;SETD1B;SETD1A;PHC3;SMARCA2;SMARCA4;MOV10;SNW1;ZNF37A;AGO2;ZNF30;CDK13;ZNF136;ZNF257;ZNF254;ZNF253;PHF20;SETD9;ASH2L;MED16;MED15;MED17;MED12;MECP2;ING5;MED13;AIFM2;ZNF41;ELOB;ELOC;H3-3B;VENTX;ZNF485;TEAD4;PRMT6;BRD2;PRMT5;BRD1;PBRM1;ACTL6B;RING1;ZNF480;PRMT1;ACTL6A;TCF12;DDB2;NCOR2;PSMA5;KAT2B;PSMA6;KAT2A;PSMA3;H2AJ;NCOR1;PSMA4;MED24;PSMA1;PSMA2;MED20;RARB;ZNF479;ZNF234;ZNF233;ZNF350;GPS2;ZNF3;PSMB6;PSMB7;PSMB4;PSMB5;PSMB2;PSMB3;TBL1X;BRD7;ZNF224;ZNF586;SUZ12;CDKN2B;H2BC5;PCGF5;PCGF2;GATAD2B;PSMB8;GATAD2A;PSMB9;HIPK2;ZNF33A;ITCH;PSMC6;RYBP;PSMC4;TTC5;CCNG1;ZNF214;ZNF354A;ZNF333;ZNF454;ZNF354C;ZNF331;CCNT1;UBE2D3;YEATS4;YY1;CCND3;CCND2;SESN3;SESN1;ZNF208;SCMH1;SESN2;KMT5A;ZNF324;ARID2;ZNF563;MEN1;ZNF320;USP7;ZNF680;H2AC6;FBXW7;USP2;ZNF99;KCTD6;RBX1;CCNE1;TBL1XR1;KAT6A;ZNF317;ZNF679;ZNF558;MAPKAPK5;ZNF676;ZNF675;ZNF433;ZNF430;PSMD10;KMT2D;ZNF670;ZNF791;PSMD12;PSMD11;CBFB;KMT2A;PSMD14;MAX;KMT2C;DLX6;KMT2B;CUL1;ZKSCAN7;ZKSCAN8;MED31;ZNF669;SMYD2;ZNF547;ZKSCAN5;DMAP1;TFAP2A;CBX8;CBX6;POU2F1;CBX4;BRPF3;CBX2;CDK9;SEM1;CDK8;ZFP69;CNOT2;ZNF417;JMY;ZNF778;MDM4;ZNF775;ZNF774;ZNF772;KDM5B;DYRK2;DPY30;CHD4;TRIAP1;CHD3;YBX1;SIN3B;PPP1R13L;SIN3A;ZNF528;ZNF649;H2BC21;WDR5;YAF2;ZNF385A;TGIF1;TGIF2;EED;PPP2R5C;RABGGTB;ARID1A;RABGGTA;ARID1B;RBL2;PPM1A;CCNA1;TFDP1;TFDP2;ZNF519;ZNF510;HDAC4;SMARCD1;SMARCD2;HDAC2;ZNF197;RNF34;SMARCD3;HDAC3;ZNF195;HDAC1;CXXC1;PPM1D;NR2C1;RNF2;HDAC6;PSMB10;HDAC7;RBBP4;RBBP5;RBBP7;E2F4;MTA2;E2F5;RFFL;ZNF860;SMARCE1;H2AZ2;TXNRD1;MGA;ZNF804B;PML;ZNF737;CARM1;ZNF735;ZNF613;ZNF732;PTPN4;ZNF610;ZNF730;TNRC6A;TRIM33;TNRC6B;TAF1,0.23094512195121952
6,666,Chromatin Modifying Enzymes R-HSA-3247509,134/238,3.2077098404219085e-134,Chromatin organization,Reactome_2022,1.804618756918092e-136,0.0,0.0,46.57352515905148,14557.07799676732,SMARCB1;HDAC10;KDM1A;TRRAP;KDM1B;EHMT2;EHMT1;ARID4A;ARID4B;YEATS4;H2AC11;H2AC12;EPC1;KAT8;KAT7;KMT5B;SUPT20H;KMT5A;ARID2;ATXN7L3;SMARCC1;SMARCC2;H2AC6;KDM2B;KMT5C;H2AC1;SAP30;MORF4L1;TBL1XR1;KAT6A;CLOCK;KMT2D;MEAF6;KMT2A;PADI6;KMT2C;KMT2B;PHF21A;EP400;MBIP;SMYD2;DMAP1;SUDS3;KAT14;SETDB1;BRPF3;SETD1B;SETD1A;SMARCA2;SMARCA4;TADA2B;H2AC25;TADA2A;ZZZ3;H2AC21;TADA3;BRWD1;OGT;RCOR1;KDM5A;KDM5B;SETD2;KDM5C;SETD3;PHF20;SETD6;DPY30;ASH2L;CHD4;SGF29;CHD3;PHF8;ING5;H2BC21;WDR5;HMG20B;KDM6A;NCOA1;PRMT6;NCOA2;PRMT5;BRD1;PBRM1;ACTL6B;PRMT1;EED;ACTL6A;DNMT3A;MSL3;ARID1A;ARID1B;H2BC18;NCOR2;KAT2B;H2AJ;KAT2A;NCOR1;AEBP2;SMARCD1;HDAC2;SMARCD2;HDAC3;KDM3B;SMARCD3;HDAC1;DOT1L;GPS2;MTA1;RBBP4;RBBP5;NSD1;SAP30L;SAP18;TBL1X;RBBP7;MTA2;MTA3;SUZ12;SMARCE1;H2AZ2;KDM4A;KDM4C;H2BC5;KDM4D;USP22;ELP3;ELP6;GATAD2B;GATAD2A;REST;KANSL1;KANSL2;CARM1;KANSL3,0.5630252100840336
6,666,Transcriptional Regulation By RUNX1 R-HSA-8878171,98/204,8.924532756168395e-88,Gene expression (Transcription),Reactome_2022,6.276042725856818e-90,0.0,0.0,31.29723624767473,6428.324592700855,SMARCB1;PSMD8;CCND3;CCND2;PSMD4;PSMD5;PSMD2;MYB;SCMH1;ARID2;SMARCC1;SMARCC2;H2AC6;KCTD6;RUNX1;PSME3;CSNK2B;PSME4;PSME1;PSME2;ZFPM1;PSMD10;KMT2D;PSMD12;PSMD11;CBFB;KMT2A;PSMD14;KMT2C;KMT2B;GATA1;PSMF1;CBX8;PHC2;CBX6;PHC1;CBX4;SETD1B;CBX2;SETD1A;PHC3;SMARCA2;SMARCA4;SEM1;MOV10;AGO2;DPY30;ASH2L;SIN3B;SIN3A;H2BC21;WDR5;YAF2;H3-3B;PRMT6;PBRM1;ACTL6B;RING1;PRMT1;ACTL6A;TCF12;ARID1A;ARID1B;PSMA5;KAT2B;PSMA6;H2AJ;PSMA3;PSMA4;PSMA1;PSMA2;SMARCD1;SMARCD2;SMARCD3;HDAC1;PSMB10;RNF2;PSMB6;PSMB7;PSMB4;PSMB5;PSMB2;PSMB3;RBBP5;SMARCE1;H2AZ2;H2BC5;PCGF5;PSMB8;PML;HIPK2;PSMB9;ITCH;PSMC6;RYBP;PSMC4;TNRC6A;TNRC6B,0.4803921568627451
6,666,Regulation Of RUNX2 Expression And Activity R-HSA-8939902,38/72,7.665239955498852e-36,Gene expression (Transcription),Reactome_2022,3.449897026384856e-37,0.0,0.0,34.34807043836643,2883.771393586017,PSMD10;PSMD12;PSMD11;CBFB;PSMD14;DLX6;CUL1;PSMB10;PSMD8;PSMB6;PSMB7;PSMB4;PSMB5;PSMD4;PSMB2;PSMD5;PSMB3;PSMD2;PSMF1;PPARGC1B;SKP1;FBXW7;PSMB8;RBX1;PSMB9;PSMA5;SEM1;PSMA6;PSMA3;PSMA4;PSMC6;PSMA1;PSMA2;PSMC4;PSME3;PSME4;PSME1;PSME2,0.5277777777777778
6,666,p53-Dependent G1 DNA Damage Response R-HSA-69563,37/65,1.6597789548396374e-36,Cell Cycle,Reactome_2022,6.536400947329093e-38,0.0,0.0,40.55882352941177,3472.6808171646803,PSMD10;PSMD12;PSMD11;PSMD14;PHF20;PSMB10;PSMD8;PSMB6;PSMB7;PSMB4;PSMB5;PSMD4;PSMB2;PSMD5;PCBP4;PSMB3;PSMD2;PSMF1;ZNF385A;PSMB8;PSMB9;PSMA5;SEM1;CCNA1;PSMA6;PSMA3;PSMA4;PSMC6;PSMA1;CCNE1;PSMA2;PSMC4;PSME3;PSME4;PSME1;PSME2;MDM4,0.5692307692307692
6,666,S Phase R-HSA-69242,45/161,3.1538717663638768e-28,Cell Cycle,Reactome_2022,3.8148097314668556e-29,0.0,0.0,12.005247376311845,785.5762906054747,PSMD10;PSMD12;PSMD11;PSMD14;LIN37;MAX;CUL1;PSMB10;PSMD8;PSMB6;PSMB7;PSMB4;PSMB5;PSMD4;PSMB2;RBBP4;PSMD5;PSMB3;PSMD2;PSMF1;E2F4;E2F5;SKP1;CABLES1;PSMB8;RBX1;PSMB9;SEM1;PSMA5;RBL2;CCNA1;PSMA6;PSMA3;PSMA4;TFDP1;PSMC6;PSMA1;TFDP2;CCNE1;PSMA2;PSMC4;PSME3;PSME4;PSME1;PSME2,0.2795031055900621
6,666,Hedgehog Ligand Biogenesis R-HSA-5358346,31/64,4.032391860510057e-28,Signal Transduction,Reactome_2022,4.990864749998383e-29,0.0,0.0,28.553137675972323,1860.7325593865637,PSMD10;PSMD12;PSMD11;PSMD14;PSMB10;PSMD8;PSMB6;PSMB7;PSMB4;PSMB5;PSMD4;PSMB2;PSMD5;PSMB3;PSMD2;PSMF1;PSMB8;PSMB9;PSMA5;SEM1;PSMA6;PSMA3;PSMA4;PSMC6;PSMA1;PSMA2;PSMC4;PSME3;PSME4;PSME1;PSME2,0.484375
6,666,Regulation Of Expression Of SLITs And ROBOs R-HSA-9010553,35/167,7.920009025720902e-18,Developmental Biology,Reactome_2022,1.6820272333106275e-18,0.0,0.0,8.06884214570427,330.2297256452604,PSMD10;PSMD12;PSMD11;PSMD14;CUL2;PSMB10;PSMD8;PSMB6;PSMB7;PSMB4;PSMB5;PSMD4;PSMB2;PSMD5;PSMB3;PSMD2;ELOB;PSMF1;ELOC;PSMB8;RBX1;PSMB9;SEM1;PSMA5;PSMA6;PSMA3;PSMA4;PSMC6;PSMA1;PSMA2;PSMC4;PSME3;PSME4;PSME1;PSME2,0.20958083832335328
6,666,Activation Of HOX Genes During Differentiation R-HSA-5619507,27/91,4.7476775201457395e-18,Developmental Biology,Reactome_2022,1.0016197299885528e-18,0.0,0.0,12.722271126760564,527.2734232456681,KMT2D;HDAC3;KMT2C;ASH2L;CTCF;YY1;RBBP4;RBBP5;H2BC21;WDR5;RBBP7;H3-3B;KDM6A;SUZ12;H2AZ2;H2AC6;H2BC5;EED;NCOA6;NCOA3;PCGF2;PIAS2;H2AJ;NCOR1;RARB;ZNF335;AJUBA,0.2967032967032967
6,666,RNA Polymerase I Promoter Clearance R-HSA-73854,26/78,7.781218656621495e-19,Gene expression (Transcription),Reactome_2022,1.6197192140365418e-19,0.0,0.0,15.0640625,651.7747428322742,HDAC2;RRN3;HDAC1;EHMT2;CHD4;CHD3;TTF1;TAF1D;MTA1;RBBP4;TAF1B;H2BC21;UBTF;RBBP7;MTA2;MTA3;H3-3B;H2AZ2;H2AC6;H2BC5;GATAD2B;GATAD2A;KAT2B;H2AJ;KAT2A;POLR1G,0.3333333333333333
6,666,Class I MHC Mediated Antigen Processing And Presentation R-HSA-983169,54/378,5.381297367235031e-19,Immune System,Reactome_2022,1.1125889071498588e-19,0.0,0.0,5.177015250544662,225.93751076316815,UBE2D3;KEAP1;UBE3A;PSMD8;PSMD4;PSMD5;PSMD2;ELOB;ELOC;SKP1;FBXW7;KCTD6;RBX1;PSMA5;PSMA6;PSMA3;CDC34;PSMA4;PSMA1;PSMA2;PSME3;PSME4;PSME1;PSME2;PSMD10;PSMD12;PSMD11;RNF34;CUL5;PSMD14;CUL2;CUL1;UBR2;RNF7;PSMB10;PSMB6;PSMB7;PSMB4;PSMB5;PSMB2;PSMB3;PSMF1;SIAH1;HUWE1;PSMB8;PSMB9;SEM1;ITCH;PSMC6;PSMC4;MKRN1;UBA3;FBXL3;UBE2M,0.14285714285714285
6,666,Interleukin-1 Family Signaling R-HSA-446652,35/152,3.217221844436003e-19,Immune System,Reactome_2022,6.606390847927659e-20,0.0,0.0,9.110420306933776,402.3495446965508,PSMD10;PSMD12;PSMD11;PSMD14;CUL1;PSMB10;PSMD8;PSMB6;PSMB7;PSMB4;PSMB5;PSMD4;PSMB2;PSMD5;PSMB3;PSMD2;PSMF1;SKP1;PSMB8;RBX1;PSMB9;SEM1;PSMA5;PSMA6;PSMA3;PSMA4;PSMC6;PSMA1;PSMA2;PSMC4;PSME3;PSME4;PSME1;PSME2;PTPN4,0.23026315789473684
6,666,Signaling By Nuclear Receptors R-HSA-9006931,45/260,3.1848773965770804e-19,Signal Transduction,Reactome_2022,6.49517893816704e-20,0.0,0.0,6.443882709807887,284.6948729010705,DDX5;HSP90AB1;HDAC3;CCNT1;KDM1A;CBFB;KDM1B;HDAC1;GPS2;CHD1;YY1;XPO1;H2BC21;MYB;NRIP1;TBL1X;H3-3B;NCOA1;NCOA2;TLE3;H2AZ2;KDM4A;POU2F1;H2BC5;H2AC6;PRMT1;NCOA3;PTGES3;KCTD6;RUNX1;NCOR2;CDK9;MOV10;KAT2B;H2AJ;NCOR1;TBL1XR1;CARM1;AGO2;RARB;FKBP4;EBAG9;PPID;TNRC6A;TNRC6B,0.17307692307692307
6,666,Potential Therapeutics For SARS R-HSA-9679191,29/97,2.000214351838279e-19,Disease,Reactome_2022,4.0510670416977804e-20,0.0,0.0,12.898559423769507,575.9557822989891,HDAC2;HSP90AB1;KDM1A;HDAC1;ARID4A;KEAP1;ARID4B;CHD4;CHD3;PHF21A;MTA1;FNTA;RBBP4;SAP30L;HMG20B;SAP18;SUDS3;RBBP7;MTA2;MTA3;PTGES3;SIGMAR1;GATAD2B;RBX1;SAP30;GATAD2A;REST;FKBP4;RCOR1,0.29896907216494845
6,666,Positive Epigenetic Regulation Of rRNA Expression R-HSA-5250913,26/74,1.7325067744816898e-19,Gene expression (Transcription),Reactome_2022,3.484507296074285e-20,0.0,0.0,16.322786458333333,731.3159260694566,HDAC2;HDAC1;EHMT2;CHD4;CHD3;TTF1;TAF1D;MTA1;RBBP4;TAF1B;H2BC21;RBBP7;MTA2;MTA3;H3-3B;H2AZ2;H2AC6;H2BC5;BAZ1B;GATAD2B;GATAD2A;KAT2B;H2AJ;KAT2A;MYBBP1A;POLR1G,0.35135135135135137
6,666,NOTCH1 Intracellular Domain Regulates Transcription R-HSA-2122947,22/48,1.3477370614230875e-19,Signal Transduction,Reactome_2022,2.6916830200011032e-20,0.0,0.0,25.368848542761587,1143.1592616924784,HDAC4;TLE3;HDAC2;HDAC3;HDAC10;HDAC1;FBXW7;HDAC11;CUL1;CCNC;HDAC6;HDAC7;RBX1;NCOR2;CDK8;KAT2B;KAT2A;NCOR1;SNW1;TBL1XR1;TBL1X;SKP1,0.4583333333333333
6,666,HIV Infection R-HSA-162906,43/229,8.655846792761801e-20,Disease,Reactome_2022,1.716560334429555e-20,0.0,0.0,7.105438478399696,323.3783062296774,PSMD10;PSMD12;PSMD11;CCNT1;CUL5;PSMD14;PSMB10;PSMD8;PSMB6;PSMB7;PSMB4;XPO1;PSMB5;PSMD4;PSMB2;PSMD5;PSMB3;PSMD2;ELOB;PSMF1;ELOC;SKP1;KPNA1;HMGA1;PSMB8;PSMB9;RBX1;PSMA5;CDK9;SEM1;PSMA6;PSMA3;PSMA4;PSMC6;PSMA1;PSMA2;PSMC4;PSME3;PSME4;PSME1;PSME2;KPNB1;TAF1,0.18777292576419213
6,666,Fc Epsilon Receptor (FCERI) Signaling R-HSA-2454202,34/130,1.430158791778739e-20,Immune System,Reactome_2022,2.775835629612742e-21,0.0,0.0,10.780788502109704,510.29067506289465,PSMD10;PSMD12;PSMD11;PSMD14;CUL1;PSMB10;PSMD8;PSMB6;PSMB7;PSMB4;PSMB5;PSMD4;PSMB2;PSMD5;PSMB3;PSMD2;PSMF1;SKP1;PSMB8;PSMB9;SEM1;PSMA5;PSMA6;PSMA3;CDC34;PSMA4;PSMC6;PSMA1;PSMA2;PSMC4;PSME3;PSME4;PSME1;PSME2,0.26153846153846155
6,666,Antigen processing-Cross Presentation R-HSA-1236975,31/104,1.1680497118937275e-20,Immune System,Reactome_2022,2.2506724406391095e-21,0.0,0.0,12.880832704131162,612.394175294918,PSMD10;PSMD12;PSMD11;PSMD14;PSMB10;PSMD8;PSMB6;PSMB7;PSMB4;PSMB5;PSMD4;PSMB2;PSMD5;PSMB3;PSMD2;PSMF1;PSMB8;PSMB9;SEM1;PSMA5;PSMA6;PSMA3;PSMA4;PSMC6;PSMA1;PSMA2;PSMC4;PSME3;PSME4;PSME1;PSME2,0.2980769230769231
6,666,ABC-family Proteins Mediated Transport R-HSA-382556,31/102,6.146431587718015e-21,Transport of small molecules,Reactome_2022,1.1756887425170886e-21,0.0,0.0,13.24504824220916,638.3110975197469,PSMD10;PSMD12;PSMD11;PSMD14;PSMB10;PSMD8;PSMB6;PSMB7;PSMB4;PSMB5;PSMD4;PSMB2;PSMD5;PSMB3;PSMD2;PSMF1;PSMB8;PSMB9;SEM1;PSMA5;PSMA6;PSMA3;PSMA4;PSMC6;PSMA1;PSMA2;PSMC4;PSME3;PSME4;PSME1;PSME2,0.30392156862745096
6,666,Signaling By Hedgehog R-HSA-5358351,35/135,5.167522370641736e-21,Signal Transduction,Reactome_2022,9.811751336661524e-22,0.0,0.0,10.668621236133122,516.0763224255281,PSMD10;PSMD12;PSMD11;PSMD14;CUL1;PSMB10;PSMD8;PSMB6;PSMB7;PSMB4;PSMB5;PSMD4;PSMB2;PSMD5;PSMB3;PSMD2;PSMF1;SKP1;PSMB8;RBX1;PSMB9;SEM1;PSMA5;PSMA6;PSMA3;ITCH;PSMA4;PSMC6;PSMA1;PSMA2;PSMC4;PSME3;PSME4;PSME1;PSME2,0.25925925925925924
6,666,Oxidative Stress Induced Senescence R-HSA-2559580,30/93,4.022966063610328e-21,Cellular responses to stimuli,Reactome_2022,7.581961357577834e-22,0.0,0.0,14.428721174004194,701.6845840943034,RNF2;RBBP4;H2BC21;SCMH1;RBBP7;H3-3B;CBX8;CDKN2D;SUZ12;H2AZ2;CBX6;CDKN2B;PHC2;PHC1;H2AC6;RING1;CBX4;H2BC5;EED;CBX2;MINK1;PHC3;MOV10;H2AJ;TFDP1;TFDP2;MAPKAPK5;MDM4;TNRC6A;TNRC6B,0.3225806451612903
6,666,Beta-catenin Independent WNT Signaling R-HSA-3858494,36/142,3.1203614504960646e-21,Signal Transduction,Reactome_2022,5.836963050857616e-22,0.0,0.0,10.365498652291103,506.79681595048834,PSMD10;PSMD12;PSMD11;PSMD14;PSMB10;PSMD8;PSMB6;PSMB7;PSMB4;PSMB5;PSMD4;PSMB2;PSMD5;PSMB3;PSMD2;PSMF1;NCOA3;PSMB8;PSMB9;SEM1;PSMA5;MOV10;PSMA6;PSMA3;PSMA4;PSMC6;PSMA1;PSMA2;PSMC4;PSME3;PSME4;AGO2;PSME1;PSME2;TNRC6A;TNRC6B,0.2535211267605634
6,666,C-type Lectin Receptors (CLRs) R-HSA-5621481,36/141,2.4214312985179237e-21,Immune System,Reactome_2022,4.495484267290659e-22,0.0,0.0,10.464761904761906,514.3827995773314,PSMD10;PSMD12;PSMD11;PSMD14;CUL1;PSMB10;PSMD8;PSMB6;PSMB7;PSMB4;PSMB5;PSMD4;PSMB2;PSMD5;PSMB3;PSMD2;PSMF1;SKP1;PSMB8;PSMB9;SEM1;PSMA5;PSMA6;PSMA3;CDC34;PSMA4;PSMC6;PSMA1;PSMA2;PSMC4;PSME3;PSME4;PSME1;UBA3;PSME2;UBE2M,0.2553191489361702
6,666,G2/M Checkpoints R-HSA-69481,33/148,1.0278307091720028e-17,Cell Cycle,Reactome_2022,2.197331473897953e-18,0.0,0.0,8.712507727179064,354.24436102254776,PSMD10;PSMD12;PSMD11;PSMD14;PSMB10;PSMD8;PSMB6;PSMB7;PSMB4;PSMB5;PSMD4;PSMB2;PSMD5;PSMB3;PSMD2;H2BC21;PSMF1;H2BC5;PSMB8;PSMB9;SEM1;PSMA5;PSMA6;PSMA3;PSMA4;PSMC6;PSMA1;PSMA2;PSMC4;PSME3;PSME4;PSME1;PSME2,0.22297297297297297
6,666,Estrogen-dependent Gene Expression R-HSA-9018519,34/119,6.449092359058218e-22,Signal Transduction,Reactome_2022,1.1882293938630473e-22,0.0,0.0,12.182911392405064,615.0470663295914,DDX5;HSP90AB1;CCNT1;KDM1A;CBFB;HDAC1;CHD1;YY1;H2BC21;MYB;NRIP1;H3-3B;NCOA1;TLE3;NCOA2;H2AZ2;POU2F1;H2AC6;H2BC5;PRMT1;NCOA3;PTGES3;KCTD6;RUNX1;CDK9;MOV10;KAT2B;H2AJ;CARM1;AGO2;FKBP4;EBAG9;TNRC6A;TNRC6B,0.2857142857142857
6,666,Transcriptional Regulation By E2F6 R-HSA-8953750,18/34,1.2587652770572193e-17,Gene expression (Transcription),Reactome_2022,2.708735406325661e-18,0.0,0.0,33.53819444444444,1356.621635065451,SUZ12;PHC1;RING1;MAX;EED;EHMT2;MGA;PCGF2;EHMT1;PHC3;RNF2;RYBP;TFDP1;RBBP4;TFDP2;EPC1;RBBP7;YAF2,0.5294117647058824
6,666,ESR-mediated Signaling R-HSA-8939211,36/188,5.55500202328859e-17,Signal Transduction,Reactome_2022,1.2110060669616476e-17,0.0,0.0,7.211278195488722,280.89727862111687,DDX5;HSP90AB1;CCNT1;KDM1A;CBFB;HDAC1;CHD1;YY1;XPO1;H2BC21;MYB;NRIP1;H3-3B;NCOA1;TLE3;NCOA2;H2AZ2;POU2F1;H2AC6;H2BC5;PRMT1;NCOA3;PTGES3;KCTD6;RUNX1;CDK9;MOV10;KAT2B;H2AJ;CARM1;AGO2;FKBP4;EBAG9;PPID;TNRC6A;TNRC6B,0.19148936170212766
6,666,NoRC Negatively Regulates rRNA Expression R-HSA-427413,21/74,8.200886159020539e-14,Gene expression (Transcription),Reactome_2022,1.9838993239824648e-14,0.0,0.0,11.844405440982888,373.7043407616056,H2AZ2;HDAC2;H2AC6;H2BC5;HDAC1;ARID4B;BAZ2A;TTF1;SAP30;H2AJ;TAF1D;SIN3B;TAF1B;SIN3A;H2BC21;SAP30L;UBTF;SAP18;POLR1G;SUDS3;H3-3B,0.28378378378378377
6,666,Signaling By TGF-beta Receptor Complex R-HSA-170834,23/91,7.457238390168269e-14,Signal Transduction,Reactome_2022,1.7935130305467986e-14,0.0,0.0,10.134434178025796,320.7752628071144,TGIF1;CDKN2B;TGIF2;CCNT1;HDAC1;UBE2D3;CCNC;NEDD8;YBX1;NCOR2;CDK9;PPM1A;CDK8;XPO1;NCOR1;TFDP1;SNW1;TFDP2;E2F4;E2F5;TRIM33;MEN1;UBE2M,0.25274725274725274
6,666,Regulation Of MECP2 Expression And Activity R-HSA-9022692,15/31,4.5050193246639626e-14,Gene expression (Transcription),Reactome_2022,1.077149486909808e-14,0.0,0.0,27.81970046082949,894.7336762911021,HDAC2;HDAC3;HDAC1;GPS2;HIPK2;MECP2;NCOR2;MOV10;NCOR1;SIN3A;TBL1XR1;AGO2;TBL1X;TNRC6A;TNRC6B,0.4838709677419355
6,666,Negative Epigenetic Regulation Of rRNA Expression R-HSA-5250941,22/77,1.6980276929696632e-14,Gene expression (Transcription),Reactome_2022,4.0360995796325316e-15,0.0,0.0,11.974534161490682,396.8779444804332,H2AZ2;HDAC2;H2AC6;H2BC5;HDAC1;ARID4B;BAZ2A;TTF1;RRP8;SAP30;H2AJ;TAF1D;SIN3B;TAF1B;SIN3A;H2BC21;SAP30L;UBTF;SAP18;POLR1G;SUDS3;H3-3B,0.2857142857142857
6,666,Signaling By ROBO Receptors R-HSA-376176,35/209,1.1150402831088644e-14,Developmental Biology,Reactome_2022,2.634694339835292e-15,0.0,0.0,6.107801883527333,205.03896554216487,PSMD10;PSMD12;PSMD11;PSMD14;CUL2;PSMB10;PSMD8;PSMB6;PSMB7;PSMB4;PSMB5;PSMD4;PSMB2;PSMD5;PSMB3;PSMD2;ELOB;PSMF1;ELOC;PSMB8;PSMB9;RBX1;PSMA5;SEM1;PSMA6;PSMA3;PSMA4;PSMC6;PSMA1;PSMA2;PSMC4;PSME3;PSME4;PSME1;PSME2,0.1674641148325359
6,666,Mitotic Metaphase And Anaphase R-HSA-2555396,37/233,1.033413717836422e-14,Cell Cycle,Reactome_2022,2.4272867915426516e-15,0.0,0.0,5.743697478991597,193.28692081977263,PSMD10;PSMD12;PSMD11;PSMD14;PPP2R2A;PSMB10;PSMD8;PSMB6;PSMB7;PSMB4;XPO1;PSMB5;PSMD4;PSMB2;PSMD5;PSMB3;PSMD2;LMNA;PSMF1;PPP2R5C;PSMB8;PSMB9;PSMA5;SEM1;PSMA6;PSMA3;PSMA4;PSMC6;PSMA1;KANSL1;PSMA2;PSMC4;PSME3;PSME4;PSME1;PSME2;KPNB1,0.15879828326180256
6,666,Mitotic Anaphase R-HSA-68882,37/232,9.023481131404327e-15,Cell Cycle,Reactome_2022,2.1067480559959477e-15,0.0,0.0,5.773453996983409,195.10597305727484,PSMD10;PSMD12;PSMD11;PSMD14;PPP2R2A;PSMB10;PSMD8;PSMB6;PSMB7;PSMB4;XPO1;PSMB5;PSMD4;PSMB2;PSMD5;PSMB3;PSMD2;LMNA;PSMF1;PPP2R5C;PSMB8;PSMB9;PSMA5;SEM1;PSMA6;PSMA3;PSMA4;PSMC6;PSMA1;KANSL1;PSMA2;PSMC4;PSME3;PSME4;PSME1;PSME2;KPNB1,0.15948275862068967
6,666,Notch-HLH Transcription Pathway R-HSA-350054,15/28,6.3453498211397104e-15,Gene expression (Transcription),Reactome_2022,1.4725495365514097e-15,0.0,0.0,34.24494859978731,1169.5259889706392,HDAC4;HDAC2;HDAC3;HDAC10;HDAC1;HDAC11;HDAC6;HDAC7;NCOR2;KAT2B;KAT2A;NCOR1;SNW1;TBL1XR1;TBL1X,0.5357142857142857
6,666,MAPK Family Signaling Cascades R-HSA-5683057,45/318,8.65854743465457e-16,Signal Transduction,Reactome_2022,1.9971895629864268e-16,0.0,0.0,5.059457450761799,182.89746685225967,PSMD10;PSMD12;PSMD11;PSMD14;CDC14A;PSMB10;PSMD8;PSMB6;PSMB7;PSMB4;CCND3;XPO1;PSMB5;PSMD4;PSMB2;FNTA;PSMD5;PSMB3;PSMD2;PSMF1;LYPLA1;NCOA3;PPP2R5C;ETV4;PSMB8;PSMB9;RBX1;PSMA5;SEM1;MOV10;PSMA6;PSMA3;PSMA4;PSMC6;PSMA1;PSMA2;PSMC4;PSME3;PSME4;AGO2;PSME1;PSME2;MAPKAPK5;TNRC6A;TNRC6B,0.14150943396226415
6,666,Signaling By NOTCH1 R-HSA-1980143,23/74,5.210277170779421e-16,Signal Transduction,Reactome_2022,1.1944798577173638e-16,0.0,0.0,13.524502180343363,495.8576233281868,HDAC4;TLE3;HDAC2;HDAC3;HDAC10;FBXW7;HDAC1;HDAC11;CUL1;CCNC;HDAC6;RBX1;HDAC7;NCOR2;KAT2B;CDK8;KAT2A;ITCH;NCOR1;SNW1;TBL1XR1;TBL1X;SKP1,0.3108108108108108
6,666,Regulation Of TP53 Activity Thru Acetylation R-HSA-6804758,16/29,3.811451565069103e-16,Gene expression (Transcription),Reactome_2022,8.684320021676437e-17,0.0,0.0,36.58414201183432,1352.970378786081,HDAC2;BRD1;MEAF6;HDAC1;BRPF3;CHD4;CHD3;GATAD2B;PML;GATAD2A;ING5;RBBP4;KAT6A;RBBP7;BRD7;MTA2,0.5517241379310345
6,666,Cell Cycle Checkpoints R-HSA-69620,42/271,3.2985041658096797e-16,Cell Cycle,Reactome_2022,7.469186648317277e-17,0.0,0.0,5.615342626805509,208.515418855778,PSMD10;PSMD12;PSMD11;PSMD14;PHF20;PSMB10;PSMD8;PSMB6;PSMB7;PSMB4;XPO1;PSMB5;PSMD4;PSMB2;PSMD5;PCBP4;PSMB3;PSMD2;H2BC21;PSMF1;ZNF385A;H2BC5;PPP2R5C;PSMB8;PSMB9;PSMA5;SEM1;PSMA6;CCNA1;PSMA3;PSMA4;PSMC6;PSMA1;KANSL1;PSMA2;PSMC4;CCNE1;PSME3;PSME4;PSME1;PSME2;MDM4,0.15498154981549817
6,666,Constitutive Signaling By NOTCH1 HD+PEST Domain Mutants R-HSA-2894862,21/58,3.208363009697247e-16,Disease,Reactome_2022,7.219944888207587e-17,0.0,0.0,16.9803896920176,631.1118291776769,HDAC4;HDAC2;HDAC3;HDAC10;FBXW7;HDAC1;HDAC11;CUL1;CCNC;HDAC6;RBX1;HDAC7;NCOR2;KAT2B;CDK8;KAT2A;NCOR1;SNW1;TBL1XR1;TBL1X;SKP1,0.3620689655172414
6,666,ERCC6 (CSB) And EHMT2 (G9a) Positively Regulate rRNA Expression R-HSA-427389,19/45,3.178537547924289e-16,Gene expression (Transcription),Reactome_2022,7.1081219426155e-17,0.0,0.0,21.807870645583165,810.8756975490181,H2AZ2;HDAC2;H2AC6;H2BC5;HDAC1;EHMT2;CHD4;CHD3;TTF1;GATAD2B;GATAD2A;H2AJ;MTA1;RBBP4;H2BC21;RBBP7;MTA2;MTA3;H3-3B,0.4222222222222222
6,666,Transcriptional Activity Of SMAD2/SMAD3:SMAD4 Heterotrimer R-HSA-2173793,20/51,2.814450763765597e-16,Gene expression (Transcription),Reactome_2022,6.254335030590217e-17,0.0,0.0,19.277938679716367,719.272842147359,TGIF1;CDKN2B;TGIF2;CCNT1;HDAC1;UBE2D3;CCNC;YBX1;NCOR2;CDK9;PPM1A;CDK8;NCOR1;TFDP1;SNW1;TFDP2;E2F4;E2F5;TRIM33;MEN1,0.39215686274509803
6,666,Separation Of Sister Chromatids R-HSA-2467813,34/170,1.0934542291679352e-16,Cell Cycle,Reactome_2022,2.4145191839573254e-17,0.0,0.0,7.594145569620253,290.57058788191364,PSMD10;PSMD12;PSMD11;PSMD14;PSMB10;PSMD8;PSMB6;PSMB7;PSMB4;XPO1;PSMB5;PSMD4;PSMB2;PSMD5;PSMB3;PSMD2;PSMF1;PPP2R5C;PSMB8;PSMB9;SEM1;PSMA5;PSMA6;PSMA3;PSMA4;PSMC6;PSMA1;KANSL1;PSMA2;PSMC4;PSME3;PSME4;PSME1;PSME2,0.2
6,666,M Phase R-HSA-68886,51/380,8.246805773435564e-17,Cell Cycle,Reactome_2022,1.809425739319196e-17,0.0,0.0,4.7903476907109495,184.6723923060139,NUMA1;PPP2R2A;PHF8;PSMD8;XPO1;PSMD4;PSMD5;PSMD2;H2BC21;KMT5A;H3-3B;RAB2A;H2AC6;CSNK1E;PPP2R5C;EML4;PSMA5;PSMA6;H2AJ;PSMA3;PSMA4;PSMA1;PSMA2;PSME3;CSNK2B;PSME4;PSME1;PSME2;KPNB1;PSMD10;PSMD12;SET;PSMD11;PSMD14;PSMB10;PSMB6;PSMB7;PSMB4;PSMB5;PSMB2;PSMB3;LMNA;PSMF1;H2AZ2;H2BC5;PSMB8;PSMB9;SEM1;PSMC6;KANSL1;PSMC4,0.13421052631578947
6,666,RNA Polymerase I Transcription Initiation R-HSA-73762,20/46,2.4416417840900825e-17,Gene expression (Transcription),Reactome_2022,5.2885068178603744e-18,0.0,0.0,22.99118837818528,914.6123667673864,HDAC2;RRN3;HDAC1;EHMT2;CHD4;CHD3;TTF1;GATAD2B;GATAD2A;KAT2B;TAF1D;KAT2A;MTA1;RBBP4;TAF1B;UBTF;RBBP7;POLR1G;MTA2;MTA3,0.43478260869565216
6,666,Signaling By B Cell Receptor (BCR) R-HSA-983705,33/109,3.5689770693912288e-22,Immune System,Reactome_2022,6.525555823078196e-23,0.0,0.0,13.210152157645298,674.8238593651064,PSMD10;PSMD12;PSMD11;PSMD14;CUL1;PSMB10;PSMD8;PSMB6;PSMB7;PSMB4;PSMB5;PSMD4;PSMB2;PSMD5;PSMB3;PSMD2;PSMF1;SKP1;PSMB8;PSMB9;SEM1;PSMA5;PSMA6;PSMA3;PSMA4;PSMC6;PSMA1;PSMA2;PSMC4;PSME3;PSME4;PSME1;PSME2,0.30275229357798167
6,666,Diseases Of Signal Transduction By Growth Factor Receptors And Second Messengers R-HSA-5663202,62/424,2.932549857604295e-22,Disease,Reactome_2022,5.320660079197666e-23,0.0,0.0,5.379715341553547,275.9140860302658,HDAC10;HDAC11;CCNC;TENT4A;PSMD8;MECP2;PSMD4;PSMD5;PSMD2;SKP1;FBXW7;PPP2R5C;RBX1;EML4;NCOR2;PSMA5;KAT2B;PSMA6;KAT2A;PSMA3;PPM1B;NCOR1;PSMA4;PSMA1;PSMA2;TBL1XR1;PSME3;PSME4;PSME1;PSME2;BIRC6;HDAC4;PSMD10;HDAC2;PSMD12;HDAC3;PSMD11;PSMD14;CTBP1;HDAC1;CUL1;HDAC6;PSMB10;HDAC7;PSMB6;PSMB7;PSMB4;WDCP;PSMB5;PSMB2;TNKS2;PSMB3;LMNA;PSMF1;TBL1X;PSMB8;PSMB9;SEM1;CDK8;PSMC6;SNW1;PSMC4,0.14622641509433962
6,666,TCR Signaling R-HSA-202403,34/116,2.6149580817657497e-22,Immune System,Reactome_2022,4.707660119071955e-23,0.0,0.0,12.630595862920655,649.3422948736145,PSMD10;PSMD12;PSMD11;PSMD14;CUL1;PSMB10;PSMD8;PSMB6;PSMB7;PSMB4;PSMB5;PSMD4;PSMB2;PSMD5;PSMB3;PSMD2;PSMF1;SKP1;PSMB8;PSMB9;SEM1;PSMA5;PSMA6;PSMA3;CDC34;PSMA4;PSMC6;PSMA1;PSMA2;PSMC4;PSME3;PSME4;PSME1;PSME2,0.29310344827586204
6,666,Regulation Of PTEN Gene Transcription R-HSA-8943724,29/61,4.211930070891052e-26,Signal Transduction,Reactome_2022,6.2201498937209636e-27,0.0,0.0,27.46065541601256,1657.0309653821118,HDAC2;HDAC3;KDM1A;HDAC1;ATN1;CHD4;CHD3;RNF2;HDAC7;MTA1;RBBP4;SCMH1;RBBP7;MTA2;MTA3;CBX8;SUZ12;CBX6;PHC2;PHC1;RING1;CBX4;EED;CBX2;PHC3;GATAD2B;GATAD2A;REST;RCOR1,0.47540983606557374
6,666,Hedgehog Off State R-HSA-5610787,35/98,3.515920960104474e-26,Signal Transduction,Reactome_2022,5.1428379725860095e-27,0.0,0.0,16.966895580207783,1027.0433885231928,PSMD10;PSMD12;PSMD11;PSMD14;CUL1;PSMB10;PSMD8;PSMB6;PSMB7;PSMB4;PSMB5;PSMD4;PSMB2;PSMD5;PSMB3;PSMD2;PSMF1;SKP1;PSMB8;RBX1;PSMB9;SEM1;PSMA5;PSMA6;PSMA3;ITCH;PSMA4;PSMC6;PSMA1;PSMA2;PSMC4;PSME3;PSME4;PSME1;PSME2,0.35714285714285715
6,666,DNA Replication Pre-Initiation R-HSA-69002,39/127,2.80361822557221e-26,DNA Replication,Reactome_2022,4.0615003830370965e-27,0.0,0.0,13.603632013919094,826.6688438329585,PSMD10;PSMD12;PSMD11;PSMD14;PSMB10;PSMD8;PSMB6;PSMB7;PSMB4;PSMB5;PSMD4;PSMB2;PSMD5;PSMB3;PSMD2;H2BC21;KPNA6;PSMF1;KPNA1;H3-3B;H2AZ2;H2AC6;H2BC5;PSMB8;PSMB9;SEM1;PSMA5;PSMA6;H2AJ;PSMA3;PSMA4;PSMC6;PSMA1;PSMA2;PSMC4;PSME3;PSME1;PSME2;KPNB1,0.30708661417322836
6,666,"Cell Cycle, Mitotic R-HSA-69278",75/523,2.7409895720995314e-26,Cell Cycle,Reactome_2022,3.932221327062619e-27,0.0,0.0,5.349777918781726,325.2696699950697,HSP90AB1;NUMA1;PPP2R2A;CDC14A;PHF8;PSMD8;CCND3;XPO1;CCND2;PSMD4;PSMD5;PSMD2;H2BC21;KMT5A;SKP1;H3-3B;RAB2A;H2AC6;DYRK1A;CSNK1E;PPP2R5C;RBX1;EML4;PSMA5;RBL2;PSMA6;CCNA1;PSMA3;H2AJ;PSMA4;TFDP1;PSMA1;TFDP2;PSMA2;CCNE1;PSME3;PSME4;CSNK2B;PSME1;PSME2;AJUBA;KPNB1;PSMD10;PSMD12;SET;PSMD11;LIN37;PSMD14;MAX;HDAC1;CUL1;PSMB10;PSMB6;PSMB7;PSMB4;PSMB5;PSMB2;RBBP4;PSMB3;LMNA;PSMF1;E2F4;E2F5;CDKN2D;H2AZ2;CDKN2B;H2BC5;CABLES1;CDK11B;PSMB8;PSMB9;SEM1;PSMC6;KANSL1;PSMC4,0.14340344168260039
6,666,Developmental Biology R-HSA-1266738,111/1073,2.214733170837045e-26,Developmental Biology,Reactome_2022,3.146104785577237e-27,0.0,0.0,3.81954261954262,233.08236474804588,CCNC;PSMD8;YY1;CCND3;PSMD4;PSMD5;PSMD2;MYB;TP63;H2AC6;MED8;MED4;MED6;PIAS2;MED7;RBX1;RUNX1;TBL1XR1;PSME3;PSME4;CSNK2B;PSME1;PSME2;AJUBA;PSMD10;KMT2D;PSMD12;PSMD11;CBFB;KMT2A;PSMD14;KMT2C;CUL2;MED31;PSMF1;HSPA8;CDK19;SIAH1;SMARCA4;SEM1;CDK8;SNW1;HSP90AB1;CHD9;ASH2L;HIF3A;CTCF;MED16;MED15;MED17;MED12;MED13;H2BC21;WDR5;ELOB;ELOC;H3-3B;KDM6A;NCOA1;NCOA2;NCOA6;EED;NCOA3;TCF12;NCOR2;PSMA5;KAT2B;PSMA6;MED22;KAT2A;PSMA3;H2AJ;NCOR1;PSMA4;MED24;TFDP1;PSMA1;TFDP2;PSMA2;THRAP3;MED21;ZNF638;MED20;RARB;HDAC2;SMARCD3;HDAC3;PSMB10;PSMB6;PSMB7;PSMB4;PSMB5;PSMB2;RBBP4;PSMB3;RBBP5;BNIP2;RBBP7;TBL1X;SUZ12;H2AZ2;H2BC5;PCGF2;PSMB8;PML;PSMB9;PSMC6;PSMC4;CARM1;ZNF335;TRIM33,0.10344827586206896
6,666,Activation Of APC/C And APC/C:Cdc20 Mediated Degradation Of Mitotic Proteins R-HSA-176814,32/76,1.2140404165020096e-26,Cell Cycle,Reactome_2022,1.7075111343206885e-27,0.0,0.0,22.127903642099227,1363.8480452770193,PSMD10;PSMD12;PSMD11;PSMD14;PSMB10;PSMD8;PSMB6;PSMB7;PSMB4;PSMB5;PSMD4;PSMB2;PSMD5;PSMB3;PSMD2;PSMF1;PSMB8;PSMB9;PSMA5;SEM1;CCNA1;PSMA6;PSMA3;PSMA4;PSMC6;PSMA1;PSMA2;PSMC4;PSME3;PSME4;PSME1;PSME2,0.42105263157894735
6,666,APC/C:Cdc20 Mediated Degradation Of Mitotic Proteins R-HSA-176409,32/75,7.32514390121678e-27,Cell Cycle,Reactome_2022,1.0199567457390456e-27,0.0,0.0,22.643679847406645,1407.3055469122871,PSMD10;PSMD12;PSMD11;PSMD14;PSMB10;PSMD8;PSMB6;PSMB7;PSMB4;PSMB5;PSMD4;PSMB2;PSMD5;PSMB3;PSMD2;PSMF1;PSMB8;PSMB9;PSMA5;SEM1;CCNA1;PSMA6;PSMA3;PSMA4;PSMC6;PSMA1;PSMA2;PSMC4;PSME3;PSME4;PSME1;PSME2,0.4266666666666667
6,666,Autodegradation Of Cdh1 By Cdh1:APC/C R-HSA-174084,30/63,5.505413818193844e-27,Cell Cycle,Reactome_2022,7.588334095400798e-28,0.0,0.0,27.588622069754145,1722.792762821599,PSMD10;PSMD12;PSMD11;PSMD14;PSMB10;PSMD8;PSMB6;PSMB7;PSMB4;PSMB5;PSMD4;PSMB2;PSMD5;PSMB3;PSMD2;PSMF1;PSMB8;PSMB9;PSMA5;SEM1;PSMA6;PSMA3;PSMA4;PSMC6;PSMA1;PSMA2;PSMC4;PSME3;PSME1;PSME2,0.47619047619047616
6,666,SUMOylation Of Transcription Cofactors R-HSA-3899300,26/43,4.297977129617745e-27,Metabolism of proteins,Reactome_2022,5.863625619872311e-28,0.0,0.0,46.16194852941177,2894.5210244693308,DDX5;ZNF350;UHRF2;CTBP1;RNF2;TRIM28;SIN3A;NRIP1;SCMH1;CBX8;NCOA1;NCOA2;PIAS3;PHC2;PHC1;CBX4;RING1;CBX2;MBD1;PCGF2;SAFB;PHC3;PIAS2;HIPK2;PIAS1;NCOR2,0.6046511627906976
6,666,CLEC7A (Dectin-1) Signaling R-HSA-5607764,36/99,3.314787654410491e-27,Immune System,Reactome_2022,4.475662655744123e-28,0.0,0.0,17.479365079365078,1100.7407853293787,PSMD10;PSMD12;PSMD11;PSMD14;CUL1;PSMB10;PSMD8;PSMB6;PSMB7;PSMB4;PSMB5;PSMD4;PSMB2;PSMD5;PSMB3;PSMD2;PSMF1;SKP1;PSMB8;PSMB9;SEM1;PSMA5;PSMA6;PSMA3;CDC34;PSMA4;PSMC6;PSMA1;PSMA2;PSMC4;PSME3;PSME4;PSME1;UBA3;PSME2;UBE2M,0.36363636363636365
6,666,PKMTs Methylate Histone Lysines R-HSA-3214841,27/47,2.9669614393492454e-27,Chromatin organization,Reactome_2022,3.964294468891397e-28,0.0,0.0,40.804225352112674,2574.544830759341,KMT2D;SETD2;SETD3;KMT2A;EHMT2;KMT2C;SETD6;DOT1L;KMT2B;DPY30;EHMT1;ASH2L;RBBP4;RBBP5;NSD1;SMYD2;WDR5;KMT5B;KMT5A;RBBP7;SUZ12;SETDB1;EED;KMT5C;SETD1B;SETD1A;AEBP2,0.574468085106383
6,666,Downstream Signaling Events Of B Cell Receptor (BCR) R-HSA-1168372,33/79,2.6774593242465216e-27,Immune System,Reactome_2022,3.539819641057286e-28,0.0,0.0,21.859468370080364,1381.6999838076308,PSMD10;PSMD12;PSMD11;PSMD14;CUL1;PSMB10;PSMD8;PSMB6;PSMB7;PSMB4;PSMB5;PSMD4;PSMB2;PSMD5;PSMB3;PSMD2;PSMF1;SKP1;PSMB8;PSMB9;PSMA5;SEM1;PSMA6;PSMA3;PSMA4;PSMC6;PSMA1;PSMA2;PSMC4;PSME3;PSME4;PSME1;PSME2,0.4177215189873418
6,666,APC:Cdc20 Mediated Degradation Of Cell Cycle Proteins Before Cycle Checkpoint Satisfied R-HSA-179419,32/73,2.6774593242465216e-27,Cell Cycle,Reactome_2022,3.533157257249629e-28,0.0,0.0,23.750711702700624,1501.2870165935713,PSMD10;PSMD12;PSMD11;PSMD14;PSMB10;PSMD8;PSMB6;PSMB7;PSMB4;PSMB5;PSMD4;PSMB2;PSMD5;PSMB3;PSMD2;PSMF1;PSMB8;PSMB9;PSMA5;SEM1;CCNA1;PSMA6;PSMA3;PSMA4;PSMC6;PSMA1;PSMA2;PSMC4;PSME3;PSME4;PSME1;PSME2,0.4383561643835616
6,666,APC/C:Cdc20 Mediated Degradation Of Securin R-HSA-174154,31/67,2.3561222665773257e-27,Cell Cycle,Reactome_2022,3.0487095432505477e-28,0.0,0.0,26.169641294838144,1658.0473454796877,PSMD10;PSMD12;PSMD11;PSMD14;PSMB10;PSMD8;PSMB6;PSMB7;PSMB4;PSMB5;PSMD4;PSMB2;PSMD5;PSMB3;PSMD2;PSMF1;PSMB8;PSMB9;PSMA5;SEM1;PSMA6;PSMA3;PSMA4;PSMC6;PSMA1;PSMA2;PSMC4;PSME3;PSME4;PSME1;PSME2,0.4626865671641791
6,666,Cell Cycle R-HSA-1640170,86/654,2.1032228395057325e-27,Cell Cycle,Reactome_2022,2.691888585021402e-28,0.0,0.0,4.898846527440505,310.9892590376598,HSP90AB1;NUMA1;PHF20;PPP2R2A;RSF1;CDC14A;SYNE2;PHF8;PSMD8;CCND3;XPO1;CCND2;PSMD4;PSMD5;PSMD2;H2BC21;KMT5A;ZNF385A;SKP1;H3-3B;RAB2A;H2AC6;ATRX;DYRK1A;CSNK1E;PPP2R5C;RBX1;EML4;PSMA5;RBL2;PSMA6;CCNA1;PSMA3;H2AJ;PSMA4;TFDP1;PSMA1;TFDP2;PSMA2;CCNE1;PSME3;PSME4;CSNK2B;PSME1;PSME2;AJUBA;KPNB1;PSMD10;PSMD12;SET;PSMD11;LIN37;PSMD14;MAX;HDAC1;CUL1;PSMB10;PSMB6;PSMB7;PSMB4;SYCE1;PSMB5;TERT;PSMB2;RBBP4;PSMB3;PCBP4;LMNA;PSMF1;E2F4;RBBP7;E2F5;CDKN2D;H2AZ2;CDKN2B;H2BC5;CABLES1;HSPA2;CDK11B;PSMB8;PSMB9;SEM1;PSMC6;KANSL1;PSMC4;MDM4,0.13149847094801223
6,666,Cdc20:Phospho-APC/C Mediated Degradation Of Cyclin A R-HSA-174184,32/72,1.6174406201641806e-27,Cell Cycle,Reactome_2022,2.047393190081241e-28,0.0,0.0,24.345741324921136,1552.1825856577602,PSMD10;PSMD12;PSMD11;PSMD14;PSMB10;PSMD8;PSMB6;PSMB7;PSMB4;PSMB5;PSMD4;PSMB2;PSMD5;PSMB3;PSMD2;PSMF1;PSMB8;PSMB9;PSMA5;SEM1;CCNA1;PSMA6;PSMA3;PSMA4;PSMC6;PSMA1;PSMA2;PSMC4;PSME3;PSME4;PSME1;PSME2,0.4444444444444444
6,666,Regulation Of mRNA Stability By Proteins That Bind AU-rich Elements R-HSA-450531,35/88,5.123169548079771e-28,Metabolism of RNA,Reactome_2022,6.412968913911388e-29,0.0,0.0,20.178662201357533,1309.9310580460335,PSMD10;PSMD12;PSMD11;SET;PSMD14;ELAVL1;PSMB10;PSMD8;PSMB6;PSMB7;PSMB4;XPO1;PSMB5;PSMD4;PSMB2;PSMD5;PSMB3;PSMD2;PSMF1;HSPA8;PSMB8;PSMB9;PSMA5;SEM1;PSMA6;PSMA3;PSMA4;PSMC6;PSMA1;PSMA2;PSMC4;PSME3;PSME4;PSME1;PSME2,0.3977272727272727
6,666,Hedgehog On State R-HSA-5632684,33/85,4.2285005573281556e-26,Signal Transduction,Reactome_2022,6.304093657901329e-27,0.0,0.0,19.33120670798396,1166.2246041690994,PSMD10;PSMD12;PSMD11;PSMD14;PSMB10;PSMD8;PSMB6;PSMB7;PSMB4;PSMB5;PSMD4;PSMB2;PSMD5;PSMB3;PSMD2;PSMF1;PSMB8;RBX1;PSMB9;PSMA5;SEM1;PSMA6;PSMA3;ITCH;PSMA4;PSMC6;PSMA1;PSMA2;PSMC4;PSME3;PSME4;PSME1;PSME2,0.38823529411764707
6,666,APC/C:Cdh1 Mediated Degradation Of Cdc20 And APC/C:Cdh1 Targets In Late Mitosis/Early G1 R-HSA-174178,31/73,5.449115230630874e-26,Cell Cycle,Reactome_2022,8.20049690123071e-27,0.0,0.0,22.424146981627292,1346.9199048458388,PSMD10;PSMD12;PSMD11;PSMD14;PSMB10;PSMD8;PSMB6;PSMB7;PSMB4;PSMB5;PSMD4;PSMB2;PSMD5;PSMB3;PSMD2;PSMF1;PSMB8;PSMB9;PSMA5;SEM1;PSMA6;PSMA3;PSMA4;PSMC6;PSMA1;PSMA2;PSMC4;PSME3;PSME4;PSME1;PSME2,0.4246575342465753
6,666,TNFR2 Non-Canonical NF-kB Pathway R-HSA-5668541,35/100,7.56941819270982e-26,Immune System,Reactome_2022,1.1497850419306055e-26,0.0,0.0,16.443130561989516,982.1093401411634,PSMD10;PSMD12;PSMD11;PSMD14;CUL1;PSMB10;PSMD8;PSMB6;PSMB7;PSMB4;PSMB5;PSMD4;PSMB2;PSMD5;PSMB3;PSMD2;PSMF1;SKP1;PSMB8;PSMB9;SEM1;PSMA5;PSMA6;PSMA3;PSMA4;PSMC6;PSMA1;PSMA2;PSMC4;PSME3;PSME4;PSME1;UBA3;PSME2;UBE2M,0.35
6,666,Downstream TCR Signaling R-HSA-202424,34/94,1.11828520109192e-25,Immune System,Reactome_2022,1.7143894081437308e-26,0.0,0.0,17.281540084388187,1025.281896211185,PSMD10;PSMD12;PSMD11;PSMD14;CUL1;PSMB10;PSMD8;PSMB6;PSMB7;PSMB4;PSMB5;PSMD4;PSMB2;PSMD5;PSMB3;PSMD2;PSMF1;SKP1;PSMB8;PSMB9;PSMA5;SEM1;PSMA6;PSMA3;CDC34;PSMA4;PSMC6;PSMA1;PSMA2;PSMC4;PSME3;PSME4;PSME1;PSME2,0.3617021276595745
6,666,Interleukin-1 Signaling R-HSA-9020702,34/114,1.396929194355155e-22,Immune System,Reactome_2022,2.495218110873484e-23,0.0,0.0,12.947705696202531,673.8643916491249,PSMD10;PSMD12;PSMD11;PSMD14;CUL1;PSMB10;PSMD8;PSMB6;PSMB7;PSMB4;PSMB5;PSMD4;PSMB2;PSMD5;PSMB3;PSMD2;PSMF1;SKP1;PSMB8;RBX1;PSMB9;SEM1;PSMA5;PSMA6;PSMA3;PSMA4;PSMC6;PSMA1;PSMA2;PSMC4;PSME3;PSME4;PSME1;PSME2,0.2982456140350877
6,666,SUMOylation R-HSA-2990846,41/174,9.064106718679484e-23,Metabolism of proteins,Reactome_2022,1.606297393183706e-23,0.0,0.0,9.470568421052633,497.0677590761035,HDAC4;TOP2B;DDX5;HDAC2;ZNF350;UHRF2;CTBP1;HDAC1;CHD3;NR2C1;RNF2;HDAC7;MTA1;TRIM28;SIN3A;SCMH1;NRIP1;TRIM27;CBX8;TFAP2A;NCOA1;SUZ12;PIAS3;NCOA2;PHC2;PHC1;CBX4;RING1;CBX2;MBD1;PCGF2;DNMT3A;SAFB;PHC3;PIAS2;PML;PIAS1;HIPK2;NCOR2;SP3;TOP1,0.23563218390804597
6,666,ER-Phagosome Pathway R-HSA-1236974,31/89,6.240932686399663e-23,Immune System,Reactome_2022,1.0972103879043011e-23,0.0,0.0,16.224708118381756,857.7465526379418,PSMD10;PSMD12;PSMD11;PSMD14;PSMB10;PSMD8;PSMB6;PSMB7;PSMB4;PSMB5;PSMD4;PSMB2;PSMD5;PSMB3;PSMD2;PSMF1;PSMB8;PSMB9;PSMA5;SEM1;PSMA6;PSMA3;PSMA4;PSMC6;PSMA1;PSMA2;PSMC4;PSME3;PSME4;PSME1;PSME2,0.34831460674157305
6,666,Antigen Processing: Ubiquitination And Proteasome Degradation R-HSA-983168,54/307,2.839421971101464e-23,Immune System,Reactome_2022,4.952015814579207e-24,0.0,0.0,6.654615205766101,357.1016082084206,UBE2D3;KEAP1;UBE3A;PSMD8;PSMD4;PSMD5;PSMD2;ELOB;ELOC;SKP1;FBXW7;KCTD6;RBX1;PSMA5;PSMA6;PSMA3;CDC34;PSMA4;PSMA1;PSMA2;PSME3;PSME4;PSME1;PSME2;PSMD10;PSMD12;PSMD11;RNF34;CUL5;PSMD14;CUL2;CUL1;UBR2;RNF7;PSMB10;PSMB6;PSMB7;PSMB4;PSMB5;PSMB2;PSMB3;PSMF1;SIAH1;HUWE1;PSMB8;PSMB9;SEM1;ITCH;PSMC6;PSMC4;MKRN1;UBA3;FBXL3;UBE2M,0.1758957654723127
6,666,Programmed Cell Death R-HSA-5357801,45/208,2.756109981463497e-23,Programmed Cell Death,Reactome_2022,4.7679539763714506e-24,0.0,0.0,8.522717169022851,457.6709769304972,PSMD10;PSMD12;PSMD11;PSMD14;PSMB10;PSMD8;MED12;PSMB6;PSMB7;PSMB4;PSMB5;PSMD4;PSMB2;FNTA;PSMD5;PSMB3;PSMD2;LMNA;TP53BP2;PSMF1;DNM1L;TP63;KPNA1;H1-3;PSMB8;PSMB9;PSMA5;SEM1;H1-4;PSMA6;PSMA3;PSMA4;PSMC6;TFDP1;PSMA1;STK24;TFDP2;PSMA2;PSMC4;PSME3;PSME4;PSME1;PSME2;OGT;KPNB1,0.21634615384615385
6,666,SUMO E3 Ligases SUMOylate Target Proteins R-HSA-3108232,41/168,2.1902631222253472e-23,Metabolism of proteins,Reactome_2022,3.758257396786109e-24,0.0,0.0,9.921096062992126,535.1249409955052,HDAC4;TOP2B;DDX5;HDAC2;ZNF350;UHRF2;CTBP1;HDAC1;CHD3;NR2C1;RNF2;HDAC7;MTA1;TRIM28;SIN3A;SCMH1;NRIP1;TRIM27;CBX8;TFAP2A;NCOA1;SUZ12;PIAS3;NCOA2;PHC2;PHC1;CBX4;RING1;CBX2;MBD1;PCGF2;DNMT3A;SAFB;PHC3;PIAS2;PML;PIAS1;HIPK2;NCOR2;SP3;TOP1,0.24404761904761904
6,666,PPARA Activates Gene Expression R-HSA-1989781,35/116,2.119930123459191e-23,Metabolism,Reactome_2022,3.6077573127786514e-24,0.0,0.0,13.184148226409189,711.6665556338843,HDAC3;SMARCD3;CHD9;GPS2;CCNC;MED16;MED15;MED17;MED12;MED13;MED31;TBL1X;PPARGC1B;NCOA1;NCOA2;CDK19;NCOA6;NCOA3;TXNRD1;MED8;MED4;MED6;MED7;NCOR2;CDK8;MED22;MED24;NCOR1;TBL1XR1;THRAP3;MED21;CARM1;MED20;CLOCK;BMAL1,0.3017241379310345
6,666,Mitotic G2-G2/M Phases R-HSA-453274,43/184,1.1015788367840616e-23,Cell Cycle,Reactome_2022,1.859204787821201e-24,0.0,0.0,9.39515954600822,513.369306097535,PSMD10;PSMD12;PSMD11;HSP90AB1;PSMD14;LIN37;CUL1;PPP2R2A;PSMB10;PSMD8;PSMB6;PSMB7;PSMB4;XPO1;PSMB5;PSMD4;PSMB2;RBBP4;PSMD5;PSMB3;PSMD2;PSMF1;SKP1;CSNK1E;CDK11B;PSMB8;RBX1;PSMB9;SEM1;PSMA5;CCNA1;PSMA6;PSMA3;PSMA4;PSMC6;PSMA1;PSMA2;PSMC4;PSME3;PSME4;PSME1;PSME2;AJUBA,0.23369565217391305
6,666,APC/C-mediated Degradation Of Cell Cycle Proteins R-HSA-174143,35/87,3.256570405909941e-28,Cell Cycle,Reactome_2022,3.9848329861345265e-29,0.0,0.0,20.56778008045837,1344.9779891035414,PSMD10;PSMD12;PSMD11;PSMD14;CUL1;CDC14A;PSMB10;PSMD8;PSMB6;PSMB7;PSMB4;PSMB5;PSMD4;PSMB2;PSMD5;PSMB3;PSMD2;PSMF1;SKP1;PSMB8;PSMB9;PSMA5;SEM1;CCNA1;PSMA6;PSMA3;PSMA4;PSMC6;PSMA1;PSMA2;PSMC4;PSME3;PSME4;PSME1;PSME2,0.40229885057471265
6,666,Cellular Senescence R-HSA-2559583,41/165,1.0588678681701002e-23,Cellular responses to stimuli,Reactome_2022,1.7722261084703507e-24,0.0,0.0,10.162709677419356,555.7966185287216,EHMT2;EHMT1;RNF2;CABIN1;HIRA;RBBP4;H2BC21;SCMH1;EP400;RBBP7;H3-3B;VENTX;CBX8;CDKN2D;SUZ12;H2AZ2;CBX6;PHC2;CDKN2B;PHC1;H2AC6;CBX4;RING1;H2BC5;EED;CBX2;MINK1;HMGA1;PHC3;H1-3;H1-4;MOV10;CCNA1;H2AJ;TFDP1;TFDP2;CCNE1;MAPKAPK5;MDM4;TNRC6A;TNRC6B,0.24848484848484848
6,666,Synthesis Of DNA R-HSA-69239,36/119,4.372314819726532e-24,Cell Cycle,Reactome_2022,7.194948437524674e-25,0.0,0.0,13.25370051635112,736.7897543231021,PSMD10;PSMD12;PSMD11;PSMD14;CUL1;PSMB10;PSMD8;PSMB6;PSMB7;PSMB4;PSMB5;PSMD4;PSMB2;PSMD5;PSMB3;PSMD2;PSMF1;SKP1;PSMB8;RBX1;PSMB9;SEM1;PSMA5;CCNA1;PSMA6;PSMA3;PSMA4;PSMC6;PSMA1;CCNE1;PSMA2;PSMC4;PSME3;PSME4;PSME1;PSME2,0.3025210084033613
6,666,PCP/CE Pathway R-HSA-4086400,32/88,2.6447997144300352e-24,Signal Transduction,Reactome_2022,4.31500375350048e-25,0.0,0.0,17.37539432176656,974.8035660898506,PSMD10;PSMD12;PSMD11;PSMD14;PSMB10;PSMD8;PSMB6;PSMB7;PSMB4;PSMB5;PSMD4;PSMB2;PSMD5;PSMB3;PSMD2;PSMF1;NCOA3;PSMB8;PSMB9;PSMA5;SEM1;PSMA6;PSMA3;PSMA4;PSMC6;PSMA1;PSMA2;PSMC4;PSME3;PSME4;PSME1;PSME2,0.36363636363636365
6,666,Infectious Disease R-HSA-5663205,101/961,1.7267571800717904e-24,Disease,Reactome_2022,2.792926521916398e-25,0.0,0.0,3.840037044659395,217.1062378231327,CCNT1;KDM1A;KEAP1;ARID4A;ARID4B;PSMD8;H2AC11;H2AC12;PSMD4;FNTA;TRIM28;PSMD5;PSMD2;KPNA4;TRIM27;KPNA3;KPNA1;SKP1;H2AC6;H2AC1;SAP30;RBX1;TBL1XR1;PSME3;PSME4;PSME1;PSME2;FKBP4;KPNB1;PSMD10;DDX5;PSMD12;PSMD11;CUL5;PSMD14;PHF21A;PSMF1;SUDS3;SRPK2;HMGA1;CDK9;SEM1;H2AC25;H2AC21;RCOR1;HSP90AB1;CHD4;CHD3;XPO1;H2BC21;HMG20B;ELOB;ELOC;PBRM1;PRMT1;EED;SIGMAR1;H2BC18;NCOR2;PSMA5;DNAJC3;PSMA6;PSMA3;NCOR1;PSMA4;PSMA1;PSMA2;PTRH2;HDAC2;HDAC3;HDAC1;GPS2;PSMB10;PSMB6;PSMB7;PSMB4;MTA1;PSMB5;PSMB2;RBBP4;PSMB3;SAP30L;SAP18;RBBP7;TBL1X;MTA2;MTA3;SUZ12;H2BC5;TXNRD1;CNBP;PTGES3;GATAD2B;PSMB8;PML;GATAD2A;PSMB9;REST;PSMC6;PSMC4;TAF1,0.10509885535900104
6,666,RUNX1 Regulates Genes Involved In Megakaryocyte Differentiation And Platelet Function R-HSA-8936459,29/66,6.801503682881949e-25,Gene expression (Transcription),Reactome_2022,1.0905364554831818e-25,0.0,0.0,23.74360388646103,1364.733857188611,KMT2D;CBFB;KMT2A;HDAC1;KMT2C;KMT2B;DPY30;ASH2L;GATA1;SIN3B;SIN3A;RBBP5;H2BC21;WDR5;H3-3B;PRMT6;H2AZ2;H2AC6;H2BC5;PRMT1;SETD1B;SETD1A;RUNX1;KAT2B;MOV10;H2AJ;ZFPM1;TNRC6A;TNRC6B,0.4393939393939394
6,666,Transcriptional Regulation Of White Adipocyte Differentiation R-HSA-381340,32/84,4.846314666734226e-25,Developmental Biology,Reactome_2022,7.702300384542441e-26,0.0,0.0,18.715845668527056,1082.2567530198824,HDAC3;SMARCD3;CHD9;CCNC;MED16;MED15;MED17;MED12;CCND3;MED13;MED31;TBL1X;NCOA1;NCOA2;CDK19;NCOA6;NCOA3;MED8;MED4;MED6;MED7;NCOR2;MED22;CDK8;MED24;NCOR1;TBL1XR1;THRAP3;MED21;ZNF638;CARM1;MED20,0.38095238095238093
6,666,ABC Transporter Disorders R-HSA-5619084,31/77,3.8093514971223454e-25,Disease,Reactome_2022,6.000666212063329e-26,0.0,0.0,20.469976035604244,1188.8008573504023,PSMD10;PSMD12;PSMD11;PSMD14;PSMB10;PSMD8;PSMB6;PSMB7;PSMB4;PSMB5;PSMD4;PSMB2;PSMD5;PSMB3;PSMD2;PSMF1;PSMB8;PSMB9;PSMA5;SEM1;PSMA6;PSMA3;PSMA4;PSMC6;PSMA1;PSMA2;PSMC4;PSME3;PSME4;PSME1;PSME2,0.4025974025974026
6,666,Apoptosis R-HSA-109581,44/178,2.810717202050444e-25,Programmed Cell Death,Reactome_2022,4.3880395137496384e-26,0.0,0.0,10.13581609636704,591.8133737415658,PSMD10;PSMD12;PSMD11;PSMD14;PSMB10;PSMD8;MED12;PSMB6;PSMB7;PSMB4;PSMB5;FNTA;PSMD4;PSMB2;PSMD5;PSMB3;PSMD2;LMNA;TP53BP2;PSMF1;DNM1L;TP63;KPNA1;H1-3;PSMB8;PSMB9;SEM1;PSMA5;H1-4;PSMA6;PSMA3;PSMA4;TFDP1;PSMC6;STK24;PSMA1;TFDP2;PSMA2;PSMC4;PSME3;PSME4;PSME1;PSME2;KPNB1,0.24719101123595505
6,666,Regulation Of Lipid Metabolism By PPARalpha R-HSA-400206,37/118,2.4190910441594328e-25,Metabolism,Reactome_2022,3.742616242722048e-26,0.0,0.0,13.981844589687729,818.6010327223397,HDAC3;SMARCD3;CHD9;GPS2;CCNC;MED16;MED15;MED17;MED12;MED13;SIN3B;SIN3A;MED31;TBL1X;PPARGC1B;NCOA1;NCOA2;CDK19;NCOA6;NCOA3;TXNRD1;MED8;MED4;MED6;MED7;NCOR2;CDK8;MED22;MED24;NCOR1;TBL1XR1;THRAP3;MED21;CARM1;MED20;CLOCK;BMAL1,0.3135593220338983
6,666,G2/M Transition R-HSA-69275,43/182,6.988947864292953e-24,Cell Cycle,Reactome_2022,1.1599097721330075e-24,0.0,0.0,9.531334803746088,525.3071270914857,PSMD10;PSMD12;PSMD11;HSP90AB1;PSMD14;LIN37;CUL1;PPP2R2A;PSMB10;PSMD8;PSMB6;PSMB7;PSMB4;XPO1;PSMB5;PSMD4;PSMB2;RBBP4;PSMD5;PSMB3;PSMD2;PSMF1;SKP1;CSNK1E;CDK11B;PSMB8;RBX1;PSMB9;SEM1;PSMA5;CCNA1;PSMA6;PSMA3;PSMA4;PSMC6;PSMA1;PSMA2;PSMC4;PSME3;PSME4;PSME1;PSME2;AJUBA,0.23626373626373626
6,666,RNA Polymerase I Transcription R-HSA-73864,26/79,1.1165246723343378e-18,Gene expression (Transcription),Reactome_2022,2.339833701516404e-19,0.0,0.0,14.779068396226416,634.0078005921848,HDAC2;RRN3;HDAC1;EHMT2;CHD4;CHD3;TTF1;TAF1D;MTA1;RBBP4;TAF1B;H2BC21;UBTF;RBBP7;MTA2;MTA3;H3-3B;H2AZ2;H2AC6;H2BC5;GATAD2B;GATAD2A;KAT2B;H2AJ;KAT2A;POLR1G,0.3291139240506329
6,666,Circadian Clock R-HSA-400253,19/69,2.5914064444994724e-12,None,Reactome_2022,6.378285904182948e-13,0.0,0.0,11.325996908809891,318.04199858070785,NCOA1;NCOA2;HDAC3;SMARCD3;CHD9;NCOA6;CUL1;CSNK1E;PER2;NCOR1;TBL1XR1;CARM1;NRIP1;CRY1;FBXL3;TBL1X;CLOCK;BMAL1;SKP1,0.2753623188405797
6,666,SMAD2/SMAD3:SMAD4 Heterotrimer Regulates Transcription R-HSA-2173796,14/36,1.3867022220560307e-11,Gene expression (Transcription),Reactome_2022,3.4716314419968146e-12,0.0,0.0,18.848856664807585,497.3534050818752,TGIF1;CDKN2B;TGIF2;CCNT1;HDAC1;CCNC;YBX1;CDK9;CDK8;TFDP1;TFDP2;E2F4;E2F5;MEN1,0.3888888888888889
6,666,Internal Peptidyl-Lysine Acetylation (GO:0018393),14/39,3.521136101954026e-10,cellular process,GO_Biological_Process_2023,1.2575486078407236e-11,0.0,0.0,16.584417177914112,416.25679350319024,MEAF6;TRRAP;ACTL6A;YEATS4;KAT2B;MORF4L1;KAT2A;TADA2A;TADA3;EP400;EPC1;KAT7;DMAP1;KAT14,0.358974358974359
6,666,Core Mediator Complex (GO:0070847),11/23,5.087771467411189e-10,protein-containing complex,GO_Cellular_Component_2023,4.8319617288262685e-11,0.0,0.0,27.040966921119598,642.3090488267629,MED22;MED21;MED20;MED31;MED8;MED16;MED4;MED15;MED6;MED17;MED7,0.4782608695652174
6,666,Lysine-Acetylated Histone Binding (GO:0070577),11/23,5.931649570559144e-10,None,GO_Molecular_Function_2023,4.8319617288262685e-11,0.0,0.0,27.040966921119598,642.3090488267629,BRD2;ZZZ3;KMT2A;CARM1;PSME4;DPF2;BAZ2A;YEATS4;BRD7;SMARCA4;TAF1,0.4782608695652174
6,666,Acetylation-Dependent Protein Binding (GO:0140033),11/23,5.931649570559144e-10,binding,GO_Molecular_Function_2023,4.8319617288262685e-11,0.0,0.0,27.040966921119598,642.3090488267629,BRD2;ZZZ3;KMT2A;CARM1;PSME4;DPF2;BAZ2A;YEATS4;BRD7;SMARCA4;TAF1,0.4782608695652174
6,666,"Positive Regulation Of DNA-templated Transcription, Elongation (GO:0032786)",16/56,6.273457613485064e-10,biological regulation,GO_Biological_Process_2023,2.3064182402518616e-11,0.0,0.0,11.87323076923077,290.80795712447593,MED1;CCNT1;MED8;MED16;MED4;MED15;MED6;MED17;MED7;CDK9;MED22;MED21;MED20;MED31;KAT7;CDK13,0.2857142857142857
6,666,Positive Regulation Of DNA-templated Transcription Initiation (GO:2000144),16/56,6.273457613485064e-10,biological regulation,GO_Biological_Process_2023,2.3064182402518616e-11,0.0,0.0,11.87323076923077,290.80795712447593,MED1;MED8;MED16;MED4;MED15;MED6;MED17;MED7;MED12;MED22;MED13;MED21;MED20;DHX36;MED31;TAF1,0.2857142857142857
6,666,Regulation Of Tubulin Deacetylation (GO:0090043),10/17,6.623362635447151e-10,biological regulation,GO_Biological_Process_2023,2.469846360907289e-11,0.0,0.0,42.08841463414634,1027.979226991458,KAT2B;KAT2A;TADA2A;ZZZ3;FNTA;TADA3;MBIP;WDR5;SGF29;KAT14,0.5882352941176471
6,666,Regulation Of Cellular Response To Stress (GO:0080135),21/107,1.2242483385022063e-09,biological regulation,GO_Biological_Process_2023,4.6295105237478387e-11,0.0,0.0,7.286965927528394,173.40053102407293,TRRAP;USP22;ACTL6A;SGF29;USP19;YY1;CDK9;TADA2B;KAT2B;KAT2A;DNAJC7;DNAJB6;AIFM2;TADA3;HSF1;SMYD2;CRY1;KMT5A;SUPT20H;ATXN7L3;AJUBA,0.19626168224299065
6,666,MLL1/2 Complex (GO:0044665),12/31,1.323754544352588e-09,protein-containing complex,GO_Cellular_Component_2023,1.3311498211366807e-10,0.0,0.0,18.65282472235635,424.161649748129,KMT2A;KANSL1;MAX;PHF20;RBBP5;KMT2B;WDR5;DPY30;KAT8;RNF2;MEN1;TAF1,0.3870967741935484
6,666,Histone Acetyltransferase Activity (GO:0004402),11/27,4.8958266885966765e-09,catalytic activity,GO_Molecular_Function_2023,4.125696647693828e-10,0.0,0.0,20.276526717557253,438.1476804670053,KAT2B;KAT2A;TADA2A;SRCAP;NCOA3;USP22;KAT6A;KAT7;CLOCK;KAT14;TAF1,0.4074074074074074
6,666,Positive Regulation Of T Cell Differentiation (GO:0045582),16/64,5.432445146092151e-09,biological regulation,GO_Biological_Process_2023,2.11134947904842e-10,0.0,0.0,9.890256410256413,220.3403110769457,SMARCE1;SMARCD1;PBRM1;SMARCC1;SMARCD2;SMARCB1;SMARCC2;SMARCD3;ACTL6B;ACTL6A;ARID1A;ARID1B;SMARCA2;SMARCA4;ARID2;BRD7,0.25
6,666,Regulation Of Signal Transduction By P53 Class Mediator (GO:1901796),14/47,5.65045199051101e-09,biological regulation,GO_Biological_Process_2023,2.2257557735731395e-10,0.0,0.0,12.558746978992378,279.1276259077652,PLK3;PRMT5;USP7;DYRK2;RNF34;SETD9;USP2;HIPK2;KAT6A;SMYD2;MAPKAPK5;KMT5A;RFFL;TAF1,0.2978723404255319
6,666,Ubiquitin-Like Protein Transferase Activity (GO:0019787),30/240,5.725829916815696e-09,catalytic activity,GO_Molecular_Function_2023,4.985975489361981e-10,0.0,0.0,4.29559748427673,92.00835554017394,HDAC4;CUL5;UHRF2;UBE2D3;CUL2;UBE3A;RNF7;RNF2;TRIM28;TRIM27;ARIH1;PIAS3;CBX4;SIAH1;HUWE1;MUL1;PIAS2;PML;DDB2;PIAS1;RBX1;RNF146;ITCH;CDC34;UBA3;FBXL3;MDM4;BIRC6;TRIM33;UBE2M,0.125
6,666,Transcription Corepressor Binding (GO:0001222),13/42,6.078240120442821e-09,binding,GO_Molecular_Function_2023,5.777015380087832e-10,0.0,0.0,13.252627132069492,281.9094039568897,SUZ12;HDAC3;CTBP1;HDAC1;EED;EHMT2;EHMT1;HDAC6;PER2;CNOT2;ELOB;HDGF;ELOC,0.30952380952380953
6,666,Histone Deacetylase Binding (GO:0042826),19/99,6.078240120442821e-09,binding,GO_Molecular_Function_2023,5.805060789186964e-10,0.0,0.0,7.0677357032457495,150.31038928716168,HDAC4;HDAC2;HSP90AB1;HDAC3;HDAC10;HDAC1;CHD4;HDAC6;NCOR2;KAT2B;KAT2A;BRMS1;NCOR1;MTA1;RBBP4;DHX36;SUDS3;MTA2;MTA3,0.1919191919191919
6,666,Ubiquitin Protein Ligase Binding (GO:0031625),32/271,6.078240120442821e-09,binding,GO_Molecular_Function_2023,5.700956020402204e-10,0.0,0.0,4.032575267610839,85.83423982658269,USP13;HSP90AB1;RNF34;CUL5;FAF1;UBE2D3;CUL2;CUL1;NEDD8;HDAC6;BAG5;TRIM28;BAG1;PSMD1;UBXN7;ELOB;ARIH1;APBB1;DNM1L;RFFL;HSPA8;KDM4A;HSPA1L;FBXW7;USP2;MUL1;PML;RBX1;PSMA3;EIF4E2;ZNF675;OTUB1,0.11808118081180811
6,666,Core Promoter Sequence-Specific DNA Binding (GO:0001046),12/35,7.08469581383465e-09,binding,GO_Molecular_Function_2023,6.965290828208224e-10,0.0,0.0,15.40566414040686,324.8270660454813,ZBTB17;RRN3;SMARCB1;POU2F1;TAF1B;HDAC1;AGO2;UBTF;BAZ2A;H3-3A;SMARCA4;TAF1,0.34285714285714286
6,666,ATAC Complex (GO:0140672),9/13,3.3883151117194537e-10,protein-containing complex,GO_Cellular_Component_2023,3.0286615523749306e-11,0.0,0.0,66.1986301369863,1603.3516899036283,KAT2B;KAT2A;TADA2A;ZZZ3;TADA3;MBIP;WDR5;SGF29;KAT14,0.6923076923076923
6,666,Ubiquitin-Like Protein Ligase Binding (GO:0044389),33/289,7.264195746252974e-09,binding,GO_Molecular_Function_2023,7.345815923177165e-10,0.0,0.0,3.885108116113744,81.7105062269646,USP13;HSP90AB1;RNF34;CUL5;FAF1;UBE2D3;CUL2;CUL1;NEDD8;HDAC6;BAG5;TRIM28;BAG1;PSMD1;UBXN7;ELOB;ARIH1;APBB1;DNM1L;RFFL;HSPA8;KDM4A;HSPA1L;FBXW7;USP2;MUL1;PML;RBX1;PSMA3;ITCH;EIF4E2;ZNF675;OTUB1,0.11418685121107267
6,666,Nuclear Thyroid Hormone Receptor Binding (GO:0046966),12/27,2.443412403613045e-10,binding,GO_Molecular_Function_2023,1.8531498566728148e-11,0.0,0.0,23.63180428134557,583.9784943354042,MED12;MED1;MED22;MED13;NCOR1;NCOA6;THRAP3;NSD1;NCOA3;MED16;MED4;MED17,0.4444444444444444
6,666,Positive Regulation Of Transcription Initiation By RNA Polymerase II (GO:0060261),16/52,1.8741539611285035e-10,biological regulation,GO_Biological_Process_2023,6.496542092147124e-12,0.0,0.0,13.195213675213676,339.9054195415292,MED1;MED8;MED16;MED4;MED15;MED6;MED17;MED7;MED12;MED22;MED13;PSMC6;MED21;MED20;MED31;TAF1,0.3076923076923077
6,666,"Negative Regulation Of Gene Expression, Epigenetic (GO:0045814)",17/51,1.1271802855762125e-11,cellular process,GO_Biological_Process_2023,3.19683484354598e-13,0.0,0.0,14.869029275808936,427.8034580123604,L3MBTL1;KMT2D;USP7;UHRF2;CTBP1;SMYD5;BAZ2A;UBR2;PPHLN1;BMI1;PPM1D;SCMH1;LMNA;TASOR;EPC1;TRIM27;EZH1,0.3333333333333333
6,666,Regulation Of Multicellular Organismal Development (GO:2000026),18/59,1.2645124141700967e-11,biological regulation,GO_Biological_Process_2023,3.652740692193032e-13,0.0,0.0,13.071138211382111,374.3329350659194,BRD1;BRPF1;MEAF6;BRPF3;EHMT1;SGF29;YY1;ING5;KAT2B;KAT2A;TADA2A;ZZZ3;KAT6A;DHX36;TADA3;WDR5;MBIP;KAT14,0.3050847457627119
6,666,Histone H3-K4 Methylation (GO:0051568),13/26,1.3087037717775028e-11,None,GO_Biological_Process_2023,3.8491287405220674e-13,0.0,0.0,29.588055130168453,845.7970246920023,KMT2D;KMT2A;NCOA6;KMT2C;SETD1B;KMT2B;SETD1A;CXXC1;DPY30;RBBP5;WDR5;KDM6A;MEN1,0.5
6,666,Histone H3-K14 Acetylation (GO:0044154),9/10,1.5480654593343514e-11,None,GO_Biological_Process_2023,4.634439662923218e-13,0.0,0.0,264.83561643835617,7521.35558299855,KAT2B;KAT2A;TADA2A;ZZZ3;TADA3;MBIP;WDR5;SGF29;KAT14,0.9
6,666,Zinc Ion Binding (GO:0008270),41/341,1.946886678928972e-11,binding,GO_Molecular_Function_2023,1.148444389255854e-12,0.0,0.0,4.162101333333333,114.4270403678882,ZNF331;KDM5A;HDAC4;KDM5B;KDM5C;HDAC10;KMT2A;ZNF195;KDM1B;KMT2B;ZNF2;CHD4;CTCF;IDE;ZNF3;CHD3;BMI1;RNF2;PHF8;TRIM28;NSD1;SAP30L;ZNF208;DPF3;ZKSCAN5;ARIH1;KDM4A;KDM4C;KDM2B;ZNF282;SIAH1;BAZ1B;RABGGTB;MYT1;TADA2A;KAT6A;TET3;MDM4;ZNF214;ZNF675;KPNB1,0.12023460410557185
6,666,Regulation Of Myoblast Differentiation (GO:0045661),17/54,3.0518552159685704e-11,biological regulation,GO_Biological_Process_2023,9.296617779736189e-13,0.0,0.0,13.661308457918627,378.472282334617,SMARCE1;SMARCD1;PBRM1;SMARCC1;SMARCD2;SMARCB1;SMARCC2;SMARCD3;ACTL6B;ACTL6A;ARID1A;ARID1B;SMARCA2;SMARCA4;DPF3;ARID2;BRD7,0.3148148148148148
6,666,Histone Demethylase Activity (GO:0032452),13/29,3.544984922145663e-11,catalytic activity,GO_Molecular_Function_2023,2.2902992474536586e-12,0.0,0.0,24.03656202143951,644.2360748274,KDM5A;KDM5B;KDM4A;KDM5C;KDM3B;KDM4C;KDM1A;KDM2B;KDM4D;KDM1B;PHF8;JARID2;KDM6A,0.4482758620689655
6,666,Regulation Of Protein Deacetylation (GO:0090311),11/18,4.273396774968508e-11,biological regulation,GO_Biological_Process_2023,1.324214336781208e-12,0.0,0.0,46.36793893129771,1268.172486159371,KAT2B;KAT2A;TADA2A;ZZZ3;TADA3;DYRK1A;MBIP;WDR5;SGF29;CCAR2;KAT14,0.6111111111111112
6,666,Cysteine-Type Endopeptidase Activity (GO:0004197),22/106,7.31161214931022e-11,catalytic activity,GO_Molecular_Function_2023,4.929176729872058e-12,0.0,0.0,7.828674948240166,203.8261998694004,USP46;USP13;USP17L15;USP7;USP17L18;USP17L17;USP20;USP17L19;USP2;USP17L21;USP17L20;USP17L12;USP17L22;USP17L11;USP17L3;USP17L24;USP17L1;USP17L13;USP17L4;USP17L5;CAPN7;USP17L8,0.20754716981132076
6,666,Methylation-Dependent Protein Binding (GO:0140034),18/68,7.677392491129586e-11,binding,GO_Molecular_Function_2023,5.429160699288709e-12,0.0,0.0,10.713333333333331,277.8956876931756,KDM5A;L3MBTL1;CBX8;SUZ12;KDM4A;CBX6;FMR1;CBX2;CXXC1;MSL3;SGF29;CHD1;RRP8;PHF8;ING5;ING2;ZZZ3;WDR5,0.2647058823529412
6,666,Regulation Of Transcription Initiation By RNA Polymerase II (GO:0060260),17/57,7.959184938827701e-11,biological regulation,GO_Biological_Process_2023,2.508146514336461e-12,0.0,0.0,12.634745762711864,337.4927218026473,MED1;MED8;MED16;MED4;PPM1D;MED15;MED6;MED17;MED7;MED12;MED22;MED13;MED21;MED20;DHX36;MED31;TAF1,0.2982456140350877
6,666,SAGA-type Complex (GO:0070461),14/38,1.0629606719296428e-10,protein-containing complex,GO_Cellular_Component_2023,8.313658886600558e-12,0.0,0.0,17.276329243353782,440.7730836862178,TRRAP;USP22;SGF29;TADA2B;KAT2B;KAT2A;TADA2A;ZZZ3;TADA3;MBIP;WDR5;SUPT20H;ATXN7L3;KAT14,0.3684210526315789
6,666,Histone H3 Acetylation (GO:0043966),14/36,1.0836043058298254e-10,None,GO_Biological_Process_2023,3.4716314419968146e-12,0.0,0.0,18.848856664807585,497.3534050818752,TRRAP;USP22;SGF29;TADA2B;KAT2B;KAT2A;TADA2A;ZZZ3;TADA3;MBIP;WDR5;SUPT20H;ATXN7L3;KAT14,0.3888888888888889
6,666,Positive Regulation Of Transcription Elongation By RNA Polymerase II (GO:0032968),15/43,1.1504784611387351e-10,biological regulation,GO_Biological_Process_2023,3.746305913371931e-12,0.0,0.0,15.887096774193548,417.9935014268551,MED1;CCNT1;MED8;MED16;MED4;MED15;MED6;MED17;MED7;CDK9;MED22;MED21;MED31;MED20;CDK13,0.3488372093023256
6,666,Histone H4-K5 Acetylation (GO:0043981),10/15,1.2052976734391282e-10,None,GO_Biological_Process_2023,4.051420751055894e-12,0.0,0.0,58.92987804878049,1545.845820358961,ING5;MEAF6;KANSL1;PHF20;KANSL2;KANSL3;WDR5;KAT8;KAT7;OGT,0.6666666666666666
6,666,Histone H4-K8 Acetylation (GO:0043982),10/15,1.2052976734391282e-10,None,GO_Biological_Process_2023,4.051420751055894e-12,0.0,0.0,58.92987804878049,1545.845820358961,ING5;MEAF6;KANSL1;PHF20;KANSL2;KANSL3;WDR5;KAT8;KAT7;OGT,0.6666666666666666
6,666,Positive Regulation Of Multicellular Organismal Process (GO:0051240),43/387,1.3638390354123982e-10,biological regulation,GO_Biological_Process_2023,4.655963093582242e-12,0.0,0.0,3.810192616372392,99.41886949996996,SMARCD1;HDAC2;HDAC3;SMARCB1;NUMA1;KDM1A;HDAC1;EHMT1;ARID4A;ARID4B;ING2;TERT;RBBP4;BCL7A;SIN3A;BCL7C;SAP30L;HSF1;BCL7B;DPF2;RBBP7;SUDS3;PPARGC1B;SMARCE1;NCOA1;MED1;SS18;NCOA2;SMARCC1;ACTL6B;NCOA3;ACTL6A;ARID1A;SMARCA2;ETV4;SAP30;SMARCA4;PER2;KAT2A;REST;BRMS1;AGO2;OGT,0.1111111111111111
6,666,Regulation Of Stem Cell Differentiation (GO:2000736),15/45,2.2775872323018548e-10,biological regulation,GO_Biological_Process_2023,8.014618937196654e-12,0.0,0.0,14.82642089093702,378.8114046061992,MBD3;HDAC2;HDAC1;SMYD5;SETD1A;CHD4;CHD3;GATAD2B;GATAD2A;ITCH;MTA1;RBBP4;RBBP7;MTA2;MTA3,0.3333333333333333
6,666,Regulation Of Cell Cycle (GO:0051726),39/298,9.96237527285929e-12,biological regulation,GO_Biological_Process_2023,2.773140175743395e-13,0.0,0.0,4.581016423121686,132.4537950694446,L3MBTL1;BTG4;HSP90AB1;MEAF6;UHRF2;TRRAP;CTBP1;PRCC;YEATS4;SGF29;RRP8;RNF2;YY1;ING5;TP53BP2;EP400;MBIP;WDR5;EPC1;KAT7;DMAP1;BRD7;KAT14;MEN1;SRPK2;ZBTB17;ACTL6A;CDK11B;HIPK2;PER2;CDK9;KAT2B;MORF4L1;PPM1A;KAT2A;TADA2A;ZZZ3;TADA3;BMAL1,0.13087248322147652
6,666,Regulation Of Programmed Cell Death (GO:0043067),27/195,9.286422642834657e-09,biological regulation,GO_Biological_Process_2023,3.7067653406272783e-10,0.0,0.0,4.820422535211268,104.67880775584923,MEAF6;TRRAP;USP17L21;YEATS4;USP17L20;USP17L22;USP17L24;USP17L4;USP17L5;USP17L8;EP400;MAP3K20;EPC1;DMAP1;USP17L15;USP17L18;USP17L17;USP17L19;ACTL6A;USP17L12;USP17L11;USP17L3;USP17L1;USP17L13;MORF4L1;REST;BRMS1,0.13846153846153847
6,666,SAGA Complex (GO:0000124),10/23,1.0847953360182964e-08,protein-containing complex,GO_Cellular_Component_2023,1.212061827953404e-09,0.0,0.0,22.65595684803002,465.1481572399516,TADA2B;KAT2B;KAT2A;TADA2A;TRRAP;USP22;TADA3;SGF29;SUPT20H;ATXN7L3,0.43478260869565216
6,666,Monoubiquitinated Histone H2A Deubiquitination (GO:0035522),10/27,1.6757895466266277e-07,None,GO_Biological_Process_2023,7.921274117457797e-09,0.0,0.0,17.321556671449066,323.1113602111727,TADA2B;KAT2B;KAT2A;TRRAP;USP22;TADA3;SGF29;SUPT20H;ATXN7L3;RNF2,0.37037037037037035
6,666,Histone H2A Acetylation (GO:0043968),9/21,2.050034968115887e-07,None,GO_Biological_Process_2023,9.797961244671515e-09,0.0,0.0,22.057077625570777,406.75658691802647,MORF4L1;MEAF6;TRRAP;ACTL6A;EP400;MSL3;EPC1;YEATS4;DMAP1,0.42857142857142855
6,666,Heterochromatin (GO:0000792),12/49,3.211226198377282e-07,cellular anatomical structure,GO_Cellular_Component_2023,5.02314712595329e-08,0.0,0.0,9.569551202578726,160.83184976369864,MECP2;H1-4;UHRF2;KMT5C;CBX2;ATRX;TASOR;HMGA1;BAZ2A;BAZ1B;RRP8;EZH1,0.24489795918367346
6,666,SUMO Transferase Activity (GO:0019789),9/24,3.459654889947191e-07,catalytic activity,GO_Molecular_Function_2023,3.984434002467269e-08,0.0,0.0,17.642922374429222,300.605148007634,HDAC4;PIAS3;UHRF2;TRIM28;MUL1;TRIM27;PIAS2;PML;PIAS1,0.375
6,666,Histone H3 Acetyltransferase Activity (GO:0010484),7/13,5.129891265921547e-07,catalytic activity,GO_Molecular_Function_2023,6.340315047768205e-08,0.0,0.0,34.21750126454224,567.112389758592,KAT2B;BRD1;KAT2A;MEAF6;BRPF3;KAT6A;KAT7,0.5384615384615384
6,666,Histone H4 Methyltransferase Activity (GO:0140939),7/13,5.129891265921547e-07,catalytic activity,GO_Molecular_Function_2023,6.340315047768205e-08,0.0,0.0,34.21750126454224,567.112389758592,PRMT6;PRMT5;KMT5C;PRMT1;SMYD5;NSD1;KMT5B,0.5384615384615384
6,666,Histone H3K4 Methyltransferase Activity (GO:0042800),7/13,5.129891265921547e-07,catalytic activity,GO_Molecular_Function_2023,6.340315047768205e-08,0.0,0.0,34.21750126454224,567.112389758592,KMT2D;SETD3;KMT2A;KMT2C;SETD1B;KMT2B;SETD1A,0.5384615384615384
6,666,RNA Polymerase II Preinitiation Complex Assembly (GO:0051123),13/56,5.702096788654282e-07,cellular process,GO_Biological_Process_2023,2.7851628221893288e-08,0.0,0.0,8.931336586060757,155.37287521766322,MED1;MED8;MED16;MED4;MED15;MED6;MED17;MED7;MED22;MED21;MED20;MED31;TAF1,0.23214285714285715
6,666,Positive Regulation Of Histone H3-K4 Methylation (GO:0051571),7/12,6.10287733836511e-07,None,GO_Biological_Process_2023,3.0129751565458e-08,0.0,0.0,41.06312594840668,711.1210614649438,KANSL1;KANSL2;PHF20;KANSL3;WDR5;KAT8;OGT,0.5833333333333334
6,666,Heterochromatin Organization (GO:0070828),11/39,7.38318627689145e-07,cellular process,GO_Biological_Process_2023,3.683837690675881e-08,0.0,0.0,11.5793893129771,198.2012304635125,L3MBTL1;KMT2D;HDAC2;SETDB1;CTBP1;LMNA;SCMH1;BAZ2A;UBR2;PPM1D;EZH1,0.28205128205128205
6,666,Positive Regulation Of Protein Deacetylation (GO:0090312),7/13,1.2574958178073605e-06,biological regulation,GO_Biological_Process_2023,6.340315047768205e-08,0.0,0.0,34.21750126454224,567.112389758592,ING2;BRMS1;FNTA;CTBP1;DYRK1A;BAZ2A;RRP8,0.5384615384615384
6,666,MOZ/MORF Histone Acetyltransferase Complex (GO:0070776),5/6,1.3594545206954836e-06,protein-containing complex,GO_Cellular_Component_2023,2.3543625777407818e-07,0.0,0.0,146.24054462934947,2231.897691840766,ING5;BRPF1;MEAF6;BRPF3;KAT6A,0.8333333333333334
6,666,H3 Histone Acetyltransferase Complex (GO:0070775),5/6,1.3594545206954836e-06,protein-containing complex,GO_Cellular_Component_2023,2.3543625777407818e-07,0.0,0.0,146.24054462934947,2231.897691840766,ING5;BRPF1;MEAF6;BRPF3;KAT6A,0.8333333333333334
6,666,Regulation Of Cell Division (GO:0051302),15/83,1.716871040217227e-06,biological regulation,GO_Biological_Process_2023,8.74666443808146e-08,0.0,0.0,6.528191921930063,106.09622945154965,PLK3;SETD2;SMYD5;NCOA3;SGF29;KAT2B;KAT2A;TADA2A;ZZZ3;TADA3;WDR5;MBIP;BIRC6;TP63;KAT14,0.18072289156626506
6,666,Histone H4K5 Acetyltransferase Activity (GO:0043995),6/10,1.9329815099754026e-06,catalytic activity,GO_Molecular_Function_2023,2.497672737608666e-07,0.0,0.0,43.93181818181818,667.8838451350975,BRPF1;MEAF6;BRPF3;KAT6A;KAT8;KAT7,0.6
6,666,Histone H4K8 Acetyltransferase Activity (GO:0043996),6/10,1.9329815099754026e-06,catalytic activity,GO_Molecular_Function_2023,2.497672737608666e-07,0.0,0.0,43.93181818181818,667.8838451350975,BRPF1;MEAF6;BRPF3;KAT6A;KAT8;KAT7,0.6
6,666,Regulation Of Androgen Receptor Signaling Pathway (GO:0060765),9/27,2.536919169238828e-06,biological regulation,GO_Biological_Process_2023,1.3057672194611617e-07,0.0,0.0,14.700152207001524,233.01659434650375,NCOR2;DDX5;KDM4C;NCOR1;KDM1A;HDAC1;HDAC6;PIAS2;SMARCA4,0.3333333333333333
6,666,Monoubiquitinated Histone Deubiquitination (GO:0035521),10/27,1.6757895466266277e-07,None,GO_Biological_Process_2023,7.921274117457797e-09,0.0,0.0,17.321556671449066,323.1113602111727,TADA2B;KAT2B;KAT2A;TRRAP;USP22;TADA3;SGF29;SUPT20H;ATXN7L3;RNF2,0.37037037037037035
6,666,Regulation Of Chromatin Organization (GO:1902275),11/27,1.0201722619752011e-08,biological regulation,GO_Biological_Process_2023,4.125696647693828e-10,0.0,0.0,20.276526717557253,438.1476804670053,SETD5;KANSL1;PHF20;KANSL2;KANSL3;SETD1A;WDR5;KAT8;TLK1;MSL3;OGT,0.4074074074074074
6,666,Transcription Preinitiation Complex Assembly (GO:0070897),14/59,1.2954661652995532e-07,cellular process,GO_Biological_Process_2023,5.9874486631491956e-09,0.0,0.0,9.204021813224267,174.26527152856983,MED1;MED8;MED16;MED4;MED15;MED6;MED17;MED7;MED22;TAF1B;MED21;MED20;MED31;TAF1,0.23728813559322035
6,666,H4/H2A Histone Acetyltransferase Complex (GO:0043189),10/29,1.173859453201371e-07,protein-containing complex,GO_Cellular_Component_2023,1.770625990862403e-08,0.0,0.0,15.496630295250322,276.6047406560804,MORF4L1;MEAF6;ACTL6B;TRRAP;ACTL6A;EP400;EPC1;MSL3;YEATS4;DMAP1,0.3448275862068966
6,666,Regulation Of Transcription Elongation By RNA Polymerase II (GO:0034243),17/77,1.1556461873629136e-08,biological regulation,GO_Biological_Process_2023,4.734264843188407e-10,0.0,0.0,8.414432460195172,180.66648530034948,MED1;CCNT1;SRCAP;INTS3;MED8;MED16;MED4;MED15;MED6;MED17;MED7;CDK9;MED22;MED21;MED20;MED31;CDK13,0.22077922077922077
6,666,MLL1 Complex (GO:0071339),11/30,1.3450299363340196e-08,protein-containing complex,GO_Cellular_Component_2023,1.5779680817326483e-09,0.0,0.0,17.072318200080353,346.00685551634,KMT2A;KANSL1;MAX;PHF20;RBBP5;WDR5;DPY30;KAT8;RNF2;MEN1;TAF1,0.36666666666666664
6,666,Nuclear Vitamin D Receptor Binding (GO:0042809),8/13,1.5085528588063647e-08,binding,GO_Molecular_Function_2023,1.6102530515348835e-09,0.0,0.0,47.00060790273556,951.6154094158056,MED12;MED22;MED13;SNW1;THRAP3;MED16;MED4;MED17,0.6153846153846154
6,666,Regulation Of Dosage Compensation By Inactivation Of X Chromosome (GO:1900095),8/12,1.5183354609361886e-08,None,GO_Biological_Process_2023,6.379560760236085e-10,0.0,0.0,58.753799392097264,1243.9796048624812,KANSL1;KANSL2;PHF20;KANSL3;WDR5;KAT8;MSL3;OGT,0.6666666666666666
6,666,Histone H4-K16 Acetylation (GO:0043984),8/12,1.5183354609361886e-08,None,GO_Biological_Process_2023,6.379560760236085e-10,0.0,0.0,58.753799392097264,1243.9796048624812,KANSL1;KANSL2;PHF20;KANSL3;WDR5;KAT8;MSL3;OGT,0.6666666666666666
6,666,Regulation Of Transforming Growth Factor Beta Receptor Signaling Pathway (GO:0017015),20/111,1.5623819157206218e-08,biological regulation,GO_Biological_Process_2023,6.646687771710629e-10,0.0,0.0,6.54679685639438,138.34515845299896,HDAC2;CDKN2B;HSP90AB1;HDAC1;ARID4A;ARID4B;SAP30;HIPK2;PPM1A;ING2;BRMS1;SNW1;RBBP4;SIN3A;SAP30L;SUDS3;RBBP7;OGT;TRIM33;MEN1,0.18018018018018017
6,666,Histone Methyltransferase Activity (GO:0042054),9/19,2.9842919309300416e-08,catalytic activity,GO_Molecular_Function_2023,3.269308576018865e-09,0.0,0.0,26.471232876712328,517.2131421275043,PRMT6;SUZ12;PRMT5;EED;PRMT1;KMT2C;DOT1L;KMT5B;KMT5A,0.47368421052631576
6,666,NSL Complex (GO:0044545),7/10,3.9377591990311914e-08,protein-containing complex,GO_Cellular_Component_2023,4.839704043502022e-09,0.0,0.0,68.44562468386444,1310.4881480096797,KANSL1;KANSL2;PHF20;KANSL3;WDR5;KAT8;OGT,0.7
6,666,Regulation Of Histone Modification (GO:0031056),9/18,4.116782916390304e-08,None,GO_Biological_Process_2023,1.7729842392017067e-09,0.0,0.0,29.41400304414003,592.7098597224924,KAT2B;KAT2A;TADA2A;ZZZ3;TADA3;MBIP;WDR5;SGF29;KAT14,0.5
6,666,Histone H4 Acetyltransferase Activity (GO:0010485),9/20,5.1343305652083914e-08,catalytic activity,GO_Molecular_Function_2023,5.768910747425158e-09,0.0,0.0,24.06351183063512,456.5036503970682,BRD1;BRPF1;MEAF6;BRPF3;USP22;KAT6A;MSL3;KAT8;KAT7,0.45
6,666,H4 Histone Acetyltransferase Complex (GO:1902562),8/15,5.905536399989929e-08,protein-containing complex,GO_Cellular_Component_2023,7.588119396635104e-09,0.0,0.0,33.56838905775076,627.6174971457895,KANSL1;PHF20;KANSL2;KANSL3;WDR5;MSL3;KAT8;OGT,0.5333333333333333
6,666,ESC/E(Z) Complex (GO:0035098),6/7,6.76684227478532e-08,protein-containing complex,GO_Cellular_Component_2023,9.07286115055015e-09,0.0,0.0,175.75454545454545,3254.61883608702,SUZ12;HDAC2;RBBP4;EED;RBBP7;EZH1,0.8571428571428571
6,666,Transcription Initiation At RNA Polymerase II Promoter (GO:0006367),16/76,7.40499058949578e-08,cellular process,GO_Biological_Process_2023,3.228015855715072e-09,0.0,0.0,7.907282051282051,154.59841986363514,MED1;MED8;MED16;MED4;MED15;MED6;MED17;MED7;CDK9;MED22;MED21;MED20;MED31;ELOB;ELOC;TAF1,0.21052631578947367
6,666,Positive Regulation Of Histone Methylation (GO:0031062),9/19,7.41043277230943e-08,None,GO_Biological_Process_2023,3.269308576018865e-09,0.0,0.0,26.471232876712328,517.2131421275043,KANSL1;PHF20;KANSL2;KANSL3;WDR5;KAT8;BAZ2A;OGT;RRP8,0.47368421052631576
6,666,Regulation Of Histone H3-K4 Methylation (GO:0051569),8/14,8.170566565764303e-08,None,GO_Biological_Process_2023,3.647574359716207e-09,0.0,0.0,39.16514690982776,760.9476074308506,KDM1A;KANSL1;PHF20;KANSL2;KANSL3;WDR5;KAT8;OGT,0.5714285714285714
6,666,MLL3/4 Complex (GO:0044666),7/11,9.255050666508097e-08,protein-containing complex,GO_Cellular_Component_2023,1.2926048416910751e-08,0.0,0.0,51.33156297420334,932.3876034522624,KMT2D;NCOA6;RBBP5;KMT2C;WDR5;DPY30;KDM6A,0.6363636363636364
6,666,Monoubiquitinated Protein Deubiquitination (GO:0035520),11/33,1.1169118552557737e-07,cellular process,GO_Biological_Process_2023,5.103536313406109e-09,0.0,0.0,14.741984732824427,281.4736109466904,TADA2B;KAT2B;USP7;KAT2A;TRRAP;USP22;TADA3;SGF29;SUPT20H;ATXN7L3;RNF2,0.3333333333333333
6,666,NuA4 Histone Acetyltransferase Complex (GO:0035267),10/29,1.173859453201371e-07,protein-containing complex,GO_Cellular_Component_2023,1.770625990862403e-08,0.0,0.0,15.496630295250322,276.6047406560804,MORF4L1;MEAF6;ACTL6B;TRRAP;ACTL6A;EP400;EPC1;MSL3;YEATS4;DMAP1,0.3448275862068966
6,666,Regulation Of DNA Metabolic Process (GO:0051052),18/124,2.923652626256196e-06,biological regulation,GO_Biological_Process_2023,1.5355318415211113e-07,0.0,0.0,5.038784067085954,79.05458598337181,MEAF6;TRRAP;EHMT2;USP22;ACTL6A;BAZ2A;SGF29;YY1;CDK9;TADA2B;ING5;KAT2B;KAT2A;TADA3;KAT7;SUPT20H;ATXN7L3;KPNA1,0.14516129032258066
6,666,protein-DNA Complex Disassembly (GO:0032986),12/20,6.091540746654235e-12,cellular process,GO_Biological_Process_2023,1.6636560862711146e-13,0.0,0.0,44.325688073394495,1304.265134500311,SMARCE1;SMARCD1;SMARCC1;SMARCD2;SET;SMARCB1;SMARCC2;SMARCD3;H2AC25;HMGA1;ARID2;SMARCA4,0.6
6,666,GBAF Complex (GO:0140288),10/13,5.644029675424186e-12,protein-containing complex,GO_Cellular_Component_2023,4.099015965391867e-13,0.0,0.0,98.22662601626016,2801.7042306703447,SMARCD1;SS18;SMARCC1;ACTL6B;BCL7A;BCL7C;ACTL6A;BCL7B;SMARCA2;SMARCA4,0.7692307692307693
6,666,Regulation Of G0 To G1 Transition (GO:0070316),23/33,4.845696257019586e-25,biological regulation,GO_Biological_Process_2023,4.835516222866183e-27,0.0,0.0,69.12161741835148,4188.342126454632,SMARCE1;SMARCD1;SMARCD2;CDKN2B;PBRM1;SMARCC1;SMARCB1;SMARCD3;SMARCC2;ACTL6B;ACTL6A;ARID1A;ARID1B;SMARCA2;SMARCA4;BCL7A;BCL7C;BCL7B;DPF1;DPF2;DPF3;ARID2;BRD7,0.696969696969697
6,666,DNA Binding (GO:0003677),96/846,1.3807505185449561e-24,binding,GO_Molecular_Function_2023,1.5514050770168042e-26,0.0,0.0,4.173249122807017,248.00806335947652,KDM5A;KDM5B;SMARCB1;CCNT1;FMR1;ARID4A;CHD4;CTCF;CHD3;YBX1;H2AC15;CHD1;H2AC18;MECP2;YY1;H2AC12;H2AC13;ING2;TRIM28;AIFM2;H2BC21;YAF2;TP63;MEN1;VENTX;KDM6A;POLG;H2AC8;H2AC6;KDM2B;DNMT3A;ATRX;MSL3;ZBTB33;H2AC1;POLRMT;SAFB;ARID1A;ETV5;DDB2;H2AJ;POLG2;THRAP3;KAT6A;ZNF638;DMC1;ERF;CRY1;RARB;TFAM;NOBOX;TOP1;ZNF675;CLOCK;HDAC4;KMT2D;KHDRBS1;ZNF274;HDAC2;ZNF350;KDM3B;CBFB;MAX;FOXK2;ZNF3;GATA1;NR2C1;TERT;SAP30L;DHX36;HSF1;E2F4;ZNF224;DEDD;MBD3;SUZ12;TFAP2A;H2AZ2;POU2F1;CNBP;HUWE1;HMGA1;SMARCA2;H1-3;SMARCA4;CDK9;H1-4;H2AC25;RYBP;TFCP2;MYBBP1A;H2AC21;TCF3;BMAL1;EZH1;TAF1,0.11347517730496454
6,666,Regulation Of Double-Strand Break Repair (GO:2000779),33/88,2.2855881761726864e-24,biological regulation,GO_Biological_Process_2023,2.40082791614778e-26,0.0,0.0,18.2739336492891,1078.004907091578,SMARCD1;SETD2;SMARCD2;SMARCB1;SMARCD3;KDM1A;MEAF6;TRRAP;YEATS4;BCL7A;BCL7C;BCL7B;DPF1;DPF2;EP400;DPF3;EPC1;DMAP1;ARID2;BRD7;SMARCE1;PBRM1;SMARCC1;SMARCC2;ACTL6B;ACTL6A;ARID1A;ARID1B;SMARCA2;PML;SMARCA4;MORF4L1;OTUB1,0.375
6,666,Positive Regulation Of Double-Strand Break Repair (GO:2000781),32/84,6.98341901531848e-24,biological regulation,GO_Biological_Process_2023,7.702300384542441e-26,0.0,0.0,18.715845668527056,1082.2567530198824,SMARCD1;SMARCD2;SMARCB1;SMARCD3;MEAF6;TRRAP;YEATS4;BCL7A;BCL7C;BCL7B;DPF1;DPF2;EP400;DPF3;EPC1;KMT5B;DMAP1;ARID2;BRD7;SMARCE1;PBRM1;SMARCC1;SMARCC2;ACTL6B;KDM4D;KMT5C;ACTL6A;ARID1A;ARID1B;SMARCA2;SMARCA4;MORF4L1,0.38095238095238093
6,666,SWI/SNF Complex (GO:0016514),21/29,1.369358601969515e-23,protein-containing complex,GO_Cellular_Component_2023,2.2950144167086844e-25,0.0,0.0,78.65232558139535,4462.252246170912,SMARCE1;SMARCD1;SS18;SMARCD2;PBRM1;SMARCC1;SMARCB1;SMARCD3;SMARCC2;ACTL6B;ACTL6A;ARID1A;ARID1B;SMARCA2;SMARCA4;BCL7A;BCL7C;BCL7B;DPF2;DPF3;ARID2,0.7241379310344828
6,666,Positive Regulation Of Developmental Process (GO:0051094),49/233,1.4533539175344325e-23,biological regulation,GO_Biological_Process_2023,1.6792954929494493e-25,0.0,0.0,8.265361849059262,471.50792292028825,SMARCB1;HSP90AB1;NUMA1;FMR1;ARID4A;ARID4B;ING2;BCL7A;PPP1R13L;SIN3A;BCL7C;DPF1;BCL7B;DPF2;DPF3;KMT5B;ARID2;DNM1L;NCOA1;NCOA2;SS18;SMARCC1;PBRM1;SMARCC2;ACTL6B;KMT5C;NCOA3;ACTL6A;MUL1;ARID1A;ARID1B;SAP30;BRMS1;SMARCD1;HDAC2;SMARCD2;SMARCD3;HDAC1;RBBP4;SAP30L;SUDS3;RBBP7;BRD7;SMARCE1;SMARCA2;SMARCA4;REST;AGO2;OGT,0.21030042918454936
6,666,Regulation Of Cell Cycle G1/S Phase Transition (GO:1902806),30/74,2.426594633042968e-23,biological regulation,GO_Biological_Process_2023,2.931285533612829e-25,0.0,0.0,20.67967409948542,1168.1779617821237,SMARCD1;SMARCD2;SMARCB1;SMARCD3;BCL7A;BCL7C;BCL7B;DPF1;DPF2;DPF3;APBB1;ARID2;BRD7;CDKN2D;SMARCE1;PBRM1;SMARCC1;CDKN2B;SMARCC2;ACTL6B;FBXW7;ACTL6A;ARID1A;ARID1B;SMARCA2;SMARCA4;PSME3;PSME1;PSME2;TAF1,0.40540540540540543
6,666,RNA Polymerase II-specific DNA-binding Transcription Factor Binding (GO:0061629),48/228,3.588779015790843e-23,binding,GO_Molecular_Function_2023,5.040419965998375e-25,0.0,0.0,8.264940668824163,462.3997754964493,PSMD10;HDAC4;HDAC2;SMARCB1;HDAC3;SMARCD3;KDM1A;UHRF2;HDAC1;FAF1;SETD6;KEAP1;BAZ2A;CHD4;GATA1;HIRA;MTA1;SIN3A;NRIP1;TP53BP2;KAT8;UBXN7;DMAP1;MTA2;NCOA1;SMARCE1;MED1;NCOA2;NCOA3;SETD1A;DNMT3A;ARID1A;PIAS2;SMARCA4;HIPK2;RBX1;PSMA6;REST;SNW1;NCOR1;BRMS1;CSNK2B;TADA3;CRY1;TCF3;ZFPM1;BMAL1;TAF1,0.21052631578947367
6,666,Epigenetic Regulation Of Gene Expression (GO:0040029),31/83,7.315272307655591e-23,cellular process,GO_Biological_Process_2023,9.22093148023814e-25,0.0,0.0,18.10242277407632,1001.8451218334852,HDAC4;SMARCD1;SMARCB1;KMT2A;KDM1B;SMYD5;DPY30;ASH2L;CTCF;SGF29;BMI1;NOC2L;PPM1D;HDAC6;RNF2;MECP2;MTA1;RBBP5;TASOR;WDR5;EPC1;KAT7;TRIM27;BRD7;MEN1;DNMT3A;PPHLN1;ARID1B;SMARCA4;KAT2B;ZNF335,0.37349397590361444
6,666,Regulation Of Cell Differentiation (GO:0045595),44/193,1.2055032947220732e-22,biological regulation,GO_Biological_Process_2023,1.5828562168094447e-24,0.0,0.0,9.108310494399966,499.1610211465222,SMARCD1;DDX5;HDAC2;SMARCD2;SMARCB1;HSP90AB1;SMARCD3;SMYD5;HDAC1;GPS2;CHD4;CHD3;MTA1;BCL7A;RBBP4;PPP1R13L;BCL7C;DPF1;BCL7B;DPF3;RBBP7;BRD7;ARID2;MTA2;MTA3;MBD3;SUZ12;TFAP2A;SMARCE1;SS18;SMARCC1;PBRM1;SMARCC2;ACTL6B;ACTL6A;ARID1A;SMARCA2;ARID1B;GATAD2B;RUNX1;SMARCA4;GATAD2A;CDK9;REST,0.22797927461139897
6,666,Protein Deacetylation (GO:0006476),23/40,2.7271406598524824e-22,cellular process,GO_Biological_Process_2023,3.7240366153447765e-24,0.0,0.0,40.64504619888391,2192.6878198670825,HDAC4;MBD3;HDAC2;HDAC3;HDAC10;HDAC1;HDAC11;MBD2;MSL3;CHD4;CHD3;HDAC6;GATAD2B;GATAD2A;MORF4L1;MTA1;RBBP4;TBL1XR1;RBBP7;SUDS3;TBL1X;MTA2;MTA3,0.575
6,666,Histone Deacetylation (GO:0016575),22/36,3.8297268736306283e-22,None,GO_Biological_Process_2023,5.43081016743839e-24,0.0,0.0,47.142857142857146,2525.440684184044,HDAC4;MBD3;HDAC2;HDAC3;HDAC1;HDAC11;MBD2;MSL3;CHD4;CHD3;HDAC6;GATAD2B;GATAD2A;MORF4L1;MTA1;RBBP4;TBL1XR1;RBBP7;SUDS3;TBL1X;MTA2;MTA3,0.6111111111111112
6,666,Regulation Of Mitotic Cell Cycle Phase Transition (GO:1901990),30/86,3.748902018089013e-21,biological regulation,GO_Biological_Process_2023,5.513091203072078e-23,0.0,0.0,16.23820754716981,832.2459987084237,SMARCD1;SMARCD2;SMARCB1;SMARCD3;CDC14A;BCL7A;BCL7C;BCL7B;DPF1;DPF2;MAP3K20;DPF3;ARID2;BRD7;CDKN2D;SMARCE1;PBRM1;SMARCC1;CDKN2B;SMARCC2;NPM2;ACTL6B;ACTL6A;ARID1A;ARID1B;SMARCA2;SMARCA4;PSME3;PSME1;PSME2,0.3488372093023256
6,666,Nucleosome Binding (GO:0031491),26/62,9.558838619975442e-21,binding,GO_Molecular_Function_2023,1.6110402168497934e-22,0.0,0.0,21.77725694444445,1092.7825787768415,L3MBTL1;HDAC2;SMARCD2;SMARCB1;HDAC1;CHD4;NOC2L;CABIN1;HIRA;RBBP4;SAP30L;MTA2;H3-3A;MBD3;SMARCE1;SMARCC1;SMARCC2;EED;ACTL6A;MBD2;ARID1A;ARID1B;GATAD2B;H1-3;SMARCA4;H1-4,0.41935483870967744
6,666,nBAF Complex (GO:0071565),14/14,8.068090078982642e-20,protein-containing complex,GO_Cellular_Component_2023,1.8029251573145568e-21,0.0,0.0,270676.0,12928805.716819672,SMARCE1;SMARCD1;SMARCC1;SMARCB1;SMARCC2;SMARCD3;ACTL6B;ARID1A;ARID1B;SMARCA2;SMARCA4;DPF1;DPF2;DPF3,1.0
6,666,Regulation Of Mitotic Metaphase/Anaphase Transition (GO:0030071),23/49,1.2130560270542861e-19,biological regulation,GO_Biological_Process_2023,1.847616847929322e-21,0.0,0.0,26.563225266180165,1268.1387427513205,SMARCE1;SMARCD1;PBRM1;SMARCC1;SMARCD2;SMARCB1;SMARCC2;SMARCD3;ACTL6B;ACTL6A;ARID1A;ARID1B;SMARCA2;SMARCA4;BCL7A;BCL7C;BCL7B;DPF1;DPF2;MAP3K20;DPF3;ARID2;BRD7,0.46938775510204084
6,666,Histone Acetyltransferase Complex (GO:0000123),18/27,2.5646746277670554e-19,protein-containing complex,GO_Cellular_Component_2023,7.163895608287864e-21,0.0,0.0,59.64506172839506,2766.6500879860228,BRPF1;MEAF6;PHF20;BRPF3;SGF29;TADA2B;ING5;KAT2B;KAT2A;TADA2A;KANSL1;KANSL2;KANSL3;WDR5;KAT8;KAT7;SUPT20H;OGT,0.6666666666666666
6,666,Regulation Of Metaphase/Anaphase Transition Of Cell Cycle (GO:1902099),23/32,1.5991904308053291e-25,biological regulation,GO_Biological_Process_2023,1.5118396929882314e-27,0.0,0.0,76.80577155693797,4743.25334709515,SMARCE1;SMARCD1;SMARCD2;PBRM1;SMARCC1;SMARCB1;SMARCD3;SMARCC2;ACTL6B;ACTL6A;ARID1A;ARID1B;SMARCA2;SMARCA4;BCL7A;BCL7C;BCL7B;DPF1;DPF2;MAP3K20;DPF3;ARID2;BRD7,0.71875
6,666,Histone H3 Methyltransferase Activity (GO:0140938),20/36,4.789563840462457e-19,catalytic activity,GO_Molecular_Function_2023,9.417681708774495e-21,0.0,0.0,37.380030959752325,1723.6566987599351,PRMT6;KMT2D;SETD5;SETD2;SETD3;KMT2A;SETDB1;EHMT2;KMT2C;SETD1B;DOT1L;KMT2B;SETD1A;EHMT1;METTL23;NSD1;CARM1;SMYD2;JARID2;EZH1,0.5555555555555556
6,666,Positive Regulation Of Transcription By RNA Polymerase II (GO:0045944),104/938,6.983665529093645e-26,biological regulation,GO_Biological_Process_2023,6.2354156509764685e-28,0.0,0.0,4.104901132474804,257.1397806010893,SMARCB1;CCNT1;KDM1A;KDM1B;CCNC;GABPB1;YY1;MYB;EPC1;TP63;MEN1;MED1;MED8;MED4;MED6;MED7;RUNX1;TBL1XR1;ATF7;ZFPM1;KMT2D;KMT2A;MAX;KMT2C;GATA1;BCL2L12;MED31;DHX36;PPARGC1B;TFAP2A;ZBTB17;POU2F1;SS18L1;HMGA1;SMARCA2;SMARCA4;CDK9;SEM1;COPS5;TFCP2;SNW1;AGO2;TCF3;CDK13;OGT;SETD3;TRIAP1;YBX1;MED16;MED15;MED17;PHF8;MED12;MED13;SIN3A;GABPA;VENTX;NCOA1;SS18;NCOA2;NCOA6;NCOA3;TCF12;ATRX;TFE3;OXSR1;BAZ1B;ETV4;ETV5;METTL23;KAT2B;MED22;KAT2A;ELF1;TFDP1;TFDP2;THRAP3;MED21;TET3;MED20;RARB;HDAC4;HDAC2;HDAC3;HDAC1;DOT1L;GPS2;FOXK2;HSF2;HSF1;NRIP1;APBB1;E2F4;TBL1X;PCGF5;CNBP;HIPK2;ASXL1;MYBBP1A;PRKRA;NFIC;KANSL3;BMAL1;TAF1,0.11087420042643924
6,666,RNA Polymerase II Cis-Regulatory Region Sequence-Specific DNA Binding (GO:0000978),117/1122,8.410572911675373e-27,binding,GO_Molecular_Function_2023,4.7250409616153776e-29,0.0,0.0,3.886746594894381,253.5017419204524,ZNF331;YY1;ZNF607;MYB;ZNF208;ZNF324;ZNF444;TP63;ZNF320;ZNF680;MED8;ZNF99;RUNX1;DMTF1;ZNF317;ZNF713;ZNF679;NOBOX;ATF7;ZNF676;ZNF675;CLOCK;ZNF28;ZNF430;ZNF274;ZNF670;ZNF273;MAX;DLX6;GATA1;ZNF708;ZKSCAN7;ZKSCAN8;DHX36;ZNF547;ZKSCAN5;TFAP2A;ZNF264;ZBTB17;ZNF141;POU2F1;HMGA1;TFCP2;ZNF37A;MAFG;ZNF30;ZNF417;TCF3;ZNF136;ZNF257;ZNF774;ZNF772;ZNF254;ZNF253;HIF3A;CTCF;ZNF528;ZNF649;ZNF41;ZNF765;H3-3A;GABPA;VENTX;KDM6A;ZNF485;TEAD4;TGIF1;PRMT5;TGIF2;ZNF480;TCF12;DNMT3A;TFE3;SAFB;ETV4;ELF1;ZNF519;THRAP3;RARB;ZNF479;TOP1;HDAC4;ZNF197;ZNF350;ZNF195;HDAC1;FOXK2;ZNF2;NR2C1;HDAC6;MNT;MTA1;NSD1;HSF2;HSF1;NRIP1;E2F4;E2F5;ZNF224;ZNF586;ZNF860;ZNF33A;REST;PRKRA;NFIC;ZNF737;ZNF735;ZNF613;ZNF732;ZNF335;ZNF610;ZNF354A;ZNF730;BMAL1;ZNF333;ZNF454;ZNF354C,0.10427807486631016
6,666,Regulation Of DNA-templated Transcription (GO:0006355),274/1922,8.676928034443011e-105,biological regulation,GO_Biological_Process_2023,4.557210102123429e-108,0.0,0.0,7.501306469189617,1854.0415058650392,SMARCB1;HDAC10;TRRAP;EHMT1;RRP8;CCAR2;TIAL1;TRIM28;MYB;DPF1;DPF2;EPC1;DPF3;KAT8;KAT7;SUPT20H;ATXN7L3;TP63;MED1;SMARCC1;SMARCC2;ZNF282;MED8;MED4;MED6;MED7;RUNX1;ZNF713;TFAM;NOBOX;ATF7;CLOCK;L3MBTL1;ZNF274;ZNF273;SET;MEAF6;SRCAP;CTBP1;BAZ2A;GATA1;ZNF708;DHX36;PPARGC1B;KAT14;ZNF141;SS18L1;SMARCA2;SMARCA4;TADA2B;TADA2A;ZZZ3;SNW1;ZNF37A;ZNF257;RCOR1;ZNF253;SETD5;SETD3;PHF20;RSF1;HIF3A;CTCF;SGF29;MED16;MED17;PHF8;MED12;MECP2;ING5;ING2;MED13;ELOC;CIC;GABPA;VENTX;ZNF485;TEAD4;NCOA1;PRMT6;SS18;BRD2;NCOA2;PRMT5;BRD1;PBRM1;ACTL6B;RING1;NCOA6;ACTL6A;TCF12;TFE3;BAZ1B;MLF2;NCOR2;KAT2B;MED22;KAT2A;NCOR1;AEBP2;MED21;MED20;ZNF479;ZNF350;MYCBP;GPS2;ZNF2;HIRA;MNT;NSD1;HSF2;HSF1;APBB1;TBL1X;BRD7;ZNF224;MBD3;PCGF5;MBD2;ELP3;GATAD2B;GATAD2A;HIPK2;ZNF33A;PER2;RYBP;MYBBP1A;PRKRA;NFIC;ZNF354A;BMAL1;ZNF331;CCNT1;KDM1A;ARID4A;YEATS4;ARID4B;YY1;SCMH1;KMT5A;ARID2;ZNF444;ZNF563;MEN1;PIAS3;ZNF680;KDM2B;DYRK1A;ZBTB33;MYT1;PIAS2;SAP30;PIAS1;MORF4L1;BRMS1;DMTF1;TBL1XR1;KAT6A;ZNF318;ERF;ZNF679;ZNF676;AJUBA;ZNF675;ZNF433;ZNF430;PSMD10;KMT2D;KHDRBS1;ZNF791;DDX5;CBFB;KMT2A;MAX;DLX6;KMT2B;ZKSCAN8;MED31;MBIP;EP400;ZKSCAN5;SUDS3;DMAP1;TFAP2A;HSPA8;BRPF1;POU2F1;CBX4;BRPF3;HMGA1;TFCP2;CNOT2;MAFG;TADA3;JMY;MDM4;TCF3;BRWD1;OGT;KDM5A;KDM5C;CHD4;CHD3;YBX1;CHD1;BCL7A;PPP1R13L;SIN3A;ZNF649;BCL7C;BCL7B;WDR5;YAF2;TGIF2;EED;DNMT3A;ATRX;MSL3;OXSR1;SAFB;ARID1A;ETV4;ARID1B;ETV5;PPM1A;ELF1;TFDP1;TFDP2;ZNF519;CTDSP1;THRAP3;CRY1;ZNF510;HDAC4;USP13;SMARCD1;SMARCD2;HDAC2;SMARCD3;HDAC3;KDM3B;ZNF195;HDAC1;CXXC1;FOXK2;RNF2;HDAC6;MTA1;RBBP4;SAP30L;SAP18;RBBP7;E2F4;MTA2;E2F5;MTA3;SMARCE1;KDM4A;KDM4C;CNBP;USP22;CDK11B;PML;REST;KANSL1;KANSL2;ZNF737;CARM1;KANSL3;ZNF735;ZNF613;ZNF732;ZNF730;TRIM33,0.1425598335067638
6,666,Regulation Of Transcription By RNA Polymerase II (GO:0006357),264/2028,6.620589717976227e-91,biological regulation,GO_Biological_Process_2023,6.954400964260744e-94,0.0,0.0,6.541104003790571,1403.090514101061,SMARCB1;HDAC10;TRRAP;EHMT2;EHMT1;CCNC;GABPB1;NOC2L;TIAL1;MYB;DPF1;DPF2;EPC1;DPF3;SUPT20H;TRIM27;ATXN7L3;TP63;MED1;SMARCC1;SMARCC2;ZNF705D;MED8;ZNF705A;MED4;MED6;MED7;RUNX1;ZNF705EP;NOBOX;ATF7;ZFPM1;CLOCK;ZNF274;SRCAP;CTBP1;ZNF25;GATA1;DHX36;PPARGC1B;KAT14;PLK3;ZNF141;SS18L1;SMARCA2;SMARCA4;TADA2B;TADA2A;ZZZ3;SNW1;AGO2;CDK13;ZNF136;EZH1;RCOR1;ZNF254;SETD3;PHF20;HIF3A;CTCF;SGF29;MED16;BMI1;MED17;PHF8;MED12;MECP2;ING2;MED13;ELOC;CIC;GABPA;VENTX;ZNF485;TEAD4;NCOA1;SS18;BRD2;NCOA2;BRD1;PBRM1;ACTL6B;NCOA6;NCOA3;ACTL6A;TCF12;TFE3;BAZ1B;NCOR2;KAT2B;KAT2A;NCOR1;AEBP2;MED21;TET3;MED20;RARB;ZNF350;LIN37;DOT1L;GPS2;ZNF3;HIRA;MNT;NSD1;HSF2;HSF1;APBB1;TBL1X;BRD7;ZNF224;MBD3;PCGF5;PCGF2;MBD2;ELP3;GATAD2B;GATAD2A;HIPK2;PER2;MYBBP1A;PRKRA;NFIC;HDGF;ZNF354A;BMAL1;CCNT1;KDM1A;KDM1B;UBE2D3;ATN1;ARID4A;YEATS4;ARID4B;YY1;KMT5A;ARID2;ZNF444;ZNF563;MEN1;PIAS3;KDM2B;USP2;ZBTB33;PIAS2;SAP30;PIAS1;BRMS1;DMTF1;TBL1XR1;ERF;ZNF558;ZNF675;ZNF433;PPID;PSMD10;KMT2D;ZNF791;DDX5;CBFB;KMT2A;MAX;KMT2C;DLX6;PHF21A;BCL2L12;ZKSCAN8;MED31;ZNF669;MBIP;SMYD2;SUDS3;DMAP1;TFAP2A;CBX8;ZBTB17;CBX6;BRPF1;POU2F1;CBX4;BRPF3;CBX2;HMGA1;CDK9;SEM1;ZFP69;COPS5;TFCP2;CNOT2;MAFG;TADA3;JMY;ZNF778;MDM4;TCF3;BRWD1;OGT;CHD4;TRIAP1;CHD3;YBX1;CHD1;SIN3B;BCL7A;PPP1R13L;SIN3A;ZNF649;BCL7C;BCL7B;WDR5;TGIF1;TGIF2;EED;DNMT3A;ATRX;OXSR1;SAFB;ARID1A;ETV4;ARID1B;ETV5;METTL23;PPM1A;ELF1;TFDP1;TFDP2;CTDSP1;THRAP3;CRY1;ZNF510;HDAC4;SMARCD1;SMARCD2;HDAC2;SMARCD3;HDAC3;KDM3B;HDAC1;FOXK2;PPM1D;NR2C1;RNF2;HDAC6;MTA1;RBBP4;SAP30L;NRIP1;SAP18;RBBP7;E2F4;MTA2;E2F5;MTA3;SMARCE1;KDM4C;CNBP;USP22;ASXL1;REST;DNAJA3;KANSL3;ZNF613;TRIM33;TAF1,0.1301775147928994
6,666,Chromatin Organization (GO:0006325),91/268,4.7741871298506084e-64,cellular process,GO_Biological_Process_2023,7.522353670983101e-67,0.0,0.0,17.12883321051339,2607.956018579382,KDM5A;KDM5B;KDM5C;SMARCB1;HDAC10;HDAC11;EHMT1;RSF1;YEATS4;CHD4;CTCF;CHD3;BMI1;CHD1;CABIN1;YY1;ING5;TRIM28;BCL7A;BCL7C;H2BC21;DPF1;BCL7B;DPF2;DPF3;KAT7;JARID2;ARID2;H3-3A;SKP1;KDM6A;BRD2;SS18;SMARCC1;PBRM1;SMARCC2;ACTL6B;RING1;KDM2B;ACTL6A;ATRX;BAZ1B;ARID1A;SAFB;ARID1B;KAT2B;KAT2A;TOP1;L3MBTL1;HDAC4;SMARCD1;ZNF274;HDAC2;SMARCD2;HDAC3;SMARCD3;HDAC1;BAZ2A;RNF2;HIRA;MTA1;RBBP4;H3C14;SUDS3;RBBP7;BRD7;MTA2;MTA3;MBD3;SMARCE1;KDM4A;PHC1;NPM2;BRPF1;KDM4C;KDM4D;PCGF2;MBD2;SMARCA2;GATAD2B;SMARCA4;GATAD2A;TADA2B;PER2;REST;TADA2A;ZZZ3;RYBP;MYBBP1A;HDGF;EZH1,0.33955223880597013
6,666,Negative Regulation Of DNA-templated Transcription (GO:0045892),160/1025,9.637202172075101e-62,biological regulation,GO_Biological_Process_2023,2.024622305057794e-64,0.0,0.0,6.7514450867052025,990.1673603021374,HDAC10;KDM1A;KDM1B;EHMT2;UBE2D3;ATN1;ARID4A;EHMT1;ARID4B;NOC2L;RRP8;CCAR2;YY1;TRIM28;MYB;SCMH1;DPF2;EPC1;KAT8;KMT5A;TRIM27;TP63;MEN1;MED1;SMARCC2;ZNF705D;KDM2B;ZNF282;USP2;ZNF705A;ZBTB33;SAP30;RUNX1;BRMS1;ZNF705EP;TBL1XR1;KAT6A;ZNF318;ERF;ZNF558;ZNF675;ZFPM1;CLOCK;PPID;L3MBTL1;PSMD10;KHDRBS1;ZNF274;DDX5;SET;CBFB;CTBP1;MAX;BAZ2A;ZNF25;GATA1;PHF21A;PRDX5;ZNF669;SMYD2;SUDS3;DMAP1;TFAP2A;CBX8;PLK3;ZBTB17;HSPA8;CBX6;ZNF141;POU2F1;CBX4;CBX2;HMGA1;SMARCA2;SMARCA4;ZFP69;SNW1;CNOT2;MAFG;ZNF778;MDM4;TCF3;ZNF136;OGT;EZH1;RCOR1;ZNF254;ZNF253;KDM5C;RSF1;CHD4;CTCF;CHD3;BMI1;MECP2;ING2;SIN3B;BCL7A;SIN3A;CIC;YAF2;PRMT6;TGIF1;TGIF2;RING1;EED;DNMT3A;OXSR1;ETV5;NCOR2;PPM1A;NCOR1;TFDP2;CRY1;RARB;HDAC4;HDAC2;ZNF350;HDAC3;LIN37;HDAC1;GPS2;FOXK2;ZNF3;NR2C1;RNF2;HDAC6;MNT;MTA1;RBBP4;NSD1;SAP30L;HSF1;NRIP1;SAP18;RBBP7;APBB1;TBL1X;MTA2;BRD7;MTA3;ZNF224;MBD3;SMARCE1;KDM4A;PCGF2;CNBP;MBD2;GATAD2B;PML;GATAD2A;PER2;REST;MYBBP1A;NFIC;DNAJA3;HDGF;BMAL1;TRIM33;TAF1,0.15609756097560976
6,666,Chromatin Remodeling (GO:0006338),83/228,3.2242247453111555e-61,cellular process,GO_Biological_Process_2023,8.466976747140638e-64,0.0,0.0,18.840563080380907,2736.201268584973,KDM5A;KDM5B;SETD2;KDM5C;SMARCB1;KDM1A;RSF1;YEATS4;CHD4;CTCF;CHD3;BMI1;CHD1;YY1;BCL7A;BCL7C;DPF1;BCL7B;DPF2;DPF3;JARID2;ARID2;SKP1;KDM6A;SS18;SMARCC1;PBRM1;SMARCC2;ACTL6B;RING1;KDM2B;ACTL6A;ATRX;BAZ1B;ARID1A;ARID1B;KAT2B;KAT2A;TOP1;HDAC4;SMARCD1;ZNF274;HDAC2;SMARCD2;SMARCD3;HDAC1;BAZ2A;HDAC6;RNF2;HIRA;MTA1;RBBP4;SUDS3;RBBP7;BRD7;MTA2;MTA3;SRPK2;MBD3;SMARCE1;KDM4A;PHC1;NPM2;BRPF1;KDM4C;SETDB1;KDM4D;PCGF2;MBD2;SMARCA2;GATAD2B;SMARCA4;GATAD2A;TADA2B;PER2;CDK9;REST;TADA2A;RYBP;MYBBP1A;HDGF;ZNF335;EZH1,0.36403508771929827
6,666,Negative Regulation Of Transcription By RNA Polymerase II (GO:0000122),123/763,7.74458488523275e-48,biological regulation,GO_Biological_Process_2023,2.440520447027128e-50,0.0,0.0,6.616488259668508,755.8480560464612,HDAC10;KDM1A;KDM1B;EHMT2;UBE2D3;ATN1;ARID4A;EHMT1;ARID4B;NOC2L;YY1;MYB;DPF2;EPC1;KMT5A;TRIM27;MEN1;MED1;ZNF705D;KDM2B;USP2;ZNF705A;ZBTB33;SAP30;RUNX1;BRMS1;ZNF705EP;TBL1XR1;ERF;ZNF558;ZNF675;ZFPM1;PPID;PSMD10;ZNF274;DDX5;CBFB;CTBP1;MAX;ZNF25;GATA1;PHF21A;ZNF669;SMYD2;SUDS3;DMAP1;TFAP2A;CBX8;PLK3;ZBTB17;CBX6;ZNF141;CBX4;CBX2;SMARCA2;SMARCA4;ZFP69;SNW1;CNOT2;MAFG;ZNF778;MDM4;TCF3;ZNF136;OGT;EZH1;ZNF254;CHD4;CTCF;CHD3;BMI1;MECP2;ING2;SIN3B;SIN3A;TGIF1;TGIF2;EED;DNMT3A;OXSR1;ETV5;NCOR2;PPM1A;NCOR1;CRY1;RARB;HDAC4;HDAC2;ZNF350;HDAC3;LIN37;HDAC1;GPS2;ZNF3;NR2C1;RNF2;HDAC6;MNT;MTA1;RBBP4;NSD1;SAP30L;HSF1;NRIP1;RBBP7;APBB1;TBL1X;MTA2;MTA3;ZNF224;MBD3;PCGF2;CNBP;MBD2;GATAD2B;GATAD2A;PER2;REST;NFIC;DNAJA3;HDGF;TRIM33;TAF1,0.16120576671035386
6,666,Positive Regulation Of DNA-templated Transcription (GO:0045893),155/1243,1.681549203490833e-46,biological regulation,GO_Biological_Process_2023,6.1821661893045335e-49,0.0,0.0,5.086857516979395,564.6666228973721,SMARCB1;CCNT1;KDM1A;TRRAP;KDM1B;YEATS4;CCNC;GABPB1;YY1;TRIM28;MYB;EPC1;KAT8;KAT7;SUPT20H;ATXN7L3;TP63;MEN1;MED1;SMARCC1;SMARCC2;DYRK1A;MED4;MED6;RUNX1;MORF4L1;TBL1XR1;KAT6A;ZNF318;TFAM;ATF7;ZFPM1;CLOCK;KMT2D;MEAF6;KMT2A;MAX;KMT2C;KMT2B;GATA1;BCL2L12;TERT;DHX36;EP400;DMAP1;PPARGC1B;TFAP2A;ZBTB17;BRPF1;POU2F1;SS18L1;HMGA1;SMARCA2;SMARCA4;TADA2B;CDK9;SEM1;COPS5;TFCP2;SNW1;AGO2;TADA3;TCF3;CDK13;OGT;KDM5A;SETD3;PHF20;RSF1;CHD4;CTCF;SGF29;TRIAP1;CHD3;YBX1;MED16;MED17;PHF8;MED12;ING2;MED13;SIN3A;WDR5;UBTF;YAF2;GABPA;VENTX;NCOA1;SS18;NCOA2;NCOA6;NCOA3;ACTL6A;TCF12;ATRX;TFE3;MSL3;OXSR1;BAZ1B;ARID1A;ETV4;ARID1B;ETV5;METTL23;KAT2B;MED22;PPM1A;KAT2A;ELF1;TFDP1;TFDP2;THRAP3;MED21;TET3;RARB;HDAC4;HDAC2;SMARCD3;HDAC3;HDAC1;DOT1L;CXXC1;GPS2;FOXK2;MTA1;RBBP4;NSD1;HSF2;HSF1;NRIP1;RBBP7;APBB1;E2F4;TBL1X;MTA2;MTA3;MBD3;PCGF5;CNBP;USP22;MBD2;GATAD2B;GATAD2A;HIPK2;ASXL1;REST;RYBP;MYBBP1A;KANSL1;PRKRA;KANSL2;NFIC;CARM1;KANSL3;BMAL1,0.1246983105390185
6,666,Regulation Of Nucleic Acid-Templated Transcription (GO:1903506),90/452,6.333503863332143e-42,None,GO_Biological_Process_2023,2.661136077030312e-44,0.0,0.0,8.188881215469614,821.631322755288,ZNF331;ZNF253;HDAC10;TRRAP;YEATS4;RSF1;SGF29;CHD3;YBX1;ING5;ING2;MYB;WDR5;KAT7;YAF2;NCOA2;PRMT5;BRD1;ZNF680;TGIF2;ZNF282;ACTL6A;ATRX;MSL3;MYT1;SAP30;MLF2;KAT2B;KAT2A;DMTF1;ZNF519;KAT6A;ZNF713;ZNF679;ATF7;ZNF479;ZNF676;CLOCK;AJUBA;ZNF675;ZNF430;USP13;KMT2D;ZNF274;ZNF273;ZNF350;MYCBP;MEAF6;SRCAP;ZNF195;CXXC1;FOXK2;BAZ2A;ZNF2;ZNF708;RBBP4;NSD1;SAP30L;MBIP;ZKSCAN5;RALY;RBBP7;APBB1;DMAP1;KAT14;PPARGC1B;ZNF141;BRPF1;BRPF3;CNBP;HMGA1;SMARCA2;CDK11B;PML;ZNF33A;REST;TADA2A;RYBP;ZZZ3;ZNF37A;MYBBP1A;ZNF737;CARM1;TADA3;ZNF735;ZNF732;TCF3;ZNF257;ZNF730;BMAL1,0.19911504424778761
6,666,Positive Regulation Of Nucleic Acid-Templated Transcription (GO:1903508),95/557,1.980516953583227e-38,None,GO_Biological_Process_2023,9.361687280592983e-41,0.0,0.0,6.796157724353871,626.3975301599176,KDM5A;SETD3;TRRAP;PHF20;YEATS4;RSF1;CHD4;CTCF;SGF29;CHD3;MED16;MED17;PHF8;MED12;YY1;ING2;MED13;TRIM28;MYB;WDR5;EPC1;KAT8;SUPT20H;YAF2;ATXN7L3;TP63;NCOA1;MED1;SMARCC1;SMARCC2;NCOA6;ACTL6A;TFE3;DYRK1A;MSL3;MED4;ARID1A;ARID1B;RUNX1;KAT2B;MED22;MORF4L1;PPM1A;KAT2A;ELF1;TBL1XR1;THRAP3;KAT6A;ZNF318;TFAM;CLOCK;HDAC4;HDAC2;SMARCD3;MEAF6;KMT2A;MAX;HDAC1;KMT2B;CXXC1;FOXK2;GATA1;MTA1;RBBP4;NSD1;EP400;RBBP7;APBB1;TBL1X;DMAP1;MTA2;MTA3;MBD3;TFAP2A;BRPF1;CNBP;SS18L1;USP22;MBD2;HMGA1;SMARCA2;GATAD2B;GATAD2A;HIPK2;SMARCA4;TADA2B;REST;RYBP;KANSL1;KANSL2;KANSL3;TADA3;TCF3;OGT;BMAL1,0.17055655296229802
6,666,Negative Regulation Of Nucleic Acid-Templated Transcription (GO:1903507),84/456,2.3916852198868835e-36,None,GO_Biological_Process_2023,1.2561371953187414e-38,0.0,0.0,7.356944906329675,642.0419962726507,ZNF253;KDM5C;HDAC10;KDM1A;EHMT1;ARID4A;RSF1;CHD4;CTCF;CHD3;RRP8;CCAR2;MECP2;TRIM28;BCL7A;SIN3A;MYB;SCMH1;EPC1;KAT8;KMT5A;CIC;YAF2;TP63;MEN1;PRMT6;SMARCC2;RING1;ZNF282;EED;DNMT3A;ZBTB33;NCOR2;NCOR1;BRMS1;TFDP2;KAT6A;ZNF318;CRY1;CLOCK;HDAC4;L3MBTL1;KHDRBS1;HDAC2;SET;ZNF350;HDAC3;CTBP1;HDAC1;FOXK2;HDAC6;RNF2;MTA1;RBBP4;SAP18;RBBP7;DMAP1;SUDS3;BRD7;MTA2;ZNF224;MTA3;MBD3;SMARCE1;TFAP2A;HSPA8;KDM4A;POU2F1;CBX4;MBD2;HMGA1;SMARCA2;GATAD2B;PML;GATAD2A;SMARCA4;PER2;REST;SNW1;MYBBP1A;MDM4;BMAL1;TRIM33;RCOR1,0.18421052631578946
6,666,Regulation Of Gene Expression (GO:0010468),129/1127,4.560580228135968e-34,biological regulation,GO_Biological_Process_2023,2.634788997347461e-36,0.0,0.0,4.41356455928617,361.5780115670704,ZNF331;HDAC10;TRRAP;YEATS4;YY1;MYB;KAT8;KAT7;SUPT20H;ATXN7L3;MED1;ZNF680;ZNF282;FBXW7;ZBTB33;MYT1;SAP30;DMTF1;KAT6A;ZNF713;ZNF679;ATF7;ZNF676;AJUBA;ZNF675;CLOCK;ZNF430;KMT2D;ZNF274;ZNF273;MEAF6;SRCAP;BAZ2A;ZNF708;TERT;HNRNPDL;DHX36;MBIP;ZKSCAN5;DMAP1;PPARGC1B;KAT14;SRPK2;TFAP2A;ZBTB17;ZNF141;BRPF1;SETDB1;BRPF3;HMGA1;SMARCA2;TADA2B;TADA2A;ZZZ3;ZNF37A;TADA3;TCF3;ZNF257;OGT;ZNF253;SETD2;PHF20;RSF1;CHD4;CTCF;SGF29;CHD3;YBX1;BMI1;MECP2;ING5;ING2;WDR5;HMG20B;YAF2;KDM6A;NCOA2;PRMT5;BRD1;TGIF2;ACTL6A;ATRX;MSL3;OXSR1;MLF2;RBL2;KAT2B;KAT2A;ZNF519;PTRH2;ZNF638;ZNF479;HDAC4;USP13;ZNF350;MYCBP;ZNF195;HDAC1;CXXC1;FOXK2;ZNF2;RNF2;HDAC6;MTA1;RBBP4;NSD1;SAP30L;RBBP7;APBB1;KDM4A;CNBP;USP22;CDK11B;PML;ZNF33A;REST;RYBP;MYBBP1A;KANSL1;KANSL2;ZNF737;CARM1;KANSL3;ZNF735;ZNF732;ZNF335;ZNF730;BMAL1;TAF1,0.11446317657497782
6,666,Positive Regulation Of Stem Cell Population Maintenance (GO:1902459),29/40,1.8615685678620562e-32,biological regulation,GO_Biological_Process_2023,1.2710289591495132e-34,0.0,0.0,79.97245611531326,6241.6955638842965,SMARCD1;HDAC2;SMARCB1;HDAC1;ARID4A;ARID4B;ING2;BCL7A;RBBP4;SIN3A;BCL7C;SAP30L;BCL7B;DPF2;RBBP7;SUDS3;SMARCE1;SS18;SMARCC1;ACTL6B;NCOA3;ACTL6A;ARID1A;SMARCA2;SAP30;SMARCA4;REST;BRMS1;OGT,0.725
6,666,Histone Modification (GO:0016570),38/81,1.8615685678620562e-32,None,GO_Biological_Process_2023,1.206205473315241e-34,0.0,0.0,27.14627462598133,2120.1352787605483,HDAC4;HDAC2;HDAC3;MEAF6;TRRAP;HDAC1;HDAC11;CHD4;YEATS4;CHD3;HDAC6;ING5;MTA1;RBBP4;EP400;EPC1;KAT7;DMAP1;RBBP7;SUDS3;TBL1X;MTA2;ATXN7L3;MTA3;KAT14;MBD3;ACTL6A;MBD2;MSL3;GATAD2B;GATAD2A;KAT2B;MORF4L1;BRMS1;TADA2A;TBL1XR1;CARM1;TADA3,0.4691358024691358
6,666,Regulation Of Stem Cell Population Maintenance (GO:2000036),32/56,7.009439902151133e-31,biological regulation,GO_Biological_Process_2023,5.153999928052304e-33,0.0,0.0,40.60988433228181,3019.163575774954,SMARCD1;HDAC2;SMARCB1;HDAC1;ARID4A;ARID4B;ELAVL1;ING2;BCL7A;RBBP4;SIN3A;BCL7C;SAP30L;BCL7B;DPF2;RBBP7;SUDS3;SMARCE1;SS18;SMARCC1;ACTL6B;NCOA3;ACTL6A;ARID1A;SMARCA2;SAP30;SMARCA4;KAT2A;REST;BRMS1;CNOT2;OGT,0.5714285714285714
6,666,Regulation Of Nucleotide-Excision Repair (GO:2000819),23/26,2.1455123504605758e-29,biological regulation,GO_Biological_Process_2023,1.690267082820832e-31,0.0,0.0,230.4888543286677,16331.345702035942,SMARCE1;SMARCD1;SMARCD2;PBRM1;SMARCC1;SMARCB1;SMARCD3;SMARCC2;ACTL6B;ACTL6A;ARID1A;ARID1B;SMARCA2;SMARCA4;BCL7A;BCL7C;BCL7B;DPF1;DPF2;DPF3;KAT7;ARID2;BRD7,0.8846153846153846
6,666,RNA Polymerase II Transcription Regulatory Region Sequence-Specific DNA Binding (GO:0000977),126/1225,3.1092953741281003e-28,binding,GO_Molecular_Function_2023,8.733975770022754e-31,0.0,0.0,3.871549893842888,267.96126224583963,ZNF331;YY1;ZNF607;MYB;ZNF208;ZNF324;ZNF444;TP63;ZNF563;ZNF320;ZNF680;MED8;ZNF99;RUNX1;DMTF1;ZNF317;ZNF713;ZNF679;NOBOX;ZNF676;ZNF675;ZNF433;CLOCK;ZNF28;ZNF430;ZNF274;ZNF670;ZNF791;ZNF273;MAX;DLX6;GATA1;ZNF708;ZKSCAN7;ZKSCAN8;DHX36;ZNF547;ZKSCAN5;TFAP2A;ZNF264;ZBTB17;ZNF141;POU2F1;HMGA1;TFCP2;ZNF37A;MAFG;ZNF30;ZNF417;TCF3;ZNF136;ZNF257;ZNF774;ZNF772;ZNF254;ZNF253;HIF3A;CTCF;ZNF528;ZNF649;ZNF41;ZNF765;CIC;H3-3A;GABPA;VENTX;KDM6A;ZNF485;TEAD4;TGIF1;TGIF2;ZNF480;TCF12;DNMT3A;TFE3;OXSR1;SAFB;ETV4;ETV5;RBL2;ELF1;TFDP1;TFDP2;ZNF519;THRAP3;RARB;ZNF479;TOP1;ZNF510;HDAC4;ZNF197;ZNF350;ZNF195;HDAC1;FOXK2;ZNF2;NR2C1;HDAC6;MNT;MTA1;NSD1;HSF2;HSF1;NRIP1;E2F4;E2F5;ZNF224;ZNF586;ZNF860;ZNF33A;REST;PRKRA;NFIC;ZNF737;ZNF735;ZNF613;ZNF732;ZNF335;ZNF610;ZNF354A;ZNF730;BMAL1;ZNF333;ZNF454;ZNF354C;TAF1,0.10285714285714286
6,666,Regulation Of DNA Repair (GO:0006282),42/129,3.267891015645968e-28,biological regulation,GO_Biological_Process_2023,2.7461269039041754e-30,0.0,0.0,14.890473032714413,1013.5552073907552,SMARCD1;SMARCD2;SMARCB1;SMARCD3;MEAF6;TRRAP;YEATS4;SGF29;YY1;TRIM28;BCL7A;BCL7C;DPF1;BCL7B;DPF2;EP400;DPF3;EPC1;KAT7;SUPT20H;DMAP1;ARID2;BRD7;ATXN7L3;SMARCE1;SMARCC1;PBRM1;SMARCC2;ACTL6B;USP22;ACTL6A;ARID1A;SMARCA2;ARID1B;PML;SMARCA4;CDK9;TADA2B;MORF4L1;KAT2B;KAT2A;TADA3,0.32558139534883723
6,666,Cis-Regulatory Region Sequence-Specific DNA Binding (GO:0000987),114/1098,4.789853526054814e-26,binding,GO_Molecular_Function_2023,4.0363934208327085e-28,0.0,0.0,3.8512946270767054,242.9282306908017,ZNF331;YY1;ZNF607;MYB;ZNF208;ZNF324;ZNF444;TP63;ZNF320;ZNF680;MED8;ZNF99;RUNX1;DMTF1;ZNF317;ZNF713;ZNF679;NOBOX;ZNF676;ZNF675;CLOCK;ZNF28;ZNF430;ZNF274;ZNF670;ZNF273;DLX6;GATA1;ZNF708;ZKSCAN7;ZKSCAN8;DHX36;ZNF547;ZKSCAN5;TFAP2A;ZNF264;ZBTB17;ZNF141;POU2F1;HMGA1;TFCP2;ZNF37A;MAFG;ZNF30;ZNF417;TCF3;ZNF136;ZNF257;ZNF774;ZNF772;ZNF254;ZNF253;HIF3A;CTCF;ZNF528;ZNF649;ZNF41;ZNF765;H3-3A;GABPA;VENTX;KDM6A;ZNF485;TEAD4;TGIF1;TGIF2;ZNF480;TCF12;DNMT3A;TFE3;SAFB;ETV4;ELF1;ZNF519;THRAP3;RARB;ZNF479;TOP1;HDAC4;ZNF197;ZNF350;ZNF195;HDAC1;FOXK2;ZNF2;NR2C1;HDAC6;MNT;MTA1;NSD1;HSF2;HSF1;NRIP1;E2F4;E2F5;ZNF224;ZNF586;ZNF860;ZNF33A;REST;PRKRA;NFIC;ZNF737;ZNF735;ZNF613;ZNF732;ZNF335;ZNF610;ZNF354A;ZNF730;BMAL1;ZNF333;ZNF454;ZNF354C,0.10382513661202186
6,666,Negative Regulation Of Stem Cell Population Maintenance (GO:1902455),12/20,6.091540746654235e-12,biological regulation,GO_Biological_Process_2023,1.6636560862711146e-13,0.0,0.0,44.325688073394495,1304.265134500311,HDAC2;ING2;BRMS1;RBBP4;HDAC1;SIN3A;SAP30L;ARID4B;RBBP7;SUDS3;OGT;SAP30,0.6
6,666,Protein Deubiquitination (GO:0016579),31/112,1.6437443883819838e-18,cellular process,GO_Biological_Process_2023,2.5899333850556464e-20,0.0,0.0,11.603830076795957,523.3335453033206,USP13;PSMD14;ABRAXAS2;USP17L21;USP17L20;USP17L22;RNF2;USP19;USP17L24;USP17L4;USP17L5;USP17L8;ATXN7L3;USP46;USP17L15;USP7;ZRANB1;USP17L18;USP17L17;USP20;USP17L19;USP22;USP2;USP17L12;USP17L11;USP17L3;USP17L1;USP17L13;COPS5;OTUB1;OTUD3,0.2767857142857143
6,666,Nuclear Receptor Binding (GO:0016922),31/115,2.718672153599792e-18,binding,GO_Molecular_Function_2023,6.109375626066947e-20,0.0,0.0,11.18766404199475,494.96325960451344,DDX5;SMARCD3;KDM1A;BAZ2A;MED16;MED17;MED12;MED13;NSD1;NRIP1;PPARGC1B;NCOA1;SMARCE1;MED1;NCOA2;KDM4C;NCOA6;NCOA3;HMGA1;MED4;ARID1A;SMARCA4;ASXL1;MED22;SNW1;NCOR1;THRAP3;TADA3;CRY1;PPID;TAF1,0.26956521739130435
6,666,npBAF Complex (GO:0071564),11/12,1.0729031544204264e-14,protein-containing complex,GO_Cellular_Component_2023,5.993872371063835e-16,0.0,0.0,324.6763358778626,11380.10810951972,SMARCE1;SMARCD1;SMARCC1;SMARCB1;SMARCC2;SMARCD3;ACTL6A;ARID1A;ARID1B;SMARCA2;SMARCA4,0.9166666666666666
6,666,Transcription Cis-Regulatory Region Binding (GO:0000976),55/474,1.5505100422989613e-14,binding,GO_Molecular_Function_2023,6.53304793103495e-16,0.0,0.0,4.063626669374905,142.08262549244134,KDM5A;ARID4A;ASH2L;ARID4B;CTCF;HIF3A;CHD3;GABPB1;YY1;CIC;GABPA;MEN1;ZNF563;TCF12;TFE3;OXSR1;POLRMT;ETV5;RUNX1;RBL2;NCOR1;TFDP1;TFDP2;TBL1XR1;TFAM;ATF7;ZNF433;ZNF510;HDAC4;KMT2D;ZNF791;MAX;HDAC1;FOXK2;GATA1;PRDX5;MNT;RBBP5;HSF2;DHX36;HSF1;TBL1X;BRD7;TFAP2A;ZBTB17;HMGA1;SMARCA2;PER2;REST;TFCP2;CARM1;AGO2;TCF3;ZNF335;BMAL1,0.1160337552742616
6,666,Transcription Coregulator Binding (GO:0001221),25/99,2.946110289025382e-14,binding,GO_Molecular_Function_2023,1.3240945119215202e-15,0.0,0.0,10.150946578403676,347.7516106245868,HDAC3;SMARCD3;CTBP1;HDAC1;EHMT2;EHMT1;CHD4;CTCF;GATA1;HDAC6;TERT;ELOB;ELOC;SUZ12;MED1;ZBTB17;EED;HMGA1;MED6;SMARCA4;CDK9;PER2;CNOT2;ATF7;HDGF,0.25252525252525254
6,666,Positive Regulation Of Myoblast Differentiation (GO:0045663),17/38,4.1320097628020266e-14,biological regulation,GO_Biological_Process_2023,9.331744737420545e-16,0.0,0.0,24.08988186954289,833.7011740043168,SMARCE1;SMARCD1;SMARCD2;PBRM1;SMARCC1;SMARCB1;SMARCD3;SMARCC2;ACTL6B;ACTL6A;ARID1A;ARID1B;SMARCA2;SMARCA4;DPF3;ARID2;BRD7,0.4473684210526316
6,666,Negative Regulation Of Developmental Process (GO:0051093),26/109,6.916499467870735e-14,biological regulation,GO_Biological_Process_2023,1.5983507173650856e-15,0.0,0.0,9.422552710843371,321.0245249704938,SMARCD1;HDAC2;HDAC1;ARID4A;ARID4B;ING2;BCL7A;RBBP4;SIN3A;BCL7C;SAP30L;BCL7B;SUDS3;RBBP7;SUZ12;SS18;SMARCC1;ACTL6B;ACTL6A;HUWE1;MUL1;SMARCA2;SAP30;SMARCA4;BRMS1;OGT,0.23853211009174313
6,666,Nuclear Receptor Coactivator Activity (GO:0030374),18/50,2.8226068636872453e-13,None,GO_Molecular_Function_2023,1.3478740641203135e-14,0.0,0.0,16.755208333333332,535.1221925203914,NCOA1;MED1;NCOA2;SS18;KDM1A;NCOA6;NCOA3;USP22;HMGA1;MED4;MED17;MED12;MED22;MED13;THRAP3;CARM1;ATXN7L3;PPARGC1B,0.36
6,666,Regulation Of Histone Deacetylation (GO:0031063),13/21,3.7159692707997685e-13,None,GO_Biological_Process_2023,8.78249039842382e-15,0.0,0.0,48.09303215926493,1556.5798667756717,CTBP1;BAZ2A;SGF29;RRP8;KAT2B;ING2;KAT2A;TADA2A;ZZZ3;TADA3;MBIP;WDR5;KAT14,0.6190476190476191
6,666,Cysteine-Type Peptidase Activity (GO:0008234),28/144,6.812423690964284e-13,catalytic activity,GO_Molecular_Function_2023,3.4444838886898074e-14,0.0,0.0,7.2708896335531294,225.3933413349216,USP13;USP17L21;USP17L20;USP17L22;RNF2;USP19;USP17L24;USP17L4;USP17L5;CAPN7;USP17L8;USP46;USP17L15;USP7;ZRANB1;USP17L18;USP17L17;USP20;USP17L19;USP22;USP2;USP17L12;USP17L11;USP17L3;USP17L1;USP17L13;OTUB1;OTUD3,0.19444444444444445
6,666,Regulation Of Cell Fate Specification (GO:0042659),11/14,7.081081530273897e-13,biological regulation,GO_Biological_Process_2023,1.71076549575945e-14,0.0,0.0,108.21424936386768,3430.310584536637,MBD3;HDAC2;MTA1;RBBP4;HDAC1;CHD4;RBBP7;MTA2;MTA3;GATAD2B;GATAD2A,0.7857142857142857
6,666,bBAF Complex (GO:0140092),9/9,7.770868703331431e-13,protein-containing complex,GO_Cellular_Component_2023,4.7753941752316055e-14,0.0,0.0,174006.0,5337236.4082878325,SMARCE1;SMARCD2;SMARCB1;SMARCC2;ACTL6B;ARID1A;ARID1B;SMARCA2;SMARCA4,1.0
6,666,PRC1 Complex (GO:0035102),11/15,9.282648838603885e-13,protein-containing complex,GO_Cellular_Component_2023,6.223004808002603e-14,0.0,0.0,81.15648854961832,2467.80150650146,CBX8;CBX6;PHC2;PHC1;CBX4;RING1;PCGF5;CBX2;PCGF2;PHC3;RNF2,0.7333333333333333
6,666,Nucleosome Disassembly (GO:0006337),12/18,1.0559108590545573e-12,cellular process,GO_Biological_Process_2023,2.60650264577543e-14,0.0,0.0,59.10703363914373,1848.7605533769013,SMARCE1;SMARCD1;SMARCC1;SMARCD2;SET;SMARCB1;SMARCC2;SMARCD3;H2AC25;HMGA1;ARID2;SMARCA4,0.6666666666666666
6,666,Positive Regulation Of Lymphocyte Differentiation (GO:0045621),16/39,1.4034868942579704e-12,biological regulation,GO_Biological_Process_2023,3.5382022544318586e-14,0.0,0.0,20.667290969899664,640.1191688014086,SMARCE1;SMARCD1;SMARCD2;PBRM1;SMARCC1;SMARCB1;SMARCD3;SMARCC2;ACTL6B;ACTL6A;ARID1A;ARID1B;SMARCA2;SMARCA4;ARID2;BRD7,0.41025641025641024
6,666,Methylated Histone Binding (GO:0035064),20/71,1.824023312717021e-12,None,GO_Molecular_Function_2023,9.734955882478485e-14,0.0,0.0,11.705821647544466,350.71189716699934,KDM5A;L3MBTL1;CBX8;SUZ12;KDM4A;CBX6;FMR1;CBX2;CXXC1;MSL3;SGF29;CHD1;RRP8;PHF8;ING5;ING2;ZZZ3;DPF2;WDR5;TAF1,0.28169014084507044
6,666,Transcription Regulatory Region Nucleic Acid Binding (GO:0001067),34/224,2.308684143354961e-12,binding,GO_Molecular_Function_2023,1.297013563682562e-13,0.0,0.0,5.42051965356429,160.84601676660543,KDM5A;HDAC4;KMT2D;ARID4A;FOXK2;ASH2L;ARID4B;CTCF;CHD3;GABPB1;GATA1;YY1;RBBP5;DHX36;HSF1;TBL1X;BRD7;GABPA;MEN1;TFAP2A;TCF12;TFE3;SMARCA2;ETV5;RUNX1;PER2;REST;NCOR1;TBL1XR1;CARM1;TFAM;ATF7;ZNF335;BMAL1,0.15178571428571427
6,666,Transcription Initiation-Coupled Chromatin Remodeling (GO:0045815),15/34,2.3555069776049927e-12,cellular process,GO_Biological_Process_2023,6.061966486483438e-14,0.0,0.0,23.42347804996362,712.8738096709287,SMARCD1;SMARCB1;KMT2A;DPY30;ASH2L;SGF29;NOC2L;ARID1B;SMARCA4;KAT2B;RBBP5;WDR5;KAT7;BRD7;MEN1,0.4411764705882353
6,666,Regulation Of T Cell Differentiation (GO:0045580),17/47,2.5582805312127898e-12,biological regulation,GO_Biological_Process_2023,6.718173663899133e-14,0.0,0.0,16.855059065228556,511.2371164892418,SMARCE1;SMARCD1;SMARCD2;PBRM1;SMARCC1;SMARCB1;SMARCD3;SMARCC2;ACTL6B;ACTL6A;ARID1A;ARID1B;SMARCA2;SMARCA4;KAT2A;ARID2;BRD7,0.3617021276595745
6,666,Positive Regulation Of DNA Repair (GO:0045739),25/89,3.7862239817532705e-15,biological regulation,GO_Biological_Process_2023,8.35196466563221e-17,0.0,0.0,11.743125975039002,434.7475485499925,SMARCD1;SMARCD2;SMARCB1;SMARCD3;HDAC10;YY1;BCL7A;TRIM28;BCL7C;BCL7B;DPF1;DPF2;DPF3;ARID2;BRD7;SMARCE1;PBRM1;SMARCC1;SMARCC2;ACTL6B;ACTL6A;ARID1A;ARID1B;SMARCA2;SMARCA4,0.2808988764044944
6,666,Brahma Complex (GO:0035060),13/13,1.6465661038930717e-18,protein-containing complex,GO_Cellular_Component_2023,5.519215990703034e-20,0.0,0.0,251342.0,11145375.441513387,SMARCE1;SMARCD1;SMARCC1;SMARCD2;SMARCB1;SMARCC2;SMARCD3;ACTL6B;ACTL6A;ARID1A;ARID1B;SMARCA2;DPF3,1.0
6,666,Sin3 Complex (GO:0016580),14/21,3.3598205765164783e-15,None,GO_Cellular_Component_2023,1.6892952619356595e-16,0.0,0.0,59.285276073619634,2153.066338435936,HDAC2;HDAC1;ARID4B;SAP30;MORF4L1;ING2;BRMS1;RBBP4;SIN3B;SIN3A;SAP30L;RBBP7;SUDS3;OGT,0.6666666666666666
6,666,Protein Modification By Small Protein Removal (GO:0070646),28/114,2.6288439831080197e-15,cellular process,GO_Biological_Process_2023,5.66085101404563e-17,0.0,0.0,9.82255595246774,367.465475553041,USP13;PSMD14;USP17L21;USP17L20;USP17L22;RNF2;USP19;USP17L24;USP17L4;USP17L5;USP17L8;USP46;USP17L15;USP7;ZRANB1;USP17L18;USP17L17;USP20;USP17L19;USP22;USP2;USP17L12;USP17L11;USP17L3;USP17L1;USP17L13;COPS5;OTUD3,0.24561403508771928
6,666,Regulation Of G1/S Transition Of Mitotic Cell Cycle (GO:2000045),30/106,3.229372323080786e-18,biological regulation,GO_Biological_Process_2023,5.257906618461364e-20,0.0,0.0,11.9525819265144,530.5986450803672,SMARCD1;SMARCD2;SMARCB1;SMARCD3;CCND2;BCL7A;BCL7C;DPF1;BCL7B;DPF2;DPF3;ARID2;BRD7;CDKN2D;SMARCE1;SMARCC1;PBRM1;CDKN2B;SMARCC2;ACTL6B;ACTL6A;ARID1A;SMARCA2;ARID1B;SMARCA4;RBL2;TFDP1;PSME3;PSME1;PSME2,0.2830188679245283
6,666,Proteasomal Protein Catabolic Process (GO:0010498),41/220,1.0788370673410193e-17,cellular process,GO_Biological_Process_2023,1.8131715417496122e-19,0.0,0.0,7.019932960893855,302.93846232999664,PSMD12;PSMD11;RNF34;PSMD14;FAF1;UBE2D3;CUL1;PSMD8;PSMB6;PSMB7;PSMB4;PSMB5;MTA1;PSMD4;PSMB2;PSMB3;PSMD2;PSMD1;UBXN7;TBL1X;RFFL;SKP1;FBXW7;SIAH1;PPP2R5C;PML;RBX1;PSMA5;PSMA6;PSMA3;ITCH;CDC34;PSMA4;PSMC6;PSMA1;PSMA2;PSMC4;TBL1XR1;PSME4;CLOCK;BMAL1,0.18636363636363637
6,666,RSC-type Complex (GO:0016586),13/14,1.9161396937462485e-17,protein-containing complex,GO_Cellular_Component_2023,7.493283718560748e-19,0.0,0.0,384.8836140888208,16063.159837154888,SMARCE1;SUZ12;SMARCD1;PBRM1;SMARCC1;SMARCD2;SMARCB1;SMARCC2;ACTL6B;ACTL6A;SMARCA4;ARID2;BRD7,0.9285714285714286
6,666,Protein-Lysine N-methyltransferase Activity (GO:0016279),22/54,2.5151756454889888e-17,catalytic activity,GO_Molecular_Function_2023,6.358590115000254e-19,0.0,0.0,20.60578416149068,863.3681403152351,SETD5;KMT2D;SETD2;SETD3;KMT2A;SETDB1;KMT5C;SMYD5;EHMT2;SETD6;KMT2C;SETD1B;DOT1L;KMT2B;SETD1A;EHMT1;NSD1;SMYD2;KMT5B;KMT5A;JARID2;EZH1,0.4074074074074074
6,666,Chromatin DNA Binding (GO:0031490),26/83,3.418671418041342e-17,binding,GO_Molecular_Function_2023,9.603009601239725e-19,0.0,0.0,13.739089912280702,569.994175741468,HDAC2;SMARCD2;SMARCB1;KDM3B;HDAC1;CHD4;CTCF;GATA1;RBBP4;HSF1;MTA2;H3-3A;KDM6A;MBD3;SMARCE1;SUZ12;SMARCC1;SMARCC2;ACTL6A;ATRX;MBD2;GATAD2B;H1-3;SMARCA4;H1-4;CLOCK,0.3132530120481928
6,666,DNA-binding Transcription Factor Binding (GO:0140297),45/282,5.724686631594171e-17,binding,GO_Molecular_Function_2023,1.7688638468408962e-18,0.0,0.0,5.8389897878065184,238.6756806608101,PSMD10;HDAC4;HDAC2;HDAC3;SMARCD3;CCNT1;KDM1A;UHRF2;CTBP1;MAX;HDAC1;HDAC11;KEAP1;CHD4;NOC2L;GATA1;YY1;HIRA;MTA1;SIN3A;KAT8;UBXN7;DMAP1;MTA2;MED1;ZBTB17;SETD1A;TCF12;DNMT3A;PIAS2;HIPK2;RBX1;METTL23;KAT2B;KAT2A;REST;NCOR1;TFDP1;KAT6A;CARM1;CSNK2B;TCF3;ZFPM1;BMAL1;TAF1,0.1595744680851064
6,666,Nucleosomal DNA Binding (GO:0031492),18/34,8.035915038766128e-17,binding,GO_Molecular_Function_2023,2.708735406325661e-18,0.0,0.0,33.53819444444444,1356.621635065451,MBD3;SMARCE1;HDAC2;SMARCD2;SMARCC1;SMARCB1;SMARCC2;HDAC1;ACTL6A;MBD2;CHD4;GATAD2B;H1-3;SMARCA4;H1-4;RBBP4;MTA2;H3-3A,0.5294117647058824
6,666,Deubiquitinase Activity (GO:0101005),29/113,1.166368369027051e-16,catalytic activity,GO_Molecular_Function_2023,4.2592103363347375e-18,0.0,0.0,10.433019361590793,417.2941483325058,USP13;PSMD14;USP17L21;USP17L20;USP17L22;RNF2;USP19;USP17L24;USP17L4;USP17L5;USP17L8;USP46;USP17L15;USP7;ZRANB1;USP17L18;USP17L17;USP20;USP17L19;USP22;USP2;USP17L12;USP17L11;USP17L3;USP17L1;USP17L13;COPS5;OTUB1;OTUD3,0.25663716814159293
6,666,Histone H4 Acetylation (GO:0043967),19/39,1.397892539737584e-16,None,GO_Biological_Process_2023,2.4228179522762753e-18,0.0,0.0,28.359041731066466,1150.2881175170194,MEAF6;ACTL6B;PHF20;TRRAP;ACTL6A;MSL3;YEATS4;ING5;MORF4L1;KANSL1;KANSL2;KANSL3;EP400;WDR5;EPC1;KAT8;KAT7;DMAP1;OGT,0.48717948717948717
6,666,Regulation Of Cell Cycle Process (GO:0010564),31/130,1.6791044396765806e-16,biological regulation,GO_Biological_Process_2023,2.9984007851367512e-18,0.0,0.0,9.485166626898913,382.7117960388481,L3MBTL1;SMARCD1;SETD2;SMARCD2;SMARCB1;SMARCD3;RRP8;USP19;BCL7A;BCL7C;DPF1;BCL7B;DPF2;DPF3;ARID2;BRD7;SMARCE1;PLK3;PRMT5;SMARCC1;PBRM1;CDKN2B;SMARCC2;ACTL6B;ACTL6A;ARID1A;SMARCA2;ARID1B;SMARCA4;MYBBP1A;BIRC6,0.23846153846153847
6,666,Cysteine-Type Deubiquitinase Activity (GO:0004843),27/98,2.127704675065265e-16,catalytic activity,GO_Molecular_Function_2023,8.36737793564992e-18,0.0,0.0,11.46379686570125,450.78161117418864,USP13;USP17L21;USP17L20;USP17L22;RNF2;USP19;USP17L24;USP17L4;USP17L5;USP17L8;USP46;USP17L15;USP7;ZRANB1;USP17L18;USP17L17;USP20;USP17L19;USP22;USP2;USP17L12;USP17L11;USP17L3;USP17L1;USP17L13;OTUB1;OTUD3,0.2755102040816326
6,666,Ubiquitin-Dependent Protein Catabolic Process (GO:0006511),51/367,2.191052529948896e-16,cellular process,GO_Biological_Process_2023,4.027670091817823e-18,0.0,0.0,4.9908305032417415,199.8994490261979,FAF1;UBE2D3;KEAP1;PSMD8;PSMD4;PSMD2;PSMD1;UBXN7;ARIH1;ELOC;SKP1;FBXW7;PPP2R5C;KCTD6;RBX1;PSMA5;PSMA6;PSMA3;CDC34;PSMA4;PSMA1;PSMA2;TBL1XR1;CLOCK;PSMD12;PSMD11;RNF34;PSMD14;CUL1;NEDD8;RNF7;USP17L24;PSMB6;PSMB7;PSMB4;PSMB5;MTA1;PSMB2;PSMB3;PSMF1;TBL1X;RFFL;ZRANB1;SIAH1;PML;RNF146;ITCH;PSMC6;PSMC4;BMAL1;TAF1,0.13896457765667575
6,666,Histone Acetylation (GO:0016573),22/60,5.054883243877069e-16,None,GO_Biological_Process_2023,9.55755235186841e-18,0.0,0.0,17.346845374305328,679.8089929118601,ACTL6B;MEAF6;TRRAP;USP22;ACTL6A;MSL3;YEATS4;SGF29;TADA2B;KAT2B;MORF4L1;KAT2A;TADA2A;TADA3;WDR5;EP400;MBIP;EPC1;SUPT20H;DMAP1;ATXN7L3;KAT14,0.36666666666666664
6,666,Nucleosome Organization (GO:0034728),24/75,6.178643361718471e-16,cellular process,GO_Biological_Process_2023,1.2006817457120978e-17,0.0,0.0,14.13450613890416,550.6953002492744,SMARCE1;BRD2;SMARCD1;SETD2;SMARCC1;SMARCD2;SMARCB1;SMARCC2;SET;SMARCD3;ATRX;HMGA1;RSF1;ARID1A;CHD1;CABIN1;SMARCA4;HIRA;H2AC25;RBBP4;H3C14;H2BC21;ARID2;H3-3A,0.32
6,666,Regulation Of Cell Fate Commitment (GO:0010453),12/13,1.0658064471434393e-15,biological regulation,GO_Biological_Process_2023,2.1271347159375358e-17,0.0,0.0,354.73394495412845,13617.94196967496,MBD3;HDAC2;MTA1;RBBP4;HDAC1;CHD4;CHD3;RBBP7;MTA2;MTA3;GATAD2B;GATAD2A,0.9230769230769231
6,666,Histone Lysine Methylation (GO:0034968),17/32,1.0792116008257034e-15,None,GO_Biological_Process_2023,2.210569980682901e-17,0.0,0.0,33.736312275295326,1293.8110626007017,KMT2D;KMT2A;SETDB1;NCOA6;EHMT2;KMT2C;SETD1B;DOT1L;KMT2B;SETD1A;CXXC1;DPY30;RBBP5;SMYD2;WDR5;KDM6A;MEN1,0.53125
6,666,Proteasome-Mediated Ubiquitin-Dependent Protein Catabolic Process (GO:0043161),46/319,2.0688583317077235e-15,cellular process,GO_Biological_Process_2023,4.346341032999419e-17,0.0,0.0,5.1802315963606285,195.16321666274663,PSMD12;PSMD11;RNF34;CUL5;PSMD14;FAF1;UBE2D3;CUL2;CUL1;UBR2;USP19;PSMD8;PSMB6;PSMB7;PSMB4;PSMB5;MTA1;PSMD4;PSMB2;PSMB3;PSMD2;PSMD1;UBXN7;TBL1X;RFFL;SKP1;FBXW7;SIAH1;PPP2R5C;PML;RBX1;PSMA5;PSMA6;PSMA3;ITCH;CDC34;PSMA4;PSMC6;PSMA1;PSMA2;PSMC4;TBL1XR1;FBXL3;CLOCK;BMAL1;TAF1,0.14420062695924765
6,666,Sin3-type Complex (GO:0070822),14/21,3.3598205765164783e-15,protein-containing complex,GO_Cellular_Component_2023,1.6892952619356595e-16,0.0,0.0,59.285276073619634,2153.066338435936,HDAC2;HDAC1;ARID4B;SAP30;MORF4L1;ING2;BRMS1;RBBP4;SIN3B;SIN3A;SAP30L;RBBP7;SUDS3;OGT,0.6666666666666666
6,666,SUMOylation Of Chromatin Organization Proteins R-HSA-4551638,17/57,1.0132341884620587e-11,Metabolism of proteins,Reactome_2022,2.508146514336461e-12,0.0,0.0,12.634745762711864,337.4927218026473,HDAC4;CBX8;SUZ12;HDAC2;PHC2;PHC1;RING1;CBX4;HDAC1;CBX2;PCGF2;CHD3;PHC3;PIAS2;RNF2;PIAS1;SCMH1,0.2982456140350877
6,666,Negative Regulation Of Transmembrane Receptor Protein Serine/Threonine Kinase Signaling Pathway (GO:0090101),17/111,2.923652626256196e-06,biological regulation,GO_Biological_Process_2023,1.5335486038731236e-07,0.0,0.0,5.361439858374586,84.12373242558076,HDAC2;HDAC1;UBE2D3;ARID4A;ARID4B;SAP30;HIPK2;PPM1A;ING2;BRMS1;RBBP4;SIN3A;SAP30L;SUDS3;RBBP7;OGT;TRIM33,0.15315315315315314
6,666,DNA Alkylation (GO:0006305),7/15,4.146036982152837e-06,None,GO_Biological_Process_2023,2.2428666447570498e-07,0.0,0.0,25.660470409711685,392.8705483735978,EHMT2;ATRX;DNMT3A;EHMT1;BAZ2A;PPM1D;GATAD2A,0.4666666666666667
6,666,TP53 Regulates Transcription Of Cell Cycle Genes R-HSA-6791312,12/49,1.717046926227303e-07,Gene expression (Transcription),Reactome_2022,5.02314712595329e-08,0.0,0.0,9.569551202578726,160.83184976369864,RBL2;CCNA1;PLK3;TFDP1;TFDP2;PRMT1;CCNE1;PCBP4;CARM1;CNOT2;E2F4;ZNF385A,0.24489795918367346
6,666,RORA Activates Gene Expression R-HSA-1368082,8/18,1.621720093352201e-07,None,Reactome_2022,4.72146356292413e-08,0.0,0.0,23.49422492401216,396.3137877880426,NCOA1;NCOA2;SMARCD3;CHD9;NCOA6;TBL1XR1;CARM1;TBL1X,0.4444444444444444
6,666,Cytoprotection By HMOX1 R-HSA-9707564,13/57,1.2077357778435669e-07,Cellular responses to stimuli,Reactome_2022,3.4992063324300246e-08,0.0,0.0,8.727899206459696,149.84183531071056,NCOA1;NCOA2;HDAC3;SMARCD3;CHD9;NCOA6;NCOR2;NCOR1;SIN3B;SIN3A;TBL1XR1;CARM1;TBL1X,0.22807017543859648
6,666,Proteasome,30/46,1.9482818580367635e-31,"Folding, sorting and degradation",KEGG_2021_Human,1.4872380595700485e-33,0.0,0.0,56.951650943396224,4304.883450038767,PSMD12;PSMD11;PSMD14;PSMB10;PSMB6;PSMD8;PSMB7;PSMB4;PSMB5;PSMB2;PSMD4;PSMB3;PSMD2;PSMD1;PSMF1;PSMB8;PSMB9;PSMA5;SEM1;PSMA6;PSMA3;PSMA4;PSMC6;PSMA1;PSMA2;PSMC4;PSME3;PSME4;PSME1;PSME2,0.6521739130434783
6,666,Herpes simplex virus 1 infection,67/498,6.755070112727017e-21,Infectious disease: viral,KEGG_2021_Human,1.0313084141567966e-22,0.0,0.0,4.905705177616213,248.3564449209707,ZNF254;ZNF331;ZNF253;ZNF607;ZNF528;ZNF649;ZNF41;ZNF208;ZNF765;ZNF324;ZNF563;ZNF320;ZNF285;ZNF680;ZNF705D;ZNF282;ZNF480;ZNF705A;ZNF99;ZNF519;ZNF317;ZNF713;ZNF558;ZNF679;ZNF479;ZNF676;ZNF433;ZNF675;ZNF510;ZNF234;ZNF233;ZNF430;ZNF670;ZNF791;ZNF273;ZNF350;ZNF195;ZNF2;ZNF3;ZNF25;ZNF708;ZNF669;ZNF547;ZNF224;ZNF860;ZNF141;POU2F1;PML;ZNF33A;ZFP69;ZNF37A;ZNF737;ZNF30;ZNF417;ZNF735;ZNF778;ZNF613;ZNF214;ZNF610;ZNF354A;ZNF136;ZNF257;ZNF730;ZNF333;ZNF454;ZNF354C;ZNF772,0.13453815261044177
6,666,Alcoholism,31/186,5.231857335787655e-12,Substance dependence,KEGG_2021_Human,1.198135267737631e-13,0.0,0.0,6.040629921259843,179.7258943643244,HDAC4;HDAC2;HDAC3;HDAC10;HDAC1;HDAC11;H2AC15;H2AC16;H2AC17;HDAC6;H2AC18;HDAC7;H2AC11;H2AC12;H2AC13;H3C14;H2BC21;H3C10;H4C3;H3C4;H3-3A;H3-3B;H2AZ2;H2AC8;H2AC6;H2BC5;H2AC1;H2BC18;H2AJ;H2BC10;H2AC21,0.16666666666666666
6,666,B-WICH Complex Positively Regulates rRNA Expression R-HSA-5250924,13/59,1.8421660048062134e-07,Gene expression (Transcription),Reactome_2022,5.440996638668141e-08,0.0,0.0,8.347559757640322,139.6272821797882,H2AZ2;H2AC6;H2BC5;BAZ1B;KAT2B;H2AJ;KAT2A;TAF1D;TAF1B;MYBBP1A;H2BC21;POLR1G;H3-3B,0.22033898305084745
6,666,Neutrophil extracellular trap formation,31/189,6.132789015095473e-12,Immune system,KEGG_2021_Human,1.8726073328535796e-13,0.0,0.0,5.925007475331406,173.63989521133863,HDAC4;HDAC2;HDAC3;HDAC10;HDAC1;HDAC11;H2AC15;H2AC16;H2AC17;HDAC6;H2AC18;HDAC7;H2AC11;H2AC12;H2AC13;H3C14;H2BC21;H3C10;H4C3;H3C4;H3-3A;H3-3B;H2AZ2;H2AC8;H2AC6;H2BC5;H2AC1;H2BC18;H2AJ;H2BC10;H2AC21,0.164021164021164
6,666,Lysine degradation,17/63,3.296730539518451e-10,Amino acid metabolism,KEGG_2021_Human,1.5099529188634126e-11,0.0,0.0,10.983318818248812,273.6642987847935,KMT2D;SETD2;KMT2A;SETDB1;KMT5C;EHMT2;KMT2C;SETD1B;DOT1L;KMT2B;SETD1A;EHMT1;NSD1;SMYD2;KMT5B;KMT5A;EZH1,0.2698412698412698
6,666,Ubiquitin mediated proteolysis,24/140,7.283403616403171e-10,"Folding, sorting and degradation",KEGG_2021_Human,3.891895062200168e-11,0.0,0.0,6.193361263293587,148.45201942889352,PIAS3;CUL5;FBXW7;UBE2D3;CUL2;SIAH1;CUL1;HUWE1;KEAP1;UBE3A;RNF7;PIAS2;PML;PIAS1;RBX1;DDB2;ITCH;CDC34;UBA3;ELOB;BIRC6;ELOC;SKP1;UBE2M,0.17142857142857143
6,666,Spinocerebellar ataxia,24/143,1.0111118111424963e-09,Neurodegenerative disease,KEGG_2021_Human,6.174728617664101e-11,0.0,0.0,6.036283672347444,141.90078206023657,PSMD12;PSMD11;PSMD14;PSMD8;ATXN2L;SEM1;PSMA5;PSMB6;PSMA6;PSMB7;PSMA3;PSMB4;PSMA4;PSMB5;PSMC6;PSMD4;PSMA1;PSMB2;PSMA2;PSMB3;PSMC4;PSMD2;PSMD1;CIC,0.16783216783216784
6,666,Viral carcinogenesis,26/203,5.5886583419118095e-08,Cancer: overview,KEGG_2021_Human,4.2661514060395495e-09,0.0,0.0,4.396910310734463,84.73969019287317,HDAC4;HDAC2;HDAC3;HDAC10;HDAC1;HDAC11;UBE3A;CHD4;HDAC6;HDAC7;CCND3;CCND2;H2BC21;H4C3;CDKN2B;USP7;H2BC5;H2BC18;RBL2;KAT2B;CCNA1;KAT2A;SNW1;CCNE1;H2BC10;DNAJA3,0.12807881773399016
6,666,Hepatocellular carcinoma,22/168,5.262429683469025e-07,Cancer: specific types,KEGG_2021_Human,4.41883408535567e-08,0.0,0.0,4.489662213902833,76.0315534988545,SMARCE1;SMARCD1;SMARCC1;PBRM1;SMARCD2;SMARCB1;SMARCC2;SMARCD3;ACTL6B;TXNRD1;ACTL6A;KEAP1;ARID1A;SMARCA2;ARID1B;SMARCA4;DDB2;TERT;DPF1;DPF3;ARID2;BRD7,0.13095238095238096
6,666,Cell cycle,18/124,1.67628892699388e-06,Cell growth and death,KEGG_2021_Human,1.5355318415211113e-07,0.0,0.0,5.038784067085954,79.05458598337181,CDKN2D;ZBTB17;HDAC2;CDKN2B;HDAC1;CUL1;CDC14A;RBX1;RBL2;CCNA1;CCND3;CCND2;TFDP1;TFDP2;CCNE1;E2F4;E2F5;SKP1,0.14516129032258066
6,666,Transcriptional misregulation in cancer,31/192,7.597195659514422e-12,Cancer: overview,KEGG_2021_Human,2.899692999814665e-13,0.0,0.0,5.813693940431359,167.83553815472584,DDX5;HDAC2;CCNT1;KMT2A;MAX;HDAC1;DOT1L;PRCC;BMI1;CCND2;SIN3A;H3C14;H3C10;H3C4;H3-3A;MEN1;H3-3B;KDM6A;ZBTB17;SS18;TFE3;ETV4;ETV5;PML;RUNX1;DDB2;CDK9;PER2;CCNA1;NCOR1;TCF3,0.16145833333333334
6,666,Transcriptional Regulation Of Granulopoiesis R-HSA-9616222,13/59,1.8421660048062134e-07,Developmental Biology,Reactome_2022,5.440996638668141e-08,0.0,0.0,8.347559757640322,139.6272821797882,H2AZ2;H2AC6;CBFB;KMT2A;H2BC5;PML;RUNX1;H2AJ;TFDP1;TFDP2;H2BC21;MYB;H3-3B,0.22033898305084745
6,666,DNA Damage/Telomere Stress Induced Senescence R-HSA-2559586,13/61,2.797786040732246e-07,Cellular responses to stimuli,Reactome_2022,8.302853088530295e-08,0.0,0.0,7.998915262889229,130.4149666985796,H2AZ2;H2AC6;H2BC5;HMGA1;H1-3;CABIN1;CCNA1;HIRA;H1-4;H2AJ;CCNE1;H2BC21;EP400,0.21311475409836064
6,666,Defective Pyroptosis R-HSA-9710421,11/42,2.880928823869511e-07,Disease,Reactome_2022,8.590111261045518e-08,0.0,0.0,10.457178034966756,170.13900875611762,SUZ12;H2AZ2;H2AJ;RBBP4;H2AC6;H2BC5;EED;H2BC21;DNMT3A;RBBP7;H3-3B,0.2619047619047619
6,666,Negative Regulation Of Transforming Growth Factor Beta Receptor Signaling Pathway (GO:0030512),14/77,4.059774276880808e-06,biological regulation,GO_Biological_Process_2023,2.174879076900433e-07,0.0,0.0,6.568166325835038,100.76304476192912,HDAC2;HDAC1;ARID4A;ARID4B;SAP30;PPM1A;ING2;BRMS1;RBBP4;SIN3A;SAP30L;RBBP7;SUDS3;OGT,0.18181818181818182
6,666,Regulation Of TP53 Activity Thru Association With Co-factors R-HSA-6804759,6/14,9.84749531770461e-06,Gene expression (Transcription),Reactome_2022,3.185547008540169e-06,0.0,0.0,21.96136363636364,277.96248777536255,PHF20;PPP1R13L;TP53BP2;TP63;ZNF385A;BANP,0.42857142857142855
6,666,SUMOylation Of RNA Binding Proteins R-HSA-4570464,10/47,8.26830064857496e-06,Metabolism of proteins,Reactome_2022,2.6630672975016403e-06,0.0,0.0,7.9503131179960445,102.05047343472876,CBX8;PHC2;PHC1;CBX4;RING1;CBX2;PCGF2;SCMH1;PHC3;RNF2,0.2127659574468085
6,666,SIRT1 Negatively Regulates rRNA Expression R-HSA-427359,9/37,8.020630042571941e-06,Gene expression (Transcription),Reactome_2022,2.5720163849597788e-06,0.0,0.0,9.445205479452056,121.56754318857168,H2AZ2;TAF1D;H2AJ;TAF1B;H2AC6;H2BC5;H2BC21;RRP8;H3-3B,0.24324324324324326
6,666,Regulation Of TP53 Expression And Degradation R-HSA-6806003,9/37,8.020630042571941e-06,Gene expression (Transcription),Reactome_2022,2.5720163849597788e-06,0.0,0.0,9.445205479452056,121.56754318857168,CCNA1;USP7;RNF34;PHF20;USP2;CCNG1;MDM4;PPP2R5C;RFFL,0.24324324324324326
6,666,HSF1-dependent Transactivation R-HSA-3371571,9/36,6.336572177528541e-06,Cellular responses to stimuli,Reactome_2022,2.005244359977386e-06,0.0,0.0,9.795535261288686,128.51492113571948,HSPA8;HSP90AB1;DNAJB6;HSPA1L;PTGES3;HSF1;HSPA2;RLN1;FKBP4,0.25
6,666,Regulation Of TP53 Degradation R-HSA-6804757,9/36,6.336572177528541e-06,Gene expression (Transcription),Reactome_2022,2.005244359977386e-06,0.0,0.0,9.795535261288686,128.51492113571948,CCNA1;USP7;RNF34;PHF20;USP2;CCNG1;MDM4;PPP2R5C;RFFL,0.25
6,666,Activated PKN1 Stimulates Transcription Of Androgen Receptor Regulated KLK2 And KLK3 R-HSA-5625886,9/36,6.336572177528541e-06,Signal Transduction,Reactome_2022,2.005244359977386e-06,0.0,0.0,9.795535261288686,128.51492113571948,H2AZ2;NCOA2;H2AJ;KDM4C;KDM1A;H2AC6;H2BC5;H2BC21;H3-3B,0.25
6,666,TP53 Regulates Transcription Of Genes Involved In G2 Cell Cycle Arrest R-HSA-6804114,7/18,3.269781831569628e-06,Gene expression (Transcription),Reactome_2022,1.016345688856382e-06,0.0,0.0,18.659263346668507,257.4847171275597,RBL2;TFDP1;TFDP2;PRMT1;CARM1;E2F4;ZNF385A,0.3888888888888889
6,666,Diseases Of Programmed Cell Death R-HSA-9645723,13/71,1.7567165210999875e-06,Disease,Reactome_2022,5.410983377227809e-07,0.0,0.0,6.616359507841791,95.47184992313684,SUZ12;H2AZ2;H2AC6;H2BC5;EED;DNMT3A;H2AJ;RBBP4;H2BC21;PRDX1;LMNA;RBBP7;H3-3B,0.18309859154929578
6,666,Metalloprotease DUBs R-HSA-5689901,9/31,1.6256537504757237e-06,Metabolism of proteins,Reactome_2022,4.984423594988857e-07,0.0,0.0,12.024906600249066,174.50277363600298,H2AC11;H2AC12;KAT2B;H2AC25;PSMD14;H2AC6;H2AC21;ABRAXAS2;H2AC1,0.2903225806451613
6,666,Downregulation Of SMAD2/3:SMAD4 Transcriptional Activity R-HSA-2173795,9/31,1.6256537504757237e-06,Gene expression (Transcription),Reactome_2022,4.984423594988857e-07,0.0,0.0,12.024906600249066,174.50277363600298,TGIF1;NCOR2;PPM1A;TGIF2;NCOR1;SNW1;HDAC1;UBE2D3;TRIM33,0.2903225806451613
6,666,Mitochondrial Biogenesis R-HSA-1592230,15/89,7.542208825246551e-07,Organelle biogenesis and maintenance,Reactome_2022,2.280696058267241e-07,0.0,0.0,5.997010835720513,91.71597466765613,NCOA1;NCOA2;HDAC3;SMARCD3;CHD9;NCOA6;POLRMT;NCOR1;POLG2;TBL1XR1;CARM1;TFAM;TBL1X;GABPA;PPARGC1B,0.16853932584269662
6,666,SUMOylation Of DNA Damage Response And Repair Proteins R-HSA-3108214,14/76,6.096422485502854e-07,Metabolism of proteins,Reactome_2022,1.834928849363728e-07,0.0,0.0,6.674450821294281,103.52800701851815,CBX8;PHC2;PHC1;RING1;CBX4;CBX2;PCGF2;PHC3;PIAS2;RNF2;PML;PIAS1;HDAC7;SCMH1,0.18421052631578946
6,666,Attenuation Phase R-HSA-3371568,9/26,2.993917092585758e-07,Cellular responses to stimuli,Reactome_2022,8.969118716185183e-08,0.0,0.0,15.565672844480256,252.5825127111342,HSPA8;HSP90AB1;DNAJB6;HSPA1L;PTGES3;HSF1;HSPA2;RLN1;FKBP4,0.34615384615384615
6,666,Epstein-Barr virus infection,23/202,2.9610978241304863e-06,Infectious disease: viral,KEGG_2021_Human,2.938494023946284e-07,0.0,0.0,3.827771358071887,57.57044079915807,USP7;PSMD12;HDAC2;PSMD11;PSMD14;HDAC1;DDB2;SAP30;PSMD8;NCOR2;SEM1;CCNA1;CCND3;SNW1;PSMC6;CCND2;PSMD4;PSMC4;CCNE1;SIN3A;PSMD2;SAP30L;PSMD1,0.11386138613861387
6,666,Thyroid hormone signaling pathway,17/121,5.104968482306375e-06,Endocrine system,KEGG_2021_Human,5.45569150780834e-07,0.0,0.0,4.843398127296433,69.84875744164,NCOA1;MED1;NCOA2;HDAC2;HDAC3;HDAC1;NCOA3;MED4;MED16;MED17;MED12;KAT2B;KAT2A;MED13;MED24;NCOR1;SIN3A,0.14049586776859505
6,666,Systemic lupus erythematosus,23/135,1.647227885398296e-09,Immune disease,KEGG_2021_Human,1.1316832800446309e-10,0.0,0.0,6.138996889580094,140.5961955522744,H2AZ2;H2AC8;H2AC6;H2BC5;H2AC1;H2AC15;H2AC16;H2AC17;H2BC18;H2AC18;H2AC11;H2AC12;H2AC13;H2AJ;H3C14;H2BC21;H2BC10;H2AC21;H3C10;H4C3;H3C4;H3-3A;H3-3B,0.17037037037037037
6,666,RAF/MAP Kinase Cascade R-HSA-5673001,35/271,2.7318095677556385e-11,Signal Transduction,Reactome_2022,6.915973589254781e-12,0.0,0.0,4.488637889817079,115.34536887681348,PSMD10;PSMD12;PSMD11;PSMD14;PSMB10;PSMD8;PSMB6;PSMB7;PSMB4;PSMB5;PSMD4;PSMB2;FNTA;PSMD5;PSMB3;PSMD2;PSMF1;LYPLA1;PPP2R5C;PSMB8;PSMB9;RBX1;PSMA5;SEM1;PSMA6;PSMA3;PSMA4;PSMC6;PSMA1;PSMA2;PSMC4;PSME3;PSME4;PSME1;PSME2,0.12915129151291513
6,666,HDMs Demethylate Histones R-HSA-3214842,12/26,4.124227539892807e-11,Chromatin organization,Reactome_2022,1.0615100419133386e-11,0.0,0.0,25.321100917431192,639.832405757222,KDM5A;KDM5B;KDM4A;KDM5C;KDM3B;KDM4C;KDM1A;KDM2B;KDM4D;KDM1B;PHF8;KDM6A,0.46153846153846156
6,666,Disorders Of Developmental Biology R-HSA-9675151,9/12,3.75131000698741e-11,Disease,Reactome_2022,9.602509441233595e-12,0.0,0.0,88.26940639269407,2239.3062752048527,MECP2;NCOR2;HDAC3;NCOR1;HDAC1;SIN3A;TBL1XR1;GPS2;TBL1X,0.75
6,666,Signaling By TGFB Family Members R-HSA-9006936,23/119,3.024963683894072e-11,Signal Transduction,Reactome_2022,7.700681108084768e-12,0.0,0.0,7.168124675997927,183.43024844296497,TGIF1;CDKN2B;TGIF2;CCNT1;HDAC1;UBE2D3;CCNC;NEDD8;YBX1;CDK9;NCOR2;CDK8;PPM1A;SNW1;XPO1;NCOR1;TFDP1;TFDP2;E2F4;E2F5;TRIM33;MEN1;UBE2M,0.19327731092436976
6,666,G1/S-Specific Transcription R-HSA-69205,10/29,6.17115235050573e-08,Cell Cycle,Reactome_2022,1.770625990862403e-08,0.0,0.0,15.496630295250322,276.6047406560804,RBL2;CCNA1;TFDP1;LIN37;RBBP4;TFDP2;HDAC1;CCNE1;E2F4;E2F5,0.3448275862068966
6,666,HCMV Early Events R-HSA-9609690,21/96,2.0470752334019308e-11,Disease,Reactome_2022,5.153677451180669e-12,0.0,0.0,8.360496124031007,217.3002514285226,SUZ12;HDAC3;H2AC6;H2BC5;EED;GPS2;H2AC1;H2BC18;PML;H2AC11;NCOR2;H2AC12;NCOR1;H2AC25;TRIM28;RBBP4;TBL1XR1;H2BC21;H2AC21;RBBP7;TBL1X,0.21875
6,666,NR1H3 And NR1H2 Regulate Gene Expression Linked To Cholesterol Transport And Efflux R-HSA-9029569,14/36,1.3867022220560307e-11,Signal Transduction,Reactome_2022,3.4716314419968146e-12,0.0,0.0,18.848856664807585,497.3534050818752,NCOA1;KDM4A;HDAC3;KDM1A;KDM1B;GPS2;NCOR2;MOV10;NCOR1;TBL1XR1;AGO2;TBL1X;TNRC6A;TNRC6B,0.3888888888888889
6,666,NF-kappaB Binding (GO:0051059),8/26,9.111038120247432e-06,binding,GO_Molecular_Function_2023,1.3308257928451303e-06,0.0,0.0,13.046943600135087,176.52137518888102,PSMA6;HDAC2;HDAC3;BRMS1;HDAC1;FAF1;SETD6;TP53BP2,0.3076923076923077
6,666,NR1H2 And NR1H3-mediated Signaling R-HSA-9024446,15/46,4.455528500856935e-11,Signal Transduction,Reactome_2022,1.1530481633722588e-11,0.0,0.0,14.347405975917942,361.3541544371768,NCOA1;KDM4A;HDAC3;KDM1A;KDM1B;GPS2;NCOR2;MOV10;NCOR1;TBL1XR1;NRIP1;AGO2;TBL1X;TNRC6A;TNRC6B,0.32608695652173914
6,666,Positive Regulation Of T Cell Activation (GO:0050870),16/107,8.822684178077326e-06,biological regulation,GO_Biological_Process_2023,4.958126087469926e-07,0.0,0.0,5.205207100591716,75.56434432233867,SMARCE1;SMARCD1;SMARCC1;PBRM1;SMARCD2;SMARCB1;SMARCC2;SMARCD3;ACTL6B;ACTL6A;ARID1A;SMARCA2;ARID1B;SMARCA4;ARID2;BRD7,0.14953271028037382
6,666,DNA-templated Transcription Initiation (GO:0006352),12/59,8.149613177930544e-06,cellular process,GO_Biological_Process_2023,4.494271973123462e-07,0.0,0.0,7.529572516103846,110.04690065581264,CDK9;RRN3;NCOA6;UBTF;TFAM;RSF1;ELOB;ELOC;POLRMT;MED17;MED7;TAF1,0.2033898305084746
6,666,Mitotic Spindle (GO:0072686),18/143,7.202703047021586e-06,cellular anatomical structure,GO_Cellular_Component_2023,1.327872628780516e-06,0.0,0.0,4.268666666666666,57.76330887209089,HDAC3;NUMA1;SGF29;CDC14A;EML4;KAT2B;KAT2A;TAF1D;TADA2A;ZZZ3;NCOR1;TFDP2;TBL1XR1;TADA3;MBIP;WDR5;TBL1X;KAT14,0.1258741258741259
6,666,Histone Deacetylase Activity (GO:0004407),7/18,7.094491475154354e-06,catalytic activity,GO_Molecular_Function_2023,1.016345688856382e-06,0.0,0.0,18.659263346668507,257.4847171275597,HDAC4;HDAC2;HDAC3;HDAC10;HDAC11;SUDS3;HDAC6,0.3888888888888889
6,666,Lysine N-methyltransferase Activity (GO:0016278),8/25,6.756418346023387e-06,catalytic activity,GO_Molecular_Function_2023,9.489351609583408e-07,0.0,0.0,13.815126050420169,191.58713696442103,SETD2;SETD3;SETD9;EHMT2;SETD6;SMYD2;EHMT1;KMT5A,0.32
6,666,Set1C/COMPASS Complex (GO:0048188),6/12,5.805424714546401e-06,protein-containing complex,GO_Cellular_Component_2023,1.037841289751312e-06,0.0,0.0,29.284848484848485,403.4974100225243,RBBP5;SETD1B;SETD1A;CXXC1;WDR5;DPY30,0.5
6,666,2-Oxoglutarate-Dependent Dioxygenase Activity (GO:0016706),10/41,5.01658424025892e-06,catalytic activity,GO_Molecular_Function_2023,6.904849094738402e-07,0.0,0.0,9.49203383162864,134.65277428625035,KDM5A;KDM5B;KDM4A;KDM4C;KDM2B;KDM4D;TET3;JARID2;PHF8;KDM6A,0.24390243902439024
6,666,Nuclear Retinoic Acid Receptor Binding (GO:0042974),7/17,4.742649253716271e-06,binding,GO_Molecular_Function_2023,6.394583263437667e-07,0.0,0.0,20.526251896813356,292.7586313416747,ASXL1;MED1;SNW1;NCOA6;NSD1;NRIP1;HMGA1,0.4117647058823529
6,666,Transcription By RNA Polymerase II (GO:0006366),22/192,8.545003112534424e-06,cellular process,GO_Biological_Process_2023,4.757197110969794e-07,0.0,0.0,3.8510047497259774,56.06461002936281,NCOA1;MED1;NCOA2;SETD2;PBRM1;ZNF141;CCNT1;CBFB;SRCAP;MED4;MED16;MED7;MED17;CDK9;MNT;TFCP2;TFDP1;NFIC;MED20;ELOB;ELOC;TAF1,0.11458333333333333
6,666,G0 And Early G1 R-HSA-1538133,12/27,7.083814774700922e-11,Cell Cycle,Reactome_2022,1.8531498566728148e-11,0.0,0.0,23.63180428134557,583.9784943354042,RBL2;CCNA1;TFDP1;LIN37;RBBP4;TFDP2;HDAC1;MAX;CCNE1;DYRK1A;E2F4;E2F5,0.4444444444444444
6,666,MAPK1/MAPK3 Signaling R-HSA-5684996,35/277,4.9924915881393985e-11,Signal Transduction,Reactome_2022,1.2990308632992812e-11,0.0,0.0,4.375974119526922,109.69174475378468,PSMD10;PSMD12;PSMD11;PSMD14;PSMB10;PSMD8;PSMB6;PSMB7;PSMB4;PSMB5;PSMD4;PSMB2;FNTA;PSMD5;PSMB3;PSMD2;PSMF1;LYPLA1;PPP2R5C;PSMB8;PSMB9;RBX1;PSMA5;SEM1;PSMA6;PSMA3;PSMA4;PSMC6;PSMA1;PSMA2;PSMC4;PSME3;PSME4;PSME1;PSME2,0.1263537906137184
6,666,Formation Of beta-catenin:TCF Transactivating Complex R-HSA-201722,15/60,2.8063621934496644e-09,Signal Transduction,Reactome_2022,7.775715219544077e-10,0.0,0.0,9.876600102406554,207.160161079473,TLE3;KMT2D;H2AZ2;H2AC6;H2BC5;TRRAP;HDAC1;ASH2L;SMARCA4;H2AJ;TERT;RBBP5;H2BC21;H3-3B;MEN1,0.25
6,666,"BMAL1:CLOCK,NPAS2 Activates Circadian Gene Expression R-HSA-1368108",10/27,2.8020029340858183e-08,Circadian clock,Reactome_2022,7.921274117457797e-09,0.0,0.0,17.321556671449066,323.1113602111727,NCOA1;NCOA2;SMARCD3;CHD9;NCOA6;TBL1XR1;CARM1;TBL1X;BMAL1;CLOCK,0.37037037037037035
6,666,Transcription Of E2F Targets Under Negative Control By DREAM Complex R-HSA-1362277,9/19,1.1622391987747069e-08,Cell Cycle,Reactome_2022,3.269308576018865e-09,0.0,0.0,26.471232876712328,517.2131421275043,RBL2;TFDP1;LIN37;RBBP4;TFDP2;HDAC1;MAX;E2F4;E2F5,0.47368421052631576
6,666,Cyclin D Associated Events In G1 R-HSA-69231,13/47,9.760222435651611e-09,Cell Cycle,Reactome_2022,2.731764085365218e-09,0.0,0.0,11.300783713178992,222.83244974581729,CDKN2D;CDKN2B;CUL1;PPP2R2A;RBL2;CCND3;CCND2;TFDP1;TFDP2;CCNE1;E2F4;E2F5;SKP1,0.2765957446808511
6,666,Regulation Of RUNX1 Expression And Activity R-HSA-8934593,9/17,3.280083464185796e-09,Gene expression (Transcription),Reactome_2022,9.134409647099683e-10,0.0,0.0,33.092465753424655,688.780042047846,MOV10;CCND3;CCND2;CBFB;AGO2;PML;TNRC6A;RUNX1;TNRC6B,0.5294117647058824
6,666,Loss Of MECP2 Binding Ability To NCoR/SMRT Complex R-HSA-9022537,7/7,1.6739296103553578e-10,Disease,Reactome_2022,4.4025996784311096e-11,0.0,0.0,135338.0,3227302.540161864,MECP2;NCOR2;HDAC3;NCOR1;TBL1XR1;GPS2;TBL1X,1.0
6,666,Pre-NOTCH Expression And Processing R-HSA-1912422,17/78,2.1288887183138003e-09,Signal Transduction,Reactome_2022,5.868666508994443e-10,0.0,0.0,8.276061532243805,175.91781356653195,H2AZ2;H2AC6;H2BC5;RFNG;RUNX1;KAT2B;MOV10;H2AJ;KAT2A;TFDP1;SNW1;TFDP2;H2BC21;AGO2;TNRC6A;H3-3B;TNRC6B,0.21794871794871795
6,666,Transcription Of E2F Targets Under Negative Control By P107 (RBL1) And P130 (RBL2) In Complex With HDAC1 R-HSA-1362300,8/16,5.1858855920451174e-08,Cell Cycle,Reactome_2022,1.4733458362772342e-08,0.0,0.0,29.37082066869301,529.6482634938353,RBL2;TFDP1;LIN37;RBBP4;TFDP2;HDAC1;E2F4;E2F5,0.5
6,666,PRC2 Methylates Histones And DNA R-HSA-212300,13/42,2.1063886847397173e-09,Gene expression (Transcription),Reactome_2022,5.777015380087832e-10,0.0,0.0,13.252627132069492,281.9094039568897,SUZ12;H2AZ2;H2AC6;H2BC5;EED;DNMT3A;H2AJ;RBBP4;AEBP2;H2BC21;RBBP7;JARID2;H3-3B,0.30952380952380953
6,666,Pre-NOTCH Transcription And Translation R-HSA-1912408,16/62,4.6543237694432323e-10,Signal Transduction,Reactome_2022,1.2568638027188477e-10,0.0,0.0,10.32133779264214,235.29792557531204,H2AZ2;H2AC6;H2BC5;RUNX1;KAT2B;MOV10;H2AJ;KAT2A;TFDP1;SNW1;TFDP2;H2BC21;AGO2;TNRC6A;H3-3B;TNRC6B,0.25806451612903225
6,666,SUMOylation Of DNA Methylation Proteins R-HSA-4655427,11/16,7.893117968456998e-13,Metabolism of proteins,Reactome_2022,1.9316491230823038e-13,0.0,0.0,64.9218320610687,1900.6017021357088,CBX8;PHC2;PHC1;CBX4;RING1;CBX2;PCGF2;DNMT3A;SCMH1;PHC3;RNF2,0.6875
6,666,Heme Signaling R-HSA-9707616,14/45,4.3041400391793575e-10,Cellular responses to stimuli,Reactome_2022,1.1562457770509948e-10,0.0,0.0,13.3703740352266,305.92315047030905,NCOA1;NCOA2;HDAC3;SMARCD3;CHD9;NCOA6;XPO1;NCOR1;TBL1XR1;CARM1;NRIP1;TBL1X;BMAL1;CLOCK,0.3111111111111111
6,666,Regulation Of TP53 Activity Thru Methylation R-HSA-6804760,10/19,4.13266217252197e-10,Gene expression (Transcription),Reactome_2022,1.104368231756926e-10,0.0,0.0,32.732046070460704,750.433790786019,L3MBTL1;PRMT5;SETD9;TTC5;EHMT2;JMY;SMYD2;EHMT1;MDM4;KMT5A,0.5263157894736842
6,666,Transcriptional Activation Of Mitochondrial Biogenesis R-HSA-2151201,15/52,3.1553868506094523e-10,Organelle biogenesis and maintenance,Reactome_2022,8.387737197822595e-11,0.0,0.0,12.017063146095404,278.8158762970739,NCOA1;NCOA2;HDAC3;SMARCD3;CHD9;NCOA6;POLRMT;NCOR1;POLG2;TBL1XR1;CARM1;TFAM;TBL1X;GABPA;PPARGC1B,0.28846153846153844
6,666,Transcriptional Regulation By MECP2 R-HSA-8986944,16/60,2.767976608755044e-10,Gene expression (Transcription),Reactome_2022,7.318981750294631e-11,0.0,0.0,10.791608391608392,251.85417688437283,HDAC2;HDAC3;HDAC1;GPS2;HIPK2;MECP2;NCOR2;MOV10;NCOR1;SIN3A;TBL1XR1;AGO2;TBL1X;PTPN4;TNRC6A;TNRC6B,0.26666666666666666
6,666,HCMV Infection R-HSA-9609646,21/121,1.8873146219888413e-09,Disease,Reactome_2022,5.123090324104732e-10,0.0,0.0,6.262232558139535,133.96226186026692,SUZ12;HDAC3;H2AC6;H2BC5;EED;GPS2;H2AC1;H2BC18;PML;H2AC11;NCOR2;H2AC12;H2AC25;NCOR1;TRIM28;RBBP4;TBL1XR1;H2BC21;H2AC21;RBBP7;TBL1X,0.17355371900826447
7,534,Anti-inflammatory Response Favoring Leishmania Infection R-HSA-9662851,33/165,2.2647176408654284e-18,Disease,Reactome_2022,9.524513442891988e-20,0.0,0.0,9.647704590818364,422.5485547169851,GPR27;VIPR1;GPR25;VIPR2;CALCRL;GPR45;SCT;ADRB1;GPR83;PTH1R;PTH2;HTR4;RXFP1;CRHR1;GHRHR;MC2R;HTR7;CALCR;HRH2;GPR150;GPHA2;PTGDR;DRD5;GPR39;GPR32;GLP2R;SCTR;GPBAR1;PTH2R;MC1R;ADORA2A;ADRB3;MC5R,0.2
7,534,Leishmania Infection R-HSA-9658195,33/247,4.4649424306551574e-13,Disease,Reactome_2022,2.503706035881396e-14,0.0,0.0,5.925681347585203,185.58297280561544,GPR27;VIPR1;GPR25;VIPR2;CALCRL;GPR45;SCT;ADRB1;GPR83;PTH1R;PTH2;HTR4;RXFP1;CRHR1;GHRHR;MC2R;HTR7;CALCR;HRH2;GPR150;GPHA2;PTGDR;DRD5;GPR39;GPR32;GLP2R;SCTR;GPBAR1;PTH2R;MC1R;ADRB3;ADORA2A;MC5R,0.13360323886639677
7,534,Amine Ligand-Binding Receptors R-HSA-375280,19/40,1.9310377782107896e-18,Signal Transduction,Reactome_2022,7.218832815741271e-20,0.0,0.0,34.161349976883955,1505.6617933326113,HTR1F;CHRM4;HTR1A;HTR2C;HTR1B;ADRB1;HTR4;ADRA2C;ADRA1A;ADRA2A;GPR143;HTR7;HRH3;ADRB3;HRH2;HRH4;DRD2;DRD4;DRD5,0.475
7,534,G Alpha (I) Signaling Events R-HSA-418594,38/312,1.0871652539300906e-13,Signal Transduction,Reactome_2022,5.588232613659343e-15,0.0,0.0,5.366258535436779,176.11048075809245,OPRD1;CHRM4;PTGER3;NPY2R;OPRL1;RRH;MCHR1;GALR3;GRM7;GALR2;GRM6;GALR1;GPER1;PENK;HRH4;GRM8;ADORA1;OXER1;RGS22;DRD4;GABBR2;NPY5R;HTR1F;GPR55;NPY1R;HTR1B;GPR37L1;SSTR1;ADRA2C;SSTR2;ADRA2A;SSTR4;SSTR5;PYY;MTNR1A;APLNR;NMUR1;RGR,0.12179487179487179
7,534,G Alpha (Q) Signaling Events R-HSA-416476,36/212,1.2570655554407225e-17,Signal Transduction,Reactome_2022,5.874138109536087e-19,0.0,0.0,7.923055859802847,332.5984553714475,NPFFR2;OXTR;MLNR;HTR2C;OXT;TRH;GRPR;MCHR1;ADRA1A;BRS3;GPR132;CCKAR;P2RY2;FFAR4;KISS1R;TAC3;HCRT;TAC1;QRFPR;NTSR1;NTSR2;GPR39;GHSR;AVPR1B;EDN3;TACR2;TACR3;GPR4;NMBR;AVPR1A;TACR1;TRHR;HCRTR1;GPR143;CCKBR;NMUR1,0.16981132075471697
7,534,G Alpha (S) Signaling Events R-HSA-418555,34/153,2.205245512284542e-20,Signal Transduction,Reactome_2022,7.213419899996165e-22,0.0,0.0,11.055428571428571,538.1885320203968,GPR27;VIPR1;GPR25;VIPR2;CALCRL;GPR45;SCT;ADRB1;GPR83;PTH1R;PTH2;HTR4;RXFP1;CRHR1;GHRHR;MC2R;HTR7;CALCR;HRH2;GPER1;GPR150;GPHA2;PTGDR;DRD5;GPR39;GPR32;GLP2R;SCTR;GPBAR1;PTH2R;MC1R;ADORA2A;ADRB3;MC5R,0.2222222222222222
7,534,cAMP signaling pathway,23/216,7.322845080365787e-07,Signal transduction,KEGG_2021_Human,1.9020376832118925e-08,0.0,0.0,4.494681767944597,79.90535112790849,HCN4;GABBR2;GHSR;OXTR;GABBR1;VIPR2;EDN3;HTR1F;PTGER3;NPY1R;HTR1A;HTR1B;ADRB1;OXT;SSTR1;HTR4;SSTR2;SSTR5;MC2R;ADORA2A;ADORA1;DRD2;DRD5,0.10648148148148148
7,534,Peptide Ligand-Binding Receptors R-HSA-375276,50/196,3.765001510609352e-33,Signal Transduction,Reactome_2022,8.79673250142372e-35,0.0,0.0,13.670327182157818,1071.9737147629926,NPFFR2;OXTR;NPY2R;MLNR;OXT;TRH;GRPR;RXFP1;BRS3;CCKAR;GPER1;PRLHR;QRFPR;GHSR;AVPR1B;EDN3;NPY5R;TACR2;NPY1R;TACR3;GPR37L1;AVPR1A;TACR1;SSTR1;SSTR2;SSTR4;TRHR;SSTR5;CCKBR;APLNR;OPRD1;OPRL1;MCHR1;MC2R;GALR3;GALR2;GALR1;PENK;KISS1R;TAC3;HCRT;TAC1;NTSR1;NTSR2;NMBR;HCRTR1;PYY;MC1R;MC5R;NMUR1,0.25510204081632654
7,534,GPCR Downstream Signaling R-HSA-388396,104/619,9.252883633932165e-52,Signal Transduction,Reactome_2022,1.7295109596134883e-53,0.0,0.0,8.89999548430797,1081.253075450045,NPFFR2;VIPR1;OXTR;VIPR2;SCT;CHRM4;NPY2R;RRH;GRPR;HTR4;RXFP1;HTR7;ADORA1;OXER1;PTGDR;GHSR;NPY1R;GPR37L1;TRHR;MTNR1A;APLNR;CALCRL;GPR83;ADRB1;MCHR1;CRHR1;GHRHR;MC2R;CALCR;GALR3;GALR2;HRH2;GALR1;PENK;HRH4;TAC3;HCRT;TAC1;DRD4;NTSR1;DRD5;NTSR2;HTR1F;HTR1B;NMBR;PYY;MC1R;NMUR1;GPR27;GPR25;MLNR;HTR2C;OXT;PTH1R;TRH;ADRA1A;BRS3;GPR132;CCKAR;GRM7;GRM6;GPER1;GRM8;FFAR4;QRFPR;GPR39;AVPR1B;EDN3;NPY5R;GPR32;GLP2R;TACR2;TACR3;GPBAR1;PTH2R;TACR1;AVPR1A;SSTR1;ADRA2C;SSTR2;ADRA2A;SSTR4;SSTR5;ADORA2A;CCKBR;ADRB3;RGR;OPRD1;GPR45;PTGER3;OPRL1;PTH2;GPR150;P2RY2;KISS1R;RGS22;GPHA2;GABBR2;GPR55;SCTR;GPR4;HCRTR1;GPR143;MC5R,0.1680129240710824
7,534,Signaling By GPCR R-HSA-372790,113/689,2.4884614309364645e-55,Signal Transduction,Reactome_2022,3.4884973330885023e-57,0.0,0.0,8.802495711269465,1144.3057743147808,NPFFR2;VIPR1;OXTR;VIPR2;SCT;CHRM4;NPY2R;RRH;GRPR;HTR4;RXFP1;HTR7;ADORA1;OXER1;PTGDR;GHSR;NPY1R;GPR37L1;TRHR;MTNR1A;APLNR;CALCRL;GPR83;ADRB1;MCHR1;CRHR1;GHRHR;MC2R;CALCR;GALR3;HRH3;GALR2;HRH2;GALR1;PENK;HRH4;TAC3;HCRT;DRD2;TAC1;DRD4;NTSR1;DRD5;NTSR2;HTR1F;HTR1A;HTR1B;NMBR;PYY;MC1R;NMUR1;GPR27;UCN;GPR25;MLNR;HTR2C;OXT;PTH1R;TRH;ADRA1A;BRS3;GPR132;CCKAR;UCN3;GRM7;GRM6;GPER1;GRM8;FFAR4;PRLHR;QRFPR;GPR39;AVPR1B;EDN3;NPY5R;GPR32;GLP2R;TACR2;TACR3;GPBAR1;PTH2R;TACR1;AVPR1A;SSTR1;ADRA2C;SSTR2;ADRA2A;SSTR4;SSTR5;ADORA2A;CCKBR;ADRB3;RGR;OPRD1;PLPPR1;GPR45;PLPPR3;PLPPR5;PTGER3;OPRL1;PTH2;GPR150;P2RY2;KISS1R;RGS22;GPHA2;GABBR2;GPR55;SCTR;GPR4;HCRTR1;GPR143;MC5R,0.16400580551523947
7,534,Class A/1 (Rhodopsin-like Receptors) R-HSA-373076,88/327,2.550408364774992e-61,Signal Transduction,Reactome_2022,2.38355921941588e-63,0.0,0.0,15.873088541568944,2288.808351685512,NPFFR2;OXTR;CHRM4;NPY2R;MLNR;RRH;HTR2C;OXT;TRH;GRPR;HTR4;RXFP1;ADRA1A;BRS3;GPR132;HTR7;CCKAR;GPER1;FFAR4;ADORA1;OXER1;PRLHR;QRFPR;PTGDR;GPR39;GHSR;AVPR1B;EDN3;NPY5R;TACR2;NPY1R;GPBAR1;TACR3;GPR37L1;AVPR1A;TACR1;SSTR1;ADRA2C;SSTR2;ADRA2A;SSTR4;TRHR;SSTR5;MTNR1A;ADRB3;CCKBR;ADORA2A;APLNR;RGR;OPRD1;PLPPR1;PLPPR3;PLPPR5;PTGER3;OPRL1;ADRB1;MCHR1;MC2R;GALR3;HRH3;GALR2;HRH2;GALR1;P2RY2;PENK;HRH4;KISS1R;TAC3;HCRT;DRD2;TAC1;GPHA2;NTSR1;DRD4;NTSR2;DRD5;HTR1F;GPR55;HTR1A;HTR1B;GPR4;NMBR;HCRTR1;PYY;GPR143;MC1R;MC5R;NMUR1,0.2691131498470948
7,534,GPCR Ligand Binding R-HSA-500792,106/458,5.412827231031693e-67,Signal Transduction,Reactome_2022,2.5293585191736885e-69,0.0,0.0,13.44841227697536,2124.182175111729,NPFFR2;OXTR;VIPR1;VIPR2;SCT;CHRM4;NPY2R;RRH;GRPR;HTR4;RXFP1;HTR7;ADORA1;OXER1;PTGDR;GHSR;NPY1R;GPR37L1;TRHR;MTNR1A;APLNR;CALCRL;ADRB1;MCHR1;CRHR1;GHRHR;MC2R;CALCR;GALR3;HRH3;GALR2;HRH2;GALR1;PENK;HRH4;TAC3;HCRT;DRD2;TAC1;DRD4;NTSR1;DRD5;NTSR2;HTR1F;HTR1A;HTR1B;NMBR;PYY;MC1R;NMUR1;UCN;MLNR;HTR2C;OXT;PTH1R;TRH;ADRA1A;BRS3;GPR132;CCKAR;UCN3;GRM7;GRM6;GPER1;GRM8;FFAR4;PRLHR;QRFPR;GPR39;AVPR1B;EDN3;NPY5R;GLP2R;TACR2;TACR3;GPBAR1;PTH2R;TACR1;AVPR1A;SSTR1;ADRA2C;SSTR2;ADRA2A;SSTR4;SSTR5;ADORA2A;ADRB3;CCKBR;RGR;OPRD1;PLPPR1;PLPPR3;PLPPR5;PTGER3;OPRL1;PTH2;P2RY2;KISS1R;GPHA2;GABBR2;GPR55;SCTR;GPR4;HCRTR1;GPR143;MC5R,0.2314410480349345
7,534,Voltage Gated Potassium Channels R-HSA-1296072,15/43,2.5766874450622364e-12,Neuronal System,Reactome_2022,1.5652774198976206e-13,0.0,0.0,20.063996696944677,591.5978400788892,KCNH3;KCNG3;KCND3;KCNH7;KCNH8;KCNC4;KCNA5;KCNAB1;KCNA6;KCNV1;KCNS2;KCNQ1;KCNS3;KCNQ3;KCNH1,0.3488372093023256
7,534,Neuroactive ligand-receptor interaction,99/341,3.802280876296481e-73,Signaling molecules and interaction,KEGG_2021_Human,4.938027112073352e-75,0.0,0.0,18.078996865203763,3093.2606096940663,NPFFR2;OXTR;VIPR1;VIPR2;SCT;CHRM4;NPY2R;GRPR;HTR4;RXFP1;HTR7;ADORA1;PTGDR;GHSR;NPY1R;TRHR;MTNR1A;APLNR;CALCRL;ADRB1;GPR83;MCHR1;CRHR1;GHRHR;MC2R;HRH1;CALCR;GALR3;HRH3;GALR2;HRH2;GALR1;PENK;HRH4;TAC3;HCRT;DRD2;TAC1;NTSR1;DRD4;NTSR2;DRD5;HTR1F;HTR1A;HTR1B;NMBR;PYY;MC1R;NMUR1;UCN;MLNR;HTR2C;OXT;PTH1R;TRH;ADRA1A;MLN;BRS3;CCKAR;UCN3;GRM7;GRM6;GRM8;PRLHR;AVPR1B;EDN3;NPY5R;GRID1;GLP2R;TACR2;TACR3;PTH2R;AVPR1A;TACR1;SSTR1;ADRA2C;SSTR2;ADRA2A;SSTR4;SSTR5;ADRB3;CCKBR;ADORA2A;OPRD1;GRP;NPY4R;PTGER3;OPRL1;PTH2;P2RY2;KISS1R;GABBR2;GABBR1;GCGR;SCTR;GPR50;CCK;HCRTR1;MC5R,0.2903225806451613
7,534,ADORA2B Mediated Anti-Inflammatory Cytokine Production R-HSA-9660821,33/131,1.4584364173949219e-21,Disease,Reactome_2022,4.089074067462399e-23,0.0,0.0,13.017719662715386,671.0782703778524,GPR27;VIPR1;GPR25;VIPR2;CALCRL;GPR45;SCT;ADRB1;GPR83;PTH1R;PTH2;HTR4;RXFP1;CRHR1;GHRHR;MC2R;HTR7;CALCR;HRH2;GPR150;GPHA2;PTGDR;DRD5;GPR39;GPR32;GLP2R;SCTR;GPBAR1;PTH2R;MC1R;ADORA2A;ADRB3;MC5R,0.25190839694656486
7,534,Potassium Channels R-HSA-1296071,17/102,2.3246777699639e-08,Neuronal System,Reactome_2022,1.6294470350214251e-09,0.0,0.0,7.497485493230174,151.71180730735497,HCN4;KCNH3;GABBR2;KCNG3;KCNH7;KCND3;KCNH8;KCNC4;KCNAB1;KCNA5;KCNA6;KCNV1;KCNS2;KCNQ1;KCNS3;KCNQ3;KCNH1,0.16666666666666666
7,534,Neuropeptide Binding (GO:0042923),12/28,4.8675949536437537e-11,binding,GO_Molecular_Function_2023,2.3938991575297157e-12,0.0,0.0,27.94540229885057,747.7658030972595,OPRD1;NPY5R;NPY4R;OPRL1;NPY1R;PRLHR;NMUR1;SSTR1;SSTR2;MCHR1;SSTR4;SSTR5,0.42857142857142855
7,534,Serotonin Receptors R-HSA-390666,6/11,1.7520251830545732e-06,Signal Transduction,Reactome_2022,1.4523435222848398e-07,0.0,0.0,44.22954545454545,696.3905299556121,HTR7;HTR1F;HTR1A;HTR1B;HTR2C;HTR4,0.5454545454545454
7,534,Anterograde Trans-Synaptic Signaling (GO:0098916),26/199,3.240768267825716e-09,cellular process,GO_Biological_Process_2023,2.4316815106468536e-11,0.0,0.0,5.707728369213964,139.49604245135112,CHRM4;KCNC4;HTR2C;HTR4;SLC6A2;HTR7;GALR3;PTCHD1;HRH3;GRM7;HRH2;PENK;HRH4;HCRT;ASIC2;NTSR1;DRD4;DRD5;GABBR2;NPY5R;HTR1F;HTR1A;HTR1B;HCRTR1;KCNQ3;ZACN,0.1306532663316583
7,534,Generation Of Neurons (GO:0048699),24/172,4.313560926920298e-09,cellular process,GO_Biological_Process_2023,3.5308820684204346e-11,0.0,0.0,6.142448330683624,147.82961789664682,IRX1;EMX2;GSX1;IRX4;EN2;SIX1;EN1;OTP;CCK;CELSR1;VAX1;ASCL2;VAX2;PHOX2B;NELL1;TAFA3;SIX3;LHX6;LHX5;INSM2;LMX1B;ASTN1;LHX8;ADGRL3,0.13953488372093023
7,534,Voltage-Gated Potassium Channel Complex (GO:0008076),16/73,4.456474284221196e-09,protein-containing complex,GO_Cellular_Component_2023,6.909262456156893e-11,0.0,0.0,10.517645465013889,246.06634359611363,DPP10;HCN4;LRRC26;KCNG3;KCND3;KCNC4;KCNAB1;KCNA5;KCNA6;KCNV1;DPP6;KCNS2;KCNQ1;KCNS3;KCNQ3;KCNH1,0.2191780821917808
7,534,Embryonic Organ Morphogenesis (GO:0048562),13/44,8.323680505866297e-09,developmental process,GO_Biological_Process_2023,7.381162795106539e-11,0.0,0.0,15.643303820196891,364.950532130885,TBX1;MESP1;FOXE1;SIX1;TCF21;SOX17;SIX2;HOXC4;ALX1;HOXD4;HOXC9;DSCAML1;HOXD9,0.29545454545454547
7,534,Potassium Ion Transport (GO:0006813),20/122,8.418413627454819e-09,localization,GO_Biological_Process_2023,8.039412741089187e-11,0.0,0.0,7.386892500190738,171.70152011181258,HCN4;KCNH3;LRRC26;KCNG3;KCNH7;KCND3;KCNH8;KCNK12;KCNC4;KCNAB1;KCNA5;KCNA6;SLC9A2;SLC9A3;KCNV1;KCNS2;KCNQ1;KCNS3;KCNQ3;KCNH1,0.16393442622950818
7,534,Neuron Differentiation (GO:0030182),23/173,2.3861257881961443e-08,cellular process,GO_Biological_Process_2023,2.4414656768719065e-10,0.0,0.0,5.796060013046314,128.2856591000176,IRX1;EMX2;GSX1;IRX4;EN2;EN1;OTP;FOXN4;BHLHE23;VAX1;ASCL2;VAX2;PHOX2B;PHOX2A;ISL2;LHX6;LHX5;INSM2;LMX1B;VSX1;ATOH1;PITX3;LHX8,0.1329479768786127
7,534,Axon Development (GO:0061564),19/99,2.005680308593522e-09,cellular process,GO_Biological_Process_2023,1.3681311791224571e-11,0.0,0.0,8.940145631067962,223.63765639516552,OLIG3;RTN4RL2;CCK;OLIG2;BHLHE23;ISL1;PAX2;NEUROD2;ISL2;GRM7;CRTAC1;SLITRK1;SLITRK3;MGARP;DRD2;NEFH;DSCAML1;NEUROG1;ATOH1,0.1919191919191919
7,534,Potassium Channel Complex (GO:0034705),15/81,1.4217909642860566e-07,protein-containing complex,GO_Cellular_Component_2023,3.3064906146187357e-09,0.0,0.0,8.495358206340866,165.8920747404398,DPP10;LRRC26;KCNG3;KCND3;KCNC4;KCNAB1;KCNA5;KCNA6;KCNV1;DPP6;KCNS2;KCNQ1;KCNS3;KCNQ3;KCNH1,0.18518518518518517
7,534,Anterior/Posterior Pattern Specification (GO:0009952),13/59,3.65570435500791e-07,multicellular organismal process,GO_Biological_Process_2023,3.989854684865386e-09,0.0,0.0,10.534089960777768,203.72414895103748,TBX1;CDX2;CDX1;SIX2;HOXC5;HOXC4;HOXD4;HOXC9;HOXB7;HES2;HOXD9;NEUROG1;HOXB6,0.22033898305084745
7,534,Potassium Ion Transmembrane Transport (GO:0071805),19/137,3.783096587632566e-07,localization,GO_Biological_Process_2023,4.3869469297239845e-09,0.0,0.0,6.049234819812408,116.41529987625856,HCN4;KCNH3;LRRC26;KCNG3;KCNH7;KCND3;KCNH8;KCNK12;KCNC4;KCNA5;KCNA6;SLC9A2;SLC9A3;KCNV1;KCNS2;KCNQ1;KCNS3;KCNQ3;KCNH1,0.1386861313868613
7,534,Adenylate Cyclase-Activating Adrenergic Receptor Signaling Pathway (GO:0071880),7/15,3.83512134742921e-06,cellular process,GO_Biological_Process_2023,4.970484693121076e-08,0.0,0.0,32.30692599620493,543.3108529398594,ADRB3;ADRB1;ADRA2C;DRD2;GPR101;ADRA2A;DRD5,0.4666666666666667
7,534,Hormone Activity (GO:0005179),12/74,7.657407697475163e-06,binding,GO_Molecular_Function_2023,5.648907317809547e-07,0.0,0.0,7.194660734149054,103.50694727992322,UCN;NPPC;PYY;EDN3;GRP;PENK;OXT;CCK;TRH;ERFE;METRNL;HCRT,0.16216216216216217
7,534,Voltage-Gated Monoatomic Cation Channel Activity (GO:0022843),12/76,9.77052087318083e-06,transporter activity,GO_Molecular_Function_2023,7.608192483214579e-07,0.0,0.0,6.969109195402299,98.18687365052408,HCN4;KCNH3;KCNV1;LRRC26;KCND3;KCNS2;KCNH8;KCNQ1;KCNS3;KCNC4;KCNQ3;KCNA6,0.15789473684210525
7,534,E-box Binding (GO:0070888),10/51,9.863752178083851e-06,binding,GO_Molecular_Function_2023,8.085042768921192e-07,0.0,0.0,9.041612362688513,126.83646035959248,NEUROD2;OLIG3;TCF15;ATOH8;TCF21;OLIG2;BHLHE23;ASCL2;NEUROG1;ATOH1,0.19607843137254902
7,534,Potassium Channel Activity (GO:0005267),14/79,3.049548269434011e-07,transporter activity,GO_Molecular_Function_2023,1.9997037832354173e-08,0.0,0.0,8.035917159763313,142.458181437183,HCN4;KCNH3;LRRC26;KCND3;KCNH8;KCNK12;KCNC4;KCNA6;KCNV1;KCNT1;KCNS2;KCNQ1;KCNS3;KCNQ3,0.17721518987341772
7,534,Voltage-Gated Potassium Channel Activity (GO:0005249),17/80,5.168011156320173e-10,transporter activity,GO_Molecular_Function_2023,2.9652523028066566e-11,0.0,0.0,10.127137637775936,245.49674273200256,HCN4;KCNH3;LRRC26;KCNG3;KCND3;KCNH7;KCNH8;KCNC4;KCNA5;KCNA6;KCNV1;KCNT1;KCNS2;KCNQ1;KCNS3;KCNQ3;KCNH1,0.2125
7,534,G Protein-Coupled Amine Receptor Activity (GO:0008227),11/28,1.027650464201271e-09,molecular transducer activity,GO_Molecular_Function_2023,6.317523345499618e-11,0.0,0.0,24.06242267461478,565.1086137178614,HTR7;HRH3;HRH2;HTR1F;CHRM4;HRH4;HTR1A;HTR2C;HTR1B;HTR4;DRD4,0.39285714285714285
7,534,Chemical Synaptic Transmission (GO:0007268),33/273,7.271114552432549e-11,cellular process,GO_Biological_Process_2023,4.463849315954498e-13,0.0,0.0,5.276596806387226,150.05372158536207,CHRM4;KCNC4;HTR2C;HTR4;SLC6A2;HTR7;GALR3;PTCHD1;HRH3;GRM7;HRH2;PENK;HRH4;RIMBP3C;HCRT;ASIC2;DRD2;NTSR1;DRD4;RIMBP3B;DRD5;GABBR2;GABBR1;NPY5R;HTR1F;GRID1;HTR1A;HTR1B;SHISA6;HCRTR1;KCNQ3;RIMBP3;ZACN,0.12087912087912088
7,534,Class B/2 (Secretin Family Receptors) R-HSA-373080,14/92,1.7520251830545732e-06,Signal Transduction,Reactome_2022,1.4736660418216038e-07,0.0,0.0,6.692110453648915,105.26918914102129,UCN;VIPR1;VIPR2;CALCRL;SCT;GLP2R;SCTR;PTH2R;PTH1R;PTH2;CRHR1;GHRHR;CALCR;UCN3,0.15217391304347827
7,534,Sequence-Specific Double-Stranded DNA Binding (GO:1990837),107/715,1.327416941807905e-47,binding,GO_Molecular_Function_2023,5.440233368065186e-50,0.0,0.0,7.772271354616048,881.6509641043929,FERD3L;SOX17;SOX18;GSC2;PKNOX2;PITX3;NKX2-8;NKX6-2;ESX1;SOX14;POU3F1;ISL1;POU3F4;ISL2;HOXB1;LMX1B;HOXB8;HOXB7;HOXB6;DLX1;DLX3;HOXD1;GATA5;BHLHE23;HOXB13;NEUROD2;NKX2-1;ALX3;ALX4;HOXC4;ALX1;OTX1;HOXC9;ASIC2;NKX2-3;TFAP2E;EVX1;PHOX2B;SCRT1;PHOX2A;TLX3;FEV;LHX6;HOXD4;LHX5;HOXD9;HOXD8;VSX1;LHX8;VSX2;BARHL1;MESP1;BARHL2;ONECUT2;FOXE1;TCF21;SIX1;HOXC13;HOXC12;HOXC11;HOXC10;DMBX1;SIX6;SIX2;SIX3;FOXD3;EMX2;FOXD2;OLIG3;EN2;EN1;OLIG2;PAX2;ADRA2A;PAX1;DMRTA2;PAX7;PAX9;HAND1;HMX2;HMX1;HOXD13;HOXD12;HOXD11;ASCL2;HOXD10;BARX2;HSF4;SHOX;HES2;ATOH1;TBX1;IRX1;FOXB1;SKOR1;GSX1;CDX2;CDX1;GSX2;UNCX;FOXJ1;DMRT3;VAX1;LBX1;VAX2;POU4F3;NEUROG1,0.14965034965034965
7,534,Double-Stranded DNA Binding (GO:0003690),101/650,1.5253104774765659e-46,binding,GO_Molecular_Function_2023,1.25025448973489e-48,0.0,0.0,8.037359549380145,886.5266845740425,FERD3L;SOX18;GSC2;PKNOX2;PITX3;NKX2-8;NKX6-2;ESX1;SOX14;POU3F1;ISL1;POU3F4;ISL2;HOXB1;LMX1B;HOXB8;HOXB7;HOXB6;DLX1;DLX3;HOXD1;GATA5;BHLHE23;HOXB13;NEUROD2;ALX3;ALX4;HOXC4;ALX1;OTX1;HOXC9;NKX2-3;TFAP2E;EVX1;PHOX2B;SCRT1;PHOX2A;TLX3;FEV;LHX6;HOXD4;LHX5;HOXD9;HOXD8;VSX1;LHX8;VSX2;BARHL1;BARHL2;ONECUT2;FOXE1;TCF21;SIX1;HOXC13;HOXC12;HOXC11;HOXC10;DMBX1;SIX6;SIX2;SIX3;FOXD3;EMX2;FOXD2;OLIG3;EN2;EN1;OLIG2;PAX2;ADRA2A;PAX1;DMRTA2;PAX7;PAX9;HMX2;HMX1;HOXD13;HOXD12;HOXD11;ASCL2;HOXD10;BARX2;HSF4;SHOX;HES2;ATOH1;TBX1;IRX1;FOXB1;SKOR1;GSX1;CDX2;CDX1;GSX2;UNCX;DMRT3;VAX1;LBX1;VAX2;POU4F3;NEUROG1,0.15538461538461537
7,534,Sequence-Specific DNA Binding (GO:0043565),104/717,2.5976071170088014e-45,binding,GO_Molecular_Function_2023,3.1937792422239363e-47,0.0,0.0,7.438491596798057,796.3671005405402,FERD3L;SOX18;GSC2;PKNOX2;PITX3;NKX2-8;NKX6-2;ESX1;SOX14;POU3F1;ISL1;POU3F4;ISL2;HOXB1;LMX1B;HOXB8;HOXB7;HOXB6;DLX1;DLX3;HOXD1;GATA5;BHLHE23;HOXB13;NEUROD2;ALX3;ALX4;HOXC4;ALX1;OTX1;HOXC9;NKX2-3;TFAP2E;EVX1;PHOX2B;SCRT1;PHOX2A;TLX3;FEV;LHX6;HOXD4;LHX5;HOXD9;HOXD8;VSX1;LHX8;VSX2;BARHL1;BARHL2;FOXE3;ONECUT2;FOXE1;TCF21;SIX1;HOXC13;HOXC12;HOXC11;HOXC10;DMBX1;SIX6;SIX2;SIX3;FOXD4;FOXD3;EMX2;FOXD2;OLIG3;EN2;EN1;FOXL1;OLIG2;PAX2;ADRA2A;PAX1;DMRTA2;PAX7;PAX9;HMX2;HMX1;HOXD13;HOXD12;HOXD11;ASCL2;HOXD10;BARX2;HSF4;SHOX;HES2;ATOH1;TBX1;IRX1;FOXB1;SKOR1;GSX1;CDX2;CDX1;GSX2;UNCX;DMRT3;VAX1;LBX1;VAX2;POU4F3;NEUROG1,0.14504881450488144
7,534,G Protein-Coupled Receptor Activity (GO:0004930),62/250,2.070421231175353e-40,molecular transducer activity,GO_Molecular_Function_2023,3.3941331658612345e-42,0.0,0.0,13.469572664983772,1286.1626938034717,NPFFR2;GPR27;VIPR1;VIPR2;GPR26;MLNR;RRH;PTH1R;GRPR;RXFP1;GPR174;GRM6;GPER1;GRM8;FFAR4;ADORA1;OXER1;PRLHR;QRFPR;GPR39;GHSR;GPR32;GLP2R;GPBAR1;PTH2R;GPR37L1;TRHR;MTNR1A;ADORA2A;APLNR;RGR;OPRD1;CALCRL;GPR45;NPY4R;GPR88;OPRL1;GPR83;MCHR1;CRHR1;GHRHR;GALR1;GPR150;KISS1R;DRD2;NTSR1;NTSR2;DRD5;GABBR2;GABBR1;GPR55;SCTR;GPR4;GPR50;GPR6;HCRTR1;GPR143;MC1R;NMUR1;GPR101;LGR5;ADGRL3,0.248
7,534,G Protein-Coupled Peptide Receptor Activity (GO:0008528),36/77,1.2050688812916814e-34,molecular transducer activity,GO_Molecular_Function_2023,2.963284134323808e-36,0.0,0.0,34.249191889509255,2801.81559884056,OPRD1;OXTR;VIPR1;VIPR2;MLNR;OPRL1;GPR83;PTH1R;GRPR;MCHR1;CRHR1;BRS3;GHRHR;MC2R;CCKAR;GALR1;KISS1R;PRLHR;AVPR1B;GPR32;GCGR;GLP2R;NPY1R;SCTR;PTH2R;SORCS1;AVPR1A;GPR37L1;NMBR;SORCS3;HCRTR1;MC1R;CCKBR;MC5R;APLNR;NMUR1,0.4675324675324675
7,534,Serotonin Receptor Activity (GO:0099589),11/26,4.477895693108592e-10,molecular transducer activity,GO_Molecular_Function_2023,2.3857640987873643e-11,0.0,0.0,27.27355003186743,667.0814848804558,HTR7;HRH3;HRH2;HTR1F;CHRM4;HRH4;HTR1A;HTR2C;HTR1B;HTR4;DRD4,0.4230769230769231
7,534,Adenylate Cyclase-Modulating G Protein-Coupled Receptor Signaling Pathway (GO:0007188),38/163,2.9999791432656663e-22,cellular process,GO_Biological_Process_2023,4.092740986719872e-25,0.0,0.0,11.85416129032258,665.6753160488024,VIPR1;VIPR2;CALCRL;GPR26;PTGER3;OPRL1;PTH1R;MCHR1;CRHR1;GHRHR;MC2R;CALCR;GALR3;UCN3;GALR2;GPER1;GRM8;OXER1;GPHA2;DRD5;GABBR2;GABBR1;HTR1F;GCGR;GLP2R;NPY1R;SCTR;HTR1B;PTH2R;GPR4;GPR37L1;ADRA2A;MTNR1A;MC1R;ADORA2A;ADRB3;MC5R;ADGRL3,0.2331288343558282
7,534,Neuropeptide Receptor Activity (GO:0008188),25/36,4.197130637692863e-30,molecular transducer activity,GO_Molecular_Function_2023,1.204094855075821e-31,0.0,0.0,86.86819074834791,6184.5295668782255,NPY2R;GPR83;GRPR;MCHR1;GALR3;GALR2;GALR1;KISS1R;PRLHR;NTSR1;NTSR2;NPY5R;NPY1R;TACR2;TACR3;SORCS1;NMBR;SSTR1;TACR1;SORCS3;SSTR2;SSTR4;SSTR5;GPR143;NMUR1,0.6944444444444444
7,534,"G Protein-Coupled Receptor Signaling Pathway, Coupled To Cyclic Nucleotide Second Messenger (GO:0007187)",21/50,7.372320212662073e-18,cellular process,GO_Biological_Process_2023,2.01154712487369e-20,0.0,0.0,27.436781609195403,1244.33480641021,OPRD1;VIPR1;CALCRL;HTR1F;CHRM4;NPY1R;HTR1A;HTR2C;HTR1B;PTH1R;HTR4;MTNR1A;MC2R;HTR7;MC1R;GALR3;HRH3;HRH2;HRH4;MC5R;DRD4,0.42
7,534,Neuropeptide Signaling Pathway (GO:0007218),23/68,3.1072779328356815e-17,cellular process,GO_Biological_Process_2023,1.0597810139275858e-19,0.0,0.0,19.425222874537944,848.7084707177025,OPRD1;GRP;NXPH4;ECEL1;OPRL1;SORCS1;GPR83;SSTR1;SORCS3;SSTR2;MCHR1;SSTR4;SSTR5;HCRTR1;PYY;GALR3;GALR2;GALR1;PENK;KISS1R;NMUR1;NTSR1;NTSR2,0.3382352941176471
7,534,Adenylate Cyclase-Inhibiting G Protein-Coupled Receptor Signaling Pathway (GO:0007193),19/52,7.622143081860195e-15,cellular process,GO_Biological_Process_2023,3.119567427773613e-17,0.0,0.0,21.72562518387761,825.70959067184,GABBR2;GABBR1;HTR1F;CHRM4;NPY1R;OPRL1;HTR1A;HTR1B;GPR37L1;MCHR1;ADRA2A;MTNR1A;GRM7;HRH3;GRM8;HRH4;OXER1;DRD2;DRD4,0.36538461538461536
7,534,Phospholipase C-activating G Protein-Coupled Receptor Signaling Pathway (GO:0007200),22/83,5.022741486186538e-14,cellular process,GO_Biological_Process_2023,2.3983076673469153e-16,0.0,0.0,13.668993340163937,491.6271904150814,OPRD1;GPR32;PTGER3;GPR55;OPRL1;HTR2C;GPR83;GPR4;PTH1R;TACR1;NMBR;GRPR;ADRA2A;TRHR;GPR174;CCKAR;CCKBR;GALR2;NMUR1;GPR139;DRD2;DRD5,0.26506024096385544
7,534,Adenylate Cyclase-Activating G Protein-Coupled Receptor Signaling Pathway (GO:0007189),24/110,2.366489156784703e-13,cellular process,GO_Biological_Process_2023,1.291399267003931e-15,0.0,0.0,10.604651162790695,363.5597866965621,CALCRL;GPR26;GCGR;PTGER3;ADRB1;GPR4;PTH1R;ADRA2C;CRHR1;ADRA2A;GHRHR;MC2R;CALCR;MC1R;UCN3;ADORA2A;ADRB3;GPER1;MC5R;DRD2;GPR101;GPHA2;DRD5;ADGRL3,0.21818181818181817
7,534,G Protein-Coupled Serotonin Receptor Activity (GO:0004993),11/21,2.7270133204975403e-11,molecular transducer activity,GO_Molecular_Function_2023,1.229391251043973e-12,0.0,0.0,40.920841300191206,1122.2336935429962,HTR7;HRH3;HTR1F;HRH2;CHRM4;HRH4;HTR1A;HTR1B;HTR2C;HTR4;DRD4,0.5238095238095238
7,534,Transcription Cis-Regulatory Region Binding (GO:0000976),56/474,1.4644492047099117e-19,binding,GO_Molecular_Function_2023,6.0018410029094736e-21,0.0,0.0,5.338671898460492,248.58041916441564,BARHL1;MESP1;BARHL2;HMX3;TCF21;SIX1;OTP;HOXC13;HOXC10;FERD3L;DMBX1;SOX17;SOX18;FOXD3;TCF15;ESX1;ISL1;PAX2;ISL2;HAND1;HOXB1;LMX1B;HOXB8;HMX2;HMX1;CASZ1;ASCL4;GATA5;BARX1;ASCL2;NPAS1;BARX2;GBX1;ALX3;NKX2-1;ALX4;ALX1;BHLHA9;CDX2;TFAP2E;CDX1;FOXJ1;FOXN4;SCRT1;PHOX2B;PHOX2A;LHX6;HOXD4;LHX5;SIM1;HOXD9;SIM2;HOXD8;VSX1;LHX8;VSX2,0.11814345991561181
7,534,Tachykinin Receptors Bind Tachykinins R-HSA-380095,5/5,1.781736048891885e-07,Signal Transduction,Reactome_2022,1.332139101975241e-08,0.0,0.0,97330.0,1764971.9756646156,TACR2;TACR3;TAC3;TACR1;TAC1,1.0
8,484,Cytosolic Sulfonation Of Small Molecules R-HSA-156584,7/22,3.895621057508572e-06,Metabolism,Reactome_2022,5.792745066927246e-07,0.0,0.0,19.078546470999303,273.9963422792067,SULT1A1;SULT2B1;SULT1B1;SULT1E1;ABHD14B;SULT4A1;SULT2A1,0.3181818181818182
8,484,Heme Degradation R-HSA-189483,6/16,8.127142075338619e-06,Metabolism,Reactome_2022,1.2689218110194126e-06,0.0,0.0,24.484518828451883,332.43470997548843,FABP1;ABCC2;SLCO2B1;ALB;GSTA1;SLCO1B3,0.375
8,484,Synthesis Of Bile Acids And Bile Salts Via 7Alpha-Hydroxycholesterol R-HSA-193368,7/24,7.395871463823299e-06,Metabolism,Reactome_2022,1.1272517844489044e-06,0.0,0.0,16.832285115303982,230.5303974910858,CYP27A1;AMACR;ACOX2;AKR1C1;BAAT;CYP7B1;SLC27A2,0.2916666666666667
8,484,Linoleic Acid (LA) Metabolism R-HSA-2046105,5/8,2.9570936258848124e-06,Metabolism,Reactome_2022,4.287236111877609e-07,0.0,0.0,67.89491997216423,995.5060994153016,FADS2;ACSL1;ELOVL2;ELOVL3;ABCD1,0.625
8,484,Aspirin ADME R-HSA-9749641,10/44,5.415579165941525e-07,Drug ADME,Reactome_2022,7.448937886239273e-08,0.0,0.0,12.08860759493671,198.40559328354388,ABCC3;ABCC2;SLCO2B1;UGT2B15;ALB;GLYAT;CYP2E1;SLC22A7;CES2;CES1,0.22727272727272727
8,484,Arachidonic Acid Metabolism R-HSA-2142753,17/59,4.636412699070134e-13,Metabolism,Reactome_2022,2.7577175905249867e-14,0.0,0.0,16.878658101356173,526.9818836866743,CYP2J2;CBR1;PON3;HPGD;CYP4F2;EPHX2;CYP4A11;PON1;CYP4F3;CYP4B1;PTGR1;CYP4F22;CYP4F11;CYP4F8;PTGR2;HPGDS;CYP1A1,0.288135593220339
8,484,Fatty Acids R-HSA-211935,11/15,3.3413055753835114e-14,Metabolism,Reactome_2022,1.863181547611624e-15,0.0,0.0,113.44186046511628,3847.5498234899146,CYP2J2;CYP2B6;CYP4F2;CYP4A11;CYP4F3;CYP4B1;CYP4F11;CYP4F22;CYP4F8;CYP2F1;CYP4F12,0.7333333333333333
8,484,Ethanol Oxidation R-HSA-71384,10/11,1.2995274258158512e-14,Metabolism,Reactome_2022,6.763339762610378e-16,0.0,0.0,411.7088607594937,14380.92655646782,ADH1C;ALDH1B1;ALDH2;ADH1B;ADH1A;ALDH1A1;ACSS1;ADH7;ADH5;ADH6,0.9090909090909091
8,484,Bile Acid And Bile Salt Metabolism R-HSA-194068,18/45,1.1510091152794002e-16,Metabolism,Reactome_2022,5.562497583134648e-18,0.0,0.0,27.88125894134478,1107.7359251192386,ABCC3;STARD5;SLC10A1;AKR1C1;OSBPL3;SLC10A2;SLC51A;BAAT;CYP7B1;CYP27A1;CYP39A1;AMACR;ACOX2;SLCO1B3;ALB;SLCO1A2;OSBPL1A;SLC27A2,0.4
8,484,Phase II - Conjugation Of Compounds R-HSA-156580,26/107,9.407207114563585e-18,Metabolism,Reactome_2022,4.1965236198796664e-19,0.0,0.0,13.620949916437544,576.3685927841368,UGT1A10;TPMT;SLC35D1;MGST3;MGST1;GSTT2;MGST2;GSTT1;GLYAT;OPLAH;SULT1A1;HPGDS;SULT1E1;SULT4A1;SULT2A1;GSTK1;GGT7;GSTM1;GSTO1;UGT2B15;AKR1A1;ABHD14B;SULT2B1;GSTZ1;SULT1B1;GSTA1,0.24299065420560748
8,484,Drug ADME R-HSA-9748784,25/95,6.046803396115166e-18,Drug ADME,Reactome_2022,2.472670533727392e-19,0.0,0.0,15.130718954248366,648.2577692750941,UGT1A10;PON3;ABCB1;ACY1;TPMT;ADH1A;PON1;GSTT1;GLYAT;SULT1A1;SULT1E1;SLCO2B1;SLCO1B3;SULT2A1;ABCC3;GGT7;ABCC2;GSTM1;UGT2B15;ALB;GSTA1;CYP2E1;SLC22A7;CES2;CES1,0.2631578947368421
8,484,Protein Localization R-HSA-9609507,34/164,9.108701690334379e-21,Protein localization,Reactome_2022,3.3861344573733755e-22,0.0,0.0,11.267076923076925,557.0125443200675,ABCD2;ECI2;GLYAT;CROT;LDHD;MLYCD;ACAA1;DECR2;HAO2;ABCD1;GSTK1;CYB5A;PHYH;EPHX2;IDH1;PIPOX;CHCHD10;BAAT;DHRS4;ALDH3A2;NUDT7;AMACR;DAO;ACOX2;ACOX1;EHHADH;PXMP2;ACOT2;ACOX3;AGXT;SLC27A2;CRAT;ACOT4;PAOX,0.2073170731707317
8,484,Metabolism Of Steroids R-HSA-8957322,37/153,3.959546463348823e-25,Metabolism,Reactome_2022,1.324755322310015e-26,0.0,0.0,13.843246162153822,824.8634531563052,AKR1B1;HSD17B14;MSMO1;HSD17B12;SERPINA6;HSD17B11;TM7SF2;HSD11B2;CYP11A1;HSD17B1;SLCO1B3;CYP2R1;HSD17B2;SC5D;GC;ABCC3;STARD3;STARD5;SLC10A1;OSBPL3;SLC10A2;AKR1C1;CYP51A1;SLC51A;BAAT;CYP7B1;CYP27A1;CYP39A1;PLPP6;AMACR;ACOX2;SCD;FDX1;ALB;SLCO1A2;OSBPL1A;SLC27A2,0.24183006535947713
8,484,Cytochrome P450 - Arranged By Substrate Type R-HSA-211897,27/65,2.3344322636659715e-25,Metabolism,Reactome_2022,6.942549483021476e-27,0.0,0.0,30.283657721985488,1824.0491616379616,CYP4F22;CYP2C18;CYP3A5;CYP2B6;CYP11A1;CYP4V2;CYP2R1;CYP2F1;CYP2J2;CYP4F2;CYP4A11;CYP4F3;CYP51A1;CYP4B1;CYP7B1;CYP4F11;CYP4F8;CYP4F12;CYP27A1;CYP39A1;CYP26A1;CYP2A6;CYP26C1;CYP2S1;FDX1;CYP1A1;CYP2E1,0.4153846153846154
8,484,Peroxisomal Protein Import R-HSA-9033241,27/63,9.428256017864192e-26,Protein localization,Reactome_2022,2.453449521377299e-27,0.0,0.0,31.96936542669584,1958.8366294334744,ECI2;CROT;GLYAT;MLYCD;ACAA1;DECR2;HAO2;GSTK1;PHYH;EPHX2;IDH1;PIPOX;BAAT;DHRS4;NUDT7;AMACR;DAO;ACOX2;ACOX1;EHHADH;ACOT2;ACOX3;AGXT;SLC27A2;CRAT;ACOT4;PAOX,0.42857142857142855
8,484,Peroxisomal Lipid Metabolism R-HSA-390918,21/29,1.200197951300087e-26,Metabolism,Reactome_2022,2.677021452713948e-28,0.0,0.0,110.60151187904968,7021.83315320277,PHYH;ACBD4;ECI2;CROT;ALDH3A2;ACOXL;NUDT7;AMACR;ACOX2;ACOX1;EHHADH;MLYCD;ACOX3;ACAA1;DECR2;ACOT6;ABCD1;HAO2;CRAT;SLC27A2;ACOT4,0.7241379310344828
8,484,Fatty Acid Metabolism R-HSA-8978868,63/173,1.5142650861325231e-55,Metabolism,Reactome_2022,2.8146191192054343e-57,0.0,0.0,26.39987043835025,3437.593745949677,ACAA2;ACSM3;ECI2;PCTP;CROT;FADS2;HPGDS;ACOXL;MCEE;ACADL;CPT2;MLYCD;ACAA1;ACAD11;ABCD1;ACOT9;CBR1;PHYH;ACSL1;ELOVL2;ACOT11;CYP4A11;ELOVL3;ACOT12;ACSL5;PTGR1;PTGR2;ALDH3A2;ACOX2;ACOX1;EHHADH;ACOT2;ACOT1;ACOX3;ACOT6;SLC27A2;ACOT4;PON3;SLC22A5;HPGD;PON1;HSD17B12;CYP4F22;HSD17B8;THEM5;SLC25A20;DECR2;HAO2;DECR1;CYP2J2;ACBD4;CYP4F2;EPHX2;CYP4F3;CYP4B1;CYP4F11;CYP4F8;NUDT7;AMACR;SCD;CYP1A1;THRSP;CRAT,0.36416184971098264
8,484,Phase I - Functionalization Of Compounds R-HSA-211945,53/104,4.250396002696333e-56,Metabolism,Reactome_2022,6.320291453823544e-58,0.0,0.0,46.933488012374326,6181.4299541571,ALDH2;CYP4V2;CYP2R1;CYP4A11;CMBL;CYP7B1;CYP27A1;CYP39A1;CYP2A6;CYP26C1;FDX1;ALDH1A1;CYP2E1;CES3;CES2;CES1;PAOX;MAOB;MTARC2;ADH1C;MAOA;ADH1B;ADH1A;ADH7;CYP4F22;CYP2C18;BPHL;CYP3A5;ADH5;ADH6;CYB5R3;CYP2B6;ALDH1B1;CYP11A1;ACSS1;CYP2F1;CYP2J2;AOC1;CYP4F2;CYP4F3;EPHX1;CYP51A1;CYP4B1;FMO1;FMO3;CYP4F11;CYP4F8;FMO4;CYP4F12;CYP26A1;AADAC;CYP2S1;CYP1A1,0.5096153846153846
8,484,Biological Oxidations R-HSA-211859,83/218,1.894052337601893e-75,Metabolism,Reactome_2022,1.408217351376872e-77,0.0,0.0,29.71502724669807,5258.273980511272,UGT1A10;ACY3;ACY1;TPMT;OPLAH;AKR7A2;HPGDS;AKR7A3;ALDH2;CYP4V2;CYP2R1;SULT4A1;SULT2A1;GSTK1;GSTO1;UGT2B15;CYP4A11;AKR1A1;ABHD14B;CMBL;CYP7B1;CYP27A1;CYP39A1;SULT2B1;CYP2A6;CYP26C1;FDX1;ALDH1A1;CYP2E1;CES3;CES2;CES1;PAOX;MAOB;MTARC2;SLC35D1;ADH1C;MAOA;ADH1B;MGST3;ADH1A;MGST1;MGST2;GSTT2;GSTT1;GLYAT;ADH7;CYP4F22;CYP2C18;BPHL;CYP3A5;ADH5;ADH6;SULT1A1;CYB5R3;CYP2B6;SULT1E1;ALDH1B1;CYP11A1;CYP2F1;ACSS1;CYP2J2;AOC1;GGT7;GSTM1;CYP4F2;CYP4F3;EPHX1;CYP51A1;FMO1;CYP4B1;FMO3;CYP4F8;FMO4;CYP4F11;CYP4F12;GSTZ1;CYP26A1;SULT1B1;AADAC;CYP2S1;GSTA1;CYP1A1,0.38073394495412843
8,484,Metabolism R-HSA-1430728,225/2049,4.172829129881527e-93,Metabolism,Reactome_2022,1.551237594751497e-95,0.0,0.0,8.426259906523065,1839.507567591976,DMGDH;ACSM3;ECI2;PDK4;MLYCD;ACAD11;SULT2A1;STARD3;ACOT9;GSTK1;STARD5;ACSL1;ACSL5;SLC6A12;HOGA1;SLC51A;CMBL;SULT2B1;CYP39A1;CYP27A1;PLPP6;SOAT1;FDX1;ACOT2;ACOT1;CYP2E1;ACOT6;ALDH7A1;CES3;ACOT4;CES2;CES1;GCDH;SLC22A5;RETSAT;SLC35D1;MTARC2;MAOB;MAOA;PEX11A;MGST3;ABCB4;MGST1;MGST2;ADH7;ADH5;ADH6;SULT1A1;HSD11B2;CYB5R3;CYP2B6;APOM;RDH11;TTPA;LDHD;PNPO;DECR2;HAO2;DECR1;GSTM1;SLC10A1;CYP4F2;ADHFE1;SLC10A2;CYP4F3;CYP4F8;CIDEC;SULT1B1;CYP26A1;ALDH6A1;AKR1B10;PAH;CYP2S1;CYP1A1;ACY3;ACY1;AKR1B1;CROT;CSAD;SERPINA6;MCEE;ACADL;AASS;CBR1;GSTO1;ELOVL2;BHMT2;ELOVL3;AKR1A1;PTGR1;BAAT;CYP7B1;PTGR2;BDH2;BDH1;ADH1C;ADH1B;ADH1A;FITM1;HSD17B8;SULT1E1;HSD17B1;HSD17B2;SC5D;GC;CYP2F1;AOC1;AKR1C1;BBOX1;FMO1;FMO3;FMO4;FAH;GNMT;ETNPPL;FABP1;ALDH4A1;NUDT7;AADAC;GSTA1;CRAT;UGT1A10;ALDH1L1;SLC27A1;ACAA2;TPMT;MSMO1;HNMT;TM7SF2;FADS2;HPGDS;AKR7A2;AKR7A3;SLCO2B1;ACAA1;PHYH;DGAT1;HGD;ACOT11;UGT2B15;ACOT12;PIPOX;ALDH3A2;SLC27A2;GSTT2;GSTT1;GLYAT;CYP4F22;CYP2C18;ALDH3B2;CYP11A1;ALDH3B1;SLCO1B3;THEM5;CYP2J2;GGT7;ACBD4;OSBPL3;IDH1;EPHX2;EPHX1;CYP4F11;CYP4F12;QDPR;GRHPR;NAT8;AMACR;DAO;PXMP2;SLCO1A2;ALB;CRYL1;OSBPL1A;ALAS1;PCTP;OPLAH;ACOXL;CA3;CPT2;ALDH2;CYP4V2;CYP2R1;AOX1;HMGCS2;SULT4A1;ABCD1;ABCC3;ABCC2;DCXR;CYP4A11;ABHD14B;PRODH2;INMT;CYP2A6;CYP26C1;ACOX2;ACOX1;EHHADH;ALDH1A1;ACOX3;HAGH;AGXT;ASPA;PAOX;PON3;HPGD;PON1;ETFDH;HSD17B14;HSD17B12;HSD17B11;CYP3A5;BPHL;ALDH1B1;PCBD1;SLC25A20;ACSS1;CYB5A;CYP51A1;CYP4B1;GSTZ1;SCD;SARDH;THRSP;CDO1,0.10980966325036604
8,484,Glutathione Conjugation R-HSA-156590,14/36,7.236247197916494e-13,Metabolism,Reactome_2022,4.5730930247055914e-14,0.0,0.0,26.39419729206963,810.7242040179655,GSTK1;GGT7;GSTM1;GSTO1;MGST3;MGST1;AKR1A1;GSTT2;MGST2;GSTT1;OPLAH;GSTZ1;HPGDS;GSTA1,0.3888888888888889
8,484,Phenylalanine And Tyrosine Metabolism R-HSA-8963691,6/11,5.745634164054456e-07,Metabolism,Reactome_2022,8.116509228032317e-08,0.0,0.0,48.981589958159,799.7116717180021,GSTZ1;QDPR;HGD;PAH;PCBD1;FAH,0.5454545454545454
8,484,Beta-oxidation Of Very Long Chain Fatty Acids R-HSA-390247,9/11,2.0821537485231798e-12,Metabolism,Reactome_2022,1.393262731353801e-13,0.0,0.0,184.86947368421053,5472.49838136086,ACOX1;EHHADH;ECI2;MLYCD;ACAA1;ACOT6;DECR2;ABCD1;ACOT4,0.8181818181818182
8,484,Paracetamol ADME R-HSA-9753281,12/28,1.0144390280465746e-11,Drug ADME,Reactome_2022,7.542297606294236e-13,0.0,0.0,30.985169491525426,864.8914947211631,SULT1A1;ABCC3;UGT1A10;GGT7;ABCC2;GSTM1;ACY1;SULT1E1;UGT2B15;GSTT1;CYP2E1;SULT2A1,0.42857142857142855
8,484,Glyoxylate Metabolism And Glycine Degradation R-HSA-389661,9/31,2.479510108024169e-07,Metabolism,Reactome_2022,3.3183034902925685e-08,0.0,0.0,16.78909090909091,289.12874715538226,ALDH4A1;GRHPR;DAO;LDHD;PXMP2;HOGA1;AGXT;PRODH2;GNMT,0.2903225806451613
8,484,Synthesis Of Leukotrienes (LT) And Eoxins (EX) R-HSA-2142691,8/21,1.3165348394021605e-07,Metabolism,Reactome_2022,1.7129635456905432e-08,0.0,0.0,25.213962508080154,450.8875702401291,CYP4F2;CYP4A11;CYP4F3;CYP4B1;CYP4F11;CYP4F22;CYP4F8;PTGR1,0.38095238095238093
8,484,Beta-oxidation Of pristanoyl-CoA R-HSA-389887,6/9,1.2168222210337857e-07,Metabolism,Reactome_2022,1.5379909113438183e-08,0.0,0.0,81.64435146443515,1468.7985205177451,ACOXL;AMACR;ACOX2;ACOX3;CROT;CRAT,0.6666666666666666
8,484,Atorvastatin ADME R-HSA-9754706,6/9,1.2168222210337857e-07,Drug ADME,Reactome_2022,1.5379909113438183e-08,0.0,0.0,81.64435146443515,1468.7985205177451,PON3;ABCB1;ABCC2;SLCO2B1;PON1;SLCO1B3,0.6666666666666666
8,484,Alpha-Linolenic (Omega3) And Linoleic (Omega6) Acid Metabolism R-HSA-2046104,7/13,5.920362440922828e-08,Metabolism,Reactome_2022,7.0428103386442575e-09,0.0,0.0,47.7183787561146,895.7340252466655,FADS2;ACSL1;ACOX1;ELOVL2;ELOVL3;ACAA1;ABCD1,0.5384615384615384
8,484,Synthesis Of Bile Acids And Bile Salts R-HSA-192105,10/34,4.243567942890178e-08,Metabolism,Reactome_2022,4.890357108906896e-09,0.0,0.0,17.134317862165965,327.8823153098396,CYP27A1;CYP39A1;AMACR;ACOX2;AKR1C1;OSBPL3;BAAT;CYP7B1;OSBPL1A;SLC27A2,0.29411764705882354
8,484,Miscellaneous Substrates R-HSA-211958,7/12,2.9766489791885342e-08,Metabolism,Reactome_2022,3.3196828764184393e-09,0.0,0.0,57.26498951781971,1118.0071003760218,CYP2S1;CYP4F2;CYP4A11;CYP4F3;CYP4B1;CYP4F11;CYP4F22,0.5833333333333334
8,484,Xenobiotics R-HSA-211981,9/24,2.32113142853381e-08,Metabolism,Reactome_2022,2.502334997304107e-09,0.0,0.0,24.63284210526316,487.87909403575327,CYP2J2;CYP2A6;CYP2B6;CYP2S1;CYP1A1;CYP2E1;CYP2F1;CYP2C18;CYP3A5,0.375
8,484,Metabolism Of Steroid Hormones R-HSA-196071,11/35,3.53215899520526e-09,Metabolism,Reactome_2022,3.6765967236337276e-10,0.0,0.0,18.887596899224807,410.31157516328506,HSD11B2;STARD3;CYP11A1;HSD17B1;HSD17B2;FDX1;AKR1B1;HSD17B14;HSD17B12;HSD17B11;SERPINA6,0.3142857142857143
8,484,Aflatoxin Activation And Detoxification R-HSA-5423646,9/19,2.0373492871497595e-09,Metabolism,Reactome_2022,1.9691851846057154e-10,0.0,0.0,36.95873684210526,825.9623915432792,ACY3;GGT7;AKR7A2;AKR7A3;ACY1;MGST3;MGST1;MGST2;CYP3A5,0.47368421052631576
8,484,Recycling Of Bile Acids And Salts R-HSA-159418,9/18,1.1394944052200119e-09,Metabolism,Reactome_2022,1.0590096702788214e-10,0.0,0.0,41.06736842105264,943.2565387117364,ABCC3;STARD5;SLC10A1;SLC10A2;ALB;SLCO1A2;SLCO1B3;SLC51A;BAAT,0.5
8,484,Eicosanoids R-HSA-211979,8/12,5.659230447404927e-10,Metabolism,Reactome_2022,5.049127536718151e-11,0.0,0.0,81.98319327731092,1943.7576115903696,CYP4F2;CYP4A11;CYP4F3;CYP4B1;CYP4F11;CYP4F22;CYP4F8;CYP4F12,0.6666666666666666
8,484,Signaling By Retinoic Acid R-HSA-5362517,13/41,9.242790633645912e-11,Signal Transduction,Reactome_2022,7.902757790849666e-12,0.0,0.0,19.21019108280255,491.08566203215327,ADH1C;ADH1A;ADH7;DHRS4;CYP26A1;CYP26C1;RDH11;RDH10;LDHD;ALDH1A1;PDK4;RDH16;ALDH8A1,0.3170731707317073
8,484,Mitochondrial Fatty Acid Beta-Oxidation R-HSA-77289,13/36,1.4151300116609309e-11,Metabolism,Reactome_2022,1.1573553998713934e-12,0.0,0.0,23.39231976368504,642.9351844650591,ACOT9;ACAA2;ACSM3;ACOT11;ACOT12;PCTP;MCEE;ACADL;THEM5;ACOT2;ACOT1;ACAD11;DECR1,0.3611111111111111
8,484,RA Biosynthesis Pathway R-HSA-5365859,11/22,1.0582107497914564e-11,Signal Transduction,Reactome_2022,8.261124812498357e-13,0.0,0.0,41.23678646934461,1147.2917475605454,CYP26A1;CYP26C1;ADH1C;RDH11;ADH1A;RDH10;ALDH1A1;RDH16;ADH7;ALDH8A1;DHRS4,0.5
8,484,Metabolic Disorders Of Biological Oxidation Enzymes R-HSA-5579029,13/34,6.877381934896983e-12,Disease,Reactome_2022,4.85763036293839e-13,0.0,0.0,25.62278839348903,726.4843406053441,ACY1;SLC35D1;TPMT;MAOA;FMO3;CYP4F22;OPLAH;CYP7B1;CYP27A1;CYP26C1;CYP11A1;CYP2R1;FDX1,0.38235294117647056
8,484,Metabolism Of Lipids R-HSA-556833,114/732,3.894459699367636e-58,Metabolism,Reactome_2022,4.3432636052427165e-60,0.0,0.0,9.421726580949882,1287.8226374570104,SLC27A1;ACAA2;ACSM3;ECI2;MSMO1;TM7SF2;FADS2;HPGDS;MLYCD;ACAD11;ACAA1;SULT2A1;STARD3;ACOT9;PHYH;STARD5;DGAT1;ACSL1;ACOT11;ACOT12;ACSL5;SLC51A;CYP39A1;CYP27A1;ALDH3A2;PLPP6;SOAT1;FDX1;ACOT2;ACOT1;CYP2E1;ACOT6;SLC27A2;ACOT4;SLC22A5;PEX11A;ABCB4;CYP4F22;HSD11B2;ALDH3B2;CYP11A1;ALDH3B1;SLCO1B3;THEM5;DECR2;HAO2;DECR1;CYP2J2;ACBD4;SLC10A1;CYP4F2;OSBPL3;SLC10A2;EPHX2;CYP4F3;CYP4F8;CYP4F11;CIDEC;NAT8;AMACR;SLCO1A2;ALB;CYP1A1;OSBPL1A;ALAS1;AKR1B1;PCTP;CROT;SERPINA6;MCEE;ACOXL;ACADL;CPT2;CYP2R1;HMGCS2;ABCD1;ABCC3;CBR1;ELOVL2;ELOVL3;CYP4A11;PTGR1;BAAT;CYP7B1;PTGR2;BDH2;BDH1;ACOX2;ACOX1;EHHADH;ACOX3;AGXT;PON3;HPGD;PON1;HSD17B14;FITM1;HSD17B12;HSD17B11;HSD17B8;HSD17B1;HSD17B2;SC5D;SLC25A20;GC;AKR1C1;CYP51A1;CYP4B1;ETNPPL;FABP1;NUDT7;SCD;THRSP;CRAT,0.1557377049180328
8,484,Retinoid Metabolic Process (GO:0001523),13/40,2.564303116778895e-10,cellular process,GO_Biological_Process_2023,5.5174554766759015e-12,0.0,0.0,19.92270189510105,516.4582796882119,ADH1B;AKR1C1;AKR1B1;ADH7;DHRS4;ADH4;CYP27C1;AKR1B10;RDH11;CYP4V2;RDH10;ALDH1A1;ALDH8A1,0.325
8,484,Phenylalanine metabolism,6/17,7.979729643801383e-06,Amino acid metabolism,KEGG_2021_Human,1.921046025359592e-06,0.0,0.0,22.257512362114877,292.96763844113866,ALDH3B2;MAOB;MAOA;ALDH3B1;PAH;GLYAT,0.35294117647058826
8,484,Aldehyde Dehydrogenase [NAD(P)+] Activity (GO:0004030),9/14,1.4265691453125708e-10,catalytic activity,GO_Molecular_Function_2023,4.753635723671458e-12,0.0,0.0,73.93642105263157,1927.678604364438,ALDH3A2;ALDH4A1;ALDH3B2;ALDH1L1;ALDH1B1;ALDH2;ALDH3B1;ALDH1A1;ALDH7A1,0.6428571428571429
8,484,Aldehyde Dehydrogenase (NAD+) Activity (GO:0004029),9/14,1.4265691453125708e-10,catalytic activity,GO_Molecular_Function_2023,4.753635723671458e-12,0.0,0.0,73.93642105263157,1927.678604364438,ALDH3A2;ALDH4A1;ALDH3B2;ALDH1L1;ALDH1B1;ALDH2;ALDH3B1;ALDH1A1;ALDH7A1,0.6428571428571429
8,484,acyl-CoA Metabolic Process (GO:0006637),12/31,1.7759612308578996e-10,cellular process,GO_Biological_Process_2023,3.2753383355985855e-12,0.0,0.0,26.088760035682427,689.9068221681382,ACOT9;MCEE;ACSM3;ACOT12;ACOT2;ACOT1;GLYAT;HMGCS2;MLYCD;BAAT;ACOT6;ACOT4,0.3870967741935484
8,484,Bile Acid Metabolic Process (GO:0008206),12/31,1.7759612308578996e-10,cellular process,GO_Biological_Process_2023,3.2753383355985855e-12,0.0,0.0,26.088760035682427,689.9068221681382,CYP27A1;CYP39A1;AMACR;SCP2;ACOX2;AKR1C1;OSBPL3;ACAA1;BAAT;CYP7B1;OSBPL1A;SLC27A2,0.3870967741935484
8,484,Ribonucleoside Bisphosphate Metabolic Process (GO:0033875),11/25,2.385458313922111e-10,cellular process,GO_Biological_Process_2023,4.888234249840392e-12,0.0,0.0,32.395348837209305,843.7106193175227,ACOT9;ACSM3;ACOT12;ACOT2;ACOT1;CROT;GLYAT;MLYCD;BAAT;ACOT6;ACOT4,0.44
8,484,Purine Nucleoside Bisphosphate Metabolic Process (GO:0034032),11/25,2.385458313922111e-10,cellular process,GO_Biological_Process_2023,4.888234249840392e-12,0.0,0.0,32.395348837209305,843.7106193175227,ACOT9;ACSM3;ACOT12;ACOT2;ACOT1;CROT;GLYAT;MLYCD;BAAT;ACOT6;ACOT4,0.44
8,484,acyl-CoA Hydrolase Activity (GO:0047617),10/20,2.512582711707298e-10,catalytic activity,GO_Molecular_Function_2023,9.34045617735055e-12,0.0,0.0,41.151898734177216,1045.1210283898283,ACOT9;ABCD2;ACAA2;ACOT11;ACOT2;THEM5;ACOT1;BAAT;ACOT6;ACOT4,0.5
8,484,Organic Hydroxy Compound Biosynthetic Process (GO:1901617),13/42,4.966743052204704e-10,None,GO_Biological_Process_2023,1.1195527371772895e-11,0.0,0.0,18.54681894721429,467.667438524986,OSBPL3;MSMO1;BAAT;CYP7B1;CYP27A1;CYP39A1;AMACR;SCP2;ACOX2;HSD17B1;PNPO;OSBPL1A;SLC27A2,0.30952380952380953
8,484,Glutathione Transferase Activity (GO:0004364),11/28,5.393105738374189e-10,catalytic activity,GO_Molecular_Function_2023,2.2053592238704863e-11,0.0,0.0,26.67441860465116,654.5247632381495,GSTZ1;GSTK1;HPGDS;GSTM1;GSTO1;MGST3;GSTA1;MGST1;GSTT2;MGST2;GSTT1,0.39285714285714285
8,484,Purine Ribonucleotide Metabolic Process (GO:0009150),17/84,6.172634214810307e-10,cellular process,GO_Biological_Process_2023,1.4546166694737407e-11,0.0,0.0,10.567068298763145,263.6873847300747,ACOT9;ACSM3;ACOT12;ABHD14B;CROT;GLYAT;BAAT;SULT2B1;SULT1A1;SULT1B1;SULT1E1;ACOT2;ACOT1;MLYCD;ACOT6;ACOT4;SULT2A1,0.20238095238095238
8,484,NAD-retinol Dehydrogenase Activity (GO:0004745),10/19,1.4265691453125708e-10,catalytic activity,GO_Molecular_Function_2023,4.772907921120125e-12,0.0,0.0,45.72667604313174,1192.0059802317355,ADH4;ADH1C;ADH1B;RDH11;RDH10;AKR1A1;RDH16;HSD17B6;ADH7;ADH6,0.5263157894736842
8,484,Alcohol Dehydrogenase (NAD+) Activity (GO:0004022),7/8,8.177380107428177e-10,catalytic activity,GO_Molecular_Function_2023,3.6479019066594097e-11,0.0,0.0,286.3836477987421,6883.025878531695,ADH4;ADH1C;ADH1B;ADHFE1;ADH7;ADH5;ADH6,0.875
8,484,Monocarboxylic Acid Biosynthetic Process (GO:0072330),15/65,1.2301035126069902e-09,cellular process,GO_Biological_Process_2023,3.150879899095775e-11,0.0,0.0,12.451599147121534,301.08905932050544,SDS;ACSM3;OSBPL3;HOGA1;BAAT;CYP7B1;HSD17B8;CYP27A1;CYP39A1;AMACR;SCP2;ACOX2;MLYCD;OSBPL1A;SLC27A2,0.23076923076923078
8,484,acyl-CoA Oxidase Activity (GO:0003997),6/6,3.743069156494649e-09,catalytic activity,GO_Molecular_Function_2023,1.9480657320046495e-10,0.0,0.0,117096.0,2618151.10123165,ACOXL;ACADL;ACOX2;ACOX1;ACOX3;CRAT,1.0
8,484,"Alcohol Dehydrogenase Activity, Zinc-Dependent (GO:0004024)",6/6,3.743069156494649e-09,None,GO_Molecular_Function_2023,1.9480657320046495e-10,0.0,0.0,117096.0,2618151.10123165,ADH4;ADH1C;ADH1B;ADH7;ADH5;ADH6,1.0
8,484,Lipid Transport (GO:0006869),18/108,4.156643290489355e-09,localization,GO_Biological_Process_2023,1.1073025159090496e-10,0.0,0.0,8.337339055793992,191.1245271949861,ABCC3;SLC27A1;ABCC2;ACSL1;ABCA6;SLC10A1;SLC10A2;AKR1C1;PCTP;SLC51A;ABCA8;FABP1;SCP2;SLCO2B1;TTPA;EHHADH;SLCO1B3;SLCO1A2,0.16666666666666666
8,484,Steroid Biosynthetic Process (GO:0006694),13/50,4.717028532844938e-09,cellular process,GO_Biological_Process_2023,1.3049156801927598e-10,0.0,0.0,14.530728180409708,330.71519586182006,OSBPL3;CYP51A1;MSMO1;BAAT;CYP7B1;CYP27A1;CYP39A1;AMACR;SCP2;ACOX2;HSD17B1;OSBPL1A;SLC27A2,0.26
8,484,Bile Acid Biosynthetic Process (GO:0006699),10/25,5.1669231943837914e-09,cellular process,GO_Biological_Process_2023,1.4823140311756778e-10,0.0,0.0,27.42756680731364,620.7474536636975,CYP27A1;CYP39A1;AMACR;SCP2;ACOX2;OSBPL3;BAAT;CYP7B1;OSBPL1A;SLC27A2,0.4
8,484,Carboxylic Acid Metabolic Process (GO:0019752),11/33,5.996279209827846e-09,cellular process,GO_Biological_Process_2023,1.7816813225922902e-10,0.0,0.0,20.60676532769556,462.5867150943346,CYP2J2;PON3;GRHPR;GSTO1;CYP4F2;CYP2S1;PON1;CYP4F3;GLYAT;CYP4F22;CYP4F8,0.3333333333333333
8,484,"Oxidoreductase Activity, Acting On Paired Donors, With Incorporation Or Reduction Of Molecular Oxygen, NAD(P)H As One Donor, And Incorporation Of One Atom Of Oxygen (GO:0016709)",10/27,6.568884265415967e-09,catalytic activity,GO_Molecular_Function_2023,3.662946616402956e-10,0.0,0.0,24.19831223628692,525.7708380574803,CYP27A1;CYP26A1;CYP4F2;FMO1;FMO2;FMO3;CYP2E1;CYP4F11;FMO4;FMO5,0.37037037037037035
8,484,Icosanoid Metabolic Process (GO:0006690),13/52,7.269052648092869e-09,cellular process,GO_Biological_Process_2023,2.2343399533072344e-10,0.0,0.0,13.78414720452937,306.3100106278527,CYP2J2;FAAH;HPGD;CYP4F2;CYP4A11;CYP4F3;EPHX1;PTGR1;CYP4F22;CYP4F11;CYP4F8;CYP4F12;CYP2S1,0.25
8,484,Flavin Adenine Dinucleotide Binding (GO:0050660),13/55,8.035043821508391e-09,binding,GO_Molecular_Function_2023,4.779208220971533e-10,0.0,0.0,12.797593772116064,274.6565318860106,GCDH;AOC1;ETFDH;CYB5R1;ACOXL;POR;CYB5R3;ACOX2;ACOX1;LDHD;AOX1;ACOX3;PCYOX1,0.23636363636363636
8,484,Diterpenoid Metabolic Process (GO:0016101),11/28,8.968460843739978e-10,cellular process,GO_Biological_Process_2023,2.2053592238704863e-11,0.0,0.0,26.67441860465116,654.5247632381495,ALDH3A2;ADH4;AKR1B10;ADH1B;RDH11;CYP4V2;RDH10;AKR1C1;ALDH1A1;AKR1B1;ADH7,0.39285714285714285
8,484,Epoxygenase P450 Pathway (GO:0019373),10/17,6.401928232764924e-11,cellular process,GO_Biological_Process_2023,1.0494964316008073e-12,0.0,0.0,58.79746835443038,1621.7935569108874,CYP2J2;CYP2A6;CYP2B6;CYP4F2;CYP2S1;CYP4A11;CYP2E1;CYP2F1;CYP2C18;CYP4F12,0.5882352941176471
8,484,Arachidonic Acid Metabolic Process (GO:0019369),15/52,5.912300273947465e-11,cellular process,GO_Biological_Process_2023,9.086527060370085e-13,0.0,0.0,16.83772258399124,466.8563927617092,CYP2J2;CBR1;FAAH;CYP4F2;CYP4A11;EPHX1;CYP4F11;CYP2C18;CYP4F12;CYP2A6;CYP2B6;CYP2S1;CYP1A1;CYP2E1;CYP2F1,0.28846153846153844
8,484,Prostanoid Metabolic Process (GO:0006692),10/16,3.078917427748236e-11,cellular process,GO_Biological_Process_2023,4.416479916851978e-13,0.0,0.0,68.60056258790436,1951.566862160205,HPGDS;GSTM1;HPGD;AKR1C1;CYP2S1;GSTA1;CYP4F8;PTGR1;PTGR2;CES1,0.625
8,484,Peroxisomal Matrix (GO:0005782),29/49,5.395830433096923e-33,cellular anatomical structure,GO_Cellular_Component_2023,1.0580059672739063e-34,0.0,0.0,62.13010989010989,4860.532138473769,ECI2;CROT;ACOXL;SCP2;MLYCD;ACAA1;HAO2;GSTK1;PHYH;AOC1;EPHX2;IDH1;PIPOX;BAAT;DHRS4;FABP1;GRHPR;NUDT7;AMACR;ACOX2;ACOX1;EHHADH;ACOT2;ACOX3;ACOT6;AGXT;CRAT;ACOT4;PAOX,0.5918367346938775
8,484,Microbody Lumen (GO:0031907),29/49,5.395830433096923e-33,cellular anatomical structure,GO_Cellular_Component_2023,1.0580059672739063e-34,0.0,0.0,62.13010989010989,4860.532138473769,ECI2;CROT;ACOXL;SCP2;MLYCD;ACAA1;HAO2;GSTK1;PHYH;AOC1;EPHX2;IDH1;PIPOX;BAAT;DHRS4;FABP1;GRHPR;NUDT7;AMACR;ACOX2;ACOX1;EHHADH;ACOT2;ACOX3;ACOT6;AGXT;CRAT;ACOT4;PAOX,0.5918367346938775
8,484,Steroid Metabolic Process (GO:0008202),36/92,2.369091706531761e-31,cellular process,GO_Biological_Process_2023,2.4273480599710673e-34,0.0,0.0,27.924107142857142,2161.356437187365,UGT1A10;HSD17B14;MSMO1;HSD17B6;CYP3A5;CYP3A7;HSD11B2;CYP2B6;SCP2;SULT1E1;CYP11A1;CYP4V2;HSD17B1;CYP2R1;HSD17B2;RDH16;ACAA1;SULT2A1;CBR1;STARD3;AKR1C1;UGT2B15;CYP51A1;BAAT;CYP7B1;DHRS4;CYP27A1;CYP39A1;SULT2B1;CYP26A1;CYP2A6;CYP26C1;AMACR;BDH1;CYP1A1;CYP2E1,0.391304347826087
8,484,Peroxisome (GO:0005777),38/129,2.87770151160934e-29,cellular anatomical structure,GO_Cellular_Component_2023,8.463827975321588e-31,0.0,0.0,18.187305967575025,1259.3679313950795,ABCD2;PEX11A;ECI2;MGST1;CROT;ACOXL;SCP2;MLYCD;ACAA1;ACAD11;DECR2;HAO2;GSTK1;PHYH;AOC1;EPHX2;IDH1;PIPOX;BAAT;DHRS4;ALDH3A2;FABP1;GRHPR;NUDT7;AMACR;ACOX2;ACOX1;EHHADH;PXMP2;ACOT2;ACOX3;ACOT6;PEX11G;AGXT;SLC27A2;CRAT;ACOT4;PAOX,0.29457364341085274
8,484,"Oxidoreductase Activity, Acting On The CH-OH Group Of Donors, NAD Or NADP As Acceptor (GO:0016616)",34/95,1.6852558263668671e-28,catalytic activity,GO_Molecular_Function_2023,6.26489154783222e-31,0.0,0.0,24.097267759562843,1675.8487420468466,H6PD;ADH1C;HPGD;ADH1B;ADH1A;HSD17B6;ADH7;HSD17B11;HSD17B7;HSD17B8;ADH5;ADH6;ADH4;AKR7A2;AKR7A3;RDH11;RDH10;LDHD;ME1;RDH16;CBR1;SDR42E1;DCXR;AKR1C1;AKR1A1;PTGR1;DHRS1;DHRS4;GRHPR;BDH2;AKR1B10;BDH1;EHHADH;CRYL1,0.35789473684210527
8,484,Fatty Acid Metabolic Process (GO:0006631),37/122,7.603102290294667e-28,cellular process,GO_Biological_Process_2023,1.5580127644046451e-30,0.0,0.0,18.92214765100671,1298.705362193691,FAAH;ABCD2;ACSM3;HPGD;MSMO1;CROT;HSD17B8;CPT2;MLYCD;ACAA1;DECR2;HAO2;ABCD1;CYP2J2;PHYH;ACBD4;ACSL1;CYP4F2;ACOT11;CYP4A11;ACSL5;CYP4B1;CYP4F11;BAAT;CYP4F12;ACOX2;ACOX1;ACOT2;CYP1A1;ACOT1;ECHDC3;CYP2E1;ACOT6;SLC27A2;CRAT;ACOT4;CES1,0.30327868852459017
8,484,Fatty Acid Beta-Oxidation (GO:0006635),23/49,4.244015593924157e-22,cellular process,GO_Biological_Process_2023,1.304512989935704e-24,0.0,0.0,37.39946604371767,2056.828980001622,GCDH;ABCD2;ACAA2;ECI2;ETFDH;CROT;ACOXL;BDH2;AMACR;ACADL;CPT2;SCP2;ACOX2;ACOX1;EHHADH;ECHDC2;ACOX3;ACAA1;ACAD11;DECR2;SLC27A2;CRAT;DECR1,0.46938775510204084
8,484,Monocarboxylic Acid Metabolic Process (GO:0032787),28/97,2.4736444693963323e-20,cellular process,GO_Biological_Process_2023,1.01378871696571e-22,0.0,0.0,17.30600050851767,876.4308560581039,ABAT;MSMO1;GLYAT;CROT;SCP2;ME1;ACAA1;DECR2;CYP2J2;ACBD4;AKR1C1;ACOT11;CYP4A11;CYP4B1;HOGA1;CYP4F11;BAAT;CYP4F12;GRHPR;BTD;AMACR;ACOT2;CYP1A1;ACOT1;ECHDC3;ACOT6;AGXT;ACOT4,0.28865979381443296
8,484,Fatty Acid Oxidation (GO:0019395),21/52,1.3985743460576785e-18,cellular process,GO_Biological_Process_2023,7.164827592508598e-21,0.0,0.0,28.50867414477809,1322.377785297249,ABCD2;PHYH;ACAA2;CYP4F2;ECI2;CROT;ADH7;ADH5;ADH4;BDH2;CPT2;SCP2;ACOX1;CYP4V2;EHHADH;ECHDC2;ACAA1;ACAD11;SLC27A2;HAO2;DECR1,0.40384615384615385
8,484,Long-Chain Fatty Acid Metabolic Process (GO:0001676),23/78,6.563095474459659e-17,cellular process,GO_Biological_Process_2023,4.034689840856348e-19,0.0,0.0,17.653441135870636,747.6971529816619,CYP2J2;FAAH;ACSL1;ELOVL2;CYP4F2;CYP4A11;ELOVL3;EPHX1;ACSL5;PTGR1;CYP4F11;CYP4F12;ACADL;CPT2;SCP2;GSTA1;ACOT2;CYP1A1;ACOT1;CYP2E1;ACAA1;SLC27A2;ACOT4,0.2948717948717949
8,484,Fatty Acid Catabolic Process (GO:0009062),20/61,1.1178566398000005e-15,cellular process,GO_Biological_Process_2023,8.017414424795084e-18,0.0,0.0,20.474137931034484,805.9627135812714,ABCD2;FAAH;PHYH;ACAA2;ECI2;CROT;MCEE;NUDT7;BDH2;ACADL;CPT2;SCP2;ACOX1;EHHADH;ECHDC2;ACAA1;ACAD11;SLC27A2;HAO2;DECR1,0.32786885245901637
8,484,Fatty Acid Beta-Oxidation Using acyl-CoA Oxidase (GO:0033540),10/11,8.251274510384662e-14,cellular process,GO_Biological_Process_2023,6.763339762610378e-16,0.0,0.0,411.7088607594937,14380.92655646782,ACOXL;AMACR;ACOX2;SCP2;ACOX1;EHHADH;ACOX3;CROT;DECR2;CRAT,0.9090909090909091
8,484,Sterol Metabolic Process (GO:0016125),18/60,2.326927906814867e-13,cellular process,GO_Biological_Process_2023,2.1457327009563323e-15,0.0,0.0,17.909871244635195,604.9111903470965,STARD3;CYP51A1;MSMO1;CYP7B1;CYP27A1;CYP39A1;SULT2B1;CYP26A1;CYP26C1;SOAT1;CYP11A1;CYP4V2;FDX1;APOF;OSBPL1A;ABCG1;SULT2A1;CES1,0.3
8,484,Mitochondrial Matrix (GO:0005759),38/355,3.267918780271597e-13,cellular anatomical structure,GO_Cellular_Component_2023,1.6019209707213708e-14,0.0,0.0,5.160218415356976,163.91427493753574,DMGDH;GCDH;ACAA2;ALAS1;ACSM3;ETFDH;ABAT;OGDHL;GLYAT;HSD17B8;MCEE;ACADL;ALDH2;ALDH1B1;CYP11A1;PDK4;THEM5;MLYCD;HMGCS2;ACSS1;AASS;DECR1;ACOT9;GSTK1;ADHFE1;HOGA1;ETNPPL;CYP27A1;ALDH4A1;GSTZ1;ALDH6A1;BTD;BDH1;TST;FDX1;ACOT2;SARDH;ALDH7A1,0.10704225352112676
8,484,Ethanol Metabolic Process (GO:0006067),10/14,5.62765865094081e-12,cellular process,GO_Biological_Process_2023,5.766043699734436e-14,0.0,0.0,102.9113924050633,3137.171995658445,SULT1A1;ADH4;SULT1B1;ADH1C;SULT1E1;ADH1B;ADH1A;ADH7;ADH6;SULT2A1,0.7142857142857143
8,484,CoA Hydrolase Activity (GO:0016289),10/15,1.1055631449563766e-11,catalytic activity,GO_Molecular_Function_2023,1.692597176141395e-13,0.0,0.0,82.32489451476793,2420.9563337922355,ACOT9;ABCD2;ACAA2;ACOT11;ACOT12;ACOT2;ACOT1;BAAT;ACOT6;ACOT4,0.6666666666666666
8,484,"Oxidoreductase Activity, Acting On Paired Donors, With Incorporation Or Reduction Of Molecular Oxygen, Reduced Flavin Or Flavoprotein As One Donor, And Incorporation Of One Atom Of Oxygen (GO:0016712)",12/25,1.1055631449563766e-11,catalytic activity,GO_Molecular_Function_2023,1.3772270693257197e-13,0.0,0.0,38.14146023468057,1129.5034333330802,CYP2J2;CYP2A6;CYP2B6;CYP4F2;CYP2S1;CYP2R1;CYP4A11;CYP4F3;CYP2E1;CYP2F1;CYP2C18;CYP4F12,0.48
8,484,Arachidonic Acid Epoxygenase Activity (GO:0008392),10/15,1.1055631449563766e-11,catalytic activity,GO_Molecular_Function_2023,1.692597176141395e-13,0.0,0.0,82.32489451476793,2420.9563337922355,CYP2J2;CYP2A6;CYP2B6;CYP4F2;CYP2S1;CYP4A11;CYP2E1;CYP2F1;CYP2C18;CYP4F12,0.6666666666666666
8,484,"Oxidoreductase Activity, Acting On The Aldehyde Or Oxo Group Of Donors, NAD Or NADP As Acceptor (GO:0016620)",11/20,1.1055631449563766e-11,catalytic activity,GO_Molecular_Function_2023,2.0549500835620387e-13,0.0,0.0,50.40568475452197,1472.5191451859023,ALDH3A2;ALDH4A1;ALDH3B2;ALDH6A1;AKR1B10;ALDH2;ALDH3B1;ALDH1A1;AKR1B1;HSD17B12;ALDH8A1,0.55
8,484,Very Long-Chain Fatty Acid Metabolic Process (GO:0000038),13/32,1.686232790861635e-11,cellular process,GO_Biological_Process_2023,1.9004672847825806e-13,0.0,0.0,28.322829366409653,829.6183380383102,ABCD2;ACSL1;CYP4F2;ELOVL2;ELOVL3;CYP4F12;ACOX2;ACOX1;ACOT2;ACOT1;ACAA1;SLC27A2;ACOT4,0.40625
8,484,Arachidonic Acid Monooxygenase Activity (GO:0008391),10/16,1.9800551627219703e-11,catalytic activity,GO_Molecular_Function_2023,4.416479916851978e-13,0.0,0.0,68.60056258790436,1951.566862160205,CYP2J2;CYP2A6;CYP2B6;CYP4F2;CYP2S1;CYP4A11;CYP2E1;CYP2F1;CYP2C18;CYP4F12,0.625
8,484,Cholesterol Metabolic Process (GO:0008203),17/67,2.279955662684152e-11,cellular process,GO_Biological_Process_2023,2.803224175431335e-13,0.0,0.0,14.172248394004283,409.6181705584202,STARD3;ACAA2;CYP51A1;MSMO1;HSD17B7;TM7SF2;CYP27A1;SULT2B1;PLPP6;SOAT1;CYP11A1;FDX1;APOF;OSBPL1A;ABCG1;SULT2A1;CES1,0.2537313432835821
8,484,Unsaturated Fatty Acid Metabolic Process (GO:0033559),15/49,2.56365783544856e-11,cellular process,GO_Biological_Process_2023,3.4147081824622214e-13,0.0,0.0,18.326226012793175,526.063740515689,CYP2J2;FAAH;ELOVL2;CYP4F2;CYP4A11;ELOVL3;EPHX1;PTGR1;CYP4F11;CYP4F12;SCP2;SCD;GSTA1;ACAA1;DECR2,0.30612244897959184
8,484,"Steroid Dehydrogenase Activity, Acting On The CH-OH Group Of Donors, NAD Or NADP As Acceptor (GO:0033764)",9/22,1.5727189573668677e-08,catalytic activity,GO_Molecular_Function_2023,9.939116087448606e-10,0.0,0.0,28.42542510121457,589.241235002573,AKR1C1;HSD17B1;HSD17B2;RDH16;HSD17B14;HSD17B6;HSD17B11;HSD17B7;HSD17B8,0.4090909090909091
8,484,Secondary Alcohol Metabolic Process (GO:1902652),12/47,2.686214674592093e-08,cellular process,GO_Biological_Process_2023,8.532034314790458e-10,0.0,0.0,14.15084745762712,295.4983236001203,CYP27A1;SULT2B1;STARD3;SOAT1;CYP11A1;IDH1;FDX1;APOF;OSBPL1A;ABCG1;SULT2A1;CES1,0.2553191489361702
8,484,Alcohol Dehydrogenase [NAD(P)+] Activity (GO:0018455),6/7,1.9962103910346963e-08,catalytic activity,GO_Molecular_Function_2023,1.3357541650046292e-09,0.0,0.0,244.9581589958159,5005.418628366281,ADH4;ADH1C;ADHFE1;ADH7;ADH6;DHRS4,0.8571428571428571
8,484,Metabolism of xenobiotics by cytochrome P450,34/76,6.794523993079537e-33,Xenobiotics biodegradation and metabolism,KEGG_2021_Human,6.291225919518091e-35,0.0,0.0,35.03259259259259,2758.862990379647,UGT1A10;ADH1C;ADH1B;ADH1A;MGST3;MGST1;GSTT2;MGST2;GSTT1;ADH7;CYP3A5;ADH5;ADH6;ADH4;ALDH3B2;AKR7A2;HPGDS;AKR7A3;CYP2B6;ALDH3B1;CYP2F1;SULT2A1;CBR1;GSTK1;GSTM1;GSTO1;AKR1C1;UGT2B15;EPHX1;CYP2A6;CYP2S1;GSTA1;CYP1A1;CYP2E1,0.4473684210526316
8,484,Primary bile acid biosynthesis,7/17,3.6020950223422665e-07,Lipid metabolism,KEGG_2021_Human,7.33760097143795e-08,0.0,0.0,28.625157232704403,470.2446023060826,CYP27A1;CYP39A1;AMACR;ACOX2;SCP2;BAAT;CYP7B1,0.4117647058823529
8,484,Arginine and proline metabolism,11/50,1.219857281226056e-07,Amino acid metabolism,KEGG_2021_Human,2.3719447134951088e-08,0.0,0.0,11.614192009540847,203.91002731813197,ALDH3A2;ALDH4A1;AOC1;DAO;ALDH2;MAOB;ALDH1B1;MAOA;HOGA1;PRODH2;ALDH7A1,0.22
8,484,Prostaglandin Metabolic Process (GO:0006693),10/30,3.7277224139360566e-08,cellular process,GO_Biological_Process_2023,1.2222040701429692e-09,0.0,0.0,20.565400843881857,422.0557008747828,HPGDS;GSTM1;HPGD;AKR1C1;CYP2S1;GSTA1;CYP4F8;PTGR1;PTGR2;CES1,0.3333333333333333
8,484,Drug metabolism,38/108,2.1823819790909822e-32,None,KEGG_2021_Human,4.041448109427745e-34,0.0,0.0,23.669058295964124,1819.944427618659,UGT1A10;TPMT;MAOB;ADH1C;MAOA;ADH1B;MGST3;ADH1A;MGST1;GSTT2;MGST2;GSTT1;ADH7;CYP3A5;ADH5;ADH6;ADH4;ALDH3B2;HPGDS;CYP2B6;ALDH3B1;AOX1;GSTK1;GSTM1;GSTO1;UGT2B15;FMO1;FMO2;FMO3;FMO4;FMO5;CYP2A6;NAT1;NAT2;GSTA1;CYP2E1;CES2;CES1,0.35185185185185186
8,484,Peroxisome,32/82,4.8377134749373117e-29,Transport and catabolism,KEGG_2021_Human,1.3438092985936978e-30,0.0,0.0,27.562477876106197,1895.8035783910652,ABCD2;PEX11A;ECI2;CROT;SCP2;MLYCD;ACAA1;DECR2;ABCD1;HAO2;GSTK1;PHYH;ACSL1;EPHX2;IDH1;ACSL5;PIPOX;BAAT;DHRS4;NUDT7;AMACR;DAO;ACOX2;ACOX1;EHHADH;PXMP2;ACOX3;AGXT;PEX11G;SLC27A2;CRAT;PAOX,0.3902439024390244
8,484,Retinol metabolism,28/68,2.825415219655256e-26,Metabolism of cofactors and vitamins,KEGG_2021_Human,1.0464500813537986e-27,0.0,0.0,29.897368421052636,1857.355893847082,UGT1A10;ADH1C;RETSAT;ADH1B;ADH1A;HSD17B6;ADH7;CYP2C18;CYP3A5;ADH5;ADH6;CYP3A7;ADH4;CYP2B6;RDH11;RDH10;RDH16;AOX1;DGAT1;UGT2B15;DHRS4;CYP26A1;CYP2A6;CYP27C1;CYP26C1;CYP2S1;ALDH1A1;CYP1A1,0.4117647058823529
8,484,Fatty acid degradation,22/43,2.456888163624728e-23,Lipid metabolism,KEGG_2021_Human,1.1374482239003368e-24,0.0,0.0,44.20634920634921,2437.239918041642,GCDH;ACAA2;ADH1C;ADH1B;ACSL1;ADH1A;ECI2;ACSL5;ADH7;ADH5;ADH6;ALDH3A2;ADH4;ACADL;ALDH1B1;ALDH2;CPT2;ACOX1;EHHADH;ACOX3;ACAA1;ALDH7A1,0.5116279069767442
8,484,Pyruvate metabolism,19/47,9.274390845308309e-18,Carbohydrate metabolism,KEGG_2021_Human,5.152439358504616e-19,0.0,0.0,28.438709677419357,1197.544011503583,ADH1C;ADH1B;ADH1A;ACOT12;AKR1A1;ACYP2;ADH7;ADH5;ADH6;ALDH3A2;ADH4;GRHPR;ALDH1B1;ALDH2;LDHD;ME1;HAGH;ACSS1;ALDH7A1,0.40425531914893614
8,484,Tyrosine metabolism,15/36,2.4849023421821056e-14,Amino acid metabolism,KEGG_2021_Human,1.6105848514143276e-15,0.0,0.0,29.6908315565032,1011.3344197341328,ADH1C;MAOB;HGD;ADH1B;MAOA;ADH1A;ADH7;FAH;ADH5;ADH6;GSTZ1;ADH4;ALDH3B2;ALDH3B1;AOX1,0.4166666666666667
8,484,ABC transporters,10/45,4.40068564977036e-07,Membrane transport,KEGG_2021_Human,9.371830550436877e-08,0.0,0.0,11.742616033755274,190.0304300493126,ABCC3;ABCD2;ABCB1;ABCC2;ABCA6;ABCB4;ABCC6;ABCA8;ABCD1;ABCG1,0.2222222222222222
8,484,Steroid hormone biosynthesis,18/61,4.0186494587548087e-14,Lipid metabolism,KEGG_2021_Human,2.9767773768554138e-15,0.0,0.0,17.492464317796188,585.0868111831525,UGT1A10;AKR1C1;UGT2B15;HSD17B12;HSD17B6;CYP7B1;HSD17B7;CYP3A5;HSD17B8;CYP3A7;SULT2B1;HSD11B2;SULT1E1;CYP11A1;HSD17B1;HSD17B2;CYP1A1;CYP2E1,0.29508196721311475
8,484,Biosynthesis of unsaturated fatty acids,13/27,1.3235367031019416e-13,Lipid metabolism,KEGG_2021_Human,1.2254969473166125e-14,0.0,0.0,38.447983014862,1231.5982754373083,ELOVL2;ELOVL3;HSD17B12;BAAT;FADS2;SCP2;ACOX1;SCD;ACOT2;ACOT1;ACOX3;ACAA1;ACOT4,0.48148148148148145
8,484,Histidine metabolism,11/22,8.110922543180205e-12,Amino acid metabolism,KEGG_2021_Human,8.261124812498357e-13,0.0,0.0,41.23678646934461,1147.2917475605454,ALDH3A2;ALDH3B2;AOC1;MAOB;ALDH1B1;ALDH2;MAOA;ALDH3B1;HNMT;ALDH7A1;ASPA,0.5
8,484,beta-Alanine metabolism,12/30,1.8468905753458192e-11,Metabolism of other amino acids,KEGG_2021_Human,2.0521006392731324e-12,0.0,0.0,27.53954802259887,741.1486440958894,ALDH3A2;ALDH3B2;ALDH6A1;ALDH1B1;ALDH2;ACOX1;ALDH3B1;EHHADH;ABAT;MLYCD;ACOX3;ALDH7A1,0.4
8,484,Glutathione metabolism,15/57,3.3252777741151756e-11,Metabolism of other amino acids,KEGG_2021_Human,4.002649172546045e-12,0.0,0.0,14.829424307036248,389.1843706942432,GSTK1;NAT8B;GGT7;GSTM1;GSTO1;MGST3;IDH1;MGST1;GSTT2;MGST2;GSTT1;OPLAH;HPGDS;NAT8;GSTA1,0.2631578947368421
8,484,Tryptophan metabolism,13/42,8.636549686796234e-11,Amino acid metabolism,KEGG_2021_Human,1.1195527371772895e-11,0.0,0.0,18.54681894721429,467.667438524986,GCDH;AOC1;MAOB;MAOA;INMT;ALDH3A2;ALDH1B1;ALDH2;EHHADH;CYP1A1;AOX1;ALDH8A1;ALDH7A1,0.30952380952380953
8,484,Chemical carcinogenesis,27/239,2.3244222446578074e-10,None,KEGG_2021_Human,3.2283642286913986e-11,0.0,0.0,5.379711820321209,129.95479579160877,UGT1A10;MGST3;NR1I3;MGST1;MGST2;GSTT2;GSTT1;CYP2C18;CYP3A5;CYP3A7;SULT1A1;HPGDS;CYP2B6;SULT2A1;GSTK1;CBR1;GSTM1;GSTO1;EPHX2;UGT2B15;EPHX1;CYP2A6;NAT1;NAT2;GSTA1;CYP1A1;CYP2E1,0.11297071129707113
8,484,Bile secretion,17/90,3.1419925025305386e-10,Digestive system,KEGG_2021_Human,4.6548037074526506e-11,0.0,0.0,9.695550145199611,230.66233749559984,ABCC3;UGT1A10;ABCC2;ABCB1;SLC10A1;ABCB4;SLC10A2;UGT2B15;EPHX1;SLC51A;SLCO1B7;BAAT;SLC4A4;SLCO1B3;SLCO1A2;SLC22A7;SULT2A1,0.18888888888888888
8,484,Glycolysis / Gluconeogenesis,15/67,3.1928599698017726e-10,Carbohydrate metabolism,KEGG_2021_Human,5.025798100613902e-11,0.0,0.0,11.971461374446449,283.88946033161096,ADH1C;ADH1B;ADH1A;AKR1A1;ADH7;ADH5;ADH6;ALDH3A2;ADH4;ALDH3B2;ALDH2;ALDH1B1;ALDH3B1;ACSS1;ALDH7A1,0.22388059701492538
8,484,"Glycine, serine and threonine metabolism",12/40,6.383512501369061e-10,Amino acid metabolism,KEGG_2021_Human,1.0639187502281771e-10,0.0,0.0,17.694915254237287,406.3441211576688,DMGDH;GRHPR;ALAS1;SDS;DAO;MAOB;MAOA;SARDH;PIPOX;AGXT;ALDH7A1;GNMT,0.3
8,484,PPAR signaling pathway,19/74,1.0391095830312595e-13,Endocrine system,KEGG_2021_Human,8.659246525260495e-15,0.0,0.0,14.45782991202346,468.14668217678513,SLC27A1;ACSL1;ACSL5;CYP27A1;FABP1;FADS2;ACADL;CPT2;SCP2;ACOX2;ACOX1;SCD;EHHADH;ME1;PLIN4;HMGCS2;ACOX3;ACAA1;SLC27A2,0.25675675675675674
8,484,"Valine, leucine and isoleucine degradation",12/48,6.325924309539562e-09,Amino acid metabolism,KEGG_2021_Human,1.112894091493071e-09,0.0,0.0,13.757062146892656,283.6197468223159,ALDH3A2;MCEE;ALDH6A1;ACAA2;ALDH1B1;ALDH2;EHHADH;AOX1;ABAT;HMGCS2;ACAA1;ALDH7A1,0.25
8,484,Fatty acid elongation,8/27,7.400541387681669e-07,Lipid metabolism,KEGG_2021_Human,1.6445647528181485e-07,0.0,0.0,17.246351172047767,269.3986961428928,ACAA2;ELOVL2;ELOVL3;THEM5;ACOT2;ACOT1;HSD17B12;ACOT4,0.2962962962962963
8,484,Retinoic Acid 4-Hydroxylase Activity (GO:0008401),5/9,9.419106937544446e-06,catalytic activity,GO_Molecular_Function_2023,9.454122204970262e-07,0.0,0.0,50.91858037578288,706.3244603060974,CYP26C1;CYP2S1;CYP2C18;CYP3A5;CYP3A7,0.5555555555555556
8,484,Ethanol Oxidation (GO:0006069),6/7,3.95059413649854e-08,None,GO_Biological_Process_2023,1.3357541650046292e-09,0.0,0.0,244.9581589958159,5005.418628366281,ADH4;ADH1C;ADH1B;ADH1A;ADH7;ADH6,0.8571428571428571
8,484,Bile Acid And Bile Salt Transport (GO:0015721),9/23,4.5872952067336957e-08,localization,GO_Biological_Process_2023,1.5980331662801803e-09,0.0,0.0,26.39368421052632,534.5906718938015,ABCC3;ABCC2;SLC10A1;AKR1C1;SLC10A2;SLCO2B1;SLCO1A2;SLCO1B3;SLC51A,0.391304347826087
8,484,Monocarboxylic Acid Transport (GO:0015718),14/73,5.4760141367752725e-08,localization,GO_Biological_Process_2023,1.963734577737034e-09,0.0,0.0,9.82322394518572,196.94009759825977,ABCC3;SLC27A1;ABCC2;ACSL1;SLC10A1;ABCB4;AKR1C1;SLC10A2;SLC6A12;SLC51A;FABP1;SLCO2B1;SLCO1B3;SLCO1A2,0.1917808219178082
8,484,NAD Binding (GO:0051287),9/26,8.109096518518811e-08,binding,GO_Molecular_Function_2023,5.727614641332991e-09,0.0,0.0,21.73263157894737,412.4411581012196,QDPR;BDH2;HPGD;ALDH1B1;ALDH2;ALDH1A1;ME1;CRYL1;HSD17B8,0.34615384615384615
8,484,Estradiol 17-Beta-Dehydrogenase [NAD(P)] Activity (GO:0004303),6/9,2.0685977757574357e-07,catalytic activity,GO_Molecular_Function_2023,1.5379909113438183e-08,0.0,0.0,81.64435146443515,1468.7985205177451,HSD17B1;HSD17B2;HSD17B14;HSD17B11;HSD17B7;HSD17B8,0.6666666666666666
8,484,Steroid Hydroxylase Activity (GO:0008395),8/23,5.06636967886031e-07,catalytic activity,GO_Molecular_Function_2023,3.955158485355632e-08,0.0,0.0,21.84985994397759,372.4452852124136,CYP27A1;CYP39A1;CYP2B6;CYP11A1;CYP1A1;CYP7B1;CYP3A5;CYP3A7,0.34782608695652173
8,484,Sulfation (GO:0051923),7/16,1.1950508869244837e-06,cellular process,GO_Biological_Process_2023,4.4079745829181764e-08,0.0,0.0,31.80736081993944,538.729713097317,SULT1A1;SULT2B1;SULT1B1;SULT1C2;SULT1E1;SULT4A1;SULT2A1,0.4375
8,484,Heme Binding (GO:0020037),13/87,2.036633602863767e-06,binding,GO_Molecular_Function_2023,1.665648299739884e-07,0.0,0.0,7.251563665576405,113.18154445381172,CYP2J2;CYB5A;CYP51A1;CYP2C18;CYP27A1;CYP26A1;CYP2A6;CYP2B6;CYP11A1;CYP2S1;CYP2R1;CYP2E1;CYP2F1,0.14942528735632185
8,484,Alcohol Dehydrogenase (NADP+) Activity (GO:0008106),7/19,2.13191747623726e-06,catalytic activity,GO_Molecular_Function_2023,1.8228290689017466e-07,0.0,0.0,23.85185185185185,370.1260227628764,AKR7A2;AKR1B10;RDH11;AKR1C1;RDH10;AKR1B1;DHRS4,0.3684210526315789
8,484,Propanoate metabolism,8/34,5.006275314567573e-06,Carbohydrate metabolism,KEGG_2021_Human,1.1588600265202714e-06,0.0,0.0,12.59857789269554,172.19829205720393,MCEE;ALDH6A1;ACOX1;EHHADH;ABAT;MLYCD;ACOX3;ACSS1,0.23529411764705882
8,484,Cholesterol Binding (GO:0015485),10/50,3.03505289437253e-06,binding,GO_Molecular_Function_2023,2.7078538834550453e-07,0.0,0.0,10.272151898734178,155.33485702800985,SULT2B1;GRAMD1C;STARD3;STARD5;SCP2;SOAT1;OSBPL3;APOF;OSBPL1A;ABCG1,0.2
8,484,Estrogen Biosynthetic Process (GO:0006703),5/7,4.213248553465767e-06,cellular process,GO_Biological_Process_2023,1.64040414991495e-07,0.0,0.0,101.84759916492692,1591.1806251092162,HSD17B1;HSD17B2;HSD17B11;HSD17B7;HSD17B8,0.7142857142857143
8,484,Steroid Hormone Biosynthetic Process (GO:0120178),7/19,4.5617465929438585e-06,cellular process,GO_Biological_Process_2023,1.8228290689017466e-07,0.0,0.0,23.85185185185185,370.1260227628764,CYP11A1;HSD17B1;HSD17B2;HSD17B6;HSD17B11;HSD17B7;HSD17B8,0.3684210526315789
8,484,Adenyl Nucleotide Binding (GO:0030554),8/31,5.774714725909679e-06,binding,GO_Molecular_Function_2023,5.366835247127955e-07,0.0,0.0,14.244062842528315,205.65374606051975,BDH2;HPGD;ALDH1B1;ALDH2;HSD17B1;ALDH1A1;ME1;TM7SF2,0.25806451612903225
8,484,Monocarboxylic Acid Catabolic Process (GO:0072329),7/20,6.700329068833362e-06,cellular process,GO_Biological_Process_2023,2.746036503620231e-07,0.0,0.0,22.015965166908565,332.6158158437222,CYP26A1;FAAH;CYP26C1;ACOX1;LDHD;HOGA1;AGXT,0.35
8,484,Cellular Modified Amino Acid Catabolic Process (GO:0042219),6/13,6.886116705115227e-06,cellular process,GO_Biological_Process_2023,2.892733451943897e-07,0.0,0.0,34.98326359832636,526.7043002798755,ALDH4A1;SARDH;HOGA1;AGXT;CDO1;PCYOX1,0.46153846153846156
8,484,Microbody Membrane (GO:0031903),10/53,7.018807937432294e-06,cellular anatomical structure,GO_Cellular_Component_2023,4.816828976669222e-07,0.0,0.0,9.554018251398292,138.97255676173137,ALDH3A2;ABCD2;AOC1;PEX11A;PXMP2;MGST1;PEX11G;DECR2;SLC27A2;DHRS4,0.18867924528301888
8,484,Peroxisomal Membrane (GO:0005778),10/53,7.018807937432294e-06,cellular anatomical structure,GO_Cellular_Component_2023,4.816828976669222e-07,0.0,0.0,9.554018251398292,138.97255676173137,ALDH3A2;ABCD2;AOC1;PEX11A;PXMP2;MGST1;PEX11G;DECR2;SLC27A2;DHRS4,0.18867924528301888
8,484,Sodium-Independent Organic Anion Transmembrane Transporter Activity (GO:0015347),6/15,8.376268369022145e-06,None,GO_Molecular_Function_2023,8.096021471917315e-07,0.0,0.0,27.20641562064156,381.6168526389649,SLCO2B1;SLCO1A2;SLCO1B3;SLCO1B7;SLC22A7;SLC22A9,0.4
8,484,Aldehyde Catabolic Process (GO:0046185),5/7,4.213248553465767e-06,cellular process,GO_Biological_Process_2023,1.64040414991495e-07,0.0,0.0,101.84759916492692,1591.1806251092162,ALDH2;ALDH3B1;HOGA1;AGXT;ADH5,0.7142857142857143
8,484,Steroid biosynthesis,8/20,5.8496058996205596e-08,Lipid metabolism,KEGG_2021_Human,1.0832603517815849e-08,0.0,0.0,27.316526610644257,501.004367284656,SOAT1;CYP51A1;CYP2R1;SC5D;MSMO1;HSD17B7;LIPA;TM7SF2,0.4
10,300,Sensory Perception R-HSA-9709957,293/616,0.0,Sensory Perception,Reactome_2022,0.0,0.0,0.0,2511.0398053958424,inf,OR7G1;OR8I2;OR9K2;OR2M7;OR11H4;OR2M5;OR52N1;OR2M4;OR2M3;OR4K17;OR1K1;OR2M2;OR4Q3;OR52N5;OR52N4;OR51L1;OR52N2;OR5D18;OR2AE1;OR11H6;OR5D16;OR8H3;OR5D13;OR8H2;OR2L8;OR11G2;OR1J4;OR2L3;OR1J2;OR4P4;OR2L2;OR1J1;OR10AD1;OR52M1;OR6T1;OR10V1;OR4K15;OR4K14;OR4K13;OR4C12;OR6C6;OR4C11;OR6C4;OR4C16;OR6C3;OR8G5;OR5A2;OR6C2;OR5A1;OR5AK2;OR6C1;OR4C13;OR8G1;OR9I1;OR13J1;OR2K2;OR1I1;OR10T2;OR6S1;OR52L1;OR5M11;OR5M10;OR7D4;OR7D2;OR6B1;OR2A25;OR8B12;OR51I2;OR14K1;OR4N5;OR2J2;OR4N4;OR10S1;OR4N2;OR5P3;OR51I1;OR52K2;OR52K1;OR9G9;OR4D11;OR10C1;OR2A12;OR2Z1;OR4D10;OR9G4;OR2A14;OR2A1;OR10J1;OR5W2;OR6Y1;OR51Q1;OR4D9;OR5AP2;OR52B2;OR4D6;OR5B17;OR4D5;OR52B6;OR5F1;OR1N1;OR10Z1;OR6X1;OR52R1;OR52A1;OR4A15;OR4C3;OR3A2;OR52A5;OR4A16;OR8K5;OR8K1;OR10H5;OR10H4;OR1M1;OR4S2;OR4S1;OR2AG1;OR2AG2;OR4C45;OR5AN1;OR4C46;OR4B1;OR6F1;OR8J3;OR8J1;OR10G2;OR14A16;OR1L8;OR10G4;OR10G3;OR1L6;OR51M1;OR1L4;OR1L3;OR1L1;OR5T2;OR6V1;OR10X1;OR10G8;OR4A5;OR10G7;OR10G9;OR7G3;OR5C1;OR1C1;OR5K2;OR51D1;OR5K1;OR6M1;OR2T12;OR2T10;OR52W1;OR1S2;OR1S1;OR13D1;OR2D3;OR2D2;OR1B1;OR52E4;OR14C36;OR5J2;OR5AS1;OR52E2;OR2T8;OR2T6;OR2T5;OR2T4;OR2T3;OR2T2;OR13C9;OR13C8;OR4X2;OR5AC2;OR4X1;OR9A4;OR51T1;OR9A2;OR52E8;OR52E6;OR13C3;OR13C2;OR13C5;OR13C4;OR2C3;OR1A2;OR1A1;OR6K6;OR6K3;OR51B2;OR6K2;OR5AR1;OR5I1;OR52D1;OR9Q2;OR9Q1;OR1Q1;OR2S2;OR2AK2;OR51S1;OR51B6;OR4A47;OR51B5;OR51B4;OR4F6;OR2B3;OR5H6;OR10K2;OR4F3;OR5H2;OR5B21;OR5H1;OR51A4;OR2A7;OR51A2;OR13A1;OR51A7;OR2A2;OR7A10;OR52J3;RTP2;OR14J1;OR8U9;OR13H1;OR8U8;OR4M1;OR10R2;OR10AG1;OR8U3;OR6Q1;OR8U1;OR56B1;OR8D4;OR8D2;OR56B4;OR8D1;OR51G2;OR51G1;OR52I2;OR6C70;OR52I1;OR6C76;OR6C75;OR13G1;OR6C74;OR14I1;OR4L1;OR10Q1;OR6P1;OR10A7;OR56A5;OR7A5;OR10A2;OR56A4;OR10A4;OR10A3;OR56A3;OR10A6;OR56A1;OR51F2;OR5M9;OR2G6;OR51F1;OR52H1;OR5M8;OR6C65;OR2G3;OR2G2;OR5M3;OR4K2;OR4K1;OR5M1;OR8S1;OR2T33;OR2W3;OR8B8;OR2W1;OR8B4;OR13F1;OR6C68;OR12D3;OR5AU1;OR1D5;OR2T27;OR1D4;OR5L2;OR6N2;OR5L1;OR6N1;OR4F17;OR51V1;OR2V2;OR2V1;OR8A1,0.47564935064935066
10,300,Olfactory transduction,298/440,0.0,Sensory system,KEGG_2021_Human,0.0,0.0,0.0,20522.12676056338,inf,OR7G1;OR8I2;OR9K2;OR2M7;OR11H4;OR2M5;OR52N1;OR2M4;OR2M3;OR4K17;OR1K1;OR2M2;OR4Q3;OR52N5;OR52N4;OR51L1;OR52N2;OR5D18;OR2AE1;OR11H6;OR2A42;OR5D16;OR8H3;OR5D13;OR8H2;OR2L8;OR11G2;OR1J4;OR2L3;OR1J2;OR4P4;OR2L2;OR1J1;OR10AD1;OR52M1;OR6T1;OR10V1;OR4K15;OR4K14;OR4K13;OR4C12;OR6C6;OR4C11;OR6C4;OR4C16;OR6C3;OR8G5;OR5A2;OR6C2;OR5A1;OR5AK2;OR6C1;OR4C13;OR8G1;OR9I1;OR13J1;OR2K2;OR1I1;OR10T2;OR51J1;OR6S1;OR52L1;OR5M11;OR5M10;OR7D4;OR7D2;OR6B1;OR2A25;OR8B12;OR51I2;OR14K1;OR4N5;OR2J2;OR4N4;OR10S1;OR4N2;OR5P3;OR51I1;OR52K2;OR52K1;OR9G9;OR4D11;OR10C1;OR2A12;OR2Z1;OR4D10;OR9G4;OR2A14;OR9G1;OR2A1;OR10J1;OR10J3;OR5W2;OR6Y1;OR51Q1;OR4D9;OR5AP2;OR52B2;OR4D6;OR5B17;OR4D5;OR52B6;OR5F1;OR1N1;OR10Z1;OR6X1;OR52R1;OR52A1;OR4A15;OR4C3;OR3A2;OR52A5;OR4A16;OR8K5;OR8K1;OR10H5;OR10H4;OR1M1;OR4S2;OR4S1;OR2AG1;OR2AG2;OR4C45;OR5AN1;OR4C46;OR4B1;OR6F1;OR8J3;OR8J1;OR10G2;OR14A16;OR1L8;OR10G4;OR10G3;OR1L6;OR51M1;OR1L4;OR1L3;OR1L1;OR5T2;OR6V1;OR10X1;OR10G8;OR4A5;OR10G7;OR10G9;OR7G3;OR5C1;OR1C1;OR5K2;OR51D1;OR5K1;OR6M1;OR2T12;OR2T10;OR52W1;OR1S2;OR1S1;OR13D1;OR2D3;OR2D2;OR1B1;OR52E4;OR14C36;OR5J2;OR5AS1;OR52E2;OR2T8;OR2T6;OR2T5;OR2T4;OR2T3;OR2T2;OR13C9;OR13C8;OR4X2;OR5AC2;OR4X1;OR9A4;OR51T1;OR9A2;OR52E8;OR52E6;OR13C3;OR13C2;OR13C5;OR13C4;OR2C3;OR1A2;OR1A1;OR6K6;OR6K3;OR51B2;OR6K2;OR5AR1;OR5I1;OR52D1;OR9Q2;OR9Q1;OR1Q1;OR2S2;OR2AK2;OR51S1;OR51B6;OR4A47;OR51B5;OR51B4;OR4F6;OR2B3;OR5H6;OR4F4;OR10K2;OR4F3;OR5H2;OR5B21;OR5H1;OR51A4;OR2A7;OR51A2;OR13A1;OR51A7;OR2A2;OR7A10;OR52J3;OR14J1;OR8U9;OR13H1;OR8U8;OR4M1;OR10R2;OR10AG1;OR8U3;OR6Q1;OR8U1;OR56B1;OR8D4;OR8D2;OR56B4;OR8D1;OR51G2;OR51G1;OR52I2;OR6C70;OR52I1;OR6C76;OR6C75;OR13G1;OR6C74;OR14I1;OR4L1;OR10Q1;OR6P1;OR10A7;OR56A5;OR7A5;OR10A2;OR56A4;OR10A4;OR10A3;OR56A3;OR10A6;OR56A1;OR51F2;OR5M9;OR2G6;OR51F1;OR52H1;OR5M8;OR6C65;OR2G3;OR2G2;OR5M3;OR4K2;OR4K1;OR5M1;OR8S1;OR2T33;OR2W3;OR8B8;OR2W1;OR8B4;OR13F1;OR6C68;OR12D3;OR5AU1;OR1D5;OR2T27;OR1D4;OR2T29;OR5L2;OR6N2;OR5L1;OR6N1;OR4F17;OR51V1;OR2V2;OR2V1;OR8A1,0.6772727272727272
10,300,Detection Of Chemical Stimulus Involved In Sensory Perception Of Smell (GO:0050911),89/139,2.041729856642161e-130,response to stimulus,GO_Biological_Process_2023,2.91675693806023e-131,0.0,0.0,165.76777251184834,49824.51682799674,OR10J1;OR2A1;OR10J3;OR2M7;OR13H1;OR2M5;OR2M4;OR2M3;OR2M2;OR10AG1;OR10R2;OR2T12;OR6Q1;OR2T10;OR2AE1;OR6Y1;OR2A42;OR13D1;OR2D3;OR2D2;OR2L8;OR13G1;OR2L3;OR2L2;OR6P1;OR2T8;OR10AD1;OR2T6;OR2T5;OR2T4;OR10Z1;OR2T3;OR10A7;OR13C9;OR2T2;OR13C8;OR10A2;OR13C3;OR10A4;OR13C2;OR10A3;OR13C5;OR10A6;OR13C4;OR2C3;OR6K6;OR2G6;OR6K3;OR2G3;OR13J1;OR6K2;OR2G2;OR10H5;OR10H4;OR10T2;OR2K2;OR2T33;OR2S2;OR2AK2;OR2W3;OR2AG1;OR2W1;OR2AG2;OR13F1;OR12D3;OR6B1;OR2A25;OR2B3;OR10K2;OR2T27;OR10G2;OR10G4;OR2T29;OR10G3;OR1L6;OR2J2;OR6N2;OR10S1;OR6N1;OR2V2;OR2V1;OR10C1;OR2A12;OR2Z1;OR10G8;OR10G7;OR10G9;OR2A14;OR2A2,0.6402877697841727
10,300,Detection Of Chemical Stimulus Involved In Sensory Perception (GO:0050907),90/141,1.3832849838586992e-131,response to stimulus,GO_Biological_Process_2023,1.3174142703416184e-132,0.0,0.0,165.11764705882354,50140.54298222312,OR10J1;OR2A1;OR10J3;OR2M7;OR13H1;OR2M5;OR2M4;OR2M3;OR2M2;OR10AG1;OR10R2;OR2T12;OR6Q1;OR2T10;OR2AE1;OR6Y1;OR2A42;OR13D1;OR2D3;OR2D2;OR2L8;OR13G1;OR2L3;OR2L2;OR6P1;OR2T8;OR10AD1;OR2T6;OR2T5;OR2T4;OR10Z1;OR2T3;OR10A7;OR13C9;OR2T2;OR13C8;OR10A2;OR13C3;OR10A4;OR13C2;OR10A3;OR13C5;OR10A6;OR13C4;OR2C3;OR6K6;OR2G6;OR6K3;OR2G3;OR13J1;OR6K2;OR2G2;OR10H5;OR10H4;OR10T2;OR2K2;OR2T33;OR2S2;OR2AK2;OR2W3;OR2AG1;OR2W1;OR2AG2;OR13F1;OR5AN1;OR12D3;OR6B1;OR2A25;OR2B3;OR10K2;OR2T27;OR10G2;OR10G4;OR2T29;OR10G3;OR1L6;OR2J2;OR6N2;OR10S1;OR6N1;OR2V2;OR2V1;OR10C1;OR2A12;OR2Z1;OR10G8;OR10G7;OR10G9;OR2A14;OR2A2,0.6382978723404256
10,300,Sensory Perception Of Smell (GO:0007608),149/230,3.0208737300862194e-227,multicellular organismal process,GO_Biological_Process_2023,1.4385113000410568e-228,0.0,0.0,239.00179870820048,125386.50804264712,OR8I2;OR1C1;OR2M7;OR2M5;OR2M4;OR2M3;OR2M2;OR2T12;OR2T10;OR5D18;OR2AE1;OR2A42;OR13D1;OR5D16;OR5D13;OR8H3;OR8H2;OR2D3;OR2D2;OR2L8;OR2L3;OR2L2;OR2T8;OR10AD1;OR2T6;OR2T5;OR2T4;OR2T3;OR13C9;OR2T2;OR13C8;OR5AC2;OR6C3;OR8G5;OR13C3;OR5AK2;OR6C2;OR13C2;OR13C5;OR13C4;OR8G1;OR2C3;OR9I1;OR6K6;OR6K3;OR13J1;OR5I1;OR6K2;OR52D1;OR9Q2;OR10T2;OR2K2;OR9Q1;OR51J1;OR5M11;OR5M10;OR1Q1;OR2S2;OR2AK2;OR51B6;OR51B5;OR51B4;OR6B1;OR2A25;OR2B3;OR10K2;OR8B12;OR51I2;OR5B21;OR2J2;OR10S1;OR51I1;OR10C1;OR2A12;OR2Z1;OR9G4;OR2A14;OR2A2;OR10J1;OR2A1;OR10J3;OR8U9;OR13H1;OR8U8;OR10AG1;OR10R2;OR6Q1;OR8U3;OR8U1;OR6Y1;OR5AP2;OR8D4;OR8D2;OR5B17;OR8D1;OR5F1;OR13G1;OR6P1;OR10Z1;OR10A7;OR7A5;OR10A2;OR52A1;OR10A4;OR10A3;OR10A6;OR52A5;OR8K5;OR2G6;OR5M9;OR5M8;OR8K1;OR2G3;OR2G2;OR10H5;OR10H4;OR5M3;OR5M1;OR2T33;OR2W3;OR8B8;OR2AG1;OR2W1;OR2AG2;OR8B4;OR13F1;OR12D3;OR1D5;OR2T27;OR8J3;OR8J1;OR10G2;OR10G4;OR2T29;OR10G3;OR1L6;OR5L2;OR51M1;OR5L1;OR6N2;OR6N1;OR5T2;OR51V1;OR2V2;OR2V1;OR10G8;OR8A1;OR10G7;OR10G9,0.6478260869565218
10,300,Olfactory Receptor Activity (GO:0004984),250/362,0.0,molecular transducer activity,GO_Molecular_Function_2023,0.0,0.0,0.0,874.4642857142857,inf,OR7G1;OR8I2;OR9K2;OR2M7;OR2M5;OR52N1;OR2M4;OR2M3;OR2M2;OR52N5;OR52N4;OR51L1;OR52N2;OR5D18;OR2AE1;OR2A42;OR5D16;OR8H3;OR5D13;OR8H2;OR2L8;OR1J4;OR2L3;OR1J2;OR2L2;OR1J1;OR10AD1;OR52M1;OR6T1;OR10V1;OR6C6;OR6C4;OR6C3;OR8G5;OR5A2;OR6C2;OR5A1;OR5AK2;OR6C1;OR8G1;OR9I1;OR13J1;OR2K2;OR1I1;OR10T2;OR51J1;OR6S1;OR52L1;OR5M11;OR5M10;OR7D4;OR7D2;OR6B1;OR2A25;OR8B12;OR51I2;OR14K1;OR2J2;OR10S1;OR5P3;OR51I1;OR52K2;OR52K1;OR10C1;OR2A12;OR2Z1;OR9G4;OR2A14;OR2A1;OR10J1;OR10J3;OR5W2;OR6Y1;OR51Q1;OR5AP2;OR52B2;OR5B17;OR52B6;OR5F1;OR1N1;OR10Z1;OR6X1;OR52R1;OR52A1;OR3A2;OR52A5;OR8K5;OR8K1;OR10H5;OR10H4;OR1M1;OR2AG1;OR2AG2;OR5AN1;OR6F1;OR8J3;OR8J1;OR10G2;OR14A16;OR1L8;OR10G4;OR10G3;OR1L6;OR51M1;OR1L4;OR1L3;OR1L1;OR5T2;OR6V1;OR10G8;OR10G7;OR10G9;OR7G3;OR5C1;OR1C1;OR5K2;OR51D1;OR5K1;OR6M1;OR2T12;OR2T10;OR52W1;OR1S2;OR1S1;OR13D1;OR2D3;OR2D2;OR1B1;OR52E4;OR14C36;OR5J2;OR5AS1;OR52E2;OR2T8;OR2T6;OR2T5;OR2T4;OR2T3;OR2T2;OR13C9;OR13C8;OR5AC2;OR51T1;OR52E8;OR52E6;OR13C3;OR13C2;OR13C5;OR13C4;OR2C3;OR1A2;OR1A1;OR6K6;OR6K3;OR51B2;OR6K2;OR5AR1;OR5I1;OR52D1;OR9Q2;OR9Q1;OR1Q1;OR2S2;OR2AK2;OR51S1;OR51B6;OR51B5;OR51B4;OR2B3;OR5H6;OR10K2;OR5H2;OR5B21;OR5H1;OR51A4;OR51A2;OR13A1;OR51A7;OR2A2;OR7A10;OR52J3;OR51H1;OR14J1;OR8U9;OR13H1;OR8U8;OR4M1;OR10R2;OR10AG1;OR8U3;OR6Q1;OR8U1;OR56B1;OR8D4;OR8D2;OR56B4;OR8D1;OR51G2;OR51G1;OR52I2;OR6C70;OR6C76;OR6C75;OR13G1;OR6C74;OR14I1;OR10Q1;OR6P1;OR10A7;OR56A5;OR7A5;OR10A2;OR56A4;OR10A4;OR10A3;OR56A3;OR10A6;OR56A1;OR51F2;OR5M9;OR2G6;OR51F1;OR52H1;OR5M8;OR6C65;OR2G3;OR2G2;OR5M3;OR5M1;OR8S1;OR2T33;OR2W3;OR8B8;OR2W1;OR8B4;OR13F1;OR6C68;OR12D3;OR5AU1;OR1D5;OR2T27;OR2T29;OR5L2;OR6N2;OR5L1;OR6N1;OR51V1;OR2V2;OR2V1;OR8A1,0.6906077348066298
10,300,Olfactory Signaling Pathway R-HSA-381753,293/401,0.0,Sensory Perception,Reactome_2022,0.0,0.0,0.0,7593.195767195767,inf,OR7G1;OR8I2;OR9K2;OR2M7;OR11H4;OR2M5;OR52N1;OR2M4;OR2M3;OR4K17;OR1K1;OR2M2;OR4Q3;OR52N5;OR52N4;OR51L1;OR52N2;OR5D18;OR2AE1;OR11H6;OR5D16;OR8H3;OR5D13;OR8H2;OR2L8;OR11G2;OR1J4;OR2L3;OR1J2;OR4P4;OR2L2;OR1J1;OR10AD1;OR52M1;OR6T1;OR10V1;OR4K15;OR4K14;OR4K13;OR4C12;OR6C6;OR4C11;OR6C4;OR4C16;OR6C3;OR8G5;OR5A2;OR6C2;OR5A1;OR5AK2;OR6C1;OR4C13;OR8G1;OR9I1;OR13J1;OR2K2;OR1I1;OR10T2;OR6S1;OR52L1;OR5M11;OR5M10;OR7D4;OR7D2;OR6B1;OR2A25;OR8B12;OR51I2;OR14K1;OR4N5;OR2J2;OR4N4;OR10S1;OR4N2;OR5P3;OR51I1;OR52K2;OR52K1;OR9G9;OR4D11;OR10C1;OR2A12;OR2Z1;OR4D10;OR9G4;OR2A14;OR2A1;OR10J1;OR5W2;OR6Y1;OR51Q1;OR4D9;OR5AP2;OR52B2;OR4D6;OR5B17;OR4D5;OR52B6;OR5F1;OR1N1;OR10Z1;OR6X1;OR52R1;OR52A1;OR4A15;OR4C3;OR3A2;OR52A5;OR4A16;OR8K5;OR8K1;OR10H5;OR10H4;OR1M1;OR4S2;OR4S1;OR2AG1;OR2AG2;OR4C45;OR5AN1;OR4C46;OR4B1;OR6F1;OR8J3;OR8J1;OR10G2;OR14A16;OR1L8;OR10G4;OR10G3;OR1L6;OR51M1;OR1L4;OR1L3;OR1L1;OR5T2;OR6V1;OR10X1;OR10G8;OR4A5;OR10G7;OR10G9;OR7G3;OR5C1;OR1C1;OR5K2;OR51D1;OR5K1;OR6M1;OR2T12;OR2T10;OR52W1;OR1S2;OR1S1;OR13D1;OR2D3;OR2D2;OR1B1;OR52E4;OR14C36;OR5J2;OR5AS1;OR52E2;OR2T8;OR2T6;OR2T5;OR2T4;OR2T3;OR2T2;OR13C9;OR13C8;OR4X2;OR5AC2;OR4X1;OR9A4;OR51T1;OR9A2;OR52E8;OR52E6;OR13C3;OR13C2;OR13C5;OR13C4;OR2C3;OR1A2;OR1A1;OR6K6;OR6K3;OR51B2;OR6K2;OR5AR1;OR5I1;OR52D1;OR9Q2;OR9Q1;OR1Q1;OR2S2;OR2AK2;OR51S1;OR51B6;OR4A47;OR51B5;OR51B4;OR4F6;OR2B3;OR5H6;OR10K2;OR4F3;OR5H2;OR5B21;OR5H1;OR51A4;OR2A7;OR51A2;OR13A1;OR51A7;OR2A2;OR7A10;OR52J3;RTP2;OR14J1;OR8U9;OR13H1;OR8U8;OR4M1;OR10R2;OR10AG1;OR8U3;OR6Q1;OR8U1;OR56B1;OR8D4;OR8D2;OR56B4;OR8D1;OR51G2;OR51G1;OR52I2;OR6C70;OR52I1;OR6C76;OR6C75;OR13G1;OR6C74;OR14I1;OR4L1;OR10Q1;OR6P1;OR10A7;OR56A5;OR7A5;OR10A2;OR56A4;OR10A4;OR10A3;OR56A3;OR10A6;OR56A1;OR51F2;OR5M9;OR2G6;OR51F1;OR52H1;OR5M8;OR6C65;OR2G3;OR2G2;OR5M3;OR4K2;OR4K1;OR5M1;OR8S1;OR2T33;OR2W3;OR8B8;OR2W1;OR8B4;OR13F1;OR6C68;OR12D3;OR5AU1;OR1D5;OR2T27;OR1D4;OR5L2;OR6N2;OR5L1;OR6N1;OR4F17;OR51V1;OR2V2;OR2V1;OR8A1,0.7306733167082294
10,300,Sensory Perception Of Chemical Stimulus (GO:0007606),67/110,5.372131089793618e-95,multicellular organismal process,GO_Biological_Process_2023,1.023263064722594e-95,0.0,0.0,131.45214093222876,28751.55236165329,OR10J1;OR8I2;OR1C1;OR8U9;OR8U8;OR2M4;OR8U3;OR8U1;OR5D18;OR5AP2;OR8D4;OR5D16;OR8D2;OR5B17;OR8D1;OR5D13;OR8H3;OR8H2;OR2D2;OR5F1;OR5AC2;OR7A5;OR52A1;OR6C3;OR8G5;OR5AK2;OR6C2;OR10A3;OR3A2;OR52A5;OR8G1;OR8K5;OR9I1;OR5M9;OR5M8;OR8K1;OR5I1;OR52D1;OR5M3;OR9Q2;OR9Q1;OR5M1;OR51J1;OR5M11;OR1Q1;OR2S2;OR5M10;OR8B8;OR51B6;OR8B4;OR51B5;OR5AN1;OR51B4;OR1D5;OR8J3;OR8B12;OR51I2;OR8J1;OR5B21;OR5L2;OR51M1;OR5L1;OR51I1;OR5T2;OR51V1;OR8A1;OR9G4,0.6090909090909091
10,300,Expression And Translocation Of Olfactory Receptors R-HSA-9752946,293/393,0.0,Sensory Perception,Reactome_2022,0.0,0.0,0.0,8204.0,inf,OR7G1;OR8I2;OR9K2;OR2M7;OR11H4;OR2M5;OR52N1;OR2M4;OR2M3;OR4K17;OR1K1;OR2M2;OR4Q3;OR52N5;OR52N4;OR51L1;OR52N2;OR5D18;OR2AE1;OR11H6;OR5D16;OR8H3;OR5D13;OR8H2;OR2L8;OR11G2;OR1J4;OR2L3;OR1J2;OR4P4;OR2L2;OR1J1;OR10AD1;OR52M1;OR6T1;OR10V1;OR4K15;OR4K14;OR4K13;OR4C12;OR6C6;OR4C11;OR6C4;OR4C16;OR6C3;OR8G5;OR5A2;OR6C2;OR5A1;OR5AK2;OR6C1;OR4C13;OR8G1;OR9I1;OR13J1;OR2K2;OR1I1;OR10T2;OR6S1;OR52L1;OR5M11;OR5M10;OR7D4;OR7D2;OR6B1;OR2A25;OR8B12;OR51I2;OR14K1;OR4N5;OR2J2;OR4N4;OR10S1;OR4N2;OR5P3;OR51I1;OR52K2;OR52K1;OR9G9;OR4D11;OR10C1;OR2A12;OR2Z1;OR4D10;OR9G4;OR2A14;OR2A1;OR10J1;OR5W2;OR6Y1;OR51Q1;OR4D9;OR5AP2;OR52B2;OR4D6;OR5B17;OR4D5;OR52B6;OR5F1;OR1N1;OR10Z1;OR6X1;OR52R1;OR52A1;OR4A15;OR4C3;OR3A2;OR52A5;OR4A16;OR8K5;OR8K1;OR10H5;OR10H4;OR1M1;OR4S2;OR4S1;OR2AG1;OR2AG2;OR4C45;OR5AN1;OR4C46;OR4B1;OR6F1;OR8J3;OR8J1;OR10G2;OR14A16;OR1L8;OR10G4;OR10G3;OR1L6;OR51M1;OR1L4;OR1L3;OR1L1;OR5T2;OR6V1;OR10X1;OR10G8;OR4A5;OR10G7;OR10G9;OR7G3;OR5C1;OR1C1;OR5K2;OR51D1;OR5K1;OR6M1;OR2T12;OR2T10;OR52W1;OR1S2;OR1S1;OR13D1;OR2D3;OR2D2;OR1B1;OR52E4;OR14C36;OR5J2;OR5AS1;OR52E2;OR2T8;OR2T6;OR2T5;OR2T4;OR2T3;OR2T2;OR13C9;OR13C8;OR4X2;OR5AC2;OR4X1;OR9A4;OR51T1;OR9A2;OR52E8;OR52E6;OR13C3;OR13C2;OR13C5;OR13C4;OR2C3;OR1A2;OR1A1;OR6K6;OR6K3;OR51B2;OR6K2;OR5AR1;OR5I1;OR52D1;OR9Q2;OR9Q1;OR1Q1;OR2S2;OR2AK2;OR51S1;OR51B6;OR4A47;OR51B5;OR51B4;OR4F6;OR2B3;OR5H6;OR10K2;OR4F3;OR5H2;OR5B21;OR5H1;OR51A4;OR2A7;OR51A2;OR13A1;OR51A7;OR2A2;OR7A10;OR52J3;RTP2;OR14J1;OR8U9;OR13H1;OR8U8;OR4M1;OR10R2;OR10AG1;OR8U3;OR6Q1;OR8U1;OR56B1;OR8D4;OR8D2;OR56B4;OR8D1;OR51G2;OR51G1;OR52I2;OR6C70;OR52I1;OR6C76;OR6C75;OR13G1;OR6C74;OR14I1;OR4L1;OR10Q1;OR6P1;OR10A7;OR56A5;OR7A5;OR10A2;OR56A4;OR10A4;OR10A3;OR56A3;OR10A6;OR56A1;OR51F2;OR5M9;OR2G6;OR51F1;OR52H1;OR5M8;OR6C65;OR2G3;OR2G2;OR5M3;OR4K2;OR4K1;OR5M1;OR8S1;OR2T33;OR2W3;OR8B8;OR2W1;OR8B4;OR13F1;OR6C68;OR12D3;OR5AU1;OR1D5;OR2T27;OR1D4;OR5L2;OR6N2;OR5L1;OR6N1;OR4F17;OR51V1;OR2V2;OR2V1;OR8A1,0.7455470737913485
